mtllib material.mtl
usemtl Material-7011油漆.006
v 0.00000000 -0.02158900 0.05984800
v 0.00000000 -0.02193600 0.05978600
v 0.00000000 -0.02224900 0.05960000
v 0.00000000 -0.02247300 0.05931600
v 0.00000000 -0.02257900 0.05899400
v 0.00000000 -0.02256800 0.05864200
v 0.00000000 -0.02243000 0.05830600
v 0.00000000 -0.02218200 0.05804200
v 0.00000000 -0.02187800 0.05789100
v 0.00233000 -0.02193600 0.05974100
v 0.00232300 -0.02224900 0.05955500
v 0.00231200 -0.02247300 0.05927100
v 0.00229900 -0.02257900 0.05894900
v 0.00228500 -0.02256800 0.05859800
v 0.00227200 -0.02243000 0.05826200
v 0.00226200 -0.02218200 0.05799800
v 0.00465600 -0.02193600 0.05960500
v 0.00464200 -0.02224900 0.05941900
v 0.00462000 -0.02247300 0.05913600
v 0.00459500 -0.02257900 0.05881500
v 0.00456700 -0.02256800 0.05846400
v 0.00454100 -0.02243000 0.05812900
v 0.00452100 -0.02218200 0.05786600
v 0.00688100 -0.02193600 0.05938900
v 0.00686000 -0.02224900 0.05920400
v 0.00682700 -0.02247300 0.05892200
v 0.00679000 -0.02257900 0.05860200
v 0.00674900 -0.02256800 0.05825300
v 0.00671100 -0.02243000 0.05791800
v 0.00668000 -0.02218200 0.05765700
v 0.00902800 -0.02193600 0.05910100
v 0.00900000 -0.02224900 0.05891700
v 0.00895700 -0.02247300 0.05863600
v 0.00890900 -0.02257900 0.05831800
v 0.00885600 -0.02256800 0.05797000
v 0.00880500 -0.02243000 0.05763700
v 0.00876500 -0.02218200 0.05737700
v 0.01116400 -0.02193600 0.05873500
v 0.01112900 -0.02224900 0.05855200
v 0.01107600 -0.02247300 0.05827300
v 0.01101600 -0.02257900 0.05795700
v 0.01095000 -0.02256800 0.05761100
v 0.01088700 -0.02243000 0.05728000
v 0.01083800 -0.02218200 0.05702200
v 0.01328500 -0.02193600 0.05829200
v 0.01324300 -0.02224900 0.05811000
v 0.01318000 -0.02247300 0.05783400
v 0.01310900 -0.02257900 0.05751900
v 0.01303000 -0.02256800 0.05717600
v 0.01295600 -0.02243000 0.05684800
v 0.01289700 -0.02218200 0.05659100
v 0.01538800 -0.02193600 0.05777200
v 0.01534000 -0.02224900 0.05759200
v 0.01526700 -0.02247300 0.05731800
v 0.01518400 -0.02257900 0.05700700
v 0.01509400 -0.02256800 0.05666700
v 0.01500700 -0.02243000 0.05634100
v 0.01493900 -0.02218200 0.05608700
v 0.01747100 -0.02193600 0.05717700
v 0.01741700 -0.02224900 0.05699900
v 0.01733400 -0.02247300 0.05672700
v 0.01724000 -0.02257900 0.05641900
v 0.01713700 -0.02256800 0.05608300
v 0.01703900 -0.02243000 0.05576100
v 0.01696200 -0.02218200 0.05550900
v 0.01953100 -0.02193600 0.05650600
v 0.01947100 -0.02224900 0.05633000
v 0.01937800 -0.02247300 0.05606200
v 0.01927300 -0.02257900 0.05575700
v 0.01915800 -0.02256800 0.05542500
v 0.01904800 -0.02243000 0.05510700
v 0.01896200 -0.02218200 0.05485800
v 0.02156600 -0.02193600 0.05576100
v 0.02149900 -0.02224900 0.05558800
v 0.02139700 -0.02247300 0.05532300
v 0.02128000 -0.02257900 0.05502200
v 0.02115300 -0.02256800 0.05469400
v 0.02103200 -0.02243000 0.05438000
v 0.02093700 -0.02218200 0.05413500
v 0.02357200 -0.02193600 0.05494300
v 0.02349900 -0.02224900 0.05477200
v 0.02338700 -0.02247300 0.05451100
v 0.02326000 -0.02257900 0.05421500
v 0.02312100 -0.02256800 0.05389200
v 0.02298900 -0.02243000 0.05358300
v 0.02288500 -0.02218200 0.05334100
v 0.02554800 -0.02193600 0.05405300
v 0.02546800 -0.02224900 0.05388500
v 0.02534700 -0.02247300 0.05362800
v 0.02520900 -0.02257900 0.05333700
v 0.02505900 -0.02256800 0.05301900
v 0.02491500 -0.02243000 0.05271400
v 0.02480200 -0.02218200 0.05247600
v 0.02748900 -0.02193600 0.05309200
v 0.02740400 -0.02224900 0.05292700
v 0.02727300 -0.02247300 0.05267500
v 0.02712500 -0.02257900 0.05238800
v 0.02696300 -0.02256800 0.05207600
v 0.02680900 -0.02243000 0.05177700
v 0.02668800 -0.02218200 0.05154300
v 0.02935700 -0.02193600 0.05208300
v 0.02926500 -0.02224900 0.05192000
v 0.02912600 -0.02247300 0.05167300
v 0.02896800 -0.02257900 0.05139300
v 0.02879500 -0.02256800 0.05108600
v 0.02863000 -0.02243000 0.05079300
v 0.02850000 -0.02218200 0.05056300
v 0.03117400 -0.02193600 0.05101600
v 0.03107700 -0.02224900 0.05085700
v 0.03092900 -0.02247300 0.05061500
v 0.03076100 -0.02257900 0.05034000
v 0.03057700 -0.02256800 0.05004000
v 0.03040200 -0.02243000 0.04975200
v 0.03026500 -0.02218200 0.04952800
v 0.03295200 -0.02193600 0.04988500
v 0.03285000 -0.02224900 0.04973000
v 0.03269300 -0.02247300 0.04949300
v 0.03251600 -0.02257900 0.04922400
v 0.03232200 -0.02256800 0.04893100
v 0.03213600 -0.02243000 0.04865000
v 0.03199100 -0.02218200 0.04843000
v 0.03469000 -0.02193600 0.04869300
v 0.03458200 -0.02224900 0.04854100
v 0.03441700 -0.02247300 0.04831000
v 0.03423100 -0.02257900 0.04804800
v 0.03402600 -0.02256800 0.04776100
v 0.03383100 -0.02243000 0.04748700
v 0.03367800 -0.02218200 0.04727300
v 0.03638500 -0.02193600 0.04744000
v 0.03627100 -0.02224900 0.04729200
v 0.03609900 -0.02247300 0.04706700
v 0.03590300 -0.02257900 0.04681100
v 0.03568900 -0.02256800 0.04653200
v 0.03548400 -0.02243000 0.04626500
v 0.03532300 -0.02218200 0.04605600
v 0.03803400 -0.02193600 0.04612800
v 0.03791600 -0.02224900 0.04598500
v 0.03773500 -0.02247300 0.04576600
v 0.03753000 -0.02257900 0.04551700
v 0.03730600 -0.02256800 0.04524600
v 0.03709200 -0.02243000 0.04498600
v 0.03692500 -0.02218200 0.04478300
v 0.03963600 -0.02193600 0.04475900
v 0.03951300 -0.02224900 0.04462000
v 0.03932500 -0.02247300 0.04440700
v 0.03911100 -0.02257900 0.04416600
v 0.03887800 -0.02256800 0.04390300
v 0.03865500 -0.02243000 0.04365100
v 0.03848000 -0.02218200 0.04345400
v 0.04118900 -0.02193600 0.04333400
v 0.04106100 -0.02224900 0.04319900
v 0.04086500 -0.02247300 0.04299400
v 0.04064300 -0.02257900 0.04276000
v 0.04040100 -0.02256800 0.04250500
v 0.04016900 -0.02243000 0.04226100
v 0.03998800 -0.02218200 0.04207000
v 0.04269100 -0.02193600 0.04185600
v 0.04255800 -0.02224900 0.04172600
v 0.04235500 -0.02247300 0.04152700
v 0.04212500 -0.02257900 0.04130100
v 0.04187400 -0.02256800 0.04105500
v 0.04163400 -0.02243000 0.04081900
v 0.04144500 -0.02218200 0.04063500
v 0.04413900 -0.02193600 0.04032500
v 0.04400200 -0.02224900 0.04020000
v 0.04379200 -0.02247300 0.04000800
v 0.04355500 -0.02257900 0.03979100
v 0.04329500 -0.02256800 0.03955400
v 0.04304600 -0.02243000 0.03932700
v 0.04285200 -0.02218200 0.03914900
v 0.04553300 -0.02193600 0.03874500
v 0.04539100 -0.02224900 0.03862400
v 0.04517500 -0.02247300 0.03844000
v 0.04493000 -0.02257900 0.03823100
v 0.04466200 -0.02256800 0.03800300
v 0.04440600 -0.02243000 0.03778500
v 0.04420500 -0.02218200 0.03761400
v 0.04687000 -0.02193600 0.03711600
v 0.04672400 -0.02224900 0.03700000
v 0.04650200 -0.02247300 0.03682400
v 0.04624900 -0.02257900 0.03662400
v 0.04597400 -0.02256800 0.03640600
v 0.04571000 -0.02243000 0.03619700
v 0.04550300 -0.02218200 0.03603300
v 0.04814900 -0.02193600 0.03544100
v 0.04799900 -0.02224900 0.03533000
v 0.04777100 -0.02247300 0.03516200
v 0.04751100 -0.02257900 0.03497100
v 0.04722800 -0.02256800 0.03476300
v 0.04695700 -0.02243000 0.03456300
v 0.04674500 -0.02218200 0.03440700
v 0.04936800 -0.02193600 0.03372200
v 0.04921500 -0.02224900 0.03361700
v 0.04898000 -0.02247300 0.03345700
v 0.04871400 -0.02257900 0.03327500
v 0.04842400 -0.02256800 0.03307700
v 0.04814600 -0.02243000 0.03288700
v 0.04792800 -0.02218200 0.03273800
v 0.05052600 -0.02193600 0.03196100
v 0.05036900 -0.02224900 0.03186100
v 0.05012900 -0.02247300 0.03171000
v 0.04985700 -0.02257900 0.03153700
v 0.04956000 -0.02256800 0.03134900
v 0.04927500 -0.02243000 0.03116900
v 0.04905200 -0.02218200 0.03102900
v 0.05162100 -0.02193600 0.03016000
v 0.05146100 -0.02224900 0.03006600
v 0.05121600 -0.02247300 0.02992300
v 0.05093700 -0.02257900 0.02976100
v 0.05063400 -0.02256800 0.02958300
v 0.05034300 -0.02243000 0.02941300
v 0.05011600 -0.02218200 0.02928100
v 0.05265200 -0.02193600 0.02832200
v 0.05248800 -0.02224900 0.02823400
v 0.05223800 -0.02247300 0.02810000
v 0.05195500 -0.02257900 0.02794700
v 0.05164500 -0.02256800 0.02778000
v 0.05134800 -0.02243000 0.02762100
v 0.05111600 -0.02218200 0.02749600
v 0.05361800 -0.02193600 0.02644900
v 0.05345100 -0.02224900 0.02636700
v 0.05319600 -0.02247300 0.02624100
v 0.05290700 -0.02257900 0.02609900
v 0.05259200 -0.02256800 0.02594300
v 0.05229000 -0.02243000 0.02579400
v 0.05205400 -0.02218200 0.02567700
v 0.05451700 -0.02193600 0.02454300
v 0.05434700 -0.02224900 0.02446600
v 0.05408800 -0.02247300 0.02435000
v 0.05379400 -0.02257900 0.02421800
v 0.05347300 -0.02256800 0.02407300
v 0.05316700 -0.02243000 0.02393500
v 0.05292600 -0.02218200 0.02382700
v 0.05534800 -0.02193600 0.02260600
v 0.05517500 -0.02224900 0.02253600
v 0.05491300 -0.02247300 0.02242900
v 0.05461400 -0.02257900 0.02230700
v 0.05428900 -0.02256800 0.02217400
v 0.05397700 -0.02243000 0.02204600
v 0.05373300 -0.02218200 0.02194700
v 0.05611000 -0.02193600 0.02064200
v 0.05593500 -0.02224900 0.02057700
v 0.05566900 -0.02247300 0.02047900
v 0.05536700 -0.02257900 0.02036800
v 0.05503600 -0.02256800 0.02024700
v 0.05472100 -0.02243000 0.02013000
v 0.05447300 -0.02218200 0.02003900
v 0.05680300 -0.02193600 0.01865100
v 0.05662600 -0.02224900 0.01859300
v 0.05635600 -0.02247300 0.01850500
v 0.05605000 -0.02257900 0.01840400
v 0.05571600 -0.02256800 0.01829400
v 0.05539600 -0.02243000 0.01818900
v 0.05514600 -0.02218200 0.01810700
v 0.05742500 -0.02193600 0.01663800
v 0.05724600 -0.02224900 0.01658600
v 0.05697300 -0.02247300 0.01650700
v 0.05666400 -0.02257900 0.01641700
v 0.05632600 -0.02256800 0.01631900
v 0.05600300 -0.02243000 0.01622600
v 0.05575000 -0.02218200 0.01615200
v 0.05797500 -0.02193600 0.01460300
v 0.05779500 -0.02224900 0.01455800
v 0.05752000 -0.02247300 0.01448900
v 0.05720700 -0.02257900 0.01441000
v 0.05686600 -0.02256800 0.01432400
v 0.05654000 -0.02243000 0.01424200
v 0.05628400 -0.02218200 0.01417700
v 0.05845400 -0.02193600 0.01255100
v 0.05827200 -0.02224900 0.01251200
v 0.05799500 -0.02247300 0.01245200
v 0.05768000 -0.02257900 0.01238500
v 0.05733600 -0.02256800 0.01231100
v 0.05700700 -0.02243000 0.01224000
v 0.05674900 -0.02218200 0.01218500
v 0.05887900 -0.02193600 0.01037900
v 0.05869500 -0.02224900 0.01034600
v 0.05841600 -0.02247300 0.01029700
v 0.05809800 -0.02257900 0.01024100
v 0.05775200 -0.02256800 0.01018000
v 0.05742100 -0.02243000 0.01012200
v 0.05716100 -0.02218200 0.01007600
v 0.05922500 -0.02193600 0.00817400
v 0.05904100 -0.02224900 0.00814800
v 0.05875900 -0.02247300 0.00811000
v 0.05844000 -0.02257900 0.00806600
v 0.05809200 -0.02256800 0.00801800
v 0.05775800 -0.02243000 0.00797100
v 0.05749700 -0.02218200 0.00793500
v 0.05949000 -0.02193600 0.00594500
v 0.05930500 -0.02224900 0.00592700
v 0.05902200 -0.02247300 0.00589800
v 0.05870200 -0.02257900 0.00586600
v 0.05835200 -0.02256800 0.00583100
v 0.05801700 -0.02243000 0.00579800
v 0.05775500 -0.02218200 0.00577200
v 0.05967100 -0.02193600 0.00371200
v 0.05948500 -0.02224900 0.00370100
v 0.05920200 -0.02247300 0.00368300
v 0.05888000 -0.02257900 0.00366300
v 0.05852900 -0.02256800 0.00364100
v 0.05819300 -0.02243000 0.00362000
v 0.05793000 -0.02218200 0.00360400
v 0.05976900 -0.02193600 0.00144300
v 0.05958300 -0.02224900 0.00143900
v 0.05929900 -0.02247300 0.00143200
v 0.05897700 -0.02257900 0.00142400
v 0.05862500 -0.02256800 0.00141600
v 0.05828900 -0.02243000 0.00140800
v 0.05802500 -0.02218200 0.00140100
v 0.05978600 -0.02193600 -0.00000000
v 0.05960000 -0.02224900 -0.00000000
v 0.05931600 -0.02247300 -0.00000000
v 0.05899400 -0.02257900 -0.00000000
v 0.05864200 -0.02256800 -0.00000000
v 0.05830600 -0.02243000 -0.00000000
v 0.05804200 -0.02218200 -0.00000000
v 0.05974100 -0.02193600 -0.00233000
v 0.05955500 -0.02224900 -0.00232300
v 0.05927100 -0.02247300 -0.00231200
v 0.05894900 -0.02257900 -0.00229900
v 0.05859800 -0.02256800 -0.00228500
v 0.05826200 -0.02243000 -0.00227200
v 0.05799800 -0.02218200 -0.00226200
v 0.05960500 -0.02193600 -0.00465600
v 0.05941900 -0.02224900 -0.00464200
v 0.05913600 -0.02247300 -0.00462000
v 0.05881500 -0.02257900 -0.00459500
v 0.05846400 -0.02256800 -0.00456700
v 0.05812900 -0.02243000 -0.00454100
v 0.05786600 -0.02218200 -0.00452100
v 0.05938900 -0.02193600 -0.00688100
v 0.05920400 -0.02224900 -0.00686000
v 0.05892200 -0.02247300 -0.00682700
v 0.05860200 -0.02257900 -0.00679000
v 0.05825300 -0.02256800 -0.00674900
v 0.05791800 -0.02243000 -0.00671100
v 0.05765700 -0.02218200 -0.00668000
v 0.05910100 -0.02193600 -0.00902800
v 0.05891700 -0.02224900 -0.00900000
v 0.05863600 -0.02247300 -0.00895700
v 0.05831800 -0.02257900 -0.00890900
v 0.05797000 -0.02256800 -0.00885600
v 0.05763700 -0.02243000 -0.00880500
v 0.05737700 -0.02218200 -0.00876500
v 0.05873500 -0.02193600 -0.01116400
v 0.05855200 -0.02224900 -0.01112900
v 0.05827300 -0.02247300 -0.01107600
v 0.05795700 -0.02257900 -0.01101600
v 0.05761100 -0.02256800 -0.01095000
v 0.05728000 -0.02243000 -0.01088700
v 0.05702200 -0.02218200 -0.01083800
v 0.05829200 -0.02193600 -0.01328500
v 0.05811000 -0.02224900 -0.01324300
v 0.05783400 -0.02247300 -0.01318000
v 0.05751900 -0.02257900 -0.01310900
v 0.05717600 -0.02256800 -0.01303000
v 0.05684800 -0.02243000 -0.01295600
v 0.05659100 -0.02218200 -0.01289700
v 0.05777200 -0.02193600 -0.01538800
v 0.05759200 -0.02224900 -0.01534000
v 0.05731800 -0.02247300 -0.01526700
v 0.05700700 -0.02257900 -0.01518400
v 0.05666700 -0.02256800 -0.01509400
v 0.05634100 -0.02243000 -0.01500700
v 0.05608700 -0.02218200 -0.01493900
v 0.05717700 -0.02193600 -0.01747100
v 0.05699900 -0.02224900 -0.01741700
v 0.05672700 -0.02247300 -0.01733400
v 0.05641900 -0.02257900 -0.01724000
v 0.05608300 -0.02256800 -0.01713700
v 0.05576100 -0.02243000 -0.01703900
v 0.05550900 -0.02218200 -0.01696200
v 0.05650600 -0.02193600 -0.01953100
v 0.05633000 -0.02224900 -0.01947100
v 0.05606200 -0.02247300 -0.01937800
v 0.05575700 -0.02257900 -0.01927300
v 0.05542500 -0.02256800 -0.01915800
v 0.05510700 -0.02243000 -0.01904800
v 0.05485800 -0.02218200 -0.01896200
v 0.05576100 -0.02193600 -0.02156600
v 0.05558800 -0.02224900 -0.02149900
v 0.05532300 -0.02247300 -0.02139700
v 0.05502200 -0.02257900 -0.02128000
v 0.05469400 -0.02256800 -0.02115300
v 0.05438000 -0.02243000 -0.02103200
v 0.05413500 -0.02218200 -0.02093700
v 0.05494300 -0.02193600 -0.02357200
v 0.05477200 -0.02224900 -0.02349900
v 0.05451100 -0.02247300 -0.02338700
v 0.05421500 -0.02257900 -0.02326000
v 0.05389200 -0.02256800 -0.02312100
v 0.05358300 -0.02243000 -0.02298900
v 0.05334100 -0.02218200 -0.02288500
v 0.05405300 -0.02193600 -0.02554800
v 0.05388500 -0.02224900 -0.02546800
v 0.05362800 -0.02247300 -0.02534700
v 0.05333700 -0.02257900 -0.02520900
v 0.05301900 -0.02256800 -0.02505900
v 0.05271400 -0.02243000 -0.02491500
v 0.05247600 -0.02218200 -0.02480200
v 0.05309200 -0.02193600 -0.02748900
v 0.05292700 -0.02224900 -0.02740400
v 0.05267500 -0.02247300 -0.02727300
v 0.05238800 -0.02257900 -0.02712500
v 0.05207600 -0.02256800 -0.02696300
v 0.05177700 -0.02243000 -0.02680900
v 0.05154300 -0.02218200 -0.02668700
v 0.05208300 -0.02193600 -0.02935700
v 0.05192100 -0.02224900 -0.02926500
v 0.05167300 -0.02247300 -0.02912600
v 0.05139300 -0.02257900 -0.02896800
v 0.05108600 -0.02256800 -0.02879500
v 0.05079300 -0.02243000 -0.02863000
v 0.05056300 -0.02218200 -0.02850000
v 0.05101600 -0.02193600 -0.03117400
v 0.05085700 -0.02224900 -0.03107700
v 0.05061500 -0.02247300 -0.03092900
v 0.05034000 -0.02257900 -0.03076100
v 0.05004000 -0.02256800 -0.03057700
v 0.04975200 -0.02243000 -0.03040200
v 0.04952800 -0.02218200 -0.03026500
v 0.04988500 -0.02193600 -0.03295200
v 0.04973000 -0.02224900 -0.03285000
v 0.04949300 -0.02247300 -0.03269300
v 0.04922400 -0.02257900 -0.03251600
v 0.04893100 -0.02256800 -0.03232200
v 0.04865000 -0.02243000 -0.03213600
v 0.04843000 -0.02218200 -0.03199100
v 0.04869300 -0.02193600 -0.03469000
v 0.04854100 -0.02224900 -0.03458200
v 0.04831000 -0.02247300 -0.03441700
v 0.04804800 -0.02257900 -0.03423100
v 0.04776100 -0.02256800 -0.03402600
v 0.04748700 -0.02243000 -0.03383100
v 0.04727300 -0.02218200 -0.03367800
v 0.04744000 -0.02193600 -0.03638500
v 0.04729200 -0.02224900 -0.03627100
v 0.04706700 -0.02247300 -0.03609900
v 0.04681200 -0.02257900 -0.03590300
v 0.04653200 -0.02256800 -0.03568900
v 0.04626500 -0.02243000 -0.03548400
v 0.04605600 -0.02218200 -0.03532300
v 0.04612800 -0.02193600 -0.03803400
v 0.04598500 -0.02224900 -0.03791600
v 0.04576600 -0.02247300 -0.03773500
v 0.04551700 -0.02257900 -0.03753000
v 0.04524600 -0.02256800 -0.03730600
v 0.04498600 -0.02243000 -0.03709200
v 0.04478300 -0.02218200 -0.03692500
v 0.04475900 -0.02193600 -0.03963600
v 0.04462000 -0.02224900 -0.03951300
v 0.04440700 -0.02247300 -0.03932500
v 0.04416600 -0.02257900 -0.03911100
v 0.04390300 -0.02256800 -0.03887800
v 0.04365100 -0.02243000 -0.03865500
v 0.04345400 -0.02218200 -0.03848000
v 0.04333400 -0.02193600 -0.04118900
v 0.04319900 -0.02224900 -0.04106100
v 0.04299400 -0.02247300 -0.04086500
v 0.04276000 -0.02257900 -0.04064300
v 0.04250500 -0.02256800 -0.04040100
v 0.04226100 -0.02243000 -0.04016900
v 0.04207000 -0.02218200 -0.03998800
v 0.04185600 -0.02193600 -0.04269100
v 0.04172600 -0.02224900 -0.04255800
v 0.04152700 -0.02247300 -0.04235500
v 0.04130100 -0.02257900 -0.04212500
v 0.04105500 -0.02256800 -0.04187400
v 0.04081900 -0.02243000 -0.04163400
v 0.04063500 -0.02218200 -0.04144500
v 0.04032500 -0.02193600 -0.04413900
v 0.04020000 -0.02224900 -0.04400200
v 0.04000800 -0.02247300 -0.04379200
v 0.03979100 -0.02257900 -0.04355500
v 0.03955400 -0.02256800 -0.04329500
v 0.03932700 -0.02243000 -0.04304600
v 0.03914900 -0.02218200 -0.04285200
v 0.03874500 -0.02193600 -0.04553300
v 0.03862400 -0.02224900 -0.04539100
v 0.03844000 -0.02247300 -0.04517500
v 0.03823100 -0.02257900 -0.04493000
v 0.03800300 -0.02256800 -0.04466200
v 0.03778500 -0.02243000 -0.04440600
v 0.03761400 -0.02218200 -0.04420500
v 0.03711600 -0.02193600 -0.04687000
v 0.03700000 -0.02224900 -0.04672400
v 0.03682400 -0.02247300 -0.04650200
v 0.03662400 -0.02257900 -0.04624900
v 0.03640600 -0.02256800 -0.04597400
v 0.03619700 -0.02243000 -0.04571000
v 0.03603300 -0.02218200 -0.04550300
v 0.03544100 -0.02193600 -0.04814900
v 0.03533000 -0.02224900 -0.04799900
v 0.03516200 -0.02247300 -0.04777100
v 0.03497100 -0.02257900 -0.04751100
v 0.03476300 -0.02256800 -0.04722800
v 0.03456300 -0.02243000 -0.04695700
v 0.03440700 -0.02218200 -0.04674500
v 0.03372200 -0.02193600 -0.04936800
v 0.03361700 -0.02224900 -0.04921500
v 0.03345700 -0.02247300 -0.04898000
v 0.03327500 -0.02257900 -0.04871400
v 0.03307700 -0.02256800 -0.04842400
v 0.03288700 -0.02243000 -0.04814600
v 0.03273800 -0.02218200 -0.04792800
v 0.03196100 -0.02193600 -0.05052600
v 0.03186100 -0.02224900 -0.05036900
v 0.03171000 -0.02247300 -0.05012900
v 0.03153700 -0.02257900 -0.04985700
v 0.03134900 -0.02256800 -0.04956000
v 0.03116900 -0.02243000 -0.04927500
v 0.03102900 -0.02218200 -0.04905200
v 0.03016000 -0.02193600 -0.05162100
v 0.03006600 -0.02224900 -0.05146100
v 0.02992300 -0.02247300 -0.05121600
v 0.02976100 -0.02257900 -0.05093700
v 0.02958300 -0.02256800 -0.05063400
v 0.02941300 -0.02243000 -0.05034300
v 0.02928100 -0.02218200 -0.05011600
v 0.02832200 -0.02193600 -0.05265200
v 0.02823400 -0.02224900 -0.05248800
v 0.02810000 -0.02247300 -0.05223800
v 0.02794700 -0.02257900 -0.05195500
v 0.02778000 -0.02256800 -0.05164500
v 0.02762100 -0.02243000 -0.05134800
v 0.02749600 -0.02218200 -0.05111600
v 0.02644900 -0.02193600 -0.05361800
v 0.02636700 -0.02224900 -0.05345100
v 0.02624100 -0.02247300 -0.05319600
v 0.02609900 -0.02257900 -0.05290700
v 0.02594300 -0.02256800 -0.05259200
v 0.02579400 -0.02243000 -0.05229000
v 0.02567700 -0.02218200 -0.05205400
v 0.02454300 -0.02193600 -0.05451700
v 0.02446600 -0.02224900 -0.05434700
v 0.02435000 -0.02247300 -0.05408800
v 0.02421800 -0.02257900 -0.05379400
v 0.02407300 -0.02256800 -0.05347300
v 0.02393500 -0.02243000 -0.05316700
v 0.02382700 -0.02218200 -0.05292600
v 0.02260600 -0.02193600 -0.05534800
v 0.02253600 -0.02224900 -0.05517500
v 0.02242900 -0.02247300 -0.05491300
v 0.02230700 -0.02257900 -0.05461400
v 0.02217400 -0.02256800 -0.05428900
v 0.02204600 -0.02243000 -0.05397700
v 0.02194700 -0.02218200 -0.05373300
v 0.02064200 -0.02193600 -0.05611000
v 0.02057700 -0.02224900 -0.05593500
v 0.02047900 -0.02247300 -0.05566900
v 0.02036800 -0.02257900 -0.05536700
v 0.02024700 -0.02256800 -0.05503600
v 0.02013000 -0.02243000 -0.05472100
v 0.02003900 -0.02218200 -0.05447300
v 0.01865100 -0.02193600 -0.05680300
v 0.01859300 -0.02224900 -0.05662600
v 0.01850500 -0.02247300 -0.05635600
v 0.01840400 -0.02257900 -0.05605000
v 0.01829400 -0.02256800 -0.05571600
v 0.01818900 -0.02243000 -0.05539600
v 0.01810700 -0.02218200 -0.05514600
v 0.01663800 -0.02193600 -0.05742500
v 0.01658600 -0.02224900 -0.05724600
v 0.01650700 -0.02247300 -0.05697300
v 0.01641700 -0.02257900 -0.05666400
v 0.01631900 -0.02256800 -0.05632600
v 0.01622600 -0.02243000 -0.05600300
v 0.01615200 -0.02218200 -0.05575000
v 0.01460300 -0.02193600 -0.05797500
v 0.01455800 -0.02224900 -0.05779500
v 0.01448900 -0.02247300 -0.05752000
v 0.01441000 -0.02257900 -0.05720700
v 0.01432400 -0.02256800 -0.05686600
v 0.01424200 -0.02243000 -0.05654000
v 0.01417700 -0.02218200 -0.05628400
v 0.01255100 -0.02193600 -0.05845400
v 0.01251200 -0.02224900 -0.05827200
v 0.01245200 -0.02247300 -0.05799500
v 0.01238500 -0.02257900 -0.05768000
v 0.01231100 -0.02256800 -0.05733600
v 0.01224000 -0.02243000 -0.05700700
v 0.01218500 -0.02218200 -0.05674900
v 0.01037900 -0.02193600 -0.05887900
v 0.01034600 -0.02224900 -0.05869500
v 0.01029700 -0.02247300 -0.05841600
v 0.01024100 -0.02257900 -0.05809800
v 0.01018000 -0.02256800 -0.05775200
v 0.01012200 -0.02243000 -0.05742100
v 0.01007600 -0.02218200 -0.05716100
v 0.00817400 -0.02193600 -0.05922500
v 0.00814800 -0.02224900 -0.05904100
v 0.00811000 -0.02247300 -0.05875900
v 0.00806600 -0.02257900 -0.05844000
v 0.00801800 -0.02256800 -0.05809200
v 0.00797200 -0.02243000 -0.05775800
v 0.00793500 -0.02218200 -0.05749700
v 0.00594500 -0.02193600 -0.05949000
v 0.00592700 -0.02224900 -0.05930500
v 0.00589800 -0.02247300 -0.05902200
v 0.00586600 -0.02257900 -0.05870200
v 0.00583100 -0.02256800 -0.05835200
v 0.00579800 -0.02243000 -0.05801700
v 0.00577200 -0.02218200 -0.05775500
v 0.00371200 -0.02193600 -0.05967100
v 0.00370100 -0.02224900 -0.05948500
v 0.00368300 -0.02247300 -0.05920200
v 0.00366300 -0.02257900 -0.05888000
v 0.00364100 -0.02256800 -0.05852900
v 0.00362000 -0.02243000 -0.05819300
v 0.00360400 -0.02218200 -0.05793000
v 0.00144300 -0.02193600 -0.05976900
v 0.00143900 -0.02224900 -0.05958300
v 0.00143200 -0.02247300 -0.05929900
v 0.00142400 -0.02257900 -0.05897700
v 0.00141600 -0.02256800 -0.05862500
v 0.00140800 -0.02243000 -0.05828900
v 0.00140100 -0.02218200 -0.05802500
v 0.00000000 -0.02193600 -0.05978600
v 0.00000000 -0.02224900 -0.05960000
v 0.00000000 -0.02247300 -0.05931600
v 0.00000000 -0.02257900 -0.05899400
v 0.00000000 -0.02256800 -0.05864200
v 0.00000000 -0.02243000 -0.05830600
v 0.00000000 -0.02218200 -0.05804200
v -0.00233000 -0.02193600 -0.05974100
v -0.00232300 -0.02224900 -0.05955500
v -0.00231200 -0.02247300 -0.05927100
v -0.00229900 -0.02257900 -0.05894900
v -0.00228500 -0.02256800 -0.05859800
v -0.00227200 -0.02243000 -0.05826200
v -0.00226200 -0.02218200 -0.05799800
v -0.00465600 -0.02193600 -0.05960500
v -0.00464200 -0.02224900 -0.05941900
v -0.00462000 -0.02247300 -0.05913600
v -0.00459500 -0.02257900 -0.05881500
v -0.00456700 -0.02256800 -0.05846400
v -0.00454100 -0.02243000 -0.05812900
v -0.00452100 -0.02218200 -0.05786600
v -0.00688100 -0.02193600 -0.05938900
v -0.00686000 -0.02224900 -0.05920400
v -0.00682700 -0.02247300 -0.05892200
v -0.00679000 -0.02257900 -0.05860200
v -0.00674900 -0.02256800 -0.05825300
v -0.00671100 -0.02243000 -0.05791800
v -0.00668000 -0.02218200 -0.05765700
v -0.00902800 -0.02193600 -0.05910100
v -0.00900000 -0.02224900 -0.05891700
v -0.00895700 -0.02247300 -0.05863600
v -0.00890900 -0.02257900 -0.05831800
v -0.00885600 -0.02256800 -0.05797000
v -0.00880500 -0.02243000 -0.05763700
v -0.00876500 -0.02218200 -0.05737700
v -0.01116400 -0.02193600 -0.05873500
v -0.01112900 -0.02224900 -0.05855200
v -0.01107600 -0.02247300 -0.05827300
v -0.01101600 -0.02257900 -0.05795700
v -0.01095000 -0.02256800 -0.05761100
v -0.01088700 -0.02243000 -0.05728000
v -0.01083800 -0.02218200 -0.05702200
v -0.01328500 -0.02193600 -0.05829200
v -0.01324300 -0.02224900 -0.05811000
v -0.01318000 -0.02247300 -0.05783400
v -0.01310900 -0.02257900 -0.05751900
v -0.01303000 -0.02256800 -0.05717600
v -0.01295600 -0.02243000 -0.05684800
v -0.01289700 -0.02218200 -0.05659100
v -0.01538800 -0.02193600 -0.05777200
v -0.01534000 -0.02224900 -0.05759200
v -0.01526700 -0.02247300 -0.05731800
v -0.01518400 -0.02257900 -0.05700700
v -0.01509400 -0.02256800 -0.05666700
v -0.01500700 -0.02243000 -0.05634100
v -0.01493900 -0.02218200 -0.05608700
v -0.01747100 -0.02193600 -0.05717700
v -0.01741700 -0.02224900 -0.05699900
v -0.01733400 -0.02247300 -0.05672700
v -0.01724000 -0.02257900 -0.05641900
v -0.01713700 -0.02256800 -0.05608300
v -0.01703900 -0.02243000 -0.05576100
v -0.01696200 -0.02218200 -0.05550900
v -0.01953100 -0.02193600 -0.05650600
v -0.01947100 -0.02224900 -0.05633000
v -0.01937800 -0.02247300 -0.05606200
v -0.01927300 -0.02257900 -0.05575700
v -0.01915800 -0.02256800 -0.05542500
v -0.01904800 -0.02243000 -0.05510700
v -0.01896200 -0.02218200 -0.05485800
v -0.02156600 -0.02193600 -0.05576100
v -0.02149900 -0.02224900 -0.05558800
v -0.02139700 -0.02247300 -0.05532300
v -0.02128000 -0.02257900 -0.05502200
v -0.02115300 -0.02256800 -0.05469400
v -0.02103200 -0.02243000 -0.05438000
v -0.02093700 -0.02218200 -0.05413500
v -0.02357200 -0.02193600 -0.05494300
v -0.02349900 -0.02224900 -0.05477200
v -0.02338700 -0.02247300 -0.05451100
v -0.02326000 -0.02257900 -0.05421500
v -0.02312100 -0.02256800 -0.05389200
v -0.02298900 -0.02243000 -0.05358300
v -0.02288500 -0.02218200 -0.05334100
v -0.02554800 -0.02193600 -0.05405300
v -0.02546800 -0.02224900 -0.05388500
v -0.02534700 -0.02247300 -0.05362800
v -0.02520900 -0.02257900 -0.05333700
v -0.02505900 -0.02256800 -0.05301900
v -0.02491500 -0.02243000 -0.05271400
v -0.02480200 -0.02218200 -0.05247600
v -0.02748900 -0.02193600 -0.05309200
v -0.02740400 -0.02224900 -0.05292700
v -0.02727300 -0.02247300 -0.05267500
v -0.02712500 -0.02257900 -0.05238800
v -0.02696300 -0.02256800 -0.05207600
v -0.02680900 -0.02243000 -0.05177700
v -0.02668700 -0.02218200 -0.05154300
v -0.02935600 -0.02193600 -0.05208300
v -0.02926500 -0.02224900 -0.05192000
v -0.02912600 -0.02247300 -0.05167300
v -0.02896800 -0.02257900 -0.05139300
v -0.02879500 -0.02256800 -0.05108600
v -0.02863000 -0.02243000 -0.05079300
v -0.02850000 -0.02218200 -0.05056300
v -0.03117400 -0.02193600 -0.05101600
v -0.03107700 -0.02224900 -0.05085700
v -0.03092900 -0.02247300 -0.05061500
v -0.03076100 -0.02257900 -0.05034000
v -0.03057700 -0.02256800 -0.05004000
v -0.03040200 -0.02243000 -0.04975200
v -0.03026500 -0.02218200 -0.04952800
v -0.03295200 -0.02193600 -0.04988500
v -0.03285000 -0.02224900 -0.04973000
v -0.03269300 -0.02247300 -0.04949300
v -0.03251600 -0.02257900 -0.04922400
v -0.03232200 -0.02256800 -0.04893100
v -0.03213600 -0.02243000 -0.04865000
v -0.03199100 -0.02218200 -0.04843000
v -0.03469000 -0.02193600 -0.04869300
v -0.03458200 -0.02224900 -0.04854100
v -0.03441700 -0.02247300 -0.04831000
v -0.03423100 -0.02257900 -0.04804800
v -0.03402600 -0.02256800 -0.04776100
v -0.03383100 -0.02243000 -0.04748700
v -0.03367800 -0.02218200 -0.04727300
v -0.03638500 -0.02193600 -0.04744000
v -0.03627100 -0.02224900 -0.04729200
v -0.03609900 -0.02247300 -0.04706700
v -0.03590300 -0.02257900 -0.04681100
v -0.03568900 -0.02256800 -0.04653200
v -0.03548400 -0.02243000 -0.04626500
v -0.03532300 -0.02218200 -0.04605600
v -0.03803400 -0.02193600 -0.04612800
v -0.03791600 -0.02224900 -0.04598500
v -0.03773500 -0.02247300 -0.04576600
v -0.03753000 -0.02257900 -0.04551700
v -0.03730600 -0.02256800 -0.04524600
v -0.03709200 -0.02243000 -0.04498600
v -0.03692500 -0.02218200 -0.04478300
v -0.03963600 -0.02193600 -0.04475900
v -0.03951300 -0.02224900 -0.04462000
v -0.03932500 -0.02247300 -0.04440700
v -0.03911100 -0.02257900 -0.04416600
v -0.03887800 -0.02256800 -0.04390300
v -0.03865500 -0.02243000 -0.04365100
v -0.03848000 -0.02218200 -0.04345400
v -0.04118900 -0.02193600 -0.04333400
v -0.04106100 -0.02224900 -0.04319900
v -0.04086500 -0.02247300 -0.04299400
v -0.04064300 -0.02257900 -0.04276000
v -0.04040100 -0.02256800 -0.04250500
v -0.04016900 -0.02243000 -0.04226100
v -0.03998800 -0.02218200 -0.04207000
v -0.04269100 -0.02193600 -0.04185600
v -0.04255800 -0.02224900 -0.04172600
v -0.04235500 -0.02247300 -0.04152700
v -0.04212500 -0.02257900 -0.04130100
v -0.04187400 -0.02256800 -0.04105500
v -0.04163400 -0.02243000 -0.04081900
v -0.04144500 -0.02218200 -0.04063500
v -0.04413900 -0.02193600 -0.04032500
v -0.04400200 -0.02224900 -0.04020000
v -0.04379200 -0.02247300 -0.04000800
v -0.04355500 -0.02257900 -0.03979100
v -0.04329500 -0.02256800 -0.03955400
v -0.04304600 -0.02243000 -0.03932700
v -0.04285200 -0.02218200 -0.03914900
v -0.04553300 -0.02193600 -0.03874500
v -0.04539100 -0.02224900 -0.03862400
v -0.04517500 -0.02247300 -0.03844000
v -0.04493000 -0.02257900 -0.03823100
v -0.04466200 -0.02256800 -0.03800300
v -0.04440600 -0.02243000 -0.03778500
v -0.04420500 -0.02218200 -0.03761400
v -0.04687000 -0.02193600 -0.03711600
v -0.04672400 -0.02224900 -0.03700000
v -0.04650200 -0.02247300 -0.03682400
v -0.04624900 -0.02257900 -0.03662400
v -0.04597400 -0.02256800 -0.03640600
v -0.04571000 -0.02243000 -0.03619700
v -0.04550300 -0.02218200 -0.03603300
v -0.04814900 -0.02193600 -0.03544100
v -0.04799900 -0.02224900 -0.03533000
v -0.04777100 -0.02247300 -0.03516200
v -0.04751100 -0.02257900 -0.03497100
v -0.04722800 -0.02256800 -0.03476300
v -0.04695700 -0.02243000 -0.03456300
v -0.04674500 -0.02218200 -0.03440700
v -0.04936800 -0.02193600 -0.03372200
v -0.04921500 -0.02224900 -0.03361700
v -0.04898000 -0.02247300 -0.03345700
v -0.04871400 -0.02257900 -0.03327500
v -0.04842400 -0.02256800 -0.03307700
v -0.04814600 -0.02243000 -0.03288700
v -0.04792800 -0.02218200 -0.03273800
v -0.05052600 -0.02193600 -0.03196100
v -0.05036900 -0.02224900 -0.03186100
v -0.05012900 -0.02247300 -0.03171000
v -0.04985700 -0.02257900 -0.03153700
v -0.04956000 -0.02256800 -0.03134900
v -0.04927500 -0.02243000 -0.03116900
v -0.04905200 -0.02218200 -0.03102900
v -0.05162100 -0.02193600 -0.03016000
v -0.05146100 -0.02224900 -0.03006600
v -0.05121600 -0.02247300 -0.02992300
v -0.05093700 -0.02257900 -0.02976100
v -0.05063400 -0.02256800 -0.02958300
v -0.05034300 -0.02243000 -0.02941300
v -0.05011600 -0.02218200 -0.02928100
v -0.05265200 -0.02193600 -0.02832200
v -0.05248800 -0.02224900 -0.02823400
v -0.05223800 -0.02247300 -0.02810000
v -0.05195500 -0.02257900 -0.02794700
v -0.05164500 -0.02256800 -0.02778000
v -0.05134800 -0.02243000 -0.02762100
v -0.05111600 -0.02218200 -0.02749600
v -0.05361800 -0.02193600 -0.02644900
v -0.05345100 -0.02224900 -0.02636700
v -0.05319600 -0.02247300 -0.02624100
v -0.05290700 -0.02257900 -0.02609900
v -0.05259200 -0.02256800 -0.02594300
v -0.05229000 -0.02243000 -0.02579400
v -0.05205400 -0.02218200 -0.02567700
v -0.05451700 -0.02193600 -0.02454300
v -0.05434700 -0.02224900 -0.02446600
v -0.05408800 -0.02247300 -0.02435000
v -0.05379400 -0.02257900 -0.02421800
v -0.05347300 -0.02256800 -0.02407300
v -0.05316700 -0.02243000 -0.02393500
v -0.05292600 -0.02218200 -0.02382700
v -0.05534800 -0.02193600 -0.02260600
v -0.05517500 -0.02224900 -0.02253600
v -0.05491300 -0.02247300 -0.02242900
v -0.05461400 -0.02257900 -0.02230700
v -0.05428900 -0.02256800 -0.02217400
v -0.05397700 -0.02243000 -0.02204600
v -0.05373300 -0.02218200 -0.02194700
v -0.05611000 -0.02193600 -0.02064200
v -0.05593500 -0.02224900 -0.02057700
v -0.05566900 -0.02247300 -0.02047900
v -0.05536700 -0.02257900 -0.02036800
v -0.05503600 -0.02256800 -0.02024700
v -0.05472100 -0.02243000 -0.02013000
v -0.05447300 -0.02218200 -0.02003900
v -0.05680300 -0.02193600 -0.01865100
v -0.05662600 -0.02224900 -0.01859300
v -0.05635600 -0.02247300 -0.01850500
v -0.05605000 -0.02257900 -0.01840400
v -0.05571600 -0.02256800 -0.01829400
v -0.05539600 -0.02243000 -0.01818900
v -0.05514600 -0.02218200 -0.01810700
v -0.05742500 -0.02193600 -0.01663800
v -0.05724600 -0.02224900 -0.01658600
v -0.05697300 -0.02247300 -0.01650700
v -0.05666400 -0.02257900 -0.01641700
v -0.05632600 -0.02256800 -0.01631900
v -0.05600300 -0.02243000 -0.01622600
v -0.05575000 -0.02218200 -0.01615200
v -0.05797500 -0.02193600 -0.01460300
v -0.05779500 -0.02224900 -0.01455800
v -0.05752000 -0.02247300 -0.01448900
v -0.05720700 -0.02257900 -0.01441000
v -0.05686600 -0.02256800 -0.01432400
v -0.05654000 -0.02243000 -0.01424200
v -0.05628400 -0.02218200 -0.01417700
v -0.05845400 -0.02193600 -0.01255100
v -0.05827200 -0.02224900 -0.01251200
v -0.05799500 -0.02247300 -0.01245200
v -0.05768000 -0.02257900 -0.01238500
v -0.05733600 -0.02256800 -0.01231100
v -0.05700600 -0.02243000 -0.01224000
v -0.05674900 -0.02218200 -0.01218500
v -0.05887900 -0.02193600 -0.01037900
v -0.05869500 -0.02224900 -0.01034600
v -0.05841600 -0.02247300 -0.01029700
v -0.05809800 -0.02257900 -0.01024100
v -0.05775200 -0.02256800 -0.01018000
v -0.05742100 -0.02243000 -0.01012200
v -0.05716100 -0.02218200 -0.01007600
v -0.05922500 -0.02193600 -0.00817400
v -0.05904100 -0.02224900 -0.00814800
v -0.05875900 -0.02247300 -0.00811000
v -0.05844000 -0.02257900 -0.00806600
v -0.05809200 -0.02256800 -0.00801800
v -0.05775800 -0.02243000 -0.00797100
v -0.05749700 -0.02218200 -0.00793500
v -0.05949000 -0.02193600 -0.00594500
v -0.05930500 -0.02224900 -0.00592700
v -0.05902200 -0.02247300 -0.00589800
v -0.05870200 -0.02257900 -0.00586600
v -0.05835200 -0.02256800 -0.00583100
v -0.05801700 -0.02243000 -0.00579800
v -0.05775500 -0.02218200 -0.00577200
v -0.05967100 -0.02193600 -0.00371200
v -0.05948500 -0.02224900 -0.00370100
v -0.05920200 -0.02247300 -0.00368300
v -0.05888000 -0.02257900 -0.00366300
v -0.05852900 -0.02256800 -0.00364100
v -0.05819300 -0.02243000 -0.00362000
v -0.05793000 -0.02218200 -0.00360400
v -0.05976900 -0.02193600 -0.00144300
v -0.05958300 -0.02224900 -0.00143900
v -0.05929900 -0.02247300 -0.00143200
v -0.05897700 -0.02257900 -0.00142400
v -0.05862500 -0.02256800 -0.00141600
v -0.05828900 -0.02243000 -0.00140800
v -0.05802500 -0.02218200 -0.00140100
v -0.05978600 -0.02193600 -0.00000000
v -0.05960000 -0.02224900 -0.00000000
v -0.05931600 -0.02247300 -0.00000000
v -0.05899400 -0.02257900 -0.00000000
v -0.05864200 -0.02256800 -0.00000000
v -0.05830600 -0.02243000 -0.00000000
v -0.05804200 -0.02218200 -0.00000000
v -0.05974100 -0.02193600 0.00233000
v -0.05955500 -0.02224900 0.00232300
v -0.05927100 -0.02247300 0.00231200
v -0.05894900 -0.02257900 0.00229900
v -0.05859800 -0.02256800 0.00228500
v -0.05826100 -0.02243000 0.00227200
v -0.05799800 -0.02218200 0.00226200
v -0.05960500 -0.02193600 0.00465600
v -0.05941900 -0.02224900 0.00464200
v -0.05913600 -0.02247300 0.00462000
v -0.05881500 -0.02257900 0.00459500
v -0.05846400 -0.02256800 0.00456700
v -0.05812900 -0.02243000 0.00454100
v -0.05786600 -0.02218200 0.00452100
v -0.05938900 -0.02193600 0.00688100
v -0.05920400 -0.02224900 0.00686000
v -0.05892200 -0.02247300 0.00682700
v -0.05860200 -0.02257900 0.00679000
v -0.05825300 -0.02256800 0.00674900
v -0.05791800 -0.02243000 0.00671100
v -0.05765700 -0.02218200 0.00668000
v -0.05910100 -0.02193600 0.00902800
v -0.05891700 -0.02224900 0.00900000
v -0.05863600 -0.02247300 0.00895700
v -0.05831800 -0.02257900 0.00890900
v -0.05797000 -0.02256800 0.00885600
v -0.05763700 -0.02243000 0.00880500
v -0.05737700 -0.02218200 0.00876500
v -0.05873500 -0.02193600 0.01116400
v -0.05855200 -0.02224900 0.01112900
v -0.05827300 -0.02247300 0.01107600
v -0.05795700 -0.02257900 0.01101600
v -0.05761100 -0.02256800 0.01095000
v -0.05728000 -0.02243000 0.01088700
v -0.05702200 -0.02218200 0.01083800
v -0.05829200 -0.02193600 0.01328500
v -0.05811000 -0.02224900 0.01324300
v -0.05783400 -0.02247300 0.01318000
v -0.05751900 -0.02257900 0.01310900
v -0.05717600 -0.02256800 0.01303000
v -0.05684800 -0.02243000 0.01295600
v -0.05659100 -0.02218200 0.01289700
v -0.05777200 -0.02193600 0.01538800
v -0.05759200 -0.02224900 0.01534000
v -0.05731800 -0.02247300 0.01526700
v -0.05700700 -0.02257900 0.01518400
v -0.05666700 -0.02256800 0.01509400
v -0.05634100 -0.02243000 0.01500700
v -0.05608700 -0.02218200 0.01493900
v -0.05717700 -0.02193600 0.01747100
v -0.05699900 -0.02224900 0.01741700
v -0.05672700 -0.02247300 0.01733400
v -0.05641900 -0.02257900 0.01724000
v -0.05608300 -0.02256800 0.01713700
v -0.05576100 -0.02243000 0.01703900
v -0.05550900 -0.02218200 0.01696200
v -0.05650600 -0.02193600 0.01953100
v -0.05633000 -0.02224900 0.01947100
v -0.05606200 -0.02247300 0.01937800
v -0.05575700 -0.02257900 0.01927300
v -0.05542500 -0.02256800 0.01915800
v -0.05510700 -0.02243000 0.01904800
v -0.05485800 -0.02218200 0.01896200
v -0.05576100 -0.02193600 0.02156600
v -0.05558800 -0.02224900 0.02149900
v -0.05532300 -0.02247300 0.02139700
v -0.05502200 -0.02257900 0.02128000
v -0.05469400 -0.02256800 0.02115300
v -0.05438000 -0.02243000 0.02103200
v -0.05413500 -0.02218200 0.02093700
v -0.05494300 -0.02193600 0.02357200
v -0.05477200 -0.02224900 0.02349900
v -0.05451100 -0.02247300 0.02338700
v -0.05421500 -0.02257900 0.02326000
v -0.05389200 -0.02256800 0.02312100
v -0.05358300 -0.02243000 0.02298900
v -0.05334000 -0.02218200 0.02288500
v -0.05405300 -0.02193600 0.02554800
v -0.05388500 -0.02224900 0.02546800
v -0.05362800 -0.02247300 0.02534700
v -0.05333700 -0.02257900 0.02520900
v -0.05301900 -0.02256800 0.02505900
v -0.05271400 -0.02243000 0.02491500
v -0.05247600 -0.02218200 0.02480200
v -0.05309200 -0.02193600 0.02748900
v -0.05292700 -0.02224900 0.02740400
v -0.05267500 -0.02247300 0.02727300
v -0.05238800 -0.02257900 0.02712500
v -0.05207600 -0.02256800 0.02696300
v -0.05177700 -0.02243000 0.02680900
v -0.05154300 -0.02218200 0.02668700
v -0.05208300 -0.02193600 0.02935700
v -0.05192000 -0.02224900 0.02926500
v -0.05167300 -0.02247300 0.02912600
v -0.05139300 -0.02257900 0.02896800
v -0.05108600 -0.02256800 0.02879500
v -0.05079300 -0.02243000 0.02863000
v -0.05056300 -0.02218200 0.02850000
v -0.05101600 -0.02193600 0.03117400
v -0.05085700 -0.02224900 0.03107700
v -0.05061500 -0.02247300 0.03092900
v -0.05034000 -0.02257900 0.03076100
v -0.05004000 -0.02256800 0.03057700
v -0.04975200 -0.02243000 0.03040200
v -0.04952800 -0.02218200 0.03026500
v -0.04988500 -0.02193600 0.03295200
v -0.04973000 -0.02224900 0.03285000
v -0.04949300 -0.02247300 0.03269300
v -0.04922400 -0.02257900 0.03251600
v -0.04893100 -0.02256800 0.03232200
v -0.04865000 -0.02243000 0.03213600
v -0.04843000 -0.02218200 0.03199100
v -0.04869300 -0.02193600 0.03469000
v -0.04854100 -0.02224900 0.03458200
v -0.04831000 -0.02247300 0.03441700
v -0.04804800 -0.02257900 0.03423100
v -0.04776100 -0.02256800 0.03402600
v -0.04748700 -0.02243000 0.03383100
v -0.04727300 -0.02218200 0.03367800
v -0.04744000 -0.02193600 0.03638500
v -0.04729200 -0.02224900 0.03627100
v -0.04706700 -0.02247300 0.03609900
v -0.04681100 -0.02257900 0.03590300
v -0.04653200 -0.02256800 0.03568900
v -0.04626500 -0.02243000 0.03548400
v -0.04605600 -0.02218200 0.03532300
v -0.04612800 -0.02193600 0.03803400
v -0.04598500 -0.02224900 0.03791600
v -0.04576600 -0.02247300 0.03773500
v -0.04551700 -0.02257900 0.03753000
v -0.04524600 -0.02256800 0.03730600
v -0.04498600 -0.02243000 0.03709200
v -0.04478300 -0.02218200 0.03692500
v -0.04475900 -0.02193600 0.03963600
v -0.04462000 -0.02224900 0.03951300
v -0.04440700 -0.02247300 0.03932500
v -0.04416600 -0.02257900 0.03911100
v -0.04390300 -0.02256800 0.03887800
v -0.04365100 -0.02243000 0.03865500
v -0.04345400 -0.02218200 0.03848000
v -0.04333400 -0.02193600 0.04118900
v -0.04319900 -0.02224900 0.04106100
v -0.04299400 -0.02247300 0.04086500
v -0.04276000 -0.02257900 0.04064300
v -0.04250500 -0.02256800 0.04040100
v -0.04226100 -0.02243000 0.04016900
v -0.04207000 -0.02218200 0.03998800
v -0.04185600 -0.02193600 0.04269100
v -0.04172500 -0.02224900 0.04255800
v -0.04152700 -0.02247300 0.04235500
v -0.04130100 -0.02257900 0.04212500
v -0.04105500 -0.02256800 0.04187400
v -0.04081900 -0.02243000 0.04163400
v -0.04063500 -0.02218200 0.04144500
v -0.04032500 -0.02193600 0.04413900
v -0.04020000 -0.02224900 0.04400200
v -0.04000800 -0.02247300 0.04379200
v -0.03979100 -0.02257900 0.04355500
v -0.03955400 -0.02256800 0.04329500
v -0.03932700 -0.02243000 0.04304600
v -0.03914900 -0.02218200 0.04285200
v -0.03874500 -0.02193600 0.04553300
v -0.03862400 -0.02224900 0.04539100
v -0.03844000 -0.02247300 0.04517500
v -0.03823100 -0.02257900 0.04493000
v -0.03800300 -0.02256800 0.04466200
v -0.03778500 -0.02243000 0.04440600
v -0.03761400 -0.02218200 0.04420500
v -0.03711600 -0.02193600 0.04687000
v -0.03700000 -0.02224900 0.04672400
v -0.03682400 -0.02247300 0.04650200
v -0.03662400 -0.02257900 0.04624900
v -0.03640600 -0.02256800 0.04597400
v -0.03619700 -0.02243000 0.04571000
v -0.03603300 -0.02218200 0.04550300
v -0.03544100 -0.02193600 0.04814900
v -0.03533000 -0.02224900 0.04799900
v -0.03516200 -0.02247300 0.04777100
v -0.03497100 -0.02257900 0.04751100
v -0.03476300 -0.02256800 0.04722800
v -0.03456300 -0.02243000 0.04695700
v -0.03440700 -0.02218200 0.04674500
v -0.03372200 -0.02193600 0.04936800
v -0.03361700 -0.02224900 0.04921500
v -0.03345700 -0.02247300 0.04898000
v -0.03327500 -0.02257900 0.04871400
v -0.03307700 -0.02256800 0.04842400
v -0.03288700 -0.02243000 0.04814600
v -0.03273800 -0.02218200 0.04792800
v -0.03196100 -0.02193600 0.05052600
v -0.03186100 -0.02224900 0.05036900
v -0.03171000 -0.02247300 0.05012900
v -0.03153700 -0.02257900 0.04985700
v -0.03134900 -0.02256800 0.04956000
v -0.03116900 -0.02243000 0.04927500
v -0.03102900 -0.02218200 0.04905200
v -0.03016000 -0.02193600 0.05162100
v -0.03006600 -0.02224900 0.05146100
v -0.02992300 -0.02247300 0.05121600
v -0.02976100 -0.02257900 0.05093700
v -0.02958300 -0.02256800 0.05063400
v -0.02941300 -0.02243000 0.05034300
v -0.02928100 -0.02218200 0.05011600
v -0.02832200 -0.02193600 0.05265200
v -0.02823400 -0.02224900 0.05248800
v -0.02810000 -0.02247300 0.05223800
v -0.02794700 -0.02257900 0.05195500
v -0.02778000 -0.02256800 0.05164500
v -0.02762100 -0.02243000 0.05134800
v -0.02749600 -0.02218200 0.05111600
v -0.02644900 -0.02193600 0.05361800
v -0.02636700 -0.02224900 0.05345100
v -0.02624100 -0.02247300 0.05319600
v -0.02609900 -0.02257900 0.05290700
v -0.02594300 -0.02256800 0.05259200
v -0.02579400 -0.02243000 0.05229000
v -0.02567700 -0.02218200 0.05205400
v -0.02454300 -0.02193600 0.05451700
v -0.02446600 -0.02224900 0.05434700
v -0.02435000 -0.02247300 0.05408800
v -0.02421800 -0.02257900 0.05379400
v -0.02407300 -0.02256800 0.05347300
v -0.02393500 -0.02243000 0.05316700
v -0.02382700 -0.02218200 0.05292600
v -0.02260600 -0.02193600 0.05534800
v -0.02253600 -0.02224900 0.05517500
v -0.02242900 -0.02247300 0.05491300
v -0.02230700 -0.02257900 0.05461400
v -0.02217400 -0.02256800 0.05428900
v -0.02204600 -0.02243000 0.05397700
v -0.02194700 -0.02218200 0.05373300
v -0.02064200 -0.02193600 0.05611000
v -0.02057700 -0.02224900 0.05593500
v -0.02047900 -0.02247300 0.05566900
v -0.02036800 -0.02257900 0.05536700
v -0.02024700 -0.02256800 0.05503600
v -0.02013000 -0.02243000 0.05472100
v -0.02003900 -0.02218200 0.05447300
v -0.01865100 -0.02193600 0.05680300
v -0.01859300 -0.02224900 0.05662600
v -0.01850500 -0.02247300 0.05635600
v -0.01840400 -0.02257900 0.05605000
v -0.01829400 -0.02256800 0.05571600
v -0.01818900 -0.02243000 0.05539600
v -0.01810700 -0.02218200 0.05514600
v -0.01663800 -0.02193600 0.05742500
v -0.01658600 -0.02224900 0.05724600
v -0.01650700 -0.02247300 0.05697300
v -0.01641700 -0.02257900 0.05666400
v -0.01631900 -0.02256800 0.05632600
v -0.01622600 -0.02243000 0.05600300
v -0.01615200 -0.02218200 0.05575000
v -0.01460300 -0.02193600 0.05797500
v -0.01455800 -0.02224900 0.05779500
v -0.01448900 -0.02247300 0.05752000
v -0.01441000 -0.02257900 0.05720700
v -0.01432400 -0.02256800 0.05686600
v -0.01424200 -0.02243000 0.05654000
v -0.01417700 -0.02218200 0.05628400
v -0.01255100 -0.02193600 0.05845400
v -0.01251200 -0.02224900 0.05827200
v -0.01245200 -0.02247300 0.05799500
v -0.01238500 -0.02257900 0.05768000
v -0.01231100 -0.02256800 0.05733600
v -0.01224000 -0.02243000 0.05700700
v -0.01218500 -0.02218200 0.05674900
v -0.01037900 -0.02193600 0.05887900
v -0.01034600 -0.02224900 0.05869500
v -0.01029700 -0.02247300 0.05841600
v -0.01024100 -0.02257900 0.05809800
v -0.01018000 -0.02256800 0.05775200
v -0.01012200 -0.02243000 0.05742100
v -0.01007600 -0.02218200 0.05716100
v -0.00817400 -0.02193600 0.05922500
v -0.00814800 -0.02224900 0.05904100
v -0.00811000 -0.02247300 0.05875900
v -0.00806600 -0.02257900 0.05844000
v -0.00801700 -0.02256800 0.05809200
v -0.00797100 -0.02243000 0.05775800
v -0.00793500 -0.02218200 0.05749700
v -0.00594500 -0.02193600 0.05949000
v -0.00592700 -0.02224900 0.05930500
v -0.00589800 -0.02247300 0.05902200
v -0.00586600 -0.02257900 0.05870200
v -0.00583100 -0.02256800 0.05835200
v -0.00579800 -0.02243000 0.05801700
v -0.00577200 -0.02218200 0.05775500
v -0.00371200 -0.02193600 0.05967100
v -0.00370100 -0.02224900 0.05948500
v -0.00368300 -0.02247300 0.05920200
v -0.00366300 -0.02257900 0.05888000
v -0.00364100 -0.02256800 0.05852900
v -0.00362000 -0.02243000 0.05819300
v -0.00360400 -0.02218200 0.05793000
v -0.00144300 -0.02193600 0.05976900
v -0.00143900 -0.02224900 0.05958300
v -0.00143200 -0.02247300 0.05929900
v -0.00142400 -0.02257900 0.05897700
v -0.00141600 -0.02256800 0.05862500
v -0.00140800 -0.02243000 0.05828900
v -0.00140100 -0.02218200 0.05802500
v 0.00000000 -0.02158900 0.05984800
v 0.00000000 -0.02193600 0.05978600
v 0.00000000 -0.02224900 0.05960000
v 0.00000000 -0.02247300 0.05931600
v 0.00000000 -0.02257900 0.05899400
v 0.00000000 -0.02256800 0.05864200
v 0.00000000 -0.02243000 0.05830600
v 0.00000000 -0.02218200 0.05804200
v 0.00000000 -0.02187800 0.05789100
v 0.00160000 -0.02158900 0.05982700
v 0.00319900 -0.02158900 0.05976300
v 0.00479500 -0.02158900 0.05965600
v 0.00638800 -0.02158900 0.05950600
v 0.00797700 -0.02158900 0.05931400
v 0.00956000 -0.02158900 0.05908000
v 0.01113600 -0.02158900 0.05880300
v 0.01270400 -0.02158900 0.05848400
v 0.01426300 -0.02158900 0.05812400
v 0.01581200 -0.02158900 0.05772200
v 0.01734900 -0.02158900 0.05727800
v 0.01887400 -0.02158900 0.05679400
v 0.02038600 -0.02158900 0.05626900
v 0.02188300 -0.02158900 0.05570400
v 0.02336400 -0.02158900 0.05509900
v 0.02482900 -0.02158900 0.05445500
v 0.02627600 -0.02158900 0.05377200
v 0.02770400 -0.02158900 0.05305000
v 0.02911200 -0.02158900 0.05229100
v 0.03050000 -0.02158900 0.05149400
v 0.03186500 -0.02158900 0.05066000
v 0.03320800 -0.02158900 0.04979000
v 0.03452800 -0.02158900 0.04888400
v 0.03582200 -0.02158900 0.04794400
v 0.03709100 -0.02158900 0.04696900
v 0.03833300 -0.02158900 0.04596100
v 0.03954800 -0.02158900 0.04491900
v 0.04073500 -0.02158900 0.04384600
v 0.04189300 -0.02158900 0.04274100
v 0.04302000 -0.02158900 0.04160600
v 0.04411700 -0.02158900 0.04044100
v 0.04518300 -0.02158900 0.03924700
v 0.04621600 -0.02158900 0.03802500
v 0.04721600 -0.02158900 0.03677600
v 0.04818200 -0.02158900 0.03550100
v 0.04911400 -0.02158900 0.03420000
v 0.05001100 -0.02158900 0.03287500
v 0.05087200 -0.02158900 0.03152600
v 0.05169600 -0.02158900 0.03015500
v 0.05248400 -0.02158900 0.02876200
v 0.05323400 -0.02158900 0.02734900
v 0.05394600 -0.02158900 0.02591600
v 0.05462000 -0.02158900 0.02446400
v 0.05525400 -0.02158900 0.02299500
v 0.05584900 -0.02158900 0.02151000
v 0.05640400 -0.02158900 0.02000900
v 0.05691900 -0.02158900 0.01849400
v 0.05739300 -0.02158900 0.01696600
v 0.05782600 -0.02158900 0.01542500
v 0.05821800 -0.02158900 0.01387400
v 0.05856800 -0.02158900 0.01231300
v 0.05887600 -0.02158900 0.01074300
v 0.05914200 -0.02158900 0.00916500
v 0.05936600 -0.02158900 0.00758000
v 0.05954800 -0.02158900 0.00599100
v 0.05968700 -0.02158900 0.00439600
v 0.05978300 -0.02158900 0.00279900
v 0.05983600 -0.02158900 0.00120000
v 0.05984700 -0.02158900 -0.00040000
v 0.05981500 -0.02158900 -0.00200000
v 0.05974000 -0.02158900 -0.00359800
v 0.05962200 -0.02158900 -0.00519400
v 0.05946200 -0.02158900 -0.00678600
v 0.05926000 -0.02158900 -0.00837300
v 0.05901500 -0.02158900 -0.00995500
v 0.05872700 -0.02158900 -0.01152900
v 0.05839800 -0.02158900 -0.01309500
v 0.05802700 -0.02158900 -0.01465100
v 0.05761500 -0.02158900 -0.01619700
v 0.05716100 -0.02158900 -0.01773200
v 0.05666700 -0.02158900 -0.01925300
v 0.05613200 -0.02158900 -0.02076100
v 0.05555700 -0.02158900 -0.02225500
v 0.05494200 -0.02158900 -0.02373200
v 0.05428800 -0.02158900 -0.02519200
v 0.05359500 -0.02158900 -0.02663500
v 0.05286400 -0.02158900 -0.02805800
v 0.05209500 -0.02158900 -0.02946100
v 0.05128900 -0.02158900 -0.03084300
v 0.05044600 -0.02158900 -0.03220300
v 0.04956700 -0.02158900 -0.03354000
v 0.04865200 -0.02158900 -0.03485400
v 0.04770300 -0.02158900 -0.03614200
v 0.04672000 -0.02158900 -0.03740400
v 0.04570300 -0.02158900 -0.03864000
v 0.04465400 -0.02158900 -0.03984800
v 0.04357300 -0.02158900 -0.04102700
v 0.04246000 -0.02158900 -0.04217700
v 0.04131800 -0.02158900 -0.04329800
v 0.04014500 -0.02158900 -0.04438700
v 0.03894400 -0.02158900 -0.04544400
v 0.03771600 -0.02158900 -0.04646900
v 0.03646000 -0.02158900 -0.04746100
v 0.03517800 -0.02158900 -0.04841800
v 0.03387100 -0.02158900 -0.04934100
v 0.03254000 -0.02158900 -0.05022900
v 0.03118500 -0.02158900 -0.05108100
v 0.02980900 -0.02158900 -0.05189700
v 0.02841100 -0.02158900 -0.05267500
v 0.02699200 -0.02158900 -0.05341600
v 0.02555500 -0.02158900 -0.05411800
v 0.02409900 -0.02158900 -0.05478200
v 0.02262500 -0.02158900 -0.05540700
v 0.02113600 -0.02158900 -0.05599200
v 0.01963200 -0.02158900 -0.05653700
v 0.01811300 -0.02158900 -0.05704100
v 0.01658200 -0.02158900 -0.05750500
v 0.01503900 -0.02158900 -0.05792800
v 0.01348500 -0.02158900 -0.05830900
v 0.01192100 -0.02158900 -0.05864900
v 0.01034900 -0.02158900 -0.05894700
v 0.00876900 -0.02158900 -0.05920200
v 0.00718300 -0.02158900 -0.05941600
v 0.00559200 -0.02158900 -0.05958600
v 0.00399700 -0.02158900 -0.05971500
v 0.00240000 -0.02158900 -0.05980000
v 0.00080000 -0.02158900 -0.05984300
v -0.00080000 -0.02158900 -0.05984300
v -0.00240000 -0.02158900 -0.05980000
v -0.00399700 -0.02158900 -0.05971500
v -0.00559200 -0.02158900 -0.05958600
v -0.00718300 -0.02158900 -0.05941600
v -0.00876900 -0.02158900 -0.05920200
v -0.01034900 -0.02158900 -0.05894700
v -0.01192100 -0.02158900 -0.05864900
v -0.01348500 -0.02158900 -0.05830900
v -0.01503900 -0.02158900 -0.05792800
v -0.01658200 -0.02158900 -0.05750500
v -0.01811300 -0.02158900 -0.05704100
v -0.01963200 -0.02158900 -0.05653700
v -0.02113600 -0.02158900 -0.05599200
v -0.02262500 -0.02158900 -0.05540700
v -0.02409900 -0.02158900 -0.05478200
v -0.02555500 -0.02158900 -0.05411800
v -0.02699200 -0.02158900 -0.05341600
v -0.02841100 -0.02158900 -0.05267500
v -0.02980900 -0.02158900 -0.05189700
v -0.03118500 -0.02158900 -0.05108100
v -0.03254000 -0.02158900 -0.05022900
v -0.03387100 -0.02158900 -0.04934100
v -0.03517800 -0.02158900 -0.04841800
v -0.03646000 -0.02158900 -0.04746100
v -0.03771600 -0.02158900 -0.04646900
v -0.03894400 -0.02158900 -0.04544400
v -0.04014500 -0.02158900 -0.04438700
v -0.04131800 -0.02158900 -0.04329800
v -0.04246000 -0.02158900 -0.04217700
v -0.04357300 -0.02158900 -0.04102700
v -0.04465400 -0.02158900 -0.03984800
v -0.04570300 -0.02158900 -0.03864000
v -0.04672000 -0.02158900 -0.03740400
v -0.04770300 -0.02158900 -0.03614200
v -0.04865200 -0.02158900 -0.03485400
v -0.04956700 -0.02158900 -0.03354000
v -0.05044600 -0.02158900 -0.03220300
v -0.05128900 -0.02158900 -0.03084300
v -0.05209500 -0.02158900 -0.02946100
v -0.05286400 -0.02158900 -0.02805800
v -0.05359500 -0.02158900 -0.02663500
v -0.05428800 -0.02158900 -0.02519200
v -0.05494200 -0.02158900 -0.02373200
v -0.05555700 -0.02158900 -0.02225500
v -0.05613200 -0.02158900 -0.02076100
v -0.05666700 -0.02158900 -0.01925300
v -0.05716100 -0.02158900 -0.01773200
v -0.05761500 -0.02158900 -0.01619700
v -0.05802700 -0.02158900 -0.01465100
v -0.05839800 -0.02158900 -0.01309500
v -0.05872700 -0.02158900 -0.01152900
v -0.05901500 -0.02158900 -0.00995500
v -0.05926000 -0.02158900 -0.00837300
v -0.05946200 -0.02158900 -0.00678600
v -0.05962200 -0.02158900 -0.00519400
v -0.05974000 -0.02158900 -0.00359800
v -0.05981500 -0.02158900 -0.00200000
v -0.05984700 -0.02158900 -0.00040000
v -0.05983600 -0.02158900 0.00120000
v -0.05978300 -0.02158900 0.00279900
v -0.05968700 -0.02158900 0.00439600
v -0.05954800 -0.02158900 0.00599100
v -0.05936600 -0.02158900 0.00758000
v -0.05914200 -0.02158900 0.00916500
v -0.05887600 -0.02158900 0.01074300
v -0.05856800 -0.02158900 0.01231300
v -0.05821800 -0.02158900 0.01387400
v -0.05782600 -0.02158900 0.01542500
v -0.05739300 -0.02158900 0.01696600
v -0.05691900 -0.02158900 0.01849400
v -0.05640400 -0.02158900 0.02000900
v -0.05584900 -0.02158900 0.02151000
v -0.05525400 -0.02158900 0.02299500
v -0.05462000 -0.02158900 0.02446400
v -0.05394600 -0.02158900 0.02591600
v -0.05323400 -0.02158900 0.02734900
v -0.05248400 -0.02158900 0.02876200
v -0.05169600 -0.02158900 0.03015500
v -0.05087200 -0.02158900 0.03152600
v -0.05001100 -0.02158900 0.03287500
v -0.04911400 -0.02158900 0.03420000
v -0.04818200 -0.02158900 0.03550100
v -0.04721600 -0.02158900 0.03677600
v -0.04621600 -0.02158900 0.03802500
v -0.04518300 -0.02158900 0.03924700
v -0.04411700 -0.02158900 0.04044100
v -0.04302000 -0.02158900 0.04160600
v -0.04189300 -0.02158900 0.04274100
v -0.04073500 -0.02158900 0.04384600
v -0.03954800 -0.02158900 0.04491900
v -0.03833300 -0.02158900 0.04596100
v -0.03709100 -0.02158900 0.04696900
v -0.03582200 -0.02158900 0.04794400
v -0.03452800 -0.02158900 0.04888400
v -0.03320800 -0.02158900 0.04979000
v -0.03186500 -0.02158900 0.05066000
v -0.03050000 -0.02158900 0.05149400
v -0.02911200 -0.02158900 0.05229100
v -0.02770400 -0.02158900 0.05305000
v -0.02627600 -0.02158900 0.05377200
v -0.02482900 -0.02158900 0.05445500
v -0.02336400 -0.02158900 0.05509900
v -0.02188300 -0.02158900 0.05570400
v -0.02038600 -0.02158900 0.05626900
v -0.01887400 -0.02158900 0.05679400
v -0.01734900 -0.02158900 0.05727800
v -0.01581200 -0.02158900 0.05772200
v -0.01426300 -0.02158900 0.05812400
v -0.01270400 -0.02158900 0.05848400
v -0.01113600 -0.02158900 0.05880300
v -0.00956000 -0.02158900 0.05908000
v -0.00797700 -0.02158900 0.05931400
v -0.00638800 -0.02158900 0.05950600
v -0.00479500 -0.02158900 0.05965600
v -0.00319900 -0.02158900 0.05976300
v -0.00160000 -0.02158900 0.05982700
v -0.00160200 -0.02187800 0.05786900
v -0.00320300 -0.02187800 0.05780200
v -0.00480200 -0.02187800 0.05769100
v -0.00639600 -0.02187800 0.05753600
v -0.00798600 -0.02187800 0.05733700
v -0.00957000 -0.02187800 0.05709400
v -0.01114700 -0.02187800 0.05680800
v -0.01271400 -0.02187800 0.05647700
v -0.01427300 -0.02187800 0.05610400
v -0.01582000 -0.02187800 0.05568700
v -0.01735500 -0.02187800 0.05522800
v -0.01887700 -0.02187800 0.05472700
v -0.02038400 -0.02187800 0.05418300
v -0.02187600 -0.02187800 0.05359800
v -0.02335100 -0.02187800 0.05297200
v -0.02480800 -0.02187800 0.05230600
v -0.02624600 -0.02187800 0.05159900
v -0.02766400 -0.02187800 0.05085300
v -0.02906100 -0.02187800 0.05006800
v -0.03043600 -0.02187800 0.04924500
v -0.03178700 -0.02187800 0.04838300
v -0.03311400 -0.02187800 0.04748500
v -0.03441500 -0.02187800 0.04655100
v -0.03569000 -0.02187800 0.04558000
v -0.03693800 -0.02187800 0.04457500
v -0.03815800 -0.02187800 0.04353600
v -0.03934800 -0.02187800 0.04246300
v -0.04050800 -0.02187800 0.04135800
v -0.04163700 -0.02187800 0.04022100
v -0.04273400 -0.02187800 0.03905300
v -0.04379900 -0.02187800 0.03785500
v -0.04483000 -0.02187800 0.03662900
v -0.04582600 -0.02187800 0.03537400
v -0.04678800 -0.02187800 0.03409200
v -0.04771300 -0.02187800 0.03278400
v -0.04860200 -0.02187800 0.03145100
v -0.04945400 -0.02187800 0.03009400
v -0.05026800 -0.02187800 0.02871400
v -0.05104300 -0.02187800 0.02731200
v -0.05178000 -0.02187800 0.02588900
v -0.05247600 -0.02187800 0.02444600
v -0.05313300 -0.02187800 0.02298400
v -0.05374900 -0.02187800 0.02150500
v -0.05432300 -0.02187800 0.02000900
v -0.05485600 -0.02187800 0.01849800
v -0.05534700 -0.02187800 0.01697200
v -0.05579500 -0.02187800 0.01543400
v -0.05620100 -0.02187800 0.01388400
v -0.05656400 -0.02187800 0.01232300
v -0.05688300 -0.02187800 0.01075300
v -0.05715900 -0.02187800 0.00917500
v -0.05739100 -0.02187800 0.00758900
v -0.05757900 -0.02187800 0.00599800
v -0.05772300 -0.02187800 0.00440200
v -0.05782300 -0.02187800 0.00280300
v -0.05787800 -0.02187800 0.00120200
v -0.05788900 -0.02187800 -0.00040100
v -0.05785600 -0.02187800 -0.00200300
v -0.05777900 -0.02187800 -0.00360300
v -0.05765700 -0.02187800 -0.00520100
v -0.05749100 -0.02187800 -0.00679400
v -0.05728100 -0.02187800 -0.00838300
v -0.05702700 -0.02187800 -0.00996500
v -0.05672900 -0.02187800 -0.01153900
v -0.05638800 -0.02187800 -0.01310500
v -0.05600400 -0.02187800 -0.01466100
v -0.05557700 -0.02187800 -0.01620500
v -0.05510700 -0.02187800 -0.01773700
v -0.05459500 -0.02187800 -0.01925500
v -0.05404100 -0.02187800 -0.02075900
v -0.05344600 -0.02187800 -0.02224600
v -0.05281000 -0.02187800 -0.02371700
v -0.05213300 -0.02187800 -0.02516900
v -0.05141600 -0.02187800 -0.02660300
v -0.05066100 -0.02187800 -0.02801500
v -0.04986600 -0.02187800 -0.02940700
v -0.04903300 -0.02187800 -0.03077600
v -0.04816200 -0.02187800 -0.03212100
v -0.04725500 -0.02187800 -0.03344100
v -0.04631100 -0.02187800 -0.03473600
v -0.04533200 -0.02187800 -0.03600500
v -0.04431800 -0.02187800 -0.03724600
v -0.04327100 -0.02187800 -0.03845800
v -0.04219000 -0.02187800 -0.03964100
v -0.04107600 -0.02187800 -0.04079300
v -0.03993200 -0.02187800 -0.04191400
v -0.03875600 -0.02187800 -0.04300300
v -0.03755100 -0.02187800 -0.04406000
v -0.03631800 -0.02187800 -0.04508200
v -0.03505600 -0.02187800 -0.04607000
v -0.03376800 -0.02187800 -0.04702200
v -0.03245300 -0.02187800 -0.04793900
v -0.03111400 -0.02187800 -0.04881900
v -0.02975100 -0.02187800 -0.04966100
v -0.02836500 -0.02187800 -0.05046500
v -0.02695800 -0.02187800 -0.05123100
v -0.02553000 -0.02187800 -0.05195800
v -0.02408200 -0.02187800 -0.05264400
v -0.02261600 -0.02187800 -0.05329100
v -0.02113200 -0.02187800 -0.05389600
v -0.01963200 -0.02187800 -0.05446000
v -0.01811800 -0.02187800 -0.05498300
v -0.01658900 -0.02187800 -0.05546300
v -0.01504800 -0.02187800 -0.05590100
v -0.01349500 -0.02187800 -0.05629600
v -0.01193200 -0.02187800 -0.05664800
v -0.01035900 -0.02187800 -0.05695600
v -0.00877900 -0.02187800 -0.05722100
v -0.00719200 -0.02187800 -0.05744200
v -0.00560000 -0.02187800 -0.05761900
v -0.00400300 -0.02187800 -0.05775200
v -0.00240300 -0.02187800 -0.05784100
v -0.00080100 -0.02187800 -0.05788500
v 0.00080100 -0.02187800 -0.05788500
v 0.00240300 -0.02187800 -0.05784100
v 0.00400300 -0.02187800 -0.05775200
v 0.00560000 -0.02187800 -0.05761900
v 0.00719200 -0.02187800 -0.05744200
v 0.00877900 -0.02187800 -0.05722100
v 0.01035900 -0.02187800 -0.05695600
v 0.01193200 -0.02187800 -0.05664800
v 0.01349500 -0.02187800 -0.05629600
v 0.01504800 -0.02187800 -0.05590100
v 0.01658900 -0.02187800 -0.05546300
v 0.01811800 -0.02187800 -0.05498300
v 0.01963200 -0.02187800 -0.05446000
v 0.02113200 -0.02187800 -0.05389600
v 0.02261600 -0.02187800 -0.05329100
v 0.02408200 -0.02187800 -0.05264400
v 0.02553000 -0.02187800 -0.05195800
v 0.02695800 -0.02187800 -0.05123100
v 0.02836500 -0.02187800 -0.05046500
v 0.02975100 -0.02187800 -0.04966100
v 0.03111400 -0.02187800 -0.04881900
v 0.03245300 -0.02187800 -0.04793900
v 0.03376800 -0.02187800 -0.04702200
v 0.03505600 -0.02187800 -0.04607000
v 0.03631800 -0.02187800 -0.04508200
v 0.03755100 -0.02187800 -0.04406000
v 0.03875600 -0.02187800 -0.04300300
v 0.03993200 -0.02187800 -0.04191400
v 0.04107600 -0.02187800 -0.04079300
v 0.04219000 -0.02187800 -0.03964100
v 0.04327100 -0.02187800 -0.03845800
v 0.04431800 -0.02187800 -0.03724600
v 0.04533200 -0.02187800 -0.03600500
v 0.04631100 -0.02187800 -0.03473600
v 0.04725500 -0.02187800 -0.03344100
v 0.04816200 -0.02187800 -0.03212100
v 0.04903300 -0.02187800 -0.03077600
v 0.04986600 -0.02187800 -0.02940700
v 0.05066100 -0.02187800 -0.02801500
v 0.05141600 -0.02187800 -0.02660300
v 0.05213300 -0.02187800 -0.02516900
v 0.05281000 -0.02187800 -0.02371700
v 0.05344600 -0.02187800 -0.02224600
v 0.05404100 -0.02187800 -0.02075900
v 0.05459500 -0.02187800 -0.01925500
v 0.05510700 -0.02187800 -0.01773700
v 0.05557700 -0.02187800 -0.01620500
v 0.05600400 -0.02187800 -0.01466100
v 0.05638800 -0.02187800 -0.01310500
v 0.05672900 -0.02187800 -0.01153900
v 0.05702700 -0.02187800 -0.00996500
v 0.05728100 -0.02187800 -0.00838300
v 0.05749100 -0.02187800 -0.00679400
v 0.05765700 -0.02187800 -0.00520100
v 0.05777900 -0.02187800 -0.00360300
v 0.05785600 -0.02187800 -0.00200300
v 0.05788900 -0.02187800 -0.00040100
v 0.05787800 -0.02187800 0.00120200
v 0.05782300 -0.02187800 0.00280300
v 0.05772300 -0.02187800 0.00440200
v 0.05757900 -0.02187800 0.00599800
v 0.05739100 -0.02187800 0.00758900
v 0.05715900 -0.02187800 0.00917500
v 0.05688300 -0.02187800 0.01075300
v 0.05656400 -0.02187800 0.01232300
v 0.05620100 -0.02187800 0.01388400
v 0.05579600 -0.02187800 0.01543400
v 0.05534700 -0.02187800 0.01697200
v 0.05485600 -0.02187800 0.01849800
v 0.05432300 -0.02187800 0.02000900
v 0.05374900 -0.02187800 0.02150500
v 0.05313300 -0.02187800 0.02298400
v 0.05247600 -0.02187800 0.02444600
v 0.05178000 -0.02187800 0.02588900
v 0.05104300 -0.02187800 0.02731200
v 0.05026800 -0.02187800 0.02871400
v 0.04945400 -0.02187800 0.03009400
v 0.04860200 -0.02187800 0.03145100
v 0.04771300 -0.02187800 0.03278400
v 0.04678800 -0.02187800 0.03409200
v 0.04582600 -0.02187800 0.03537400
v 0.04483000 -0.02187800 0.03662900
v 0.04379900 -0.02187800 0.03785500
v 0.04273400 -0.02187800 0.03905300
v 0.04163700 -0.02187800 0.04022100
v 0.04050800 -0.02187800 0.04135800
v 0.03934800 -0.02187800 0.04246300
v 0.03815800 -0.02187800 0.04353600
v 0.03693800 -0.02187800 0.04457500
v 0.03569000 -0.02187800 0.04558000
v 0.03441500 -0.02187800 0.04655100
v 0.03311400 -0.02187800 0.04748500
v 0.03178700 -0.02187800 0.04838300
v 0.03043600 -0.02187800 0.04924500
v 0.02906100 -0.02187800 0.05006800
v 0.02766400 -0.02187800 0.05085300
v 0.02624600 -0.02187800 0.05159900
v 0.02480800 -0.02187800 0.05230600
v 0.02335100 -0.02187800 0.05297200
v 0.02187600 -0.02187800 0.05359800
v 0.02038400 -0.02187800 0.05418300
v 0.01887700 -0.02187800 0.05472700
v 0.01735500 -0.02187800 0.05522800
v 0.01582000 -0.02187800 0.05568700
v 0.01427300 -0.02187800 0.05610400
v 0.01271500 -0.02187800 0.05647700
v 0.01114700 -0.02187800 0.05680800
v 0.00957000 -0.02187800 0.05709400
v 0.00798600 -0.02187800 0.05733700
v 0.00639600 -0.02187800 0.05753600
v 0.00480200 -0.02187800 0.05769100
v 0.00320300 -0.02187800 0.05780200
v 0.00160200 -0.02187800 0.05786900
v 0.00000000 -0.02187800 0.05789100
v 0.00000000 -0.02118300 0.05753800
v 0.00000000 -0.02068400 0.05696000
v 0.00000000 -0.02041200 0.05623600
v 0.00000000 -0.02033400 0.05545900
v 0.00505400 -0.02118300 0.05731600
v 0.00500400 -0.02068400 0.05674000
v 0.00494000 -0.02041200 0.05601900
v 0.00487200 -0.02033400 0.05524400
v 0.00974400 -0.02118300 0.05670700
v 0.00964600 -0.02068400 0.05613700
v 0.00952400 -0.02041200 0.05542400
v 0.00939200 -0.02033400 0.05465700
v 0.01434400 -0.02118300 0.05572200
v 0.01420000 -0.02068400 0.05516200
v 0.01401900 -0.02041200 0.05446000
v 0.01382500 -0.02033400 0.05370800
v 0.01884800 -0.02118300 0.05436400
v 0.01865800 -0.02068400 0.05381700
v 0.01842100 -0.02041200 0.05313300
v 0.01816600 -0.02033400 0.05239900
v 0.02322500 -0.02118300 0.05264300
v 0.02299200 -0.02068400 0.05211300
v 0.02270000 -0.02041200 0.05145100
v 0.02238600 -0.02033400 0.05074000
v 0.02743400 -0.02118300 0.05057700
v 0.02715800 -0.02068400 0.05006900
v 0.02681200 -0.02041200 0.04943200
v 0.02644200 -0.02033400 0.04874900
v 0.03136600 -0.02118300 0.04823800
v 0.03105000 -0.02068400 0.04775300
v 0.03065500 -0.02041200 0.04714600
v 0.03023200 -0.02033400 0.04649400
v 0.03509900 -0.02118300 0.04559300
v 0.03474600 -0.02068400 0.04513500
v 0.03430500 -0.02041200 0.04456100
v 0.03383000 -0.02033400 0.04394500
v 0.03861100 -0.02118300 0.04266000
v 0.03822300 -0.02068400 0.04223100
v 0.03773700 -0.02041200 0.04169400
v 0.03721500 -0.02033400 0.04111800
v 0.04187800 -0.02118300 0.03945700
v 0.04145700 -0.02068400 0.03906000
v 0.04093000 -0.02041200 0.03856400
v 0.04036500 -0.02033400 0.03803100
v 0.04488100 -0.02118300 0.03600500
v 0.04443000 -0.02068400 0.03564300
v 0.04386500 -0.02041200 0.03519000
v 0.04325900 -0.02033400 0.03470300
v 0.04760000 -0.02118300 0.03232500
v 0.04712200 -0.02068400 0.03200000
v 0.04652300 -0.02041200 0.03159300
v 0.04587900 -0.02033400 0.03115600
v 0.05001800 -0.02118300 0.02844100
v 0.04951500 -0.02068400 0.02815500
v 0.04888600 -0.02041200 0.02779700
v 0.04821000 -0.02033400 0.02741200
v 0.05212000 -0.02118300 0.02437600
v 0.05159600 -0.02068400 0.02413100
v 0.05094000 -0.02041200 0.02382500
v 0.05023600 -0.02033400 0.02349500
v 0.05389200 -0.02118300 0.02015800
v 0.05335000 -0.02068400 0.01995500
v 0.05267200 -0.02041200 0.01970200
v 0.05194400 -0.02033400 0.01942900
v 0.05532300 -0.02118300 0.01581200
v 0.05476700 -0.02068400 0.01565300
v 0.05407100 -0.02041200 0.01545400
v 0.05332300 -0.02033400 0.01524100
v 0.05640500 -0.02118300 0.01136600
v 0.05583700 -0.02068400 0.01125200
v 0.05512800 -0.02041200 0.01110900
v 0.05436600 -0.02033400 0.01095600
v 0.05716100 -0.02118300 0.00658200
v 0.05658600 -0.02068400 0.00651600
v 0.05586700 -0.02041200 0.00643300
v 0.05509400 -0.02033400 0.00634400
v 0.05751100 -0.02118300 0.00176700
v 0.05693300 -0.02068400 0.00174900
v 0.05620900 -0.02041200 0.00172700
v 0.05543200 -0.02033400 0.00170300
v 0.05748300 -0.02118300 -0.00253000
v 0.05690500 -0.02068400 -0.00250400
v 0.05618200 -0.02041200 -0.00247200
v 0.05540500 -0.02033400 -0.00243800
v 0.05705800 -0.02118300 -0.00741800
v 0.05648500 -0.02068400 -0.00734400
v 0.05576700 -0.02041200 -0.00725000
v 0.05499600 -0.02033400 -0.00715000
v 0.05626200 -0.02118300 -0.01205400
v 0.05569600 -0.02068400 -0.01193300
v 0.05498800 -0.02041200 -0.01178100
v 0.05422800 -0.02033400 -0.01161800
v 0.05508900 -0.02118300 -0.01661000
v 0.05453500 -0.02068400 -0.01644300
v 0.05384200 -0.02041200 -0.01623400
v 0.05309800 -0.02033400 -0.01600900
v 0.05354800 -0.02118300 -0.02105400
v 0.05301000 -0.02068400 -0.02084200
v 0.05233600 -0.02041200 -0.02057700
v 0.05161200 -0.02033400 -0.02029300
v 0.05164900 -0.02118300 -0.02535800
v 0.05113000 -0.02068400 -0.02510300
v 0.05048000 -0.02041200 -0.02478400
v 0.04978200 -0.02033400 -0.02444100
v 0.04944700 -0.02118300 -0.02942300
v 0.04894900 -0.02068400 -0.02912700
v 0.04832700 -0.02041200 -0.02875700
v 0.04765900 -0.02033400 -0.02835900
v 0.04695200 -0.02118300 -0.03325900
v 0.04648000 -0.02068400 -0.03292400
v 0.04589000 -0.02041200 -0.03250600
v 0.04525500 -0.02033400 -0.03205600
v 0.04416100 -0.02118300 -0.03688400
v 0.04371700 -0.02068400 -0.03651300
v 0.04316200 -0.02041200 -0.03604900
v 0.04256500 -0.02033400 -0.03555100
v 0.04109100 -0.02118300 -0.04027600
v 0.04067800 -0.02068400 -0.03987200
v 0.04016100 -0.02041200 -0.03936500
v 0.03960600 -0.02033400 -0.03882100
v 0.03776100 -0.02118300 -0.04341400
v 0.03738100 -0.02068400 -0.04297800
v 0.03690600 -0.02041200 -0.04243100
v 0.03639600 -0.02033400 -0.04184500
v 0.03419200 -0.02118300 -0.04627700
v 0.03384800 -0.02068400 -0.04581200
v 0.03341800 -0.02041200 -0.04523000
v 0.03295600 -0.02033400 -0.04460400
v 0.03040700 -0.02118300 -0.04884800
v 0.03010100 -0.02068400 -0.04835700
v 0.02971800 -0.02041200 -0.04774200
v 0.02930800 -0.02033400 -0.04708200
v 0.02642900 -0.02118300 -0.05110900
v 0.02616400 -0.02068400 -0.05059500
v 0.02583100 -0.02041200 -0.04995200
v 0.02547400 -0.02033400 -0.04926200
v 0.02228500 -0.02118300 -0.05304800
v 0.02206100 -0.02068400 -0.05251400
v 0.02178000 -0.02041200 -0.05184700
v 0.02147900 -0.02033400 -0.05113000
v 0.01799900 -0.02118300 -0.05465100
v 0.01781800 -0.02068400 -0.05410100
v 0.01759200 -0.02041200 -0.05341400
v 0.01734900 -0.02033400 -0.05267500
v 0.01360000 -0.02118300 -0.05590800
v 0.01346300 -0.02068400 -0.05534600
v 0.01329200 -0.02041200 -0.05464200
v 0.01310800 -0.02033400 -0.05388700
v 0.00889600 -0.02118300 -0.05684700
v 0.00880700 -0.02068400 -0.05627500
v 0.00869500 -0.02041200 -0.05556000
v 0.00857500 -0.02033400 -0.05479200
v 0.00407100 -0.02118300 -0.05739400
v 0.00403000 -0.02068400 -0.05681700
v 0.00397800 -0.02041200 -0.05609500
v 0.00392300 -0.02033400 -0.05532000
v 0.00000000 -0.02118300 -0.05753800
v 0.00000000 -0.02068400 -0.05696000
v 0.00000000 -0.02041200 -0.05623600
v 0.00000000 -0.02033400 -0.05545900
v -0.00505400 -0.02118300 -0.05731600
v -0.00500400 -0.02068400 -0.05674000
v -0.00494000 -0.02041200 -0.05601900
v -0.00487200 -0.02033400 -0.05524400
v -0.00974400 -0.02118300 -0.05670700
v -0.00964600 -0.02068400 -0.05613700
v -0.00952400 -0.02041200 -0.05542400
v -0.00939200 -0.02033400 -0.05465700
v -0.01434400 -0.02118300 -0.05572200
v -0.01420000 -0.02068400 -0.05516200
v -0.01401900 -0.02041200 -0.05446000
v -0.01382500 -0.02033400 -0.05370800
v -0.01884800 -0.02118300 -0.05436400
v -0.01865800 -0.02068400 -0.05381700
v -0.01842100 -0.02041200 -0.05313300
v -0.01816600 -0.02033400 -0.05239900
v -0.02322500 -0.02118300 -0.05264300
v -0.02299200 -0.02068400 -0.05211300
v -0.02270000 -0.02041200 -0.05145100
v -0.02238600 -0.02033400 -0.05074000
v -0.02743400 -0.02118300 -0.05057700
v -0.02715800 -0.02068400 -0.05006900
v -0.02681200 -0.02041200 -0.04943200
v -0.02644200 -0.02033400 -0.04874900
v -0.03136500 -0.02118300 -0.04823800
v -0.03105000 -0.02068400 -0.04775300
v -0.03065500 -0.02041200 -0.04714600
v -0.03023200 -0.02033400 -0.04649400
v -0.03509900 -0.02118300 -0.04559300
v -0.03474600 -0.02068400 -0.04513500
v -0.03430500 -0.02041200 -0.04456100
v -0.03383000 -0.02033400 -0.04394500
v -0.03861100 -0.02118300 -0.04266000
v -0.03822300 -0.02068400 -0.04223100
v -0.03773700 -0.02041200 -0.04169400
v -0.03721500 -0.02033400 -0.04111800
v -0.04187800 -0.02118300 -0.03945700
v -0.04145700 -0.02068400 -0.03906000
v -0.04093000 -0.02041200 -0.03856400
v -0.04036500 -0.02033400 -0.03803100
v -0.04488100 -0.02118300 -0.03600500
v -0.04443000 -0.02068400 -0.03564300
v -0.04386500 -0.02041200 -0.03519000
v -0.04325900 -0.02033400 -0.03470300
v -0.04760000 -0.02118300 -0.03232500
v -0.04712200 -0.02068400 -0.03200000
v -0.04652300 -0.02041200 -0.03159300
v -0.04587900 -0.02033400 -0.03115600
v -0.05001800 -0.02118300 -0.02844100
v -0.04951500 -0.02068400 -0.02815500
v -0.04888600 -0.02041200 -0.02779700
v -0.04821000 -0.02033400 -0.02741200
v -0.05212000 -0.02118300 -0.02437600
v -0.05159600 -0.02068400 -0.02413100
v -0.05094000 -0.02041200 -0.02382500
v -0.05023600 -0.02033400 -0.02349500
v -0.05389200 -0.02118300 -0.02015800
v -0.05335000 -0.02068400 -0.01995500
v -0.05267200 -0.02041200 -0.01970200
v -0.05194400 -0.02033400 -0.01942900
v -0.05532300 -0.02118300 -0.01581200
v -0.05476700 -0.02068400 -0.01565300
v -0.05407100 -0.02041200 -0.01545400
v -0.05332300 -0.02033400 -0.01524100
v -0.05640500 -0.02118300 -0.01136600
v -0.05583700 -0.02068400 -0.01125200
v -0.05512800 -0.02041200 -0.01110900
v -0.05436600 -0.02033400 -0.01095600
v -0.05716100 -0.02118300 -0.00658200
v -0.05658600 -0.02068400 -0.00651600
v -0.05586700 -0.02041200 -0.00643300
v -0.05509400 -0.02033400 -0.00634400
v -0.05751100 -0.02118300 -0.00176700
v -0.05693300 -0.02068400 -0.00174900
v -0.05620900 -0.02041200 -0.00172700
v -0.05543200 -0.02033400 -0.00170300
v -0.05748300 -0.02118300 0.00253000
v -0.05690500 -0.02068400 0.00250400
v -0.05618200 -0.02041200 0.00247200
v -0.05540500 -0.02033400 0.00243800
v -0.05705800 -0.02118300 0.00741800
v -0.05648500 -0.02068400 0.00734400
v -0.05576700 -0.02041200 0.00725000
v -0.05499600 -0.02033400 0.00715000
v -0.05626200 -0.02118300 0.01205400
v -0.05569600 -0.02068400 0.01193300
v -0.05498800 -0.02041200 0.01178100
v -0.05422800 -0.02033400 0.01161800
v -0.05508900 -0.02118300 0.01661000
v -0.05453500 -0.02068400 0.01644300
v -0.05384200 -0.02041200 0.01623400
v -0.05309800 -0.02033400 0.01600900
v -0.05354800 -0.02118300 0.02105400
v -0.05301000 -0.02068400 0.02084200
v -0.05233600 -0.02041200 0.02057700
v -0.05161200 -0.02033400 0.02029300
v -0.05164900 -0.02118300 0.02535800
v -0.05113000 -0.02068400 0.02510300
v -0.05048000 -0.02041200 0.02478400
v -0.04978200 -0.02033400 0.02444100
v -0.04944700 -0.02118300 0.02942300
v -0.04894900 -0.02068400 0.02912700
v -0.04832700 -0.02041200 0.02875700
v -0.04765900 -0.02033400 0.02835900
v -0.04695200 -0.02118300 0.03325900
v -0.04648000 -0.02068400 0.03292400
v -0.04589000 -0.02041200 0.03250600
v -0.04525500 -0.02033400 0.03205600
v -0.04416100 -0.02118300 0.03688400
v -0.04371700 -0.02068400 0.03651300
v -0.04316200 -0.02041200 0.03604900
v -0.04256500 -0.02033400 0.03555100
v -0.04109100 -0.02118300 0.04027600
v -0.04067800 -0.02068400 0.03987200
v -0.04016100 -0.02041200 0.03936500
v -0.03960600 -0.02033400 0.03882100
v -0.03776100 -0.02118300 0.04341400
v -0.03738100 -0.02068400 0.04297800
v -0.03690600 -0.02041200 0.04243100
v -0.03639600 -0.02033400 0.04184500
v -0.03419200 -0.02118300 0.04627700
v -0.03384800 -0.02068400 0.04581200
v -0.03341800 -0.02041200 0.04523000
v -0.03295600 -0.02033400 0.04460400
v -0.03040700 -0.02118300 0.04884800
v -0.03010100 -0.02068400 0.04835700
v -0.02971800 -0.02041200 0.04774200
v -0.02930800 -0.02033400 0.04708200
v -0.02642900 -0.02118300 0.05110900
v -0.02616400 -0.02068400 0.05059500
v -0.02583100 -0.02041200 0.04995200
v -0.02547400 -0.02033400 0.04926200
v -0.02228500 -0.02118300 0.05304800
v -0.02206100 -0.02068400 0.05251400
v -0.02178000 -0.02041200 0.05184700
v -0.02147900 -0.02033400 0.05113000
v -0.01799900 -0.02118300 0.05465100
v -0.01781800 -0.02068400 0.05410100
v -0.01759200 -0.02041200 0.05341400
v -0.01734900 -0.02033400 0.05267500
v -0.01360000 -0.02118300 0.05590800
v -0.01346300 -0.02068400 0.05534600
v -0.01329200 -0.02041200 0.05464200
v -0.01310800 -0.02033400 0.05388700
v -0.00889600 -0.02118300 0.05684700
v -0.00880700 -0.02068400 0.05627500
v -0.00869500 -0.02041200 0.05556000
v -0.00857500 -0.02033400 0.05479200
v -0.00407100 -0.02118300 0.05739400
v -0.00403000 -0.02068400 0.05681700
v -0.00397800 -0.02041200 0.05609500
v -0.00392300 -0.02033400 0.05532000
v 0.00000000 -0.02187800 0.05789100
v 0.00000000 -0.02118300 0.05753800
v 0.00000000 -0.02068400 0.05696000
v 0.00000000 -0.02041200 0.05623600
v 0.00000000 -0.02033400 0.05545900
v 0.00160200 -0.02187800 0.05786900
v 0.00320300 -0.02187800 0.05780200
v 0.00480200 -0.02187800 0.05769100
v 0.00639600 -0.02187800 0.05753600
v 0.00798600 -0.02187800 0.05733700
v 0.00957000 -0.02187800 0.05709400
v 0.01114700 -0.02187800 0.05680800
v 0.01271500 -0.02187800 0.05647700
v 0.01427300 -0.02187800 0.05610400
v 0.01582000 -0.02187800 0.05568700
v 0.01735500 -0.02187800 0.05522800
v 0.01887700 -0.02187800 0.05472700
v 0.02038400 -0.02187800 0.05418300
v 0.02187600 -0.02187800 0.05359800
v 0.02335100 -0.02187800 0.05297200
v 0.02480800 -0.02187800 0.05230600
v 0.02624600 -0.02187800 0.05159900
v 0.02766400 -0.02187800 0.05085300
v 0.02906100 -0.02187800 0.05006800
v 0.03043600 -0.02187800 0.04924500
v 0.03178700 -0.02187800 0.04838300
v 0.03311400 -0.02187800 0.04748500
v 0.03441500 -0.02187800 0.04655100
v 0.03569000 -0.02187800 0.04558000
v 0.03693800 -0.02187800 0.04457500
v 0.03815800 -0.02187800 0.04353600
v 0.03934800 -0.02187800 0.04246300
v 0.04050800 -0.02187800 0.04135800
v 0.04163700 -0.02187800 0.04022100
v 0.04273400 -0.02187800 0.03905300
v 0.04379900 -0.02187800 0.03785500
v 0.04483000 -0.02187800 0.03662900
v 0.04582600 -0.02187800 0.03537400
v 0.04678800 -0.02187800 0.03409200
v 0.04771300 -0.02187800 0.03278400
v 0.04860200 -0.02187800 0.03145100
v 0.04945400 -0.02187800 0.03009400
v 0.05026800 -0.02187800 0.02871400
v 0.05104300 -0.02187800 0.02731200
v 0.05178000 -0.02187800 0.02588900
v 0.05247600 -0.02187800 0.02444600
v 0.05313300 -0.02187800 0.02298400
v 0.05374900 -0.02187800 0.02150500
v 0.05432300 -0.02187800 0.02000900
v 0.05485600 -0.02187800 0.01849800
v 0.05534700 -0.02187800 0.01697200
v 0.05579600 -0.02187800 0.01543400
v 0.05620100 -0.02187800 0.01388400
v 0.05656400 -0.02187800 0.01232300
v 0.05688300 -0.02187800 0.01075300
v 0.05715900 -0.02187800 0.00917500
v 0.05739100 -0.02187800 0.00758900
v 0.05757900 -0.02187800 0.00599800
v 0.05772300 -0.02187800 0.00440200
v 0.05782300 -0.02187800 0.00280300
v 0.05787800 -0.02187800 0.00120200
v 0.05788900 -0.02187800 -0.00040100
v 0.05785600 -0.02187800 -0.00200300
v 0.05777900 -0.02187800 -0.00360300
v 0.05765700 -0.02187800 -0.00520100
v 0.05749100 -0.02187800 -0.00679400
v 0.05728100 -0.02187800 -0.00838300
v 0.05702700 -0.02187800 -0.00996500
v 0.05672900 -0.02187800 -0.01153900
v 0.05638800 -0.02187800 -0.01310500
v 0.05600400 -0.02187800 -0.01466100
v 0.05557700 -0.02187800 -0.01620500
v 0.05510700 -0.02187800 -0.01773700
v 0.05459500 -0.02187800 -0.01925500
v 0.05404100 -0.02187800 -0.02075900
v 0.05344600 -0.02187800 -0.02224600
v 0.05281000 -0.02187800 -0.02371700
v 0.05213300 -0.02187800 -0.02516900
v 0.05141600 -0.02187800 -0.02660300
v 0.05066100 -0.02187800 -0.02801500
v 0.04986600 -0.02187800 -0.02940700
v 0.04903300 -0.02187800 -0.03077600
v 0.04816200 -0.02187800 -0.03212100
v 0.04725500 -0.02187800 -0.03344100
v 0.04631100 -0.02187800 -0.03473600
v 0.04533200 -0.02187800 -0.03600500
v 0.04431800 -0.02187800 -0.03724600
v 0.04327100 -0.02187800 -0.03845800
v 0.04219000 -0.02187800 -0.03964100
v 0.04107600 -0.02187800 -0.04079300
v 0.03993200 -0.02187800 -0.04191400
v 0.03875600 -0.02187800 -0.04300300
v 0.03755100 -0.02187800 -0.04406000
v 0.03631800 -0.02187800 -0.04508200
v 0.03505600 -0.02187800 -0.04607000
v 0.03376800 -0.02187800 -0.04702200
v 0.03245300 -0.02187800 -0.04793900
v 0.03111400 -0.02187800 -0.04881900
v 0.02975100 -0.02187800 -0.04966100
v 0.02836500 -0.02187800 -0.05046500
v 0.02695800 -0.02187800 -0.05123100
v 0.02553000 -0.02187800 -0.05195800
v 0.02408200 -0.02187800 -0.05264400
v 0.02261600 -0.02187800 -0.05329100
v 0.02113200 -0.02187800 -0.05389600
v 0.01963200 -0.02187800 -0.05446000
v 0.01811800 -0.02187800 -0.05498300
v 0.01658900 -0.02187800 -0.05546300
v 0.01504800 -0.02187800 -0.05590100
v 0.01349500 -0.02187800 -0.05629600
v 0.01193200 -0.02187800 -0.05664800
v 0.01035900 -0.02187800 -0.05695600
v 0.00877900 -0.02187800 -0.05722100
v 0.00719200 -0.02187800 -0.05744200
v 0.00560000 -0.02187800 -0.05761900
v 0.00400300 -0.02187800 -0.05775200
v 0.00240300 -0.02187800 -0.05784100
v 0.00080100 -0.02187800 -0.05788500
v -0.00080100 -0.02187800 -0.05788500
v -0.00240300 -0.02187800 -0.05784100
v -0.00400300 -0.02187800 -0.05775200
v -0.00560000 -0.02187800 -0.05761900
v -0.00719200 -0.02187800 -0.05744200
v -0.00877900 -0.02187800 -0.05722100
v -0.01035900 -0.02187800 -0.05695600
v -0.01193200 -0.02187800 -0.05664800
v -0.01349500 -0.02187800 -0.05629600
v -0.01504800 -0.02187800 -0.05590100
v -0.01658900 -0.02187800 -0.05546300
v -0.01811800 -0.02187800 -0.05498300
v -0.01963200 -0.02187800 -0.05446000
v -0.02113200 -0.02187800 -0.05389600
v -0.02261600 -0.02187800 -0.05329100
v -0.02408200 -0.02187800 -0.05264400
v -0.02553000 -0.02187800 -0.05195800
v -0.02695800 -0.02187800 -0.05123100
v -0.02836500 -0.02187800 -0.05046500
v -0.02975100 -0.02187800 -0.04966100
v -0.03111400 -0.02187800 -0.04881900
v -0.03245300 -0.02187800 -0.04793900
v -0.03376800 -0.02187800 -0.04702200
v -0.03505600 -0.02187800 -0.04607000
v -0.03631800 -0.02187800 -0.04508200
v -0.03755100 -0.02187800 -0.04406000
v -0.03875600 -0.02187800 -0.04300300
v -0.03993200 -0.02187800 -0.04191400
v -0.04107600 -0.02187800 -0.04079300
v -0.04219000 -0.02187800 -0.03964100
v -0.04327100 -0.02187800 -0.03845800
v -0.04431800 -0.02187800 -0.03724600
v -0.04533200 -0.02187800 -0.03600500
v -0.04631100 -0.02187800 -0.03473600
v -0.04725500 -0.02187800 -0.03344100
v -0.04816200 -0.02187800 -0.03212100
v -0.04903300 -0.02187800 -0.03077600
v -0.04986600 -0.02187800 -0.02940700
v -0.05066100 -0.02187800 -0.02801500
v -0.05141600 -0.02187800 -0.02660300
v -0.05213300 -0.02187800 -0.02516900
v -0.05281000 -0.02187800 -0.02371700
v -0.05344600 -0.02187800 -0.02224600
v -0.05404100 -0.02187800 -0.02075900
v -0.05459500 -0.02187800 -0.01925500
v -0.05510700 -0.02187800 -0.01773700
v -0.05557700 -0.02187800 -0.01620500
v -0.05600400 -0.02187800 -0.01466100
v -0.05638800 -0.02187800 -0.01310500
v -0.05672900 -0.02187800 -0.01153900
v -0.05702700 -0.02187800 -0.00996500
v -0.05728100 -0.02187800 -0.00838300
v -0.05749100 -0.02187800 -0.00679400
v -0.05765700 -0.02187800 -0.00520100
v -0.05777900 -0.02187800 -0.00360300
v -0.05785600 -0.02187800 -0.00200300
v -0.05788900 -0.02187800 -0.00040100
v -0.05787800 -0.02187800 0.00120200
v -0.05782300 -0.02187800 0.00280300
v -0.05772300 -0.02187800 0.00440200
v -0.05757900 -0.02187800 0.00599800
v -0.05739100 -0.02187800 0.00758900
v -0.05715900 -0.02187800 0.00917500
v -0.05688300 -0.02187800 0.01075300
v -0.05656400 -0.02187800 0.01232300
v -0.05620100 -0.02187800 0.01388400
v -0.05579500 -0.02187800 0.01543400
v -0.05534700 -0.02187800 0.01697200
v -0.05485600 -0.02187800 0.01849800
v -0.05432300 -0.02187800 0.02000900
v -0.05374900 -0.02187800 0.02150500
v -0.05313300 -0.02187800 0.02298400
v -0.05247600 -0.02187800 0.02444600
v -0.05178000 -0.02187800 0.02588900
v -0.05104300 -0.02187800 0.02731200
v -0.05026800 -0.02187800 0.02871400
v -0.04945400 -0.02187800 0.03009400
v -0.04860200 -0.02187800 0.03145100
v -0.04771300 -0.02187800 0.03278400
v -0.04678800 -0.02187800 0.03409200
v -0.04582600 -0.02187800 0.03537400
v -0.04483000 -0.02187800 0.03662900
v -0.04379900 -0.02187800 0.03785500
v -0.04273400 -0.02187800 0.03905300
v -0.04163700 -0.02187800 0.04022100
v -0.04050800 -0.02187800 0.04135800
v -0.03934800 -0.02187800 0.04246300
v -0.03815800 -0.02187800 0.04353600
v -0.03693800 -0.02187800 0.04457500
v -0.03569000 -0.02187800 0.04558000
v -0.03441500 -0.02187800 0.04655100
v -0.03311400 -0.02187800 0.04748500
v -0.03178700 -0.02187800 0.04838300
v -0.03043600 -0.02187800 0.04924500
v -0.02906100 -0.02187800 0.05006800
v -0.02766400 -0.02187800 0.05085300
v -0.02624600 -0.02187800 0.05159900
v -0.02480800 -0.02187800 0.05230600
v -0.02335100 -0.02187800 0.05297200
v -0.02187600 -0.02187800 0.05359800
v -0.02038400 -0.02187800 0.05418300
v -0.01887700 -0.02187800 0.05472700
v -0.01735500 -0.02187800 0.05522800
v -0.01582000 -0.02187800 0.05568700
v -0.01427300 -0.02187800 0.05610400
v -0.01271400 -0.02187800 0.05647700
v -0.01114700 -0.02187800 0.05680800
v -0.00957000 -0.02187800 0.05709400
v -0.00798600 -0.02187800 0.05733700
v -0.00639600 -0.02187800 0.05753600
v -0.00480200 -0.02187800 0.05769100
v -0.00320300 -0.02187800 0.05780200
v -0.00160200 -0.02187800 0.05786900
v 0.00000000 -0.02158900 0.05984800
v 0.00000000 -0.02158900 0.05984800
v 0.00000000 0.01205600 0.05984800
v 0.00000000 0.01205600 0.05984800
v -0.00160000 -0.02158900 0.05982700
v -0.00319900 -0.02158900 0.05976300
v -0.00479500 -0.02158900 0.05965600
v -0.00638800 -0.02158900 0.05950600
v -0.00797700 -0.02158900 0.05931400
v -0.00956000 -0.02158900 0.05908000
v -0.01113600 -0.02158900 0.05880300
v -0.01270400 -0.02158900 0.05848400
v -0.01426300 -0.02158900 0.05812400
v -0.01581200 -0.02158900 0.05772200
v -0.01734900 -0.02158900 0.05727800
v -0.01887400 -0.02158900 0.05679400
v -0.02038600 -0.02158900 0.05626900
v -0.02188300 -0.02158900 0.05570400
v -0.02336400 -0.02158900 0.05509900
v -0.02482900 -0.02158900 0.05445500
v -0.02627600 -0.02158900 0.05377200
v -0.02770400 -0.02158900 0.05305000
v -0.02911200 -0.02158900 0.05229100
v -0.03050000 -0.02158900 0.05149400
v -0.03186500 -0.02158900 0.05066000
v -0.03320800 -0.02158900 0.04979000
v -0.03452800 -0.02158900 0.04888400
v -0.03582200 -0.02158900 0.04794400
v -0.03709100 -0.02158900 0.04696900
v -0.03833300 -0.02158900 0.04596100
v -0.03954800 -0.02158900 0.04491900
v -0.04073500 -0.02158900 0.04384600
v -0.04189300 -0.02158900 0.04274100
v -0.04302000 -0.02158900 0.04160600
v -0.04411700 -0.02158900 0.04044100
v -0.04518300 -0.02158900 0.03924700
v -0.04621600 -0.02158900 0.03802500
v -0.04721600 -0.02158900 0.03677600
v -0.04818200 -0.02158900 0.03550100
v -0.04911400 -0.02158900 0.03420000
v -0.05001100 -0.02158900 0.03287500
v -0.05087200 -0.02158900 0.03152600
v -0.05169600 -0.02158900 0.03015500
v -0.05248400 -0.02158900 0.02876200
v -0.05323400 -0.02158900 0.02734900
v -0.05394600 -0.02158900 0.02591600
v -0.05462000 -0.02158900 0.02446400
v -0.05525400 -0.02158900 0.02299500
v -0.05584900 -0.02158900 0.02151000
v -0.05640400 -0.02158900 0.02000900
v -0.05691900 -0.02158900 0.01849400
v -0.05739300 -0.02158900 0.01696600
v -0.05782600 -0.02158900 0.01542500
v -0.05821800 -0.02158900 0.01387400
v -0.05856800 -0.02158900 0.01231300
v -0.05887600 -0.02158900 0.01074300
v -0.05914200 -0.02158900 0.00916500
v -0.05936600 -0.02158900 0.00758000
v -0.05954800 -0.02158900 0.00599100
v -0.05968700 -0.02158900 0.00439600
v -0.05978300 -0.02158900 0.00279900
v -0.05983600 -0.02158900 0.00120000
v -0.05984700 -0.02158900 -0.00040000
v -0.05981500 -0.02158900 -0.00200000
v -0.05974000 -0.02158900 -0.00359800
v -0.05962200 -0.02158900 -0.00519400
v -0.05946200 -0.02158900 -0.00678600
v -0.05926000 -0.02158900 -0.00837300
v -0.05901500 -0.02158900 -0.00995500
v -0.05872700 -0.02158900 -0.01152900
v -0.05839800 -0.02158900 -0.01309500
v -0.05802700 -0.02158900 -0.01465100
v -0.05761500 -0.02158900 -0.01619700
v -0.05716100 -0.02158900 -0.01773200
v -0.05666700 -0.02158900 -0.01925300
v -0.05613200 -0.02158900 -0.02076100
v -0.05555700 -0.02158900 -0.02225500
v -0.05494200 -0.02158900 -0.02373200
v -0.05428800 -0.02158900 -0.02519200
v -0.05359500 -0.02158900 -0.02663500
v -0.05286400 -0.02158900 -0.02805800
v -0.05209500 -0.02158900 -0.02946100
v -0.05128900 -0.02158900 -0.03084300
v -0.05044600 -0.02158900 -0.03220300
v -0.04956700 -0.02158900 -0.03354000
v -0.04865200 -0.02158900 -0.03485400
v -0.04770300 -0.02158900 -0.03614200
v -0.04672000 -0.02158900 -0.03740400
v -0.04570300 -0.02158900 -0.03864000
v -0.04465400 -0.02158900 -0.03984800
v -0.04357300 -0.02158900 -0.04102700
v -0.04246000 -0.02158900 -0.04217700
v -0.04131800 -0.02158900 -0.04329800
v -0.04014500 -0.02158900 -0.04438700
v -0.03894400 -0.02158900 -0.04544400
v -0.03771600 -0.02158900 -0.04646900
v -0.03646000 -0.02158900 -0.04746100
v -0.03517800 -0.02158900 -0.04841800
v -0.03387100 -0.02158900 -0.04934100
v -0.03254000 -0.02158900 -0.05022900
v -0.03118500 -0.02158900 -0.05108100
v -0.02980900 -0.02158900 -0.05189700
v -0.02841100 -0.02158900 -0.05267500
v -0.02699200 -0.02158900 -0.05341600
v -0.02555500 -0.02158900 -0.05411800
v -0.02409900 -0.02158900 -0.05478200
v -0.02262500 -0.02158900 -0.05540700
v -0.02113600 -0.02158900 -0.05599200
v -0.01963200 -0.02158900 -0.05653700
v -0.01811300 -0.02158900 -0.05704100
v -0.01658200 -0.02158900 -0.05750500
v -0.01503900 -0.02158900 -0.05792800
v -0.01348500 -0.02158900 -0.05830900
v -0.01192100 -0.02158900 -0.05864900
v -0.01034900 -0.02158900 -0.05894700
v -0.00876900 -0.02158900 -0.05920200
v -0.00718300 -0.02158900 -0.05941600
v -0.00559200 -0.02158900 -0.05958600
v -0.00399700 -0.02158900 -0.05971500
v -0.00240000 -0.02158900 -0.05980000
v -0.00080000 -0.02158900 -0.05984300
v 0.00080000 -0.02158900 -0.05984300
v 0.00240000 -0.02158900 -0.05980000
v 0.00399700 -0.02158900 -0.05971500
v 0.00559200 -0.02158900 -0.05958600
v 0.00718300 -0.02158900 -0.05941600
v 0.00876900 -0.02158900 -0.05920200
v 0.01034900 -0.02158900 -0.05894700
v 0.01192100 -0.02158900 -0.05864900
v 0.01348500 -0.02158900 -0.05830900
v 0.01503900 -0.02158900 -0.05792800
v 0.01658200 -0.02158900 -0.05750500
v 0.01811300 -0.02158900 -0.05704100
v 0.01963200 -0.02158900 -0.05653700
v 0.02113600 -0.02158900 -0.05599200
v 0.02262500 -0.02158900 -0.05540700
v 0.02409900 -0.02158900 -0.05478200
v 0.02555500 -0.02158900 -0.05411800
v 0.02699200 -0.02158900 -0.05341600
v 0.02841100 -0.02158900 -0.05267500
v 0.02980900 -0.02158900 -0.05189700
v 0.03118500 -0.02158900 -0.05108100
v 0.03254000 -0.02158900 -0.05022900
v 0.03387100 -0.02158900 -0.04934100
v 0.03517800 -0.02158900 -0.04841800
v 0.03646000 -0.02158900 -0.04746100
v 0.03771600 -0.02158900 -0.04646900
v 0.03894400 -0.02158900 -0.04544400
v 0.04014500 -0.02158900 -0.04438700
v 0.04131800 -0.02158900 -0.04329800
v 0.04246000 -0.02158900 -0.04217700
v 0.04357300 -0.02158900 -0.04102700
v 0.04465400 -0.02158900 -0.03984800
v 0.04570300 -0.02158900 -0.03864000
v 0.04672000 -0.02158900 -0.03740400
v 0.04770300 -0.02158900 -0.03614200
v 0.04865200 -0.02158900 -0.03485400
v 0.04956700 -0.02158900 -0.03354000
v 0.05044600 -0.02158900 -0.03220300
v 0.05128900 -0.02158900 -0.03084300
v 0.05209500 -0.02158900 -0.02946100
v 0.05286400 -0.02158900 -0.02805800
v 0.05359500 -0.02158900 -0.02663500
v 0.05428800 -0.02158900 -0.02519200
v 0.05494200 -0.02158900 -0.02373200
v 0.05555700 -0.02158900 -0.02225500
v 0.05613200 -0.02158900 -0.02076100
v 0.05666700 -0.02158900 -0.01925300
v 0.05716100 -0.02158900 -0.01773200
v 0.05761500 -0.02158900 -0.01619700
v 0.05802700 -0.02158900 -0.01465100
v 0.05839800 -0.02158900 -0.01309500
v 0.05872700 -0.02158900 -0.01152900
v 0.05901500 -0.02158900 -0.00995500
v 0.05926000 -0.02158900 -0.00837300
v 0.05946200 -0.02158900 -0.00678600
v 0.05962200 -0.02158900 -0.00519400
v 0.05974000 -0.02158900 -0.00359800
v 0.05981500 -0.02158900 -0.00200000
v 0.05984700 -0.02158900 -0.00040000
v 0.05983600 -0.02158900 0.00120000
v 0.05978300 -0.02158900 0.00279900
v 0.05968700 -0.02158900 0.00439600
v 0.05954800 -0.02158900 0.00599100
v 0.05936600 -0.02158900 0.00758000
v 0.05914200 -0.02158900 0.00916500
v 0.05887600 -0.02158900 0.01074300
v 0.05856800 -0.02158900 0.01231300
v 0.05821800 -0.02158900 0.01387400
v 0.05782600 -0.02158900 0.01542500
v 0.05739300 -0.02158900 0.01696600
v 0.05691900 -0.02158900 0.01849400
v 0.05640400 -0.02158900 0.02000900
v 0.05584900 -0.02158900 0.02151000
v 0.05525400 -0.02158900 0.02299500
v 0.05462000 -0.02158900 0.02446400
v 0.05394600 -0.02158900 0.02591600
v 0.05323400 -0.02158900 0.02734900
v 0.05248400 -0.02158900 0.02876200
v 0.05169600 -0.02158900 0.03015500
v 0.05087200 -0.02158900 0.03152600
v 0.05001100 -0.02158900 0.03287500
v 0.04911400 -0.02158900 0.03420000
v 0.04818200 -0.02158900 0.03550100
v 0.04721600 -0.02158900 0.03677600
v 0.04621600 -0.02158900 0.03802500
v 0.04518300 -0.02158900 0.03924700
v 0.04411700 -0.02158900 0.04044100
v 0.04302000 -0.02158900 0.04160600
v 0.04189300 -0.02158900 0.04274100
v 0.04073500 -0.02158900 0.04384600
v 0.03954800 -0.02158900 0.04491900
v 0.03833300 -0.02158900 0.04596100
v 0.03709100 -0.02158900 0.04696900
v 0.03582200 -0.02158900 0.04794400
v 0.03452800 -0.02158900 0.04888400
v 0.03320800 -0.02158900 0.04979000
v 0.03186500 -0.02158900 0.05066000
v 0.03050000 -0.02158900 0.05149400
v 0.02911200 -0.02158900 0.05229100
v 0.02770400 -0.02158900 0.05305000
v 0.02627600 -0.02158900 0.05377200
v 0.02482900 -0.02158900 0.05445500
v 0.02336400 -0.02158900 0.05509900
v 0.02188300 -0.02158900 0.05570400
v 0.02038600 -0.02158900 0.05626900
v 0.01887400 -0.02158900 0.05679400
v 0.01734900 -0.02158900 0.05727800
v 0.01581200 -0.02158900 0.05772200
v 0.01426300 -0.02158900 0.05812400
v 0.01270400 -0.02158900 0.05848400
v 0.01113600 -0.02158900 0.05880300
v 0.00956000 -0.02158900 0.05908000
v 0.00797700 -0.02158900 0.05931400
v 0.00638800 -0.02158900 0.05950600
v 0.00479500 -0.02158900 0.05965600
v 0.00319900 -0.02158900 0.05976300
v 0.00160000 -0.02158900 0.05982700
v 0.00000000 -0.00476700 0.05984800
v -0.02175200 -0.00476700 0.05575500
v -0.01075000 -0.00476700 0.05887500
v -0.00530900 -0.00476700 0.05961200
v 0.00000000 -0.01317800 0.05984800
v -0.01075000 -0.01317800 0.05887500
v -0.00530900 -0.01317800 0.05961200
v 0.02273700 -0.00476700 0.05536100
v 0.00000000 -0.00476700 0.05984800
v 0.01124600 -0.00476700 0.05878200
v -0.00263400 -0.01317800 0.05979000
v 0.00000000 -0.01738400 0.05984800
v -0.00530900 -0.01738400 0.05961200
v -0.00263400 -0.01738400 0.05979000
v 0.00555200 -0.00476700 0.05959000
v 0.01124600 -0.01317800 0.05878200
v 0.00000000 -0.01317800 0.05984800
v 0.00555200 -0.01317800 0.05959000
v -0.00801700 -0.01317800 0.05930900
v -0.01075000 -0.01738400 0.05887500
v -0.00801700 -0.01738400 0.05930900
v -0.01625700 -0.00476700 0.05759800
v -0.02175200 -0.01317800 0.05575500
v -0.01625700 -0.01317800 0.05759800
v -0.04187600 -0.00476700 0.04275800
v -0.03236200 -0.00476700 0.05034400
v -0.01350000 -0.01317800 0.05830600
v -0.01625700 -0.01738400 0.05759800
v -0.01350000 -0.01738400 0.05830600
v -0.01901100 -0.01317800 0.05674900
v -0.02175200 -0.01738400 0.05575500
v -0.01901100 -0.01738400 0.05674900
v -0.02715000 -0.00476700 0.05333600
v -0.03236200 -0.01317800 0.05034400
v -0.02715000 -0.01317800 0.05333600
v -0.02446800 -0.01317800 0.05461800
v -0.02715000 -0.01738400 0.05333600
v -0.02446800 -0.01738400 0.05461800
v -0.02978400 -0.01317800 0.05191100
v -0.03236200 -0.01738400 0.05034400
v -0.02978400 -0.01738400 0.05191100
v -0.03729800 -0.00476700 0.04680400
v -0.04187600 -0.01317800 0.04275800
v -0.03729800 -0.01317800 0.04680400
v -0.05536100 -0.00476700 0.02273700
v -0.04970500 -0.00476700 0.03333500
v -0.03487000 -0.01317800 0.04864100
v -0.03729800 -0.01738400 0.04680400
v -0.03487000 -0.01738400 0.04864100
v -0.03963700 -0.01317800 0.04484100
v -0.04187600 -0.01738400 0.04275800
v -0.03963700 -0.01738400 0.04484100
v -0.04604200 -0.00476700 0.03823600
v -0.04970500 -0.01317800 0.03333500
v -0.04604200 -0.01317800 0.03823600
v -0.04401800 -0.01317800 0.04054900
v -0.04604200 -0.01738400 0.03823600
v -0.04401800 -0.01738400 0.04054900
v -0.04794000 -0.01317800 0.03582800
v -0.04970500 -0.01738400 0.03333500
v -0.04794000 -0.01738400 0.03582800
v -0.05282100 -0.00476700 0.02813800
v -0.05536100 -0.01317800 0.02273700
v -0.05282100 -0.01317800 0.02813800
v -0.05984800 -0.00476700 -0.00000000
v -0.05878200 -0.00476700 0.01124600
v -0.05133400 -0.01317800 0.03076800
v -0.05282100 -0.01738400 0.02813800
v -0.05133400 -0.01738400 0.03076800
v -0.05416400 -0.01317800 0.02545800
v -0.05536100 -0.01738400 0.02273700
v -0.05416400 -0.01738400 0.02545800
v -0.05738200 -0.00476700 0.01700400
v -0.05878200 -0.01317800 0.01124600
v -0.05738200 -0.01317800 0.01700400
v -0.05645000 -0.01317800 0.01988000
v -0.05738200 -0.01738400 0.01700400
v -0.05645000 -0.01738400 0.01988000
v -0.05815800 -0.01317800 0.01412300
v -0.05878200 -0.01738400 0.01124600
v -0.05815800 -0.01738400 0.01412300
v -0.05959000 -0.00476700 0.00555200
v -0.05984800 -0.01317800 -0.00000000
v -0.05959000 -0.01317800 0.00555200
v -0.05575500 -0.00476700 -0.02175200
v -0.05887500 -0.00476700 -0.01075000
v -0.05925800 -0.01317800 0.00838600
v -0.05959000 -0.01738400 0.00555200
v -0.05925800 -0.01738400 0.00838600
v -0.05978500 -0.01317800 0.00275400
v -0.05984800 -0.01738400 -0.00000000
v -0.05978500 -0.01738400 0.00275400
v -0.05961200 -0.00476700 -0.00530900
v -0.05887500 -0.01317800 -0.01075000
v -0.05961200 -0.01317800 -0.00530900
v -0.05979000 -0.01317800 -0.00263400
v -0.05961200 -0.01738400 -0.00530900
v -0.05979000 -0.01738400 -0.00263400
v -0.05930900 -0.01317800 -0.00801700
v -0.05887500 -0.01738400 -0.01075000
v -0.05930900 -0.01738400 -0.00801700
v -0.05759800 -0.00476700 -0.01625700
v -0.05575500 -0.01317800 -0.02175200
v -0.05759800 -0.01317800 -0.01625700
v -0.04275800 -0.00476700 -0.04187600
v -0.05034400 -0.00476700 -0.03236200
v -0.05830600 -0.01317800 -0.01350000
v -0.05759800 -0.01738400 -0.01625700
v -0.05830600 -0.01738400 -0.01350000
v -0.05674900 -0.01317800 -0.01901100
v -0.05575500 -0.01738400 -0.02175200
v -0.05674900 -0.01738400 -0.01901100
v -0.05333600 -0.00476700 -0.02715000
v -0.05034400 -0.01317800 -0.03236200
v -0.05333600 -0.01317800 -0.02715000
v -0.05461800 -0.01317800 -0.02446800
v -0.05333600 -0.01738400 -0.02715000
v -0.05461800 -0.01738400 -0.02446800
v -0.05191000 -0.01317800 -0.02978400
v -0.05034400 -0.01738400 -0.03236200
v -0.05191000 -0.01738400 -0.02978400
v -0.04680400 -0.00476700 -0.03729800
v -0.04275800 -0.01317800 -0.04187600
v -0.04680400 -0.01317800 -0.03729800
v -0.02273700 -0.00476700 -0.05536100
v -0.03333500 -0.00476700 -0.04970500
v -0.04864100 -0.01317800 -0.03487000
v -0.04680400 -0.01738400 -0.03729800
v -0.04864100 -0.01738400 -0.03487000
v -0.04484100 -0.01317800 -0.03963700
v -0.04275800 -0.01738400 -0.04187600
v -0.04484100 -0.01738400 -0.03963700
v -0.03823600 -0.00476700 -0.04604200
v -0.03333500 -0.01317800 -0.04970500
v -0.03823600 -0.01317800 -0.04604200
v -0.04054900 -0.01317800 -0.04401800
v -0.03823600 -0.01738400 -0.04604200
v -0.04054900 -0.01738400 -0.04401800
v -0.03582800 -0.01317800 -0.04794000
v -0.03333500 -0.01738400 -0.04970500
v -0.03582800 -0.01738400 -0.04794000
v -0.02813800 -0.00476700 -0.05282100
v -0.02273700 -0.01317800 -0.05536100
v -0.02813800 -0.01317800 -0.05282100
v 0.00000000 -0.00476700 -0.05984800
v -0.01124600 -0.00476700 -0.05878200
v -0.03076800 -0.01317800 -0.05133400
v -0.02813800 -0.01738400 -0.05282100
v -0.03076800 -0.01738400 -0.05133400
v -0.02545800 -0.01317800 -0.05416400
v -0.02273700 -0.01738400 -0.05536100
v -0.02545800 -0.01738400 -0.05416400
v -0.01700400 -0.00476700 -0.05738200
v -0.01124600 -0.01317800 -0.05878200
v -0.01700400 -0.01317800 -0.05738200
v -0.01988000 -0.01317800 -0.05645000
v -0.01700400 -0.01738400 -0.05738200
v -0.01988000 -0.01738400 -0.05645000
v -0.01412300 -0.01317800 -0.05815800
v -0.01124600 -0.01738400 -0.05878200
v -0.01412300 -0.01738400 -0.05815800
v -0.00555200 -0.00476700 -0.05959000
v 0.00000000 -0.01317800 -0.05984800
v -0.00555200 -0.01317800 -0.05959000
v 0.02175200 -0.00476700 -0.05575500
v 0.01075000 -0.00476700 -0.05887500
v -0.00838600 -0.01317800 -0.05925800
v -0.00555200 -0.01738400 -0.05959000
v -0.00838600 -0.01738400 -0.05925800
v -0.00275400 -0.01317800 -0.05978500
v 0.00000000 -0.01738400 -0.05984800
v -0.00275400 -0.01738400 -0.05978500
v 0.00530900 -0.00476700 -0.05961200
v 0.01075000 -0.01317800 -0.05887500
v 0.00530900 -0.01317800 -0.05961200
v 0.00263400 -0.01317800 -0.05979000
v 0.00530900 -0.01738400 -0.05961200
v 0.00263400 -0.01738400 -0.05979000
v 0.00801700 -0.01317800 -0.05930900
v 0.01075000 -0.01738400 -0.05887500
v 0.00801700 -0.01738400 -0.05930900
v 0.01625700 -0.00476700 -0.05759800
v 0.02175200 -0.01317800 -0.05575500
v 0.01625700 -0.01317800 -0.05759800
v 0.04187600 -0.00476700 -0.04275800
v 0.03236200 -0.00476700 -0.05034400
v 0.01350000 -0.01317800 -0.05830600
v 0.01625700 -0.01738400 -0.05759800
v 0.01350000 -0.01738400 -0.05830600
v 0.01901100 -0.01317800 -0.05674900
v 0.02175200 -0.01738400 -0.05575500
v 0.01901100 -0.01738400 -0.05674900
v 0.02715000 -0.00476700 -0.05333600
v 0.03236200 -0.01317800 -0.05034400
v 0.02715000 -0.01317800 -0.05333600
v 0.02446800 -0.01317800 -0.05461800
v 0.02715000 -0.01738400 -0.05333600
v 0.02446800 -0.01738400 -0.05461800
v 0.02978500 -0.01317800 -0.05191100
v 0.03236200 -0.01738400 -0.05034400
v 0.02978500 -0.01738400 -0.05191100
v 0.03729800 -0.00476700 -0.04680400
v 0.04187600 -0.01317800 -0.04275800
v 0.03729800 -0.01317800 -0.04680400
v 0.05536100 -0.00476700 -0.02273700
v 0.04970500 -0.00476700 -0.03333500
v 0.03487000 -0.01317800 -0.04864100
v 0.03729800 -0.01738400 -0.04680400
v 0.03487000 -0.01738400 -0.04864100
v 0.03963700 -0.01317800 -0.04484100
v 0.04187600 -0.01738400 -0.04275800
v 0.03963700 -0.01738400 -0.04484100
v 0.04604200 -0.00476700 -0.03823600
v 0.04970500 -0.01317800 -0.03333500
v 0.04604200 -0.01317800 -0.03823600
v 0.04401800 -0.01317800 -0.04054900
v 0.04604200 -0.01738400 -0.03823600
v 0.04401800 -0.01738400 -0.04054900
v 0.04794000 -0.01317800 -0.03582800
v 0.04970500 -0.01738400 -0.03333500
v 0.04794000 -0.01738400 -0.03582800
v 0.05282100 -0.00476700 -0.02813800
v 0.05536100 -0.01317800 -0.02273700
v 0.05282100 -0.01317800 -0.02813800
v 0.05984800 -0.00476700 -0.00000000
v 0.05878200 -0.00476700 -0.01124600
v 0.05133400 -0.01317800 -0.03076800
v 0.05282100 -0.01738400 -0.02813800
v 0.05133400 -0.01738400 -0.03076800
v 0.05416400 -0.01317800 -0.02545800
v 0.05536100 -0.01738400 -0.02273700
v 0.05416400 -0.01738400 -0.02545800
v 0.05738200 -0.00476700 -0.01700400
v 0.05878200 -0.01317800 -0.01124600
v 0.05738200 -0.01317800 -0.01700400
v 0.05645000 -0.01317800 -0.01988000
v 0.05738200 -0.01738400 -0.01700400
v 0.05645000 -0.01738400 -0.01988000
v 0.05815800 -0.01317800 -0.01412300
v 0.05878200 -0.01738400 -0.01124600
v 0.05815800 -0.01738400 -0.01412300
v 0.05959000 -0.00476700 -0.00555200
v 0.05984800 -0.01317800 -0.00000000
v 0.05959000 -0.01317800 -0.00555200
v 0.05575500 -0.00476700 0.02175200
v 0.05887500 -0.00476700 0.01075000
v 0.05925800 -0.01317800 -0.00838600
v 0.05959000 -0.01738400 -0.00555200
v 0.05925800 -0.01738400 -0.00838600
v 0.05978500 -0.01317800 -0.00275400
v 0.05984800 -0.01738400 -0.00000000
v 0.05978500 -0.01738400 -0.00275400
v 0.05961200 -0.00476700 0.00530900
v 0.05887500 -0.01317800 0.01075000
v 0.05961200 -0.01317800 0.00530900
v 0.05979000 -0.01317800 0.00263400
v 0.05961200 -0.01738400 0.00530900
v 0.05979000 -0.01738400 0.00263400
v 0.05930900 -0.01317800 0.00801700
v 0.05887500 -0.01738400 0.01075000
v 0.05930900 -0.01738400 0.00801700
v 0.05759800 -0.00476700 0.01625700
v 0.05575500 -0.01317800 0.02175200
v 0.05759800 -0.01317800 0.01625700
v 0.04275800 -0.00476700 0.04187600
v 0.05034400 -0.00476700 0.03236200
v 0.05830600 -0.01317800 0.01350000
v 0.05759800 -0.01738400 0.01625700
v 0.05830600 -0.01738400 0.01350000
v 0.05674900 -0.01317800 0.01901100
v 0.05575500 -0.01738400 0.02175200
v 0.05674900 -0.01738400 0.01901100
v 0.05333600 -0.00476700 0.02715000
v 0.05034400 -0.01317800 0.03236200
v 0.05333600 -0.01317800 0.02715000
v 0.05461800 -0.01317800 0.02446800
v 0.05333600 -0.01738400 0.02715000
v 0.05461800 -0.01738400 0.02446800
v 0.05191100 -0.01317800 0.02978400
v 0.05034400 -0.01738400 0.03236200
v 0.05191100 -0.01738400 0.02978400
v 0.04680400 -0.00476700 0.03729800
v 0.04275800 -0.01317800 0.04187600
v 0.04680400 -0.01317800 0.03729800
v 0.03333500 -0.00476700 0.04970500
v 0.04864100 -0.01317800 0.03487000
v 0.04680400 -0.01738400 0.03729800
v 0.04864100 -0.01738400 0.03487000
v 0.04484100 -0.01317800 0.03963700
v 0.04275800 -0.01738400 0.04187600
v 0.04484100 -0.01738400 0.03963700
v 0.03823600 -0.00476700 0.04604200
v 0.03333500 -0.01317800 0.04970500
v 0.03823600 -0.01317800 0.04604200
v 0.04054900 -0.01317800 0.04401800
v 0.03823600 -0.01738400 0.04604200
v 0.04054900 -0.01738400 0.04401800
v 0.03582800 -0.01317800 0.04794000
v 0.03333500 -0.01738400 0.04970500
v 0.03582800 -0.01738400 0.04794000
v 0.02813800 -0.00476700 0.05282100
v 0.02273700 -0.01317800 0.05536100
v 0.02813800 -0.01317800 0.05282100
v 0.03076800 -0.01317800 0.05133400
v 0.02813800 -0.01738400 0.05282100
v 0.03076800 -0.01738400 0.05133400
v 0.02545800 -0.01317800 0.05416400
v 0.02273700 -0.01738400 0.05536100
v 0.02545800 -0.01738400 0.05416400
v 0.01700400 -0.00476700 0.05738200
v 0.01700400 -0.01317800 0.05738200
v 0.01988000 -0.01317800 0.05645000
v 0.01700400 -0.01738400 0.05738200
v 0.01988000 -0.01738400 0.05645000
v 0.01412300 -0.01317800 0.05815800
v 0.01124600 -0.01738400 0.05878200
v 0.01412300 -0.01738400 0.05815800
v 0.00838600 -0.01317800 0.05925800
v 0.00555200 -0.01738400 0.05959000
v 0.00838600 -0.01738400 0.05925800
v 0.00275400 -0.01317800 0.05978500
v 0.00000000 -0.01738400 0.05984800
v 0.00275400 -0.01738400 0.05978500
v 0.02203000 0.01205600 0.05564600
v 0.04231900 0.01205600 0.04231900
v 0.05564600 0.01205600 0.02203000
v 0.05984800 0.01205600 -0.00000000
v 0.05564600 0.01205600 -0.02203000
v 0.04231900 0.01205600 -0.04231900
v 0.02203000 0.01205600 -0.05564600
v 0.00000000 0.01205600 -0.05984800
v -0.02203000 0.01205600 -0.05564600
v -0.04231900 0.01205600 -0.04231900
v -0.05564600 0.01205600 -0.02203000
v -0.05984800 0.01205600 -0.00000000
v -0.05564600 0.01205600 0.02203000
v -0.04231900 0.01205600 0.04231900
v -0.02203000 0.01205600 0.05564600
v 0.00000000 -0.02033400 0.05545900
v -0.00392300 -0.02033400 0.05532000
v -0.00857500 -0.02033400 0.05479200
v -0.01310800 -0.02033400 0.05388700
v -0.01734900 -0.02033400 0.05267500
v -0.02147900 -0.02033400 0.05113000
v -0.02547400 -0.02033400 0.04926200
v -0.02930800 -0.02033400 0.04708200
v -0.03295600 -0.02033400 0.04460400
v -0.03639600 -0.02033400 0.04184500
v -0.03960600 -0.02033400 0.03882100
v -0.04256500 -0.02033400 0.03555100
v -0.04525500 -0.02033400 0.03205600
v -0.04765900 -0.02033400 0.02835900
v -0.04978200 -0.02033400 0.02444100
v -0.05161200 -0.02033400 0.02029300
v -0.05309800 -0.02033400 0.01600900
v -0.05422800 -0.02033400 0.01161800
v -0.05499600 -0.02033400 0.00715000
v -0.05540500 -0.02033400 0.00243800
v -0.05543200 -0.02033400 -0.00170300
v -0.05509400 -0.02033400 -0.00634400
v -0.05436600 -0.02033400 -0.01095600
v -0.05332300 -0.02033400 -0.01524100
v -0.05194400 -0.02033400 -0.01942900
v -0.05023600 -0.02033400 -0.02349500
v -0.04821000 -0.02033400 -0.02741200
v -0.04587900 -0.02033400 -0.03115600
v -0.04325900 -0.02033400 -0.03470300
v -0.04036500 -0.02033400 -0.03803100
v -0.03721500 -0.02033400 -0.04111800
v -0.03383000 -0.02033400 -0.04394500
v -0.03023200 -0.02033400 -0.04649400
v -0.02644200 -0.02033400 -0.04874900
v -0.02238600 -0.02033400 -0.05074000
v -0.01816600 -0.02033400 -0.05239900
v -0.01382500 -0.02033400 -0.05370800
v -0.00939200 -0.02033400 -0.05465700
v -0.00487200 -0.02033400 -0.05524400
v 0.00000000 -0.02033400 -0.05545900
v 0.00392300 -0.02033400 -0.05532000
v 0.00857500 -0.02033400 -0.05479200
v 0.01310800 -0.02033400 -0.05388700
v 0.01734900 -0.02033400 -0.05267500
v 0.02147900 -0.02033400 -0.05113000
v 0.02547400 -0.02033400 -0.04926200
v 0.02930800 -0.02033400 -0.04708200
v 0.03295600 -0.02033400 -0.04460400
v 0.03639600 -0.02033400 -0.04184500
v 0.03960600 -0.02033400 -0.03882100
v 0.04256500 -0.02033400 -0.03555100
v 0.04525500 -0.02033400 -0.03205600
v 0.04765900 -0.02033400 -0.02835900
v 0.04978200 -0.02033400 -0.02444100
v 0.05161200 -0.02033400 -0.02029300
v 0.05309800 -0.02033400 -0.01600900
v 0.05422800 -0.02033400 -0.01161800
v 0.05499600 -0.02033400 -0.00715000
v 0.05540500 -0.02033400 -0.00243800
v 0.05543200 -0.02033400 0.00170300
v 0.05509400 -0.02033400 0.00634400
v 0.05436600 -0.02033400 0.01095600
v 0.05332300 -0.02033400 0.01524100
v 0.05194400 -0.02033400 0.01942900
v 0.05023600 -0.02033400 0.02349500
v 0.04821000 -0.02033400 0.02741200
v 0.04587900 -0.02033400 0.03115600
v 0.04325900 -0.02033400 0.03470300
v 0.04036500 -0.02033400 0.03803100
v 0.03721500 -0.02033400 0.04111800
v 0.03383000 -0.02033400 0.04394500
v 0.03023200 -0.02033400 0.04649400
v 0.02644200 -0.02033400 0.04874900
v 0.02238600 -0.02033400 0.05074000
v 0.01816600 -0.02033400 0.05239900
v 0.01382500 -0.02033400 0.05370800
v 0.00939200 -0.02033400 0.05465700
v 0.00487200 -0.02033400 0.05524400
v 0.00000000 0.01205600 0.05984800
v 0.02203000 0.01205600 0.05564600
v 0.04231900 0.01205600 0.04231900
v 0.05564600 0.01205600 0.02203000
v 0.05984800 0.01205600 -0.00000000
v 0.05564600 0.01205600 -0.02203000
v 0.04231900 0.01205600 -0.04231900
v 0.02203000 0.01205600 -0.05564600
v 0.00000000 0.01205600 -0.05984800
v -0.02203000 0.01205600 -0.05564600
v -0.04231900 0.01205600 -0.04231900
v -0.05564600 0.01205600 -0.02203000
v -0.05984800 0.01205600 -0.00000000
v -0.05564600 0.01205600 0.02203000
v -0.04231900 0.01205600 0.04231900
v -0.02203000 0.01205600 0.05564600
vn -0.00000000 -0.00000000 1.00000000
vn 0.00000000 -0.34650000 0.93810000
vn -0.00000000 -0.65930000 0.75190000
vn -0.00000000 -0.88370000 0.46810000
vn -0.00000000 -0.98930000 0.14590000
vn -0.00000000 -0.97860000 -0.20590000
vn -0.00000000 -0.84010000 -0.54250000
vn -0.00000000 -0.59210000 -0.80590000
vn -0.00000000 -0.28870000 -0.95740000
vn 0.03650000 -0.34640000 0.93740000
vn 0.02930000 -0.65920000 0.75140000
vn 0.01820000 -0.88370000 0.46780000
vn 0.00570000 -0.98930000 0.14570000
vn -0.00800000 -0.97860000 -0.20580000
vn -0.02110000 -0.84010000 -0.54200000
vn -0.03140000 -0.59210000 -0.80530000
vn 0.07310000 -0.34650000 0.93520000
vn 0.05860000 -0.65920000 0.74960000
vn 0.03650000 -0.88360000 0.46670000
vn 0.01140000 -0.98930000 0.14540000
vn -0.01600000 -0.97860000 -0.20510000
vn -0.04220000 -0.84010000 -0.54080000
vn -0.06280000 -0.59210000 -0.80340000
vn 0.10800000 -0.34650000 0.93180000
vn 0.08650000 -0.65930000 0.74690000
vn 0.05390000 -0.88360000 0.46500000
vn 0.01680000 -0.98930000 0.14490000
vn -0.02370000 -0.97860000 -0.20460000
vn -0.06240000 -0.84010000 -0.53890000
vn -0.09280000 -0.59210000 -0.80050000
vn 0.14160000 -0.34650000 0.92730000
vn 0.11360000 -0.65920000 0.74330000
vn 0.07070000 -0.88370000 0.46280000
vn 0.02200000 -0.98930000 0.14420000
vn -0.03110000 -0.97850000 -0.20370000
vn -0.08190000 -0.84010000 -0.53620000
vn -0.12170000 -0.59210000 -0.79660000
vn 0.17520000 -0.34650000 0.92150000
vn 0.14040000 -0.65920000 0.73870000
vn 0.08740000 -0.88360000 0.45990000
vn 0.02720000 -0.98930000 0.14340000
vn -0.03850000 -0.97860000 -0.20230000
vn -0.10130000 -0.84010000 -0.53290000
vn -0.15050000 -0.59200000 -0.79170000
vn 0.20850000 -0.34650000 0.91460000
vn 0.16710000 -0.65930000 0.73310000
vn 0.10400000 -0.88360000 0.45650000
vn 0.03240000 -0.98930000 0.14220000
vn -0.04580000 -0.97850000 -0.20100000
vn -0.12050000 -0.84010000 -0.52890000
vn -0.17910000 -0.59210000 -0.78570000
vn 0.24140000 -0.34650000 0.90640000
vn 0.19350000 -0.65930000 0.72660000
vn 0.12050000 -0.88370000 0.45230000
vn 0.03750000 -0.98930000 0.14090000
vn -0.05300000 -0.97860000 -0.19890000
vn -0.13960000 -0.84010000 -0.52420000
vn -0.20740000 -0.59210000 -0.77870000
vn 0.27410000 -0.34650000 0.89710000
vn 0.21970000 -0.65920000 0.71910000
vn 0.13680000 -0.88370000 0.44770000
vn 0.04260000 -0.98930000 0.13960000
vn -0.06020000 -0.97860000 -0.19690000
vn -0.15850000 -0.84010000 -0.51870000
vn -0.23550000 -0.59210000 -0.77070000
vn 0.30670000 -0.34670000 0.88640000
vn 0.24560000 -0.65930000 0.71070000
vn 0.15290000 -0.88360000 0.44250000
vn 0.04770000 -0.98930000 0.13790000
vn -0.06740000 -0.97850000 -0.19490000
vn -0.17720000 -0.84010000 -0.51270000
vn -0.26330000 -0.59210000 -0.76170000
vn 0.33830000 -0.34650000 0.87490000
vn 0.27120000 -0.65920000 0.70130000
vn 0.16890000 -0.88370000 0.43660000
vn 0.05260000 -0.98930000 0.13590000
vn -0.07430000 -0.97860000 -0.19200000
vn -0.19570000 -0.84010000 -0.50600000
vn -0.29070000 -0.59210000 -0.75160000
vn 0.36990000 -0.34650000 0.86200000
vn 0.29650000 -0.65920000 0.69100000
vn 0.18460000 -0.88370000 0.43020000
vn 0.05750000 -0.98930000 0.13410000
vn -0.08120000 -0.97860000 -0.18920000
vn -0.21390000 -0.84010000 -0.49850000
vn -0.31770000 -0.59210000 -0.74060000
vn 0.40080000 -0.34660000 0.84810000
vn 0.32130000 -0.65920000 0.67990000
vn 0.20000000 -0.88370000 0.42320000
vn 0.06230000 -0.98930000 0.13190000
vn -0.08800000 -0.97860000 -0.18610000
vn -0.23180000 -0.84010000 -0.49040000
vn -0.34440000 -0.59210000 -0.72860000
vn 0.43130000 -0.34650000 0.83300000
vn 0.34570000 -0.65930000 0.66770000
vn 0.21520000 -0.88370000 0.41570000
vn 0.06710000 -0.98930000 0.12950000
vn -0.09470000 -0.97860000 -0.18290000
vn -0.24940000 -0.84010000 -0.48170000
vn -0.37050000 -0.59210000 -0.71570000
vn 0.46060000 -0.34650000 0.81720000
vn 0.36920000 -0.65920000 0.65510000
vn 0.22990000 -0.88360000 0.40780000
vn 0.07160000 -0.98930000 0.12700000
vn -0.10120000 -0.97850000 -0.17950000
vn -0.26630000 -0.84010000 -0.47250000
vn -0.39570000 -0.59210000 -0.70200000
vn 0.48900000 -0.34650000 0.80050000
vn 0.39210000 -0.65920000 0.64160000
vn 0.24410000 -0.88370000 0.39950000
vn 0.07610000 -0.98930000 0.12450000
vn -0.10740000 -0.97860000 -0.17570000
vn -0.28290000 -0.84010000 -0.46290000
vn -0.42020000 -0.59210000 -0.68770000
vn 0.51700000 -0.34650000 0.78270000
vn 0.41450000 -0.65920000 0.62750000
vn 0.25800000 -0.88370000 0.39060000
vn 0.08040000 -0.98930000 0.12170000
vn -0.11360000 -0.97850000 -0.17190000
vn -0.29900000 -0.84010000 -0.45260000
vn -0.44420000 -0.59210000 -0.67240000
vn 0.54430000 -0.34650000 0.76400000
vn 0.43630000 -0.65930000 0.61240000
vn 0.27160000 -0.88370000 0.38130000
vn 0.08460000 -0.98930000 0.11880000
vn -0.11960000 -0.97850000 -0.16780000
vn -0.31480000 -0.84010000 -0.44180000
vn -0.46760000 -0.59210000 -0.65630000
vn 0.57100000 -0.34650000 0.74420000
vn 0.45760000 -0.65920000 0.59670000
vn 0.28490000 -0.88370000 0.37140000
vn 0.08870000 -0.98930000 0.11570000
vn -0.12530000 -0.97860000 -0.16340000
vn -0.33010000 -0.84010000 -0.43040000
vn -0.49040000 -0.59210000 -0.63950000
vn 0.59680000 -0.34650000 0.72380000
vn 0.47840000 -0.65920000 0.58020000
vn 0.29780000 -0.88360000 0.36120000
vn 0.09280000 -0.98930000 0.11260000
vn -0.13100000 -0.97860000 -0.15890000
vn -0.34510000 -0.84010000 -0.41850000
vn -0.51270000 -0.59210000 -0.62180000
vn 0.62190000 -0.34650000 0.70230000
vn 0.49850000 -0.65920000 0.56290000
vn 0.31040000 -0.88370000 0.35050000
vn 0.09680000 -0.98930000 0.10930000
vn -0.13660000 -0.97860000 -0.15420000
vn -0.35960000 -0.84010000 -0.40610000
vn -0.53430000 -0.59210000 -0.60330000
vn 0.64630000 -0.34650000 0.67980000
vn 0.51810000 -0.65920000 0.54500000
vn 0.32250000 -0.88360000 0.33930000
vn 0.10050000 -0.98930000 0.10570000
vn -0.14190000 -0.97860000 -0.14930000
vn -0.37370000 -0.84010000 -0.39320000
vn -0.55520000 -0.59210000 -0.58410000
vn 0.66980000 -0.34650000 0.65670000
vn 0.53690000 -0.65930000 0.52640000
vn 0.33430000 -0.88360000 0.32770000
vn 0.10420000 -0.98930000 0.10220000
vn -0.14710000 -0.97860000 -0.14420000
vn -0.38730000 -0.84010000 -0.37980000
vn -0.57540000 -0.59210000 -0.56420000
vn 0.69250000 -0.34650000 0.63270000
vn 0.55520000 -0.65920000 0.50720000
vn 0.34560000 -0.88370000 0.31580000
vn 0.10770000 -0.98930000 0.09840000
vn -0.15200000 -0.97860000 -0.13890000
vn -0.40050000 -0.84010000 -0.36590000
vn -0.59500000 -0.59210000 -0.54360000
vn 0.71440000 -0.34650000 0.60790000
vn 0.57270000 -0.65920000 0.48730000
vn 0.35650000 -0.88360000 0.30340000
vn 0.11110000 -0.98930000 0.09460000
vn -0.15690000 -0.97860000 -0.13350000
vn -0.41310000 -0.84010000 -0.35150000
vn -0.61380000 -0.59210000 -0.52230000
vn 0.73530000 -0.34660000 0.58240000
vn 0.58950000 -0.65920000 0.46680000
vn 0.36700000 -0.88370000 0.29060000
vn 0.11440000 -0.98930000 0.09060000
vn -0.16160000 -0.97850000 -0.12800000
vn -0.42520000 -0.84010000 -0.33670000
vn -0.63180000 -0.59210000 -0.50030000
vn 0.75550000 -0.34650000 0.55610000
vn 0.60560000 -0.65930000 0.44570000
vn 0.37700000 -0.88370000 0.27750000
vn 0.11750000 -0.98930000 0.08650000
vn -0.16580000 -0.97860000 -0.12200000
vn -0.43690000 -0.84010000 -0.32160000
vn -0.64900000 -0.59210000 -0.47770000
vn 0.77460000 -0.34650000 0.52910000
vn 0.62090000 -0.65930000 0.42410000
vn 0.38660000 -0.88360000 0.26410000
vn 0.12050000 -0.98930000 0.08230000
vn -0.17000000 -0.97860000 -0.11620000
vn -0.44790000 -0.84010000 -0.30600000
vn -0.66550000 -0.59210000 -0.45460000
vn 0.79270000 -0.34650000 0.50150000
vn 0.63550000 -0.65920000 0.40200000
vn 0.39560000 -0.88360000 0.25030000
vn 0.12330000 -0.98930000 0.07800000
vn -0.17410000 -0.97860000 -0.11010000
vn -0.45840000 -0.84010000 -0.29000000
vn -0.68110000 -0.59210000 -0.43080000
vn 0.80990000 -0.34650000 0.47320000
vn 0.64920000 -0.65930000 0.37930000
vn 0.40420000 -0.88370000 0.23620000
vn 0.12600000 -0.98930000 0.07360000
vn -0.17780000 -0.97860000 -0.10390000
vn -0.46840000 -0.84010000 -0.27360000
vn -0.69580000 -0.59210000 -0.40650000
vn 0.82610000 -0.34650000 0.44430000
vn 0.66220000 -0.65920000 0.35620000
vn 0.41230000 -0.88370000 0.22180000
vn 0.12850000 -0.98930000 0.06910000
vn -0.18140000 -0.97860000 -0.09760000
vn -0.47770000 -0.84010000 -0.25700000
vn -0.70970000 -0.59210000 -0.38180000
vn 0.84120000 -0.34660000 0.41510000
vn 0.67430000 -0.65930000 0.33260000
vn 0.41980000 -0.88360000 0.20710000
vn 0.13080000 -0.98930000 0.06450000
vn -0.18470000 -0.97860000 -0.09110000
vn -0.48650000 -0.84010000 -0.24000000
vn -0.72270000 -0.59210000 -0.35650000
vn 0.85540000 -0.34650000 0.38510000
vn 0.68570000 -0.65920000 0.30870000
vn 0.42690000 -0.88360000 0.19220000
vn 0.13310000 -0.98930000 0.05990000
vn -0.18780000 -0.97860000 -0.08460000
vn -0.49460000 -0.84010000 -0.22270000
vn -0.73490000 -0.59210000 -0.33080000
vn 0.86840000 -0.34650000 0.35460000
vn 0.69610000 -0.65920000 0.28430000
vn 0.43340000 -0.88370000 0.17700000
vn 0.13510000 -0.98930000 0.05520000
vn -0.19060000 -0.97860000 -0.07780000
vn -0.50220000 -0.84010000 -0.20510000
vn -0.74610000 -0.59210000 -0.30470000
vn 0.88020000 -0.34660000 0.32420000
vn 0.70570000 -0.65920000 0.25960000
vn 0.43940000 -0.88360000 0.16160000
vn 0.13690000 -0.98930000 0.05040000
vn -0.19340000 -0.97850000 -0.07110000
vn -0.50910000 -0.84010000 -0.18730000
vn -0.75630000 -0.59210000 -0.27820000
vn 0.89120000 -0.34650000 0.29270000
vn 0.71440000 -0.65930000 0.23460000
vn 0.44480000 -0.88370000 0.14600000
vn 0.13850000 -0.98930000 0.04550000
vn -0.19560000 -0.97860000 -0.06420000
vn -0.51540000 -0.84010000 -0.16920000
vn -0.76570000 -0.59210000 -0.25140000
vn 0.90100000 -0.34650000 0.26110000
vn 0.72230000 -0.65920000 0.20930000
vn 0.44970000 -0.88360000 0.13030000
vn 0.14010000 -0.98930000 0.04060000
vn -0.19780000 -0.97860000 -0.05730000
vn -0.52100000 -0.84010000 -0.15090000
vn -0.77400000 -0.59210000 -0.22430000
vn 0.90960000 -0.34650000 0.22920000
vn 0.72910000 -0.65930000 0.18370000
vn 0.45400000 -0.88360000 0.11440000
vn 0.14140000 -0.98930000 0.03560000
vn -0.19970000 -0.97860000 -0.05030000
vn -0.52600000 -0.84010000 -0.13250000
vn -0.78150000 -0.59210000 -0.19680000
vn 0.91720000 -0.34650000 0.19690000
vn 0.73520000 -0.65920000 0.15790000
vn 0.45770000 -0.88370000 0.09830000
vn 0.14260000 -0.98930000 0.03060000
vn -0.20140000 -0.97860000 -0.04320000
vn -0.53040000 -0.84010000 -0.11390000
vn -0.78790000 -0.59210000 -0.16920000
vn 0.92380000 -0.34650000 0.16280000
vn 0.74050000 -0.65920000 0.13050000
vn 0.46100000 -0.88370000 0.08130000
vn 0.14360000 -0.98930000 0.02530000
vn -0.20280000 -0.97860000 -0.03570000
vn -0.53420000 -0.84010000 -0.09420000
vn -0.79360000 -0.59210000 -0.13990000
vn 0.92920000 -0.34650000 0.12830000
vn 0.74490000 -0.65920000 0.10280000
vn 0.46380000 -0.88360000 0.06400000
vn 0.14460000 -0.98930000 0.01990000
vn -0.20390000 -0.97860000 -0.02810000
vn -0.53730000 -0.84010000 -0.07420000
vn -0.79830000 -0.59210000 -0.11020000
vn 0.93340000 -0.34650000 0.09330000
vn 0.74820000 -0.65920000 0.07480000
vn 0.46580000 -0.88370000 0.04660000
vn 0.14510000 -0.98930000 0.01450000
vn -0.20500000 -0.97860000 -0.02050000
vn -0.53970000 -0.84010000 -0.05390000
vn -0.80190000 -0.59210000 -0.08010000
vn 0.93620000 -0.34670000 0.05800000
vn 0.75050000 -0.65920000 0.04670000
vn 0.46720000 -0.88370000 0.02910000
vn 0.14560000 -0.98930000 0.00910000
vn -0.20560000 -0.97850000 -0.01280000
vn -0.54140000 -0.84010000 -0.03370000
vn -0.80440000 -0.59200000 -0.05000000
vn 0.93780000 -0.34650000 0.02270000
vn 0.75170000 -0.65920000 0.01820000
vn 0.46800000 -0.88370000 0.01130000
vn 0.14590000 -0.98930000 0.00350000
vn -0.20590000 -0.97860000 -0.00500000
vn -0.54230000 -0.84010000 -0.01310000
vn -0.80560000 -0.59210000 -0.01950000
vn 0.93800000 -0.34650000 -0.00000000
vn 0.75190000 -0.65920000 -0.00000000
vn 0.46820000 -0.88360000 -0.00000000
vn 0.14580000 -0.98930000 -0.00000000
vn -0.20590000 -0.97860000 0.00000000
vn -0.54250000 -0.84010000 -0.00000000
vn -0.80590000 -0.59210000 0.00000000
vn 0.93730000 -0.34650000 -0.03660000
vn 0.75130000 -0.65930000 -0.02930000
vn 0.46780000 -0.88370000 -0.01820000
vn 0.14570000 -0.98930000 -0.00570000
vn -0.20570000 -0.97860000 0.00800000
vn -0.54200000 -0.84010000 0.02110000
vn -0.80530000 -0.59210000 0.03140000
vn 0.93520000 -0.34650000 -0.07300000
vn 0.74960000 -0.65930000 -0.05860000
vn 0.46670000 -0.88370000 -0.03650000
vn 0.14540000 -0.98930000 -0.01140000
vn -0.20530000 -0.97860000 0.01600000
vn -0.54080000 -0.84010000 0.04220000
vn -0.80340000 -0.59210000 0.06280000
vn 0.93180000 -0.34650000 -0.10800000
vn 0.74690000 -0.65920000 -0.08650000
vn 0.46500000 -0.88370000 -0.05390000
vn 0.14490000 -0.98930000 -0.01680000
vn -0.20470000 -0.97850000 0.02370000
vn -0.53890000 -0.84010000 0.06240000
vn -0.80050000 -0.59210000 0.09270000
vn 0.92730000 -0.34650000 -0.14160000
vn 0.74330000 -0.65920000 -0.11350000
vn 0.46270000 -0.88370000 -0.07070000
vn 0.14420000 -0.98930000 -0.02200000
vn -0.20360000 -0.97860000 0.03110000
vn -0.53620000 -0.84010000 0.08190000
vn -0.79660000 -0.59210000 0.12170000
vn 0.92160000 -0.34650000 -0.17510000
vn 0.73870000 -0.65920000 -0.14040000
vn 0.45990000 -0.88360000 -0.08740000
vn 0.14340000 -0.98930000 -0.02720000
vn -0.20230000 -0.97860000 0.03840000
vn -0.53290000 -0.84010000 0.10130000
vn -0.79170000 -0.59210000 0.15050000
vn 0.91460000 -0.34650000 -0.20840000
vn 0.73310000 -0.65920000 -0.16710000
vn 0.45640000 -0.88370000 -0.10400000
vn 0.14210000 -0.98930000 -0.03240000
vn -0.20090000 -0.97850000 0.04580000
vn -0.52890000 -0.84010000 0.12050000
vn -0.78580000 -0.59210000 0.17910000
vn 0.90640000 -0.34660000 -0.24150000
vn 0.72660000 -0.65920000 -0.19350000
vn 0.45230000 -0.88370000 -0.12050000
vn 0.14100000 -0.98930000 -0.03750000
vn -0.19900000 -0.97860000 0.05300000
vn -0.52410000 -0.84010000 0.13960000
vn -0.77870000 -0.59210000 0.20740000
vn 0.89710000 -0.34650000 -0.27410000
vn 0.71910000 -0.65920000 -0.21970000
vn 0.44770000 -0.88360000 -0.13680000
vn 0.13960000 -0.98930000 -0.04260000
vn -0.19690000 -0.97860000 0.06020000
vn -0.51880000 -0.84010000 0.15850000
vn -0.77070000 -0.59210000 0.23550000
vn 0.88660000 -0.34650000 -0.30640000
vn 0.71070000 -0.65930000 -0.24560000
vn 0.44250000 -0.88370000 -0.15290000
vn 0.13780000 -0.98930000 -0.04760000
vn -0.19470000 -0.97850000 0.06730000
vn -0.51270000 -0.84010000 0.17720000
vn -0.76170000 -0.59210000 0.26330000
vn 0.87490000 -0.34670000 -0.33810000
vn 0.70140000 -0.65920000 -0.27130000
vn 0.43660000 -0.88370000 -0.16890000
vn 0.13600000 -0.98930000 -0.05260000
vn -0.19210000 -0.97860000 0.07430000
vn -0.50590000 -0.84010000 0.19570000
vn -0.75160000 -0.59210000 0.29070000
vn 0.86210000 -0.34650000 -0.36990000
vn 0.69110000 -0.65920000 -0.29650000
vn 0.43020000 -0.88370000 -0.18460000
vn 0.13410000 -0.98930000 -0.05750000
vn -0.18920000 -0.97860000 0.08120000
vn -0.49850000 -0.84010000 0.21390000
vn -0.74060000 -0.59210000 0.31770000
vn 0.84810000 -0.34640000 -0.40080000
vn 0.67990000 -0.65920000 -0.32130000
vn 0.42330000 -0.88360000 -0.20000000
vn 0.13190000 -0.98930000 -0.06230000
vn -0.18630000 -0.97850000 0.08800000
vn -0.49050000 -0.84000000 0.23180000
vn -0.72860000 -0.59210000 0.34440000
vn 0.83300000 -0.34650000 -0.43130000
vn 0.66770000 -0.65930000 -0.34570000
vn 0.41580000 -0.88360000 -0.21530000
vn 0.12960000 -0.98930000 -0.06710000
vn -0.18300000 -0.97850000 0.09470000
vn -0.48170000 -0.84010000 0.24940000
vn -0.71560000 -0.59210000 0.37050000
vn 0.81720000 -0.34650000 -0.46060000
vn 0.65510000 -0.65920000 -0.36920000
vn 0.40780000 -0.88360000 -0.22990000
vn 0.12700000 -0.98930000 -0.07160000
vn -0.17940000 -0.97860000 0.10110000
vn -0.47260000 -0.84010000 0.26640000
vn -0.70200000 -0.59210000 0.39570000
vn 0.80050000 -0.34650000 -0.48910000
vn 0.64160000 -0.65930000 -0.39210000
vn 0.39950000 -0.88370000 -0.24410000
vn 0.12440000 -0.98930000 -0.07600000
vn -0.17580000 -0.97850000 0.10750000
vn -0.46290000 -0.84010000 0.28290000
vn -0.68770000 -0.59210000 0.42020000
vn 0.78270000 -0.34650000 -0.51700000
vn 0.62740000 -0.65920000 -0.41450000
vn 0.39060000 -0.88360000 -0.25800000
vn 0.12170000 -0.98930000 -0.08040000
vn -0.17190000 -0.97860000 0.11350000
vn -0.45260000 -0.84010000 0.29900000
vn -0.67240000 -0.59210000 0.44420000
vn 0.76400000 -0.34650000 -0.54430000
vn 0.61240000 -0.65930000 -0.43630000
vn 0.38130000 -0.88360000 -0.27170000
vn 0.11880000 -0.98930000 -0.08470000
vn -0.16780000 -0.97850000 0.11960000
vn -0.44180000 -0.84010000 0.31470000
vn -0.65630000 -0.59210000 0.46760000
vn 0.74430000 -0.34650000 -0.57090000
vn 0.59660000 -0.65930000 -0.45760000
vn 0.37150000 -0.88370000 -0.28490000
vn 0.11570000 -0.98930000 -0.08880000
vn -0.16340000 -0.97860000 0.12530000
vn -0.43040000 -0.84010000 0.33010000
vn -0.63950000 -0.59210000 0.49040000
vn 0.72360000 -0.34640000 -0.59700000
vn 0.58020000 -0.65920000 -0.47840000
vn 0.36120000 -0.88370000 -0.29780000
vn 0.11250000 -0.98930000 -0.09280000
vn -0.15890000 -0.97860000 0.13100000
vn -0.41850000 -0.84010000 0.34510000
vn -0.62180000 -0.59210000 0.51270000
vn 0.70230000 -0.34650000 -0.62190000
vn 0.56290000 -0.65920000 -0.49850000
vn 0.35050000 -0.88360000 -0.31040000
vn 0.10920000 -0.98930000 -0.09670000
vn -0.15420000 -0.97860000 0.13660000
vn -0.40610000 -0.84010000 0.35960000
vn -0.60330000 -0.59210000 0.53430000
vn 0.67990000 -0.34640000 -0.64630000
vn 0.54500000 -0.65920000 -0.51800000
vn 0.33930000 -0.88360000 -0.32250000
vn 0.10580000 -0.98930000 -0.10050000
vn -0.14930000 -0.97860000 0.14190000
vn -0.39320000 -0.84010000 0.37370000
vn -0.58410000 -0.59210000 0.55520000
vn 0.65670000 -0.34650000 -0.66980000
vn 0.52640000 -0.65930000 -0.53690000
vn 0.32770000 -0.88370000 -0.33430000
vn 0.10210000 -0.98930000 -0.10420000
vn -0.14410000 -0.97860000 0.14700000
vn -0.37970000 -0.84010000 0.38730000
vn -0.56420000 -0.59210000 0.57550000
vn 0.63270000 -0.34650000 -0.69250000
vn 0.50720000 -0.65920000 -0.55510000
vn 0.31580000 -0.88370000 -0.34560000
vn 0.09840000 -0.98930000 -0.10770000
vn -0.13890000 -0.97860000 0.15200000
vn -0.36590000 -0.84010000 0.40050000
vn -0.54360000 -0.59210000 0.59500000
vn 0.60790000 -0.34650000 -0.71440000
vn 0.48730000 -0.65930000 -0.57270000
vn 0.30340000 -0.88370000 -0.35650000
vn 0.09460000 -0.98930000 -0.11110000
vn -0.13350000 -0.97850000 0.15690000
vn -0.35150000 -0.84010000 0.41310000
vn -0.52230000 -0.59200000 0.61380000
vn 0.58240000 -0.34650000 -0.73540000
vn 0.46680000 -0.65920000 -0.58950000
vn 0.29060000 -0.88370000 -0.36700000
vn 0.09050000 -0.98930000 -0.11430000
vn -0.12790000 -0.97850000 0.16150000
vn -0.33670000 -0.84010000 0.42520000
vn -0.50030000 -0.59210000 0.63180000
vn 0.55610000 -0.34650000 -0.75550000
vn 0.44580000 -0.65920000 -0.60560000
vn 0.27750000 -0.88360000 -0.37700000
vn 0.08650000 -0.98930000 -0.11750000
vn -0.12210000 -0.97860000 0.16590000
vn -0.32160000 -0.84010000 0.43690000
vn -0.47770000 -0.59210000 0.64900000
vn 0.52910000 -0.34650000 -0.77460000
vn 0.42410000 -0.65920000 -0.62090000
vn 0.26410000 -0.88360000 -0.38660000
vn 0.08230000 -0.98930000 -0.12050000
vn -0.11610000 -0.97860000 0.17000000
vn -0.30600000 -0.84010000 0.44790000
vn -0.45450000 -0.59210000 0.66550000
vn 0.50160000 -0.34640000 -0.79270000
vn 0.40200000 -0.65920000 -0.63550000
vn 0.25030000 -0.88370000 -0.39560000
vn 0.07800000 -0.98930000 -0.12330000
vn -0.11020000 -0.97850000 0.17420000
vn -0.29000000 -0.84010000 0.45840000
vn -0.43080000 -0.59210000 0.68110000
vn 0.47320000 -0.34650000 -0.80990000
vn 0.37930000 -0.65930000 -0.64920000
vn 0.23620000 -0.88360000 -0.40420000
vn 0.07360000 -0.98930000 -0.12590000
vn -0.10390000 -0.97860000 0.17780000
vn -0.27360000 -0.84010000 0.46830000
vn -0.40650000 -0.59210000 0.69580000
vn 0.44440000 -0.34650000 -0.82610000
vn 0.35620000 -0.65920000 -0.66220000
vn 0.22180000 -0.88370000 -0.41230000
vn 0.06910000 -0.98930000 -0.12850000
vn -0.09760000 -0.97850000 0.18150000
vn -0.25700000 -0.84010000 0.47770000
vn -0.38180000 -0.59210000 0.70970000
vn 0.41480000 -0.34660000 -0.84130000
vn 0.33260000 -0.65930000 -0.67430000
vn 0.20710000 -0.88360000 -0.41980000
vn 0.06450000 -0.98930000 -0.13080000
vn -0.09120000 -0.97850000 0.18480000
vn -0.24000000 -0.84010000 0.48640000
vn -0.35650000 -0.59210000 0.72270000
vn 0.38510000 -0.34650000 -0.85540000
vn 0.30870000 -0.65930000 -0.68560000
vn 0.19220000 -0.88360000 -0.42690000
vn 0.05990000 -0.98930000 -0.13310000
vn -0.08460000 -0.97860000 0.18780000
vn -0.22270000 -0.84010000 0.49470000
vn -0.33080000 -0.59210000 0.73480000
vn 0.35470000 -0.34650000 -0.86840000
vn 0.28430000 -0.65920000 -0.69610000
vn 0.17700000 -0.88360000 -0.43340000
vn 0.05520000 -0.98930000 -0.13510000
vn -0.07790000 -0.97860000 0.19060000
vn -0.20510000 -0.84010000 0.50220000
vn -0.30470000 -0.59210000 0.74610000
vn 0.32380000 -0.34650000 -0.88040000
vn 0.25960000 -0.65920000 -0.70570000
vn 0.16160000 -0.88360000 -0.43940000
vn 0.05040000 -0.98930000 -0.13700000
vn -0.07110000 -0.97860000 0.19320000
vn -0.18730000 -0.84010000 0.50910000
vn -0.27820000 -0.59210000 0.75630000
vn 0.29280000 -0.34660000 -0.89120000
vn 0.23460000 -0.65920000 -0.71440000
vn 0.14600000 -0.88360000 -0.44480000
vn 0.04550000 -0.98930000 -0.13860000
vn -0.06430000 -0.97860000 0.19570000
vn -0.16920000 -0.84010000 0.51540000
vn -0.25140000 -0.59210000 0.76570000
vn 0.26100000 -0.34650000 -0.90100000
vn 0.20930000 -0.65920000 -0.72230000
vn 0.13030000 -0.88360000 -0.44970000
vn 0.04060000 -0.98930000 -0.14020000
vn -0.05730000 -0.97860000 0.19780000
vn -0.15100000 -0.84010000 0.52110000
vn -0.22430000 -0.59210000 0.77410000
vn 0.22910000 -0.34660000 -0.90960000
vn 0.18370000 -0.65930000 -0.72910000
vn 0.11440000 -0.88360000 -0.45400000
vn 0.03560000 -0.98930000 -0.14140000
vn -0.05030000 -0.97860000 0.19970000
vn -0.13250000 -0.84010000 0.52600000
vn -0.19680000 -0.59210000 0.78150000
vn 0.19700000 -0.34650000 -0.91710000
vn 0.15790000 -0.65920000 -0.73520000
vn 0.09830000 -0.88370000 -0.45770000
vn 0.03060000 -0.98930000 -0.14260000
vn -0.04320000 -0.97850000 0.20140000
vn -0.11390000 -0.84010000 0.53040000
vn -0.16920000 -0.59210000 0.78790000
vn 0.16280000 -0.34650000 -0.92380000
vn 0.13050000 -0.65920000 -0.74050000
vn 0.08130000 -0.88370000 -0.46100000
vn 0.02530000 -0.98930000 -0.14360000
vn -0.03580000 -0.97850000 0.20290000
vn -0.09420000 -0.84010000 0.53420000
vn -0.13990000 -0.59210000 0.79370000
vn 0.12820000 -0.34660000 -0.92920000
vn 0.10280000 -0.65920000 -0.74490000
vn 0.06400000 -0.88360000 -0.46380000
vn 0.01990000 -0.98930000 -0.14450000
vn -0.02810000 -0.97860000 0.20400000
vn -0.07420000 -0.84010000 0.53740000
vn -0.11020000 -0.59210000 0.79830000
vn 0.09330000 -0.34650000 -0.93340000
vn 0.07480000 -0.65920000 -0.74820000
vn 0.04660000 -0.88370000 -0.46580000
vn 0.01450000 -0.98930000 -0.14520000
vn -0.02050000 -0.97860000 0.20490000
vn -0.05390000 -0.84010000 0.53980000
vn -0.08010000 -0.59210000 0.80190000
vn 0.05820000 -0.34650000 -0.93620000
vn 0.04670000 -0.65930000 -0.75040000
vn 0.02910000 -0.88370000 -0.46720000
vn 0.00910000 -0.98930000 -0.14550000
vn -0.01280000 -0.97850000 0.20570000
vn -0.03370000 -0.84010000 0.54140000
vn -0.05000000 -0.59200000 0.80430000
vn 0.02280000 -0.34650000 -0.93780000
vn 0.01810000 -0.65930000 -0.75170000
vn 0.01130000 -0.88370000 -0.46800000
vn 0.00350000 -0.98930000 -0.14580000
vn -0.00500000 -0.97860000 0.20580000
vn -0.01310000 -0.84010000 0.54230000
vn -0.01950000 -0.59210000 0.80570000
vn -0.00000000 -0.34650000 -0.93810000
vn -0.00000000 -0.65920000 -0.75190000
vn -0.00000000 -0.88370000 -0.46810000
vn 0.00000000 -0.98930000 -0.14590000
vn 0.00000000 -0.97860000 0.20590000
vn 0.00000000 -0.84010000 0.54250000
vn 0.00000000 -0.59210000 0.80590000
vn -0.03660000 -0.34650000 -0.93730000
vn -0.02930000 -0.65930000 -0.75130000
vn -0.01820000 -0.88370000 -0.46780000
vn -0.00570000 -0.98930000 -0.14570000
vn 0.00800000 -0.97860000 0.20580000
vn 0.02110000 -0.84010000 0.54200000
vn 0.03140000 -0.59210000 0.80530000
vn -0.07310000 -0.34660000 -0.93520000
vn -0.05860000 -0.65930000 -0.74960000
vn -0.03650000 -0.88360000 -0.46670000
vn -0.01140000 -0.98930000 -0.14540000
vn 0.01600000 -0.97860000 0.20530000
vn 0.04220000 -0.84010000 0.54080000
vn 0.06280000 -0.59210000 0.80340000
vn -0.10800000 -0.34650000 -0.93180000
vn -0.08650000 -0.65920000 -0.74690000
vn -0.05390000 -0.88370000 -0.46500000
vn -0.01680000 -0.98930000 -0.14480000
vn 0.02370000 -0.97860000 0.20460000
vn 0.06240000 -0.84010000 0.53880000
vn 0.09270000 -0.59210000 0.80050000
vn -0.14170000 -0.34650000 -0.92730000
vn -0.11360000 -0.65920000 -0.74330000
vn -0.07070000 -0.88360000 -0.46280000
vn -0.02200000 -0.98930000 -0.14420000
vn 0.03110000 -0.97850000 0.20370000
vn 0.08190000 -0.84010000 0.53620000
vn 0.12170000 -0.59210000 0.79670000
vn -0.17500000 -0.34670000 -0.92150000
vn -0.14040000 -0.65920000 -0.73870000
vn -0.08740000 -0.88370000 -0.45990000
vn -0.02720000 -0.98930000 -0.14330000
vn 0.03840000 -0.97860000 0.20230000
vn 0.10130000 -0.84010000 0.53290000
vn 0.15050000 -0.59210000 0.79170000
vn -0.20840000 -0.34650000 -0.91460000
vn -0.16710000 -0.65920000 -0.73310000
vn -0.10400000 -0.88360000 -0.45650000
vn -0.03240000 -0.98930000 -0.14220000
vn 0.04580000 -0.97850000 0.20090000
vn 0.12050000 -0.84010000 0.52890000
vn 0.17910000 -0.59210000 0.78570000
vn -0.24150000 -0.34650000 -0.90640000
vn -0.19350000 -0.65920000 -0.72660000
vn -0.12050000 -0.88370000 -0.45240000
vn -0.03760000 -0.98930000 -0.14100000
vn 0.05300000 -0.97860000 0.19890000
vn 0.13960000 -0.84010000 0.52420000
vn 0.20740000 -0.59210000 0.77870000
vn -0.27400000 -0.34660000 -0.89710000
vn -0.21970000 -0.65920000 -0.71910000
vn -0.13680000 -0.88370000 -0.44770000
vn -0.04260000 -0.98930000 -0.13960000
vn 0.06020000 -0.97860000 0.19690000
vn 0.15850000 -0.84000000 0.51880000
vn 0.23550000 -0.59210000 0.77070000
vn -0.30650000 -0.34650000 -0.88660000
vn -0.24560000 -0.65930000 -0.71060000
vn -0.15290000 -0.88370000 -0.44240000
vn -0.04760000 -0.98930000 -0.13780000
vn 0.06730000 -0.97850000 0.19470000
vn 0.17720000 -0.84010000 0.51270000
vn 0.26330000 -0.59210000 0.76170000
vn -0.33840000 -0.34660000 -0.87490000
vn -0.27130000 -0.65920000 -0.70140000
vn -0.16890000 -0.88370000 -0.43660000
vn -0.05260000 -0.98930000 -0.13610000
vn 0.07430000 -0.97860000 0.19210000
vn 0.19570000 -0.84010000 0.50590000
vn 0.29070000 -0.59200000 0.75160000
vn -0.36980000 -0.34650000 -0.86210000
vn -0.29650000 -0.65920000 -0.69110000
vn -0.18460000 -0.88370000 -0.43020000
vn -0.05750000 -0.98930000 -0.13400000
vn 0.08120000 -0.97860000 0.18920000
vn 0.21390000 -0.84010000 0.49850000
vn 0.31770000 -0.59210000 0.74060000
vn -0.40080000 -0.34640000 -0.84810000
vn -0.32130000 -0.65920000 -0.67980000
vn -0.20000000 -0.88370000 -0.42330000
vn -0.06230000 -0.98930000 -0.13180000
vn 0.08800000 -0.97860000 0.18620000
vn 0.23180000 -0.84010000 0.49040000
vn 0.34440000 -0.59210000 0.72860000
vn -0.43140000 -0.34650000 -0.83300000
vn -0.34570000 -0.65920000 -0.66770000
vn -0.21530000 -0.88360000 -0.41570000
vn -0.06710000 -0.98930000 -0.12960000
vn 0.09470000 -0.97860000 0.18290000
vn 0.24940000 -0.84010000 0.48170000
vn 0.37050000 -0.59210000 0.71570000
vn -0.46050000 -0.34650000 -0.81720000
vn -0.36930000 -0.65910000 -0.65510000
vn -0.22990000 -0.88360000 -0.40780000
vn -0.07160000 -0.98930000 -0.12700000
vn 0.10120000 -0.97850000 0.17950000
vn 0.26640000 -0.84010000 0.47260000
vn 0.39570000 -0.59210000 0.70200000
vn -0.48910000 -0.34650000 -0.80040000
vn -0.39210000 -0.65930000 -0.64160000
vn -0.24410000 -0.88370000 -0.39950000
vn -0.07610000 -0.98930000 -0.12450000
vn 0.10740000 -0.97860000 0.17570000
vn 0.28290000 -0.84010000 0.46290000
vn 0.42020000 -0.59210000 0.68770000
vn -0.51700000 -0.34650000 -0.78270000
vn -0.41450000 -0.65920000 -0.62740000
vn -0.25800000 -0.88370000 -0.39060000
vn -0.08040000 -0.98930000 -0.12170000
vn 0.11350000 -0.97860000 0.17190000
vn 0.29900000 -0.84010000 0.45260000
vn 0.44420000 -0.59210000 0.67240000
vn -0.54420000 -0.34650000 -0.76400000
vn -0.43630000 -0.65920000 -0.61240000
vn -0.27160000 -0.88370000 -0.38130000
vn -0.08470000 -0.98930000 -0.11880000
vn 0.11960000 -0.97850000 0.16780000
vn 0.31480000 -0.84010000 0.44180000
vn 0.46760000 -0.59210000 0.65640000
vn -0.57090000 -0.34650000 -0.74430000
vn -0.45760000 -0.65920000 -0.59670000
vn -0.28490000 -0.88360000 -0.37150000
vn -0.08880000 -0.98930000 -0.11570000
vn 0.12530000 -0.97860000 0.16340000
vn 0.33010000 -0.84010000 0.43040000
vn 0.49050000 -0.59200000 0.63950000
vn -0.59670000 -0.34640000 -0.72380000
vn -0.47840000 -0.65920000 -0.58020000
vn -0.29780000 -0.88370000 -0.36120000
vn -0.09280000 -0.98930000 -0.11260000
vn 0.13100000 -0.97860000 0.15890000
vn 0.34510000 -0.84010000 0.41850000
vn 0.51270000 -0.59210000 0.62180000
vn -0.62180000 -0.34660000 -0.70240000
vn -0.49850000 -0.65920000 -0.56300000
vn -0.31040000 -0.88370000 -0.35050000
vn -0.09670000 -0.98930000 -0.10920000
vn 0.13650000 -0.97860000 0.15420000
vn 0.35960000 -0.84010000 0.40610000
vn 0.53430000 -0.59210000 0.60330000
vn -0.64620000 -0.34650000 -0.67990000
vn -0.51810000 -0.65920000 -0.54500000
vn -0.32250000 -0.88360000 -0.33930000
vn -0.10050000 -0.98930000 -0.10580000
vn 0.14190000 -0.97860000 0.14930000
vn 0.37370000 -0.84010000 0.39320000
vn 0.55520000 -0.59210000 0.58410000
vn -0.66980000 -0.34660000 -0.65670000
vn -0.53690000 -0.65930000 -0.52640000
vn -0.33430000 -0.88370000 -0.32770000
vn -0.10420000 -0.98930000 -0.10220000
vn 0.14700000 -0.97860000 0.14420000
vn 0.38730000 -0.84010000 0.37980000
vn 0.57550000 -0.59210000 0.56420000
vn -0.69230000 -0.34660000 -0.63290000
vn -0.55510000 -0.65920000 -0.50720000
vn -0.34560000 -0.88370000 -0.31570000
vn -0.10770000 -0.98930000 -0.09840000
vn 0.15200000 -0.97860000 0.13890000
vn 0.40050000 -0.84010000 0.36590000
vn 0.59500000 -0.59210000 0.54360000
vn -0.71440000 -0.34650000 -0.60790000
vn -0.57270000 -0.65930000 -0.48730000
vn -0.35650000 -0.88360000 -0.30340000
vn -0.11110000 -0.98930000 -0.09450000
vn 0.15690000 -0.97860000 0.13350000
vn 0.41310000 -0.84010000 0.35150000
vn 0.61370000 -0.59210000 0.52220000
vn -0.73540000 -0.34650000 -0.58230000
vn -0.58950000 -0.65930000 -0.46680000
vn -0.36700000 -0.88360000 -0.29060000
vn -0.11440000 -0.98930000 -0.09060000
vn 0.16160000 -0.97850000 0.12790000
vn 0.42520000 -0.84010000 0.33670000
vn 0.63180000 -0.59210000 0.50030000
vn -0.75540000 -0.34650000 -0.55610000
vn -0.60560000 -0.65930000 -0.44570000
vn -0.37700000 -0.88360000 -0.27750000
vn -0.11760000 -0.98930000 -0.08650000
vn 0.16580000 -0.97860000 0.12200000
vn 0.43680000 -0.84010000 0.32150000
vn 0.64900000 -0.59210000 0.47770000
vn -0.77460000 -0.34650000 -0.52910000
vn -0.62090000 -0.65920000 -0.42410000
vn -0.38660000 -0.88370000 -0.26410000
vn -0.12050000 -0.98930000 -0.08230000
vn 0.17010000 -0.97860000 0.11620000
vn 0.44790000 -0.84010000 0.30600000
vn 0.66550000 -0.59210000 0.45460000
vn -0.79280000 -0.34650000 -0.50150000
vn -0.63550000 -0.65920000 -0.40200000
vn -0.39560000 -0.88370000 -0.25030000
vn -0.12340000 -0.98930000 -0.07800000
vn 0.17420000 -0.97850000 0.11020000
vn 0.45840000 -0.84010000 0.29000000
vn 0.68110000 -0.59210000 0.43080000
vn -0.81000000 -0.34650000 -0.47310000
vn -0.64920000 -0.65930000 -0.37930000
vn -0.40420000 -0.88370000 -0.23610000
vn -0.12600000 -0.98930000 -0.07360000
vn 0.17780000 -0.97860000 0.10390000
vn 0.46830000 -0.84010000 0.27360000
vn 0.69580000 -0.59210000 0.40650000
vn -0.82610000 -0.34660000 -0.44440000
vn -0.66220000 -0.65930000 -0.35620000
vn -0.41230000 -0.88360000 -0.22180000
vn -0.12840000 -0.98930000 -0.06910000
vn 0.18140000 -0.97860000 0.09760000
vn 0.47770000 -0.84010000 0.25700000
vn 0.70970000 -0.59210000 0.38180000
vn -0.84130000 -0.34650000 -0.41500000
vn -0.67430000 -0.65930000 -0.33260000
vn -0.41980000 -0.88370000 -0.20710000
vn -0.13080000 -0.98930000 -0.06450000
vn 0.18470000 -0.97860000 0.09110000
vn 0.48650000 -0.84010000 0.24000000
vn 0.72270000 -0.59210000 0.35650000
vn -0.85540000 -0.34650000 -0.38510000
vn -0.68570000 -0.65920000 -0.30870000
vn -0.42690000 -0.88360000 -0.19220000
vn -0.13310000 -0.98930000 -0.05990000
vn 0.18780000 -0.97860000 0.08450000
vn 0.49460000 -0.84010000 0.22270000
vn 0.73490000 -0.59200000 0.33080000
vn -0.86840000 -0.34650000 -0.35470000
vn -0.69620000 -0.65920000 -0.28430000
vn -0.43340000 -0.88360000 -0.17700000
vn -0.13510000 -0.98930000 -0.05520000
vn 0.19060000 -0.97860000 0.07790000
vn 0.50220000 -0.84010000 0.20510000
vn 0.74610000 -0.59210000 0.30470000
vn -0.88040000 -0.34650000 -0.32390000
vn -0.70570000 -0.65920000 -0.25960000
vn -0.43930000 -0.88370000 -0.16160000
vn -0.13690000 -0.98930000 -0.05040000
vn 0.19330000 -0.97860000 0.07110000
vn 0.50910000 -0.84010000 0.18730000
vn 0.75630000 -0.59210000 0.27820000
vn -0.89130000 -0.34650000 -0.29250000
vn -0.71440000 -0.65920000 -0.23460000
vn -0.44480000 -0.88360000 -0.14600000
vn -0.13850000 -0.98930000 -0.04550000
vn 0.19560000 -0.97860000 0.06420000
vn 0.51540000 -0.84010000 0.16920000
vn 0.76570000 -0.59210000 0.25140000
vn -0.90100000 -0.34650000 -0.26100000
vn -0.72220000 -0.65920000 -0.20930000
vn -0.44970000 -0.88360000 -0.13030000
vn -0.14000000 -0.98930000 -0.04060000
vn 0.19780000 -0.97860000 0.05730000
vn 0.52100000 -0.84010000 0.15100000
vn 0.77400000 -0.59210000 0.22430000
vn -0.90960000 -0.34650000 -0.22910000
vn -0.72920000 -0.65920000 -0.18370000
vn -0.45400000 -0.88360000 -0.11440000
vn -0.14150000 -0.98930000 -0.03570000
vn 0.19970000 -0.97860000 0.05030000
vn 0.52600000 -0.84010000 0.13250000
vn 0.78150000 -0.59210000 0.19680000
vn -0.91710000 -0.34650000 -0.19690000
vn -0.73520000 -0.65920000 -0.15790000
vn -0.45770000 -0.88360000 -0.09830000
vn -0.14270000 -0.98930000 -0.03060000
vn 0.20130000 -0.97860000 0.04320000
vn 0.53040000 -0.84010000 0.11390000
vn 0.78790000 -0.59210000 0.16920000
vn -0.92380000 -0.34650000 -0.16290000
vn -0.74050000 -0.65920000 -0.13050000
vn -0.46110000 -0.88360000 -0.08130000
vn -0.14360000 -0.98930000 -0.02530000
vn 0.20290000 -0.97860000 0.03580000
vn 0.53420000 -0.84010000 0.09420000
vn 0.79370000 -0.59210000 0.13990000
vn -0.92920000 -0.34650000 -0.12820000
vn -0.74490000 -0.65920000 -0.10280000
vn -0.46370000 -0.88370000 -0.06400000
vn -0.14460000 -0.98930000 -0.01990000
vn 0.20400000 -0.97860000 0.02810000
vn 0.53730000 -0.84010000 0.07420000
vn 0.79830000 -0.59200000 0.11020000
vn -0.93340000 -0.34650000 -0.09330000
vn -0.74820000 -0.65920000 -0.07480000
vn -0.46580000 -0.88370000 -0.04660000
vn -0.14520000 -0.98930000 -0.01450000
vn 0.20490000 -0.97860000 0.02050000
vn 0.53970000 -0.84010000 0.05390000
vn 0.80190000 -0.59200000 0.08010000
vn -0.93620000 -0.34650000 -0.05820000
vn -0.75050000 -0.65920000 -0.04670000
vn -0.46720000 -0.88370000 -0.02910000
vn -0.14570000 -0.98930000 -0.00910000
vn 0.20560000 -0.97860000 0.01280000
vn 0.54140000 -0.84010000 0.03370000
vn 0.80430000 -0.59210000 0.05000000
vn -0.93780000 -0.34650000 -0.02270000
vn -0.75170000 -0.65920000 -0.01820000
vn -0.46800000 -0.88370000 -0.01130000
vn -0.14580000 -0.98930000 -0.00350000
vn 0.20590000 -0.97860000 0.00500000
vn 0.54230000 -0.84010000 0.01310000
vn 0.80560000 -0.59210000 0.01950000
vn -0.93810000 -0.34650000 0.00000000
vn -0.75190000 -0.65920000 0.00000000
vn -0.46820000 -0.88360000 0.00000000
vn -0.14580000 -0.98930000 0.00000000
vn 0.20590000 -0.97860000 0.00000000
vn 0.54250000 -0.84010000 -0.00000000
vn 0.80590000 -0.59200000 0.00000000
vn -0.93730000 -0.34650000 0.03660000
vn -0.75140000 -0.65920000 0.02930000
vn -0.46770000 -0.88370000 0.01820000
vn -0.14570000 -0.98930000 0.00570000
vn 0.20580000 -0.97860000 -0.00800000
vn 0.54200000 -0.84010000 -0.02110000
vn 0.80530000 -0.59210000 -0.03140000
vn -0.93520000 -0.34650000 0.07310000
vn -0.74960000 -0.65930000 0.05860000
vn -0.46670000 -0.88370000 0.03650000
vn -0.14540000 -0.98930000 0.01140000
vn 0.20540000 -0.97850000 -0.01600000
vn 0.54080000 -0.84010000 -0.04220000
vn 0.80340000 -0.59210000 -0.06280000
vn -0.93180000 -0.34650000 0.10790000
vn -0.74690000 -0.65930000 0.08650000
vn -0.46500000 -0.88360000 0.05390000
vn -0.14500000 -0.98930000 0.01680000
vn 0.20450000 -0.97860000 -0.02370000
vn 0.53880000 -0.84010000 -0.06240000
vn 0.80050000 -0.59200000 -0.09280000
vn -0.92730000 -0.34650000 0.14170000
vn -0.74330000 -0.65920000 0.11360000
vn -0.46280000 -0.88370000 0.07070000
vn -0.14420000 -0.98930000 0.02200000
vn 0.20360000 -0.97860000 -0.03110000
vn 0.53630000 -0.84010000 -0.08190000
vn 0.79660000 -0.59210000 -0.12170000
vn -0.92160000 -0.34650000 0.17520000
vn -0.73870000 -0.65920000 0.14040000
vn -0.45990000 -0.88370000 0.08740000
vn -0.14330000 -0.98930000 0.02720000
vn 0.20240000 -0.97850000 -0.03850000
vn 0.53290000 -0.84010000 -0.10130000
vn 0.79170000 -0.59210000 -0.15050000
vn -0.91460000 -0.34650000 0.20840000
vn -0.73310000 -0.65930000 0.16710000
vn -0.45640000 -0.88370000 0.10400000
vn -0.14220000 -0.98930000 0.03240000
vn 0.20090000 -0.97850000 -0.04580000
vn 0.52890000 -0.84010000 -0.12050000
vn 0.78570000 -0.59210000 -0.17910000
vn -0.90640000 -0.34650000 0.24140000
vn -0.72660000 -0.65920000 0.19350000
vn -0.45240000 -0.88370000 0.12050000
vn -0.14090000 -0.98930000 0.03750000
vn 0.19890000 -0.97860000 -0.05300000
vn 0.52420000 -0.84010000 -0.13960000
vn 0.77870000 -0.59210000 -0.20740000
vn -0.89710000 -0.34650000 0.27420000
vn -0.71910000 -0.65920000 0.21970000
vn -0.44770000 -0.88360000 0.13680000
vn -0.13940000 -0.98930000 0.04260000
vn 0.19690000 -0.97860000 -0.06020000
vn 0.51880000 -0.84010000 -0.15850000
vn 0.77070000 -0.59210000 -0.23550000
vn -0.88660000 -0.34650000 0.30640000
vn -0.71060000 -0.65930000 0.24560000
vn -0.44240000 -0.88370000 0.15290000
vn -0.13790000 -0.98930000 0.04770000
vn 0.19470000 -0.97850000 -0.06730000
vn 0.51270000 -0.84010000 -0.17720000
vn 0.76170000 -0.59210000 -0.26330000
vn -0.87490000 -0.34650000 0.33840000
vn -0.70140000 -0.65920000 0.27130000
vn -0.43660000 -0.88360000 0.16890000
vn -0.13610000 -0.98930000 0.05260000
vn 0.19210000 -0.97860000 -0.07430000
vn 0.50590000 -0.84010000 -0.19570000
vn 0.75160000 -0.59210000 -0.29070000
vn -0.86200000 -0.34660000 0.36990000
vn -0.69110000 -0.65920000 0.29650000
vn -0.43020000 -0.88370000 0.18460000
vn -0.13410000 -0.98930000 0.05750000
vn 0.18920000 -0.97860000 -0.08120000
vn 0.49850000 -0.84010000 -0.21390000
vn 0.74060000 -0.59210000 -0.31770000
vn -0.84810000 -0.34650000 0.40080000
vn -0.67980000 -0.65920000 0.32130000
vn -0.42320000 -0.88370000 0.20000000
vn -0.13190000 -0.98930000 0.06230000
vn 0.18620000 -0.97860000 -0.08800000
vn 0.49040000 -0.84010000 -0.23180000
vn 0.72860000 -0.59210000 -0.34440000
vn -0.83300000 -0.34650000 0.43130000
vn -0.66770000 -0.65930000 0.34570000
vn -0.41570000 -0.88360000 0.21530000
vn -0.12960000 -0.98930000 0.06710000
vn 0.18280000 -0.97860000 -0.09470000
vn 0.48170000 -0.84010000 -0.24940000
vn 0.71570000 -0.59210000 -0.37050000
vn -0.81700000 -0.34660000 0.46080000
vn -0.65510000 -0.65920000 0.36920000
vn -0.40780000 -0.88370000 0.22990000
vn -0.12700000 -0.98930000 0.07160000
vn 0.17950000 -0.97850000 -0.10120000
vn 0.47260000 -0.84010000 -0.26640000
vn 0.70200000 -0.59210000 -0.39570000
vn -0.80040000 -0.34650000 0.48910000
vn -0.64160000 -0.65930000 0.39210000
vn -0.39950000 -0.88370000 0.24410000
vn -0.12450000 -0.98930000 0.07610000
vn 0.17570000 -0.97860000 -0.10740000
vn 0.46290000 -0.84010000 -0.28290000
vn 0.68770000 -0.59210000 -0.42020000
vn -0.78270000 -0.34650000 0.51700000
vn -0.62740000 -0.65920000 0.41450000
vn -0.39060000 -0.88370000 0.25800000
vn -0.12170000 -0.98930000 0.08040000
vn 0.17180000 -0.97860000 -0.11350000
vn 0.45260000 -0.84010000 -0.29900000
vn 0.67240000 -0.59210000 -0.44420000
vn -0.76410000 -0.34640000 0.54420000
vn -0.61240000 -0.65920000 0.43630000
vn -0.38130000 -0.88360000 0.27160000
vn -0.11880000 -0.98930000 0.08470000
vn 0.16780000 -0.97850000 -0.11960000
vn 0.44180000 -0.84010000 -0.31470000
vn 0.65630000 -0.59210000 -0.46760000
vn -0.74440000 -0.34650000 0.57080000
vn -0.59660000 -0.65930000 0.45760000
vn -0.37140000 -0.88370000 0.28490000
vn -0.11570000 -0.98930000 0.08880000
vn 0.16340000 -0.97860000 -0.12530000
vn 0.43040000 -0.84010000 -0.33010000
vn 0.63950000 -0.59210000 -0.49040000
vn -0.72380000 -0.34650000 0.59680000
vn -0.58020000 -0.65920000 0.47840000
vn -0.36120000 -0.88370000 0.29780000
vn -0.11260000 -0.98930000 0.09280000
vn 0.15890000 -0.97860000 -0.13100000
vn 0.41850000 -0.84010000 -0.34510000
vn 0.62180000 -0.59210000 -0.51270000
vn -0.70220000 -0.34650000 0.62190000
vn -0.56300000 -0.65920000 0.49850000
vn -0.35050000 -0.88360000 0.31040000
vn -0.10920000 -0.98930000 0.09670000
vn 0.15420000 -0.97860000 -0.13650000
vn 0.40610000 -0.84010000 -0.35960000
vn 0.60330000 -0.59210000 -0.53430000
vn -0.67990000 -0.34650000 0.64630000
vn -0.54500000 -0.65920000 0.51810000
vn -0.33930000 -0.88360000 0.32250000
vn -0.10570000 -0.98930000 0.10050000
vn 0.14930000 -0.97850000 -0.14190000
vn 0.39320000 -0.84010000 -0.37370000
vn 0.58410000 -0.59210000 -0.55520000
vn -0.65670000 -0.34650000 0.66980000
vn -0.52640000 -0.65930000 0.53690000
vn -0.32770000 -0.88370000 0.33430000
vn -0.10210000 -0.98930000 0.10420000
vn 0.14410000 -0.97860000 -0.14700000
vn 0.37980000 -0.84010000 -0.38730000
vn 0.56420000 -0.59210000 -0.57540000
vn -0.63260000 -0.34650000 0.69260000
vn -0.50720000 -0.65930000 0.55510000
vn -0.31580000 -0.88370000 0.34560000
vn -0.09840000 -0.98930000 0.10770000
vn 0.13900000 -0.97850000 -0.15210000
vn 0.36590000 -0.84010000 -0.40050000
vn 0.54350000 -0.59210000 -0.59500000
vn -0.60790000 -0.34650000 0.71440000
vn -0.48730000 -0.65920000 0.57270000
vn -0.30340000 -0.88370000 0.35650000
vn -0.09460000 -0.98930000 0.11120000
vn 0.13350000 -0.97850000 -0.15700000
vn 0.35150000 -0.84010000 -0.41310000
vn 0.52220000 -0.59210000 -0.61370000
vn -0.58230000 -0.34650000 0.73540000
vn -0.46680000 -0.65920000 0.58950000
vn -0.29060000 -0.88360000 0.36700000
vn -0.09050000 -0.98930000 0.11430000
vn 0.12790000 -0.97860000 -0.16150000
vn 0.33680000 -0.84010000 -0.42530000
vn 0.50030000 -0.59210000 -0.63180000
vn -0.55610000 -0.34650000 0.75550000
vn -0.44570000 -0.65920000 0.60560000
vn -0.27750000 -0.88370000 0.37700000
vn -0.08640000 -0.98930000 0.11740000
vn 0.12210000 -0.97860000 -0.16580000
vn 0.32160000 -0.84010000 -0.43690000
vn 0.47770000 -0.59210000 -0.64900000
vn -0.52950000 -0.34670000 0.77430000
vn -0.42410000 -0.65920000 0.62090000
vn -0.26410000 -0.88360000 0.38660000
vn -0.08230000 -0.98930000 0.12050000
vn 0.11620000 -0.97860000 -0.17010000
vn 0.30600000 -0.84010000 -0.44790000
vn 0.45460000 -0.59210000 -0.66550000
vn -0.50150000 -0.34650000 0.79280000
vn -0.40200000 -0.65930000 0.63550000
vn -0.25030000 -0.88370000 0.39560000
vn -0.07800000 -0.98930000 0.12330000
vn 0.11020000 -0.97850000 -0.17420000
vn 0.29000000 -0.84010000 -0.45840000
vn 0.43080000 -0.59210000 -0.68110000
vn -0.47320000 -0.34650000 0.80990000
vn -0.37930000 -0.65920000 0.64930000
vn -0.23620000 -0.88360000 0.40420000
vn -0.07360000 -0.98930000 0.12590000
vn 0.10390000 -0.97860000 -0.17780000
vn 0.27370000 -0.84010000 -0.46840000
vn 0.40650000 -0.59210000 -0.69580000
vn -0.44460000 -0.34660000 0.82600000
vn -0.35620000 -0.65930000 0.66220000
vn -0.22180000 -0.88360000 0.41230000
vn -0.06910000 -0.98930000 0.12850000
vn 0.09760000 -0.97850000 -0.18150000
vn 0.25700000 -0.84010000 -0.47770000
vn 0.38180000 -0.59210000 -0.70970000
vn -0.41500000 -0.34650000 0.84130000
vn -0.33260000 -0.65930000 0.67430000
vn -0.20710000 -0.88360000 0.41990000
vn -0.06450000 -0.98930000 0.13080000
vn 0.09110000 -0.97850000 -0.18480000
vn 0.24000000 -0.84010000 -0.48650000
vn 0.35650000 -0.59210000 -0.72270000
vn -0.38510000 -0.34650000 0.85540000
vn -0.30870000 -0.65930000 0.68560000
vn -0.19220000 -0.88360000 0.42690000
vn -0.05990000 -0.98930000 0.13300000
vn 0.08460000 -0.97850000 -0.18790000
vn 0.22270000 -0.84010000 -0.49460000
vn 0.33080000 -0.59210000 -0.73480000
vn -0.35470000 -0.34650000 0.86840000
vn -0.28430000 -0.65920000 0.69610000
vn -0.17700000 -0.88370000 0.43340000
vn -0.05520000 -0.98930000 0.13510000
vn 0.07790000 -0.97860000 -0.19060000
vn 0.20510000 -0.84010000 -0.50220000
vn 0.30470000 -0.59210000 -0.74600000
vn -0.32390000 -0.34650000 0.88040000
vn -0.25960000 -0.65920000 0.70570000
vn -0.16160000 -0.88360000 0.43940000
vn -0.05040000 -0.98930000 0.13700000
vn 0.07110000 -0.97860000 -0.19320000
vn 0.18730000 -0.84000000 -0.50920000
vn 0.27820000 -0.59210000 -0.75630000
vn -0.29260000 -0.34650000 0.89120000
vn -0.23460000 -0.65920000 0.71440000
vn -0.14600000 -0.88360000 0.44480000
vn -0.04550000 -0.98930000 0.13850000
vn 0.06420000 -0.97860000 -0.19560000
vn 0.16920000 -0.84010000 -0.51540000
vn 0.25140000 -0.59210000 -0.76570000
vn -0.26120000 -0.34640000 0.90100000
vn -0.20930000 -0.65920000 0.72230000
vn -0.13030000 -0.88360000 0.44970000
vn -0.04060000 -0.98930000 0.14010000
vn 0.05730000 -0.97860000 -0.19780000
vn 0.15100000 -0.84010000 -0.52100000
vn 0.22430000 -0.59210000 -0.77410000
vn -0.22910000 -0.34650000 0.90960000
vn -0.18370000 -0.65920000 0.72920000
vn -0.11430000 -0.88370000 0.45400000
vn -0.03570000 -0.98930000 0.14150000
vn 0.05030000 -0.97860000 -0.19970000
vn 0.13250000 -0.84010000 -0.52600000
vn 0.19680000 -0.59210000 -0.78150000
vn -0.19690000 -0.34650000 0.91720000
vn -0.15790000 -0.65920000 0.73520000
vn -0.09830000 -0.88370000 0.45770000
vn -0.03060000 -0.98930000 0.14270000
vn 0.04320000 -0.97850000 -0.20140000
vn 0.11390000 -0.84010000 -0.53040000
vn 0.16920000 -0.59210000 -0.78790000
vn -0.16260000 -0.34680000 0.92370000
vn -0.13050000 -0.65930000 0.74050000
vn -0.08130000 -0.88370000 0.46100000
vn -0.02530000 -0.98930000 0.14360000
vn 0.03580000 -0.97860000 -0.20280000
vn 0.09420000 -0.84010000 -0.53420000
vn 0.13990000 -0.59210000 -0.79360000
vn -0.12830000 -0.34650000 0.92920000
vn -0.10280000 -0.65920000 0.74490000
vn -0.06400000 -0.88370000 0.46370000
vn -0.01990000 -0.98930000 0.14450000
vn 0.02810000 -0.97860000 -0.20400000
vn 0.07420000 -0.84010000 -0.53740000
vn 0.11020000 -0.59210000 -0.79830000
vn -0.09330000 -0.34650000 0.93340000
vn -0.07480000 -0.65920000 0.74820000
vn -0.04660000 -0.88370000 0.46580000
vn -0.01450000 -0.98930000 0.14520000
vn 0.02050000 -0.97860000 -0.20500000
vn 0.05390000 -0.84010000 -0.53970000
vn 0.08010000 -0.59210000 -0.80190000
vn -0.05830000 -0.34650000 0.93620000
vn -0.04670000 -0.65920000 0.75050000
vn -0.02910000 -0.88370000 0.46720000
vn -0.00910000 -0.98930000 0.14560000
vn 0.01280000 -0.97860000 -0.20550000
vn 0.03370000 -0.84010000 -0.54140000
vn 0.05000000 -0.59200000 -0.80440000
vn -0.02270000 -0.34650000 0.93780000
vn -0.01820000 -0.65920000 0.75170000
vn -0.01130000 -0.88370000 0.46800000
vn -0.00350000 -0.98930000 0.14580000
vn 0.00500000 -0.97860000 -0.20590000
vn 0.01310000 -0.84010000 -0.54230000
vn 0.01950000 -0.59210000 -0.80570000
vn -0.00000000 -0.00000000 1.00000000
vn 0.00000000 -0.34650000 0.93810000
vn -0.00000000 -0.65920000 0.75190000
vn -0.00000000 -0.88370000 0.46810000
vn -0.00000000 -0.98930000 0.14590000
vn -0.00000000 -0.97860000 -0.20590000
vn -0.00000000 -0.84010000 -0.54250000
vn -0.00000000 -0.59210000 -0.80590000
vn -0.00000000 -0.28870000 -0.95740000
vn 0.02670000 0.00000000 0.99960000
vn 0.05350000 -0.00000000 0.99860000
vn 0.08010000 -0.00000000 0.99680000
vn 0.10670000 -0.00000000 0.99430000
vn 0.13330000 -0.00000000 0.99110000
vn 0.15970000 0.00000000 0.98720000
vn 0.18610000 0.00000000 0.98250000
vn 0.21230000 -0.00000000 0.97720000
vn 0.23830000 0.00000000 0.97120000
vn 0.26420000 -0.00000000 0.96450000
vn 0.28990000 -0.00000000 0.95710000
vn 0.31540000 0.00000000 0.94900000
vn 0.34060000 0.00000000 0.94020000
vn 0.36560000 -0.00000000 0.93080000
vn 0.39040000 0.00000000 0.92070000
vn 0.41490000 -0.00000000 0.90990000
vn 0.43900000 0.00000000 0.89850000
vn 0.46290000 0.00000000 0.88640000
vn 0.48640000 -0.00000000 0.87370000
vn 0.50960000 0.00000000 0.86040000
vn 0.53240000 0.00000000 0.84650000
vn 0.55490000 0.00000000 0.83190000
vn 0.57690000 -0.00000000 0.81680000
vn 0.59860000 0.00000000 0.80110000
vn 0.61980000 0.00000000 0.78480000
vn 0.64050000 0.00000000 0.76800000
vn 0.66080000 0.00000000 0.75060000
vn 0.68060000 -0.00000000 0.73260000
vn 0.70000000 -0.00000000 0.71420000
vn 0.71880000 -0.00000000 0.69520000
vn 0.73710000 0.00000000 0.67570000
vn 0.75500000 0.00000000 0.65580000
vn 0.77220000 -0.00000000 0.63540000
vn 0.78890000 -0.00000000 0.61450000
vn 0.80510000 0.00000000 0.59320000
vn 0.82060000 -0.00000000 0.57140000
vn 0.83560000 -0.00000000 0.54930000
vn 0.85000000 0.00010000 0.52680000
vn 0.86380000 -0.00000000 0.50390000
vn 0.87690000 0.00000000 0.48060000
vn 0.88950000 -0.00000000 0.45700000
vn 0.90140000 -0.00000000 0.43300000
vn 0.91260000 -0.00000000 0.40880000
vn 0.92320000 0.00000000 0.38420000
vn 0.93320000 -0.00000000 0.35940000
vn 0.94250000 0.00000000 0.33430000
vn 0.95110000 -0.00000000 0.30900000
vn 0.95900000 0.00000000 0.28350000
vn 0.96620000 -0.00000000 0.25770000
vn 0.97280000 -0.00000000 0.23180000
vn 0.97860000 0.00000000 0.20570000
vn 0.98380000 -0.00000000 0.17950000
vn 0.98820000 -0.00000000 0.15310000
vn 0.99190000 0.00000000 0.12670000
vn 0.99500000 -0.00000000 0.10010000
vn 0.99730000 0.00000000 0.07350000
vn 0.99890000 -0.00000000 0.04680000
vn 0.99980000 0.00000000 0.02010000
vn 1.00000000 -0.00000000 -0.00670000
vn 0.99940000 -0.00000000 -0.03340000
vn 0.99820000 0.00000000 -0.06010000
vn 0.99620000 0.00000000 -0.08680000
vn 0.99360000 0.00000000 -0.11340000
vn 0.99020000 0.00000000 -0.13990000
vn 0.98610000 0.00000000 -0.16630000
vn 0.98130000 0.00000000 -0.19260000
vn 0.97580000 0.00000000 -0.21880000
vn 0.96960000 0.00000000 -0.24480000
vn 0.96270000 -0.00000000 -0.27060000
vn 0.95510000 -0.00000000 -0.29630000
vn 0.94680000 -0.00000000 -0.32170000
vn 0.93790000 -0.00000000 -0.34690000
vn 0.92830000 0.00000000 -0.37180000
vn 0.91800000 -0.00000000 -0.39650000
vn 0.90710000 0.00000000 -0.42090000
vn 0.89550000 -0.00000000 -0.44500000
vn 0.88330000 -0.00000000 -0.46880000
vn 0.87040000 -0.00000000 -0.49230000
vn 0.85700000 -0.00000000 -0.51530000
vn 0.84290000 -0.00000000 -0.53810000
vn 0.82820000 0.00000000 -0.56040000
vn 0.81290000 0.00000000 -0.58240000
vn 0.79710000 0.00000000 -0.60390000
vn 0.78060000 0.00000000 -0.62500000
vn 0.76370000 0.00000000 -0.64560000
vn 0.74610000 0.00000000 -0.66580000
vn 0.72810000 -0.00000000 -0.68550000
vn 0.70950000 -0.00000000 -0.70470000
vn 0.69040000 -0.00000000 -0.72350000
vn 0.67080000 0.00000000 -0.74170000
vn 0.65070000 0.00000000 -0.75930000
vn 0.63020000 0.00000000 -0.77640000
vn 0.60920000 0.00000000 -0.79300000
vn 0.58780000 0.00000000 -0.80900000
vn 0.56590000 0.00000000 -0.82440000
vn 0.54370000 0.00000000 -0.83930000
vn 0.52110000 0.00000000 -0.85350000
vn 0.49810000 -0.00000000 -0.86710000
vn 0.47470000 0.00000000 -0.88010000
vn 0.45100000 -0.00000000 -0.89250000
vn 0.42700000 0.00000000 -0.90430000
vn 0.40270000 0.00000000 -0.91530000
vn 0.37810000 0.00000000 -0.92580000
vn 0.35320000 -0.00000000 -0.93560000
vn 0.32800000 -0.00000000 -0.94470000
vn 0.30270000 -0.00000000 -0.95310000
vn 0.27710000 0.00000000 -0.96080000
vn 0.25130000 0.00000000 -0.96790000
vn 0.22530000 -0.00000000 -0.97430000
vn 0.19920000 0.00000000 -0.98000000
vn 0.17290000 -0.00000000 -0.98490000
vn 0.14650000 -0.00000000 -0.98920000
vn 0.12000000 -0.00000000 -0.99280000
vn 0.09340000 -0.00000000 -0.99560000
vn 0.06680000 -0.00000000 -0.99780000
vn 0.04010000 0.00000000 -0.99920000
vn 0.01340000 -0.00000000 -0.99990000
vn -0.01340000 0.00000000 -0.99990000
vn -0.04010000 -0.00000000 -0.99920000
vn -0.06680000 0.00000000 -0.99780000
vn -0.09340000 -0.00000000 -0.99560000
vn -0.12000000 -0.00000000 -0.99280000
vn -0.14650000 0.00000000 -0.98920000
vn -0.17290000 0.00000000 -0.98490000
vn -0.19920000 -0.00000000 -0.98000000
vn -0.22530000 -0.00000000 -0.97430000
vn -0.25130000 0.00000000 -0.96790000
vn -0.27710000 0.00000000 -0.96090000
vn -0.30270000 0.00000000 -0.95310000
vn -0.32800000 -0.00000000 -0.94470000
vn -0.35320000 0.00000000 -0.93560000
vn -0.37800000 -0.00000000 -0.92580000
vn -0.40270000 -0.00000000 -0.91530000
vn -0.42700000 0.00000000 -0.90430000
vn -0.45100000 -0.00000000 -0.89250000
vn -0.47470000 -0.00000000 -0.88010000
vn -0.49810000 0.00000000 -0.86710000
vn -0.52110000 -0.00000000 -0.85350000
vn -0.54370000 -0.00000000 -0.83930000
vn -0.56590000 -0.00000000 -0.82440000
vn -0.58780000 -0.00000000 -0.80900000
vn -0.60920000 0.00000000 -0.79300000
vn -0.63020000 -0.00000000 -0.77640000
vn -0.65070000 -0.00000000 -0.75930000
vn -0.67080000 0.00000000 -0.74160000
vn -0.69040000 -0.00000000 -0.72350000
vn -0.70950000 -0.00000000 -0.70470000
vn -0.72810000 -0.00000000 -0.68550000
vn -0.74610000 -0.00000000 -0.66580000
vn -0.76370000 0.00000000 -0.64560000
vn -0.78060000 0.00000000 -0.62500000
vn -0.79710000 -0.00000000 -0.60390000
vn -0.81290000 -0.00000000 -0.58240000
vn -0.82820000 0.00000000 -0.56040000
vn -0.84290000 0.00000000 -0.53810000
vn -0.85700000 0.00000000 -0.51540000
vn -0.87040000 -0.00000000 -0.49230000
vn -0.88330000 0.00000000 -0.46880000
vn -0.89550000 -0.00000000 -0.44500000
vn -0.90710000 0.00000000 -0.42090000
vn -0.91800000 -0.00000000 -0.39650000
vn -0.92830000 0.00000000 -0.37180000
vn -0.93790000 -0.00000000 -0.34690000
vn -0.94680000 -0.00000000 -0.32170000
vn -0.95510000 0.00000000 -0.29630000
vn -0.96270000 0.00000000 -0.27060000
vn -0.96960000 -0.00000000 -0.24480000
vn -0.97580000 -0.00000000 -0.21880000
vn -0.98130000 -0.00000000 -0.19260000
vn -0.98610000 -0.00000000 -0.16630000
vn -0.99020000 -0.00000000 -0.13990000
vn -0.99360000 0.00000000 -0.11340000
vn -0.99620000 0.00000000 -0.08680000
vn -0.99820000 -0.00000000 -0.06010000
vn -0.99940000 0.00000000 -0.03340000
vn -1.00000000 0.00000000 -0.00670000
vn -0.99980000 -0.00000000 0.02000000
vn -0.99890000 -0.00000000 0.04680000
vn -0.99730000 0.00000000 0.07350000
vn -0.99500000 0.00000000 0.10010000
vn -0.99190000 -0.00000000 0.12670000
vn -0.98820000 0.00000000 0.15310000
vn -0.98380000 0.00000000 0.17950000
vn -0.97860000 0.00000000 0.20570000
vn -0.97280000 0.00000000 0.23180000
vn -0.96620000 -0.00000000 0.25770000
vn -0.95900000 0.00000000 0.28350000
vn -0.95110000 0.00000000 0.30900000
vn -0.94250000 -0.00000000 0.33430000
vn -0.93320000 -0.00000000 0.35940000
vn -0.92320000 0.00000000 0.38420000
vn -0.91260000 0.00000000 0.40880000
vn -0.90140000 0.00000000 0.43300000
vn -0.88950000 0.00000000 0.45700000
vn -0.87690000 -0.00000000 0.48060000
vn -0.86380000 -0.00000000 0.50390000
vn -0.85000000 -0.00000000 0.52680000
vn -0.83560000 0.00000000 0.54930000
vn -0.82060000 -0.00000000 0.57140000
vn -0.80510000 -0.00000000 0.59320000
vn -0.78890000 0.00000000 0.61450000
vn -0.77220000 0.00000000 0.63540000
vn -0.75500000 -0.00000000 0.65580000
vn -0.73720000 0.00000000 0.67570000
vn -0.71880000 0.00000000 0.69520000
vn -0.70000000 -0.00000000 0.71420000
vn -0.68060000 -0.00000000 0.73260000
vn -0.66080000 -0.00000000 0.75060000
vn -0.64050000 0.00000000 0.76800000
vn -0.61970000 -0.00000000 0.78480000
vn -0.59860000 0.00000000 0.80110000
vn -0.57690000 -0.00000000 0.81680000
vn -0.55490000 0.00000000 0.83190000
vn -0.53240000 0.00000000 0.84650000
vn -0.50960000 0.00000000 0.86040000
vn -0.48640000 -0.00000000 0.87370000
vn -0.46290000 0.00000000 0.88640000
vn -0.43900000 0.00000000 0.89850000
vn -0.41490000 -0.00000000 0.90990000
vn -0.39040000 -0.00000000 0.92060000
vn -0.36560000 -0.00000000 0.93080000
vn -0.34060000 -0.00000000 0.94020000
vn -0.31540000 -0.00000000 0.94900000
vn -0.28990000 -0.00000000 0.95710000
vn -0.26420000 0.00000000 0.96450000
vn -0.23830000 -0.00000000 0.97120000
vn -0.21230000 -0.00000000 0.97720000
vn -0.18610000 -0.00000000 0.98250000
vn -0.15970000 -0.00000000 0.98720000
vn -0.13330000 0.00000000 0.99110000
vn -0.10670000 -0.00000000 0.99430000
vn -0.08010000 -0.00000000 0.99680000
vn -0.05340000 0.00000000 0.99860000
vn -0.02670000 -0.00000000 0.99960000
vn 0.02650000 -0.28870000 -0.95710000
vn 0.05300000 -0.28870000 -0.95600000
vn 0.07940000 -0.28870000 -0.95410000
vn 0.10580000 -0.28870000 -0.95160000
vn 0.13210000 -0.28870000 -0.94830000
vn 0.15830000 -0.28870000 -0.94430000
vn 0.18430000 -0.28870000 -0.93950000
vn 0.21030000 -0.28870000 -0.93410000
vn 0.23600000 -0.28870000 -0.92790000
vn 0.26160000 -0.28870000 -0.92100000
vn 0.28700000 -0.28870000 -0.91340000
vn 0.31220000 -0.28870000 -0.90510000
vn 0.33710000 -0.28870000 -0.89610000
vn 0.36180000 -0.28870000 -0.88640000
vn 0.38620000 -0.28870000 -0.87610000
vn 0.41030000 -0.28870000 -0.86510000
vn 0.43410000 -0.28870000 -0.85340000
vn 0.45750000 -0.28870000 -0.84100000
vn 0.48060000 -0.28870000 -0.82810000
vn 0.50340000 -0.28870000 -0.81440000
vn 0.52570000 -0.28870000 -0.80020000
vn 0.54760000 -0.28870000 -0.78530000
vn 0.56920000 -0.28870000 -0.76990000
vn 0.59030000 -0.28870000 -0.75380000
vn 0.61090000 -0.28870000 -0.73720000
vn 0.63110000 -0.28870000 -0.72000000
vn 0.65070000 -0.28870000 -0.70230000
vn 0.66990000 -0.28870000 -0.68400000
vn 0.68860000 -0.28870000 -0.66520000
vn 0.70680000 -0.28870000 -0.64590000
vn 0.72440000 -0.28870000 -0.62610000
vn 0.74140000 -0.28870000 -0.60580000
vn 0.75790000 -0.28870000 -0.58500000
vn 0.77380000 -0.28870000 -0.56380000
vn 0.78910000 -0.28870000 -0.54220000
vn 0.80380000 -0.28870000 -0.52020000
vn 0.81790000 -0.28870000 -0.49770000
vn 0.83130000 -0.28870000 -0.47490000
vn 0.84420000 -0.28870000 -0.45170000
vn 0.85640000 -0.28870000 -0.42820000
vn 0.86790000 -0.28870000 -0.40430000
vn 0.87870000 -0.28870000 -0.38010000
vn 0.88890000 -0.28870000 -0.35570000
vn 0.89840000 -0.28870000 -0.33090000
vn 0.90720000 -0.28870000 -0.30590000
vn 0.91530000 -0.28870000 -0.28070000
vn 0.92280000 -0.28870000 -0.25530000
vn 0.92950000 -0.28870000 -0.22960000
vn 0.93550000 -0.28870000 -0.20380000
vn 0.94080000 -0.28870000 -0.17780000
vn 0.94530000 -0.28870000 -0.15170000
vn 0.94920000 -0.28870000 -0.12550000
vn 0.95230000 -0.28870000 -0.09920000
vn 0.95460000 -0.28870000 -0.07280000
vn 0.95630000 -0.28870000 -0.04640000
vn 0.95720000 -0.28870000 -0.01990000
vn 0.95740000 -0.28870000 0.00660000
vn 0.95680000 -0.28870000 0.03310000
vn 0.95560000 -0.28870000 0.05960000
vn 0.95350000 -0.28870000 0.08600000
vn 0.95080000 -0.28870000 0.11240000
vn 0.94730000 -0.28870000 0.13860000
vn 0.94310000 -0.28870000 0.16480000
vn 0.93820000 -0.28870000 0.19080000
vn 0.93260000 -0.28870000 0.21670000
vn 0.92620000 -0.28870000 0.24250000
vn 0.91910000 -0.28870000 0.26800000
vn 0.91140000 -0.28870000 0.29330000
vn 0.90290000 -0.28870000 0.31840000
vn 0.89370000 -0.28870000 0.34330000
vn 0.88390000 -0.28870000 0.36790000
vn 0.87340000 -0.28870000 0.39220000
vn 0.86220000 -0.28870000 0.41630000
vn 0.85030000 -0.28870000 0.44000000
vn 0.83780000 -0.28870000 0.46330000
vn 0.82470000 -0.28870000 0.48630000
vn 0.81090000 -0.28870000 0.50900000
vn 0.79650000 -0.28870000 0.53120000
vn 0.78150000 -0.28870000 0.55310000
vn 0.76590000 -0.28870000 0.57450000
vn 0.74970000 -0.28870000 0.59550000
vn 0.73300000 -0.28870000 0.61600000
vn 0.71560000 -0.28870000 0.63600000
vn 0.69770000 -0.28870000 0.65560000
vn 0.67930000 -0.28870000 0.67470000
vn 0.66040000 -0.28870000 0.69320000
vn 0.64100000 -0.28870000 0.71120000
vn 0.62100000 -0.28870000 0.72870000
vn 0.60060000 -0.28870000 0.74560000
vn 0.57980000 -0.28870000 0.76190000
vn 0.55850000 -0.28870000 0.77770000
vn 0.53670000 -0.28870000 0.79280000
vn 0.51460000 -0.28870000 0.80740000
vn 0.49200000 -0.28870000 0.82130000
vn 0.46910000 -0.28870000 0.83460000
vn 0.44580000 -0.28870000 0.84730000
vn 0.42220000 -0.28870000 0.85930000
vn 0.39830000 -0.28870000 0.87060000
vn 0.37400000 -0.28870000 0.88130000
vn 0.34950000 -0.28870000 0.89140000
vn 0.32470000 -0.28870000 0.90070000
vn 0.29960000 -0.28870000 0.90930000
vn 0.27440000 -0.28870000 0.91730000
vn 0.24890000 -0.28870000 0.92450000
vn 0.22320000 -0.28870000 0.93100000
vn 0.19730000 -0.28870000 0.93690000
vn 0.17130000 -0.28870000 0.94200000
vn 0.14520000 -0.28870000 0.94630000
vn 0.11890000 -0.28870000 0.95000000
vn 0.09260000 -0.28870000 0.95290000
vn 0.06620000 -0.28870000 0.95510000
vn 0.03970000 -0.28870000 0.95660000
vn 0.01330000 -0.28870000 0.95730000
vn -0.01330000 -0.28870000 0.95730000
vn -0.03970000 -0.28870000 0.95660000
vn -0.06620000 -0.28870000 0.95510000
vn -0.09260000 -0.28870000 0.95290000
vn -0.11890000 -0.28870000 0.95000000
vn -0.14520000 -0.28870000 0.94630000
vn -0.17130000 -0.28870000 0.94200000
vn -0.19730000 -0.28870000 0.93690000
vn -0.22320000 -0.28870000 0.93100000
vn -0.24890000 -0.28870000 0.92450000
vn -0.27440000 -0.28870000 0.91730000
vn -0.29960000 -0.28870000 0.90930000
vn -0.32470000 -0.28870000 0.90070000
vn -0.34950000 -0.28870000 0.89140000
vn -0.37400000 -0.28870000 0.88130000
vn -0.39830000 -0.28870000 0.87070000
vn -0.42220000 -0.28870000 0.85930000
vn -0.44580000 -0.28870000 0.84730000
vn -0.46910000 -0.28870000 0.83460000
vn -0.49200000 -0.28870000 0.82130000
vn -0.51460000 -0.28870000 0.80740000
vn -0.53670000 -0.28870000 0.79280000
vn -0.55850000 -0.28870000 0.77770000
vn -0.57980000 -0.28870000 0.76190000
vn -0.60060000 -0.28870000 0.74560000
vn -0.62100000 -0.28870000 0.72870000
vn -0.64100000 -0.28870000 0.71120000
vn -0.66040000 -0.28870000 0.69320000
vn -0.67930000 -0.28870000 0.67460000
vn -0.69780000 -0.28870000 0.65560000
vn -0.71560000 -0.28870000 0.63600000
vn -0.73300000 -0.28870000 0.61600000
vn -0.74970000 -0.28870000 0.59550000
vn -0.76590000 -0.28870000 0.57450000
vn -0.78150000 -0.28870000 0.55310000
vn -0.79650000 -0.28870000 0.53120000
vn -0.81090000 -0.28870000 0.50900000
vn -0.82470000 -0.28870000 0.48630000
vn -0.83780000 -0.28870000 0.46330000
vn -0.85030000 -0.28870000 0.44000000
vn -0.86220000 -0.28870000 0.41630000
vn -0.87340000 -0.28870000 0.39220000
vn -0.88390000 -0.28870000 0.36790000
vn -0.89380000 -0.28870000 0.34330000
vn -0.90290000 -0.28870000 0.31840000
vn -0.91140000 -0.28870000 0.29330000
vn -0.91910000 -0.28870000 0.26800000
vn -0.92620000 -0.28870000 0.24250000
vn -0.93260000 -0.28870000 0.21670000
vn -0.93820000 -0.28870000 0.19080000
vn -0.94310000 -0.28870000 0.16480000
vn -0.94730000 -0.28870000 0.13860000
vn -0.95080000 -0.28870000 0.11240000
vn -0.95360000 -0.28870000 0.08600000
vn -0.95560000 -0.28870000 0.05960000
vn -0.95690000 -0.28870000 0.03310000
vn -0.95740000 -0.28870000 0.00660000
vn -0.95720000 -0.28870000 -0.01990000
vn -0.95630000 -0.28870000 -0.04640000
vn -0.95470000 -0.28870000 -0.07280000
vn -0.95230000 -0.28870000 -0.09920000
vn -0.94920000 -0.28870000 -0.12550000
vn -0.94530000 -0.28870000 -0.15170000
vn -0.94080000 -0.28870000 -0.17780000
vn -0.93550000 -0.28870000 -0.20380000
vn -0.92950000 -0.28870000 -0.22960000
vn -0.92280000 -0.28870000 -0.25520000
vn -0.91530000 -0.28870000 -0.28070000
vn -0.90720000 -0.28870000 -0.30590000
vn -0.89840000 -0.28870000 -0.33090000
vn -0.88890000 -0.28870000 -0.35560000
vn -0.87870000 -0.28870000 -0.38010000
vn -0.86790000 -0.28870000 -0.40430000
vn -0.85630000 -0.28870000 -0.42820000
vn -0.84420000 -0.28870000 -0.45170000
vn -0.83130000 -0.28870000 -0.47490000
vn -0.81790000 -0.28870000 -0.49770000
vn -0.80380000 -0.28870000 -0.52010000
vn -0.78910000 -0.28870000 -0.54220000
vn -0.77380000 -0.28870000 -0.56380000
vn -0.75790000 -0.28870000 -0.58500000
vn -0.74140000 -0.28870000 -0.60580000
vn -0.72440000 -0.28870000 -0.62610000
vn -0.70680000 -0.28870000 -0.64590000
vn -0.68860000 -0.28870000 -0.66520000
vn -0.66990000 -0.28870000 -0.68400000
vn -0.65080000 -0.28870000 -0.70230000
vn -0.63110000 -0.28870000 -0.72000000
vn -0.61090000 -0.28870000 -0.73720000
vn -0.59030000 -0.28870000 -0.75380000
vn -0.56920000 -0.28870000 -0.76990000
vn -0.54760000 -0.28870000 -0.78530000
vn -0.52570000 -0.28870000 -0.80020000
vn -0.50340000 -0.28870000 -0.81440000
vn -0.48060000 -0.28870000 -0.82800000
vn -0.45750000 -0.28870000 -0.84100000
vn -0.43410000 -0.28870000 -0.85340000
vn -0.41030000 -0.28870000 -0.86510000
vn -0.38620000 -0.28870000 -0.87610000
vn -0.36180000 -0.28870000 -0.88640000
vn -0.33710000 -0.28870000 -0.89610000
vn -0.31220000 -0.28870000 -0.90510000
vn -0.28700000 -0.28870000 -0.91340000
vn -0.26160000 -0.28870000 -0.92100000
vn -0.23610000 -0.28870000 -0.92790000
vn -0.21030000 -0.28870000 -0.93400000
vn -0.18430000 -0.28870000 -0.93950000
vn -0.15830000 -0.28870000 -0.94420000
vn -0.13210000 -0.28870000 -0.94830000
vn -0.10580000 -0.28870000 -0.95150000
vn -0.07940000 -0.28870000 -0.95410000
vn -0.05300000 -0.28870000 -0.95600000
vn -0.02650000 -0.28870000 -0.95710000
vn -0.00000000 -0.28870000 -0.95740000
vn 0.00000000 -0.61400000 -0.78930000
vn -0.00000000 -0.86710000 -0.49820000
vn -0.00000000 -0.97710000 -0.21290000
vn -0.00000000 -1.00000000 0.00000000
vn -0.06930000 -0.61400000 -0.78620000
vn -0.04380000 -0.86710000 -0.49620000
vn -0.01870000 -0.97710000 -0.21210000
vn -0.00000000 -1.00000000 0.00000000
vn -0.13370000 -0.61400000 -0.77790000
vn -0.08430000 -0.86710000 -0.49100000
vn -0.03600000 -0.97710000 -0.20990000
vn -0.00000000 -1.00000000 0.00000000
vn -0.19680000 -0.61400000 -0.76440000
vn -0.12420000 -0.86710000 -0.48250000
vn -0.05310000 -0.97710000 -0.20620000
vn -0.00000000 -1.00000000 0.00000000
vn -0.25850000 -0.61400000 -0.74580000
vn -0.16320000 -0.86710000 -0.47070000
vn -0.06980000 -0.97710000 -0.20120000
vn -0.00000000 -1.00000000 0.00000000
vn -0.31860000 -0.61400000 -0.72210000
vn -0.20110000 -0.86710000 -0.45580000
vn -0.08590000 -0.97710000 -0.19480000
vn -0.00000000 -1.00000000 0.00000000
vn -0.37630000 -0.61400000 -0.69380000
vn -0.23730000 -0.86710000 -0.43800000
vn -0.10140000 -0.97710000 -0.18730000
vn -0.00000000 -1.00000000 0.00000000
vn -0.43030000 -0.61400000 -0.66170000
vn -0.27160000 -0.86710000 -0.41760000
vn -0.11610000 -0.97710000 -0.17850000
vn -0.00000000 -1.00000000 0.00000000
vn -0.48150000 -0.61400000 -0.62540000
vn -0.30390000 -0.86710000 -0.39470000
vn -0.12990000 -0.97710000 -0.16870000
vn -0.00000000 -1.00000000 0.00000000
vn -0.52970000 -0.61400000 -0.58520000
vn -0.33430000 -0.86710000 -0.36930000
vn -0.14290000 -0.97710000 -0.15790000
vn -0.00000000 -1.00000000 0.00000000
vn -0.57450000 -0.61400000 -0.54130000
vn -0.36260000 -0.86710000 -0.34160000
vn -0.15500000 -0.97710000 -0.14600000
vn -0.00000000 -1.00000000 0.00000000
vn -0.61570000 -0.61400000 -0.49390000
vn -0.38860000 -0.86710000 -0.31170000
vn -0.16610000 -0.97710000 -0.13330000
vn -0.00000000 -1.00000000 0.00000000
vn -0.65300000 -0.61400000 -0.44340000
vn -0.41210000 -0.86710000 -0.27990000
vn -0.17620000 -0.97710000 -0.11960000
vn -0.00000000 -1.00000000 0.00000000
vn -0.68610000 -0.61400000 -0.39010000
vn -0.43310000 -0.86710000 -0.24620000
vn -0.18510000 -0.97710000 -0.10530000
vn -0.00000000 -1.00000000 0.00000000
vn -0.71490000 -0.61400000 -0.33440000
vn -0.45120000 -0.86710000 -0.21100000
vn -0.19290000 -0.97710000 -0.09020000
vn -0.00000000 -1.00000000 0.00000000
vn -0.73930000 -0.61400000 -0.27650000
vn -0.46660000 -0.86710000 -0.17450000
vn -0.19950000 -0.97710000 -0.07460000
vn -0.00000000 -1.00000000 0.00000000
vn -0.75890000 -0.61400000 -0.21690000
vn -0.47900000 -0.86710000 -0.13690000
vn -0.20470000 -0.97710000 -0.05850000
vn -0.00000000 -1.00000000 0.00000000
vn -0.77370000 -0.61400000 -0.15590000
vn -0.48840000 -0.86710000 -0.09840000
vn -0.20880000 -0.97710000 -0.04210000
vn -0.00000000 -1.00000000 0.00000000
vn -0.78410000 -0.61400000 -0.09030000
vn -0.49490000 -0.86710000 -0.05700000
vn -0.21150000 -0.97710000 -0.02440000
vn -0.00000000 -1.00000000 0.00000000
vn -0.78890000 -0.61400000 -0.02420000
vn -0.49790000 -0.86710000 -0.01530000
vn -0.21290000 -0.97710000 -0.00650000
vn -0.00000000 -1.00000000 0.00000000
vn -0.78850000 -0.61400000 0.03470000
vn -0.49770000 -0.86710000 0.02190000
vn -0.21270000 -0.97710000 0.00940000
vn -0.00000000 -1.00000000 0.00000000
vn -0.78270000 -0.61400000 0.10180000
vn -0.49400000 -0.86710000 0.06420000
vn -0.21120000 -0.97710000 0.02720000
vn -0.00000000 -1.00000000 0.00000000
vn -0.77180000 -0.61400000 0.16540000
vn -0.48710000 -0.86710000 0.10440000
vn -0.20820000 -0.97710000 0.04460000
vn -0.00000000 -1.00000000 0.00000000
vn -0.75570000 -0.61400000 0.22780000
vn -0.47700000 -0.86710000 0.14380000
vn -0.20390000 -0.97710000 0.06150000
vn -0.00000000 -1.00000000 0.00000000
vn -0.73450000 -0.61400000 0.28880000
vn -0.46360000 -0.86710000 0.18230000
vn -0.19820000 -0.97710000 0.07790000
vn -0.00000000 -1.00000000 0.00000000
vn -0.70850000 -0.61400000 0.34780000
vn -0.44720000 -0.86710000 0.21940000
vn -0.19120000 -0.97710000 0.09380000
vn -0.00000000 -1.00000000 0.00000000
vn -0.67830000 -0.61400000 0.40360000
vn -0.42820000 -0.86710000 0.25470000
vn -0.18300000 -0.97710000 0.10880000
vn -0.00000000 -1.00000000 0.00000000
vn -0.64410000 -0.61400000 0.45620000
vn -0.40650000 -0.86710000 0.28800000
vn -0.17380000 -0.97710000 0.12310000
vn -0.00000000 -1.00000000 0.00000000
vn -0.60580000 -0.61400000 0.50600000
vn -0.38240000 -0.86710000 0.31930000
vn -0.16340000 -0.97710000 0.13650000
vn -0.00000000 -1.00000000 0.00000000
vn -0.56370000 -0.61400000 0.55250000
vn -0.35580000 -0.86710000 0.34870000
vn -0.15210000 -0.97710000 0.14910000
vn -0.00000000 -1.00000000 0.00000000
vn -0.51800000 -0.61400000 0.59550000
vn -0.32690000 -0.86710000 0.37590000
vn -0.13980000 -0.97710000 0.16070000
vn -0.00000000 -1.00000000 0.00000000
vn -0.46900000 -0.61400000 0.63480000
vn -0.29600000 -0.86710000 0.40070000
vn -0.12650000 -0.97710000 0.17130000
vn -0.00000000 -1.00000000 0.00000000
vn -0.41710000 -0.61400000 0.67010000
vn -0.26330000 -0.86710000 0.42290000
vn -0.11250000 -0.97710000 0.18080000
vn -0.00000000 -1.00000000 0.00000000
vn -0.36250000 -0.61400000 0.70110000
vn -0.22880000 -0.86710000 0.44250000
vn -0.09780000 -0.97710000 0.18920000
vn -0.00000000 -1.00000000 0.00000000
vn -0.30570000 -0.61400000 0.72770000
vn -0.19290000 -0.86710000 0.45930000
vn -0.08250000 -0.97710000 0.19630000
vn -0.00000000 -1.00000000 0.00000000
vn -0.24690000 -0.61400000 0.74970000
vn -0.15580000 -0.86710000 0.47320000
vn -0.06660000 -0.97710000 0.20230000
vn -0.00000000 -1.00000000 0.00000000
vn -0.18660000 -0.61400000 0.76690000
vn -0.11780000 -0.86710000 0.48410000
vn -0.05010000 -0.97710000 0.20700000
vn -0.00000000 -1.00000000 0.00000000
vn -0.12200000 -0.61400000 0.77980000
vn -0.07690000 -0.86710000 0.49220000
vn -0.03290000 -0.97710000 0.21040000
vn -0.00000000 -1.00000000 0.00000000
vn -0.05580000 -0.61400000 0.78730000
vn -0.03520000 -0.86710000 0.49690000
vn -0.01510000 -0.97710000 0.21240000
vn -0.00000000 -1.00000000 0.00000000
vn 0.00000000 -0.61400000 0.78930000
vn -0.00000000 -0.86710000 0.49820000
vn -0.00000000 -0.97710000 0.21290000
vn -0.00000000 -1.00000000 0.00000000
vn 0.06930000 -0.61400000 0.78620000
vn 0.04380000 -0.86710000 0.49630000
vn 0.01870000 -0.97710000 0.21210000
vn -0.00000000 -1.00000000 0.00000000
vn 0.13370000 -0.61400000 0.77790000
vn 0.08430000 -0.86710000 0.49100000
vn 0.03600000 -0.97710000 0.20990000
vn -0.00000000 -1.00000000 0.00000000
vn 0.19680000 -0.61400000 0.76440000
vn 0.12420000 -0.86710000 0.48240000
vn 0.05310000 -0.97710000 0.20620000
vn -0.00000000 -1.00000000 0.00000000
vn 0.25850000 -0.61400000 0.74570000
vn 0.16320000 -0.86710000 0.47070000
vn 0.06970000 -0.97710000 0.20120000
vn -0.00000000 -1.00000000 0.00000000
vn 0.31860000 -0.61400000 0.72210000
vn 0.20100000 -0.86710000 0.45580000
vn 0.08590000 -0.97710000 0.19480000
vn -0.00000000 -1.00000000 0.00000000
vn 0.37630000 -0.61400000 0.69380000
vn 0.23730000 -0.86710000 0.43800000
vn 0.10140000 -0.97710000 0.18720000
vn -0.00000000 -1.00000000 0.00000000
vn 0.43030000 -0.61400000 0.66170000
vn 0.27160000 -0.86710000 0.41760000
vn 0.11610000 -0.97710000 0.17850000
vn -0.00000000 -1.00000000 0.00000000
vn 0.48150000 -0.61410000 0.62540000
vn 0.30390000 -0.86710000 0.39470000
vn 0.12990000 -0.97710000 0.16870000
vn -0.00000000 -1.00000000 0.00000000
vn 0.52960000 -0.61400000 0.58520000
vn 0.33430000 -0.86710000 0.36930000
vn 0.14290000 -0.97710000 0.15790000
vn -0.00000000 -1.00000000 0.00000000
vn 0.57450000 -0.61400000 0.54130000
vn 0.36260000 -0.86710000 0.34160000
vn 0.15500000 -0.97710000 0.14600000
vn -0.00000000 -1.00000000 0.00000000
vn 0.61570000 -0.61400000 0.49390000
vn 0.38860000 -0.86710000 0.31170000
vn 0.16610000 -0.97710000 0.13330000
vn -0.00000000 -1.00000000 0.00000000
vn 0.65290000 -0.61400000 0.44340000
vn 0.41210000 -0.86710000 0.27990000
vn 0.17610000 -0.97710000 0.11960000
vn -0.00000000 -1.00000000 0.00000000
vn 0.68610000 -0.61400000 0.39010000
vn 0.43300000 -0.86710000 0.24620000
vn 0.18510000 -0.97710000 0.10530000
vn -0.00000000 -1.00000000 0.00000000
vn 0.71500000 -0.61400000 0.33440000
vn 0.45130000 -0.86710000 0.21110000
vn 0.19290000 -0.97710000 0.09020000
vn -0.00000000 -1.00000000 0.00000000
vn 0.73930000 -0.61400000 0.27650000
vn 0.46660000 -0.86710000 0.17450000
vn 0.19950000 -0.97710000 0.07460000
vn -0.00000000 -1.00000000 0.00000000
vn 0.75890000 -0.61400000 0.21690000
vn 0.47900000 -0.86710000 0.13690000
vn 0.20480000 -0.97710000 0.05850000
vn -0.00000000 -1.00000000 0.00000000
vn 0.77380000 -0.61400000 0.15590000
vn 0.48830000 -0.86710000 0.09840000
vn 0.20880000 -0.97710000 0.04210000
vn -0.00000000 -1.00000000 0.00000000
vn 0.78410000 -0.61400000 0.09030000
vn 0.49490000 -0.86710000 0.05700000
vn 0.21150000 -0.97710000 0.02440000
vn -0.00000000 -1.00000000 0.00000000
vn 0.78890000 -0.61410000 0.02420000
vn 0.49800000 -0.86710000 0.01530000
vn 0.21280000 -0.97710000 0.00650000
vn -0.00000000 -1.00000000 0.00000000
vn 0.78850000 -0.61400000 -0.03470000
vn 0.49770000 -0.86710000 -0.02190000
vn 0.21270000 -0.97710000 -0.00940000
vn -0.00000000 -1.00000000 0.00000000
vn 0.78270000 -0.61400000 -0.10180000
vn 0.49400000 -0.86710000 -0.06420000
vn 0.21120000 -0.97710000 -0.02720000
vn -0.00000000 -1.00000000 0.00000000
vn 0.77180000 -0.61400000 -0.16540000
vn 0.48710000 -0.86710000 -0.10440000
vn 0.20820000 -0.97710000 -0.04460000
vn -0.00000000 -1.00000000 0.00000000
vn 0.75570000 -0.61400000 -0.22780000
vn 0.47700000 -0.86710000 -0.14380000
vn 0.20390000 -0.97710000 -0.06150000
vn -0.00000000 -1.00000000 0.00000000
vn 0.73460000 -0.61400000 -0.28880000
vn 0.46360000 -0.86710000 -0.18230000
vn 0.19820000 -0.97710000 -0.07790000
vn -0.00000000 -1.00000000 0.00000000
vn 0.70850000 -0.61400000 -0.34780000
vn 0.44730000 -0.86710000 -0.21940000
vn 0.19120000 -0.97710000 -0.09380000
vn -0.00000000 -1.00000000 0.00000000
vn 0.67830000 -0.61400000 -0.40360000
vn 0.42820000 -0.86710000 -0.25470000
vn 0.18300000 -0.97710000 -0.10880000
vn -0.00000000 -1.00000000 0.00000000
vn 0.64410000 -0.61400000 -0.45620000
vn 0.40650000 -0.86710000 -0.28790000
vn 0.17370000 -0.97710000 -0.12310000
vn -0.00000000 -1.00000000 0.00000000
vn 0.60580000 -0.61400000 -0.50600000
vn 0.38230000 -0.86710000 -0.31930000
vn 0.16340000 -0.97710000 -0.13650000
vn -0.00000000 -1.00000000 0.00000000
vn 0.56370000 -0.61400000 -0.55250000
vn 0.35580000 -0.86710000 -0.34870000
vn 0.15210000 -0.97710000 -0.14910000
vn -0.00000000 -1.00000000 0.00000000
vn 0.51800000 -0.61400000 -0.59550000
vn 0.32690000 -0.86710000 -0.37590000
vn 0.13980000 -0.97710000 -0.16070000
vn -0.00000000 -1.00000000 0.00000000
vn 0.46900000 -0.61400000 -0.63480000
vn 0.29600000 -0.86710000 -0.40070000
vn 0.12650000 -0.97710000 -0.17130000
vn -0.00000000 -1.00000000 0.00000000
vn 0.41710000 -0.61400000 -0.67010000
vn 0.26330000 -0.86710000 -0.42290000
vn 0.11250000 -0.97710000 -0.18080000
vn -0.00000000 -1.00000000 0.00000000
vn 0.36250000 -0.61400000 -0.70110000
vn 0.22880000 -0.86710000 -0.44250000
vn 0.09780000 -0.97710000 -0.18920000
vn -0.00000000 -1.00000000 0.00000000
vn 0.30570000 -0.61400000 -0.72770000
vn 0.19290000 -0.86710000 -0.45930000
vn 0.08250000 -0.97710000 -0.19630000
vn -0.00000000 -1.00000000 0.00000000
vn 0.24690000 -0.61400000 -0.74970000
vn 0.15580000 -0.86710000 -0.47320000
vn 0.06660000 -0.97710000 -0.20230000
vn -0.00000000 -1.00000000 0.00000000
vn 0.18660000 -0.61400000 -0.76690000
vn 0.11780000 -0.86710000 -0.48410000
vn 0.05010000 -0.97710000 -0.20700000
vn -0.00000000 -1.00000000 0.00000000
vn 0.12200000 -0.61400000 -0.77980000
vn 0.07690000 -0.86710000 -0.49220000
vn 0.03290000 -0.97710000 -0.21040000
vn -0.00000000 -1.00000000 0.00000000
vn 0.05580000 -0.61400000 -0.78730000
vn 0.03520000 -0.86710000 -0.49690000
vn 0.01510000 -0.97710000 -0.21240000
vn -0.00000000 -1.00000000 0.00000000
vn -0.00000000 -0.28870000 -0.95740000
vn 0.00000000 -0.61400000 -0.78930000
vn -0.00000000 -0.86710000 -0.49820000
vn -0.00000000 -0.97710000 -0.21290000
vn -0.00000000 -1.00000000 0.00000000
vn -0.02650000 -0.28870000 -0.95710000
vn -0.05300000 -0.28870000 -0.95600000
vn -0.07940000 -0.28870000 -0.95410000
vn -0.10580000 -0.28870000 -0.95160000
vn -0.13210000 -0.28870000 -0.94830000
vn -0.15830000 -0.28870000 -0.94420000
vn -0.18430000 -0.28870000 -0.93950000
vn -0.21030000 -0.28870000 -0.93400000
vn -0.23600000 -0.28870000 -0.92790000
vn -0.26160000 -0.28870000 -0.92100000
vn -0.28700000 -0.28870000 -0.91340000
vn -0.31220000 -0.28870000 -0.90510000
vn -0.33710000 -0.28870000 -0.89610000
vn -0.36180000 -0.28870000 -0.88640000
vn -0.38620000 -0.28870000 -0.87610000
vn -0.41030000 -0.28870000 -0.86510000
vn -0.43410000 -0.28870000 -0.85340000
vn -0.45750000 -0.28870000 -0.84100000
vn -0.48060000 -0.28870000 -0.82800000
vn -0.50340000 -0.28870000 -0.81440000
vn -0.52570000 -0.28870000 -0.80020000
vn -0.54770000 -0.28870000 -0.78530000
vn -0.56920000 -0.28870000 -0.76990000
vn -0.59030000 -0.28870000 -0.75380000
vn -0.61090000 -0.28870000 -0.73720000
vn -0.63110000 -0.28870000 -0.72000000
vn -0.65070000 -0.28870000 -0.70230000
vn -0.66990000 -0.28870000 -0.68400000
vn -0.68860000 -0.28870000 -0.66520000
vn -0.70680000 -0.28870000 -0.64590000
vn -0.72440000 -0.28870000 -0.62610000
vn -0.74140000 -0.28870000 -0.60580000
vn -0.75790000 -0.28870000 -0.58500000
vn -0.77380000 -0.28870000 -0.56380000
vn -0.78910000 -0.28870000 -0.54220000
vn -0.80380000 -0.28870000 -0.52010000
vn -0.81790000 -0.28870000 -0.49770000
vn -0.83140000 -0.28870000 -0.47490000
vn -0.84420000 -0.28870000 -0.45170000
vn -0.85630000 -0.28870000 -0.42810000
vn -0.86790000 -0.28870000 -0.40430000
vn -0.87870000 -0.28870000 -0.38010000
vn -0.88890000 -0.28870000 -0.35570000
vn -0.89840000 -0.28870000 -0.33090000
vn -0.90720000 -0.28870000 -0.30590000
vn -0.91540000 -0.28860000 -0.28070000
vn -0.92280000 -0.28870000 -0.25530000
vn -0.92950000 -0.28870000 -0.22960000
vn -0.93550000 -0.28870000 -0.20380000
vn -0.94080000 -0.28870000 -0.17780000
vn -0.94530000 -0.28870000 -0.15170000
vn -0.94920000 -0.28870000 -0.12550000
vn -0.95230000 -0.28870000 -0.09920000
vn -0.95470000 -0.28870000 -0.07280000
vn -0.95630000 -0.28870000 -0.04640000
vn -0.95720000 -0.28870000 -0.01990000
vn -0.95740000 -0.28870000 0.00660000
vn -0.95680000 -0.28870000 0.03310000
vn -0.95560000 -0.28870000 0.05960000
vn -0.95360000 -0.28870000 0.08600000
vn -0.95080000 -0.28870000 0.11240000
vn -0.94730000 -0.28870000 0.13860000
vn -0.94310000 -0.28870000 0.16480000
vn -0.93820000 -0.28870000 0.19080000
vn -0.93260000 -0.28870000 0.21670000
vn -0.92620000 -0.28870000 0.24250000
vn -0.91910000 -0.28870000 0.26800000
vn -0.91140000 -0.28870000 0.29330000
vn -0.90290000 -0.28870000 0.31840000
vn -0.89370000 -0.28870000 0.34330000
vn -0.88390000 -0.28870000 0.36790000
vn -0.87340000 -0.28870000 0.39220000
vn -0.86220000 -0.28870000 0.41630000
vn -0.85030000 -0.28870000 0.44000000
vn -0.83790000 -0.28870000 0.46330000
vn -0.82470000 -0.28870000 0.48630000
vn -0.81090000 -0.28870000 0.50900000
vn -0.79650000 -0.28870000 0.53120000
vn -0.78150000 -0.28870000 0.55310000
vn -0.76590000 -0.28870000 0.57450000
vn -0.74970000 -0.28870000 0.59550000
vn -0.73300000 -0.28870000 0.61600000
vn -0.71560000 -0.28870000 0.63600000
vn -0.69770000 -0.28870000 0.65560000
vn -0.67930000 -0.28870000 0.67470000
vn -0.66040000 -0.28870000 0.69320000
vn -0.64100000 -0.28870000 0.71120000
vn -0.62100000 -0.28870000 0.72870000
vn -0.60060000 -0.28870000 0.74560000
vn -0.57980000 -0.28870000 0.76190000
vn -0.55840000 -0.28870000 0.77770000
vn -0.53670000 -0.28870000 0.79280000
vn -0.51460000 -0.28870000 0.80740000
vn -0.49200000 -0.28870000 0.82130000
vn -0.46910000 -0.28870000 0.83460000
vn -0.44580000 -0.28870000 0.84730000
vn -0.42220000 -0.28870000 0.85930000
vn -0.39830000 -0.28870000 0.87060000
vn -0.37400000 -0.28870000 0.88130000
vn -0.34950000 -0.28870000 0.89140000
vn -0.32470000 -0.28870000 0.90070000
vn -0.29960000 -0.28870000 0.90930000
vn -0.27440000 -0.28870000 0.91730000
vn -0.24890000 -0.28870000 0.92450000
vn -0.22320000 -0.28870000 0.93100000
vn -0.19730000 -0.28870000 0.93690000
vn -0.17130000 -0.28870000 0.94200000
vn -0.14520000 -0.28870000 0.94630000
vn -0.11900000 -0.28870000 0.95000000
vn -0.09260000 -0.28870000 0.95290000
vn -0.06620000 -0.28870000 0.95510000
vn -0.03970000 -0.28870000 0.95660000
vn -0.01330000 -0.28870000 0.95730000
vn 0.01330000 -0.28870000 0.95730000
vn 0.03970000 -0.28870000 0.95660000
vn 0.06620000 -0.28870000 0.95510000
vn 0.09260000 -0.28870000 0.95290000
vn 0.11890000 -0.28870000 0.95000000
vn 0.14520000 -0.28870000 0.94630000
vn 0.17130000 -0.28870000 0.94200000
vn 0.19730000 -0.28870000 0.93690000
vn 0.22320000 -0.28870000 0.93100000
vn 0.24890000 -0.28870000 0.92450000
vn 0.27440000 -0.28870000 0.91730000
vn 0.29960000 -0.28870000 0.90930000
vn 0.32470000 -0.28870000 0.90070000
vn 0.34950000 -0.28870000 0.89130000
vn 0.37400000 -0.28870000 0.88130000
vn 0.39830000 -0.28870000 0.87070000
vn 0.42220000 -0.28870000 0.85930000
vn 0.44580000 -0.28870000 0.84730000
vn 0.46910000 -0.28870000 0.83460000
vn 0.49200000 -0.28870000 0.82130000
vn 0.51460000 -0.28870000 0.80740000
vn 0.53670000 -0.28870000 0.79280000
vn 0.55850000 -0.28870000 0.77770000
vn 0.57980000 -0.28870000 0.76190000
vn 0.60060000 -0.28870000 0.74560000
vn 0.62100000 -0.28870000 0.72870000
vn 0.64100000 -0.28870000 0.71120000
vn 0.66040000 -0.28870000 0.69320000
vn 0.67930000 -0.28870000 0.67460000
vn 0.69770000 -0.28870000 0.65560000
vn 0.71560000 -0.28870000 0.63600000
vn 0.73300000 -0.28870000 0.61600000
vn 0.74970000 -0.28870000 0.59550000
vn 0.76590000 -0.28870000 0.57450000
vn 0.78150000 -0.28870000 0.55310000
vn 0.79650000 -0.28870000 0.53120000
vn 0.81090000 -0.28870000 0.50900000
vn 0.82470000 -0.28870000 0.48630000
vn 0.83780000 -0.28870000 0.46330000
vn 0.85030000 -0.28870000 0.44000000
vn 0.86220000 -0.28870000 0.41630000
vn 0.87340000 -0.28870000 0.39220000
vn 0.88390000 -0.28870000 0.36790000
vn 0.89370000 -0.28870000 0.34330000
vn 0.90290000 -0.28870000 0.31840000
vn 0.91140000 -0.28870000 0.29330000
vn 0.91920000 -0.28870000 0.26800000
vn 0.92620000 -0.28870000 0.24250000
vn 0.93260000 -0.28870000 0.21670000
vn 0.93820000 -0.28870000 0.19080000
vn 0.94310000 -0.28870000 0.16480000
vn 0.94730000 -0.28870000 0.13860000
vn 0.95080000 -0.28870000 0.11240000
vn 0.95360000 -0.28870000 0.08600000
vn 0.95560000 -0.28870000 0.05960000
vn 0.95680000 -0.28870000 0.03310000
vn 0.95740000 -0.28870000 0.00660000
vn 0.95720000 -0.28870000 -0.01990000
vn 0.95630000 -0.28870000 -0.04640000
vn 0.95470000 -0.28870000 -0.07280000
vn 0.95230000 -0.28870000 -0.09920000
vn 0.94910000 -0.28870000 -0.12550000
vn 0.94530000 -0.28870000 -0.15170000
vn 0.94080000 -0.28870000 -0.17780000
vn 0.93550000 -0.28870000 -0.20380000
vn 0.92950000 -0.28870000 -0.22960000
vn 0.92280000 -0.28870000 -0.25530000
vn 0.91530000 -0.28870000 -0.28070000
vn 0.90720000 -0.28870000 -0.30590000
vn 0.89840000 -0.28870000 -0.33090000
vn 0.88890000 -0.28870000 -0.35560000
vn 0.87870000 -0.28870000 -0.38010000
vn 0.86790000 -0.28870000 -0.40430000
vn 0.85640000 -0.28870000 -0.42820000
vn 0.84420000 -0.28870000 -0.45170000
vn 0.83130000 -0.28870000 -0.47490000
vn 0.81790000 -0.28870000 -0.49770000
vn 0.80380000 -0.28870000 -0.52010000
vn 0.78910000 -0.28870000 -0.54220000
vn 0.77380000 -0.28870000 -0.56380000
vn 0.75790000 -0.28870000 -0.58500000
vn 0.74140000 -0.28870000 -0.60580000
vn 0.72440000 -0.28870000 -0.62610000
vn 0.70680000 -0.28870000 -0.64590000
vn 0.68860000 -0.28870000 -0.66520000
vn 0.66990000 -0.28870000 -0.68400000
vn 0.65070000 -0.28870000 -0.70230000
vn 0.63110000 -0.28870000 -0.72000000
vn 0.61090000 -0.28870000 -0.73720000
vn 0.59030000 -0.28870000 -0.75380000
vn 0.56920000 -0.28870000 -0.76990000
vn 0.54770000 -0.28870000 -0.78530000
vn 0.52570000 -0.28870000 -0.80020000
vn 0.50330000 -0.28870000 -0.81440000
vn 0.48060000 -0.28870000 -0.82800000
vn 0.45750000 -0.28870000 -0.84100000
vn 0.43410000 -0.28870000 -0.85340000
vn 0.41030000 -0.28870000 -0.86510000
vn 0.38620000 -0.28870000 -0.87610000
vn 0.36180000 -0.28870000 -0.88640000
vn 0.33710000 -0.28870000 -0.89610000
vn 0.31220000 -0.28870000 -0.90510000
vn 0.28700000 -0.28870000 -0.91340000
vn 0.26160000 -0.28870000 -0.92100000
vn 0.23600000 -0.28870000 -0.92790000
vn 0.21030000 -0.28870000 -0.93400000
vn 0.18430000 -0.28870000 -0.93950000
vn 0.15830000 -0.28870000 -0.94420000
vn 0.13210000 -0.28870000 -0.94830000
vn 0.10580000 -0.28870000 -0.95160000
vn 0.07940000 -0.28870000 -0.95410000
vn 0.05300000 -0.28870000 -0.95600000
vn 0.02650000 -0.28870000 -0.95710000
vn -0.00000000 -0.00000000 1.00000000
vn -0.00000000 -0.00000000 1.00000000
vn -0.00000000 -0.00000000 1.00000000
vn -0.00000000 -0.00000000 1.00000000
vn -0.02670000 -0.00000000 0.99960000
vn -0.05350000 0.00000000 0.99860000
vn -0.08010000 -0.00000000 0.99680000
vn -0.10680000 0.00000000 0.99430000
vn -0.13320000 0.00000000 0.99110000
vn -0.15970000 0.00010000 0.98720000
vn -0.18610000 -0.00000000 0.98250000
vn -0.21230000 -0.00000000 0.97720000
vn -0.23840000 0.00000000 0.97120000
vn -0.26410000 0.00010000 0.96450000
vn -0.28990000 -0.00000000 0.95710000
vn -0.31550000 -0.00000000 0.94890000
vn -0.34060000 -0.00010000 0.94020000
vn -0.36590000 0.00000000 0.93070000
vn -0.39040000 -0.00000000 0.92060000
vn -0.41480000 -0.00000000 0.90990000
vn -0.43910000 -0.00000000 0.89850000
vn -0.46290000 0.00000000 0.88640000
vn -0.48640000 -0.00000000 0.87370000
vn -0.50960000 0.00000000 0.86040000
vn -0.53240000 0.00000000 0.84650000
vn -0.55490000 0.00000000 0.83190000
vn -0.57690000 -0.00000000 0.81680000
vn -0.59860000 0.00010000 0.80100000
vn -0.61980000 -0.00000000 0.78470000
vn -0.64050000 0.00010000 0.76790000
vn -0.66060000 0.00000000 0.75070000
vn -0.68060000 -0.00000000 0.73260000
vn -0.70000000 0.00000000 0.71410000
vn -0.71880000 0.00010000 0.69520000
vn -0.73710000 -0.00000000 0.67580000
vn -0.75490000 0.00000000 0.65580000
vn -0.77220000 0.00000000 0.63540000
vn -0.78890000 0.00000000 0.61450000
vn -0.80500000 -0.00000000 0.59320000
vn -0.82060000 0.00000000 0.57150000
vn -0.83560000 0.00000000 0.54930000
vn -0.85000000 -0.00000000 0.52680000
vn -0.86380000 0.00000000 0.50380000
vn -0.87690000 -0.00000000 0.48060000
vn -0.88950000 0.00000000 0.45690000
vn -0.90140000 0.00000000 0.43300000
vn -0.91270000 0.00000000 0.40870000
vn -0.92330000 -0.00000000 0.38420000
vn -0.93320000 0.00010000 0.35940000
vn -0.94250000 -0.00000000 0.33410000
vn -0.95110000 0.00010000 0.30900000
vn -0.95900000 0.00000000 0.28340000
vn -0.96620000 -0.00000000 0.25770000
vn -0.97280000 0.00000000 0.23180000
vn -0.97860000 0.00000000 0.20580000
vn -0.98380000 0.00000000 0.17950000
vn -0.98820000 0.00000000 0.15310000
vn -0.99190000 0.00000000 0.12660000
vn -0.99500000 0.00000000 0.10010000
vn -0.99730000 0.00020000 0.07330000
vn -0.99890000 0.00000000 0.04690000
vn -0.99980000 0.00030000 0.02030000
vn -1.00000000 0.00000000 -0.00670000
vn -0.99940000 0.00010000 -0.03330000
vn -0.99820000 0.00010000 -0.06020000
vn -0.99620000 0.00000000 -0.08660000
vn -0.99360000 0.00020000 -0.11320000
vn -0.99010000 0.00010000 -0.14010000
vn -0.98610000 -0.00000000 -0.16630000
vn -0.98120000 0.00010000 -0.19280000
vn -0.97580000 -0.00000000 -0.21880000
vn -0.96960000 0.00010000 -0.24490000
vn -0.96260000 -0.00000000 -0.27080000
vn -0.95510000 0.00000000 -0.29630000
vn -0.94690000 -0.00000000 -0.32170000
vn -0.93790000 -0.00000000 -0.34690000
vn -0.92830000 0.00000000 -0.37190000
vn -0.91800000 -0.00000000 -0.39650000
vn -0.90710000 0.00000000 -0.42100000
vn -0.89550000 -0.00000000 -0.44500000
vn -0.88330000 0.00000000 -0.46880000
vn -0.87050000 0.00000000 -0.49220000
vn -0.85690000 0.00010000 -0.51540000
vn -0.84280000 -0.00000000 -0.53820000
vn -0.82820000 0.00020000 -0.56050000
vn -0.81300000 0.00000000 -0.58230000
vn -0.79710000 -0.00000000 -0.60390000
vn -0.78070000 -0.00000000 -0.62490000
vn -0.76370000 0.00010000 -0.64560000
vn -0.74620000 -0.00000000 -0.66580000
vn -0.72810000 -0.00000000 -0.68550000
vn -0.70960000 -0.00010000 -0.70460000
vn -0.69040000 -0.00000000 -0.72350000
vn -0.67080000 0.00000000 -0.74170000
vn -0.65070000 -0.00000000 -0.75930000
vn -0.63020000 -0.00000000 -0.77640000
vn -0.60920000 0.00000000 -0.79300000
vn -0.58780000 -0.00000000 -0.80900000
vn -0.56600000 0.00000000 -0.82440000
vn -0.54370000 0.00010000 -0.83930000
vn -0.52110000 -0.00000000 -0.85350000
vn -0.49810000 0.00000000 -0.86710000
vn -0.47480000 0.00000000 -0.88010000
vn -0.45090000 0.00020000 -0.89260000
vn -0.42720000 0.00000000 -0.90420000
vn -0.40270000 -0.00000000 -0.91530000
vn -0.37780000 0.00000000 -0.92590000
vn -0.35330000 0.00030000 -0.93550000
vn -0.32780000 0.00010000 -0.94470000
vn -0.30270000 0.00010000 -0.95310000
vn -0.27700000 0.00000000 -0.96090000
vn -0.25130000 0.00000000 -0.96790000
vn -0.22520000 0.00010000 -0.97430000
vn -0.19920000 -0.00000000 -0.98000000
vn -0.17280000 0.00010000 -0.98500000
vn -0.14670000 0.00010000 -0.98920000
vn -0.12000000 -0.00000000 -0.99280000
vn -0.09350000 0.00000000 -0.99560000
vn -0.06690000 0.00010000 -0.99780000
vn -0.04010000 -0.00000000 -0.99920000
vn -0.01340000 0.00000000 -0.99990000
vn 0.01350000 0.00000000 -0.99990000
vn 0.04010000 0.00000000 -0.99920000
vn 0.06680000 0.00010000 -0.99780000
vn 0.09350000 0.00000000 -0.99560000
vn 0.12000000 -0.00000000 -0.99280000
vn 0.14650000 -0.00000000 -0.98920000
vn 0.17290000 -0.00000000 -0.98490000
vn 0.19920000 0.00000000 -0.98000000
vn 0.22530000 -0.00000000 -0.97430000
vn 0.25120000 0.00020000 -0.96790000
vn 0.27720000 0.00010000 -0.96080000
vn 0.30260000 0.00010000 -0.95310000
vn 0.32810000 0.00000000 -0.94470000
vn 0.35310000 0.00000000 -0.93560000
vn 0.37810000 0.00000000 -0.92580000
vn 0.40270000 0.00000000 -0.91530000
vn 0.42700000 0.00000000 -0.90420000
vn 0.45070000 0.00010000 -0.89270000
vn 0.47470000 0.00010000 -0.88010000
vn 0.49810000 -0.00000000 -0.86710000
vn 0.52100000 0.00010000 -0.85350000
vn 0.54370000 0.00000000 -0.83930000
vn 0.56590000 0.00010000 -0.82450000
vn 0.58770000 -0.00000000 -0.80910000
vn 0.60920000 0.00010000 -0.79310000
vn 0.63020000 0.00000000 -0.77640000
vn 0.65070000 0.00000000 -0.75930000
vn 0.67080000 0.00000000 -0.74170000
vn 0.69030000 0.00010000 -0.72350000
vn 0.70950000 -0.00000000 -0.70470000
vn 0.72810000 -0.00000000 -0.68550000
vn 0.74610000 0.00000000 -0.66580000
vn 0.76360000 0.00000000 -0.64570000
vn 0.78070000 0.00000000 -0.62500000
vn 0.79710000 0.00000000 -0.60390000
vn 0.81290000 0.00000000 -0.58240000
vn 0.82820000 0.00000000 -0.56050000
vn 0.84290000 -0.00000000 -0.53810000
vn 0.85690000 0.00000000 -0.51550000
vn 0.87040000 -0.00010000 -0.49230000
vn 0.88340000 0.00000000 -0.46870000
vn 0.89550000 -0.00000000 -0.44500000
vn 0.90710000 0.00000000 -0.42090000
vn 0.91800000 0.00010000 -0.39660000
vn 0.92830000 0.00000000 -0.37180000
vn 0.93790000 -0.00000000 -0.34690000
vn 0.94680000 -0.00000000 -0.32170000
vn 0.95510000 -0.00010000 -0.29620000
vn 0.96270000 -0.00000000 -0.27060000
vn 0.96960000 0.00000000 -0.24480000
vn 0.97580000 0.00010000 -0.21870000
vn 0.98120000 0.00000000 -0.19280000
vn 0.98610000 0.00010000 -0.16630000
vn 0.99020000 0.00000000 -0.13990000
vn 0.99360000 0.00000000 -0.11340000
vn 0.99620000 -0.00000000 -0.08690000
vn 0.99820000 0.00010000 -0.06020000
vn 0.99940000 0.00010000 -0.03330000
vn 1.00000000 -0.00000000 -0.00670000
vn 0.99980000 0.00010000 0.02020000
vn 0.99890000 -0.00000000 0.04660000
vn 0.99730000 0.00000000 0.07350000
vn 0.99500000 -0.00000000 0.10010000
vn 0.99190000 0.00000000 0.12670000
vn 0.98820000 -0.00000000 0.15310000
vn 0.98380000 -0.00000000 0.17950000
vn 0.97860000 0.00000000 0.20570000
vn 0.97280000 -0.00000000 0.23180000
vn 0.96620000 -0.00000000 0.25770000
vn 0.95900000 0.00000000 0.28350000
vn 0.95100000 -0.00000000 0.30910000
vn 0.94240000 0.00000000 0.33440000
vn 0.93330000 0.00010000 0.35920000
vn 0.92320000 -0.00010000 0.38420000
vn 0.91260000 -0.00000000 0.40880000
vn 0.90140000 -0.00000000 0.43300000
vn 0.88930000 0.00010000 0.45740000
vn 0.87690000 0.00000000 0.48060000
vn 0.86380000 -0.00000000 0.50390000
vn 0.85000000 0.00000000 0.52670000
vn 0.83560000 0.00010000 0.54940000
vn 0.82070000 0.00000000 0.57140000
vn 0.80510000 0.00000000 0.59320000
vn 0.78890000 -0.00000000 0.61450000
vn 0.77220000 0.00010000 0.63540000
vn 0.75490000 -0.00000000 0.65580000
vn 0.73710000 0.00010000 0.67580000
vn 0.71880000 -0.00000000 0.69520000
vn 0.70000000 -0.00000000 0.71420000
vn 0.68070000 0.00000000 0.73260000
vn 0.66080000 0.00010000 0.75060000
vn 0.64070000 0.00000000 0.76780000
vn 0.61970000 0.00000000 0.78480000
vn 0.59850000 -0.00000000 0.80110000
vn 0.57690000 -0.00010000 0.81680000
vn 0.55460000 0.00010000 0.83210000
vn 0.53240000 0.00000000 0.84650000
vn 0.50960000 0.00000000 0.86040000
vn 0.48640000 -0.00000000 0.87370000
vn 0.46290000 0.00000000 0.88640000
vn 0.43900000 0.00000000 0.89850000
vn 0.41490000 -0.00000000 0.90990000
vn 0.39040000 0.00000000 0.92070000
vn 0.36560000 -0.00000000 0.93080000
vn 0.34060000 0.00000000 0.94020000
vn 0.31530000 0.00000000 0.94900000
vn 0.28990000 -0.00000000 0.95710000
vn 0.26420000 -0.00000000 0.96450000
vn 0.23860000 0.00010000 0.97110000
vn 0.21230000 -0.00010000 0.97720000
vn 0.18620000 -0.00000000 0.98250000
vn 0.15980000 0.00010000 0.98720000
vn 0.13330000 -0.00000000 0.99110000
vn 0.10670000 -0.00000000 0.99430000
vn 0.08020000 -0.00000000 0.99680000
vn 0.05350000 -0.00000000 0.99860000
vn 0.02660000 0.00010000 0.99960000
vn -0.00000000 -0.00000000 1.00000000
vn -0.36350000 0.00000000 0.93160000
vn -0.17960000 0.00000000 0.98370000
vn -0.08870000 -0.00000000 0.99610000
vn -0.00000000 -0.00000000 1.00000000
vn -0.17980000 0.00000000 0.98370000
vn -0.08890000 0.00000000 0.99600000
vn 0.37990000 0.00000000 0.92500000
vn -0.00000000 -0.00000000 1.00000000
vn 0.18790000 0.00000000 0.98220000
vn -0.04410000 0.00010000 0.99900000
vn -0.00000000 -0.00000000 1.00000000
vn -0.08870000 -0.00000000 0.99610000
vn -0.04400000 0.00010000 0.99900000
vn 0.09280000 0.00000000 0.99570000
vn 0.18810000 0.00000000 0.98220000
vn -0.00000000 -0.00000000 1.00000000
vn 0.09260000 -0.00000000 0.99570000
vn -0.13400000 0.00000000 0.99100000
vn -0.17960000 0.00000000 0.98370000
vn -0.13400000 0.00000000 0.99100000
vn -0.27160000 -0.00000000 0.96240000
vn -0.36360000 0.00000000 0.93160000
vn -0.27180000 0.00000000 0.96240000
vn -0.69970000 -0.00000000 0.71440000
vn -0.54070000 0.00000000 0.84120000
vn -0.22560000 0.00010000 0.97420000
vn -0.27160000 0.00010000 0.96240000
vn -0.22560000 0.00000000 0.97420000
vn -0.31770000 0.00010000 0.94820000
vn -0.36340000 -0.00000000 0.93160000
vn -0.31770000 0.00010000 0.94820000
vn -0.45360000 0.00000000 0.89120000
vn -0.54080000 0.00000000 0.84120000
vn -0.45370000 0.00000000 0.89110000
vn -0.40890000 0.00010000 0.91260000
vn -0.45370000 0.00010000 0.89120000
vn -0.40890000 0.00020000 0.91260000
vn -0.49770000 0.00000000 0.86740000
vn -0.54070000 0.00010000 0.84120000
vn -0.49770000 0.00010000 0.86740000
vn -0.62320000 0.00000000 0.78210000
vn -0.69980000 0.00000000 0.71440000
vn -0.62320000 0.00000000 0.78200000
vn -0.92500000 0.00000000 0.37990000
vn -0.83050000 0.00000000 0.55700000
vn -0.58260000 0.00000000 0.81270000
vn -0.62320000 0.00010000 0.78200000
vn -0.58260000 0.00000000 0.81270000
vn -0.66230000 0.00010000 0.74920000
vn -0.69970000 0.00010000 0.71440000
vn -0.66230000 0.00010000 0.74920000
vn -0.76930000 -0.00000000 0.63890000
vn -0.83050000 0.00000000 0.55700000
vn -0.76930000 -0.00000000 0.63890000
vn -0.73550000 -0.00020000 0.67750000
vn -0.76930000 0.00010000 0.63890000
vn -0.73550000 0.00000000 0.67750000
vn -0.80100000 0.00010000 0.59860000
vn -0.83050000 0.00000000 0.55700000
vn -0.80100000 0.00010000 0.59860000
vn -0.88260000 -0.00000000 0.47020000
vn -0.92520000 0.00000000 0.37960000
vn -0.88250000 0.00000000 0.47020000
vn -1.00000000 -0.00000000 -0.00000000
vn -0.98220000 0.00000000 0.18790000
vn -0.85770000 0.00010000 0.51410000
vn -0.88260000 0.00010000 0.47020000
vn -0.85770000 0.00010000 0.51410000
vn -0.90500000 0.00010000 0.42540000
vn -0.92500000 0.00010000 0.37990000
vn -0.90500000 0.00010000 0.42540000
vn -0.95880000 -0.00000000 0.28410000
vn -0.98220000 0.00000000 0.18810000
vn -0.95870000 0.00000000 0.28430000
vn -0.94320000 -0.00010000 0.33220000
vn -0.95880000 0.00010000 0.28410000
vn -0.94320000 0.00000000 0.33220000
vn -0.97180000 0.00010000 0.23600000
vn -0.98220000 0.00010000 0.18790000
vn -0.97180000 0.00010000 0.23600000
vn -0.99570000 0.00000000 0.09280000
vn -1.00000000 -0.00000000 -0.00010000
vn -0.99570000 0.00000000 0.09260000
vn -0.93160000 -0.00000000 -0.36340000
vn -0.98370000 0.00000000 -0.17960000
vn -0.99010000 0.00010000 0.14010000
vn -0.99570000 0.00000000 0.09280000
vn -0.99010000 0.00000000 0.14010000
vn -0.99890000 -0.00010000 0.04600000
vn -1.00000000 -0.00000000 -0.00000000
vn -0.99890000 0.00000000 0.04600000
vn -0.99610000 -0.00000000 -0.08870000
vn -0.98370000 0.00000000 -0.17980000
vn -0.99600000 0.00000000 -0.08890000
vn -0.99900000 0.00010000 -0.04410000
vn -0.99610000 -0.00000000 -0.08870000
vn -0.99900000 0.00000000 -0.04400000
vn -0.99100000 0.00000000 -0.13400000
vn -0.98370000 0.00010000 -0.17960000
vn -0.99100000 0.00000000 -0.13400000
vn -0.96240000 -0.00000000 -0.27160000
vn -0.93160000 0.00000000 -0.36360000
vn -0.96240000 0.00000000 -0.27180000
vn -0.71440000 -0.00000000 -0.69970000
vn -0.84120000 0.00000000 -0.54070000
vn -0.97420000 0.00010000 -0.22560000
vn -0.96240000 0.00010000 -0.27160000
vn -0.97420000 0.00000000 -0.22560000
vn -0.94820000 -0.00000000 -0.31770000
vn -0.93160000 -0.00000000 -0.36340000
vn -0.94820000 -0.00000000 -0.31770000
vn -0.89120000 0.00000000 -0.45360000
vn -0.84120000 0.00000000 -0.54080000
vn -0.89110000 0.00000000 -0.45370000
vn -0.91260000 0.00010000 -0.40890000
vn -0.89120000 0.00010000 -0.45360000
vn -0.91260000 0.00010000 -0.40880000
vn -0.86740000 0.00000000 -0.49770000
vn -0.84120000 0.00010000 -0.54070000
vn -0.86740000 0.00010000 -0.49770000
vn -0.78210000 0.00000000 -0.62320000
vn -0.71440000 0.00000000 -0.69980000
vn -0.78200000 0.00000000 -0.62320000
vn -0.37990000 0.00000000 -0.92500000
vn -0.55700000 0.00000000 -0.83050000
vn -0.81270000 0.00020000 -0.58260000
vn -0.78200000 0.00010000 -0.62320000
vn -0.81270000 0.00010000 -0.58260000
vn -0.74920000 0.00010000 -0.66230000
vn -0.71440000 0.00010000 -0.69970000
vn -0.74920000 0.00000000 -0.66230000
vn -0.63890000 -0.00000000 -0.76930000
vn -0.55700000 0.00000000 -0.83050000
vn -0.63890000 -0.00000000 -0.76930000
vn -0.67750000 -0.00010000 -0.73550000
vn -0.63890000 -0.00000000 -0.76930000
vn -0.67750000 0.00000000 -0.73550000
vn -0.59860000 0.00010000 -0.80100000
vn -0.55700000 0.00010000 -0.83050000
vn -0.59860000 0.00010000 -0.80100000
vn -0.47020000 -0.00000000 -0.88260000
vn -0.37960000 0.00000000 -0.92520000
vn -0.47020000 0.00000000 -0.88250000
vn 0.00000000 -0.00000000 -1.00000000
vn -0.18790000 0.00000000 -0.98220000
vn -0.51410000 0.00020000 -0.85770000
vn -0.47020000 -0.00000000 -0.88260000
vn -0.51410000 0.00010000 -0.85770000
vn -0.42540000 0.00010000 -0.90500000
vn -0.37990000 0.00010000 -0.92500000
vn -0.42540000 -0.00000000 -0.90500000
vn -0.28410000 -0.00000000 -0.95880000
vn -0.18810000 0.00000000 -0.98220000
vn -0.28400000 0.00000000 -0.95880000
vn -0.33220000 0.00010000 -0.94320000
vn -0.28410000 -0.00000000 -0.95880000
vn -0.33220000 0.00000000 -0.94320000
vn -0.23600000 0.00000000 -0.97180000
vn -0.18790000 0.00000000 -0.98220000
vn -0.23600000 0.00000000 -0.97180000
vn -0.09280000 0.00000000 -0.99570000
vn 0.00010000 -0.00000000 -1.00000000
vn -0.09260000 -0.00000000 -0.99570000
vn 0.36340000 -0.00000000 -0.93160000
vn 0.17960000 0.00000000 -0.98370000
vn -0.14020000 0.00010000 -0.99010000
vn -0.09280000 0.00010000 -0.99570000
vn -0.14010000 0.00010000 -0.99010000
vn -0.04600000 -0.00010000 -0.99890000
vn 0.00000000 -0.00000000 -1.00000000
vn -0.04600000 0.00000000 -0.99890000
vn 0.08870000 -0.00000000 -0.99610000
vn 0.17980000 0.00000000 -0.98370000
vn 0.08890000 0.00000000 -0.99600000
vn 0.04400000 0.00010000 -0.99900000
vn 0.08870000 -0.00000000 -0.99610000
vn 0.04400000 0.00010000 -0.99900000
vn 0.13400000 0.00000000 -0.99100000
vn 0.17960000 0.00000000 -0.98370000
vn 0.13400000 0.00000000 -0.99100000
vn 0.27160000 -0.00000000 -0.96240000
vn 0.36360000 0.00000000 -0.93160000
vn 0.27180000 0.00000000 -0.96240000
vn 0.69970000 -0.00000000 -0.71440000
vn 0.54070000 0.00000000 -0.84120000
vn 0.22560000 0.00020000 -0.97420000
vn 0.27170000 0.00010000 -0.96240000
vn 0.22560000 0.00010000 -0.97420000
vn 0.31770000 -0.00000000 -0.94820000
vn 0.36340000 -0.00000000 -0.93160000
vn 0.31770000 -0.00000000 -0.94820000
vn 0.45360000 0.00000000 -0.89120000
vn 0.54080000 0.00000000 -0.84120000
vn 0.45370000 0.00000000 -0.89110000
vn 0.40890000 0.00010000 -0.91260000
vn 0.45360000 0.00010000 -0.89120000
vn 0.40880000 0.00010000 -0.91260000
vn 0.49770000 0.00000000 -0.86740000
vn 0.54070000 0.00000000 -0.84120000
vn 0.49770000 0.00010000 -0.86740000
vn 0.62320000 0.00000000 -0.78210000
vn 0.69980000 0.00000000 -0.71440000
vn 0.62320000 0.00000000 -0.78200000
vn 0.92500000 0.00010000 -0.37990000
vn 0.83050000 0.00000000 -0.55700000
vn 0.58260000 0.00020000 -0.81270000
vn 0.62320000 0.00000000 -0.78200000
vn 0.58260000 0.00000000 -0.81270000
vn 0.66230000 0.00010000 -0.74920000
vn 0.69970000 0.00010000 -0.71440000
vn 0.66230000 0.00000000 -0.74920000
vn 0.76930000 -0.00000000 -0.63890000
vn 0.83050000 0.00000000 -0.55700000
vn 0.76930000 -0.00000000 -0.63890000
vn 0.73550000 -0.00010000 -0.67750000
vn 0.76930000 -0.00000000 -0.63890000
vn 0.73550000 -0.00000000 -0.67750000
vn 0.80100000 0.00010000 -0.59860000
vn 0.83050000 0.00010000 -0.55700000
vn 0.80100000 0.00010000 -0.59860000
vn 0.88260000 -0.00000000 -0.47020000
vn 0.92520000 0.00000000 -0.37960000
vn 0.88250000 0.00000000 -0.47020000
vn 1.00000000 -0.00000000 0.00000000
vn 0.98220000 0.00000000 -0.18790000
vn 0.85770000 0.00020000 -0.51410000
vn 0.88260000 0.00010000 -0.47020000
vn 0.85770000 0.00010000 -0.51410000
vn 0.90500000 0.00000000 -0.42540000
vn 0.92500000 0.00010000 -0.37990000
vn 0.90500000 0.00000000 -0.42540000
vn 0.95880000 -0.00000000 -0.28410000
vn 0.98220000 0.00000000 -0.18810000
vn 0.95870000 0.00000000 -0.28430000
vn 0.94320000 0.00000000 -0.33220000
vn 0.95880000 -0.00000000 -0.28410000
vn 0.94320000 0.00000000 -0.33220000
vn 0.97180000 0.00010000 -0.23600000
vn 0.98220000 0.00010000 -0.18790000
vn 0.97180000 0.00000000 -0.23600000
vn 0.99570000 0.00000000 -0.09280000
vn 1.00000000 -0.00000000 0.00010000
vn 0.99570000 -0.00000000 -0.09260000
vn 0.93160000 -0.00000000 0.36340000
vn 0.98370000 0.00000000 0.17960000
vn 0.99010000 0.00010000 -0.14020000
vn 0.99570000 0.00000000 -0.09280000
vn 0.99010000 0.00010000 -0.14010000
vn 0.99890000 -0.00010000 -0.04600000
vn 1.00000000 -0.00000000 0.00000000
vn 0.99890000 -0.00000000 -0.04600000
vn 0.99610000 -0.00000000 0.08870000
vn 0.98370000 0.00000000 0.17980000
vn 0.99600000 0.00000000 0.08890000
vn 0.99900000 0.00010000 0.04410000
vn 0.99610000 -0.00000000 0.08870000
vn 0.99900000 0.00000000 0.04400000
vn 0.99100000 0.00000000 0.13400000
vn 0.98370000 0.00000000 0.17960000
vn 0.99100000 0.00000000 0.13400000
vn 0.96240000 -0.00000000 0.27160000
vn 0.93160000 0.00000000 0.36360000
vn 0.96240000 0.00000000 0.27180000
vn 0.71440000 0.00000000 0.69970000
vn 0.84120000 0.00000000 0.54070000
vn 0.97420000 0.00020000 0.22560000
vn 0.96240000 0.00010000 0.27170000
vn 0.97420000 0.00000000 0.22560000
vn 0.94820000 0.00010000 0.31770000
vn 0.93160000 0.00000000 0.36350000
vn 0.94820000 0.00010000 0.31770000
vn 0.89120000 0.00000000 0.45360000
vn 0.84120000 0.00000000 0.54080000
vn 0.89110000 0.00000000 0.45370000
vn 0.91260000 0.00010000 0.40890000
vn 0.89120000 0.00000000 0.45360000
vn 0.91260000 0.00010000 0.40880000
vn 0.86740000 0.00010000 0.49770000
vn 0.84120000 0.00010000 0.54070000
vn 0.86740000 0.00000000 0.49770000
vn 0.78210000 0.00000000 0.62320000
vn 0.71440000 0.00000000 0.69980000
vn 0.78200000 0.00000000 0.62320000
vn 0.55700000 0.00000000 0.83050000
vn 0.81270000 0.00000000 0.58260000
vn 0.78210000 0.00010000 0.62320000
vn 0.81270000 0.00000000 0.58260000
vn 0.74920000 0.00010000 0.66230000
vn 0.71440000 0.00000000 0.69970000
vn 0.74920000 -0.00000000 0.66230000
vn 0.63890000 -0.00000000 0.76930000
vn 0.55700000 0.00000000 0.83050000
vn 0.63890000 -0.00000000 0.76930000
vn 0.67750000 -0.00010000 0.73550000
vn 0.63890000 0.00010000 0.76930000
vn 0.67750000 -0.00010000 0.73550000
vn 0.59860000 0.00010000 0.80100000
vn 0.55700000 0.00000000 0.83050000
vn 0.59860000 0.00000000 0.80100000
vn 0.47020000 -0.00000000 0.88260000
vn 0.37960000 0.00000000 0.92520000
vn 0.47020000 0.00000000 0.88250000
vn 0.51410000 0.00030000 0.85770000
vn 0.47020000 -0.00000000 0.88260000
vn 0.51410000 0.00010000 0.85770000
vn 0.42540000 0.00010000 0.90500000
vn 0.37990000 0.00010000 0.92500000
vn 0.42540000 0.00000000 0.90500000
vn 0.28410000 -0.00000000 0.95880000
vn 0.28400000 0.00000000 0.95880000
vn 0.33220000 0.00000000 0.94320000
vn 0.28410000 -0.00000000 0.95880000
vn 0.33220000 0.00000000 0.94320000
vn 0.23600000 0.00010000 0.97180000
vn 0.18790000 0.00010000 0.98220000
vn 0.23600000 0.00000000 0.97180000
vn 0.14010000 0.00010000 0.99010000
vn 0.09280000 0.00000000 0.99570000
vn 0.14010000 0.00010000 0.99010000
vn 0.04600000 0.00000000 0.99890000
vn -0.00000000 -0.00000000 1.00000000
vn 0.04600000 0.00000000 0.99890000
vn 0.36810000 0.00000000 0.92980000
vn 0.70710000 -0.00000000 0.70710000
vn 0.92980000 -0.00000000 0.36810000
vn 1.00000000 -0.00000000 0.00000000
vn 0.92980000 0.00000000 -0.36810000
vn 0.70710000 -0.00000000 -0.70710000
vn 0.36810000 -0.00000000 -0.92980000
vn 0.00000000 -0.00000000 -1.00000000
vn -0.36810000 0.00000000 -0.92980000
vn -0.70710000 -0.00000000 -0.70710000
vn -0.92980000 -0.00000000 -0.36810000
vn -1.00000000 -0.00000000 -0.00000000
vn -0.92980000 0.00000000 0.36810000
vn -0.70710000 -0.00000000 0.70710000
vn -0.36810000 -0.00000000 0.92980000
vn -0.00000000 -1.00000000 0.00000000
vn -0.00000000 -1.00000000 0.00000000
vn -0.00000000 -1.00000000 0.00000000
vn -0.00000000 -1.00000000 0.00000000
vn -0.00000000 -1.00000000 0.00000000
vn -0.00000000 -1.00000000 0.00000000
vn -0.00000000 -1.00000000 0.00000000
vn -0.00000000 -1.00000000 0.00000000
vn -0.00000000 -1.00000000 0.00000000
vn -0.00000000 -1.00000000 0.00000000
vn -0.00000000 -1.00000000 0.00000000
vn -0.00000000 -1.00000000 0.00000000
vn -0.00000000 -1.00000000 0.00000000
vn -0.00000000 -1.00000000 0.00000000
vn -0.00000000 -1.00000000 0.00000000
vn -0.00000000 -1.00000000 0.00000000
vn -0.00000000 -1.00000000 0.00000000
vn -0.00000000 -1.00000000 0.00000000
vn -0.00000000 -1.00000000 0.00000000
vn -0.00000000 -1.00000000 0.00000000
vn -0.00000000 -1.00000000 0.00000000
vn -0.00000000 -1.00000000 0.00000000
vn -0.00000000 -1.00000000 0.00000000
vn -0.00000000 -1.00000000 0.00000000
vn -0.00000000 -1.00000000 0.00000000
vn -0.00000000 -1.00000000 0.00000000
vn -0.00000000 -1.00000000 0.00000000
vn -0.00000000 -1.00000000 0.00000000
vn -0.00000000 -1.00000000 0.00000000
vn -0.00000000 -1.00000000 0.00000000
vn -0.00000000 -1.00000000 0.00000000
vn -0.00000000 -1.00000000 0.00000000
vn -0.00000000 -1.00000000 0.00000000
vn -0.00000000 -1.00000000 0.00000000
vn -0.00000000 -1.00000000 0.00000000
vn -0.00000000 -1.00000000 0.00000000
vn -0.00000000 -1.00000000 0.00000000
vn -0.00000000 -1.00000000 0.00000000
vn -0.00000000 -1.00000000 0.00000000
vn -0.00000000 -1.00000000 0.00000000
vn -0.00000000 -1.00000000 0.00000000
vn -0.00000000 -1.00000000 0.00000000
vn -0.00000000 -1.00000000 0.00000000
vn -0.00000000 -1.00000000 0.00000000
vn -0.00000000 -1.00000000 0.00000000
vn -0.00000000 -1.00000000 0.00000000
vn -0.00000000 -1.00000000 0.00000000
vn -0.00000000 -1.00000000 0.00000000
vn -0.00000000 -1.00000000 0.00000000
vn -0.00000000 -1.00000000 0.00000000
vn -0.00000000 -1.00000000 0.00000000
vn -0.00000000 -1.00000000 0.00000000
vn -0.00000000 -1.00000000 0.00000000
vn -0.00000000 -1.00000000 0.00000000
vn -0.00000000 -1.00000000 0.00000000
vn -0.00000000 -1.00000000 0.00000000
vn -0.00000000 -1.00000000 0.00000000
vn -0.00000000 -1.00000000 0.00000000
vn -0.00000000 -1.00000000 0.00000000
vn -0.00000000 -1.00000000 0.00000000
vn -0.00000000 -1.00000000 0.00000000
vn -0.00000000 -1.00000000 0.00000000
vn -0.00000000 -1.00000000 0.00000000
vn -0.00000000 -1.00000000 0.00000000
vn -0.00000000 -1.00000000 0.00000000
vn -0.00000000 -1.00000000 0.00000000
vn -0.00000000 -1.00000000 0.00000000
vn -0.00000000 -1.00000000 0.00000000
vn -0.00000000 -1.00000000 0.00000000
vn -0.00000000 -1.00000000 0.00000000
vn -0.00000000 -1.00000000 0.00000000
vn -0.00000000 -1.00000000 0.00000000
vn -0.00000000 -1.00000000 0.00000000
vn -0.00000000 -1.00000000 0.00000000
vn -0.00000000 -1.00000000 0.00000000
vn -0.00000000 -1.00000000 0.00000000
vn -0.00000000 -1.00000000 0.00000000
vn -0.00000000 -1.00000000 0.00000000
vn 0.00000000 1.00000000 -0.00000000
vn 0.00000000 1.00000000 -0.00000000
vn 0.00000000 1.00000000 -0.00000000
vn 0.00000000 1.00000000 -0.00000000
vn 0.00000000 1.00000000 -0.00000000
vn 0.00000000 1.00000000 -0.00000000
vn 0.00000000 1.00000000 -0.00000000
vn 0.00000000 1.00000000 -0.00000000
vn 0.00000000 1.00000000 -0.00000000
vn 0.00000000 1.00000000 -0.00000000
vn 0.00000000 1.00000000 -0.00000000
vn 0.00000000 1.00000000 -0.00000000
vn 0.00000000 1.00000000 -0.00000000
vn 0.00000000 1.00000000 -0.00000000
vn 0.00000000 1.00000000 -0.00000000
vn 0.00000000 1.00000000 -0.00000000
vt 0.00599300 0.00000000
vt 0.00522400 0.00000000
vt 0.00447900 0.00000000
vt 0.00373800 0.00000000
vt 0.00299600 0.00000000
vt 0.00222800 0.00000000
vt 0.00148300 0.00000000
vt 0.00074100 0.00000000
vt 0.00000000 0.00000000
vt 0.00522400 0.00609800
vt 0.00447900 0.00609800
vt 0.00373800 0.00609800
vt 0.00299600 0.00609800
vt 0.00222800 0.00609800
vt 0.00148300 0.00609800
vt 0.00074100 0.00609800
vt 0.00522400 0.01219600
vt 0.00447900 0.01219600
vt 0.00373800 0.01219600
vt 0.00299600 0.01219600
vt 0.00222800 0.01219600
vt 0.00148300 0.01219600
vt 0.00074100 0.01219600
vt 0.00522400 0.01804500
vt 0.00447900 0.01804500
vt 0.00373800 0.01804500
vt 0.00299600 0.01804500
vt 0.00222800 0.01804500
vt 0.00148300 0.01804500
vt 0.00074100 0.01804500
vt 0.00522400 0.02371400
vt 0.00447900 0.02371400
vt 0.00373800 0.02371400
vt 0.00299600 0.02371400
vt 0.00222800 0.02371400
vt 0.00148300 0.02371400
vt 0.00074100 0.02371400
vt 0.00522400 0.02938400
vt 0.00447900 0.02938400
vt 0.00373800 0.02938400
vt 0.00299600 0.02938400
vt 0.00222800 0.02938400
vt 0.00148300 0.02938400
vt 0.00074100 0.02938400
vt 0.00522400 0.03505400
vt 0.00447900 0.03505400
vt 0.00373800 0.03505400
vt 0.00299600 0.03505400
vt 0.00222800 0.03505400
vt 0.00148300 0.03505400
vt 0.00074100 0.03505400
vt 0.00522400 0.04072300
vt 0.00447900 0.04072300
vt 0.00373800 0.04072300
vt 0.00299600 0.04072300
vt 0.00222800 0.04072300
vt 0.00148300 0.04072300
vt 0.00074100 0.04072300
vt 0.00522400 0.04639300
vt 0.00447900 0.04639300
vt 0.00373800 0.04639300
vt 0.00299600 0.04639300
vt 0.00222800 0.04639300
vt 0.00148300 0.04639300
vt 0.00074100 0.04639300
vt 0.00522400 0.05206200
vt 0.00447900 0.05206200
vt 0.00373800 0.05206200
vt 0.00299600 0.05206200
vt 0.00222800 0.05206200
vt 0.00148300 0.05206200
vt 0.00074100 0.05206200
vt 0.00522400 0.05773200
vt 0.00447900 0.05773200
vt 0.00373800 0.05773200
vt 0.00299600 0.05773200
vt 0.00222800 0.05773200
vt 0.00148300 0.05773200
vt 0.00074100 0.05773200
vt 0.00522400 0.06340100
vt 0.00447900 0.06340100
vt 0.00373800 0.06340100
vt 0.00299600 0.06340100
vt 0.00222800 0.06340100
vt 0.00148300 0.06340100
vt 0.00074100 0.06340100
vt 0.00522400 0.06907100
vt 0.00447900 0.06907100
vt 0.00373800 0.06907100
vt 0.00299600 0.06907100
vt 0.00222800 0.06907100
vt 0.00148300 0.06907100
vt 0.00074100 0.06907100
vt 0.00522400 0.07474000
vt 0.00447900 0.07474000
vt 0.00373800 0.07474000
vt 0.00299600 0.07474000
vt 0.00222800 0.07474000
vt 0.00148300 0.07474000
vt 0.00074100 0.07474000
vt 0.00522400 0.08029400
vt 0.00447900 0.08029400
vt 0.00373800 0.08029400
vt 0.00299600 0.08029400
vt 0.00222800 0.08029400
vt 0.00148300 0.08029400
vt 0.00074100 0.08029400
vt 0.00522400 0.08580900
vt 0.00447900 0.08580900
vt 0.00373800 0.08580900
vt 0.00299600 0.08580900
vt 0.00222800 0.08580900
vt 0.00148300 0.08580900
vt 0.00074100 0.08580900
vt 0.00522400 0.09132400
vt 0.00447900 0.09132400
vt 0.00373800 0.09132400
vt 0.00299600 0.09132400
vt 0.00222800 0.09132400
vt 0.00148300 0.09132400
vt 0.00074100 0.09132400
vt 0.00522400 0.09683800
vt 0.00447900 0.09683800
vt 0.00373800 0.09683800
vt 0.00299600 0.09683800
vt 0.00222800 0.09683800
vt 0.00148300 0.09683800
vt 0.00074100 0.09683800
vt 0.00522400 0.10235300
vt 0.00447900 0.10235300
vt 0.00373800 0.10235300
vt 0.00299600 0.10235300
vt 0.00222800 0.10235300
vt 0.00148300 0.10235300
vt 0.00074100 0.10235300
vt 0.00522400 0.10786700
vt 0.00447900 0.10786700
vt 0.00373800 0.10786700
vt 0.00299600 0.10786700
vt 0.00222800 0.10786700
vt 0.00148300 0.10786700
vt 0.00074100 0.10786700
vt 0.00522400 0.11338200
vt 0.00447900 0.11338200
vt 0.00373800 0.11338200
vt 0.00299600 0.11338200
vt 0.00222800 0.11338200
vt 0.00148300 0.11338200
vt 0.00074100 0.11338200
vt 0.00522400 0.11889700
vt 0.00447900 0.11889700
vt 0.00373800 0.11889700
vt 0.00299600 0.11889700
vt 0.00222800 0.11889700
vt 0.00148300 0.11889700
vt 0.00074100 0.11889700
vt 0.00522400 0.12441100
vt 0.00447900 0.12441100
vt 0.00373800 0.12441100
vt 0.00299600 0.12441100
vt 0.00222800 0.12441100
vt 0.00148300 0.12441100
vt 0.00074100 0.12441100
vt 0.00522400 0.12992600
vt 0.00447900 0.12992600
vt 0.00373800 0.12992600
vt 0.00299600 0.12992600
vt 0.00222800 0.12992600
vt 0.00148300 0.12992600
vt 0.00074100 0.12992600
vt 0.00522400 0.13544000
vt 0.00447900 0.13544000
vt 0.00373800 0.13544000
vt 0.00299600 0.13544000
vt 0.00222800 0.13544000
vt 0.00148300 0.13544000
vt 0.00074100 0.13544000
vt 0.00522400 0.14095500
vt 0.00447900 0.14095500
vt 0.00373800 0.14095500
vt 0.00299600 0.14095500
vt 0.00222800 0.14095500
vt 0.00148300 0.14095500
vt 0.00074100 0.14095500
vt 0.00522400 0.14647000
vt 0.00447900 0.14647000
vt 0.00373800 0.14647000
vt 0.00299600 0.14647000
vt 0.00222800 0.14647000
vt 0.00148300 0.14647000
vt 0.00074100 0.14647000
vt 0.00522400 0.15198400
vt 0.00447900 0.15198400
vt 0.00373800 0.15198400
vt 0.00299600 0.15198400
vt 0.00222800 0.15198400
vt 0.00148300 0.15198400
vt 0.00074100 0.15198400
vt 0.00522400 0.15749900
vt 0.00447900 0.15749900
vt 0.00373800 0.15749900
vt 0.00299600 0.15749900
vt 0.00222800 0.15749900
vt 0.00148300 0.15749900
vt 0.00074100 0.15749900
vt 0.00522400 0.16301400
vt 0.00447900 0.16301400
vt 0.00373800 0.16301400
vt 0.00299600 0.16301400
vt 0.00222800 0.16301400
vt 0.00148300 0.16301400
vt 0.00074100 0.16301400
vt 0.00522400 0.16852800
vt 0.00447900 0.16852800
vt 0.00373800 0.16852800
vt 0.00299600 0.16852800
vt 0.00222800 0.16852800
vt 0.00148300 0.16852800
vt 0.00074100 0.16852800
vt 0.00522400 0.17404300
vt 0.00447900 0.17404300
vt 0.00373800 0.17404300
vt 0.00299600 0.17404300
vt 0.00222800 0.17404300
vt 0.00148300 0.17404300
vt 0.00074100 0.17404300
vt 0.00522400 0.17955700
vt 0.00447900 0.17955700
vt 0.00373800 0.17955700
vt 0.00299600 0.17955700
vt 0.00222800 0.17955700
vt 0.00148300 0.17955700
vt 0.00074100 0.17955700
vt 0.00522400 0.18507200
vt 0.00447900 0.18507200
vt 0.00373800 0.18507200
vt 0.00299600 0.18507200
vt 0.00222800 0.18507200
vt 0.00148300 0.18507200
vt 0.00074100 0.18507200
vt 0.00522400 0.19058700
vt 0.00447900 0.19058700
vt 0.00373800 0.19058700
vt 0.00299600 0.19058700
vt 0.00222800 0.19058700
vt 0.00148300 0.19058700
vt 0.00074100 0.19058700
vt 0.00522400 0.19610100
vt 0.00447900 0.19610100
vt 0.00373800 0.19610100
vt 0.00299600 0.19610100
vt 0.00222800 0.19610100
vt 0.00148300 0.19610100
vt 0.00074100 0.19610100
vt 0.00522400 0.20161600
vt 0.00447900 0.20161600
vt 0.00373800 0.20161600
vt 0.00299600 0.20161600
vt 0.00222800 0.20161600
vt 0.00148300 0.20161600
vt 0.00074100 0.20161600
vt 0.00522400 0.20713100
vt 0.00447900 0.20713100
vt 0.00373800 0.20713100
vt 0.00299600 0.20713100
vt 0.00222800 0.20713100
vt 0.00148300 0.20713100
vt 0.00074100 0.20713100
vt 0.00522400 0.21264500
vt 0.00447900 0.21264500
vt 0.00373800 0.21264500
vt 0.00299600 0.21264500
vt 0.00222800 0.21264500
vt 0.00148300 0.21264500
vt 0.00074100 0.21264500
vt 0.00522400 0.21843800
vt 0.00447900 0.21843800
vt 0.00373800 0.21843800
vt 0.00299600 0.21843800
vt 0.00222800 0.21843800
vt 0.00148300 0.21843800
vt 0.00074100 0.21843800
vt 0.00522400 0.22427800
vt 0.00447900 0.22427800
vt 0.00373800 0.22427800
vt 0.00299600 0.22427800
vt 0.00222800 0.22427800
vt 0.00148300 0.22427800
vt 0.00074100 0.22427800
vt 0.00522400 0.23015100
vt 0.00447900 0.23015100
vt 0.00373800 0.23015100
vt 0.00299600 0.23015100
vt 0.00222800 0.23015100
vt 0.00148300 0.23015100
vt 0.00074100 0.23015100
vt 0.00522400 0.23601300
vt 0.00447900 0.23601300
vt 0.00373800 0.23601300
vt 0.00299600 0.23601300
vt 0.00222800 0.23601300
vt 0.00148300 0.23601300
vt 0.00074100 0.23601300
vt 0.00522400 0.24195600
vt 0.00447900 0.24195600
vt 0.00373800 0.24195600
vt 0.00299600 0.24195600
vt 0.00222800 0.24195600
vt 0.00148300 0.24195600
vt 0.00074100 0.24195600
vt 0.00522400 0.24573300
vt 0.00447900 0.24573300
vt 0.00373800 0.24573300
vt 0.00299600 0.24573300
vt 0.00222800 0.24573300
vt 0.00148300 0.24573300
vt 0.00074100 0.24573300
vt 0.00522400 0.25183100
vt 0.00447900 0.25183100
vt 0.00373800 0.25183100
vt 0.00299600 0.25183100
vt 0.00222800 0.25183100
vt 0.00148300 0.25183100
vt 0.00074100 0.25183100
vt 0.00522400 0.25792900
vt 0.00447900 0.25792900
vt 0.00373800 0.25792900
vt 0.00299600 0.25792900
vt 0.00222800 0.25792900
vt 0.00148300 0.25792900
vt 0.00074100 0.25792900
vt 0.00522400 0.26377800
vt 0.00447900 0.26377800
vt 0.00373800 0.26377800
vt 0.00299600 0.26377800
vt 0.00222800 0.26377800
vt 0.00148300 0.26377800
vt 0.00074100 0.26377800
vt 0.00522400 0.26944700
vt 0.00447900 0.26944700
vt 0.00373800 0.26944700
vt 0.00299600 0.26944700
vt 0.00222800 0.26944700
vt 0.00148300 0.26944700
vt 0.00074100 0.26944700
vt 0.00522400 0.27511700
vt 0.00447900 0.27511700
vt 0.00373800 0.27511700
vt 0.00299600 0.27511700
vt 0.00222800 0.27511700
vt 0.00148300 0.27511700
vt 0.00074100 0.27511700
vt 0.00522400 0.28078600
vt 0.00447900 0.28078600
vt 0.00373800 0.28078600
vt 0.00299600 0.28078600
vt 0.00222800 0.28078600
vt 0.00148300 0.28078600
vt 0.00074100 0.28078600
vt 0.00522400 0.28645600
vt 0.00447900 0.28645600
vt 0.00373800 0.28645600
vt 0.00299600 0.28645600
vt 0.00222800 0.28645600
vt 0.00148300 0.28645600
vt 0.00074100 0.28645600
vt 0.00522400 0.29212600
vt 0.00447900 0.29212600
vt 0.00373800 0.29212600
vt 0.00299600 0.29212600
vt 0.00222800 0.29212600
vt 0.00148300 0.29212600
vt 0.00074100 0.29212600
vt 0.00522400 0.29779500
vt 0.00447900 0.29779500
vt 0.00373800 0.29779500
vt 0.00299600 0.29779500
vt 0.00222800 0.29779500
vt 0.00148300 0.29779500
vt 0.00074100 0.29779500
vt 0.00522400 0.30346500
vt 0.00447900 0.30346500
vt 0.00373800 0.30346500
vt 0.00299600 0.30346500
vt 0.00222800 0.30346500
vt 0.00148300 0.30346500
vt 0.00074100 0.30346500
vt 0.00522400 0.30913400
vt 0.00447900 0.30913400
vt 0.00373800 0.30913400
vt 0.00299600 0.30913400
vt 0.00222800 0.30913400
vt 0.00148300 0.30913400
vt 0.00074100 0.30913400
vt 0.00522400 0.31480400
vt 0.00447900 0.31480400
vt 0.00373800 0.31480400
vt 0.00299600 0.31480400
vt 0.00222800 0.31480400
vt 0.00148300 0.31480400
vt 0.00074100 0.31480400
vt 0.00522400 0.32047300
vt 0.00447900 0.32047300
vt 0.00373800 0.32047300
vt 0.00299600 0.32047300
vt 0.00222800 0.32047300
vt 0.00148300 0.32047300
vt 0.00074100 0.32047300
vt 0.00522400 0.32602700
vt 0.00447900 0.32602700
vt 0.00373800 0.32602700
vt 0.00299600 0.32602700
vt 0.00222800 0.32602700
vt 0.00148300 0.32602700
vt 0.00074100 0.32602700
vt 0.00522400 0.33154200
vt 0.00447900 0.33154200
vt 0.00373800 0.33154200
vt 0.00299600 0.33154200
vt 0.00222800 0.33154200
vt 0.00148300 0.33154200
vt 0.00074100 0.33154200
vt 0.00522400 0.33705600
vt 0.00447900 0.33705600
vt 0.00373800 0.33705600
vt 0.00299600 0.33705600
vt 0.00222800 0.33705600
vt 0.00148300 0.33705600
vt 0.00074100 0.33705600
vt 0.00522400 0.34257100
vt 0.00447900 0.34257100
vt 0.00373800 0.34257100
vt 0.00299600 0.34257100
vt 0.00222800 0.34257100
vt 0.00148300 0.34257100
vt 0.00074100 0.34257100
vt 0.00522400 0.34808600
vt 0.00447900 0.34808600
vt 0.00373800 0.34808600
vt 0.00299600 0.34808600
vt 0.00222800 0.34808600
vt 0.00148300 0.34808600
vt 0.00074100 0.34808600
vt 0.00522400 0.35360000
vt 0.00447900 0.35360000
vt 0.00373800 0.35360000
vt 0.00299600 0.35360000
vt 0.00222800 0.35360000
vt 0.00148300 0.35360000
vt 0.00074100 0.35360000
vt 0.00522400 0.35911500
vt 0.00447900 0.35911500
vt 0.00373800 0.35911500
vt 0.00299600 0.35911500
vt 0.00222800 0.35911500
vt 0.00148300 0.35911500
vt 0.00074100 0.35911500
vt 0.00522400 0.36463000
vt 0.00447900 0.36463000
vt 0.00373800 0.36463000
vt 0.00299600 0.36463000
vt 0.00222800 0.36463000
vt 0.00148300 0.36463000
vt 0.00074100 0.36463000
vt 0.00522400 0.37014400
vt 0.00447900 0.37014400
vt 0.00373800 0.37014400
vt 0.00299600 0.37014400
vt 0.00222800 0.37014400
vt 0.00148300 0.37014400
vt 0.00074100 0.37014400
vt 0.00522400 0.37565900
vt 0.00447900 0.37565900
vt 0.00373800 0.37565900
vt 0.00299600 0.37565900
vt 0.00222800 0.37565900
vt 0.00148300 0.37565900
vt 0.00074100 0.37565900
vt 0.00522400 0.38117300
vt 0.00447900 0.38117300
vt 0.00373800 0.38117300
vt 0.00299600 0.38117300
vt 0.00222800 0.38117300
vt 0.00148300 0.38117300
vt 0.00074100 0.38117300
vt 0.00522400 0.38668800
vt 0.00447900 0.38668800
vt 0.00373800 0.38668800
vt 0.00299600 0.38668800
vt 0.00222800 0.38668800
vt 0.00148300 0.38668800
vt 0.00074100 0.38668800
vt 0.00522400 0.39220300
vt 0.00447900 0.39220300
vt 0.00373800 0.39220300
vt 0.00299600 0.39220300
vt 0.00222800 0.39220300
vt 0.00148300 0.39220300
vt 0.00074100 0.39220300
vt 0.00522400 0.39771700
vt 0.00447900 0.39771700
vt 0.00373800 0.39771700
vt 0.00299600 0.39771700
vt 0.00222800 0.39771700
vt 0.00148300 0.39771700
vt 0.00074100 0.39771700
vt 0.00522400 0.40323200
vt 0.00447900 0.40323200
vt 0.00373800 0.40323200
vt 0.00299600 0.40323200
vt 0.00222800 0.40323200
vt 0.00148300 0.40323200
vt 0.00074100 0.40323200
vt 0.00522400 0.40874700
vt 0.00447900 0.40874700
vt 0.00373800 0.40874700
vt 0.00299600 0.40874700
vt 0.00222800 0.40874700
vt 0.00148300 0.40874700
vt 0.00074100 0.40874700
vt 0.00522400 0.41426100
vt 0.00447900 0.41426100
vt 0.00373800 0.41426100
vt 0.00299600 0.41426100
vt 0.00222800 0.41426100
vt 0.00148300 0.41426100
vt 0.00074100 0.41426100
vt 0.00522400 0.41977600
vt 0.00447900 0.41977600
vt 0.00373800 0.41977600
vt 0.00299600 0.41977600
vt 0.00222800 0.41977600
vt 0.00148300 0.41977600
vt 0.00074100 0.41977600
vt 0.00522400 0.42529000
vt 0.00447900 0.42529000
vt 0.00373800 0.42529000
vt 0.00299600 0.42529000
vt 0.00222800 0.42529000
vt 0.00148300 0.42529000
vt 0.00074100 0.42529000
vt 0.00522400 0.43080500
vt 0.00447900 0.43080500
vt 0.00373800 0.43080500
vt 0.00299600 0.43080500
vt 0.00222800 0.43080500
vt 0.00148300 0.43080500
vt 0.00074100 0.43080500
vt 0.00522400 0.43632000
vt 0.00447900 0.43632000
vt 0.00373800 0.43632000
vt 0.00299600 0.43632000
vt 0.00222800 0.43632000
vt 0.00148300 0.43632000
vt 0.00074100 0.43632000
vt 0.00522400 0.44183400
vt 0.00447900 0.44183400
vt 0.00373800 0.44183400
vt 0.00299600 0.44183400
vt 0.00222800 0.44183400
vt 0.00148300 0.44183400
vt 0.00074100 0.44183400
vt 0.00522400 0.44734900
vt 0.00447900 0.44734900
vt 0.00373800 0.44734900
vt 0.00299600 0.44734900
vt 0.00222800 0.44734900
vt 0.00148300 0.44734900
vt 0.00074100 0.44734900
vt 0.00522400 0.45286300
vt 0.00447900 0.45286300
vt 0.00373800 0.45286300
vt 0.00299600 0.45286300
vt 0.00222800 0.45286300
vt 0.00148300 0.45286300
vt 0.00074100 0.45286300
vt 0.00522400 0.45837800
vt 0.00447900 0.45837800
vt 0.00373800 0.45837800
vt 0.00299600 0.45837800
vt 0.00222800 0.45837800
vt 0.00148300 0.45837800
vt 0.00074100 0.45837800
vt 0.00522400 0.46417100
vt 0.00447900 0.46417100
vt 0.00373800 0.46417100
vt 0.00299600 0.46417100
vt 0.00222800 0.46417100
vt 0.00148300 0.46417100
vt 0.00074100 0.46417100
vt 0.00522400 0.47001100
vt 0.00447900 0.47001100
vt 0.00373800 0.47001100
vt 0.00299600 0.47001100
vt 0.00222800 0.47001100
vt 0.00148300 0.47001100
vt 0.00074100 0.47001100
vt 0.00522400 0.47588400
vt 0.00447900 0.47588400
vt 0.00373800 0.47588400
vt 0.00299600 0.47588400
vt 0.00222800 0.47588400
vt 0.00148300 0.47588400
vt 0.00074100 0.47588400
vt 0.00522400 0.48174600
vt 0.00447900 0.48174600
vt 0.00373800 0.48174600
vt 0.00299600 0.48174600
vt 0.00222800 0.48174600
vt 0.00148300 0.48174600
vt 0.00074100 0.48174600
vt 0.00522400 0.48768900
vt 0.00447900 0.48768900
vt 0.00373800 0.48768900
vt 0.00299600 0.48768900
vt 0.00222800 0.48768900
vt 0.00148300 0.48768900
vt 0.00074100 0.48768900
vt 0.00522400 0.49146600
vt 0.00447900 0.49146600
vt 0.00373800 0.49146600
vt 0.00299600 0.49146600
vt 0.00222800 0.49146600
vt 0.00148300 0.49146600
vt 0.00074100 0.49146600
vt 0.00522400 0.49756400
vt 0.00447900 0.49756400
vt 0.00373800 0.49756400
vt 0.00299600 0.49756400
vt 0.00222800 0.49756400
vt 0.00148300 0.49756400
vt 0.00074100 0.49756400
vt 0.00522400 0.50366200
vt 0.00447900 0.50366200
vt 0.00373800 0.50366200
vt 0.00299600 0.50366200
vt 0.00222800 0.50366200
vt 0.00148300 0.50366200
vt 0.00074100 0.50366200
vt 0.00522400 0.50951100
vt 0.00447900 0.50951100
vt 0.00373800 0.50951100
vt 0.00299600 0.50951100
vt 0.00222800 0.50951100
vt 0.00148300 0.50951100
vt 0.00074100 0.50951100
vt 0.00522400 0.51518000
vt 0.00447900 0.51518000
vt 0.00373800 0.51518000
vt 0.00299600 0.51518000
vt 0.00222800 0.51518000
vt 0.00148300 0.51518000
vt 0.00074100 0.51518000
vt 0.00522400 0.52085000
vt 0.00447900 0.52085000
vt 0.00373800 0.52085000
vt 0.00299600 0.52085000
vt 0.00222800 0.52085000
vt 0.00148300 0.52085000
vt 0.00074100 0.52085000
vt 0.00522400 0.52651900
vt 0.00447900 0.52651900
vt 0.00373800 0.52651900
vt 0.00299600 0.52651900
vt 0.00222800 0.52651900
vt 0.00148300 0.52651900
vt 0.00074100 0.52651900
vt 0.00522400 0.53218900
vt 0.00447900 0.53218900
vt 0.00373800 0.53218900
vt 0.00299600 0.53218900
vt 0.00222800 0.53218900
vt 0.00148300 0.53218900
vt 0.00074100 0.53218900
vt 0.00522400 0.53785800
vt 0.00447900 0.53785800
vt 0.00373800 0.53785800
vt 0.00299600 0.53785800
vt 0.00222800 0.53785800
vt 0.00148300 0.53785800
vt 0.00074100 0.53785800
vt 0.00522400 0.54352800
vt 0.00447900 0.54352800
vt 0.00373800 0.54352800
vt 0.00299600 0.54352800
vt 0.00222800 0.54352800
vt 0.00148300 0.54352800
vt 0.00074100 0.54352800
vt 0.00522400 0.54919800
vt 0.00447900 0.54919800
vt 0.00373800 0.54919800
vt 0.00299600 0.54919800
vt 0.00222800 0.54919800
vt 0.00148300 0.54919800
vt 0.00074100 0.54919800
vt 0.00522400 0.55486700
vt 0.00447900 0.55486700
vt 0.00373800 0.55486700
vt 0.00299600 0.55486700
vt 0.00222800 0.55486700
vt 0.00148300 0.55486700
vt 0.00074100 0.55486700
vt 0.00522400 0.56053700
vt 0.00447900 0.56053700
vt 0.00373800 0.56053700
vt 0.00299600 0.56053700
vt 0.00222800 0.56053700
vt 0.00148300 0.56053700
vt 0.00074100 0.56053700
vt 0.00522400 0.56620600
vt 0.00447900 0.56620600
vt 0.00373800 0.56620600
vt 0.00299600 0.56620600
vt 0.00222800 0.56620600
vt 0.00148300 0.56620600
vt 0.00074100 0.56620600
vt 0.00522400 0.57176000
vt 0.00447900 0.57176000
vt 0.00373800 0.57176000
vt 0.00299600 0.57176000
vt 0.00222800 0.57176000
vt 0.00148300 0.57176000
vt 0.00074100 0.57176000
vt 0.00522400 0.57727500
vt 0.00447900 0.57727500
vt 0.00373800 0.57727500
vt 0.00299600 0.57727500
vt 0.00222800 0.57727500
vt 0.00148300 0.57727500
vt 0.00074100 0.57727500
vt 0.00522400 0.58278900
vt 0.00447900 0.58278900
vt 0.00373800 0.58278900
vt 0.00299600 0.58278900
vt 0.00222800 0.58278900
vt 0.00148300 0.58278900
vt 0.00074100 0.58278900
vt 0.00522400 0.58830400
vt 0.00447900 0.58830400
vt 0.00373800 0.58830400
vt 0.00299600 0.58830400
vt 0.00222800 0.58830400
vt 0.00148300 0.58830400
vt 0.00074100 0.58830400
vt 0.00522400 0.59381900
vt 0.00447900 0.59381900
vt 0.00373800 0.59381900
vt 0.00299600 0.59381900
vt 0.00222800 0.59381900
vt 0.00148300 0.59381900
vt 0.00074100 0.59381900
vt 0.00522400 0.59933300
vt 0.00447900 0.59933300
vt 0.00373800 0.59933300
vt 0.00299600 0.59933300
vt 0.00222800 0.59933300
vt 0.00148300 0.59933300
vt 0.00074100 0.59933300
vt 0.00522400 0.60484800
vt 0.00447900 0.60484800
vt 0.00373800 0.60484800
vt 0.00299600 0.60484800
vt 0.00222800 0.60484800
vt 0.00148300 0.60484800
vt 0.00074100 0.60484800
vt 0.00522400 0.61036200
vt 0.00447900 0.61036200
vt 0.00373800 0.61036200
vt 0.00299600 0.61036200
vt 0.00222800 0.61036200
vt 0.00148300 0.61036200
vt 0.00074100 0.61036200
vt 0.00522400 0.61587700
vt 0.00447900 0.61587700
vt 0.00373800 0.61587700
vt 0.00299600 0.61587700
vt 0.00222800 0.61587700
vt 0.00148300 0.61587700
vt 0.00074100 0.61587700
vt 0.00522400 0.62139200
vt 0.00447900 0.62139200
vt 0.00373800 0.62139200
vt 0.00299600 0.62139200
vt 0.00222800 0.62139200
vt 0.00148300 0.62139200
vt 0.00074100 0.62139200
vt 0.00522400 0.62690600
vt 0.00447900 0.62690600
vt 0.00373800 0.62690600
vt 0.00299600 0.62690600
vt 0.00222800 0.62690600
vt 0.00148300 0.62690600
vt 0.00074100 0.62690600
vt 0.00522400 0.63242100
vt 0.00447900 0.63242100
vt 0.00373800 0.63242100
vt 0.00299600 0.63242100
vt 0.00222800 0.63242100
vt 0.00148300 0.63242100
vt 0.00074100 0.63242100
vt 0.00522400 0.63793600
vt 0.00447900 0.63793600
vt 0.00373800 0.63793600
vt 0.00299600 0.63793600
vt 0.00222800 0.63793600
vt 0.00148300 0.63793600
vt 0.00074100 0.63793600
vt 0.00522400 0.64345000
vt 0.00447900 0.64345000
vt 0.00373800 0.64345000
vt 0.00299600 0.64345000
vt 0.00222800 0.64345000
vt 0.00148300 0.64345000
vt 0.00074100 0.64345000
vt 0.00522400 0.64896500
vt 0.00447900 0.64896500
vt 0.00373800 0.64896500
vt 0.00299600 0.64896500
vt 0.00222800 0.64896500
vt 0.00148300 0.64896500
vt 0.00074100 0.64896500
vt 0.00522400 0.65447900
vt 0.00447900 0.65447900
vt 0.00373800 0.65447900
vt 0.00299600 0.65447900
vt 0.00222800 0.65447900
vt 0.00148300 0.65447900
vt 0.00074100 0.65447900
vt 0.00522400 0.65999400
vt 0.00447900 0.65999400
vt 0.00373800 0.65999400
vt 0.00299600 0.65999400
vt 0.00222800 0.65999400
vt 0.00148300 0.65999400
vt 0.00074100 0.65999400
vt 0.00522400 0.66550900
vt 0.00447900 0.66550900
vt 0.00373800 0.66550900
vt 0.00299600 0.66550900
vt 0.00222800 0.66550900
vt 0.00148300 0.66550900
vt 0.00074100 0.66550900
vt 0.00522400 0.67102300
vt 0.00447900 0.67102300
vt 0.00373800 0.67102300
vt 0.00299600 0.67102300
vt 0.00222800 0.67102300
vt 0.00148300 0.67102300
vt 0.00074100 0.67102300
vt 0.00522400 0.67653800
vt 0.00447900 0.67653800
vt 0.00373800 0.67653800
vt 0.00299600 0.67653800
vt 0.00222800 0.67653800
vt 0.00148300 0.67653800
vt 0.00074100 0.67653800
vt 0.00522400 0.68205200
vt 0.00447900 0.68205200
vt 0.00373800 0.68205200
vt 0.00299600 0.68205200
vt 0.00222800 0.68205200
vt 0.00148300 0.68205200
vt 0.00074100 0.68205200
vt 0.00522400 0.68756700
vt 0.00447900 0.68756700
vt 0.00373800 0.68756700
vt 0.00299600 0.68756700
vt 0.00222800 0.68756700
vt 0.00148300 0.68756700
vt 0.00074100 0.68756700
vt 0.00522400 0.69308200
vt 0.00447900 0.69308200
vt 0.00373800 0.69308200
vt 0.00299600 0.69308200
vt 0.00222800 0.69308200
vt 0.00148300 0.69308200
vt 0.00074100 0.69308200
vt 0.00522400 0.69859600
vt 0.00447900 0.69859600
vt 0.00373800 0.69859600
vt 0.00299600 0.69859600
vt 0.00222800 0.69859600
vt 0.00148300 0.69859600
vt 0.00074100 0.69859600
vt 0.00522400 0.70411100
vt 0.00447900 0.70411100
vt 0.00373800 0.70411100
vt 0.00299600 0.70411100
vt 0.00222800 0.70411100
vt 0.00148300 0.70411100
vt 0.00074100 0.70411100
vt 0.00522400 0.70990300
vt 0.00447900 0.70990300
vt 0.00373800 0.70990300
vt 0.00299600 0.70990300
vt 0.00222800 0.70990300
vt 0.00148300 0.70990300
vt 0.00074100 0.70990300
vt 0.00522400 0.71574300
vt 0.00447900 0.71574300
vt 0.00373800 0.71574300
vt 0.00299600 0.71574300
vt 0.00222800 0.71574300
vt 0.00148300 0.71574300
vt 0.00074100 0.71574300
vt 0.00522400 0.72161700
vt 0.00447900 0.72161700
vt 0.00373800 0.72161700
vt 0.00299600 0.72161700
vt 0.00222800 0.72161700
vt 0.00148300 0.72161700
vt 0.00074100 0.72161700
vt 0.00522400 0.72747900
vt 0.00447900 0.72747900
vt 0.00373800 0.72747900
vt 0.00299600 0.72747900
vt 0.00222800 0.72747900
vt 0.00148300 0.72747900
vt 0.00074100 0.72747900
vt 0.00522400 0.73342200
vt 0.00447900 0.73342200
vt 0.00373800 0.73342200
vt 0.00299600 0.73342200
vt 0.00222800 0.73342200
vt 0.00148300 0.73342200
vt 0.00074100 0.73342200
vt 0.00522400 0.73719900
vt 0.00447900 0.73719900
vt 0.00373800 0.73719900
vt 0.00299600 0.73719900
vt 0.00222800 0.73719900
vt 0.00148300 0.73719900
vt 0.00074100 0.73719900
vt 0.00522400 0.74329700
vt 0.00447900 0.74329700
vt 0.00373800 0.74329700
vt 0.00299600 0.74329700
vt 0.00222800 0.74329700
vt 0.00148300 0.74329700
vt 0.00074100 0.74329700
vt 0.00522400 0.74939500
vt 0.00447900 0.74939500
vt 0.00373800 0.74939500
vt 0.00299600 0.74939500
vt 0.00222800 0.74939500
vt 0.00148300 0.74939500
vt 0.00074100 0.74939500
vt 0.00522400 0.75524400
vt 0.00447900 0.75524400
vt 0.00373800 0.75524400
vt 0.00299600 0.75524400
vt 0.00222800 0.75524400
vt 0.00148300 0.75524400
vt 0.00074100 0.75524400
vt 0.00522400 0.76091300
vt 0.00447900 0.76091300
vt 0.00373800 0.76091300
vt 0.00299600 0.76091300
vt 0.00222800 0.76091300
vt 0.00148300 0.76091300
vt 0.00074100 0.76091300
vt 0.00522400 0.76658300
vt 0.00447900 0.76658300
vt 0.00373800 0.76658300
vt 0.00299600 0.76658300
vt 0.00222800 0.76658300
vt 0.00148300 0.76658300
vt 0.00074100 0.76658300
vt 0.00522400 0.77225200
vt 0.00447900 0.77225200
vt 0.00373800 0.77225200
vt 0.00299600 0.77225200
vt 0.00222800 0.77225200
vt 0.00148300 0.77225200
vt 0.00074100 0.77225200
vt 0.00522400 0.77792200
vt 0.00447900 0.77792200
vt 0.00373800 0.77792200
vt 0.00299600 0.77792200
vt 0.00222800 0.77792200
vt 0.00148300 0.77792200
vt 0.00074100 0.77792200
vt 0.00522400 0.78359100
vt 0.00447900 0.78359100
vt 0.00373800 0.78359100
vt 0.00299600 0.78359100
vt 0.00222800 0.78359100
vt 0.00148300 0.78359100
vt 0.00074100 0.78359100
vt 0.00522400 0.78926100
vt 0.00447900 0.78926100
vt 0.00373800 0.78926100
vt 0.00299600 0.78926100
vt 0.00222800 0.78926100
vt 0.00148300 0.78926100
vt 0.00074100 0.78926100
vt 0.00522400 0.79493100
vt 0.00447900 0.79493100
vt 0.00373800 0.79493100
vt 0.00299600 0.79493100
vt 0.00222800 0.79493100
vt 0.00148300 0.79493100
vt 0.00074100 0.79493100
vt 0.00522400 0.80060000
vt 0.00447900 0.80060000
vt 0.00373800 0.80060000
vt 0.00299600 0.80060000
vt 0.00222800 0.80060000
vt 0.00148300 0.80060000
vt 0.00074100 0.80060000
vt 0.00522400 0.80627000
vt 0.00447900 0.80627000
vt 0.00373800 0.80627000
vt 0.00299600 0.80627000
vt 0.00222800 0.80627000
vt 0.00148300 0.80627000
vt 0.00074100 0.80627000
vt 0.00522400 0.81193900
vt 0.00447900 0.81193900
vt 0.00373800 0.81193900
vt 0.00299600 0.81193900
vt 0.00222800 0.81193900
vt 0.00148300 0.81193900
vt 0.00074100 0.81193900
vt 0.00522400 0.81749300
vt 0.00447900 0.81749300
vt 0.00373800 0.81749300
vt 0.00299600 0.81749300
vt 0.00222800 0.81749300
vt 0.00148300 0.81749300
vt 0.00074100 0.81749300
vt 0.00522400 0.82300800
vt 0.00447900 0.82300800
vt 0.00373800 0.82300800
vt 0.00299600 0.82300800
vt 0.00222800 0.82300800
vt 0.00148300 0.82300800
vt 0.00074100 0.82300800
vt 0.00522400 0.82852200
vt 0.00447900 0.82852200
vt 0.00373800 0.82852200
vt 0.00299600 0.82852200
vt 0.00222800 0.82852200
vt 0.00148300 0.82852200
vt 0.00074100 0.82852200
vt 0.00522400 0.83403700
vt 0.00447900 0.83403700
vt 0.00373800 0.83403700
vt 0.00299600 0.83403700
vt 0.00222800 0.83403700
vt 0.00148300 0.83403700
vt 0.00074100 0.83403700
vt 0.00522400 0.83955200
vt 0.00447900 0.83955200
vt 0.00373800 0.83955200
vt 0.00299600 0.83955200
vt 0.00222800 0.83955200
vt 0.00148300 0.83955200
vt 0.00074100 0.83955200
vt 0.00522400 0.84506600
vt 0.00447900 0.84506600
vt 0.00373800 0.84506600
vt 0.00299600 0.84506600
vt 0.00222800 0.84506600
vt 0.00148300 0.84506600
vt 0.00074100 0.84506600
vt 0.00522400 0.85058100
vt 0.00447900 0.85058100
vt 0.00373800 0.85058100
vt 0.00299600 0.85058100
vt 0.00222800 0.85058100
vt 0.00148300 0.85058100
vt 0.00074100 0.85058100
vt 0.00522400 0.85609500
vt 0.00447900 0.85609500
vt 0.00373800 0.85609500
vt 0.00299600 0.85609500
vt 0.00222800 0.85609500
vt 0.00148300 0.85609500
vt 0.00074100 0.85609500
vt 0.00522400 0.86161000
vt 0.00447900 0.86161000
vt 0.00373800 0.86161000
vt 0.00299600 0.86161000
vt 0.00222800 0.86161000
vt 0.00148300 0.86161000
vt 0.00074100 0.86161000
vt 0.00522400 0.86712500
vt 0.00447900 0.86712500
vt 0.00373800 0.86712500
vt 0.00299600 0.86712500
vt 0.00222800 0.86712500
vt 0.00148300 0.86712500
vt 0.00074100 0.86712500
vt 0.00522400 0.87263900
vt 0.00447900 0.87263900
vt 0.00373800 0.87263900
vt 0.00299600 0.87263900
vt 0.00222800 0.87263900
vt 0.00148300 0.87263900
vt 0.00074100 0.87263900
vt 0.00522400 0.87815400
vt 0.00447900 0.87815400
vt 0.00373800 0.87815400
vt 0.00299600 0.87815400
vt 0.00222800 0.87815400
vt 0.00148300 0.87815400
vt 0.00074100 0.87815400
vt 0.00522400 0.88366800
vt 0.00447900 0.88366800
vt 0.00373800 0.88366800
vt 0.00299600 0.88366800
vt 0.00222800 0.88366800
vt 0.00148300 0.88366800
vt 0.00074100 0.88366800
vt 0.00522400 0.88918300
vt 0.00447900 0.88918300
vt 0.00373800 0.88918300
vt 0.00299600 0.88918300
vt 0.00222800 0.88918300
vt 0.00148300 0.88918300
vt 0.00074100 0.88918300
vt 0.00522400 0.89469800
vt 0.00447900 0.89469800
vt 0.00373800 0.89469800
vt 0.00299600 0.89469800
vt 0.00222800 0.89469800
vt 0.00148300 0.89469800
vt 0.00074100 0.89469800
vt 0.00522400 0.90021200
vt 0.00447900 0.90021200
vt 0.00373800 0.90021200
vt 0.00299600 0.90021200
vt 0.00222800 0.90021200
vt 0.00148300 0.90021200
vt 0.00074100 0.90021200
vt 0.00522400 0.90572700
vt 0.00447900 0.90572700
vt 0.00373800 0.90572700
vt 0.00299600 0.90572700
vt 0.00222800 0.90572700
vt 0.00148300 0.90572700
vt 0.00074100 0.90572700
vt 0.00522400 0.91124200
vt 0.00447900 0.91124200
vt 0.00373800 0.91124200
vt 0.00299600 0.91124200
vt 0.00222800 0.91124200
vt 0.00148300 0.91124200
vt 0.00074100 0.91124200
vt 0.00522400 0.91675600
vt 0.00447900 0.91675600
vt 0.00373800 0.91675600
vt 0.00299600 0.91675600
vt 0.00222800 0.91675600
vt 0.00148300 0.91675600
vt 0.00074100 0.91675600
vt 0.00522400 0.92227100
vt 0.00447900 0.92227100
vt 0.00373800 0.92227100
vt 0.00299600 0.92227100
vt 0.00222800 0.92227100
vt 0.00148300 0.92227100
vt 0.00074100 0.92227100
vt 0.00522400 0.92778500
vt 0.00447900 0.92778500
vt 0.00373800 0.92778500
vt 0.00299600 0.92778500
vt 0.00222800 0.92778500
vt 0.00148300 0.92778500
vt 0.00074100 0.92778500
vt 0.00522400 0.93330000
vt 0.00447900 0.93330000
vt 0.00373800 0.93330000
vt 0.00299600 0.93330000
vt 0.00222800 0.93330000
vt 0.00148300 0.93330000
vt 0.00074100 0.93330000
vt 0.00522400 0.93881500
vt 0.00447900 0.93881500
vt 0.00373800 0.93881500
vt 0.00299600 0.93881500
vt 0.00222800 0.93881500
vt 0.00148300 0.93881500
vt 0.00074100 0.93881500
vt 0.00522400 0.94432900
vt 0.00447900 0.94432900
vt 0.00373800 0.94432900
vt 0.00299600 0.94432900
vt 0.00222800 0.94432900
vt 0.00148300 0.94432900
vt 0.00074100 0.94432900
vt 0.00522400 0.94984400
vt 0.00447900 0.94984400
vt 0.00373800 0.94984400
vt 0.00299600 0.94984400
vt 0.00222800 0.94984400
vt 0.00148300 0.94984400
vt 0.00074100 0.94984400
vt 0.00522400 0.95563600
vt 0.00447900 0.95563600
vt 0.00373800 0.95563600
vt 0.00299600 0.95563600
vt 0.00222800 0.95563600
vt 0.00148300 0.95563600
vt 0.00074100 0.95563600
vt 0.00522400 0.96147600
vt 0.00447900 0.96147600
vt 0.00373800 0.96147600
vt 0.00299600 0.96147600
vt 0.00222800 0.96147600
vt 0.00148300 0.96147600
vt 0.00074100 0.96147600
vt 0.00522400 0.96735000
vt 0.00447900 0.96735000
vt 0.00373800 0.96735000
vt 0.00299600 0.96735000
vt 0.00222800 0.96735000
vt 0.00148300 0.96735000
vt 0.00074100 0.96735000
vt 0.00522400 0.97321200
vt 0.00447900 0.97321200
vt 0.00373800 0.97321200
vt 0.00299600 0.97321200
vt 0.00222800 0.97321200
vt 0.00148300 0.97321200
vt 0.00074100 0.97321200
vt 0.00522400 0.97915400
vt 0.00447900 0.97915400
vt 0.00373800 0.97915400
vt 0.00299600 0.97915400
vt 0.00222800 0.97915400
vt 0.00148300 0.97915400
vt 0.00074100 0.97915400
vt 0.00599300 0.98293200
vt 0.00522400 0.98293200
vt 0.00447900 0.98293200
vt 0.00373800 0.98293200
vt 0.00299600 0.98293200
vt 0.00222800 0.98293200
vt 0.00148300 0.98293200
vt 0.00074100 0.98293200
vt 0.00000000 0.98293200
vt 0.00599300 0.00418300
vt 0.00599300 0.00836500
vt 0.00599300 0.01254800
vt 0.00599300 0.01673100
vt 0.00599300 0.02091300
vt 0.00599300 0.02509600
vt 0.00599300 0.02927900
vt 0.00599300 0.03346200
vt 0.00599300 0.03764400
vt 0.00599300 0.04182700
vt 0.00599300 0.04601000
vt 0.00599300 0.05019200
vt 0.00599300 0.05437500
vt 0.00599300 0.05855800
vt 0.00599300 0.06274000
vt 0.00599300 0.06692300
vt 0.00599300 0.07110600
vt 0.00599300 0.07528800
vt 0.00599300 0.07947100
vt 0.00599300 0.08365400
vt 0.00599300 0.08783600
vt 0.00599300 0.09201900
vt 0.00599300 0.09620200
vt 0.00599300 0.10038500
vt 0.00599300 0.10456700
vt 0.00599300 0.10875000
vt 0.00599300 0.11293300
vt 0.00599300 0.11711500
vt 0.00599300 0.12129800
vt 0.00599300 0.12548100
vt 0.00599300 0.12966300
vt 0.00599300 0.13384600
vt 0.00599300 0.13802900
vt 0.00599300 0.14221100
vt 0.00599300 0.14639400
vt 0.00599300 0.15057700
vt 0.00599300 0.15475900
vt 0.00599300 0.15894200
vt 0.00599300 0.16312500
vt 0.00599300 0.16730800
vt 0.00599300 0.17149000
vt 0.00599300 0.17567300
vt 0.00599300 0.17985600
vt 0.00599300 0.18403800
vt 0.00599300 0.18822100
vt 0.00599300 0.19240400
vt 0.00599300 0.19658600
vt 0.00599300 0.20076900
vt 0.00599300 0.20495200
vt 0.00599300 0.20913400
vt 0.00599300 0.21331700
vt 0.00599300 0.21750000
vt 0.00599300 0.22168200
vt 0.00599300 0.22586500
vt 0.00599300 0.23004800
vt 0.00599300 0.23423100
vt 0.00599300 0.23841300
vt 0.00599300 0.24259600
vt 0.00599300 0.24677900
vt 0.00599300 0.25096100
vt 0.00599300 0.25514400
vt 0.00599300 0.25932700
vt 0.00599300 0.26350900
vt 0.00599300 0.26769200
vt 0.00599300 0.27187500
vt 0.00599300 0.27605700
vt 0.00599300 0.28024000
vt 0.00599300 0.28442300
vt 0.00599300 0.28860500
vt 0.00599300 0.29278800
vt 0.00599300 0.29697100
vt 0.00599300 0.30115400
vt 0.00599300 0.30533600
vt 0.00599300 0.30951900
vt 0.00599300 0.31370200
vt 0.00599300 0.31788400
vt 0.00599300 0.32206700
vt 0.00599300 0.32625000
vt 0.00599300 0.33043200
vt 0.00599300 0.33461500
vt 0.00599300 0.33879800
vt 0.00599300 0.34298000
vt 0.00599300 0.34716300
vt 0.00599300 0.35134600
vt 0.00599300 0.35552800
vt 0.00599300 0.35971100
vt 0.00599300 0.36389400
vt 0.00599300 0.36807700
vt 0.00599300 0.37225900
vt 0.00599300 0.37644200
vt 0.00599300 0.38062500
vt 0.00599300 0.38480700
vt 0.00599300 0.38899000
vt 0.00599300 0.39317300
vt 0.00599300 0.39735500
vt 0.00599300 0.40153800
vt 0.00599300 0.40572100
vt 0.00599300 0.40990300
vt 0.00599300 0.41408600
vt 0.00599300 0.41826900
vt 0.00599300 0.42245100
vt 0.00599300 0.42663400
vt 0.00599300 0.43081700
vt 0.00599300 0.43500000
vt 0.00599300 0.43918200
vt 0.00599300 0.44336500
vt 0.00599300 0.44754800
vt 0.00599300 0.45173000
vt 0.00599300 0.45591300
vt 0.00599300 0.46009600
vt 0.00599300 0.46427800
vt 0.00599300 0.46846100
vt 0.00599300 0.47264400
vt 0.00599300 0.47682600
vt 0.00599300 0.48100900
vt 0.00599300 0.48519200
vt 0.00599300 0.48937400
vt 0.00599300 0.49355700
vt 0.00599300 0.49774000
vt 0.00599300 0.50192300
vt 0.00599300 0.50610500
vt 0.00599300 0.51028800
vt 0.00599300 0.51447100
vt 0.00599300 0.51865300
vt 0.00599300 0.52283600
vt 0.00599300 0.52701900
vt 0.00599300 0.53120100
vt 0.00599300 0.53538400
vt 0.00599300 0.53956700
vt 0.00599300 0.54374900
vt 0.00599300 0.54793200
vt 0.00599300 0.55211500
vt 0.00599300 0.55629700
vt 0.00599300 0.56048000
vt 0.00599300 0.56466300
vt 0.00599300 0.56884600
vt 0.00599300 0.57302800
vt 0.00599300 0.57721100
vt 0.00599300 0.58139400
vt 0.00599300 0.58557600
vt 0.00599300 0.58975900
vt 0.00599300 0.59394200
vt 0.00599300 0.59812400
vt 0.00599300 0.60230700
vt 0.00599300 0.60649000
vt 0.00599300 0.61067200
vt 0.00599300 0.61485500
vt 0.00599300 0.61903800
vt 0.00599300 0.62322100
vt 0.00599300 0.62740300
vt 0.00599300 0.63158600
vt 0.00599300 0.63576900
vt 0.00599300 0.63995100
vt 0.00599300 0.64413400
vt 0.00599300 0.64831700
vt 0.00599300 0.65249900
vt 0.00599300 0.65668200
vt 0.00599300 0.66086500
vt 0.00599300 0.66504700
vt 0.00599300 0.66923000
vt 0.00599300 0.67341300
vt 0.00599300 0.67759500
vt 0.00599300 0.68177800
vt 0.00599300 0.68596100
vt 0.00599300 0.69014300
vt 0.00599300 0.69432600
vt 0.00599300 0.69850900
vt 0.00599300 0.70269200
vt 0.00599300 0.70687400
vt 0.00599300 0.71105700
vt 0.00599300 0.71524000
vt 0.00599300 0.71942200
vt 0.00599300 0.72360500
vt 0.00599300 0.72778800
vt 0.00599300 0.73197000
vt 0.00599300 0.73615300
vt 0.00599300 0.74033600
vt 0.00599300 0.74451800
vt 0.00599300 0.74870100
vt 0.00599300 0.75288400
vt 0.00599300 0.75706600
vt 0.00599300 0.76124900
vt 0.00599300 0.76543200
vt 0.00599300 0.76961500
vt 0.00599300 0.77379700
vt 0.00599300 0.77798000
vt 0.00599300 0.78216300
vt 0.00599300 0.78634500
vt 0.00599300 0.79052800
vt 0.00599300 0.79471100
vt 0.00599300 0.79889300
vt 0.00599300 0.80307600
vt 0.00599300 0.80725900
vt 0.00599300 0.81144100
vt 0.00599300 0.81562400
vt 0.00599300 0.81980700
vt 0.00599300 0.82399000
vt 0.00599300 0.82817200
vt 0.00599300 0.83235500
vt 0.00599300 0.83653800
vt 0.00599300 0.84072000
vt 0.00599300 0.84490300
vt 0.00599300 0.84908600
vt 0.00599300 0.85326800
vt 0.00599300 0.85745100
vt 0.00599300 0.86163400
vt 0.00599300 0.86581600
vt 0.00599300 0.86999900
vt 0.00599300 0.87418200
vt 0.00599300 0.87836500
vt 0.00599300 0.88254700
vt 0.00599300 0.88673000
vt 0.00599300 0.89091300
vt 0.00599300 0.89509500
vt 0.00599300 0.89927800
vt 0.00599300 0.90346100
vt 0.00599300 0.90764300
vt 0.00599300 0.91182600
vt 0.00599300 0.91600900
vt 0.00599300 0.92019100
vt 0.00599300 0.92437400
vt 0.00599300 0.92855700
vt 0.00599300 0.93273900
vt 0.00599300 0.93692200
vt 0.00599300 0.94110500
vt 0.00599300 0.94528700
vt 0.00599300 0.94947000
vt 0.00599300 0.95365300
vt 0.00599300 0.95783600
vt 0.00599300 0.96201800
vt 0.00599300 0.96620100
vt 0.00599300 0.97038400
vt 0.00599300 0.97456600
vt 0.00599300 0.97874900
vt 0.00000000 0.97860200
vt 0.00000000 0.97427100
vt 0.00000000 0.96994100
vt 0.00000000 0.96561100
vt 0.00000000 0.96128100
vt 0.00000000 0.95695100
vt 0.00000000 0.95262100
vt 0.00000000 0.94829100
vt 0.00000000 0.94396100
vt 0.00000000 0.93963100
vt 0.00000000 0.93530100
vt 0.00000000 0.93097100
vt 0.00000000 0.92664000
vt 0.00000000 0.92231000
vt 0.00000000 0.91798000
vt 0.00000000 0.91365000
vt 0.00000000 0.90932000
vt 0.00000000 0.90499000
vt 0.00000000 0.90066000
vt 0.00000000 0.89633000
vt 0.00000000 0.89200000
vt 0.00000000 0.88767000
vt 0.00000000 0.88333900
vt 0.00000000 0.87900900
vt 0.00000000 0.87467900
vt 0.00000000 0.87034900
vt 0.00000000 0.86601900
vt 0.00000000 0.86168900
vt 0.00000000 0.85735900
vt 0.00000000 0.85302900
vt 0.00000000 0.84869900
vt 0.00000000 0.84436900
vt 0.00000000 0.84003800
vt 0.00000000 0.83570800
vt 0.00000000 0.83137800
vt 0.00000000 0.82704800
vt 0.00000000 0.82271800
vt 0.00000000 0.81838800
vt 0.00000000 0.81405800
vt 0.00000000 0.80972800
vt 0.00000000 0.80539800
vt 0.00000000 0.80106800
vt 0.00000000 0.79673800
vt 0.00000000 0.79240800
vt 0.00000000 0.78807700
vt 0.00000000 0.78374700
vt 0.00000000 0.77941700
vt 0.00000000 0.77508700
vt 0.00000000 0.77075700
vt 0.00000000 0.76642700
vt 0.00000000 0.76209700
vt 0.00000000 0.75776700
vt 0.00000000 0.75343700
vt 0.00000000 0.74910600
vt 0.00000000 0.74477600
vt 0.00000000 0.74044600
vt 0.00000000 0.73611600
vt 0.00000000 0.73178600
vt 0.00000000 0.72745600
vt 0.00000000 0.72312600
vt 0.00000000 0.71879600
vt 0.00000000 0.71446600
vt 0.00000000 0.71013600
vt 0.00000000 0.70580600
vt 0.00000000 0.70147500
vt 0.00000000 0.69714500
vt 0.00000000 0.69281500
vt 0.00000000 0.68848500
vt 0.00000000 0.68415500
vt 0.00000000 0.67982500
vt 0.00000000 0.67549500
vt 0.00000000 0.67116500
vt 0.00000000 0.66683500
vt 0.00000000 0.66250500
vt 0.00000000 0.65817500
vt 0.00000000 0.65384400
vt 0.00000000 0.64951400
vt 0.00000000 0.64518400
vt 0.00000000 0.64085400
vt 0.00000000 0.63652400
vt 0.00000000 0.63219400
vt 0.00000000 0.62786400
vt 0.00000000 0.62353400
vt 0.00000000 0.61920400
vt 0.00000000 0.61487400
vt 0.00000000 0.61054300
vt 0.00000000 0.60621300
vt 0.00000000 0.60188300
vt 0.00000000 0.59755300
vt 0.00000000 0.59322300
vt 0.00000000 0.58889300
vt 0.00000000 0.58456300
vt 0.00000000 0.58023300
vt 0.00000000 0.57590300
vt 0.00000000 0.57157300
vt 0.00000000 0.56724300
vt 0.00000000 0.56291200
vt 0.00000000 0.55858200
vt 0.00000000 0.55425200
vt 0.00000000 0.54992200
vt 0.00000000 0.54559200
vt 0.00000000 0.54126200
vt 0.00000000 0.53693200
vt 0.00000000 0.53260200
vt 0.00000000 0.52827200
vt 0.00000000 0.52394200
vt 0.00000000 0.51961100
vt 0.00000000 0.51528100
vt 0.00000000 0.51095100
vt 0.00000000 0.50662100
vt 0.00000000 0.50229100
vt 0.00000000 0.49796100
vt 0.00000000 0.49363100
vt 0.00000000 0.48930100
vt 0.00000000 0.48497100
vt 0.00000000 0.48064100
vt 0.00000000 0.47631000
vt 0.00000000 0.47198000
vt 0.00000000 0.46765000
vt 0.00000000 0.46332000
vt 0.00000000 0.45899000
vt 0.00000000 0.45466000
vt 0.00000000 0.45033000
vt 0.00000000 0.44600000
vt 0.00000000 0.44167000
vt 0.00000000 0.43734000
vt 0.00000000 0.43301000
vt 0.00000000 0.42867900
vt 0.00000000 0.42434900
vt 0.00000000 0.42001900
vt 0.00000000 0.41568900
vt 0.00000000 0.41135900
vt 0.00000000 0.40702900
vt 0.00000000 0.40269900
vt 0.00000000 0.39836900
vt 0.00000000 0.39403900
vt 0.00000000 0.38970900
vt 0.00000000 0.38537800
vt 0.00000000 0.38104800
vt 0.00000000 0.37671800
vt 0.00000000 0.37238800
vt 0.00000000 0.36805800
vt 0.00000000 0.36372800
vt 0.00000000 0.35939800
vt 0.00000000 0.35506800
vt 0.00000000 0.35073800
vt 0.00000000 0.34640800
vt 0.00000000 0.34207800
vt 0.00000000 0.33774700
vt 0.00000000 0.33341700
vt 0.00000000 0.32908700
vt 0.00000000 0.32475700
vt 0.00000000 0.32042700
vt 0.00000000 0.31609700
vt 0.00000000 0.31176700
vt 0.00000000 0.30743700
vt 0.00000000 0.30310700
vt 0.00000000 0.29877700
vt 0.00000000 0.29444600
vt 0.00000000 0.29011600
vt 0.00000000 0.28578600
vt 0.00000000 0.28145600
vt 0.00000000 0.27712600
vt 0.00000000 0.27279600
vt 0.00000000 0.26846600
vt 0.00000000 0.26413600
vt 0.00000000 0.25980600
vt 0.00000000 0.25547600
vt 0.00000000 0.25114600
vt 0.00000000 0.24681500
vt 0.00000000 0.24248500
vt 0.00000000 0.23815500
vt 0.00000000 0.23382500
vt 0.00000000 0.22949500
vt 0.00000000 0.22516500
vt 0.00000000 0.22083500
vt 0.00000000 0.21650500
vt 0.00000000 0.21217500
vt 0.00000000 0.20784500
vt 0.00000000 0.20351400
vt 0.00000000 0.19918400
vt 0.00000000 0.19485400
vt 0.00000000 0.19052400
vt 0.00000000 0.18619400
vt 0.00000000 0.18186400
vt 0.00000000 0.17753400
vt 0.00000000 0.17320400
vt 0.00000000 0.16887400
vt 0.00000000 0.16454400
vt 0.00000000 0.16021400
vt 0.00000000 0.15588300
vt 0.00000000 0.15155300
vt 0.00000000 0.14722300
vt 0.00000000 0.14289300
vt 0.00000000 0.13856300
vt 0.00000000 0.13423300
vt 0.00000000 0.12990300
vt 0.00000000 0.12557300
vt 0.00000000 0.12124300
vt 0.00000000 0.11691300
vt 0.00000000 0.11258200
vt 0.00000000 0.10825200
vt 0.00000000 0.10392200
vt 0.00000000 0.09959200
vt 0.00000000 0.09526200
vt 0.00000000 0.09093200
vt 0.00000000 0.08660200
vt 0.00000000 0.08227200
vt 0.00000000 0.07794200
vt 0.00000000 0.07361200
vt 0.00000000 0.06928200
vt 0.00000000 0.06495100
vt 0.00000000 0.06062100
vt 0.00000000 0.05629100
vt 0.00000000 0.05196100
vt 0.00000000 0.04763100
vt 0.00000000 0.04330100
vt 0.00000000 0.03897100
vt 0.00000000 0.03464100
vt 0.00000000 0.03031100
vt 0.00000000 0.02598100
vt 0.00000000 0.02165000
vt 0.00000000 0.01732000
vt 0.00000000 0.01299000
vt 0.00000000 0.00866000
vt 0.00000000 0.00433000
vt 0.01413900 0.00000000
vt 0.01245800 0.00000000
vt 0.01070000 0.00000000
vt 0.00900800 0.00000000
vt 0.00745700 0.00000000
vt 0.01245800 0.01333000
vt 0.01070000 0.01333000
vt 0.00900800 0.01333000
vt 0.00745700 0.01333000
vt 0.01245800 0.02579000
vt 0.01070000 0.02579000
vt 0.00900800 0.02579000
vt 0.00745700 0.02579000
vt 0.01245800 0.03818200
vt 0.01070000 0.03818200
vt 0.00900800 0.03818200
vt 0.00745700 0.03818200
vt 0.01245800 0.05057500
vt 0.01070000 0.05057500
vt 0.00900800 0.05057500
vt 0.00745700 0.05057500
vt 0.01245800 0.06296800
vt 0.01070000 0.06296800
vt 0.00900800 0.06296800
vt 0.00745700 0.06296800
vt 0.01245800 0.07531800
vt 0.01070000 0.07531800
vt 0.00900800 0.07531800
vt 0.00745700 0.07531800
vt 0.01245800 0.08737200
vt 0.01070000 0.08737200
vt 0.00900800 0.08737200
vt 0.00745700 0.08737200
vt 0.01245800 0.09942700
vt 0.01070000 0.09942700
vt 0.00900800 0.09942700
vt 0.00745700 0.09942700
vt 0.01245800 0.11148100
vt 0.01070000 0.11148100
vt 0.00900800 0.11148100
vt 0.00745700 0.11148100
vt 0.01245800 0.12353500
vt 0.01070000 0.12353500
vt 0.00900800 0.12353500
vt 0.00745700 0.12353500
vt 0.01245800 0.13558900
vt 0.01070000 0.13558900
vt 0.00900800 0.13558900
vt 0.00745700 0.13558900
vt 0.01245800 0.14764400
vt 0.01070000 0.14764400
vt 0.00900800 0.14764400
vt 0.00745700 0.14764400
vt 0.01245800 0.15969800
vt 0.01070000 0.15969800
vt 0.00900800 0.15969800
vt 0.00745700 0.15969800
vt 0.01245800 0.17175200
vt 0.01070000 0.17175200
vt 0.00900800 0.17175200
vt 0.00745700 0.17175200
vt 0.01245800 0.18380600
vt 0.01070000 0.18380600
vt 0.00900800 0.18380600
vt 0.00745700 0.18380600
vt 0.01245800 0.19586000
vt 0.01070000 0.19586000
vt 0.00900800 0.19586000
vt 0.00745700 0.19586000
vt 0.01245800 0.20791500
vt 0.01070000 0.20791500
vt 0.00900800 0.20791500
vt 0.00745700 0.20791500
vt 0.01245800 0.22067600
vt 0.01070000 0.22067600
vt 0.00900800 0.22067600
vt 0.00745700 0.22067600
vt 0.01245800 0.23339500
vt 0.01070000 0.23339500
vt 0.00900800 0.23339500
vt 0.00745700 0.23339500
vt 0.01245800 0.24471500
vt 0.01070000 0.24471500
vt 0.00900800 0.24471500
vt 0.00745700 0.24471500
vt 0.01245800 0.25764300
vt 0.01070000 0.25764300
vt 0.00900800 0.25764300
vt 0.00745700 0.25764300
vt 0.01245800 0.27003600
vt 0.01070000 0.27003600
vt 0.00900800 0.27003600
vt 0.00745700 0.27003600
vt 0.01245800 0.28242900
vt 0.01070000 0.28242900
vt 0.00900800 0.28242900
vt 0.00745700 0.28242900
vt 0.01245800 0.29482200
vt 0.01070000 0.29482200
vt 0.00900800 0.29482200
vt 0.00745700 0.29482200
vt 0.01245800 0.30721500
vt 0.01070000 0.30721500
vt 0.00900800 0.30721500
vt 0.00745700 0.30721500
vt 0.01245800 0.31939500
vt 0.01070000 0.31939500
vt 0.00900800 0.31939500
vt 0.00745700 0.31939500
vt 0.01245800 0.33145000
vt 0.01070000 0.33145000
vt 0.00900800 0.33145000
vt 0.00745700 0.33145000
vt 0.01245800 0.34350400
vt 0.01070000 0.34350400
vt 0.00900800 0.34350400
vt 0.00745700 0.34350400
vt 0.01245800 0.35555800
vt 0.01070000 0.35555800
vt 0.00900800 0.35555800
vt 0.00745700 0.35555800
vt 0.01245800 0.36761200
vt 0.01070000 0.36761200
vt 0.00900800 0.36761200
vt 0.00745700 0.36761200
vt 0.01245800 0.37966700
vt 0.01070000 0.37966700
vt 0.00900800 0.37966700
vt 0.00745700 0.37966700
vt 0.01245800 0.39172100
vt 0.01070000 0.39172100
vt 0.00900800 0.39172100
vt 0.00745700 0.39172100
vt 0.01245800 0.40377500
vt 0.01070000 0.40377500
vt 0.00900800 0.40377500
vt 0.00745700 0.40377500
vt 0.01245800 0.41582900
vt 0.01070000 0.41582900
vt 0.00900800 0.41582900
vt 0.00745700 0.41582900
vt 0.01245800 0.42788300
vt 0.01070000 0.42788300
vt 0.00900800 0.42788300
vt 0.00745700 0.42788300
vt 0.01245800 0.43993800
vt 0.01070000 0.43993800
vt 0.00900800 0.43993800
vt 0.00745700 0.43993800
vt 0.01245800 0.45257500
vt 0.01070000 0.45257500
vt 0.00900800 0.45257500
vt 0.00745700 0.45257500
vt 0.01245800 0.46537000
vt 0.01070000 0.46537000
vt 0.00900800 0.46537000
vt 0.00745700 0.46537000
vt 0.01245800 0.47610000
vt 0.01070000 0.47610000
vt 0.00900800 0.47610000
vt 0.00745700 0.47610000
vt 0.01245800 0.48943000
vt 0.01070000 0.48943000
vt 0.00900800 0.48943000
vt 0.00745700 0.48943000
vt 0.01245800 0.50189000
vt 0.01070000 0.50189000
vt 0.00900800 0.50189000
vt 0.00745700 0.50189000
vt 0.01245800 0.51428300
vt 0.01070000 0.51428300
vt 0.00900800 0.51428300
vt 0.00745700 0.51428300
vt 0.01245800 0.52667600
vt 0.01070000 0.52667600
vt 0.00900800 0.52667600
vt 0.00745700 0.52667600
vt 0.01245800 0.53906800
vt 0.01070000 0.53906800
vt 0.00900800 0.53906800
vt 0.00745700 0.53906800
vt 0.01245800 0.55141800
vt 0.01070000 0.55141800
vt 0.00900800 0.55141800
vt 0.00745700 0.55141800
vt 0.01245800 0.56347300
vt 0.01070000 0.56347300
vt 0.00900800 0.56347300
vt 0.00745700 0.56347300
vt 0.01245800 0.57552700
vt 0.01070000 0.57552700
vt 0.00900800 0.57552700
vt 0.00745700 0.57552700
vt 0.01245800 0.58758100
vt 0.01070000 0.58758100
vt 0.00900800 0.58758100
vt 0.00745700 0.58758100
vt 0.01245800 0.59963500
vt 0.01070000 0.59963500
vt 0.00900800 0.59963500
vt 0.00745700 0.59963500
vt 0.01245800 0.61169000
vt 0.01070000 0.61169000
vt 0.00900800 0.61169000
vt 0.00745700 0.61169000
vt 0.01245800 0.62374400
vt 0.01070000 0.62374400
vt 0.00900800 0.62374400
vt 0.00745700 0.62374400
vt 0.01245800 0.63579800
vt 0.01070000 0.63579800
vt 0.00900800 0.63579800
vt 0.00745700 0.63579800
vt 0.01245800 0.64785200
vt 0.01070000 0.64785200
vt 0.00900800 0.64785200
vt 0.00745700 0.64785200
vt 0.01245800 0.65990600
vt 0.01070000 0.65990600
vt 0.00900800 0.65990600
vt 0.00745700 0.65990600
vt 0.01245800 0.67196100
vt 0.01070000 0.67196100
vt 0.00900800 0.67196100
vt 0.00745700 0.67196100
vt 0.01245800 0.68401500
vt 0.01070000 0.68401500
vt 0.00900800 0.68401500
vt 0.00745700 0.68401500
vt 0.01245800 0.69677600
vt 0.01070000 0.69677600
vt 0.00900800 0.69677600
vt 0.00745700 0.69677600
vt 0.01245800 0.70949500
vt 0.01070000 0.70949500
vt 0.00900800 0.70949500
vt 0.00745700 0.70949500
vt 0.01245800 0.72081500
vt 0.01070000 0.72081500
vt 0.00900800 0.72081500
vt 0.00745700 0.72081500
vt 0.01245800 0.73374300
vt 0.01070000 0.73374300
vt 0.00900800 0.73374300
vt 0.00745700 0.73374300
vt 0.01245800 0.74613600
vt 0.01070000 0.74613600
vt 0.00900800 0.74613600
vt 0.00745700 0.74613600
vt 0.01245800 0.75852900
vt 0.01070000 0.75852900
vt 0.00900800 0.75852900
vt 0.00745700 0.75852900
vt 0.01245800 0.77092200
vt 0.01070000 0.77092200
vt 0.00900800 0.77092200
vt 0.00745700 0.77092200
vt 0.01245800 0.78331500
vt 0.01070000 0.78331500
vt 0.00900800 0.78331500
vt 0.00745700 0.78331500
vt 0.01245800 0.79549600
vt 0.01070000 0.79549600
vt 0.00900800 0.79549600
vt 0.00745700 0.79549600
vt 0.01245800 0.80755000
vt 0.01070000 0.80755000
vt 0.00900800 0.80755000
vt 0.00745700 0.80755000
vt 0.01245800 0.81960400
vt 0.01070000 0.81960400
vt 0.00900800 0.81960400
vt 0.00745700 0.81960400
vt 0.01245800 0.83165800
vt 0.01070000 0.83165800
vt 0.00900800 0.83165800
vt 0.00745700 0.83165800
vt 0.01245800 0.84371300
vt 0.01070000 0.84371300
vt 0.00900800 0.84371300
vt 0.00745700 0.84371300
vt 0.01245800 0.85576700
vt 0.01070000 0.85576700
vt 0.00900800 0.85576700
vt 0.00745700 0.85576700
vt 0.01245800 0.86782100
vt 0.01070000 0.86782100
vt 0.00900800 0.86782100
vt 0.00745700 0.86782100
vt 0.01245800 0.87987500
vt 0.01070000 0.87987500
vt 0.00900800 0.87987500
vt 0.00745700 0.87987500
vt 0.01245800 0.89192900
vt 0.01070000 0.89192900
vt 0.00900800 0.89192900
vt 0.00745700 0.89192900
vt 0.01245800 0.90398400
vt 0.01070000 0.90398400
vt 0.00900800 0.90398400
vt 0.00745700 0.90398400
vt 0.01245800 0.91603800
vt 0.01070000 0.91603800
vt 0.00900800 0.91603800
vt 0.00745700 0.91603800
vt 0.01245800 0.92867500
vt 0.01070000 0.92867500
vt 0.00900800 0.92867500
vt 0.00745700 0.92867500
vt 0.01245800 0.94147000
vt 0.01070000 0.94147000
vt 0.00900800 0.94147000
vt 0.00745700 0.94147000
vt 0.01413900 0.95220000
vt 0.01245800 0.95220000
vt 0.01070000 0.95220000
vt 0.00900800 0.95220000
vt 0.00745700 0.95220000
vt 0.01413900 0.00419500
vt 0.01413900 0.00838900
vt 0.01413900 0.01258400
vt 0.01413900 0.01677900
vt 0.01413900 0.02097400
vt 0.01413900 0.02516800
vt 0.01413900 0.02936300
vt 0.01413900 0.03355800
vt 0.01413900 0.03775200
vt 0.01413900 0.04194700
vt 0.01413900 0.04614200
vt 0.01413900 0.05033700
vt 0.01413900 0.05453100
vt 0.01413900 0.05872600
vt 0.01413900 0.06292100
vt 0.01413900 0.06711500
vt 0.01413900 0.07131000
vt 0.01413900 0.07550500
vt 0.01413900 0.07970000
vt 0.01413900 0.08389400
vt 0.01413900 0.08808900
vt 0.01413900 0.09228400
vt 0.01413900 0.09647800
vt 0.01413900 0.10067300
vt 0.01413900 0.10486800
vt 0.01413900 0.10906300
vt 0.01413900 0.11325700
vt 0.01413900 0.11745200
vt 0.01413900 0.12164700
vt 0.01413900 0.12584100
vt 0.01413900 0.13003600
vt 0.01413900 0.13423100
vt 0.01413900 0.13842600
vt 0.01413900 0.14262000
vt 0.01413900 0.14681500
vt 0.01413900 0.15101000
vt 0.01413900 0.15520400
vt 0.01413900 0.15939900
vt 0.01413900 0.16359400
vt 0.01413900 0.16778900
vt 0.01413900 0.17198300
vt 0.01413900 0.17617800
vt 0.01413900 0.18037300
vt 0.01413900 0.18456700
vt 0.01413900 0.18876200
vt 0.01413900 0.19295700
vt 0.01413900 0.19715200
vt 0.01413900 0.20134600
vt 0.01413900 0.20554100
vt 0.01413900 0.20973600
vt 0.01413900 0.21393100
vt 0.01413900 0.21812500
vt 0.01413900 0.22232000
vt 0.01413900 0.22651500
vt 0.01413900 0.23070900
vt 0.01413900 0.23490400
vt 0.01413900 0.23909900
vt 0.01413900 0.24329400
vt 0.01413900 0.24748800
vt 0.01413900 0.25168300
vt 0.01413900 0.25587800
vt 0.01413900 0.26007200
vt 0.01413900 0.26426700
vt 0.01413900 0.26846200
vt 0.01413900 0.27265700
vt 0.01413900 0.27685100
vt 0.01413900 0.28104600
vt 0.01413900 0.28524100
vt 0.01413900 0.28943500
vt 0.01413900 0.29363000
vt 0.01413900 0.29782500
vt 0.01413900 0.30202000
vt 0.01413900 0.30621400
vt 0.01413900 0.31040900
vt 0.01413900 0.31460400
vt 0.01413900 0.31879800
vt 0.01413900 0.32299300
vt 0.01413900 0.32718800
vt 0.01413900 0.33138300
vt 0.01413900 0.33557700
vt 0.01413900 0.33977200
vt 0.01413900 0.34396700
vt 0.01413900 0.34816100
vt 0.01413900 0.35235600
vt 0.01413900 0.35655100
vt 0.01413900 0.36074600
vt 0.01413900 0.36494000
vt 0.01413900 0.36913500
vt 0.01413900 0.37333000
vt 0.01413900 0.37752400
vt 0.01413900 0.38171900
vt 0.01413900 0.38591400
vt 0.01413900 0.39010900
vt 0.01413900 0.39430300
vt 0.01413900 0.39849800
vt 0.01413900 0.40269300
vt 0.01413900 0.40688700
vt 0.01413900 0.41108200
vt 0.01413900 0.41527700
vt 0.01413900 0.41947200
vt 0.01413900 0.42366600
vt 0.01413900 0.42786100
vt 0.01413900 0.43205600
vt 0.01413900 0.43625000
vt 0.01413900 0.44044500
vt 0.01413900 0.44464000
vt 0.01413900 0.44883500
vt 0.01413900 0.45302900
vt 0.01413900 0.45722400
vt 0.01413900 0.46141900
vt 0.01413900 0.46561300
vt 0.01413900 0.46980800
vt 0.01413900 0.47400300
vt 0.01413900 0.47819800
vt 0.01413900 0.48239200
vt 0.01413900 0.48658700
vt 0.01413900 0.49078200
vt 0.01413900 0.49497600
vt 0.01413900 0.49917100
vt 0.01413900 0.50336600
vt 0.01413900 0.50756100
vt 0.01413900 0.51175500
vt 0.01413900 0.51595000
vt 0.01413900 0.52014500
vt 0.01413900 0.52433900
vt 0.01413900 0.52853400
vt 0.01413900 0.53272900
vt 0.01413900 0.53692400
vt 0.01413900 0.54111800
vt 0.01413900 0.54531300
vt 0.01413900 0.54950800
vt 0.01413900 0.55370200
vt 0.01413900 0.55789700
vt 0.01413900 0.56209200
vt 0.01413900 0.56628700
vt 0.01413900 0.57048100
vt 0.01413900 0.57467600
vt 0.01413900 0.57887100
vt 0.01413900 0.58306500
vt 0.01413900 0.58726000
vt 0.01413900 0.59145500
vt 0.01413900 0.59565000
vt 0.01413900 0.59984400
vt 0.01413900 0.60403900
vt 0.01413900 0.60823400
vt 0.01413900 0.61242800
vt 0.01413900 0.61662300
vt 0.01413900 0.62081800
vt 0.01413900 0.62501300
vt 0.01413900 0.62920700
vt 0.01413900 0.63340200
vt 0.01413900 0.63759700
vt 0.01413900 0.64179100
vt 0.01413900 0.64598600
vt 0.01413900 0.65018100
vt 0.01413900 0.65437600
vt 0.01413900 0.65857000
vt 0.01413900 0.66276500
vt 0.01413900 0.66696000
vt 0.01413900 0.67115400
vt 0.01413900 0.67534900
vt 0.01413900 0.67954400
vt 0.01413900 0.68373900
vt 0.01413900 0.68793300
vt 0.01413900 0.69212800
vt 0.01413900 0.69632300
vt 0.01413900 0.70051800
vt 0.01413900 0.70471200
vt 0.01413900 0.70890700
vt 0.01413900 0.71310200
vt 0.01413900 0.71729600
vt 0.01413900 0.72149100
vt 0.01413900 0.72568600
vt 0.01413900 0.72988100
vt 0.01413900 0.73407500
vt 0.01413900 0.73827000
vt 0.01413900 0.74246500
vt 0.01413900 0.74665900
vt 0.01413900 0.75085400
vt 0.01413900 0.75504900
vt 0.01413900 0.75924400
vt 0.01413900 0.76343800
vt 0.01413900 0.76763300
vt 0.01413900 0.77182800
vt 0.01413900 0.77602200
vt 0.01413900 0.78021700
vt 0.01413900 0.78441200
vt 0.01413900 0.78860700
vt 0.01413900 0.79280100
vt 0.01413900 0.79699600
vt 0.01413900 0.80119100
vt 0.01413900 0.80538500
vt 0.01413900 0.80958000
vt 0.01413900 0.81377500
vt 0.01413900 0.81797000
vt 0.01413900 0.82216400
vt 0.01413900 0.82635900
vt 0.01413900 0.83055400
vt 0.01413900 0.83474800
vt 0.01413900 0.83894300
vt 0.01413900 0.84313800
vt 0.01413900 0.84733300
vt 0.01413900 0.85152700
vt 0.01413900 0.85572200
vt 0.01413900 0.85991700
vt 0.01413900 0.86411100
vt 0.01413900 0.86830600
vt 0.01413900 0.87250100
vt 0.01413900 0.87669600
vt 0.01413900 0.88089000
vt 0.01413900 0.88508500
vt 0.01413900 0.88928000
vt 0.01413900 0.89347400
vt 0.01413900 0.89766900
vt 0.01413900 0.90186400
vt 0.01413900 0.90605900
vt 0.01413900 0.91025300
vt 0.01413900 0.91444800
vt 0.01413900 0.91864300
vt 0.01413900 0.92283700
vt 0.01413900 0.92703200
vt 0.01413900 0.93122700
vt 0.01413900 0.93542200
vt 0.01413900 0.93961600
vt 0.01413900 0.94381100
vt 0.01413900 0.94800600
vt 0.99853500 0.86016300
vt 0.01560300 0.86016300
vt 0.99853500 0.94823900
vt 0.01560300 0.94823900
vt 0.02022400 0.86016300
vt 0.02479500 0.86016300
vt 0.02932000 0.86016300
vt 0.03380100 0.86016300
vt 0.03823900 0.86016300
vt 0.04263800 0.86016300
vt 0.04699900 0.86016300
vt 0.05132400 0.86016300
vt 0.05561500 0.86016300
vt 0.05987400 0.86016300
vt 0.06410300 0.86016300
vt 0.06830400 0.86016300
vt 0.07247800 0.86016300
vt 0.07662800 0.86016300
vt 0.08075500 0.86016300
vt 0.08486000 0.86016300
vt 0.08894500 0.86016300
vt 0.09301200 0.86016300
vt 0.09706300 0.86016300
vt 0.10109800 0.86016300
vt 0.10512000 0.86016300
vt 0.10913000 0.86016300
vt 0.11312900 0.86016300
vt 0.11711900 0.86016300
vt 0.12110100 0.86016300
vt 0.12507800 0.86016300
vt 0.12904900 0.86016300
vt 0.13301700 0.86016300
vt 0.13698300 0.86016300
vt 0.14094800 0.86016300
vt 0.14491500 0.86016300
vt 0.14888300 0.86016300
vt 0.15285600 0.86016300
vt 0.15683300 0.86016300
vt 0.16081800 0.86016300
vt 0.16481000 0.86016300
vt 0.16881200 0.86016300
vt 0.17282400 0.86016300
vt 0.17684900 0.86016300
vt 0.18088800 0.86016300
vt 0.18494300 0.86016300
vt 0.18901400 0.86016300
vt 0.19310500 0.86016300
vt 0.19721500 0.86016300
vt 0.20134700 0.86016300
vt 0.20550300 0.86016300
vt 0.20968400 0.86016300
vt 0.21389100 0.86016300
vt 0.21812800 0.86016300
vt 0.22239500 0.86016300
vt 0.22669400 0.86016300
vt 0.23102800 0.86016300
vt 0.23539800 0.86016300
vt 0.23980600 0.86016300
vt 0.24425500 0.86016300
vt 0.24874700 0.86016300
vt 0.25328300 0.86016300
vt 0.25786600 0.86016300
vt 0.26249600 0.86016300
vt 0.26710400 0.86016300
vt 0.27166400 0.86016300
vt 0.27617700 0.86016300
vt 0.28064700 0.86016300
vt 0.28507600 0.86016300
vt 0.28946500 0.86016300
vt 0.29381600 0.86016300
vt 0.29813300 0.86016300
vt 0.30241600 0.86016300
vt 0.30666700 0.86016300
vt 0.31088900 0.86016300
vt 0.31508300 0.86016300
vt 0.31925100 0.86016300
vt 0.32339500 0.86016300
vt 0.32751600 0.86016300
vt 0.33161600 0.86016300
vt 0.33569600 0.86016300
vt 0.33975900 0.86016300
vt 0.34380600 0.86016300
vt 0.34783800 0.86016300
vt 0.35185600 0.86016300
vt 0.35586300 0.86016300
vt 0.35986000 0.86016300
vt 0.36384800 0.86016300
vt 0.36782900 0.86016300
vt 0.37180400 0.86016300
vt 0.37577400 0.86016300
vt 0.37974100 0.86016300
vt 0.38370700 0.86016300
vt 0.38767300 0.86016300
vt 0.39164000 0.86016300
vt 0.39560900 0.86016300
vt 0.39958300 0.86016300
vt 0.40356200 0.86016300
vt 0.40754800 0.86016300
vt 0.41154200 0.86016300
vt 0.41554700 0.86016300
vt 0.41956200 0.86016300
vt 0.42359100 0.86016300
vt 0.42763300 0.86016300
vt 0.43169200 0.86016300
vt 0.43576800 0.86016300
vt 0.43986300 0.86016300
vt 0.44397900 0.86016300
vt 0.44811700 0.86016300
vt 0.45227800 0.86016300
vt 0.45646600 0.86016300
vt 0.46068100 0.86016300
vt 0.46492400 0.86016300
vt 0.46919900 0.86016300
vt 0.47350700 0.86016300
vt 0.47785000 0.86016300
vt 0.48222900 0.86016300
vt 0.48664700 0.86016300
vt 0.49110700 0.86016300
vt 0.49560900 0.86016300
vt 0.50015700 0.86016300
vt 0.50475300 0.86016300
vt 0.50938600 0.86016300
vt 0.51398200 0.86016300
vt 0.51852900 0.86016300
vt 0.52303200 0.86016300
vt 0.52749100 0.86016300
vt 0.53190900 0.86016300
vt 0.53628900 0.86016300
vt 0.54063100 0.86016300
vt 0.54493900 0.86016300
vt 0.54921400 0.86016300
vt 0.55345800 0.86016300
vt 0.55767300 0.86016300
vt 0.56186000 0.86016300
vt 0.56602200 0.86016300
vt 0.57016000 0.86016300
vt 0.57427600 0.86016300
vt 0.57837100 0.86016300
vt 0.58244700 0.86016300
vt 0.58650500 0.86016300
vt 0.59054800 0.86016300
vt 0.59457600 0.86016300
vt 0.59859200 0.86016300
vt 0.60259600 0.86016300
vt 0.60659100 0.86016300
vt 0.61057700 0.86016300
vt 0.61455600 0.86016300
vt 0.61853000 0.86016300
vt 0.62249900 0.86016300
vt 0.62646600 0.86016300
vt 0.63043100 0.86016300
vt 0.63439700 0.86016300
vt 0.63836500 0.86016300
vt 0.64233500 0.86016300
vt 0.64631000 0.86016300
vt 0.65029000 0.86016300
vt 0.65427900 0.86016300
vt 0.65827500 0.86016300
vt 0.66228200 0.86016300
vt 0.66630100 0.86016300
vt 0.67033300 0.86016300
vt 0.67437900 0.86016300
vt 0.67844200 0.86016300
vt 0.68252300 0.86016300
vt 0.68662300 0.86016300
vt 0.69074400 0.86016300
vt 0.69488800 0.86016300
vt 0.69905600 0.86016300
vt 0.70325000 0.86016300
vt 0.70747200 0.86016300
vt 0.71172300 0.86016300
vt 0.71600600 0.86016300
vt 0.72032200 0.86016300
vt 0.72467400 0.86016300
vt 0.72906300 0.86016300
vt 0.73349100 0.86016300
vt 0.73796100 0.86016300
vt 0.74247500 0.86016300
vt 0.74703400 0.86016300
vt 0.75164200 0.86016300
vt 0.75627200 0.86016300
vt 0.76085600 0.86016300
vt 0.76539200 0.86016300
vt 0.76988400 0.86016300
vt 0.77433200 0.86016300
vt 0.77874100 0.86016300
vt 0.78311100 0.86016300
vt 0.78744500 0.86016300
vt 0.79174400 0.86016300
vt 0.79601100 0.86016300
vt 0.80024700 0.86016300
vt 0.80445500 0.86016300
vt 0.80863600 0.86016300
vt 0.81279200 0.86016300
vt 0.81692400 0.86016300
vt 0.82103400 0.86016300
vt 0.82512400 0.86016300
vt 0.82919600 0.86016300
vt 0.83325000 0.86016300
vt 0.83728900 0.86016300
vt 0.84131400 0.86016300
vt 0.84532700 0.86016300
vt 0.84932900 0.86016300
vt 0.85332100 0.86016300
vt 0.85730500 0.86016300
vt 0.86128300 0.86016300
vt 0.86525500 0.86016300
vt 0.86922400 0.86016300
vt 0.87319000 0.86016300
vt 0.87715600 0.86016300
vt 0.88112200 0.86016300
vt 0.88509000 0.86016300
vt 0.88906100 0.86016300
vt 0.89303700 0.86016300
vt 0.89702000 0.86016300
vt 0.90101000 0.86016300
vt 0.90500900 0.86016300
vt 0.90901900 0.86016300
vt 0.91304100 0.86016300
vt 0.91707600 0.86016300
vt 0.92112600 0.86016300
vt 0.92519400 0.86016300
vt 0.92927900 0.86016300
vt 0.93338400 0.86016300
vt 0.93751100 0.86016300
vt 0.94166000 0.86016300
vt 0.94583500 0.86016300
vt 0.95003500 0.86016300
vt 0.95426500 0.86016300
vt 0.95852400 0.86016300
vt 0.96281500 0.86016300
vt 0.96714000 0.86016300
vt 0.97150100 0.86016300
vt 0.97589900 0.86016300
vt 0.98033800 0.86016300
vt 0.98481800 0.86016300
vt 0.98934300 0.86016300
vt 0.99391500 0.86016300
vt 0.01560300 0.90420100
vt 0.07626400 0.90420100
vt 0.04593400 0.90420100
vt 0.03076900 0.90420100
vt 0.01560300 0.88218200
vt 0.04593400 0.88218200
vt 0.03076900 0.88218200
vt 0.93513400 0.90420100
vt 0.99853500 0.90420100
vt 0.96683500 0.90420100
vt 0.02318600 0.88218200
vt 0.01560300 0.87117300
vt 0.03076900 0.87117300
vt 0.02318600 0.87117300
vt 0.98268500 0.90420100
vt 0.96683500 0.88218200
vt 0.99853500 0.88218200
vt 0.98268500 0.88218200
vt 0.03835100 0.88218200
vt 0.04593400 0.87117300
vt 0.03835100 0.87117300
vt 0.06109900 0.90420100
vt 0.07626400 0.88218200
vt 0.06109900 0.88218200
vt 0.13692500 0.90420100
vt 0.10659500 0.90420100
vt 0.05351700 0.88218200
vt 0.06109900 0.87117300
vt 0.05351700 0.87117300
vt 0.06868200 0.88218200
vt 0.07626400 0.87117300
vt 0.06868200 0.87117300
vt 0.09143000 0.90420100
vt 0.10659500 0.88218200
vt 0.09143000 0.88218200
vt 0.08384700 0.88218200
vt 0.09143000 0.87117300
vt 0.08384700 0.87117300
vt 0.09901200 0.88218200
vt 0.10659500 0.87117300
vt 0.09901200 0.87117300
vt 0.12176000 0.90420100
vt 0.13692500 0.88218200
vt 0.12176000 0.88218200
vt 0.19793500 0.90420100
vt 0.16743000 0.90420100
vt 0.11417700 0.88218200
vt 0.12176000 0.87117300
vt 0.11417700 0.87117300
vt 0.12934300 0.88218200
vt 0.13692500 0.87117300
vt 0.12934300 0.87117300
vt 0.15217800 0.90420100
vt 0.16743000 0.88218200
vt 0.15217800 0.88218200
vt 0.14455100 0.88218200
vt 0.15217800 0.87117300
vt 0.14455100 0.87117300
vt 0.15980400 0.88218200
vt 0.16743000 0.87117300
vt 0.15980400 0.87117300
vt 0.18268300 0.90420100
vt 0.19793500 0.88218200
vt 0.18268300 0.88218200
vt 0.26133600 0.90420100
vt 0.22963600 0.90420100
vt 0.17505600 0.88218200
vt 0.18268300 0.87117300
vt 0.17505600 0.87117300
vt 0.19030900 0.88218200
vt 0.19793500 0.87117300
vt 0.19030900 0.87117300
vt 0.21378500 0.90420100
vt 0.22963600 0.88218200
vt 0.21378500 0.88218200
vt 0.20586000 0.88218200
vt 0.21378500 0.87117300
vt 0.20586000 0.87117300
vt 0.22171100 0.88218200
vt 0.22963600 0.87117300
vt 0.22171100 0.87117300
vt 0.24548600 0.90420100
vt 0.26133600 0.88218200
vt 0.24548600 0.88218200
vt 0.32199700 0.90420100
vt 0.29166700 0.90420100
vt 0.23756100 0.88218200
vt 0.24548600 0.87117300
vt 0.23756100 0.87117300
vt 0.25341100 0.88218200
vt 0.26133600 0.87117300
vt 0.25341100 0.87117300
vt 0.27650200 0.90420100
vt 0.29166700 0.88218200
vt 0.27650200 0.88218200
vt 0.26891900 0.88218200
vt 0.27650200 0.87117300
vt 0.26891900 0.87117300
vt 0.28408400 0.88218200
vt 0.29166700 0.87117300
vt 0.28408400 0.87117300
vt 0.30683200 0.90420100
vt 0.32199700 0.88218200
vt 0.30683200 0.88218200
vt 0.38265800 0.90420100
vt 0.35232800 0.90420100
vt 0.29924900 0.88218200
vt 0.30683200 0.87117300
vt 0.29924900 0.87117300
vt 0.31441500 0.88218200
vt 0.32199700 0.87117300
vt 0.31441500 0.87117300
vt 0.33716200 0.90420100
vt 0.35232800 0.88218200
vt 0.33716200 0.88218200
vt 0.32958000 0.88218200
vt 0.33716200 0.87117300
vt 0.32958000 0.87117300
vt 0.34474500 0.88218200
vt 0.35232800 0.87117300
vt 0.34474500 0.87117300
vt 0.36749300 0.90420100
vt 0.38265800 0.88218200
vt 0.36749300 0.88218200
vt 0.44366800 0.90420100
vt 0.41316300 0.90420100
vt 0.35991000 0.88218200
vt 0.36749300 0.87117300
vt 0.35991000 0.87117300
vt 0.37507500 0.88218200
vt 0.38265800 0.87117300
vt 0.37507500 0.87117300
vt 0.39791100 0.90420100
vt 0.41316300 0.88218200
vt 0.39791100 0.88218200
vt 0.39028400 0.88218200
vt 0.39791100 0.87117300
vt 0.39028400 0.87117300
vt 0.40553700 0.88218200
vt 0.41316300 0.87117300
vt 0.40553700 0.87117300
vt 0.42841600 0.90420100
vt 0.44366800 0.88218200
vt 0.42841600 0.88218200
vt 0.50706900 0.90420100
vt 0.47536900 0.90420100
vt 0.42078900 0.88218200
vt 0.42841600 0.87117300
vt 0.42078900 0.87117300
vt 0.43604200 0.88218200
vt 0.44366800 0.87117300
vt 0.43604200 0.87117300
vt 0.45951800 0.90420100
vt 0.47536900 0.88218200
vt 0.45951800 0.88218200
vt 0.45159300 0.88218200
vt 0.45951800 0.87117300
vt 0.45159300 0.87117300
vt 0.46744400 0.88218200
vt 0.47536900 0.87117300
vt 0.46744400 0.87117300
vt 0.49121900 0.90420100
vt 0.50706900 0.88218200
vt 0.49121900 0.88218200
vt 0.56773000 0.90420100
vt 0.53740000 0.90420100
vt 0.48329400 0.88218200
vt 0.49121900 0.87117300
vt 0.48329400 0.87117300
vt 0.49914400 0.88218200
vt 0.50706900 0.87117300
vt 0.49914400 0.87117300
vt 0.52223400 0.90420100
vt 0.53740000 0.88218200
vt 0.52223400 0.88218200
vt 0.51465200 0.88218200
vt 0.52223400 0.87117300
vt 0.51465200 0.87117300
vt 0.52981700 0.88218200
vt 0.53740000 0.87117300
vt 0.52981700 0.87117300
vt 0.55256500 0.90420100
vt 0.56773000 0.88218200
vt 0.55256500 0.88218200
vt 0.62839100 0.90420100
vt 0.59806100 0.90420100
vt 0.54498200 0.88218200
vt 0.55256500 0.87117300
vt 0.54498200 0.87117300
vt 0.56014800 0.88218200
vt 0.56773000 0.87117300
vt 0.56014800 0.87117300
vt 0.58289500 0.90420100
vt 0.59806100 0.88218200
vt 0.58289500 0.88218200
vt 0.57531300 0.88218200
vt 0.58289500 0.87117300
vt 0.57531300 0.87117300
vt 0.59047800 0.88218200
vt 0.59806100 0.87117300
vt 0.59047800 0.87117300
vt 0.61322600 0.90420100
vt 0.62839100 0.88218200
vt 0.61322600 0.88218200
vt 0.68940100 0.90420100
vt 0.65889600 0.90420100
vt 0.60564300 0.88218200
vt 0.61322600 0.87117300
vt 0.60564300 0.87117300
vt 0.62080800 0.88218200
vt 0.62839100 0.87117300
vt 0.62080800 0.87117300
vt 0.64364300 0.90420100
vt 0.65889600 0.88218200
vt 0.64364300 0.88218200
vt 0.63601700 0.88218200
vt 0.64364300 0.87117300
vt 0.63601700 0.87117300
vt 0.65127000 0.88218200
vt 0.65889600 0.87117300
vt 0.65127000 0.87117300
vt 0.67414800 0.90420100
vt 0.68940100 0.88218200
vt 0.67414800 0.88218200
vt 0.75280200 0.90420100
vt 0.72110200 0.90420100
vt 0.66652200 0.88218200
vt 0.67414800 0.87117300
vt 0.66652200 0.87117300
vt 0.68177500 0.88218200
vt 0.68940100 0.87117300
vt 0.68177500 0.87117300
vt 0.70525100 0.90420100
vt 0.72110200 0.88218200
vt 0.70525100 0.88218200
vt 0.69732600 0.88218200
vt 0.70525100 0.87117300
vt 0.69732600 0.87117300
vt 0.71317600 0.88218200
vt 0.72110200 0.87117300
vt 0.71317600 0.87117300
vt 0.73695200 0.90420100
vt 0.75280200 0.88218200
vt 0.73695200 0.88218200
vt 0.81346300 0.90420100
vt 0.78313300 0.90420100
vt 0.72902700 0.88218200
vt 0.73695200 0.87117300
vt 0.72902700 0.87117300
vt 0.74487700 0.88218200
vt 0.75280200 0.87117300
vt 0.74487700 0.87117300
vt 0.76796700 0.90420100
vt 0.78313300 0.88218200
vt 0.76796700 0.88218200
vt 0.76038500 0.88218200
vt 0.76796700 0.87117300
vt 0.76038500 0.87117300
vt 0.77555000 0.88218200
vt 0.78313300 0.87117300
vt 0.77555000 0.87117300
vt 0.79829800 0.90420100
vt 0.81346300 0.88218200
vt 0.79829800 0.88218200
vt 0.87412400 0.90420100
vt 0.84379400 0.90420100
vt 0.79071500 0.88218200
vt 0.79829800 0.87117300
vt 0.79071500 0.87117300
vt 0.80588000 0.88218200
vt 0.81346300 0.87117300
vt 0.80588000 0.87117300
vt 0.82862800 0.90420100
vt 0.84379400 0.88218200
vt 0.82862800 0.88218200
vt 0.82104600 0.88218200
vt 0.82862800 0.87117300
vt 0.82104600 0.87117300
vt 0.83621100 0.88218200
vt 0.84379400 0.87117300
vt 0.83621100 0.87117300
vt 0.85895900 0.90420100
vt 0.87412400 0.88218200
vt 0.85895900 0.88218200
vt 0.90462900 0.90420100
vt 0.85137600 0.88218200
vt 0.85895900 0.87117300
vt 0.85137600 0.87117300
vt 0.86654100 0.88218200
vt 0.87412400 0.87117300
vt 0.86654100 0.87117300
vt 0.88937600 0.90420100
vt 0.90462900 0.88218200
vt 0.88937600 0.88218200
vt 0.88175000 0.88218200
vt 0.88937600 0.87117300
vt 0.88175000 0.87117300
vt 0.89700300 0.88218200
vt 0.90462900 0.87117300
vt 0.89700300 0.87117300
vt 0.91988100 0.90420100
vt 0.93513400 0.88218200
vt 0.91988100 0.88218200
vt 0.91225500 0.88218200
vt 0.91988100 0.87117300
vt 0.91225500 0.87117300
vt 0.92750800 0.88218200
vt 0.93513400 0.87117300
vt 0.92750800 0.87117300
vt 0.95098400 0.90420100
vt 0.95098400 0.88218200
vt 0.94305900 0.88218200
vt 0.95098400 0.87117300
vt 0.94305900 0.87117300
vt 0.95890900 0.88218200
vt 0.96683500 0.87117300
vt 0.95890900 0.87117300
vt 0.97476000 0.88218200
vt 0.98268500 0.87117300
vt 0.97476000 0.87117300
vt 0.99061000 0.88218200
vt 0.99853500 0.87117300
vt 0.99061000 0.87117300
vt 0.93710200 0.94823900
vt 0.87566900 0.94823900
vt 0.81423500 0.94823900
vt 0.75280200 0.94823900
vt 0.69136900 0.94823900
vt 0.62993600 0.94823900
vt 0.56850300 0.94823900
vt 0.50706900 0.94823900
vt 0.44563600 0.94823900
vt 0.38420300 0.94823900
vt 0.32277000 0.94823900
vt 0.26133600 0.94823900
vt 0.19990300 0.94823900
vt 0.13847000 0.94823900
vt 0.07703700 0.94823900
vt 0.30886000 0.14510800
vt 0.30849600 0.15537900
vt 0.30711400 0.16755400
vt 0.30474600 0.17942300
vt 0.30157400 0.19052300
vt 0.29752900 0.20133500
vt 0.29263900 0.21179300
vt 0.28693200 0.22182800
vt 0.28044700 0.23137800
vt 0.27322300 0.24038300
vt 0.26530600 0.24878600
vt 0.25674700 0.25653300
vt 0.24759900 0.26357500
vt 0.23792100 0.26986800
vt 0.22766400 0.27542600
vt 0.21680600 0.28021600
vt 0.20559200 0.28410400
vt 0.19409800 0.28706300
vt 0.18240100 0.28907300
vt 0.17006600 0.29014400
vt 0.15922500 0.29021600
vt 0.14707600 0.28933200
vt 0.13500500 0.28742400
vt 0.12378700 0.28469500
vt 0.11282200 0.28108400
vt 0.10217900 0.27661200
vt 0.09192500 0.27131000
vt 0.08212400 0.26520900
vt 0.07283900 0.25834900
vt 0.06412800 0.25077200
vt 0.05604700 0.24252800
vt 0.04864700 0.23366800
vt 0.04197400 0.22424700
vt 0.03607100 0.21432600
vt 0.03086000 0.20370800
vt 0.02651700 0.19266300
vt 0.02309100 0.18130000
vt 0.02060400 0.16969400
vt 0.01906800 0.15786100
vt 0.01850700 0.14510800
vt 0.01887100 0.13483800
vt 0.02025300 0.12266200
vt 0.02262100 0.11079300
vt 0.02579300 0.09969400
vt 0.02983800 0.08888100
vt 0.03472900 0.07842400
vt 0.04043500 0.06838800
vt 0.04692000 0.05883800
vt 0.05414400 0.04983300
vt 0.06206100 0.04143000
vt 0.07062000 0.03368300
vt 0.07976800 0.02664100
vt 0.08944600 0.02034800
vt 0.09970300 0.01479000
vt 0.11056200 0.01000000
vt 0.12177500 0.00611200
vt 0.13326900 0.00315300
vt 0.14496600 0.00114300
vt 0.15730100 0.00007200
vt 0.16814200 0.00000000
vt 0.18029100 0.00088500
vt 0.19236200 0.00279200
vt 0.20358000 0.00552100
vt 0.21454500 0.00913200
vt 0.22518800 0.01360400
vt 0.23544300 0.01890600
vt 0.24524300 0.02500700
vt 0.25452800 0.03186700
vt 0.26323900 0.03944400
vt 0.27132000 0.04768800
vt 0.27872000 0.05654900
vt 0.28539300 0.06596900
vt 0.29129700 0.07589000
vt 0.29650800 0.08650800
vt 0.30085000 0.09755300
vt 0.30427700 0.10891700
vt 0.30676300 0.12052200
vt 0.30829900 0.13235500
vt 0.17540500 0.41249000
vt 0.23307300 0.42349000
vt 0.28618600 0.45837700
vt 0.32107300 0.51148900
vt 0.33207200 0.56915800
vt 0.32107300 0.62682600
vt 0.28618600 0.67993900
vt 0.23307300 0.71482600
vt 0.17540500 0.72582500
vt 0.11773600 0.71482600
vt 0.06462400 0.67993900
vt 0.02973700 0.62682600
vt 0.01873700 0.56915800
vt 0.02973700 0.51148900
vt 0.06462400 0.45837700
vt 0.11773600 0.42349000
f 11/11/11 10/10/10 2/2/2
f 12/12/12 11/11/11 4/4/4
f 13/13/13 12/12/12 4/4/4
f 14/14/14 13/13/13 6/6/6
f 15/15/15 14/14/14 7/7/7
f 16/16/16 15/15/15 8/8/8
f 18/18/18 17/17/17 10/10/10
f 19/19/19 18/18/18 11/11/11
f 20/20/20 19/19/19 13/13/13
f 21/21/21 20/20/20 14/14/14
f 22/22/22 21/21/21 14/14/14
f 23/23/23 22/22/22 15/15/15
f 25/25/25 24/24/24 18/18/18
f 26/26/26 25/25/25 19/19/19
f 27/27/27 26/26/26 20/20/20
f 28/28/28 27/27/27 20/20/20
f 29/29/29 28/28/28 21/21/21
f 30/30/30 29/29/29 22/22/22
f 32/32/32 31/31/31 25/25/25
f 33/33/33 32/32/32 26/26/26
f 34/34/34 33/33/33 26/26/26
f 35/35/35 34/34/34 28/28/28
f 36/36/36 35/35/35 28/28/28
f 37/37/37 36/36/36 30/30/30
f 39/39/39 38/38/38 31/31/31
f 40/40/40 39/39/39 33/33/33
f 41/41/41 40/40/40 33/33/33
f 42/42/42 41/41/41 35/35/35
f 43/43/43 42/42/42 35/35/35
f 44/44/44 43/43/43 37/37/37
f 46/46/46 45/45/45 38/38/38
f 47/47/47 46/46/46 40/40/40
f 48/48/48 47/47/47 40/40/40
f 49/49/49 48/48/48 42/42/42
f 50/50/50 49/49/49 42/42/42
f 51/51/51 50/50/50 43/43/43
f 53/53/53 52/52/52 45/45/45
f 54/54/54 53/53/53 47/47/47
f 55/55/55 54/54/54 48/48/48
f 56/56/56 55/55/55 49/49/49
f 57/57/57 56/56/56 49/49/49
f 58/58/58 57/57/57 51/51/51
f 60/60/60 59/59/59 53/53/53
f 61/61/61 60/60/60 53/53/53
f 62/62/62 61/61/61 55/55/55
f 63/63/63 62/62/62 55/55/55
f 64/64/64 63/63/63 56/56/56
f 65/65/65 64/64/64 57/57/57
f 67/67/67 66/66/66 60/60/60
f 68/68/68 67/67/67 60/60/60
f 69/69/69 68/68/68 61/61/61
f 70/70/70 69/69/69 62/62/62
f 71/71/71 70/70/70 64/64/64
f 72/72/72 71/71/71 64/64/64
f 74/74/74 73/73/73 66/66/66
f 75/75/75 74/74/74 68/68/68
f 76/76/76 75/75/75 69/69/69
f 77/77/77 76/76/76 70/70/70
f 78/78/78 77/77/77 71/71/71
f 79/79/79 78/78/78 71/71/71
f 81/81/81 80/80/80 73/73/73
f 82/82/82 81/81/81 75/75/75
f 83/83/83 82/82/82 76/76/76
f 84/84/84 83/83/83 76/76/76
f 85/85/85 84/84/84 77/77/77
f 86/86/86 85/85/85 78/78/78
f 88/88/88 87/87/87 80/80/80
f 89/89/89 88/88/88 82/82/82
f 90/90/90 89/89/89 83/83/83
f 91/91/91 90/90/90 83/83/83
f 92/92/92 91/91/91 85/85/85
f 93/93/93 92/92/92 85/85/85
f 95/95/95 94/94/94 87/87/87
f 96/96/96 95/95/95 89/89/89
f 97/97/97 96/96/96 89/89/89
f 98/98/98 97/97/97 90/90/90
f 99/99/99 98/98/98 92/92/92
f 100/100/100 99/99/99 92/92/92
f 102/102/102 101/101/101 94/94/94
f 103/103/103 102/102/102 96/96/96
f 104/104/104 103/103/103 96/96/96
f 105/105/105 104/104/104 97/97/97
f 106/106/106 105/105/105 99/99/99
f 107/107/107 106/106/106 99/99/99
f 109/109/109 108/108/108 101/101/101
f 110/110/110 109/109/109 102/102/102
f 111/111/111 110/110/110 104/104/104
f 112/112/112 111/111/111 104/104/104
f 113/113/113 112/112/112 106/106/106
f 114/114/114 113/113/113 106/106/106
f 116/116/116 115/115/115 108/108/108
f 117/117/117 116/116/116 110/110/110
f 118/118/118 117/117/117 110/110/110
f 119/119/119 118/118/118 111/111/111
f 120/120/120 119/119/119 113/113/113
f 121/121/121 120/120/120 114/114/114
f 123/123/123 122/122/122 115/115/115
f 124/124/124 123/123/123 117/117/117
f 125/125/125 124/124/124 117/117/117
f 126/126/126 125/125/125 118/118/118
f 127/127/127 126/126/126 120/120/120
f 128/128/128 127/127/127 120/120/120
f 130/130/130 129/129/129 122/122/122
f 131/131/131 130/130/130 124/124/124
f 132/132/132 131/131/131 124/124/124
f 133/133/133 132/132/132 125/125/125
f 134/134/134 133/133/133 127/127/127
f 135/135/135 134/134/134 127/127/127
f 137/137/137 136/136/136 129/129/129
f 138/138/138 137/137/137 130/130/130
f 139/139/139 138/138/138 132/132/132
f 140/140/140 139/139/139 132/132/132
f 141/141/141 140/140/140 134/134/134
f 142/142/142 141/141/141 134/134/134
f 144/144/144 143/143/143 137/137/137
f 145/145/145 144/144/144 137/137/137
f 146/146/146 145/145/145 139/139/139
f 147/147/147 146/146/146 140/140/140
f 148/148/148 147/147/147 141/141/141
f 149/149/149 148/148/148 141/141/141
f 151/151/151 150/150/150 143/143/143
f 152/152/152 151/151/151 144/144/144
f 153/153/153 152/152/152 146/146/146
f 154/154/154 153/153/153 147/147/147
f 155/155/155 154/154/154 148/148/148
f 156/156/156 155/155/155 148/148/148
f 158/158/158 157/157/157 150/150/150
f 159/159/159 158/158/158 151/151/151
f 160/160/160 159/159/159 153/153/153
f 161/161/161 160/160/160 153/153/153
f 162/162/162 161/161/161 155/155/155
f 163/163/163 162/162/162 155/155/155
f 165/165/165 164/164/164 157/157/157
f 166/166/166 165/165/165 158/158/158
f 167/167/167 166/166/166 160/160/160
f 168/168/168 167/167/167 160/160/160
f 169/169/169 168/168/168 161/161/161
f 170/170/170 169/169/169 163/163/163
f 172/172/172 171/171/171 164/164/164
f 173/173/173 172/172/172 165/165/165
f 174/174/174 173/173/173 167/167/167
f 175/175/175 174/174/174 167/167/167
f 176/176/176 175/175/175 168/168/168
f 177/177/177 176/176/176 170/170/170
f 179/179/179 178/178/178 171/171/171
f 180/180/180 179/179/179 172/172/172
f 181/181/181 180/180/180 174/174/174
f 182/182/182 181/181/181 175/175/175
f 183/183/183 182/182/182 175/175/175
f 184/184/184 183/183/183 177/177/177
f 186/186/186 185/185/185 178/178/178
f 187/187/187 186/186/186 180/180/180
f 188/188/188 187/187/187 181/181/181
f 189/189/189 188/188/188 182/182/182
f 190/190/190 189/189/189 182/182/182
f 191/191/191 190/190/190 184/184/184
f 193/193/193 192/192/192 185/185/185
f 194/194/194 193/193/193 187/187/187
f 195/195/195 194/194/194 188/188/188
f 196/196/196 195/195/195 188/188/188
f 197/197/197 196/196/196 189/189/189
f 198/198/198 197/197/197 191/191/191
f 200/200/200 199/199/199 193/193/193
f 201/201/201 200/200/200 193/193/193
f 202/202/202 201/201/201 195/195/195
f 203/203/203 202/202/202 195/195/195
f 204/204/204 203/203/203 197/197/197
f 205/205/205 204/204/204 198/198/198
f 207/207/207 206/206/206 200/200/200
f 208/208/208 207/207/207 200/200/200
f 209/209/209 208/208/208 202/202/202
f 210/210/210 209/209/209 202/202/202
f 211/211/211 210/210/210 204/204/204
f 212/212/212 211/211/211 205/205/205
f 214/214/214 213/213/213 207/207/207
f 215/215/215 214/214/214 207/207/207
f 216/216/216 215/215/215 209/209/209
f 217/217/217 216/216/216 209/209/209
f 218/218/218 217/217/217 210/210/210
f 219/219/219 218/218/218 212/212/212
f 221/221/221 220/220/220 214/214/214
f 222/222/222 221/221/221 214/214/214
f 223/223/223 222/222/222 216/216/216
f 224/224/224 223/223/223 217/217/217
f 225/225/225 224/224/224 217/217/217
f 226/226/226 225/225/225 218/218/218
f 228/228/228 227/227/227 221/221/221
f 229/229/229 228/228/228 221/221/221
f 230/230/230 229/229/229 223/223/223
f 231/231/231 230/230/230 224/224/224
f 232/232/232 231/231/231 224/224/224
f 233/233/233 232/232/232 226/226/226
f 235/235/235 234/234/234 228/228/228
f 236/236/236 235/235/235 228/228/228
f 237/237/237 236/236/236 229/229/229
f 238/238/238 237/237/237 231/231/231
f 239/239/239 238/238/238 231/231/231
f 240/240/240 239/239/239 233/233/233
f 242/242/242 241/241/241 235/235/235
f 243/243/243 242/242/242 235/235/235
f 244/244/244 243/243/243 236/236/236
f 245/245/245 244/244/244 238/238/238
f 246/246/246 245/245/245 238/238/238
f 247/247/247 246/246/246 239/239/239
f 249/249/249 248/248/248 241/241/241
f 250/250/250 249/249/249 243/243/243
f 251/251/251 250/250/250 244/244/244
f 252/252/252 251/251/251 245/245/245
f 253/253/253 252/252/252 246/246/246
f 254/254/254 253/253/253 246/246/246
f 256/256/256 255/255/255 249/249/249
f 257/257/257 256/256/256 249/249/249
f 258/258/258 257/257/257 251/251/251
f 259/259/259 258/258/258 251/251/251
f 260/260/260 259/259/259 253/253/253
f 261/261/261 260/260/260 253/253/253
f 263/263/263 262/262/262 255/255/255
f 264/264/264 263/263/263 256/256/256
f 265/265/265 264/264/264 258/258/258
f 266/266/266 265/265/265 259/259/259
f 267/267/267 266/266/266 260/260/260
f 268/268/268 267/267/267 260/260/260
f 270/270/270 269/269/269 263/263/263
f 271/271/271 270/270/270 263/263/263
f 272/272/272 271/271/271 265/265/265
f 273/273/273 272/272/272 266/266/266
f 274/274/274 273/273/273 266/266/266
f 275/275/275 274/274/274 268/268/268
f 277/277/277 276/276/276 269/269/269
f 278/278/278 277/277/277 270/270/270
f 279/279/279 278/278/278 271/271/271
f 280/280/280 279/279/279 272/272/272
f 281/281/281 280/280/280 273/273/273
f 282/282/282 281/281/281 275/275/275
f 284/284/284 283/283/283 277/277/277
f 285/285/285 284/284/284 278/278/278
f 286/286/286 285/285/285 279/279/279
f 287/287/287 286/286/286 279/279/279
f 288/288/288 287/287/287 280/280/280
f 289/289/289 288/288/288 281/281/281
f 291/291/291 290/290/290 284/284/284
f 292/292/292 291/291/291 284/284/284
f 293/293/293 292/292/292 286/286/286
f 294/294/294 293/293/293 287/287/287
f 295/295/295 294/294/294 288/288/288
f 296/296/296 295/295/295 289/289/289
f 298/298/298 297/297/297 291/291/291
f 299/299/299 298/298/298 292/292/292
f 300/300/300 299/299/299 293/293/293
f 301/301/301 300/300/300 293/293/293
f 302/302/302 301/301/301 294/294/294
f 303/303/303 302/302/302 296/296/296
f 305/305/305 304/304/304 298/298/298
f 306/306/306 305/305/305 299/299/299
f 307/307/307 306/306/306 300/300/300
f 308/308/308 307/307/307 301/301/301
f 309/309/309 308/308/308 301/301/301
f 310/310/310 309/309/309 302/302/302
f 312/312/312 311/311/311 304/304/304
f 313/313/313 312/312/312 305/305/305
f 314/314/314 313/313/313 306/306/306
f 315/315/315 314/314/314 307/307/307
f 316/316/316 315/315/315 309/309/309
f 317/317/317 316/316/316 310/310/310
f 319/319/319 318/318/318 312/312/312
f 320/320/320 319/319/319 313/313/313
f 321/321/321 320/320/320 314/314/314
f 322/322/322 321/321/321 314/314/314
f 323/323/323 322/322/322 315/315/315
f 324/324/324 323/323/323 316/316/316
f 326/326/326 325/325/325 319/319/319
f 327/327/327 326/326/326 319/319/319
f 328/328/328 327/327/327 320/320/320
f 329/329/329 328/328/328 321/321/321
f 330/330/330 329/329/329 323/323/323
f 331/331/331 330/330/330 323/323/323
f 333/333/333 332/332/332 325/325/325
f 334/334/334 333/333/333 326/326/326
f 335/335/335 334/334/334 327/327/327
f 336/336/336 335/335/335 328/328/328
f 337/337/337 336/336/336 330/330/330
f 338/338/338 337/337/337 330/330/330
f 340/340/340 339/339/339 333/333/333
f 341/341/341 340/340/340 333/333/333
f 342/342/342 341/341/341 335/335/335
f 343/343/343 342/342/342 335/335/335
f 344/344/344 343/343/343 337/337/337
f 345/345/345 344/344/344 337/337/337
f 347/347/347 346/346/346 339/339/339
f 348/348/348 347/347/347 340/340/340
f 349/349/349 348/348/348 342/342/342
f 350/350/350 349/349/349 342/342/342
f 351/351/351 350/350/350 344/344/344
f 352/352/352 351/351/351 344/344/344
f 354/354/354 353/353/353 346/346/346
f 355/355/355 354/354/354 347/347/347
f 356/356/356 355/355/355 348/348/348
f 357/357/357 356/356/356 350/350/350
f 358/358/358 357/357/357 350/350/350
f 359/359/359 358/358/358 352/352/352
f 361/361/361 360/360/360 354/354/354
f 362/362/362 361/361/361 354/354/354
f 363/363/363 362/362/362 356/356/356
f 364/364/364 363/363/363 357/357/357
f 365/365/365 364/364/364 357/357/357
f 366/366/366 365/365/365 358/358/358
f 368/368/368 367/367/367 361/361/361
f 369/369/369 368/368/368 361/361/361
f 370/370/370 369/369/369 362/362/362
f 371/371/371 370/370/370 364/364/364
f 372/372/372 371/371/371 365/365/365
f 373/373/373 372/372/372 366/366/366
f 375/375/375 374/374/374 368/368/368
f 376/376/376 375/375/375 368/368/368
f 377/377/377 376/376/376 369/369/369
f 378/378/378 377/377/377 371/371/371
f 379/379/379 378/378/378 371/371/371
f 380/380/380 379/379/379 373/373/373
f 382/382/382 381/381/381 374/374/374
f 383/383/383 382/382/382 376/376/376
f 384/384/384 383/383/383 377/377/377
f 385/385/385 384/384/384 377/377/377
f 386/386/386 385/385/385 378/378/378
f 387/387/387 386/386/386 380/380/380
f 389/389/389 388/388/388 381/381/381
f 390/390/390 389/389/389 383/383/383
f 391/391/391 390/390/390 383/383/383
f 392/392/392 391/391/391 384/384/384
f 393/393/393 392/392/392 385/385/385
f 394/394/394 393/393/393 387/387/387
f 396/396/396 395/395/395 389/389/389
f 397/397/397 396/396/396 390/390/390
f 398/398/398 397/397/397 390/390/390
f 399/399/399 398/398/398 392/392/392
f 400/400/400 399/399/399 392/392/392
f 401/401/401 400/400/400 393/393/393
f 403/403/403 402/402/402 396/396/396
f 404/404/404 403/403/403 397/397/397
f 405/405/405 404/404/404 397/397/397
f 406/406/406 405/405/405 399/399/399
f 407/407/407 406/406/406 399/399/399
f 408/408/408 407/407/407 401/401/401
f 410/410/410 409/409/409 402/402/402
f 411/411/411 410/410/410 404/404/404
f 412/412/412 411/411/411 404/404/404
f 413/413/413 412/412/412 406/406/406
f 414/414/414 413/413/413 406/406/406
f 415/415/415 414/414/414 408/408/408
f 417/417/417 416/416/416 409/409/409
f 418/418/418 417/417/417 411/411/411
f 419/419/419 418/418/418 411/411/411
f 420/420/420 419/419/419 413/413/413
f 421/421/421 420/420/420 414/414/414
f 422/422/422 421/421/421 415/415/415
f 424/424/424 423/423/423 416/416/416
f 425/425/425 424/424/424 417/417/417
f 426/426/426 425/425/425 419/419/419
f 427/427/427 426/426/426 420/420/420
f 428/428/428 427/427/427 420/420/420
f 429/429/429 428/428/428 421/421/421
f 431/431/431 430/430/430 423/423/423
f 432/432/432 431/431/431 425/425/425
f 433/433/433 432/432/432 426/426/426
f 434/434/434 433/433/433 426/426/426
f 435/435/435 434/434/434 428/428/428
f 436/436/436 435/435/435 428/428/428
f 438/438/438 437/437/437 430/430/430
f 439/439/439 438/438/438 432/432/432
f 440/440/440 439/439/439 432/432/432
f 441/441/441 440/440/440 433/433/433
f 442/442/442 441/441/441 435/435/435
f 443/443/443 442/442/442 435/435/435
f 445/445/445 444/444/444 437/437/437
f 446/446/446 445/445/445 438/438/438
f 447/447/447 446/446/446 439/439/439
f 448/448/448 447/447/447 441/441/441
f 449/449/449 448/448/448 442/442/442
f 450/450/450 449/449/449 442/442/442
f 452/452/452 451/451/451 444/444/444
f 453/453/453 452/452/452 445/445/445
f 454/454/454 453/453/453 447/447/447
f 455/455/455 454/454/454 447/447/447
f 456/456/456 455/455/455 449/449/449
f 457/457/457 456/456/456 449/449/449
f 459/459/459 458/458/458 452/452/452
f 460/460/460 459/459/459 452/452/452
f 461/461/461 460/460/460 453/453/453
f 462/462/462 461/461/461 455/455/455
f 463/463/463 462/462/462 456/456/456
f 464/464/464 463/463/463 456/456/456
f 466/466/466 465/465/465 458/458/458
f 467/467/467 466/466/466 460/460/460
f 468/468/468 467/467/467 460/460/460
f 469/469/469 468/468/468 462/462/462
f 470/470/470 469/469/469 462/462/462
f 471/471/471 470/470/470 464/464/464
f 473/473/473 472/472/472 465/465/465
f 474/474/474 473/473/473 466/466/466
f 475/475/475 474/474/474 468/468/468
f 476/476/476 475/475/475 469/469/469
f 477/477/477 476/476/476 469/469/469
f 478/478/478 477/477/477 471/471/471
f 480/480/480 479/479/479 472/472/472
f 481/481/481 480/480/480 474/474/474
f 482/482/482 481/481/481 474/474/474
f 483/483/483 482/482/482 476/476/476
f 484/484/484 483/483/483 476/476/476
f 485/485/485 484/484/484 477/477/477
f 487/487/487 486/486/486 479/479/479
f 488/488/488 487/487/487 481/481/481
f 489/489/489 488/488/488 482/482/482
f 490/490/490 489/489/489 483/483/483
f 491/491/491 490/490/490 484/484/484
f 492/492/492 491/491/491 485/485/485
f 494/494/494 493/493/493 487/487/487
f 495/495/495 494/494/494 488/488/488
f 496/496/496 495/495/495 488/488/488
f 497/497/497 496/496/496 489/489/489
f 498/498/498 497/497/497 491/491/491
f 499/499/499 498/498/498 491/491/491
f 501/501/501 500/500/500 494/494/494
f 502/502/502 501/501/501 495/495/495
f 503/503/503 502/502/502 495/495/495
f 504/504/504 503/503/503 497/497/497
f 505/505/505 504/504/504 497/497/497
f 506/506/506 505/505/505 498/498/498
f 508/508/508 507/507/507 501/501/501
f 509/509/509 508/508/508 501/501/501
f 510/510/510 509/509/509 503/503/503
f 511/511/511 510/510/510 503/503/503
f 512/512/512 511/511/511 504/504/504
f 513/513/513 512/512/512 505/505/505
f 515/515/515 514/514/514 508/508/508
f 516/516/516 515/515/515 508/508/508
f 517/517/517 516/516/516 510/510/510
f 518/518/518 517/517/517 510/510/510
f 519/519/519 518/518/518 512/512/512
f 520/520/520 519/519/519 513/513/513
f 522/522/522 521/521/521 515/515/515
f 523/523/523 522/522/522 515/515/515
f 524/524/524 523/523/523 517/517/517
f 525/525/525 524/524/524 518/518/518
f 526/526/526 525/525/525 518/518/518
f 527/527/527 526/526/526 520/520/520
f 529/529/529 528/528/528 522/522/522
f 530/530/530 529/529/529 522/522/522
f 531/531/531 530/530/530 524/524/524
f 532/532/532 531/531/531 525/525/525
f 533/533/533 532/532/532 525/525/525
f 534/534/534 533/533/533 527/527/527
f 536/536/536 535/535/535 529/529/529
f 537/537/537 536/536/536 529/529/529
f 538/538/538 537/537/537 531/531/531
f 539/539/539 538/538/538 531/531/531
f 540/540/540 539/539/539 533/533/533
f 541/541/541 540/540/540 534/534/534
f 543/543/543 542/542/542 536/536/536
f 544/544/544 543/543/543 536/536/536
f 545/545/545 544/544/544 537/537/537
f 546/546/546 545/545/545 538/538/538
f 547/547/547 546/546/546 540/540/540
f 548/548/548 547/547/547 541/541/541
f 550/550/550 549/549/549 543/543/543
f 551/551/551 550/550/550 543/543/543
f 552/552/552 551/551/551 544/544/544
f 553/553/553 552/552/552 546/546/546
f 554/554/554 553/553/553 547/547/547
f 555/555/555 554/554/554 548/548/548
f 557/557/557 556/556/556 549/549/549
f 558/558/558 557/557/557 550/550/550
f 559/559/559 558/558/558 552/552/552
f 560/560/560 559/559/559 552/552/552
f 561/561/561 560/560/560 554/554/554
f 562/562/562 561/561/561 554/554/554
f 564/564/564 563/563/563 556/556/556
f 565/565/565 564/564/564 557/557/557
f 566/566/566 565/565/565 559/559/559
f 567/567/567 566/566/566 560/560/560
f 568/568/568 567/567/567 561/561/561
f 569/569/569 568/568/568 561/561/561
f 571/571/571 570/570/570 563/563/563
f 572/572/572 571/571/571 564/564/564
f 573/573/573 572/572/572 565/565/565
f 574/574/574 573/573/573 567/567/567
f 575/575/575 574/574/574 567/567/567
f 576/576/576 575/575/575 568/568/568
f 578/578/578 577/577/577 571/571/571
f 579/579/579 578/578/578 571/571/571
f 580/580/580 579/579/579 573/573/573
f 581/581/581 580/580/580 574/574/574
f 582/582/582 581/581/581 574/574/574
f 583/583/583 582/582/582 575/575/575
f 585/585/585 584/584/584 578/578/578
f 586/586/586 585/585/585 578/578/578
f 587/587/587 586/586/586 580/580/580
f 588/588/588 587/587/587 580/580/580
f 589/589/589 588/588/588 581/581/581
f 590/590/590 589/589/589 583/583/583
f 592/592/592 591/591/591 585/585/585
f 593/593/593 592/592/592 585/585/585
f 594/594/594 593/593/593 587/587/587
f 595/595/595 594/594/594 587/587/587
f 596/596/596 595/595/595 588/588/588
f 597/597/597 596/596/596 589/589/589
f 599/599/599 598/598/598 592/592/592
f 600/600/600 599/599/599 592/592/592
f 601/601/601 600/600/600 594/594/594
f 602/602/602 601/601/601 594/594/594
f 603/603/603 602/602/602 596/596/596
f 604/604/604 603/603/603 597/597/597
f 606/606/606 605/605/605 599/599/599
f 607/607/607 606/606/606 599/599/599
f 608/608/608 607/607/607 600/600/600
f 609/609/609 608/608/608 602/602/602
f 610/610/610 609/609/609 603/603/603
f 611/611/611 610/610/610 604/604/604
f 613/613/613 612/612/612 606/606/606
f 614/614/614 613/613/613 607/607/607
f 615/615/615 614/614/614 607/607/607
f 616/616/616 615/615/615 608/608/608
f 617/617/617 616/616/616 609/609/609
f 618/618/618 617/617/617 610/610/610
f 620/620/620 619/619/619 612/612/612
f 621/621/621 620/620/620 614/614/614
f 622/622/622 621/621/621 615/615/615
f 623/623/623 622/622/622 615/615/615
f 624/624/624 623/623/623 617/617/617
f 625/625/625 624/624/624 618/618/618
f 627/627/627 626/626/626 620/620/620
f 628/628/628 627/627/627 621/621/621
f 629/629/629 628/628/628 621/621/621
f 630/630/630 629/629/629 623/623/623
f 631/631/631 630/630/630 623/623/623
f 632/632/632 631/631/631 624/624/624
f 634/634/634 633/633/633 627/627/627
f 635/635/635 634/634/634 627/627/627
f 636/636/636 635/635/635 629/629/629
f 637/637/637 636/636/636 629/629/629
f 638/638/638 637/637/637 631/631/631
f 639/639/639 638/638/638 631/631/631
f 641/641/641 640/640/640 633/633/633
f 642/642/642 641/641/641 635/635/635
f 643/643/643 642/642/642 636/636/636
f 644/644/644 643/643/643 637/637/637
f 645/645/645 644/644/644 638/638/638
f 646/646/646 645/645/645 638/638/638
f 648/648/648 647/647/647 641/641/641
f 649/649/649 648/648/648 641/641/641
f 650/650/650 649/649/649 643/643/643
f 651/651/651 650/650/650 643/643/643
f 652/652/652 651/651/651 645/645/645
f 653/653/653 652/652/652 645/645/645
f 655/655/655 654/654/654 647/647/647
f 656/656/656 655/655/655 648/648/648
f 657/657/657 656/656/656 650/650/650
f 658/658/658 657/657/657 650/650/650
f 659/659/659 658/658/658 652/652/652
f 660/660/660 659/659/659 652/652/652
f 662/662/662 661/661/661 654/654/654
f 663/663/663 662/662/662 656/656/656
f 664/664/664 663/663/663 657/657/657
f 665/665/665 664/664/664 658/658/658
f 666/666/666 665/665/665 658/658/658
f 667/667/667 666/666/666 660/660/660
f 669/669/669 668/668/668 662/662/662
f 670/670/670 669/669/669 662/662/662
f 671/671/671 670/670/670 664/664/664
f 672/672/672 671/671/671 664/664/664
f 673/673/673 672/672/672 665/665/665
f 674/674/674 673/673/673 666/666/666
f 676/676/676 675/675/675 669/669/669
f 677/677/677 676/676/676 669/669/669
f 678/678/678 677/677/677 671/671/671
f 679/679/679 678/678/678 671/671/671
f 680/680/680 679/679/679 673/673/673
f 681/681/681 680/680/680 674/674/674
f 683/683/683 682/682/682 676/676/676
f 684/684/684 683/683/683 676/676/676
f 685/685/685 684/684/684 678/678/678
f 686/686/686 685/685/685 679/679/679
f 687/687/687 686/686/686 679/679/679
f 688/688/688 687/687/687 681/681/681
f 690/690/690 689/689/689 682/682/682
f 691/691/691 690/690/690 683/683/683
f 692/692/692 691/691/691 685/685/685
f 693/693/693 692/692/692 685/685/685
f 694/694/694 693/693/693 686/686/686
f 695/695/695 694/694/694 688/688/688
f 697/697/697 696/696/696 690/690/690
f 698/698/698 697/697/697 691/691/691
f 699/699/699 698/698/698 691/691/691
f 700/700/700 699/699/699 692/692/692
f 701/701/701 700/700/700 693/693/693
f 702/702/702 701/701/701 695/695/695
f 704/704/704 703/703/703 697/697/697
f 705/705/705 704/704/704 697/697/697
f 706/706/706 705/705/705 698/698/698
f 707/707/707 706/706/706 700/700/700
f 708/708/708 707/707/707 700/700/700
f 709/709/709 708/708/708 702/702/702
f 711/711/711 710/710/710 703/703/703
f 712/712/712 711/711/711 705/705/705
f 713/713/713 712/712/712 706/706/706
f 714/714/714 713/713/713 707/707/707
f 715/715/715 714/714/714 707/707/707
f 716/716/716 715/715/715 709/709/709
f 718/718/718 717/717/717 711/711/711
f 719/719/719 718/718/718 712/712/712
f 720/720/720 719/719/719 712/712/712
f 721/721/721 720/720/720 714/714/714
f 722/722/722 721/721/721 714/714/714
f 723/723/723 722/722/722 716/716/716
f 725/725/725 724/724/724 718/718/718
f 726/726/726 725/725/725 718/718/718
f 727/727/727 726/726/726 720/720/720
f 728/728/728 727/727/727 721/721/721
f 729/729/729 728/728/728 722/722/722
f 730/730/730 729/729/729 723/723/723
f 732/732/732 731/731/731 725/725/725
f 733/733/733 732/732/732 725/725/725
f 734/734/734 733/733/733 726/726/726
f 735/735/735 734/734/734 727/727/727
f 736/736/736 735/735/735 728/728/728
f 737/737/737 736/736/736 730/730/730
f 739/739/739 738/738/738 732/732/732
f 740/740/740 739/739/739 732/732/732
f 741/741/741 740/740/740 733/733/733
f 742/742/742 741/741/741 734/734/734
f 743/743/743 742/742/742 735/735/735
f 744/744/744 743/743/743 737/737/737
f 746/746/746 745/745/745 739/739/739
f 747/747/747 746/746/746 740/740/740
f 748/748/748 747/747/747 740/740/740
f 749/749/749 748/748/748 741/741/741
f 750/750/750 749/749/749 742/742/742
f 751/751/751 750/750/750 744/744/744
f 753/753/753 752/752/752 746/746/746
f 754/754/754 753/753/753 747/747/747
f 755/755/755 754/754/754 747/747/747
f 756/756/756 755/755/755 749/749/749
f 757/757/757 756/756/756 749/749/749
f 758/758/758 757/757/757 751/751/751
f 760/760/760 759/759/759 753/753/753
f 761/761/761 760/760/760 754/754/754
f 762/762/762 761/761/761 754/754/754
f 763/763/763 762/762/762 756/756/756
f 764/764/764 763/763/763 756/756/756
f 765/765/765 764/764/764 758/758/758
f 767/767/767 766/766/766 760/760/760
f 768/768/768 767/767/767 760/760/760
f 769/769/769 768/768/768 762/762/762
f 770/770/770 769/769/769 763/763/763
f 771/771/771 770/770/770 763/763/763
f 772/772/772 771/771/771 765/765/765
f 774/774/774 773/773/773 767/767/767
f 775/775/775 774/774/774 767/767/767
f 776/776/776 775/775/775 768/768/768
f 777/777/777 776/776/776 770/770/770
f 778/778/778 777/777/777 770/770/770
f 779/779/779 778/778/778 772/772/772
f 781/781/781 780/780/780 774/774/774
f 782/782/782 781/781/781 774/774/774
f 783/783/783 782/782/782 775/775/775
f 784/784/784 783/783/783 777/777/777
f 785/785/785 784/784/784 777/777/777
f 786/786/786 785/785/785 779/779/779
f 788/788/788 787/787/787 781/781/781
f 789/789/789 788/788/788 782/782/782
f 790/790/790 789/789/789 782/782/782
f 791/791/791 790/790/790 784/784/784
f 792/792/792 791/791/791 784/784/784
f 793/793/793 792/792/792 785/785/785
f 795/795/795 794/794/794 788/788/788
f 796/796/796 795/795/795 789/789/789
f 797/797/797 796/796/796 789/789/789
f 798/798/798 797/797/797 791/791/791
f 799/799/799 798/798/798 791/791/791
f 800/800/800 799/799/799 792/792/792
f 802/802/802 801/801/801 795/795/795
f 803/803/803 802/802/802 795/795/795
f 804/804/804 803/803/803 796/796/796
f 805/805/805 804/804/804 798/798/798
f 806/806/806 805/805/805 799/799/799
f 807/807/807 806/806/806 799/799/799
f 809/809/809 808/808/808 802/802/802
f 810/810/810 809/809/809 802/802/802
f 811/811/811 810/810/810 803/803/803
f 812/812/812 811/811/811 805/805/805
f 813/813/813 812/812/812 806/806/806
f 814/814/814 813/813/813 806/806/806
f 816/816/816 815/815/815 809/809/809
f 817/817/817 816/816/816 809/809/809
f 818/818/818 817/817/817 810/810/810
f 819/819/819 818/818/818 812/812/812
f 820/820/820 819/819/819 812/812/812
f 821/821/821 820/820/820 814/814/814
f 823/823/823 822/822/822 816/816/816
f 824/824/824 823/823/823 817/817/817
f 825/825/825 824/824/824 817/817/817
f 826/826/826 825/825/825 819/819/819
f 827/827/827 826/826/826 819/819/819
f 828/828/828 827/827/827 820/820/820
f 830/830/830 829/829/829 822/822/822
f 831/831/831 830/830/830 824/824/824
f 832/832/832 831/831/831 824/824/824
f 833/833/833 832/832/832 826/826/826
f 834/834/834 833/833/833 826/826/826
f 835/835/835 834/834/834 827/827/827
f 837/837/837 836/836/836 829/829/829
f 838/838/838 837/837/837 831/831/831
f 839/839/839 838/838/838 831/831/831
f 840/840/840 839/839/839 833/833/833
f 841/841/841 840/840/840 833/833/833
f 842/842/842 841/841/841 835/835/835
f 844/844/844 843/843/843 836/836/836
f 845/845/845 844/844/844 838/838/838
f 846/846/846 845/845/845 838/838/838
f 847/847/847 846/846/846 839/839/839
f 848/848/848 847/847/847 840/840/840
f 849/849/849 848/848/848 841/841/841
f 851/851/851 850/850/850 844/844/844
f 852/852/852 851/851/851 845/845/845
f 853/853/853 852/852/852 845/845/845
f 854/854/854 853/853/853 846/846/846
f 855/855/855 854/854/854 848/848/848
f 856/856/856 855/855/855 848/848/848
f 858/858/858 857/857/857 851/851/851
f 859/859/859 858/858/858 851/851/851
f 860/860/860 859/859/859 852/852/852
f 861/861/861 860/860/860 854/854/854
f 862/862/862 861/861/861 855/855/855
f 863/863/863 862/862/862 855/855/855
f 865/865/865 864/864/864 858/858/858
f 866/866/866 865/865/865 859/859/859
f 867/867/867 866/866/866 859/859/859
f 868/868/868 867/867/867 861/861/861
f 869/869/869 868/868/868 862/862/862
f 870/870/870 869/869/869 862/862/862
f 872/872/872 871/871/871 864/864/864
f 873/873/873 872/872/872 866/866/866
f 874/874/874 873/873/873 866/866/866
f 875/875/875 874/874/874 867/867/867
f 876/876/876 875/875/875 869/869/869
f 877/877/877 876/876/876 870/870/870
f 879/879/879 878/878/878 872/872/872
f 880/880/880 879/879/879 872/872/872
f 881/881/881 880/880/880 874/874/874
f 882/882/882 881/881/881 874/874/874
f 883/883/883 882/882/882 876/876/876
f 884/884/884 883/883/883 877/877/877
f 886/886/886 885/885/885 879/879/879
f 887/887/887 886/886/886 879/879/879
f 888/888/888 887/887/887 880/880/880
f 889/889/889 888/888/888 881/881/881
f 890/890/890 889/889/889 883/883/883
f 891/891/891 890/890/890 884/884/884
f 893/893/893 892/892/892 886/886/886
f 894/894/894 893/893/893 887/887/887
f 895/895/895 894/894/894 887/887/887
f 896/896/896 895/895/895 888/888/888
f 897/897/897 896/896/896 890/890/890
f 898/898/898 897/897/897 890/890/890
f 900/900/900 899/899/899 892/892/892
f 901/901/901 900/900/900 893/893/893
f 902/902/902 901/901/901 895/895/895
f 903/903/903 902/902/902 896/896/896
f 904/904/904 903/903/903 897/897/897
f 905/905/905 904/904/904 897/897/897
f 907/907/907 906/906/906 900/900/900
f 908/908/908 907/907/907 900/900/900
f 909/909/909 908/908/908 902/902/902
f 910/910/910 909/909/909 902/902/902
f 911/911/911 910/910/910 903/903/903
f 912/912/912 911/911/911 904/904/904
f 914/914/914 913/913/913 906/906/906
f 915/915/915 914/914/914 908/908/908
f 916/916/916 915/915/915 909/909/909
f 917/917/917 916/916/916 910/910/910
f 918/918/918 917/917/917 911/911/911
f 919/919/919 918/918/918 912/912/912
f 921/921/921 920/920/920 913/913/913
f 922/922/922 921/921/921 914/914/914
f 923/923/923 922/922/922 915/915/915
f 924/924/924 923/923/923 916/916/916
f 925/925/925 924/924/924 918/918/918
f 926/926/926 925/925/925 919/919/919
f 928/928/928 927/927/927 921/921/921
f 929/929/929 928/928/928 922/922/922
f 930/930/930 929/929/929 923/923/923
f 931/931/931 930/930/930 923/923/923
f 932/932/932 931/931/931 925/925/925
f 933/933/933 932/932/932 926/926/926
f 935/935/935 934/934/934 928/928/928
f 936/936/936 935/935/935 929/929/929
f 937/937/937 936/936/936 929/929/929
f 938/938/938 937/937/937 930/930/930
f 939/939/939 938/938/938 932/932/932
f 940/940/940 939/939/939 933/933/933
f 942/942/942 941/941/941 935/935/935
f 943/943/943 942/942/942 936/936/936
f 944/944/944 943/943/943 937/937/937
f 945/945/945 944/944/944 938/938/938
f 946/946/946 945/945/945 939/939/939
f 947/947/947 946/946/946 939/939/939
f 949/949/949 948/948/948 942/942/942
f 950/950/950 949/949/949 942/942/942
f 951/951/951 950/950/950 944/944/944
f 952/952/952 951/951/951 944/944/944
f 953/953/953 952/952/952 945/945/945
f 954/954/954 953/953/953 947/947/947
f 956/956/956 955/955/955 949/949/949
f 957/957/957 956/956/956 950/950/950
f 958/958/958 957/957/957 951/951/951
f 959/959/959 958/958/958 952/952/952
f 960/960/960 959/959/959 953/953/953
f 961/961/961 960/960/960 954/954/954
f 963/963/963 962/962/962 956/956/956
f 964/964/964 963/963/963 957/957/957
f 965/965/965 964/964/964 957/957/957
f 966/966/966 965/965/965 958/958/958
f 967/967/967 966/966/966 959/959/959
f 968/968/968 967/967/967 961/961/961
f 970/970/970 969/969/969 963/963/963
f 971/971/971 970/970/970 963/963/963
f 972/972/972 971/971/971 964/964/964
f 973/973/973 972/972/972 966/966/966
f 974/974/974 973/973/973 967/967/967
f 975/975/975 974/974/974 967/967/967
f 977/977/977 976/976/976 969/969/969
f 978/978/978 977/977/977 971/971/971
f 979/979/979 978/978/978 971/971/971
f 980/980/980 979/979/979 973/973/973
f 981/981/981 980/980/980 974/974/974
f 982/982/982 981/981/981 974/974/974
f 984/984/984 983/983/983 976/976/976
f 985/985/985 984/984/984 978/978/978
f 986/986/986 985/985/985 978/978/978
f 987/987/987 986/986/986 979/979/979
f 988/988/988 987/987/987 980/980/980
f 989/989/989 988/988/988 981/981/981
f 991/991/991 990/990/990 983/983/983
f 992/992/992 991/991/991 984/984/984
f 993/993/993 992/992/992 986/986/986
f 994/994/994 993/993/993 986/986/986
f 995/995/995 994/994/994 988/988/988
f 996/996/996 995/995/995 988/988/988
f 998/998/998 997/997/997 990/990/990
f 999/999/999 998/998/998 992/992/992
f 1000/1000/1000 999/999/999 993/993/993
f 1001/1001/1001 1000/1000/1000 993/993/993
f 1002/1002/1002 1001/1001/1001 995/995/995
f 1003/1003/1003 1002/1002/1002 995/995/995
f 1005/1005/1005 1004/1004/1004 997/997/997
f 1006/1006/1006 1005/1005/1005 999/999/999
f 1007/1007/1007 1006/1006/1006 1000/1000/1000
f 1008/1008/1008 1007/1007/1007 1000/1000/1000
f 1009/1009/1009 1008/1008/1008 1001/1001/1001
f 1010/1010/1010 1009/1009/1009 1002/1002/1002
f 1012/1012/1012 1011/1011/1011 1004/1004/1004
f 1013/1013/1013 1012/1012/1012 1006/1006/1006
f 1014/1014/1014 1013/1013/1013 1007/1007/1007
f 1015/1015/1015 1014/1014/1014 1007/1007/1007
f 1016/1016/1016 1015/1015/1015 1009/1009/1009
f 1017/1017/1017 1016/1016/1016 1009/1009/1009
f 1019/1019/1019 1018/1018/1018 1011/1011/1011
f 1020/1020/1020 1019/1019/1019 1013/1013/1013
f 1021/1021/1021 1020/1020/1020 1013/1013/1013
f 1022/1022/1022 1021/1021/1021 1014/1014/1014
f 1023/1023/1023 1022/1022/1022 1016/1016/1016
f 1024/1024/1024 1023/1023/1023 1016/1016/1016
f 1026/1026/1026 1025/1025/1025 1018/1018/1018
f 1027/1027/1027 1026/1026/1026 1020/1020/1020
f 1028/1028/1028 1027/1027/1027 1020/1020/1020
f 1029/1029/1029 1028/1028/1028 1021/1021/1021
f 1030/1030/1030 1029/1029/1029 1023/1023/1023
f 1031/1031/1031 1030/1030/1030 1023/1023/1023
f 1033/1033/1033 1032/1032/1032 1025/1025/1025
f 1034/1034/1034 1033/1033/1033 1026/1026/1026
f 1035/1035/1035 1034/1034/1034 1028/1028/1028
f 1036/1036/1036 1035/1035/1035 1028/1028/1028
f 1037/1037/1037 1036/1036/1036 1030/1030/1030
f 1038/1038/1038 1037/1037/1037 1030/1030/1030
f 1040/1040/1040 1039/1039/1039 1032/1032/1032
f 1041/1041/1041 1040/1040/1040 1033/1033/1033
f 1042/1042/1042 1041/1041/1041 1035/1035/1035
f 1043/1043/1043 1042/1042/1042 1035/1035/1035
f 1044/1044/1044 1043/1043/1043 1037/1037/1037
f 1045/1045/1045 1044/1044/1044 1038/1038/1038
f 1047/1047/1047 1046/1046/1046 1039/1039/1039
f 1048/1048/1048 1047/1047/1047 1040/1040/1040
f 1049/1049/1049 1048/1048/1048 1042/1042/1042
f 1050/1050/1050 1049/1049/1049 1042/1042/1042
f 1051/1051/1051 1050/1050/1050 1044/1044/1044
f 1052/1052/1052 1051/1051/1051 1045/1045/1045
f 1054/1054/1054 1053/1053/1053 1046/1046/1046
f 1055/1055/1055 1054/1054/1054 1047/1047/1047
f 1056/1056/1056 1055/1055/1055 1049/1049/1049
f 1057/1057/1057 1056/1056/1056 1050/1050/1050
f 1058/1058/1058 1057/1057/1057 1050/1050/1050
f 1059/1059/1059 1058/1058/1058 1051/1051/1051
f 1061/1061/1061 1060/1060/1060 1053/1053/1053
f 1062/1062/1062 1061/1061/1061 1054/1054/1054
f 1063/1063/1063 1062/1062/1062 1056/1056/1056
f 1064/1064/1064 1063/1063/1063 1057/1057/1057
f 1065/1065/1065 1064/1064/1064 1057/1057/1057
f 1066/1066/1066 1065/1065/1065 1059/1059/1059
f 1068/1068/1068 1067/1067/1067 1060/1060/1060
f 1069/1069/1069 1068/1068/1068 1061/1061/1061
f 1070/1070/1070 1069/1069/1069 1062/1062/1062
f 1071/1071/1071 1070/1070/1070 1064/1064/1064
f 1072/1072/1072 1071/1071/1071 1064/1064/1064
f 1073/1073/1073 1072/1072/1072 1066/1066/1066
f 1075/1075/1075 1074/1074/1074 1067/1067/1067
f 1076/1076/1076 1075/1075/1075 1068/1068/1068
f 1077/1077/1077 1076/1076/1076 1070/1070/1070
f 1078/1078/1078 1077/1077/1077 1071/1071/1071
f 1079/1079/1079 1078/1078/1078 1071/1071/1071
f 1080/1080/1080 1079/1079/1079 1073/1073/1073
f 1082/1082/1082 1081/1081/1081 1075/1075/1075
f 1083/1083/1083 1082/1082/1082 1075/1075/1075
f 1084/1084/1084 1083/1083/1083 1077/1077/1077
f 1085/1085/1085 1084/1084/1084 1077/1077/1077
f 1086/1086/1086 1085/1085/1085 1078/1078/1078
f 1087/1087/1087 1086/1086/1086 1080/1080/1080
f 1089/1089/1089 1088/1088/1088 1082/1082/1082
f 1090/1090/1090 1089/1089/1089 1082/1082/1082
f 1091/1091/1091 1090/1090/1090 1084/1084/1084
f 1092/1092/1092 1091/1091/1091 1084/1084/1084
f 1093/1093/1093 1092/1092/1092 1086/1086/1086
f 1094/1094/1094 1093/1093/1093 1086/1086/1086
f 1096/1096/1096 1095/1095/1095 1089/1089/1089
f 1097/1097/1097 1096/1096/1096 1089/1089/1089
f 1098/1098/1098 1097/1097/1097 1091/1091/1091
f 1099/1099/1099 1098/1098/1098 1091/1091/1091
f 1100/1100/1100 1099/1099/1099 1092/1092/1092
f 1101/1101/1101 1100/1100/1100 1094/1094/1094
f 1103/1103/1103 1102/1102/1102 1096/1096/1096
f 1104/1104/1104 1103/1103/1103 1096/1096/1096
f 1105/1105/1105 1104/1104/1104 1098/1098/1098
f 1106/1106/1106 1105/1105/1105 1098/1098/1098
f 1107/1107/1107 1106/1106/1106 1099/1099/1099
f 1108/1108/1108 1107/1107/1107 1101/1101/1101
f 1110/1110/1110 1109/1109/1109 1102/1102/1102
f 1111/1111/1111 1110/1110/1110 1103/1103/1103
f 1112/1112/1112 1111/1111/1111 1105/1105/1105
f 1113/1113/1113 1112/1112/1112 1106/1106/1106
f 1114/1114/1114 1113/1113/1113 1107/1107/1107
f 1115/1115/1115 1114/1114/1114 1107/1107/1107
f 1117/1117/1117 1116/1116/1116 1109/1109/1109
f 1118/1118/1118 1117/1117/1117 1111/1111/1111
f 1119/1119/1119 1118/1118/1118 1111/1111/1111
f 1120/1120/1120 1119/1119/1119 1112/1112/1112
f 1121/1121/1121 1120/1120/1120 1114/1114/1114
f 1122/1122/1122 1121/1121/1121 1115/1115/1115
f 1124/1124/1124 1123/1123/1123 1116/1116/1116
f 1125/1125/1125 1124/1124/1124 1118/1118/1118
f 1126/1126/1126 1125/1125/1125 1118/1118/1118
f 1127/1127/1127 1126/1126/1126 1120/1120/1120
f 1128/1128/1128 1127/1127/1127 1120/1120/1120
f 1129/1129/1129 1128/1128/1128 1121/1121/1121
f 1131/1131/1131 1130/1130/1130 1124/1124/1124
f 1132/1132/1132 1131/1131/1131 1125/1125/1125
f 1133/1133/1133 1132/1132/1132 1125/1125/1125
f 1134/1134/1134 1133/1133/1133 1127/1127/1127
f 1135/1135/1135 1134/1134/1134 1127/1127/1127
f 1136/1136/1136 1135/1135/1135 1128/1128/1128
f 1138/1138/1138 1137/1137/1137 1130/1130/1130
f 1139/1139/1139 1138/1138/1138 1132/1132/1132
f 1140/1140/1140 1139/1139/1139 1133/1133/1133
f 1141/1141/1141 1140/1140/1140 1134/1134/1134
f 1142/1142/1142 1141/1141/1141 1134/1134/1134
f 1143/1143/1143 1142/1142/1142 1136/1136/1136
f 1145/1145/1145 1144/1144/1144 1137/1137/1137
f 1146/1146/1146 1145/1145/1145 1139/1139/1139
f 1147/1147/1147 1146/1146/1146 1140/1140/1140
f 1148/1148/1148 1147/1147/1147 1141/1141/1141
f 1149/1149/1149 1148/1148/1148 1141/1141/1141
f 1150/1150/1150 1149/1149/1149 1143/1143/1143
f 1152/1152/1152 1151/1151/1151 1144/1144/1144
f 1153/1153/1153 1152/1152/1152 1146/1146/1146
f 1154/1154/1154 1153/1153/1153 1146/1146/1146
f 1155/1155/1155 1154/1154/1154 1147/1147/1147
f 1156/1156/1156 1155/1155/1155 1148/1148/1148
f 1157/1157/1157 1156/1156/1156 1150/1150/1150
f 1159/1159/1159 1158/1158/1158 1152/1152/1152
f 1160/1160/1160 1159/1159/1159 1153/1153/1153
f 1161/1161/1161 1160/1160/1160 1153/1153/1153
f 1162/1162/1162 1161/1161/1161 1154/1154/1154
f 1163/1163/1163 1162/1162/1162 1156/1156/1156
f 1164/1164/1164 1163/1163/1163 1156/1156/1156
f 1166/1166/1166 1165/1165/1165 1159/1159/1159
f 1167/1167/1167 1166/1166/1166 1159/1159/1159
f 1168/1168/1168 1167/1167/1167 1160/1160/1160
f 1169/1169/1169 1168/1168/1168 1162/1162/1162
f 1170/1170/1170 1169/1169/1169 1163/1163/1163
f 1171/1171/1171 1170/1170/1170 1163/1163/1163
f 1173/1173/1173 1172/1172/1172 1166/1166/1166
f 1174/1174/1174 1173/1173/1173 1167/1167/1167
f 1175/1175/1175 1174/1174/1174 1167/1167/1167
f 1176/1176/1176 1175/1175/1175 1169/1169/1169
f 1177/1177/1177 1176/1176/1176 1170/1170/1170
f 1178/1178/1178 1177/1177/1177 1171/1171/1171
f 1180/1180/1180 1179/1179/1179 1172/1172/1172
f 1181/1181/1181 1180/1180/1180 1174/1174/1174
f 1182/1182/1182 1181/1181/1181 1174/1174/1174
f 1183/1183/1183 1182/1182/1182 1175/1175/1175
f 1184/1184/1184 1183/1183/1183 1177/1177/1177
f 1185/1185/1185 1184/1184/1184 1177/1177/1177
f 1187/1187/1187 1186/1186/1186 1180/1180/1180
f 1188/1188/1188 1187/1187/1187 1180/1180/1180
f 1189/1189/1189 1188/1188/1188 1182/1182/1182
f 1190/1190/1190 1189/1189/1189 1182/1182/1182
f 1191/1191/1191 1190/1190/1190 1184/1184/1184
f 1192/1192/1192 1191/1191/1191 1184/1184/1184
f 1194/1194/1194 1193/1193/1193 1187/1187/1187
f 1195/1195/1195 1194/1194/1194 1187/1187/1187
f 1196/1196/1196 1195/1195/1195 1189/1189/1189
f 1197/1197/1197 1196/1196/1196 1189/1189/1189
f 1198/1198/1198 1197/1197/1197 1191/1191/1191
f 1199/1199/1199 1198/1198/1198 1191/1191/1191
f 1201/1201/1201 1200/1200/1200 1194/1194/1194
f 1202/1202/1202 1201/1201/1201 1194/1194/1194
f 1203/1203/1203 1202/1202/1202 1196/1196/1196
f 1204/1204/1204 1203/1203/1203 1196/1196/1196
f 1205/1205/1205 1204/1204/1204 1197/1197/1197
f 1206/1206/1206 1205/1205/1205 1198/1198/1198
f 1208/1208/1208 1207/1207/1207 1200/1200/1200
f 1209/1209/1209 1208/1208/1208 1201/1201/1201
f 1210/1210/1210 1209/1209/1209 1202/1202/1202
f 1211/1211/1211 1210/1210/1210 1204/1204/1204
f 1212/1212/1212 1211/1211/1211 1205/1205/1205
f 1213/1213/1213 1212/1212/1212 1206/1206/1206
f 1215/1215/1215 1214/1214/1214 1208/1208/1208
f 1216/1216/1216 1215/1215/1215 1209/1209/1209
f 1217/1217/1217 1216/1216/1216 1209/1209/1209
f 1218/1218/1218 1217/1217/1217 1210/1210/1210
f 1219/1219/1219 1218/1218/1218 1212/1212/1212
f 1220/1220/1220 1219/1219/1219 1212/1212/1212
f 1222/1222/1222 1221/1221/1221 1214/1214/1214
f 1223/1223/1223 1222/1222/1222 1215/1215/1215
f 1224/1224/1224 1223/1223/1223 1217/1217/1217
f 1225/1225/1225 1224/1224/1224 1218/1218/1218
f 1226/1226/1226 1225/1225/1225 1219/1219/1219
f 1227/1227/1227 1226/1226/1226 1219/1219/1219
f 1229/1229/1229 1228/1228/1228 1221/1221/1221
f 1230/1230/1230 1229/1229/1229 1222/1222/1222
f 1231/1231/1231 1230/1230/1230 1223/1223/1223
f 1232/1232/1232 1231/1231/1231 1224/1224/1224
f 1233/1233/1233 1232/1232/1232 1225/1225/1225
f 1234/1234/1234 1233/1233/1233 1227/1227/1227
f 1237/1237/1237 1236/1236/1236 1229/1229/1229
f 1238/1238/1238 1237/1237/1237 1230/1230/1230
f 1239/1239/1239 1238/1238/1238 1231/1231/1231
f 1240/1240/1240 1239/1239/1239 1231/1231/1231
f 1241/1241/1241 1240/1240/1240 1233/1233/1233
f 1242/1242/1242 1241/1241/1241 1234/1234/1234
f 1/1/1 2/2/2 1244/1244/1244
f 10/10/10 1245/1245/1245 1244/1244/1244
f 1246/1246/1246 17/17/17 1247/1247/1247
f 24/24/24 1248/1248/1248 1247/1247/1247
f 17/17/17 1246/1246/1246 1245/1245/1245
f 1249/1249/1249 31/31/31 38/38/38
f 1250/1250/1250 38/38/38 1251/1251/1251
f 52/52/52 1253/1253/1253 1252/1252/1252
f 1253/1253/1253 52/52/52 59/59/59
f 45/45/45 1252/1252/1252 1251/1251/1251
f 31/31/31 1249/1249/1249 1248/1248/1248
f 66/66/66 1256/1256/1256 1255/1255/1255
f 73/73/73 1257/1257/1257 1256/1256/1256
f 80/80/80 1259/1259/1259 1258/1258/1258
f 87/87/87 1260/1260/1260 1259/1259/1259
f 1257/1257/1257 73/73/73 80/80/80
f 1261/1261/1261 94/94/94 1262/1262/1262
f 101/101/101 1263/1263/1263 1262/1262/1262
f 1264/1264/1264 108/108/108 115/115/115
f 1266/1266/1266 122/122/122 1267/1267/1267
f 1265/1265/1265 115/115/115 122/122/122
f 108/108/108 1264/1264/1264 1263/1263/1263
f 1260/1260/1260 87/87/87 94/94/94
f 1254/1254/1254 59/59/59 1255/1255/1255
f 136/136/136 1269/1269/1269 1268/1268/1268
f 1269/1269/1269 136/136/136 143/143/143
f 150/150/150 1272/1272/1272 1271/1271/1271
f 157/157/157 1273/1273/1273 1272/1272/1272
f 1270/1270/1270 143/143/143 1271/1271/1271
f 1274/1274/1274 164/164/164 1275/1275/1275
f 171/171/171 1276/1276/1276 1275/1275/1275
f 1277/1277/1277 178/178/178 185/185/185
f 192/192/192 1280/1280/1280 1279/1279/1279
f 1278/1278/1278 185/185/185 1279/1279/1279
f 178/178/178 1277/1277/1277 1276/1276/1276
f 1273/1273/1273 157/157/157 164/164/164
f 1281/1281/1281 199/199/199 206/206/206
f 1282/1282/1282 206/206/206 1283/1283/1283
f 220/220/220 1285/1285/1285 1284/1284/1284
f 1285/1285/1285 220/220/220 227/227/227
f 213/213/213 1284/1284/1284 1283/1283/1283
f 234/234/234 1288/1288/1288 1287/1287/1287
f 241/241/241 1289/1289/1289 1288/1288/1288
f 1290/1290/1290 248/248/248 1291/1291/1291
f 262/262/262 1293/1293/1293 1292/1292/1292
f 255/255/255 1292/1292/1292 1291/1291/1291
f 1289/1289/1289 241/241/241 248/248/248
f 1286/1286/1286 227/227/227 1287/1287/1287
f 199/199/199 1281/1281/1281 1280/1280/1280
f 129/129/129 1268/1268/1268 1267/1267/1267
f 17/17/17 1245/1245/1245 10/10/10
f 31/31/31 1248/1248/1248 24/24/24
f 52/52/52 1252/1252/1252 45/45/45
f 73/73/73 1256/1256/1256 66/66/66
f 101/101/101 108/108/108 1263/1263/1263
f 136/136/136 1268/1268/1268 129/129/129
f 157/157/157 1272/1272/1272 150/150/150
f 80/80/80 87/87/87 1259/1259/1259
f 192/192/192 199/199/199 1280/1280/1280
f 213/213/213 220/220/220 1284/1284/1284
f 1294/1294/1294 269/269/269 1295/1295/1295
f 1297/1297/1297 1296/1296/1296 283/283/283
f 1298/1298/1298 290/290/290 1299/1299/1299
f 1297/1297/1297 283/283/283 290/290/290
f 1296/1296/1296 1295/1295/1295 276/276/276
f 178/178/178 1276/1276/1276 171/171/171
f 1300/1300/1300 1299/1299/1299 297/297/297
f 234/234/234 241/241/241 1288/1288/1288
f 269/269/269 1294/1294/1294 1293/1293/1293
f 304/304/304 1301/1301/1301 1300/1300/1300
f 283/283/283 1296/1296/1296 276/276/276
f 255/255/255 262/262/262 1292/1292/1292
f 1301/1301/1301 304/304/304 311/311/311
f 1302/1302/1302 311/311/311 318/318/318
f 325/325/325 1305/1305/1305 1304/1304/1304
f 1305/1305/1305 325/325/325 332/332/332
f 318/318/318 1304/1304/1304 1303/1303/1303
f 339/339/339 1308/1308/1308 1307/1307/1307
f 346/346/346 1309/1309/1309 1308/1308/1308
f 1310/1310/1310 353/353/353 1311/1311/1311
f 360/360/360 1312/1312/1312 1311/1311/1311
f 1309/1309/1309 346/346/346 353/353/353
f 1306/1306/1306 332/332/332 1307/1307/1307
f 1313/1313/1313 367/367/367 1314/1314/1314
f 374/374/374 1315/1315/1315 1314/1314/1314
f 1316/1316/1316 381/381/381 388/388/388
f 1317/1317/1317 388/388/388 1318/1318/1318
f 381/381/381 1316/1316/1316 1315/1315/1315
f 402/402/402 1320/1320/1320 1319/1319/1319
f 1320/1320/1320 402/402/402 409/409/409
f 416/416/416 1323/1323/1323 1322/1322/1322
f 1324/1324/1324 423/423/423 430/430/430
f 423/423/423 1324/1324/1324 1323/1323/1323
f 1321/1321/1321 409/409/409 1322/1322/1322
f 395/395/395 1319/1319/1319 1318/1318/1318
f 367/367/367 1313/1313/1313 1312/1312/1312
f 437/437/437 1327/1327/1327 1326/1326/1326
f 444/444/444 1328/1328/1328 1327/1327/1327
f 1329/1329/1329 451/451/451 1330/1330/1330
f 1330/1330/1330 458/458/458 1331/1331/1331
f 1328/1328/1328 444/444/444 451/451/451
f 472/472/472 1333/1333/1333 1332/1332/1332
f 1333/1333/1333 472/472/472 479/479/479
f 486/486/486 1336/1336/1336 1335/1335/1335
f 1337/1337/1337 493/493/493 500/500/500
f 493/493/493 1337/1337/1337 1336/1336/1336
f 1334/1334/1334 479/479/479 1335/1335/1335
f 465/465/465 1332/1332/1332 1331/1331/1331
f 507/507/507 1340/1340/1340 1339/1339/1339
f 514/514/514 1341/1341/1341 1340/1340/1340
f 1342/1342/1342 521/521/521 1343/1343/1343
f 528/528/528 1344/1344/1344 1343/1343/1343
f 1341/1341/1341 514/514/514 521/521/521
f 1345/1345/1345 535/535/535 542/542/542
f 1346/1346/1346 542/542/542 1347/1347/1347
f 556/556/556 1349/1349/1349 1348/1348/1348
f 1350/1350/1350 563/563/563 1351/1351/1351
f 1349/1349/1349 556/556/556 563/563/563
f 549/549/549 1348/1348/1348 1347/1347/1347
f 535/535/535 1345/1345/1345 1344/1344/1344
f 1338/1338/1338 500/500/500 1339/1339/1339
f 1325/1325/1325 430/430/430 1326/1326/1326
f 325/325/325 1304/1304/1304 318/318/318
f 346/346/346 1308/1308/1308 339/339/339
f 367/367/367 1312/1312/1312 360/360/360
f 381/381/381 1315/1315/1315 374/374/374
f 402/402/402 1319/1319/1319 395/395/395
f 423/423/423 1323/1323/1323 416/416/416
f 444/444/444 1327/1327/1327 437/437/437
f 465/465/465 472/472/472 1332/1332/1332
f 493/493/493 1336/1336/1336 486/486/486
f 514/514/514 1340/1340/1340 507/507/507
f 1353/1353/1353 1352/1352/1352 577/577/577
f 1353/1353/1353 577/577/577 584/584/584
f 1354/1354/1354 584/584/584 1355/1355/1355
f 1357/1357/1357 1356/1356/1356 598/598/598
f 1357/1357/1357 598/598/598 605/605/605
f 1356/1356/1356 1355/1355/1355 591/591/591
f 1358/1358/1358 605/605/605 1359/1359/1359
f 528/528/528 535/535/535 1344/1344/1344
f 1356/1356/1356 591/591/591 598/598/598
f 577/577/577 1352/1352/1352 570/570/570
f 549/549/549 556/556/556 1348/1348/1348
f 612/612/612 1360/1360/1360 1359/1359/1359
f 8/8/8 9/9/9 1703/1703/1703
f 16/16/16 1702/1702/1702 23/23/23
f 30/30/30 1700/1700/1700 1699/1699/1699
f 1698/1698/1698 37/37/37 1699/1699/1699
f 23/23/23 1701/1701/1701 30/30/30
f 44/44/44 1697/1697/1697 51/51/51
f 51/51/51 1696/1696/1696 1695/1695/1695
f 65/65/65 1693/1693/1693 72/72/72
f 72/72/72 1692/1692/1692 1691/1691/1691
f 58/58/58 1694/1694/1694 65/65/65
f 37/37/37 1698/1698/1698 44/44/44
f 1702/1702/1702 16/16/16 1703/1703/1703
f 86/86/86 1689/1689/1689 93/93/93
f 93/93/93 1688/1688/1688 1687/1687/1687
f 107/107/107 1685/1685/1685 114/114/114
f 121/121/121 1683/1683/1683 1682/1682/1682
f 114/114/114 1684/1684/1684 121/121/121
f 100/100/100 1687/1687/1687 1686/1686/1686
f 79/79/79 1691/1691/1691 1690/1690/1690
f 128/128/128 1681/1681/1681 135/135/135
f 135/135/135 1680/1680/1680 142/142/142
f 142/142/142 1679/1679/1679 1678/1678/1678
f 156/156/156 1676/1676/1676 163/163/163
f 163/163/163 1675/1675/1675 170/170/170
f 149/149/149 1678/1678/1678 1677/1677/1677
f 177/177/177 1673/1673/1673 1672/1672/1672
f 184/184/184 1671/1671/1671 191/191/191
f 198/198/198 1669/1669/1669 1668/1668/1668
f 212/212/212 1666/1666/1666 219/219/219
f 205/205/205 1667/1667/1667 212/212/212
f 191/191/191 1670/1670/1670 198/198/198
f 170/170/170 1674/1674/1674 1673/1673/1673
f 226/226/226 1664/1664/1664 1663/1663/1663
f 233/233/233 1662/1662/1662 240/240/240
f 247/247/247 1660/1660/1660 1659/1659/1659
f 254/254/254 1659/1659/1659 1658/1658/1658
f 240/240/240 1661/1661/1661 247/247/247
f 268/268/268 1656/1656/1656 275/275/275
f 275/275/275 1655/1655/1655 1654/1654/1654
f 289/289/289 1652/1652/1652 296/296/296
f 303/303/303 1649/1649/1649 310/310/310
f 296/296/296 1651/1651/1651 1650/1650/1650
f 282/282/282 1653/1653/1653 289/289/289
f 261/261/261 1657/1657/1657 268/268/268
f 219/219/219 1665/1665/1665 1664/1664/1664
f 310/310/310 1648/1648/1648 317/317/317
f 58/58/58 1695/1695/1695 1694/1694/1694
f 1689/1689/1689 86/86/86 1690/1690/1690
f 107/107/107 1686/1686/1686 1685/1685/1685
f 128/128/128 1682/1682/1682 1681/1681/1681
f 156/156/156 1677/1677/1677 1676/1676/1676
f 184/184/184 1672/1672/1672 1671/1671/1671
f 1662/1662/1662 233/233/233 1663/1663/1663
f 1667/1667/1667 205/205/205 1668/1668/1668
f 1657/1657/1657 261/261/261 1658/1658/1658
f 282/282/282 1654/1654/1654 1653/1653/1653
f 1649/1649/1649 303/303/303 1650/1650/1650
f 324/324/324 1646/1646/1646 1645/1645/1645
f 331/331/331 1644/1644/1644 338/338/338
f 338/338/338 1643/1643/1643 1642/1642/1642
f 345/345/345 1642/1642/1642 1641/1641/1641
f 359/359/359 1639/1639/1639 366/366/366
f 366/366/366 1638/1638/1638 1637/1637/1637
f 380/380/380 1635/1635/1635 387/387/387
f 387/387/387 1634/1634/1634 1633/1633/1633
f 373/373/373 1636/1636/1636 380/380/380
f 352/352/352 1640/1640/1640 359/359/359
f 1646/1646/1646 324/324/324 1647/1647/1647
f 394/394/394 1632/1632/1632 401/401/401
f 1644/1644/1644 331/331/331 1645/1645/1645
f 401/401/401 1631/1631/1631 408/408/408
f 408/408/408 1630/1630/1630 1629/1629/1629
f 415/415/415 1629/1629/1629 1628/1628/1628
f 429/429/429 1626/1626/1626 436/436/436
f 443/443/443 1623/1623/1623 450/450/450
f 436/436/436 1625/1625/1625 1624/1624/1624
f 422/422/422 1627/1627/1627 429/429/429
f 450/450/450 1622/1622/1622 457/457/457
f 457/457/457 1621/1621/1621 1620/1620/1620
f 464/464/464 1620/1620/1620 1619/1619/1619
f 478/478/478 1617/1617/1617 485/485/485
f 485/485/485 1616/1616/1616 1615/1615/1615
f 471/471/471 1618/1618/1618 478/478/478
f 1359/1359/1359 605/605/605 612/612/612
f 1360/1360/1360 612/612/612 619/619/619
f 499/499/499 1613/1613/1613 506/506/506
f 513/513/513 1611/1611/1611 1610/1610/1610
f 506/506/506 1612/1612/1612 513/513/513
f 492/492/492 1615/1615/1615 1614/1614/1614
f 527/527/527 1608/1608/1608 534/534/534
f 534/534/534 1607/1607/1607 1606/1606/1606
f 548/548/548 1604/1604/1604 555/555/555
f 555/555/555 1603/1603/1603 562/562/562
f 541/541/541 1606/1606/1606 1605/1605/1605
f 569/569/569 1601/1601/1601 1600/1600/1600
f 576/576/576 1599/1599/1599 583/583/583
f 590/590/590 1597/1597/1597 1596/1596/1596
f 604/604/604 1594/1594/1594 1593/1593/1593
f 597/597/597 1595/1595/1595 604/604/604
f 583/583/583 1598/1598/1598 1597/1597/1597
f 562/562/562 1602/1602/1602 1601/1601/1601
f 1591/1591/1591 625/625/625 618/618/618
f 520/520/520 1609/1609/1609 527/527/527
f 611/611/611 1593/1593/1593 1592/1592/1592
f 352/352/352 1641/1641/1641 1640/1640/1640
f 394/394/394 1633/1633/1633 1632/1632/1632
f 1636/1636/1636 373/373/373 1637/1637/1637
f 422/422/422 1628/1628/1628 1627/1627/1627
f 1618/1618/1618 471/471/471 1619/1619/1619
f 1623/1623/1623 443/443/443 1624/1624/1624
f 1613/1613/1613 499/499/499 1614/1614/1614
f 520/520/520 1610/1610/1610 1609/1609/1609
f 548/548/548 1605/1605/1605 1604/1604/1604
f 576/576/576 1600/1600/1600 1599/1599/1599
f 597/597/597 1596/1596/1596 1595/1595/1595
f 618/618/618 1592/1592/1592 1591/1591/1591
f 619/619/619 1361/1361/1361 1360/1360/1360
f 1361/1361/1361 619/619/619 626/626/626
f 1362/1362/1362 626/626/626 1363/1363/1363
f 640/640/640 1365/1365/1365 1364/1364/1364
f 1365/1365/1365 640/640/640 647/647/647
f 633/633/633 1364/1364/1364 1363/1363/1363
f 654/654/654 1368/1368/1368 1367/1367/1367
f 1368/1368/1368 654/654/654 661/661/661
f 668/668/668 1371/1371/1371 1370/1370/1370
f 675/675/675 1372/1372/1372 1371/1371/1371
f 1369/1369/1369 661/661/661 1370/1370/1370
f 647/647/647 1367/1367/1367 1366/1366/1366
f 1373/1373/1373 682/682/682 1374/1374/1374
f 689/689/689 1375/1375/1375 1374/1374/1374
f 1376/1376/1376 696/696/696 703/703/703
f 1377/1377/1377 703/703/703 1378/1378/1378
f 696/696/696 1376/1376/1376 1375/1375/1375
f 717/717/717 1380/1380/1380 1379/1379/1379
f 1380/1380/1380 717/717/717 724/724/724
f 731/731/731 1383/1383/1383 1382/1382/1382
f 1384/1384/1384 738/738/738 745/745/745
f 738/738/738 1384/1384/1384 1383/1383/1383
f 1381/1381/1381 724/724/724 1382/1382/1382
f 710/710/710 1379/1379/1379 1378/1378/1378
f 1372/1372/1372 675/675/675 682/682/682
f 752/752/752 1387/1387/1387 1386/1386/1386
f 759/759/759 1388/1388/1388 1387/1387/1387
f 1389/1389/1389 766/766/766 1390/1390/1390
f 773/773/773 1391/1391/1391 1390/1390/1390
f 1388/1388/1388 759/759/759 766/766/766
f 1392/1392/1392 780/780/780 787/787/787
f 1393/1393/1393 787/787/787 1394/1394/1394
f 801/801/801 1396/1396/1396 1395/1395/1395
f 1397/1397/1397 808/808/808 815/815/815
f 1396/1396/1396 801/801/801 808/808/808
f 794/794/794 1395/1395/1395 1394/1394/1394
f 780/780/780 1392/1392/1392 1391/1391/1391
f 822/822/822 1400/1400/1400 1399/1399/1399
f 829/829/829 1401/1401/1401 1400/1400/1400
f 1402/1402/1402 836/836/836 1403/1403/1403
f 843/843/843 1404/1404/1404 1403/1403/1403
f 1401/1401/1401 829/829/829 836/836/836
f 1405/1405/1405 850/850/850 857/857/857
f 1406/1406/1406 857/857/857 1407/1407/1407
f 871/871/871 1409/1409/1409 1408/1408/1408
f 1410/1410/1410 878/878/878 1411/1411/1411
f 1409/1409/1409 871/871/871 878/878/878
f 864/864/864 1408/1408/1408 1407/1407/1407
f 850/850/850 1405/1405/1405 1404/1404/1404
f 1398/1398/1398 815/815/815 1399/1399/1399
f 1385/1385/1385 745/745/745 1386/1386/1386
f 640/640/640 1364/1364/1364 633/633/633
f 654/654/654 1367/1367/1367 647/647/647
f 675/675/675 1371/1371/1371 668/668/668
f 696/696/696 1375/1375/1375 689/689/689
f 717/717/717 1379/1379/1379 710/710/710
f 738/738/738 1383/1383/1383 731/731/731
f 759/759/759 1387/1387/1387 752/752/752
f 780/780/780 1391/1391/1391 773/773/773
f 1395/1395/1395 794/794/794 801/801/801
f 829/829/829 1400/1400/1400 822/822/822
f 1413/1413/1413 1412/1412/1412 892/892/892
f 1413/1413/1413 892/892/892 899/899/899
f 1416/1416/1416 1415/1415/1415 906/906/906
f 1417/1417/1417 913/913/913 1418/1418/1418
f 1416/1416/1416 906/906/906 913/913/913
f 1415/1415/1415 1414/1414/1414 899/899/899
f 1418/1418/1418 920/920/920 1419/1419/1419
f 850/850/850 1404/1404/1404 843/843/843
f 871/871/871 1408/1408/1408 864/864/864
f 1412/1412/1412 885/885/885 892/892/892
f 1415/1415/1415 899/899/899 906/906/906
f 885/885/885 1412/1412/1412 1411/1411/1411
f 934/934/934 1421/1421/1421 1420/1420/1420
f 1421/1421/1421 934/934/934 941/941/941
f 948/948/948 1424/1424/1424 1423/1423/1423
f 1424/1424/1424 948/948/948 955/955/955
f 941/941/941 1423/1423/1423 1422/1422/1422
f 962/962/962 1427/1427/1427 1426/1426/1426
f 969/969/969 1428/1428/1428 1427/1427/1427
f 1429/1429/1429 976/976/976 1430/1430/1430
f 983/983/983 1431/1431/1431 1430/1430/1430
f 1428/1428/1428 969/969/969 976/976/976
f 1425/1425/1425 955/955/955 1426/1426/1426
f 1432/1432/1432 990/990/990 997/997/997
f 1433/1433/1433 997/997/997 1434/1434/1434
f 1011/1011/1011 1436/1436/1436 1435/1435/1435
f 1436/1436/1436 1011/1011/1011 1018/1018/1018
f 1004/1004/1004 1435/1435/1435 1434/1434/1434
f 1025/1025/1025 1439/1439/1439 1438/1438/1438
f 1032/1032/1032 1440/1440/1440 1439/1439/1439
f 1441/1441/1441 1039/1039/1039 1442/1442/1442
f 1053/1053/1053 1444/1444/1444 1443/1443/1443
f 1046/1046/1046 1443/1443/1443 1442/1442/1442
f 1440/1440/1440 1032/1032/1032 1039/1039/1039
f 1437/1437/1437 1018/1018/1018 1438/1438/1438
f 990/990/990 1432/1432/1432 1431/1431/1431
f 1445/1445/1445 1060/1060/1060 1446/1446/1446
f 1067/1067/1067 1447/1447/1447 1446/1446/1446
f 1448/1448/1448 1074/1074/1074 1081/1081/1081
f 1449/1449/1449 1081/1081/1081 1450/1450/1450
f 1074/1074/1074 1448/1448/1448 1447/1447/1447
f 1095/1095/1095 1452/1452/1452 1451/1451/1451
f 1452/1452/1452 1095/1095/1095 1102/1102/1102
f 1109/1109/1109 1455/1455/1455 1454/1454/1454
f 1456/1456/1456 1116/1116/1116 1123/1123/1123
f 1116/1116/1116 1456/1456/1456 1455/1455/1455
f 1453/1453/1453 1102/1102/1102 1454/1454/1454
f 1088/1088/1088 1451/1451/1451 1450/1450/1450
f 1130/1130/1130 1459/1459/1459 1458/1458/1458
f 1137/1137/1137 1460/1460/1460 1459/1459/1459
f 1461/1461/1461 1144/1144/1144 1462/1462/1462
f 1462/1462/1462 1151/1151/1151 1463/1463/1463
f 1460/1460/1460 1137/1137/1137 1144/1144/1144
f 1165/1165/1165 1465/1465/1465 1464/1464/1464
f 1465/1465/1465 1165/1165/1165 1172/1172/1172
f 1179/1179/1179 1468/1468/1468 1467/1467/1467
f 1469/1469/1469 1186/1186/1186 1193/1193/1193
f 1186/1186/1186 1469/1469/1469 1468/1468/1468
f 1466/1466/1466 1172/1172/1172 1467/1467/1467
f 1158/1158/1158 1464/1464/1464 1463/1463/1463
f 1457/1457/1457 1123/1123/1123 1458/1458/1458
f 1444/1444/1444 1053/1053/1053 1060/1060/1060
f 934/934/934 1420/1420/1420 927/927/927
f 941/941/941 948/948/948 1423/1423/1423
f 983/983/983 990/990/990 1431/1431/1431
f 962/962/962 969/969/969 1427/1427/1427
f 1025/1025/1025 1032/1032/1032 1439/1439/1439
f 1095/1095/1095 1451/1451/1451 1088/1088/1088
f 1067/1067/1067 1074/1074/1074 1447/1447/1447
f 1046/1046/1046 1053/1053/1053 1443/1443/1443
f 1004/1004/1004 1011/1011/1011 1435/1435/1435
f 1109/1109/1109 1116/1116/1116 1455/1455/1455
f 1130/1130/1130 1137/1137/1137 1459/1459/1459
f 1472/1472/1472 1471/1471/1471 1200/1200/1200
f 1473/1473/1473 1472/1472/1472 1207/1207/1207
f 1475/1475/1475 1474/1474/1474 1214/1214/1214
f 1228/1228/1228 1477/1477/1477 1476/1476/1476
f 1476/1476/1476 1475/1475/1475 1221/1221/1221
f 1473/1473/1473 1207/1207/1207 1474/1474/1474
f 1165/1165/1165 1464/1464/1464 1158/1158/1158
f 1186/1186/1186 1468/1468/1468 1179/1179/1179
f 1472/1472/1472 1200/1200/1200 1207/1207/1207
f 1475/1475/1475 1214/1214/1214 1221/1221/1221
f 1200/1200/1200 1471/1471/1471 1193/1193/1193
f 1477/1477/1477 1228/1228/1228 1235/1235/1235
f 625/625/625 1590/1590/1590 632/632/632
f 632/632/632 1589/1589/1589 1588/1588/1588
f 646/646/646 1586/1586/1586 653/653/653
f 1584/1584/1584 660/660/660 653/653/653
f 639/639/639 1588/1588/1588 1587/1587/1587
f 660/660/660 1584/1584/1584 1583/1583/1583
f 667/667/667 1582/1582/1582 674/674/674
f 681/681/681 1580/1580/1580 1579/1579/1579
f 688/688/688 1578/1578/1578 695/695/695
f 674/674/674 1581/1581/1581 1580/1580/1580
f 1586/1586/1586 646/646/646 1587/1587/1587
f 702/702/702 1576/1576/1576 1575/1575/1575
f 709/709/709 1574/1574/1574 716/716/716
f 723/723/723 1572/1572/1572 1571/1571/1571
f 737/737/737 1569/1569/1569 744/744/744
f 730/730/730 1571/1571/1571 1570/1570/1570
f 716/716/716 1573/1573/1573 723/723/723
f 695/695/695 1577/1577/1577 702/702/702
f 744/744/744 1568/1568/1568 1567/1567/1567
f 1591/1591/1591 1590/1590/1590 625/625/625
f 751/751/751 1567/1567/1567 1566/1566/1566
f 758/758/758 1565/1565/1565 765/765/765
f 772/772/772 1563/1563/1563 1562/1562/1562
f 779/779/779 1562/1562/1562 1561/1561/1561
f 765/765/765 1564/1564/1564 772/772/772
f 793/793/793 1559/1559/1559 800/800/800
f 800/800/800 1558/1558/1558 1557/1557/1557
f 814/814/814 1555/1555/1555 821/821/821
f 828/828/828 1553/1553/1553 1552/1552/1552
f 821/821/821 1554/1554/1554 1553/1553/1553
f 807/807/807 1557/1557/1557 1556/1556/1556
f 786/786/786 1560/1560/1560 793/793/793
f 842/842/842 1550/1550/1550 849/849/849
f 849/849/849 1549/1549/1549 1548/1548/1548
f 863/863/863 1546/1546/1546 870/870/870
f 870/870/870 1545/1545/1545 877/877/877
f 856/856/856 1548/1548/1548 1547/1547/1547
f 884/884/884 1543/1543/1543 1542/1542/1542
f 891/891/891 1541/1541/1541 898/898/898
f 905/905/905 1539/1539/1539 1538/1538/1538
f 919/919/919 1536/1536/1536 1535/1535/1535
f 912/912/912 1537/1537/1537 919/919/919
f 898/898/898 1540/1540/1540 1539/1539/1539
f 877/877/877 1544/1544/1544 1543/1543/1543
f 835/835/835 1551/1551/1551 842/842/842
f 926/926/926 1535/1535/1535 1534/1534/1534
f 667/667/667 1583/1583/1583 1582/1582/1582
f 709/709/709 1575/1575/1575 1574/1574/1574
f 1578/1578/1578 688/688/688 1579/1579/1579
f 1569/1569/1569 737/737/737 1570/1570/1570
f 758/758/758 1566/1566/1566 1565/1565/1565
f 786/786/786 1561/1561/1561 1560/1560/1560
f 814/814/814 1556/1556/1556 1555/1555/1555
f 835/835/835 1552/1552/1552 1551/1551/1551
f 891/891/891 1542/1542/1542 1541/1541/1541
f 1537/1537/1537 912/912/912 1538/1538/1538
f 1546/1546/1546 863/863/863 1547/1547/1547
f 1534/1534/1534 1533/1533/1533 933/933/933
f 940/940/940 1532/1532/1532 947/947/947
f 947/947/947 1531/1531/1531 1530/1530/1530
f 1528/1528/1528 961/961/961 1529/1529/1529
f 961/961/961 1528/1528/1528 968/968/968
f 1529/1529/1529 961/961/961 954/954/954
f 975/975/975 1526/1526/1526 1525/1525/1525
f 982/982/982 1524/1524/1524 989/989/989
f 996/996/996 1522/1522/1522 1521/1521/1521
f 1003/1003/1003 1520/1520/1520 1010/1010/1010
f 989/989/989 1523/1523/1523 1522/1522/1522
f 968/968/968 1527/1527/1527 1526/1526/1526
f 1533/1533/1533 1532/1532/1532 940/940/940
f 1010/1010/1010 1519/1519/1519 1518/1518/1518
f 1529/1529/1529 954/954/954 1530/1530/1530
f 1017/1017/1017 1518/1518/1518 1517/1517/1517
f 1024/1024/1024 1516/1516/1516 1031/1031/1031
f 1031/1031/1031 1515/1515/1515 1038/1038/1038
f 1045/1045/1045 1513/1513/1513 1512/1512/1512
f 1059/1059/1059 1510/1510/1510 1509/1509/1509
f 1052/1052/1052 1511/1511/1511 1059/1059/1059
f 1038/1038/1038 1514/1514/1514 1513/1513/1513
f 1066/1066/1066 1509/1509/1509 1508/1508/1508
f 933/933/933 1533/1533/1533 940/940/940
f 1073/1073/1073 1507/1507/1507 1080/1080/1080
f 1080/1080/1080 1506/1506/1506 1087/1087/1087
f 1094/1094/1094 1504/1504/1504 1503/1503/1503
f 1101/1101/1101 1502/1502/1502 1108/1108/1108
f 1087/1087/1087 1505/1505/1505 1504/1504/1504
f 1122/1122/1122 1499/1499/1499 1498/1498/1498
f 1136/1136/1136 1496/1496/1496 1495/1495/1495
f 1129/1129/1129 1497/1497/1497 1136/1136/1136
f 1115/1115/1115 1500/1500/1500 1499/1499/1499
f 1108/1108/1108 1501/1501/1501 1115/1115/1115
f 1150/1150/1150 1493/1493/1493 1157/1157/1157
f 1157/1157/1157 1492/1492/1492 1164/1164/1164
f 1171/1171/1171 1490/1490/1490 1489/1489/1489
f 1178/1178/1178 1488/1488/1488 1185/1185/1185
f 1164/1164/1164 1491/1491/1491 1490/1490/1490
f 1192/1192/1192 1486/1486/1486 1485/1485/1485
f 1199/1199/1199 1484/1484/1484 1206/1206/1206
f 1213/1213/1213 1482/1482/1482 1481/1481/1481
f 1227/1227/1227 1479/1479/1479 1234/1234/1234
f 1220/1220/1220 1480/1480/1480 1227/1227/1227
f 1206/1206/1206 1483/1483/1483 1213/1213/1213
f 1185/1185/1185 1487/1487/1487 1192/1192/1192
f 1143/1143/1143 1495/1495/1495 1494/1494/1494
f 1234/1234/1234 1478/1478/1478 1243/1243/1243
f 982/982/982 1525/1525/1525 1524/1524/1524
f 1003/1003/1003 1521/1521/1521 1520/1520/1520
f 1024/1024/1024 1517/1517/1517 1516/1516/1516
f 1052/1052/1052 1512/1512/1512 1511/1511/1511
f 1073/1073/1073 1508/1508/1508 1507/1507/1507
f 1129/1129/1129 1498/1498/1498 1497/1497/1497
f 1493/1493/1493 1150/1150/1150 1494/1494/1494
f 1178/1178/1178 1489/1489/1489 1488/1488/1488
f 1199/1199/1199 1485/1485/1485 1484/1484/1484
f 1480/1480/1480 1220/1220/1220 1481/1481/1481
f 1502/1502/1502 1101/1101/1101 1503/1503/1503
f 1710/1710/1710 1709/1709/1709 1705/1705/1705
f 1711/1711/1711 1710/1710/1710 1707/1707/1707
f 1714/1714/1714 1713/1713/1713 1710/1710/1710
f 1715/1715/1715 1714/1714/1714 1711/1711/1711
f 1718/1718/1718 1717/1717/1717 1714/1714/1714
f 1719/1719/1719 1718/1718/1718 1714/1714/1714
f 1722/1722/1722 1721/1721/1721 1718/1718/1718
f 1723/1723/1723 1722/1722/1722 1718/1718/1718
f 1726/1726/1726 1725/1725/1725 1722/1722/1722
f 1727/1727/1727 1726/1726/1726 1723/1723/1723
f 1730/1730/1730 1729/1729/1729 1725/1725/1725
f 1731/1731/1731 1730/1730/1730 1727/1727/1727
f 1734/1734/1734 1733/1733/1733 1729/1729/1729
f 1735/1735/1735 1734/1734/1734 1731/1731/1731
f 1738/1738/1738 1737/1737/1737 1733/1733/1733
f 1739/1739/1739 1738/1738/1738 1735/1735/1735
f 1742/1742/1742 1741/1741/1741 1737/1737/1737
f 1743/1743/1743 1742/1742/1742 1738/1738/1738
f 1746/1746/1746 1745/1745/1745 1741/1741/1741
f 1747/1747/1747 1746/1746/1746 1743/1743/1743
f 1750/1750/1750 1749/1749/1749 1746/1746/1746
f 1751/1751/1751 1750/1750/1750 1746/1746/1746
f 1754/1754/1754 1753/1753/1753 1750/1750/1750
f 1755/1755/1755 1754/1754/1754 1750/1750/1750
f 1758/1758/1758 1757/1757/1757 1753/1753/1753
f 1759/1759/1759 1758/1758/1758 1755/1755/1755
f 1762/1762/1762 1761/1761/1761 1757/1757/1757
f 1763/1763/1763 1762/1762/1762 1759/1759/1759
f 1766/1766/1766 1765/1765/1765 1762/1762/1762
f 1767/1767/1767 1766/1766/1766 1763/1763/1763
f 1770/1770/1770 1769/1769/1769 1765/1765/1765
f 1771/1771/1771 1770/1770/1770 1767/1767/1767
f 1774/1774/1774 1773/1773/1773 1769/1769/1769
f 1775/1775/1775 1774/1774/1774 1771/1771/1771
f 1778/1778/1778 1777/1777/1777 1774/1774/1774
f 1779/1779/1779 1778/1778/1778 1774/1774/1774
f 1782/1782/1782 1781/1781/1781 1778/1778/1778
f 1783/1783/1783 1782/1782/1782 1778/1778/1778
f 1786/1786/1786 1785/1785/1785 1781/1781/1781
f 1787/1787/1787 1786/1786/1786 1782/1782/1782
f 1790/1790/1790 1789/1789/1789 1785/1785/1785
f 1791/1791/1791 1790/1790/1790 1787/1787/1787
f 1794/1794/1794 1793/1793/1793 1789/1789/1789
f 1795/1795/1795 1794/1794/1794 1791/1791/1791
f 1798/1798/1798 1797/1797/1797 1793/1793/1793
f 1799/1799/1799 1798/1798/1798 1795/1795/1795
f 1802/1802/1802 1801/1801/1801 1798/1798/1798
f 1803/1803/1803 1802/1802/1802 1798/1798/1798
f 1806/1806/1806 1805/1805/1805 1802/1802/1802
f 1807/1807/1807 1806/1806/1806 1802/1802/1802
f 1810/1810/1810 1809/1809/1809 1806/1806/1806
f 1811/1811/1811 1810/1810/1810 1807/1807/1807
f 1814/1814/1814 1813/1813/1813 1809/1809/1809
f 1815/1815/1815 1814/1814/1814 1811/1811/1811
f 1818/1818/1818 1817/1817/1817 1813/1813/1813
f 1819/1819/1819 1818/1818/1818 1815/1815/1815
f 1822/1822/1822 1821/1821/1821 1817/1817/1817
f 1823/1823/1823 1822/1822/1822 1819/1819/1819
f 1826/1826/1826 1825/1825/1825 1821/1821/1821
f 1827/1827/1827 1826/1826/1826 1823/1823/1823
f 1830/1830/1830 1829/1829/1829 1825/1825/1825
f 1831/1831/1831 1830/1830/1830 1827/1827/1827
f 1834/1834/1834 1833/1833/1833 1829/1829/1829
f 1835/1835/1835 1834/1834/1834 1830/1830/1830
f 1838/1838/1838 1837/1837/1837 1834/1834/1834
f 1839/1839/1839 1838/1838/1838 1834/1834/1834
f 1842/1842/1842 1841/1841/1841 1838/1838/1838
f 1843/1843/1843 1842/1842/1842 1838/1838/1838
f 1846/1846/1846 1845/1845/1845 1842/1842/1842
f 1847/1847/1847 1846/1846/1846 1842/1842/1842
f 1850/1850/1850 1849/1849/1849 1846/1846/1846
f 1851/1851/1851 1850/1850/1850 1846/1846/1846
f 1854/1854/1854 1853/1853/1853 1850/1850/1850
f 1855/1855/1855 1854/1854/1854 1850/1850/1850
f 1858/1858/1858 1857/1857/1857 1854/1854/1854
f 1859/1859/1859 1858/1858/1858 1854/1854/1854
f 1862/1862/1862 1861/1861/1861 1857/1857/1857
f 1863/1863/1863 1862/1862/1862 1859/1859/1859
f 1866/1866/1866 1865/1865/1865 1862/1862/1862
f 1867/1867/1867 1866/1866/1866 1863/1863/1863
f 1870/1870/1870 1869/1869/1869 1865/1865/1865
f 1871/1871/1871 1870/1870/1870 1866/1866/1866
f 1874/1874/1874 1873/1873/1873 1869/1869/1869
f 1875/1875/1875 1874/1874/1874 1871/1871/1871
f 1878/1878/1878 1877/1877/1877 1874/1874/1874
f 1879/1879/1879 1878/1878/1878 1875/1875/1875
f 1882/1882/1882 1881/1881/1881 1878/1878/1878
f 1883/1883/1883 1882/1882/1882 1878/1878/1878
f 1886/1886/1886 1885/1885/1885 1881/1881/1881
f 1887/1887/1887 1886/1886/1886 1883/1883/1883
f 1890/1890/1890 1889/1889/1889 1886/1886/1886
f 1891/1891/1891 1890/1890/1890 1886/1886/1886
f 1894/1894/1894 1893/1893/1893 1889/1889/1889
f 1895/1895/1895 1894/1894/1894 1890/1890/1890
f 1898/1898/1898 1897/1897/1897 1894/1894/1894
f 1899/1899/1899 1898/1898/1898 1895/1895/1895
f 1902/1902/1902 1901/1901/1901 1898/1898/1898
f 1903/1903/1903 1902/1902/1902 1898/1898/1898
f 1906/1906/1906 1905/1905/1905 1902/1902/1902
f 1907/1907/1907 1906/1906/1906 1903/1903/1903
f 1910/1910/1910 1909/1909/1909 1906/1906/1906
f 1911/1911/1911 1910/1910/1910 1907/1907/1907
f 1914/1914/1914 1913/1913/1913 1909/1909/1909
f 1915/1915/1915 1914/1914/1914 1910/1910/1910
f 1918/1918/1918 1917/1917/1917 1914/1914/1914
f 1919/1919/1919 1918/1918/1918 1914/1914/1914
f 1922/1922/1922 1921/1921/1921 1918/1918/1918
f 1923/1923/1923 1922/1922/1922 1918/1918/1918
f 1926/1926/1926 1925/1925/1925 1922/1922/1922
f 1927/1927/1927 1926/1926/1926 1922/1922/1922
f 1930/1930/1930 1929/1929/1929 1925/1925/1925
f 1931/1931/1931 1930/1930/1930 1927/1927/1927
f 1934/1934/1934 1933/1933/1933 1929/1929/1929
f 1935/1935/1935 1934/1934/1934 1931/1931/1931
f 1938/1938/1938 1937/1937/1937 1933/1933/1933
f 1939/1939/1939 1938/1938/1938 1935/1935/1935
f 1942/1942/1942 1941/1941/1941 1937/1937/1937
f 1943/1943/1943 1942/1942/1942 1938/1938/1938
f 1946/1946/1946 1945/1945/1945 1941/1941/1941
f 1947/1947/1947 1946/1946/1946 1943/1943/1943
f 1950/1950/1950 1949/1949/1949 1946/1946/1946
f 1951/1951/1951 1950/1950/1950 1946/1946/1946
f 1954/1954/1954 1953/1953/1953 1950/1950/1950
f 1955/1955/1955 1954/1954/1954 1950/1950/1950
f 1958/1958/1958 1957/1957/1957 1954/1954/1954
f 1959/1959/1959 1958/1958/1958 1955/1955/1955
f 1962/1962/1962 1961/1961/1961 1958/1958/1958
f 1963/1963/1963 1962/1962/1962 1959/1959/1959
f 1966/1966/1966 1965/1965/1965 1961/1961/1961
f 1967/1967/1967 1966/1966/1966 1963/1963/1963
f 1970/1970/1970 1969/1969/1969 1965/1965/1965
f 1971/1971/1971 1970/1970/1970 1966/1966/1966
f 1974/1974/1974 1973/1973/1973 1970/1970/1970
f 1975/1975/1975 1974/1974/1974 1970/1970/1970
f 1978/1978/1978 1977/1977/1977 1974/1974/1974
f 1979/1979/1979 1978/1978/1978 1974/1974/1974
f 1982/1982/1982 1981/1981/1981 1978/1978/1978
f 1983/1983/1983 1982/1982/1982 1978/1978/1978
f 1986/1986/1986 1985/1985/1985 1982/1982/1982
f 1987/1987/1987 1986/1986/1986 1982/1982/1982
f 1990/1990/1990 1989/1989/1989 1986/1986/1986
f 1991/1991/1991 1990/1990/1990 1986/1986/1986
f 1994/1994/1994 1993/1993/1993 1989/1989/1989
f 1995/1995/1995 1994/1994/1994 1990/1990/1990
f 1998/1998/1998 1997/1997/1997 1994/1994/1994
f 1999/1999/1999 1998/1998/1998 1994/1994/1994
f 2002/2002/2002 2001/2001/2001 1998/1998/1998
f 2003/2003/2003 2002/2002/2002 1998/1998/1998
f 2006/2006/2006 2005/2005/2005 2002/2002/2002
f 2007/2007/2007 2006/2006/2006 2003/2003/2003
f 2010/2010/2010 2009/2009/2009 2005/2005/2005
f 2011/2011/2011 2010/2010/2010 2006/2006/2006
f 2014/2014/2014 2013/2013/2013 2010/2010/2010
f 2015/2015/2015 2014/2014/2014 2010/2010/2010
f 2019/2019/2019 2018/2018/2018 2014/2014/2014
f 2020/2020/2020 2019/2019/2019 2015/2015/2015
f 1705/1705/1705 2022/2022/2022 1704/1704/1704
f 1705/1705/1705 2023/2023/2023 2022/2022/2022
f 1709/1709/1709 2025/2025/2025 2024/2024/2024
f 1713/1713/1713 2026/2026/2026 1709/1709/1709
f 1709/1709/1709 2024/2024/2024 2023/2023/2023
f 2028/2028/2028 2027/2027/2027 1713/1713/1713
f 2029/2029/2029 2028/2028/2028 1713/1713/1713
f 2031/2031/2031 2030/2030/2030 1717/1717/1717
f 2033/2033/2033 2032/2032/2032 1721/1721/1721
f 2032/2032/2032 2031/2031/2031 1717/1717/1717
f 2030/2030/2030 2029/2029/2029 1717/1717/1717
f 2027/2027/2027 2026/2026/2026 1713/1713/1713
f 2035/2035/2035 2034/2034/2034 1721/1721/1721
f 2036/2036/2036 2035/2035/2035 1725/1725/1725
f 2038/2038/2038 2037/2037/2037 1729/1729/1729
f 2040/2040/2040 2039/2039/2039 1729/1729/1729
f 2039/2039/2039 2038/2038/2038 1729/1729/1729
f 2037/2037/2037 2036/2036/2036 1725/1725/1725
f 2042/2042/2042 2041/2041/2041 1733/1733/1733
f 2044/2044/2044 2043/2043/2043 1737/1737/1737
f 2043/2043/2043 2042/2042/2042 1733/1733/1733
f 2046/2046/2046 2045/2045/2045 1737/1737/1737
f 2048/2048/2048 2047/2047/2047 1741/1741/1741
f 2047/2047/2047 2046/2046/2046 1741/1741/1741
f 2045/2045/2045 2044/2044/2044 1737/1737/1737
f 2041/2041/2041 2040/2040/2040 1733/1733/1733
f 2034/2034/2034 2033/2033/2033 1721/1721/1721
f 2050/2050/2050 2049/2049/2049 1745/1745/1745
f 2051/2051/2051 2050/2050/2050 1745/1745/1745
f 2053/2053/2053 2052/2052/2052 1749/1749/1749
f 2055/2055/2055 2054/2054/2054 1749/1749/1749
f 2054/2054/2054 2053/2053/2053 1749/1749/1749
f 2052/2052/2052 2051/2051/2051 1745/1745/1745
f 2023/2023/2023 1705/1705/1705 1709/1709/1709
f 2055/2055/2055 1753/1753/1753 2056/2056/2056
f 2056/2056/2056 1753/1753/1753 2057/2057/2057
f 2058/2058/2058 2057/2057/2057 1753/1753/1753
f 2060/2060/2060 2059/2059/2059 1757/1757/1757
f 2059/2059/2059 2058/2058/2058 1757/1757/1757
f 2060/2060/2060 1757/1757/1757 2061/2061/2061
f 2048/2048/2048 1741/1741/1741 2049/2049/2049
f 2062/2062/2062 2061/2061/2061 1761/1761/1761
f 2063/2063/2063 2062/2062/2062 1761/1761/1761
f 2065/2065/2065 2064/2064/2064 1765/1765/1765
f 2067/2067/2067 2066/2066/2066 1769/1769/1769
f 2066/2066/2066 2065/2065/2065 1765/1765/1765
f 2064/2064/2064 2063/2063/2063 1765/1765/1765
f 2069/2069/2069 2068/2068/2068 1769/1769/1769
f 2071/2071/2071 2070/2070/2070 1773/1773/1773
f 2070/2070/2070 2069/2069/2069 1773/1773/1773
f 2073/2073/2073 2072/2072/2072 1777/1777/1777
f 2075/2075/2075 2074/2074/2074 1777/1777/1777
f 2074/2074/2074 2073/2073/2073 1777/1777/1777
f 2072/2072/2072 2071/2071/2071 1773/1773/1773
f 2068/2068/2068 2067/2067/2067 1769/1769/1769
f 2075/2075/2075 1781/1781/1781 2076/2076/2076
f 2077/2077/2077 2076/2076/2076 1781/1781/1781
f 2078/2078/2078 2077/2077/2077 1781/1781/1781
f 2080/2080/2080 2079/2079/2079 1785/1785/1785
f 2082/2082/2082 2081/2081/2081 1789/1789/1789
f 2081/2081/2081 2080/2080/2080 1785/1785/1785
f 2079/2079/2079 2078/2078/2078 1785/1785/1785
f 2084/2084/2084 2083/2083/2083 1789/1789/1789
f 2085/2085/2085 2084/2084/2084 1793/1793/1793
f 2087/2087/2087 2086/2086/2086 1793/1793/1793
f 2089/2089/2089 2088/2088/2088 1797/1797/1797
f 2088/2088/2088 2087/2087/2087 1797/1797/1797
f 2086/2086/2086 2085/2085/2085 1793/1793/1793
f 2083/2083/2083 2082/2082/2082 1789/1789/1789
f 2091/2091/2091 2090/2090/2090 1801/1801/1801
f 2092/2092/2092 2091/2091/2091 1801/1801/1801
f 2094/2094/2094 2093/2093/2093 1805/1805/1805
f 2096/2096/2096 2095/2095/2095 1805/1805/1805
f 2095/2095/2095 2094/2094/2094 1805/1805/1805
f 2093/2093/2093 2092/2092/2092 1801/1801/1801
f 2098/2098/2098 2097/2097/2097 1809/1809/1809
f 2100/2100/2100 2099/2099/2099 1813/1813/1813
f 2099/2099/2099 2098/2098/2098 1809/1809/1809
f 2102/2102/2102 2101/2101/2101 1817/1817/1817
f 2104/2104/2104 2103/2103/2103 1817/1817/1817
f 2103/2103/2103 2102/2102/2102 1817/1817/1817
f 2101/2101/2101 2100/2100/2100 1813/1813/1813
f 2097/2097/2097 2096/2096/2096 1809/1809/1809
f 2090/2090/2090 2089/2089/2089 1797/1797/1797
f 2106/2106/2106 2105/2105/2105 1821/1821/1821
f 2107/2107/2107 2106/2106/2106 1821/1821/1821
f 2109/2109/2109 2108/2108/2108 1825/1825/1825
f 2111/2111/2111 2110/2110/2110 1829/1829/1829
f 2110/2110/2110 2109/2109/2109 1825/1825/1825
f 2108/2108/2108 2107/2107/2107 1825/1825/1825
f 2113/2113/2113 2112/2112/2112 1829/1829/1829
f 2114/2114/2114 2113/2113/2113 1833/1833/1833
f 2116/2116/2116 2115/2115/2115 1833/1833/1833
f 2118/2118/2118 2117/2117/2117 1837/1837/1837
f 2117/2117/2117 2116/2116/2116 1837/1837/1837
f 2115/2115/2115 2114/2114/2114 1833/1833/1833
f 2112/2112/2112 2111/2111/2111 1829/1829/1829
f 2120/2120/2120 2119/2119/2119 1841/1841/1841
f 2121/2121/2121 2120/2120/2120 1841/1841/1841
f 2123/2123/2123 2122/2122/2122 1845/1845/1845
f 2125/2125/2125 2124/2124/2124 1849/1849/1849
f 2124/2124/2124 2123/2123/2123 1845/1845/1845
f 2122/2122/2122 2121/2121/2121 1841/1841/1841
f 2127/2127/2127 2126/2126/2126 1849/1849/1849
f 2129/2129/2129 2128/2128/2128 1853/1853/1853
f 2128/2128/2128 2127/2127/2127 1853/1853/1853
f 2131/2131/2131 2130/2130/2130 1857/1857/1857
f 2133/2133/2133 2132/2132/2132 1857/1857/1857
f 2132/2132/2132 2131/2131/2131 1857/1857/1857
f 2130/2130/2130 2129/2129/2129 1853/1853/1853
f 2126/2126/2126 2125/2125/2125 1849/1849/1849
f 2119/2119/2119 2118/2118/2118 1837/1837/1837
f 2105/2105/2105 2104/2104/2104 1821/1821/1821
f 2134/2134/2134 2133/2133/2133 1861/1861/1861
f 2029/2029/2029 1713/1713/1713 1717/1717/1717
f 2035/2035/2035 1721/1721/1721 1725/1725/1725
f 2040/2040/2040 1729/1729/1729 1733/1733/1733
f 1729/1729/1729 2037/2037/2037 1725/1725/1725
f 1721/1721/1721 2032/2032/2032 1717/1717/1717
f 1715/1715/1715 1711/1711/1711 1712/1712/1712
f 1719/1719/1719 1715/1715/1715 1720/1720/1720
f 1727/1727/1727 1723/1723/1723 1728/1728/1728
f 1735/1735/1735 1731/1731/1731 1732/1732/1732
f 1731/1731/1731 1727/1727/1727 1732/1732/1732
f 1723/1723/1723 1719/1719/1719 1724/1724/1724
f 1711/1711/1711 1707/1707/1707 1712/1712/1712
f 2046/2046/2046 1737/1737/1737 1741/1741/1741
f 2049/2049/2049 1741/1741/1741 1745/1745/1745
f 2055/2055/2055 1749/1749/1749 1753/1753/1753
f 2061/2061/2061 1757/1757/1757 1761/1761/1761
f 1757/1757/1757 2058/2058/2058 1753/1753/1753
f 1749/1749/1749 2052/2052/2052 1745/1745/1745
f 1747/1747/1747 1743/1743/1743 1748/1748/1748
f 1743/1743/1743 1739/1739/1739 1744/1744/1744
f 2069/2069/2069 1769/1769/1769 1773/1773/1773
f 2075/2075/2075 1777/1777/1777 1781/1781/1781
f 1777/1777/1777 2072/2072/2072 1773/1773/1773
f 1769/1769/1769 2066/2066/2066 1765/1765/1765
f 1765/1765/1765 2063/2063/2063 1761/1761/1761
f 1737/1737/1737 2043/2043/2043 1733/1733/1733
f 1739/1739/1739 1735/1735/1735 1740/1740/1740
f 1752/1752/1752 1756/1756/1756 1755/1755/1755
f 1748/1748/1748 1752/1752/1752 1751/1751/1751
f 1763/1763/1763 1759/1759/1759 1760/1760/1760
f 1767/1767/1767 1763/1763/1763 1768/1768/1768
f 1775/1775/1775 1771/1771/1771 1772/1772/1772
f 1783/1783/1783 1779/1779/1779 1784/1784/1784
f 1779/1779/1779 1775/1775/1775 1780/1780/1780
f 1771/1771/1771 1767/1767/1767 1772/1772/1772
f 1759/1759/1759 1755/1755/1755 1756/1756/1756
f 1784/1784/1784 1788/1788/1788 1787/1787/1787
f 2081/2081/2081 1785/1785/1785 1789/1789/1789
f 2084/2084/2084 1789/1789/1789 1793/1793/1793
f 2090/2090/2090 1797/1797/1797 1801/1801/1801
f 2096/2096/2096 1805/1805/1805 1809/1809/1809
f 1805/1805/1805 2093/2093/2093 1801/1801/1801
f 1797/1797/1797 2087/2087/2087 1793/1793/1793
f 1791/1791/1791 1787/1787/1787 1788/1788/1788
f 1795/1795/1795 1791/1791/1791 1796/1796/1796
f 1803/1803/1803 1799/1799/1799 1800/1800/1800
f 1811/1811/1811 1807/1807/1807 1812/1812/1812
f 1807/1807/1807 1803/1803/1803 1808/1808/1808
f 1799/1799/1799 1795/1795/1795 1800/1800/1800
f 2101/2101/2101 1813/1813/1813 1817/1817/1817
f 2104/2104/2104 1817/1817/1817 1821/1821/1821
f 2110/2110/2110 1825/1825/1825 1829/1829/1829
f 2116/2116/2116 1833/1833/1833 1837/1837/1837
f 1833/1833/1833 2113/2113/2113 1829/1829/1829
f 1825/1825/1825 2107/2107/2107 1821/1821/1821
f 2122/2122/2122 1841/1841/1841 1845/1845/1845
f 1819/1819/1819 1815/1815/1815 1820/1820/1820
f 2127/2127/2127 1849/1849/1849 1853/1853/1853
f 2133/2133/2133 1857/1857/1857 1861/1861/1861
f 1857/1857/1857 2130/2130/2130 1853/1853/1853
f 1849/1849/1849 2124/2124/2124 1845/1845/1845
f 1841/1841/1841 2119/2119/2119 1837/1837/1837
f 1813/1813/1813 2099/2099/2099 1809/1809/1809
f 1815/1815/1815 1811/1811/1811 1816/1816/1816
f 1828/1828/1828 1832/1832/1832 1827/1827/1827
f 1827/1827/1827 1823/1823/1823 1828/1828/1828
f 1820/1820/1820 1824/1824/1824 1819/1819/1819
f 1839/1839/1839 1835/1835/1835 1836/1836/1836
f 1843/1843/1843 1839/1839/1839 1840/1840/1840
f 1851/1851/1851 1847/1847/1847 1852/1852/1852
f 1859/1859/1859 1855/1855/1855 1856/1856/1856
f 1855/1855/1855 1851/1851/1851 1852/1852/1852
f 1847/1847/1847 1843/1843/1843 1848/1848/1848
f 1835/1835/1835 1831/1831/1831 1832/1832/1832
f 1860/1860/1860 1864/1864/1864 1859/1859/1859
f 1785/1785/1785 2078/2078/2078 1781/1781/1781
f 1861/1861/1861 2135/2135/2135 2134/2134/2134
f 1865/1865/1865 2137/2137/2137 2136/2136/2136
f 1865/1865/1865 2139/2139/2139 2138/2138/2138
f 1869/1869/1869 2141/2141/2141 2140/2140/2140
f 1869/1869/1869 2140/2140/2140 2139/2139/2139
f 1865/1865/1865 2138/2138/2138 2137/2137/2137
f 1873/1873/1873 2143/2143/2143 2142/2142/2142
f 2145/2145/2145 2144/2144/2144 1873/1873/1873
f 2147/2147/2147 2146/2146/2146 1877/1877/1877
f 2146/2146/2146 2145/2145/2145 1877/1877/1877
f 2144/2144/2144 2143/2143/2143 1873/1873/1873
f 1869/1869/1869 2142/2142/2142 2141/2141/2141
f 2149/2149/2149 2148/2148/2148 1881/1881/1881
f 2150/2150/2150 2149/2149/2149 1881/1881/1881
f 2152/2152/2152 2151/2151/2151 1885/1885/1885
f 2154/2154/2154 2153/2153/2153 1885/1885/1885
f 2153/2153/2153 2152/2152/2152 1885/1885/1885
f 2151/2151/2151 2150/2150/2150 1881/1881/1881
f 2156/2156/2156 2155/2155/2155 1889/1889/1889
f 2158/2158/2158 2157/2157/2157 1893/1893/1893
f 2157/2157/2157 2156/2156/2156 1889/1889/1889
f 2160/2160/2160 2159/2159/2159 1893/1893/1893
f 2162/2162/2162 2161/2161/2161 1897/1897/1897
f 2161/2161/2161 2160/2160/2160 1897/1897/1897
f 2159/2159/2159 2158/2158/2158 1893/1893/1893
f 2155/2155/2155 2154/2154/2154 1889/1889/1889
f 2148/2148/2148 2147/2147/2147 1877/1877/1877
f 2164/2164/2164 2163/2163/2163 1901/1901/1901
f 2165/2165/2165 2164/2164/2164 1901/1901/1901
f 2167/2167/2167 2166/2166/2166 1905/1905/1905
f 2169/2169/2169 2168/2168/2168 1909/1909/1909
f 2168/2168/2168 2167/2167/2167 1905/1905/1905
f 2166/2166/2166 2165/2165/2165 1905/1905/1905
f 2139/2139/2139 1865/1865/1865 1869/1869/1869
f 2169/2169/2169 1909/1909/1909 2170/2170/2170
f 2170/2170/2170 1909/1909/1909 2171/2171/2171
f 2172/2172/2172 2171/2171/2171 1913/1913/1913
f 2174/2174/2174 2173/2173/2173 1913/1913/1913
f 2173/2173/2173 2172/2172/2172 1913/1913/1913
f 2174/2174/2174 1917/1917/1917 2175/2175/2175
f 2162/2162/2162 1897/1897/1897 2163/2163/2163
f 2176/2176/2176 2175/2175/2175 1917/1917/1917
f 2177/2177/2177 2176/2176/2176 1917/1917/1917
f 2179/2179/2179 2178/2178/2178 1921/1921/1921
f 2181/2181/2181 2180/2180/2180 1925/1925/1925
f 2180/2180/2180 2179/2179/2179 1921/1921/1921
f 2178/2178/2178 2177/2177/2177 1921/1921/1921
f 2183/2183/2183 2182/2182/2182 1925/1925/1925
f 2185/2185/2185 2184/2184/2184 1929/1929/1929
f 2184/2184/2184 2183/2183/2183 1929/1929/1929
f 2187/2187/2187 2186/2186/2186 1933/1933/1933
f 2189/2189/2189 2188/2188/2188 1933/1933/1933
f 2188/2188/2188 2187/2187/2187 1933/1933/1933
f 2186/2186/2186 2185/2185/2185 1929/1929/1929
f 2182/2182/2182 2181/2181/2181 1925/1925/1925
f 2189/2189/2189 1937/1937/1937 2190/2190/2190
f 2191/2191/2191 2190/2190/2190 1937/1937/1937
f 2192/2192/2192 2191/2191/2191 1941/1941/1941
f 2194/2194/2194 2193/2193/2193 1941/1941/1941
f 2196/2196/2196 2195/2195/2195 1945/1945/1945
f 2195/2195/2195 2194/2194/2194 1945/1945/1945
f 2193/2193/2193 2192/2192/2192 1941/1941/1941
f 2198/2198/2198 2197/2197/2197 1949/1949/1949
f 2199/2199/2199 2198/2198/2198 1949/1949/1949
f 2201/2201/2201 2200/2200/2200 1953/1953/1953
f 2203/2203/2203 2202/2202/2202 1953/1953/1953
f 2202/2202/2202 2201/2201/2201 1953/1953/1953
f 2200/2200/2200 2199/2199/2199 1949/1949/1949
f 2197/2197/2197 2196/2196/2196 1945/1945/1945
f 2205/2205/2205 2204/2204/2204 1957/1957/1957
f 2206/2206/2206 2205/2205/2205 1957/1957/1957
f 2208/2208/2208 2207/2207/2207 1961/1961/1961
f 2210/2210/2210 2209/2209/2209 1965/1965/1965
f 2209/2209/2209 2208/2208/2208 1961/1961/1961
f 2207/2207/2207 2206/2206/2206 1961/1961/1961
f 2212/2212/2212 2211/2211/2211 1965/1965/1965
f 2214/2214/2214 2213/2213/2213 1969/1969/1969
f 2213/2213/2213 2212/2212/2212 1969/1969/1969
f 2216/2216/2216 2215/2215/2215 1973/1973/1973
f 2218/2218/2218 2217/2217/2217 1973/1973/1973
f 2217/2217/2217 2216/2216/2216 1973/1973/1973
f 2215/2215/2215 2214/2214/2214 1969/1969/1969
f 2211/2211/2211 2210/2210/2210 1965/1965/1965
f 2204/2204/2204 2203/2203/2203 1957/1957/1957
f 2220/2220/2220 2219/2219/2219 1977/1977/1977
f 2221/2221/2221 2220/2220/2220 1977/1977/1977
f 2223/2223/2223 2222/2222/2222 1981/1981/1981
f 2225/2225/2225 2224/2224/2224 1985/1985/1985
f 2224/2224/2224 2223/2223/2223 1981/1981/1981
f 2222/2222/2222 2221/2221/2221 1981/1981/1981
f 2227/2227/2227 2226/2226/2226 1989/1989/1989
f 2228/2228/2228 2227/2227/2227 1989/1989/1989
f 2230/2230/2230 2229/2229/2229 1993/1993/1993
f 2232/2232/2232 2231/2231/2231 1993/1993/1993
f 2231/2231/2231 2230/2230/2230 1993/1993/1993
f 2229/2229/2229 2228/2228/2228 1989/1989/1989
f 2226/2226/2226 2225/2225/2225 1985/1985/1985
f 2234/2234/2234 2233/2233/2233 1997/1997/1997
f 2235/2235/2235 2234/2234/2234 1997/1997/1997
f 2237/2237/2237 2236/2236/2236 2001/2001/2001
f 2239/2239/2239 2238/2238/2238 2005/2005/2005
f 2238/2238/2238 2237/2237/2237 2001/2001/2001
f 2236/2236/2236 2235/2235/2235 2001/2001/2001
f 2241/2241/2241 2240/2240/2240 2005/2005/2005
f 2243/2243/2243 2242/2242/2242 2009/2009/2009
f 2242/2242/2242 2241/2241/2241 2009/2009/2009
f 2245/2245/2245 2244/2244/2244 2013/2013/2013
f 2247/2247/2247 2246/2246/2246 2013/2013/2013
f 2246/2246/2246 2245/2245/2245 2013/2013/2013
f 2244/2244/2244 2243/2243/2243 2009/2009/2009
f 2240/2240/2240 2239/2239/2239 2005/2005/2005
f 2233/2233/2233 2232/2232/2232 1997/1997/1997
f 2219/2219/2219 2218/2218/2218 1977/1977/1977
f 2017/2017/2017 2247/2247/2247 2018/2018/2018
f 2145/2145/2145 1873/1873/1873 1877/1877/1877
f 2151/2151/2151 1881/1881/1881 1885/1885/1885
f 2157/2157/2157 1889/1889/1889 1893/1893/1893
f 1889/1889/1889 2154/2154/2154 1885/1885/1885
f 1881/1881/1881 2148/2148/2148 1877/1877/1877
f 1871/1871/1871 1867/1867/1867 1872/1872/1872
f 1875/1875/1875 1871/1871/1871 1876/1876/1876
f 1883/1883/1883 1879/1879/1879 1880/1880/1880
f 1891/1891/1891 1887/1887/1887 1888/1888/1888
f 1887/1887/1887 1883/1883/1883 1884/1884/1884
f 1879/1879/1879 1875/1875/1875 1880/1880/1880
f 1867/1867/1867 1863/1863/1863 1864/1864/1864
f 2163/2163/2163 1897/1897/1897 1901/1901/1901
f 2165/2165/2165 1901/1901/1901 1905/1905/1905
f 2171/2171/2171 1909/1909/1909 1913/1913/1913
f 2177/2177/2177 1917/1917/1917 1921/1921/1921
f 1917/1917/1917 2174/2174/2174 1913/1913/1913
f 1909/1909/1909 2168/2168/2168 1905/1905/1905
f 1903/1903/1903 1899/1899/1899 1900/1900/1900
f 1899/1899/1899 1895/1895/1895 1900/1900/1900
f 2186/2186/2186 1929/1929/1929 1933/1933/1933
f 2191/2191/2191 1937/1937/1937 1941/1941/1941
f 1937/1937/1937 2189/2189/2189 1933/1933/1933
f 1929/1929/1929 2183/2183/2183 1925/1925/1925
f 1925/1925/1925 2180/2180/2180 1921/1921/1921
f 1897/1897/1897 2160/2160/2160 1893/1893/1893
f 1895/1895/1895 1891/1891/1891 1896/1896/1896
f 1908/1908/1908 1912/1912/1912 1907/1907/1907
f 1904/1904/1904 1908/1908/1908 1907/1907/1907
f 1919/1919/1919 1915/1915/1915 1916/1916/1916
f 1923/1923/1923 1919/1919/1919 1920/1920/1920
f 1931/1931/1931 1927/1927/1927 1928/1928/1928
f 1939/1939/1939 1935/1935/1935 1936/1936/1936
f 1935/1935/1935 1931/1931/1931 1932/1932/1932
f 1927/1927/1927 1923/1923/1923 1928/1928/1928
f 1915/1915/1915 1911/1911/1911 1912/1912/1912
f 1940/1940/1940 1944/1944/1944 1943/1943/1943
f 2197/2197/2197 1945/1945/1945 1949/1949/1949
f 2200/2200/2200 1949/1949/1949 1953/1953/1953
f 2206/2206/2206 1957/1957/1957 1961/1961/1961
f 2212/2212/2212 1965/1965/1965 1969/1969/1969
f 1965/1965/1965 2209/2209/2209 1961/1961/1961
f 1957/1957/1957 2203/2203/2203 1953/1953/1953
f 1947/1947/1947 1943/1943/1943 1948/1948/1948
f 1951/1951/1951 1947/1947/1947 1948/1948/1948
f 1959/1959/1959 1955/1955/1955 1960/1960/1960
f 1967/1967/1967 1963/1963/1963 1968/1968/1968
f 1963/1963/1963 1959/1959/1959 1964/1964/1964
f 1955/1955/1955 1951/1951/1951 1956/1956/1956
f 2218/2218/2218 1973/1973/1973 1977/1977/1977
f 2221/2221/2221 1977/1977/1977 1981/1981/1981
f 2226/2226/2226 1985/1985/1985 1989/1989/1989
f 2232/2232/2232 1993/1993/1993 1997/1997/1997
f 1993/1993/1993 2229/2229/2229 1989/1989/1989
f 1985/1985/1985 2224/2224/2224 1981/1981/1981
f 1979/1979/1979 1975/1975/1975 1976/1976/1976
f 1975/1975/1975 1971/1971/1971 1972/1972/1972
f 2241/2241/2241 2005/2005/2005 2009/2009/2009
f 2247/2247/2247 2013/2013/2013 2018/2018/2018
f 2013/2013/2013 2244/2244/2244 2009/2009/2009
f 2005/2005/2005 2238/2238/2238 2001/2001/2001
f 2001/2001/2001 2235/2235/2235 1997/1997/1997
f 1973/1973/1973 2215/2215/2215 1969/1969/1969
f 1971/1971/1971 1967/1967/1967 1972/1972/1972
f 1988/1988/1988 1992/1992/1992 1991/1991/1991
f 1987/1987/1987 1983/1983/1983 1984/1984/1984
f 1980/1980/1980 1984/1984/1984 1983/1983/1983
f 1999/1999/1999 1995/1995/1995 1996/1996/1996
f 2003/2003/2003 1999/1999/1999 2000/2000/2000
f 2011/2011/2011 2007/2007/2007 2008/2008/2008
f 2020/2020/2020 2015/2015/2015 2016/2016/2016
f 2015/2015/2015 2011/2011/2011 2012/2012/2012
f 2007/2007/2007 2003/2003/2003 2004/2004/2004
f 1995/1995/1995 1991/1991/1991 1992/1992/1992
f 1945/1945/1945 2194/2194/2194 1941/1941/1941
f 2136/2136/2136 2135/2135/2135 1861/1861/1861
f 2797/2797/2797 2795/2795/2795 2796/2796/2796
f 2493/2493/2493 2797/2797/2797 2787/2787/2787
f 2795/2795/2795 2797/2797/2797 2493/2493/2493
f 2787/2787/2787 2797/2797/2797 2799/2799/2799
f 2797/2797/2797 2796/2796/2796 2798/2798/2798
f 2796/2796/2796 2800/2800/2800 2802/2802/2802
f 2800/2800/2800 2501/2501/2501 2801/2801/2801
f 2800/2800/2800 2495/2495/2495 2501/2501/2501
f 2795/2795/2795 2800/2800/2800 2796/2796/2796
f 2495/2495/2495 2800/2800/2800 2795/2795/2795
f 2803/2803/2803 2500/2500/2500 2503/2503/2503
f 2495/2495/2495 2803/2803/2803 2501/2501/2501
f 2500/2500/2500 2803/2803/2803 2495/2495/2495
f 2501/2501/2501 2803/2803/2803 2805/2805/2805
f 2803/2803/2803 2503/2503/2503 2804/2804/2804
f 2503/2503/2503 2806/2806/2806 2808/2808/2808
f 2806/2806/2806 2502/2502/2502 2807/2807/2807
f 2806/2806/2806 2494/2494/2494 2502/2502/2502
f 2500/2500/2500 2806/2806/2806 2503/2503/2503
f 2494/2494/2494 2806/2806/2806 2500/2500/2500
f 2780/2780/2780 2777/2777/2777 2779/2779/2779
f 2750/2750/2750 2780/2780/2780 2768/2768/2768
f 2777/2777/2777 2780/2780/2780 2750/2750/2750
f 2768/2768/2768 2780/2780/2780 2782/2782/2782
f 2780/2780/2780 2779/2779/2779 2781/2781/2781
f 2779/2779/2779 2783/2783/2783 2785/2785/2785
f 2783/2783/2783 2778/2778/2778 2784/2784/2784
f 2783/2783/2783 2770/2770/2770 2778/2778/2778
f 2777/2777/2777 2783/2783/2783 2779/2779/2779
f 2770/2770/2770 2783/2783/2783 2777/2777/2777
f 2789/2789/2789 2786/2786/2786 2788/2788/2788
f 2770/2770/2770 2789/2789/2789 2778/2778/2778
f 2786/2786/2786 2789/2789/2789 2770/2770/2770
f 2778/2778/2778 2789/2789/2789 2791/2791/2791
f 2789/2789/2789 2788/2788/2788 2790/2790/2790
f 2788/2788/2788 2792/2792/2792 2794/2794/2794
f 2792/2792/2792 2787/2787/2787 2793/2793/2793
f 2792/2792/2792 2493/2493/2493 2787/2787/2787
f 2786/2786/2786 2792/2792/2792 2788/2788/2788
f 2493/2493/2493 2792/2792/2792 2786/2786/2786
f 2761/2761/2761 2758/2758/2758 2760/2760/2760
f 2730/2730/2730 2761/2761/2761 2748/2748/2748
f 2758/2758/2758 2761/2761/2761 2730/2730/2730
f 2748/2748/2748 2761/2761/2761 2763/2763/2763
f 2761/2761/2761 2760/2760/2760 2762/2762/2762
f 2760/2760/2760 2764/2764/2764 2766/2766/2766
f 2764/2764/2764 2759/2759/2759 2765/2765/2765
f 2764/2764/2764 2751/2751/2751 2759/2759/2759
f 2758/2758/2758 2764/2764/2764 2760/2760/2760
f 2751/2751/2751 2764/2764/2764 2758/2758/2758
f 2771/2771/2771 2767/2767/2767 2769/2769/2769
f 2751/2751/2751 2771/2771/2771 2759/2759/2759
f 2767/2767/2767 2771/2771/2771 2751/2751/2751
f 2759/2759/2759 2771/2771/2771 2773/2773/2773
f 2771/2771/2771 2769/2769/2769 2772/2772/2772
f 2769/2769/2769 2774/2774/2774 2776/2776/2776
f 2774/2774/2774 2768/2768/2768 2775/2775/2775
f 2774/2774/2774 2750/2750/2750 2768/2768/2768
f 2767/2767/2767 2774/2774/2774 2769/2769/2769
f 2750/2750/2750 2774/2774/2774 2767/2767/2767
f 2741/2741/2741 2738/2738/2738 2740/2740/2740
f 2710/2710/2710 2741/2741/2741 2728/2728/2728
f 2738/2738/2738 2741/2741/2741 2710/2710/2710
f 2728/2728/2728 2741/2741/2741 2743/2743/2743
f 2741/2741/2741 2740/2740/2740 2742/2742/2742
f 2740/2740/2740 2744/2744/2744 2746/2746/2746
f 2744/2744/2744 2739/2739/2739 2745/2745/2745
f 2744/2744/2744 2731/2731/2731 2739/2739/2739
f 2738/2738/2738 2744/2744/2744 2740/2740/2740
f 2731/2731/2731 2744/2744/2744 2738/2738/2738
f 2752/2752/2752 2747/2747/2747 2749/2749/2749
f 2731/2731/2731 2752/2752/2752 2739/2739/2739
f 2747/2747/2747 2752/2752/2752 2731/2731/2731
f 2739/2739/2739 2752/2752/2752 2754/2754/2754
f 2752/2752/2752 2749/2749/2749 2753/2753/2753
f 2749/2749/2749 2755/2755/2755 2757/2757/2757
f 2755/2755/2755 2748/2748/2748 2756/2756/2756
f 2755/2755/2755 2730/2730/2730 2748/2748/2748
f 2747/2747/2747 2755/2755/2755 2749/2749/2749
f 2730/2730/2730 2755/2755/2755 2747/2747/2747
f 2721/2721/2721 2718/2718/2718 2720/2720/2720
f 2690/2690/2690 2721/2721/2721 2708/2708/2708
f 2718/2718/2718 2721/2721/2721 2690/2690/2690
f 2708/2708/2708 2721/2721/2721 2723/2723/2723
f 2721/2721/2721 2720/2720/2720 2722/2722/2722
f 2720/2720/2720 2724/2724/2724 2726/2726/2726
f 2724/2724/2724 2719/2719/2719 2725/2725/2725
f 2724/2724/2724 2711/2711/2711 2719/2719/2719
f 2718/2718/2718 2724/2724/2724 2720/2720/2720
f 2711/2711/2711 2724/2724/2724 2718/2718/2718
f 2732/2732/2732 2727/2727/2727 2729/2729/2729
f 2711/2711/2711 2732/2732/2732 2719/2719/2719
f 2727/2727/2727 2732/2732/2732 2711/2711/2711
f 2719/2719/2719 2732/2732/2732 2734/2734/2734
f 2732/2732/2732 2729/2729/2729 2733/2733/2733
f 2729/2729/2729 2735/2735/2735 2737/2737/2737
f 2735/2735/2735 2728/2728/2728 2736/2736/2736
f 2735/2735/2735 2710/2710/2710 2728/2728/2728
f 2727/2727/2727 2735/2735/2735 2729/2729/2729
f 2710/2710/2710 2735/2735/2735 2727/2727/2727
f 2701/2701/2701 2698/2698/2698 2700/2700/2700
f 2670/2670/2670 2701/2701/2701 2688/2688/2688
f 2698/2698/2698 2701/2701/2701 2670/2670/2670
f 2688/2688/2688 2701/2701/2701 2703/2703/2703
f 2701/2701/2701 2700/2700/2700 2702/2702/2702
f 2700/2700/2700 2704/2704/2704 2706/2706/2706
f 2704/2704/2704 2699/2699/2699 2705/2705/2705
f 2704/2704/2704 2691/2691/2691 2699/2699/2699
f 2698/2698/2698 2704/2704/2704 2700/2700/2700
f 2691/2691/2691 2704/2704/2704 2698/2698/2698
f 2712/2712/2712 2707/2707/2707 2709/2709/2709
f 2691/2691/2691 2712/2712/2712 2699/2699/2699
f 2707/2707/2707 2712/2712/2712 2691/2691/2691
f 2699/2699/2699 2712/2712/2712 2714/2714/2714
f 2712/2712/2712 2709/2709/2709 2713/2713/2713
f 2709/2709/2709 2715/2715/2715 2717/2717/2717
f 2715/2715/2715 2708/2708/2708 2716/2716/2716
f 2715/2715/2715 2690/2690/2690 2708/2708/2708
f 2707/2707/2707 2715/2715/2715 2709/2709/2709
f 2690/2690/2690 2715/2715/2715 2707/2707/2707
f 2681/2681/2681 2678/2678/2678 2680/2680/2680
f 2650/2650/2650 2681/2681/2681 2668/2668/2668
f 2678/2678/2678 2681/2681/2681 2650/2650/2650
f 2668/2668/2668 2681/2681/2681 2683/2683/2683
f 2681/2681/2681 2680/2680/2680 2682/2682/2682
f 2680/2680/2680 2684/2684/2684 2686/2686/2686
f 2684/2684/2684 2679/2679/2679 2685/2685/2685
f 2684/2684/2684 2671/2671/2671 2679/2679/2679
f 2678/2678/2678 2684/2684/2684 2680/2680/2680
f 2671/2671/2671 2684/2684/2684 2678/2678/2678
f 2692/2692/2692 2687/2687/2687 2689/2689/2689
f 2671/2671/2671 2692/2692/2692 2679/2679/2679
f 2687/2687/2687 2692/2692/2692 2671/2671/2671
f 2679/2679/2679 2692/2692/2692 2694/2694/2694
f 2692/2692/2692 2689/2689/2689 2693/2693/2693
f 2689/2689/2689 2695/2695/2695 2697/2697/2697
f 2695/2695/2695 2688/2688/2688 2696/2696/2696
f 2695/2695/2695 2670/2670/2670 2688/2688/2688
f 2687/2687/2687 2695/2695/2695 2689/2689/2689
f 2670/2670/2670 2695/2695/2695 2687/2687/2687
f 2661/2661/2661 2658/2658/2658 2660/2660/2660
f 2630/2630/2630 2661/2661/2661 2648/2648/2648
f 2658/2658/2658 2661/2661/2661 2630/2630/2630
f 2648/2648/2648 2661/2661/2661 2663/2663/2663
f 2661/2661/2661 2660/2660/2660 2662/2662/2662
f 2660/2660/2660 2664/2664/2664 2666/2666/2666
f 2664/2664/2664 2659/2659/2659 2665/2665/2665
f 2664/2664/2664 2651/2651/2651 2659/2659/2659
f 2658/2658/2658 2664/2664/2664 2660/2660/2660
f 2651/2651/2651 2664/2664/2664 2658/2658/2658
f 2672/2672/2672 2667/2667/2667 2669/2669/2669
f 2651/2651/2651 2672/2672/2672 2659/2659/2659
f 2667/2667/2667 2672/2672/2672 2651/2651/2651
f 2659/2659/2659 2672/2672/2672 2674/2674/2674
f 2672/2672/2672 2669/2669/2669 2673/2673/2673
f 2669/2669/2669 2675/2675/2675 2677/2677/2677
f 2675/2675/2675 2668/2668/2668 2676/2676/2676
f 2675/2675/2675 2650/2650/2650 2668/2668/2668
f 2667/2667/2667 2675/2675/2675 2669/2669/2669
f 2650/2650/2650 2675/2675/2675 2667/2667/2667
f 2641/2641/2641 2638/2638/2638 2640/2640/2640
f 2610/2610/2610 2641/2641/2641 2628/2628/2628
f 2638/2638/2638 2641/2641/2641 2610/2610/2610
f 2628/2628/2628 2641/2641/2641 2643/2643/2643
f 2641/2641/2641 2640/2640/2640 2642/2642/2642
f 2640/2640/2640 2644/2644/2644 2646/2646/2646
f 2644/2644/2644 2639/2639/2639 2645/2645/2645
f 2644/2644/2644 2631/2631/2631 2639/2639/2639
f 2638/2638/2638 2644/2644/2644 2640/2640/2640
f 2631/2631/2631 2644/2644/2644 2638/2638/2638
f 2652/2652/2652 2647/2647/2647 2649/2649/2649
f 2631/2631/2631 2652/2652/2652 2639/2639/2639
f 2647/2647/2647 2652/2652/2652 2631/2631/2631
f 2639/2639/2639 2652/2652/2652 2654/2654/2654
f 2652/2652/2652 2649/2649/2649 2653/2653/2653
f 2649/2649/2649 2655/2655/2655 2657/2657/2657
f 2655/2655/2655 2648/2648/2648 2656/2656/2656
f 2655/2655/2655 2630/2630/2630 2648/2648/2648
f 2647/2647/2647 2655/2655/2655 2649/2649/2649
f 2630/2630/2630 2655/2655/2655 2647/2647/2647
f 2621/2621/2621 2618/2618/2618 2620/2620/2620
f 2590/2590/2590 2621/2621/2621 2608/2608/2608
f 2618/2618/2618 2621/2621/2621 2590/2590/2590
f 2608/2608/2608 2621/2621/2621 2623/2623/2623
f 2621/2621/2621 2620/2620/2620 2622/2622/2622
f 2620/2620/2620 2624/2624/2624 2626/2626/2626
f 2624/2624/2624 2619/2619/2619 2625/2625/2625
f 2624/2624/2624 2611/2611/2611 2619/2619/2619
f 2618/2618/2618 2624/2624/2624 2620/2620/2620
f 2611/2611/2611 2624/2624/2624 2618/2618/2618
f 2632/2632/2632 2627/2627/2627 2629/2629/2629
f 2611/2611/2611 2632/2632/2632 2619/2619/2619
f 2627/2627/2627 2632/2632/2632 2611/2611/2611
f 2619/2619/2619 2632/2632/2632 2634/2634/2634
f 2632/2632/2632 2629/2629/2629 2633/2633/2633
f 2629/2629/2629 2635/2635/2635 2637/2637/2637
f 2635/2635/2635 2628/2628/2628 2636/2636/2636
f 2635/2635/2635 2610/2610/2610 2628/2628/2628
f 2627/2627/2627 2635/2635/2635 2629/2629/2629
f 2610/2610/2610 2635/2635/2635 2627/2627/2627
f 2601/2601/2601 2598/2598/2598 2600/2600/2600
f 2570/2570/2570 2601/2601/2601 2588/2588/2588
f 2598/2598/2598 2601/2601/2601 2570/2570/2570
f 2588/2588/2588 2601/2601/2601 2603/2603/2603
f 2601/2601/2601 2600/2600/2600 2602/2602/2602
f 2600/2600/2600 2604/2604/2604 2606/2606/2606
f 2604/2604/2604 2599/2599/2599 2605/2605/2605
f 2604/2604/2604 2591/2591/2591 2599/2599/2599
f 2598/2598/2598 2604/2604/2604 2600/2600/2600
f 2591/2591/2591 2604/2604/2604 2598/2598/2598
f 2612/2612/2612 2607/2607/2607 2609/2609/2609
f 2591/2591/2591 2612/2612/2612 2599/2599/2599
f 2607/2607/2607 2612/2612/2612 2591/2591/2591
f 2599/2599/2599 2612/2612/2612 2614/2614/2614
f 2612/2612/2612 2609/2609/2609 2613/2613/2613
f 2609/2609/2609 2615/2615/2615 2617/2617/2617
f 2615/2615/2615 2608/2608/2608 2616/2616/2616
f 2615/2615/2615 2590/2590/2590 2608/2608/2608
f 2607/2607/2607 2615/2615/2615 2609/2609/2609
f 2590/2590/2590 2615/2615/2615 2607/2607/2607
f 2581/2581/2581 2578/2578/2578 2580/2580/2580
f 2550/2550/2550 2581/2581/2581 2568/2568/2568
f 2578/2578/2578 2581/2581/2581 2550/2550/2550
f 2568/2568/2568 2581/2581/2581 2583/2583/2583
f 2581/2581/2581 2580/2580/2580 2582/2582/2582
f 2580/2580/2580 2584/2584/2584 2586/2586/2586
f 2584/2584/2584 2579/2579/2579 2585/2585/2585
f 2584/2584/2584 2571/2571/2571 2579/2579/2579
f 2578/2578/2578 2584/2584/2584 2580/2580/2580
f 2571/2571/2571 2584/2584/2584 2578/2578/2578
f 2592/2592/2592 2587/2587/2587 2589/2589/2589
f 2571/2571/2571 2592/2592/2592 2579/2579/2579
f 2587/2587/2587 2592/2592/2592 2571/2571/2571
f 2579/2579/2579 2592/2592/2592 2594/2594/2594
f 2592/2592/2592 2589/2589/2589 2593/2593/2593
f 2589/2589/2589 2595/2595/2595 2597/2597/2597
f 2595/2595/2595 2588/2588/2588 2596/2596/2596
f 2595/2595/2595 2570/2570/2570 2588/2588/2588
f 2587/2587/2587 2595/2595/2595 2589/2589/2589
f 2570/2570/2570 2595/2595/2595 2587/2587/2587
f 2561/2561/2561 2558/2558/2558 2560/2560/2560
f 2530/2530/2530 2561/2561/2561 2548/2548/2548
f 2558/2558/2558 2561/2561/2561 2530/2530/2530
f 2548/2548/2548 2561/2561/2561 2563/2563/2563
f 2561/2561/2561 2560/2560/2560 2562/2562/2562
f 2560/2560/2560 2564/2564/2564 2566/2566/2566
f 2564/2564/2564 2559/2559/2559 2565/2565/2565
f 2564/2564/2564 2551/2551/2551 2559/2559/2559
f 2558/2558/2558 2564/2564/2564 2560/2560/2560
f 2551/2551/2551 2564/2564/2564 2558/2558/2558
f 2572/2572/2572 2567/2567/2567 2569/2569/2569
f 2551/2551/2551 2572/2572/2572 2559/2559/2559
f 2567/2567/2567 2572/2572/2572 2551/2551/2551
f 2559/2559/2559 2572/2572/2572 2574/2574/2574
f 2572/2572/2572 2569/2569/2569 2573/2573/2573
f 2569/2569/2569 2575/2575/2575 2577/2577/2577
f 2575/2575/2575 2568/2568/2568 2576/2576/2576
f 2575/2575/2575 2550/2550/2550 2568/2568/2568
f 2567/2567/2567 2575/2575/2575 2569/2569/2569
f 2550/2550/2550 2575/2575/2575 2567/2567/2567
f 2541/2541/2541 2538/2538/2538 2540/2540/2540
f 2510/2510/2510 2541/2541/2541 2528/2528/2528
f 2538/2538/2538 2541/2541/2541 2510/2510/2510
f 2528/2528/2528 2541/2541/2541 2543/2543/2543
f 2541/2541/2541 2540/2540/2540 2542/2542/2542
f 2540/2540/2540 2544/2544/2544 2546/2546/2546
f 2544/2544/2544 2539/2539/2539 2545/2545/2545
f 2544/2544/2544 2531/2531/2531 2539/2539/2539
f 2538/2538/2538 2544/2544/2544 2540/2540/2540
f 2531/2531/2531 2544/2544/2544 2538/2538/2538
f 2552/2552/2552 2547/2547/2547 2549/2549/2549
f 2531/2531/2531 2552/2552/2552 2539/2539/2539
f 2547/2547/2547 2552/2552/2552 2531/2531/2531
f 2539/2539/2539 2552/2552/2552 2554/2554/2554
f 2552/2552/2552 2549/2549/2549 2553/2553/2553
f 2549/2549/2549 2555/2555/2555 2557/2557/2557
f 2555/2555/2555 2548/2548/2548 2556/2556/2556
f 2555/2555/2555 2530/2530/2530 2548/2548/2548
f 2547/2547/2547 2555/2555/2555 2549/2549/2549
f 2530/2530/2530 2555/2555/2555 2547/2547/2547
f 2521/2521/2521 2518/2518/2518 2520/2520/2520
f 2487/2487/2487 2521/2521/2521 2508/2508/2508
f 2518/2518/2518 2521/2521/2521 2487/2487/2487
f 2508/2508/2508 2521/2521/2521 2523/2523/2523
f 2521/2521/2521 2520/2520/2520 2522/2522/2522
f 2520/2520/2520 2524/2524/2524 2526/2526/2526
f 2524/2524/2524 2519/2519/2519 2525/2525/2525
f 2524/2524/2524 2511/2511/2511 2519/2519/2519
f 2518/2518/2518 2524/2524/2524 2520/2520/2520
f 2511/2511/2511 2524/2524/2524 2518/2518/2518
f 2532/2532/2532 2527/2527/2527 2529/2529/2529
f 2511/2511/2511 2532/2532/2532 2519/2519/2519
f 2527/2527/2527 2532/2532/2532 2511/2511/2511
f 2519/2519/2519 2532/2532/2532 2534/2534/2534
f 2532/2532/2532 2529/2529/2529 2533/2533/2533
f 2529/2529/2529 2535/2535/2535 2537/2537/2537
f 2535/2535/2535 2528/2528/2528 2536/2536/2536
f 2535/2535/2535 2510/2510/2510 2528/2528/2528
f 2527/2527/2527 2535/2535/2535 2529/2529/2529
f 2510/2510/2510 2535/2535/2535 2527/2527/2527
f 2496/2496/2496 2489/2489/2489 2492/2492/2492
f 2486/2486/2486 2496/2496/2496 2490/2490/2490
f 2489/2489/2489 2496/2496/2496 2486/2486/2486
f 2490/2490/2490 2496/2496/2496 2499/2499/2499
f 2496/2496/2496 2492/2492/2492 2498/2498/2498
f 2492/2492/2492 2504/2504/2504 2506/2506/2506
f 2504/2504/2504 2491/2491/2491 2505/2505/2505
f 2504/2504/2504 2488/2488/2488 2491/2491/2491
f 2489/2489/2489 2504/2504/2504 2492/2492/2492
f 2488/2488/2488 2504/2504/2504 2489/2489/2489
f 2512/2512/2512 2507/2507/2507 2509/2509/2509
f 2488/2488/2488 2512/2512/2512 2491/2491/2491
f 2507/2507/2507 2512/2512/2512 2488/2488/2488
f 2491/2491/2491 2512/2512/2512 2514/2514/2514
f 2512/2512/2512 2509/2509/2509 2513/2513/2513
f 2509/2509/2509 2515/2515/2515 2517/2517/2517
f 2515/2515/2515 2508/2508/2508 2516/2516/2516
f 2515/2515/2515 2487/2487/2487 2508/2508/2508
f 2507/2507/2507 2515/2515/2515 2509/2509/2509
f 2487/2487/2487 2515/2515/2515 2507/2507/2507
f 2807/2807/2807 2248/2248/2248 2485/2485/2485
f 2808/2808/2808 2485/2485/2485 2484/2484/2484
f 2804/2804/2804 2483/2483/2483 2482/2482/2482
f 2805/2805/2805 2482/2482/2482 2481/2481/2481
f 2483/2483/2483 2804/2804/2804 2808/2808/2808
f 2801/2801/2801 2480/2480/2480 2479/2479/2479
f 2801/2801/2801 2479/2479/2479 2478/2478/2478
f 2802/2802/2802 2477/2477/2477 2476/2476/2476
f 2798/2798/2798 2475/2475/2475 2474/2474/2474
f 2475/2475/2475 2798/2798/2798 2476/2476/2476
f 2477/2477/2477 2802/2802/2802 2478/2478/2478
f 2480/2480/2480 2805/2805/2805 2481/2481/2481
f 2799/2799/2799 2473/2473/2473 2472/2472/2472
f 2793/2793/2793 2472/2472/2472 2471/2471/2471
f 2794/2794/2794 2470/2470/2470 2469/2469/2469
f 2790/2790/2790 2468/2468/2468 2467/2467/2467
f 2468/2468/2468 2790/2790/2790 2469/2469/2469
f 2470/2470/2470 2794/2794/2794 2793/2793/2793
f 2791/2791/2791 2466/2466/2466 2465/2465/2465
f 2784/2784/2784 2465/2465/2465 2464/2464/2464
f 2785/2785/2785 2463/2463/2463 2462/2462/2462
f 2781/2781/2781 2461/2461/2461 2460/2460/2460
f 2461/2461/2461 2785/2785/2785 2462/2462/2462
f 2463/2463/2463 2784/2784/2784 2464/2464/2464
f 2466/2466/2466 2791/2791/2791 2467/2467/2467
f 2473/2473/2473 2799/2799/2799 2474/2474/2474
f 2782/2782/2782 2459/2459/2459 2458/2458/2458
f 2782/2782/2782 2458/2458/2458 2457/2457/2457
f 2775/2775/2775 2456/2456/2456 2455/2455/2455
f 2776/2776/2776 2454/2454/2454 2453/2453/2453
f 2454/2454/2454 2776/2776/2776 2455/2455/2455
f 2456/2456/2456 2775/2775/2775 2457/2457/2457
f 2451/2451/2451 2773/2773/2773 2772/2772/2772
f 2773/2773/2773 2451/2451/2451 2450/2450/2450
f 2765/2765/2765 2449/2449/2449 2448/2448/2448
f 2766/2766/2766 2447/2447/2447 2446/2446/2446
f 2447/2447/2447 2766/2766/2766 2448/2448/2448
f 2449/2449/2449 2765/2765/2765 2450/2450/2450
f 2452/2452/2452 2772/2772/2772 2453/2453/2453
f 2762/2762/2762 2445/2445/2445 2444/2444/2444
f 2763/2763/2763 2444/2444/2444 2443/2443/2443
f 2756/2756/2756 2442/2442/2442 2441/2441/2441
f 2757/2757/2757 2440/2440/2440 2439/2439/2439
f 2440/2440/2440 2756/2756/2756 2441/2441/2441
f 2442/2442/2442 2763/2763/2763 2443/2443/2443
f 2753/2753/2753 2438/2438/2438 2437/2437/2437
f 2754/2754/2754 2437/2437/2437 2436/2436/2436
f 2745/2745/2745 2435/2435/2435 2434/2434/2434
f 2746/2746/2746 2433/2433/2433 2432/2432/2432
f 2433/2433/2433 2745/2745/2745 2434/2434/2434
f 2435/2435/2435 2754/2754/2754 2436/2436/2436
f 2438/2438/2438 2753/2753/2753 2757/2757/2757
f 2445/2445/2445 2762/2762/2762 2446/2446/2446
f 2459/2459/2459 2781/2781/2781 2460/2460/2460
f 2742/2742/2742 2431/2431/2431 2430/2430/2430
f 2743/2743/2743 2430/2430/2430 2429/2429/2429
f 2736/2736/2736 2428/2428/2428 2427/2427/2427
f 2737/2737/2737 2426/2426/2426 2425/2425/2425
f 2426/2426/2426 2737/2737/2737 2736/2736/2736
f 2428/2428/2428 2743/2743/2743 2429/2429/2429
f 2733/2733/2733 2424/2424/2424 2423/2423/2423
f 2734/2734/2734 2423/2423/2423 2422/2422/2422
f 2725/2725/2725 2421/2421/2421 2420/2420/2420
f 2726/2726/2726 2419/2419/2419 2418/2418/2418
f 2419/2419/2419 2725/2725/2725 2420/2420/2420
f 2421/2421/2421 2734/2734/2734 2422/2422/2422
f 2424/2424/2424 2733/2733/2733 2425/2425/2425
f 2722/2722/2722 2417/2417/2417 2416/2416/2416
f 2415/2415/2415 2723/2723/2723 2416/2416/2416
f 2716/2716/2716 2414/2414/2414 2413/2413/2413
f 2717/2717/2717 2412/2412/2412 2411/2411/2411
f 2412/2412/2412 2716/2716/2716 2413/2413/2413
f 2414/2414/2414 2723/2723/2723 2415/2415/2415
f 2713/2713/2713 2410/2410/2410 2409/2409/2409
f 2713/2713/2713 2409/2409/2409 2408/2408/2408
f 2714/2714/2714 2407/2407/2407 2406/2406/2406
f 2705/2705/2705 2405/2405/2405 2404/2404/2404
f 2405/2405/2405 2705/2705/2705 2406/2406/2406
f 2407/2407/2407 2714/2714/2714 2408/2408/2408
f 2410/2410/2410 2717/2717/2717 2411/2411/2411
f 2417/2417/2417 2726/2726/2726 2418/2418/2418
f 2706/2706/2706 2403/2403/2403 2402/2402/2402
f 2702/2702/2702 2402/2402/2402 2401/2401/2401
f 2703/2703/2703 2400/2400/2400 2399/2399/2399
f 2696/2696/2696 2398/2398/2398 2397/2397/2397
f 2398/2398/2398 2703/2703/2703 2399/2399/2399
f 2400/2400/2400 2702/2702/2702 2401/2401/2401
f 2697/2697/2697 2396/2396/2396 2395/2395/2395
f 2693/2693/2693 2395/2395/2395 2394/2394/2394
f 2694/2694/2694 2393/2393/2393 2392/2392/2392
f 2685/2685/2685 2391/2391/2391 2390/2390/2390
f 2391/2391/2391 2694/2694/2694 2392/2392/2392
f 2393/2393/2393 2693/2693/2693 2394/2394/2394
f 2396/2396/2396 2697/2697/2697 2397/2397/2397
f 2686/2686/2686 2389/2389/2389 2388/2388/2388
f 2686/2686/2686 2388/2388/2388 2387/2387/2387
f 2682/2682/2682 2386/2386/2386 2385/2385/2385
f 2683/2683/2683 2384/2384/2384 2383/2383/2383
f 2384/2384/2384 2683/2683/2683 2385/2385/2385
f 2386/2386/2386 2682/2682/2682 2387/2387/2387
f 2381/2381/2381 2677/2677/2677 2382/2382/2382
f 2677/2677/2677 2381/2381/2381 2380/2380/2380
f 2673/2673/2673 2379/2379/2379 2378/2378/2378
f 2674/2674/2674 2377/2377/2377 2376/2376/2376
f 2377/2377/2377 2674/2674/2674 2378/2378/2378
f 2379/2379/2379 2673/2673/2673 2380/2380/2380
f 2382/2382/2382 2676/2676/2676 2383/2383/2383
f 2389/2389/2389 2685/2685/2685 2390/2390/2390
f 2403/2403/2403 2706/2706/2706 2404/2404/2404
f 2431/2431/2431 2742/2742/2742 2746/2746/2746
f 2374/2374/2374 2666/2666/2666 2665/2665/2665
f 2666/2666/2666 2374/2374/2374 2373/2373/2373
f 2662/2662/2662 2372/2372/2372 2371/2371/2371
f 2663/2663/2663 2370/2370/2370 2369/2369/2369
f 2370/2370/2370 2663/2663/2663 2371/2371/2371
f 2372/2372/2372 2662/2662/2662 2373/2373/2373
f 2657/2657/2657 2368/2368/2368 2367/2367/2367
f 2657/2657/2657 2367/2367/2367 2366/2366/2366
f 2653/2653/2653 2365/2365/2365 2364/2364/2364
f 2654/2654/2654 2363/2363/2363 2362/2362/2362
f 2363/2363/2363 2654/2654/2654 2364/2364/2364
f 2365/2365/2365 2653/2653/2653 2366/2366/2366
f 2368/2368/2368 2656/2656/2656 2369/2369/2369
f 2360/2360/2360 2646/2646/2646 2361/2361/2361
f 2646/2646/2646 2360/2360/2360 2359/2359/2359
f 2642/2642/2642 2358/2358/2358 2357/2357/2357
f 2643/2643/2643 2356/2356/2356 2355/2355/2355
f 2356/2356/2356 2643/2643/2643 2357/2357/2357
f 2358/2358/2358 2642/2642/2642 2359/2359/2359
f 2636/2636/2636 2354/2354/2354 2353/2353/2353
f 2637/2637/2637 2353/2353/2353 2352/2352/2352
f 2633/2633/2633 2351/2351/2351 2350/2350/2350
f 2634/2634/2634 2349/2349/2349 2348/2348/2348
f 2349/2349/2349 2633/2633/2633 2350/2350/2350
f 2351/2351/2351 2637/2637/2637 2352/2352/2352
f 2354/2354/2354 2636/2636/2636 2355/2355/2355
f 2361/2361/2361 2645/2645/2645 2362/2362/2362
f 2625/2625/2625 2347/2347/2347 2346/2346/2346
f 2625/2625/2625 2346/2346/2346 2345/2345/2345
f 2343/2343/2343 2622/2622/2622 2344/2344/2344
f 2623/2623/2623 2342/2342/2342 2341/2341/2341
f 2342/2342/2342 2622/2622/2622 2343/2343/2343
f 2344/2344/2344 2626/2626/2626 2345/2345/2345
f 2616/2616/2616 2340/2340/2340 2339/2339/2339
f 2616/2616/2616 2339/2339/2339 2338/2338/2338
f 2617/2617/2617 2337/2337/2337 2336/2336/2336
f 2613/2613/2613 2335/2335/2335 2334/2334/2334
f 2335/2335/2335 2613/2613/2613 2336/2336/2336
f 2337/2337/2337 2617/2617/2617 2338/2338/2338
f 2340/2340/2340 2623/2623/2623 2341/2341/2341
f 2614/2614/2614 2333/2333/2333 2332/2332/2332
f 2605/2605/2605 2332/2332/2332 2331/2331/2331
f 2606/2606/2606 2330/2330/2330 2329/2329/2329
f 2602/2602/2602 2328/2328/2328 2327/2327/2327
f 2328/2328/2328 2606/2606/2606 2329/2329/2329
f 2330/2330/2330 2605/2605/2605 2331/2331/2331
f 2603/2603/2603 2326/2326/2326 2325/2325/2325
f 2596/2596/2596 2325/2325/2325 2324/2324/2324
f 2597/2597/2597 2323/2323/2323 2322/2322/2322
f 2593/2593/2593 2321/2321/2321 2320/2320/2320
f 2321/2321/2321 2597/2597/2597 2322/2322/2322
f 2323/2323/2323 2596/2596/2596 2324/2324/2324
f 2326/2326/2326 2603/2603/2603 2602/2602/2602
f 2333/2333/2333 2614/2614/2614 2334/2334/2334
f 2347/2347/2347 2634/2634/2634 2348/2348/2348
f 2594/2594/2594 2319/2319/2319 2318/2318/2318
f 2317/2317/2317 2585/2585/2585 2594/2594/2594
f 2586/2586/2586 2316/2316/2316 2315/2315/2315
f 2582/2582/2582 2314/2314/2314 2313/2313/2313
f 2314/2314/2314 2586/2586/2586 2315/2315/2315
f 2316/2316/2316 2585/2585/2585 2317/2317/2317
f 2583/2583/2583 2312/2312/2312 2311/2311/2311
f 2310/2310/2310 2576/2576/2576 2311/2311/2311
f 2577/2577/2577 2309/2309/2309 2308/2308/2308
f 2573/2573/2573 2307/2307/2307 2306/2306/2306
f 2307/2307/2307 2577/2577/2577 2308/2308/2308
f 2309/2309/2309 2576/2576/2576 2310/2310/2310
f 2312/2312/2312 2582/2582/2582 2313/2313/2313
f 2574/2574/2574 2305/2305/2305 2304/2304/2304
f 2303/2303/2303 2565/2565/2565 2304/2304/2304
f 2566/2566/2566 2302/2302/2302 2301/2301/2301
f 2562/2562/2562 2300/2300/2300 2299/2299/2299
f 2300/2300/2300 2566/2566/2566 2301/2301/2301
f 2302/2302/2302 2565/2565/2565 2303/2303/2303
f 2563/2563/2563 2298/2298/2298 2297/2297/2297
f 2563/2563/2563 2297/2297/2297 2296/2296/2296
f 2556/2556/2556 2295/2295/2295 2294/2294/2294
f 2557/2557/2557 2293/2293/2293 2292/2292/2292
f 2293/2293/2293 2557/2557/2557 2294/2294/2294
f 2295/2295/2295 2556/2556/2556 2296/2296/2296
f 2298/2298/2298 2562/2562/2562 2299/2299/2299
f 2305/2305/2305 2573/2573/2573 2306/2306/2306
f 2290/2290/2290 2554/2554/2554 2553/2553/2553
f 2554/2554/2554 2290/2290/2290 2289/2289/2289
f 2545/2545/2545 2288/2288/2288 2287/2287/2287
f 2546/2546/2546 2286/2286/2286 2285/2285/2285
f 2286/2286/2286 2546/2546/2546 2287/2287/2287
f 2288/2288/2288 2545/2545/2545 2289/2289/2289
f 2542/2542/2542 2284/2284/2284 2283/2283/2283
f 2543/2543/2543 2283/2283/2283 2282/2282/2282
f 2536/2536/2536 2281/2281/2281 2280/2280/2280
f 2537/2537/2537 2279/2279/2279 2278/2278/2278
f 2279/2279/2279 2536/2536/2536 2280/2280/2280
f 2281/2281/2281 2543/2543/2543 2282/2282/2282
f 2284/2284/2284 2542/2542/2542 2285/2285/2285
f 2533/2533/2533 2277/2277/2277 2276/2276/2276
f 2533/2533/2533 2276/2276/2276 2275/2275/2275
f 2534/2534/2534 2274/2274/2274 2273/2273/2273
f 2525/2525/2525 2272/2272/2272 2271/2271/2271
f 2272/2272/2272 2525/2525/2525 2273/2273/2273
f 2274/2274/2274 2534/2534/2534 2275/2275/2275
f 2269/2269/2269 2522/2522/2522 2270/2270/2270
f 2522/2522/2522 2269/2269/2269 2268/2268/2268
f 2523/2523/2523 2267/2267/2267 2266/2266/2266
f 2516/2516/2516 2265/2265/2265 2264/2264/2264
f 2265/2265/2265 2516/2516/2516 2266/2266/2266
f 2267/2267/2267 2523/2523/2523 2268/2268/2268
f 2270/2270/2270 2526/2526/2526 2271/2271/2271
f 2277/2277/2277 2537/2537/2537 2278/2278/2278
f 2291/2291/2291 2553/2553/2553 2292/2292/2292
f 2319/2319/2319 2593/2593/2593 2320/2320/2320
f 2375/2375/2375 2665/2665/2665 2376/2376/2376
f 2804/2804/2804 2482/2482/2482 2805/2805/2805
f 2801/2801/2801 2478/2478/2478 2802/2802/2802
f 2798/2798/2798 2474/2474/2474 2799/2799/2799
f 2802/2802/2802 2476/2476/2476 2798/2798/2798
f 2805/2805/2805 2480/2480/2480 2801/2801/2801
f 2794/2794/2794 2469/2469/2469 2790/2790/2790
f 2791/2791/2791 2465/2465/2465 2784/2784/2784
f 2785/2785/2785 2461/2461/2461 2781/2781/2781
f 2784/2784/2784 2463/2463/2463 2785/2785/2785
f 2790/2790/2790 2467/2467/2467 2791/2791/2791
f 2799/2799/2799 2472/2472/2472 2793/2793/2793
f 2782/2782/2782 2457/2457/2457 2775/2775/2775
f 2775/2775/2775 2455/2455/2455 2776/2776/2776
f 2765/2765/2765 2448/2448/2448 2766/2766/2766
f 2773/2773/2773 2450/2450/2450 2765/2765/2765
f 2776/2776/2776 2453/2453/2453 2772/2772/2772
f 2762/2762/2762 2444/2444/2444 2763/2763/2763
f 2763/2763/2763 2442/2442/2442 2756/2756/2756
f 2754/2754/2754 2435/2435/2435 2745/2745/2745
f 2753/2753/2753 2437/2437/2437 2754/2754/2754
f 2756/2756/2756 2440/2440/2440 2757/2757/2757
f 2766/2766/2766 2446/2446/2446 2762/2762/2762
f 2781/2781/2781 2459/2459/2459 2782/2782/2782
f 2742/2742/2742 2430/2430/2430 2743/2743/2743
f 2733/2733/2733 2423/2423/2423 2734/2734/2734
f 2737/2737/2737 2425/2425/2425 2733/2733/2733
f 2743/2743/2743 2428/2428/2428 2736/2736/2736
f 2725/2725/2725 2419/2419/2419 2726/2726/2726
f 2726/2726/2726 2417/2417/2417 2722/2722/2722
f 2723/2723/2723 2414/2414/2414 2716/2716/2716
f 2717/2717/2717 2410/2410/2410 2713/2713/2713
f 2716/2716/2716 2412/2412/2412 2717/2717/2717
f 2734/2734/2734 2421/2421/2421 2725/2725/2725
f 2714/2714/2714 2406/2406/2406 2705/2705/2705
f 2705/2705/2705 2404/2404/2404 2706/2706/2706
f 2702/2702/2702 2400/2400/2400 2703/2703/2703
f 2703/2703/2703 2398/2398/2398 2696/2696/2696
f 2706/2706/2706 2402/2402/2402 2702/2702/2702
f 2693/2693/2693 2393/2393/2393 2694/2694/2694
f 2694/2694/2694 2391/2391/2391 2685/2685/2685
f 2686/2686/2686 2387/2387/2387 2682/2682/2682
f 2683/2683/2683 2383/2383/2383 2676/2676/2676
f 2682/2682/2682 2385/2385/2385 2683/2683/2683
f 2685/2685/2685 2389/2389/2389 2686/2686/2686
f 2697/2697/2697 2395/2395/2395 2693/2693/2693
f 2713/2713/2713 2408/2408/2408 2714/2714/2714
f 2745/2745/2745 2433/2433/2433 2746/2746/2746
f 2250/2250/2250 2494/2494/2494 2500/2500/2500
f 2250/2250/2250 2500/2500/2500 2495/2495/2495
f 2809/2809/2809 2795/2795/2795 2493/2493/2493
f 2809/2809/2809 2786/2786/2786 2770/2770/2770
f 2786/2786/2786 2809/2809/2809 2493/2493/2493
f 2795/2795/2795 2809/2809/2809 2495/2495/2495
f 2810/2810/2810 2777/2777/2777 2750/2750/2750
f 2810/2810/2810 2750/2750/2750 2767/2767/2767
f 2811/2811/2811 2751/2751/2751 2758/2758/2758
f 2811/2811/2811 2730/2730/2730 2747/2747/2747
f 2730/2730/2730 2811/2811/2811 2758/2758/2758
f 2751/2751/2751 2810/2810/2810 2767/2767/2767
f 2777/2777/2777 2810/2810/2810 2770/2770/2770
f 2812/2812/2812 2731/2731/2731 2738/2738/2738
f 2250/2250/2250 2495/2495/2495 2809/2809/2809
f 2810/2810/2810 2809/2809/2809 2770/2770/2770
f 2810/2810/2810 2751/2751/2751 2811/2811/2811
f 2811/2811/2811 2747/2747/2747 2731/2731/2731
f 2710/2710/2710 2812/2812/2812 2738/2738/2738
f 2727/2727/2727 2812/2812/2812 2710/2710/2710
f 2711/2711/2711 2812/2812/2812 2727/2727/2727
f 2690/2690/2690 2813/2813/2813 2718/2718/2718
f 2711/2711/2711 2718/2718/2718 2813/2813/2813
f 2813/2813/2813 2690/2690/2690 2707/2707/2707
f 2707/2707/2707 2691/2691/2691 2813/2813/2813
f 2812/2812/2812 2711/2711/2711 2813/2813/2813
f 2677/2677/2677 2380/2380/2380 2673/2673/2673
f 2673/2673/2673 2378/2378/2378 2674/2674/2674
f 2666/2666/2666 2373/2373/2373 2662/2662/2662
f 2674/2674/2674 2376/2376/2376 2665/2665/2665
f 2663/2663/2663 2369/2369/2369 2656/2656/2656
f 2656/2656/2656 2368/2368/2368 2657/2657/2657
f 2653/2653/2653 2364/2364/2364 2654/2654/2654
f 2654/2654/2654 2362/2362/2362 2645/2645/2645
f 2657/2657/2657 2366/2366/2366 2653/2653/2653
f 2662/2662/2662 2371/2371/2371 2663/2663/2663
f 2814/2814/2814 2698/2698/2698 2670/2670/2670
f 2814/2814/2814 2670/2670/2670 2687/2687/2687
f 2814/2814/2814 2687/2687/2687 2671/2671/2671
f 2650/2650/2650 2815/2815/2815 2678/2678/2678
f 2671/2671/2671 2678/2678/2678 2815/2815/2815
f 2814/2814/2814 2691/2691/2691 2698/2698/2698
f 2667/2667/2667 2815/2815/2815 2650/2650/2650
f 2651/2651/2651 2815/2815/2815 2667/2667/2667
f 2630/2630/2630 2816/2816/2816 2658/2658/2658
f 2651/2651/2651 2658/2658/2658 2816/2816/2816
f 2816/2816/2816 2630/2630/2630 2647/2647/2647
f 2815/2815/2815 2651/2651/2651 2816/2816/2816
f 2814/2814/2814 2813/2813/2813 2691/2691/2691
f 2816/2816/2816 2647/2647/2647 2631/2631/2631
f 2642/2642/2642 2357/2357/2357 2643/2643/2643
f 2643/2643/2643 2355/2355/2355 2636/2636/2636
f 2637/2637/2637 2351/2351/2351 2633/2633/2633
f 2634/2634/2634 2347/2347/2347 2625/2625/2625
f 2633/2633/2633 2349/2349/2349 2634/2634/2634
f 2636/2636/2636 2353/2353/2353 2637/2637/2637
f 2622/2622/2622 2342/2342/2342 2623/2623/2623
f 2616/2616/2616 2338/2338/2338 2617/2617/2617
f 2613/2613/2613 2334/2334/2334 2614/2614/2614
f 2617/2617/2617 2336/2336/2336 2613/2613/2613
f 2623/2623/2623 2340/2340/2340 2616/2616/2616
f 2625/2625/2625 2345/2345/2345 2626/2626/2626
f 2605/2605/2605 2330/2330/2330 2606/2606/2606
f 2606/2606/2606 2328/2328/2328 2602/2602/2602
f 2603/2603/2603 2325/2325/2325 2596/2596/2596
f 2597/2597/2597 2321/2321/2321 2593/2593/2593
f 2596/2596/2596 2323/2323/2323 2597/2597/2597
f 2585/2585/2585 2316/2316/2316 2586/2586/2586
f 2582/2582/2582 2312/2312/2312 2583/2583/2583
f 2576/2576/2576 2309/2309/2309 2577/2577/2577
f 2586/2586/2586 2314/2314/2314 2582/2582/2582
f 2593/2593/2593 2319/2319/2319 2594/2594/2594
f 2614/2614/2614 2332/2332/2332 2605/2605/2605
f 2262/2262/2262 2517/2517/2517 2263/2263/2263
f 2261/2261/2261 2513/2513/2513 2262/2262/2262
f 2260/2260/2260 2259/2259/2259 2514/2514/2514
f 2260/2260/2260 2514/2514/2514 2513/2513/2513
f 2258/2258/2258 2505/2505/2505 2259/2259/2259
f 2505/2505/2505 2258/2258/2258 2257/2257/2257
f 2307/2307/2307 2573/2573/2573 2577/2577/2577
f 2256/2256/2256 2506/2506/2506 2257/2257/2257
f 2255/2255/2255 2506/2506/2506 2256/2256/2256
f 2253/2253/2253 2499/2499/2499 2498/2498/2498
f 2249/2249/2249 2497/2497/2497 2252/2252/2252
f 2253/2253/2253 2252/2252/2252 2499/2499/2499
f 2255/2255/2255 2254/2254/2254 2498/2498/2498
f 2573/2573/2573 2305/2305/2305 2574/2574/2574
f 2565/2565/2565 2302/2302/2302 2566/2566/2566
f 2562/2562/2562 2298/2298/2298 2563/2563/2563
f 2556/2556/2556 2294/2294/2294 2557/2557/2557
f 2563/2563/2563 2296/2296/2296 2556/2556/2556
f 2566/2566/2566 2300/2300/2300 2562/2562/2562
f 2554/2554/2554 2289/2289/2289 2545/2545/2545
f 2546/2546/2546 2285/2285/2285 2542/2542/2542
f 2543/2543/2543 2281/2281/2281 2536/2536/2536
f 2542/2542/2542 2283/2283/2283 2543/2543/2543
f 2545/2545/2545 2287/2287/2287 2546/2546/2546
f 2557/2557/2557 2292/2292/2292 2553/2553/2553
f 2279/2279/2279 2537/2537/2537 2536/2536/2536
f 2642/2642/2642 2646/2646/2646 2359/2359/2359
f 2817/2817/2817 2631/2631/2631 2638/2638/2638
f 2817/2817/2817 2638/2638/2638 2610/2610/2610
f 2817/2817/2817 2627/2627/2627 2611/2611/2611
f 2818/2818/2818 2618/2618/2618 2590/2590/2590
f 2618/2618/2618 2818/2818/2818 2611/2611/2611
f 2627/2627/2627 2817/2817/2817 2610/2610/2610
f 2818/2818/2818 2607/2607/2607 2591/2591/2591
f 2819/2819/2819 2591/2591/2591 2598/2598/2598
f 2819/2819/2819 2570/2570/2570 2587/2587/2587
f 2820/2820/2820 2571/2571/2571 2578/2578/2578
f 2571/2571/2571 2819/2819/2819 2587/2587/2587
f 2570/2570/2570 2819/2819/2819 2598/2598/2598
f 2607/2607/2607 2818/2818/2818 2590/2590/2590
f 2820/2820/2820 2550/2550/2550 2567/2567/2567
f 2820/2820/2820 2567/2567/2567 2551/2551/2551
f 2818/2818/2818 2591/2591/2591 2819/2819/2819
f 2578/2578/2578 2550/2550/2550 2820/2820/2820
f 2819/2819/2819 2571/2571/2571 2820/2820/2820
f 2818/2818/2818 2817/2817/2817 2611/2611/2611
f 2821/2821/2821 2820/2820/2820 2551/2551/2551
f 2821/2821/2821 2558/2558/2558 2530/2530/2530
f 2821/2821/2821 2530/2530/2530 2547/2547/2547
f 2821/2821/2821 2547/2547/2547 2531/2531/2531
f 2510/2510/2510 2822/2822/2822 2538/2538/2538
f 2531/2531/2531 2538/2538/2538 2822/2822/2822
f 2821/2821/2821 2551/2551/2551 2558/2558/2558
f 2817/2817/2817 2816/2816/2816 2631/2631/2631
f 2537/2537/2537 2277/2277/2277 2533/2533/2533
f 2533/2533/2533 2275/2275/2275 2534/2534/2534
f 2525/2525/2525 2271/2271/2271 2526/2526/2526
f 2522/2522/2522 2268/2268/2268 2523/2523/2523
f 2534/2534/2534 2273/2273/2273 2525/2525/2525
f 2516/2516/2516 2264/2264/2264 2517/2517/2517
f 2257/2257/2257 2506/2506/2506 2505/2505/2505
f 2259/2259/2259 2505/2505/2505 2514/2514/2514
f 2262/2262/2262 2513/2513/2513 2517/2517/2517
f 2523/2523/2523 2266/2266/2266 2516/2516/2516
f 2527/2527/2527 2822/2822/2822 2510/2510/2510
f 2511/2511/2511 2822/2822/2822 2527/2527/2527
f 2487/2487/2487 2823/2823/2823 2518/2518/2518
f 2511/2511/2511 2518/2518/2518 2823/2823/2823
f 2823/2823/2823 2487/2487/2487 2507/2507/2507
f 2507/2507/2507 2488/2488/2488 2823/2823/2823
f 2822/2822/2822 2511/2511/2511 2823/2823/2823
f 2252/2252/2252 2497/2497/2497 2499/2499/2499
f 2251/2251/2251 2488/2488/2488 2489/2489/2489
f 2489/2489/2489 2486/2486/2486 2251/2251/2251
f 2251/2251/2251 2823/2823/2823 2488/2488/2488
f 2255/2255/2255 2498/2498/2498 2506/2506/2506
f 2807/2807/2807 2485/2485/2485 2808/2808/2808
f 2890/2890/2890 2888/2888/2888 2889/2889/2889
f 2890/2890/2890 2891/2891/2891 2892/2892/2892
f 2892/2892/2892 2886/2886/2886 2890/2890/2890
f 2886/2886/2886 2884/2884/2884 2885/2885/2885
f 2888/2888/2888 2886/2886/2886 2887/2887/2887
f 2886/2886/2886 2888/2888/2888 2890/2890/2890
f 2886/2886/2886 2883/2883/2883 2884/2884/2884
f 2892/2892/2892 2883/2883/2883 2886/2886/2886
f 2899/2899/2899 2896/2896/2896 2898/2898/2898
f 2901/2901/2901 2896/2896/2896 2899/2899/2899
f 2900/2900/2900 2901/2901/2901 2899/2899/2899
f 2826/2826/2826 2892/2892/2892 2896/2896/2896
f 2892/2892/2892 2894/2894/2894 2896/2896/2896
f 2896/2896/2896 2897/2897/2897 2898/2898/2898
f 2895/2895/2895 2896/2896/2896 2894/2894/2894
f 2826/2826/2826 2883/2883/2883 2892/2892/2892
f 2893/2893/2893 2894/2894/2894 2892/2892/2892
f 2896/2896/2896 2901/2901/2901 2826/2826/2826
f 2881/2881/2881 2882/2882/2882 2883/2883/2883
f 2881/2881/2881 2883/2883/2883 2880/2880/2880
f 2878/2878/2878 2879/2879/2879 2880/2880/2880
f 2873/2873/2873 2877/2877/2877 2880/2880/2880
f 2877/2877/2877 2878/2878/2878 2880/2880/2880
f 2876/2876/2876 2877/2877/2877 2875/2875/2875
f 2873/2873/2873 2875/2875/2875 2877/2877/2877
f 2875/2875/2875 2873/2873/2873 2874/2874/2874
f 2880/2880/2880 2883/2883/2883 2873/2873/2873
f 2870/2870/2870 2872/2872/2872 2873/2873/2873
f 2871/2871/2871 2872/2872/2872 2870/2870/2870
f 2868/2868/2868 2869/2869/2869 2870/2870/2870
f 2866/2866/2866 2870/2870/2870 2873/2873/2873
f 2866/2866/2866 2867/2867/2867 2868/2868/2868
f 2864/2864/2864 2865/2865/2865 2863/2863/2863
f 2870/2870/2870 2866/2866/2866 2868/2868/2868
f 2873/2873/2873 2883/2883/2883 2829/2829/2829
f 2873/2873/2873 2840/2840/2840 2866/2866/2866
f 2863/2863/2863 2865/2865/2865 2866/2866/2866
f 2825/2825/2825 2901/2901/2901 2824/2824/2824
f 2829/2829/2829 2883/2883/2883 2826/2826/2826
f 2826/2826/2826 2827/2827/2827 2828/2828/2828
f 2828/2828/2828 2829/2829/2829 2826/2826/2826
f 2831/2831/2831 2829/2829/2829 2830/2830/2830
f 2833/2833/2833 2831/2831/2831 2832/2832/2832
f 2829/2829/2829 2831/2831/2831 2833/2833/2833
f 2873/2873/2873 2829/2829/2829 2840/2840/2840
f 2829/2829/2829 2833/2833/2833 2835/2835/2835
f 2829/2829/2829 2835/2835/2835 2840/2840/2840
f 2838/2838/2838 2836/2836/2836 2837/2837/2837
f 2840/2840/2840 2835/2835/2835 2836/2836/2836
f 2836/2836/2836 2838/2838/2838 2839/2839/2839
f 2840/2840/2840 2847/2847/2847 2866/2866/2866
f 2840/2840/2840 2842/2842/2842 2843/2843/2843
f 2841/2841/2841 2842/2842/2842 2840/2840/2840
f 2839/2839/2839 2840/2840/2840 2836/2836/2836
f 2834/2834/2834 2835/2835/2835 2833/2833/2833
f 2840/2840/2840 2843/2843/2843 2844/2844/2844
f 2862/2862/2862 2855/2855/2855 2857/2857/2857
f 2856/2856/2856 2857/2857/2857 2855/2855/2855
f 2855/2855/2855 2853/2853/2853 2854/2854/2854
f 2858/2858/2858 2859/2859/2859 2857/2857/2857
f 2847/2847/2847 2855/2855/2855 2862/2862/2862
f 2861/2861/2861 2862/2862/2862 2860/2860/2860
f 2859/2859/2859 2860/2860/2860 2862/2862/2862
f 2862/2862/2862 2857/2857/2857 2859/2859/2859
f 2862/2862/2862 2863/2863/2863 2866/2866/2866
f 2855/2855/2855 2847/2847/2847 2853/2853/2853
f 2846/2846/2846 2847/2847/2847 2845/2845/2845
f 2844/2844/2844 2845/2845/2845 2847/2847/2847
f 2849/2849/2849 2847/2847/2847 2848/2848/2848
f 2851/2851/2851 2852/2852/2852 2853/2853/2853
f 2850/2850/2850 2851/2851/2851 2849/2849/2849
f 2847/2847/2847 2851/2851/2851 2853/2853/2853
f 2851/2851/2851 2847/2847/2847 2849/2849/2849
f 2862/2862/2862 2866/2866/2866 2847/2847/2847
f 2840/2840/2840 2844/2844/2844 2847/2847/2847
f 2825/2825/2825 2826/2826/2826 2901/2901/2901
f 2916/2916/2916 2914/2914/2914 2915/2915/2915
f 2917/2917/2917 2914/2914/2914 2916/2916/2916
f 2917/2917/2917 2910/2910/2910 2911/2911/2911
f 2912/2912/2912 2913/2913/2913 2914/2914/2914
f 2914/2914/2914 2911/2911/2911 2912/2912/2912
f 2911/2911/2911 2914/2914/2914 2917/2917/2917
f 2903/2903/2903 2917/2917/2917 2902/2902/2902
f 2904/2904/2904 2908/2908/2908 2903/2903/2903
f 2907/2907/2907 2904/2904/2904 2905/2905/2905
f 2905/2905/2905 2906/2906/2906 2907/2907/2907
f 2908/2908/2908 2909/2909/2909 2910/2910/2910
f 2908/2908/2908 2910/2910/2910 2917/2917/2917
f 2908/2908/2908 2904/2904/2904 2907/2907/2907
f 2903/2903/2903 2908/2908/2908 2917/2917/2917
f 11/11/11 2/2/2 3/3/3
f 11/11/11 3/3/3 4/4/4
f 13/13/13 4/4/4 5/5/5
f 13/13/13 5/5/5 6/6/6
f 14/14/14 6/6/6 7/7/7
f 15/15/15 7/7/7 8/8/8
f 18/18/18 10/10/10 11/11/11
f 19/19/19 11/11/11 12/12/12
f 19/19/19 12/12/12 13/13/13
f 20/20/20 13/13/13 14/14/14
f 22/22/22 14/14/14 15/15/15
f 23/23/23 15/15/15 16/16/16
f 24/24/24 17/17/17 18/18/18
f 25/25/25 18/18/18 19/19/19
f 26/26/26 19/19/19 20/20/20
f 28/28/28 20/20/20 21/21/21
f 29/29/29 21/21/21 22/22/22
f 30/30/30 22/22/22 23/23/23
f 31/31/31 24/24/24 25/25/25
f 32/32/32 25/25/25 26/26/26
f 34/34/34 26/26/26 27/27/27
f 34/34/34 27/27/27 28/28/28
f 36/36/36 28/28/28 29/29/29
f 36/36/36 29/29/29 30/30/30
f 39/39/39 31/31/31 32/32/32
f 39/39/39 32/32/32 33/33/33
f 41/41/41 33/33/33 34/34/34
f 41/41/41 34/34/34 35/35/35
f 43/43/43 35/35/35 36/36/36
f 43/43/43 36/36/36 37/37/37
f 46/46/46 38/38/38 39/39/39
f 46/46/46 39/39/39 40/40/40
f 48/48/48 40/40/40 41/41/41
f 48/48/48 41/41/41 42/42/42
f 50/50/50 42/42/42 43/43/43
f 51/51/51 43/43/43 44/44/44
f 53/53/53 45/45/45 46/46/46
f 53/53/53 46/46/46 47/47/47
f 54/54/54 47/47/47 48/48/48
f 55/55/55 48/48/48 49/49/49
f 57/57/57 49/49/49 50/50/50
f 57/57/57 50/50/50 51/51/51
f 59/59/59 52/52/52 53/53/53
f 61/61/61 53/53/53 54/54/54
f 61/61/61 54/54/54 55/55/55
f 63/63/63 55/55/55 56/56/56
f 64/64/64 56/56/56 57/57/57
f 65/65/65 57/57/57 58/58/58
f 66/66/66 59/59/59 60/60/60
f 68/68/68 60/60/60 61/61/61
f 69/69/69 61/61/61 62/62/62
f 70/70/70 62/62/62 63/63/63
f 70/70/70 63/63/63 64/64/64
f 72/72/72 64/64/64 65/65/65
f 74/74/74 66/66/66 67/67/67
f 74/74/74 67/67/67 68/68/68
f 75/75/75 68/68/68 69/69/69
f 76/76/76 69/69/69 70/70/70
f 77/77/77 70/70/70 71/71/71
f 79/79/79 71/71/71 72/72/72
f 81/81/81 73/73/73 74/74/74
f 81/81/81 74/74/74 75/75/75
f 82/82/82 75/75/75 76/76/76
f 84/84/84 76/76/76 77/77/77
f 85/85/85 77/77/77 78/78/78
f 86/86/86 78/78/78 79/79/79
f 88/88/88 80/80/80 81/81/81
f 88/88/88 81/81/81 82/82/82
f 89/89/89 82/82/82 83/83/83
f 91/91/91 83/83/83 84/84/84
f 91/91/91 84/84/84 85/85/85
f 93/93/93 85/85/85 86/86/86
f 95/95/95 87/87/87 88/88/88
f 95/95/95 88/88/88 89/89/89
f 97/97/97 89/89/89 90/90/90
f 98/98/98 90/90/90 91/91/91
f 98/98/98 91/91/91 92/92/92
f 100/100/100 92/92/92 93/93/93
f 102/102/102 94/94/94 95/95/95
f 102/102/102 95/95/95 96/96/96
f 104/104/104 96/96/96 97/97/97
f 105/105/105 97/97/97 98/98/98
f 105/105/105 98/98/98 99/99/99
f 107/107/107 99/99/99 100/100/100
f 109/109/109 101/101/101 102/102/102
f 110/110/110 102/102/102 103/103/103
f 110/110/110 103/103/103 104/104/104
f 112/112/112 104/104/104 105/105/105
f 112/112/112 105/105/105 106/106/106
f 114/114/114 106/106/106 107/107/107
f 116/116/116 108/108/108 109/109/109
f 116/116/116 109/109/109 110/110/110
f 118/118/118 110/110/110 111/111/111
f 119/119/119 111/111/111 112/112/112
f 119/119/119 112/112/112 113/113/113
f 120/120/120 113/113/113 114/114/114
f 123/123/123 115/115/115 116/116/116
f 123/123/123 116/116/116 117/117/117
f 125/125/125 117/117/117 118/118/118
f 126/126/126 118/118/118 119/119/119
f 126/126/126 119/119/119 120/120/120
f 128/128/128 120/120/120 121/121/121
f 130/130/130 122/122/122 123/123/123
f 130/130/130 123/123/123 124/124/124
f 132/132/132 124/124/124 125/125/125
f 133/133/133 125/125/125 126/126/126
f 133/133/133 126/126/126 127/127/127
f 135/135/135 127/127/127 128/128/128
f 137/137/137 129/129/129 130/130/130
f 138/138/138 130/130/130 131/131/131
f 138/138/138 131/131/131 132/132/132
f 140/140/140 132/132/132 133/133/133
f 140/140/140 133/133/133 134/134/134
f 142/142/142 134/134/134 135/135/135
f 143/143/143 136/136/136 137/137/137
f 145/145/145 137/137/137 138/138/138
f 145/145/145 138/138/138 139/139/139
f 146/146/146 139/139/139 140/140/140
f 147/147/147 140/140/140 141/141/141
f 149/149/149 141/141/141 142/142/142
f 151/151/151 143/143/143 144/144/144
f 152/152/152 144/144/144 145/145/145
f 152/152/152 145/145/145 146/146/146
f 153/153/153 146/146/146 147/147/147
f 154/154/154 147/147/147 148/148/148
f 156/156/156 148/148/148 149/149/149
f 158/158/158 150/150/150 151/151/151
f 159/159/159 151/151/151 152/152/152
f 159/159/159 152/152/152 153/153/153
f 161/161/161 153/153/153 154/154/154
f 161/161/161 154/154/154 155/155/155
f 163/163/163 155/155/155 156/156/156
f 165/165/165 157/157/157 158/158/158
f 166/166/166 158/158/158 159/159/159
f 166/166/166 159/159/159 160/160/160
f 168/168/168 160/160/160 161/161/161
f 169/169/169 161/161/161 162/162/162
f 169/169/169 162/162/162 163/163/163
f 172/172/172 164/164/164 165/165/165
f 173/173/173 165/165/165 166/166/166
f 173/173/173 166/166/166 167/167/167
f 175/175/175 167/167/167 168/168/168
f 176/176/176 168/168/168 169/169/169
f 176/176/176 169/169/169 170/170/170
f 179/179/179 171/171/171 172/172/172
f 180/180/180 172/172/172 173/173/173
f 180/180/180 173/173/173 174/174/174
f 181/181/181 174/174/174 175/175/175
f 183/183/183 175/175/175 176/176/176
f 183/183/183 176/176/176 177/177/177
f 186/186/186 178/178/178 179/179/179
f 186/186/186 179/179/179 180/180/180
f 187/187/187 180/180/180 181/181/181
f 188/188/188 181/181/181 182/182/182
f 190/190/190 182/182/182 183/183/183
f 190/190/190 183/183/183 184/184/184
f 193/193/193 185/185/185 186/186/186
f 193/193/193 186/186/186 187/187/187
f 194/194/194 187/187/187 188/188/188
f 196/196/196 188/188/188 189/189/189
f 197/197/197 189/189/189 190/190/190
f 197/197/197 190/190/190 191/191/191
f 199/199/199 192/192/192 193/193/193
f 201/201/201 193/193/193 194/194/194
f 201/201/201 194/194/194 195/195/195
f 203/203/203 195/195/195 196/196/196
f 203/203/203 196/196/196 197/197/197
f 204/204/204 197/197/197 198/198/198
f 206/206/206 199/199/199 200/200/200
f 208/208/208 200/200/200 201/201/201
f 208/208/208 201/201/201 202/202/202
f 210/210/210 202/202/202 203/203/203
f 210/210/210 203/203/203 204/204/204
f 211/211/211 204/204/204 205/205/205
f 213/213/213 206/206/206 207/207/207
f 215/215/215 207/207/207 208/208/208
f 215/215/215 208/208/208 209/209/209
f 217/217/217 209/209/209 210/210/210
f 218/218/218 210/210/210 211/211/211
f 218/218/218 211/211/211 212/212/212
f 220/220/220 213/213/213 214/214/214
f 222/222/222 214/214/214 215/215/215
f 222/222/222 215/215/215 216/216/216
f 223/223/223 216/216/216 217/217/217
f 225/225/225 217/217/217 218/218/218
f 226/226/226 218/218/218 219/219/219
f 227/227/227 220/220/220 221/221/221
f 229/229/229 221/221/221 222/222/222
f 229/229/229 222/222/222 223/223/223
f 230/230/230 223/223/223 224/224/224
f 232/232/232 224/224/224 225/225/225
f 232/232/232 225/225/225 226/226/226
f 234/234/234 227/227/227 228/228/228
f 236/236/236 228/228/228 229/229/229
f 237/237/237 229/229/229 230/230/230
f 237/237/237 230/230/230 231/231/231
f 239/239/239 231/231/231 232/232/232
f 239/239/239 232/232/232 233/233/233
f 241/241/241 234/234/234 235/235/235
f 243/243/243 235/235/235 236/236/236
f 244/244/244 236/236/236 237/237/237
f 244/244/244 237/237/237 238/238/238
f 246/246/246 238/238/238 239/239/239
f 247/247/247 239/239/239 240/240/240
f 249/249/249 241/241/241 242/242/242
f 249/249/249 242/242/242 243/243/243
f 250/250/250 243/243/243 244/244/244
f 251/251/251 244/244/244 245/245/245
f 252/252/252 245/245/245 246/246/246
f 254/254/254 246/246/246 247/247/247
f 255/255/255 248/248/248 249/249/249
f 257/257/257 249/249/249 250/250/250
f 257/257/257 250/250/250 251/251/251
f 259/259/259 251/251/251 252/252/252
f 259/259/259 252/252/252 253/253/253
f 261/261/261 253/253/253 254/254/254
f 263/263/263 255/255/255 256/256/256
f 264/264/264 256/256/256 257/257/257
f 264/264/264 257/257/257 258/258/258
f 265/265/265 258/258/258 259/259/259
f 266/266/266 259/259/259 260/260/260
f 268/268/268 260/260/260 261/261/261
f 269/269/269 262/262/262 263/263/263
f 271/271/271 263/263/263 264/264/264
f 271/271/271 264/264/264 265/265/265
f 272/272/272 265/265/265 266/266/266
f 274/274/274 266/266/266 267/267/267
f 274/274/274 267/267/267 268/268/268
f 277/277/277 269/269/269 270/270/270
f 278/278/278 270/270/270 271/271/271
f 279/279/279 271/271/271 272/272/272
f 280/280/280 272/272/272 273/273/273
f 281/281/281 273/273/273 274/274/274
f 281/281/281 274/274/274 275/275/275
f 283/283/283 276/276/276 277/277/277
f 284/284/284 277/277/277 278/278/278
f 285/285/285 278/278/278 279/279/279
f 287/287/287 279/279/279 280/280/280
f 288/288/288 280/280/280 281/281/281
f 289/289/289 281/281/281 282/282/282
f 290/290/290 283/283/283 284/284/284
f 292/292/292 284/284/284 285/285/285
f 292/292/292 285/285/285 286/286/286
f 293/293/293 286/286/286 287/287/287
f 294/294/294 287/287/287 288/288/288
f 295/295/295 288/288/288 289/289/289
f 297/297/297 290/290/290 291/291/291
f 298/298/298 291/291/291 292/292/292
f 299/299/299 292/292/292 293/293/293
f 301/301/301 293/293/293 294/294/294
f 302/302/302 294/294/294 295/295/295
f 302/302/302 295/295/295 296/296/296
f 304/304/304 297/297/297 298/298/298
f 305/305/305 298/298/298 299/299/299
f 306/306/306 299/299/299 300/300/300
f 307/307/307 300/300/300 301/301/301
f 309/309/309 301/301/301 302/302/302
f 310/310/310 302/302/302 303/303/303
f 312/312/312 304/304/304 305/305/305
f 313/313/313 305/305/305 306/306/306
f 314/314/314 306/306/306 307/307/307
f 315/315/315 307/307/307 308/308/308
f 315/315/315 308/308/308 309/309/309
f 316/316/316 309/309/309 310/310/310
f 318/318/318 311/311/311 312/312/312
f 319/319/319 312/312/312 313/313/313
f 320/320/320 313/313/313 314/314/314
f 322/322/322 314/314/314 315/315/315
f 323/323/323 315/315/315 316/316/316
f 324/324/324 316/316/316 317/317/317
f 325/325/325 318/318/318 319/319/319
f 327/327/327 319/319/319 320/320/320
f 328/328/328 320/320/320 321/321/321
f 329/329/329 321/321/321 322/322/322
f 329/329/329 322/322/322 323/323/323
f 331/331/331 323/323/323 324/324/324
f 333/333/333 325/325/325 326/326/326
f 334/334/334 326/326/326 327/327/327
f 335/335/335 327/327/327 328/328/328
f 336/336/336 328/328/328 329/329/329
f 336/336/336 329/329/329 330/330/330
f 338/338/338 330/330/330 331/331/331
f 339/339/339 332/332/332 333/333/333
f 341/341/341 333/333/333 334/334/334
f 341/341/341 334/334/334 335/335/335
f 343/343/343 335/335/335 336/336/336
f 343/343/343 336/336/336 337/337/337
f 345/345/345 337/337/337 338/338/338
f 347/347/347 339/339/339 340/340/340
f 348/348/348 340/340/340 341/341/341
f 348/348/348 341/341/341 342/342/342
f 350/350/350 342/342/342 343/343/343
f 350/350/350 343/343/343 344/344/344
f 352/352/352 344/344/344 345/345/345
f 354/354/354 346/346/346 347/347/347
f 355/355/355 347/347/347 348/348/348
f 356/356/356 348/348/348 349/349/349
f 356/356/356 349/349/349 350/350/350
f 358/358/358 350/350/350 351/351/351
f 358/358/358 351/351/351 352/352/352
f 360/360/360 353/353/353 354/354/354
f 362/362/362 354/354/354 355/355/355
f 362/362/362 355/355/355 356/356/356
f 363/363/363 356/356/356 357/357/357
f 365/365/365 357/357/357 358/358/358
f 366/366/366 358/358/358 359/359/359
f 367/367/367 360/360/360 361/361/361
f 369/369/369 361/361/361 362/362/362
f 370/370/370 362/362/362 363/363/363
f 370/370/370 363/363/363 364/364/364
f 371/371/371 364/364/364 365/365/365
f 372/372/372 365/365/365 366/366/366
f 374/374/374 367/367/367 368/368/368
f 376/376/376 368/368/368 369/369/369
f 377/377/377 369/369/369 370/370/370
f 377/377/377 370/370/370 371/371/371
f 379/379/379 371/371/371 372/372/372
f 379/379/379 372/372/372 373/373/373
f 382/382/382 374/374/374 375/375/375
f 382/382/382 375/375/375 376/376/376
f 383/383/383 376/376/376 377/377/377
f 385/385/385 377/377/377 378/378/378
f 386/386/386 378/378/378 379/379/379
f 386/386/386 379/379/379 380/380/380
f 389/389/389 381/381/381 382/382/382
f 389/389/389 382/382/382 383/383/383
f 391/391/391 383/383/383 384/384/384
f 392/392/392 384/384/384 385/385/385
f 393/393/393 385/385/385 386/386/386
f 393/393/393 386/386/386 387/387/387
f 395/395/395 388/388/388 389/389/389
f 396/396/396 389/389/389 390/390/390
f 398/398/398 390/390/390 391/391/391
f 398/398/398 391/391/391 392/392/392
f 400/400/400 392/392/392 393/393/393
f 401/401/401 393/393/393 394/394/394
f 402/402/402 395/395/395 396/396/396
f 403/403/403 396/396/396 397/397/397
f 405/405/405 397/397/397 398/398/398
f 405/405/405 398/398/398 399/399/399
f 407/407/407 399/399/399 400/400/400
f 407/407/407 400/400/400 401/401/401
f 410/410/410 402/402/402 403/403/403
f 410/410/410 403/403/403 404/404/404
f 412/412/412 404/404/404 405/405/405
f 412/412/412 405/405/405 406/406/406
f 414/414/414 406/406/406 407/407/407
f 414/414/414 407/407/407 408/408/408
f 417/417/417 409/409/409 410/410/410
f 417/417/417 410/410/410 411/411/411
f 419/419/419 411/411/411 412/412/412
f 419/419/419 412/412/412 413/413/413
f 420/420/420 413/413/413 414/414/414
f 421/421/421 414/414/414 415/415/415
f 424/424/424 416/416/416 417/417/417
f 425/425/425 417/417/417 418/418/418
f 425/425/425 418/418/418 419/419/419
f 426/426/426 419/419/419 420/420/420
f 428/428/428 420/420/420 421/421/421
f 429/429/429 421/421/421 422/422/422
f 431/431/431 423/423/423 424/424/424
f 431/431/431 424/424/424 425/425/425
f 432/432/432 425/425/425 426/426/426
f 434/434/434 426/426/426 427/427/427
f 434/434/434 427/427/427 428/428/428
f 436/436/436 428/428/428 429/429/429
f 438/438/438 430/430/430 431/431/431
f 438/438/438 431/431/431 432/432/432
f 440/440/440 432/432/432 433/433/433
f 441/441/441 433/433/433 434/434/434
f 441/441/441 434/434/434 435/435/435
f 443/443/443 435/435/435 436/436/436
f 445/445/445 437/437/437 438/438/438
f 446/446/446 438/438/438 439/439/439
f 447/447/447 439/439/439 440/440/440
f 447/447/447 440/440/440 441/441/441
f 448/448/448 441/441/441 442/442/442
f 450/450/450 442/442/442 443/443/443
f 452/452/452 444/444/444 445/445/445
f 453/453/453 445/445/445 446/446/446
f 453/453/453 446/446/446 447/447/447
f 455/455/455 447/447/447 448/448/448
f 455/455/455 448/448/448 449/449/449
f 457/457/457 449/449/449 450/450/450
f 458/458/458 451/451/451 452/452/452
f 460/460/460 452/452/452 453/453/453
f 461/461/461 453/453/453 454/454/454
f 461/461/461 454/454/454 455/455/455
f 462/462/462 455/455/455 456/456/456
f 464/464/464 456/456/456 457/457/457
f 466/466/466 458/458/458 459/459/459
f 466/466/466 459/459/459 460/460/460
f 468/468/468 460/460/460 461/461/461
f 468/468/468 461/461/461 462/462/462
f 470/470/470 462/462/462 463/463/463
f 470/470/470 463/463/463 464/464/464
f 473/473/473 465/465/465 466/466/466
f 474/474/474 466/466/466 467/467/467
f 474/474/474 467/467/467 468/468/468
f 475/475/475 468/468/468 469/469/469
f 477/477/477 469/469/469 470/470/470
f 477/477/477 470/470/470 471/471/471
f 480/480/480 472/472/472 473/473/473
f 480/480/480 473/473/473 474/474/474
f 482/482/482 474/474/474 475/475/475
f 482/482/482 475/475/475 476/476/476
f 484/484/484 476/476/476 477/477/477
f 485/485/485 477/477/477 478/478/478
f 487/487/487 479/479/479 480/480/480
f 487/487/487 480/480/480 481/481/481
f 488/488/488 481/481/481 482/482/482
f 489/489/489 482/482/482 483/483/483
f 490/490/490 483/483/483 484/484/484
f 491/491/491 484/484/484 485/485/485
f 493/493/493 486/486/486 487/487/487
f 494/494/494 487/487/487 488/488/488
f 496/496/496 488/488/488 489/489/489
f 497/497/497 489/489/489 490/490/490
f 497/497/497 490/490/490 491/491/491
f 499/499/499 491/491/491 492/492/492
f 500/500/500 493/493/493 494/494/494
f 501/501/501 494/494/494 495/495/495
f 503/503/503 495/495/495 496/496/496
f 503/503/503 496/496/496 497/497/497
f 505/505/505 497/497/497 498/498/498
f 506/506/506 498/498/498 499/499/499
f 507/507/507 500/500/500 501/501/501
f 509/509/509 501/501/501 502/502/502
f 509/509/509 502/502/502 503/503/503
f 511/511/511 503/503/503 504/504/504
f 512/512/512 504/504/504 505/505/505
f 513/513/513 505/505/505 506/506/506
f 514/514/514 507/507/507 508/508/508
f 516/516/516 508/508/508 509/509/509
f 516/516/516 509/509/509 510/510/510
f 518/518/518 510/510/510 511/511/511
f 518/518/518 511/511/511 512/512/512
f 519/519/519 512/512/512 513/513/513
f 521/521/521 514/514/514 515/515/515
f 523/523/523 515/515/515 516/516/516
f 523/523/523 516/516/516 517/517/517
f 524/524/524 517/517/517 518/518/518
f 526/526/526 518/518/518 519/519/519
f 526/526/526 519/519/519 520/520/520
f 528/528/528 521/521/521 522/522/522
f 530/530/530 522/522/522 523/523/523
f 530/530/530 523/523/523 524/524/524
f 531/531/531 524/524/524 525/525/525
f 533/533/533 525/525/525 526/526/526
f 533/533/533 526/526/526 527/527/527
f 535/535/535 528/528/528 529/529/529
f 537/537/537 529/529/529 530/530/530
f 537/537/537 530/530/530 531/531/531
f 539/539/539 531/531/531 532/532/532
f 539/539/539 532/532/532 533/533/533
f 540/540/540 533/533/533 534/534/534
f 542/542/542 535/535/535 536/536/536
f 544/544/544 536/536/536 537/537/537
f 545/545/545 537/537/537 538/538/538
f 546/546/546 538/538/538 539/539/539
f 546/546/546 539/539/539 540/540/540
f 547/547/547 540/540/540 541/541/541
f 549/549/549 542/542/542 543/543/543
f 551/551/551 543/543/543 544/544/544
f 552/552/552 544/544/544 545/545/545
f 552/552/552 545/545/545 546/546/546
f 553/553/553 546/546/546 547/547/547
f 554/554/554 547/547/547 548/548/548
f 557/557/557 549/549/549 550/550/550
f 558/558/558 550/550/550 551/551/551
f 558/558/558 551/551/551 552/552/552
f 560/560/560 552/552/552 553/553/553
f 560/560/560 553/553/553 554/554/554
f 562/562/562 554/554/554 555/555/555
f 564/564/564 556/556/556 557/557/557
f 565/565/565 557/557/557 558/558/558
f 565/565/565 558/558/558 559/559/559
f 566/566/566 559/559/559 560/560/560
f 567/567/567 560/560/560 561/561/561
f 569/569/569 561/561/561 562/562/562
f 571/571/571 563/563/563 564/564/564
f 572/572/572 564/564/564 565/565/565
f 573/573/573 565/565/565 566/566/566
f 573/573/573 566/566/566 567/567/567
f 575/575/575 567/567/567 568/568/568
f 576/576/576 568/568/568 569/569/569
f 577/577/577 570/570/570 571/571/571
f 579/579/579 571/571/571 572/572/572
f 579/579/579 572/572/572 573/573/573
f 580/580/580 573/573/573 574/574/574
f 582/582/582 574/574/574 575/575/575
f 583/583/583 575/575/575 576/576/576
f 584/584/584 577/577/577 578/578/578
f 586/586/586 578/578/578 579/579/579
f 586/586/586 579/579/579 580/580/580
f 588/588/588 580/580/580 581/581/581
f 589/589/589 581/581/581 582/582/582
f 589/589/589 582/582/582 583/583/583
f 591/591/591 584/584/584 585/585/585
f 593/593/593 585/585/585 586/586/586
f 593/593/593 586/586/586 587/587/587
f 595/595/595 587/587/587 588/588/588
f 596/596/596 588/588/588 589/589/589
f 597/597/597 589/589/589 590/590/590
f 598/598/598 591/591/591 592/592/592
f 600/600/600 592/592/592 593/593/593
f 600/600/600 593/593/593 594/594/594
f 602/602/602 594/594/594 595/595/595
f 602/602/602 595/595/595 596/596/596
f 603/603/603 596/596/596 597/597/597
f 605/605/605 598/598/598 599/599/599
f 607/607/607 599/599/599 600/600/600
f 608/608/608 600/600/600 601/601/601
f 608/608/608 601/601/601 602/602/602
f 609/609/609 602/602/602 603/603/603
f 610/610/610 603/603/603 604/604/604
f 612/612/612 605/605/605 606/606/606
f 613/613/613 606/606/606 607/607/607
f 615/615/615 607/607/607 608/608/608
f 616/616/616 608/608/608 609/609/609
f 617/617/617 609/609/609 610/610/610
f 618/618/618 610/610/610 611/611/611
f 620/620/620 612/612/612 613/613/613
f 620/620/620 613/613/613 614/614/614
f 621/621/621 614/614/614 615/615/615
f 623/623/623 615/615/615 616/616/616
f 623/623/623 616/616/616 617/617/617
f 624/624/624 617/617/617 618/618/618
f 626/626/626 619/619/619 620/620/620
f 627/627/627 620/620/620 621/621/621
f 629/629/629 621/621/621 622/622/622
f 629/629/629 622/622/622 623/623/623
f 631/631/631 623/623/623 624/624/624
f 632/632/632 624/624/624 625/625/625
f 633/633/633 626/626/626 627/627/627
f 635/635/635 627/627/627 628/628/628
f 635/635/635 628/628/628 629/629/629
f 637/637/637 629/629/629 630/630/630
f 637/637/637 630/630/630 631/631/631
f 639/639/639 631/631/631 632/632/632
f 641/641/641 633/633/633 634/634/634
f 641/641/641 634/634/634 635/635/635
f 642/642/642 635/635/635 636/636/636
f 643/643/643 636/636/636 637/637/637
f 644/644/644 637/637/637 638/638/638
f 646/646/646 638/638/638 639/639/639
f 647/647/647 640/640/640 641/641/641
f 649/649/649 641/641/641 642/642/642
f 649/649/649 642/642/642 643/643/643
f 651/651/651 643/643/643 644/644/644
f 651/651/651 644/644/644 645/645/645
f 653/653/653 645/645/645 646/646/646
f 655/655/655 647/647/647 648/648/648
f 656/656/656 648/648/648 649/649/649
f 656/656/656 649/649/649 650/650/650
f 658/658/658 650/650/650 651/651/651
f 658/658/658 651/651/651 652/652/652
f 660/660/660 652/652/652 653/653/653
f 662/662/662 654/654/654 655/655/655
f 662/662/662 655/655/655 656/656/656
f 663/663/663 656/656/656 657/657/657
f 664/664/664 657/657/657 658/658/658
f 666/666/666 658/658/658 659/659/659
f 666/666/666 659/659/659 660/660/660
f 668/668/668 661/661/661 662/662/662
f 670/670/670 662/662/662 663/663/663
f 670/670/670 663/663/663 664/664/664
f 672/672/672 664/664/664 665/665/665
f 673/673/673 665/665/665 666/666/666
f 674/674/674 666/666/666 667/667/667
f 675/675/675 668/668/668 669/669/669
f 677/677/677 669/669/669 670/670/670
f 677/677/677 670/670/670 671/671/671
f 679/679/679 671/671/671 672/672/672
f 679/679/679 672/672/672 673/673/673
f 680/680/680 673/673/673 674/674/674
f 682/682/682 675/675/675 676/676/676
f 684/684/684 676/676/676 677/677/677
f 684/684/684 677/677/677 678/678/678
f 685/685/685 678/678/678 679/679/679
f 687/687/687 679/679/679 680/680/680
f 687/687/687 680/680/680 681/681/681
f 690/690/690 682/682/682 683/683/683
f 691/691/691 683/683/683 684/684/684
f 691/691/691 684/684/684 685/685/685
f 693/693/693 685/685/685 686/686/686
f 694/694/694 686/686/686 687/687/687
f 694/694/694 687/687/687 688/688/688
f 696/696/696 689/689/689 690/690/690
f 697/697/697 690/690/690 691/691/691
f 699/699/699 691/691/691 692/692/692
f 700/700/700 692/692/692 693/693/693
f 701/701/701 693/693/693 694/694/694
f 701/701/701 694/694/694 695/695/695
f 703/703/703 696/696/696 697/697/697
f 705/705/705 697/697/697 698/698/698
f 706/706/706 698/698/698 699/699/699
f 706/706/706 699/699/699 700/700/700
f 708/708/708 700/700/700 701/701/701
f 708/708/708 701/701/701 702/702/702
f 711/711/711 703/703/703 704/704/704
f 711/711/711 704/704/704 705/705/705
f 712/712/712 705/705/705 706/706/706
f 713/713/713 706/706/706 707/707/707
f 715/715/715 707/707/707 708/708/708
f 715/715/715 708/708/708 709/709/709
f 717/717/717 710/710/710 711/711/711
f 718/718/718 711/711/711 712/712/712
f 720/720/720 712/712/712 713/713/713
f 720/720/720 713/713/713 714/714/714
f 722/722/722 714/714/714 715/715/715
f 722/722/722 715/715/715 716/716/716
f 724/724/724 717/717/717 718/718/718
f 726/726/726 718/718/718 719/719/719
f 726/726/726 719/719/719 720/720/720
f 727/727/727 720/720/720 721/721/721
f 728/728/728 721/721/721 722/722/722
f 729/729/729 722/722/722 723/723/723
f 731/731/731 724/724/724 725/725/725
f 733/733/733 725/725/725 726/726/726
f 734/734/734 726/726/726 727/727/727
f 735/735/735 727/727/727 728/728/728
f 736/736/736 728/728/728 729/729/729
f 736/736/736 729/729/729 730/730/730
f 738/738/738 731/731/731 732/732/732
f 740/740/740 732/732/732 733/733/733
f 741/741/741 733/733/733 734/734/734
f 742/742/742 734/734/734 735/735/735
f 743/743/743 735/735/735 736/736/736
f 743/743/743 736/736/736 737/737/737
f 745/745/745 738/738/738 739/739/739
f 746/746/746 739/739/739 740/740/740
f 748/748/748 740/740/740 741/741/741
f 749/749/749 741/741/741 742/742/742
f 750/750/750 742/742/742 743/743/743
f 750/750/750 743/743/743 744/744/744
f 752/752/752 745/745/745 746/746/746
f 753/753/753 746/746/746 747/747/747
f 755/755/755 747/747/747 748/748/748
f 755/755/755 748/748/748 749/749/749
f 757/757/757 749/749/749 750/750/750
f 757/757/757 750/750/750 751/751/751
f 759/759/759 752/752/752 753/753/753
f 760/760/760 753/753/753 754/754/754
f 762/762/762 754/754/754 755/755/755
f 762/762/762 755/755/755 756/756/756
f 764/764/764 756/756/756 757/757/757
f 764/764/764 757/757/757 758/758/758
f 766/766/766 759/759/759 760/760/760
f 768/768/768 760/760/760 761/761/761
f 768/768/768 761/761/761 762/762/762
f 769/769/769 762/762/762 763/763/763
f 771/771/771 763/763/763 764/764/764
f 771/771/771 764/764/764 765/765/765
f 773/773/773 766/766/766 767/767/767
f 775/775/775 767/767/767 768/768/768
f 776/776/776 768/768/768 769/769/769
f 776/776/776 769/769/769 770/770/770
f 778/778/778 770/770/770 771/771/771
f 778/778/778 771/771/771 772/772/772
f 780/780/780 773/773/773 774/774/774
f 782/782/782 774/774/774 775/775/775
f 783/783/783 775/775/775 776/776/776
f 783/783/783 776/776/776 777/777/777
f 785/785/785 777/777/777 778/778/778
f 785/785/785 778/778/778 779/779/779
f 787/787/787 780/780/780 781/781/781
f 788/788/788 781/781/781 782/782/782
f 790/790/790 782/782/782 783/783/783
f 790/790/790 783/783/783 784/784/784
f 792/792/792 784/784/784 785/785/785
f 793/793/793 785/785/785 786/786/786
f 794/794/794 787/787/787 788/788/788
f 795/795/795 788/788/788 789/789/789
f 797/797/797 789/789/789 790/790/790
f 797/797/797 790/790/790 791/791/791
f 799/799/799 791/791/791 792/792/792
f 800/800/800 792/792/792 793/793/793
f 801/801/801 794/794/794 795/795/795
f 803/803/803 795/795/795 796/796/796
f 804/804/804 796/796/796 797/797/797
f 804/804/804 797/797/797 798/798/798
f 805/805/805 798/798/798 799/799/799
f 807/807/807 799/799/799 800/800/800
f 808/808/808 801/801/801 802/802/802
f 810/810/810 802/802/802 803/803/803
f 811/811/811 803/803/803 804/804/804
f 811/811/811 804/804/804 805/805/805
f 812/812/812 805/805/805 806/806/806
f 814/814/814 806/806/806 807/807/807
f 815/815/815 808/808/808 809/809/809
f 817/817/817 809/809/809 810/810/810
f 818/818/818 810/810/810 811/811/811
f 818/818/818 811/811/811 812/812/812
f 820/820/820 812/812/812 813/813/813
f 820/820/820 813/813/813 814/814/814
f 822/822/822 815/815/815 816/816/816
f 823/823/823 816/816/816 817/817/817
f 825/825/825 817/817/817 818/818/818
f 825/825/825 818/818/818 819/819/819
f 827/827/827 819/819/819 820/820/820
f 828/828/828 820/820/820 821/821/821
f 830/830/830 822/822/822 823/823/823
f 830/830/830 823/823/823 824/824/824
f 832/832/832 824/824/824 825/825/825
f 832/832/832 825/825/825 826/826/826
f 834/834/834 826/826/826 827/827/827
f 835/835/835 827/827/827 828/828/828
f 837/837/837 829/829/829 830/830/830
f 837/837/837 830/830/830 831/831/831
f 839/839/839 831/831/831 832/832/832
f 839/839/839 832/832/832 833/833/833
f 841/841/841 833/833/833 834/834/834
f 841/841/841 834/834/834 835/835/835
f 844/844/844 836/836/836 837/837/837
f 844/844/844 837/837/837 838/838/838
f 846/846/846 838/838/838 839/839/839
f 847/847/847 839/839/839 840/840/840
f 848/848/848 840/840/840 841/841/841
f 849/849/849 841/841/841 842/842/842
f 850/850/850 843/843/843 844/844/844
f 851/851/851 844/844/844 845/845/845
f 853/853/853 845/845/845 846/846/846
f 854/854/854 846/846/846 847/847/847
f 854/854/854 847/847/847 848/848/848
f 856/856/856 848/848/848 849/849/849
f 857/857/857 850/850/850 851/851/851
f 859/859/859 851/851/851 852/852/852
f 860/860/860 852/852/852 853/853/853
f 860/860/860 853/853/853 854/854/854
f 861/861/861 854/854/854 855/855/855
f 863/863/863 855/855/855 856/856/856
f 864/864/864 857/857/857 858/858/858
f 865/865/865 858/858/858 859/859/859
f 867/867/867 859/859/859 860/860/860
f 867/867/867 860/860/860 861/861/861
f 868/868/868 861/861/861 862/862/862
f 870/870/870 862/862/862 863/863/863
f 872/872/872 864/864/864 865/865/865
f 872/872/872 865/865/865 866/866/866
f 874/874/874 866/866/866 867/867/867
f 875/875/875 867/867/867 868/868/868
f 875/875/875 868/868/868 869/869/869
f 876/876/876 869/869/869 870/870/870
f 878/878/878 871/871/871 872/872/872
f 880/880/880 872/872/872 873/873/873
f 880/880/880 873/873/873 874/874/874
f 882/882/882 874/874/874 875/875/875
f 882/882/882 875/875/875 876/876/876
f 883/883/883 876/876/876 877/877/877
f 885/885/885 878/878/878 879/879/879
f 887/887/887 879/879/879 880/880/880
f 888/888/888 880/880/880 881/881/881
f 889/889/889 881/881/881 882/882/882
f 889/889/889 882/882/882 883/883/883
f 890/890/890 883/883/883 884/884/884
f 892/892/892 885/885/885 886/886/886
f 893/893/893 886/886/886 887/887/887
f 895/895/895 887/887/887 888/888/888
f 896/896/896 888/888/888 889/889/889
f 896/896/896 889/889/889 890/890/890
f 898/898/898 890/890/890 891/891/891
f 900/900/900 892/892/892 893/893/893
f 901/901/901 893/893/893 894/894/894
f 901/901/901 894/894/894 895/895/895
f 902/902/902 895/895/895 896/896/896
f 903/903/903 896/896/896 897/897/897
f 905/905/905 897/897/897 898/898/898
f 906/906/906 899/899/899 900/900/900
f 908/908/908 900/900/900 901/901/901
f 908/908/908 901/901/901 902/902/902
f 910/910/910 902/902/902 903/903/903
f 911/911/911 903/903/903 904/904/904
f 912/912/912 904/904/904 905/905/905
f 914/914/914 906/906/906 907/907/907
f 914/914/914 907/907/907 908/908/908
f 915/915/915 908/908/908 909/909/909
f 916/916/916 909/909/909 910/910/910
f 917/917/917 910/910/910 911/911/911
f 918/918/918 911/911/911 912/912/912
f 921/921/921 913/913/913 914/914/914
f 922/922/922 914/914/914 915/915/915
f 923/923/923 915/915/915 916/916/916
f 924/924/924 916/916/916 917/917/917
f 924/924/924 917/917/917 918/918/918
f 925/925/925 918/918/918 919/919/919
f 927/927/927 920/920/920 921/921/921
f 928/928/928 921/921/921 922/922/922
f 929/929/929 922/922/922 923/923/923
f 931/931/931 923/923/923 924/924/924
f 931/931/931 924/924/924 925/925/925
f 932/932/932 925/925/925 926/926/926
f 934/934/934 927/927/927 928/928/928
f 935/935/935 928/928/928 929/929/929
f 937/937/937 929/929/929 930/930/930
f 938/938/938 930/930/930 931/931/931
f 938/938/938 931/931/931 932/932/932
f 939/939/939 932/932/932 933/933/933
f 941/941/941 934/934/934 935/935/935
f 942/942/942 935/935/935 936/936/936
f 943/943/943 936/936/936 937/937/937
f 944/944/944 937/937/937 938/938/938
f 945/945/945 938/938/938 939/939/939
f 947/947/947 939/939/939 940/940/940
f 948/948/948 941/941/941 942/942/942
f 950/950/950 942/942/942 943/943/943
f 950/950/950 943/943/943 944/944/944
f 952/952/952 944/944/944 945/945/945
f 953/953/953 945/945/945 946/946/946
f 953/953/953 946/946/946 947/947/947
f 955/955/955 948/948/948 949/949/949
f 956/956/956 949/949/949 950/950/950
f 957/957/957 950/950/950 951/951/951
f 958/958/958 951/951/951 952/952/952
f 959/959/959 952/952/952 953/953/953
f 960/960/960 953/953/953 954/954/954
f 962/962/962 955/955/955 956/956/956
f 963/963/963 956/956/956 957/957/957
f 965/965/965 957/957/957 958/958/958
f 966/966/966 958/958/958 959/959/959
f 967/967/967 959/959/959 960/960/960
f 967/967/967 960/960/960 961/961/961
f 969/969/969 962/962/962 963/963/963
f 971/971/971 963/963/963 964/964/964
f 972/972/972 964/964/964 965/965/965
f 972/972/972 965/965/965 966/966/966
f 973/973/973 966/966/966 967/967/967
f 975/975/975 967/967/967 968/968/968
f 977/977/977 969/969/969 970/970/970
f 977/977/977 970/970/970 971/971/971
f 979/979/979 971/971/971 972/972/972
f 979/979/979 972/972/972 973/973/973
f 980/980/980 973/973/973 974/974/974
f 982/982/982 974/974/974 975/975/975
f 984/984/984 976/976/976 977/977/977
f 984/984/984 977/977/977 978/978/978
f 986/986/986 978/978/978 979/979/979
f 987/987/987 979/979/979 980/980/980
f 988/988/988 980/980/980 981/981/981
f 989/989/989 981/981/981 982/982/982
f 991/991/991 983/983/983 984/984/984
f 992/992/992 984/984/984 985/985/985
f 992/992/992 985/985/985 986/986/986
f 994/994/994 986/986/986 987/987/987
f 994/994/994 987/987/987 988/988/988
f 996/996/996 988/988/988 989/989/989
f 998/998/998 990/990/990 991/991/991
f 998/998/998 991/991/991 992/992/992
f 999/999/999 992/992/992 993/993/993
f 1001/1001/1001 993/993/993 994/994/994
f 1001/1001/1001 994/994/994 995/995/995
f 1003/1003/1003 995/995/995 996/996/996
f 1005/1005/1005 997/997/997 998/998/998
f 1005/1005/1005 998/998/998 999/999/999
f 1006/1006/1006 999/999/999 1000/1000/1000
f 1008/1008/1008 1000/1000/1000 1001/1001/1001
f 1009/1009/1009 1001/1001/1001 1002/1002/1002
f 1010/1010/1010 1002/1002/1002 1003/1003/1003
f 1012/1012/1012 1004/1004/1004 1005/1005/1005
f 1012/1012/1012 1005/1005/1005 1006/1006/1006
f 1013/1013/1013 1006/1006/1006 1007/1007/1007
f 1015/1015/1015 1007/1007/1007 1008/1008/1008
f 1015/1015/1015 1008/1008/1008 1009/1009/1009
f 1017/1017/1017 1009/1009/1009 1010/1010/1010
f 1019/1019/1019 1011/1011/1011 1012/1012/1012
f 1019/1019/1019 1012/1012/1012 1013/1013/1013
f 1021/1021/1021 1013/1013/1013 1014/1014/1014
f 1022/1022/1022 1014/1014/1014 1015/1015/1015
f 1022/1022/1022 1015/1015/1015 1016/1016/1016
f 1024/1024/1024 1016/1016/1016 1017/1017/1017
f 1026/1026/1026 1018/1018/1018 1019/1019/1019
f 1026/1026/1026 1019/1019/1019 1020/1020/1020
f 1028/1028/1028 1020/1020/1020 1021/1021/1021
f 1029/1029/1029 1021/1021/1021 1022/1022/1022
f 1029/1029/1029 1022/1022/1022 1023/1023/1023
f 1031/1031/1031 1023/1023/1023 1024/1024/1024
f 1033/1033/1033 1025/1025/1025 1026/1026/1026
f 1034/1034/1034 1026/1026/1026 1027/1027/1027
f 1034/1034/1034 1027/1027/1027 1028/1028/1028
f 1036/1036/1036 1028/1028/1028 1029/1029/1029
f 1036/1036/1036 1029/1029/1029 1030/1030/1030
f 1038/1038/1038 1030/1030/1030 1031/1031/1031
f 1040/1040/1040 1032/1032/1032 1033/1033/1033
f 1041/1041/1041 1033/1033/1033 1034/1034/1034
f 1041/1041/1041 1034/1034/1034 1035/1035/1035
f 1043/1043/1043 1035/1035/1035 1036/1036/1036
f 1043/1043/1043 1036/1036/1036 1037/1037/1037
f 1044/1044/1044 1037/1037/1037 1038/1038/1038
f 1047/1047/1047 1039/1039/1039 1040/1040/1040
f 1048/1048/1048 1040/1040/1040 1041/1041/1041
f 1048/1048/1048 1041/1041/1041 1042/1042/1042
f 1050/1050/1050 1042/1042/1042 1043/1043/1043
f 1050/1050/1050 1043/1043/1043 1044/1044/1044
f 1051/1051/1051 1044/1044/1044 1045/1045/1045
f 1054/1054/1054 1046/1046/1046 1047/1047/1047
f 1055/1055/1055 1047/1047/1047 1048/1048/1048
f 1055/1055/1055 1048/1048/1048 1049/1049/1049
f 1056/1056/1056 1049/1049/1049 1050/1050/1050
f 1058/1058/1058 1050/1050/1050 1051/1051/1051
f 1059/1059/1059 1051/1051/1051 1052/1052/1052
f 1061/1061/1061 1053/1053/1053 1054/1054/1054
f 1062/1062/1062 1054/1054/1054 1055/1055/1055
f 1062/1062/1062 1055/1055/1055 1056/1056/1056
f 1063/1063/1063 1056/1056/1056 1057/1057/1057
f 1065/1065/1065 1057/1057/1057 1058/1058/1058
f 1065/1065/1065 1058/1058/1058 1059/1059/1059
f 1068/1068/1068 1060/1060/1060 1061/1061/1061
f 1069/1069/1069 1061/1061/1061 1062/1062/1062
f 1070/1070/1070 1062/1062/1062 1063/1063/1063
f 1070/1070/1070 1063/1063/1063 1064/1064/1064
f 1072/1072/1072 1064/1064/1064 1065/1065/1065
f 1072/1072/1072 1065/1065/1065 1066/1066/1066
f 1075/1075/1075 1067/1067/1067 1068/1068/1068
f 1076/1076/1076 1068/1068/1068 1069/1069/1069
f 1076/1076/1076 1069/1069/1069 1070/1070/1070
f 1077/1077/1077 1070/1070/1070 1071/1071/1071
f 1079/1079/1079 1071/1071/1071 1072/1072/1072
f 1079/1079/1079 1072/1072/1072 1073/1073/1073
f 1081/1081/1081 1074/1074/1074 1075/1075/1075
f 1083/1083/1083 1075/1075/1075 1076/1076/1076
f 1083/1083/1083 1076/1076/1076 1077/1077/1077
f 1085/1085/1085 1077/1077/1077 1078/1078/1078
f 1086/1086/1086 1078/1078/1078 1079/1079/1079
f 1086/1086/1086 1079/1079/1079 1080/1080/1080
f 1088/1088/1088 1081/1081/1081 1082/1082/1082
f 1090/1090/1090 1082/1082/1082 1083/1083/1083
f 1090/1090/1090 1083/1083/1083 1084/1084/1084
f 1092/1092/1092 1084/1084/1084 1085/1085/1085
f 1092/1092/1092 1085/1085/1085 1086/1086/1086
f 1094/1094/1094 1086/1086/1086 1087/1087/1087
f 1095/1095/1095 1088/1088/1088 1089/1089/1089
f 1097/1097/1097 1089/1089/1089 1090/1090/1090
f 1097/1097/1097 1090/1090/1090 1091/1091/1091
f 1099/1099/1099 1091/1091/1091 1092/1092/1092
f 1100/1100/1100 1092/1092/1092 1093/1093/1093
f 1100/1100/1100 1093/1093/1093 1094/1094/1094
f 1102/1102/1102 1095/1095/1095 1096/1096/1096
f 1104/1104/1104 1096/1096/1096 1097/1097/1097
f 1104/1104/1104 1097/1097/1097 1098/1098/1098
f 1106/1106/1106 1098/1098/1098 1099/1099/1099
f 1107/1107/1107 1099/1099/1099 1100/1100/1100
f 1107/1107/1107 1100/1100/1100 1101/1101/1101
f 1110/1110/1110 1102/1102/1102 1103/1103/1103
f 1111/1111/1111 1103/1103/1103 1104/1104/1104
f 1111/1111/1111 1104/1104/1104 1105/1105/1105
f 1112/1112/1112 1105/1105/1105 1106/1106/1106
f 1113/1113/1113 1106/1106/1106 1107/1107/1107
f 1115/1115/1115 1107/1107/1107 1108/1108/1108
f 1117/1117/1117 1109/1109/1109 1110/1110/1110
f 1117/1117/1117 1110/1110/1110 1111/1111/1111
f 1119/1119/1119 1111/1111/1111 1112/1112/1112
f 1120/1120/1120 1112/1112/1112 1113/1113/1113
f 1120/1120/1120 1113/1113/1113 1114/1114/1114
f 1121/1121/1121 1114/1114/1114 1115/1115/1115
f 1124/1124/1124 1116/1116/1116 1117/1117/1117
f 1124/1124/1124 1117/1117/1117 1118/1118/1118
f 1126/1126/1126 1118/1118/1118 1119/1119/1119
f 1126/1126/1126 1119/1119/1119 1120/1120/1120
f 1128/1128/1128 1120/1120/1120 1121/1121/1121
f 1129/1129/1129 1121/1121/1121 1122/1122/1122
f 1130/1130/1130 1123/1123/1123 1124/1124/1124
f 1131/1131/1131 1124/1124/1124 1125/1125/1125
f 1133/1133/1133 1125/1125/1125 1126/1126/1126
f 1133/1133/1133 1126/1126/1126 1127/1127/1127
f 1135/1135/1135 1127/1127/1127 1128/1128/1128
f 1136/1136/1136 1128/1128/1128 1129/1129/1129
f 1138/1138/1138 1130/1130/1130 1131/1131/1131
f 1138/1138/1138 1131/1131/1131 1132/1132/1132
f 1139/1139/1139 1132/1132/1132 1133/1133/1133
f 1140/1140/1140 1133/1133/1133 1134/1134/1134
f 1142/1142/1142 1134/1134/1134 1135/1135/1135
f 1142/1142/1142 1135/1135/1135 1136/1136/1136
f 1145/1145/1145 1137/1137/1137 1138/1138/1138
f 1145/1145/1145 1138/1138/1138 1139/1139/1139
f 1146/1146/1146 1139/1139/1139 1140/1140/1140
f 1147/1147/1147 1140/1140/1140 1141/1141/1141
f 1149/1149/1149 1141/1141/1141 1142/1142/1142
f 1149/1149/1149 1142/1142/1142 1143/1143/1143
f 1152/1152/1152 1144/1144/1144 1145/1145/1145
f 1152/1152/1152 1145/1145/1145 1146/1146/1146
f 1154/1154/1154 1146/1146/1146 1147/1147/1147
f 1155/1155/1155 1147/1147/1147 1148/1148/1148
f 1156/1156/1156 1148/1148/1148 1149/1149/1149
f 1156/1156/1156 1149/1149/1149 1150/1150/1150
f 1158/1158/1158 1151/1151/1151 1152/1152/1152
f 1159/1159/1159 1152/1152/1152 1153/1153/1153
f 1161/1161/1161 1153/1153/1153 1154/1154/1154
f 1162/1162/1162 1154/1154/1154 1155/1155/1155
f 1162/1162/1162 1155/1155/1155 1156/1156/1156
f 1164/1164/1164 1156/1156/1156 1157/1157/1157
f 1165/1165/1165 1158/1158/1158 1159/1159/1159
f 1167/1167/1167 1159/1159/1159 1160/1160/1160
f 1168/1168/1168 1160/1160/1160 1161/1161/1161
f 1168/1168/1168 1161/1161/1161 1162/1162/1162
f 1169/1169/1169 1162/1162/1162 1163/1163/1163
f 1171/1171/1171 1163/1163/1163 1164/1164/1164
f 1172/1172/1172 1165/1165/1165 1166/1166/1166
f 1173/1173/1173 1166/1166/1166 1167/1167/1167
f 1175/1175/1175 1167/1167/1167 1168/1168/1168
f 1175/1175/1175 1168/1168/1168 1169/1169/1169
f 1176/1176/1176 1169/1169/1169 1170/1170/1170
f 1177/1177/1177 1170/1170/1170 1171/1171/1171
f 1180/1180/1180 1172/1172/1172 1173/1173/1173
f 1180/1180/1180 1173/1173/1173 1174/1174/1174
f 1182/1182/1182 1174/1174/1174 1175/1175/1175
f 1183/1183/1183 1175/1175/1175 1176/1176/1176
f 1183/1183/1183 1176/1176/1176 1177/1177/1177
f 1185/1185/1185 1177/1177/1177 1178/1178/1178
f 1186/1186/1186 1179/1179/1179 1180/1180/1180
f 1188/1188/1188 1180/1180/1180 1181/1181/1181
f 1188/1188/1188 1181/1181/1181 1182/1182/1182
f 1190/1190/1190 1182/1182/1182 1183/1183/1183
f 1190/1190/1190 1183/1183/1183 1184/1184/1184
f 1192/1192/1192 1184/1184/1184 1185/1185/1185
f 1193/1193/1193 1186/1186/1186 1187/1187/1187
f 1195/1195/1195 1187/1187/1187 1188/1188/1188
f 1195/1195/1195 1188/1188/1188 1189/1189/1189
f 1197/1197/1197 1189/1189/1189 1190/1190/1190
f 1197/1197/1197 1190/1190/1190 1191/1191/1191
f 1199/1199/1199 1191/1191/1191 1192/1192/1192
f 1200/1200/1200 1193/1193/1193 1194/1194/1194
f 1202/1202/1202 1194/1194/1194 1195/1195/1195
f 1202/1202/1202 1195/1195/1195 1196/1196/1196
f 1204/1204/1204 1196/1196/1196 1197/1197/1197
f 1205/1205/1205 1197/1197/1197 1198/1198/1198
f 1206/1206/1206 1198/1198/1198 1199/1199/1199
f 1208/1208/1208 1200/1200/1200 1201/1201/1201
f 1209/1209/1209 1201/1201/1201 1202/1202/1202
f 1210/1210/1210 1202/1202/1202 1203/1203/1203
f 1210/1210/1210 1203/1203/1203 1204/1204/1204
f 1211/1211/1211 1204/1204/1204 1205/1205/1205
f 1212/1212/1212 1205/1205/1205 1206/1206/1206
f 1214/1214/1214 1207/1207/1207 1208/1208/1208
f 1215/1215/1215 1208/1208/1208 1209/1209/1209
f 1217/1217/1217 1209/1209/1209 1210/1210/1210
f 1218/1218/1218 1210/1210/1210 1211/1211/1211
f 1218/1218/1218 1211/1211/1211 1212/1212/1212
f 1220/1220/1220 1212/1212/1212 1213/1213/1213
f 1222/1222/1222 1214/1214/1214 1215/1215/1215
f 1223/1223/1223 1215/1215/1215 1216/1216/1216
f 1223/1223/1223 1216/1216/1216 1217/1217/1217
f 1224/1224/1224 1217/1217/1217 1218/1218/1218
f 1225/1225/1225 1218/1218/1218 1219/1219/1219
f 1227/1227/1227 1219/1219/1219 1220/1220/1220
f 1229/1229/1229 1221/1221/1221 1222/1222/1222
f 1230/1230/1230 1222/1222/1222 1223/1223/1223
f 1231/1231/1231 1223/1223/1223 1224/1224/1224
f 1232/1232/1232 1224/1224/1224 1225/1225/1225
f 1233/1233/1233 1225/1225/1225 1226/1226/1226
f 1233/1233/1233 1226/1226/1226 1227/1227/1227
f 1236/1236/1236 1228/1228/1228 1229/1229/1229
f 1237/1237/1237 1229/1229/1229 1230/1230/1230
f 1238/1238/1238 1230/1230/1230 1231/1231/1231
f 1240/1240/1240 1231/1231/1231 1232/1232/1232
f 1240/1240/1240 1232/1232/1232 1233/1233/1233
f 1241/1241/1241 1233/1233/1233 1234/1234/1234
f 2/2/2 10/10/10 1244/1244/1244
f 17/17/17 24/24/24 1247/1247/1247
f 1249/1249/1249 38/38/38 1250/1250/1250
f 38/38/38 45/45/45 1251/1251/1251
f 1253/1253/1253 59/59/59 1254/1254/1254
f 1257/1257/1257 80/80/80 1258/1258/1258
f 94/94/94 101/101/101 1262/1262/1262
f 1264/1264/1264 115/115/115 1265/1265/1265
f 122/122/122 129/129/129 1267/1267/1267
f 1265/1265/1265 122/122/122 1266/1266/1266
f 1260/1260/1260 94/94/94 1261/1261/1261
f 59/59/59 66/66/66 1255/1255/1255
f 1269/1269/1269 143/143/143 1270/1270/1270
f 143/143/143 150/150/150 1271/1271/1271
f 164/164/164 171/171/171 1275/1275/1275
f 1277/1277/1277 185/185/185 1278/1278/1278
f 185/185/185 192/192/192 1279/1279/1279
f 1273/1273/1273 164/164/164 1274/1274/1274
f 1281/1281/1281 206/206/206 1282/1282/1282
f 206/206/206 213/213/213 1283/1283/1283
f 1285/1285/1285 227/227/227 1286/1286/1286
f 248/248/248 255/255/255 1291/1291/1291
f 1289/1289/1289 248/248/248 1290/1290/1290
f 227/227/227 234/234/234 1287/1287/1287
f 269/269/269 276/276/276 1295/1295/1295
f 290/290/290 297/297/297 1299/1299/1299
f 1297/1297/1297 290/290/290 1298/1298/1298
f 269/269/269 1293/1293/1293 262/262/262
f 304/304/304 1300/1300/1300 297/297/297
f 1301/1301/1301 311/311/311 1302/1302/1302
f 1302/1302/1302 318/318/318 1303/1303/1303
f 1305/1305/1305 332/332/332 1306/1306/1306
f 353/353/353 360/360/360 1311/1311/1311
f 1309/1309/1309 353/353/353 1310/1310/1310
f 332/332/332 339/339/339 1307/1307/1307
f 367/367/367 374/374/374 1314/1314/1314
f 1316/1316/1316 388/388/388 1317/1317/1317
f 388/388/388 395/395/395 1318/1318/1318
f 1320/1320/1320 409/409/409 1321/1321/1321
f 1324/1324/1324 430/430/430 1325/1325/1325
f 409/409/409 416/416/416 1322/1322/1322
f 451/451/451 458/458/458 1330/1330/1330
f 458/458/458 465/465/465 1331/1331/1331
f 1328/1328/1328 451/451/451 1329/1329/1329
f 1333/1333/1333 479/479/479 1334/1334/1334
f 1337/1337/1337 500/500/500 1338/1338/1338
f 479/479/479 486/486/486 1335/1335/1335
f 521/521/521 528/528/528 1343/1343/1343
f 1341/1341/1341 521/521/521 1342/1342/1342
f 1345/1345/1345 542/542/542 1346/1346/1346
f 542/542/542 549/549/549 1347/1347/1347
f 563/563/563 570/570/570 1351/1351/1351
f 1349/1349/1349 563/563/563 1350/1350/1350
f 500/500/500 507/507/507 1339/1339/1339
f 430/430/430 437/437/437 1326/1326/1326
f 1353/1353/1353 584/584/584 1354/1354/1354
f 584/584/584 591/591/591 1355/1355/1355
f 1357/1357/1357 605/605/605 1358/1358/1358
f 1352/1352/1352 1351/1351/1351 570/570/570
f 8/8/8 1703/1703/1703 16/16/16
f 1702/1702/1702 1701/1701/1701 23/23/23
f 30/30/30 1699/1699/1699 37/37/37
f 1701/1701/1701 1700/1700/1700 30/30/30
f 1697/1697/1697 1696/1696/1696 51/51/51
f 51/51/51 1695/1695/1695 58/58/58
f 1693/1693/1693 1692/1692/1692 72/72/72
f 72/72/72 1691/1691/1691 79/79/79
f 1694/1694/1694 1693/1693/1693 65/65/65
f 1698/1698/1698 1697/1697/1697 44/44/44
f 1689/1689/1689 1688/1688/1688 93/93/93
f 93/93/93 1687/1687/1687 100/100/100
f 1685/1685/1685 1684/1684/1684 114/114/114
f 121/121/121 1682/1682/1682 128/128/128
f 1684/1684/1684 1683/1683/1683 121/121/121
f 100/100/100 1686/1686/1686 107/107/107
f 79/79/79 1690/1690/1690 86/86/86
f 1681/1681/1681 1680/1680/1680 135/135/135
f 1680/1680/1680 1679/1679/1679 142/142/142
f 142/142/142 1678/1678/1678 149/149/149
f 1676/1676/1676 1675/1675/1675 163/163/163
f 1675/1675/1675 1674/1674/1674 170/170/170
f 149/149/149 1677/1677/1677 156/156/156
f 177/177/177 1672/1672/1672 184/184/184
f 1671/1671/1671 1670/1670/1670 191/191/191
f 198/198/198 1668/1668/1668 205/205/205
f 1666/1666/1666 1665/1665/1665 219/219/219
f 1667/1667/1667 1666/1666/1666 212/212/212
f 1670/1670/1670 1669/1669/1669 198/198/198
f 170/170/170 1673/1673/1673 177/177/177
f 226/226/226 1663/1663/1663 233/233/233
f 1662/1662/1662 1661/1661/1661 240/240/240
f 247/247/247 1659/1659/1659 254/254/254
f 254/254/254 1658/1658/1658 261/261/261
f 1661/1661/1661 1660/1660/1660 247/247/247
f 1656/1656/1656 1655/1655/1655 275/275/275
f 275/275/275 1654/1654/1654 282/282/282
f 1652/1652/1652 1651/1651/1651 296/296/296
f 1649/1649/1649 1648/1648/1648 310/310/310
f 296/296/296 1650/1650/1650 303/303/303
f 1653/1653/1653 1652/1652/1652 289/289/289
f 1657/1657/1657 1656/1656/1656 268/268/268
f 219/219/219 1664/1664/1664 226/226/226
f 1648/1648/1648 1647/1647/1647 317/317/317
f 324/324/324 1645/1645/1645 331/331/331
f 1644/1644/1644 1643/1643/1643 338/338/338
f 338/338/338 1642/1642/1642 345/345/345
f 345/345/345 1641/1641/1641 352/352/352
f 1639/1639/1639 1638/1638/1638 366/366/366
f 366/366/366 1637/1637/1637 373/373/373
f 1635/1635/1635 1634/1634/1634 387/387/387
f 387/387/387 1633/1633/1633 394/394/394
f 1636/1636/1636 1635/1635/1635 380/380/380
f 1640/1640/1640 1639/1639/1639 359/359/359
f 324/324/324 317/317/317 1647/1647/1647
f 1632/1632/1632 1631/1631/1631 401/401/401
f 1631/1631/1631 1630/1630/1630 408/408/408
f 408/408/408 1629/1629/1629 415/415/415
f 415/415/415 1628/1628/1628 422/422/422
f 1626/1626/1626 1625/1625/1625 436/436/436
f 1623/1623/1623 1622/1622/1622 450/450/450
f 436/436/436 1624/1624/1624 443/443/443
f 1627/1627/1627 1626/1626/1626 429/429/429
f 1622/1622/1622 1621/1621/1621 457/457/457
f 457/457/457 1620/1620/1620 464/464/464
f 464/464/464 1619/1619/1619 471/471/471
f 1617/1617/1617 1616/1616/1616 485/485/485
f 485/485/485 1615/1615/1615 492/492/492
f 1618/1618/1618 1617/1617/1617 478/478/478
f 1613/1613/1613 1612/1612/1612 506/506/506
f 513/513/513 1610/1610/1610 520/520/520
f 1612/1612/1612 1611/1611/1611 513/513/513
f 492/492/492 1614/1614/1614 499/499/499
f 1608/1608/1608 1607/1607/1607 534/534/534
f 534/534/534 1606/1606/1606 541/541/541
f 1604/1604/1604 1603/1603/1603 555/555/555
f 1603/1603/1603 1602/1602/1602 562/562/562
f 541/541/541 1605/1605/1605 548/548/548
f 569/569/569 1600/1600/1600 576/576/576
f 1599/1599/1599 1598/1598/1598 583/583/583
f 590/590/590 1596/1596/1596 597/597/597
f 604/604/604 1593/1593/1593 611/611/611
f 1595/1595/1595 1594/1594/1594 604/604/604
f 583/583/583 1597/1597/1597 590/590/590
f 562/562/562 1601/1601/1601 569/569/569
f 1609/1609/1609 1608/1608/1608 527/527/527
f 611/611/611 1592/1592/1592 618/618/618
f 1361/1361/1361 626/626/626 1362/1362/1362
f 626/626/626 633/633/633 1363/1363/1363
f 1365/1365/1365 647/647/647 1366/1366/1366
f 1368/1368/1368 661/661/661 1369/1369/1369
f 661/661/661 668/668/668 1370/1370/1370
f 682/682/682 689/689/689 1374/1374/1374
f 1376/1376/1376 703/703/703 1377/1377/1377
f 703/703/703 710/710/710 1378/1378/1378
f 1380/1380/1380 724/724/724 1381/1381/1381
f 1384/1384/1384 745/745/745 1385/1385/1385
f 724/724/724 731/731/731 1382/1382/1382
f 1372/1372/1372 682/682/682 1373/1373/1373
f 766/766/766 773/773/773 1390/1390/1390
f 1388/1388/1388 766/766/766 1389/1389/1389
f 1392/1392/1392 787/787/787 1393/1393/1393
f 787/787/787 794/794/794 1394/1394/1394
f 1397/1397/1397 815/815/815 1398/1398/1398
f 1396/1396/1396 808/808/808 1397/1397/1397
f 836/836/836 843/843/843 1403/1403/1403
f 1401/1401/1401 836/836/836 1402/1402/1402
f 1405/1405/1405 857/857/857 1406/1406/1406
f 857/857/857 864/864/864 1407/1407/1407
f 878/878/878 885/885/885 1411/1411/1411
f 1409/1409/1409 878/878/878 1410/1410/1410
f 815/815/815 822/822/822 1399/1399/1399
f 745/745/745 752/752/752 1386/1386/1386
f 1413/1413/1413 899/899/899 1414/1414/1414
f 913/913/913 920/920/920 1418/1418/1418
f 1416/1416/1416 913/913/913 1417/1417/1417
f 920/920/920 927/927/927 1419/1419/1419
f 1421/1421/1421 941/941/941 1422/1422/1422
f 1424/1424/1424 955/955/955 1425/1425/1425
f 976/976/976 983/983/983 1430/1430/1430
f 1428/1428/1428 976/976/976 1429/1429/1429
f 955/955/955 962/962/962 1426/1426/1426
f 1432/1432/1432 997/997/997 1433/1433/1433
f 997/997/997 1004/1004/1004 1434/1434/1434
f 1436/1436/1436 1018/1018/1018 1437/1437/1437
f 1039/1039/1039 1046/1046/1046 1442/1442/1442
f 1440/1440/1440 1039/1039/1039 1441/1441/1441
f 1018/1018/1018 1025/1025/1025 1438/1438/1438
f 1060/1060/1060 1067/1067/1067 1446/1446/1446
f 1448/1448/1448 1081/1081/1081 1449/1449/1449
f 1081/1081/1081 1088/1088/1088 1450/1450/1450
f 1452/1452/1452 1102/1102/1102 1453/1453/1453
f 1456/1456/1456 1123/1123/1123 1457/1457/1457
f 1102/1102/1102 1109/1109/1109 1454/1454/1454
f 1144/1144/1144 1151/1151/1151 1462/1462/1462
f 1151/1151/1151 1158/1158/1158 1463/1463/1463
f 1460/1460/1460 1144/1144/1144 1461/1461/1461
f 1465/1465/1465 1172/1172/1172 1466/1466/1466
f 1469/1469/1469 1193/1193/1193 1470/1470/1470
f 1172/1172/1172 1179/1179/1179 1467/1467/1467
f 1123/1123/1123 1130/1130/1130 1458/1458/1458
f 1444/1444/1444 1060/1060/1060 1445/1445/1445
f 1420/1420/1420 1419/1419/1419 927/927/927
f 1228/1228/1228 1476/1476/1476 1221/1221/1221
f 1207/1207/1207 1214/1214/1214 1474/1474/1474
f 1471/1471/1471 1470/1470/1470 1193/1193/1193
f 1228/1228/1228 1236/1236/1236 1235/1235/1235
f 1590/1590/1590 1589/1589/1589 632/632/632
f 632/632/632 1588/1588/1588 639/639/639
f 1586/1586/1586 1585/1585/1585 653/653/653
f 1584/1584/1584 653/653/653 1585/1585/1585
f 639/639/639 1587/1587/1587 646/646/646
f 660/660/660 1583/1583/1583 667/667/667
f 1582/1582/1582 1581/1581/1581 674/674/674
f 681/681/681 1579/1579/1579 688/688/688
f 1578/1578/1578 1577/1577/1577 695/695/695
f 674/674/674 1580/1580/1580 681/681/681
f 702/702/702 1575/1575/1575 709/709/709
f 1574/1574/1574 1573/1573/1573 716/716/716
f 723/723/723 1571/1571/1571 730/730/730
f 1569/1569/1569 1568/1568/1568 744/744/744
f 730/730/730 1570/1570/1570 737/737/737
f 1573/1573/1573 1572/1572/1572 723/723/723
f 1577/1577/1577 1576/1576/1576 702/702/702
f 744/744/744 1567/1567/1567 751/751/751
f 751/751/751 1566/1566/1566 758/758/758
f 1565/1565/1565 1564/1564/1564 765/765/765
f 772/772/772 1562/1562/1562 779/779/779
f 779/779/779 1561/1561/1561 786/786/786
f 1564/1564/1564 1563/1563/1563 772/772/772
f 1559/1559/1559 1558/1558/1558 800/800/800
f 800/800/800 1557/1557/1557 807/807/807
f 1555/1555/1555 1554/1554/1554 821/821/821
f 828/828/828 1552/1552/1552 835/835/835
f 821/821/821 1553/1553/1553 828/828/828
f 807/807/807 1556/1556/1556 814/814/814
f 1560/1560/1560 1559/1559/1559 793/793/793
f 1550/1550/1550 1549/1549/1549 849/849/849
f 849/849/849 1548/1548/1548 856/856/856
f 1546/1546/1546 1545/1545/1545 870/870/870
f 1545/1545/1545 1544/1544/1544 877/877/877
f 856/856/856 1547/1547/1547 863/863/863
f 884/884/884 1542/1542/1542 891/891/891
f 1541/1541/1541 1540/1540/1540 898/898/898
f 905/905/905 1538/1538/1538 912/912/912
f 919/919/919 1535/1535/1535 926/926/926
f 1537/1537/1537 1536/1536/1536 919/919/919
f 898/898/898 1539/1539/1539 905/905/905
f 877/877/877 1543/1543/1543 884/884/884
f 1551/1551/1551 1550/1550/1550 842/842/842
f 926/926/926 1534/1534/1534 933/933/933
f 1532/1532/1532 1531/1531/1531 947/947/947
f 947/947/947 1530/1530/1530 954/954/954
f 1528/1528/1528 1527/1527/1527 968/968/968
f 975/975/975 1525/1525/1525 982/982/982
f 1524/1524/1524 1523/1523/1523 989/989/989
f 996/996/996 1521/1521/1521 1003/1003/1003
f 1520/1520/1520 1519/1519/1519 1010/1010/1010
f 989/989/989 1522/1522/1522 996/996/996
f 968/968/968 1526/1526/1526 975/975/975
f 1010/1010/1010 1518/1518/1518 1017/1017/1017
f 1017/1017/1017 1517/1517/1517 1024/1024/1024
f 1516/1516/1516 1515/1515/1515 1031/1031/1031
f 1515/1515/1515 1514/1514/1514 1038/1038/1038
f 1045/1045/1045 1512/1512/1512 1052/1052/1052
f 1059/1059/1059 1509/1509/1509 1066/1066/1066
f 1511/1511/1511 1510/1510/1510 1059/1059/1059
f 1038/1038/1038 1513/1513/1513 1045/1045/1045
f 1066/1066/1066 1508/1508/1508 1073/1073/1073
f 1507/1507/1507 1506/1506/1506 1080/1080/1080
f 1506/1506/1506 1505/1505/1505 1087/1087/1087
f 1094/1094/1094 1503/1503/1503 1101/1101/1101
f 1502/1502/1502 1501/1501/1501 1108/1108/1108
f 1087/1087/1087 1504/1504/1504 1094/1094/1094
f 1122/1122/1122 1498/1498/1498 1129/1129/1129
f 1136/1136/1136 1495/1495/1495 1143/1143/1143
f 1497/1497/1497 1496/1496/1496 1136/1136/1136
f 1115/1115/1115 1499/1499/1499 1122/1122/1122
f 1501/1501/1501 1500/1500/1500 1115/1115/1115
f 1493/1493/1493 1492/1492/1492 1157/1157/1157
f 1492/1492/1492 1491/1491/1491 1164/1164/1164
f 1171/1171/1171 1489/1489/1489 1178/1178/1178
f 1488/1488/1488 1487/1487/1487 1185/1185/1185
f 1164/1164/1164 1490/1490/1490 1171/1171/1171
f 1192/1192/1192 1485/1485/1485 1199/1199/1199
f 1484/1484/1484 1483/1483/1483 1206/1206/1206
f 1213/1213/1213 1481/1481/1481 1220/1220/1220
f 1479/1479/1479 1478/1478/1478 1234/1234/1234
f 1480/1480/1480 1479/1479/1479 1227/1227/1227
f 1483/1483/1483 1482/1482/1482 1213/1213/1213
f 1487/1487/1487 1486/1486/1486 1192/1192/1192
f 1143/1143/1143 1494/1494/1494 1150/1150/1150
f 1234/1234/1234 1243/1243/1243 1242/1242/1242
f 1710/1710/1710 1705/1705/1705 1706/1706/1706
f 1710/1710/1710 1706/1706/1706 1707/1707/1707
f 1713/1713/1713 1709/1709/1709 1710/1710/1710
f 1714/1714/1714 1710/1710/1710 1711/1711/1711
f 1717/1717/1717 1713/1713/1713 1714/1714/1714
f 1719/1719/1719 1714/1714/1714 1715/1715/1715
f 1721/1721/1721 1717/1717/1717 1718/1718/1718
f 1723/1723/1723 1718/1718/1718 1719/1719/1719
f 1725/1725/1725 1721/1721/1721 1722/1722/1722
f 1726/1726/1726 1722/1722/1722 1723/1723/1723
f 1730/1730/1730 1725/1725/1725 1726/1726/1726
f 1730/1730/1730 1726/1726/1726 1727/1727/1727
f 1734/1734/1734 1729/1729/1729 1730/1730/1730
f 1734/1734/1734 1730/1730/1730 1731/1731/1731
f 1738/1738/1738 1733/1733/1733 1734/1734/1734
f 1738/1738/1738 1734/1734/1734 1735/1735/1735
f 1742/1742/1742 1737/1737/1737 1738/1738/1738
f 1743/1743/1743 1738/1738/1738 1739/1739/1739
f 1746/1746/1746 1741/1741/1741 1742/1742/1742
f 1746/1746/1746 1742/1742/1742 1743/1743/1743
f 1749/1749/1749 1745/1745/1745 1746/1746/1746
f 1751/1751/1751 1746/1746/1746 1747/1747/1747
f 1753/1753/1753 1749/1749/1749 1750/1750/1750
f 1755/1755/1755 1750/1750/1750 1751/1751/1751
f 1758/1758/1758 1753/1753/1753 1754/1754/1754
f 1758/1758/1758 1754/1754/1754 1755/1755/1755
f 1762/1762/1762 1757/1757/1757 1758/1758/1758
f 1762/1762/1762 1758/1758/1758 1759/1759/1759
f 1765/1765/1765 1761/1761/1761 1762/1762/1762
f 1766/1766/1766 1762/1762/1762 1763/1763/1763
f 1770/1770/1770 1765/1765/1765 1766/1766/1766
f 1770/1770/1770 1766/1766/1766 1767/1767/1767
f 1774/1774/1774 1769/1769/1769 1770/1770/1770
f 1774/1774/1774 1770/1770/1770 1771/1771/1771
f 1777/1777/1777 1773/1773/1773 1774/1774/1774
f 1779/1779/1779 1774/1774/1774 1775/1775/1775
f 1781/1781/1781 1777/1777/1777 1778/1778/1778
f 1783/1783/1783 1778/1778/1778 1779/1779/1779
f 1786/1786/1786 1781/1781/1781 1782/1782/1782
f 1787/1787/1787 1782/1782/1782 1783/1783/1783
f 1790/1790/1790 1785/1785/1785 1786/1786/1786
f 1790/1790/1790 1786/1786/1786 1787/1787/1787
f 1794/1794/1794 1789/1789/1789 1790/1790/1790
f 1794/1794/1794 1790/1790/1790 1791/1791/1791
f 1798/1798/1798 1793/1793/1793 1794/1794/1794
f 1798/1798/1798 1794/1794/1794 1795/1795/1795
f 1801/1801/1801 1797/1797/1797 1798/1798/1798
f 1803/1803/1803 1798/1798/1798 1799/1799/1799
f 1805/1805/1805 1801/1801/1801 1802/1802/1802
f 1807/1807/1807 1802/1802/1802 1803/1803/1803
f 1809/1809/1809 1805/1805/1805 1806/1806/1806
f 1810/1810/1810 1806/1806/1806 1807/1807/1807
f 1814/1814/1814 1809/1809/1809 1810/1810/1810
f 1814/1814/1814 1810/1810/1810 1811/1811/1811
f 1818/1818/1818 1813/1813/1813 1814/1814/1814
f 1818/1818/1818 1814/1814/1814 1815/1815/1815
f 1822/1822/1822 1817/1817/1817 1818/1818/1818
f 1822/1822/1822 1818/1818/1818 1819/1819/1819
f 1826/1826/1826 1821/1821/1821 1822/1822/1822
f 1826/1826/1826 1822/1822/1822 1823/1823/1823
f 1830/1830/1830 1825/1825/1825 1826/1826/1826
f 1830/1830/1830 1826/1826/1826 1827/1827/1827
f 1834/1834/1834 1829/1829/1829 1830/1830/1830
f 1835/1835/1835 1830/1830/1830 1831/1831/1831
f 1837/1837/1837 1833/1833/1833 1834/1834/1834
f 1839/1839/1839 1834/1834/1834 1835/1835/1835
f 1841/1841/1841 1837/1837/1837 1838/1838/1838
f 1843/1843/1843 1838/1838/1838 1839/1839/1839
f 1845/1845/1845 1841/1841/1841 1842/1842/1842
f 1847/1847/1847 1842/1842/1842 1843/1843/1843
f 1849/1849/1849 1845/1845/1845 1846/1846/1846
f 1851/1851/1851 1846/1846/1846 1847/1847/1847
f 1853/1853/1853 1849/1849/1849 1850/1850/1850
f 1855/1855/1855 1850/1850/1850 1851/1851/1851
f 1857/1857/1857 1853/1853/1853 1854/1854/1854
f 1859/1859/1859 1854/1854/1854 1855/1855/1855
f 1862/1862/1862 1857/1857/1857 1858/1858/1858
f 1862/1862/1862 1858/1858/1858 1859/1859/1859
f 1865/1865/1865 1861/1861/1861 1862/1862/1862
f 1866/1866/1866 1862/1862/1862 1863/1863/1863
f 1870/1870/1870 1865/1865/1865 1866/1866/1866
f 1871/1871/1871 1866/1866/1866 1867/1867/1867
f 1874/1874/1874 1869/1869/1869 1870/1870/1870
f 1874/1874/1874 1870/1870/1870 1871/1871/1871
f 1877/1877/1877 1873/1873/1873 1874/1874/1874
f 1878/1878/1878 1874/1874/1874 1875/1875/1875
f 1881/1881/1881 1877/1877/1877 1878/1878/1878
f 1883/1883/1883 1878/1878/1878 1879/1879/1879
f 1886/1886/1886 1881/1881/1881 1882/1882/1882
f 1886/1886/1886 1882/1882/1882 1883/1883/1883
f 1889/1889/1889 1885/1885/1885 1886/1886/1886
f 1891/1891/1891 1886/1886/1886 1887/1887/1887
f 1894/1894/1894 1889/1889/1889 1890/1890/1890
f 1895/1895/1895 1890/1890/1890 1891/1891/1891
f 1897/1897/1897 1893/1893/1893 1894/1894/1894
f 1898/1898/1898 1894/1894/1894 1895/1895/1895
f 1901/1901/1901 1897/1897/1897 1898/1898/1898
f 1903/1903/1903 1898/1898/1898 1899/1899/1899
f 1905/1905/1905 1901/1901/1901 1902/1902/1902
f 1906/1906/1906 1902/1902/1902 1903/1903/1903
f 1909/1909/1909 1905/1905/1905 1906/1906/1906
f 1910/1910/1910 1906/1906/1906 1907/1907/1907
f 1914/1914/1914 1909/1909/1909 1910/1910/1910
f 1915/1915/1915 1910/1910/1910 1911/1911/1911
f 1917/1917/1917 1913/1913/1913 1914/1914/1914
f 1919/1919/1919 1914/1914/1914 1915/1915/1915
f 1921/1921/1921 1917/1917/1917 1918/1918/1918
f 1923/1923/1923 1918/1918/1918 1919/1919/1919
f 1925/1925/1925 1921/1921/1921 1922/1922/1922
f 1927/1927/1927 1922/1922/1922 1923/1923/1923
f 1930/1930/1930 1925/1925/1925 1926/1926/1926
f 1930/1930/1930 1926/1926/1926 1927/1927/1927
f 1934/1934/1934 1929/1929/1929 1930/1930/1930
f 1934/1934/1934 1930/1930/1930 1931/1931/1931
f 1938/1938/1938 1933/1933/1933 1934/1934/1934
f 1938/1938/1938 1934/1934/1934 1935/1935/1935
f 1942/1942/1942 1937/1937/1937 1938/1938/1938
f 1943/1943/1943 1938/1938/1938 1939/1939/1939
f 1946/1946/1946 1941/1941/1941 1942/1942/1942
f 1946/1946/1946 1942/1942/1942 1943/1943/1943
f 1949/1949/1949 1945/1945/1945 1946/1946/1946
f 1951/1951/1951 1946/1946/1946 1947/1947/1947
f 1953/1953/1953 1949/1949/1949 1950/1950/1950
f 1955/1955/1955 1950/1950/1950 1951/1951/1951
f 1957/1957/1957 1953/1953/1953 1954/1954/1954
f 1958/1958/1958 1954/1954/1954 1955/1955/1955
f 1961/1961/1961 1957/1957/1957 1958/1958/1958
f 1962/1962/1962 1958/1958/1958 1959/1959/1959
f 1966/1966/1966 1961/1961/1961 1962/1962/1962
f 1966/1966/1966 1962/1962/1962 1963/1963/1963
f 1970/1970/1970 1965/1965/1965 1966/1966/1966
f 1971/1971/1971 1966/1966/1966 1967/1967/1967
f 1973/1973/1973 1969/1969/1969 1970/1970/1970
f 1975/1975/1975 1970/1970/1970 1971/1971/1971
f 1977/1977/1977 1973/1973/1973 1974/1974/1974
f 1979/1979/1979 1974/1974/1974 1975/1975/1975
f 1981/1981/1981 1977/1977/1977 1978/1978/1978
f 1983/1983/1983 1978/1978/1978 1979/1979/1979
f 1985/1985/1985 1981/1981/1981 1982/1982/1982
f 1987/1987/1987 1982/1982/1982 1983/1983/1983
f 1989/1989/1989 1985/1985/1985 1986/1986/1986
f 1991/1991/1991 1986/1986/1986 1987/1987/1987
f 1994/1994/1994 1989/1989/1989 1990/1990/1990
f 1995/1995/1995 1990/1990/1990 1991/1991/1991
f 1997/1997/1997 1993/1993/1993 1994/1994/1994
f 1999/1999/1999 1994/1994/1994 1995/1995/1995
f 2001/2001/2001 1997/1997/1997 1998/1998/1998
f 2003/2003/2003 1998/1998/1998 1999/1999/1999
f 2005/2005/2005 2001/2001/2001 2002/2002/2002
f 2006/2006/2006 2002/2002/2002 2003/2003/2003
f 2010/2010/2010 2005/2005/2005 2006/2006/2006
f 2011/2011/2011 2006/2006/2006 2007/2007/2007
f 2013/2013/2013 2009/2009/2009 2010/2010/2010
f 2015/2015/2015 2010/2010/2010 2011/2011/2011
f 2018/2018/2018 2013/2013/2013 2014/2014/2014
f 2019/2019/2019 2014/2014/2014 2015/2015/2015
f 2026/2026/2026 2025/2025/2025 1709/1709/1709
f 1715/1715/1715 1712/1712/1712 1716/1716/1716
f 1715/1715/1715 1716/1716/1716 1720/1720/1720
f 1723/1723/1723 1724/1724/1724 1728/1728/1728
f 1735/1735/1735 1732/1732/1732 1736/1736/1736
f 1727/1727/1727 1728/1728/1728 1732/1732/1732
f 1719/1719/1719 1720/1720/1720 1724/1724/1724
f 1707/1707/1707 1708/1708/1708 1712/1712/1712
f 1743/1743/1743 1744/1744/1744 1748/1748/1748
f 1739/1739/1739 1740/1740/1740 1744/1744/1744
f 1735/1735/1735 1736/1736/1736 1740/1740/1740
f 1752/1752/1752 1755/1755/1755 1751/1751/1751
f 1748/1748/1748 1751/1751/1751 1747/1747/1747
f 1763/1763/1763 1760/1760/1760 1764/1764/1764
f 1763/1763/1763 1764/1764/1764 1768/1768/1768
f 1775/1775/1775 1772/1772/1772 1776/1776/1776
f 1779/1779/1779 1780/1780/1780 1784/1784/1784
f 1775/1775/1775 1776/1776/1776 1780/1780/1780
f 1767/1767/1767 1768/1768/1768 1772/1772/1772
f 1759/1759/1759 1756/1756/1756 1760/1760/1760
f 1784/1784/1784 1787/1787/1787 1783/1783/1783
f 1791/1791/1791 1788/1788/1788 1792/1792/1792
f 1791/1791/1791 1792/1792/1792 1796/1796/1796
f 1803/1803/1803 1800/1800/1800 1804/1804/1804
f 1807/1807/1807 1808/1808/1808 1812/1812/1812
f 1803/1803/1803 1804/1804/1804 1808/1808/1808
f 1795/1795/1795 1796/1796/1796 1800/1800/1800
f 1815/1815/1815 1816/1816/1816 1820/1820/1820
f 1811/1811/1811 1812/1812/1812 1816/1816/1816
f 1832/1832/1832 1831/1831/1831 1827/1827/1827
f 1823/1823/1823 1824/1824/1824 1828/1828/1828
f 1824/1824/1824 1823/1823/1823 1819/1819/1819
f 1839/1839/1839 1836/1836/1836 1840/1840/1840
f 1843/1843/1843 1840/1840/1840 1844/1844/1844
f 1847/1847/1847 1848/1848/1848 1852/1852/1852
f 1859/1859/1859 1856/1856/1856 1860/1860/1860
f 1855/1855/1855 1852/1852/1852 1856/1856/1856
f 1843/1843/1843 1844/1844/1844 1848/1848/1848
f 1835/1835/1835 1832/1832/1832 1836/1836/1836
f 1864/1864/1864 1863/1863/1863 1859/1859/1859
f 1865/1865/1865 2136/2136/2136 1861/1861/1861
f 1873/1873/1873 2142/2142/2142 1869/1869/1869
f 1867/1867/1867 1868/1868/1868 1872/1872/1872
f 1871/1871/1871 1872/1872/1872 1876/1876/1876
f 1883/1883/1883 1880/1880/1880 1884/1884/1884
f 1891/1891/1891 1888/1888/1888 1892/1892/1892
f 1887/1887/1887 1884/1884/1884 1888/1888/1888
f 1875/1875/1875 1876/1876/1876 1880/1880/1880
f 1867/1867/1867 1864/1864/1864 1868/1868/1868
f 1903/1903/1903 1900/1900/1900 1904/1904/1904
f 1895/1895/1895 1896/1896/1896 1900/1900/1900
f 1891/1891/1891 1892/1892/1892 1896/1896/1896
f 1912/1912/1912 1911/1911/1911 1907/1907/1907
f 1904/1904/1904 1907/1907/1907 1903/1903/1903
f 1919/1919/1919 1916/1916/1916 1920/1920/1920
f 1923/1923/1923 1920/1920/1920 1924/1924/1924
f 1931/1931/1931 1928/1928/1928 1932/1932/1932
f 1939/1939/1939 1936/1936/1936 1940/1940/1940
f 1935/1935/1935 1932/1932/1932 1936/1936/1936
f 1923/1923/1923 1924/1924/1924 1928/1928/1928
f 1915/1915/1915 1912/1912/1912 1916/1916/1916
f 1940/1940/1940 1943/1943/1943 1939/1939/1939
f 1943/1943/1943 1944/1944/1944 1948/1948/1948
f 1951/1951/1951 1948/1948/1948 1952/1952/1952
f 1955/1955/1955 1956/1956/1956 1960/1960/1960
f 1963/1963/1963 1964/1964/1964 1968/1968/1968
f 1959/1959/1959 1960/1960/1960 1964/1964/1964
f 1951/1951/1951 1952/1952/1952 1956/1956/1956
f 1979/1979/1979 1976/1976/1976 1980/1980/1980
f 1975/1975/1975 1972/1972/1972 1976/1976/1976
f 1967/1967/1967 1968/1968/1968 1972/1972/1972
f 1988/1988/1988 1991/1991/1991 1987/1987/1987
f 1987/1987/1987 1984/1984/1984 1988/1988/1988
f 1980/1980/1980 1983/1983/1983 1979/1979/1979
f 1999/1999/1999 1996/1996/1996 2000/2000/2000
f 2003/2003/2003 2000/2000/2000 2004/2004/2004
f 2011/2011/2011 2008/2008/2008 2012/2012/2012
f 2020/2020/2020 2016/2016/2016 2021/2021/2021
f 2015/2015/2015 2012/2012/2012 2016/2016/2016
f 2007/2007/2007 2004/2004/2004 2008/2008/2008
f 1995/1995/1995 1992/1992/1992 1996/1996/1996
f 2787/2787/2787 2799/2799/2799 2793/2793/2793
f 2797/2797/2797 2798/2798/2798 2799/2799/2799
f 2796/2796/2796 2802/2802/2802 2798/2798/2798
f 2800/2800/2800 2801/2801/2801 2802/2802/2802
f 2501/2501/2501 2805/2805/2805 2801/2801/2801
f 2803/2803/2803 2804/2804/2804 2805/2805/2805
f 2503/2503/2503 2808/2808/2808 2804/2804/2804
f 2806/2806/2806 2807/2807/2807 2808/2808/2808
f 2768/2768/2768 2782/2782/2782 2775/2775/2775
f 2780/2780/2780 2781/2781/2781 2782/2782/2782
f 2779/2779/2779 2785/2785/2785 2781/2781/2781
f 2783/2783/2783 2784/2784/2784 2785/2785/2785
f 2778/2778/2778 2791/2791/2791 2784/2784/2784
f 2789/2789/2789 2790/2790/2790 2791/2791/2791
f 2788/2788/2788 2794/2794/2794 2790/2790/2790
f 2792/2792/2792 2793/2793/2793 2794/2794/2794
f 2748/2748/2748 2763/2763/2763 2756/2756/2756
f 2761/2761/2761 2762/2762/2762 2763/2763/2763
f 2760/2760/2760 2766/2766/2766 2762/2762/2762
f 2764/2764/2764 2765/2765/2765 2766/2766/2766
f 2759/2759/2759 2773/2773/2773 2765/2765/2765
f 2771/2771/2771 2772/2772/2772 2773/2773/2773
f 2769/2769/2769 2776/2776/2776 2772/2772/2772
f 2774/2774/2774 2775/2775/2775 2776/2776/2776
f 2728/2728/2728 2743/2743/2743 2736/2736/2736
f 2741/2741/2741 2742/2742/2742 2743/2743/2743
f 2740/2740/2740 2746/2746/2746 2742/2742/2742
f 2744/2744/2744 2745/2745/2745 2746/2746/2746
f 2739/2739/2739 2754/2754/2754 2745/2745/2745
f 2752/2752/2752 2753/2753/2753 2754/2754/2754
f 2749/2749/2749 2757/2757/2757 2753/2753/2753
f 2755/2755/2755 2756/2756/2756 2757/2757/2757
f 2708/2708/2708 2723/2723/2723 2716/2716/2716
f 2721/2721/2721 2722/2722/2722 2723/2723/2723
f 2720/2720/2720 2726/2726/2726 2722/2722/2722
f 2724/2724/2724 2725/2725/2725 2726/2726/2726
f 2719/2719/2719 2734/2734/2734 2725/2725/2725
f 2732/2732/2732 2733/2733/2733 2734/2734/2734
f 2729/2729/2729 2737/2737/2737 2733/2733/2733
f 2735/2735/2735 2736/2736/2736 2737/2737/2737
f 2688/2688/2688 2703/2703/2703 2696/2696/2696
f 2701/2701/2701 2702/2702/2702 2703/2703/2703
f 2700/2700/2700 2706/2706/2706 2702/2702/2702
f 2704/2704/2704 2705/2705/2705 2706/2706/2706
f 2699/2699/2699 2714/2714/2714 2705/2705/2705
f 2712/2712/2712 2713/2713/2713 2714/2714/2714
f 2709/2709/2709 2717/2717/2717 2713/2713/2713
f 2715/2715/2715 2716/2716/2716 2717/2717/2717
f 2668/2668/2668 2683/2683/2683 2676/2676/2676
f 2681/2681/2681 2682/2682/2682 2683/2683/2683
f 2680/2680/2680 2686/2686/2686 2682/2682/2682
f 2684/2684/2684 2685/2685/2685 2686/2686/2686
f 2679/2679/2679 2694/2694/2694 2685/2685/2685
f 2692/2692/2692 2693/2693/2693 2694/2694/2694
f 2689/2689/2689 2697/2697/2697 2693/2693/2693
f 2695/2695/2695 2696/2696/2696 2697/2697/2697
f 2648/2648/2648 2663/2663/2663 2656/2656/2656
f 2661/2661/2661 2662/2662/2662 2663/2663/2663
f 2660/2660/2660 2666/2666/2666 2662/2662/2662
f 2664/2664/2664 2665/2665/2665 2666/2666/2666
f 2659/2659/2659 2674/2674/2674 2665/2665/2665
f 2672/2672/2672 2673/2673/2673 2674/2674/2674
f 2669/2669/2669 2677/2677/2677 2673/2673/2673
f 2675/2675/2675 2676/2676/2676 2677/2677/2677
f 2628/2628/2628 2643/2643/2643 2636/2636/2636
f 2641/2641/2641 2642/2642/2642 2643/2643/2643
f 2640/2640/2640 2646/2646/2646 2642/2642/2642
f 2644/2644/2644 2645/2645/2645 2646/2646/2646
f 2639/2639/2639 2654/2654/2654 2645/2645/2645
f 2652/2652/2652 2653/2653/2653 2654/2654/2654
f 2649/2649/2649 2657/2657/2657 2653/2653/2653
f 2655/2655/2655 2656/2656/2656 2657/2657/2657
f 2608/2608/2608 2623/2623/2623 2616/2616/2616
f 2621/2621/2621 2622/2622/2622 2623/2623/2623
f 2620/2620/2620 2626/2626/2626 2622/2622/2622
f 2624/2624/2624 2625/2625/2625 2626/2626/2626
f 2619/2619/2619 2634/2634/2634 2625/2625/2625
f 2632/2632/2632 2633/2633/2633 2634/2634/2634
f 2629/2629/2629 2637/2637/2637 2633/2633/2633
f 2635/2635/2635 2636/2636/2636 2637/2637/2637
f 2588/2588/2588 2603/2603/2603 2596/2596/2596
f 2601/2601/2601 2602/2602/2602 2603/2603/2603
f 2600/2600/2600 2606/2606/2606 2602/2602/2602
f 2604/2604/2604 2605/2605/2605 2606/2606/2606
f 2599/2599/2599 2614/2614/2614 2605/2605/2605
f 2612/2612/2612 2613/2613/2613 2614/2614/2614
f 2609/2609/2609 2617/2617/2617 2613/2613/2613
f 2615/2615/2615 2616/2616/2616 2617/2617/2617
f 2568/2568/2568 2583/2583/2583 2576/2576/2576
f 2581/2581/2581 2582/2582/2582 2583/2583/2583
f 2580/2580/2580 2586/2586/2586 2582/2582/2582
f 2584/2584/2584 2585/2585/2585 2586/2586/2586
f 2579/2579/2579 2594/2594/2594 2585/2585/2585
f 2592/2592/2592 2593/2593/2593 2594/2594/2594
f 2589/2589/2589 2597/2597/2597 2593/2593/2593
f 2595/2595/2595 2596/2596/2596 2597/2597/2597
f 2548/2548/2548 2563/2563/2563 2556/2556/2556
f 2561/2561/2561 2562/2562/2562 2563/2563/2563
f 2560/2560/2560 2566/2566/2566 2562/2562/2562
f 2564/2564/2564 2565/2565/2565 2566/2566/2566
f 2559/2559/2559 2574/2574/2574 2565/2565/2565
f 2572/2572/2572 2573/2573/2573 2574/2574/2574
f 2569/2569/2569 2577/2577/2577 2573/2573/2573
f 2575/2575/2575 2576/2576/2576 2577/2577/2577
f 2528/2528/2528 2543/2543/2543 2536/2536/2536
f 2541/2541/2541 2542/2542/2542 2543/2543/2543
f 2540/2540/2540 2546/2546/2546 2542/2542/2542
f 2544/2544/2544 2545/2545/2545 2546/2546/2546
f 2539/2539/2539 2554/2554/2554 2545/2545/2545
f 2552/2552/2552 2553/2553/2553 2554/2554/2554
f 2549/2549/2549 2557/2557/2557 2553/2553/2553
f 2555/2555/2555 2556/2556/2556 2557/2557/2557
f 2508/2508/2508 2523/2523/2523 2516/2516/2516
f 2521/2521/2521 2522/2522/2522 2523/2523/2523
f 2520/2520/2520 2526/2526/2526 2522/2522/2522
f 2524/2524/2524 2525/2525/2525 2526/2526/2526
f 2519/2519/2519 2534/2534/2534 2525/2525/2525
f 2532/2532/2532 2533/2533/2533 2534/2534/2534
f 2529/2529/2529 2537/2537/2537 2533/2533/2533
f 2535/2535/2535 2536/2536/2536 2537/2537/2537
f 2490/2490/2490 2499/2499/2499 2497/2497/2497
f 2496/2496/2496 2498/2498/2498 2499/2499/2499
f 2492/2492/2492 2506/2506/2506 2498/2498/2498
f 2504/2504/2504 2505/2505/2505 2506/2506/2506
f 2491/2491/2491 2514/2514/2514 2505/2505/2505
f 2512/2512/2512 2513/2513/2513 2514/2514/2514
f 2509/2509/2509 2517/2517/2517 2513/2513/2513
f 2515/2515/2515 2516/2516/2516 2517/2517/2517
f 2483/2483/2483 2808/2808/2808 2484/2484/2484
f 2470/2470/2470 2793/2793/2793 2471/2471/2471
f 2451/2451/2451 2772/2772/2772 2452/2452/2452
f 2438/2438/2438 2757/2757/2757 2439/2439/2439
f 2426/2426/2426 2736/2736/2736 2427/2427/2427
f 2723/2723/2723 2722/2722/2722 2416/2416/2416
f 2697/2697/2697 2696/2696/2696 2397/2397/2397
f 2677/2677/2677 2676/2676/2676 2382/2382/2382
f 2431/2431/2431 2746/2746/2746 2432/2432/2432
f 2374/2374/2374 2665/2665/2665 2375/2375/2375
f 2646/2646/2646 2645/2645/2645 2361/2361/2361
f 2622/2622/2622 2626/2626/2626 2344/2344/2344
f 2326/2326/2326 2602/2602/2602 2327/2327/2327
f 2317/2317/2317 2594/2594/2594 2318/2318/2318
f 2576/2576/2576 2583/2583/2583 2311/2311/2311
f 2565/2565/2565 2574/2574/2574 2304/2304/2304
f 2290/2290/2290 2553/2553/2553 2291/2291/2291
f 2522/2522/2522 2526/2526/2526 2270/2270/2270
f 2811/2811/2811 2731/2731/2731 2812/2812/2812
f 2814/2814/2814 2671/2671/2671 2815/2815/2815
f 2260/2260/2260 2513/2513/2513 2261/2261/2261
f 2253/2253/2253 2498/2498/2498 2254/2254/2254
f 2821/2821/2821 2531/2531/2531 2822/2822/2822
f 2264/2264/2264 2263/2263/2263 2517/2517/2517

