mtllib material.mtl
usemtl Material-塑胶.001
v 0.00000000 -0.02294400 -0.07880100
v -0.00000000 -0.02317100 -0.07929500
v -0.00000000 -0.02321000 -0.07982700
v -0.00000000 -0.02294400 -0.08030100
v -0.00318500 -0.02317100 -0.07923100
v -0.00320600 -0.02321000 -0.07976300
v -0.00641500 -0.02317100 -0.07903500
v -0.00645800 -0.02321000 -0.07956600
v -0.00948300 -0.02317100 -0.07872600
v -0.00954700 -0.02321000 -0.07925400
v -0.01254800 -0.02317100 -0.07829600
v -0.01263200 -0.02321000 -0.07882200
v -0.01563200 -0.02317100 -0.07773900
v -0.01573700 -0.02321000 -0.07826100
v -0.01872900 -0.02317100 -0.07705200
v -0.01885500 -0.02321000 -0.07756900
v -0.02183100 -0.02317100 -0.07623100
v -0.02197700 -0.02321000 -0.07674200
v -0.02492900 -0.02317100 -0.07527500
v -0.02509600 -0.02321000 -0.07578000
v -0.02801500 -0.02317100 -0.07418200
v -0.02820300 -0.02321000 -0.07467900
v -0.03108000 -0.02317100 -0.07295000
v -0.03128900 -0.02321000 -0.07344000
v -0.03411600 -0.02317100 -0.07158100
v -0.03434500 -0.02321000 -0.07206100
v -0.03708600 -0.02317100 -0.07008800
v -0.03733500 -0.02321000 -0.07055900
v -0.03995600 -0.02317100 -0.06849300
v -0.04022400 -0.02321000 -0.06895300
v -0.04277200 -0.02317100 -0.06677100
v -0.04305900 -0.02321000 -0.06721900
v -0.04552600 -0.02317100 -0.06492400
v -0.04583100 -0.02321000 -0.06536000
v -0.04821000 -0.02317100 -0.06295700
v -0.04853300 -0.02321000 -0.06337900
v -0.05081600 -0.02317100 -0.06087200
v -0.05115700 -0.02321000 -0.06128100
v -0.05333700 -0.02317100 -0.05867600
v -0.05369500 -0.02321000 -0.05907000
v -0.05576600 -0.02317100 -0.05637300
v -0.05614000 -0.02321000 -0.05675100
v -0.05809500 -0.02317100 -0.05396900
v -0.05848500 -0.02321000 -0.05433200
v -0.06031900 -0.02317100 -0.05147200
v -0.06072400 -0.02321000 -0.05181700
v -0.06243300 -0.02317100 -0.04888600
v -0.06285200 -0.02321000 -0.04921400
v -0.06443100 -0.02317100 -0.04622200
v -0.06486300 -0.02321000 -0.04653200
v -0.06630900 -0.02317100 -0.04348500
v -0.06675400 -0.02321000 -0.04377600
v -0.06806300 -0.02317100 -0.04068400
v -0.06852000 -0.02321000 -0.04095700
v -0.06969100 -0.02317100 -0.03782700
v -0.07015900 -0.02321000 -0.03808100
v -0.07119100 -0.02317100 -0.03492300
v -0.07166800 -0.02321000 -0.03515700
v -0.07256000 -0.02317100 -0.03198000
v -0.07304700 -0.02321000 -0.03219500
v -0.07380000 -0.02317100 -0.02900700
v -0.07429500 -0.02321000 -0.02920100
v -0.07490800 -0.02317100 -0.02601100
v -0.07541100 -0.02321000 -0.02618500
v -0.07588600 -0.02317100 -0.02300000
v -0.07639500 -0.02321000 -0.02315500
v -0.07673600 -0.02317100 -0.01998400
v -0.07725100 -0.02321000 -0.02011800
v -0.07745800 -0.02317100 -0.01696900
v -0.07797800 -0.02321000 -0.01708300
v -0.07805600 -0.02317100 -0.01396200
v -0.07858000 -0.02321000 -0.01405600
v -0.07855600 -0.02317100 -0.01080200
v -0.07908300 -0.02321000 -0.01087400
v -0.07892600 -0.02317100 -0.00764100
v -0.07945600 -0.02321000 -0.00769200
v -0.07916700 -0.02317100 -0.00451100
v -0.07969800 -0.02321000 -0.00454100
v -0.07928300 -0.02317100 -0.00139400
v -0.07981500 -0.02321000 -0.00140300
v -0.07929100 -0.02317100 0.00079200
v -0.07982300 -0.02321000 0.00079700
v -0.07919500 -0.02317100 0.00398900
v -0.07972600 -0.02321000 0.00401500
v -0.07896800 -0.02317100 0.00720200
v -0.07949700 -0.02321000 0.00725000
v -0.07863000 -0.02317100 0.01024700
v -0.07915800 -0.02321000 0.01031600
v -0.07816900 -0.02317100 0.01331700
v -0.07869300 -0.02321000 0.01340700
v -0.07758000 -0.02317100 0.01640600
v -0.07810000 -0.02321000 0.01651600
v -0.07685900 -0.02317100 0.01950500
v -0.07737500 -0.02321000 0.01963500
v -0.07600500 -0.02317100 0.02260600
v -0.07651500 -0.02321000 0.02275800
v -0.07501400 -0.02317100 0.02570200
v -0.07551800 -0.02321000 0.02587400
v -0.07388700 -0.02317100 0.02878400
v -0.07438300 -0.02321000 0.02897700
v -0.07262100 -0.02317100 0.03184200
v -0.07310800 -0.02321000 0.03205600
v -0.07121700 -0.02317100 0.03486900
v -0.07169500 -0.02321000 0.03510300
v -0.06970100 -0.02317100 0.03780800
v -0.07016900 -0.02321000 0.03806200
v -0.06807400 -0.02317100 0.04066500
v -0.06853100 -0.02321000 0.04093800
v -0.06632100 -0.02317100 0.04346600
v -0.06676600 -0.02321000 0.04375800
v -0.06444300 -0.02317100 0.04620400
v -0.06487600 -0.02321000 0.04651400
v -0.06244600 -0.02317100 0.04886900
v -0.06286500 -0.02321000 0.04919700
v -0.06033400 -0.02317100 0.05145500
v -0.06073900 -0.02321000 0.05180000
v -0.05811000 -0.02317100 0.05395300
v -0.05850000 -0.02321000 0.05431500
v -0.05578100 -0.02317100 0.05635800
v -0.05615600 -0.02321000 0.05673600
v -0.05335400 -0.02317100 0.05866100
v -0.05371100 -0.02321000 0.05905500
v -0.05083300 -0.02317100 0.06085800
v -0.05117400 -0.02321000 0.06126700
v -0.04822700 -0.02317100 0.06294300
v -0.04855100 -0.02321000 0.06336600
v -0.04554400 -0.02317100 0.06491200
v -0.04584900 -0.02321000 0.06534700
v -0.04279000 -0.02317100 0.06675900
v -0.04307700 -0.02321000 0.06720700
v -0.03997400 -0.02317100 0.06848200
v -0.04024300 -0.02321000 0.06894200
v -0.03710500 -0.02317100 0.07007800
v -0.03735400 -0.02321000 0.07054800
v -0.03419100 -0.02317100 0.07154500
v -0.03442000 -0.02321000 0.07202500
v -0.03123900 -0.02317100 0.07288300
v -0.03144900 -0.02321000 0.07337200
v -0.02825900 -0.02317100 0.07408900
v -0.02844900 -0.02321000 0.07458600
v -0.02525900 -0.02317100 0.07516500
v -0.02542900 -0.02321000 0.07566900
v -0.02224700 -0.02317100 0.07611100
v -0.02239600 -0.02321000 0.07662100
v -0.01923000 -0.02317100 0.07692800
v -0.01935900 -0.02321000 0.07744400
v -0.01621600 -0.02317100 0.07762000
v -0.01632500 -0.02321000 0.07814000
v -0.01321300 -0.02317100 0.07818700
v -0.01330200 -0.02321000 0.07871100
v -0.01004900 -0.02317100 0.07865600
v -0.01011700 -0.02321000 0.07918400
v -0.00689000 -0.02317100 0.07899500
v -0.00693600 -0.02321000 0.07952500
v -0.00377200 -0.02317100 0.07920600
v -0.00379700 -0.02321000 0.07973700
v -0.00066000 -0.02317100 0.07929300
v -0.00066400 -0.02321000 0.07982500
v 0.00158600 -0.02317100 0.07927900
v 0.00159700 -0.02321000 0.07981100
v 0.00479500 -0.02317100 0.07915000
v 0.00482700 -0.02321000 0.07968100
v 0.00796000 -0.02317100 0.07889500
v 0.00801400 -0.02321000 0.07942400
v 0.01101300 -0.02317100 0.07852700
v 0.01108600 -0.02321000 0.07905400
v 0.01408800 -0.02317100 0.07803400
v 0.01418300 -0.02321000 0.07855700
v 0.01718000 -0.02317100 0.07741200
v 0.01729500 -0.02321000 0.07793100
v 0.02028000 -0.02317100 0.07665800
v 0.02041600 -0.02321000 0.07717200
v 0.02338100 -0.02317100 0.07577000
v 0.02353800 -0.02321000 0.07627800
v 0.02647400 -0.02317100 0.07474500
v 0.02665200 -0.02321000 0.07524700
v 0.02955100 -0.02317100 0.07358300
v 0.02974900 -0.02321000 0.07407700
v 0.03260200 -0.02317100 0.07228300
v 0.03282100 -0.02321000 0.07276800
v 0.03562000 -0.02317100 0.07084500
v 0.03585900 -0.02321000 0.07132000
v 0.03852700 -0.02317100 0.06930700
v 0.03878600 -0.02321000 0.06977200
v 0.04137100 -0.02317100 0.06764800
v 0.04164900 -0.02321000 0.06810100
v 0.04415700 -0.02317100 0.06586300
v 0.04445300 -0.02321000 0.06630500
v 0.04687700 -0.02317100 0.06395500
v 0.04719200 -0.02321000 0.06438400
v 0.04952300 -0.02317100 0.06192900
v 0.04985600 -0.02321000 0.06234400
v 0.05208800 -0.02317100 0.05978800
v 0.05243700 -0.02321000 0.06018900
v 0.05456300 -0.02317100 0.05753800
v 0.05493000 -0.02321000 0.05792400
v 0.05694300 -0.02317100 0.05518400
v 0.05732500 -0.02321000 0.05555400
v 0.05922100 -0.02317100 0.05273200
v 0.05961800 -0.02321000 0.05308600
v 0.06139000 -0.02317100 0.05018900
v 0.06180200 -0.02321000 0.05052600
v 0.06344700 -0.02317100 0.04756300
v 0.06387200 -0.02321000 0.04788300
v 0.06538500 -0.02317100 0.04486200
v 0.06582400 -0.02321000 0.04516300
v 0.06720200 -0.02317100 0.04209200
v 0.06765200 -0.02321000 0.04237400
v 0.06889300 -0.02317100 0.03926200
v 0.06935500 -0.02321000 0.03952500
v 0.07045700 -0.02317100 0.03638100
v 0.07093000 -0.02321000 0.03662500
v 0.07189200 -0.02317100 0.03345600
v 0.07237400 -0.02321000 0.03368000
v 0.07319600 -0.02317100 0.03049700
v 0.07368700 -0.02321000 0.03070100
v 0.07437000 -0.02317100 0.02751100
v 0.07486900 -0.02321000 0.02769500
v 0.07541300 -0.02317100 0.02450700
v 0.07591900 -0.02321000 0.02467100
v 0.07632700 -0.02317100 0.02149300
v 0.07683900 -0.02321000 0.02163700
v 0.07711300 -0.02317100 0.01847600
v 0.07763000 -0.02321000 0.01860000
v 0.07777300 -0.02317100 0.01546400
v 0.07829500 -0.02321000 0.01556800
v 0.07833400 -0.02317100 0.01231100
v 0.07885900 -0.02321000 0.01239400
v 0.07876600 -0.02317100 0.00915100
v 0.07929400 -0.02321000 0.00921200
v 0.07906800 -0.02317100 0.00600600
v 0.07959800 -0.02321000 0.00604600
v 0.07924100 -0.02317100 0.00293400
v 0.07977300 -0.02321000 0.00295300
v 0.07929500 -0.02317100 -0.00000000
v 0.07982700 -0.02321000 -0.00000000
v 0.07926000 -0.02317100 -0.00238400
v 0.07979100 -0.02321000 -0.00240000
v 0.07909700 -0.02317100 -0.00560400
v 0.07962800 -0.02321000 -0.00564200
v 0.07881400 -0.02317100 -0.00872100
v 0.07934300 -0.02321000 -0.00877900
v 0.07841600 -0.02317100 -0.01178000
v 0.07894200 -0.02321000 -0.01185900
v 0.07789100 -0.02317100 -0.01486000
v 0.07841300 -0.02321000 -0.01496000
v 0.07723600 -0.02317100 -0.01795400
v 0.07775400 -0.02321000 -0.01807500
v 0.07644900 -0.02317100 -0.02105500
v 0.07696200 -0.02321000 -0.02119700
v 0.07552700 -0.02317100 -0.02415500
v 0.07603300 -0.02321000 -0.02431700
v 0.07446800 -0.02317100 -0.02724500
v 0.07496700 -0.02321000 -0.02742800
v 0.07327100 -0.02317100 -0.03031600
v 0.07376300 -0.02321000 -0.03052000
v 0.07193600 -0.02317100 -0.03336000
v 0.07241900 -0.02321000 -0.03358400
v 0.07046700 -0.02317100 -0.03636100
v 0.07094000 -0.02321000 -0.03660500
v 0.06890400 -0.02317100 -0.03924300
v 0.06936600 -0.02321000 -0.03950600
v 0.06721300 -0.02317100 -0.04207300
v 0.06766400 -0.02321000 -0.04235600
v 0.06539700 -0.02317100 -0.04484400
v 0.06583600 -0.02321000 -0.04514400
v 0.06346000 -0.02317100 -0.04754600
v 0.06388600 -0.02321000 -0.04786500
v 0.06140400 -0.02317100 -0.05017200
v 0.06181600 -0.02321000 -0.05050900
v 0.05923500 -0.02317100 -0.05271500
v 0.05963300 -0.02321000 -0.05306900
v 0.05695900 -0.02317100 -0.05516800
v 0.05734100 -0.02321000 -0.05553800
v 0.05457900 -0.02317100 -0.05752200
v 0.05494600 -0.02321000 -0.05790800
v 0.05210400 -0.02317100 -0.05977400
v 0.05245400 -0.02321000 -0.06017500
v 0.04954000 -0.02317100 -0.06191500
v 0.04987300 -0.02321000 -0.06233100
v 0.04689500 -0.02317100 -0.06394200
v 0.04720900 -0.02321000 -0.06437100
v 0.04417500 -0.02317100 -0.06585100
v 0.04447200 -0.02321000 -0.06629200
v 0.04139000 -0.02317100 -0.06763600
v 0.04166700 -0.02321000 -0.06809000
v 0.03854600 -0.02317100 -0.06929600
v 0.03880500 -0.02321000 -0.06976100
v 0.03565300 -0.02317100 -0.07082800
v 0.03589200 -0.02321000 -0.07130300
v 0.03271900 -0.02317100 -0.07223000
v 0.03293900 -0.02321000 -0.07271500
v 0.02975200 -0.02317100 -0.07350200
v 0.02995200 -0.02321000 -0.07399500
v 0.02676100 -0.02317100 -0.07464300
v 0.02694100 -0.02321000 -0.07514400
v 0.02375400 -0.02317100 -0.07565400
v 0.02391300 -0.02321000 -0.07616100
v 0.02073800 -0.02317100 -0.07653500
v 0.02087700 -0.02321000 -0.07704900
v 0.01772200 -0.02317100 -0.07729000
v 0.01784100 -0.02321000 -0.07780800
v 0.01471300 -0.02317100 -0.07791800
v 0.01481200 -0.02321000 -0.07844100
v 0.01155600 -0.02317100 -0.07844900
v 0.01163300 -0.02321000 -0.07897500
v 0.00839500 -0.02317100 -0.07885000
v 0.00845100 -0.02321000 -0.07937900
v 0.00525600 -0.02317100 -0.07912100
v 0.00529100 -0.02321000 -0.07965200
v 0.00210400 -0.02317100 -0.07926700
v 0.00211900 -0.02321000 -0.07979900
v 0.00000000 -0.02294400 -0.07880100
v -0.00000000 -0.02317100 -0.07929500
v -0.00000000 -0.02321000 -0.07982700
v -0.00000000 -0.02294400 -0.08030100
v 0.00171200 -0.02294400 -0.08028200
v 0.00342400 -0.02294400 -0.08022800
v 0.00513400 -0.02294400 -0.08013600
v 0.00619300 -0.02294400 -0.08006200
v 0.00723700 -0.02294400 -0.07997400
v 0.00939400 -0.02294400 -0.07974900
v 0.01154400 -0.02294400 -0.07946700
v 0.01255300 -0.02294400 -0.07931300
v 0.01355200 -0.02294400 -0.07914900
v 0.01536700 -0.02294400 -0.07881700
v 0.01717400 -0.02294400 -0.07844300
v 0.01897100 -0.02294400 -0.07802700
v 0.01999000 -0.02294400 -0.07777300
v 0.02101400 -0.02294400 -0.07750200
v 0.02309900 -0.02294400 -0.07690700
v 0.02516800 -0.02294400 -0.07625500
v 0.02612800 -0.02294400 -0.07593100
v 0.02709000 -0.02294400 -0.07559300
v 0.02882000 -0.02294400 -0.07495100
v 0.03053400 -0.02294400 -0.07426900
v 0.03223300 -0.02294400 -0.07354800
v 0.03320200 -0.02294400 -0.07311500
v 0.03415300 -0.02294400 -0.07267600
v 0.03610300 -0.02294400 -0.07172700
v 0.03802700 -0.02294400 -0.07072600
v 0.03891600 -0.02294400 -0.07024000
v 0.03980500 -0.02294400 -0.06974100
v 0.04139700 -0.02294400 -0.06880800
v 0.04296700 -0.02294400 -0.06783800
v 0.04451400 -0.02294400 -0.06683300
v 0.04538500 -0.02294400 -0.06624500
v 0.04625400 -0.02294400 -0.06564100
v 0.04801000 -0.02294400 -0.06436800
v 0.04973100 -0.02294400 -0.06304800
v 0.05052200 -0.02294400 -0.06241500
v 0.05131100 -0.02294400 -0.06176900
v 0.05271600 -0.02294400 -0.06057400
v 0.05409400 -0.02294400 -0.05934700
v 0.05544300 -0.02294400 -0.05808800
v 0.05619900 -0.02294400 -0.05735800
v 0.05695000 -0.02294400 -0.05661200
v 0.05845800 -0.02294400 -0.05505300
v 0.05992300 -0.02294400 -0.05345500
v 0.06059300 -0.02294400 -0.05269400
v 0.06125700 -0.02294400 -0.05192100
v 0.06243400 -0.02294400 -0.05049900
v 0.06357800 -0.02294400 -0.04905200
v 0.06468800 -0.02294400 -0.04757800
v 0.06530500 -0.02294400 -0.04672800
v 0.06591500 -0.02294400 -0.04586200
v 0.06713000 -0.02294400 -0.04406600
v 0.06829500 -0.02294400 -0.04223700
v 0.06882300 -0.02294400 -0.04137200
v 0.06934300 -0.02294400 -0.04049500
v 0.07025500 -0.02294400 -0.03889100
v 0.07113000 -0.02294400 -0.03726600
v 0.07196700 -0.02294400 -0.03562200
v 0.07242700 -0.02294400 -0.03467800
v 0.07287800 -0.02294400 -0.03372000
v 0.07376200 -0.02294400 -0.03173900
v 0.07459200 -0.02294400 -0.02973600
v 0.07496100 -0.02294400 -0.02879200
v 0.07532100 -0.02294400 -0.02783800
v 0.07594100 -0.02294400 -0.02610000
v 0.07652000 -0.02294400 -0.02434900
v 0.07706000 -0.02294400 -0.02258400
v 0.07734800 -0.02294400 -0.02157400
v 0.07762600 -0.02294400 -0.02055200
v 0.07815300 -0.02294400 -0.01844900
v 0.07862200 -0.02294400 -0.01633100
v 0.07882200 -0.02294400 -0.01533800
v 0.07901100 -0.02294400 -0.01433600
v 0.07931900 -0.02294400 -0.01251700
v 0.07958600 -0.02294400 -0.01069100
v 0.07981000 -0.02294400 -0.00886000
v 0.07992100 -0.02294400 -0.00780400
v 0.08001600 -0.02294400 -0.00676000
v 0.08016900 -0.02294400 -0.00459700
v 0.08026400 -0.02294400 -0.00243100
v 0.08028800 -0.02294400 -0.00141800
v 0.08030000 -0.02294400 -0.00039800
v 0.08028800 -0.02294400 0.00144700
v 0.08023300 -0.02294400 0.00329100
v 0.08013600 -0.02294400 0.00513400
v 0.08006200 -0.02294400 0.00619300
v 0.07997400 -0.02294400 0.00723700
v 0.07974900 -0.02294400 0.00939400
v 0.07946700 -0.02294400 0.01154400
v 0.07931500 -0.02294400 0.01254600
v 0.07914900 -0.02294400 0.01355200
v 0.07881700 -0.02294400 0.01536700
v 0.07844300 -0.02294400 0.01717400
v 0.07802800 -0.02294400 0.01897100
v 0.07777000 -0.02294400 0.02000200
v 0.07750200 -0.02294400 0.02101400
v 0.07690700 -0.02294400 0.02309900
v 0.07625500 -0.02294400 0.02516800
v 0.07593100 -0.02294400 0.02612800
v 0.07559300 -0.02294400 0.02709000
v 0.07495100 -0.02294400 0.02882000
v 0.07426900 -0.02294400 0.03053400
v 0.07354800 -0.02294400 0.03223300
v 0.07312000 -0.02294400 0.03319200
v 0.07267600 -0.02294400 0.03415300
v 0.07172700 -0.02294400 0.03610300
v 0.07072600 -0.02294400 0.03802700
v 0.07024000 -0.02294400 0.03891600
v 0.06974100 -0.02294400 0.03980500
v 0.06880800 -0.02294400 0.04139700
v 0.06783800 -0.02294400 0.04296700
v 0.06683300 -0.02294400 0.04451400
v 0.06623900 -0.02294400 0.04539400
v 0.06564100 -0.02294400 0.04625400
v 0.06436800 -0.02294400 0.04801000
v 0.06304800 -0.02294400 0.04973100
v 0.06241100 -0.02294400 0.05052800
v 0.06176900 -0.02294400 0.05131100
v 0.06057400 -0.02294400 0.05271600
v 0.05934700 -0.02294400 0.05409400
v 0.05808800 -0.02294400 0.05544300
v 0.05735000 -0.02294400 0.05620700
v 0.05661200 -0.02294400 0.05695000
v 0.05505300 -0.02294400 0.05845800
v 0.05345500 -0.02294400 0.05992300
v 0.05269400 -0.02294400 0.06059300
v 0.05192100 -0.02294400 0.06125700
v 0.05050000 -0.02294400 0.06243400
v 0.04905200 -0.02294400 0.06357800
v 0.04757800 -0.02294400 0.06468800
v 0.04672800 -0.02294400 0.06530500
v 0.04586200 -0.02294400 0.06591500
v 0.04406600 -0.02294400 0.06713000
v 0.04223700 -0.02294400 0.06829500
v 0.04137200 -0.02294400 0.06882300
v 0.04049500 -0.02294400 0.06934300
v 0.03889100 -0.02294400 0.07025500
v 0.03726600 -0.02294400 0.07113000
v 0.03562200 -0.02294400 0.07196700
v 0.03467800 -0.02294400 0.07242700
v 0.03372000 -0.02294400 0.07287800
v 0.03173900 -0.02294400 0.07376200
v 0.02973600 -0.02294400 0.07459200
v 0.02878500 -0.02294400 0.07496400
v 0.02783800 -0.02294400 0.07532100
v 0.02610000 -0.02294400 0.07594100
v 0.02434900 -0.02294400 0.07652000
v 0.02258400 -0.02294400 0.07706000
v 0.02157400 -0.02294400 0.07734800
v 0.02055200 -0.02294400 0.07762600
v 0.01844900 -0.02294400 0.07815300
v 0.01633100 -0.02294400 0.07862200
v 0.01533800 -0.02294400 0.07882200
v 0.01433600 -0.02294400 0.07901100
v 0.01251700 -0.02294400 0.07931900
v 0.01069100 -0.02294400 0.07958600
v 0.00886000 -0.02294400 0.07981000
v 0.00781500 -0.02294400 0.07992000
v 0.00676000 -0.02294400 0.08001600
v 0.00459700 -0.02294400 0.08016900
v 0.00243100 -0.02294400 0.08026400
v 0.00141800 -0.02294400 0.08028800
v 0.00039800 -0.02294400 0.08030000
v -0.00144700 -0.02294400 0.08028800
v -0.00329100 -0.02294400 0.08023300
v -0.00513400 -0.02294400 0.08013600
v -0.00619300 -0.02294400 0.08006200
v -0.00723700 -0.02294400 0.07997400
v -0.00939400 -0.02294400 0.07974900
v -0.01154400 -0.02294400 0.07946700
v -0.01255300 -0.02294400 0.07931300
v -0.01355200 -0.02294400 0.07914900
v -0.01536700 -0.02294400 0.07881700
v -0.01717400 -0.02294400 0.07844300
v -0.01897100 -0.02294400 0.07802700
v -0.01999000 -0.02294400 0.07777300
v -0.02101400 -0.02294400 0.07750200
v -0.02309900 -0.02294400 0.07690700
v -0.02516800 -0.02294400 0.07625500
v -0.02612800 -0.02294400 0.07593100
v -0.02709000 -0.02294400 0.07559300
v -0.02882000 -0.02294400 0.07495100
v -0.03053400 -0.02294400 0.07426900
v -0.03223300 -0.02294400 0.07354800
v -0.03319200 -0.02294400 0.07312000
v -0.03415300 -0.02294400 0.07267600
v -0.03610300 -0.02294400 0.07172700
v -0.03802700 -0.02294400 0.07072600
v -0.03891600 -0.02294400 0.07024000
v -0.03980500 -0.02294400 0.06974100
v -0.04139700 -0.02294400 0.06880800
v -0.04296700 -0.02294400 0.06783800
v -0.04451400 -0.02294400 0.06683300
v -0.04538500 -0.02294400 0.06624500
v -0.04625400 -0.02294400 0.06564100
v -0.04801000 -0.02294400 0.06436800
v -0.04973100 -0.02294400 0.06304800
v -0.05052200 -0.02294400 0.06241600
v -0.05131100 -0.02294400 0.06176900
v -0.05271600 -0.02294400 0.06057400
v -0.05409400 -0.02294400 0.05934700
v -0.05544300 -0.02294400 0.05808800
v -0.05619800 -0.02294400 0.05735800
v -0.05695000 -0.02294400 0.05661200
v -0.05845800 -0.02294400 0.05505300
v -0.05992300 -0.02294400 0.05345500
v -0.06059800 -0.02294400 0.05268900
v -0.06125700 -0.02294400 0.05192100
v -0.06243400 -0.02294400 0.05050000
v -0.06357800 -0.02294400 0.04905200
v -0.06468800 -0.02294400 0.04757800
v -0.06531200 -0.02294400 0.04671800
v -0.06591500 -0.02294400 0.04586200
v -0.06713000 -0.02294400 0.04406600
v -0.06829500 -0.02294400 0.04223700
v -0.06882300 -0.02294400 0.04137200
v -0.06934300 -0.02294400 0.04049500
v -0.07025500 -0.02294400 0.03889100
v -0.07113000 -0.02294400 0.03726600
v -0.07196700 -0.02294400 0.03562200
v -0.07242700 -0.02294400 0.03467800
v -0.07287800 -0.02294400 0.03372000
v -0.07376200 -0.02294400 0.03173900
v -0.07459200 -0.02294400 0.02973600
v -0.07496400 -0.02294400 0.02878500
v -0.07532100 -0.02294400 0.02783800
v -0.07594100 -0.02294400 0.02610000
v -0.07652000 -0.02294400 0.02434900
v -0.07705900 -0.02294400 0.02258400
v -0.07734800 -0.02294400 0.02157400
v -0.07762600 -0.02294400 0.02055200
v -0.07815300 -0.02294400 0.01844900
v -0.07862200 -0.02294400 0.01633100
v -0.07882400 -0.02294400 0.01533100
v -0.07901100 -0.02294400 0.01433600
v -0.07931900 -0.02294400 0.01251700
v -0.07958600 -0.02294400 0.01069100
v -0.07981000 -0.02294400 0.00886000
v -0.07992000 -0.02294400 0.00781500
v -0.08001600 -0.02294400 0.00676000
v -0.08016900 -0.02294400 0.00459700
v -0.08026400 -0.02294400 0.00243100
v -0.08028800 -0.02294400 0.00141000
v -0.08030000 -0.02294400 0.00039800
v -0.08028800 -0.02294400 -0.00144700
v -0.08023300 -0.02294400 -0.00329100
v -0.08013600 -0.02294400 -0.00513400
v -0.08006200 -0.02294400 -0.00619300
v -0.07997400 -0.02294400 -0.00723700
v -0.07974900 -0.02294400 -0.00939400
v -0.07946700 -0.02294400 -0.01154400
v -0.07931500 -0.02294400 -0.01254600
v -0.07914900 -0.02294400 -0.01355200
v -0.07881700 -0.02294400 -0.01536700
v -0.07844300 -0.02294400 -0.01717400
v -0.07802700 -0.02294400 -0.01897100
v -0.07777000 -0.02294400 -0.02000200
v -0.07750200 -0.02294400 -0.02101400
v -0.07690700 -0.02294400 -0.02309900
v -0.07625500 -0.02294400 -0.02516800
v -0.07592900 -0.02294400 -0.02613500
v -0.07559300 -0.02294400 -0.02709000
v -0.07495100 -0.02294400 -0.02882000
v -0.07426900 -0.02294400 -0.03053400
v -0.07354800 -0.02294400 -0.03223300
v -0.07311500 -0.02294400 -0.03320200
v -0.07267600 -0.02294400 -0.03415300
v -0.07172700 -0.02294400 -0.03610300
v -0.07072600 -0.02294400 -0.03802700
v -0.07023700 -0.02294400 -0.03892300
v -0.06974100 -0.02294400 -0.03980500
v -0.06880800 -0.02294400 -0.04139700
v -0.06783800 -0.02294400 -0.04296700
v -0.06683300 -0.02294400 -0.04451400
v -0.06624500 -0.02294400 -0.04538500
v -0.06564100 -0.02294400 -0.04625400
v -0.06436800 -0.02294400 -0.04801000
v -0.06304800 -0.02294400 -0.04973100
v -0.06241500 -0.02294400 -0.05052200
v -0.06176900 -0.02294400 -0.05131100
v -0.06057400 -0.02294400 -0.05271600
v -0.05934700 -0.02294400 -0.05409400
v -0.05808800 -0.02294400 -0.05544300
v -0.05735800 -0.02294400 -0.05619800
v -0.05661200 -0.02294400 -0.05695000
v -0.05505300 -0.02294400 -0.05845800
v -0.05345500 -0.02294400 -0.05992300
v -0.05269400 -0.02294400 -0.06059300
v -0.05192100 -0.02294400 -0.06125700
v -0.05049900 -0.02294400 -0.06243400
v -0.04905200 -0.02294400 -0.06357800
v -0.04757800 -0.02294400 -0.06468800
v -0.04671800 -0.02294400 -0.06531200
v -0.04586200 -0.02294400 -0.06591500
v -0.04406600 -0.02294400 -0.06713000
v -0.04223700 -0.02294400 -0.06829500
v -0.04137200 -0.02294400 -0.06882300
v -0.04049500 -0.02294400 -0.06934300
v -0.03889100 -0.02294400 -0.07025500
v -0.03726600 -0.02294400 -0.07113000
v -0.03562200 -0.02294400 -0.07196700
v -0.03467800 -0.02294400 -0.07242700
v -0.03372000 -0.02294400 -0.07287800
v -0.03173900 -0.02294400 -0.07376200
v -0.02973600 -0.02294400 -0.07459200
v -0.02878500 -0.02294400 -0.07496400
v -0.02783800 -0.02294400 -0.07532100
v -0.02610000 -0.02294400 -0.07594100
v -0.02434900 -0.02294400 -0.07652000
v -0.02258400 -0.02294400 -0.07705900
v -0.02156300 -0.02294400 -0.07735100
v -0.02055200 -0.02294400 -0.07762600
v -0.01844900 -0.02294400 -0.07815300
v -0.01633100 -0.02294400 -0.07862200
v -0.01533800 -0.02294400 -0.07882200
v -0.01433600 -0.02294400 -0.07901100
v -0.01251700 -0.02294400 -0.07931900
v -0.01069100 -0.02294400 -0.07958600
v -0.00886000 -0.02294400 -0.07981000
v -0.00781500 -0.02294400 -0.07992000
v -0.00676000 -0.02294400 -0.08001600
v -0.00459700 -0.02294400 -0.08016900
v -0.00243100 -0.02294400 -0.08026400
v -0.00141800 -0.02294400 -0.08028800
v -0.00039800 -0.02294400 -0.08030000
v -0.00321700 -0.02311300 -0.08002400
v -0.00000000 -0.02311300 -0.08008800
v -0.00159700 -0.02321000 -0.07981100
v -0.00160200 -0.02311300 -0.08007200
v -0.00174900 -0.02294400 -0.07878100
v -0.00351300 -0.02294400 -0.07872200
v -0.00529100 -0.02294400 -0.07862300
v -0.00708100 -0.02294400 -0.07848200
v -0.00888200 -0.02294400 -0.07829900
v -0.01069300 -0.02294400 -0.07807200
v -0.01251200 -0.02294400 -0.07780100
v -0.01433900 -0.02294400 -0.07748500
v -0.01617100 -0.02294400 -0.07712400
v -0.01800600 -0.02294400 -0.07671600
v -0.01984400 -0.02294400 -0.07626100
v -0.02168300 -0.02294400 -0.07575900
v -0.02352000 -0.02294400 -0.07520900
v -0.02535400 -0.02294400 -0.07461000
v -0.02718300 -0.02294400 -0.07396400
v -0.02900600 -0.02294400 -0.07326800
v -0.03082000 -0.02294400 -0.07252400
v -0.03262400 -0.02294400 -0.07173000
v -0.03441600 -0.02294400 -0.07088800
v -0.03619300 -0.02294400 -0.06999700
v -0.03795400 -0.02294400 -0.06905800
v -0.03969700 -0.02294400 -0.06807100
v -0.04142000 -0.02294400 -0.06703700
v -0.04312100 -0.02294400 -0.06595600
v -0.04479800 -0.02294400 -0.06482800
v -0.04644900 -0.02294400 -0.06365600
v -0.04807300 -0.02294400 -0.06243800
v -0.04966800 -0.02294400 -0.06117700
v -0.05123200 -0.02294400 -0.05987400
v -0.05276300 -0.02294400 -0.05852900
v -0.05426000 -0.02294400 -0.05714400
v -0.05572100 -0.02294400 -0.05572100
v -0.05714400 -0.02294400 -0.05426000
v -0.05852900 -0.02294400 -0.05276300
v -0.05987400 -0.02294400 -0.05123200
v -0.06117700 -0.02294400 -0.04966800
v -0.06243800 -0.02294400 -0.04807300
v -0.06365600 -0.02294400 -0.04644900
v -0.06482800 -0.02294400 -0.04479800
v -0.06595600 -0.02294400 -0.04312100
v -0.06703700 -0.02294400 -0.04142000
v -0.06807100 -0.02294400 -0.03969700
v -0.06905800 -0.02294400 -0.03795400
v -0.06999700 -0.02294400 -0.03619300
v -0.07088800 -0.02294400 -0.03441600
v -0.07173000 -0.02294400 -0.03262400
v -0.07252400 -0.02294400 -0.03082000
v -0.07326800 -0.02294400 -0.02900600
v -0.07396400 -0.02294400 -0.02718300
v -0.07461000 -0.02294400 -0.02535400
v -0.07520900 -0.02294400 -0.02352000
v -0.07575900 -0.02294400 -0.02168300
v -0.07626100 -0.02294400 -0.01984400
v -0.07671600 -0.02294400 -0.01800600
v -0.07712400 -0.02294400 -0.01617100
v -0.07748500 -0.02294400 -0.01433900
v -0.07780100 -0.02294400 -0.01251200
v -0.07807200 -0.02294400 -0.01069300
v -0.07829900 -0.02294400 -0.00888200
v -0.07848200 -0.02294400 -0.00708100
v -0.07862300 -0.02294400 -0.00529100
v -0.07872200 -0.02294400 -0.00351300
v -0.07878100 -0.02294400 -0.00174900
v -0.07880100 -0.02294400 0.00000000
v -0.07878100 -0.02294400 0.00174900
v -0.07872200 -0.02294400 0.00351300
v -0.07862300 -0.02294400 0.00529100
v -0.07848200 -0.02294400 0.00708100
v -0.07829900 -0.02294400 0.00888200
v -0.07807200 -0.02294400 0.01069300
v -0.07780100 -0.02294400 0.01251200
v -0.07748500 -0.02294400 0.01433900
v -0.07712400 -0.02294400 0.01617100
v -0.07671600 -0.02294400 0.01800600
v -0.07626100 -0.02294400 0.01984400
v -0.07575900 -0.02294400 0.02168300
v -0.07520900 -0.02294400 0.02352000
v -0.07461000 -0.02294400 0.02535400
v -0.07396400 -0.02294400 0.02718300
v -0.07326800 -0.02294400 0.02900600
v -0.07252300 -0.02294400 0.03082000
v -0.07173000 -0.02294400 0.03262400
v -0.07088800 -0.02294400 0.03441600
v -0.06999700 -0.02294400 0.03619300
v -0.06905800 -0.02294400 0.03795400
v -0.06807100 -0.02294400 0.03969700
v -0.06703700 -0.02294400 0.04142000
v -0.06595600 -0.02294400 0.04312100
v -0.06482800 -0.02294400 0.04479800
v -0.06365600 -0.02294400 0.04644900
v -0.06243800 -0.02294400 0.04807300
v -0.06117700 -0.02294400 0.04966800
v -0.05987400 -0.02294400 0.05123200
v -0.05852900 -0.02294400 0.05276300
v -0.05714400 -0.02294400 0.05426000
v -0.05572000 -0.02294400 0.05572100
v -0.05426000 -0.02294400 0.05714400
v -0.05276300 -0.02294400 0.05852900
v -0.05123200 -0.02294400 0.05987400
v -0.04966800 -0.02294400 0.06117700
v -0.04807300 -0.02294400 0.06243800
v -0.04644900 -0.02294400 0.06365600
v -0.04479800 -0.02294400 0.06482800
v -0.04312000 -0.02294400 0.06595600
v -0.04142000 -0.02294400 0.06703700
v -0.03969700 -0.02294400 0.06807100
v -0.03795400 -0.02294400 0.06905800
v -0.03619300 -0.02294400 0.06999700
v -0.03441600 -0.02294400 0.07088800
v -0.03262400 -0.02294400 0.07173000
v -0.03082000 -0.02294400 0.07252400
v -0.02900600 -0.02294400 0.07326800
v -0.02718300 -0.02294400 0.07396400
v -0.02535400 -0.02294400 0.07461000
v -0.02352000 -0.02294400 0.07520900
v -0.02168300 -0.02294400 0.07575900
v -0.01984400 -0.02294400 0.07626100
v -0.01800600 -0.02294400 0.07671600
v -0.01617100 -0.02294400 0.07712400
v -0.01433900 -0.02294400 0.07748500
v -0.01251200 -0.02294400 0.07780100
v -0.01069300 -0.02294400 0.07807200
v -0.00888200 -0.02294400 0.07829900
v -0.00708100 -0.02294400 0.07848200
v -0.00529100 -0.02294400 0.07862300
v -0.00351300 -0.02294400 0.07872200
v -0.00174900 -0.02294400 0.07878100
v 0.00000000 -0.02294400 0.07880100
v 0.00174900 -0.02294400 0.07878100
v 0.00351300 -0.02294400 0.07872200
v 0.00529100 -0.02294400 0.07862300
v 0.00708100 -0.02294400 0.07848200
v 0.00888200 -0.02294400 0.07829900
v 0.01069300 -0.02294400 0.07807200
v 0.01251200 -0.02294400 0.07780100
v 0.01433900 -0.02294400 0.07748500
v 0.01617100 -0.02294400 0.07712400
v 0.01800600 -0.02294400 0.07671600
v 0.01984400 -0.02294400 0.07626100
v 0.02168300 -0.02294400 0.07575900
v 0.02352000 -0.02294400 0.07520900
v 0.02535400 -0.02294400 0.07461000
v 0.02718300 -0.02294400 0.07396400
v 0.02900600 -0.02294400 0.07326800
v 0.03082000 -0.02294400 0.07252400
v 0.03262400 -0.02294400 0.07173000
v 0.03441600 -0.02294400 0.07088800
v 0.03619300 -0.02294400 0.06999700
v 0.03795400 -0.02294400 0.06905800
v 0.03969700 -0.02294400 0.06807100
v 0.04142000 -0.02294400 0.06703700
v 0.04312100 -0.02294400 0.06595600
v 0.04479800 -0.02294400 0.06482800
v 0.04644900 -0.02294400 0.06365600
v 0.04807300 -0.02294400 0.06243800
v 0.04966800 -0.02294400 0.06117700
v 0.05123200 -0.02294400 0.05987400
v 0.05276300 -0.02294400 0.05852900
v 0.05426000 -0.02294400 0.05714400
v 0.05572100 -0.02294400 0.05572100
v 0.05714400 -0.02294400 0.05426000
v 0.05852900 -0.02294400 0.05276300
v 0.05987400 -0.02294400 0.05123200
v 0.06117700 -0.02294400 0.04966800
v 0.06243800 -0.02294400 0.04807300
v 0.06365600 -0.02294400 0.04644900
v 0.06482800 -0.02294400 0.04479800
v 0.06595600 -0.02294400 0.04312100
v 0.06703700 -0.02294400 0.04142000
v 0.06807100 -0.02294400 0.03969700
v 0.06905800 -0.02294400 0.03795400
v 0.06999700 -0.02294400 0.03619300
v 0.07088800 -0.02294400 0.03441600
v 0.07173000 -0.02294400 0.03262400
v 0.07252400 -0.02294400 0.03082000
v 0.07326800 -0.02294400 0.02900600
v 0.07396400 -0.02294400 0.02718300
v 0.07461100 -0.02294400 0.02535400
v 0.07520900 -0.02294400 0.02352000
v 0.07575900 -0.02294400 0.02168300
v 0.07626100 -0.02294400 0.01984400
v 0.07671600 -0.02294400 0.01800600
v 0.07712400 -0.02294400 0.01617100
v 0.07748500 -0.02294400 0.01433900
v 0.07780100 -0.02294400 0.01251200
v 0.07807200 -0.02294400 0.01069300
v 0.07829900 -0.02294400 0.00888200
v 0.07848200 -0.02294400 0.00708100
v 0.07862300 -0.02294400 0.00529100
v 0.07872200 -0.02294400 0.00351300
v 0.07878100 -0.02294400 0.00174900
v 0.07880100 -0.02294400 -0.00000000
v 0.07878100 -0.02294400 -0.00174900
v 0.07872200 -0.02294400 -0.00351300
v 0.07862300 -0.02294400 -0.00529100
v 0.07848200 -0.02294400 -0.00708100
v 0.07829900 -0.02294400 -0.00888200
v 0.07807200 -0.02294400 -0.01069300
v 0.07780100 -0.02294400 -0.01251200
v 0.07748500 -0.02294400 -0.01433900
v 0.07712400 -0.02294400 -0.01617100
v 0.07671600 -0.02294400 -0.01800600
v 0.07626100 -0.02294400 -0.01984400
v 0.07575900 -0.02294400 -0.02168300
v 0.07520900 -0.02294400 -0.02352000
v 0.07461100 -0.02294400 -0.02535400
v 0.07396400 -0.02294400 -0.02718300
v 0.07326800 -0.02294400 -0.02900600
v 0.07252400 -0.02294400 -0.03082000
v 0.07173000 -0.02294400 -0.03262400
v 0.07088800 -0.02294400 -0.03441600
v 0.06999700 -0.02294400 -0.03619300
v 0.06905800 -0.02294400 -0.03795400
v 0.06807100 -0.02294400 -0.03969700
v 0.06703700 -0.02294400 -0.04142000
v 0.06595600 -0.02294400 -0.04312100
v 0.06482800 -0.02294400 -0.04479800
v 0.06365600 -0.02294400 -0.04644900
v 0.06243800 -0.02294400 -0.04807300
v 0.06117700 -0.02294400 -0.04966800
v 0.05987400 -0.02294400 -0.05123200
v 0.05852900 -0.02294400 -0.05276300
v 0.05714400 -0.02294400 -0.05426000
v 0.05572100 -0.02294400 -0.05572100
v 0.05426000 -0.02294400 -0.05714400
v 0.05276300 -0.02294400 -0.05852900
v 0.05123200 -0.02294400 -0.05987400
v 0.04966800 -0.02294400 -0.06117700
v 0.04807300 -0.02294400 -0.06243800
v 0.04644900 -0.02294400 -0.06365600
v 0.04479800 -0.02294400 -0.06482800
v 0.04312100 -0.02294400 -0.06595600
v 0.04142000 -0.02294400 -0.06703700
v 0.03969700 -0.02294400 -0.06807100
v 0.03795400 -0.02294400 -0.06905800
v 0.03619300 -0.02294400 -0.06999700
v 0.03441600 -0.02294400 -0.07088800
v 0.03262400 -0.02294400 -0.07173000
v 0.03082000 -0.02294400 -0.07252400
v 0.02900600 -0.02294400 -0.07326800
v 0.02718300 -0.02294400 -0.07396400
v 0.02535400 -0.02294400 -0.07461000
v 0.02352000 -0.02294400 -0.07520900
v 0.02168300 -0.02294400 -0.07575900
v 0.01984400 -0.02294400 -0.07626100
v 0.01800600 -0.02294400 -0.07671600
v 0.01617100 -0.02294400 -0.07712400
v 0.01433900 -0.02294400 -0.07748500
v 0.01251200 -0.02294400 -0.07780100
v 0.01069300 -0.02294400 -0.07807200
v 0.00888200 -0.02294400 -0.07829900
v 0.00708100 -0.02294400 -0.07848200
v 0.00529100 -0.02294400 -0.07862300
v 0.00351300 -0.02294400 -0.07872200
v 0.00174900 -0.02294400 -0.07878100
v -0.00000000 -0.02311300 -0.08008800
v 0.00212500 -0.02311300 -0.08006000
v 0.00105700 -0.02321000 -0.07982000
v 0.00106000 -0.02311300 -0.08008100
v 0.00000000 0.02705200 -0.07880100
v -0.00000000 0.02728300 -0.07929500
v -0.00000000 0.02732200 -0.07982700
v -0.00000000 0.02705600 -0.08030100
v -0.00318500 0.02728300 -0.07923100
v -0.00320600 0.02732200 -0.07976300
v -0.00641500 0.02728300 -0.07903500
v -0.00645800 0.02732200 -0.07956600
v -0.00948300 0.02728300 -0.07872600
v -0.00954700 0.02732200 -0.07925400
v -0.01254800 0.02728300 -0.07829600
v -0.01263200 0.02732200 -0.07882200
v -0.01563200 0.02728300 -0.07773900
v -0.01573700 0.02732200 -0.07826100
v -0.01872900 0.02728300 -0.07705200
v -0.01885500 0.02732200 -0.07756900
v -0.02183100 0.02728300 -0.07623100
v -0.02197700 0.02732200 -0.07674200
v -0.02492900 0.02728300 -0.07527500
v -0.02509600 0.02732200 -0.07578000
v -0.02801500 0.02728300 -0.07418200
v -0.02820300 0.02732200 -0.07467900
v -0.03108000 0.02728300 -0.07295000
v -0.03128900 0.02732200 -0.07344000
v -0.03411600 0.02728300 -0.07158100
v -0.03434500 0.02732200 -0.07206100
v -0.03708600 0.02728300 -0.07008800
v -0.03733500 0.02732200 -0.07055900
v -0.03995600 0.02728300 -0.06849300
v -0.04022400 0.02732200 -0.06895300
v -0.04277200 0.02728300 -0.06677100
v -0.04305900 0.02732200 -0.06721900
v -0.04552600 0.02728300 -0.06492400
v -0.04583100 0.02732200 -0.06536000
v -0.04821000 0.02728300 -0.06295700
v -0.04853300 0.02732200 -0.06337900
v -0.05081600 0.02728300 -0.06087200
v -0.05115700 0.02732200 -0.06128100
v -0.05333700 0.02728300 -0.05867600
v -0.05369500 0.02732200 -0.05907000
v -0.05576600 0.02728300 -0.05637300
v -0.05614000 0.02732200 -0.05675100
v -0.05809500 0.02728300 -0.05396900
v -0.05848500 0.02732200 -0.05433200
v -0.06031900 0.02728300 -0.05147200
v -0.06072400 0.02732200 -0.05181700
v -0.06243300 0.02728300 -0.04888600
v -0.06285200 0.02732200 -0.04921400
v -0.06443100 0.02728300 -0.04622200
v -0.06486300 0.02732200 -0.04653200
v -0.06630900 0.02728300 -0.04348500
v -0.06675400 0.02732200 -0.04377600
v -0.06806300 0.02728300 -0.04068400
v -0.06852000 0.02732200 -0.04095700
v -0.06969100 0.02728300 -0.03782700
v -0.07015900 0.02732200 -0.03808100
v -0.07119100 0.02728300 -0.03492300
v -0.07166800 0.02732200 -0.03515700
v -0.07256000 0.02728300 -0.03198000
v -0.07304700 0.02732200 -0.03219500
v -0.07380000 0.02728300 -0.02900700
v -0.07429500 0.02732200 -0.02920100
v -0.07490800 0.02728300 -0.02601100
v -0.07541100 0.02732200 -0.02618500
v -0.07588600 0.02728300 -0.02300000
v -0.07639500 0.02732200 -0.02315500
v -0.07673600 0.02728300 -0.01998400
v -0.07725100 0.02732200 -0.02011800
v -0.07745800 0.02728300 -0.01696900
v -0.07797800 0.02732200 -0.01708300
v -0.07805600 0.02728300 -0.01396200
v -0.07858000 0.02732200 -0.01405600
v -0.07855600 0.02728300 -0.01080200
v -0.07908300 0.02732200 -0.01087400
v -0.07892600 0.02728300 -0.00764100
v -0.07945600 0.02732200 -0.00769200
v -0.07916700 0.02728300 -0.00451100
v -0.07969800 0.02732200 -0.00454100
v -0.07928300 0.02728300 -0.00139400
v -0.07981500 0.02732200 -0.00140300
v -0.07929100 0.02728300 0.00079200
v -0.07982300 0.02732200 0.00079700
v -0.07919500 0.02728300 0.00398900
v -0.07972600 0.02732200 0.00401500
v -0.07896800 0.02728300 0.00720200
v -0.07949700 0.02732200 0.00725000
v -0.07863000 0.02728300 0.01024700
v -0.07915800 0.02732200 0.01031600
v -0.07816900 0.02728300 0.01331700
v -0.07869300 0.02732200 0.01340700
v -0.07758000 0.02728300 0.01640600
v -0.07810000 0.02732200 0.01651600
v -0.07685900 0.02728300 0.01950500
v -0.07737500 0.02732200 0.01963500
v -0.07600500 0.02728300 0.02260600
v -0.07651500 0.02732200 0.02275800
v -0.07501400 0.02728300 0.02570200
v -0.07551800 0.02732200 0.02587400
v -0.07388700 0.02728300 0.02878400
v -0.07438300 0.02732200 0.02897700
v -0.07262100 0.02728300 0.03184200
v -0.07310800 0.02732200 0.03205600
v -0.07121700 0.02728300 0.03486900
v -0.07169500 0.02732200 0.03510300
v -0.06970100 0.02728300 0.03780800
v -0.07016900 0.02732200 0.03806200
v -0.06807400 0.02728300 0.04066500
v -0.06853100 0.02732200 0.04093800
v -0.06632100 0.02728300 0.04346600
v -0.06676600 0.02732200 0.04375800
v -0.06444300 0.02728300 0.04620400
v -0.06487600 0.02732200 0.04651400
v -0.06244600 0.02728300 0.04886900
v -0.06286500 0.02732200 0.04919700
v -0.06033400 0.02728300 0.05145500
v -0.06073900 0.02732200 0.05180000
v -0.05811000 0.02728300 0.05395300
v -0.05850000 0.02732200 0.05431500
v -0.05578100 0.02728300 0.05635800
v -0.05615600 0.02732200 0.05673600
v -0.05335400 0.02728300 0.05866100
v -0.05371100 0.02732200 0.05905500
v -0.05083300 0.02728300 0.06085800
v -0.05117400 0.02732200 0.06126700
v -0.04822700 0.02728300 0.06294300
v -0.04855100 0.02732200 0.06336600
v -0.04554400 0.02728300 0.06491200
v -0.04584900 0.02732200 0.06534700
v -0.04279000 0.02728300 0.06675900
v -0.04307700 0.02732200 0.06720700
v -0.03997400 0.02728300 0.06848200
v -0.04024300 0.02732200 0.06894200
v -0.03710500 0.02728300 0.07007800
v -0.03735400 0.02732200 0.07054800
v -0.03419100 0.02728300 0.07154500
v -0.03442000 0.02732200 0.07202500
v -0.03123900 0.02728300 0.07288300
v -0.03144900 0.02732200 0.07337200
v -0.02825900 0.02728300 0.07408900
v -0.02844900 0.02732200 0.07458600
v -0.02525900 0.02728300 0.07516500
v -0.02542900 0.02732200 0.07566900
v -0.02224700 0.02728300 0.07611100
v -0.02239600 0.02732200 0.07662100
v -0.01923000 0.02728300 0.07692800
v -0.01935900 0.02732200 0.07744400
v -0.01621600 0.02728300 0.07762000
v -0.01632500 0.02732200 0.07814000
v -0.01321300 0.02728300 0.07818700
v -0.01330200 0.02732200 0.07871100
v -0.01004900 0.02728300 0.07865600
v -0.01011700 0.02732200 0.07918400
v -0.00689000 0.02728300 0.07899500
v -0.00693600 0.02732200 0.07952500
v -0.00377200 0.02728300 0.07920600
v -0.00379700 0.02732200 0.07973700
v -0.00066000 0.02728300 0.07929300
v -0.00066400 0.02732200 0.07982500
v 0.00158600 0.02728300 0.07927900
v 0.00159700 0.02732200 0.07981100
v 0.00479500 0.02728300 0.07915000
v 0.00482700 0.02732200 0.07968100
v 0.00796000 0.02728300 0.07889500
v 0.00801400 0.02732200 0.07942400
v 0.01101300 0.02728300 0.07852700
v 0.01108600 0.02732200 0.07905400
v 0.01408800 0.02728300 0.07803400
v 0.01418300 0.02732200 0.07855700
v 0.01718000 0.02728300 0.07741200
v 0.01729500 0.02732200 0.07793100
v 0.02028000 0.02728300 0.07665800
v 0.02041600 0.02732200 0.07717200
v 0.02338100 0.02728300 0.07577000
v 0.02353800 0.02732200 0.07627800
v 0.02647400 0.02728300 0.07474500
v 0.02665200 0.02732200 0.07524700
v 0.02955100 0.02728300 0.07358300
v 0.02974900 0.02732200 0.07407700
v 0.03260200 0.02728300 0.07228300
v 0.03282100 0.02732200 0.07276800
v 0.03562000 0.02728300 0.07084500
v 0.03585900 0.02732200 0.07132000
v 0.03852700 0.02728300 0.06930700
v 0.03878600 0.02732200 0.06977200
v 0.04137100 0.02728300 0.06764800
v 0.04164900 0.02732200 0.06810100
v 0.04415700 0.02728300 0.06586300
v 0.04445300 0.02732200 0.06630500
v 0.04687700 0.02728300 0.06395500
v 0.04719200 0.02732200 0.06438400
v 0.04952300 0.02728300 0.06192900
v 0.04985600 0.02732200 0.06234400
v 0.05208800 0.02728300 0.05978800
v 0.05243700 0.02732200 0.06018900
v 0.05456300 0.02728300 0.05753800
v 0.05493000 0.02732200 0.05792400
v 0.05694300 0.02728300 0.05518400
v 0.05732500 0.02732200 0.05555400
v 0.05922100 0.02728300 0.05273200
v 0.05961800 0.02732200 0.05308600
v 0.06139000 0.02728300 0.05018900
v 0.06180200 0.02732200 0.05052600
v 0.06344700 0.02728300 0.04756300
v 0.06387200 0.02732200 0.04788300
v 0.06538500 0.02728300 0.04486200
v 0.06582400 0.02732200 0.04516300
v 0.06720200 0.02728300 0.04209200
v 0.06765200 0.02732200 0.04237400
v 0.06889300 0.02728300 0.03926200
v 0.06935500 0.02732200 0.03952500
v 0.07045700 0.02728300 0.03638100
v 0.07093000 0.02732200 0.03662500
v 0.07189200 0.02728300 0.03345600
v 0.07237400 0.02732200 0.03368000
v 0.07319600 0.02728300 0.03049700
v 0.07368700 0.02732200 0.03070100
v 0.07437000 0.02728300 0.02751100
v 0.07486900 0.02732200 0.02769500
v 0.07541300 0.02728300 0.02450700
v 0.07591900 0.02732200 0.02467100
v 0.07632700 0.02728300 0.02149300
v 0.07683900 0.02732200 0.02163700
v 0.07711300 0.02728300 0.01847600
v 0.07763000 0.02732200 0.01860000
v 0.07777300 0.02728300 0.01546400
v 0.07829500 0.02732200 0.01556800
v 0.07833400 0.02728300 0.01231100
v 0.07885900 0.02732200 0.01239400
v 0.07876600 0.02728300 0.00915100
v 0.07929400 0.02732200 0.00921200
v 0.07906800 0.02728300 0.00600600
v 0.07959800 0.02732200 0.00604600
v 0.07924100 0.02728300 0.00293400
v 0.07977300 0.02732200 0.00295300
v 0.07929500 0.02728300 -0.00000000
v 0.07982700 0.02732200 -0.00000000
v 0.07926000 0.02728300 -0.00238400
v 0.07979100 0.02732200 -0.00240000
v 0.07909700 0.02728300 -0.00560400
v 0.07962800 0.02732200 -0.00564200
v 0.07881400 0.02728300 -0.00872100
v 0.07934300 0.02732200 -0.00877900
v 0.07841600 0.02728300 -0.01178000
v 0.07894200 0.02732200 -0.01185900
v 0.07789100 0.02728300 -0.01486000
v 0.07841300 0.02732200 -0.01496000
v 0.07723600 0.02728300 -0.01795400
v 0.07775400 0.02732200 -0.01807500
v 0.07644900 0.02728300 -0.02105500
v 0.07696200 0.02732200 -0.02119700
v 0.07552700 0.02728300 -0.02415500
v 0.07603300 0.02732200 -0.02431700
v 0.07446800 0.02728300 -0.02724500
v 0.07496700 0.02732200 -0.02742800
v 0.07327100 0.02728300 -0.03031600
v 0.07376300 0.02732200 -0.03052000
v 0.07193600 0.02728300 -0.03336000
v 0.07241900 0.02732200 -0.03358400
v 0.07046700 0.02728300 -0.03636100
v 0.07094000 0.02732200 -0.03660500
v 0.06890400 0.02728300 -0.03924300
v 0.06936600 0.02732200 -0.03950600
v 0.06721300 0.02728300 -0.04207300
v 0.06766400 0.02732200 -0.04235600
v 0.06539700 0.02728300 -0.04484400
v 0.06583600 0.02732200 -0.04514400
v 0.06346000 0.02728300 -0.04754600
v 0.06388600 0.02732200 -0.04786500
v 0.06140400 0.02728300 -0.05017200
v 0.06181600 0.02732200 -0.05050900
v 0.05923500 0.02728300 -0.05271500
v 0.05963300 0.02732200 -0.05306900
v 0.05695900 0.02728300 -0.05516800
v 0.05734100 0.02732200 -0.05553800
v 0.05457900 0.02728300 -0.05752200
v 0.05494600 0.02732200 -0.05790800
v 0.05210400 0.02728300 -0.05977400
v 0.05245400 0.02732200 -0.06017500
v 0.04954000 0.02728300 -0.06191500
v 0.04987300 0.02732200 -0.06233100
v 0.04689500 0.02728300 -0.06394200
v 0.04720900 0.02732200 -0.06437100
v 0.04417500 0.02728300 -0.06585100
v 0.04447200 0.02732200 -0.06629200
v 0.04139000 0.02728300 -0.06763600
v 0.04166700 0.02732200 -0.06809000
v 0.03854600 0.02728300 -0.06929600
v 0.03880500 0.02732200 -0.06976100
v 0.03565300 0.02728300 -0.07082800
v 0.03589200 0.02732200 -0.07130300
v 0.03271900 0.02728300 -0.07223000
v 0.03293900 0.02732200 -0.07271500
v 0.02975200 0.02728300 -0.07350200
v 0.02995200 0.02732200 -0.07399500
v 0.02676100 0.02728300 -0.07464300
v 0.02694100 0.02732200 -0.07514400
v 0.02375400 0.02728300 -0.07565400
v 0.02391300 0.02732200 -0.07616100
v 0.02073800 0.02728300 -0.07653500
v 0.02087700 0.02732200 -0.07704900
v 0.01772200 0.02728300 -0.07729000
v 0.01784100 0.02732200 -0.07780800
v 0.01471300 0.02728300 -0.07791800
v 0.01481200 0.02732200 -0.07844100
v 0.01155600 0.02728300 -0.07844900
v 0.01163300 0.02732200 -0.07897500
v 0.00839500 0.02728300 -0.07885000
v 0.00845100 0.02732200 -0.07937900
v 0.00525600 0.02728300 -0.07912100
v 0.00529100 0.02732200 -0.07965200
v 0.00210400 0.02728300 -0.07926700
v 0.00211900 0.02732200 -0.07979900
v 0.00000000 0.02705200 -0.07880100
v -0.00000000 0.02728300 -0.07929500
v -0.00000000 0.02732200 -0.07982700
v -0.00000000 0.02705600 -0.08030100
v 0.00082000 0.02705600 -0.08029700
v 0.00187000 0.02705600 -0.08027900
v 0.00371400 0.02705600 -0.08021500
v 0.00555600 0.02705600 -0.08010800
v 0.00739500 0.02705600 -0.07995900
v 0.00840200 0.02705600 -0.07986000
v 0.00941700 0.02705600 -0.07974700
v 0.01156700 0.02705600 -0.07946300
v 0.01370800 0.02705600 -0.07912200
v 0.01475100 0.02705600 -0.07893400
v 0.01578200 0.02705600 -0.07873500
v 0.01758700 0.02705600 -0.07835100
v 0.01938200 0.02705600 -0.07792600
v 0.02116800 0.02705600 -0.07746100
v 0.02214900 0.02705600 -0.07718600
v 0.02312200 0.02705600 -0.07690000
v 0.02519000 0.02705600 -0.07624700
v 0.02724000 0.02705600 -0.07553900
v 0.02822300 0.02705600 -0.07517800
v 0.02921400 0.02705600 -0.07479800
v 0.03092500 0.02705600 -0.07410700
v 0.03262000 0.02705600 -0.07337700
v 0.03429700 0.02705600 -0.07260800
v 0.03520900 0.02705600 -0.07217000
v 0.03612400 0.02705600 -0.07171700
v 0.03804700 0.02705600 -0.07071500
v 0.03994300 0.02705600 -0.06966200
v 0.04085800 0.02705600 -0.06912900
v 0.04175900 0.02705600 -0.06858900
v 0.04332400 0.02705600 -0.06761100
v 0.04486600 0.02705600 -0.06659800
v 0.04638400 0.02705600 -0.06554900
v 0.04721300 0.02705600 -0.06495500
v 0.04802900 0.02705600 -0.06435400
v 0.04974900 0.02705600 -0.06303400
v 0.05143300 0.02705600 -0.06166700
v 0.05223300 0.02705600 -0.06099100
v 0.05303500 0.02705600 -0.06029500
v 0.05440600 0.02705600 -0.05906100
v 0.05574900 0.02705600 -0.05779500
v 0.05706200 0.02705600 -0.05649900
v 0.05777000 0.02705600 -0.05577500
v 0.05847400 0.02705600 -0.05503600
v 0.05993900 0.02705600 -0.05343700
v 0.06136000 0.02705600 -0.05179900
v 0.06203000 0.02705600 -0.05099400
v 0.06269900 0.02705600 -0.05017000
v 0.06383500 0.02705600 -0.04871600
v 0.06493800 0.02705600 -0.04723600
v 0.06600600 0.02705600 -0.04573200
v 0.06658100 0.02705600 -0.04489000
v 0.06714300 0.02705600 -0.04404600
v 0.06830700 0.02705600 -0.04221700
v 0.06942300 0.02705600 -0.04035700
v 0.06994300 0.02705600 -0.03944800
v 0.07045900 0.02705600 -0.03852000
v 0.07132500 0.02705600 -0.03689100
v 0.07215400 0.02705600 -0.03524200
v 0.07294500 0.02705600 -0.03357500
v 0.07336200 0.02705600 -0.03265300
v 0.07377100 0.02705600 -0.03171800
v 0.07460100 0.02705600 -0.02971400
v 0.07537600 0.02705600 -0.02768900
v 0.07573100 0.02705600 -0.02670400
v 0.07607700 0.02705600 -0.02570000
v 0.07664800 0.02705600 -0.02394500
v 0.07717700 0.02705600 -0.02217800
v 0.07766700 0.02705600 -0.02039900
v 0.07791800 0.02705600 -0.01941800
v 0.07815800 0.02705600 -0.01842600
v 0.07862700 0.02705600 -0.01630900
v 0.07903900 0.02705600 -0.01418000
v 0.07921700 0.02705600 -0.01314700
v 0.07938400 0.02705600 -0.01209900
v 0.07964100 0.02705600 -0.01027200
v 0.07985600 0.02705600 -0.00843900
v 0.08002900 0.02705600 -0.00660200
v 0.08010600 0.02705600 -0.00559300
v 0.08017000 0.02705600 -0.00457400
v 0.08026500 0.02705600 -0.00240800
v 0.08030000 0.02705600 -0.00023900
v 0.08029700 0.02705600 0.00082000
v 0.08027900 0.02705600 0.00187000
v 0.08021500 0.02705600 0.00371400
v 0.08010800 0.02705600 0.00555600
v 0.07995900 0.02705600 0.00739500
v 0.07986000 0.02705600 0.00840200
v 0.07974700 0.02705600 0.00941700
v 0.07946300 0.02705600 0.01156700
v 0.07912200 0.02705600 0.01370800
v 0.07893600 0.02705600 0.01473900
v 0.07873500 0.02705600 0.01578200
v 0.07835100 0.02705600 0.01758700
v 0.07792600 0.02705600 0.01938200
v 0.07746100 0.02705600 0.02116800
v 0.07718800 0.02705600 0.02214200
v 0.07690000 0.02705600 0.02312200
v 0.07624700 0.02705600 0.02519000
v 0.07553900 0.02705600 0.02724000
v 0.07517400 0.02705600 0.02823300
v 0.07479800 0.02705600 0.02921400
v 0.07410700 0.02705600 0.03092500
v 0.07337700 0.02705600 0.03262000
v 0.07260800 0.02705600 0.03429700
v 0.07217000 0.02705600 0.03520900
v 0.07171700 0.02705600 0.03612400
v 0.07071500 0.02705600 0.03804700
v 0.06966200 0.02705600 0.03994300
v 0.06913500 0.02705600 0.04084800
v 0.06858900 0.02705600 0.04175900
v 0.06761100 0.02705600 0.04332400
v 0.06659800 0.02705600 0.04486600
v 0.06554900 0.02705600 0.04638400
v 0.06496000 0.02705600 0.04720700
v 0.06435400 0.02705600 0.04802900
v 0.06303400 0.02705600 0.04974900
v 0.06166700 0.02705600 0.05143300
v 0.06099100 0.02705600 0.05223300
v 0.06029500 0.02705600 0.05303500
v 0.05906100 0.02705600 0.05440600
v 0.05779500 0.02705600 0.05574900
v 0.05649900 0.02705600 0.05706200
v 0.05577500 0.02705600 0.05777000
v 0.05503600 0.02705600 0.05847400
v 0.05343700 0.02705600 0.05993900
v 0.05179900 0.02705600 0.06136000
v 0.05099500 0.02705600 0.06203000
v 0.05017000 0.02705600 0.06269900
v 0.04871600 0.02705600 0.06383500
v 0.04723600 0.02705600 0.06493800
v 0.04573200 0.02705600 0.06600600
v 0.04489600 0.02705600 0.06657700
v 0.04404600 0.02705600 0.06714300
v 0.04221700 0.02705600 0.06830700
v 0.04035700 0.02705600 0.06942300
v 0.03944800 0.02705600 0.06994300
v 0.03852000 0.02705600 0.07045900
v 0.03689100 0.02705600 0.07132500
v 0.03524200 0.02705600 0.07215400
v 0.03357500 0.02705600 0.07294500
v 0.03265300 0.02705600 0.07336200
v 0.03171800 0.02705600 0.07377100
v 0.02971400 0.02705600 0.07460100
v 0.02768900 0.02705600 0.07537600
v 0.02670400 0.02705600 0.07573100
v 0.02570000 0.02705600 0.07607700
v 0.02394500 0.02705600 0.07664800
v 0.02217800 0.02705600 0.07717700
v 0.02039900 0.02705600 0.07766700
v 0.01941100 0.02705600 0.07791900
v 0.01842600 0.02705600 0.07815800
v 0.01630900 0.02705600 0.07862700
v 0.01418000 0.02705600 0.07903900
v 0.01314700 0.02705600 0.07921700
v 0.01209900 0.02705600 0.07938400
v 0.01027200 0.02705600 0.07964100
v 0.00843900 0.02705600 0.07985600
v 0.00660200 0.02705600 0.08002900
v 0.00558500 0.02705600 0.08010600
v 0.00457400 0.02705600 0.08017000
v 0.00240800 0.02705600 0.08026500
v 0.00023900 0.02705600 0.08030000
v -0.00080800 0.02705600 0.08029700
v -0.00187000 0.02705600 0.08027900
v -0.00371400 0.02705600 0.08021500
v -0.00555600 0.02705600 0.08010800
v -0.00739500 0.02705600 0.07995900
v -0.00840200 0.02705600 0.07986000
v -0.00941700 0.02705600 0.07974700
v -0.01156700 0.02705600 0.07946300
v -0.01370800 0.02705600 0.07912200
v -0.01475100 0.02705600 0.07893400
v -0.01578200 0.02705600 0.07873500
v -0.01758700 0.02705600 0.07835100
v -0.01938200 0.02705600 0.07792600
v -0.02116800 0.02705600 0.07746100
v -0.02214200 0.02705600 0.07718800
v -0.02312200 0.02705600 0.07690000
v -0.02519000 0.02705600 0.07624700
v -0.02724000 0.02705600 0.07553900
v -0.02823300 0.02705600 0.07517400
v -0.02921400 0.02705600 0.07479800
v -0.03092500 0.02705600 0.07410700
v -0.03262000 0.02705600 0.07337700
v -0.03429700 0.02705600 0.07260800
v -0.03520900 0.02705600 0.07217000
v -0.03612400 0.02705600 0.07171700
v -0.03804700 0.02705600 0.07071500
v -0.03994300 0.02705600 0.06966200
v -0.04084800 0.02705600 0.06913500
v -0.04175900 0.02705600 0.06858900
v -0.04332400 0.02705600 0.06761100
v -0.04486600 0.02705600 0.06659800
v -0.04638400 0.02705600 0.06554900
v -0.04721300 0.02705600 0.06495500
v -0.04802900 0.02705600 0.06435400
v -0.04974900 0.02705600 0.06303400
v -0.05143300 0.02705600 0.06166700
v -0.05224200 0.02705600 0.06098400
v -0.05303500 0.02705600 0.06029500
v -0.05440600 0.02705600 0.05906100
v -0.05574900 0.02705600 0.05779500
v -0.05706200 0.02705600 0.05649900
v -0.05777000 0.02705600 0.05577500
v -0.05847400 0.02705600 0.05503600
v -0.05993900 0.02705600 0.05343700
v -0.06136000 0.02705600 0.05179900
v -0.06203000 0.02705600 0.05099500
v -0.06269900 0.02705600 0.05017000
v -0.06383500 0.02705600 0.04871600
v -0.06493800 0.02705600 0.04723600
v -0.06600600 0.02705600 0.04573200
v -0.06657700 0.02705600 0.04489600
v -0.06714300 0.02705600 0.04404600
v -0.06830700 0.02705600 0.04221700
v -0.06942300 0.02705600 0.04035700
v -0.06994900 0.02705600 0.03943800
v -0.07045900 0.02705600 0.03852000
v -0.07132500 0.02705600 0.03689100
v -0.07215400 0.02705600 0.03524200
v -0.07294500 0.02705600 0.03357500
v -0.07336200 0.02705600 0.03265300
v -0.07377100 0.02705600 0.03171800
v -0.07460100 0.02705600 0.02971400
v -0.07537600 0.02705600 0.02768900
v -0.07573100 0.02705600 0.02670400
v -0.07607700 0.02705600 0.02570000
v -0.07664700 0.02705600 0.02394500
v -0.07717700 0.02705600 0.02217800
v -0.07766700 0.02705600 0.02039900
v -0.07791800 0.02705600 0.01941800
v -0.07815800 0.02705600 0.01842600
v -0.07862700 0.02705600 0.01630900
v -0.07903900 0.02705600 0.01418000
v -0.07921700 0.02705600 0.01314700
v -0.07938400 0.02705600 0.01209900
v -0.07964100 0.02705600 0.01027200
v -0.07985600 0.02705600 0.00843900
v -0.08002900 0.02705600 0.00660200
v -0.08010600 0.02705600 0.00558500
v -0.08017000 0.02705600 0.00457400
v -0.08026500 0.02705600 0.00240800
v -0.08030000 0.02705600 0.00023900
v -0.08029700 0.02705600 -0.00080800
v -0.08027900 0.02705600 -0.00187000
v -0.08021500 0.02705600 -0.00371400
v -0.08010800 0.02705600 -0.00555600
v -0.07995900 0.02705600 -0.00739500
v -0.07985900 0.02705600 -0.00841000
v -0.07974700 0.02705600 -0.00941700
v -0.07946300 0.02705600 -0.01156700
v -0.07912200 0.02705600 -0.01370800
v -0.07893400 0.02705600 -0.01475100
v -0.07873500 0.02705600 -0.01578200
v -0.07835100 0.02705600 -0.01758700
v -0.07792600 0.02705600 -0.01938200
v -0.07746100 0.02705600 -0.02116800
v -0.07718600 0.02705600 -0.02214900
v -0.07690000 0.02705600 -0.02312200
v -0.07624700 0.02705600 -0.02519000
v -0.07553900 0.02705600 -0.02724000
v -0.07517400 0.02705600 -0.02823300
v -0.07479800 0.02705600 -0.02921400
v -0.07410700 0.02705600 -0.03092500
v -0.07337700 0.02705600 -0.03262000
v -0.07260800 0.02705600 -0.03429700
v -0.07217000 0.02705600 -0.03520900
v -0.07171700 0.02705600 -0.03612400
v -0.07071500 0.02705600 -0.03804700
v -0.06966200 0.02705600 -0.03994300
v -0.06913500 0.02705600 -0.04084800
v -0.06858900 0.02705600 -0.04175900
v -0.06761100 0.02705600 -0.04332400
v -0.06659800 0.02705600 -0.04486600
v -0.06554900 0.02705600 -0.04638400
v -0.06495500 0.02705600 -0.04721300
v -0.06435400 0.02705600 -0.04802900
v -0.06303400 0.02705600 -0.04974900
v -0.06166700 0.02705600 -0.05143300
v -0.06099100 0.02705600 -0.05223300
v -0.06029500 0.02705600 -0.05303500
v -0.05906100 0.02705600 -0.05440600
v -0.05779500 0.02705600 -0.05574900
v -0.05649900 0.02705600 -0.05706200
v -0.05577500 0.02705600 -0.05777000
v -0.05503600 0.02705600 -0.05847400
v -0.05343700 0.02705600 -0.05993900
v -0.05179900 0.02705600 -0.06136000
v -0.05099400 0.02705600 -0.06203000
v -0.05017000 0.02705600 -0.06269900
v -0.04871600 0.02705600 -0.06383500
v -0.04723600 0.02705600 -0.06493800
v -0.04573200 0.02705600 -0.06600600
v -0.04489600 0.02705600 -0.06657700
v -0.04404600 0.02705600 -0.06714300
v -0.04221700 0.02705600 -0.06830700
v -0.04035700 0.02705600 -0.06942300
v -0.03944800 0.02705600 -0.06994300
v -0.03852000 0.02705600 -0.07045900
v -0.03689100 0.02705600 -0.07132500
v -0.03524200 0.02705600 -0.07215400
v -0.03357500 0.02705600 -0.07294500
v -0.03265300 0.02705600 -0.07336200
v -0.03171800 0.02705600 -0.07377100
v -0.02971400 0.02705600 -0.07460100
v -0.02768900 0.02705600 -0.07537600
v -0.02670400 0.02705600 -0.07573100
v -0.02570000 0.02705600 -0.07607700
v -0.02394500 0.02705600 -0.07664700
v -0.02217800 0.02705600 -0.07717700
v -0.02039900 0.02705600 -0.07766700
v -0.01941800 0.02705600 -0.07791800
v -0.01842600 0.02705600 -0.07815800
v -0.01630900 0.02705600 -0.07862700
v -0.01418000 0.02705600 -0.07903900
v -0.01314700 0.02705600 -0.07921700
v -0.01209900 0.02705600 -0.07938400
v -0.01027200 0.02705600 -0.07964100
v -0.00843900 0.02705600 -0.07985600
v -0.00660200 0.02705600 -0.08002900
v -0.00559300 0.02705600 -0.08010600
v -0.00457400 0.02705600 -0.08017000
v -0.00240700 0.02705600 -0.08026500
v -0.00023900 0.02705600 -0.08030000
v -0.00321700 0.02722600 -0.08002400
v -0.00000000 0.02722600 -0.08008800
v -0.00159700 0.02732200 -0.07981100
v -0.00160200 0.02722600 -0.08007200
v -0.00160500 0.02714800 -0.08018600
v -0.00000000 0.02714800 -0.08020200
v -0.00080000 0.02722600 -0.08008400
v -0.00080100 0.02714800 -0.08019800
v -0.00000000 0.02722600 -0.08008800
v 0.00212500 0.02722600 -0.08006000
v 0.00105700 0.02732200 -0.07982000
v 0.00106000 0.02722600 -0.08008100
v -0.00174900 0.02705200 -0.07878100
v -0.00351300 0.02705200 -0.07872200
v -0.00529100 0.02705200 -0.07862300
v -0.00708100 0.02705200 -0.07848200
v -0.00888200 0.02705200 -0.07829900
v -0.01069300 0.02705200 -0.07807200
v -0.01251200 0.02705200 -0.07780100
v -0.01433900 0.02705200 -0.07748500
v -0.01617100 0.02705200 -0.07712400
v -0.01800600 0.02705200 -0.07671600
v -0.01984400 0.02705200 -0.07626100
v -0.02168300 0.02705200 -0.07575900
v -0.02352000 0.02705200 -0.07520900
v -0.02535400 0.02705200 -0.07461000
v -0.02718300 0.02705200 -0.07396400
v -0.02900600 0.02705200 -0.07326800
v -0.03082000 0.02705200 -0.07252400
v -0.03262400 0.02705200 -0.07173000
v -0.03441600 0.02705200 -0.07088800
v -0.03619300 0.02705200 -0.06999700
v -0.03795400 0.02705200 -0.06905800
v -0.03969700 0.02705200 -0.06807100
v -0.04142000 0.02705200 -0.06703700
v -0.04312100 0.02705200 -0.06595600
v -0.04479800 0.02705200 -0.06482800
v -0.04644900 0.02705200 -0.06365600
v -0.04807300 0.02705200 -0.06243800
v -0.04966800 0.02705200 -0.06117700
v -0.05123200 0.02705200 -0.05987400
v -0.05276300 0.02705200 -0.05852900
v -0.05426000 0.02705200 -0.05714400
v -0.05572100 0.02705200 -0.05572100
v -0.05714400 0.02705200 -0.05426000
v -0.05852900 0.02705200 -0.05276300
v -0.05987400 0.02705200 -0.05123200
v -0.06117700 0.02705200 -0.04966800
v -0.06243800 0.02705200 -0.04807300
v -0.06365600 0.02705200 -0.04644900
v -0.06482800 0.02705200 -0.04479800
v -0.06595600 0.02705200 -0.04312100
v -0.06703700 0.02705200 -0.04142000
v -0.06807100 0.02705200 -0.03969700
v -0.06905800 0.02705200 -0.03795400
v -0.06999700 0.02705200 -0.03619300
v -0.07088800 0.02705200 -0.03441600
v -0.07173000 0.02705200 -0.03262400
v -0.07252300 0.02705200 -0.03082000
v -0.07326800 0.02705200 -0.02900600
v -0.07396400 0.02705200 -0.02718300
v -0.07461000 0.02705200 -0.02535400
v -0.07520900 0.02705200 -0.02352000
v -0.07575900 0.02705200 -0.02168300
v -0.07626100 0.02705200 -0.01984400
v -0.07671600 0.02705200 -0.01800600
v -0.07712400 0.02705200 -0.01617100
v -0.07748500 0.02705200 -0.01433900
v -0.07780100 0.02705200 -0.01251200
v -0.07807200 0.02705200 -0.01069300
v -0.07829900 0.02705200 -0.00888200
v -0.07848200 0.02705200 -0.00708100
v -0.07862300 0.02705200 -0.00529100
v -0.07872200 0.02705200 -0.00351300
v -0.07878100 0.02705200 -0.00174900
v -0.07880100 0.02705200 0.00000000
v -0.07878100 0.02705200 0.00174900
v -0.07872200 0.02705200 0.00351300
v -0.07862300 0.02705200 0.00529100
v -0.07848200 0.02705200 0.00708100
v -0.07829900 0.02705200 0.00888200
v -0.07807200 0.02705200 0.01069300
v -0.07780100 0.02705200 0.01251200
v -0.07748500 0.02705200 0.01433900
v -0.07712400 0.02705200 0.01617100
v -0.07671600 0.02705200 0.01800600
v -0.07626100 0.02705200 0.01984400
v -0.07575900 0.02705200 0.02168300
v -0.07520900 0.02705200 0.02352000
v -0.07461000 0.02705200 0.02535400
v -0.07396400 0.02705200 0.02718300
v -0.07326800 0.02705200 0.02900600
v -0.07252300 0.02705200 0.03082000
v -0.07173000 0.02705200 0.03262400
v -0.07088800 0.02705200 0.03441600
v -0.06999700 0.02705200 0.03619300
v -0.06905800 0.02705200 0.03795400
v -0.06807100 0.02705200 0.03969700
v -0.06703700 0.02705200 0.04142000
v -0.06595600 0.02705200 0.04312100
v -0.06482800 0.02705200 0.04479800
v -0.06365600 0.02705200 0.04644900
v -0.06243800 0.02705200 0.04807300
v -0.06117700 0.02705200 0.04966800
v -0.05987400 0.02705200 0.05123200
v -0.05852900 0.02705200 0.05276300
v -0.05714400 0.02705200 0.05426000
v -0.05572000 0.02705200 0.05572100
v -0.05426000 0.02705200 0.05714400
v -0.05276300 0.02705200 0.05852900
v -0.05123200 0.02705200 0.05987400
v -0.04966800 0.02705200 0.06117700
v -0.04807300 0.02705200 0.06243800
v -0.04644900 0.02705200 0.06365600
v -0.04479800 0.02705200 0.06482800
v -0.04312000 0.02705200 0.06595600
v -0.04142000 0.02705200 0.06703700
v -0.03969700 0.02705200 0.06807100
v -0.03795400 0.02705200 0.06905800
v -0.03619300 0.02705200 0.06999700
v -0.03441600 0.02705200 0.07088800
v -0.03262400 0.02705200 0.07173000
v -0.03082000 0.02705200 0.07252400
v -0.02900600 0.02705200 0.07326800
v -0.02718300 0.02705200 0.07396400
v -0.02535400 0.02705200 0.07461000
v -0.02352000 0.02705200 0.07520900
v -0.02168300 0.02705200 0.07575900
v -0.01984400 0.02705200 0.07626100
v -0.01800600 0.02705200 0.07671600
v -0.01617100 0.02705200 0.07712400
v -0.01433900 0.02705200 0.07748500
v -0.01251200 0.02705200 0.07780100
v -0.01069300 0.02705200 0.07807200
v -0.00888200 0.02705200 0.07829900
v -0.00708100 0.02705200 0.07848200
v -0.00529100 0.02705200 0.07862300
v -0.00351300 0.02705200 0.07872200
v -0.00174900 0.02705200 0.07878100
v 0.00000000 0.02705200 0.07880100
v 0.00174900 0.02705200 0.07878100
v 0.00351300 0.02705200 0.07872200
v 0.00529100 0.02705200 0.07862300
v 0.00708100 0.02705200 0.07848200
v 0.00888200 0.02705200 0.07829900
v 0.01069300 0.02705200 0.07807200
v 0.01251200 0.02705200 0.07780100
v 0.01433900 0.02705200 0.07748500
v 0.01617100 0.02705200 0.07712400
v 0.01800600 0.02705200 0.07671600
v 0.01984400 0.02705200 0.07626100
v 0.02168300 0.02705200 0.07575900
v 0.02352000 0.02705200 0.07520900
v 0.02535400 0.02705200 0.07461000
v 0.02718300 0.02705200 0.07396400
v 0.02900600 0.02705200 0.07326800
v 0.03082000 0.02705200 0.07252400
v 0.03262400 0.02705200 0.07173000
v 0.03441600 0.02705200 0.07088800
v 0.03619300 0.02705200 0.06999700
v 0.03795400 0.02705200 0.06905800
v 0.03969700 0.02705200 0.06807100
v 0.04142000 0.02705200 0.06703700
v 0.04312100 0.02705200 0.06595600
v 0.04479800 0.02705200 0.06482800
v 0.04644900 0.02705200 0.06365600
v 0.04807300 0.02705200 0.06243800
v 0.04966800 0.02705200 0.06117700
v 0.05123200 0.02705200 0.05987400
v 0.05276300 0.02705200 0.05852900
v 0.05426000 0.02705200 0.05714400
v 0.05572100 0.02705200 0.05572100
v 0.05714400 0.02705200 0.05426000
v 0.05852900 0.02705200 0.05276300
v 0.05987400 0.02705200 0.05123200
v 0.06117700 0.02705200 0.04966800
v 0.06243800 0.02705200 0.04807300
v 0.06365600 0.02705200 0.04644900
v 0.06482800 0.02705200 0.04479800
v 0.06595600 0.02705200 0.04312100
v 0.06703700 0.02705200 0.04142000
v 0.06807100 0.02705200 0.03969700
v 0.06905800 0.02705200 0.03795400
v 0.06999700 0.02705200 0.03619300
v 0.07088800 0.02705200 0.03441600
v 0.07173000 0.02705200 0.03262400
v 0.07252400 0.02705200 0.03082000
v 0.07326800 0.02705200 0.02900600
v 0.07396400 0.02705200 0.02718300
v 0.07461100 0.02705200 0.02535400
v 0.07520900 0.02705200 0.02352000
v 0.07575900 0.02705200 0.02168300
v 0.07626100 0.02705200 0.01984400
v 0.07671600 0.02705200 0.01800600
v 0.07712400 0.02705200 0.01617100
v 0.07748500 0.02705200 0.01433900
v 0.07780100 0.02705200 0.01251200
v 0.07807200 0.02705200 0.01069300
v 0.07829900 0.02705200 0.00888200
v 0.07848200 0.02705200 0.00708100
v 0.07862300 0.02705200 0.00529100
v 0.07872200 0.02705200 0.00351300
v 0.07878100 0.02705200 0.00174900
v 0.07880100 0.02705200 -0.00000000
v 0.07878100 0.02705200 -0.00174900
v 0.07872200 0.02705200 -0.00351300
v 0.07862300 0.02705200 -0.00529100
v 0.07848200 0.02705200 -0.00708100
v 0.07829900 0.02705200 -0.00888200
v 0.07807200 0.02705200 -0.01069300
v 0.07780100 0.02705200 -0.01251200
v 0.07748500 0.02705200 -0.01433900
v 0.07712400 0.02705200 -0.01617100
v 0.07671600 0.02705200 -0.01800600
v 0.07626100 0.02705200 -0.01984400
v 0.07575900 0.02705200 -0.02168300
v 0.07520900 0.02705200 -0.02352000
v 0.07461100 0.02705200 -0.02535400
v 0.07396400 0.02705200 -0.02718300
v 0.07326800 0.02705200 -0.02900600
v 0.07252400 0.02705200 -0.03082000
v 0.07173000 0.02705200 -0.03262400
v 0.07088800 0.02705200 -0.03441600
v 0.06999700 0.02705200 -0.03619300
v 0.06905800 0.02705200 -0.03795400
v 0.06807100 0.02705200 -0.03969700
v 0.06703700 0.02705200 -0.04142000
v 0.06595600 0.02705200 -0.04312100
v 0.06482800 0.02705200 -0.04479800
v 0.06365600 0.02705200 -0.04644900
v 0.06243800 0.02705200 -0.04807300
v 0.06117700 0.02705200 -0.04966800
v 0.05987400 0.02705200 -0.05123200
v 0.05852900 0.02705200 -0.05276300
v 0.05714400 0.02705200 -0.05426000
v 0.05572100 0.02705200 -0.05572100
v 0.05426000 0.02705200 -0.05714400
v 0.05276300 0.02705200 -0.05852900
v 0.05123200 0.02705200 -0.05987400
v 0.04966800 0.02705200 -0.06117700
v 0.04807300 0.02705200 -0.06243800
v 0.04644900 0.02705200 -0.06365600
v 0.04479800 0.02705200 -0.06482800
v 0.04312100 0.02705200 -0.06595600
v 0.04142000 0.02705200 -0.06703700
v 0.03969700 0.02705200 -0.06807100
v 0.03795400 0.02705200 -0.06905800
v 0.03619300 0.02705200 -0.06999700
v 0.03441600 0.02705200 -0.07088800
v 0.03262400 0.02705200 -0.07173000
v 0.03082000 0.02705200 -0.07252400
v 0.02900600 0.02705200 -0.07326800
v 0.02718300 0.02705200 -0.07396400
v 0.02535400 0.02705200 -0.07461000
v 0.02352000 0.02705200 -0.07520900
v 0.02168300 0.02705200 -0.07575900
v 0.01984400 0.02705200 -0.07626100
v 0.01800600 0.02705200 -0.07671600
v 0.01617100 0.02705200 -0.07712400
v 0.01433900 0.02705200 -0.07748500
v 0.01251200 0.02705200 -0.07780100
v 0.01069300 0.02705200 -0.07807200
v 0.00888200 0.02705200 -0.07829900
v 0.00708100 0.02705200 -0.07848200
v 0.00529100 0.02705200 -0.07862300
v 0.00351300 0.02705200 -0.07872200
v 0.00174900 0.02705200 -0.07878100
v -0.00000000 0.02714800 -0.08020200
v 0.00106100 0.02714800 -0.08019500
v 0.00052900 0.02722600 -0.08008600
v 0.00053000 0.02714800 -0.08020100
v -0.00000000 0.02074600 -0.08494300
v -0.00000000 0.01334600 -0.08823900
v -0.00000000 0.00574300 -0.08981600
v -0.00000000 -0.00181100 -0.08979800
v -0.00000000 -0.00937000 -0.08819500
v -0.00000000 -0.01648400 -0.08503000
v 0.03349100 0.02074600 -0.07806200
v 0.03479000 0.01334600 -0.08109100
v 0.03541200 0.00574300 -0.08254000
v 0.03540500 -0.00181100 -0.08252300
v 0.03477300 -0.00937000 -0.08105100
v 0.03352500 -0.01648400 -0.07814200
v 0.06065400 0.02074600 -0.05946800
v 0.06300700 0.01334600 -0.06177500
v 0.06413400 0.00574300 -0.06287900
v 0.06412100 -0.00181100 -0.06286700
v 0.06297600 -0.00937000 -0.06174400
v 0.06071600 -0.01648400 -0.05952900
v 0.07863700 0.02074600 -0.03211900
v 0.08168800 0.01334600 -0.03336500
v 0.08314800 0.00574300 -0.03396100
v 0.08313100 -0.00181100 -0.03395400
v 0.08164700 -0.00937000 -0.03334800
v 0.07871800 -0.01648400 -0.03215100
v 0.08494300 0.02074600 -0.00000000
v 0.08823900 0.01334600 -0.00000000
v 0.08981600 0.00574300 -0.00000000
v 0.08979800 -0.00181100 -0.00000000
v 0.08819500 -0.00937000 -0.00000000
v 0.08503000 -0.01648400 -0.00000000
v 0.07806200 0.02074600 0.03349100
v 0.08109100 0.01334600 0.03479000
v 0.08254000 0.00574300 0.03541200
v 0.08252300 -0.00181100 0.03540500
v 0.08105100 -0.00937000 0.03477300
v 0.07814200 -0.01648400 0.03352500
v 0.05946800 0.02074600 0.06065400
v 0.06177500 0.01334600 0.06300700
v 0.06287900 0.00574300 0.06413400
v 0.06286700 -0.00181100 0.06412100
v 0.06174500 -0.00937000 0.06297600
v 0.05952900 -0.01648400 0.06071600
v 0.03211900 0.02074600 0.07863700
v 0.03336500 0.01334600 0.08168800
v 0.03396100 0.00574300 0.08314800
v 0.03395400 -0.00181100 0.08313100
v 0.03334800 -0.00937000 0.08164700
v 0.03215100 -0.01648400 0.07871800
v 0.00000000 0.02074600 0.08494300
v 0.00000000 0.01334600 0.08823900
v 0.00000000 0.00574300 0.08981600
v 0.00000000 -0.00181100 0.08979800
v 0.00000000 -0.00937000 0.08819500
v 0.00000000 -0.01648400 0.08503000
v -0.03349100 0.02074600 0.07806200
v -0.03479000 0.01334600 0.08109100
v -0.03541200 0.00574300 0.08254000
v -0.03540500 -0.00181100 0.08252300
v -0.03477300 -0.00937000 0.08105100
v -0.03352500 -0.01648400 0.07814200
v -0.06065400 0.02074600 0.05946800
v -0.06300700 0.01334600 0.06177500
v -0.06413400 0.00574300 0.06287900
v -0.06412000 -0.00181100 0.06286700
v -0.06297600 -0.00937000 0.06174500
v -0.06071600 -0.01648400 0.05952900
v -0.07863700 0.02074600 0.03211900
v -0.08168800 0.01334600 0.03336500
v -0.08314800 0.00574300 0.03396100
v -0.08313100 -0.00181100 0.03395400
v -0.08164700 -0.00937000 0.03334800
v -0.07871700 -0.01648400 0.03215100
v -0.08494300 0.02074600 0.00000000
v -0.08823900 0.01334600 0.00000000
v -0.08981600 0.00574300 0.00000000
v -0.08979800 -0.00181100 0.00000000
v -0.08819500 -0.00937000 0.00000000
v -0.08503000 -0.01648400 0.00000000
v -0.07806200 0.02074600 -0.03349100
v -0.08109100 0.01334600 -0.03479000
v -0.08254000 0.00574300 -0.03541200
v -0.08252300 -0.00181100 -0.03540500
v -0.08105100 -0.00937000 -0.03477300
v -0.07814200 -0.01648400 -0.03352500
v -0.05946800 0.02074600 -0.06065400
v -0.06177500 0.01334600 -0.06300700
v -0.06287900 0.00574300 -0.06413400
v -0.06286700 -0.00181100 -0.06412000
v -0.06174400 -0.00937000 -0.06297600
v -0.05952900 -0.01648400 -0.06071600
v -0.03211900 0.02074600 -0.07863700
v -0.03336500 0.01334600 -0.08168800
v -0.03396100 0.00574300 -0.08314800
v -0.03395400 -0.00181100 -0.08313100
v -0.03334800 -0.00937000 -0.08164700
v -0.03215100 -0.01648400 -0.07871700
v -0.00000000 0.02074600 -0.08494300
v -0.00000000 0.01334600 -0.08823900
v -0.00000000 0.00574300 -0.08981600
v -0.00000000 -0.00181100 -0.08979800
v -0.00000000 -0.00937000 -0.08819500
v -0.00000000 -0.01648400 -0.08503000
v -0.00000000 -0.02294400 -0.08030100
v -0.00039800 -0.02294400 -0.08030000
v -0.00141800 -0.02294400 -0.08028800
v -0.00243100 -0.02294400 -0.08026400
v -0.00459700 -0.02294400 -0.08016900
v -0.00676000 -0.02294400 -0.08001600
v -0.00781500 -0.02294400 -0.07992000
v -0.00886000 -0.02294400 -0.07981000
v -0.01069100 -0.02294400 -0.07958600
v -0.01251700 -0.02294400 -0.07931900
v -0.01433600 -0.02294400 -0.07901100
v -0.01533800 -0.02294400 -0.07882200
v -0.01633100 -0.02294400 -0.07862200
v -0.01844900 -0.02294400 -0.07815300
v -0.02055200 -0.02294400 -0.07762600
v -0.02156300 -0.02294400 -0.07735100
v -0.02258400 -0.02294400 -0.07705900
v -0.02434900 -0.02294400 -0.07652000
v -0.02610000 -0.02294400 -0.07594100
v -0.02783800 -0.02294400 -0.07532100
v -0.02878500 -0.02294400 -0.07496400
v -0.02973600 -0.02294400 -0.07459200
v -0.03173900 -0.02294400 -0.07376200
v -0.03372000 -0.02294400 -0.07287800
v -0.03467800 -0.02294400 -0.07242700
v -0.03562200 -0.02294400 -0.07196700
v -0.03726600 -0.02294400 -0.07113000
v -0.03889100 -0.02294400 -0.07025500
v -0.04049500 -0.02294400 -0.06934300
v -0.04137200 -0.02294400 -0.06882300
v -0.04223700 -0.02294400 -0.06829500
v -0.04406600 -0.02294400 -0.06713000
v -0.04586200 -0.02294400 -0.06591500
v -0.04671800 -0.02294400 -0.06531200
v -0.04757800 -0.02294400 -0.06468800
v -0.04905200 -0.02294400 -0.06357800
v -0.05049900 -0.02294400 -0.06243400
v -0.05192100 -0.02294400 -0.06125700
v -0.05269400 -0.02294400 -0.06059300
v -0.05345500 -0.02294400 -0.05992300
v -0.05505300 -0.02294400 -0.05845800
v -0.05661200 -0.02294400 -0.05695000
v -0.05735800 -0.02294400 -0.05619800
v -0.05808800 -0.02294400 -0.05544300
v -0.05934700 -0.02294400 -0.05409400
v -0.06057400 -0.02294400 -0.05271600
v -0.06176900 -0.02294400 -0.05131100
v -0.06241500 -0.02294400 -0.05052200
v -0.06304800 -0.02294400 -0.04973100
v -0.06436800 -0.02294400 -0.04801000
v -0.06564100 -0.02294400 -0.04625400
v -0.06624500 -0.02294400 -0.04538500
v -0.06683300 -0.02294400 -0.04451400
v -0.06783800 -0.02294400 -0.04296700
v -0.06880800 -0.02294400 -0.04139700
v -0.06974100 -0.02294400 -0.03980500
v -0.07023700 -0.02294400 -0.03892300
v -0.07072600 -0.02294400 -0.03802700
v -0.07172700 -0.02294400 -0.03610300
v -0.07267600 -0.02294400 -0.03415300
v -0.07311500 -0.02294400 -0.03320200
v -0.07354800 -0.02294400 -0.03223300
v -0.07426900 -0.02294400 -0.03053400
v -0.07495100 -0.02294400 -0.02882000
v -0.07559300 -0.02294400 -0.02709000
v -0.07592900 -0.02294400 -0.02613500
v -0.07625500 -0.02294400 -0.02516800
v -0.07690700 -0.02294400 -0.02309900
v -0.07750200 -0.02294400 -0.02101400
v -0.07777000 -0.02294400 -0.02000200
v -0.07802700 -0.02294400 -0.01897100
v -0.07844300 -0.02294400 -0.01717400
v -0.07881700 -0.02294400 -0.01536700
v -0.07914900 -0.02294400 -0.01355200
v -0.07931500 -0.02294400 -0.01254600
v -0.07946700 -0.02294400 -0.01154400
v -0.07974900 -0.02294400 -0.00939400
v -0.07997400 -0.02294400 -0.00723700
v -0.08006200 -0.02294400 -0.00619300
v -0.08013600 -0.02294400 -0.00513400
v -0.08023300 -0.02294400 -0.00329100
v -0.08028800 -0.02294400 -0.00144700
v -0.08030000 -0.02294400 0.00039800
v -0.08028800 -0.02294400 0.00141000
v -0.08026400 -0.02294400 0.00243100
v -0.08016900 -0.02294400 0.00459700
v -0.08001600 -0.02294400 0.00676000
v -0.07992000 -0.02294400 0.00781500
v -0.07981000 -0.02294400 0.00886000
v -0.07958600 -0.02294400 0.01069100
v -0.07931900 -0.02294400 0.01251700
v -0.07901100 -0.02294400 0.01433600
v -0.07882400 -0.02294400 0.01533100
v -0.07862200 -0.02294400 0.01633100
v -0.07815300 -0.02294400 0.01844900
v -0.07762600 -0.02294400 0.02055200
v -0.07734800 -0.02294400 0.02157400
v -0.07705900 -0.02294400 0.02258400
v -0.07652000 -0.02294400 0.02434900
v -0.07594100 -0.02294400 0.02610000
v -0.07532100 -0.02294400 0.02783800
v -0.07496400 -0.02294400 0.02878500
v -0.07459200 -0.02294400 0.02973600
v -0.07376200 -0.02294400 0.03173900
v -0.07287800 -0.02294400 0.03372000
v -0.07242700 -0.02294400 0.03467800
v -0.07196700 -0.02294400 0.03562200
v -0.07113000 -0.02294400 0.03726600
v -0.07025500 -0.02294400 0.03889100
v -0.06934300 -0.02294400 0.04049500
v -0.06882300 -0.02294400 0.04137200
v -0.06829500 -0.02294400 0.04223700
v -0.06713000 -0.02294400 0.04406600
v -0.06591500 -0.02294400 0.04586200
v -0.06531200 -0.02294400 0.04671800
v -0.06468800 -0.02294400 0.04757800
v -0.06357800 -0.02294400 0.04905200
v -0.06243400 -0.02294400 0.05050000
v -0.06125700 -0.02294400 0.05192100
v -0.06059800 -0.02294400 0.05268900
v -0.05992300 -0.02294400 0.05345500
v -0.05845800 -0.02294400 0.05505300
v -0.05695000 -0.02294400 0.05661200
v -0.05619800 -0.02294400 0.05735800
v -0.05544300 -0.02294400 0.05808800
v -0.05409400 -0.02294400 0.05934700
v -0.05271600 -0.02294400 0.06057400
v -0.05131100 -0.02294400 0.06176900
v -0.05052200 -0.02294400 0.06241600
v -0.04973100 -0.02294400 0.06304800
v -0.04801000 -0.02294400 0.06436800
v -0.04625400 -0.02294400 0.06564100
v -0.04538500 -0.02294400 0.06624500
v -0.04451400 -0.02294400 0.06683300
v -0.04296700 -0.02294400 0.06783800
v -0.04139700 -0.02294400 0.06880800
v -0.03980500 -0.02294400 0.06974100
v -0.03891600 -0.02294400 0.07024000
v -0.03802700 -0.02294400 0.07072600
v -0.03610300 -0.02294400 0.07172700
v -0.03415300 -0.02294400 0.07267600
v -0.03319200 -0.02294400 0.07312000
v -0.03223300 -0.02294400 0.07354800
v -0.03053400 -0.02294400 0.07426900
v -0.02882000 -0.02294400 0.07495100
v -0.02709000 -0.02294400 0.07559300
v -0.02612800 -0.02294400 0.07593100
v -0.02516800 -0.02294400 0.07625500
v -0.02309900 -0.02294400 0.07690700
v -0.02101400 -0.02294400 0.07750200
v -0.01999000 -0.02294400 0.07777300
v -0.01897100 -0.02294400 0.07802700
v -0.01717400 -0.02294400 0.07844300
v -0.01536700 -0.02294400 0.07881700
v -0.01355200 -0.02294400 0.07914900
v -0.01255300 -0.02294400 0.07931300
v -0.01154400 -0.02294400 0.07946700
v -0.00939400 -0.02294400 0.07974900
v -0.00723700 -0.02294400 0.07997400
v -0.00619300 -0.02294400 0.08006200
v -0.00513400 -0.02294400 0.08013600
v -0.00329100 -0.02294400 0.08023300
v -0.00144700 -0.02294400 0.08028800
v 0.00039800 -0.02294400 0.08030000
v 0.00141800 -0.02294400 0.08028800
v 0.00243100 -0.02294400 0.08026400
v 0.00459700 -0.02294400 0.08016900
v 0.00676000 -0.02294400 0.08001600
v 0.00781500 -0.02294400 0.07992000
v 0.00886000 -0.02294400 0.07981000
v 0.01069100 -0.02294400 0.07958600
v 0.01251700 -0.02294400 0.07931900
v 0.01433600 -0.02294400 0.07901100
v 0.01533800 -0.02294400 0.07882200
v 0.01633100 -0.02294400 0.07862200
v 0.01844900 -0.02294400 0.07815300
v 0.02055200 -0.02294400 0.07762600
v 0.02157400 -0.02294400 0.07734800
v 0.02258400 -0.02294400 0.07706000
v 0.02434900 -0.02294400 0.07652000
v 0.02610000 -0.02294400 0.07594100
v 0.02783800 -0.02294400 0.07532100
v 0.02878500 -0.02294400 0.07496400
v 0.02973600 -0.02294400 0.07459200
v 0.03173900 -0.02294400 0.07376200
v 0.03372000 -0.02294400 0.07287800
v 0.03467800 -0.02294400 0.07242700
v 0.03562200 -0.02294400 0.07196700
v 0.03726600 -0.02294400 0.07113000
v 0.03889100 -0.02294400 0.07025500
v 0.04049500 -0.02294400 0.06934300
v 0.04137200 -0.02294400 0.06882300
v 0.04223700 -0.02294400 0.06829500
v 0.04406600 -0.02294400 0.06713000
v 0.04586200 -0.02294400 0.06591500
v 0.04672800 -0.02294400 0.06530500
v 0.04757800 -0.02294400 0.06468800
v 0.04905200 -0.02294400 0.06357800
v 0.05050000 -0.02294400 0.06243400
v 0.05192100 -0.02294400 0.06125700
v 0.05269400 -0.02294400 0.06059300
v 0.05345500 -0.02294400 0.05992300
v 0.05505300 -0.02294400 0.05845800
v 0.05661200 -0.02294400 0.05695000
v 0.05735000 -0.02294400 0.05620700
v 0.05808800 -0.02294400 0.05544300
v 0.05934700 -0.02294400 0.05409400
v 0.06057400 -0.02294400 0.05271600
v 0.06176900 -0.02294400 0.05131100
v 0.06241100 -0.02294400 0.05052800
v 0.06304800 -0.02294400 0.04973100
v 0.06436800 -0.02294400 0.04801000
v 0.06564100 -0.02294400 0.04625400
v 0.06623900 -0.02294400 0.04539400
v 0.06683300 -0.02294400 0.04451400
v 0.06783800 -0.02294400 0.04296700
v 0.06880800 -0.02294400 0.04139700
v 0.06974100 -0.02294400 0.03980500
v 0.07024000 -0.02294400 0.03891600
v 0.07072600 -0.02294400 0.03802700
v 0.07172700 -0.02294400 0.03610300
v 0.07267600 -0.02294400 0.03415300
v 0.07312000 -0.02294400 0.03319200
v 0.07354800 -0.02294400 0.03223300
v 0.07426900 -0.02294400 0.03053400
v 0.07495100 -0.02294400 0.02882000
v 0.07559300 -0.02294400 0.02709000
v 0.07593100 -0.02294400 0.02612800
v 0.07625500 -0.02294400 0.02516800
v 0.07690700 -0.02294400 0.02309900
v 0.07750200 -0.02294400 0.02101400
v 0.07777000 -0.02294400 0.02000200
v 0.07802800 -0.02294400 0.01897100
v 0.07844300 -0.02294400 0.01717400
v 0.07881700 -0.02294400 0.01536700
v 0.07914900 -0.02294400 0.01355200
v 0.07931500 -0.02294400 0.01254600
v 0.07946700 -0.02294400 0.01154400
v 0.07974900 -0.02294400 0.00939400
v 0.07997400 -0.02294400 0.00723700
v 0.08006200 -0.02294400 0.00619300
v 0.08013600 -0.02294400 0.00513400
v 0.08023300 -0.02294400 0.00329100
v 0.08028800 -0.02294400 0.00144700
v 0.08030000 -0.02294400 -0.00039800
v 0.08028800 -0.02294400 -0.00141800
v 0.08026400 -0.02294400 -0.00243100
v 0.08016900 -0.02294400 -0.00459700
v 0.08001600 -0.02294400 -0.00676000
v 0.07992100 -0.02294400 -0.00780400
v 0.07981000 -0.02294400 -0.00886000
v 0.07958600 -0.02294400 -0.01069100
v 0.07931900 -0.02294400 -0.01251700
v 0.07901100 -0.02294400 -0.01433600
v 0.07882200 -0.02294400 -0.01533800
v 0.07862200 -0.02294400 -0.01633100
v 0.07815300 -0.02294400 -0.01844900
v 0.07762600 -0.02294400 -0.02055200
v 0.07734800 -0.02294400 -0.02157400
v 0.07706000 -0.02294400 -0.02258400
v 0.07652000 -0.02294400 -0.02434900
v 0.07594100 -0.02294400 -0.02610000
v 0.07532100 -0.02294400 -0.02783800
v 0.07496100 -0.02294400 -0.02879200
v 0.07459200 -0.02294400 -0.02973600
v 0.07376200 -0.02294400 -0.03173900
v 0.07287800 -0.02294400 -0.03372000
v 0.07242700 -0.02294400 -0.03467800
v 0.07196700 -0.02294400 -0.03562200
v 0.07113000 -0.02294400 -0.03726600
v 0.07025500 -0.02294400 -0.03889100
v 0.06934300 -0.02294400 -0.04049500
v 0.06882300 -0.02294400 -0.04137200
v 0.06829500 -0.02294400 -0.04223700
v 0.06713000 -0.02294400 -0.04406600
v 0.06591500 -0.02294400 -0.04586200
v 0.06530500 -0.02294400 -0.04672800
v 0.06468800 -0.02294400 -0.04757800
v 0.06357800 -0.02294400 -0.04905200
v 0.06243400 -0.02294400 -0.05049900
v 0.06125700 -0.02294400 -0.05192100
v 0.06059300 -0.02294400 -0.05269400
v 0.05992300 -0.02294400 -0.05345500
v 0.05845800 -0.02294400 -0.05505300
v 0.05695000 -0.02294400 -0.05661200
v 0.05619900 -0.02294400 -0.05735800
v 0.05544300 -0.02294400 -0.05808800
v 0.05409400 -0.02294400 -0.05934700
v 0.05271600 -0.02294400 -0.06057400
v 0.05131100 -0.02294400 -0.06176900
v 0.05052200 -0.02294400 -0.06241500
v 0.04973100 -0.02294400 -0.06304800
v 0.04801000 -0.02294400 -0.06436800
v 0.04625400 -0.02294400 -0.06564100
v 0.04538500 -0.02294400 -0.06624500
v 0.04451400 -0.02294400 -0.06683300
v 0.04296700 -0.02294400 -0.06783800
v 0.04139700 -0.02294400 -0.06880800
v 0.03980500 -0.02294400 -0.06974100
v 0.03891600 -0.02294400 -0.07024000
v 0.03802700 -0.02294400 -0.07072600
v 0.03610300 -0.02294400 -0.07172700
v 0.03415300 -0.02294400 -0.07267600
v 0.03320200 -0.02294400 -0.07311500
v 0.03223300 -0.02294400 -0.07354800
v 0.03053400 -0.02294400 -0.07426900
v 0.02882000 -0.02294400 -0.07495100
v 0.02709000 -0.02294400 -0.07559300
v 0.02612800 -0.02294400 -0.07593100
v 0.02516800 -0.02294400 -0.07625500
v 0.02309900 -0.02294400 -0.07690700
v 0.02101400 -0.02294400 -0.07750200
v 0.01999000 -0.02294400 -0.07777300
v 0.01897100 -0.02294400 -0.07802700
v 0.01717400 -0.02294400 -0.07844300
v 0.01536700 -0.02294400 -0.07881700
v 0.01355200 -0.02294400 -0.07914900
v 0.01255300 -0.02294400 -0.07931300
v 0.01154400 -0.02294400 -0.07946700
v 0.00939400 -0.02294400 -0.07974900
v 0.00723700 -0.02294400 -0.07997400
v 0.00619300 -0.02294400 -0.08006200
v 0.00513400 -0.02294400 -0.08013600
v 0.00342400 -0.02294400 -0.08022800
v 0.00171200 -0.02294400 -0.08028200
v -0.00000000 -0.02294400 -0.08030100
v -0.00000000 -0.01982800 -0.08285000
v -0.03132700 -0.01982800 -0.07669900
v -0.01638300 -0.01648400 -0.08343700
v -0.01596300 -0.01982800 -0.08129800
v -0.00000000 -0.02141900 -0.08162000
v -0.01572600 -0.02141900 -0.08009000
v -0.00801900 -0.01982800 -0.08246100
v -0.00790000 -0.02141900 -0.08123600
v 0.03266600 -0.01982800 -0.07613900
v -0.00000000 -0.01982800 -0.08285000
v 0.01711300 -0.01648400 -0.08329100
v 0.01667400 -0.01982800 -0.08115500
v -0.00000000 -0.02219000 -0.08097100
v -0.00783700 -0.02219000 -0.08059100
v -0.00395500 -0.02141900 -0.08152400
v -0.00392300 -0.02219000 -0.08087600
v 0.01642600 -0.02141900 -0.07995000
v -0.00000000 -0.02141900 -0.08162000
v 0.00838000 -0.01982800 -0.08242500
v 0.00825600 -0.02141900 -0.08120100
v -0.00000000 -0.02256900 -0.08063800
v -0.00390700 -0.02256900 -0.08054400
v -0.00196200 -0.02219000 -0.08094700
v -0.00195400 -0.02256900 -0.08061500
v 0.00819000 -0.02219000 -0.08055600
v -0.00000000 -0.02219000 -0.08097100
v 0.00413300 -0.02141900 -0.08151500
v 0.00410000 -0.02219000 -0.08086700
v -0.00000000 -0.02275700 -0.08047000
v -0.00195000 -0.02275700 -0.08044700
v -0.00097700 -0.02256900 -0.08063200
v -0.00097500 -0.02275700 -0.08046400
v 0.00408300 -0.02256900 -0.08053500
v -0.00000000 -0.02256900 -0.08063800
v 0.00205100 -0.02219000 -0.08094500
v 0.00204200 -0.02256900 -0.08061300
v -0.01560100 -0.02219000 -0.07945400
v -0.01182700 -0.02141900 -0.08075800
v -0.01173300 -0.02219000 -0.08011600
v -0.03086200 -0.02141900 -0.07556000
v -0.02375600 -0.01982800 -0.07937100
v -0.02340400 -0.02141900 -0.07819200
v -0.05800300 -0.01982800 -0.05916000
v -0.04671500 -0.01648400 -0.07104800
v -0.04551800 -0.01982800 -0.06922700
v -0.02321800 -0.02219000 -0.07757100
v -0.01958800 -0.02141900 -0.07923400
v -0.01943200 -0.02219000 -0.07860500
v -0.03061600 -0.02219000 -0.07495900
v -0.02716500 -0.02141900 -0.07696600
v -0.02694900 -0.02219000 -0.07635500
v -0.04484200 -0.02141900 -0.06819800
v -0.03860400 -0.01982800 -0.07330700
v -0.03803000 -0.02141900 -0.07221800
v -0.03772800 -0.02219000 -0.07164400
v -0.03448700 -0.02141900 -0.07397600
v -0.03421200 -0.02219000 -0.07338800
v -0.04448500 -0.02219000 -0.06765600
v -0.04148500 -0.02141900 -0.07029100
v -0.04115500 -0.02219000 -0.06973200
v -0.05714100 -0.02141900 -0.05828100
v -0.05200400 -0.01982800 -0.06449600
v -0.05123200 -0.02141900 -0.06353800
v -0.07613900 -0.01982800 -0.03266600
v -0.07016500 -0.01648400 -0.04803100
v -0.06836600 -0.01982800 -0.04680000
v -0.05082500 -0.02219000 -0.06303300
v -0.04809300 -0.02141900 -0.06594500
v -0.04771100 -0.02219000 -0.06542100
v -0.05668700 -0.02219000 -0.05781800
v -0.05425000 -0.02141900 -0.06098100
v -0.05381900 -0.02219000 -0.06049600
v -0.06735100 -0.02141900 -0.04610400
v -0.06348600 -0.01982800 -0.05323200
v -0.06254300 -0.02141900 -0.05244200
v -0.06204600 -0.02219000 -0.05202500
v -0.05991300 -0.02141900 -0.05542700
v -0.05943700 -0.02219000 -0.05498700
v -0.06681500 -0.02219000 -0.04573800
v -0.06502400 -0.02141900 -0.04933200
v -0.06450700 -0.02219000 -0.04894000
v -0.07500800 -0.02141900 -0.03218100
v -0.07259700 -0.01982800 -0.03992200
v -0.07151900 -0.02141900 -0.03932900
v -0.08285000 -0.01982800 0.00000000
v -0.08329100 -0.01648400 -0.01711300
v -0.08115500 -0.01982800 -0.01667400
v -0.07095000 -0.02219000 -0.03901700
v -0.06951700 -0.02141900 -0.04276800
v -0.06896500 -0.02219000 -0.04242800
v -0.07441200 -0.02219000 -0.03192500
v -0.07335000 -0.02141900 -0.03579700
v -0.07276700 -0.02219000 -0.03551300
v -0.07995000 -0.02141900 -0.01642600
v -0.07905200 -0.01982800 -0.02479700
v -0.07787800 -0.02141900 -0.02442900
v -0.07725900 -0.02219000 -0.02423500
v -0.07654100 -0.02141900 -0.02834100
v -0.07593300 -0.02219000 -0.02811600
v -0.07931400 -0.02219000 -0.01629600
v -0.07901500 -0.02141900 -0.02045400
v -0.07838700 -0.02219000 -0.02029100
v -0.08162000 -0.02141900 0.00000000
v -0.08242500 -0.01982800 -0.00838000
v -0.08120100 -0.02141900 -0.00825600
v -0.07669900 -0.01982800 0.03132700
v -0.08343700 -0.01648400 0.01638300
v -0.08129800 -0.01982800 0.01596300
v -0.08055600 -0.02219000 -0.00819000
v -0.08067900 -0.02141900 -0.01235700
v -0.08003700 -0.02219000 -0.01225900
v -0.08097100 -0.02219000 0.00000000
v -0.08151500 -0.02141900 -0.00413300
v -0.08086700 -0.02219000 -0.00410000
v -0.08009000 -0.02141900 0.01572600
v -0.08246100 -0.01982800 0.00801900
v -0.08123600 -0.02141900 0.00790000
v -0.08059100 -0.02219000 0.00783700
v -0.08152400 -0.02141900 0.00395500
v -0.08087600 -0.02219000 0.00392300
v -0.07945400 -0.02219000 0.01560100
v -0.08075800 -0.02141900 0.01182700
v -0.08011600 -0.02219000 0.01173300
v -0.07556000 -0.02141900 0.03086200
v -0.07937100 -0.01982800 0.02375600
v -0.07819200 -0.02141900 0.02340400
v -0.05916000 -0.01982800 0.05800300
v -0.07104800 -0.01648400 0.04671500
v -0.06922600 -0.01982800 0.04551800
v -0.07757100 -0.02219000 0.02321800
v -0.07923400 -0.02141900 0.01958800
v -0.07860500 -0.02219000 0.01943200
v -0.07495900 -0.02219000 0.03061600
v -0.07696600 -0.02141900 0.02716500
v -0.07635500 -0.02219000 0.02694900
v -0.06819800 -0.02141900 0.04484200
v -0.07330700 -0.01982800 0.03860400
v -0.07221800 -0.02141900 0.03803000
v -0.07164400 -0.02219000 0.03772800
v -0.07397600 -0.02141900 0.03448700
v -0.07338800 -0.02219000 0.03421200
v -0.06765600 -0.02219000 0.04448500
v -0.07029100 -0.02141900 0.04148500
v -0.06973200 -0.02219000 0.04115500
v -0.05828100 -0.02141900 0.05714100
v -0.06449600 -0.01982800 0.05200400
v -0.06353800 -0.02141900 0.05123200
v -0.03266600 -0.01982800 0.07613900
v -0.04803100 -0.01648400 0.07016500
v -0.04680000 -0.01982800 0.06836600
v -0.06303300 -0.02219000 0.05082500
v -0.06594500 -0.02141900 0.04809300
v -0.06542100 -0.02219000 0.04771100
v -0.05781800 -0.02219000 0.05668700
v -0.06098100 -0.02141900 0.05425000
v -0.06049600 -0.02219000 0.05381900
v -0.04610400 -0.02141900 0.06735100
v -0.05323200 -0.01982800 0.06348600
v -0.05244200 -0.02141900 0.06254300
v -0.05202500 -0.02219000 0.06204600
v -0.05542700 -0.02141900 0.05991300
v -0.05498700 -0.02219000 0.05943700
v -0.04573800 -0.02219000 0.06681600
v -0.04933200 -0.02141900 0.06502400
v -0.04894000 -0.02219000 0.06450700
v -0.03218100 -0.02141900 0.07500800
v -0.03992200 -0.01982800 0.07259700
v -0.03932900 -0.02141900 0.07151900
v 0.00000000 -0.01982800 0.08285000
v -0.01711300 -0.01648400 0.08329100
v -0.01667400 -0.01982800 0.08115500
v -0.03901700 -0.02219000 0.07095100
v -0.04276800 -0.02141900 0.06951700
v -0.04242800 -0.02219000 0.06896500
v -0.03192500 -0.02219000 0.07441200
v -0.03579700 -0.02141900 0.07335000
v -0.03551300 -0.02219000 0.07276700
v -0.01642600 -0.02141900 0.07995000
v -0.02479700 -0.01982800 0.07905200
v -0.02442900 -0.02141900 0.07787800
v -0.02423500 -0.02219000 0.07725900
v -0.02834100 -0.02141900 0.07654100
v -0.02811600 -0.02219000 0.07593300
v -0.01629600 -0.02219000 0.07931400
v -0.02045400 -0.02141900 0.07901500
v -0.02029100 -0.02219000 0.07838700
v 0.00000000 -0.02141900 0.08162000
v -0.00838000 -0.01982800 0.08242500
v -0.00825500 -0.02141900 0.08120100
v 0.03132700 -0.01982800 0.07669900
v 0.01638300 -0.01648400 0.08343700
v 0.01596300 -0.01982800 0.08129800
v -0.00819000 -0.02219000 0.08055600
v -0.01235700 -0.02141900 0.08067900
v -0.01225900 -0.02219000 0.08003800
v 0.00000000 -0.02219000 0.08097100
v -0.00413300 -0.02141900 0.08151500
v -0.00410000 -0.02219000 0.08086700
v 0.01572600 -0.02141900 0.08009000
v 0.00801900 -0.01982800 0.08246100
v 0.00790000 -0.02141900 0.08123600
v 0.00783700 -0.02219000 0.08059100
v 0.00395500 -0.02141900 0.08152400
v 0.00392300 -0.02219000 0.08087600
v 0.01560100 -0.02219000 0.07945400
v 0.01182700 -0.02141900 0.08075800
v 0.01173300 -0.02219000 0.08011600
v 0.03086200 -0.02141900 0.07556000
v 0.02375600 -0.01982800 0.07937100
v 0.02340400 -0.02141900 0.07819200
v 0.05800300 -0.01982800 0.05916000
v 0.04671500 -0.01648400 0.07104800
v 0.04551800 -0.01982800 0.06922700
v 0.02321800 -0.02219000 0.07757100
v 0.01958800 -0.02141900 0.07923400
v 0.01943200 -0.02219000 0.07860500
v 0.03061700 -0.02219000 0.07495900
v 0.02716500 -0.02141900 0.07696600
v 0.02694900 -0.02219000 0.07635500
v 0.04484200 -0.02141900 0.06819800
v 0.03860400 -0.01982800 0.07330700
v 0.03803000 -0.02141900 0.07221800
v 0.03772800 -0.02219000 0.07164400
v 0.03448700 -0.02141900 0.07397600
v 0.03421200 -0.02219000 0.07338800
v 0.04448500 -0.02219000 0.06765600
v 0.04148500 -0.02141900 0.07029100
v 0.04115500 -0.02219000 0.06973200
v 0.05714100 -0.02141900 0.05828100
v 0.05200400 -0.01982800 0.06449600
v 0.05123200 -0.02141900 0.06353800
v 0.07613900 -0.01982800 0.03266600
v 0.07016500 -0.01648400 0.04803100
v 0.06836600 -0.01982800 0.04680000
v 0.05082500 -0.02219000 0.06303300
v 0.04809300 -0.02141900 0.06594500
v 0.04771100 -0.02219000 0.06542100
v 0.05668700 -0.02219000 0.05781800
v 0.05425000 -0.02141900 0.06098100
v 0.05381900 -0.02219000 0.06049600
v 0.06735100 -0.02141900 0.04610400
v 0.06348600 -0.01982800 0.05323200
v 0.06254300 -0.02141900 0.05244200
v 0.06204600 -0.02219000 0.05202500
v 0.05991300 -0.02141900 0.05542700
v 0.05943700 -0.02219000 0.05498700
v 0.06681600 -0.02219000 0.04573800
v 0.06502400 -0.02141900 0.04933200
v 0.06450700 -0.02219000 0.04894000
v 0.07500800 -0.02141900 0.03218100
v 0.07259700 -0.01982800 0.03992200
v 0.07151900 -0.02141900 0.03932900
v 0.08285000 -0.01982800 -0.00000000
v 0.08329100 -0.01648400 0.01711300
v 0.08115500 -0.01982800 0.01667400
v 0.07095100 -0.02219000 0.03901700
v 0.06951700 -0.02141900 0.04276800
v 0.06896500 -0.02219000 0.04242800
v 0.07441200 -0.02219000 0.03192500
v 0.07335100 -0.02141900 0.03579700
v 0.07276700 -0.02219000 0.03551300
v 0.07995000 -0.02141900 0.01642600
v 0.07905200 -0.01982800 0.02479700
v 0.07787800 -0.02141900 0.02442900
v 0.07725900 -0.02219000 0.02423500
v 0.07654100 -0.02141900 0.02834100
v 0.07593300 -0.02219000 0.02811600
v 0.07931400 -0.02219000 0.01629600
v 0.07901500 -0.02141900 0.02045400
v 0.07838700 -0.02219000 0.02029100
v 0.08162000 -0.02141900 -0.00000000
v 0.08242500 -0.01982800 0.00838000
v 0.08120100 -0.02141900 0.00825600
v 0.07669900 -0.01982800 -0.03132700
v 0.08343700 -0.01648400 -0.01638300
v 0.08129800 -0.01982800 -0.01596300
v 0.08055600 -0.02219000 0.00819000
v 0.08067900 -0.02141900 0.01235700
v 0.08003800 -0.02219000 0.01225900
v 0.08097100 -0.02219000 -0.00000000
v 0.08151500 -0.02141900 0.00413300
v 0.08086700 -0.02219000 0.00410000
v 0.08009000 -0.02141900 -0.01572600
v 0.08246100 -0.01982800 -0.00801900
v 0.08123600 -0.02141900 -0.00790000
v 0.08059100 -0.02219000 -0.00783700
v 0.08152400 -0.02141900 -0.00395500
v 0.08087600 -0.02219000 -0.00392300
v 0.07945400 -0.02219000 -0.01560100
v 0.08075800 -0.02141900 -0.01182700
v 0.08011600 -0.02219000 -0.01173300
v 0.07556000 -0.02141900 -0.03086200
v 0.07937100 -0.01982800 -0.02375600
v 0.07819200 -0.02141900 -0.02340400
v 0.05916000 -0.01982800 -0.05800300
v 0.07104800 -0.01648400 -0.04671500
v 0.06922700 -0.01982800 -0.04551800
v 0.07757100 -0.02219000 -0.02321800
v 0.07923400 -0.02141900 -0.01958800
v 0.07860500 -0.02219000 -0.01943200
v 0.07495900 -0.02219000 -0.03061600
v 0.07696600 -0.02141900 -0.02716500
v 0.07635500 -0.02219000 -0.02694900
v 0.06819800 -0.02141900 -0.04484200
v 0.07330700 -0.01982800 -0.03860400
v 0.07221800 -0.02141900 -0.03803000
v 0.07164400 -0.02219000 -0.03772800
v 0.07397600 -0.02141900 -0.03448700
v 0.07338800 -0.02219000 -0.03421200
v 0.06765600 -0.02219000 -0.04448500
v 0.07029100 -0.02141900 -0.04148500
v 0.06973200 -0.02219000 -0.04115500
v 0.05828100 -0.02141900 -0.05714100
v 0.06449600 -0.01982800 -0.05200400
v 0.06353800 -0.02141900 -0.05123200
v 0.04803100 -0.01648400 -0.07016500
v 0.04680000 -0.01982800 -0.06836600
v 0.06303300 -0.02219000 -0.05082500
v 0.06594500 -0.02141900 -0.04809300
v 0.06542100 -0.02219000 -0.04771100
v 0.05781800 -0.02219000 -0.05668700
v 0.06098100 -0.02141900 -0.05425000
v 0.06049600 -0.02219000 -0.05381900
v 0.04610400 -0.02141900 -0.06735100
v 0.05323200 -0.01982800 -0.06348600
v 0.05244200 -0.02141900 -0.06254300
v 0.05202500 -0.02219000 -0.06204600
v 0.05542700 -0.02141900 -0.05991300
v 0.05498700 -0.02219000 -0.05943700
v 0.04573800 -0.02219000 -0.06681500
v 0.04933200 -0.02141900 -0.06502400
v 0.04894000 -0.02219000 -0.06450700
v 0.03218100 -0.02141900 -0.07500800
v 0.03992200 -0.01982800 -0.07259700
v 0.03932900 -0.02141900 -0.07151900
v 0.03901700 -0.02219000 -0.07095000
v 0.04276800 -0.02141900 -0.06951700
v 0.04242800 -0.02219000 -0.06896500
v 0.03192500 -0.02219000 -0.07441200
v 0.03579700 -0.02141900 -0.07335000
v 0.03551300 -0.02219000 -0.07276700
v 0.02479700 -0.01982800 -0.07905200
v 0.02442900 -0.02141900 -0.07787800
v 0.02423500 -0.02219000 -0.07725900
v 0.02834100 -0.02141900 -0.07654100
v 0.02811600 -0.02219000 -0.07593300
v 0.01629600 -0.02219000 -0.07931400
v 0.02045400 -0.02141900 -0.07901500
v 0.02029100 -0.02219000 -0.07838700
v 0.01235700 -0.02141900 -0.08067900
v 0.01225900 -0.02219000 -0.08003800
v -0.00000000 0.02705600 -0.08030100
v 0.00082000 0.02705600 -0.08029700
v 0.00187000 0.02705600 -0.08027900
v 0.00371400 0.02705600 -0.08021500
v 0.00555600 0.02705600 -0.08010800
v 0.00739500 0.02705600 -0.07995900
v 0.00840200 0.02705600 -0.07986000
v 0.00941700 0.02705600 -0.07974700
v 0.01156700 0.02705600 -0.07946300
v 0.01370800 0.02705600 -0.07912200
v 0.01475100 0.02705600 -0.07893400
v 0.01578200 0.02705600 -0.07873500
v 0.01758700 0.02705600 -0.07835100
v 0.01938200 0.02705600 -0.07792600
v 0.02116800 0.02705600 -0.07746100
v 0.02214900 0.02705600 -0.07718600
v 0.02312200 0.02705600 -0.07690000
v 0.02519000 0.02705600 -0.07624700
v 0.02724000 0.02705600 -0.07553900
v 0.02822300 0.02705600 -0.07517800
v 0.02921400 0.02705600 -0.07479800
v 0.03092500 0.02705600 -0.07410700
v 0.03262000 0.02705600 -0.07337700
v 0.03429700 0.02705600 -0.07260800
v 0.03520900 0.02705600 -0.07217000
v 0.03612400 0.02705600 -0.07171700
v 0.03804700 0.02705600 -0.07071500
v 0.03994300 0.02705600 -0.06966200
v 0.04085800 0.02705600 -0.06912900
v 0.04175900 0.02705600 -0.06858900
v 0.04332400 0.02705600 -0.06761100
v 0.04486600 0.02705600 -0.06659800
v 0.04638400 0.02705600 -0.06554900
v 0.04721300 0.02705600 -0.06495500
v 0.04802900 0.02705600 -0.06435400
v 0.04974900 0.02705600 -0.06303400
v 0.05143300 0.02705600 -0.06166700
v 0.05223300 0.02705600 -0.06099100
v 0.05303500 0.02705600 -0.06029500
v 0.05440600 0.02705600 -0.05906100
v 0.05574900 0.02705600 -0.05779500
v 0.05706200 0.02705600 -0.05649900
v 0.05777000 0.02705600 -0.05577500
v 0.05847400 0.02705600 -0.05503600
v 0.05993900 0.02705600 -0.05343700
v 0.06136000 0.02705600 -0.05179900
v 0.06203000 0.02705600 -0.05099400
v 0.06269900 0.02705600 -0.05017000
v 0.06383500 0.02705600 -0.04871600
v 0.06493800 0.02705600 -0.04723600
v 0.06600600 0.02705600 -0.04573200
v 0.06658100 0.02705600 -0.04489000
v 0.06714300 0.02705600 -0.04404600
v 0.06830700 0.02705600 -0.04221700
v 0.06942300 0.02705600 -0.04035700
v 0.06994300 0.02705600 -0.03944800
v 0.07045900 0.02705600 -0.03852000
v 0.07132500 0.02705600 -0.03689100
v 0.07215400 0.02705600 -0.03524200
v 0.07294500 0.02705600 -0.03357500
v 0.07336200 0.02705600 -0.03265300
v 0.07377100 0.02705600 -0.03171800
v 0.07460100 0.02705600 -0.02971400
v 0.07537600 0.02705600 -0.02768900
v 0.07573100 0.02705600 -0.02670400
v 0.07607700 0.02705600 -0.02570000
v 0.07664800 0.02705600 -0.02394500
v 0.07717700 0.02705600 -0.02217800
v 0.07766700 0.02705600 -0.02039900
v 0.07791800 0.02705600 -0.01941800
v 0.07815800 0.02705600 -0.01842600
v 0.07862700 0.02705600 -0.01630900
v 0.07903900 0.02705600 -0.01418000
v 0.07921700 0.02705600 -0.01314700
v 0.07938400 0.02705600 -0.01209900
v 0.07964100 0.02705600 -0.01027200
v 0.07985600 0.02705600 -0.00843900
v 0.08002900 0.02705600 -0.00660200
v 0.08010600 0.02705600 -0.00559300
v 0.08017000 0.02705600 -0.00457400
v 0.08026500 0.02705600 -0.00240800
v 0.08030000 0.02705600 -0.00023900
v 0.08029700 0.02705600 0.00082000
v 0.08027900 0.02705600 0.00187000
v 0.08021500 0.02705600 0.00371400
v 0.08010800 0.02705600 0.00555600
v 0.07995900 0.02705600 0.00739500
v 0.07986000 0.02705600 0.00840200
v 0.07974700 0.02705600 0.00941700
v 0.07946300 0.02705600 0.01156700
v 0.07912200 0.02705600 0.01370800
v 0.07893600 0.02705600 0.01473900
v 0.07873500 0.02705600 0.01578200
v 0.07835100 0.02705600 0.01758700
v 0.07792600 0.02705600 0.01938200
v 0.07746100 0.02705600 0.02116800
v 0.07718800 0.02705600 0.02214200
v 0.07690000 0.02705600 0.02312200
v 0.07624700 0.02705600 0.02519000
v 0.07553900 0.02705600 0.02724000
v 0.07517400 0.02705600 0.02823300
v 0.07479800 0.02705600 0.02921400
v 0.07410700 0.02705600 0.03092500
v 0.07337700 0.02705600 0.03262000
v 0.07260800 0.02705600 0.03429700
v 0.07217000 0.02705600 0.03520900
v 0.07171700 0.02705600 0.03612400
v 0.07071500 0.02705600 0.03804700
v 0.06966200 0.02705600 0.03994300
v 0.06913500 0.02705600 0.04084800
v 0.06858900 0.02705600 0.04175900
v 0.06761100 0.02705600 0.04332400
v 0.06659800 0.02705600 0.04486600
v 0.06554900 0.02705600 0.04638400
v 0.06496000 0.02705600 0.04720700
v 0.06435400 0.02705600 0.04802900
v 0.06303400 0.02705600 0.04974900
v 0.06166700 0.02705600 0.05143300
v 0.06099100 0.02705600 0.05223300
v 0.06029500 0.02705600 0.05303500
v 0.05906100 0.02705600 0.05440600
v 0.05779500 0.02705600 0.05574900
v 0.05649900 0.02705600 0.05706200
v 0.05577500 0.02705600 0.05777000
v 0.05503600 0.02705600 0.05847400
v 0.05343700 0.02705600 0.05993900
v 0.05179900 0.02705600 0.06136000
v 0.05099500 0.02705600 0.06203000
v 0.05017000 0.02705600 0.06269900
v 0.04871600 0.02705600 0.06383500
v 0.04723600 0.02705600 0.06493800
v 0.04573200 0.02705600 0.06600600
v 0.04489600 0.02705600 0.06657700
v 0.04404600 0.02705600 0.06714300
v 0.04221700 0.02705600 0.06830700
v 0.04035700 0.02705600 0.06942300
v 0.03944800 0.02705600 0.06994300
v 0.03852000 0.02705600 0.07045900
v 0.03689100 0.02705600 0.07132500
v 0.03524200 0.02705600 0.07215400
v 0.03357500 0.02705600 0.07294500
v 0.03265300 0.02705600 0.07336200
v 0.03171800 0.02705600 0.07377100
v 0.02971400 0.02705600 0.07460100
v 0.02768900 0.02705600 0.07537600
v 0.02670400 0.02705600 0.07573100
v 0.02570000 0.02705600 0.07607700
v 0.02394500 0.02705600 0.07664800
v 0.02217800 0.02705600 0.07717700
v 0.02039900 0.02705600 0.07766700
v 0.01941100 0.02705600 0.07791900
v 0.01842600 0.02705600 0.07815800
v 0.01630900 0.02705600 0.07862700
v 0.01418000 0.02705600 0.07903900
v 0.01314700 0.02705600 0.07921700
v 0.01209900 0.02705600 0.07938400
v 0.01027200 0.02705600 0.07964100
v 0.00843900 0.02705600 0.07985600
v 0.00660200 0.02705600 0.08002900
v 0.00558500 0.02705600 0.08010600
v 0.00457400 0.02705600 0.08017000
v 0.00240800 0.02705600 0.08026500
v 0.00023900 0.02705600 0.08030000
v -0.00080800 0.02705600 0.08029700
v -0.00187000 0.02705600 0.08027900
v -0.00371400 0.02705600 0.08021500
v -0.00555600 0.02705600 0.08010800
v -0.00739500 0.02705600 0.07995900
v -0.00840200 0.02705600 0.07986000
v -0.00941700 0.02705600 0.07974700
v -0.01156700 0.02705600 0.07946300
v -0.01370800 0.02705600 0.07912200
v -0.01475100 0.02705600 0.07893400
v -0.01578200 0.02705600 0.07873500
v -0.01758700 0.02705600 0.07835100
v -0.01938200 0.02705600 0.07792600
v -0.02116800 0.02705600 0.07746100
v -0.02214200 0.02705600 0.07718800
v -0.02312200 0.02705600 0.07690000
v -0.02519000 0.02705600 0.07624700
v -0.02724000 0.02705600 0.07553900
v -0.02823300 0.02705600 0.07517400
v -0.02921400 0.02705600 0.07479800
v -0.03092500 0.02705600 0.07410700
v -0.03262000 0.02705600 0.07337700
v -0.03429700 0.02705600 0.07260800
v -0.03520900 0.02705600 0.07217000
v -0.03612400 0.02705600 0.07171700
v -0.03804700 0.02705600 0.07071500
v -0.03994300 0.02705600 0.06966200
v -0.04084800 0.02705600 0.06913500
v -0.04175900 0.02705600 0.06858900
v -0.04332400 0.02705600 0.06761100
v -0.04486600 0.02705600 0.06659800
v -0.04638400 0.02705600 0.06554900
v -0.04721300 0.02705600 0.06495500
v -0.04802900 0.02705600 0.06435400
v -0.04974900 0.02705600 0.06303400
v -0.05143300 0.02705600 0.06166700
v -0.05224200 0.02705600 0.06098400
v -0.05303500 0.02705600 0.06029500
v -0.05440600 0.02705600 0.05906100
v -0.05574900 0.02705600 0.05779500
v -0.05706200 0.02705600 0.05649900
v -0.05777000 0.02705600 0.05577500
v -0.05847400 0.02705600 0.05503600
v -0.05993900 0.02705600 0.05343700
v -0.06136000 0.02705600 0.05179900
v -0.06203000 0.02705600 0.05099500
v -0.06269900 0.02705600 0.05017000
v -0.06383500 0.02705600 0.04871600
v -0.06493800 0.02705600 0.04723600
v -0.06600600 0.02705600 0.04573200
v -0.06657700 0.02705600 0.04489600
v -0.06714300 0.02705600 0.04404600
v -0.06830700 0.02705600 0.04221700
v -0.06942300 0.02705600 0.04035700
v -0.06994900 0.02705600 0.03943800
v -0.07045900 0.02705600 0.03852000
v -0.07132500 0.02705600 0.03689100
v -0.07215400 0.02705600 0.03524200
v -0.07294500 0.02705600 0.03357500
v -0.07336200 0.02705600 0.03265300
v -0.07377100 0.02705600 0.03171800
v -0.07460100 0.02705600 0.02971400
v -0.07537600 0.02705600 0.02768900
v -0.07573100 0.02705600 0.02670400
v -0.07607700 0.02705600 0.02570000
v -0.07664700 0.02705600 0.02394500
v -0.07717700 0.02705600 0.02217800
v -0.07766700 0.02705600 0.02039900
v -0.07791800 0.02705600 0.01941800
v -0.07815800 0.02705600 0.01842600
v -0.07862700 0.02705600 0.01630900
v -0.07903900 0.02705600 0.01418000
v -0.07921700 0.02705600 0.01314700
v -0.07938400 0.02705600 0.01209900
v -0.07964100 0.02705600 0.01027200
v -0.07985600 0.02705600 0.00843900
v -0.08002900 0.02705600 0.00660200
v -0.08010600 0.02705600 0.00558500
v -0.08017000 0.02705600 0.00457400
v -0.08026500 0.02705600 0.00240800
v -0.08030000 0.02705600 0.00023900
v -0.08029700 0.02705600 -0.00080800
v -0.08027900 0.02705600 -0.00187000
v -0.08021500 0.02705600 -0.00371400
v -0.08010800 0.02705600 -0.00555600
v -0.07995900 0.02705600 -0.00739500
v -0.07985900 0.02705600 -0.00841000
v -0.07974700 0.02705600 -0.00941700
v -0.07946300 0.02705600 -0.01156700
v -0.07912200 0.02705600 -0.01370800
v -0.07893400 0.02705600 -0.01475100
v -0.07873500 0.02705600 -0.01578200
v -0.07835100 0.02705600 -0.01758700
v -0.07792600 0.02705600 -0.01938200
v -0.07746100 0.02705600 -0.02116800
v -0.07718600 0.02705600 -0.02214900
v -0.07690000 0.02705600 -0.02312200
v -0.07624700 0.02705600 -0.02519000
v -0.07553900 0.02705600 -0.02724000
v -0.07517400 0.02705600 -0.02823300
v -0.07479800 0.02705600 -0.02921400
v -0.07410700 0.02705600 -0.03092500
v -0.07337700 0.02705600 -0.03262000
v -0.07260800 0.02705600 -0.03429700
v -0.07217000 0.02705600 -0.03520900
v -0.07171700 0.02705600 -0.03612400
v -0.07071500 0.02705600 -0.03804700
v -0.06966200 0.02705600 -0.03994300
v -0.06913500 0.02705600 -0.04084800
v -0.06858900 0.02705600 -0.04175900
v -0.06761100 0.02705600 -0.04332400
v -0.06659800 0.02705600 -0.04486600
v -0.06554900 0.02705600 -0.04638400
v -0.06495500 0.02705600 -0.04721300
v -0.06435400 0.02705600 -0.04802900
v -0.06303400 0.02705600 -0.04974900
v -0.06166700 0.02705600 -0.05143300
v -0.06099100 0.02705600 -0.05223300
v -0.06029500 0.02705600 -0.05303500
v -0.05906100 0.02705600 -0.05440600
v -0.05779500 0.02705600 -0.05574900
v -0.05649900 0.02705600 -0.05706200
v -0.05577500 0.02705600 -0.05777000
v -0.05503600 0.02705600 -0.05847400
v -0.05343700 0.02705600 -0.05993900
v -0.05179900 0.02705600 -0.06136000
v -0.05099400 0.02705600 -0.06203000
v -0.05017000 0.02705600 -0.06269900
v -0.04871600 0.02705600 -0.06383500
v -0.04723600 0.02705600 -0.06493800
v -0.04573200 0.02705600 -0.06600600
v -0.04489600 0.02705600 -0.06657700
v -0.04404600 0.02705600 -0.06714300
v -0.04221700 0.02705600 -0.06830700
v -0.04035700 0.02705600 -0.06942300
v -0.03944800 0.02705600 -0.06994300
v -0.03852000 0.02705600 -0.07045900
v -0.03689100 0.02705600 -0.07132500
v -0.03524200 0.02705600 -0.07215400
v -0.03357500 0.02705600 -0.07294500
v -0.03265300 0.02705600 -0.07336200
v -0.03171800 0.02705600 -0.07377100
v -0.02971400 0.02705600 -0.07460100
v -0.02768900 0.02705600 -0.07537600
v -0.02670400 0.02705600 -0.07573100
v -0.02570000 0.02705600 -0.07607700
v -0.02394500 0.02705600 -0.07664700
v -0.02217800 0.02705600 -0.07717700
v -0.02039900 0.02705600 -0.07766700
v -0.01941800 0.02705600 -0.07791800
v -0.01842600 0.02705600 -0.07815800
v -0.01630900 0.02705600 -0.07862700
v -0.01418000 0.02705600 -0.07903900
v -0.01314700 0.02705600 -0.07921700
v -0.01209900 0.02705600 -0.07938400
v -0.01027200 0.02705600 -0.07964100
v -0.00843900 0.02705600 -0.07985600
v -0.00660200 0.02705600 -0.08002900
v -0.00559300 0.02705600 -0.08010600
v -0.00457400 0.02705600 -0.08017000
v -0.00240700 0.02705600 -0.08026500
v -0.00023900 0.02705600 -0.08030000
v -0.00000000 0.02705600 -0.08030100
v 0.03264500 0.02401200 -0.07609100
v 0.01709500 0.02074600 -0.08320500
v -0.00000000 0.02401200 -0.08279900
v 0.01666400 0.02401200 -0.08110400
v 0.01642100 0.02556500 -0.07992200
v 0.00837500 0.02401200 -0.08237400
v -0.00000000 0.02556500 -0.08159200
v 0.00825300 0.02556500 -0.08117300
v -0.00000000 0.02401200 -0.08279900
v -0.01636600 0.02074600 -0.08335200
v -0.03130800 0.02401200 -0.07665100
v -0.01595300 0.02401200 -0.08124700
v 0.00818800 0.02631900 -0.08054100
v 0.00413200 0.02556500 -0.08148700
v -0.00000000 0.02631900 -0.08095600
v 0.00409900 0.02631900 -0.08085300
v -0.00000000 0.02556500 -0.08159200
v -0.00801400 0.02401200 -0.08241000
v -0.01572000 0.02556500 -0.08006300
v -0.00789700 0.02556500 -0.08120900
v 0.00408300 0.02669000 -0.08052800
v 0.00205000 0.02631900 -0.08093000
v -0.00000000 0.02669000 -0.08063100
v 0.00204200 0.02669000 -0.08060500
v -0.00000000 0.02631900 -0.08095600
v -0.00395300 0.02556500 -0.08149600
v -0.00783600 0.02631900 -0.08057600
v -0.00392200 0.02631900 -0.08086100
v 0.01629300 0.02631900 -0.07930000
v 0.01235300 0.02556500 -0.08065100
v 0.01225600 0.02631900 -0.08002300
v 0.03217000 0.02556500 -0.07498200
v 0.02478200 0.02401200 -0.07900300
v 0.02442000 0.02556500 -0.07785100
v 0.05912300 0.02401200 -0.05796600
v 0.04798200 0.02074600 -0.07009400
v 0.04677000 0.02401200 -0.06832400
v 0.02423000 0.02631900 -0.07724500
v 0.02044700 0.02556500 -0.07898800
v 0.02028800 0.02631900 -0.07837300
v 0.03191900 0.02631900 -0.07439800
v 0.02833100 0.02556500 -0.07651500
v 0.02811100 0.02631900 -0.07591900
v 0.04608900 0.02556500 -0.06732800
v 0.03989700 0.02401200 -0.07255200
v 0.03931600 0.02556500 -0.07149500
v 0.03901000 0.02631900 -0.07093800
v 0.03578500 0.02556500 -0.07332500
v 0.03550700 0.02631900 -0.07275500
v 0.04573000 0.02631900 -0.06680400
v 0.04275300 0.02556500 -0.06949400
v 0.04242000 0.02631900 -0.06895300
v 0.05826100 0.02556500 -0.05712200
v 0.05319900 0.02401200 -0.06344600
v 0.05242400 0.02556500 -0.06252200
v 0.07665100 0.02401200 -0.03130800
v 0.07097500 0.02074600 -0.04666800
v 0.06918300 0.02401200 -0.04548900
v 0.05201600 0.02631900 -0.06203500
v 0.04931500 0.02556500 -0.06500200
v 0.04893100 0.02631900 -0.06449600
v 0.05780700 0.02631900 -0.05667700
v 0.05540800 0.02556500 -0.05989300
v 0.05497700 0.02631900 -0.05942600
v 0.06817500 0.02556500 -0.04482600
v 0.06445600 0.02401200 -0.05197200
v 0.06351600 0.02556500 -0.05121400
v 0.06302200 0.02631900 -0.05081600
v 0.06096000 0.02556500 -0.05423200
v 0.06048600 0.02631900 -0.05380900
v 0.06764400 0.02631900 -0.04447700
v 0.06592300 0.02556500 -0.04807700
v 0.06541000 0.02631900 -0.04770200
v 0.07553400 0.02556500 -0.03085100
v 0.07326100 0.02401200 -0.03858000
v 0.07219400 0.02556500 -0.03801700
v 0.08279900 0.02401200 -0.00000000
v 0.08335200 0.02074600 -0.01636600
v 0.08124700 0.02401200 -0.01595300
v 0.07163100 0.02631900 -0.03772100
v 0.07026700 0.02556500 -0.04147000
v 0.06972000 0.02631900 -0.04114800
v 0.07494600 0.02631900 -0.03061100
v 0.07395100 0.02556500 -0.03447500
v 0.07337500 0.02631900 -0.03420600
v 0.08006300 0.02556500 -0.01572000
v 0.07932200 0.02401200 -0.02374200
v 0.07816600 0.02556500 -0.02339600
v 0.07755700 0.02631900 -0.02321300
v 0.07694000 0.02556500 -0.02715500
v 0.07634100 0.02631900 -0.02694400
v 0.07944000 0.02631900 -0.01559800
v 0.07920700 0.02556500 -0.01958100
v 0.07859100 0.02631900 -0.01942800
v 0.08159200 0.02556500 -0.00000000
v 0.08241000 0.02401200 -0.00801400
v 0.08120900 0.02556500 -0.00789700
v 0.07609100 0.02401200 0.03264500
v 0.08320500 0.02074600 0.01709500
v 0.08110400 0.02401200 0.01666400
v 0.08057600 0.02631900 -0.00783600
v 0.08073100 0.02556500 -0.01182300
v 0.08010200 0.02631900 -0.01173100
v 0.08095600 0.02631900 -0.00000000
v 0.08149600 0.02556500 -0.00395300
v 0.08086100 0.02631900 -0.00392200
v 0.07992200 0.02556500 0.01642100
v 0.08237400 0.02401200 0.00837500
v 0.08117300 0.02556500 0.00825300
v 0.08054100 0.02631900 0.00818800
v 0.08148700 0.02556500 0.00413200
v 0.08085300 0.02631900 0.00409900
v 0.07930000 0.02631900 0.01629300
v 0.08065100 0.02556500 0.01235300
v 0.08002300 0.02631900 0.01225600
v 0.07498200 0.02556500 0.03217000
v 0.07900300 0.02401200 0.02478200
v 0.07785200 0.02556500 0.02442000
v 0.05796600 0.02401200 0.05912300
v 0.07009400 0.02074600 0.04798200
v 0.06832400 0.02401200 0.04677000
v 0.07724500 0.02631900 0.02423000
v 0.07898800 0.02556500 0.02044700
v 0.07837300 0.02631900 0.02028800
v 0.07439800 0.02631900 0.03191900
v 0.07651500 0.02556500 0.02833100
v 0.07591900 0.02631900 0.02811100
v 0.06732800 0.02556500 0.04608900
v 0.07255200 0.02401200 0.03989700
v 0.07149500 0.02556500 0.03931600
v 0.07093800 0.02631900 0.03901000
v 0.07332600 0.02556500 0.03578500
v 0.07275500 0.02631900 0.03550700
v 0.06680400 0.02631900 0.04573000
v 0.06949400 0.02556500 0.04275300
v 0.06895300 0.02631900 0.04242000
v 0.05712200 0.02556500 0.05826100
v 0.06344600 0.02401200 0.05319900
v 0.06252200 0.02556500 0.05242400
v 0.03130800 0.02401200 0.07665100
v 0.04666800 0.02074600 0.07097500
v 0.04548900 0.02401200 0.06918300
v 0.06203500 0.02631900 0.05201600
v 0.06500200 0.02556500 0.04931500
v 0.06449600 0.02631900 0.04893100
v 0.05667700 0.02631900 0.05780700
v 0.05989300 0.02556500 0.05540800
v 0.05942600 0.02631900 0.05497700
v 0.04482600 0.02556500 0.06817500
v 0.05197200 0.02401200 0.06445600
v 0.05121400 0.02556500 0.06351600
v 0.05081600 0.02631900 0.06302200
v 0.05423200 0.02556500 0.06096000
v 0.05380900 0.02631900 0.06048500
v 0.04447700 0.02631900 0.06764400
v 0.04807700 0.02556500 0.06592300
v 0.04770200 0.02631900 0.06541000
v 0.03085100 0.02556500 0.07553400
v 0.03858000 0.02401200 0.07326100
v 0.03801700 0.02556500 0.07219300
v 0.00000000 0.02401200 0.08279900
v 0.01636600 0.02074600 0.08335200
v 0.01595300 0.02401200 0.08124700
v 0.03772100 0.02631900 0.07163100
v 0.04147100 0.02556500 0.07026700
v 0.04114800 0.02631900 0.06972000
v 0.03061100 0.02631900 0.07494600
v 0.03447500 0.02556500 0.07395100
v 0.03420600 0.02631900 0.07337500
v 0.01572000 0.02556500 0.08006300
v 0.02374200 0.02401200 0.07932200
v 0.02339600 0.02556500 0.07816600
v 0.02321300 0.02631900 0.07755700
v 0.02715500 0.02556500 0.07694000
v 0.02694400 0.02631900 0.07634100
v 0.01559800 0.02631900 0.07944000
v 0.01958100 0.02556500 0.07920700
v 0.01942800 0.02631900 0.07859100
v 0.00000000 0.02556500 0.08159200
v 0.00801400 0.02401200 0.08241000
v 0.00789700 0.02556500 0.08120900
v -0.03264500 0.02401200 0.07609100
v -0.01709500 0.02074600 0.08320500
v -0.01666400 0.02401200 0.08110400
v 0.00783600 0.02631900 0.08057600
v 0.01182300 0.02556500 0.08073100
v 0.01173100 0.02631900 0.08010200
v 0.00000000 0.02631900 0.08095600
v 0.00395300 0.02556500 0.08149600
v 0.00392200 0.02631900 0.08086100
v -0.01642100 0.02556500 0.07992200
v -0.00837500 0.02401200 0.08237400
v -0.00825300 0.02556500 0.08117300
v -0.00818800 0.02631900 0.08054100
v -0.00413200 0.02556500 0.08148700
v -0.00409900 0.02631900 0.08085300
v -0.01629300 0.02631900 0.07930000
v -0.01235300 0.02556500 0.08065100
v -0.01225600 0.02631900 0.08002300
v -0.03217000 0.02556500 0.07498200
v -0.02478200 0.02401200 0.07900300
v -0.02442000 0.02556500 0.07785200
v -0.05912300 0.02401200 0.05796600
v -0.04798200 0.02074600 0.07009400
v -0.04677000 0.02401200 0.06832400
v -0.02423000 0.02631900 0.07724500
v -0.02044700 0.02556500 0.07898800
v -0.02028800 0.02631900 0.07837300
v -0.03191900 0.02631900 0.07439800
v -0.02833100 0.02556500 0.07651500
v -0.02811100 0.02631900 0.07591900
v -0.04608900 0.02556500 0.06732800
v -0.03989700 0.02401200 0.07255200
v -0.03931600 0.02556500 0.07149500
v -0.03901000 0.02631900 0.07093800
v -0.03578500 0.02556500 0.07332600
v -0.03550700 0.02631900 0.07275500
v -0.04573000 0.02631900 0.06680400
v -0.04275300 0.02556500 0.06949400
v -0.04242000 0.02631900 0.06895300
v -0.05826100 0.02556500 0.05712200
v -0.05319900 0.02401200 0.06344600
v -0.05242400 0.02556500 0.06252200
v -0.07665100 0.02401200 0.03130800
v -0.07097500 0.02074600 0.04666800
v -0.06918300 0.02401200 0.04548900
v -0.05201600 0.02631900 0.06203500
v -0.04931500 0.02556500 0.06500200
v -0.04893100 0.02631900 0.06449600
v -0.05780700 0.02631900 0.05667700
v -0.05540800 0.02556500 0.05989300
v -0.05497700 0.02631900 0.05942600
v -0.06817500 0.02556500 0.04482600
v -0.06445600 0.02401200 0.05197200
v -0.06351600 0.02556500 0.05121400
v -0.06302200 0.02631900 0.05081600
v -0.06096000 0.02556500 0.05423200
v -0.06048500 0.02631900 0.05380900
v -0.06764400 0.02631900 0.04447700
v -0.06592300 0.02556500 0.04807700
v -0.06541000 0.02631900 0.04770200
v -0.07553400 0.02556500 0.03085100
v -0.07326100 0.02401200 0.03858000
v -0.07219300 0.02556500 0.03801700
v -0.08279900 0.02401200 0.00000000
v -0.08335200 0.02074600 0.01636600
v -0.08124700 0.02401200 0.01595300
v -0.07163100 0.02631900 0.03772100
v -0.07026700 0.02556500 0.04147100
v -0.06972000 0.02631900 0.04114800
v -0.07494600 0.02631900 0.03061100
v -0.07395100 0.02556500 0.03447500
v -0.07337500 0.02631900 0.03420600
v -0.08006300 0.02556500 0.01572000
v -0.07932200 0.02401200 0.02374200
v -0.07816600 0.02556500 0.02339600
v -0.07755700 0.02631900 0.02321300
v -0.07694000 0.02556500 0.02715500
v -0.07634100 0.02631900 0.02694400
v -0.07944000 0.02631900 0.01559800
v -0.07920700 0.02556500 0.01958100
v -0.07859100 0.02631900 0.01942800
v -0.08159200 0.02556500 0.00000000
v -0.08241000 0.02401200 0.00801400
v -0.08120900 0.02556500 0.00789700
v -0.07609100 0.02401200 -0.03264500
v -0.08320500 0.02074600 -0.01709500
v -0.08110400 0.02401200 -0.01666400
v -0.08057600 0.02631900 0.00783600
v -0.08073100 0.02556500 0.01182300
v -0.08010200 0.02631900 0.01173100
v -0.08095600 0.02631900 0.00000000
v -0.08149600 0.02556500 0.00395300
v -0.08086100 0.02631900 0.00392200
v -0.07992200 0.02556500 -0.01642100
v -0.08237400 0.02401200 -0.00837500
v -0.08117300 0.02556500 -0.00825300
v -0.08054100 0.02631900 -0.00818800
v -0.08148700 0.02556500 -0.00413200
v -0.08085300 0.02631900 -0.00409900
v -0.07930000 0.02631900 -0.01629300
v -0.08065100 0.02556500 -0.01235300
v -0.08002300 0.02631900 -0.01225600
v -0.07498200 0.02556500 -0.03217000
v -0.07900300 0.02401200 -0.02478200
v -0.07785100 0.02556500 -0.02442000
v -0.05796600 0.02401200 -0.05912300
v -0.07009400 0.02074600 -0.04798200
v -0.06832400 0.02401200 -0.04677000
v -0.07724500 0.02631900 -0.02423000
v -0.07898800 0.02556500 -0.02044700
v -0.07837300 0.02631900 -0.02028800
v -0.07439800 0.02631900 -0.03191900
v -0.07651500 0.02556500 -0.02833100
v -0.07591900 0.02631900 -0.02811100
v -0.06732800 0.02556500 -0.04608900
v -0.07255200 0.02401200 -0.03989700
v -0.07149500 0.02556500 -0.03931600
v -0.07093800 0.02631900 -0.03901000
v -0.07332500 0.02556500 -0.03578500
v -0.07275500 0.02631900 -0.03550700
v -0.06680400 0.02631900 -0.04573000
v -0.06949400 0.02556500 -0.04275300
v -0.06895300 0.02631900 -0.04242000
v -0.05712200 0.02556500 -0.05826100
v -0.06344600 0.02401200 -0.05319900
v -0.06252200 0.02556500 -0.05242400
v -0.04666800 0.02074600 -0.07097500
v -0.04548900 0.02401200 -0.06918300
v -0.06203500 0.02631900 -0.05201600
v -0.06500200 0.02556500 -0.04931500
v -0.06449600 0.02631900 -0.04893100
v -0.05667700 0.02631900 -0.05780700
v -0.05989300 0.02556500 -0.05540800
v -0.05942600 0.02631900 -0.05497700
v -0.04482600 0.02556500 -0.06817500
v -0.05197200 0.02401200 -0.06445600
v -0.05121400 0.02556500 -0.06351600
v -0.05081600 0.02631900 -0.06302200
v -0.05423200 0.02556500 -0.06096000
v -0.05380900 0.02631900 -0.06048500
v -0.04447700 0.02631900 -0.06764400
v -0.04807700 0.02556500 -0.06592300
v -0.04770200 0.02631900 -0.06541000
v -0.03085100 0.02556500 -0.07553400
v -0.03858000 0.02401200 -0.07326100
v -0.03801700 0.02556500 -0.07219300
v -0.03772100 0.02631900 -0.07163100
v -0.04147000 0.02556500 -0.07026700
v -0.04114800 0.02631900 -0.06972000
v -0.03061100 0.02631900 -0.07494600
v -0.03447500 0.02556500 -0.07395100
v -0.03420600 0.02631900 -0.07337500
v -0.02374200 0.02401200 -0.07932200
v -0.02339600 0.02556500 -0.07816600
v -0.02321300 0.02631900 -0.07755700
v -0.02715500 0.02556500 -0.07694000
v -0.02694400 0.02631900 -0.07634100
v -0.01559800 0.02631900 -0.07944000
v -0.01958100 0.02556500 -0.07920700
v -0.01942800 0.02631900 -0.07859100
v -0.01182300 0.02556500 -0.08073100
v -0.01173100 0.02631900 -0.08010200
v -0.00000000 0.02669000 -0.08063100
v -0.00196200 0.02631900 -0.08093300
v -0.00390700 0.02669000 -0.08053600
v -0.00195400 0.02669000 -0.08060700
v -0.00000000 0.02687400 -0.08046700
v -0.00097700 0.02669000 -0.08062500
v -0.00195000 0.02687400 -0.08044300
v -0.00097500 0.02687400 -0.08046100
v 0.00203800 0.02687400 -0.08044100
v 0.00102100 0.02669000 -0.08062500
v -0.00000000 0.02687400 -0.08046700
v 0.00101900 0.02687400 -0.08046000
v 0.00203800 -0.02275700 -0.08044400
v -0.00000000 -0.02275700 -0.08047000
v 0.00102100 -0.02256900 -0.08063200
v 0.00101900 -0.02275700 -0.08046400
v 0.00000000 -0.02294400 -0.07880100
v 0.00000000 -0.02103400 -0.07481200
v 0.00000000 -0.02037100 -0.07033500
v 0.00000000 -0.02106800 -0.06588100
v 0.00000000 -0.02294400 -0.06200000
v -0.02398000 -0.02103400 -0.07086500
v -0.02254500 -0.02037100 -0.06662400
v -0.02111700 -0.02106800 -0.06240500
v -0.01987300 -0.02294400 -0.05872900
v -0.04626900 -0.02103400 -0.05878800
v -0.04350000 -0.02037100 -0.05527000
v -0.04074500 -0.02106800 -0.05177000
v -0.03834500 -0.02294400 -0.04872000
v -0.06335900 -0.02103400 -0.03978200
v -0.05956700 -0.02037100 -0.03740100
v -0.05579500 -0.02106800 -0.03503200
v -0.05250800 -0.02294400 -0.03296900
v -0.07284200 -0.02103400 -0.01705700
v -0.06848300 -0.02037100 -0.01603600
v -0.06414600 -0.02106800 -0.01502100
v -0.06036700 -0.02294400 -0.01413600
v -0.07453400 -0.02103400 0.00645000
v -0.07007300 -0.02037100 0.00606400
v -0.06563600 -0.02106800 0.00568000
v -0.06176900 -0.02294400 0.00534500
v -0.06858200 -0.02103400 0.02989100
v -0.06447700 -0.02037100 0.02810200
v -0.06039400 -0.02106800 0.02632200
v -0.05683600 -0.02294400 0.02477200
v -0.05459800 -0.02103400 0.05114600
v -0.05133100 -0.02037100 0.04808500
v -0.04808000 -0.02106800 0.04504000
v -0.04524800 -0.02294400 0.04238700
v -0.03428800 -0.02103400 0.06649300
v -0.03223600 -0.02037100 0.06251300
v -0.03019400 -0.02106800 0.05855400
v -0.02841600 -0.02294400 0.05510500
v -0.01127700 -0.02103400 0.07395800
v -0.01060200 -0.02037100 0.06953200
v -0.00993100 -0.02106800 0.06512800
v -0.00934600 -0.02294400 0.06129200
v 0.01206800 -0.02103400 0.07383300
v 0.01134500 -0.02037100 0.06941400
v 0.01062700 -0.02106800 0.06501800
v 0.01000100 -0.02294400 0.06118800
v 0.03457200 -0.02103400 0.06634500
v 0.03250300 -0.02037100 0.06237500
v 0.03044400 -0.02106800 0.05842500
v 0.02865100 -0.02294400 0.05498300
v 0.05423900 -0.02103400 0.05152700
v 0.05099300 -0.02037100 0.04844300
v 0.04776400 -0.02106800 0.04537500
v 0.04495000 -0.02294400 0.04270200
v 0.06804200 -0.02103400 0.03110000
v 0.06397000 -0.02037100 0.02923800
v 0.05991900 -0.02106800 0.02738700
v 0.05638900 -0.02294400 0.02577300
v 0.07445800 -0.02103400 0.00727800
v 0.07000200 -0.02037100 0.00684200
v 0.06556900 -0.02106800 0.00640900
v 0.06170600 -0.02294400 0.00603100
v 0.07261100 -0.02103400 -0.01801700
v 0.06826500 -0.02037100 -0.01693900
v 0.06394200 -0.02106800 -0.01586600
v 0.06017500 -0.02294400 -0.01493100
v 0.06252600 -0.02103400 -0.04107800
v 0.05878400 -0.02037100 -0.03861900
v 0.05506200 -0.02106800 -0.03617400
v 0.05181800 -0.02294400 -0.03404300
v 0.04504000 -0.02103400 -0.05973500
v 0.04234400 -0.02037100 -0.05616100
v 0.03966300 -0.02106800 -0.05260400
v 0.03732600 -0.02294400 -0.04950500
v 0.02286000 -0.02103400 -0.07123400
v 0.02149200 -0.02037100 -0.06697100
v 0.02013100 -0.02106800 -0.06273000
v 0.01894500 -0.02294400 -0.05903500
v 0.00000000 -0.02294400 -0.07880100
v 0.00000000 -0.02103400 -0.07481200
v 0.00000000 -0.02037100 -0.07033500
v 0.00000000 -0.02106800 -0.06588100
v 0.00000000 -0.02294400 -0.06200000
v -0.00174900 -0.02294400 -0.07878100
v -0.00351300 -0.02294400 -0.07872200
v -0.00529100 -0.02294400 -0.07862300
v -0.00708100 -0.02294400 -0.07848200
v -0.00888200 -0.02294400 -0.07829900
v -0.01069300 -0.02294400 -0.07807200
v -0.01251200 -0.02294400 -0.07780100
v -0.01433900 -0.02294400 -0.07748500
v -0.01617100 -0.02294400 -0.07712400
v -0.01800600 -0.02294400 -0.07671600
v -0.01984400 -0.02294400 -0.07626100
v -0.02168300 -0.02294400 -0.07575900
v -0.02352000 -0.02294400 -0.07520900
v -0.02535400 -0.02294400 -0.07461000
v -0.02718300 -0.02294400 -0.07396400
v -0.02900600 -0.02294400 -0.07326800
v -0.03082000 -0.02294400 -0.07252400
v -0.03262400 -0.02294400 -0.07173000
v -0.03441600 -0.02294400 -0.07088800
v -0.03619300 -0.02294400 -0.06999700
v -0.03795400 -0.02294400 -0.06905800
v -0.03969700 -0.02294400 -0.06807100
v -0.04142000 -0.02294400 -0.06703700
v -0.04312100 -0.02294400 -0.06595600
v -0.04479800 -0.02294400 -0.06482800
v -0.04644900 -0.02294400 -0.06365600
v -0.04807300 -0.02294400 -0.06243800
v -0.04966800 -0.02294400 -0.06117700
v -0.05123200 -0.02294400 -0.05987400
v -0.05276300 -0.02294400 -0.05852900
v -0.05426000 -0.02294400 -0.05714400
v -0.05572100 -0.02294400 -0.05572100
v -0.05714400 -0.02294400 -0.05426000
v -0.05852900 -0.02294400 -0.05276300
v -0.05987400 -0.02294400 -0.05123200
v -0.06117700 -0.02294400 -0.04966800
v -0.06243800 -0.02294400 -0.04807300
v -0.06365600 -0.02294400 -0.04644900
v -0.06482800 -0.02294400 -0.04479800
v -0.06595600 -0.02294400 -0.04312100
v -0.06703700 -0.02294400 -0.04142000
v -0.06807100 -0.02294400 -0.03969700
v -0.06905800 -0.02294400 -0.03795400
v -0.06999700 -0.02294400 -0.03619300
v -0.07088800 -0.02294400 -0.03441600
v -0.07173000 -0.02294400 -0.03262400
v -0.07252400 -0.02294400 -0.03082000
v -0.07326800 -0.02294400 -0.02900600
v -0.07396400 -0.02294400 -0.02718300
v -0.07461000 -0.02294400 -0.02535400
v -0.07520900 -0.02294400 -0.02352000
v -0.07575900 -0.02294400 -0.02168300
v -0.07626100 -0.02294400 -0.01984400
v -0.07671600 -0.02294400 -0.01800600
v -0.07712400 -0.02294400 -0.01617100
v -0.07748500 -0.02294400 -0.01433900
v -0.07780100 -0.02294400 -0.01251200
v -0.07807200 -0.02294400 -0.01069300
v -0.07829900 -0.02294400 -0.00888200
v -0.07848200 -0.02294400 -0.00708100
v -0.07862300 -0.02294400 -0.00529100
v -0.07872200 -0.02294400 -0.00351300
v -0.07878100 -0.02294400 -0.00174900
v -0.07880100 -0.02294400 0.00000000
v -0.07878100 -0.02294400 0.00174900
v -0.07872200 -0.02294400 0.00351300
v -0.07862300 -0.02294400 0.00529100
v -0.07848200 -0.02294400 0.00708100
v -0.07829900 -0.02294400 0.00888200
v -0.07807200 -0.02294400 0.01069300
v -0.07780100 -0.02294400 0.01251200
v -0.07748500 -0.02294400 0.01433900
v -0.07712400 -0.02294400 0.01617100
v -0.07671600 -0.02294400 0.01800600
v -0.07626100 -0.02294400 0.01984400
v -0.07575900 -0.02294400 0.02168300
v -0.07520900 -0.02294400 0.02352000
v -0.07461000 -0.02294400 0.02535400
v -0.07396400 -0.02294400 0.02718300
v -0.07326800 -0.02294400 0.02900600
v -0.07252300 -0.02294400 0.03082000
v -0.07173000 -0.02294400 0.03262400
v -0.07088800 -0.02294400 0.03441600
v -0.06999700 -0.02294400 0.03619300
v -0.06905800 -0.02294400 0.03795400
v -0.06807100 -0.02294400 0.03969700
v -0.06703700 -0.02294400 0.04142000
v -0.06595600 -0.02294400 0.04312100
v -0.06482800 -0.02294400 0.04479800
v -0.06365600 -0.02294400 0.04644900
v -0.06243800 -0.02294400 0.04807300
v -0.06117700 -0.02294400 0.04966800
v -0.05987400 -0.02294400 0.05123200
v -0.05852900 -0.02294400 0.05276300
v -0.05714400 -0.02294400 0.05426000
v -0.05572000 -0.02294400 0.05572100
v -0.05426000 -0.02294400 0.05714400
v -0.05276300 -0.02294400 0.05852900
v -0.05123200 -0.02294400 0.05987400
v -0.04966800 -0.02294400 0.06117700
v -0.04807300 -0.02294400 0.06243800
v -0.04644900 -0.02294400 0.06365600
v -0.04479800 -0.02294400 0.06482800
v -0.04312000 -0.02294400 0.06595600
v -0.04142000 -0.02294400 0.06703700
v -0.03969700 -0.02294400 0.06807100
v -0.03795400 -0.02294400 0.06905800
v -0.03619300 -0.02294400 0.06999700
v -0.03441600 -0.02294400 0.07088800
v -0.03262400 -0.02294400 0.07173000
v -0.03082000 -0.02294400 0.07252400
v -0.02900600 -0.02294400 0.07326800
v -0.02718300 -0.02294400 0.07396400
v -0.02535400 -0.02294400 0.07461000
v -0.02352000 -0.02294400 0.07520900
v -0.02168300 -0.02294400 0.07575900
v -0.01984400 -0.02294400 0.07626100
v -0.01800600 -0.02294400 0.07671600
v -0.01617100 -0.02294400 0.07712400
v -0.01433900 -0.02294400 0.07748500
v -0.01251200 -0.02294400 0.07780100
v -0.01069300 -0.02294400 0.07807200
v -0.00888200 -0.02294400 0.07829900
v -0.00708100 -0.02294400 0.07848200
v -0.00529100 -0.02294400 0.07862300
v -0.00351300 -0.02294400 0.07872200
v -0.00174900 -0.02294400 0.07878100
v 0.00000000 -0.02294400 0.07880100
v 0.00174900 -0.02294400 0.07878100
v 0.00351300 -0.02294400 0.07872200
v 0.00529100 -0.02294400 0.07862300
v 0.00708100 -0.02294400 0.07848200
v 0.00888200 -0.02294400 0.07829900
v 0.01069300 -0.02294400 0.07807200
v 0.01251200 -0.02294400 0.07780100
v 0.01433900 -0.02294400 0.07748500
v 0.01617100 -0.02294400 0.07712400
v 0.01800600 -0.02294400 0.07671600
v 0.01984400 -0.02294400 0.07626100
v 0.02168300 -0.02294400 0.07575900
v 0.02352000 -0.02294400 0.07520900
v 0.02535400 -0.02294400 0.07461000
v 0.02718300 -0.02294400 0.07396400
v 0.02900600 -0.02294400 0.07326800
v 0.03082000 -0.02294400 0.07252400
v 0.03262400 -0.02294400 0.07173000
v 0.03441600 -0.02294400 0.07088800
v 0.03619300 -0.02294400 0.06999700
v 0.03795400 -0.02294400 0.06905800
v 0.03969700 -0.02294400 0.06807100
v 0.04142000 -0.02294400 0.06703700
v 0.04312100 -0.02294400 0.06595600
v 0.04479800 -0.02294400 0.06482800
v 0.04644900 -0.02294400 0.06365600
v 0.04807300 -0.02294400 0.06243800
v 0.04966800 -0.02294400 0.06117700
v 0.05123200 -0.02294400 0.05987400
v 0.05276300 -0.02294400 0.05852900
v 0.05426000 -0.02294400 0.05714400
v 0.05572100 -0.02294400 0.05572100
v 0.05714400 -0.02294400 0.05426000
v 0.05852900 -0.02294400 0.05276300
v 0.05987400 -0.02294400 0.05123200
v 0.06117700 -0.02294400 0.04966800
v 0.06243800 -0.02294400 0.04807300
v 0.06365600 -0.02294400 0.04644900
v 0.06482800 -0.02294400 0.04479800
v 0.06595600 -0.02294400 0.04312100
v 0.06703700 -0.02294400 0.04142000
v 0.06807100 -0.02294400 0.03969700
v 0.06905800 -0.02294400 0.03795400
v 0.06999700 -0.02294400 0.03619300
v 0.07088800 -0.02294400 0.03441600
v 0.07173000 -0.02294400 0.03262400
v 0.07252400 -0.02294400 0.03082000
v 0.07326800 -0.02294400 0.02900600
v 0.07396400 -0.02294400 0.02718300
v 0.07461100 -0.02294400 0.02535400
v 0.07520900 -0.02294400 0.02352000
v 0.07575900 -0.02294400 0.02168300
v 0.07626100 -0.02294400 0.01984400
v 0.07671600 -0.02294400 0.01800600
v 0.07712400 -0.02294400 0.01617100
v 0.07748500 -0.02294400 0.01433900
v 0.07780100 -0.02294400 0.01251200
v 0.07807200 -0.02294400 0.01069300
v 0.07829900 -0.02294400 0.00888200
v 0.07848200 -0.02294400 0.00708100
v 0.07862300 -0.02294400 0.00529100
v 0.07872200 -0.02294400 0.00351300
v 0.07878100 -0.02294400 0.00174900
v 0.07880100 -0.02294400 -0.00000000
v 0.07878100 -0.02294400 -0.00174900
v 0.07872200 -0.02294400 -0.00351300
v 0.07862300 -0.02294400 -0.00529100
v 0.07848200 -0.02294400 -0.00708100
v 0.07829900 -0.02294400 -0.00888200
v 0.07807200 -0.02294400 -0.01069300
v 0.07780100 -0.02294400 -0.01251200
v 0.07748500 -0.02294400 -0.01433900
v 0.07712400 -0.02294400 -0.01617100
v 0.07671600 -0.02294400 -0.01800600
v 0.07626100 -0.02294400 -0.01984400
v 0.07575900 -0.02294400 -0.02168300
v 0.07520900 -0.02294400 -0.02352000
v 0.07461100 -0.02294400 -0.02535400
v 0.07396400 -0.02294400 -0.02718300
v 0.07326800 -0.02294400 -0.02900600
v 0.07252400 -0.02294400 -0.03082000
v 0.07173000 -0.02294400 -0.03262400
v 0.07088800 -0.02294400 -0.03441600
v 0.06999700 -0.02294400 -0.03619300
v 0.06905800 -0.02294400 -0.03795400
v 0.06807100 -0.02294400 -0.03969700
v 0.06703700 -0.02294400 -0.04142000
v 0.06595600 -0.02294400 -0.04312100
v 0.06482800 -0.02294400 -0.04479800
v 0.06365600 -0.02294400 -0.04644900
v 0.06243800 -0.02294400 -0.04807300
v 0.06117700 -0.02294400 -0.04966800
v 0.05987400 -0.02294400 -0.05123200
v 0.05852900 -0.02294400 -0.05276300
v 0.05714400 -0.02294400 -0.05426000
v 0.05572100 -0.02294400 -0.05572100
v 0.05426000 -0.02294400 -0.05714400
v 0.05276300 -0.02294400 -0.05852900
v 0.05123200 -0.02294400 -0.05987400
v 0.04966800 -0.02294400 -0.06117700
v 0.04807300 -0.02294400 -0.06243800
v 0.04644900 -0.02294400 -0.06365600
v 0.04479800 -0.02294400 -0.06482800
v 0.04312100 -0.02294400 -0.06595600
v 0.04142000 -0.02294400 -0.06703700
v 0.03969700 -0.02294400 -0.06807100
v 0.03795400 -0.02294400 -0.06905800
v 0.03619300 -0.02294400 -0.06999700
v 0.03441600 -0.02294400 -0.07088800
v 0.03262400 -0.02294400 -0.07173000
v 0.03082000 -0.02294400 -0.07252400
v 0.02900600 -0.02294400 -0.07326800
v 0.02718300 -0.02294400 -0.07396400
v 0.02535400 -0.02294400 -0.07461000
v 0.02352000 -0.02294400 -0.07520900
v 0.02168300 -0.02294400 -0.07575900
v 0.01984400 -0.02294400 -0.07626100
v 0.01800600 -0.02294400 -0.07671600
v 0.01617100 -0.02294400 -0.07712400
v 0.01433900 -0.02294400 -0.07748500
v 0.01251200 -0.02294400 -0.07780100
v 0.01069300 -0.02294400 -0.07807200
v 0.00888200 -0.02294400 -0.07829900
v 0.00708100 -0.02294400 -0.07848200
v 0.00529100 -0.02294400 -0.07862300
v 0.00351300 -0.02294400 -0.07872200
v 0.00174900 -0.02294400 -0.07878100
v -0.02465300 -0.02185700 -0.07285300
v -0.01183400 -0.02103400 -0.07387100
v 0.00000000 -0.02185700 -0.07691100
v -0.01216600 -0.02185700 -0.07594300
v -0.01232000 -0.02237100 -0.07690400
v -0.00601300 -0.02185700 -0.07667600
v 0.00000000 -0.02237100 -0.07788500
v -0.00608900 -0.02237100 -0.07764600
v 0.00000000 -0.02185700 -0.07691100
v 0.01127700 -0.02103400 -0.07395800
v 0.02350100 -0.02185700 -0.07323300
v 0.01159400 -0.02185700 -0.07603200
v -0.02496500 -0.02237100 -0.07377500
v -0.01840100 -0.02185700 -0.07467700
v -0.01863400 -0.02237100 -0.07562300
v -0.04756700 -0.02185700 -0.06043700
v -0.03550100 -0.02103400 -0.06585300
v -0.03649600 -0.02185700 -0.06770000
v -0.03695900 -0.02237100 -0.06855700
v -0.03063600 -0.02185700 -0.07054600
v -0.03102400 -0.02237100 -0.07143900
v -0.04816900 -0.02237100 -0.06120300
v -0.04216400 -0.02185700 -0.06432400
v -0.04269800 -0.02237100 -0.06513800
v -0.06513600 -0.02185700 -0.04089800
v -0.05565100 -0.02103400 -0.04999800
v -0.05721200 -0.02185700 -0.05140100
v -0.05793700 -0.02237100 -0.05205200
v -0.05258100 -0.02185700 -0.05613000
v -0.05324700 -0.02237100 -0.05684100
v -0.06596100 -0.02237100 -0.04141500
v -0.06141100 -0.02185700 -0.04630300
v -0.06218900 -0.02237100 -0.04688900
v -0.07488500 -0.02185700 -0.01753500
v -0.06912000 -0.02103400 -0.02862500
v -0.07105900 -0.02185700 -0.02942800
v -0.07195800 -0.02237100 -0.02980000
v -0.06835800 -0.02185700 -0.03525000
v -0.06922300 -0.02237100 -0.03569600
v -0.07583300 -0.02237100 -0.01775800
v -0.07323300 -0.02185700 -0.02350100
v -0.07416000 -0.02237100 -0.02379800
v -0.07662500 -0.02185700 0.00663100
v -0.07463600 -0.02103400 -0.00514000
v -0.07672900 -0.02185700 -0.00528400
v -0.07770100 -0.02237100 -0.00535100
v -0.07606700 -0.02185700 -0.01136500
v -0.07703000 -0.02237100 -0.01150900
v -0.07759500 -0.02237100 0.00671400
v -0.07690800 -0.02185700 0.00065600
v -0.07788200 -0.02237100 0.00066500
v -0.07050500 -0.02185700 0.03072900
v -0.07257800 -0.02103400 0.01814800
v -0.07461400 -0.02185700 0.01865700
v -0.07555800 -0.02237100 0.01889400
v -0.07587100 -0.02185700 0.01260700
v -0.07683100 -0.02237100 0.01276700
v -0.07139800 -0.02237100 0.03111900
v -0.07283000 -0.02185700 0.02472000
v -0.07375200 -0.02237100 0.02503300
v -0.05613000 -0.02185700 0.05258100
v -0.06256200 -0.02103400 0.04102400
v -0.06431700 -0.02185700 0.04217400
v -0.06513100 -0.02237100 0.04270800
v -0.06767300 -0.02185700 0.03654800
v -0.06852900 -0.02237100 0.03701000
v -0.05684000 -0.02237100 0.05324700
v -0.06045800 -0.02185700 0.04754100
v -0.06122400 -0.02237100 0.04814300
v -0.03525000 -0.02185700 0.06835800
v -0.04504000 -0.02103400 0.05973500
v -0.04630300 -0.02185700 0.06141100
v -0.04688900 -0.02237100 0.06218900
v -0.05140100 -0.02185700 0.05721200
v -0.05205200 -0.02237100 0.05793700
v -0.03569600 -0.02237100 0.06922300
v -0.04089800 -0.02185700 0.06513600
v -0.04141500 -0.02237100 0.06596100
v -0.01159400 -0.02185700 0.07603200
v -0.02286000 -0.02103400 0.07123400
v -0.02350100 -0.02185700 0.07323300
v -0.02379800 -0.02237100 0.07416000
v -0.02942800 -0.02185700 0.07105900
v -0.02980000 -0.02237100 0.07195800
v -0.01174100 -0.02237100 0.07699500
v -0.01753500 -0.02185700 0.07488500
v -0.01775700 -0.02237100 0.07583300
v 0.01240600 -0.02185700 0.07590400
v 0.00037800 -0.02103400 0.07481200
v 0.00038900 -0.02185700 0.07691000
v 0.00039300 -0.02237100 0.07788400
v -0.00553300 -0.02185700 0.07671200
v -0.00560300 -0.02237100 0.07768300
v 0.01256300 -0.02237100 0.07686500
v 0.00633100 -0.02185700 0.07665000
v 0.00641100 -0.02237100 0.07762100
v 0.03554200 -0.02185700 0.06820600
v 0.02340500 -0.02103400 0.07105700
v 0.02406100 -0.02185700 0.07305000
v 0.02436600 -0.02237100 0.07397500
v 0.01822600 -0.02185700 0.07472000
v 0.01845600 -0.02237100 0.07566600
v 0.03599200 -0.02237100 0.06907000
v 0.02985400 -0.02185700 0.07088100
v 0.03023200 -0.02237100 0.07177800
v 0.05576100 -0.02185700 0.05297200
v 0.04496200 -0.02103400 0.05979400
v 0.04622300 -0.02185700 0.06147100
v 0.04680800 -0.02237100 0.06225000
v 0.04099600 -0.02185700 0.06507400
v 0.04151500 -0.02237100 0.06589800
v 0.05646700 -0.02237100 0.05364300
v 0.05116300 -0.02185700 0.05742500
v 0.05181100 -0.02237100 0.05815200
v 0.06995100 -0.02185700 0.03197200
v 0.06204300 -0.02103400 0.04180400
v 0.06378300 -0.02185700 0.04297700
v 0.06459100 -0.02237100 0.04352100
v 0.05999000 -0.02185700 0.04813000
v 0.06074900 -0.02237100 0.04874000
v 0.07083600 -0.02237100 0.03237700
v 0.06711100 -0.02185700 0.03757000
v 0.06796000 -0.02237100 0.03804500
v 0.07654600 -0.02185700 0.00748200
v 0.07231000 -0.02103400 0.01918900
v 0.07433800 -0.02185700 0.01972700
v 0.07527900 -0.02237100 0.01997700
v 0.07242500 -0.02185700 0.02588400
v 0.07334200 -0.02237100 0.02621200
v 0.07751500 -0.02237100 0.00757600
v 0.07570400 -0.02185700 0.01357100
v 0.07666300 -0.02237100 0.01374300
v 0.07464700 -0.02185700 -0.01852200
v 0.07463200 -0.02103400 -0.00519500
v 0.07672500 -0.02185700 -0.00534000
v 0.07769700 -0.02237100 -0.00540800
v 0.07690400 -0.02185700 0.00104300
v 0.07787800 -0.02237100 0.00105600
v 0.07559300 -0.02237100 -0.01875700
v 0.07598800 -0.02185700 -0.01188300
v 0.07695000 -0.02237100 -0.01203400
v 0.06428000 -0.02185700 -0.04223000
v 0.06862600 -0.02103400 -0.02978900
v 0.07055100 -0.02185700 -0.03062400
v 0.07144400 -0.02237100 -0.03101200
v 0.07287100 -0.02185700 -0.02460000
v 0.07379400 -0.02237100 -0.02491100
v 0.06509400 -0.02237100 -0.04276500
v 0.06768500 -0.02185700 -0.03652500
v 0.06854200 -0.02237100 -0.03698800
v 0.04630300 -0.02185700 -0.06141100
v 0.05459800 -0.02103400 -0.05114600
v 0.05613000 -0.02185700 -0.05258100
v 0.05684100 -0.02237100 -0.05324700
v 0.06043700 -0.02185700 -0.04756700
v 0.06120300 -0.02237100 -0.04816900
v 0.04688900 -0.02237100 -0.06218900
v 0.05140100 -0.02185700 -0.05721200
v 0.05205200 -0.02237100 -0.05793700
v 0.03428800 -0.02103400 -0.06649300
v 0.03525000 -0.02185700 -0.06835800
v 0.03569600 -0.02237100 -0.06922300
v 0.04089800 -0.02185700 -0.06513600
v 0.04141500 -0.02237100 -0.06596100
v 0.02379800 -0.02237100 -0.07416000
v 0.02942800 -0.02185700 -0.07105900
v 0.02980000 -0.02237100 -0.07195800
v 0.01174100 -0.02237100 -0.07699500
v 0.01753600 -0.02185700 -0.07488500
v 0.01775800 -0.02237100 -0.07583300
v 0.00000000 -0.02237100 -0.07788500
v 0.00573200 -0.02185700 -0.07669700
v 0.00580500 -0.02237100 -0.07766800
v 0.00000000 0.02705200 -0.07880100
v 0.00000000 0.02513900 -0.07481200
v 0.00000000 0.02447500 -0.07033500
v 0.00000000 0.02517200 -0.06588100
v 0.00000000 0.02704800 -0.06200000
v -0.02398000 0.02513900 -0.07086500
v -0.02254500 0.02447500 -0.06662400
v -0.02111700 0.02517200 -0.06240500
v -0.01987300 0.02704800 -0.05872900
v -0.04626900 0.02513900 -0.05878800
v -0.04350000 0.02447500 -0.05527000
v -0.04074500 0.02517200 -0.05177000
v -0.03834500 0.02704800 -0.04872000
v -0.06335900 0.02513900 -0.03978200
v -0.05956700 0.02447500 -0.03740100
v -0.05579500 0.02517200 -0.03503200
v -0.05250800 0.02704800 -0.03296900
v -0.07284200 0.02513900 -0.01705700
v -0.06848300 0.02447500 -0.01603600
v -0.06414600 0.02517200 -0.01502100
v -0.06036700 0.02704800 -0.01413600
v -0.07453400 0.02513900 0.00645000
v -0.07007300 0.02447500 0.00606400
v -0.06563600 0.02517200 0.00568000
v -0.06176900 0.02704800 0.00534500
v -0.06858200 0.02513900 0.02989100
v -0.06447700 0.02447500 0.02810200
v -0.06039400 0.02517200 0.02632200
v -0.05683600 0.02704800 0.02477200
v -0.05459800 0.02513900 0.05114600
v -0.05133100 0.02447500 0.04808500
v -0.04808000 0.02517200 0.04504000
v -0.04524800 0.02704800 0.04238700
v -0.03428800 0.02513900 0.06649300
v -0.03223600 0.02447500 0.06251300
v -0.03019400 0.02517200 0.05855400
v -0.02841600 0.02704800 0.05510500
v -0.01127700 0.02513900 0.07395800
v -0.01060200 0.02447500 0.06953200
v -0.00993100 0.02517200 0.06512800
v -0.00934600 0.02704800 0.06129200
v 0.01206800 0.02513900 0.07383300
v 0.01134500 0.02447500 0.06941400
v 0.01062700 0.02517200 0.06501800
v 0.01000100 0.02704800 0.06118800
v 0.03457200 0.02513900 0.06634500
v 0.03250300 0.02447500 0.06237500
v 0.03044400 0.02517200 0.05842500
v 0.02865100 0.02704800 0.05498300
v 0.05423900 0.02513900 0.05152700
v 0.05099300 0.02447500 0.04844300
v 0.04776400 0.02517200 0.04537500
v 0.04495000 0.02704800 0.04270200
v 0.06804200 0.02513900 0.03110000
v 0.06397000 0.02447500 0.02923800
v 0.05991900 0.02517200 0.02738700
v 0.05638900 0.02704800 0.02577300
v 0.07445800 0.02513900 0.00727800
v 0.07000200 0.02447500 0.00684200
v 0.06556900 0.02517200 0.00640900
v 0.06170600 0.02704800 0.00603100
v 0.07261100 0.02513900 -0.01801700
v 0.06826500 0.02447500 -0.01693900
v 0.06394200 0.02517200 -0.01586600
v 0.06017500 0.02704800 -0.01493100
v 0.06252600 0.02513900 -0.04107800
v 0.05878400 0.02447500 -0.03861900
v 0.05506200 0.02517200 -0.03617400
v 0.05181800 0.02704800 -0.03404300
v 0.04504000 0.02513900 -0.05973500
v 0.04234400 0.02447500 -0.05616100
v 0.03966300 0.02517200 -0.05260400
v 0.03732600 0.02704800 -0.04950500
v 0.02286000 0.02513900 -0.07123400
v 0.02149200 0.02447500 -0.06697100
v 0.02013100 0.02517200 -0.06273000
v 0.01894500 0.02704800 -0.05903500
v 0.00000000 0.02705200 -0.07880100
v 0.00000000 0.02513900 -0.07481200
v 0.00000000 0.02447500 -0.07033500
v 0.00000000 0.02517200 -0.06588100
v 0.00000000 0.02704800 -0.06200000
v -0.00174900 0.02705200 -0.07878100
v -0.00351300 0.02705200 -0.07872200
v -0.00529100 0.02705200 -0.07862300
v -0.00708100 0.02705200 -0.07848200
v -0.00888200 0.02705200 -0.07829900
v -0.01069300 0.02705200 -0.07807200
v -0.01251200 0.02705200 -0.07780100
v -0.01433900 0.02705200 -0.07748500
v -0.01617100 0.02705200 -0.07712400
v -0.01800600 0.02705200 -0.07671600
v -0.01984400 0.02705200 -0.07626100
v -0.02168300 0.02705200 -0.07575900
v -0.02352000 0.02705200 -0.07520900
v -0.02535400 0.02705200 -0.07461000
v -0.02718300 0.02705200 -0.07396400
v -0.02900600 0.02705200 -0.07326800
v -0.03082000 0.02705200 -0.07252400
v -0.03262400 0.02705200 -0.07173000
v -0.03441600 0.02705200 -0.07088800
v -0.03619300 0.02705200 -0.06999700
v -0.03795400 0.02705200 -0.06905800
v -0.03969700 0.02705200 -0.06807100
v -0.04142000 0.02705200 -0.06703700
v -0.04312100 0.02705200 -0.06595600
v -0.04479800 0.02705200 -0.06482800
v -0.04644900 0.02705200 -0.06365600
v -0.04807300 0.02705200 -0.06243800
v -0.04966800 0.02705200 -0.06117700
v -0.05123200 0.02705200 -0.05987400
v -0.05276300 0.02705200 -0.05852900
v -0.05426000 0.02705200 -0.05714400
v -0.05572100 0.02705200 -0.05572100
v -0.05714400 0.02705200 -0.05426000
v -0.05852900 0.02705200 -0.05276300
v -0.05987400 0.02705200 -0.05123200
v -0.06117700 0.02705200 -0.04966800
v -0.06243800 0.02705200 -0.04807300
v -0.06365600 0.02705200 -0.04644900
v -0.06482800 0.02705200 -0.04479800
v -0.06595600 0.02705200 -0.04312100
v -0.06703700 0.02705200 -0.04142000
v -0.06807100 0.02705200 -0.03969700
v -0.06905800 0.02705200 -0.03795400
v -0.06999700 0.02705200 -0.03619300
v -0.07088800 0.02705200 -0.03441600
v -0.07173000 0.02705200 -0.03262400
v -0.07252300 0.02705200 -0.03082000
v -0.07326800 0.02705200 -0.02900600
v -0.07396400 0.02705200 -0.02718300
v -0.07461000 0.02705200 -0.02535400
v -0.07520900 0.02705200 -0.02352000
v -0.07575900 0.02705200 -0.02168300
v -0.07626100 0.02705200 -0.01984400
v -0.07671600 0.02705200 -0.01800600
v -0.07712400 0.02705200 -0.01617100
v -0.07748500 0.02705200 -0.01433900
v -0.07780100 0.02705200 -0.01251200
v -0.07807200 0.02705200 -0.01069300
v -0.07829900 0.02705200 -0.00888200
v -0.07848200 0.02705200 -0.00708100
v -0.07862300 0.02705200 -0.00529100
v -0.07872200 0.02705200 -0.00351300
v -0.07878100 0.02705200 -0.00174900
v -0.07880100 0.02705200 0.00000000
v -0.07878100 0.02705200 0.00174900
v -0.07872200 0.02705200 0.00351300
v -0.07862300 0.02705200 0.00529100
v -0.07848200 0.02705200 0.00708100
v -0.07829900 0.02705200 0.00888200
v -0.07807200 0.02705200 0.01069300
v -0.07780100 0.02705200 0.01251200
v -0.07748500 0.02705200 0.01433900
v -0.07712400 0.02705200 0.01617100
v -0.07671600 0.02705200 0.01800600
v -0.07626100 0.02705200 0.01984400
v -0.07575900 0.02705200 0.02168300
v -0.07520900 0.02705200 0.02352000
v -0.07461000 0.02705200 0.02535400
v -0.07396400 0.02705200 0.02718300
v -0.07326800 0.02705200 0.02900600
v -0.07252300 0.02705200 0.03082000
v -0.07173000 0.02705200 0.03262400
v -0.07088800 0.02705200 0.03441600
v -0.06999700 0.02705200 0.03619300
v -0.06905800 0.02705200 0.03795400
v -0.06807100 0.02705200 0.03969700
v -0.06703700 0.02705200 0.04142000
v -0.06595600 0.02705200 0.04312100
v -0.06482800 0.02705200 0.04479800
v -0.06365600 0.02705200 0.04644900
v -0.06243800 0.02705200 0.04807300
v -0.06117700 0.02705200 0.04966800
v -0.05987400 0.02705200 0.05123200
v -0.05852900 0.02705200 0.05276300
v -0.05714400 0.02705200 0.05426000
v -0.05572000 0.02705200 0.05572100
v -0.05426000 0.02705200 0.05714400
v -0.05276300 0.02705200 0.05852900
v -0.05123200 0.02705200 0.05987400
v -0.04966800 0.02705200 0.06117700
v -0.04807300 0.02705200 0.06243800
v -0.04644900 0.02705200 0.06365600
v -0.04479800 0.02705200 0.06482800
v -0.04312000 0.02705200 0.06595600
v -0.04142000 0.02705200 0.06703700
v -0.03969700 0.02705200 0.06807100
v -0.03795400 0.02705200 0.06905800
v -0.03619300 0.02705200 0.06999700
v -0.03441600 0.02705200 0.07088800
v -0.03262400 0.02705200 0.07173000
v -0.03082000 0.02705200 0.07252400
v -0.02900600 0.02705200 0.07326800
v -0.02718300 0.02705200 0.07396400
v -0.02535400 0.02705200 0.07461000
v -0.02352000 0.02705200 0.07520900
v -0.02168300 0.02705200 0.07575900
v -0.01984400 0.02705200 0.07626100
v -0.01800600 0.02705200 0.07671600
v -0.01617100 0.02705200 0.07712400
v -0.01433900 0.02705200 0.07748500
v -0.01251200 0.02705200 0.07780100
v -0.01069300 0.02705200 0.07807200
v -0.00888200 0.02705200 0.07829900
v -0.00708100 0.02705200 0.07848200
v -0.00529100 0.02705200 0.07862300
v -0.00351300 0.02705200 0.07872200
v -0.00174900 0.02705200 0.07878100
v 0.00000000 0.02705200 0.07880100
v 0.00174900 0.02705200 0.07878100
v 0.00351300 0.02705200 0.07872200
v 0.00529100 0.02705200 0.07862300
v 0.00708100 0.02705200 0.07848200
v 0.00888200 0.02705200 0.07829900
v 0.01069300 0.02705200 0.07807200
v 0.01251200 0.02705200 0.07780100
v 0.01433900 0.02705200 0.07748500
v 0.01617100 0.02705200 0.07712400
v 0.01800600 0.02705200 0.07671600
v 0.01984400 0.02705200 0.07626100
v 0.02168300 0.02705200 0.07575900
v 0.02352000 0.02705200 0.07520900
v 0.02535400 0.02705200 0.07461000
v 0.02718300 0.02705200 0.07396400
v 0.02900600 0.02705200 0.07326800
v 0.03082000 0.02705200 0.07252400
v 0.03262400 0.02705200 0.07173000
v 0.03441600 0.02705200 0.07088800
v 0.03619300 0.02705200 0.06999700
v 0.03795400 0.02705200 0.06905800
v 0.03969700 0.02705200 0.06807100
v 0.04142000 0.02705200 0.06703700
v 0.04312100 0.02705200 0.06595600
v 0.04479800 0.02705200 0.06482800
v 0.04644900 0.02705200 0.06365600
v 0.04807300 0.02705200 0.06243800
v 0.04966800 0.02705200 0.06117700
v 0.05123200 0.02705200 0.05987400
v 0.05276300 0.02705200 0.05852900
v 0.05426000 0.02705200 0.05714400
v 0.05572100 0.02705200 0.05572100
v 0.05714400 0.02705200 0.05426000
v 0.05852900 0.02705200 0.05276300
v 0.05987400 0.02705200 0.05123200
v 0.06117700 0.02705200 0.04966800
v 0.06243800 0.02705200 0.04807300
v 0.06365600 0.02705200 0.04644900
v 0.06482800 0.02705200 0.04479800
v 0.06595600 0.02705200 0.04312100
v 0.06703700 0.02705200 0.04142000
v 0.06807100 0.02705200 0.03969700
v 0.06905800 0.02705200 0.03795400
v 0.06999700 0.02705200 0.03619300
v 0.07088800 0.02705200 0.03441600
v 0.07173000 0.02705200 0.03262400
v 0.07252400 0.02705200 0.03082000
v 0.07326800 0.02705200 0.02900600
v 0.07396400 0.02705200 0.02718300
v 0.07461100 0.02705200 0.02535400
v 0.07520900 0.02705200 0.02352000
v 0.07575900 0.02705200 0.02168300
v 0.07626100 0.02705200 0.01984400
v 0.07671600 0.02705200 0.01800600
v 0.07712400 0.02705200 0.01617100
v 0.07748500 0.02705200 0.01433900
v 0.07780100 0.02705200 0.01251200
v 0.07807200 0.02705200 0.01069300
v 0.07829900 0.02705200 0.00888200
v 0.07848200 0.02705200 0.00708100
v 0.07862300 0.02705200 0.00529100
v 0.07872200 0.02705200 0.00351300
v 0.07878100 0.02705200 0.00174900
v 0.07880100 0.02705200 -0.00000000
v 0.07878100 0.02705200 -0.00174900
v 0.07872200 0.02705200 -0.00351300
v 0.07862300 0.02705200 -0.00529100
v 0.07848200 0.02705200 -0.00708100
v 0.07829900 0.02705200 -0.00888200
v 0.07807200 0.02705200 -0.01069300
v 0.07780100 0.02705200 -0.01251200
v 0.07748500 0.02705200 -0.01433900
v 0.07712400 0.02705200 -0.01617100
v 0.07671600 0.02705200 -0.01800600
v 0.07626100 0.02705200 -0.01984400
v 0.07575900 0.02705200 -0.02168300
v 0.07520900 0.02705200 -0.02352000
v 0.07461100 0.02705200 -0.02535400
v 0.07396400 0.02705200 -0.02718300
v 0.07326800 0.02705200 -0.02900600
v 0.07252400 0.02705200 -0.03082000
v 0.07173000 0.02705200 -0.03262400
v 0.07088800 0.02705200 -0.03441600
v 0.06999700 0.02705200 -0.03619300
v 0.06905800 0.02705200 -0.03795400
v 0.06807100 0.02705200 -0.03969700
v 0.06703700 0.02705200 -0.04142000
v 0.06595600 0.02705200 -0.04312100
v 0.06482800 0.02705200 -0.04479800
v 0.06365600 0.02705200 -0.04644900
v 0.06243800 0.02705200 -0.04807300
v 0.06117700 0.02705200 -0.04966800
v 0.05987400 0.02705200 -0.05123200
v 0.05852900 0.02705200 -0.05276300
v 0.05714400 0.02705200 -0.05426000
v 0.05572100 0.02705200 -0.05572100
v 0.05426000 0.02705200 -0.05714400
v 0.05276300 0.02705200 -0.05852900
v 0.05123200 0.02705200 -0.05987400
v 0.04966800 0.02705200 -0.06117700
v 0.04807300 0.02705200 -0.06243800
v 0.04644900 0.02705200 -0.06365600
v 0.04479800 0.02705200 -0.06482800
v 0.04312100 0.02705200 -0.06595600
v 0.04142000 0.02705200 -0.06703700
v 0.03969700 0.02705200 -0.06807100
v 0.03795400 0.02705200 -0.06905800
v 0.03619300 0.02705200 -0.06999700
v 0.03441600 0.02705200 -0.07088800
v 0.03262400 0.02705200 -0.07173000
v 0.03082000 0.02705200 -0.07252400
v 0.02900600 0.02705200 -0.07326800
v 0.02718300 0.02705200 -0.07396400
v 0.02535400 0.02705200 -0.07461000
v 0.02352000 0.02705200 -0.07520900
v 0.02168300 0.02705200 -0.07575900
v 0.01984400 0.02705200 -0.07626100
v 0.01800600 0.02705200 -0.07671600
v 0.01617100 0.02705200 -0.07712400
v 0.01433900 0.02705200 -0.07748500
v 0.01251200 0.02705200 -0.07780100
v 0.01069300 0.02705200 -0.07807200
v 0.00888200 0.02705200 -0.07829900
v 0.00708100 0.02705200 -0.07848200
v 0.00529100 0.02705200 -0.07862300
v 0.00351300 0.02705200 -0.07872200
v 0.00174900 0.02705200 -0.07878100
v -0.02465300 0.02596200 -0.07285300
v -0.01183400 0.02513900 -0.07387100
v 0.00000000 0.02596200 -0.07691100
v -0.01216600 0.02596200 -0.07594300
v -0.01232000 0.02647600 -0.07690400
v -0.00601300 0.02596200 -0.07667600
v 0.00000000 0.02647600 -0.07788500
v -0.00608900 0.02647600 -0.07764600
v 0.00000000 0.02596200 -0.07691100
v 0.01127700 0.02513900 -0.07395800
v 0.02350100 0.02596200 -0.07323300
v 0.01159400 0.02596200 -0.07603200
v -0.02496500 0.02647600 -0.07377500
v -0.01840100 0.02596200 -0.07467700
v -0.01863400 0.02647600 -0.07562300
v -0.04756700 0.02596200 -0.06043700
v -0.03550100 0.02513900 -0.06585300
v -0.03649600 0.02596200 -0.06770000
v -0.03695900 0.02647600 -0.06855700
v -0.03063600 0.02596200 -0.07054600
v -0.03102400 0.02647600 -0.07143900
v -0.04816900 0.02647600 -0.06120300
v -0.04216400 0.02596200 -0.06432400
v -0.04269800 0.02647600 -0.06513800
v -0.06513600 0.02596200 -0.04089800
v -0.05565100 0.02513900 -0.04999800
v -0.05721200 0.02596200 -0.05140100
v -0.05793700 0.02647600 -0.05205200
v -0.05258100 0.02596200 -0.05613000
v -0.05324700 0.02647600 -0.05684100
v -0.06596100 0.02647600 -0.04141500
v -0.06141100 0.02596200 -0.04630300
v -0.06218900 0.02647600 -0.04688900
v -0.07488500 0.02596200 -0.01753500
v -0.06912000 0.02513900 -0.02862500
v -0.07105900 0.02596200 -0.02942800
v -0.07195800 0.02647600 -0.02980000
v -0.06835800 0.02596200 -0.03525000
v -0.06922300 0.02647600 -0.03569600
v -0.07583300 0.02647600 -0.01775800
v -0.07323300 0.02596200 -0.02350100
v -0.07416000 0.02647600 -0.02379800
v -0.07662500 0.02596200 0.00663100
v -0.07463600 0.02513900 -0.00514000
v -0.07672900 0.02596200 -0.00528400
v -0.07770100 0.02647600 -0.00535100
v -0.07606700 0.02596200 -0.01136500
v -0.07703000 0.02647600 -0.01150900
v -0.07759500 0.02647600 0.00671400
v -0.07690800 0.02596200 0.00065600
v -0.07788200 0.02647600 0.00066500
v -0.07050500 0.02596200 0.03072900
v -0.07257800 0.02513900 0.01814800
v -0.07461400 0.02596200 0.01865700
v -0.07555800 0.02647600 0.01889400
v -0.07587100 0.02596200 0.01260700
v -0.07683100 0.02647600 0.01276700
v -0.07139800 0.02647600 0.03111900
v -0.07283000 0.02596200 0.02472000
v -0.07375200 0.02647600 0.02503300
v -0.05613000 0.02596200 0.05258100
v -0.06256200 0.02513900 0.04102400
v -0.06431700 0.02596200 0.04217400
v -0.06513100 0.02647600 0.04270800
v -0.06767300 0.02596200 0.03654800
v -0.06852900 0.02647600 0.03701000
v -0.05684000 0.02647600 0.05324700
v -0.06045800 0.02596200 0.04754100
v -0.06122400 0.02647600 0.04814300
v -0.03525000 0.02596200 0.06835800
v -0.04504000 0.02513900 0.05973500
v -0.04630300 0.02596200 0.06141100
v -0.04688900 0.02647600 0.06218900
v -0.05140100 0.02596200 0.05721200
v -0.05205200 0.02647600 0.05793700
v -0.03569600 0.02647600 0.06922300
v -0.04089800 0.02596200 0.06513600
v -0.04141500 0.02647600 0.06596100
v -0.01159400 0.02596200 0.07603200
v -0.02286000 0.02513900 0.07123400
v -0.02350100 0.02596200 0.07323300
v -0.02379800 0.02647600 0.07416000
v -0.02942800 0.02596200 0.07105900
v -0.02980000 0.02647600 0.07195800
v -0.01174100 0.02647600 0.07699500
v -0.01753500 0.02596200 0.07488500
v -0.01775700 0.02647600 0.07583300
v 0.01240600 0.02596200 0.07590400
v 0.00037800 0.02513900 0.07481200
v 0.00038900 0.02596200 0.07691000
v 0.00039300 0.02647600 0.07788400
v -0.00553300 0.02596200 0.07671200
v -0.00560300 0.02647600 0.07768300
v 0.01256300 0.02647600 0.07686500
v 0.00633100 0.02596200 0.07665000
v 0.00641100 0.02647600 0.07762100
v 0.03554200 0.02596200 0.06820600
v 0.02340500 0.02513900 0.07105700
v 0.02406100 0.02596200 0.07305000
v 0.02436600 0.02647600 0.07397500
v 0.01822600 0.02596200 0.07472000
v 0.01845600 0.02647600 0.07566600
v 0.03599200 0.02647600 0.06907000
v 0.02985400 0.02596200 0.07088100
v 0.03023200 0.02647600 0.07177800
v 0.05576100 0.02596200 0.05297200
v 0.04496200 0.02513900 0.05979400
v 0.04622300 0.02596200 0.06147100
v 0.04680800 0.02647600 0.06225000
v 0.04099600 0.02596200 0.06507400
v 0.04151500 0.02647600 0.06589800
v 0.05646700 0.02647600 0.05364300
v 0.05116300 0.02596200 0.05742500
v 0.05181100 0.02647600 0.05815200
v 0.06995100 0.02596200 0.03197200
v 0.06204300 0.02513900 0.04180400
v 0.06378300 0.02596200 0.04297700
v 0.06459100 0.02647600 0.04352100
v 0.05999000 0.02596200 0.04813000
v 0.06074900 0.02647600 0.04874000
v 0.07083600 0.02647600 0.03237700
v 0.06711100 0.02596200 0.03757000
v 0.06796000 0.02647600 0.03804500
v 0.07654600 0.02596200 0.00748200
v 0.07231000 0.02513900 0.01918900
v 0.07433800 0.02596200 0.01972700
v 0.07527900 0.02647600 0.01997700
v 0.07242500 0.02596200 0.02588400
v 0.07334200 0.02647600 0.02621200
v 0.07751500 0.02647600 0.00757600
v 0.07570400 0.02596200 0.01357100
v 0.07666300 0.02647600 0.01374300
v 0.07464700 0.02596200 -0.01852200
v 0.07463200 0.02513900 -0.00519500
v 0.07672500 0.02596200 -0.00534000
v 0.07769700 0.02647600 -0.00540800
v 0.07690400 0.02596200 0.00104300
v 0.07787800 0.02647600 0.00105600
v 0.07559300 0.02647600 -0.01875700
v 0.07598800 0.02596200 -0.01188300
v 0.07695000 0.02647600 -0.01203400
v 0.06428000 0.02596200 -0.04223000
v 0.06862600 0.02513900 -0.02978900
v 0.07055100 0.02596200 -0.03062400
v 0.07144400 0.02647600 -0.03101200
v 0.07287100 0.02596200 -0.02460000
v 0.07379400 0.02647600 -0.02491100
v 0.06509400 0.02647600 -0.04276500
v 0.06768500 0.02596200 -0.03652500
v 0.06854200 0.02647600 -0.03698800
v 0.04630300 0.02596200 -0.06141100
v 0.05459800 0.02513900 -0.05114600
v 0.05613000 0.02596200 -0.05258100
v 0.05684100 0.02647600 -0.05324700
v 0.06043700 0.02596200 -0.04756700
v 0.06120300 0.02647600 -0.04816900
v 0.04688900 0.02647600 -0.06218900
v 0.05140100 0.02596200 -0.05721200
v 0.05205200 0.02647600 -0.05793700
v 0.03428800 0.02513900 -0.06649300
v 0.03525000 0.02596200 -0.06835800
v 0.03569600 0.02647600 -0.06922300
v 0.04089800 0.02596200 -0.06513600
v 0.04141500 0.02647600 -0.06596100
v 0.02379800 0.02647600 -0.07416000
v 0.02942800 0.02596200 -0.07105900
v 0.02980000 0.02647600 -0.07195800
v 0.01174100 0.02647600 -0.07699500
v 0.01753600 0.02596200 -0.07488500
v 0.01775800 0.02647600 -0.07583300
v 0.00000000 0.02647600 -0.07788500
v 0.00573200 0.02596200 -0.07669700
v 0.00580500 0.02647600 -0.07766800
vn -0.00000000 -0.82850000 0.56000000
vn -0.00000000 -0.96490000 0.26260000
vn 0.00000000 -0.98140000 -0.19200000
vn -0.00000000 -0.67450000 -0.73830000
vn 0.01050000 -0.96490000 0.26240000
vn -0.00770000 -0.98140000 -0.19180000
vn 0.02120000 -0.96490000 0.26170000
vn -0.01550000 -0.98140000 -0.19140000
vn 0.03140000 -0.96490000 0.26070000
vn -0.02300000 -0.98140000 -0.19060000
vn 0.04160000 -0.96490000 0.25930000
vn -0.03040000 -0.98140000 -0.18960000
vn 0.05180000 -0.96490000 0.25740000
vn -0.03790000 -0.98140000 -0.18830000
vn 0.06200000 -0.96490000 0.25510000
vn -0.04530000 -0.98140000 -0.18660000
vn 0.07230000 -0.96490000 0.25240000
vn -0.05290000 -0.98140000 -0.18460000
vn 0.08250000 -0.96490000 0.24920000
vn -0.06040000 -0.98140000 -0.18230000
vn 0.09280000 -0.96490000 0.24560000
vn -0.06780000 -0.98140000 -0.17960000
vn 0.10290000 -0.96490000 0.24160000
vn -0.07530000 -0.98140000 -0.17660000
vn 0.11300000 -0.96490000 0.23700000
vn -0.08260000 -0.98140000 -0.17330000
vn 0.12280000 -0.96490000 0.23210000
vn -0.08980000 -0.98140000 -0.16970000
vn 0.13230000 -0.96490000 0.22680000
vn -0.09670000 -0.98140000 -0.16580000
vn 0.14160000 -0.96490000 0.22110000
vn -0.10360000 -0.98140000 -0.16170000
vn 0.15080000 -0.96490000 0.21500000
vn -0.11020000 -0.98140000 -0.15720000
vn 0.15960000 -0.96490000 0.20850000
vn -0.11670000 -0.98140000 -0.15250000
vn 0.16830000 -0.96490000 0.20160000
vn -0.12300000 -0.98140000 -0.14740000
vn 0.17660000 -0.96490000 0.19430000
vn -0.12920000 -0.98140000 -0.14210000
vn 0.18470000 -0.96490000 0.18670000
vn -0.13500000 -0.98140000 -0.13650000
vn 0.19240000 -0.96490000 0.17870000
vn -0.14070000 -0.98140000 -0.13070000
vn 0.19970000 -0.96490000 0.17040000
vn -0.14600000 -0.98140000 -0.12460000
vn 0.20670000 -0.96490000 0.16190000
vn -0.15120000 -0.98140000 -0.11840000
vn 0.21330000 -0.96490000 0.15300000
vn -0.15600000 -0.98140000 -0.11190000
vn 0.21960000 -0.96490000 0.14400000
vn -0.16060000 -0.98140000 -0.10530000
vn 0.22540000 -0.96490000 0.13470000
vn -0.16480000 -0.98140000 -0.09850000
vn 0.23080000 -0.96490000 0.12530000
vn -0.16880000 -0.98140000 -0.09160000
vn 0.23580000 -0.96490000 0.11570000
vn -0.17240000 -0.98140000 -0.08460000
vn 0.24030000 -0.96490000 0.10590000
vn -0.17570000 -0.98140000 -0.07740000
vn 0.24440000 -0.96490000 0.09600000
vn -0.17870000 -0.98140000 -0.07020000
vn 0.24810000 -0.96490000 0.08610000
vn -0.18140000 -0.98140000 -0.06300000
vn 0.25130000 -0.96490000 0.07620000
vn -0.18380000 -0.98140000 -0.05570000
vn 0.25410000 -0.96490000 0.06620000
vn -0.18580000 -0.98140000 -0.04840000
vn 0.25650000 -0.96490000 0.05620000
vn -0.18760000 -0.98140000 -0.04110000
vn 0.25850000 -0.96490000 0.04620000
vn -0.18900000 -0.98140000 -0.03380000
vn 0.26010000 -0.96490000 0.03580000
vn -0.19020000 -0.98140000 -0.02620000
vn 0.26140000 -0.96490000 0.02530000
vn -0.19110000 -0.98140000 -0.01850000
vn 0.26220000 -0.96490000 0.01490000
vn -0.19170000 -0.98140000 -0.01090000
vn 0.26260000 -0.96490000 0.00460000
vn -0.19200000 -0.98140000 -0.00340000
vn 0.26250000 -0.96490000 -0.00260000
vn -0.19200000 -0.98140000 0.00190000
vn 0.26220000 -0.96490000 -0.01320000
vn -0.19180000 -0.98140000 0.00970000
vn 0.26150000 -0.96490000 -0.02380000
vn -0.19120000 -0.98140000 0.01740000
vn 0.26030000 -0.96490000 -0.03390000
vn -0.19040000 -0.98140000 0.02480000
vn 0.25890000 -0.96490000 -0.04410000
vn -0.18930000 -0.98140000 0.03220000
vn 0.25690000 -0.96490000 -0.05430000
vn -0.18790000 -0.98140000 0.03970000
vn 0.25450000 -0.96490000 -0.06460000
vn -0.18610000 -0.98140000 0.04720000
vn 0.25170000 -0.96490000 -0.07490000
vn -0.18400000 -0.98140000 0.05470000
vn 0.24840000 -0.96490000 -0.08510000
vn -0.18170000 -0.98140000 0.06220000
vn 0.24470000 -0.96490000 -0.09530000
vn -0.17890000 -0.98140000 0.06970000
vn 0.24050000 -0.96490000 -0.10540000
vn -0.17580000 -0.98140000 0.07710000
vn 0.23580000 -0.96490000 -0.11550000
vn -0.17240000 -0.98140000 0.08440000
vn 0.23080000 -0.96490000 -0.12520000
vn -0.16880000 -0.98140000 0.09160000
vn 0.22540000 -0.96490000 -0.13470000
vn -0.16480000 -0.98140000 0.09850000
vn 0.21960000 -0.96490000 -0.14390000
vn -0.16060000 -0.98140000 0.10520000
vn 0.21340000 -0.96490000 -0.15300000
vn -0.15610000 -0.98140000 0.11190000
vn 0.20680000 -0.96490000 -0.16180000
vn -0.15120000 -0.98140000 0.11830000
vn 0.19980000 -0.96490000 -0.17040000
vn -0.14610000 -0.98140000 0.12460000
vn 0.19240000 -0.96490000 -0.17870000
vn -0.14070000 -0.98140000 0.13060000
vn 0.18470000 -0.96490000 -0.18660000
vn -0.13510000 -0.98140000 0.13650000
vn 0.17670000 -0.96490000 -0.19420000
vn -0.12920000 -0.98140000 0.14200000
vn 0.16830000 -0.96490000 -0.20150000
vn -0.12310000 -0.98140000 0.14740000
vn 0.15970000 -0.96490000 -0.20840000
vn -0.11680000 -0.98140000 0.15240000
vn 0.15080000 -0.96490000 -0.21490000
vn -0.11030000 -0.98140000 0.15720000
vn 0.14170000 -0.96490000 -0.22110000
vn -0.10360000 -0.98140000 0.16170000
vn 0.13240000 -0.96490000 -0.22680000
vn -0.09680000 -0.98140000 0.16580000
vn 0.12290000 -0.96490000 -0.23200000
vn -0.08980000 -0.98140000 0.16970000
vn 0.11320000 -0.96490000 -0.23690000
vn -0.08280000 -0.98140000 0.17330000
vn 0.10350000 -0.96490000 -0.24140000
vn -0.07560000 -0.98140000 0.17650000
vn 0.09360000 -0.96490000 -0.24530000
vn -0.06840000 -0.98140000 0.17940000
vn 0.08360000 -0.96490000 -0.24890000
vn -0.06120000 -0.98140000 0.18200000
vn 0.07370000 -0.96490000 -0.25200000
vn -0.05390000 -0.98140000 0.18430000
vn 0.06370000 -0.96490000 -0.25470000
vn -0.04660000 -0.98140000 0.18630000
vn 0.05370000 -0.96490000 -0.25700000
vn -0.03930000 -0.98140000 0.18800000
vn 0.04380000 -0.96490000 -0.25890000
vn -0.03200000 -0.98140000 0.18930000
vn 0.03330000 -0.96490000 -0.26040000
vn -0.02430000 -0.98140000 0.19040000
vn 0.02280000 -0.96490000 -0.26160000
vn -0.01670000 -0.98140000 0.19130000
vn 0.01250000 -0.96490000 -0.26230000
vn -0.00910000 -0.98140000 0.19180000
vn 0.00220000 -0.96490000 -0.26250000
vn -0.00160000 -0.98140000 0.19200000
vn -0.00530000 -0.96490000 -0.26250000
vn 0.00380000 -0.98140000 0.19200000
vn -0.01590000 -0.96490000 -0.26210000
vn 0.01160000 -0.98140000 0.19160000
vn -0.02640000 -0.96490000 -0.26120000
vn 0.01930000 -0.98140000 0.19100000
vn -0.03650000 -0.96490000 -0.26010000
vn 0.02670000 -0.98140000 0.19010000
vn -0.04660000 -0.96490000 -0.25840000
vn 0.03410000 -0.98140000 0.18900000
vn -0.05690000 -0.96490000 -0.25630000
vn 0.04160000 -0.98140000 0.18740000
vn -0.06720000 -0.96490000 -0.25390000
vn 0.04910000 -0.98140000 0.18560000
vn -0.07740000 -0.96490000 -0.25090000
vn 0.05660000 -0.98140000 0.18350000
vn -0.08770000 -0.96490000 -0.24750000
vn 0.06410000 -0.98140000 0.18100000
vn -0.09790000 -0.96490000 -0.24370000
vn 0.07150000 -0.98140000 0.17820000
vn -0.10800000 -0.96490000 -0.23940000
vn 0.07890000 -0.98140000 0.17500000
vn -0.11790000 -0.96490000 -0.23460000
vn 0.08630000 -0.98140000 0.17160000
vn -0.12760000 -0.96490000 -0.22950000
vn 0.09330000 -0.98140000 0.16780000
vn -0.13700000 -0.96490000 -0.22400000
vn 0.10020000 -0.98140000 0.16380000
vn -0.14620000 -0.96490000 -0.21810000
vn 0.10690000 -0.98140000 0.15950000
vn -0.15520000 -0.96490000 -0.21180000
vn 0.11350000 -0.98140000 0.15490000
vn -0.16400000 -0.96490000 -0.20510000
vn 0.11990000 -0.98140000 0.15000000
vn -0.17250000 -0.96490000 -0.19800000
vn 0.12610000 -0.98140000 0.14480000
vn -0.18070000 -0.96490000 -0.19050000
vn 0.13210000 -0.98140000 0.13930000
vn -0.18850000 -0.96490000 -0.18270000
vn 0.13790000 -0.98140000 0.13360000
vn -0.19610000 -0.96490000 -0.17460000
vn 0.14340000 -0.98140000 0.12770000
vn -0.20330000 -0.96490000 -0.16620000
vn 0.14870000 -0.98140000 0.12150000
vn -0.21010000 -0.96490000 -0.15750000
vn 0.15360000 -0.98140000 0.11520000
vn -0.21650000 -0.96490000 -0.14850000
vn 0.15830000 -0.98140000 0.10860000
vn -0.22250000 -0.96490000 -0.13940000
vn 0.16270000 -0.98140000 0.10190000
vn -0.22810000 -0.96490000 -0.13000000
vn 0.16680000 -0.98140000 0.09510000
vn -0.23330000 -0.96490000 -0.12050000
vn 0.17060000 -0.98140000 0.08810000
vn -0.23810000 -0.96490000 -0.11080000
vn 0.17410000 -0.98140000 0.08100000
vn -0.24240000 -0.96490000 -0.10100000
vn 0.17720000 -0.98140000 0.07380000
vn -0.24620000 -0.96490000 -0.09110000
vn 0.18010000 -0.98140000 0.06660000
vn -0.24970000 -0.96490000 -0.08110000
vn 0.18260000 -0.98140000 0.05930000
vn -0.25270000 -0.96490000 -0.07120000
vn 0.18480000 -0.98140000 0.05210000
vn -0.25540000 -0.96490000 -0.06120000
vn 0.18670000 -0.98140000 0.04470000
vn -0.25750000 -0.96490000 -0.05120000
vn 0.18830000 -0.98140000 0.03740000
vn -0.25940000 -0.96490000 -0.04080000
vn 0.18970000 -0.98140000 0.02980000
vn -0.26080000 -0.96490000 -0.03030000
vn 0.19070000 -0.98140000 0.02220000
vn -0.26180000 -0.96490000 -0.01990000
vn 0.19150000 -0.98140000 0.01450000
vn -0.26240000 -0.96490000 -0.00970000
vn 0.19190000 -0.98140000 0.00710000
vn -0.26260000 -0.96490000 -0.00000000
vn 0.19200000 -0.98140000 -0.00000000
vn -0.26250000 -0.96490000 0.00790000
vn 0.19190000 -0.98140000 -0.00580000
vn -0.26190000 -0.96490000 0.01860000
vn 0.19150000 -0.98140000 -0.01360000
vn -0.26100000 -0.96490000 0.02890000
vn 0.19080000 -0.98140000 -0.02110000
vn -0.25970000 -0.96490000 0.03900000
vn 0.18990000 -0.98140000 -0.02850000
vn -0.25790000 -0.96490000 0.04920000
vn 0.18860000 -0.98140000 -0.03600000
vn -0.25570000 -0.96490000 0.05940000
vn 0.18700000 -0.98140000 -0.04350000
vn -0.25320000 -0.96490000 0.06970000
vn 0.18510000 -0.98140000 -0.05100000
vn -0.25010000 -0.96490000 0.08000000
vn 0.18290000 -0.98140000 -0.05850000
vn -0.24660000 -0.96490000 0.09020000
vn 0.18030000 -0.98140000 -0.06600000
vn -0.24260000 -0.96490000 0.10040000
vn 0.17740000 -0.98140000 -0.07340000
vn -0.23820000 -0.96490000 0.11050000
vn 0.17420000 -0.98140000 -0.08080000
vn -0.23330000 -0.96490000 0.12040000
vn 0.17060000 -0.98140000 -0.08800000
vn -0.22820000 -0.96490000 0.12990000
vn 0.16690000 -0.98140000 -0.09500000
vn -0.22260000 -0.96490000 0.13930000
vn 0.16270000 -0.98140000 -0.10190000
vn -0.21660000 -0.96490000 0.14850000
vn 0.15830000 -0.98140000 -0.10860000
vn -0.21010000 -0.96490000 0.15740000
vn 0.15370000 -0.98140000 -0.11510000
vn -0.20330000 -0.96490000 0.16610000
vn 0.14870000 -0.98140000 -0.12150000
vn -0.19620000 -0.96490000 0.17460000
vn 0.14340000 -0.98140000 -0.12760000
vn -0.18860000 -0.96490000 0.18270000
vn 0.13790000 -0.98140000 -0.13360000
vn -0.18070000 -0.96490000 0.19050000
vn 0.13220000 -0.98140000 -0.13930000
vn -0.17250000 -0.96490000 0.19790000
vn 0.12620000 -0.98140000 -0.14470000
vn -0.16400000 -0.96490000 0.20500000
vn 0.11990000 -0.98140000 -0.14990000
vn -0.15530000 -0.96490000 0.21170000
vn 0.11360000 -0.98140000 -0.15490000
vn -0.14630000 -0.96490000 0.21810000
vn 0.10700000 -0.98140000 -0.15940000
vn -0.13700000 -0.96490000 0.22400000
vn 0.10020000 -0.98140000 -0.16380000
vn -0.12760000 -0.96490000 0.22940000
vn 0.09330000 -0.98140000 -0.16780000
vn -0.11810000 -0.96490000 0.23450000
vn 0.08630000 -0.98140000 -0.17150000
vn -0.10840000 -0.96490000 0.23920000
vn 0.07920000 -0.98140000 -0.17490000
vn -0.09850000 -0.96490000 0.24340000
vn 0.07200000 -0.98140000 -0.17800000
vn -0.08860000 -0.96490000 0.24720000
vn 0.06480000 -0.98140000 -0.18080000
vn -0.07870000 -0.96490000 0.25050000
vn 0.05750000 -0.98140000 -0.18320000
vn -0.06870000 -0.96490000 0.25340000
vn 0.05020000 -0.98140000 -0.18540000
vn -0.05870000 -0.96490000 0.25590000
vn 0.04290000 -0.98140000 -0.18710000
vn -0.04870000 -0.96490000 0.25800000
vn 0.03560000 -0.98140000 -0.18860000
vn -0.03830000 -0.96490000 0.25980000
vn 0.02800000 -0.98140000 -0.19000000
vn -0.02780000 -0.96490000 0.26110000
vn 0.02030000 -0.98140000 -0.19090000
vn -0.01740000 -0.96490000 0.26200000
vn 0.01270000 -0.98140000 -0.19160000
vn -0.00700000 -0.96490000 0.26250000
vn 0.00510000 -0.98140000 -0.19200000
vn -0.00000000 -0.82850000 0.56000000
vn -0.00000000 -0.96490000 0.26260000
vn 0.00000000 -0.98140000 -0.19200000
vn 0.00000000 -0.67440000 -0.73830000
vn 0.01570000 -0.67440000 -0.73820000
vn 0.03150000 -0.67440000 -0.73770000
vn 0.04720000 -0.67440000 -0.73680000
vn 0.05690000 -0.67440000 -0.73610000
vn 0.06650000 -0.67440000 -0.73530000
vn 0.08640000 -0.67440000 -0.73330000
vn 0.10610000 -0.67440000 -0.73070000
vn 0.11540000 -0.67440000 -0.72930000
vn 0.12460000 -0.67440000 -0.72780000
vn 0.14130000 -0.67440000 -0.72470000
vn 0.15790000 -0.67440000 -0.72130000
vn 0.17440000 -0.67440000 -0.71740000
vn 0.18380000 -0.67440000 -0.71510000
vn 0.19320000 -0.67440000 -0.71260000
vn 0.21240000 -0.67440000 -0.70710000
vn 0.23140000 -0.67440000 -0.70110000
vn 0.24020000 -0.67440000 -0.69810000
vn 0.24910000 -0.67440000 -0.69500000
vn 0.26500000 -0.67440000 -0.68920000
vn 0.28080000 -0.67440000 -0.68290000
vn 0.29640000 -0.67440000 -0.67630000
vn 0.30530000 -0.67440000 -0.67230000
vn 0.31400000 -0.67440000 -0.66820000
vn 0.33190000 -0.67440000 -0.65950000
vn 0.34960000 -0.67440000 -0.65030000
vn 0.35780000 -0.67440000 -0.64580000
vn 0.36600000 -0.67440000 -0.64120000
vn 0.38060000 -0.67440000 -0.63270000
vn 0.39510000 -0.67440000 -0.62370000
vn 0.40930000 -0.67440000 -0.61450000
vn 0.41730000 -0.67440000 -0.60910000
vn 0.42530000 -0.67440000 -0.60360000
vn 0.44140000 -0.67450000 -0.59180000
vn 0.45730000 -0.67440000 -0.57970000
vn 0.46450000 -0.67440000 -0.57390000
vn 0.47180000 -0.67440000 -0.56800000
vn 0.48470000 -0.67440000 -0.55700000
vn 0.49740000 -0.67440000 -0.54570000
vn 0.50980000 -0.67440000 -0.53410000
vn 0.51670000 -0.67440000 -0.52740000
vn 0.52360000 -0.67440000 -0.52050000
vn 0.53750000 -0.67440000 -0.50620000
vn 0.55100000 -0.67440000 -0.49150000
vn 0.55710000 -0.67440000 -0.48450000
vn 0.56320000 -0.67440000 -0.47740000
vn 0.57410000 -0.67440000 -0.46430000
vn 0.58460000 -0.67440000 -0.45100000
vn 0.59480000 -0.67440000 -0.43750000
vn 0.60040000 -0.67440000 -0.42970000
vn 0.60610000 -0.67440000 -0.42170000
vn 0.61730000 -0.67440000 -0.40520000
vn 0.62800000 -0.67440000 -0.38830000
vn 0.63280000 -0.67440000 -0.38040000
vn 0.63760000 -0.67440000 -0.37230000
vn 0.64600000 -0.67440000 -0.35760000
vn 0.65400000 -0.67440000 -0.34270000
vn 0.66170000 -0.67440000 -0.32750000
vn 0.66590000 -0.67440000 -0.31880000
vn 0.67010000 -0.67440000 -0.31000000
vn 0.67820000 -0.67440000 -0.29180000
vn 0.68590000 -0.67440000 -0.27340000
vn 0.68920000 -0.67440000 -0.26470000
vn 0.69250000 -0.67450000 -0.25600000
vn 0.69820000 -0.67440000 -0.24000000
vn 0.70360000 -0.67440000 -0.22390000
vn 0.70850000 -0.67440000 -0.20760000
vn 0.71120000 -0.67440000 -0.19840000
vn 0.71370000 -0.67440000 -0.18900000
vn 0.71860000 -0.67440000 -0.16960000
vn 0.72290000 -0.67440000 -0.15020000
vn 0.72470000 -0.67440000 -0.14100000
vn 0.72650000 -0.67440000 -0.13180000
vn 0.72930000 -0.67440000 -0.11510000
vn 0.73180000 -0.67440000 -0.09830000
vn 0.73380000 -0.67440000 -0.08150000
vn 0.73490000 -0.67440000 -0.07170000
vn 0.73570000 -0.67440000 -0.06220000
vn 0.73710000 -0.67440000 -0.04230000
vn 0.73800000 -0.67440000 -0.02230000
vn 0.73820000 -0.67440000 -0.01300000
vn 0.73830000 -0.67450000 -0.00370000
vn 0.73820000 -0.67440000 0.01330000
vn 0.73780000 -0.67440000 0.03030000
vn 0.73680000 -0.67440000 0.04720000
vn 0.73610000 -0.67440000 0.05700000
vn 0.73530000 -0.67440000 0.06660000
vn 0.73330000 -0.67440000 0.08640000
vn 0.73060000 -0.67450000 0.10610000
vn 0.72930000 -0.67440000 0.11540000
vn 0.72780000 -0.67440000 0.12460000
vn 0.72470000 -0.67440000 0.14130000
vn 0.72120000 -0.67440000 0.15790000
vn 0.71740000 -0.67440000 0.17440000
vn 0.71510000 -0.67440000 0.18390000
vn 0.71260000 -0.67440000 0.19320000
vn 0.70710000 -0.67440000 0.21240000
vn 0.70110000 -0.67440000 0.23140000
vn 0.69820000 -0.67440000 0.24020000
vn 0.69510000 -0.67440000 0.24910000
vn 0.68910000 -0.67440000 0.26500000
vn 0.68290000 -0.67440000 0.28080000
vn 0.67630000 -0.67440000 0.29640000
vn 0.67230000 -0.67440000 0.30520000
vn 0.66820000 -0.67450000 0.31400000
vn 0.65950000 -0.67440000 0.33200000
vn 0.65030000 -0.67440000 0.34960000
vn 0.64590000 -0.67440000 0.35780000
vn 0.64120000 -0.67440000 0.36600000
vn 0.63270000 -0.67440000 0.38060000
vn 0.62380000 -0.67440000 0.39510000
vn 0.61450000 -0.67440000 0.40930000
vn 0.60910000 -0.67440000 0.41740000
vn 0.60350000 -0.67440000 0.42530000
vn 0.59190000 -0.67440000 0.44140000
vn 0.57970000 -0.67440000 0.45730000
vn 0.57380000 -0.67440000 0.46460000
vn 0.56790000 -0.67440000 0.47180000
vn 0.55690000 -0.67440000 0.48470000
vn 0.54570000 -0.67440000 0.49740000
vn 0.53410000 -0.67440000 0.50980000
vn 0.52730000 -0.67440000 0.51680000
vn 0.52050000 -0.67440000 0.52360000
vn 0.50620000 -0.67440000 0.53750000
vn 0.49150000 -0.67440000 0.55100000
vn 0.48450000 -0.67440000 0.55710000
vn 0.47740000 -0.67440000 0.56320000
vn 0.46430000 -0.67440000 0.57410000
vn 0.45100000 -0.67440000 0.58460000
vn 0.43750000 -0.67440000 0.59480000
vn 0.42970000 -0.67440000 0.60050000
vn 0.42170000 -0.67440000 0.60610000
vn 0.40520000 -0.67440000 0.61720000
vn 0.38840000 -0.67440000 0.62800000
vn 0.38040000 -0.67440000 0.63280000
vn 0.37230000 -0.67440000 0.63760000
vn 0.35760000 -0.67440000 0.64600000
vn 0.34270000 -0.67440000 0.65400000
vn 0.32750000 -0.67440000 0.66170000
vn 0.31880000 -0.67440000 0.66590000
vn 0.31010000 -0.67440000 0.67010000
vn 0.29180000 -0.67440000 0.67820000
vn 0.27340000 -0.67440000 0.68580000
vn 0.26470000 -0.67440000 0.68930000
vn 0.25600000 -0.67440000 0.69260000
vn 0.24000000 -0.67440000 0.69830000
vn 0.22390000 -0.67440000 0.70360000
vn 0.20770000 -0.67440000 0.70850000
vn 0.19830000 -0.67440000 0.71120000
vn 0.18900000 -0.67440000 0.71370000
vn 0.16960000 -0.67440000 0.71860000
vn 0.15010000 -0.67440000 0.72290000
vn 0.14100000 -0.67440000 0.72470000
vn 0.13180000 -0.67440000 0.72650000
vn 0.11510000 -0.67440000 0.72930000
vn 0.09830000 -0.67440000 0.73180000
vn 0.08150000 -0.67440000 0.73390000
vn 0.07180000 -0.67440000 0.73480000
vn 0.06220000 -0.67440000 0.73570000
vn 0.04230000 -0.67440000 0.73710000
vn 0.02230000 -0.67440000 0.73800000
vn 0.01300000 -0.67440000 0.73820000
vn 0.00370000 -0.67440000 0.73830000
vn -0.01330000 -0.67440000 0.73820000
vn -0.03030000 -0.67440000 0.73770000
vn -0.04720000 -0.67440000 0.73680000
vn -0.05690000 -0.67440000 0.73610000
vn -0.06650000 -0.67440000 0.73530000
vn -0.08640000 -0.67440000 0.73330000
vn -0.10610000 -0.67440000 0.73070000
vn -0.11540000 -0.67440000 0.72930000
vn -0.12460000 -0.67440000 0.72770000
vn -0.14130000 -0.67440000 0.72470000
vn -0.15790000 -0.67440000 0.72120000
vn -0.17440000 -0.67440000 0.71740000
vn -0.18380000 -0.67440000 0.71510000
vn -0.19320000 -0.67440000 0.71260000
vn -0.21240000 -0.67440000 0.70710000
vn -0.23140000 -0.67440000 0.70110000
vn -0.24020000 -0.67440000 0.69820000
vn -0.24910000 -0.67440000 0.69510000
vn -0.26500000 -0.67440000 0.68920000
vn -0.28070000 -0.67440000 0.68290000
vn -0.29640000 -0.67440000 0.67620000
vn -0.30520000 -0.67440000 0.67230000
vn -0.31400000 -0.67440000 0.66820000
vn -0.33200000 -0.67440000 0.65950000
vn -0.34970000 -0.67440000 0.65030000
vn -0.35780000 -0.67440000 0.64580000
vn -0.36600000 -0.67440000 0.64120000
vn -0.38060000 -0.67440000 0.63270000
vn -0.39510000 -0.67450000 0.62370000
vn -0.40930000 -0.67440000 0.61450000
vn -0.41730000 -0.67440000 0.60910000
vn -0.42530000 -0.67440000 0.60350000
vn -0.44140000 -0.67440000 0.59180000
vn -0.45730000 -0.67440000 0.57970000
vn -0.46450000 -0.67440000 0.57390000
vn -0.47180000 -0.67440000 0.56800000
vn -0.48470000 -0.67440000 0.55700000
vn -0.49740000 -0.67440000 0.54570000
vn -0.50980000 -0.67440000 0.53410000
vn -0.51670000 -0.67440000 0.52740000
vn -0.52360000 -0.67440000 0.52050000
vn -0.53750000 -0.67440000 0.50620000
vn -0.55100000 -0.67440000 0.49150000
vn -0.55720000 -0.67440000 0.48450000
vn -0.56320000 -0.67440000 0.47740000
vn -0.57400000 -0.67440000 0.46430000
vn -0.58460000 -0.67440000 0.45100000
vn -0.59480000 -0.67440000 0.43750000
vn -0.60050000 -0.67440000 0.42960000
vn -0.60610000 -0.67440000 0.42170000
vn -0.61720000 -0.67440000 0.40520000
vn -0.62800000 -0.67440000 0.38840000
vn -0.63280000 -0.67440000 0.38040000
vn -0.63760000 -0.67440000 0.37230000
vn -0.64600000 -0.67440000 0.35760000
vn -0.65400000 -0.67440000 0.34270000
vn -0.66170000 -0.67440000 0.32750000
vn -0.66590000 -0.67440000 0.31890000
vn -0.67010000 -0.67440000 0.31000000
vn -0.67820000 -0.67440000 0.29180000
vn -0.68580000 -0.67440000 0.27340000
vn -0.68930000 -0.67440000 0.26470000
vn -0.69260000 -0.67440000 0.25600000
vn -0.69820000 -0.67440000 0.24000000
vn -0.70360000 -0.67440000 0.22390000
vn -0.70850000 -0.67440000 0.20770000
vn -0.71120000 -0.67440000 0.19840000
vn -0.71370000 -0.67440000 0.18900000
vn -0.71860000 -0.67440000 0.16960000
vn -0.72290000 -0.67440000 0.15020000
vn -0.72480000 -0.67440000 0.14100000
vn -0.72650000 -0.67440000 0.13180000
vn -0.72930000 -0.67440000 0.11510000
vn -0.73180000 -0.67440000 0.09830000
vn -0.73380000 -0.67440000 0.08150000
vn -0.73480000 -0.67440000 0.07190000
vn -0.73570000 -0.67440000 0.06220000
vn -0.73710000 -0.67440000 0.04230000
vn -0.73800000 -0.67440000 0.02230000
vn -0.73820000 -0.67440000 0.01300000
vn -0.73830000 -0.67440000 0.00370000
vn -0.73820000 -0.67440000 -0.01330000
vn -0.73770000 -0.67440000 -0.03020000
vn -0.73680000 -0.67440000 -0.04720000
vn -0.73610000 -0.67450000 -0.05690000
vn -0.73530000 -0.67440000 -0.06650000
vn -0.73330000 -0.67440000 -0.08640000
vn -0.73070000 -0.67440000 -0.10620000
vn -0.72930000 -0.67450000 -0.11540000
vn -0.72770000 -0.67440000 -0.12460000
vn -0.72470000 -0.67450000 -0.14130000
vn -0.72120000 -0.67440000 -0.15790000
vn -0.71740000 -0.67440000 -0.17440000
vn -0.71510000 -0.67440000 -0.18390000
vn -0.71260000 -0.67440000 -0.19320000
vn -0.70710000 -0.67440000 -0.21240000
vn -0.70110000 -0.67440000 -0.23140000
vn -0.69810000 -0.67440000 -0.24030000
vn -0.69500000 -0.67440000 -0.24910000
vn -0.68910000 -0.67440000 -0.26500000
vn -0.68290000 -0.67440000 -0.28080000
vn -0.67630000 -0.67440000 -0.29640000
vn -0.67230000 -0.67440000 -0.30530000
vn -0.66820000 -0.67440000 -0.31400000
vn -0.65950000 -0.67440000 -0.33200000
vn -0.65030000 -0.67440000 -0.34960000
vn -0.64580000 -0.67440000 -0.35790000
vn -0.64120000 -0.67440000 -0.36600000
vn -0.63270000 -0.67440000 -0.38060000
vn -0.62370000 -0.67450000 -0.39500000
vn -0.61450000 -0.67440000 -0.40930000
vn -0.60910000 -0.67440000 -0.41730000
vn -0.60350000 -0.67440000 -0.42530000
vn -0.59180000 -0.67440000 -0.44140000
vn -0.57970000 -0.67440000 -0.45730000
vn -0.57390000 -0.67440000 -0.46450000
vn -0.56800000 -0.67440000 -0.47180000
vn -0.55700000 -0.67440000 -0.48470000
vn -0.54570000 -0.67440000 -0.49740000
vn -0.53410000 -0.67440000 -0.50980000
vn -0.52740000 -0.67440000 -0.51670000
vn -0.52050000 -0.67440000 -0.52360000
vn -0.50620000 -0.67440000 -0.53750000
vn -0.49150000 -0.67440000 -0.55100000
vn -0.48450000 -0.67440000 -0.55720000
vn -0.47740000 -0.67440000 -0.56320000
vn -0.46430000 -0.67440000 -0.57410000
vn -0.45100000 -0.67440000 -0.58460000
vn -0.43750000 -0.67440000 -0.59480000
vn -0.42960000 -0.67440000 -0.60050000
vn -0.42170000 -0.67440000 -0.60610000
vn -0.40520000 -0.67440000 -0.61720000
vn -0.38840000 -0.67440000 -0.62800000
vn -0.38040000 -0.67440000 -0.63280000
vn -0.37230000 -0.67450000 -0.63760000
vn -0.35760000 -0.67440000 -0.64600000
vn -0.34260000 -0.67440000 -0.65400000
vn -0.32750000 -0.67440000 -0.66170000
vn -0.31890000 -0.67440000 -0.66590000
vn -0.31000000 -0.67440000 -0.67010000
vn -0.29180000 -0.67440000 -0.67820000
vn -0.27340000 -0.67440000 -0.68580000
vn -0.26470000 -0.67440000 -0.68930000
vn -0.25590000 -0.67440000 -0.69260000
vn -0.24000000 -0.67440000 -0.69820000
vn -0.22390000 -0.67440000 -0.70360000
vn -0.20760000 -0.67440000 -0.70850000
vn -0.19830000 -0.67440000 -0.71120000
vn -0.18900000 -0.67440000 -0.71380000
vn -0.16960000 -0.67440000 -0.71860000
vn -0.15020000 -0.67440000 -0.72290000
vn -0.14100000 -0.67440000 -0.72470000
vn -0.13180000 -0.67440000 -0.72650000
vn -0.11510000 -0.67440000 -0.72930000
vn -0.09830000 -0.67440000 -0.73180000
vn -0.08150000 -0.67440000 -0.73380000
vn -0.07180000 -0.67440000 -0.73480000
vn -0.06220000 -0.67440000 -0.73570000
vn -0.04230000 -0.67440000 -0.73710000
vn -0.02230000 -0.67440000 -0.73800000
vn -0.01300000 -0.67440000 -0.73820000
vn -0.00370000 -0.67440000 -0.73830000
vn -0.01980000 -0.87000000 -0.49260000
vn -0.00000000 -0.87000000 -0.49300000
vn -0.00380000 -0.98140000 -0.19200000
vn -0.00990000 -0.87000000 -0.49290000
vn 0.01240000 -0.82850000 0.55990000
vn 0.02500000 -0.82850000 0.55940000
vn 0.03760000 -0.82850000 0.55880000
vn 0.05030000 -0.82850000 0.55780000
vn 0.06310000 -0.82850000 0.55650000
vn 0.07600000 -0.82850000 0.55480000
vn 0.08890000 -0.82850000 0.55290000
vn 0.10190000 -0.82850000 0.55070000
vn 0.11490000 -0.82850000 0.54810000
vn 0.12800000 -0.82850000 0.54520000
vn 0.14100000 -0.82850000 0.54200000
vn 0.15410000 -0.82850000 0.53840000
vn 0.16720000 -0.82850000 0.53450000
vn 0.18020000 -0.82850000 0.53030000
vn 0.19320000 -0.82850000 0.52560000
vn 0.20620000 -0.82850000 0.52070000
vn 0.21900000 -0.82850000 0.51540000
vn 0.23180000 -0.82850000 0.50980000
vn 0.24460000 -0.82850000 0.50380000
vn 0.25720000 -0.82850000 0.49750000
vn 0.26970000 -0.82850000 0.49080000
vn 0.28210000 -0.82850000 0.48380000
vn 0.29440000 -0.82850000 0.47640000
vn 0.30640000 -0.82850000 0.46870000
vn 0.31840000 -0.82850000 0.46070000
vn 0.33010000 -0.82850000 0.45240000
vn 0.34170000 -0.82850000 0.44370000
vn 0.35300000 -0.82850000 0.43480000
vn 0.36410000 -0.82850000 0.42550000
vn 0.37500000 -0.82850000 0.41600000
vn 0.38560000 -0.82850000 0.40610000
vn 0.39600000 -0.82850000 0.39600000
vn 0.40610000 -0.82850000 0.38560000
vn 0.41600000 -0.82850000 0.37500000
vn 0.42550000 -0.82850000 0.36410000
vn 0.43480000 -0.82850000 0.35300000
vn 0.44370000 -0.82850000 0.34160000
vn 0.45240000 -0.82850000 0.33010000
vn 0.46070000 -0.82850000 0.31840000
vn 0.46870000 -0.82850000 0.30640000
vn 0.47640000 -0.82850000 0.29440000
vn 0.48380000 -0.82850000 0.28210000
vn 0.49080000 -0.82850000 0.26970000
vn 0.49750000 -0.82850000 0.25720000
vn 0.50380000 -0.82850000 0.24460000
vn 0.50980000 -0.82850000 0.23190000
vn 0.51540000 -0.82850000 0.21900000
vn 0.52070000 -0.82850000 0.20610000
vn 0.52560000 -0.82850000 0.19320000
vn 0.53020000 -0.82850000 0.18020000
vn 0.53450000 -0.82850000 0.16710000
vn 0.53840000 -0.82850000 0.15410000
vn 0.54200000 -0.82850000 0.14100000
vn 0.54520000 -0.82850000 0.12800000
vn 0.54810000 -0.82850000 0.11490000
vn 0.55070000 -0.82850000 0.10190000
vn 0.55290000 -0.82850000 0.08890000
vn 0.55480000 -0.82850000 0.07600000
vn 0.55650000 -0.82850000 0.06310000
vn 0.55780000 -0.82850000 0.05030000
vn 0.55870000 -0.82850000 0.03760000
vn 0.55950000 -0.82850000 0.02500000
vn 0.55990000 -0.82850000 0.01240000
vn 0.56000000 -0.82850000 -0.00000000
vn 0.55990000 -0.82850000 -0.01240000
vn 0.55950000 -0.82850000 -0.02500000
vn 0.55880000 -0.82850000 -0.03760000
vn 0.55770000 -0.82850000 -0.05030000
vn 0.55640000 -0.82850000 -0.06310000
vn 0.55480000 -0.82850000 -0.07600000
vn 0.55290000 -0.82850000 -0.08890000
vn 0.55070000 -0.82850000 -0.10190000
vn 0.54810000 -0.82850000 -0.11490000
vn 0.54520000 -0.82850000 -0.12800000
vn 0.54200000 -0.82850000 -0.14100000
vn 0.53840000 -0.82850000 -0.15410000
vn 0.53450000 -0.82850000 -0.16720000
vn 0.53020000 -0.82850000 -0.18020000
vn 0.52570000 -0.82850000 -0.19320000
vn 0.52070000 -0.82850000 -0.20620000
vn 0.51540000 -0.82850000 -0.21900000
vn 0.50980000 -0.82850000 -0.23190000
vn 0.50380000 -0.82850000 -0.24460000
vn 0.49750000 -0.82850000 -0.25720000
vn 0.49080000 -0.82850000 -0.26970000
vn 0.48380000 -0.82850000 -0.28210000
vn 0.47640000 -0.82850000 -0.29440000
vn 0.46870000 -0.82850000 -0.30640000
vn 0.46070000 -0.82850000 -0.31840000
vn 0.45240000 -0.82850000 -0.33010000
vn 0.44370000 -0.82850000 -0.34160000
vn 0.43480000 -0.82850000 -0.35300000
vn 0.42550000 -0.82850000 -0.36410000
vn 0.41590000 -0.82850000 -0.37500000
vn 0.40610000 -0.82850000 -0.38560000
vn 0.39600000 -0.82850000 -0.39600000
vn 0.38560000 -0.82850000 -0.40610000
vn 0.37500000 -0.82850000 -0.41590000
vn 0.36410000 -0.82850000 -0.42550000
vn 0.35300000 -0.82850000 -0.43480000
vn 0.34170000 -0.82850000 -0.44370000
vn 0.33010000 -0.82850000 -0.45240000
vn 0.31840000 -0.82850000 -0.46070000
vn 0.30650000 -0.82850000 -0.46870000
vn 0.29440000 -0.82850000 -0.47640000
vn 0.28210000 -0.82850000 -0.48380000
vn 0.26970000 -0.82850000 -0.49080000
vn 0.25720000 -0.82850000 -0.49750000
vn 0.24460000 -0.82850000 -0.50380000
vn 0.23190000 -0.82850000 -0.50980000
vn 0.21900000 -0.82850000 -0.51540000
vn 0.20610000 -0.82850000 -0.52070000
vn 0.19320000 -0.82850000 -0.52570000
vn 0.18020000 -0.82850000 -0.53020000
vn 0.16720000 -0.82850000 -0.53450000
vn 0.15410000 -0.82850000 -0.53840000
vn 0.14100000 -0.82850000 -0.54200000
vn 0.12800000 -0.82850000 -0.54520000
vn 0.11490000 -0.82850000 -0.54810000
vn 0.10190000 -0.82850000 -0.55070000
vn 0.08890000 -0.82850000 -0.55290000
vn 0.07600000 -0.82850000 -0.55480000
vn 0.06310000 -0.82850000 -0.55640000
vn 0.05030000 -0.82850000 -0.55770000
vn 0.03760000 -0.82850000 -0.55880000
vn 0.02500000 -0.82850000 -0.55950000
vn 0.01240000 -0.82850000 -0.55990000
vn -0.00000000 -0.82850000 -0.56000000
vn -0.01240000 -0.82850000 -0.55990000
vn -0.02500000 -0.82850000 -0.55950000
vn -0.03760000 -0.82850000 -0.55880000
vn -0.05030000 -0.82850000 -0.55770000
vn -0.06310000 -0.82850000 -0.55650000
vn -0.07600000 -0.82850000 -0.55480000
vn -0.08890000 -0.82850000 -0.55290000
vn -0.10190000 -0.82850000 -0.55070000
vn -0.11490000 -0.82850000 -0.54810000
vn -0.12800000 -0.82850000 -0.54520000
vn -0.14100000 -0.82850000 -0.54200000
vn -0.15410000 -0.82850000 -0.53840000
vn -0.16710000 -0.82850000 -0.53450000
vn -0.18020000 -0.82850000 -0.53030000
vn -0.19320000 -0.82850000 -0.52560000
vn -0.20610000 -0.82850000 -0.52070000
vn -0.21900000 -0.82850000 -0.51540000
vn -0.23180000 -0.82850000 -0.50980000
vn -0.24460000 -0.82850000 -0.50380000
vn -0.25720000 -0.82850000 -0.49740000
vn -0.26970000 -0.82850000 -0.49080000
vn -0.28210000 -0.82850000 -0.48380000
vn -0.29440000 -0.82850000 -0.47640000
vn -0.30650000 -0.82850000 -0.46880000
vn -0.31840000 -0.82850000 -0.46070000
vn -0.33010000 -0.82850000 -0.45240000
vn -0.34160000 -0.82850000 -0.44370000
vn -0.35300000 -0.82850000 -0.43480000
vn -0.36410000 -0.82850000 -0.42550000
vn -0.37500000 -0.82850000 -0.41600000
vn -0.38560000 -0.82850000 -0.40610000
vn -0.39600000 -0.82850000 -0.39600000
vn -0.40610000 -0.82850000 -0.38560000
vn -0.41600000 -0.82850000 -0.37500000
vn -0.42550000 -0.82850000 -0.36410000
vn -0.43480000 -0.82850000 -0.35300000
vn -0.44370000 -0.82850000 -0.34170000
vn -0.45240000 -0.82850000 -0.33010000
vn -0.46070000 -0.82850000 -0.31840000
vn -0.46870000 -0.82850000 -0.30640000
vn -0.47640000 -0.82850000 -0.29440000
vn -0.48380000 -0.82850000 -0.28210000
vn -0.49080000 -0.82850000 -0.26970000
vn -0.49740000 -0.82850000 -0.25720000
vn -0.50380000 -0.82850000 -0.24460000
vn -0.50980000 -0.82850000 -0.23190000
vn -0.51540000 -0.82850000 -0.21900000
vn -0.52070000 -0.82850000 -0.20610000
vn -0.52560000 -0.82850000 -0.19320000
vn -0.53020000 -0.82850000 -0.18020000
vn -0.53450000 -0.82850000 -0.16710000
vn -0.53840000 -0.82850000 -0.15410000
vn -0.54200000 -0.82850000 -0.14100000
vn -0.54520000 -0.82850000 -0.12800000
vn -0.54810000 -0.82850000 -0.11490000
vn -0.55070000 -0.82850000 -0.10190000
vn -0.55290000 -0.82850000 -0.08890000
vn -0.55480000 -0.82850000 -0.07600000
vn -0.55650000 -0.82850000 -0.06310000
vn -0.55780000 -0.82850000 -0.05030000
vn -0.55880000 -0.82850000 -0.03760000
vn -0.55950000 -0.82850000 -0.02500000
vn -0.55990000 -0.82850000 -0.01240000
vn -0.56000000 -0.82850000 -0.00000000
vn -0.55990000 -0.82850000 0.01240000
vn -0.55950000 -0.82850000 0.02500000
vn -0.55880000 -0.82850000 0.03760000
vn -0.55780000 -0.82850000 0.05030000
vn -0.55650000 -0.82850000 0.06310000
vn -0.55480000 -0.82850000 0.07600000
vn -0.55290000 -0.82850000 0.08890000
vn -0.55070000 -0.82850000 0.10190000
vn -0.54810000 -0.82850000 0.11490000
vn -0.54520000 -0.82850000 0.12800000
vn -0.54200000 -0.82850000 0.14100000
vn -0.53840000 -0.82850000 0.15410000
vn -0.53450000 -0.82850000 0.16710000
vn -0.53030000 -0.82850000 0.18020000
vn -0.52570000 -0.82850000 0.19320000
vn -0.52070000 -0.82850000 0.20610000
vn -0.51540000 -0.82850000 0.21900000
vn -0.50980000 -0.82850000 0.23180000
vn -0.50380000 -0.82850000 0.24460000
vn -0.49750000 -0.82850000 0.25720000
vn -0.49080000 -0.82850000 0.26970000
vn -0.48380000 -0.82850000 0.28210000
vn -0.47640000 -0.82850000 0.29440000
vn -0.46880000 -0.82850000 0.30650000
vn -0.46070000 -0.82850000 0.31840000
vn -0.45240000 -0.82850000 0.33010000
vn -0.44370000 -0.82850000 0.34160000
vn -0.43480000 -0.82850000 0.35300000
vn -0.42550000 -0.82850000 0.36410000
vn -0.41590000 -0.82850000 0.37500000
vn -0.40610000 -0.82850000 0.38560000
vn -0.39600000 -0.82850000 0.39600000
vn -0.38560000 -0.82850000 0.40610000
vn -0.37500000 -0.82850000 0.41590000
vn -0.36410000 -0.82850000 0.42550000
vn -0.35300000 -0.82850000 0.43480000
vn -0.34160000 -0.82850000 0.44370000
vn -0.33010000 -0.82850000 0.45240000
vn -0.31840000 -0.82850000 0.46070000
vn -0.30640000 -0.82850000 0.46870000
vn -0.29440000 -0.82850000 0.47640000
vn -0.28210000 -0.82850000 0.48380000
vn -0.26970000 -0.82850000 0.49080000
vn -0.25720000 -0.82850000 0.49750000
vn -0.24460000 -0.82850000 0.50380000
vn -0.23190000 -0.82850000 0.50980000
vn -0.21900000 -0.82850000 0.51540000
vn -0.20610000 -0.82850000 0.52070000
vn -0.19320000 -0.82850000 0.52560000
vn -0.18020000 -0.82850000 0.53030000
vn -0.16710000 -0.82850000 0.53450000
vn -0.15410000 -0.82850000 0.53840000
vn -0.14100000 -0.82850000 0.54200000
vn -0.12800000 -0.82850000 0.54520000
vn -0.11490000 -0.82850000 0.54810000
vn -0.10190000 -0.82850000 0.55070000
vn -0.08890000 -0.82850000 0.55290000
vn -0.07600000 -0.82850000 0.55490000
vn -0.06310000 -0.82850000 0.55650000
vn -0.05030000 -0.82850000 0.55770000
vn -0.03760000 -0.82850000 0.55880000
vn -0.02500000 -0.82850000 0.55950000
vn -0.01240000 -0.82850000 0.55990000
vn -0.00000000 -0.87000000 -0.49300000
vn 0.01310000 -0.87000000 -0.49290000
vn 0.00250000 -0.98140000 -0.19200000
vn 0.00650000 -0.87000000 -0.49300000
vn 0.00000000 0.82850000 0.56000000
vn 0.00000000 0.96490000 0.26260000
vn -0.00070000 0.98140000 -0.19200000
vn 0.00000000 0.67450000 -0.73830000
vn 0.01050000 0.96490000 0.26240000
vn -0.00770000 0.98140000 -0.19180000
vn 0.02120000 0.96490000 0.26170000
vn -0.01550000 0.98140000 -0.19140000
vn 0.03140000 0.96490000 0.26070000
vn -0.02280000 0.98140000 -0.19060000
vn 0.04150000 0.96490000 0.25930000
vn -0.03020000 0.98140000 -0.18960000
vn 0.05180000 0.96490000 0.25740000
vn -0.03750000 0.98140000 -0.18830000
vn 0.06200000 0.96490000 0.25520000
vn -0.04510000 0.98140000 -0.18660000
vn 0.07230000 0.96490000 0.25240000
vn -0.05280000 0.98140000 -0.18460000
vn 0.08250000 0.96490000 0.24920000
vn -0.06040000 0.98140000 -0.18230000
vn 0.09280000 0.96490000 0.24560000
vn -0.06780000 0.98140000 -0.17960000
vn 0.10290000 0.96490000 0.24160000
vn -0.07530000 0.98140000 -0.17670000
vn 0.11300000 0.96490000 0.23700000
vn -0.08260000 0.98140000 -0.17340000
vn 0.12280000 0.96490000 0.23210000
vn -0.08990000 0.98140000 -0.16970000
vn 0.13230000 0.96490000 0.22680000
vn -0.09670000 0.98140000 -0.16580000
vn 0.14160000 0.96490000 0.22110000
vn -0.10330000 0.98140000 -0.16180000
vn 0.15080000 0.96490000 0.21500000
vn -0.11020000 0.98140000 -0.15720000
vn 0.15960000 0.96490000 0.20850000
vn -0.11690000 0.98140000 -0.15240000
vn 0.16830000 0.96490000 0.20160000
vn -0.12330000 0.98140000 -0.14720000
vn 0.17660000 0.96490000 0.19430000
vn -0.12940000 0.98140000 -0.14190000
vn 0.18470000 0.96490000 0.18670000
vn -0.13530000 0.98140000 -0.13630000
vn 0.19240000 0.96490000 0.17870000
vn -0.14050000 0.98140000 -0.13090000
vn 0.19980000 0.96490000 0.17050000
vn -0.14610000 0.98140000 -0.12460000
vn 0.20670000 0.96490000 0.16190000
vn -0.15140000 0.98140000 -0.11810000
vn 0.21330000 0.96490000 0.15300000
vn -0.15610000 0.98140000 -0.11180000
vn 0.21960000 0.96490000 0.14400000
vn -0.16060000 0.98140000 -0.10530000
vn 0.22540000 0.96490000 0.13470000
vn -0.16470000 0.98140000 -0.09870000
vn 0.23070000 0.96490000 0.12520000
vn -0.16860000 0.98140000 -0.09190000
vn 0.23570000 0.96490000 0.11560000
vn -0.17230000 0.98140000 -0.08470000
vn 0.24030000 0.96490000 0.10590000
vn -0.17580000 0.98140000 -0.07720000
vn 0.24440000 0.96490000 0.09600000
vn -0.17870000 0.98140000 -0.07020000
vn 0.24810000 0.96490000 0.08610000
vn -0.18140000 0.98140000 -0.06280000
vn 0.25130000 0.96490000 0.07620000
vn -0.18380000 0.98140000 -0.05570000
vn 0.25410000 0.96490000 0.06620000
vn -0.18580000 0.98140000 -0.04840000
vn 0.25650000 0.96490000 0.05620000
vn -0.18760000 0.98140000 -0.04090000
vn 0.25850000 0.96490000 0.04620000
vn -0.18910000 0.98140000 -0.03350000
vn 0.26010000 0.96490000 0.03580000
vn -0.19030000 0.98140000 -0.02580000
vn 0.26140000 0.96490000 0.02530000
vn -0.19110000 0.98140000 -0.01830000
vn 0.26220000 0.96490000 0.01490000
vn -0.19170000 0.98140000 -0.01100000
vn 0.26260000 0.96490000 0.00460000
vn -0.19200000 0.98140000 -0.00360000
vn 0.26260000 0.96490000 -0.00260000
vn -0.19200000 0.98140000 0.00190000
vn 0.26220000 0.96490000 -0.01320000
vn -0.19180000 0.98140000 0.00970000
vn 0.26150000 0.96490000 -0.02380000
vn -0.19120000 0.98140000 0.01770000
vn 0.26030000 0.96490000 -0.03390000
vn -0.19040000 0.98140000 0.02490000
vn 0.25890000 0.96490000 -0.04410000
vn -0.18930000 0.98140000 0.03240000
vn 0.25690000 0.96490000 -0.05430000
vn -0.18780000 0.98140000 0.04010000
vn 0.25450000 0.96490000 -0.06460000
vn -0.18610000 0.98140000 0.04740000
vn 0.25170000 0.96490000 -0.07490000
vn -0.18400000 0.98140000 0.05480000
vn 0.24840000 0.96490000 -0.08510000
vn -0.18170000 0.98140000 0.06210000
vn 0.24470000 0.96490000 -0.09530000
vn -0.17900000 0.98140000 0.06940000
vn 0.24050000 0.96490000 -0.10540000
vn -0.17590000 0.98140000 0.07690000
vn 0.23580000 0.96490000 -0.11550000
vn -0.17240000 0.98140000 0.08450000
vn 0.23080000 0.96490000 -0.12520000
vn -0.16880000 0.98140000 0.09150000
vn 0.22540000 0.96490000 -0.13470000
vn -0.16470000 0.98140000 0.09860000
vn 0.21960000 0.96490000 -0.14390000
vn -0.16060000 0.98140000 0.10530000
vn 0.21340000 0.96490000 -0.15300000
vn -0.15620000 0.98140000 0.11170000
vn 0.20680000 0.96490000 -0.16180000
vn -0.15130000 0.98140000 0.11820000
vn 0.19980000 0.96490000 -0.17040000
vn -0.14610000 0.98140000 0.12460000
vn 0.19240000 0.96490000 -0.17860000
vn -0.14070000 0.98140000 0.13060000
vn 0.18470000 0.96490000 -0.18660000
vn -0.13490000 0.98140000 0.13660000
vn 0.17670000 0.96490000 -0.19420000
vn -0.12900000 0.98140000 0.14220000
vn 0.16830000 0.96490000 -0.20150000
vn -0.12310000 0.98140000 0.14740000
vn 0.15970000 0.96490000 -0.20840000
vn -0.11690000 0.98140000 0.15240000
vn 0.15080000 0.96490000 -0.21500000
vn -0.11030000 0.98140000 0.15720000
vn 0.14170000 0.96490000 -0.22110000
vn -0.10360000 0.98140000 0.16160000
vn 0.13240000 0.96490000 -0.22680000
vn -0.09660000 0.98140000 0.16600000
vn 0.12290000 0.96490000 -0.23200000
vn -0.08950000 0.98140000 0.16980000
vn 0.11320000 0.96490000 -0.23690000
vn -0.08260000 0.98140000 0.17330000
vn 0.10350000 0.96490000 -0.24130000
vn -0.07570000 0.98140000 0.17650000
vn 0.09360000 0.96490000 -0.24530000
vn -0.06860000 0.98140000 0.17930000
vn 0.08360000 0.96490000 -0.24890000
vn -0.06150000 0.98140000 0.18190000
vn 0.07370000 0.96490000 -0.25200000
vn -0.05410000 0.98140000 0.18430000
vn 0.06370000 0.96490000 -0.25470000
vn -0.04670000 0.98140000 0.18620000
vn 0.05370000 0.96490000 -0.25700000
vn -0.03950000 0.98140000 0.18790000
vn 0.04380000 0.96490000 -0.25890000
vn -0.03200000 0.98140000 0.18930000
vn 0.03330000 0.96490000 -0.26040000
vn -0.02470000 0.98140000 0.19040000
vn 0.02280000 0.96490000 -0.26160000
vn -0.01670000 0.98140000 0.19130000
vn 0.01250000 0.96490000 -0.26230000
vn -0.00920000 0.98140000 0.19180000
vn 0.00220000 0.96490000 -0.26250000
vn -0.00170000 0.98140000 0.19200000
vn -0.00530000 0.96490000 -0.26250000
vn 0.00360000 0.98140000 0.19200000
vn -0.01590000 0.96490000 -0.26210000
vn 0.01130000 0.98140000 0.19170000
vn -0.02640000 0.96490000 -0.26120000
vn 0.01900000 0.98140000 0.19100000
vn -0.03650000 0.96490000 -0.26000000
vn 0.02670000 0.98140000 0.19010000
vn -0.04660000 0.96490000 -0.25840000
vn 0.03410000 0.98140000 0.18900000
vn -0.05690000 0.96490000 -0.25630000
vn 0.04160000 0.98140000 0.18750000
vn -0.06720000 0.96490000 -0.25390000
vn 0.04910000 0.98140000 0.18560000
vn -0.07740000 0.96490000 -0.25090000
vn 0.05640000 0.98140000 0.18350000
vn -0.08770000 0.96490000 -0.24750000
vn 0.06420000 0.98140000 0.18100000
vn -0.09790000 0.96490000 -0.24370000
vn 0.07180000 0.98140000 0.17810000
vn -0.10800000 0.96490000 -0.23940000
vn 0.07910000 0.98140000 0.17500000
vn -0.11790000 0.96490000 -0.23460000
vn 0.08620000 0.98140000 0.17150000
vn -0.12760000 0.96490000 -0.22950000
vn 0.09310000 0.98140000 0.16790000
vn -0.13700000 0.96490000 -0.22400000
vn 0.09980000 0.98140000 0.16400000
vn -0.14620000 0.96490000 -0.21810000
vn 0.10680000 0.98140000 0.15950000
vn -0.15520000 0.96490000 -0.21180000
vn 0.11370000 0.98140000 0.15470000
vn -0.16400000 0.96490000 -0.20510000
vn 0.11970000 0.98140000 0.15020000
vn -0.17250000 0.96490000 -0.19800000
vn 0.12600000 0.98140000 0.14490000
vn -0.18070000 0.96490000 -0.19050000
vn 0.13190000 0.98140000 0.13950000
vn -0.18850000 0.96490000 -0.18270000
vn 0.13780000 0.98140000 0.13380000
vn -0.19610000 0.96490000 -0.17460000
vn 0.14340000 0.98140000 0.12770000
vn -0.20330000 0.96490000 -0.16620000
vn 0.14890000 0.98140000 0.12120000
vn -0.21010000 0.96490000 -0.15750000
vn 0.15360000 0.98140000 0.11520000
vn -0.21650000 0.96490000 -0.14850000
vn 0.15820000 0.98140000 0.10870000
vn -0.22250000 0.96490000 -0.13940000
vn 0.16270000 0.98140000 0.10190000
vn -0.22810000 0.96490000 -0.13000000
vn 0.16680000 0.98140000 0.09510000
vn -0.23330000 0.96490000 -0.12050000
vn 0.17040000 0.98140000 0.08840000
vn -0.23810000 0.96490000 -0.11080000
vn 0.17410000 0.98140000 0.08100000
vn -0.24240000 0.96490000 -0.10100000
vn 0.17720000 0.98140000 0.07380000
vn -0.24620000 0.96490000 -0.09110000
vn 0.18010000 0.98140000 0.06640000
vn -0.24970000 0.96490000 -0.08120000
vn 0.18270000 0.98140000 0.05900000
vn -0.25280000 0.96490000 -0.07120000
vn 0.18480000 0.98140000 0.05190000
vn -0.25540000 0.96490000 -0.06120000
vn 0.18680000 0.98140000 0.04460000
vn -0.25750000 0.96490000 -0.05120000
vn 0.18830000 0.98140000 0.03770000
vn -0.25940000 0.96490000 -0.04080000
vn 0.18970000 0.98140000 0.03000000
vn -0.26080000 0.96490000 -0.03030000
vn 0.19070000 0.98140000 0.02220000
vn -0.26180000 0.96490000 -0.01990000
vn 0.19140000 0.98140000 0.01480000
vn -0.26240000 0.96490000 -0.00970000
vn 0.19190000 0.98140000 0.00700000
vn -0.26250000 0.96490000 -0.00000000
vn 0.19200000 0.98140000 -0.00020000
vn -0.26250000 0.96490000 0.00790000
vn 0.19190000 0.98140000 -0.00580000
vn -0.26190000 0.96490000 0.01860000
vn 0.19150000 0.98140000 -0.01360000
vn -0.26100000 0.96490000 0.02890000
vn 0.19080000 0.98140000 -0.02140000
vn -0.25970000 0.96490000 0.03900000
vn 0.18990000 0.98140000 -0.02850000
vn -0.25790000 0.96490000 0.04920000
vn 0.18850000 0.98140000 -0.03620000
vn -0.25570000 0.96490000 0.05950000
vn 0.18700000 0.98140000 -0.04350000
vn -0.25320000 0.96490000 0.06970000
vn 0.18510000 0.98140000 -0.05100000
vn -0.25010000 0.96490000 0.08000000
vn 0.18280000 0.98140000 -0.05870000
vn -0.24660000 0.96490000 0.09020000
vn 0.18030000 0.98140000 -0.06600000
vn -0.24260000 0.96490000 0.10040000
vn 0.17740000 0.98140000 -0.07340000
vn -0.23820000 0.96490000 0.11050000
vn 0.17420000 0.98140000 -0.08080000
vn -0.23340000 0.96490000 0.12040000
vn 0.17070000 0.98140000 -0.08800000
vn -0.22820000 0.96490000 0.12990000
vn 0.16680000 0.98140000 -0.09520000
vn -0.22260000 0.96490000 0.13930000
vn 0.16250000 0.98140000 -0.10220000
vn -0.21660000 0.96490000 0.14850000
vn 0.15830000 0.98140000 -0.10870000
vn -0.21010000 0.96490000 0.15740000
vn 0.15370000 0.98140000 -0.11500000
vn -0.20330000 0.96490000 0.16610000
vn 0.14880000 0.98140000 -0.12140000
vn -0.19620000 0.96490000 0.17460000
vn 0.14350000 0.98140000 -0.12760000
vn -0.18860000 0.96490000 0.18270000
vn 0.13790000 0.98140000 -0.13360000
vn -0.18070000 0.96490000 0.19050000
vn 0.13210000 0.98140000 -0.13940000
vn -0.17250000 0.96490000 0.19790000
vn 0.12630000 0.98140000 -0.14460000
vn -0.16400000 0.96490000 0.20500000
vn 0.12030000 0.98140000 -0.14970000
vn -0.15530000 0.96490000 0.21170000
vn 0.11370000 0.98140000 -0.15470000
vn -0.14630000 0.96490000 0.21810000
vn 0.10680000 0.98140000 -0.15950000
vn -0.13700000 0.96490000 0.22400000
vn 0.10020000 0.98140000 -0.16380000
vn -0.12760000 0.96490000 0.22940000
vn 0.09330000 0.98140000 -0.16780000
vn -0.11810000 0.96490000 0.23450000
vn 0.08630000 0.98140000 -0.17150000
vn -0.10830000 0.96490000 0.23920000
vn 0.07940000 0.98140000 -0.17480000
vn -0.09850000 0.96490000 0.24340000
vn 0.07200000 0.98140000 -0.17800000
vn -0.08860000 0.96490000 0.24720000
vn 0.06480000 0.98140000 -0.18080000
vn -0.07870000 0.96490000 0.25050000
vn 0.05770000 0.98140000 -0.18320000
vn -0.06870000 0.96490000 0.25340000
vn 0.05020000 0.98140000 -0.18530000
vn -0.05870000 0.96490000 0.25590000
vn 0.04320000 0.98140000 -0.18710000
vn -0.04870000 0.96490000 0.25800000
vn 0.03570000 0.98140000 -0.18870000
vn -0.03830000 0.96490000 0.25980000
vn 0.02820000 0.98140000 -0.18990000
vn -0.02780000 0.96490000 0.26110000
vn 0.02040000 0.98140000 -0.19090000
vn -0.01740000 0.96490000 0.26200000
vn 0.01270000 0.98140000 -0.19160000
vn -0.00700000 0.96490000 0.26250000
vn 0.00510000 0.98140000 -0.19200000
vn 0.00000000 0.82850000 0.56000000
vn 0.00000000 0.96490000 0.26260000
vn -0.00000000 0.98140000 -0.19200000
vn 0.00000000 0.67450000 -0.73830000
vn 0.00750000 0.67450000 -0.73830000
vn 0.01720000 0.67440000 -0.73810000
vn 0.03410000 0.67440000 -0.73760000
vn 0.05110000 0.67440000 -0.73660000
vn 0.06800000 0.67440000 -0.73520000
vn 0.07730000 0.67440000 -0.73430000
vn 0.08660000 0.67440000 -0.73320000
vn 0.10630000 0.67440000 -0.73060000
vn 0.12600000 0.67440000 -0.72750000
vn 0.13560000 0.67440000 -0.72580000
vn 0.14510000 0.67440000 -0.72390000
vn 0.16170000 0.67440000 -0.72040000
vn 0.17820000 0.67440000 -0.71650000
vn 0.19460000 0.67440000 -0.71220000
vn 0.20370000 0.67440000 -0.70970000
vn 0.21260000 0.67440000 -0.70710000
vn 0.23160000 0.67440000 -0.70110000
vn 0.25050000 0.67440000 -0.69460000
vn 0.25950000 0.67440000 -0.69120000
vn 0.26860000 0.67440000 -0.68770000
vn 0.28430000 0.67440000 -0.68140000
vn 0.29990000 0.67440000 -0.67470000
vn 0.31530000 0.67440000 -0.66760000
vn 0.32370000 0.67440000 -0.66360000
vn 0.33220000 0.67440000 -0.65940000
vn 0.34980000 0.67440000 -0.65020000
vn 0.36730000 0.67440000 -0.64050000
vn 0.37570000 0.67440000 -0.63560000
vn 0.38390000 0.67440000 -0.63060000
vn 0.39830000 0.67440000 -0.62170000
vn 0.41250000 0.67440000 -0.61230000
vn 0.42650000 0.67440000 -0.60270000
vn 0.43410000 0.67440000 -0.59730000
vn 0.44160000 0.67440000 -0.59170000
vn 0.45740000 0.67440000 -0.57960000
vn 0.47290000 0.67440000 -0.56700000
vn 0.48030000 0.67440000 -0.56080000
vn 0.48760000 0.67440000 -0.55440000
vn 0.50020000 0.67440000 -0.54310000
vn 0.51260000 0.67440000 -0.53140000
vn 0.52470000 0.67440000 -0.51950000
vn 0.53120000 0.67440000 -0.51280000
vn 0.53760000 0.67440000 -0.50600000
vn 0.55110000 0.67440000 -0.49130000
vn 0.56420000 0.67440000 -0.47630000
vn 0.57040000 0.67440000 -0.46890000
vn 0.57650000 0.67440000 -0.46130000
vn 0.58700000 0.67440000 -0.44790000
vn 0.59710000 0.67440000 -0.43430000
vn 0.60690000 0.67440000 -0.42050000
vn 0.61220000 0.67440000 -0.41270000
vn 0.61740000 0.67440000 -0.40500000
vn 0.62810000 0.67440000 -0.38820000
vn 0.63830000 0.67440000 -0.37110000
vn 0.64310000 0.67440000 -0.36270000
vn 0.64780000 0.67440000 -0.35420000
vn 0.65580000 0.67440000 -0.33920000
vn 0.66340000 0.67440000 -0.32400000
vn 0.67070000 0.67440000 -0.30870000
vn 0.67460000 0.67440000 -0.30020000
vn 0.67830000 0.67440000 -0.29160000
vn 0.68590000 0.67440000 -0.27320000
vn 0.69310000 0.67440000 -0.25460000
vn 0.69630000 0.67440000 -0.24550000
vn 0.69950000 0.67440000 -0.23630000
vn 0.70470000 0.67440000 -0.22020000
vn 0.70960000 0.67440000 -0.20390000
vn 0.71410000 0.67440000 -0.18760000
vn 0.71640000 0.67440000 -0.17860000
vn 0.71870000 0.67440000 -0.16940000
vn 0.72290000 0.67440000 -0.15000000
vn 0.72670000 0.67440000 -0.13040000
vn 0.72840000 0.67440000 -0.12090000
vn 0.72990000 0.67440000 -0.11120000
vn 0.73230000 0.67440000 -0.09440000
vn 0.73430000 0.67440000 -0.07760000
vn 0.73580000 0.67440000 -0.06070000
vn 0.73650000 0.67440000 -0.05140000
vn 0.73710000 0.67440000 -0.04210000
vn 0.73800000 0.67440000 -0.02210000
vn 0.73830000 0.67440000 -0.00220000
vn 0.73830000 0.67440000 0.00750000
vn 0.73810000 0.67440000 0.01720000
vn 0.73750000 0.67440000 0.03410000
vn 0.73660000 0.67440000 0.05110000
vn 0.73520000 0.67440000 0.06800000
vn 0.73430000 0.67440000 0.07730000
vn 0.73320000 0.67440000 0.08660000
vn 0.73060000 0.67440000 0.10640000
vn 0.72750000 0.67440000 0.12610000
vn 0.72580000 0.67440000 0.13550000
vn 0.72390000 0.67440000 0.14510000
vn 0.72040000 0.67440000 0.16170000
vn 0.71650000 0.67440000 0.17820000
vn 0.71220000 0.67440000 0.19460000
vn 0.70970000 0.67440000 0.20360000
vn 0.70710000 0.67440000 0.21260000
vn 0.70110000 0.67440000 0.23160000
vn 0.69460000 0.67440000 0.25040000
vn 0.69120000 0.67440000 0.25960000
vn 0.68780000 0.67440000 0.26860000
vn 0.68140000 0.67440000 0.28430000
vn 0.67470000 0.67440000 0.29990000
vn 0.66760000 0.67440000 0.31530000
vn 0.66360000 0.67440000 0.32370000
vn 0.65940000 0.67440000 0.33210000
vn 0.65020000 0.67440000 0.34980000
vn 0.64050000 0.67440000 0.36730000
vn 0.63570000 0.67440000 0.37560000
vn 0.63060000 0.67440000 0.38400000
vn 0.62170000 0.67440000 0.39840000
vn 0.61230000 0.67440000 0.41250000
vn 0.60270000 0.67440000 0.42650000
vn 0.59730000 0.67440000 0.43410000
vn 0.59170000 0.67440000 0.44160000
vn 0.57960000 0.67440000 0.45740000
vn 0.56700000 0.67440000 0.47290000
vn 0.56080000 0.67440000 0.48030000
vn 0.55440000 0.67440000 0.48760000
vn 0.54300000 0.67440000 0.50020000
vn 0.53140000 0.67440000 0.51260000
vn 0.51950000 0.67440000 0.52470000
vn 0.51280000 0.67440000 0.53120000
vn 0.50600000 0.67440000 0.53760000
vn 0.49140000 0.67440000 0.55110000
vn 0.47630000 0.67440000 0.56420000
vn 0.46890000 0.67440000 0.57030000
vn 0.46130000 0.67440000 0.57650000
vn 0.44790000 0.67440000 0.58690000
vn 0.43430000 0.67440000 0.59710000
vn 0.42050000 0.67440000 0.60690000
vn 0.41280000 0.67440000 0.61220000
vn 0.40500000 0.67440000 0.61740000
vn 0.38820000 0.67440000 0.62810000
vn 0.37110000 0.67440000 0.63830000
vn 0.36270000 0.67440000 0.64310000
vn 0.35420000 0.67440000 0.64780000
vn 0.33920000 0.67440000 0.65580000
vn 0.32400000 0.67440000 0.66340000
vn 0.30870000 0.67440000 0.67070000
vn 0.30030000 0.67440000 0.67450000
vn 0.29160000 0.67440000 0.67830000
vn 0.27320000 0.67440000 0.68590000
vn 0.25460000 0.67440000 0.69310000
vn 0.24550000 0.67440000 0.69630000
vn 0.23630000 0.67440000 0.69950000
vn 0.22020000 0.67440000 0.70470000
vn 0.20390000 0.67440000 0.70960000
vn 0.18760000 0.67440000 0.71410000
vn 0.17850000 0.67440000 0.71640000
vn 0.16940000 0.67440000 0.71860000
vn 0.15000000 0.67440000 0.72300000
vn 0.13040000 0.67440000 0.72670000
vn 0.12090000 0.67440000 0.72840000
vn 0.11130000 0.67440000 0.72990000
vn 0.09440000 0.67440000 0.73230000
vn 0.07760000 0.67440000 0.73420000
vn 0.06070000 0.67440000 0.73580000
vn 0.05140000 0.67440000 0.73660000
vn 0.04210000 0.67450000 0.73710000
vn 0.02210000 0.67440000 0.73800000
vn 0.00220000 0.67440000 0.73830000
vn -0.00740000 0.67440000 0.73830000
vn -0.01720000 0.67440000 0.73810000
vn -0.03420000 0.67440000 0.73750000
vn -0.05110000 0.67440000 0.73660000
vn -0.06800000 0.67440000 0.73520000
vn -0.07730000 0.67440000 0.73430000
vn -0.08660000 0.67440000 0.73320000
vn -0.10640000 0.67440000 0.73060000
vn -0.12600000 0.67440000 0.72750000
vn -0.13560000 0.67440000 0.72580000
vn -0.14510000 0.67440000 0.72390000
vn -0.16170000 0.67440000 0.72040000
vn -0.17820000 0.67440000 0.71650000
vn -0.19460000 0.67440000 0.71220000
vn -0.20360000 0.67440000 0.70970000
vn -0.21260000 0.67440000 0.70710000
vn -0.23160000 0.67440000 0.70110000
vn -0.25050000 0.67440000 0.69460000
vn -0.25960000 0.67440000 0.69120000
vn -0.26860000 0.67440000 0.68770000
vn -0.28430000 0.67440000 0.68140000
vn -0.29990000 0.67440000 0.67470000
vn -0.31530000 0.67440000 0.66760000
vn -0.32370000 0.67440000 0.66360000
vn -0.33220000 0.67440000 0.65940000
vn -0.34980000 0.67440000 0.65020000
vn -0.36730000 0.67440000 0.64050000
vn -0.37560000 0.67440000 0.63570000
vn -0.38390000 0.67440000 0.63070000
vn -0.39840000 0.67440000 0.62160000
vn -0.41250000 0.67440000 0.61230000
vn -0.42650000 0.67450000 0.60270000
vn -0.43410000 0.67440000 0.59720000
vn -0.44160000 0.67440000 0.59170000
vn -0.45740000 0.67440000 0.57960000
vn -0.47290000 0.67440000 0.56700000
vn -0.48030000 0.67440000 0.56070000
vn -0.48760000 0.67440000 0.55440000
vn -0.50030000 0.67440000 0.54300000
vn -0.51260000 0.67440000 0.53140000
vn -0.52470000 0.67440000 0.51950000
vn -0.53120000 0.67440000 0.51280000
vn -0.53770000 0.67440000 0.50600000
vn -0.55110000 0.67440000 0.49130000
vn -0.56420000 0.67440000 0.47630000
vn -0.57030000 0.67440000 0.46890000
vn -0.57650000 0.67440000 0.46130000
vn -0.58690000 0.67440000 0.44790000
vn -0.59710000 0.67440000 0.43430000
vn -0.60690000 0.67440000 0.42050000
vn -0.61220000 0.67440000 0.41280000
vn -0.61740000 0.67440000 0.40500000
vn -0.62810000 0.67440000 0.38820000
vn -0.63830000 0.67440000 0.37110000
vn -0.64320000 0.67440000 0.36260000
vn -0.64780000 0.67440000 0.35420000
vn -0.65580000 0.67440000 0.33920000
vn -0.66350000 0.67440000 0.32410000
vn -0.67070000 0.67440000 0.30870000
vn -0.67450000 0.67440000 0.30020000
vn -0.67830000 0.67440000 0.29160000
vn -0.68590000 0.67440000 0.27320000
vn -0.69310000 0.67440000 0.25460000
vn -0.69630000 0.67440000 0.24550000
vn -0.69950000 0.67440000 0.23630000
vn -0.70470000 0.67440000 0.22020000
vn -0.70960000 0.67440000 0.20390000
vn -0.71410000 0.67440000 0.18760000
vn -0.71640000 0.67440000 0.17860000
vn -0.71860000 0.67440000 0.16940000
vn -0.72300000 0.67440000 0.15000000
vn -0.72670000 0.67440000 0.13040000
vn -0.72840000 0.67440000 0.12090000
vn -0.72990000 0.67440000 0.11120000
vn -0.73230000 0.67440000 0.09440000
vn -0.73420000 0.67440000 0.07760000
vn -0.73580000 0.67440000 0.06070000
vn -0.73650000 0.67440000 0.05130000
vn -0.73710000 0.67440000 0.04210000
vn -0.73800000 0.67440000 0.02210000
vn -0.73830000 0.67440000 0.00220000
vn -0.73830000 0.67440000 -0.00740000
vn -0.73810000 0.67440000 -0.01720000
vn -0.73750000 0.67440000 -0.03420000
vn -0.73660000 0.67440000 -0.05110000
vn -0.73520000 0.67440000 -0.06800000
vn -0.73430000 0.67440000 -0.07730000
vn -0.73320000 0.67440000 -0.08660000
vn -0.73070000 0.67440000 -0.10630000
vn -0.72750000 0.67450000 -0.12600000
vn -0.72580000 0.67440000 -0.13560000
vn -0.72390000 0.67440000 -0.14510000
vn -0.72040000 0.67440000 -0.16170000
vn -0.71650000 0.67440000 -0.17820000
vn -0.71220000 0.67440000 -0.19460000
vn -0.70970000 0.67440000 -0.20360000
vn -0.70710000 0.67440000 -0.21260000
vn -0.70110000 0.67440000 -0.23160000
vn -0.69460000 0.67440000 -0.25040000
vn -0.69120000 0.67440000 -0.25960000
vn -0.68770000 0.67440000 -0.26860000
vn -0.68140000 0.67440000 -0.28440000
vn -0.67470000 0.67440000 -0.29990000
vn -0.66760000 0.67450000 -0.31540000
vn -0.66360000 0.67440000 -0.32370000
vn -0.65940000 0.67440000 -0.33210000
vn -0.65020000 0.67440000 -0.34980000
vn -0.64050000 0.67440000 -0.36730000
vn -0.63570000 0.67440000 -0.37560000
vn -0.63070000 0.67440000 -0.38400000
vn -0.62170000 0.67440000 -0.39840000
vn -0.61230000 0.67440000 -0.41250000
vn -0.60270000 0.67440000 -0.42650000
vn -0.59720000 0.67440000 -0.43410000
vn -0.59170000 0.67440000 -0.44160000
vn -0.57960000 0.67440000 -0.45740000
vn -0.56700000 0.67440000 -0.47290000
vn -0.56080000 0.67440000 -0.48030000
vn -0.55440000 0.67440000 -0.48760000
vn -0.54310000 0.67440000 -0.50020000
vn -0.53140000 0.67440000 -0.51260000
vn -0.51950000 0.67440000 -0.52460000
vn -0.51280000 0.67440000 -0.53120000
vn -0.50610000 0.67440000 -0.53770000
vn -0.49130000 0.67440000 -0.55110000
vn -0.47630000 0.67440000 -0.56420000
vn -0.46890000 0.67440000 -0.57030000
vn -0.46130000 0.67440000 -0.57650000
vn -0.44790000 0.67440000 -0.58700000
vn -0.43430000 0.67440000 -0.59710000
vn -0.42050000 0.67440000 -0.60690000
vn -0.41280000 0.67440000 -0.61220000
vn -0.40500000 0.67440000 -0.61730000
vn -0.38820000 0.67440000 -0.62810000
vn -0.37110000 0.67440000 -0.63830000
vn -0.36270000 0.67440000 -0.64310000
vn -0.35420000 0.67440000 -0.64780000
vn -0.33920000 0.67440000 -0.65580000
vn -0.32400000 0.67440000 -0.66340000
vn -0.30870000 0.67440000 -0.67070000
vn -0.30020000 0.67440000 -0.67450000
vn -0.29160000 0.67440000 -0.67830000
vn -0.27320000 0.67440000 -0.68590000
vn -0.25460000 0.67440000 -0.69300000
vn -0.24550000 0.67440000 -0.69630000
vn -0.23630000 0.67440000 -0.69950000
vn -0.22020000 0.67440000 -0.70480000
vn -0.20390000 0.67440000 -0.70960000
vn -0.18760000 0.67440000 -0.71410000
vn -0.17850000 0.67450000 -0.71640000
vn -0.16940000 0.67440000 -0.71860000
vn -0.14990000 0.67440000 -0.72290000
vn -0.13040000 0.67440000 -0.72670000
vn -0.12090000 0.67440000 -0.72840000
vn -0.11120000 0.67440000 -0.72990000
vn -0.09440000 0.67440000 -0.73230000
vn -0.07760000 0.67440000 -0.73430000
vn -0.06070000 0.67440000 -0.73580000
vn -0.05140000 0.67440000 -0.73650000
vn -0.04210000 0.67440000 -0.73710000
vn -0.02210000 0.67440000 -0.73800000
vn -0.00220000 0.67440000 -0.73830000
vn -0.01980000 0.87000000 -0.49260000
vn 0.00000000 0.87000000 -0.49300000
vn -0.00380000 0.98140000 -0.19200000
vn -0.00990000 0.87000000 -0.49290000
vn -0.01250000 0.78070000 -0.62480000
vn -0.00000000 0.78080000 -0.62480000
vn -0.00490000 0.87000000 -0.49300000
vn -0.00620000 0.78070000 -0.62480000
vn 0.00000000 0.87000000 -0.49300000
vn 0.01310000 0.87000000 -0.49280000
vn 0.00250000 0.98140000 -0.19200000
vn 0.00650000 0.87000000 -0.49300000
vn 0.01240000 0.82850000 0.55990000
vn 0.02500000 0.82850000 0.55950000
vn 0.03760000 0.82850000 0.55880000
vn 0.05030000 0.82850000 0.55780000
vn 0.06310000 0.82850000 0.55650000
vn 0.07600000 0.82850000 0.55480000
vn 0.08890000 0.82850000 0.55290000
vn 0.10190000 0.82850000 0.55070000
vn 0.11490000 0.82850000 0.54810000
vn 0.12800000 0.82850000 0.54520000
vn 0.14100000 0.82850000 0.54200000
vn 0.15410000 0.82850000 0.53840000
vn 0.16720000 0.82850000 0.53450000
vn 0.18020000 0.82850000 0.53020000
vn 0.19320000 0.82850000 0.52570000
vn 0.20610000 0.82850000 0.52070000
vn 0.21900000 0.82850000 0.51540000
vn 0.23190000 0.82850000 0.50980000
vn 0.24460000 0.82850000 0.50380000
vn 0.25720000 0.82850000 0.49740000
vn 0.26970000 0.82850000 0.49080000
vn 0.28210000 0.82850000 0.48380000
vn 0.29440000 0.82850000 0.47640000
vn 0.30640000 0.82850000 0.46870000
vn 0.31840000 0.82850000 0.46070000
vn 0.33010000 0.82850000 0.45240000
vn 0.34170000 0.82850000 0.44380000
vn 0.35300000 0.82850000 0.43480000
vn 0.36410000 0.82850000 0.42550000
vn 0.37500000 0.82850000 0.41600000
vn 0.38560000 0.82850000 0.40610000
vn 0.39600000 0.82850000 0.39600000
vn 0.40610000 0.82850000 0.38560000
vn 0.41600000 0.82850000 0.37500000
vn 0.42550000 0.82850000 0.36410000
vn 0.43480000 0.82850000 0.35300000
vn 0.44370000 0.82850000 0.34170000
vn 0.45240000 0.82850000 0.33010000
vn 0.46070000 0.82850000 0.31840000
vn 0.46880000 0.82850000 0.30650000
vn 0.47640000 0.82850000 0.29440000
vn 0.48380000 0.82850000 0.28210000
vn 0.49080000 0.82850000 0.26970000
vn 0.49740000 0.82850000 0.25720000
vn 0.50380000 0.82850000 0.24460000
vn 0.50980000 0.82850000 0.23190000
vn 0.51540000 0.82850000 0.21900000
vn 0.52070000 0.82850000 0.20610000
vn 0.52570000 0.82850000 0.19320000
vn 0.53020000 0.82850000 0.18020000
vn 0.53450000 0.82850000 0.16710000
vn 0.53840000 0.82850000 0.15410000
vn 0.54200000 0.82850000 0.14100000
vn 0.54520000 0.82850000 0.12800000
vn 0.54810000 0.82850000 0.11490000
vn 0.55070000 0.82850000 0.10190000
vn 0.55290000 0.82850000 0.08890000
vn 0.55480000 0.82850000 0.07600000
vn 0.55650000 0.82850000 0.06310000
vn 0.55780000 0.82850000 0.05030000
vn 0.55880000 0.82850000 0.03760000
vn 0.55950000 0.82850000 0.02500000
vn 0.55990000 0.82850000 0.01240000
vn 0.56000000 0.82850000 -0.00000000
vn 0.55990000 0.82850000 -0.01240000
vn 0.55950000 0.82850000 -0.02500000
vn 0.55880000 0.82850000 -0.03760000
vn 0.55770000 0.82850000 -0.05030000
vn 0.55640000 0.82850000 -0.06310000
vn 0.55480000 0.82850000 -0.07600000
vn 0.55290000 0.82850000 -0.08890000
vn 0.55070000 0.82850000 -0.10190000
vn 0.54810000 0.82850000 -0.11490000
vn 0.54520000 0.82850000 -0.12800000
vn 0.54200000 0.82850000 -0.14100000
vn 0.53840000 0.82850000 -0.15410000
vn 0.53450000 0.82850000 -0.16720000
vn 0.53020000 0.82850000 -0.18020000
vn 0.52560000 0.82850000 -0.19320000
vn 0.52070000 0.82850000 -0.20620000
vn 0.51540000 0.82850000 -0.21900000
vn 0.50980000 0.82850000 -0.23190000
vn 0.50380000 0.82850000 -0.24460000
vn 0.49750000 0.82850000 -0.25720000
vn 0.49080000 0.82850000 -0.26970000
vn 0.48380000 0.82850000 -0.28210000
vn 0.47640000 0.82850000 -0.29440000
vn 0.46870000 0.82850000 -0.30640000
vn 0.46070000 0.82850000 -0.31840000
vn 0.45240000 0.82850000 -0.33010000
vn 0.44370000 0.82850000 -0.34170000
vn 0.43480000 0.82850000 -0.35300000
vn 0.42550000 0.82850000 -0.36410000
vn 0.41600000 0.82850000 -0.37500000
vn 0.40610000 0.82850000 -0.38560000
vn 0.39600000 0.82850000 -0.39600000
vn 0.38560000 0.82850000 -0.40610000
vn 0.37500000 0.82850000 -0.41600000
vn 0.36410000 0.82850000 -0.42550000
vn 0.35300000 0.82850000 -0.43480000
vn 0.34160000 0.82850000 -0.44370000
vn 0.33010000 0.82850000 -0.45240000
vn 0.31840000 0.82850000 -0.46070000
vn 0.30640000 0.82850000 -0.46870000
vn 0.29440000 0.82850000 -0.47640000
vn 0.28210000 0.82850000 -0.48380000
vn 0.26970000 0.82850000 -0.49080000
vn 0.25720000 0.82850000 -0.49750000
vn 0.24460000 0.82850000 -0.50380000
vn 0.23190000 0.82850000 -0.50980000
vn 0.21900000 0.82850000 -0.51540000
vn 0.20620000 0.82850000 -0.52070000
vn 0.19320000 0.82850000 -0.52570000
vn 0.18020000 0.82850000 -0.53030000
vn 0.16710000 0.82850000 -0.53450000
vn 0.15410000 0.82850000 -0.53840000
vn 0.14100000 0.82850000 -0.54200000
vn 0.12800000 0.82850000 -0.54520000
vn 0.11490000 0.82850000 -0.54810000
vn 0.10190000 0.82850000 -0.55070000
vn 0.08890000 0.82850000 -0.55290000
vn 0.07600000 0.82850000 -0.55480000
vn 0.06310000 0.82850000 -0.55640000
vn 0.05030000 0.82850000 -0.55780000
vn 0.03760000 0.82850000 -0.55880000
vn 0.02500000 0.82850000 -0.55950000
vn 0.01240000 0.82850000 -0.55990000
vn 0.00000000 0.82850000 -0.56000000
vn -0.01240000 0.82850000 -0.55990000
vn -0.02500000 0.82850000 -0.55950000
vn -0.03760000 0.82850000 -0.55880000
vn -0.05030000 0.82850000 -0.55770000
vn -0.06310000 0.82850000 -0.55650000
vn -0.07600000 0.82850000 -0.55480000
vn -0.08890000 0.82850000 -0.55290000
vn -0.10190000 0.82850000 -0.55070000
vn -0.11490000 0.82850000 -0.54810000
vn -0.12800000 0.82850000 -0.54520000
vn -0.14100000 0.82850000 -0.54200000
vn -0.15410000 0.82850000 -0.53840000
vn -0.16710000 0.82850000 -0.53450000
vn -0.18020000 0.82850000 -0.53020000
vn -0.19320000 0.82850000 -0.52560000
vn -0.20610000 0.82850000 -0.52070000
vn -0.21900000 0.82850000 -0.51540000
vn -0.23190000 0.82850000 -0.50980000
vn -0.24460000 0.82850000 -0.50380000
vn -0.25720000 0.82850000 -0.49740000
vn -0.26970000 0.82850000 -0.49080000
vn -0.28210000 0.82850000 -0.48380000
vn -0.29440000 0.82850000 -0.47640000
vn -0.30650000 0.82850000 -0.46870000
vn -0.31840000 0.82850000 -0.46070000
vn -0.33010000 0.82850000 -0.45240000
vn -0.34170000 0.82850000 -0.44380000
vn -0.35300000 0.82850000 -0.43480000
vn -0.36410000 0.82850000 -0.42550000
vn -0.37500000 0.82850000 -0.41600000
vn -0.38560000 0.82850000 -0.40610000
vn -0.39600000 0.82850000 -0.39600000
vn -0.40610000 0.82850000 -0.38560000
vn -0.41600000 0.82850000 -0.37500000
vn -0.42550000 0.82850000 -0.36410000
vn -0.43480000 0.82850000 -0.35300000
vn -0.44380000 0.82850000 -0.34170000
vn -0.45240000 0.82850000 -0.33010000
vn -0.46070000 0.82850000 -0.31840000
vn -0.46880000 0.82850000 -0.30650000
vn -0.47640000 0.82850000 -0.29440000
vn -0.48380000 0.82850000 -0.28210000
vn -0.49080000 0.82850000 -0.26970000
vn -0.49740000 0.82850000 -0.25720000
vn -0.50380000 0.82850000 -0.24460000
vn -0.50980000 0.82850000 -0.23180000
vn -0.51540000 0.82850000 -0.21900000
vn -0.52070000 0.82850000 -0.20620000
vn -0.52570000 0.82850000 -0.19320000
vn -0.53020000 0.82850000 -0.18020000
vn -0.53450000 0.82850000 -0.16710000
vn -0.53840000 0.82850000 -0.15410000
vn -0.54200000 0.82850000 -0.14100000
vn -0.54520000 0.82850000 -0.12800000
vn -0.54810000 0.82850000 -0.11490000
vn -0.55070000 0.82850000 -0.10190000
vn -0.55290000 0.82850000 -0.08890000
vn -0.55480000 0.82850000 -0.07600000
vn -0.55640000 0.82850000 -0.06310000
vn -0.55770000 0.82850000 -0.05030000
vn -0.55880000 0.82850000 -0.03760000
vn -0.55950000 0.82850000 -0.02500000
vn -0.55990000 0.82850000 -0.01240000
vn -0.56000000 0.82850000 0.00000000
vn -0.55990000 0.82850000 0.01240000
vn -0.55950000 0.82850000 0.02500000
vn -0.55880000 0.82850000 0.03760000
vn -0.55780000 0.82850000 0.05030000
vn -0.55650000 0.82850000 0.06310000
vn -0.55480000 0.82850000 0.07600000
vn -0.55290000 0.82850000 0.08890000
vn -0.55070000 0.82850000 0.10190000
vn -0.54810000 0.82850000 0.11490000
vn -0.54520000 0.82850000 0.12800000
vn -0.54200000 0.82850000 0.14100000
vn -0.53840000 0.82850000 0.15410000
vn -0.53450000 0.82850000 0.16720000
vn -0.53020000 0.82850000 0.18020000
vn -0.52560000 0.82850000 0.19320000
vn -0.52070000 0.82850000 0.20610000
vn -0.51540000 0.82850000 0.21900000
vn -0.50980000 0.82850000 0.23190000
vn -0.50380000 0.82850000 0.24460000
vn -0.49750000 0.82850000 0.25720000
vn -0.49080000 0.82850000 0.26970000
vn -0.48380000 0.82850000 0.28210000
vn -0.47640000 0.82850000 0.29440000
vn -0.46870000 0.82850000 0.30650000
vn -0.46070000 0.82850000 0.31840000
vn -0.45240000 0.82850000 0.33010000
vn -0.44380000 0.82850000 0.34170000
vn -0.43480000 0.82850000 0.35300000
vn -0.42550000 0.82850000 0.36410000
vn -0.41590000 0.82850000 0.37500000
vn -0.40610000 0.82850000 0.38560000
vn -0.39600000 0.82850000 0.39600000
vn -0.38560000 0.82850000 0.40610000
vn -0.37500000 0.82850000 0.41600000
vn -0.36410000 0.82850000 0.42550000
vn -0.35300000 0.82850000 0.43480000
vn -0.34170000 0.82850000 0.44380000
vn -0.33010000 0.82850000 0.45240000
vn -0.31840000 0.82850000 0.46070000
vn -0.30640000 0.82850000 0.46870000
vn -0.29440000 0.82850000 0.47640000
vn -0.28210000 0.82850000 0.48380000
vn -0.26970000 0.82850000 0.49080000
vn -0.25720000 0.82850000 0.49750000
vn -0.24460000 0.82850000 0.50380000
vn -0.23190000 0.82850000 0.50980000
vn -0.21900000 0.82850000 0.51540000
vn -0.20620000 0.82850000 0.52070000
vn -0.19320000 0.82850000 0.52570000
vn -0.18020000 0.82850000 0.53020000
vn -0.16710000 0.82850000 0.53450000
vn -0.15410000 0.82850000 0.53840000
vn -0.14100000 0.82850000 0.54200000
vn -0.12800000 0.82850000 0.54520000
vn -0.11490000 0.82850000 0.54810000
vn -0.10190000 0.82850000 0.55070000
vn -0.08890000 0.82850000 0.55290000
vn -0.07600000 0.82850000 0.55480000
vn -0.06310000 0.82850000 0.55650000
vn -0.05030000 0.82850000 0.55780000
vn -0.03760000 0.82850000 0.55880000
vn -0.02500000 0.82850000 0.55950000
vn -0.01240000 0.82850000 0.55990000
vn -0.00000000 0.78070000 -0.62490000
vn 0.00820000 0.78070000 -0.62480000
vn 0.00330000 0.87000000 -0.49300000
vn 0.00410000 0.78070000 -0.62490000
vn -0.00000000 0.50420000 -0.86360000
vn -0.00000000 0.30460000 -0.95250000
vn -0.00000000 0.09940000 -0.99500000
vn -0.00000000 -0.10430000 -0.99450000
vn 0.00000000 -0.30820000 -0.95130000
vn -0.00000000 -0.50020000 -0.86590000
vn 0.34050000 0.50420000 -0.79360000
vn 0.37550000 0.30460000 -0.87530000
vn 0.39230000 0.09940000 -0.91440000
vn 0.39210000 -0.10430000 -0.91400000
vn 0.37510000 -0.30820000 -0.87430000
vn 0.34140000 -0.50010000 -0.79580000
vn 0.61670000 0.50420000 -0.60460000
vn 0.68010000 0.30460000 -0.66680000
vn 0.71060000 0.09940000 -0.69650000
vn 0.71020000 -0.10430000 -0.69620000
vn 0.67930000 -0.30830000 -0.66600000
vn 0.61830000 -0.50010000 -0.60620000
vn 0.79950000 0.50420000 -0.32650000
vn 0.88180000 0.30460000 -0.36020000
vn 0.92120000 0.09960000 -0.37620000
vn 0.92070000 -0.10420000 -0.37610000
vn 0.88070000 -0.30820000 -0.35970000
vn 0.80170000 -0.50010000 -0.32740000
vn 0.86360000 0.50420000 -0.00000000
vn 0.95250000 0.30460000 -0.00000000
vn 0.99500000 0.09940000 -0.00000000
vn 0.99450000 -0.10430000 -0.00000000
vn 0.95130000 -0.30830000 -0.00000000
vn 0.86590000 -0.50020000 0.00000000
vn 0.79360000 0.50420000 0.34050000
vn 0.87530000 0.30460000 0.37550000
vn 0.91440000 0.09940000 0.39230000
vn 0.91400000 -0.10430000 0.39210000
vn 0.87430000 -0.30820000 0.37510000
vn 0.79580000 -0.50010000 0.34140000
vn 0.60460000 0.50420000 0.61670000
vn 0.66680000 0.30460000 0.68010000
vn 0.69650000 0.09940000 0.71060000
vn 0.69630000 -0.10430000 0.71020000
vn 0.66600000 -0.30830000 0.67930000
vn 0.60620000 -0.50010000 0.61830000
vn 0.32650000 0.50420000 0.79950000
vn 0.36020000 0.30460000 0.88180000
vn 0.37620000 0.09960000 0.92120000
vn 0.37610000 -0.10420000 0.92070000
vn 0.35970000 -0.30820000 0.88070000
vn 0.32740000 -0.50010000 0.80170000
vn 0.00000000 0.50420000 0.86360000
vn 0.00000000 0.30460000 0.95250000
vn 0.00000000 0.09940000 0.99500000
vn 0.00000000 -0.10430000 0.99450000
vn 0.00000000 -0.30830000 0.95130000
vn -0.00000000 -0.50020000 0.86590000
vn -0.34050000 0.50420000 0.79360000
vn -0.37550000 0.30460000 0.87530000
vn -0.39230000 0.09940000 0.91440000
vn -0.39210000 -0.10430000 0.91400000
vn -0.37510000 -0.30830000 0.87420000
vn -0.34140000 -0.50010000 0.79580000
vn -0.61670000 0.50420000 0.60460000
vn -0.68010000 0.30460000 0.66680000
vn -0.71040000 0.09950000 0.69670000
vn -0.71010000 -0.10430000 0.69630000
vn -0.67930000 -0.30830000 0.66600000
vn -0.61830000 -0.50010000 0.60620000
vn -0.79950000 0.50420000 0.32650000
vn -0.88180000 0.30460000 0.36020000
vn -0.92120000 0.09960000 0.37620000
vn -0.92070000 -0.10420000 0.37610000
vn -0.88070000 -0.30830000 0.35970000
vn -0.80170000 -0.50010000 0.32740000
vn -0.86360000 0.50420000 0.00000000
vn -0.95250000 0.30460000 0.00000000
vn -0.99500000 0.09940000 0.00000000
vn -0.99450000 -0.10430000 0.00000000
vn -0.95130000 -0.30830000 0.00000000
vn -0.86590000 -0.50020000 -0.00000000
vn -0.79360000 0.50420000 -0.34050000
vn -0.87530000 0.30460000 -0.37550000
vn -0.91440000 0.09940000 -0.39230000
vn -0.91400000 -0.10430000 -0.39210000
vn -0.87420000 -0.30830000 -0.37510000
vn -0.79580000 -0.50010000 -0.34140000
vn -0.60460000 0.50420000 -0.61670000
vn -0.66680000 0.30460000 -0.68010000
vn -0.69670000 0.09950000 -0.71040000
vn -0.69630000 -0.10430000 -0.71010000
vn -0.66600000 -0.30830000 -0.67930000
vn -0.60620000 -0.50010000 -0.61830000
vn -0.32650000 0.50420000 -0.79950000
vn -0.36020000 0.30460000 -0.88180000
vn -0.37620000 0.09960000 -0.92120000
vn -0.37610000 -0.10420000 -0.92070000
vn -0.35970000 -0.30820000 -0.88070000
vn -0.32740000 -0.50010000 -0.80170000
vn -0.00000000 0.50420000 -0.86360000
vn -0.00000000 0.30450000 -0.95250000
vn -0.00000000 0.09940000 -0.99500000
vn -0.00000000 -0.10430000 -0.99450000
vn 0.00000000 -0.30820000 -0.95130000
vn -0.00000000 -0.50020000 -0.86590000
vn 0.00000000 -0.67440000 -0.73830000
vn -0.00370000 -0.67440000 -0.73830000
vn -0.01300000 -0.67440000 -0.73830000
vn -0.02230000 -0.67440000 -0.73800000
vn -0.04230000 -0.67440000 -0.73710000
vn -0.06220000 -0.67440000 -0.73570000
vn -0.07190000 -0.67440000 -0.73480000
vn -0.08150000 -0.67440000 -0.73380000
vn -0.09830000 -0.67440000 -0.73180000
vn -0.11510000 -0.67440000 -0.72930000
vn -0.13180000 -0.67440000 -0.72650000
vn -0.14100000 -0.67440000 -0.72480000
vn -0.15020000 -0.67440000 -0.72290000
vn -0.16960000 -0.67440000 -0.71860000
vn -0.18900000 -0.67440000 -0.71370000
vn -0.19830000 -0.67440000 -0.71120000
vn -0.20770000 -0.67440000 -0.70850000
vn -0.22390000 -0.67440000 -0.70360000
vn -0.24000000 -0.67440000 -0.69820000
vn -0.25600000 -0.67440000 -0.69260000
vn -0.26470000 -0.67440000 -0.68930000
vn -0.27340000 -0.67440000 -0.68590000
vn -0.29180000 -0.67440000 -0.67820000
vn -0.31000000 -0.67440000 -0.67010000
vn -0.31890000 -0.67440000 -0.66600000
vn -0.32750000 -0.67440000 -0.66170000
vn -0.34270000 -0.67440000 -0.65400000
vn -0.35760000 -0.67440000 -0.64600000
vn -0.37230000 -0.67440000 -0.63760000
vn -0.38040000 -0.67440000 -0.63280000
vn -0.38840000 -0.67440000 -0.62800000
vn -0.40520000 -0.67440000 -0.61720000
vn -0.42170000 -0.67440000 -0.60610000
vn -0.42960000 -0.67440000 -0.60050000
vn -0.43750000 -0.67440000 -0.59480000
vn -0.45100000 -0.67440000 -0.58460000
vn -0.46430000 -0.67440000 -0.57410000
vn -0.47740000 -0.67440000 -0.56320000
vn -0.48450000 -0.67440000 -0.55710000
vn -0.49150000 -0.67440000 -0.55100000
vn -0.50620000 -0.67440000 -0.53750000
vn -0.52050000 -0.67440000 -0.52360000
vn -0.52740000 -0.67440000 -0.51670000
vn -0.53410000 -0.67440000 -0.50980000
vn -0.54570000 -0.67440000 -0.49740000
vn -0.55700000 -0.67440000 -0.48470000
vn -0.56800000 -0.67440000 -0.47180000
vn -0.57390000 -0.67440000 -0.46450000
vn -0.57970000 -0.67440000 -0.45730000
vn -0.59180000 -0.67440000 -0.44140000
vn -0.60350000 -0.67440000 -0.42530000
vn -0.60910000 -0.67440000 -0.41730000
vn -0.61450000 -0.67440000 -0.40930000
vn -0.62380000 -0.67440000 -0.39510000
vn -0.63270000 -0.67440000 -0.38060000
vn -0.64130000 -0.67440000 -0.36600000
vn -0.64580000 -0.67440000 -0.35790000
vn -0.65030000 -0.67440000 -0.34960000
vn -0.65950000 -0.67440000 -0.33200000
vn -0.66820000 -0.67440000 -0.31400000
vn -0.67230000 -0.67440000 -0.30530000
vn -0.67630000 -0.67440000 -0.29640000
vn -0.68290000 -0.67440000 -0.28080000
vn -0.68920000 -0.67440000 -0.26500000
vn -0.69510000 -0.67440000 -0.24910000
vn -0.69810000 -0.67440000 -0.24030000
vn -0.70110000 -0.67440000 -0.23140000
vn -0.70710000 -0.67440000 -0.21240000
vn -0.71260000 -0.67440000 -0.19320000
vn -0.71510000 -0.67440000 -0.18390000
vn -0.71750000 -0.67440000 -0.17440000
vn -0.72130000 -0.67440000 -0.15790000
vn -0.72470000 -0.67440000 -0.14130000
vn -0.72780000 -0.67440000 -0.12460000
vn -0.72930000 -0.67440000 -0.11540000
vn -0.73070000 -0.67440000 -0.10610000
vn -0.73330000 -0.67440000 -0.08640000
vn -0.73530000 -0.67440000 -0.06650000
vn -0.73610000 -0.67440000 -0.05690000
vn -0.73680000 -0.67440000 -0.04720000
vn -0.73770000 -0.67440000 -0.03030000
vn -0.73820000 -0.67440000 -0.01330000
vn -0.73830000 -0.67440000 0.00370000
vn -0.73820000 -0.67440000 0.01300000
vn -0.73800000 -0.67450000 0.02240000
vn -0.73710000 -0.67440000 0.04230000
vn -0.73570000 -0.67440000 0.06220000
vn -0.73480000 -0.67440000 0.07190000
vn -0.73380000 -0.67440000 0.08150000
vn -0.73170000 -0.67440000 0.09830000
vn -0.72930000 -0.67440000 0.11510000
vn -0.72650000 -0.67440000 0.13180000
vn -0.72470000 -0.67440000 0.14100000
vn -0.72290000 -0.67440000 0.15020000
vn -0.71860000 -0.67440000 0.16960000
vn -0.71380000 -0.67440000 0.18900000
vn -0.71120000 -0.67440000 0.19840000
vn -0.70860000 -0.67440000 0.20770000
vn -0.70360000 -0.67440000 0.22390000
vn -0.69830000 -0.67440000 0.24000000
vn -0.69250000 -0.67440000 0.25600000
vn -0.68930000 -0.67440000 0.26470000
vn -0.68590000 -0.67440000 0.27340000
vn -0.67820000 -0.67440000 0.29180000
vn -0.67010000 -0.67440000 0.31000000
vn -0.66590000 -0.67440000 0.31880000
vn -0.66170000 -0.67440000 0.32750000
vn -0.65400000 -0.67440000 0.34270000
vn -0.64600000 -0.67440000 0.35760000
vn -0.63760000 -0.67440000 0.37230000
vn -0.63280000 -0.67440000 0.38040000
vn -0.62790000 -0.67440000 0.38840000
vn -0.61730000 -0.67440000 0.40520000
vn -0.60610000 -0.67440000 0.42170000
vn -0.60050000 -0.67440000 0.42960000
vn -0.59480000 -0.67440000 0.43750000
vn -0.58460000 -0.67440000 0.45100000
vn -0.57410000 -0.67440000 0.46430000
vn -0.56320000 -0.67440000 0.47740000
vn -0.55720000 -0.67440000 0.48450000
vn -0.55100000 -0.67440000 0.49150000
vn -0.53750000 -0.67440000 0.50620000
vn -0.52360000 -0.67440000 0.52050000
vn -0.51670000 -0.67440000 0.52740000
vn -0.50980000 -0.67440000 0.53410000
vn -0.49740000 -0.67440000 0.54570000
vn -0.48470000 -0.67440000 0.55690000
vn -0.47180000 -0.67440000 0.56800000
vn -0.46450000 -0.67440000 0.57390000
vn -0.45730000 -0.67440000 0.57970000
vn -0.44140000 -0.67440000 0.59180000
vn -0.42530000 -0.67440000 0.60350000
vn -0.41730000 -0.67440000 0.60910000
vn -0.40930000 -0.67440000 0.61450000
vn -0.39510000 -0.67440000 0.62380000
vn -0.38060000 -0.67440000 0.63270000
vn -0.36600000 -0.67440000 0.64130000
vn -0.35780000 -0.67440000 0.64580000
vn -0.34970000 -0.67440000 0.65030000
vn -0.33200000 -0.67440000 0.65950000
vn -0.31400000 -0.67440000 0.66820000
vn -0.30520000 -0.67440000 0.67230000
vn -0.29640000 -0.67440000 0.67620000
vn -0.28080000 -0.67440000 0.68290000
vn -0.26500000 -0.67440000 0.68920000
vn -0.24910000 -0.67440000 0.69500000
vn -0.24020000 -0.67440000 0.69820000
vn -0.23140000 -0.67440000 0.70110000
vn -0.21240000 -0.67440000 0.70720000
vn -0.19320000 -0.67440000 0.71260000
vn -0.18380000 -0.67440000 0.71510000
vn -0.17440000 -0.67440000 0.71740000
vn -0.15790000 -0.67440000 0.72130000
vn -0.14130000 -0.67440000 0.72470000
vn -0.12460000 -0.67440000 0.72770000
vn -0.11540000 -0.67440000 0.72930000
vn -0.10610000 -0.67440000 0.73070000
vn -0.08640000 -0.67440000 0.73330000
vn -0.06650000 -0.67440000 0.73530000
vn -0.05690000 -0.67440000 0.73610000
vn -0.04720000 -0.67440000 0.73680000
vn -0.03030000 -0.67440000 0.73770000
vn -0.01330000 -0.67440000 0.73820000
vn 0.00370000 -0.67440000 0.73830000
vn 0.01300000 -0.67440000 0.73820000
vn 0.02230000 -0.67440000 0.73800000
vn 0.04230000 -0.67440000 0.73710000
vn 0.06220000 -0.67440000 0.73570000
vn 0.07190000 -0.67440000 0.73480000
vn 0.08150000 -0.67440000 0.73380000
vn 0.09830000 -0.67440000 0.73180000
vn 0.11510000 -0.67440000 0.72930000
vn 0.13180000 -0.67440000 0.72650000
vn 0.14100000 -0.67440000 0.72480000
vn 0.15020000 -0.67440000 0.72290000
vn 0.16960000 -0.67440000 0.71860000
vn 0.18900000 -0.67440000 0.71370000
vn 0.19840000 -0.67440000 0.71120000
vn 0.20760000 -0.67440000 0.70850000
vn 0.22390000 -0.67440000 0.70360000
vn 0.24000000 -0.67440000 0.69820000
vn 0.25600000 -0.67440000 0.69260000
vn 0.26470000 -0.67440000 0.68930000
vn 0.27340000 -0.67440000 0.68590000
vn 0.29180000 -0.67440000 0.67820000
vn 0.31000000 -0.67440000 0.67010000
vn 0.31880000 -0.67440000 0.66590000
vn 0.32750000 -0.67440000 0.66170000
vn 0.34270000 -0.67440000 0.65400000
vn 0.35760000 -0.67440000 0.64600000
vn 0.37230000 -0.67440000 0.63760000
vn 0.38040000 -0.67440000 0.63280000
vn 0.38840000 -0.67440000 0.62800000
vn 0.40520000 -0.67440000 0.61720000
vn 0.42170000 -0.67440000 0.60610000
vn 0.42960000 -0.67440000 0.60050000
vn 0.43750000 -0.67440000 0.59480000
vn 0.45100000 -0.67440000 0.58460000
vn 0.46430000 -0.67440000 0.57410000
vn 0.47740000 -0.67440000 0.56320000
vn 0.48450000 -0.67440000 0.55710000
vn 0.49150000 -0.67440000 0.55100000
vn 0.50620000 -0.67440000 0.53750000
vn 0.52050000 -0.67440000 0.52360000
vn 0.52730000 -0.67440000 0.51680000
vn 0.53410000 -0.67440000 0.50980000
vn 0.54570000 -0.67440000 0.49740000
vn 0.55690000 -0.67440000 0.48470000
vn 0.56790000 -0.67440000 0.47180000
vn 0.57390000 -0.67440000 0.46460000
vn 0.57970000 -0.67440000 0.45730000
vn 0.59180000 -0.67440000 0.44140000
vn 0.60360000 -0.67440000 0.42530000
vn 0.60900000 -0.67440000 0.41740000
vn 0.61450000 -0.67440000 0.40930000
vn 0.62380000 -0.67440000 0.39510000
vn 0.63270000 -0.67440000 0.38060000
vn 0.64130000 -0.67440000 0.36600000
vn 0.64580000 -0.67440000 0.35780000
vn 0.65030000 -0.67440000 0.34970000
vn 0.65950000 -0.67440000 0.33190000
vn 0.66820000 -0.67440000 0.31400000
vn 0.67230000 -0.67440000 0.30520000
vn 0.67630000 -0.67440000 0.29640000
vn 0.68290000 -0.67440000 0.28080000
vn 0.68910000 -0.67440000 0.26500000
vn 0.69500000 -0.67440000 0.24910000
vn 0.69820000 -0.67440000 0.24020000
vn 0.70120000 -0.67440000 0.23140000
vn 0.70710000 -0.67440000 0.21240000
vn 0.71260000 -0.67440000 0.19320000
vn 0.71510000 -0.67440000 0.18390000
vn 0.71750000 -0.67440000 0.17440000
vn 0.72130000 -0.67440000 0.15790000
vn 0.72470000 -0.67450000 0.14130000
vn 0.72770000 -0.67440000 0.12460000
vn 0.72930000 -0.67440000 0.11540000
vn 0.73070000 -0.67440000 0.10610000
vn 0.73330000 -0.67440000 0.08640000
vn 0.73530000 -0.67440000 0.06650000
vn 0.73610000 -0.67440000 0.05690000
vn 0.73680000 -0.67440000 0.04720000
vn 0.73770000 -0.67440000 0.03030000
vn 0.73820000 -0.67440000 0.01330000
vn 0.73830000 -0.67440000 -0.00370000
vn 0.73830000 -0.67440000 -0.01300000
vn 0.73800000 -0.67440000 -0.02240000
vn 0.73710000 -0.67440000 -0.04230000
vn 0.73570000 -0.67440000 -0.06220000
vn 0.73490000 -0.67440000 -0.07170000
vn 0.73380000 -0.67440000 -0.08150000
vn 0.73180000 -0.67440000 -0.09830000
vn 0.72930000 -0.67440000 -0.11510000
vn 0.72650000 -0.67440000 -0.13180000
vn 0.72480000 -0.67440000 -0.14100000
vn 0.72290000 -0.67440000 -0.15020000
vn 0.71860000 -0.67440000 -0.16960000
vn 0.71380000 -0.67440000 -0.18900000
vn 0.71120000 -0.67440000 -0.19840000
vn 0.70850000 -0.67440000 -0.20760000
vn 0.70360000 -0.67440000 -0.22390000
vn 0.69830000 -0.67440000 -0.24000000
vn 0.69260000 -0.67440000 -0.25600000
vn 0.68920000 -0.67440000 -0.26470000
vn 0.68580000 -0.67440000 -0.27340000
vn 0.67820000 -0.67440000 -0.29180000
vn 0.67010000 -0.67440000 -0.31000000
vn 0.66600000 -0.67440000 -0.31890000
vn 0.66170000 -0.67440000 -0.32750000
vn 0.65400000 -0.67440000 -0.34270000
vn 0.64600000 -0.67440000 -0.35760000
vn 0.63760000 -0.67440000 -0.37230000
vn 0.63280000 -0.67440000 -0.38040000
vn 0.62800000 -0.67440000 -0.38840000
vn 0.61720000 -0.67440000 -0.40520000
vn 0.60610000 -0.67440000 -0.42170000
vn 0.60050000 -0.67440000 -0.42960000
vn 0.59480000 -0.67440000 -0.43750000
vn 0.58460000 -0.67440000 -0.45100000
vn 0.57410000 -0.67440000 -0.46430000
vn 0.56320000 -0.67440000 -0.47740000
vn 0.55710000 -0.67440000 -0.48450000
vn 0.55100000 -0.67440000 -0.49150000
vn 0.53750000 -0.67440000 -0.50620000
vn 0.52370000 -0.67440000 -0.52050000
vn 0.51670000 -0.67440000 -0.52740000
vn 0.50980000 -0.67440000 -0.53410000
vn 0.49740000 -0.67440000 -0.54570000
vn 0.48470000 -0.67440000 -0.55690000
vn 0.47180000 -0.67440000 -0.56800000
vn 0.46450000 -0.67440000 -0.57390000
vn 0.45720000 -0.67440000 -0.57970000
vn 0.44140000 -0.67440000 -0.59180000
vn 0.42530000 -0.67440000 -0.60360000
vn 0.41730000 -0.67440000 -0.60910000
vn 0.40930000 -0.67440000 -0.61450000
vn 0.39510000 -0.67440000 -0.62380000
vn 0.38060000 -0.67440000 -0.63270000
vn 0.36600000 -0.67440000 -0.64130000
vn 0.35780000 -0.67440000 -0.64580000
vn 0.34960000 -0.67440000 -0.65030000
vn 0.33190000 -0.67440000 -0.65950000
vn 0.31400000 -0.67440000 -0.66820000
vn 0.30530000 -0.67440000 -0.67230000
vn 0.29640000 -0.67440000 -0.67630000
vn 0.28080000 -0.67440000 -0.68290000
vn 0.26500000 -0.67440000 -0.68910000
vn 0.24910000 -0.67440000 -0.69500000
vn 0.24020000 -0.67440000 -0.69820000
vn 0.23140000 -0.67440000 -0.70120000
vn 0.21240000 -0.67440000 -0.70720000
vn 0.19320000 -0.67440000 -0.71260000
vn 0.18380000 -0.67440000 -0.71510000
vn 0.17440000 -0.67440000 -0.71740000
vn 0.15790000 -0.67440000 -0.72130000
vn 0.14130000 -0.67440000 -0.72470000
vn 0.12460000 -0.67440000 -0.72770000
vn 0.11540000 -0.67440000 -0.72930000
vn 0.10610000 -0.67440000 -0.73070000
vn 0.08640000 -0.67440000 -0.73330000
vn 0.06650000 -0.67440000 -0.73540000
vn 0.05690000 -0.67440000 -0.73610000
vn 0.04720000 -0.67440000 -0.73680000
vn 0.03150000 -0.67440000 -0.73770000
vn 0.01570000 -0.67440000 -0.73820000
vn 0.00000000 -0.67440000 -0.73830000
vn 0.00000000 -0.59040000 -0.80710000
vn -0.30520000 -0.59040000 -0.74720000
vn -0.16680000 -0.50010000 -0.84970000
vn -0.15550000 -0.59040000 -0.79200000
vn -0.00000000 -0.63330000 -0.77390000
vn -0.14910000 -0.63330000 -0.75940000
vn -0.07810000 -0.59040000 -0.80330000
vn -0.07490000 -0.63330000 -0.77030000
vn 0.31820000 -0.59040000 -0.74170000
vn 0.00000000 -0.59040000 -0.80710000
vn 0.17430000 -0.50010000 -0.84820000
vn 0.16240000 -0.59040000 -0.79060000
vn 0.00000000 -0.65410000 -0.75640000
vn -0.07320000 -0.65410000 -0.75290000
vn -0.03750000 -0.63330000 -0.77300000
vn -0.03670000 -0.65410000 -0.75550000
vn 0.15580000 -0.63330000 -0.75810000
vn -0.00000000 -0.63330000 -0.77390000
vn 0.08160000 -0.59040000 -0.80300000
vn 0.07830000 -0.63330000 -0.76990000
vn -0.00000000 -0.66430000 -0.74750000
vn -0.03620000 -0.66430000 -0.74660000
vn -0.01830000 -0.65410000 -0.75620000
vn -0.01820000 -0.66430000 -0.74730000
vn 0.07650000 -0.65410000 -0.75250000
vn 0.00000000 -0.65410000 -0.75640000
vn 0.03920000 -0.63330000 -0.77290000
vn 0.03830000 -0.65410000 -0.75550000
vn 0.00000000 -0.66940000 -0.74290000
vn -0.01810000 -0.66940000 -0.74270000
vn -0.00910000 -0.66430000 -0.74740000
vn -0.00900000 -0.66950000 -0.74280000
vn 0.03780000 -0.66430000 -0.74650000
vn -0.00000000 -0.66430000 -0.74740000
vn 0.01920000 -0.65410000 -0.75620000
vn 0.01890000 -0.66430000 -0.74720000
vn -0.14570000 -0.65410000 -0.74230000
vn -0.11210000 -0.63330000 -0.76570000
vn -0.10960000 -0.65410000 -0.74840000
vn -0.29260000 -0.63330000 -0.71640000
vn -0.23140000 -0.59040000 -0.77320000
vn -0.22190000 -0.63330000 -0.74140000
vn -0.56510000 -0.59040000 -0.57630000
vn -0.47570000 -0.50010000 -0.72360000
vn -0.44340000 -0.59040000 -0.67440000
vn -0.21690000 -0.65410000 -0.72470000
vn -0.18570000 -0.63330000 -0.75130000
vn -0.18150000 -0.65410000 -0.73430000
vn -0.28600000 -0.65410000 -0.70030000
vn -0.25760000 -0.63330000 -0.72980000
vn -0.25170000 -0.65410000 -0.71330000
vn -0.42520000 -0.63330000 -0.64670000
vn -0.37610000 -0.59040000 -0.71420000
vn -0.36060000 -0.63330000 -0.68480000
vn -0.35250000 -0.65400000 -0.66930000
vn -0.32700000 -0.63330000 -0.70150000
vn -0.31960000 -0.65410000 -0.68560000
vn -0.41560000 -0.65400000 -0.63210000
vn -0.39340000 -0.63330000 -0.66650000
vn -0.38450000 -0.65410000 -0.65140000
vn -0.54180000 -0.63330000 -0.55260000
vn -0.50660000 -0.59040000 -0.62830000
vn -0.48580000 -0.63330000 -0.60250000
vn -0.74170000 -0.59040000 -0.31820000
vn -0.71460000 -0.50020000 -0.48910000
vn -0.66600000 -0.59040000 -0.45590000
vn -0.47480000 -0.65410000 -0.58890000
vn -0.45600000 -0.63330000 -0.62530000
vn -0.44570000 -0.65410000 -0.61120000
vn -0.52960000 -0.65410000 -0.54010000
vn -0.51440000 -0.63330000 -0.57820000
vn -0.50280000 -0.65410000 -0.56520000
vn -0.63860000 -0.63330000 -0.43720000
vn -0.61850000 -0.59040000 -0.51860000
vn -0.59300000 -0.63330000 -0.49730000
vn -0.57960000 -0.65410000 -0.48600000
vn -0.56810000 -0.63330000 -0.52560000
vn -0.55520000 -0.65410000 -0.51370000
vn -0.62420000 -0.65410000 -0.42730000
vn -0.61660000 -0.63330000 -0.46780000
vn -0.60270000 -0.65400000 -0.45720000
vn -0.71120000 -0.63330000 -0.30510000
vn -0.70720000 -0.59040000 -0.38890000
vn -0.67810000 -0.63330000 -0.37290000
vn -0.80710000 -0.59040000 0.00000000
vn -0.84820000 -0.50010000 -0.17430000
vn -0.79060000 -0.59040000 -0.16240000
vn -0.66280000 -0.65410000 -0.36450000
vn -0.65920000 -0.63330000 -0.40550000
vn -0.64430000 -0.65410000 -0.39640000
vn -0.69520000 -0.65400000 -0.29820000
vn -0.69550000 -0.63330000 -0.33940000
vn -0.67980000 -0.65400000 -0.33180000
vn -0.75810000 -0.63330000 -0.15580000
vn -0.77010000 -0.59040000 -0.24160000
vn -0.73840000 -0.63330000 -0.23160000
vn -0.72180000 -0.65410000 -0.22640000
vn -0.72580000 -0.63330000 -0.26870000
vn -0.70940000 -0.65410000 -0.26270000
vn -0.74090000 -0.65410000 -0.15220000
vn -0.74920000 -0.63330000 -0.19390000
vn -0.73230000 -0.65410000 -0.18960000
vn -0.77390000 -0.63330000 0.00000000
vn -0.80300000 -0.59040000 -0.08160000
vn -0.77000000 -0.63330000 -0.07830000
vn -0.74720000 -0.59040000 0.30520000
vn -0.84970000 -0.50010000 0.16680000
vn -0.79200000 -0.59040000 0.15550000
vn -0.75260000 -0.65400000 -0.07650000
vn -0.76500000 -0.63330000 -0.11720000
vn -0.74770000 -0.65410000 -0.11450000
vn -0.75640000 -0.65410000 -0.00000000
vn -0.77290000 -0.63330000 -0.03920000
vn -0.75550000 -0.65410000 -0.03830000
vn -0.75940000 -0.63330000 0.14910000
vn -0.80330000 -0.59040000 0.07810000
vn -0.77030000 -0.63330000 0.07490000
vn -0.75290000 -0.65400000 0.07320000
vn -0.77300000 -0.63330000 0.03750000
vn -0.75550000 -0.65410000 0.03670000
vn -0.74230000 -0.65410000 0.14570000
vn -0.76570000 -0.63330000 0.11210000
vn -0.74850000 -0.65400000 0.10960000
vn -0.71650000 -0.63330000 0.29260000
vn -0.77320000 -0.59040000 0.23140000
vn -0.74140000 -0.63330000 0.22190000
vn -0.57630000 -0.59040000 0.56510000
vn -0.72360000 -0.50010000 0.47570000
vn -0.67440000 -0.59040000 0.44340000
vn -0.72470000 -0.65400000 0.21690000
vn -0.75130000 -0.63330000 0.18570000
vn -0.73430000 -0.65410000 0.18150000
vn -0.70030000 -0.65410000 0.28600000
vn -0.72980000 -0.63330000 0.25760000
vn -0.71330000 -0.65410000 0.25170000
vn -0.64670000 -0.63330000 0.42520000
vn -0.71420000 -0.59040000 0.37610000
vn -0.68480000 -0.63330000 0.36060000
vn -0.66930000 -0.65400000 0.35250000
vn -0.70150000 -0.63330000 0.32700000
vn -0.68560000 -0.65410000 0.31960000
vn -0.63210000 -0.65410000 0.41560000
vn -0.66650000 -0.63330000 0.39340000
vn -0.65140000 -0.65410000 0.38450000
vn -0.55260000 -0.63330000 0.54180000
vn -0.62830000 -0.59040000 0.50660000
vn -0.60250000 -0.63330000 0.48580000
vn -0.31820000 -0.59040000 0.74180000
vn -0.48910000 -0.50020000 0.71460000
vn -0.45590000 -0.59040000 0.66600000
vn -0.58890000 -0.65410000 0.47480000
vn -0.62530000 -0.63330000 0.45600000
vn -0.61110000 -0.65410000 0.44570000
vn -0.54010000 -0.65410000 0.52960000
vn -0.57820000 -0.63330000 0.51440000
vn -0.56510000 -0.65410000 0.50280000
vn -0.43720000 -0.63330000 0.63860000
vn -0.51860000 -0.59040000 0.61850000
vn -0.49730000 -0.63330000 0.59300000
vn -0.48600000 -0.65410000 0.57960000
vn -0.52560000 -0.63330000 0.56810000
vn -0.51370000 -0.65410000 0.55520000
vn -0.42730000 -0.65400000 0.62420000
vn -0.46780000 -0.63330000 0.61660000
vn -0.45720000 -0.65410000 0.60260000
vn -0.30510000 -0.63330000 0.71120000
vn -0.38890000 -0.59040000 0.70720000
vn -0.37290000 -0.63330000 0.67820000
vn 0.00000000 -0.59040000 0.80710000
vn -0.17430000 -0.50010000 0.84820000
vn -0.16240000 -0.59040000 0.79060000
vn -0.36450000 -0.65410000 0.66280000
vn -0.40550000 -0.63330000 0.65920000
vn -0.39640000 -0.65400000 0.64430000
vn -0.29820000 -0.65400000 0.69520000
vn -0.33940000 -0.63330000 0.69550000
vn -0.33180000 -0.65410000 0.67980000
vn -0.15580000 -0.63330000 0.75810000
vn -0.24160000 -0.59040000 0.77010000
vn -0.23160000 -0.63330000 0.73850000
vn -0.22640000 -0.65400000 0.72180000
vn -0.26870000 -0.63330000 0.72580000
vn -0.26270000 -0.65410000 0.70940000
vn -0.15220000 -0.65410000 0.74090000
vn -0.19390000 -0.63330000 0.74920000
vn -0.18960000 -0.65410000 0.73230000
vn 0.00000000 -0.63330000 0.77390000
vn -0.08160000 -0.59040000 0.80300000
vn -0.07830000 -0.63330000 0.77000000
vn 0.30520000 -0.59040000 0.74720000
vn 0.16680000 -0.50010000 0.84970000
vn 0.15550000 -0.59040000 0.79200000
vn -0.07650000 -0.65410000 0.75260000
vn -0.11720000 -0.63330000 0.76500000
vn -0.11450000 -0.65410000 0.74770000
vn -0.00000000 -0.65410000 0.75640000
vn -0.03920000 -0.63330000 0.77290000
vn -0.03830000 -0.65410000 0.75550000
vn 0.14910000 -0.63330000 0.75940000
vn 0.07810000 -0.59040000 0.80330000
vn 0.07490000 -0.63330000 0.77030000
vn 0.07320000 -0.65410000 0.75290000
vn 0.03750000 -0.63330000 0.77300000
vn 0.03670000 -0.65410000 0.75550000
vn 0.14570000 -0.65410000 0.74230000
vn 0.11210000 -0.63330000 0.76570000
vn 0.10960000 -0.65410000 0.74840000
vn 0.29260000 -0.63330000 0.71650000
vn 0.23140000 -0.59040000 0.77320000
vn 0.22190000 -0.63330000 0.74140000
vn 0.56510000 -0.59040000 0.57630000
vn 0.47570000 -0.50010000 0.72360000
vn 0.44340000 -0.59040000 0.67440000
vn 0.21690000 -0.65410000 0.72470000
vn 0.18570000 -0.63330000 0.75130000
vn 0.18150000 -0.65410000 0.73430000
vn 0.28600000 -0.65410000 0.70030000
vn 0.25760000 -0.63330000 0.72980000
vn 0.25180000 -0.65410000 0.71330000
vn 0.42520000 -0.63330000 0.64670000
vn 0.37610000 -0.59040000 0.71420000
vn 0.36060000 -0.63330000 0.68480000
vn 0.35250000 -0.65410000 0.66930000
vn 0.32700000 -0.63330000 0.70150000
vn 0.31960000 -0.65410000 0.68560000
vn 0.41560000 -0.65410000 0.63210000
vn 0.39340000 -0.63330000 0.66650000
vn 0.38450000 -0.65410000 0.65140000
vn 0.54180000 -0.63330000 0.55260000
vn 0.50660000 -0.59040000 0.62830000
vn 0.48580000 -0.63330000 0.60250000
vn 0.74180000 -0.59040000 0.31820000
vn 0.71460000 -0.50020000 0.48910000
vn 0.66600000 -0.59040000 0.45590000
vn 0.47480000 -0.65410000 0.58890000
vn 0.45600000 -0.63330000 0.62530000
vn 0.44570000 -0.65410000 0.61120000
vn 0.52960000 -0.65410000 0.54010000
vn 0.51440000 -0.63330000 0.57820000
vn 0.50280000 -0.65410000 0.56510000
vn 0.63860000 -0.63330000 0.43720000
vn 0.61850000 -0.59040000 0.51860000
vn 0.59300000 -0.63330000 0.49730000
vn 0.57960000 -0.65410000 0.48600000
vn 0.56810000 -0.63330000 0.52560000
vn 0.55520000 -0.65410000 0.51370000
vn 0.62420000 -0.65410000 0.42730000
vn 0.61660000 -0.63330000 0.46780000
vn 0.60260000 -0.65410000 0.45720000
vn 0.71120000 -0.63330000 0.30510000
vn 0.70720000 -0.59040000 0.38890000
vn 0.67820000 -0.63330000 0.37290000
vn 0.80710000 -0.59040000 0.00000000
vn 0.84820000 -0.50010000 0.17430000
vn 0.79060000 -0.59040000 0.16240000
vn 0.66280000 -0.65410000 0.36450000
vn 0.65920000 -0.63330000 0.40550000
vn 0.64430000 -0.65410000 0.39640000
vn 0.69520000 -0.65410000 0.29820000
vn 0.69550000 -0.63330000 0.33940000
vn 0.67980000 -0.65410000 0.33180000
vn 0.75810000 -0.63330000 0.15580000
vn 0.77010000 -0.59040000 0.24160000
vn 0.73850000 -0.63330000 0.23160000
vn 0.72180000 -0.65400000 0.22640000
vn 0.72580000 -0.63330000 0.26870000
vn 0.70940000 -0.65410000 0.26270000
vn 0.74090000 -0.65410000 0.15220000
vn 0.74920000 -0.63330000 0.19390000
vn 0.73230000 -0.65400000 0.18960000
vn 0.77390000 -0.63330000 -0.00000000
vn 0.80300000 -0.59040000 0.08160000
vn 0.77000000 -0.63330000 0.07830000
vn 0.74720000 -0.59040000 -0.30520000
vn 0.84970000 -0.50010000 -0.16680000
vn 0.79200000 -0.59040000 -0.15550000
vn 0.75260000 -0.65410000 0.07650000
vn 0.76500000 -0.63330000 0.11720000
vn 0.74770000 -0.65410000 0.11450000
vn 0.75640000 -0.65410000 0.00000000
vn 0.77290000 -0.63330000 0.03920000
vn 0.75550000 -0.65410000 0.03830000
vn 0.75940000 -0.63330000 -0.14910000
vn 0.80330000 -0.59040000 -0.07810000
vn 0.77030000 -0.63330000 -0.07490000
vn 0.75290000 -0.65410000 -0.07320000
vn 0.77300000 -0.63330000 -0.03750000
vn 0.75550000 -0.65410000 -0.03670000
vn 0.74230000 -0.65410000 -0.14570000
vn 0.76580000 -0.63330000 -0.11210000
vn 0.74850000 -0.65400000 -0.10960000
vn 0.71650000 -0.63330000 -0.29260000
vn 0.77320000 -0.59040000 -0.23140000
vn 0.74140000 -0.63330000 -0.22190000
vn 0.57630000 -0.59040000 -0.56510000
vn 0.72360000 -0.50010000 -0.47570000
vn 0.67440000 -0.59040000 -0.44340000
vn 0.72470000 -0.65410000 -0.21690000
vn 0.75130000 -0.63330000 -0.18570000
vn 0.73430000 -0.65410000 -0.18150000
vn 0.70030000 -0.65410000 -0.28600000
vn 0.72980000 -0.63330000 -0.25760000
vn 0.71330000 -0.65410000 -0.25180000
vn 0.64660000 -0.63330000 -0.42520000
vn 0.71420000 -0.59040000 -0.37610000
vn 0.68480000 -0.63330000 -0.36060000
vn 0.66930000 -0.65410000 -0.35250000
vn 0.70140000 -0.63330000 -0.32700000
vn 0.68560000 -0.65410000 -0.31960000
vn 0.63200000 -0.65410000 -0.41560000
vn 0.66650000 -0.63330000 -0.39340000
vn 0.65140000 -0.65410000 -0.38450000
vn 0.55260000 -0.63330000 -0.54180000
vn 0.62830000 -0.59040000 -0.50660000
vn 0.60250000 -0.63330000 -0.48580000
vn 0.48910000 -0.50020000 -0.71460000
vn 0.45590000 -0.59040000 -0.66600000
vn 0.58880000 -0.65410000 -0.47480000
vn 0.62530000 -0.63330000 -0.45600000
vn 0.61120000 -0.65410000 -0.44570000
vn 0.54020000 -0.65400000 -0.52960000
vn 0.57820000 -0.63330000 -0.51440000
vn 0.56510000 -0.65410000 -0.50280000
vn 0.43720000 -0.63330000 -0.63860000
vn 0.51860000 -0.59040000 -0.61850000
vn 0.49730000 -0.63330000 -0.59300000
vn 0.48600000 -0.65410000 -0.57960000
vn 0.52560000 -0.63330000 -0.56810000
vn 0.51370000 -0.65410000 -0.55520000
vn 0.42730000 -0.65410000 -0.62420000
vn 0.46780000 -0.63330000 -0.61660000
vn 0.45720000 -0.65410000 -0.60260000
vn 0.30510000 -0.63330000 -0.71120000
vn 0.38890000 -0.59040000 -0.70720000
vn 0.37290000 -0.63330000 -0.67810000
vn 0.36450000 -0.65410000 -0.66280000
vn 0.40550000 -0.63330000 -0.65920000
vn 0.39640000 -0.65410000 -0.64430000
vn 0.29820000 -0.65410000 -0.69520000
vn 0.33940000 -0.63330000 -0.69550000
vn 0.33180000 -0.65410000 -0.67980000
vn 0.24160000 -0.59040000 -0.77010000
vn 0.23160000 -0.63330000 -0.73840000
vn 0.22640000 -0.65400000 -0.72180000
vn 0.26870000 -0.63330000 -0.72580000
vn 0.26270000 -0.65410000 -0.70940000
vn 0.15220000 -0.65410000 -0.74090000
vn 0.19390000 -0.63330000 -0.74920000
vn 0.18960000 -0.65410000 -0.73230000
vn 0.11720000 -0.63330000 -0.76500000
vn 0.11450000 -0.65410000 -0.74770000
vn 0.00000000 0.67440000 -0.73840000
vn 0.00750000 0.67440000 -0.73830000
vn 0.01720000 0.67440000 -0.73820000
vn 0.03410000 0.67440000 -0.73760000
vn 0.05110000 0.67440000 -0.73660000
vn 0.06800000 0.67440000 -0.73520000
vn 0.07730000 0.67440000 -0.73430000
vn 0.08660000 0.67440000 -0.73320000
vn 0.10630000 0.67440000 -0.73070000
vn 0.12600000 0.67440000 -0.72750000
vn 0.13560000 0.67440000 -0.72580000
vn 0.14510000 0.67440000 -0.72390000
vn 0.16170000 0.67440000 -0.72040000
vn 0.17820000 0.67440000 -0.71650000
vn 0.19460000 0.67440000 -0.71220000
vn 0.20370000 0.67440000 -0.70970000
vn 0.21260000 0.67440000 -0.70710000
vn 0.23160000 0.67440000 -0.70110000
vn 0.25050000 0.67440000 -0.69460000
vn 0.25950000 0.67440000 -0.69120000
vn 0.26860000 0.67440000 -0.68770000
vn 0.28430000 0.67440000 -0.68140000
vn 0.29990000 0.67440000 -0.67470000
vn 0.31540000 0.67440000 -0.66760000
vn 0.32370000 0.67440000 -0.66360000
vn 0.33220000 0.67440000 -0.65940000
vn 0.34980000 0.67440000 -0.65020000
vn 0.36730000 0.67440000 -0.64050000
vn 0.37570000 0.67440000 -0.63560000
vn 0.38400000 0.67440000 -0.63070000
vn 0.39830000 0.67440000 -0.62170000
vn 0.41250000 0.67440000 -0.61230000
vn 0.42650000 0.67440000 -0.60270000
vn 0.43410000 0.67440000 -0.59720000
vn 0.44160000 0.67440000 -0.59170000
vn 0.45740000 0.67440000 -0.57960000
vn 0.47290000 0.67440000 -0.56700000
vn 0.48030000 0.67440000 -0.56080000
vn 0.48760000 0.67440000 -0.55440000
vn 0.50030000 0.67440000 -0.54310000
vn 0.51260000 0.67440000 -0.53140000
vn 0.52470000 0.67440000 -0.51950000
vn 0.53120000 0.67440000 -0.51280000
vn 0.53770000 0.67440000 -0.50600000
vn 0.55110000 0.67440000 -0.49140000
vn 0.56420000 0.67440000 -0.47630000
vn 0.57040000 0.67440000 -0.46890000
vn 0.57650000 0.67440000 -0.46130000
vn 0.58700000 0.67440000 -0.44790000
vn 0.59710000 0.67440000 -0.43430000
vn 0.60690000 0.67440000 -0.42050000
vn 0.61220000 0.67440000 -0.41270000
vn 0.61740000 0.67440000 -0.40500000
vn 0.62810000 0.67440000 -0.38820000
vn 0.63830000 0.67440000 -0.37110000
vn 0.64310000 0.67440000 -0.36270000
vn 0.64790000 0.67440000 -0.35420000
vn 0.65580000 0.67440000 -0.33920000
vn 0.66340000 0.67440000 -0.32400000
vn 0.67070000 0.67440000 -0.30870000
vn 0.67460000 0.67440000 -0.30020000
vn 0.67830000 0.67440000 -0.29160000
vn 0.68590000 0.67440000 -0.27320000
vn 0.69310000 0.67440000 -0.25460000
vn 0.69630000 0.67440000 -0.24550000
vn 0.69950000 0.67440000 -0.23630000
vn 0.70470000 0.67440000 -0.22020000
vn 0.70960000 0.67440000 -0.20390000
vn 0.71410000 0.67440000 -0.18760000
vn 0.71640000 0.67440000 -0.17850000
vn 0.71870000 0.67440000 -0.16940000
vn 0.72290000 0.67440000 -0.14990000
vn 0.72670000 0.67440000 -0.13040000
vn 0.72840000 0.67440000 -0.12090000
vn 0.72990000 0.67440000 -0.11120000
vn 0.73230000 0.67440000 -0.09440000
vn 0.73420000 0.67440000 -0.07760000
vn 0.73580000 0.67440000 -0.06070000
vn 0.73660000 0.67440000 -0.05140000
vn 0.73710000 0.67440000 -0.04210000
vn 0.73800000 0.67440000 -0.02210000
vn 0.73840000 0.67440000 -0.00220000
vn 0.73830000 0.67440000 0.00750000
vn 0.73820000 0.67440000 0.01720000
vn 0.73750000 0.67440000 0.03410000
vn 0.73660000 0.67440000 0.05110000
vn 0.73520000 0.67440000 0.06800000
vn 0.73430000 0.67440000 0.07730000
vn 0.73320000 0.67440000 0.08660000
vn 0.73070000 0.67440000 0.10640000
vn 0.72750000 0.67440000 0.12600000
vn 0.72580000 0.67440000 0.13550000
vn 0.72390000 0.67440000 0.14510000
vn 0.72040000 0.67440000 0.16170000
vn 0.71650000 0.67440000 0.17820000
vn 0.71220000 0.67440000 0.19460000
vn 0.70970000 0.67440000 0.20360000
vn 0.70700000 0.67450000 0.21260000
vn 0.70110000 0.67440000 0.23160000
vn 0.69460000 0.67440000 0.25050000
vn 0.69120000 0.67440000 0.25960000
vn 0.68780000 0.67440000 0.26860000
vn 0.68140000 0.67440000 0.28430000
vn 0.67470000 0.67440000 0.29990000
vn 0.66760000 0.67440000 0.31540000
vn 0.66360000 0.67440000 0.32370000
vn 0.65940000 0.67440000 0.33220000
vn 0.65020000 0.67440000 0.34980000
vn 0.64050000 0.67440000 0.36730000
vn 0.63570000 0.67440000 0.37560000
vn 0.63060000 0.67440000 0.38400000
vn 0.62170000 0.67440000 0.39830000
vn 0.61230000 0.67440000 0.41250000
vn 0.60270000 0.67440000 0.42650000
vn 0.59730000 0.67440000 0.43410000
vn 0.59170000 0.67440000 0.44160000
vn 0.57960000 0.67440000 0.45740000
vn 0.56700000 0.67440000 0.47290000
vn 0.56080000 0.67440000 0.48030000
vn 0.55440000 0.67440000 0.48760000
vn 0.54300000 0.67440000 0.50020000
vn 0.53140000 0.67440000 0.51260000
vn 0.51950000 0.67440000 0.52470000
vn 0.51280000 0.67440000 0.53120000
vn 0.50600000 0.67440000 0.53770000
vn 0.49140000 0.67440000 0.55110000
vn 0.47630000 0.67440000 0.56420000
vn 0.46890000 0.67440000 0.57040000
vn 0.46130000 0.67440000 0.57650000
vn 0.44790000 0.67440000 0.58690000
vn 0.43430000 0.67440000 0.59710000
vn 0.42050000 0.67440000 0.60690000
vn 0.41280000 0.67440000 0.61220000
vn 0.40500000 0.67440000 0.61740000
vn 0.38820000 0.67440000 0.62810000
vn 0.37110000 0.67440000 0.63830000
vn 0.36270000 0.67440000 0.64310000
vn 0.35420000 0.67440000 0.64790000
vn 0.33920000 0.67440000 0.65580000
vn 0.32400000 0.67440000 0.66340000
vn 0.30870000 0.67440000 0.67070000
vn 0.30020000 0.67440000 0.67450000
vn 0.29160000 0.67440000 0.67830000
vn 0.27320000 0.67440000 0.68590000
vn 0.25460000 0.67440000 0.69300000
vn 0.24550000 0.67440000 0.69630000
vn 0.23630000 0.67440000 0.69950000
vn 0.22020000 0.67440000 0.70470000
vn 0.20390000 0.67440000 0.70960000
vn 0.18760000 0.67440000 0.71410000
vn 0.17850000 0.67440000 0.71640000
vn 0.16940000 0.67440000 0.71870000
vn 0.14990000 0.67440000 0.72290000
vn 0.13040000 0.67440000 0.72670000
vn 0.12090000 0.67440000 0.72840000
vn 0.11120000 0.67440000 0.72990000
vn 0.09440000 0.67440000 0.73230000
vn 0.07760000 0.67440000 0.73420000
vn 0.06070000 0.67440000 0.73580000
vn 0.05140000 0.67440000 0.73660000
vn 0.04210000 0.67440000 0.73710000
vn 0.02210000 0.67440000 0.73800000
vn 0.00220000 0.67440000 0.73840000
vn -0.00740000 0.67440000 0.73830000
vn -0.01720000 0.67440000 0.73820000
vn -0.03410000 0.67440000 0.73750000
vn -0.05110000 0.67440000 0.73660000
vn -0.06800000 0.67440000 0.73520000
vn -0.07730000 0.67440000 0.73430000
vn -0.08660000 0.67440000 0.73320000
vn -0.10640000 0.67440000 0.73070000
vn -0.12600000 0.67440000 0.72750000
vn -0.13560000 0.67440000 0.72580000
vn -0.14510000 0.67440000 0.72390000
vn -0.16170000 0.67440000 0.72040000
vn -0.17820000 0.67440000 0.71650000
vn -0.19460000 0.67440000 0.71220000
vn -0.20360000 0.67440000 0.70970000
vn -0.21260000 0.67440000 0.70710000
vn -0.23160000 0.67440000 0.70110000
vn -0.25050000 0.67440000 0.69460000
vn -0.25960000 0.67440000 0.69120000
vn -0.26860000 0.67440000 0.68780000
vn -0.28430000 0.67440000 0.68140000
vn -0.29990000 0.67440000 0.67470000
vn -0.31530000 0.67440000 0.66760000
vn -0.32370000 0.67440000 0.66360000
vn -0.33220000 0.67440000 0.65940000
vn -0.34980000 0.67440000 0.65020000
vn -0.36730000 0.67440000 0.64050000
vn -0.37560000 0.67440000 0.63570000
vn -0.38400000 0.67440000 0.63070000
vn -0.39830000 0.67440000 0.62170000
vn -0.41250000 0.67440000 0.61230000
vn -0.42650000 0.67440000 0.60270000
vn -0.43410000 0.67440000 0.59720000
vn -0.44160000 0.67440000 0.59170000
vn -0.45740000 0.67440000 0.57960000
vn -0.47290000 0.67440000 0.56700000
vn -0.48030000 0.67440000 0.56070000
vn -0.48760000 0.67440000 0.55440000
vn -0.50020000 0.67440000 0.54300000
vn -0.51260000 0.67440000 0.53140000
vn -0.52470000 0.67440000 0.51950000
vn -0.53120000 0.67440000 0.51280000
vn -0.53770000 0.67440000 0.50600000
vn -0.55110000 0.67440000 0.49140000
vn -0.56420000 0.67440000 0.47630000
vn -0.57040000 0.67440000 0.46890000
vn -0.57650000 0.67440000 0.46130000
vn -0.58690000 0.67440000 0.44790000
vn -0.59710000 0.67440000 0.43430000
vn -0.60690000 0.67440000 0.42050000
vn -0.61220000 0.67440000 0.41280000
vn -0.61740000 0.67440000 0.40500000
vn -0.62810000 0.67440000 0.38820000
vn -0.63830000 0.67440000 0.37110000
vn -0.64310000 0.67440000 0.36260000
vn -0.64790000 0.67440000 0.35420000
vn -0.65580000 0.67440000 0.33920000
vn -0.66340000 0.67440000 0.32400000
vn -0.67070000 0.67440000 0.30870000
vn -0.67450000 0.67440000 0.30020000
vn -0.67830000 0.67440000 0.29160000
vn -0.68590000 0.67440000 0.27320000
vn -0.69310000 0.67440000 0.25460000
vn -0.69630000 0.67440000 0.24550000
vn -0.69950000 0.67440000 0.23630000
vn -0.70470000 0.67440000 0.22020000
vn -0.70960000 0.67440000 0.20390000
vn -0.71410000 0.67440000 0.18760000
vn -0.71640000 0.67440000 0.17850000
vn -0.71860000 0.67440000 0.16940000
vn -0.72290000 0.67440000 0.14990000
vn -0.72670000 0.67440000 0.13040000
vn -0.72840000 0.67440000 0.12090000
vn -0.72990000 0.67440000 0.11120000
vn -0.73230000 0.67440000 0.09440000
vn -0.73420000 0.67440000 0.07760000
vn -0.73580000 0.67440000 0.06070000
vn -0.73660000 0.67440000 0.05140000
vn -0.73720000 0.67440000 0.04210000
vn -0.73800000 0.67440000 0.02210000
vn -0.73830000 0.67440000 0.00220000
vn -0.73830000 0.67440000 -0.00740000
vn -0.73820000 0.67440000 -0.01720000
vn -0.73750000 0.67440000 -0.03420000
vn -0.73660000 0.67440000 -0.05110000
vn -0.73520000 0.67440000 -0.06800000
vn -0.73430000 0.67440000 -0.07730000
vn -0.73330000 0.67440000 -0.08660000
vn -0.73060000 0.67440000 -0.10640000
vn -0.72750000 0.67440000 -0.12600000
vn -0.72580000 0.67440000 -0.13560000
vn -0.72390000 0.67440000 -0.14510000
vn -0.72040000 0.67440000 -0.16170000
vn -0.71650000 0.67440000 -0.17820000
vn -0.71220000 0.67440000 -0.19460000
vn -0.70970000 0.67440000 -0.20370000
vn -0.70710000 0.67440000 -0.21260000
vn -0.70110000 0.67440000 -0.23160000
vn -0.69460000 0.67440000 -0.25050000
vn -0.69120000 0.67440000 -0.25960000
vn -0.68780000 0.67440000 -0.26860000
vn -0.68140000 0.67440000 -0.28430000
vn -0.67470000 0.67440000 -0.29990000
vn -0.66760000 0.67440000 -0.31540000
vn -0.66360000 0.67440000 -0.32370000
vn -0.65940000 0.67440000 -0.33220000
vn -0.65020000 0.67440000 -0.34980000
vn -0.64050000 0.67440000 -0.36730000
vn -0.63570000 0.67440000 -0.37560000
vn -0.63060000 0.67440000 -0.38400000
vn -0.62170000 0.67440000 -0.39830000
vn -0.61230000 0.67440000 -0.41250000
vn -0.60270000 0.67440000 -0.42650000
vn -0.59720000 0.67440000 -0.43410000
vn -0.59170000 0.67440000 -0.44160000
vn -0.57960000 0.67440000 -0.45740000
vn -0.56700000 0.67440000 -0.47290000
vn -0.56080000 0.67440000 -0.48030000
vn -0.55440000 0.67440000 -0.48760000
vn -0.54300000 0.67440000 -0.50020000
vn -0.53140000 0.67440000 -0.51260000
vn -0.51950000 0.67440000 -0.52470000
vn -0.51280000 0.67440000 -0.53120000
vn -0.50600000 0.67440000 -0.53770000
vn -0.49140000 0.67440000 -0.55110000
vn -0.47630000 0.67440000 -0.56420000
vn -0.46890000 0.67440000 -0.57040000
vn -0.46130000 0.67440000 -0.57650000
vn -0.44790000 0.67440000 -0.58700000
vn -0.43430000 0.67440000 -0.59710000
vn -0.42050000 0.67440000 -0.60690000
vn -0.41280000 0.67440000 -0.61220000
vn -0.40500000 0.67440000 -0.61740000
vn -0.38820000 0.67440000 -0.62810000
vn -0.37110000 0.67440000 -0.63830000
vn -0.36270000 0.67440000 -0.64310000
vn -0.35420000 0.67440000 -0.64790000
vn -0.33920000 0.67440000 -0.65580000
vn -0.32400000 0.67440000 -0.66340000
vn -0.30870000 0.67440000 -0.67070000
vn -0.30020000 0.67440000 -0.67450000
vn -0.29160000 0.67440000 -0.67830000
vn -0.27320000 0.67440000 -0.68590000
vn -0.25460000 0.67440000 -0.69310000
vn -0.24550000 0.67440000 -0.69630000
vn -0.23630000 0.67440000 -0.69950000
vn -0.22020000 0.67440000 -0.70470000
vn -0.20390000 0.67440000 -0.70960000
vn -0.18760000 0.67440000 -0.71410000
vn -0.17850000 0.67440000 -0.71640000
vn -0.16940000 0.67440000 -0.71860000
vn -0.14990000 0.67440000 -0.72290000
vn -0.13040000 0.67440000 -0.72670000
vn -0.12090000 0.67440000 -0.72840000
vn -0.11120000 0.67440000 -0.72990000
vn -0.09440000 0.67440000 -0.73230000
vn -0.07760000 0.67440000 -0.73420000
vn -0.06070000 0.67440000 -0.73580000
vn -0.05140000 0.67440000 -0.73660000
vn -0.04210000 0.67440000 -0.73710000
vn -0.02210000 0.67440000 -0.73800000
vn -0.00220000 0.67440000 -0.73840000
vn -0.00010000 0.67440000 -0.73830000
vn 0.31770000 0.59230000 -0.74040000
vn 0.17380000 0.50420000 -0.84590000
vn 0.00000000 0.59230000 -0.80570000
vn 0.16220000 0.59230000 -0.78920000
vn 0.15560000 0.63420000 -0.75740000
vn 0.08150000 0.59230000 -0.80160000
vn -0.00000000 0.63420000 -0.77320000
vn 0.07820000 0.63420000 -0.76920000
vn 0.00000000 0.59230000 -0.80570000
vn -0.16640000 0.50420000 -0.84740000
vn -0.30470000 0.59230000 -0.74590000
vn -0.15520000 0.59230000 -0.79060000
vn 0.07650000 0.65450000 -0.75220000
vn 0.03920000 0.63420000 -0.77220000
vn 0.00000000 0.65450000 -0.75600000
vn 0.03830000 0.65450000 -0.75510000
vn -0.00000000 0.63420000 -0.77320000
vn -0.07800000 0.59230000 -0.80190000
vn -0.14900000 0.63420000 -0.75870000
vn -0.07480000 0.63420000 -0.76960000
vn 0.03790000 0.66450000 -0.74630000
vn 0.01910000 0.65450000 -0.75580000
vn 0.00000000 0.66450000 -0.74730000
vn 0.01890000 0.66450000 -0.74700000
vn 0.00000000 0.65450000 -0.75600000
vn -0.03750000 0.63420000 -0.77230000
vn -0.07320000 0.65460000 -0.75250000
vn -0.03660000 0.65450000 -0.75510000
vn 0.15220000 0.65450000 -0.74060000
vn 0.11710000 0.63420000 -0.76430000
vn 0.11450000 0.65450000 -0.74740000
vn 0.30480000 0.63420000 -0.71050000
vn 0.24120000 0.59230000 -0.76880000
vn 0.23140000 0.63420000 -0.73770000
vn 0.57530000 0.59230000 -0.56410000
vn 0.48780000 0.50420000 -0.71260000
vn 0.45510000 0.59230000 -0.66490000
vn 0.22630000 0.65450000 -0.72140000
vn 0.19380000 0.63420000 -0.74850000
vn 0.18950000 0.65450000 -0.73190000
vn 0.29810000 0.65450000 -0.69480000
vn 0.26850000 0.63420000 -0.72510000
vn 0.26250000 0.65450000 -0.70900000
vn 0.43670000 0.63420000 -0.63800000
vn 0.38820000 0.59230000 -0.70600000
vn 0.37260000 0.63420000 -0.67750000
vn 0.36430000 0.65460000 -0.66240000
vn 0.33910000 0.63420000 -0.69480000
vn 0.33160000 0.65450000 -0.67950000
vn 0.42710000 0.65450000 -0.62390000
vn 0.40510000 0.63420000 -0.65850000
vn 0.39610000 0.65460000 -0.64390000
vn 0.55210000 0.63420000 -0.54130000
vn 0.51770000 0.59230000 -0.61740000
vn 0.49680000 0.63420000 -0.59250000
vn 0.74590000 0.59230000 -0.30470000
vn 0.72160000 0.50420000 -0.47450000
vn 0.67320000 0.59230000 -0.44270000
vn 0.48580000 0.65450000 -0.57930000
vn 0.46730000 0.63420000 -0.61600000
vn 0.45700000 0.65450000 -0.60230000
vn 0.53990000 0.65450000 -0.52930000
vn 0.52510000 0.63420000 -0.56750000
vn 0.51340000 0.65450000 -0.55500000
vn 0.64600000 0.63420000 -0.42480000
vn 0.62720000 0.59230000 -0.50570000
vn 0.60190000 0.63420000 -0.48530000
vn 0.58860000 0.65450000 -0.47460000
vn 0.57770000 0.63420000 -0.51390000
vn 0.56490000 0.65450000 -0.50250000
vn 0.63170000 0.65450000 -0.41540000
vn 0.62470000 0.63420000 -0.45560000
vn 0.61080000 0.65460000 -0.44550000
vn 0.71580000 0.63420000 -0.29240000
vn 0.71290000 0.59230000 -0.37540000
vn 0.68410000 0.63420000 -0.36030000
vn 0.80570000 0.59230000 0.00000000
vn 0.84740000 0.50420000 -0.16640000
vn 0.79060000 0.59230000 -0.15520000
vn 0.66900000 0.65450000 -0.35230000
vn 0.66580000 0.63420000 -0.39300000
vn 0.65110000 0.65450000 -0.38430000
vn 0.69990000 0.65450000 -0.28590000
vn 0.70080000 0.63420000 -0.32670000
vn 0.68520000 0.65450000 -0.31950000
vn 0.75870000 0.63420000 -0.14900000
vn 0.77190000 0.59230000 -0.23100000
vn 0.74070000 0.63420000 -0.22170000
vn 0.72430000 0.65450000 -0.21680000
vn 0.72910000 0.63420000 -0.25730000
vn 0.71300000 0.65450000 -0.25160000
vn 0.74190000 0.65450000 -0.14570000
vn 0.75060000 0.63420000 -0.18560000
vn 0.73390000 0.65450000 -0.18140000
vn 0.77320000 0.63420000 -0.00000000
vn 0.80200000 0.59230000 -0.07800000
vn 0.76950000 0.63420000 -0.07480000
vn 0.74040000 0.59230000 0.31770000
vn 0.84590000 0.50420000 0.17380000
vn 0.78920000 0.59230000 0.16220000
vn 0.75250000 0.65450000 -0.07320000
vn 0.76500000 0.63420000 -0.11200000
vn 0.74810000 0.65450000 -0.10950000
vn 0.75600000 0.65450000 0.00000000
vn 0.77230000 0.63420000 -0.03750000
vn 0.75520000 0.65450000 -0.03660000
vn 0.75740000 0.63420000 0.15560000
vn 0.80160000 0.59230000 0.08150000
vn 0.76920000 0.63420000 0.07820000
vn 0.75210000 0.65450000 0.07650000
vn 0.77220000 0.63420000 0.03920000
vn 0.75510000 0.65450000 0.03830000
vn 0.74060000 0.65450000 0.15220000
vn 0.76430000 0.63420000 0.11710000
vn 0.74740000 0.65450000 0.11450000
vn 0.71060000 0.63420000 0.30480000
vn 0.76880000 0.59230000 0.24120000
vn 0.73770000 0.63420000 0.23140000
vn 0.56410000 0.59230000 0.57530000
vn 0.71260000 0.50420000 0.48780000
vn 0.66490000 0.59230000 0.45510000
vn 0.72140000 0.65450000 0.22630000
vn 0.74850000 0.63420000 0.19380000
vn 0.73190000 0.65450000 0.18950000
vn 0.69480000 0.65450000 0.29810000
vn 0.72510000 0.63420000 0.26850000
vn 0.70900000 0.65450000 0.26250000
vn 0.63800000 0.63420000 0.43670000
vn 0.70600000 0.59230000 0.38820000
vn 0.67750000 0.63420000 0.37260000
vn 0.66240000 0.65460000 0.36430000
vn 0.69480000 0.63420000 0.33910000
vn 0.67950000 0.65450000 0.33160000
vn 0.62390000 0.65450000 0.42710000
vn 0.65850000 0.63420000 0.40510000
vn 0.64390000 0.65460000 0.39610000
vn 0.54130000 0.63420000 0.55210000
vn 0.61740000 0.59230000 0.51770000
vn 0.59250000 0.63420000 0.49680000
vn 0.30470000 0.59230000 0.74590000
vn 0.47450000 0.50420000 0.72160000
vn 0.44270000 0.59230000 0.67320000
vn 0.57930000 0.65450000 0.48580000
vn 0.61600000 0.63420000 0.46730000
vn 0.60230000 0.65450000 0.45700000
vn 0.52930000 0.65450000 0.53990000
vn 0.56750000 0.63420000 0.52510000
vn 0.55500000 0.65450000 0.51340000
vn 0.42480000 0.63420000 0.64600000
vn 0.50570000 0.59230000 0.62720000
vn 0.48530000 0.63420000 0.60190000
vn 0.47460000 0.65450000 0.58860000
vn 0.51390000 0.63420000 0.57770000
vn 0.50250000 0.65450000 0.56490000
vn 0.41540000 0.65450000 0.63170000
vn 0.45560000 0.63420000 0.62470000
vn 0.44550000 0.65450000 0.61090000
vn 0.29240000 0.63420000 0.71580000
vn 0.37540000 0.59230000 0.71290000
vn 0.36030000 0.63420000 0.68410000
vn -0.00000000 0.59230000 0.80570000
vn 0.16640000 0.50420000 0.84740000
vn 0.15520000 0.59230000 0.79060000
vn 0.35230000 0.65450000 0.66900000
vn 0.39300000 0.63420000 0.66580000
vn 0.38430000 0.65450000 0.65110000
vn 0.28590000 0.65450000 0.69990000
vn 0.32670000 0.63420000 0.70080000
vn 0.31950000 0.65450000 0.68520000
vn 0.14900000 0.63420000 0.75870000
vn 0.23100000 0.59230000 0.77190000
vn 0.22170000 0.63420000 0.74070000
vn 0.21680000 0.65450000 0.72430000
vn 0.25730000 0.63420000 0.72910000
vn 0.25160000 0.65450000 0.71300000
vn 0.14570000 0.65460000 0.74190000
vn 0.18550000 0.63420000 0.75060000
vn 0.18140000 0.65450000 0.73400000
vn -0.00000000 0.63420000 0.77320000
vn 0.07800000 0.59230000 0.80200000
vn 0.07480000 0.63420000 0.76960000
vn -0.31770000 0.59230000 0.74040000
vn -0.17380000 0.50420000 0.84590000
vn -0.16220000 0.59230000 0.78920000
vn 0.07320000 0.65460000 0.75250000
vn 0.11200000 0.63420000 0.76500000
vn 0.10950000 0.65450000 0.74810000
vn 0.00000000 0.65450000 0.75610000
vn 0.03750000 0.63420000 0.77220000
vn 0.03660000 0.65450000 0.75520000
vn -0.15560000 0.63420000 0.75740000
vn -0.08150000 0.59230000 0.80160000
vn -0.07820000 0.63420000 0.76920000
vn -0.07650000 0.65450000 0.75220000
vn -0.03920000 0.63420000 0.77220000
vn -0.03830000 0.65450000 0.75510000
vn -0.15220000 0.65450000 0.74060000
vn -0.11710000 0.63420000 0.76430000
vn -0.11450000 0.65450000 0.74740000
vn -0.30480000 0.63420000 0.71060000
vn -0.24120000 0.59230000 0.76880000
vn -0.23140000 0.63420000 0.73770000
vn -0.57530000 0.59230000 0.56410000
vn -0.48780000 0.50420000 0.71260000
vn -0.45510000 0.59230000 0.66490000
vn -0.22630000 0.65450000 0.72140000
vn -0.19380000 0.63420000 0.74850000
vn -0.18950000 0.65450000 0.73190000
vn -0.29810000 0.65450000 0.69480000
vn -0.26850000 0.63420000 0.72510000
vn -0.26250000 0.65450000 0.70900000
vn -0.43670000 0.63420000 0.63800000
vn -0.38820000 0.59230000 0.70600000
vn -0.37260000 0.63420000 0.67750000
vn -0.36430000 0.65450000 0.66250000
vn -0.33910000 0.63420000 0.69480000
vn -0.33160000 0.65450000 0.67940000
vn -0.42710000 0.65450000 0.62390000
vn -0.40510000 0.63420000 0.65850000
vn -0.39620000 0.65450000 0.64390000
vn -0.55210000 0.63420000 0.54130000
vn -0.51770000 0.59230000 0.61740000
vn -0.49680000 0.63420000 0.59250000
vn -0.74590000 0.59230000 0.30470000
vn -0.72160000 0.50420000 0.47450000
vn -0.67320000 0.59230000 0.44270000
vn -0.48580000 0.65450000 0.57930000
vn -0.46730000 0.63420000 0.61600000
vn -0.45700000 0.65450000 0.60230000
vn -0.53980000 0.65450000 0.52930000
vn -0.52510000 0.63420000 0.56760000
vn -0.51340000 0.65450000 0.55500000
vn -0.64600000 0.63420000 0.42480000
vn -0.62720000 0.59230000 0.50570000
vn -0.60190000 0.63420000 0.48530000
vn -0.58860000 0.65450000 0.47460000
vn -0.57770000 0.63420000 0.51390000
vn -0.56490000 0.65450000 0.50250000
vn -0.63170000 0.65450000 0.41540000
vn -0.62470000 0.63420000 0.45560000
vn -0.61080000 0.65450000 0.44550000
vn -0.71580000 0.63420000 0.29240000
vn -0.71290000 0.59230000 0.37540000
vn -0.68410000 0.63420000 0.36030000
vn -0.80570000 0.59230000 -0.00000000
vn -0.84740000 0.50420000 0.16640000
vn -0.79060000 0.59230000 0.15520000
vn -0.66900000 0.65450000 0.35230000
vn -0.66580000 0.63420000 0.39300000
vn -0.65110000 0.65450000 0.38430000
vn -0.69990000 0.65450000 0.28590000
vn -0.70080000 0.63420000 0.32670000
vn -0.68520000 0.65450000 0.31950000
vn -0.75870000 0.63420000 0.14900000
vn -0.77190000 0.59230000 0.23100000
vn -0.74070000 0.63420000 0.22170000
vn -0.72430000 0.65450000 0.21680000
vn -0.72910000 0.63420000 0.25730000
vn -0.71290000 0.65450000 0.25160000
vn -0.74190000 0.65450000 0.14570000
vn -0.75060000 0.63420000 0.18550000
vn -0.73390000 0.65450000 0.18140000
vn -0.77320000 0.63420000 0.00000000
vn -0.80200000 0.59230000 0.07800000
vn -0.76950000 0.63420000 0.07480000
vn -0.74040000 0.59230000 -0.31770000
vn -0.84590000 0.50420000 -0.17380000
vn -0.78920000 0.59230000 -0.16220000
vn -0.75250000 0.65450000 0.07320000
vn -0.76500000 0.63420000 0.11200000
vn -0.74810000 0.65450000 0.10950000
vn -0.75610000 0.65450000 0.00000000
vn -0.77230000 0.63420000 0.03750000
vn -0.75520000 0.65450000 0.03660000
vn -0.75740000 0.63420000 -0.15560000
vn -0.80160000 0.59230000 -0.08150000
vn -0.76920000 0.63420000 -0.07820000
vn -0.75220000 0.65450000 -0.07650000
vn -0.77220000 0.63420000 -0.03920000
vn -0.75510000 0.65450000 -0.03830000
vn -0.74050000 0.65460000 -0.15210000
vn -0.76430000 0.63420000 -0.11710000
vn -0.74740000 0.65450000 -0.11450000
vn -0.71060000 0.63420000 -0.30480000
vn -0.76880000 0.59230000 -0.24120000
vn -0.73770000 0.63420000 -0.23140000
vn -0.56410000 0.59230000 -0.57530000
vn -0.71260000 0.50420000 -0.48780000
vn -0.66490000 0.59230000 -0.45510000
vn -0.72140000 0.65450000 -0.22630000
vn -0.74850000 0.63420000 -0.19380000
vn -0.73190000 0.65450000 -0.18950000
vn -0.69480000 0.65450000 -0.29810000
vn -0.72510000 0.63420000 -0.26850000
vn -0.70900000 0.65450000 -0.26250000
vn -0.63800000 0.63420000 -0.43670000
vn -0.70600000 0.59230000 -0.38820000
vn -0.67750000 0.63420000 -0.37260000
vn -0.66250000 0.65450000 -0.36430000
vn -0.69480000 0.63420000 -0.33910000
vn -0.67950000 0.65450000 -0.33160000
vn -0.62390000 0.65450000 -0.42710000
vn -0.65850000 0.63420000 -0.40510000
vn -0.64390000 0.65450000 -0.39620000
vn -0.54130000 0.63420000 -0.55210000
vn -0.61740000 0.59230000 -0.51770000
vn -0.59250000 0.63420000 -0.49680000
vn -0.47450000 0.50420000 -0.72160000
vn -0.44270000 0.59230000 -0.67320000
vn -0.57930000 0.65450000 -0.48580000
vn -0.61600000 0.63420000 -0.46730000
vn -0.60230000 0.65450000 -0.45700000
vn -0.52930000 0.65450000 -0.53990000
vn -0.56750000 0.63420000 -0.52510000
vn -0.55500000 0.65450000 -0.51340000
vn -0.42480000 0.63420000 -0.64600000
vn -0.50570000 0.59230000 -0.62720000
vn -0.48530000 0.63420000 -0.60190000
vn -0.47460000 0.65450000 -0.58860000
vn -0.51390000 0.63420000 -0.57770000
vn -0.50250000 0.65450000 -0.56490000
vn -0.41540000 0.65450000 -0.63170000
vn -0.45560000 0.63420000 -0.62470000
vn -0.44550000 0.65450000 -0.61080000
vn -0.29240000 0.63420000 -0.71580000
vn -0.37540000 0.59230000 -0.71290000
vn -0.36030000 0.63420000 -0.68410000
vn -0.35230000 0.65450000 -0.66900000
vn -0.39300000 0.63420000 -0.66580000
vn -0.38430000 0.65450000 -0.65110000
vn -0.28590000 0.65450000 -0.69990000
vn -0.32670000 0.63420000 -0.70080000
vn -0.31940000 0.65450000 -0.68520000
vn -0.23100000 0.59230000 -0.77190000
vn -0.22170000 0.63420000 -0.74070000
vn -0.21680000 0.65450000 -0.72430000
vn -0.25730000 0.63420000 -0.72910000
vn -0.25160000 0.65450000 -0.71290000
vn -0.14570000 0.65450000 -0.74190000
vn -0.18560000 0.63420000 -0.75060000
vn -0.18140000 0.65450000 -0.73390000
vn -0.11200000 0.63420000 -0.76500000
vn -0.10960000 0.65450000 -0.74810000
vn 0.00000000 0.66450000 -0.74730000
vn -0.01830000 0.65450000 -0.75580000
vn -0.03620000 0.66450000 -0.74640000
vn -0.01810000 0.66450000 -0.74700000
vn -0.00000000 0.66950000 -0.74280000
vn -0.00910000 0.66450000 -0.74720000
vn -0.01800000 0.66950000 -0.74260000
vn -0.00900000 0.66950000 -0.74270000
vn 0.01880000 0.66950000 -0.74260000
vn 0.00950000 0.66450000 -0.74720000
vn -0.00000000 0.66950000 -0.74280000
vn 0.00960000 0.66960000 -0.74260000
vn 0.01880000 -0.66940000 -0.74270000
vn 0.00000000 -0.66940000 -0.74290000
vn 0.00950000 -0.66430000 -0.74740000
vn 0.00940000 -0.66940000 -0.74290000
vn -0.00000000 -0.82850000 0.56000000
vn 0.00000000 -0.95580000 0.29410000
vn -0.00000000 -1.00000000 -0.00430000
vn 0.00000000 -0.95350000 -0.30130000
vn -0.00000000 -0.82850000 -0.56000000
vn 0.09430000 -0.95580000 0.27860000
vn -0.00150000 -1.00000000 -0.00400000
vn -0.09660000 -0.95350000 -0.28540000
vn -0.17950000 -0.82850000 -0.53050000
vn 0.18190000 -0.95580000 0.23120000
vn -0.00270000 -1.00000000 -0.00340000
vn -0.18650000 -0.95350000 -0.23660000
vn -0.34640000 -0.82850000 -0.44010000
vn 0.24910000 -0.95580000 0.15640000
vn -0.00360000 -1.00000000 -0.00240000
vn -0.25510000 -0.95350000 -0.16020000
vn -0.47430000 -0.82850000 -0.29780000
vn 0.28640000 -0.95580000 0.06710000
vn -0.00420000 -1.00000000 -0.00110000
vn -0.29330000 -0.95350000 -0.06870000
vn -0.54530000 -0.82850000 -0.12770000
vn 0.29310000 -0.95580000 -0.02540000
vn -0.00430000 -1.00000000 0.00040000
vn -0.30020000 -0.95350000 0.02600000
vn -0.55790000 -0.82850000 0.04830000
vn 0.26960000 -0.95580000 -0.11750000
vn -0.00390000 -1.00000000 0.00190000
vn -0.27620000 -0.95350000 0.12040000
vn -0.51340000 -0.82850000 0.22380000
vn 0.21470000 -0.95580000 -0.20110000
vn -0.00320000 -1.00000000 0.00300000
vn -0.21990000 -0.95350000 0.20600000
vn -0.40870000 -0.82850000 0.38290000
vn 0.13480000 -0.95580000 -0.26140000
vn -0.00210000 -1.00000000 0.00380000
vn -0.13810000 -0.95350000 0.26780000
vn -0.25670000 -0.82850000 0.49770000
vn 0.04430000 -0.95580000 -0.29080000
vn -0.00080000 -1.00000000 0.00430000
vn -0.04540000 -0.95350000 0.29790000
vn -0.08440000 -0.82850000 0.55360000
vn -0.04740000 -0.95580000 -0.29030000
vn 0.00080000 -1.00000000 0.00430000
vn 0.04860000 -0.95350000 0.29730000
vn 0.09030000 -0.82850000 0.55270000
vn -0.13590000 -0.95580000 -0.26090000
vn 0.00210000 -1.00000000 0.00380000
vn 0.13920000 -0.95350000 0.26720000
vn 0.25880000 -0.82850000 0.49660000
vn -0.21320000 -0.95580000 -0.20260000
vn 0.00310000 -1.00000000 0.00300000
vn 0.21840000 -0.95350000 0.20750000
vn 0.40600000 -0.82850000 0.38570000
vn -0.26750000 -0.95580000 -0.12230000
vn 0.00390000 -1.00000000 0.00190000
vn 0.27400000 -0.95350000 0.12520000
vn 0.50930000 -0.82850000 0.23280000
vn -0.29270000 -0.95580000 -0.02860000
vn 0.00430000 -1.00000000 0.00040000
vn 0.29980000 -0.95350000 0.02930000
vn 0.55730000 -0.82850000 0.05450000
vn -0.28550000 -0.95580000 0.07080000
vn 0.00420000 -1.00000000 -0.00110000
vn 0.29250000 -0.95350000 -0.07240000
vn 0.54350000 -0.82850000 -0.13490000
vn -0.24580000 -0.95580000 0.16150000
vn 0.00360000 -1.00000000 -0.00240000
vn 0.25180000 -0.95350000 -0.16540000
vn 0.46800000 -0.82850000 -0.30750000
vn -0.17710000 -0.95580000 0.23490000
vn 0.00260000 -1.00000000 -0.00340000
vn 0.18140000 -0.95350000 -0.24060000
vn 0.33720000 -0.82850000 -0.44720000
vn -0.08990000 -0.95580000 0.28010000
vn 0.00130000 -1.00000000 -0.00410000
vn 0.09210000 -0.95350000 -0.28690000
vn 0.17110000 -0.82850000 -0.53320000
vn -0.00000000 -0.82850000 0.56000000
vn 0.00000000 -0.95580000 0.29410000
vn -0.00000000 -1.00000000 -0.00440000
vn 0.00000000 -0.95350000 -0.30130000
vn -0.00000000 -0.82850000 -0.56000000
vn 0.01240000 -0.82850000 0.55990000
vn 0.02500000 -0.82850000 0.55950000
vn 0.03760000 -0.82850000 0.55880000
vn 0.05030000 -0.82850000 0.55780000
vn 0.06310000 -0.82850000 0.55640000
vn 0.07600000 -0.82850000 0.55480000
vn 0.08890000 -0.82850000 0.55290000
vn 0.10190000 -0.82850000 0.55070000
vn 0.11490000 -0.82850000 0.54810000
vn 0.12800000 -0.82850000 0.54520000
vn 0.14100000 -0.82850000 0.54200000
vn 0.15410000 -0.82850000 0.53840000
vn 0.16720000 -0.82850000 0.53450000
vn 0.18020000 -0.82850000 0.53030000
vn 0.19320000 -0.82850000 0.52560000
vn 0.20610000 -0.82850000 0.52070000
vn 0.21900000 -0.82850000 0.51540000
vn 0.23190000 -0.82850000 0.50980000
vn 0.24460000 -0.82850000 0.50380000
vn 0.25720000 -0.82850000 0.49750000
vn 0.26970000 -0.82850000 0.49080000
vn 0.28210000 -0.82850000 0.48380000
vn 0.29440000 -0.82850000 0.47640000
vn 0.30650000 -0.82850000 0.46880000
vn 0.31840000 -0.82850000 0.46070000
vn 0.33010000 -0.82850000 0.45240000
vn 0.34160000 -0.82850000 0.44370000
vn 0.35300000 -0.82850000 0.43480000
vn 0.36410000 -0.82850000 0.42550000
vn 0.37500000 -0.82850000 0.41600000
vn 0.38560000 -0.82850000 0.40610000
vn 0.39600000 -0.82850000 0.39600000
vn 0.40610000 -0.82850000 0.38560000
vn 0.41600000 -0.82850000 0.37500000
vn 0.42550000 -0.82850000 0.36410000
vn 0.43480000 -0.82850000 0.35300000
vn 0.44370000 -0.82850000 0.34160000
vn 0.45240000 -0.82850000 0.33010000
vn 0.46070000 -0.82850000 0.31840000
vn 0.46870000 -0.82850000 0.30650000
vn 0.47640000 -0.82850000 0.29440000
vn 0.48380000 -0.82850000 0.28210000
vn 0.49080000 -0.82850000 0.26970000
vn 0.49750000 -0.82850000 0.25720000
vn 0.50380000 -0.82850000 0.24460000
vn 0.50980000 -0.82850000 0.23190000
vn 0.51540000 -0.82850000 0.21900000
vn 0.52070000 -0.82850000 0.20610000
vn 0.52570000 -0.82850000 0.19320000
vn 0.53030000 -0.82850000 0.18020000
vn 0.53450000 -0.82850000 0.16710000
vn 0.53840000 -0.82850000 0.15410000
vn 0.54200000 -0.82850000 0.14100000
vn 0.54520000 -0.82850000 0.12800000
vn 0.54810000 -0.82850000 0.11490000
vn 0.55070000 -0.82850000 0.10190000
vn 0.55290000 -0.82850000 0.08890000
vn 0.55490000 -0.82850000 0.07600000
vn 0.55650000 -0.82850000 0.06310000
vn 0.55770000 -0.82850000 0.05030000
vn 0.55880000 -0.82850000 0.03760000
vn 0.55950000 -0.82850000 0.02500000
vn 0.55990000 -0.82850000 0.01240000
vn 0.56000000 -0.82850000 -0.00000000
vn 0.55990000 -0.82850000 -0.01240000
vn 0.55940000 -0.82850000 -0.02500000
vn 0.55880000 -0.82850000 -0.03760000
vn 0.55780000 -0.82850000 -0.05030000
vn 0.55650000 -0.82850000 -0.06310000
vn 0.55480000 -0.82850000 -0.07600000
vn 0.55290000 -0.82850000 -0.08890000
vn 0.55070000 -0.82850000 -0.10190000
vn 0.54810000 -0.82850000 -0.11490000
vn 0.54520000 -0.82850000 -0.12800000
vn 0.54200000 -0.82850000 -0.14100000
vn 0.53840000 -0.82850000 -0.15410000
vn 0.53450000 -0.82850000 -0.16720000
vn 0.53020000 -0.82850000 -0.18020000
vn 0.52560000 -0.82850000 -0.19320000
vn 0.52070000 -0.82850000 -0.20610000
vn 0.51540000 -0.82850000 -0.21900000
vn 0.50980000 -0.82850000 -0.23190000
vn 0.50380000 -0.82850000 -0.24460000
vn 0.49750000 -0.82850000 -0.25720000
vn 0.49080000 -0.82850000 -0.26970000
vn 0.48380000 -0.82850000 -0.28210000
vn 0.47640000 -0.82850000 -0.29440000
vn 0.46870000 -0.82850000 -0.30650000
vn 0.46070000 -0.82850000 -0.31840000
vn 0.45240000 -0.82850000 -0.33010000
vn 0.44370000 -0.82850000 -0.34160000
vn 0.43480000 -0.82850000 -0.35300000
vn 0.42550000 -0.82850000 -0.36410000
vn 0.41600000 -0.82850000 -0.37500000
vn 0.40610000 -0.82850000 -0.38560000
vn 0.39600000 -0.82850000 -0.39600000
vn 0.38560000 -0.82850000 -0.40610000
vn 0.37500000 -0.82850000 -0.41600000
vn 0.36410000 -0.82850000 -0.42550000
vn 0.35300000 -0.82850000 -0.43480000
vn 0.34170000 -0.82850000 -0.44380000
vn 0.33010000 -0.82850000 -0.45240000
vn 0.31840000 -0.82850000 -0.46070000
vn 0.30640000 -0.82850000 -0.46870000
vn 0.29440000 -0.82850000 -0.47640000
vn 0.28210000 -0.82850000 -0.48380000
vn 0.26970000 -0.82850000 -0.49080000
vn 0.25720000 -0.82850000 -0.49750000
vn 0.24460000 -0.82850000 -0.50380000
vn 0.23190000 -0.82850000 -0.50980000
vn 0.21900000 -0.82850000 -0.51540000
vn 0.20610000 -0.82850000 -0.52070000
vn 0.19320000 -0.82850000 -0.52570000
vn 0.18020000 -0.82850000 -0.53030000
vn 0.16710000 -0.82850000 -0.53450000
vn 0.15410000 -0.82850000 -0.53840000
vn 0.14100000 -0.82850000 -0.54200000
vn 0.12800000 -0.82850000 -0.54520000
vn 0.11490000 -0.82850000 -0.54810000
vn 0.10190000 -0.82850000 -0.55070000
vn 0.08890000 -0.82850000 -0.55290000
vn 0.07600000 -0.82850000 -0.55480000
vn 0.06310000 -0.82850000 -0.55650000
vn 0.05030000 -0.82850000 -0.55780000
vn 0.03760000 -0.82850000 -0.55880000
vn 0.02500000 -0.82850000 -0.55950000
vn 0.01240000 -0.82850000 -0.55990000
vn -0.00000000 -0.82850000 -0.56000000
vn -0.01240000 -0.82850000 -0.55990000
vn -0.02500000 -0.82850000 -0.55950000
vn -0.03760000 -0.82850000 -0.55870000
vn -0.05030000 -0.82850000 -0.55780000
vn -0.06310000 -0.82850000 -0.55650000
vn -0.07600000 -0.82850000 -0.55490000
vn -0.08890000 -0.82850000 -0.55290000
vn -0.10190000 -0.82850000 -0.55070000
vn -0.11490000 -0.82850000 -0.54810000
vn -0.12800000 -0.82850000 -0.54520000
vn -0.14100000 -0.82850000 -0.54200000
vn -0.15410000 -0.82850000 -0.53840000
vn -0.16720000 -0.82850000 -0.53450000
vn -0.18020000 -0.82850000 -0.53020000
vn -0.19320000 -0.82850000 -0.52560000
vn -0.20610000 -0.82850000 -0.52070000
vn -0.21900000 -0.82850000 -0.51540000
vn -0.23190000 -0.82850000 -0.50980000
vn -0.24460000 -0.82850000 -0.50380000
vn -0.25720000 -0.82850000 -0.49750000
vn -0.26970000 -0.82850000 -0.49080000
vn -0.28210000 -0.82850000 -0.48380000
vn -0.29440000 -0.82850000 -0.47640000
vn -0.30640000 -0.82850000 -0.46870000
vn -0.31840000 -0.82850000 -0.46070000
vn -0.33010000 -0.82850000 -0.45240000
vn -0.34160000 -0.82850000 -0.44370000
vn -0.35300000 -0.82850000 -0.43480000
vn -0.36410000 -0.82850000 -0.42550000
vn -0.37500000 -0.82850000 -0.41600000
vn -0.38560000 -0.82850000 -0.40610000
vn -0.39600000 -0.82850000 -0.39600000
vn -0.40610000 -0.82850000 -0.38560000
vn -0.41600000 -0.82850000 -0.37500000
vn -0.42550000 -0.82850000 -0.36410000
vn -0.43480000 -0.82850000 -0.35300000
vn -0.44370000 -0.82850000 -0.34160000
vn -0.45240000 -0.82850000 -0.33010000
vn -0.46070000 -0.82850000 -0.31840000
vn -0.46870000 -0.82850000 -0.30640000
vn -0.47640000 -0.82850000 -0.29440000
vn -0.48380000 -0.82850000 -0.28210000
vn -0.49080000 -0.82850000 -0.26970000
vn -0.49750000 -0.82850000 -0.25720000
vn -0.50380000 -0.82850000 -0.24460000
vn -0.50980000 -0.82850000 -0.23190000
vn -0.51540000 -0.82850000 -0.21900000
vn -0.52070000 -0.82850000 -0.20610000
vn -0.52570000 -0.82850000 -0.19320000
vn -0.53020000 -0.82850000 -0.18020000
vn -0.53450000 -0.82850000 -0.16710000
vn -0.53840000 -0.82850000 -0.15410000
vn -0.54200000 -0.82850000 -0.14100000
vn -0.54520000 -0.82850000 -0.12800000
vn -0.54810000 -0.82850000 -0.11490000
vn -0.55070000 -0.82850000 -0.10190000
vn -0.55290000 -0.82850000 -0.08890000
vn -0.55480000 -0.82850000 -0.07600000
vn -0.55640000 -0.82850000 -0.06310000
vn -0.55780000 -0.82850000 -0.05030000
vn -0.55880000 -0.82850000 -0.03760000
vn -0.55950000 -0.82850000 -0.02500000
vn -0.55990000 -0.82850000 -0.01240000
vn -0.56000000 -0.82850000 -0.00000000
vn -0.55990000 -0.82850000 0.01240000
vn -0.55950000 -0.82850000 0.02500000
vn -0.55880000 -0.82850000 0.03760000
vn -0.55780000 -0.82850000 0.05030000
vn -0.55650000 -0.82850000 0.06310000
vn -0.55480000 -0.82850000 0.07600000
vn -0.55290000 -0.82850000 0.08890000
vn -0.55070000 -0.82850000 0.10190000
vn -0.54810000 -0.82850000 0.11490000
vn -0.54520000 -0.82850000 0.12800000
vn -0.54200000 -0.82850000 0.14100000
vn -0.53840000 -0.82850000 0.15410000
vn -0.53450000 -0.82850000 0.16720000
vn -0.53030000 -0.82850000 0.18020000
vn -0.52560000 -0.82850000 0.19320000
vn -0.52070000 -0.82850000 0.20610000
vn -0.51540000 -0.82850000 0.21900000
vn -0.50980000 -0.82850000 0.23180000
vn -0.50380000 -0.82850000 0.24460000
vn -0.49750000 -0.82850000 0.25720000
vn -0.49080000 -0.82850000 0.26970000
vn -0.48380000 -0.82850000 0.28210000
vn -0.47640000 -0.82850000 0.29440000
vn -0.46880000 -0.82850000 0.30650000
vn -0.46070000 -0.82850000 0.31840000
vn -0.45240000 -0.82850000 0.33010000
vn -0.44370000 -0.82850000 0.34160000
vn -0.43480000 -0.82850000 0.35300000
vn -0.42550000 -0.82850000 0.36410000
vn -0.41600000 -0.82850000 0.37500000
vn -0.40610000 -0.82850000 0.38560000
vn -0.39600000 -0.82850000 0.39600000
vn -0.38560000 -0.82850000 0.40610000
vn -0.37500000 -0.82850000 0.41600000
vn -0.36410000 -0.82850000 0.42550000
vn -0.35300000 -0.82850000 0.43480000
vn -0.34170000 -0.82850000 0.44380000
vn -0.33010000 -0.82850000 0.45240000
vn -0.31840000 -0.82850000 0.46070000
vn -0.30650000 -0.82850000 0.46870000
vn -0.29440000 -0.82850000 0.47640000
vn -0.28210000 -0.82850000 0.48380000
vn -0.26970000 -0.82850000 0.49080000
vn -0.25720000 -0.82850000 0.49740000
vn -0.24460000 -0.82850000 0.50380000
vn -0.23190000 -0.82850000 0.50980000
vn -0.21900000 -0.82850000 0.51540000
vn -0.20610000 -0.82850000 0.52070000
vn -0.19320000 -0.82850000 0.52570000
vn -0.18020000 -0.82850000 0.53030000
vn -0.16710000 -0.82850000 0.53450000
vn -0.15410000 -0.82850000 0.53840000
vn -0.14100000 -0.82850000 0.54200000
vn -0.12800000 -0.82850000 0.54520000
vn -0.11490000 -0.82850000 0.54810000
vn -0.10190000 -0.82850000 0.55070000
vn -0.08890000 -0.82850000 0.55290000
vn -0.07600000 -0.82850000 0.55480000
vn -0.06310000 -0.82850000 0.55640000
vn -0.05030000 -0.82850000 0.55780000
vn -0.03760000 -0.82850000 0.55880000
vn -0.02500000 -0.82850000 0.55950000
vn -0.01240000 -0.82850000 0.55990000
vn 0.13910000 -0.90090000 0.41120000
vn 0.04650000 -0.95580000 0.29040000
vn 0.00000000 -0.90090000 0.43400000
vn 0.06890000 -0.90090000 0.42860000
vn 0.07890000 -0.86660000 0.49270000
vn 0.03390000 -0.90090000 0.43270000
vn -0.00000000 -0.86660000 0.49900000
vn 0.03900000 -0.86660000 0.49740000
vn 0.00000000 -0.90090000 0.43400000
vn -0.04430000 -0.95580000 0.29080000
vn -0.13260000 -0.90090000 0.41330000
vn -0.06560000 -0.90090000 0.42900000
vn 0.15990000 -0.86660000 0.47260000
vn 0.10390000 -0.90090000 0.42140000
vn 0.11940000 -0.86660000 0.48440000
vn 0.26840000 -0.90090000 0.34110000
vn 0.13960000 -0.95580000 0.25890000
vn 0.20610000 -0.90090000 0.38200000
vn 0.23680000 -0.86660000 0.43920000
vn 0.17290000 -0.90090000 0.39810000
vn 0.19870000 -0.86660000 0.45760000
vn 0.30860000 -0.86660000 0.39210000
vn 0.23800000 -0.90090000 0.36300000
vn 0.27350000 -0.86660000 0.41730000
vn 0.36760000 -0.90090000 0.23080000
vn 0.21880000 -0.95580000 0.19660000
vn 0.32290000 -0.90090000 0.29010000
vn 0.37120000 -0.86660000 0.33350000
vn 0.29670000 -0.90090000 0.31680000
vn 0.34110000 -0.86660000 0.36410000
vn 0.42260000 -0.86660000 0.26530000
vn 0.34660000 -0.90090000 0.26130000
vn 0.39840000 -0.86660000 0.30040000
vn 0.42260000 -0.90090000 0.09900000
vn 0.27180000 -0.95580000 0.11260000
vn 0.40100000 -0.90090000 0.16620000
vn 0.46100000 -0.86660000 0.19090000
vn 0.38580000 -0.90090000 0.19890000
vn 0.44350000 -0.86660000 0.22870000
vn 0.48580000 -0.86660000 0.11380000
vn 0.41330000 -0.90090000 0.13260000
vn 0.47510000 -0.86660000 0.15250000
vn 0.43240000 -0.90090000 -0.03740000
vn 0.29340000 -0.95580000 0.02020000
vn 0.43300000 -0.90090000 0.03010000
vn 0.49780000 -0.86660000 0.03430000
vn 0.42930000 -0.90090000 0.06410000
vn 0.49350000 -0.86660000 0.07370000
vn 0.49710000 -0.86660000 -0.04300000
vn 0.43400000 -0.90090000 -0.00370000
vn 0.49890000 -0.86660000 -0.00430000
vn 0.39790000 -0.90090000 -0.17340000
vn 0.28530000 -0.95580000 -0.07130000
vn 0.42100000 -0.90090000 -0.10550000
vn 0.48400000 -0.86660000 -0.12100000
vn 0.42820000 -0.90090000 -0.07110000
vn 0.49220000 -0.86660000 -0.08180000
vn 0.45740000 -0.86660000 -0.19930000
vn 0.41100000 -0.90090000 -0.13950000
vn 0.47250000 -0.86660000 -0.16040000
vn 0.31680000 -0.90090000 -0.29670000
vn 0.24600000 -0.95580000 -0.16130000
vn 0.36290000 -0.90090000 -0.23810000
vn 0.41720000 -0.86660000 -0.27360000
vn 0.38190000 -0.90090000 -0.20630000
vn 0.43900000 -0.86660000 -0.23710000
vn 0.36410000 -0.86660000 -0.34110000
vn 0.34120000 -0.90090000 -0.26830000
vn 0.39220000 -0.86660000 -0.30840000
vn 0.19890000 -0.90090000 -0.38580000
vn 0.17710000 -0.95580000 -0.23490000
vn 0.26140000 -0.90090000 -0.34650000
vn 0.30040000 -0.86660000 -0.39840000
vn 0.29010000 -0.90090000 -0.32290000
vn 0.33340000 -0.86660000 -0.37120000
vn 0.22870000 -0.86660000 -0.44350000
vn 0.23080000 -0.90090000 -0.36760000
vn 0.26530000 -0.86660000 -0.42260000
vn 0.06540000 -0.90090000 -0.42910000
vn 0.08990000 -0.95580000 -0.28010000
vn 0.13280000 -0.90090000 -0.41320000
vn 0.15250000 -0.86660000 -0.47510000
vn 0.16610000 -0.90090000 -0.40100000
vn 0.19090000 -0.86660000 -0.46100000
vn 0.07520000 -0.86660000 -0.49320000
vn 0.09900000 -0.90090000 -0.42260000
vn 0.11380000 -0.86660000 -0.48580000
vn -0.07000000 -0.90090000 -0.42830000
vn -0.00150000 -0.95580000 -0.29410000
vn -0.00220000 -0.90090000 -0.43400000
vn -0.00250000 -0.86660000 -0.49890000
vn 0.03120000 -0.90090000 -0.43290000
vn 0.03590000 -0.86660000 -0.49770000
vn -0.08050000 -0.86660000 -0.49240000
vn -0.03570000 -0.90090000 -0.43260000
vn -0.04110000 -0.86660000 -0.49720000
vn -0.20060000 -0.90090000 -0.38490000
vn -0.09200000 -0.95580000 -0.27940000
vn -0.13590000 -0.90090000 -0.41220000
vn -0.15610000 -0.86660000 -0.47390000
vn -0.10290000 -0.90090000 -0.42170000
vn -0.11820000 -0.86660000 -0.48470000
vn -0.23060000 -0.86660000 -0.44250000
vn -0.16850000 -0.90090000 -0.40000000
vn -0.19370000 -0.86660000 -0.45980000
vn -0.31470000 -0.90090000 -0.29900000
vn -0.17680000 -0.95580000 -0.23510000
vn -0.26090000 -0.90090000 -0.34690000
vn -0.29990000 -0.86660000 -0.39880000
vn -0.23140000 -0.90090000 -0.36720000
vn -0.26600000 -0.86660000 -0.42220000
vn -0.36170000 -0.86660000 -0.34360000
vn -0.28870000 -0.90090000 -0.32410000
vn -0.33190000 -0.86660000 -0.37250000
vn -0.39480000 -0.90090000 -0.18040000
vn -0.24390000 -0.95580000 -0.16440000
vn -0.35990000 -0.90090000 -0.24260000
vn -0.41380000 -0.86660000 -0.27880000
vn -0.33860000 -0.90090000 -0.27160000
vn -0.38910000 -0.86670000 -0.31220000
vn -0.45380000 -0.86660000 -0.20740000
vn -0.37870000 -0.90090000 -0.21200000
vn -0.43540000 -0.86660000 -0.24370000
vn -0.43200000 -0.90090000 -0.04220000
vn -0.28430000 -0.95580000 -0.07540000
vn -0.41950000 -0.90090000 -0.11150000
vn -0.48230000 -0.86660000 -0.12800000
vn -0.40870000 -0.90090000 -0.14610000
vn -0.46990000 -0.86660000 -0.16790000
vn -0.49660000 -0.86660000 -0.04850000
vn -0.42720000 -0.90090000 -0.07660000
vn -0.49110000 -0.86660000 -0.08800000
vn -0.42130000 -0.90090000 0.10450000
vn -0.29340000 -0.95580000 0.02040000
vn -0.43300000 -0.90090000 0.03010000
vn -0.49770000 -0.86670000 0.03460000
vn -0.43400000 -0.90090000 -0.00590000
vn -0.49890000 -0.86660000 -0.00680000
vn -0.48430000 -0.86660000 0.12020000
vn -0.42880000 -0.90090000 0.06710000
vn -0.49300000 -0.86660000 0.07710000
vn -0.36280000 -0.90090000 0.23830000
vn -0.26980000 -0.95580000 0.11710000
vn -0.39810000 -0.90090000 0.17300000
vn -0.45770000 -0.86660000 0.19870000
vn -0.41130000 -0.90090000 0.13880000
vn -0.47280000 -0.86660000 0.15960000
vn -0.41700000 -0.86660000 0.27400000
vn -0.38200000 -0.90090000 0.20610000
vn -0.43910000 -0.86660000 0.23700000
vn -0.26130000 -0.90090000 0.34660000
vn -0.21470000 -0.95580000 0.20110000
vn -0.31680000 -0.90090000 0.29670000
vn -0.36410000 -0.86660000 0.34110000
vn -0.34110000 -0.90090000 0.26840000
vn -0.39210000 -0.86660000 0.30860000
vn -0.30040000 -0.86660000 0.39840000
vn -0.29010000 -0.90090000 0.32290000
vn -0.33350000 -0.86660000 0.37120000
vn -0.13480000 -0.95580000 0.26140000
vn -0.19900000 -0.90090000 0.38570000
vn -0.22870000 -0.86660000 0.44350000
vn -0.23080000 -0.90090000 0.36760000
vn -0.26530000 -0.86660000 0.42260000
vn -0.15250000 -0.86660000 0.47510000
vn -0.16610000 -0.90090000 0.40100000
vn -0.19090000 -0.86660000 0.46100000
vn -0.07520000 -0.86660000 0.49320000
vn -0.09900000 -0.90090000 0.42260000
vn -0.11380000 -0.86660000 0.48580000
vn -0.00000000 -0.86660000 0.49900000
vn -0.03230000 -0.90090000 0.43280000
vn -0.03720000 -0.86660000 0.49750000
vn 0.00000000 0.82850000 0.56000000
vn 0.00000000 0.95580000 0.29410000
vn -0.00000000 1.00000000 -0.00430000
vn 0.00000000 0.95350000 -0.30130000
vn 0.00000000 0.82850000 -0.56000000
vn 0.09430000 0.95580000 0.27860000
vn -0.00140000 1.00000000 -0.00410000
vn -0.09660000 0.95350000 -0.28540000
vn -0.17950000 0.82850000 -0.53050000
vn 0.18190000 0.95580000 0.23110000
vn -0.00270000 1.00000000 -0.00340000
vn -0.18630000 0.95350000 -0.23680000
vn -0.34640000 0.82850000 -0.44010000
vn 0.24910000 0.95580000 0.15640000
vn -0.00370000 1.00000000 -0.00230000
vn -0.25510000 0.95350000 -0.16020000
vn -0.47430000 0.82850000 -0.29780000
vn 0.28640000 0.95580000 0.06710000
vn -0.00420000 1.00000000 -0.00100000
vn -0.29330000 0.95350000 -0.06870000
vn -0.54530000 0.82850000 -0.12770000
vn 0.29310000 0.95580000 -0.02540000
vn -0.00430000 1.00000000 0.00040000
vn -0.30020000 0.95350000 0.02600000
vn -0.55790000 0.82850000 0.04830000
vn 0.26960000 0.95580000 -0.11750000
vn -0.00400000 1.00000000 0.00170000
vn -0.27620000 0.95350000 0.12040000
vn -0.51340000 0.82850000 0.22380000
vn 0.21470000 0.95580000 -0.20110000
vn -0.00320000 1.00000000 0.00300000
vn -0.21990000 0.95350000 0.20600000
vn -0.40870000 0.82850000 0.38290000
vn 0.13480000 0.95580000 -0.26140000
vn -0.00200000 1.00000000 0.00390000
vn -0.13810000 0.95350000 0.26780000
vn -0.25670000 0.82850000 0.49770000
vn 0.04430000 0.95580000 -0.29080000
vn -0.00070000 1.00000000 0.00430000
vn -0.04540000 0.95350000 0.29780000
vn -0.08440000 0.82850000 0.55360000
vn -0.04740000 0.95580000 -0.29030000
vn 0.00070000 1.00000000 0.00430000
vn 0.04860000 0.95350000 0.29730000
vn 0.09030000 0.82850000 0.55270000
vn -0.13590000 0.95580000 -0.26080000
vn 0.00200000 1.00000000 0.00380000
vn 0.13920000 0.95350000 0.26720000
vn 0.25880000 0.82850000 0.49660000
vn -0.21320000 0.95580000 -0.20260000
vn 0.00310000 1.00000000 0.00300000
vn 0.21840000 0.95350000 0.20750000
vn 0.40600000 0.82850000 0.38570000
vn -0.26750000 0.95580000 -0.12230000
vn 0.00390000 1.00000000 0.00180000
vn 0.27400000 0.95350000 0.12520000
vn 0.50930000 0.82850000 0.23280000
vn -0.29270000 0.95580000 -0.02860000
vn 0.00430000 1.00000000 0.00040000
vn 0.29980000 0.95350000 0.02930000
vn 0.55730000 0.82850000 0.05450000
vn -0.28550000 0.95580000 0.07080000
vn 0.00420000 1.00000000 -0.00110000
vn 0.29240000 0.95350000 -0.07260000
vn 0.54350000 0.82850000 -0.13490000
vn -0.24580000 0.95580000 0.16150000
vn 0.00360000 1.00000000 -0.00240000
vn 0.25180000 0.95350000 -0.16540000
vn 0.46800000 0.82850000 -0.30750000
vn -0.17710000 0.95580000 0.23490000
vn 0.00260000 1.00000000 -0.00340000
vn 0.18140000 0.95350000 -0.24060000
vn 0.33720000 0.82850000 -0.44720000
vn -0.08990000 0.95580000 0.28010000
vn 0.00130000 1.00000000 -0.00410000
vn 0.09210000 0.95350000 -0.28690000
vn 0.17110000 0.82850000 -0.53320000
vn 0.00000000 0.82850000 0.56000000
vn 0.00000000 0.95580000 0.29410000
vn -0.00000000 1.00000000 -0.00440000
vn 0.00000000 0.95350000 -0.30130000
vn 0.00000000 0.82850000 -0.56000000
vn 0.01240000 0.82850000 0.55990000
vn 0.02500000 0.82850000 0.55950000
vn 0.03760000 0.82850000 0.55880000
vn 0.05030000 0.82850000 0.55780000
vn 0.06310000 0.82850000 0.55640000
vn 0.07600000 0.82850000 0.55490000
vn 0.08890000 0.82850000 0.55290000
vn 0.10190000 0.82850000 0.55070000
vn 0.11490000 0.82850000 0.54810000
vn 0.12800000 0.82850000 0.54520000
vn 0.14100000 0.82850000 0.54200000
vn 0.15410000 0.82850000 0.53840000
vn 0.16710000 0.82850000 0.53450000
vn 0.18020000 0.82850000 0.53020000
vn 0.19320000 0.82850000 0.52560000
vn 0.20610000 0.82850000 0.52070000
vn 0.21900000 0.82850000 0.51540000
vn 0.23190000 0.82850000 0.50980000
vn 0.24460000 0.82850000 0.50380000
vn 0.25720000 0.82850000 0.49750000
vn 0.26970000 0.82850000 0.49080000
vn 0.28210000 0.82850000 0.48380000
vn 0.29440000 0.82850000 0.47640000
vn 0.30650000 0.82850000 0.46870000
vn 0.31840000 0.82850000 0.46070000
vn 0.33010000 0.82850000 0.45240000
vn 0.34170000 0.82850000 0.44370000
vn 0.35300000 0.82850000 0.43480000
vn 0.36410000 0.82850000 0.42550000
vn 0.37500000 0.82850000 0.41600000
vn 0.38560000 0.82850000 0.40610000
vn 0.39600000 0.82850000 0.39600000
vn 0.40610000 0.82850000 0.38560000
vn 0.41600000 0.82850000 0.37500000
vn 0.42550000 0.82850000 0.36410000
vn 0.43480000 0.82850000 0.35300000
vn 0.44370000 0.82850000 0.34170000
vn 0.45240000 0.82850000 0.33010000
vn 0.46070000 0.82850000 0.31840000
vn 0.46870000 0.82850000 0.30640000
vn 0.47640000 0.82850000 0.29440000
vn 0.48380000 0.82850000 0.28210000
vn 0.49080000 0.82850000 0.26970000
vn 0.49740000 0.82850000 0.25720000
vn 0.50380000 0.82850000 0.24460000
vn 0.50980000 0.82850000 0.23190000
vn 0.51540000 0.82850000 0.21900000
vn 0.52070000 0.82850000 0.20610000
vn 0.52570000 0.82850000 0.19320000
vn 0.53030000 0.82850000 0.18020000
vn 0.53450000 0.82850000 0.16720000
vn 0.53840000 0.82850000 0.15410000
vn 0.54200000 0.82850000 0.14100000
vn 0.54520000 0.82850000 0.12800000
vn 0.54810000 0.82850000 0.11490000
vn 0.55070000 0.82850000 0.10190000
vn 0.55290000 0.82850000 0.08890000
vn 0.55480000 0.82850000 0.07600000
vn 0.55640000 0.82850000 0.06310000
vn 0.55780000 0.82850000 0.05030000
vn 0.55880000 0.82850000 0.03760000
vn 0.55950000 0.82850000 0.02500000
vn 0.55990000 0.82850000 0.01240000
vn 0.56000000 0.82850000 -0.00000000
vn 0.55990000 0.82850000 -0.01240000
vn 0.55950000 0.82850000 -0.02500000
vn 0.55880000 0.82850000 -0.03760000
vn 0.55780000 0.82850000 -0.05030000
vn 0.55650000 0.82850000 -0.06310000
vn 0.55480000 0.82850000 -0.07600000
vn 0.55290000 0.82850000 -0.08890000
vn 0.55070000 0.82850000 -0.10190000
vn 0.54810000 0.82850000 -0.11490000
vn 0.54520000 0.82850000 -0.12800000
vn 0.54200000 0.82850000 -0.14100000
vn 0.53840000 0.82850000 -0.15410000
vn 0.53450000 0.82850000 -0.16710000
vn 0.53020000 0.82850000 -0.18020000
vn 0.52570000 0.82850000 -0.19320000
vn 0.52070000 0.82850000 -0.20610000
vn 0.51540000 0.82850000 -0.21900000
vn 0.50980000 0.82850000 -0.23190000
vn 0.50380000 0.82850000 -0.24460000
vn 0.49750000 0.82850000 -0.25720000
vn 0.49080000 0.82850000 -0.26970000
vn 0.48380000 0.82850000 -0.28210000
vn 0.47640000 0.82850000 -0.29440000
vn 0.46870000 0.82850000 -0.30640000
vn 0.46070000 0.82850000 -0.31840000
vn 0.45240000 0.82850000 -0.33010000
vn 0.44370000 0.82850000 -0.34170000
vn 0.43480000 0.82850000 -0.35300000
vn 0.42550000 0.82850000 -0.36410000
vn 0.41600000 0.82850000 -0.37500000
vn 0.40610000 0.82850000 -0.38560000
vn 0.39600000 0.82850000 -0.39600000
vn 0.38560000 0.82850000 -0.40610000
vn 0.37500000 0.82850000 -0.41600000
vn 0.36410000 0.82850000 -0.42550000
vn 0.35300000 0.82850000 -0.43480000
vn 0.34160000 0.82850000 -0.44370000
vn 0.33010000 0.82850000 -0.45240000
vn 0.31840000 0.82850000 -0.46070000
vn 0.30640000 0.82850000 -0.46870000
vn 0.29440000 0.82850000 -0.47640000
vn 0.28210000 0.82850000 -0.48380000
vn 0.26970000 0.82850000 -0.49080000
vn 0.25720000 0.82850000 -0.49740000
vn 0.24460000 0.82850000 -0.50380000
vn 0.23190000 0.82850000 -0.50980000
vn 0.21900000 0.82850000 -0.51540000
vn 0.20610000 0.82850000 -0.52070000
vn 0.19320000 0.82850000 -0.52570000
vn 0.18020000 0.82850000 -0.53030000
vn 0.16720000 0.82850000 -0.53450000
vn 0.15410000 0.82850000 -0.53840000
vn 0.14100000 0.82850000 -0.54200000
vn 0.12800000 0.82850000 -0.54520000
vn 0.11490000 0.82850000 -0.54810000
vn 0.10190000 0.82850000 -0.55070000
vn 0.08890000 0.82850000 -0.55290000
vn 0.07600000 0.82850000 -0.55480000
vn 0.06310000 0.82850000 -0.55650000
vn 0.05030000 0.82850000 -0.55780000
vn 0.03760000 0.82850000 -0.55880000
vn 0.02500000 0.82850000 -0.55950000
vn 0.01240000 0.82850000 -0.55990000
vn 0.00000000 0.82850000 -0.56000000
vn -0.01240000 0.82850000 -0.55990000
vn -0.02500000 0.82850000 -0.55950000
vn -0.03760000 0.82850000 -0.55880000
vn -0.05030000 0.82850000 -0.55770000
vn -0.06310000 0.82850000 -0.55640000
vn -0.07600000 0.82850000 -0.55490000
vn -0.08890000 0.82850000 -0.55290000
vn -0.10190000 0.82850000 -0.55070000
vn -0.11490000 0.82850000 -0.54810000
vn -0.12800000 0.82850000 -0.54520000
vn -0.14100000 0.82850000 -0.54200000
vn -0.15410000 0.82850000 -0.53840000
vn -0.16720000 0.82850000 -0.53450000
vn -0.18020000 0.82850000 -0.53020000
vn -0.19320000 0.82850000 -0.52560000
vn -0.20610000 0.82850000 -0.52070000
vn -0.21900000 0.82850000 -0.51540000
vn -0.23180000 0.82850000 -0.50980000
vn -0.24460000 0.82850000 -0.50380000
vn -0.25720000 0.82850000 -0.49750000
vn -0.26970000 0.82850000 -0.49080000
vn -0.28210000 0.82850000 -0.48380000
vn -0.29440000 0.82850000 -0.47640000
vn -0.30640000 0.82850000 -0.46870000
vn -0.31840000 0.82850000 -0.46070000
vn -0.33010000 0.82850000 -0.45240000
vn -0.34160000 0.82850000 -0.44370000
vn -0.35300000 0.82850000 -0.43480000
vn -0.36410000 0.82850000 -0.42550000
vn -0.37500000 0.82850000 -0.41600000
vn -0.38560000 0.82850000 -0.40610000
vn -0.39600000 0.82850000 -0.39600000
vn -0.40610000 0.82850000 -0.38560000
vn -0.41600000 0.82850000 -0.37500000
vn -0.42550000 0.82850000 -0.36410000
vn -0.43480000 0.82850000 -0.35300000
vn -0.44370000 0.82850000 -0.34160000
vn -0.45240000 0.82850000 -0.33010000
vn -0.46070000 0.82850000 -0.31840000
vn -0.46870000 0.82850000 -0.30640000
vn -0.47640000 0.82850000 -0.29440000
vn -0.48380000 0.82850000 -0.28210000
vn -0.49080000 0.82850000 -0.26970000
vn -0.49750000 0.82850000 -0.25720000
vn -0.50380000 0.82850000 -0.24460000
vn -0.50980000 0.82850000 -0.23180000
vn -0.51540000 0.82850000 -0.21900000
vn -0.52070000 0.82850000 -0.20610000
vn -0.52560000 0.82850000 -0.19320000
vn -0.53020000 0.82850000 -0.18020000
vn -0.53450000 0.82850000 -0.16710000
vn -0.53840000 0.82850000 -0.15410000
vn -0.54200000 0.82850000 -0.14100000
vn -0.54520000 0.82850000 -0.12800000
vn -0.54810000 0.82850000 -0.11490000
vn -0.55070000 0.82850000 -0.10190000
vn -0.55290000 0.82850000 -0.08890000
vn -0.55480000 0.82850000 -0.07600000
vn -0.55650000 0.82850000 -0.06310000
vn -0.55770000 0.82850000 -0.05030000
vn -0.55880000 0.82850000 -0.03760000
vn -0.55950000 0.82850000 -0.02500000
vn -0.55990000 0.82850000 -0.01240000
vn -0.56010000 0.82850000 -0.00000000
vn -0.55990000 0.82850000 0.01240000
vn -0.55950000 0.82850000 0.02500000
vn -0.55880000 0.82850000 0.03760000
vn -0.55770000 0.82850000 0.05030000
vn -0.55640000 0.82850000 0.06310000
vn -0.55480000 0.82850000 0.07600000
vn -0.55290000 0.82850000 0.08890000
vn -0.55070000 0.82850000 0.10190000
vn -0.54810000 0.82850000 0.11490000
vn -0.54520000 0.82850000 0.12800000
vn -0.54200000 0.82850000 0.14100000
vn -0.53840000 0.82850000 0.15410000
vn -0.53450000 0.82850000 0.16720000
vn -0.53020000 0.82850000 0.18020000
vn -0.52560000 0.82850000 0.19320000
vn -0.52070000 0.82850000 0.20610000
vn -0.51540000 0.82850000 0.21900000
vn -0.50980000 0.82850000 0.23180000
vn -0.50380000 0.82850000 0.24460000
vn -0.49750000 0.82850000 0.25720000
vn -0.49080000 0.82850000 0.26970000
vn -0.48380000 0.82850000 0.28210000
vn -0.47640000 0.82850000 0.29440000
vn -0.46870000 0.82850000 0.30650000
vn -0.46070000 0.82850000 0.31840000
vn -0.45240000 0.82850000 0.33010000
vn -0.44370000 0.82850000 0.34170000
vn -0.43480000 0.82850000 0.35300000
vn -0.42550000 0.82850000 0.36410000
vn -0.41600000 0.82850000 0.37500000
vn -0.40610000 0.82850000 0.38560000
vn -0.39600000 0.82850000 0.39600000
vn -0.38560000 0.82850000 0.40610000
vn -0.37500000 0.82850000 0.41600000
vn -0.36410000 0.82850000 0.42550000
vn -0.35300000 0.82850000 0.43480000
vn -0.34160000 0.82850000 0.44370000
vn -0.33010000 0.82850000 0.45240000
vn -0.31840000 0.82850000 0.46070000
vn -0.30640000 0.82850000 0.46870000
vn -0.29440000 0.82850000 0.47640000
vn -0.28210000 0.82850000 0.48380000
vn -0.26970000 0.82850000 0.49080000
vn -0.25720000 0.82850000 0.49740000
vn -0.24460000 0.82850000 0.50380000
vn -0.23190000 0.82850000 0.50980000
vn -0.21900000 0.82850000 0.51540000
vn -0.20610000 0.82850000 0.52070000
vn -0.19320000 0.82850000 0.52570000
vn -0.18020000 0.82850000 0.53030000
vn -0.16720000 0.82850000 0.53450000
vn -0.15410000 0.82850000 0.53840000
vn -0.14100000 0.82850000 0.54200000
vn -0.12800000 0.82850000 0.54520000
vn -0.11490000 0.82850000 0.54810000
vn -0.10190000 0.82850000 0.55070000
vn -0.08890000 0.82850000 0.55290000
vn -0.07600000 0.82850000 0.55490000
vn -0.06310000 0.82850000 0.55650000
vn -0.05030000 0.82850000 0.55780000
vn -0.03760000 0.82850000 0.55880000
vn -0.02500000 0.82850000 0.55950000
vn -0.01240000 0.82850000 0.55990000
vn 0.13900000 0.90090000 0.41120000
vn 0.04650000 0.95580000 0.29040000
vn -0.00000000 0.90090000 0.43400000
vn 0.06870000 0.90090000 0.42860000
vn 0.07890000 0.86670000 0.49260000
vn 0.03390000 0.90090000 0.43270000
vn -0.00000000 0.86660000 0.49900000
vn 0.03900000 0.86670000 0.49740000
vn -0.00000000 0.90090000 0.43400000
vn -0.04430000 0.95580000 0.29080000
vn -0.13280000 0.90090000 0.41320000
vn -0.06540000 0.90090000 0.42910000
vn 0.15990000 0.86660000 0.47260000
vn 0.10390000 0.90090000 0.42140000
vn 0.11940000 0.86670000 0.48440000
vn 0.26840000 0.90090000 0.34110000
vn 0.13960000 0.95580000 0.25890000
vn 0.20600000 0.90090000 0.38210000
vn 0.23680000 0.86660000 0.43920000
vn 0.17290000 0.90090000 0.39810000
vn 0.19870000 0.86660000 0.45770000
vn 0.30860000 0.86660000 0.39210000
vn 0.23800000 0.90090000 0.36300000
vn 0.27350000 0.86660000 0.41730000
vn 0.36750000 0.90090000 0.23090000
vn 0.21880000 0.95580000 0.19660000
vn 0.32290000 0.90090000 0.29010000
vn 0.37120000 0.86660000 0.33350000
vn 0.29670000 0.90090000 0.31680000
vn 0.34110000 0.86660000 0.36410000
vn 0.42260000 0.86660000 0.26530000
vn 0.34660000 0.90090000 0.26130000
vn 0.39840000 0.86660000 0.30040000
vn 0.42270000 0.90090000 0.09880000
vn 0.27180000 0.95580000 0.11250000
vn 0.40100000 0.90090000 0.16610000
vn 0.46090000 0.86670000 0.19090000
vn 0.38580000 0.90090000 0.19890000
vn 0.44350000 0.86660000 0.22870000
vn 0.48580000 0.86660000 0.11380000
vn 0.41330000 0.90090000 0.13260000
vn 0.47500000 0.86670000 0.15240000
vn 0.43240000 0.90090000 -0.03750000
vn 0.29340000 0.95580000 0.02020000
vn 0.43300000 0.90090000 0.02980000
vn 0.49770000 0.86670000 0.03430000
vn 0.42930000 0.90090000 0.06410000
vn 0.49340000 0.86670000 0.07370000
vn 0.49700000 0.86670000 -0.04300000
vn 0.43400000 0.90090000 -0.00370000
vn 0.49890000 0.86660000 -0.00430000
vn 0.39790000 0.90090000 -0.17350000
vn 0.28530000 0.95580000 -0.07130000
vn 0.42110000 0.90090000 -0.10530000
vn 0.48400000 0.86670000 -0.12100000
vn 0.42820000 0.90090000 -0.07110000
vn 0.49210000 0.86670000 -0.08180000
vn 0.45740000 0.86660000 -0.19930000
vn 0.41100000 0.90090000 -0.13950000
vn 0.47250000 0.86660000 -0.16040000
vn 0.31680000 0.90090000 -0.29670000
vn 0.24600000 0.95580000 -0.16130000
vn 0.36300000 0.90090000 -0.23800000
vn 0.41720000 0.86670000 -0.27360000
vn 0.38190000 0.90090000 -0.20630000
vn 0.43900000 0.86660000 -0.23710000
vn 0.36410000 0.86660000 -0.34110000
vn 0.34120000 0.90090000 -0.26830000
vn 0.39220000 0.86670000 -0.30840000
vn 0.19900000 0.90090000 -0.38570000
vn 0.17710000 0.95580000 -0.23490000
vn 0.26130000 0.90090000 -0.34660000
vn 0.30040000 0.86660000 -0.39840000
vn 0.29010000 0.90090000 -0.32290000
vn 0.33350000 0.86660000 -0.37120000
vn 0.22870000 0.86660000 -0.44350000
vn 0.23080000 0.90090000 -0.36760000
vn 0.26530000 0.86670000 -0.42250000
vn 0.06540000 0.90090000 -0.42910000
vn 0.08990000 0.95580000 -0.28010000
vn 0.13260000 0.90090000 -0.41330000
vn 0.15240000 0.86670000 -0.47500000
vn 0.16610000 0.90090000 -0.40100000
vn 0.19090000 0.86660000 -0.46100000
vn 0.07520000 0.86660000 -0.49320000
vn 0.09900000 0.90090000 -0.42260000
vn 0.11380000 0.86660000 -0.48580000
vn -0.06980000 0.90090000 -0.42840000
vn -0.00150000 0.95580000 -0.29410000
vn -0.00220000 0.90090000 -0.43400000
vn -0.00250000 0.86670000 -0.49880000
vn 0.03120000 0.90090000 -0.43290000
vn 0.03590000 0.86660000 -0.49760000
vn -0.08050000 0.86670000 -0.49230000
vn -0.03570000 0.90090000 -0.43260000
vn -0.04110000 0.86660000 -0.49720000
vn -0.20060000 0.90090000 -0.38490000
vn -0.09200000 0.95580000 -0.27940000
vn -0.13580000 0.90090000 -0.41230000
vn -0.15610000 0.86660000 -0.47390000
vn -0.10280000 0.90090000 -0.42170000
vn -0.11820000 0.86670000 -0.48470000
vn -0.23060000 0.86660000 -0.44250000
vn -0.16850000 0.90090000 -0.40000000
vn -0.19370000 0.86660000 -0.45980000
vn -0.31470000 0.90090000 -0.29890000
vn -0.17680000 0.95580000 -0.23510000
vn -0.26080000 0.90090000 -0.34690000
vn -0.29990000 0.86660000 -0.39880000
vn -0.23140000 0.90090000 -0.36720000
vn -0.26600000 0.86660000 -0.42220000
vn -0.36170000 0.86660000 -0.34360000
vn -0.28870000 0.90090000 -0.32410000
vn -0.33190000 0.86660000 -0.37250000
vn -0.39480000 0.90090000 -0.18040000
vn -0.24390000 0.95580000 -0.16440000
vn -0.36000000 0.90090000 -0.24250000
vn -0.41370000 0.86670000 -0.27880000
vn -0.33860000 0.90090000 -0.27160000
vn -0.38920000 0.86660000 -0.31220000
vn -0.45380000 0.86660000 -0.20740000
vn -0.37870000 0.90090000 -0.21200000
vn -0.43530000 0.86670000 -0.24370000
vn -0.43200000 0.90090000 -0.04220000
vn -0.28430000 0.95580000 -0.07540000
vn -0.41950000 0.90090000 -0.11130000
vn -0.48220000 0.86670000 -0.12800000
vn -0.40870000 0.90090000 -0.14610000
vn -0.46980000 0.86670000 -0.16790000
vn -0.49660000 0.86660000 -0.04850000
vn -0.42720000 0.90090000 -0.07660000
vn -0.49110000 0.86670000 -0.08800000
vn -0.42130000 0.90090000 0.10450000
vn -0.29340000 0.95580000 0.02040000
vn -0.43300000 0.90090000 0.03010000
vn -0.49770000 0.86670000 0.03460000
vn -0.43400000 0.90090000 -0.00590000
vn -0.49890000 0.86660000 -0.00680000
vn -0.48420000 0.86660000 0.12020000
vn -0.42880000 0.90090000 0.06710000
vn -0.49290000 0.86660000 0.07710000
vn -0.36280000 0.90090000 0.23820000
vn -0.26980000 0.95580000 0.11710000
vn -0.39810000 0.90090000 0.17280000
vn -0.45770000 0.86660000 0.19870000
vn -0.41130000 0.90090000 0.13880000
vn -0.47270000 0.86660000 0.15960000
vn -0.41700000 0.86660000 0.27400000
vn -0.38200000 0.90090000 0.20610000
vn -0.43910000 0.86660000 0.23700000
vn -0.26140000 0.90090000 0.34650000
vn -0.21470000 0.95580000 0.20110000
vn -0.31680000 0.90090000 0.29670000
vn -0.36410000 0.86660000 0.34110000
vn -0.34110000 0.90090000 0.26840000
vn -0.39210000 0.86660000 0.30860000
vn -0.30040000 0.86660000 0.39840000
vn -0.29010000 0.90090000 0.32290000
vn -0.33350000 0.86660000 0.37120000
vn -0.13480000 0.95580000 0.26140000
vn -0.19890000 0.90090000 0.38580000
vn -0.22870000 0.86660000 0.44350000
vn -0.23080000 0.90090000 0.36760000
vn -0.26530000 0.86670000 0.42250000
vn -0.15240000 0.86670000 0.47500000
vn -0.16610000 0.90090000 0.40100000
vn -0.19090000 0.86660000 0.46100000
vn -0.07520000 0.86660000 0.49330000
vn -0.09900000 0.90090000 0.42260000
vn -0.11380000 0.86660000 0.48590000
vn -0.00000000 0.86660000 0.49900000
vn -0.03230000 0.90090000 0.43280000
vn -0.03720000 0.86660000 0.49750000
vt 0.00579000 0.00000000
vt 0.00482400 0.00000000
vt 0.00386700 0.00000000
vt 0.00289500 0.00000000
vt 0.00482400 0.00628500
vt 0.00386700 0.00628500
vt 0.00482400 0.01257100
vt 0.00386700 0.01257100
vt 0.00482400 0.01847100
vt 0.00386700 0.01847100
vt 0.00482400 0.02431500
vt 0.00386700 0.02431500
vt 0.00482400 0.03015900
vt 0.00386700 0.03015900
vt 0.00482400 0.03600200
vt 0.00386700 0.03600200
vt 0.00482400 0.04184600
vt 0.00386700 0.04184600
vt 0.00482400 0.04769000
vt 0.00386700 0.04769000
vt 0.00482400 0.05353300
vt 0.00386700 0.05353300
vt 0.00482400 0.05937700
vt 0.00386700 0.05937700
vt 0.00482400 0.06522100
vt 0.00386700 0.06522100
vt 0.00482400 0.07101200
vt 0.00386700 0.07101200
vt 0.00482400 0.07669600
vt 0.00386700 0.07669600
vt 0.00482400 0.08238000
vt 0.00386700 0.08238000
vt 0.00482400 0.08806400
vt 0.00386700 0.08806400
vt 0.00482400 0.09374800
vt 0.00386700 0.09374800
vt 0.00482400 0.09943200
vt 0.00386700 0.09943200
vt 0.00482400 0.10511600
vt 0.00386700 0.10511600
vt 0.00482400 0.11080000
vt 0.00386700 0.11080000
vt 0.00482400 0.11648300
vt 0.00386700 0.11648300
vt 0.00482400 0.12216700
vt 0.00386700 0.12216700
vt 0.00482400 0.12785100
vt 0.00386700 0.12785100
vt 0.00482400 0.13353500
vt 0.00386700 0.13353500
vt 0.00482400 0.13921900
vt 0.00386700 0.13921900
vt 0.00482400 0.14490300
vt 0.00386700 0.14490300
vt 0.00482400 0.15058700
vt 0.00386700 0.15058700
vt 0.00482400 0.15627100
vt 0.00386700 0.15627100
vt 0.00482400 0.16195500
vt 0.00386700 0.16195500
vt 0.00482400 0.16763900
vt 0.00386700 0.16763900
vt 0.00482400 0.17332300
vt 0.00386700 0.17332300
vt 0.00482400 0.17900700
vt 0.00386700 0.17900700
vt 0.00482400 0.18469100
vt 0.00386700 0.18469100
vt 0.00482400 0.19037500
vt 0.00386700 0.19037500
vt 0.00482400 0.19605900
vt 0.00386700 0.19605900
vt 0.00482400 0.20206600
vt 0.00386700 0.20206600
vt 0.00482400 0.20812200
vt 0.00386700 0.20812200
vt 0.00482400 0.21418200
vt 0.00386700 0.21418200
vt 0.00482400 0.22029400
vt 0.00386700 0.22029400
vt 0.00482400 0.22462900
vt 0.00386700 0.22462900
vt 0.00482400 0.23091400
vt 0.00386700 0.23091400
vt 0.00482400 0.23714600
vt 0.00386700 0.23714600
vt 0.00482400 0.24299000
vt 0.00386700 0.24299000
vt 0.00482400 0.24883400
vt 0.00386700 0.24883400
vt 0.00482400 0.25467700
vt 0.00386700 0.25467700
vt 0.00482400 0.26052100
vt 0.00386700 0.26052100
vt 0.00482400 0.26636400
vt 0.00386700 0.26636400
vt 0.00482400 0.27220800
vt 0.00386700 0.27220800
vt 0.00482400 0.27805200
vt 0.00386700 0.27805200
vt 0.00482400 0.28389500
vt 0.00386700 0.28389500
vt 0.00482400 0.28973900
vt 0.00386700 0.28973900
vt 0.00482400 0.29549000
vt 0.00386700 0.29549000
vt 0.00482400 0.30117400
vt 0.00386700 0.30117400
vt 0.00482400 0.30685800
vt 0.00386700 0.30685800
vt 0.00482400 0.31254200
vt 0.00386700 0.31254200
vt 0.00482400 0.31822600
vt 0.00386700 0.31822600
vt 0.00482400 0.32391000
vt 0.00386700 0.32391000
vt 0.00482400 0.32959400
vt 0.00386700 0.32959400
vt 0.00482400 0.33527800
vt 0.00386700 0.33527800
vt 0.00482400 0.34096200
vt 0.00386700 0.34096200
vt 0.00482400 0.34664600
vt 0.00386700 0.34664600
vt 0.00482400 0.35233000
vt 0.00386700 0.35233000
vt 0.00482400 0.35801400
vt 0.00386700 0.35801400
vt 0.00482400 0.36369800
vt 0.00386700 0.36369800
vt 0.00482400 0.36938200
vt 0.00386700 0.36938200
vt 0.00482400 0.37506600
vt 0.00386700 0.37506600
vt 0.00482400 0.38075000
vt 0.00386700 0.38075000
vt 0.00482400 0.38643400
vt 0.00386700 0.38643400
vt 0.00482400 0.39211800
vt 0.00386700 0.39211800
vt 0.00482400 0.39780100
vt 0.00386700 0.39780100
vt 0.00482400 0.40348500
vt 0.00386700 0.40348500
vt 0.00482400 0.40916900
vt 0.00386700 0.40916900
vt 0.00482400 0.41485300
vt 0.00386700 0.41485300
vt 0.00482400 0.42053700
vt 0.00386700 0.42053700
vt 0.00482400 0.42656000
vt 0.00386700 0.42656000
vt 0.00482400 0.43262800
vt 0.00386700 0.43262800
vt 0.00482400 0.43868100
vt 0.00386700 0.43868100
vt 0.00482400 0.44480500
vt 0.00386700 0.44480500
vt 0.00482400 0.44925800
vt 0.00386700 0.44925800
vt 0.00482400 0.45554300
vt 0.00386700 0.45554300
vt 0.00482400 0.46166500
vt 0.00386700 0.46166500
vt 0.00482400 0.46750800
vt 0.00386700 0.46750800
vt 0.00482400 0.47335200
vt 0.00386700 0.47335200
vt 0.00482400 0.47919600
vt 0.00386700 0.47919600
vt 0.00482400 0.48503900
vt 0.00386700 0.48503900
vt 0.00482400 0.49088300
vt 0.00386700 0.49088300
vt 0.00482400 0.49672700
vt 0.00386700 0.49672700
vt 0.00482400 0.50257000
vt 0.00386700 0.50257000
vt 0.00482400 0.50841400
vt 0.00386700 0.50841400
vt 0.00482400 0.51425700
vt 0.00386700 0.51425700
vt 0.00482400 0.51996900
vt 0.00386700 0.51996900
vt 0.00482400 0.52565300
vt 0.00386700 0.52565300
vt 0.00482400 0.53133700
vt 0.00386700 0.53133700
vt 0.00482400 0.53702100
vt 0.00386700 0.53702100
vt 0.00482400 0.54270500
vt 0.00386700 0.54270500
vt 0.00482400 0.54838900
vt 0.00386700 0.54838900
vt 0.00482400 0.55407300
vt 0.00386700 0.55407300
vt 0.00482400 0.55975700
vt 0.00386700 0.55975700
vt 0.00482400 0.56544000
vt 0.00386700 0.56544000
vt 0.00482400 0.57112400
vt 0.00386700 0.57112400
vt 0.00482400 0.57680800
vt 0.00386700 0.57680800
vt 0.00482400 0.58249200
vt 0.00386700 0.58249200
vt 0.00482400 0.58817600
vt 0.00386700 0.58817600
vt 0.00482400 0.59386000
vt 0.00386700 0.59386000
vt 0.00482400 0.59954400
vt 0.00386700 0.59954400
vt 0.00482400 0.60522800
vt 0.00386700 0.60522800
vt 0.00482400 0.61091200
vt 0.00386700 0.61091200
vt 0.00482400 0.61659600
vt 0.00386700 0.61659600
vt 0.00482400 0.62228000
vt 0.00386700 0.62228000
vt 0.00482400 0.62796400
vt 0.00386700 0.62796400
vt 0.00482400 0.63364800
vt 0.00386700 0.63364800
vt 0.00482400 0.63933200
vt 0.00386700 0.63933200
vt 0.00482400 0.64530800
vt 0.00386700 0.64530800
vt 0.00482400 0.65133700
vt 0.00386700 0.65133700
vt 0.00482400 0.65739400
vt 0.00386700 0.65739400
vt 0.00482400 0.66338000
vt 0.00386700 0.66338000
vt 0.00482400 0.66917300
vt 0.00386700 0.66917300
vt 0.00482400 0.67388700
vt 0.00386700 0.67388700
vt 0.00482400 0.68017200
vt 0.00386700 0.68017200
vt 0.00482400 0.68618300
vt 0.00386700 0.68618300
vt 0.00482400 0.69202700
vt 0.00386700 0.69202700
vt 0.00482400 0.69787000
vt 0.00386700 0.69787000
vt 0.00482400 0.70371400
vt 0.00386700 0.70371400
vt 0.00482400 0.70955800
vt 0.00386700 0.70955800
vt 0.00482400 0.71540100
vt 0.00386700 0.71540100
vt 0.00482400 0.72124500
vt 0.00386700 0.72124500
vt 0.00482400 0.72708900
vt 0.00386700 0.72708900
vt 0.00482400 0.73293200
vt 0.00386700 0.73293200
vt 0.00482400 0.73876300
vt 0.00386700 0.73876300
vt 0.00482400 0.74444700
vt 0.00386700 0.74444700
vt 0.00482400 0.75013100
vt 0.00386700 0.75013100
vt 0.00482400 0.75581500
vt 0.00386700 0.75581500
vt 0.00482400 0.76149900
vt 0.00386700 0.76149900
vt 0.00482400 0.76718300
vt 0.00386700 0.76718300
vt 0.00482400 0.77286700
vt 0.00386700 0.77286700
vt 0.00482400 0.77855100
vt 0.00386700 0.77855100
vt 0.00482400 0.78423500
vt 0.00386700 0.78423500
vt 0.00482400 0.78991900
vt 0.00386700 0.78991900
vt 0.00482400 0.79560300
vt 0.00386700 0.79560300
vt 0.00482400 0.80128700
vt 0.00386700 0.80128700
vt 0.00482400 0.80697100
vt 0.00386700 0.80697100
vt 0.00482400 0.81265500
vt 0.00386700 0.81265500
vt 0.00482400 0.81833900
vt 0.00386700 0.81833900
vt 0.00482400 0.82402300
vt 0.00386700 0.82402300
vt 0.00482400 0.82970700
vt 0.00386700 0.82970700
vt 0.00482400 0.83539100
vt 0.00386700 0.83539100
vt 0.00482400 0.84107500
vt 0.00386700 0.84107500
vt 0.00482400 0.84675800
vt 0.00386700 0.84675800
vt 0.00482400 0.85244200
vt 0.00386700 0.85244200
vt 0.00482400 0.85812600
vt 0.00386700 0.85812600
vt 0.00482400 0.86381000
vt 0.00386700 0.86381000
vt 0.00482400 0.86980200
vt 0.00386700 0.86980200
vt 0.00482400 0.87584500
vt 0.00386700 0.87584500
vt 0.00482400 0.88190500
vt 0.00386700 0.88190500
vt 0.00482400 0.88806600
vt 0.00386700 0.88806600
vt 0.00579000 0.89223000
vt 0.00482400 0.89223000
vt 0.00386700 0.89223000
vt 0.00289500 0.89223000
vt 0.00289500 0.88888100
vt 0.00289500 0.88556100
vt 0.00289500 0.88226800
vt 0.00289500 0.88023900
vt 0.00289500 0.87824800
vt 0.00289500 0.87415500
vt 0.00289500 0.87010000
vt 0.00289500 0.86820300
vt 0.00289500 0.86633100
vt 0.00289500 0.86293700
vt 0.00289500 0.85956700
vt 0.00289500 0.85621900
vt 0.00289500 0.85432300
vt 0.00289500 0.85241800
vt 0.00289500 0.84853800
vt 0.00289500 0.84468400
vt 0.00289500 0.84289200
vt 0.00289500 0.84109400
vt 0.00289500 0.83785300
vt 0.00289500 0.83462800
vt 0.00289500 0.83141800
vt 0.00289500 0.82957700
vt 0.00289500 0.82776500
vt 0.00289500 0.82402600
vt 0.00289500 0.82030400
vt 0.00289500 0.81857000
vt 0.00289500 0.81682900
vt 0.00289500 0.81368400
vt 0.00289500 0.81054800
vt 0.00289500 0.80742100
vt 0.00289500 0.80564400
vt 0.00289500 0.80385400
vt 0.00289500 0.80019500
vt 0.00289500 0.79654400
vt 0.00289500 0.79483900
vt 0.00289500 0.79312600
vt 0.00289500 0.79002700
vt 0.00289500 0.78693100
vt 0.00289500 0.78383700
vt 0.00289500 0.78207600
vt 0.00289500 0.78030000
vt 0.00289500 0.77666400
vt 0.00289500 0.77302700
vt 0.00289500 0.77132600
vt 0.00289500 0.76961400
vt 0.00289500 0.76651400
vt 0.00289500 0.76341000
vt 0.00289500 0.76030100
vt 0.00289500 0.75852900
vt 0.00289500 0.75674000
vt 0.00289500 0.75307100
vt 0.00289500 0.74939200
vt 0.00289500 0.74766800
vt 0.00289500 0.74593200
vt 0.00289500 0.74278200
vt 0.00289500 0.73962200
vt 0.00289500 0.73645100
vt 0.00289500 0.73464000
vt 0.00289500 0.73281100
vt 0.00289500 0.72905100
vt 0.00289500 0.72527100
vt 0.00289500 0.72349800
vt 0.00289500 0.72170900
vt 0.00289500 0.71845900
vt 0.00289500 0.71519100
vt 0.00289500 0.71190500
vt 0.00289500 0.71002600
vt 0.00289500 0.70812500
vt 0.00289500 0.70421000
vt 0.00289500 0.70026600
vt 0.00289500 0.69841100
vt 0.00289500 0.69653900
vt 0.00289500 0.69313100
vt 0.00289500 0.68969700
vt 0.00289500 0.68623700
vt 0.00289500 0.68423300
vt 0.00289500 0.68224600
vt 0.00289500 0.67810400
vt 0.00289500 0.67391800
vt 0.00289500 0.67194700
vt 0.00289500 0.66995400
vt 0.00289500 0.66634100
vt 0.00289500 0.66276000
vt 0.00289500 0.65921000
vt 0.00289500 0.65718200
vt 0.00289500 0.65519000
vt 0.00289500 0.65109700
vt 0.00289500 0.64704200
vt 0.00289500 0.64516000
vt 0.00289500 0.64327400
vt 0.00289500 0.63988000
vt 0.00289500 0.63650900
vt 0.00289500 0.63316100
vt 0.00289500 0.63124500
vt 0.00289500 0.62936000
vt 0.00289500 0.62548000
vt 0.00289500 0.62162700
vt 0.00289500 0.61983400
vt 0.00289500 0.61803700
vt 0.00289500 0.61479600
vt 0.00289500 0.61157100
vt 0.00289500 0.60836000
vt 0.00289500 0.60653900
vt 0.00289500 0.60470700
vt 0.00289500 0.60096900
vt 0.00289500 0.59724700
vt 0.00289500 0.59551200
vt 0.00289500 0.59377100
vt 0.00289500 0.59062700
vt 0.00289500 0.58749100
vt 0.00289500 0.58436300
vt 0.00289500 0.58256700
vt 0.00289500 0.58079600
vt 0.00289500 0.57713800
vt 0.00289500 0.57348600
vt 0.00289500 0.57176900
vt 0.00289500 0.57006900
vt 0.00289500 0.56697000
vt 0.00289500 0.56387400
vt 0.00289500 0.56077900
vt 0.00289500 0.55899900
vt 0.00289500 0.55724300
vt 0.00289500 0.55360700
vt 0.00289500 0.54996900
vt 0.00289500 0.54826800
vt 0.00289500 0.54655700
vt 0.00289500 0.54345600
vt 0.00289500 0.54035200
vt 0.00289500 0.53724300
vt 0.00289500 0.53547100
vt 0.00289500 0.53368300
vt 0.00289500 0.53001400
vt 0.00289500 0.52633400
vt 0.00289500 0.52461100
vt 0.00289500 0.52287500
vt 0.00289500 0.51972500
vt 0.00289500 0.51656500
vt 0.00289500 0.51339300
vt 0.00289500 0.51158300
vt 0.00289500 0.50975300
vt 0.00289500 0.50599300
vt 0.00289500 0.50221400
vt 0.00289500 0.50042700
vt 0.00289500 0.49865100
vt 0.00289500 0.49540100
vt 0.00289500 0.49213300
vt 0.00289500 0.48884700
vt 0.00289500 0.48696800
vt 0.00289500 0.48506700
vt 0.00289500 0.48115300
vt 0.00289500 0.47720800
vt 0.00289500 0.47535400
vt 0.00289500 0.47348200
vt 0.00289500 0.47007300
vt 0.00289500 0.46664000
vt 0.00289500 0.46317900
vt 0.00289500 0.46119700
vt 0.00289500 0.45918900
vt 0.00289500 0.45504600
vt 0.00289500 0.45086100
vt 0.00289500 0.44888900
vt 0.00289500 0.44689600
vt 0.00289500 0.44328300
vt 0.00289500 0.43970200
vt 0.00289500 0.43615300
vt 0.00289500 0.43412400
vt 0.00289500 0.43213300
vt 0.00289500 0.42804000
vt 0.00289500 0.42398500
vt 0.00289500 0.42208800
vt 0.00289500 0.42021600
vt 0.00289500 0.41682200
vt 0.00289500 0.41345200
vt 0.00289500 0.41010400
vt 0.00289500 0.40820800
vt 0.00289500 0.40630300
vt 0.00289500 0.40242300
vt 0.00289500 0.39856900
vt 0.00289500 0.39677700
vt 0.00289500 0.39497900
vt 0.00289500 0.39173800
vt 0.00289500 0.38851300
vt 0.00289500 0.38530300
vt 0.00289500 0.38348200
vt 0.00289500 0.38165000
vt 0.00289500 0.37791100
vt 0.00289500 0.37418900
vt 0.00289500 0.37245500
vt 0.00289500 0.37071400
vt 0.00289500 0.36756900
vt 0.00289500 0.36443300
vt 0.00289500 0.36130600
vt 0.00289500 0.35952900
vt 0.00289500 0.35773900
vt 0.00289500 0.35408000
vt 0.00289500 0.35042900
vt 0.00289500 0.34872400
vt 0.00289500 0.34701100
vt 0.00289500 0.34391200
vt 0.00289500 0.34081600
vt 0.00289500 0.33772200
vt 0.00289500 0.33596100
vt 0.00289500 0.33418500
vt 0.00289500 0.33054900
vt 0.00289500 0.32691200
vt 0.00289500 0.32519800
vt 0.00289500 0.32349900
vt 0.00289500 0.32039900
vt 0.00289500 0.31729500
vt 0.00289500 0.31418600
vt 0.00289500 0.31239400
vt 0.00289500 0.31062500
vt 0.00289500 0.30695600
vt 0.00289500 0.30327700
vt 0.00289500 0.30155300
vt 0.00289500 0.29981700
vt 0.00289500 0.29666700
vt 0.00289500 0.29350700
vt 0.00289500 0.29033600
vt 0.00289500 0.28852500
vt 0.00289500 0.28669600
vt 0.00289500 0.28293600
vt 0.00289500 0.27915600
vt 0.00289500 0.27737000
vt 0.00289500 0.27559400
vt 0.00289500 0.27234400
vt 0.00289500 0.26907600
vt 0.00289500 0.26579000
vt 0.00289500 0.26391100
vt 0.00289500 0.26201000
vt 0.00289500 0.25809500
vt 0.00289500 0.25415100
vt 0.00289500 0.25228300
vt 0.00289500 0.25042400
vt 0.00289500 0.24701600
vt 0.00289500 0.24358200
vt 0.00289500 0.24012200
vt 0.00289500 0.23813900
vt 0.00289500 0.23613100
vt 0.00289500 0.23198900
vt 0.00289500 0.22780300
vt 0.00289500 0.22581800
vt 0.00289500 0.22383900
vt 0.00289500 0.22022600
vt 0.00289500 0.21664500
vt 0.00289500 0.21309500
vt 0.00289500 0.21106700
vt 0.00289500 0.20907500
vt 0.00289500 0.20498200
vt 0.00289500 0.20092700
vt 0.00289500 0.19904500
vt 0.00289500 0.19715900
vt 0.00289500 0.19376500
vt 0.00289500 0.19039400
vt 0.00289500 0.18704600
vt 0.00289500 0.18513000
vt 0.00289500 0.18324500
vt 0.00289500 0.17936500
vt 0.00289500 0.17551200
vt 0.00289500 0.17370600
vt 0.00289500 0.17192200
vt 0.00289500 0.16868100
vt 0.00289500 0.16545600
vt 0.00289500 0.16224500
vt 0.00289500 0.16040400
vt 0.00289500 0.15859200
vt 0.00289500 0.15485400
vt 0.00289500 0.15113200
vt 0.00289500 0.14938500
vt 0.00289500 0.14765600
vt 0.00289500 0.14451200
vt 0.00289500 0.14137600
vt 0.00289500 0.13824800
vt 0.00289500 0.13647100
vt 0.00289500 0.13468100
vt 0.00289500 0.13102300
vt 0.00289500 0.12737100
vt 0.00289500 0.12566700
vt 0.00289500 0.12395300
vt 0.00289500 0.12085500
vt 0.00289500 0.11775900
vt 0.00289500 0.11466400
vt 0.00289500 0.11290300
vt 0.00289500 0.11112800
vt 0.00289500 0.10749200
vt 0.00289500 0.10385400
vt 0.00289500 0.10215300
vt 0.00289500 0.10044200
vt 0.00289500 0.09734100
vt 0.00289500 0.09423700
vt 0.00289500 0.09112800
vt 0.00289500 0.08933700
vt 0.00289500 0.08756800
vt 0.00289500 0.08389900
vt 0.00289500 0.08021900
vt 0.00289500 0.07849600
vt 0.00289500 0.07676000
vt 0.00289500 0.07361000
vt 0.00289500 0.07045000
vt 0.00289500 0.06727800
vt 0.00289500 0.06546800
vt 0.00289500 0.06363800
vt 0.00289500 0.05987800
vt 0.00289500 0.05609900
vt 0.00289500 0.05431200
vt 0.00289500 0.05253600
vt 0.00289500 0.04928600
vt 0.00289500 0.04601800
vt 0.00289500 0.04273200
vt 0.00289500 0.04083300
vt 0.00289500 0.03895200
vt 0.00289500 0.03503800
vt 0.00289500 0.03109300
vt 0.00289500 0.02923900
vt 0.00289500 0.02736600
vt 0.00289500 0.02395800
vt 0.00289500 0.02052500
vt 0.00289500 0.01706400
vt 0.00289500 0.01508200
vt 0.00289500 0.01307400
vt 0.00289500 0.00893100
vt 0.00289500 0.00474600
vt 0.00289500 0.00277400
vt 0.00289500 0.00078100
vt 0.00338100 0.00628500
vt 0.00338100 0.00000000
vt 0.00386700 0.00314300
vt 0.00338100 0.00314300
vt 0.00579000 0.00348500
vt 0.00579000 0.00697100
vt 0.00579000 0.01045600
vt 0.00579000 0.01394100
vt 0.00579000 0.01742600
vt 0.00579000 0.02091200
vt 0.00579000 0.02439700
vt 0.00579000 0.02788200
vt 0.00579000 0.03136700
vt 0.00579000 0.03485300
vt 0.00579000 0.03833800
vt 0.00579000 0.04182300
vt 0.00579000 0.04530900
vt 0.00579000 0.04879400
vt 0.00579000 0.05227900
vt 0.00579000 0.05576400
vt 0.00579000 0.05925000
vt 0.00579000 0.06273500
vt 0.00579000 0.06622000
vt 0.00579000 0.06970500
vt 0.00579000 0.07319100
vt 0.00579000 0.07667600
vt 0.00579000 0.08016100
vt 0.00579000 0.08364700
vt 0.00579000 0.08713200
vt 0.00579000 0.09061700
vt 0.00579000 0.09410200
vt 0.00579000 0.09758800
vt 0.00579000 0.10107300
vt 0.00579000 0.10455800
vt 0.00579000 0.10804300
vt 0.00579000 0.11152900
vt 0.00579000 0.11501400
vt 0.00579000 0.11849900
vt 0.00579000 0.12198500
vt 0.00579000 0.12547000
vt 0.00579000 0.12895500
vt 0.00579000 0.13244000
vt 0.00579000 0.13592600
vt 0.00579000 0.13941100
vt 0.00579000 0.14289600
vt 0.00579000 0.14638100
vt 0.00579000 0.14986700
vt 0.00579000 0.15335200
vt 0.00579000 0.15683700
vt 0.00579000 0.16032300
vt 0.00579000 0.16380800
vt 0.00579000 0.16729300
vt 0.00579000 0.17077800
vt 0.00579000 0.17426400
vt 0.00579000 0.17774900
vt 0.00579000 0.18123400
vt 0.00579000 0.18471900
vt 0.00579000 0.18820500
vt 0.00579000 0.19169000
vt 0.00579000 0.19517500
vt 0.00579000 0.19866100
vt 0.00579000 0.20214600
vt 0.00579000 0.20563100
vt 0.00579000 0.20911600
vt 0.00579000 0.21260200
vt 0.00579000 0.21608700
vt 0.00579000 0.21957200
vt 0.00579000 0.22305700
vt 0.00579000 0.22654300
vt 0.00579000 0.23002800
vt 0.00579000 0.23351300
vt 0.00579000 0.23699900
vt 0.00579000 0.24048400
vt 0.00579000 0.24396900
vt 0.00579000 0.24745400
vt 0.00579000 0.25094000
vt 0.00579000 0.25442500
vt 0.00579000 0.25791000
vt 0.00579000 0.26139500
vt 0.00579000 0.26488100
vt 0.00579000 0.26836600
vt 0.00579000 0.27185100
vt 0.00579000 0.27533700
vt 0.00579000 0.27882200
vt 0.00579000 0.28230700
vt 0.00579000 0.28579200
vt 0.00579000 0.28927800
vt 0.00579000 0.29276300
vt 0.00579000 0.29624800
vt 0.00579000 0.29973300
vt 0.00579000 0.30321900
vt 0.00579000 0.30670400
vt 0.00579000 0.31018900
vt 0.00579000 0.31367500
vt 0.00579000 0.31716000
vt 0.00579000 0.32064500
vt 0.00579000 0.32413000
vt 0.00579000 0.32761600
vt 0.00579000 0.33110100
vt 0.00579000 0.33458600
vt 0.00579000 0.33807200
vt 0.00579000 0.34155700
vt 0.00579000 0.34504200
vt 0.00579000 0.34852700
vt 0.00579000 0.35201300
vt 0.00579000 0.35549800
vt 0.00579000 0.35898300
vt 0.00579000 0.36246800
vt 0.00579000 0.36595400
vt 0.00579000 0.36943900
vt 0.00579000 0.37292400
vt 0.00579000 0.37641000
vt 0.00579000 0.37989500
vt 0.00579000 0.38338000
vt 0.00579000 0.38686500
vt 0.00579000 0.39035100
vt 0.00579000 0.39383600
vt 0.00579000 0.39732100
vt 0.00579000 0.40080600
vt 0.00579000 0.40429200
vt 0.00579000 0.40777700
vt 0.00579000 0.41126200
vt 0.00579000 0.41474800
vt 0.00579000 0.41823300
vt 0.00579000 0.42171800
vt 0.00579000 0.42520300
vt 0.00579000 0.42868900
vt 0.00579000 0.43217400
vt 0.00579000 0.43565900
vt 0.00579000 0.43914400
vt 0.00579000 0.44263000
vt 0.00579000 0.44611500
vt 0.00579000 0.44960000
vt 0.00579000 0.45308600
vt 0.00579000 0.45657100
vt 0.00579000 0.46005600
vt 0.00579000 0.46354100
vt 0.00579000 0.46702700
vt 0.00579000 0.47051200
vt 0.00579000 0.47399700
vt 0.00579000 0.47748200
vt 0.00579000 0.48096800
vt 0.00579000 0.48445300
vt 0.00579000 0.48793800
vt 0.00579000 0.49142400
vt 0.00579000 0.49490900
vt 0.00579000 0.49839400
vt 0.00579000 0.50187900
vt 0.00579000 0.50536500
vt 0.00579000 0.50885000
vt 0.00579000 0.51233500
vt 0.00579000 0.51582000
vt 0.00579000 0.51930600
vt 0.00579000 0.52279100
vt 0.00579000 0.52627600
vt 0.00579000 0.52976200
vt 0.00579000 0.53324700
vt 0.00579000 0.53673200
vt 0.00579000 0.54021700
vt 0.00579000 0.54370300
vt 0.00579000 0.54718800
vt 0.00579000 0.55067300
vt 0.00579000 0.55415900
vt 0.00579000 0.55764400
vt 0.00579000 0.56112900
vt 0.00579000 0.56461400
vt 0.00579000 0.56810000
vt 0.00579000 0.57158500
vt 0.00579000 0.57507000
vt 0.00579000 0.57855500
vt 0.00579000 0.58204100
vt 0.00579000 0.58552600
vt 0.00579000 0.58901100
vt 0.00579000 0.59249600
vt 0.00579000 0.59598200
vt 0.00579000 0.59946700
vt 0.00579000 0.60295200
vt 0.00579000 0.60643800
vt 0.00579000 0.60992300
vt 0.00579000 0.61340800
vt 0.00579000 0.61689300
vt 0.00579000 0.62037900
vt 0.00579000 0.62386400
vt 0.00579000 0.62734900
vt 0.00579000 0.63083400
vt 0.00579000 0.63432000
vt 0.00579000 0.63780500
vt 0.00579000 0.64129000
vt 0.00579000 0.64477600
vt 0.00579000 0.64826100
vt 0.00579000 0.65174600
vt 0.00579000 0.65523100
vt 0.00579000 0.65871700
vt 0.00579000 0.66220200
vt 0.00579000 0.66568700
vt 0.00579000 0.66917200
vt 0.00579000 0.67265800
vt 0.00579000 0.67614300
vt 0.00579000 0.67962800
vt 0.00579000 0.68311400
vt 0.00579000 0.68659900
vt 0.00579000 0.69008400
vt 0.00579000 0.69356900
vt 0.00579000 0.69705500
vt 0.00579000 0.70054000
vt 0.00579000 0.70402500
vt 0.00579000 0.70751000
vt 0.00579000 0.71099600
vt 0.00579000 0.71448100
vt 0.00579000 0.71796600
vt 0.00579000 0.72145200
vt 0.00579000 0.72493700
vt 0.00579000 0.72842200
vt 0.00579000 0.73190700
vt 0.00579000 0.73539300
vt 0.00579000 0.73887800
vt 0.00579000 0.74236300
vt 0.00579000 0.74584800
vt 0.00579000 0.74933400
vt 0.00579000 0.75281900
vt 0.00579000 0.75630400
vt 0.00579000 0.75979000
vt 0.00579000 0.76327500
vt 0.00579000 0.76676000
vt 0.00579000 0.77024500
vt 0.00579000 0.77373100
vt 0.00579000 0.77721600
vt 0.00579000 0.78070100
vt 0.00579000 0.78418600
vt 0.00579000 0.78767200
vt 0.00579000 0.79115700
vt 0.00579000 0.79464200
vt 0.00579000 0.79812800
vt 0.00579000 0.80161300
vt 0.00579000 0.80509800
vt 0.00579000 0.80858300
vt 0.00579000 0.81206900
vt 0.00579000 0.81555400
vt 0.00579000 0.81903900
vt 0.00579000 0.82252500
vt 0.00579000 0.82601000
vt 0.00579000 0.82949500
vt 0.00579000 0.83298000
vt 0.00579000 0.83646600
vt 0.00579000 0.83995100
vt 0.00579000 0.84343600
vt 0.00579000 0.84692100
vt 0.00579000 0.85040700
vt 0.00579000 0.85389200
vt 0.00579000 0.85737700
vt 0.00579000 0.86086300
vt 0.00579000 0.86434800
vt 0.00579000 0.86783300
vt 0.00579000 0.87131800
vt 0.00579000 0.87480400
vt 0.00579000 0.87828900
vt 0.00579000 0.88177400
vt 0.00579000 0.88525900
vt 0.00579000 0.88874500
vt 0.00338100 0.89223000
vt 0.00338100 0.88806600
vt 0.00386700 0.89014800
vt 0.00338100 0.89014800
vt 0.00289500 0.00000000
vt 0.00192900 0.00000000
vt 0.00097200 0.00000000
vt 0.00000000 0.00000000
vt 0.00192900 0.00628500
vt 0.00097200 0.00628500
vt 0.00192900 0.01257100
vt 0.00097200 0.01257100
vt 0.00192900 0.01847100
vt 0.00097200 0.01847100
vt 0.00192900 0.02431500
vt 0.00097200 0.02431500
vt 0.00192900 0.03015900
vt 0.00097200 0.03015900
vt 0.00192900 0.03600200
vt 0.00097200 0.03600200
vt 0.00192900 0.04184600
vt 0.00097200 0.04184600
vt 0.00192900 0.04769000
vt 0.00097200 0.04769000
vt 0.00192900 0.05353300
vt 0.00097200 0.05353300
vt 0.00192900 0.05937700
vt 0.00097200 0.05937700
vt 0.00192900 0.06522100
vt 0.00097200 0.06522100
vt 0.00192900 0.07101200
vt 0.00097200 0.07101200
vt 0.00192900 0.07669600
vt 0.00097200 0.07669600
vt 0.00192900 0.08238000
vt 0.00097200 0.08238000
vt 0.00192900 0.08806400
vt 0.00097200 0.08806400
vt 0.00192900 0.09374800
vt 0.00097200 0.09374800
vt 0.00192900 0.09943200
vt 0.00097200 0.09943200
vt 0.00192900 0.10511600
vt 0.00097200 0.10511600
vt 0.00192900 0.11080000
vt 0.00097200 0.11080000
vt 0.00192900 0.11648300
vt 0.00097200 0.11648300
vt 0.00192900 0.12216700
vt 0.00097200 0.12216700
vt 0.00192900 0.12785100
vt 0.00097200 0.12785100
vt 0.00192900 0.13353500
vt 0.00097200 0.13353500
vt 0.00192900 0.13921900
vt 0.00097200 0.13921900
vt 0.00192900 0.14490300
vt 0.00097200 0.14490300
vt 0.00192900 0.15058700
vt 0.00097200 0.15058700
vt 0.00192900 0.15627100
vt 0.00097200 0.15627100
vt 0.00192900 0.16195500
vt 0.00097200 0.16195500
vt 0.00192900 0.16763900
vt 0.00097200 0.16763900
vt 0.00192900 0.17332300
vt 0.00097200 0.17332300
vt 0.00192900 0.17900700
vt 0.00097200 0.17900700
vt 0.00192900 0.18469100
vt 0.00097200 0.18469100
vt 0.00192900 0.19037500
vt 0.00097200 0.19037500
vt 0.00192900 0.19605900
vt 0.00097200 0.19605900
vt 0.00192900 0.20206600
vt 0.00097200 0.20206600
vt 0.00192900 0.20812200
vt 0.00097200 0.20812200
vt 0.00192900 0.21418200
vt 0.00097200 0.21418200
vt 0.00192900 0.22029400
vt 0.00097200 0.22029400
vt 0.00192900 0.22462900
vt 0.00097200 0.22462900
vt 0.00192900 0.23091400
vt 0.00097200 0.23091400
vt 0.00192900 0.23714600
vt 0.00097200 0.23714600
vt 0.00192900 0.24299000
vt 0.00097200 0.24299000
vt 0.00192900 0.24883400
vt 0.00097200 0.24883400
vt 0.00192900 0.25467700
vt 0.00097200 0.25467700
vt 0.00192900 0.26052100
vt 0.00097200 0.26052100
vt 0.00192900 0.26636400
vt 0.00097200 0.26636400
vt 0.00192900 0.27220800
vt 0.00097200 0.27220800
vt 0.00192900 0.27805200
vt 0.00097200 0.27805200
vt 0.00192900 0.28389500
vt 0.00097200 0.28389500
vt 0.00192900 0.28973900
vt 0.00097200 0.28973900
vt 0.00192900 0.29549000
vt 0.00097200 0.29549000
vt 0.00192900 0.30117400
vt 0.00097200 0.30117400
vt 0.00192900 0.30685800
vt 0.00097200 0.30685800
vt 0.00192900 0.31254200
vt 0.00097200 0.31254200
vt 0.00192900 0.31822600
vt 0.00097200 0.31822600
vt 0.00192900 0.32391000
vt 0.00097200 0.32391000
vt 0.00192900 0.32959400
vt 0.00097200 0.32959400
vt 0.00192900 0.33527800
vt 0.00097200 0.33527800
vt 0.00192900 0.34096200
vt 0.00097200 0.34096200
vt 0.00192900 0.34664600
vt 0.00097200 0.34664600
vt 0.00192900 0.35233000
vt 0.00097200 0.35233000
vt 0.00192900 0.35801400
vt 0.00097200 0.35801400
vt 0.00192900 0.36369800
vt 0.00097200 0.36369800
vt 0.00192900 0.36938200
vt 0.00097200 0.36938200
vt 0.00192900 0.37506600
vt 0.00097200 0.37506600
vt 0.00192900 0.38075000
vt 0.00097200 0.38075000
vt 0.00192900 0.38643400
vt 0.00097200 0.38643400
vt 0.00192900 0.39211800
vt 0.00097200 0.39211800
vt 0.00192900 0.39780100
vt 0.00097200 0.39780100
vt 0.00192900 0.40348500
vt 0.00097200 0.40348500
vt 0.00192900 0.40916900
vt 0.00097200 0.40916900
vt 0.00192900 0.41485300
vt 0.00097200 0.41485300
vt 0.00192900 0.42053700
vt 0.00097200 0.42053700
vt 0.00192900 0.42656000
vt 0.00097200 0.42656000
vt 0.00192900 0.43262800
vt 0.00097200 0.43262800
vt 0.00192900 0.43868100
vt 0.00097200 0.43868100
vt 0.00192900 0.44480500
vt 0.00097200 0.44480500
vt 0.00192900 0.44925800
vt 0.00097200 0.44925800
vt 0.00192900 0.45554300
vt 0.00097200 0.45554300
vt 0.00192900 0.46166500
vt 0.00097200 0.46166500
vt 0.00192900 0.46750800
vt 0.00097200 0.46750800
vt 0.00192900 0.47335200
vt 0.00097200 0.47335200
vt 0.00192900 0.47919600
vt 0.00097200 0.47919600
vt 0.00192900 0.48503900
vt 0.00097200 0.48503900
vt 0.00192900 0.49088300
vt 0.00097200 0.49088300
vt 0.00192900 0.49672700
vt 0.00097200 0.49672700
vt 0.00192900 0.50257000
vt 0.00097200 0.50257000
vt 0.00192900 0.50841400
vt 0.00097200 0.50841400
vt 0.00192900 0.51425700
vt 0.00097200 0.51425700
vt 0.00192900 0.51996900
vt 0.00097200 0.51996900
vt 0.00192900 0.52565300
vt 0.00097200 0.52565300
vt 0.00192900 0.53133700
vt 0.00097200 0.53133700
vt 0.00192900 0.53702100
vt 0.00097200 0.53702100
vt 0.00192900 0.54270500
vt 0.00097200 0.54270500
vt 0.00192900 0.54838900
vt 0.00097200 0.54838900
vt 0.00192900 0.55407300
vt 0.00097200 0.55407300
vt 0.00192900 0.55975700
vt 0.00097200 0.55975700
vt 0.00192900 0.56544000
vt 0.00097200 0.56544000
vt 0.00192900 0.57112400
vt 0.00097200 0.57112400
vt 0.00192900 0.57680800
vt 0.00097200 0.57680800
vt 0.00192900 0.58249200
vt 0.00097200 0.58249200
vt 0.00192900 0.58817600
vt 0.00097200 0.58817600
vt 0.00192900 0.59386000
vt 0.00097200 0.59386000
vt 0.00192900 0.59954400
vt 0.00097200 0.59954400
vt 0.00192900 0.60522800
vt 0.00097200 0.60522800
vt 0.00192900 0.61091200
vt 0.00097200 0.61091200
vt 0.00192900 0.61659600
vt 0.00097200 0.61659600
vt 0.00192900 0.62228000
vt 0.00097200 0.62228000
vt 0.00192900 0.62796400
vt 0.00097200 0.62796400
vt 0.00192900 0.63364800
vt 0.00097200 0.63364800
vt 0.00192900 0.63933200
vt 0.00097200 0.63933200
vt 0.00192900 0.64530800
vt 0.00097200 0.64530800
vt 0.00192900 0.65133700
vt 0.00097200 0.65133700
vt 0.00192900 0.65739400
vt 0.00097200 0.65739400
vt 0.00192900 0.66338000
vt 0.00097200 0.66338000
vt 0.00192900 0.66917300
vt 0.00097200 0.66917300
vt 0.00192900 0.67388700
vt 0.00097200 0.67388700
vt 0.00192900 0.68017200
vt 0.00097200 0.68017200
vt 0.00192900 0.68618300
vt 0.00097200 0.68618300
vt 0.00192900 0.69202700
vt 0.00097200 0.69202700
vt 0.00192900 0.69787000
vt 0.00097200 0.69787000
vt 0.00192900 0.70371400
vt 0.00097200 0.70371400
vt 0.00192900 0.70955800
vt 0.00097200 0.70955800
vt 0.00192900 0.71540100
vt 0.00097200 0.71540100
vt 0.00192900 0.72124500
vt 0.00097200 0.72124500
vt 0.00192900 0.72708900
vt 0.00097200 0.72708900
vt 0.00192900 0.73293200
vt 0.00097200 0.73293200
vt 0.00192900 0.73876300
vt 0.00097200 0.73876300
vt 0.00192900 0.74444700
vt 0.00097200 0.74444700
vt 0.00192900 0.75013100
vt 0.00097200 0.75013100
vt 0.00192900 0.75581500
vt 0.00097200 0.75581500
vt 0.00192900 0.76149900
vt 0.00097200 0.76149900
vt 0.00192900 0.76718300
vt 0.00097200 0.76718300
vt 0.00192900 0.77286700
vt 0.00097200 0.77286700
vt 0.00192900 0.77855100
vt 0.00097200 0.77855100
vt 0.00192900 0.78423500
vt 0.00097200 0.78423500
vt 0.00192900 0.78991900
vt 0.00097200 0.78991900
vt 0.00192900 0.79560300
vt 0.00097200 0.79560300
vt 0.00192900 0.80128700
vt 0.00097200 0.80128700
vt 0.00192900 0.80697100
vt 0.00097200 0.80697100
vt 0.00192900 0.81265500
vt 0.00097200 0.81265500
vt 0.00192900 0.81833900
vt 0.00097200 0.81833900
vt 0.00192900 0.82402300
vt 0.00097200 0.82402300
vt 0.00192900 0.82970700
vt 0.00097200 0.82970700
vt 0.00192900 0.83539100
vt 0.00097200 0.83539100
vt 0.00192900 0.84107500
vt 0.00097200 0.84107500
vt 0.00192900 0.84675800
vt 0.00097200 0.84675800
vt 0.00192900 0.85244200
vt 0.00097200 0.85244200
vt 0.00192900 0.85812600
vt 0.00097200 0.85812600
vt 0.00192900 0.86381000
vt 0.00097200 0.86381000
vt 0.00192900 0.86980200
vt 0.00097200 0.86980200
vt 0.00192900 0.87584500
vt 0.00097200 0.87584500
vt 0.00192900 0.88190500
vt 0.00097200 0.88190500
vt 0.00192900 0.88806600
vt 0.00097200 0.88806600
vt 0.00289500 0.89223000
vt 0.00192900 0.89223000
vt 0.00097200 0.89223000
vt 0.00000000 0.89223000
vt 0.00000000 0.89062300
vt 0.00000000 0.88857400
vt 0.00000000 0.88500000
vt 0.00000000 0.88145800
vt 0.00000000 0.87794600
vt 0.00000000 0.87603300
vt 0.00000000 0.87411100
vt 0.00000000 0.87005600
vt 0.00000000 0.86603800
vt 0.00000000 0.86408800
vt 0.00000000 0.86216200
vt 0.00000000 0.85879700
vt 0.00000000 0.85545400
vt 0.00000000 0.85213300
vt 0.00000000 0.85030600
vt 0.00000000 0.84849700
vt 0.00000000 0.84464300
vt 0.00000000 0.84081400
vt 0.00000000 0.83897300
vt 0.00000000 0.83711200
vt 0.00000000 0.83389100
vt 0.00000000 0.83068400
vt 0.00000000 0.82749000
vt 0.00000000 0.82574400
vt 0.00000000 0.82398600
vt 0.00000000 0.82026400
vt 0.00000000 0.81655700
vt 0.00000000 0.81475200
vt 0.00000000 0.81296400
vt 0.00000000 0.80983000
vt 0.00000000 0.80670500
vt 0.00000000 0.80358500
vt 0.00000000 0.80186500
vt 0.00000000 0.80015600
vt 0.00000000 0.79650500
vt 0.00000000 0.79285900
vt 0.00000000 0.79110000
vt 0.00000000 0.78931700
vt 0.00000000 0.78622200
vt 0.00000000 0.78312700
vt 0.00000000 0.78003400
vt 0.00000000 0.77833700
vt 0.00000000 0.77662500
vt 0.00000000 0.77298800
vt 0.00000000 0.76934700
vt 0.00000000 0.76758700
vt 0.00000000 0.76580200
vt 0.00000000 0.76269700
vt 0.00000000 0.75958700
vt 0.00000000 0.75647200
vt 0.00000000 0.75474800
vt 0.00000000 0.75303200
vt 0.00000000 0.74935200
vt 0.00000000 0.74566100
vt 0.00000000 0.74387400
vt 0.00000000 0.74205800
vt 0.00000000 0.73889600
vt 0.00000000 0.73572200
vt 0.00000000 0.73253600
vt 0.00000000 0.73078300
vt 0.00000000 0.72901000
vt 0.00000000 0.72523100
vt 0.00000000 0.72143000
vt 0.00000000 0.71958600
vt 0.00000000 0.71771100
vt 0.00000000 0.71443900
vt 0.00000000 0.71114900
vt 0.00000000 0.70783900
vt 0.00000000 0.70601500
vt 0.00000000 0.70416800
vt 0.00000000 0.70022300
vt 0.00000000 0.69624600
vt 0.00000000 0.69431300
vt 0.00000000 0.69234600
vt 0.00000000 0.68890600
vt 0.00000000 0.68543900
vt 0.00000000 0.68194400
vt 0.00000000 0.68001400
vt 0.00000000 0.67805900
vt 0.00000000 0.67387300
vt 0.00000000 0.66964200
vt 0.00000000 0.66756600
vt 0.00000000 0.66551700
vt 0.00000000 0.66194300
vt 0.00000000 0.65840100
vt 0.00000000 0.65488900
vt 0.00000000 0.65297500
vt 0.00000000 0.65105300
vt 0.00000000 0.64699900
vt 0.00000000 0.64298000
vt 0.00000000 0.64105200
vt 0.00000000 0.63910500
vt 0.00000000 0.63574000
vt 0.00000000 0.63239700
vt 0.00000000 0.62907500
vt 0.00000000 0.62726200
vt 0.00000000 0.62543900
vt 0.00000000 0.62158600
vt 0.00000000 0.61775700
vt 0.00000000 0.61589600
vt 0.00000000 0.61405500
vt 0.00000000 0.61083300
vt 0.00000000 0.60762600
vt 0.00000000 0.60443300
vt 0.00000000 0.60268600
vt 0.00000000 0.60092900
vt 0.00000000 0.59720700
vt 0.00000000 0.59350000
vt 0.00000000 0.59171400
vt 0.00000000 0.58990700
vt 0.00000000 0.58677300
vt 0.00000000 0.58364700
vt 0.00000000 0.58052800
vt 0.00000000 0.57882000
vt 0.00000000 0.57709900
vt 0.00000000 0.57344700
vt 0.00000000 0.56980200
vt 0.00000000 0.56804200
vt 0.00000000 0.56626000
vt 0.00000000 0.56316400
vt 0.00000000 0.56007000
vt 0.00000000 0.55697600
vt 0.00000000 0.55527900
vt 0.00000000 0.55356800
vt 0.00000000 0.54993000
vt 0.00000000 0.54629000
vt 0.00000000 0.54453000
vt 0.00000000 0.54274500
vt 0.00000000 0.53964000
vt 0.00000000 0.53653000
vt 0.00000000 0.53341400
vt 0.00000000 0.53170300
vt 0.00000000 0.52997400
vt 0.00000000 0.52629500
vt 0.00000000 0.52260400
vt 0.00000000 0.52081600
vt 0.00000000 0.51900100
vt 0.00000000 0.51583800
vt 0.00000000 0.51266400
vt 0.00000000 0.50947800
vt 0.00000000 0.50772500
vt 0.00000000 0.50595300
vt 0.00000000 0.50217300
vt 0.00000000 0.49837200
vt 0.00000000 0.49652800
vt 0.00000000 0.49465300
vt 0.00000000 0.49138200
vt 0.00000000 0.48809100
vt 0.00000000 0.48478100
vt 0.00000000 0.48294400
vt 0.00000000 0.48111100
vt 0.00000000 0.47716600
vt 0.00000000 0.47318900
vt 0.00000000 0.47125600
vt 0.00000000 0.46928800
vt 0.00000000 0.46584900
vt 0.00000000 0.46238200
vt 0.00000000 0.45888700
vt 0.00000000 0.45694300
vt 0.00000000 0.45500200
vt 0.00000000 0.45081600
vt 0.00000000 0.44658500
vt 0.00000000 0.44453100
vt 0.00000000 0.44245900
vt 0.00000000 0.43888500
vt 0.00000000 0.43534300
vt 0.00000000 0.43183200
vt 0.00000000 0.42991800
vt 0.00000000 0.42799600
vt 0.00000000 0.42394100
vt 0.00000000 0.41992300
vt 0.00000000 0.41797300
vt 0.00000000 0.41604700
vt 0.00000000 0.41268200
vt 0.00000000 0.40933900
vt 0.00000000 0.40601800
vt 0.00000000 0.40420400
vt 0.00000000 0.40238200
vt 0.00000000 0.39852800
vt 0.00000000 0.39469900
vt 0.00000000 0.39283800
vt 0.00000000 0.39099700
vt 0.00000000 0.38777600
vt 0.00000000 0.38456800
vt 0.00000000 0.38137500
vt 0.00000000 0.37962900
vt 0.00000000 0.37787100
vt 0.00000000 0.37415000
vt 0.00000000 0.37044200
vt 0.00000000 0.36865600
vt 0.00000000 0.36684900
vt 0.00000000 0.36371500
vt 0.00000000 0.36058900
vt 0.00000000 0.35747000
vt 0.00000000 0.35575000
vt 0.00000000 0.35404100
vt 0.00000000 0.35039000
vt 0.00000000 0.34674400
vt 0.00000000 0.34496500
vt 0.00000000 0.34320200
vt 0.00000000 0.34010700
vt 0.00000000 0.33701200
vt 0.00000000 0.33391900
vt 0.00000000 0.33222200
vt 0.00000000 0.33051000
vt 0.00000000 0.32687300
vt 0.00000000 0.32323200
vt 0.00000000 0.32147200
vt 0.00000000 0.31968700
vt 0.00000000 0.31658200
vt 0.00000000 0.31347200
vt 0.00000000 0.31035700
vt 0.00000000 0.30864500
vt 0.00000000 0.30691700
vt 0.00000000 0.30323700
vt 0.00000000 0.29954600
vt 0.00000000 0.29773900
vt 0.00000000 0.29594300
vt 0.00000000 0.29278100
vt 0.00000000 0.28960700
vt 0.00000000 0.28642100
vt 0.00000000 0.28466800
vt 0.00000000 0.28289500
vt 0.00000000 0.27911600
vt 0.00000000 0.27531500
vt 0.00000000 0.27347100
vt 0.00000000 0.27159600
vt 0.00000000 0.26832400
vt 0.00000000 0.26503400
vt 0.00000000 0.26172400
vt 0.00000000 0.25990000
vt 0.00000000 0.25805300
vt 0.00000000 0.25410800
vt 0.00000000 0.25013100
vt 0.00000000 0.24819800
vt 0.00000000 0.24623100
vt 0.00000000 0.24279100
vt 0.00000000 0.23932400
vt 0.00000000 0.23582900
vt 0.00000000 0.23388500
vt 0.00000000 0.23194400
vt 0.00000000 0.22775800
vt 0.00000000 0.22352700
vt 0.00000000 0.22147300
vt 0.00000000 0.21940200
vt 0.00000000 0.21582800
vt 0.00000000 0.21228600
vt 0.00000000 0.20877400
vt 0.00000000 0.20684600
vt 0.00000000 0.20493800
vt 0.00000000 0.20088400
vt 0.00000000 0.19686500
vt 0.00000000 0.19491600
vt 0.00000000 0.19299000
vt 0.00000000 0.18962400
vt 0.00000000 0.18628200
vt 0.00000000 0.18296000
vt 0.00000000 0.18113400
vt 0.00000000 0.17932400
vt 0.00000000 0.17547100
vt 0.00000000 0.17164200
vt 0.00000000 0.16978100
vt 0.00000000 0.16794000
vt 0.00000000 0.16471800
vt 0.00000000 0.16151100
vt 0.00000000 0.15831800
vt 0.00000000 0.15657100
vt 0.00000000 0.15481400
vt 0.00000000 0.15109200
vt 0.00000000 0.14738500
vt 0.00000000 0.14559900
vt 0.00000000 0.14379200
vt 0.00000000 0.14065800
vt 0.00000000 0.13753200
vt 0.00000000 0.13441300
vt 0.00000000 0.13269200
vt 0.00000000 0.13098400
vt 0.00000000 0.12733200
vt 0.00000000 0.12368600
vt 0.00000000 0.12192700
vt 0.00000000 0.12014500
vt 0.00000000 0.11704900
vt 0.00000000 0.11395500
vt 0.00000000 0.11086100
vt 0.00000000 0.10916400
vt 0.00000000 0.10745300
vt 0.00000000 0.10381500
vt 0.00000000 0.10017500
vt 0.00000000 0.09841500
vt 0.00000000 0.09663000
vt 0.00000000 0.09352500
vt 0.00000000 0.09041500
vt 0.00000000 0.08729900
vt 0.00000000 0.08558800
vt 0.00000000 0.08385900
vt 0.00000000 0.08018000
vt 0.00000000 0.07648900
vt 0.00000000 0.07470100
vt 0.00000000 0.07288600
vt 0.00000000 0.06972300
vt 0.00000000 0.06654900
vt 0.00000000 0.06336300
vt 0.00000000 0.06161000
vt 0.00000000 0.05983800
vt 0.00000000 0.05605800
vt 0.00000000 0.05225700
vt 0.00000000 0.05041300
vt 0.00000000 0.04853800
vt 0.00000000 0.04526700
vt 0.00000000 0.04197600
vt 0.00000000 0.03866600
vt 0.00000000 0.03684200
vt 0.00000000 0.03499600
vt 0.00000000 0.03105100
vt 0.00000000 0.02707400
vt 0.00000000 0.02514100
vt 0.00000000 0.02317300
vt 0.00000000 0.01973300
vt 0.00000000 0.01626700
vt 0.00000000 0.01277200
vt 0.00000000 0.01084200
vt 0.00000000 0.00888700
vt 0.00000000 0.00470100
vt 0.00000000 0.00047000
vt 0.00048600 0.00628500
vt 0.00048600 0.00000000
vt 0.00097200 0.00314300
vt 0.00048600 0.00314300
vt 0.00024300 0.00314300
vt 0.00024300 0.00000000
vt 0.00048600 0.00157100
vt 0.00024300 0.00157100
vt 0.00048600 0.89223000
vt 0.00048600 0.88806600
vt 0.00097200 0.89014800
vt 0.00048600 0.89014800
vt 0.00289500 0.00348500
vt 0.00289500 0.00697100
vt 0.00289500 0.01045600
vt 0.00289500 0.01394100
vt 0.00289500 0.01742600
vt 0.00289500 0.02091200
vt 0.00289500 0.02439700
vt 0.00289500 0.02788200
vt 0.00289500 0.03136700
vt 0.00289500 0.03485300
vt 0.00289500 0.03833800
vt 0.00289500 0.04182300
vt 0.00289500 0.04530900
vt 0.00289500 0.04879400
vt 0.00289500 0.05227900
vt 0.00289500 0.05576400
vt 0.00289500 0.05925000
vt 0.00289500 0.06273500
vt 0.00289500 0.06622000
vt 0.00289500 0.06970500
vt 0.00289500 0.07319100
vt 0.00289500 0.07667600
vt 0.00289500 0.08016100
vt 0.00289500 0.08364700
vt 0.00289500 0.08713200
vt 0.00289500 0.09061700
vt 0.00289500 0.09410200
vt 0.00289500 0.09758800
vt 0.00289500 0.10107300
vt 0.00289500 0.10455800
vt 0.00289500 0.10804300
vt 0.00289500 0.11152900
vt 0.00289500 0.11501400
vt 0.00289500 0.11849900
vt 0.00289500 0.12198500
vt 0.00289500 0.12547000
vt 0.00289500 0.12895500
vt 0.00289500 0.13244000
vt 0.00289500 0.13592600
vt 0.00289500 0.13941100
vt 0.00289500 0.14289600
vt 0.00289500 0.14638100
vt 0.00289500 0.14986700
vt 0.00289500 0.15335200
vt 0.00289500 0.15683700
vt 0.00289500 0.16032300
vt 0.00289500 0.16380800
vt 0.00289500 0.16729300
vt 0.00289500 0.17077800
vt 0.00289500 0.17426400
vt 0.00289500 0.17774900
vt 0.00289500 0.18123400
vt 0.00289500 0.18471900
vt 0.00289500 0.18820500
vt 0.00289500 0.19169000
vt 0.00289500 0.19517500
vt 0.00289500 0.19866100
vt 0.00289500 0.20214600
vt 0.00289500 0.20563100
vt 0.00289500 0.20911600
vt 0.00289500 0.21260200
vt 0.00289500 0.21608700
vt 0.00289500 0.21957200
vt 0.00289500 0.22305700
vt 0.00289500 0.22654300
vt 0.00289500 0.23002800
vt 0.00289500 0.23351300
vt 0.00289500 0.23699900
vt 0.00289500 0.24048400
vt 0.00289500 0.24396900
vt 0.00289500 0.24745400
vt 0.00289500 0.25094000
vt 0.00289500 0.25442500
vt 0.00289500 0.25791000
vt 0.00289500 0.26139500
vt 0.00289500 0.26488100
vt 0.00289500 0.26836600
vt 0.00289500 0.27185100
vt 0.00289500 0.27533700
vt 0.00289500 0.27882200
vt 0.00289500 0.28230700
vt 0.00289500 0.28579200
vt 0.00289500 0.28927800
vt 0.00289500 0.29276300
vt 0.00289500 0.29624800
vt 0.00289500 0.29973300
vt 0.00289500 0.30321900
vt 0.00289500 0.30670400
vt 0.00289500 0.31018900
vt 0.00289500 0.31367500
vt 0.00289500 0.31716000
vt 0.00289500 0.32064500
vt 0.00289500 0.32413000
vt 0.00289500 0.32761600
vt 0.00289500 0.33110100
vt 0.00289500 0.33458600
vt 0.00289500 0.33807200
vt 0.00289500 0.34155700
vt 0.00289500 0.34504200
vt 0.00289500 0.34852700
vt 0.00289500 0.35201300
vt 0.00289500 0.35549800
vt 0.00289500 0.35898300
vt 0.00289500 0.36246800
vt 0.00289500 0.36595400
vt 0.00289500 0.36943900
vt 0.00289500 0.37292400
vt 0.00289500 0.37641000
vt 0.00289500 0.37989500
vt 0.00289500 0.38338000
vt 0.00289500 0.38686500
vt 0.00289500 0.39035100
vt 0.00289500 0.39383600
vt 0.00289500 0.39732100
vt 0.00289500 0.40080600
vt 0.00289500 0.40429200
vt 0.00289500 0.40777700
vt 0.00289500 0.41126200
vt 0.00289500 0.41474800
vt 0.00289500 0.41823300
vt 0.00289500 0.42171800
vt 0.00289500 0.42520300
vt 0.00289500 0.42868900
vt 0.00289500 0.43217400
vt 0.00289500 0.43565900
vt 0.00289500 0.43914400
vt 0.00289500 0.44263000
vt 0.00289500 0.44611500
vt 0.00289500 0.44960000
vt 0.00289500 0.45308600
vt 0.00289500 0.45657100
vt 0.00289500 0.46005600
vt 0.00289500 0.46354100
vt 0.00289500 0.46702700
vt 0.00289500 0.47051200
vt 0.00289500 0.47399700
vt 0.00289500 0.47748200
vt 0.00289500 0.48096800
vt 0.00289500 0.48445300
vt 0.00289500 0.48793800
vt 0.00289500 0.49142400
vt 0.00289500 0.49490900
vt 0.00289500 0.49839400
vt 0.00289500 0.50187900
vt 0.00289500 0.50536500
vt 0.00289500 0.50885000
vt 0.00289500 0.51233500
vt 0.00289500 0.51582100
vt 0.00289500 0.51930600
vt 0.00289500 0.52279100
vt 0.00289500 0.52627600
vt 0.00289500 0.52976200
vt 0.00289500 0.53324700
vt 0.00289500 0.53673200
vt 0.00289500 0.54021700
vt 0.00289500 0.54370300
vt 0.00289500 0.54718800
vt 0.00289500 0.55067300
vt 0.00289500 0.55415900
vt 0.00289500 0.55764400
vt 0.00289500 0.56112900
vt 0.00289500 0.56461400
vt 0.00289500 0.56810000
vt 0.00289500 0.57158500
vt 0.00289500 0.57507000
vt 0.00289500 0.57855500
vt 0.00289500 0.58204100
vt 0.00289500 0.58552600
vt 0.00289500 0.58901100
vt 0.00289500 0.59249700
vt 0.00289500 0.59598200
vt 0.00289500 0.59946700
vt 0.00289500 0.60295200
vt 0.00289500 0.60643800
vt 0.00289500 0.60992300
vt 0.00289500 0.61340800
vt 0.00289500 0.61689300
vt 0.00289500 0.62037900
vt 0.00289500 0.62386400
vt 0.00289500 0.62734900
vt 0.00289500 0.63083400
vt 0.00289500 0.63432000
vt 0.00289500 0.63780500
vt 0.00289500 0.64129000
vt 0.00289500 0.64477600
vt 0.00289500 0.64826100
vt 0.00289500 0.65174600
vt 0.00289500 0.65523100
vt 0.00289500 0.65871700
vt 0.00289500 0.66220200
vt 0.00289500 0.66568700
vt 0.00289500 0.66917200
vt 0.00289500 0.67265800
vt 0.00289500 0.67614300
vt 0.00289500 0.67962800
vt 0.00289500 0.68311400
vt 0.00289500 0.68659900
vt 0.00289500 0.69008400
vt 0.00289500 0.69356900
vt 0.00289500 0.69705500
vt 0.00289500 0.70054000
vt 0.00289500 0.70402500
vt 0.00289500 0.70751000
vt 0.00289500 0.71099600
vt 0.00289500 0.71448100
vt 0.00289500 0.71796600
vt 0.00289500 0.72145200
vt 0.00289500 0.72493700
vt 0.00289500 0.72842200
vt 0.00289500 0.73190700
vt 0.00289500 0.73539300
vt 0.00289500 0.73887800
vt 0.00289500 0.74236300
vt 0.00289500 0.74584800
vt 0.00289500 0.74933400
vt 0.00289500 0.75281900
vt 0.00289500 0.75630400
vt 0.00289500 0.75979000
vt 0.00289500 0.76327500
vt 0.00289500 0.76676000
vt 0.00289500 0.77024500
vt 0.00289500 0.77373100
vt 0.00289500 0.77721600
vt 0.00289500 0.78070100
vt 0.00289500 0.78418600
vt 0.00289500 0.78767200
vt 0.00289500 0.79115700
vt 0.00289500 0.79464200
vt 0.00289500 0.79812800
vt 0.00289500 0.80161300
vt 0.00289500 0.80509800
vt 0.00289500 0.80858300
vt 0.00289500 0.81206900
vt 0.00289500 0.81555400
vt 0.00289500 0.81903900
vt 0.00289500 0.82252500
vt 0.00289500 0.82601000
vt 0.00289500 0.82949500
vt 0.00289500 0.83298000
vt 0.00289500 0.83646600
vt 0.00289500 0.83995100
vt 0.00289500 0.84343600
vt 0.00289500 0.84692100
vt 0.00289500 0.85040700
vt 0.00289500 0.85389200
vt 0.00289500 0.85737700
vt 0.00289500 0.86086300
vt 0.00289500 0.86434800
vt 0.00289500 0.86783300
vt 0.00289500 0.87131800
vt 0.00289500 0.87480400
vt 0.00289500 0.87828900
vt 0.00289500 0.88177400
vt 0.00289500 0.88525900
vt 0.00289500 0.88874500
vt 0.00024300 0.89223000
vt 0.00024300 0.89014800
vt 0.00048600 0.89118900
vt 0.00024300 0.89118900
vt 0.15142600 0.00000000
vt 0.13759100 0.00000000
vt 0.12362700 0.00000000
vt 0.10932600 0.00000000
vt 0.09544800 0.00000000
vt 0.08215300 0.00000000
vt 0.15142600 0.06440800
vt 0.13759100 0.06440800
vt 0.12362700 0.06440800
vt 0.10932600 0.06440800
vt 0.09544800 0.06440800
vt 0.08215300 0.06440800
vt 0.15142600 0.12638600
vt 0.13759100 0.12638600
vt 0.12362700 0.12638600
vt 0.10932600 0.12638600
vt 0.09544800 0.12638600
vt 0.08215300 0.12638600
vt 0.15142600 0.18801000
vt 0.13759100 0.18801000
vt 0.12362700 0.18801000
vt 0.10932600 0.18801000
vt 0.09544800 0.18801000
vt 0.08215300 0.18801000
vt 0.15142600 0.24963400
vt 0.13759100 0.24963400
vt 0.12362700 0.24963400
vt 0.10932600 0.24963400
vt 0.09544800 0.24963400
vt 0.08215300 0.24963400
vt 0.15142600 0.31404200
vt 0.13759100 0.31404200
vt 0.12362700 0.31404200
vt 0.10932600 0.31404200
vt 0.09544800 0.31404200
vt 0.08215300 0.31404200
vt 0.15142600 0.37602000
vt 0.13759100 0.37602000
vt 0.12362700 0.37602000
vt 0.10932600 0.37602000
vt 0.09544800 0.37602000
vt 0.08215300 0.37602000
vt 0.15142600 0.43764400
vt 0.13759100 0.43764400
vt 0.12362700 0.43764400
vt 0.10932600 0.43764400
vt 0.09544800 0.43764400
vt 0.08215300 0.43764400
vt 0.15142600 0.49926800
vt 0.13759100 0.49926800
vt 0.12362700 0.49926800
vt 0.10932600 0.49926800
vt 0.09544800 0.49926800
vt 0.08215300 0.49926800
vt 0.15142600 0.56367500
vt 0.13759100 0.56367500
vt 0.12362700 0.56367500
vt 0.10932600 0.56367500
vt 0.09544800 0.56367500
vt 0.08215300 0.56367500
vt 0.15142600 0.62565400
vt 0.13759100 0.62565400
vt 0.12362700 0.62565400
vt 0.10932600 0.62565400
vt 0.09544800 0.62565400
vt 0.08215300 0.62565400
vt 0.15142600 0.68727800
vt 0.13759100 0.68727800
vt 0.12362700 0.68727800
vt 0.10932600 0.68727800
vt 0.09544800 0.68727800
vt 0.08215300 0.68727800
vt 0.15142600 0.74890100
vt 0.13759100 0.74890100
vt 0.12362700 0.74890100
vt 0.10932600 0.74890100
vt 0.09544800 0.74890100
vt 0.08215300 0.74890100
vt 0.15142600 0.81330900
vt 0.13759100 0.81330900
vt 0.12362700 0.81330900
vt 0.10932600 0.81330900
vt 0.09544800 0.81330900
vt 0.08215300 0.81330900
vt 0.15142600 0.87528800
vt 0.13759100 0.87528800
vt 0.12362700 0.87528800
vt 0.10932600 0.87528800
vt 0.09544800 0.87528800
vt 0.08215300 0.87528800
vt 0.15142600 0.93691100
vt 0.13759100 0.93691100
vt 0.12362700 0.93691100
vt 0.10932600 0.93691100
vt 0.09544800 0.93691100
vt 0.08215300 0.93691100
vt 0.15142600 0.99853500
vt 0.13759100 0.99853500
vt 0.12362700 0.99853500
vt 0.10932600 0.99853500
vt 0.09544800 0.99853500
vt 0.08215300 0.99853500
vt 0.06885800 0.99853500
vt 0.06885800 0.99774700
vt 0.06885800 0.99573000
vt 0.06885800 0.99372400
vt 0.06885800 0.98943200
vt 0.06885800 0.98514000
vt 0.06885800 0.98304400
vt 0.06885800 0.98096500
vt 0.06885800 0.97731400
vt 0.06885800 0.97366200
vt 0.06885800 0.97001000
vt 0.06885800 0.96799300
vt 0.06885800 0.96598700
vt 0.06885800 0.96169500
vt 0.06885800 0.95740300
vt 0.06885800 0.95533000
vt 0.06885800 0.95322800
vt 0.06885800 0.94957700
vt 0.06885800 0.94592500
vt 0.06885800 0.94227300
vt 0.06885800 0.94027000
vt 0.06885800 0.93825000
vt 0.06885800 0.93395800
vt 0.06885800 0.92966600
vt 0.06885800 0.92757000
vt 0.06885800 0.92549100
vt 0.06885800 0.92184000
vt 0.06885800 0.91818800
vt 0.06885800 0.91453600
vt 0.06885800 0.91251800
vt 0.06885800 0.91051300
vt 0.06885800 0.90622100
vt 0.06885800 0.90192900
vt 0.06885800 0.89985600
vt 0.06885800 0.89775400
vt 0.06885800 0.89410200
vt 0.06885800 0.89045100
vt 0.06885800 0.88679900
vt 0.06885800 0.88478100
vt 0.06885800 0.88277600
vt 0.06885800 0.87848400
vt 0.06885800 0.87419200
vt 0.06885800 0.87209600
vt 0.06885800 0.87001700
vt 0.06885800 0.86636500
vt 0.06885800 0.86271400
vt 0.06885800 0.85906200
vt 0.06885800 0.85704400
vt 0.06885800 0.85503900
vt 0.06885800 0.85074700
vt 0.06885800 0.84645500
vt 0.06885800 0.84435900
vt 0.06885800 0.84228000
vt 0.06885800 0.83862800
vt 0.06885800 0.83497600
vt 0.06885800 0.83132500
vt 0.06885800 0.82932200
vt 0.06885800 0.82730100
vt 0.06885800 0.82300900
vt 0.06885800 0.81871800
vt 0.06885800 0.81664400
vt 0.06885800 0.81454300
vt 0.06885800 0.81089100
vt 0.06885800 0.80723900
vt 0.06885800 0.80358800
vt 0.06885800 0.80158500
vt 0.06885800 0.79956400
vt 0.06885800 0.79527200
vt 0.06885800 0.79098000
vt 0.06885800 0.78890700
vt 0.06885800 0.78680600
vt 0.06885800 0.78315400
vt 0.06885800 0.77950200
vt 0.06885800 0.77585100
vt 0.06885800 0.77383300
vt 0.06885800 0.77182700
vt 0.06885800 0.76753500
vt 0.06885800 0.76324300
vt 0.06885800 0.76117000
vt 0.06885800 0.75906900
vt 0.06885800 0.75541700
vt 0.06885800 0.75176500
vt 0.06885800 0.74811300
vt 0.06885800 0.74611000
vt 0.06885800 0.74409000
vt 0.06885800 0.73979800
vt 0.06885800 0.73550600
vt 0.06885800 0.73341000
vt 0.06885800 0.73133200
vt 0.06885800 0.72768000
vt 0.06885800 0.72402800
vt 0.06885800 0.72037600
vt 0.06885800 0.71837300
vt 0.06885800 0.71635300
vt 0.06885800 0.71206100
vt 0.06885800 0.70776900
vt 0.06885800 0.70567300
vt 0.06885800 0.70359500
vt 0.06885800 0.69994300
vt 0.06885800 0.69629100
vt 0.06885800 0.69263900
vt 0.06885800 0.69063600
vt 0.06885800 0.68861600
vt 0.06885800 0.68432400
vt 0.06885800 0.68003200
vt 0.06885800 0.67793600
vt 0.06885800 0.67585700
vt 0.06885800 0.67220600
vt 0.06885800 0.66855400
vt 0.06885800 0.66490200
vt 0.06885800 0.66288500
vt 0.06885800 0.66087900
vt 0.06885800 0.65658700
vt 0.06885800 0.65229500
vt 0.06885800 0.65022200
vt 0.06885800 0.64812000
vt 0.06885800 0.64446900
vt 0.06885800 0.64081700
vt 0.06885800 0.63716500
vt 0.06885800 0.63516200
vt 0.06885800 0.63314200
vt 0.06885800 0.62885000
vt 0.06885800 0.62455800
vt 0.06885800 0.62246200
vt 0.06885800 0.62038300
vt 0.06885800 0.61673200
vt 0.06885800 0.61308000
vt 0.06885800 0.60942800
vt 0.06885800 0.60741000
vt 0.06885800 0.60540500
vt 0.06885800 0.60111300
vt 0.06885800 0.59682100
vt 0.06885800 0.59472500
vt 0.06885800 0.59264600
vt 0.06885800 0.58899400
vt 0.06885800 0.58534300
vt 0.06885800 0.58169100
vt 0.06885800 0.57967300
vt 0.06885800 0.57766800
vt 0.06885800 0.57337600
vt 0.06885800 0.56908400
vt 0.06885800 0.56698800
vt 0.06885800 0.56490900
vt 0.06885800 0.56125700
vt 0.06885800 0.55760600
vt 0.06885800 0.55395400
vt 0.06885800 0.55193600
vt 0.06885800 0.54993100
vt 0.06885800 0.54563900
vt 0.06885800 0.54134700
vt 0.06885800 0.53925100
vt 0.06885800 0.53717200
vt 0.06885800 0.53352000
vt 0.06885800 0.52986800
vt 0.06885800 0.52621700
vt 0.06885800 0.52421400
vt 0.06885800 0.52219300
vt 0.06885800 0.51790100
vt 0.06885800 0.51361000
vt 0.06885800 0.51153600
vt 0.06885800 0.50943500
vt 0.06885800 0.50578300
vt 0.06885800 0.50213100
vt 0.06885800 0.49848000
vt 0.06885800 0.49646200
vt 0.06885800 0.49445600
vt 0.06885800 0.49016400
vt 0.06885800 0.48587300
vt 0.06885800 0.48377700
vt 0.06885800 0.48169800
vt 0.06885800 0.47804600
vt 0.06885800 0.47439400
vt 0.06885800 0.47074300
vt 0.06885800 0.46872500
vt 0.06885800 0.46671900
vt 0.06885800 0.46242700
vt 0.06885800 0.45813500
vt 0.06885800 0.45603900
vt 0.06885800 0.45396100
vt 0.06885800 0.45030900
vt 0.06885800 0.44665700
vt 0.06885800 0.44300500
vt 0.06885800 0.44100200
vt 0.06885800 0.43898200
vt 0.06885800 0.43469000
vt 0.06885800 0.43039800
vt 0.06885800 0.42830200
vt 0.06885800 0.42622400
vt 0.06885800 0.42257200
vt 0.06885800 0.41892000
vt 0.06885800 0.41526800
vt 0.06885800 0.41325100
vt 0.06885800 0.41124500
vt 0.06885800 0.40695300
vt 0.06885800 0.40266100
vt 0.06885800 0.40056500
vt 0.06885800 0.39848700
vt 0.06885800 0.39483500
vt 0.06885800 0.39118300
vt 0.06885800 0.38753100
vt 0.06885800 0.38551400
vt 0.06885800 0.38350800
vt 0.06885800 0.37921600
vt 0.06885800 0.37492400
vt 0.06885800 0.37285100
vt 0.06885800 0.37075000
vt 0.06885800 0.36709800
vt 0.06885800 0.36344600
vt 0.06885800 0.35979400
vt 0.06885800 0.35779100
vt 0.06885800 0.35577100
vt 0.06885800 0.35147900
vt 0.06885800 0.34718700
vt 0.06885800 0.34511400
vt 0.06885800 0.34301200
vt 0.06885800 0.33936100
vt 0.06885800 0.33570900
vt 0.06885800 0.33205700
vt 0.06885800 0.33004000
vt 0.06885800 0.32803400
vt 0.06885800 0.32374200
vt 0.06885800 0.31945000
vt 0.06885800 0.31735400
vt 0.06885800 0.31527500
vt 0.06885800 0.31162400
vt 0.06885800 0.30797200
vt 0.06885800 0.30432000
vt 0.06885800 0.30230200
vt 0.06885800 0.30029700
vt 0.06885800 0.29600500
vt 0.06885800 0.29171300
vt 0.06885800 0.28964000
vt 0.06885800 0.28753800
vt 0.06885800 0.28388600
vt 0.06885800 0.28023500
vt 0.06885800 0.27658300
vt 0.06885800 0.27456500
vt 0.06885800 0.27256000
vt 0.06885800 0.26826800
vt 0.06885800 0.26397600
vt 0.06885800 0.26190300
vt 0.06885800 0.25980100
vt 0.06885800 0.25614900
vt 0.06885800 0.25249800
vt 0.06885800 0.24884600
vt 0.06885800 0.24682800
vt 0.06885800 0.24482300
vt 0.06885800 0.24053100
vt 0.06885800 0.23623900
vt 0.06885800 0.23416600
vt 0.06885800 0.23206400
vt 0.06885800 0.22841200
vt 0.06885800 0.22476100
vt 0.06885800 0.22110900
vt 0.06885800 0.21909100
vt 0.06885800 0.21708500
vt 0.06885800 0.21279400
vt 0.06885800 0.20850200
vt 0.06885800 0.20640600
vt 0.06885800 0.20432700
vt 0.06885800 0.20067500
vt 0.06885800 0.19702300
vt 0.06885800 0.19337200
vt 0.06885800 0.19135400
vt 0.06885800 0.18934800
vt 0.06885800 0.18505600
vt 0.06885800 0.18076500
vt 0.06885800 0.17866900
vt 0.06885800 0.17659000
vt 0.06885800 0.17293800
vt 0.06885800 0.16928600
vt 0.06885800 0.16563500
vt 0.06885800 0.16361700
vt 0.06885800 0.16161100
vt 0.06885800 0.15731900
vt 0.06885800 0.15302700
vt 0.06885800 0.15093100
vt 0.06885800 0.14885300
vt 0.06885800 0.14520100
vt 0.06885800 0.14154900
vt 0.06885800 0.13789800
vt 0.06885800 0.13588000
vt 0.06885800 0.13387400
vt 0.06885800 0.12958200
vt 0.06885800 0.12529000
vt 0.06885800 0.12319400
vt 0.06885800 0.12111600
vt 0.06885800 0.11746400
vt 0.06885800 0.11381200
vt 0.06885800 0.11016000
vt 0.06885800 0.10814300
vt 0.06885800 0.10613700
vt 0.06885800 0.10184500
vt 0.06885800 0.09755300
vt 0.06885800 0.09545700
vt 0.06885800 0.09337900
vt 0.06885800 0.08972700
vt 0.06885800 0.08607500
vt 0.06885800 0.08242300
vt 0.06885800 0.08040600
vt 0.06885800 0.07840000
vt 0.06885800 0.07410800
vt 0.06885800 0.06981600
vt 0.06885800 0.06774300
vt 0.06885800 0.06564200
vt 0.06885800 0.06199000
vt 0.06885800 0.05833800
vt 0.06885800 0.05468600
vt 0.06885800 0.05266900
vt 0.06885800 0.05066300
vt 0.06885800 0.04637100
vt 0.06885800 0.04207900
vt 0.06885800 0.03998300
vt 0.06885800 0.03790400
vt 0.06885800 0.03425300
vt 0.06885800 0.03060100
vt 0.06885800 0.02694900
vt 0.06885800 0.02494600
vt 0.06885800 0.02292600
vt 0.06885800 0.01863400
vt 0.06885800 0.01434200
vt 0.06885800 0.01226900
vt 0.06885800 0.01016700
vt 0.06885800 0.00677800
vt 0.06885800 0.00338900
vt 0.06885800 0.00000000
vt 0.07550500 0.99853500
vt 0.07550500 0.93691100
vt 0.08215300 0.96772300
vt 0.07550500 0.96772300
vt 0.07218200 0.99853500
vt 0.07218200 0.96772300
vt 0.07550500 0.98312900
vt 0.07218200 0.98312900
vt 0.07550500 0.06440800
vt 0.07550500 0.00000000
vt 0.08215300 0.03220400
vt 0.07550500 0.03220400
vt 0.07052000 0.99853500
vt 0.07052000 0.98312900
vt 0.07218200 0.99083200
vt 0.07052000 0.99083200
vt 0.07218200 0.03220400
vt 0.07218200 0.00000000
vt 0.07550500 0.01610200
vt 0.07218200 0.01610200
vt 0.06968900 0.99853500
vt 0.06968900 0.99083200
vt 0.07052000 0.99468400
vt 0.06968900 0.99468400
vt 0.07052000 0.01610200
vt 0.07052000 0.00000000
vt 0.07218200 0.00805100
vt 0.07052000 0.00805100
vt 0.06927300 0.99853500
vt 0.06927300 0.99468400
vt 0.06968900 0.99660900
vt 0.06927300 0.99660900
vt 0.06968900 0.00805100
vt 0.06968900 0.00000000
vt 0.07052000 0.00402500
vt 0.06968900 0.00402500
vt 0.07052000 0.96772300
vt 0.07218200 0.97542600
vt 0.07052000 0.97542600
vt 0.07218200 0.93691100
vt 0.07550500 0.95231700
vt 0.07218200 0.95231700
vt 0.07550500 0.87528800
vt 0.08215300 0.90609900
vt 0.07550500 0.90609900
vt 0.07052000 0.95231700
vt 0.07218200 0.96002000
vt 0.07052000 0.96002000
vt 0.07052000 0.93691100
vt 0.07218200 0.94461400
vt 0.07052000 0.94461400
vt 0.07218200 0.90609900
vt 0.07550500 0.92150500
vt 0.07218200 0.92150500
vt 0.07052000 0.92150500
vt 0.07218200 0.92920800
vt 0.07052000 0.92920800
vt 0.07052000 0.90609900
vt 0.07218200 0.91380200
vt 0.07052000 0.91380200
vt 0.07218200 0.87528800
vt 0.07550500 0.89069300
vt 0.07218200 0.89069300
vt 0.07550500 0.81330900
vt 0.08215300 0.84429800
vt 0.07550500 0.84429800
vt 0.07052000 0.89069300
vt 0.07218200 0.89839600
vt 0.07052000 0.89839600
vt 0.07052000 0.87528800
vt 0.07218200 0.88299100
vt 0.07052000 0.88299100
vt 0.07218200 0.84429800
vt 0.07550500 0.85979300
vt 0.07218200 0.85979300
vt 0.07052000 0.85979300
vt 0.07218200 0.86754000
vt 0.07052000 0.86754000
vt 0.07052000 0.84429800
vt 0.07218200 0.85204600
vt 0.07052000 0.85204600
vt 0.07218200 0.81330900
vt 0.07550500 0.82880400
vt 0.07218200 0.82880400
vt 0.07550500 0.74890100
vt 0.08215300 0.78110500
vt 0.07550500 0.78110500
vt 0.07052000 0.82880400
vt 0.07218200 0.83655100
vt 0.07052000 0.83655100
vt 0.07052000 0.81330900
vt 0.07218200 0.82105600
vt 0.07052000 0.82105600
vt 0.07218200 0.78110500
vt 0.07550500 0.79720700
vt 0.07218200 0.79720700
vt 0.07052000 0.79720700
vt 0.07218200 0.80525800
vt 0.07052000 0.80525800
vt 0.07052000 0.78110500
vt 0.07218200 0.78915600
vt 0.07052000 0.78915600
vt 0.07218200 0.74890100
vt 0.07550500 0.76500300
vt 0.07218200 0.76500300
vt 0.07550500 0.68727800
vt 0.08215300 0.71808900
vt 0.07550500 0.71808900
vt 0.07052000 0.76500300
vt 0.07218200 0.77305400
vt 0.07052000 0.77305400
vt 0.07052000 0.74890100
vt 0.07218200 0.75695200
vt 0.07052000 0.75695200
vt 0.07218200 0.71808900
vt 0.07550500 0.73349500
vt 0.07218200 0.73349500
vt 0.07052000 0.73349500
vt 0.07218200 0.74119800
vt 0.07052000 0.74119800
vt 0.07052000 0.71808900
vt 0.07218200 0.72579200
vt 0.07052000 0.72579200
vt 0.07218200 0.68727800
vt 0.07550500 0.70268400
vt 0.07218200 0.70268400
vt 0.07550500 0.62565400
vt 0.08215300 0.65646600
vt 0.07550500 0.65646600
vt 0.07052000 0.70268400
vt 0.07218200 0.71038700
vt 0.07052000 0.71038700
vt 0.07052000 0.68727800
vt 0.07218200 0.69498100
vt 0.07052000 0.69498100
vt 0.07218200 0.65646600
vt 0.07550500 0.67187200
vt 0.07218200 0.67187200
vt 0.07052000 0.67187200
vt 0.07218200 0.67957500
vt 0.07052000 0.67957500
vt 0.07052000 0.65646600
vt 0.07218200 0.66416900
vt 0.07052000 0.66416900
vt 0.07218200 0.62565400
vt 0.07550500 0.64106000
vt 0.07218200 0.64106000
vt 0.07550500 0.56367500
vt 0.08215300 0.59466500
vt 0.07550500 0.59466500
vt 0.07052000 0.64106000
vt 0.07218200 0.64876300
vt 0.07052000 0.64876300
vt 0.07052000 0.62565400
vt 0.07218200 0.63335700
vt 0.07052000 0.63335700
vt 0.07218200 0.59466500
vt 0.07550500 0.61015900
vt 0.07218200 0.61015900
vt 0.07052000 0.61015900
vt 0.07218200 0.61790600
vt 0.07052000 0.61790600
vt 0.07052000 0.59466500
vt 0.07218200 0.60241200
vt 0.07052000 0.60241200
vt 0.07218200 0.56367500
vt 0.07550500 0.57917000
vt 0.07218200 0.57917000
vt 0.07550500 0.49926800
vt 0.08215300 0.53147100
vt 0.07550500 0.53147100
vt 0.07052000 0.57917000
vt 0.07218200 0.58691700
vt 0.07052000 0.58691700
vt 0.07052000 0.56367500
vt 0.07218200 0.57142300
vt 0.07052000 0.57142300
vt 0.07218200 0.53147100
vt 0.07550500 0.54757300
vt 0.07218200 0.54757300
vt 0.07052000 0.54757300
vt 0.07218200 0.55562400
vt 0.07052000 0.55562400
vt 0.07052000 0.53147100
vt 0.07218200 0.53952200
vt 0.07052000 0.53952200
vt 0.07218200 0.49926800
vt 0.07550500 0.51537000
vt 0.07218200 0.51537000
vt 0.07550500 0.43764400
vt 0.08215300 0.46845600
vt 0.07550500 0.46845600
vt 0.07052000 0.51537000
vt 0.07218200 0.52342100
vt 0.07052000 0.52342100
vt 0.07052000 0.49926800
vt 0.07218200 0.50731900
vt 0.07052000 0.50731900
vt 0.07218200 0.46845600
vt 0.07550500 0.48386200
vt 0.07218200 0.48386200
vt 0.07052000 0.48386200
vt 0.07218200 0.49156500
vt 0.07052000 0.49156500
vt 0.07052000 0.46845600
vt 0.07218200 0.47615900
vt 0.07052000 0.47615900
vt 0.07218200 0.43764400
vt 0.07550500 0.45305000
vt 0.07218200 0.45305000
vt 0.07550500 0.37602000
vt 0.08215300 0.40683200
vt 0.07550500 0.40683200
vt 0.07052000 0.45305000
vt 0.07218200 0.46075300
vt 0.07052000 0.46075300
vt 0.07052000 0.43764400
vt 0.07218200 0.44534700
vt 0.07052000 0.44534700
vt 0.07218200 0.40683200
vt 0.07550500 0.42223800
vt 0.07218200 0.42223800
vt 0.07052000 0.42223800
vt 0.07218200 0.42994100
vt 0.07052000 0.42994100
vt 0.07052000 0.40683200
vt 0.07218200 0.41453500
vt 0.07052000 0.41453500
vt 0.07218200 0.37602000
vt 0.07550500 0.39142600
vt 0.07218200 0.39142600
vt 0.07550500 0.31404200
vt 0.08215300 0.34503100
vt 0.07550500 0.34503100
vt 0.07052000 0.39142600
vt 0.07218200 0.39912900
vt 0.07052000 0.39912900
vt 0.07052000 0.37602000
vt 0.07218200 0.38372300
vt 0.07052000 0.38372300
vt 0.07218200 0.34503100
vt 0.07550500 0.36052500
vt 0.07218200 0.36052500
vt 0.07052000 0.36052500
vt 0.07218200 0.36827300
vt 0.07052000 0.36827300
vt 0.07052000 0.34503100
vt 0.07218200 0.35277800
vt 0.07052000 0.35277800
vt 0.07218200 0.31404200
vt 0.07550500 0.32953600
vt 0.07218200 0.32953600
vt 0.07550500 0.24963400
vt 0.08215300 0.28183800
vt 0.07550500 0.28183800
vt 0.07052000 0.32953600
vt 0.07218200 0.33728300
vt 0.07052000 0.33728300
vt 0.07052000 0.31404200
vt 0.07218200 0.32178900
vt 0.07052000 0.32178900
vt 0.07218200 0.28183800
vt 0.07550500 0.29794000
vt 0.07218200 0.29794000
vt 0.07052000 0.29794000
vt 0.07218200 0.30599100
vt 0.07052000 0.30599100
vt 0.07052000 0.28183800
vt 0.07218200 0.28988900
vt 0.07052000 0.28988900
vt 0.07218200 0.24963400
vt 0.07550500 0.26573600
vt 0.07218200 0.26573600
vt 0.07550500 0.18801000
vt 0.08215300 0.21882200
vt 0.07550500 0.21882200
vt 0.07052000 0.26573600
vt 0.07218200 0.27378700
vt 0.07052000 0.27378700
vt 0.07052000 0.24963400
vt 0.07218200 0.25768500
vt 0.07052000 0.25768500
vt 0.07218200 0.21882200
vt 0.07550500 0.23422800
vt 0.07218200 0.23422800
vt 0.07052000 0.23422800
vt 0.07218200 0.24193100
vt 0.07052000 0.24193100
vt 0.07052000 0.21882200
vt 0.07218200 0.22652500
vt 0.07052000 0.22652500
vt 0.07218200 0.18801000
vt 0.07550500 0.20341600
vt 0.07218200 0.20341600
vt 0.07550500 0.12638600
vt 0.08215300 0.15719800
vt 0.07550500 0.15719800
vt 0.07052000 0.20341600
vt 0.07218200 0.21111900
vt 0.07052000 0.21111900
vt 0.07052000 0.18801000
vt 0.07218200 0.19571300
vt 0.07052000 0.19571300
vt 0.07218200 0.15719800
vt 0.07550500 0.17260400
vt 0.07218200 0.17260400
vt 0.07052000 0.17260400
vt 0.07218200 0.18030700
vt 0.07052000 0.18030700
vt 0.07052000 0.15719800
vt 0.07218200 0.16490100
vt 0.07052000 0.16490100
vt 0.07218200 0.12638600
vt 0.07550500 0.14179200
vt 0.07218200 0.14179200
vt 0.08215300 0.09539700
vt 0.07550500 0.09539700
vt 0.07052000 0.14179200
vt 0.07218200 0.14949500
vt 0.07052000 0.14949500
vt 0.07052000 0.12638600
vt 0.07218200 0.13408900
vt 0.07052000 0.13408900
vt 0.07218200 0.09539700
vt 0.07550500 0.11089200
vt 0.07218200 0.11089200
vt 0.07052000 0.11089200
vt 0.07218200 0.11863900
vt 0.07052000 0.11863900
vt 0.07052000 0.09539700
vt 0.07218200 0.10314400
vt 0.07052000 0.10314400
vt 0.07218200 0.06440800
vt 0.07550500 0.07990200
vt 0.07218200 0.07990200
vt 0.07052000 0.07990200
vt 0.07218200 0.08765000
vt 0.07052000 0.08765000
vt 0.07052000 0.06440800
vt 0.07218200 0.07215500
vt 0.07052000 0.07215500
vt 0.07550500 0.04830600
vt 0.07218200 0.04830600
vt 0.07052000 0.04830600
vt 0.07218200 0.05635700
vt 0.07052000 0.05635700
vt 0.07052000 0.03220400
vt 0.07218200 0.04025500
vt 0.07052000 0.04025500
vt 0.07218200 0.02415300
vt 0.07052000 0.02415300
vt 0.16443200 0.00000000
vt 0.16443200 0.00162300
vt 0.16443200 0.00370100
vt 0.16443200 0.00735300
vt 0.16443200 0.01100500
vt 0.16443200 0.01465700
vt 0.16443200 0.01666000
vt 0.16443200 0.01868000
vt 0.16443200 0.02297200
vt 0.16443200 0.02726400
vt 0.16443200 0.02936000
vt 0.16443200 0.03143800
vt 0.16443200 0.03509000
vt 0.16443200 0.03874200
vt 0.16443200 0.04239400
vt 0.16443200 0.04441100
vt 0.16443200 0.04641700
vt 0.16443200 0.05070900
vt 0.16443200 0.05500100
vt 0.16443200 0.05707400
vt 0.16443200 0.05917500
vt 0.16443200 0.06282700
vt 0.16443200 0.06647900
vt 0.16443200 0.07013100
vt 0.16443200 0.07213400
vt 0.16443200 0.07415400
vt 0.16443200 0.07844600
vt 0.16443200 0.08273800
vt 0.16443200 0.08483400
vt 0.16443200 0.08691300
vt 0.16443200 0.09056400
vt 0.16443200 0.09421600
vt 0.16443200 0.09786800
vt 0.16443200 0.09988500
vt 0.16443200 0.10189100
vt 0.16443200 0.10618300
vt 0.16443200 0.11047500
vt 0.16443200 0.11254800
vt 0.16443200 0.11465000
vt 0.16443200 0.11830100
vt 0.16443200 0.12195300
vt 0.16443200 0.12560500
vt 0.16443200 0.12760800
vt 0.16443200 0.12962800
vt 0.16443200 0.13392000
vt 0.16443200 0.13821200
vt 0.16443200 0.14028500
vt 0.16443200 0.14238700
vt 0.16443200 0.14603800
vt 0.16443200 0.14969000
vt 0.16443200 0.15334200
vt 0.16443200 0.15536000
vt 0.16443200 0.15736500
vt 0.16443200 0.16165700
vt 0.16443200 0.16594900
vt 0.16443200 0.16802200
vt 0.16443200 0.17012400
vt 0.16443200 0.17377600
vt 0.16443200 0.17742700
vt 0.16443200 0.18107900
vt 0.16443200 0.18308200
vt 0.16443200 0.18510200
vt 0.16443200 0.18939400
vt 0.16443200 0.19368600
vt 0.16443200 0.19575900
vt 0.16443200 0.19786100
vt 0.16443200 0.20151300
vt 0.16443200 0.20516400
vt 0.16443200 0.20881600
vt 0.16443200 0.21081900
vt 0.16443200 0.21283900
vt 0.16443200 0.21713100
vt 0.16443200 0.22142300
vt 0.16443200 0.22349600
vt 0.16443200 0.22559800
vt 0.16443200 0.22925000
vt 0.16443200 0.23290100
vt 0.16443200 0.23655300
vt 0.16443200 0.23855600
vt 0.16443200 0.24057700
vt 0.16443200 0.24486800
vt 0.16443200 0.24916000
vt 0.16443200 0.25125600
vt 0.16443200 0.25333500
vt 0.16443200 0.25698700
vt 0.16443200 0.26063900
vt 0.16443200 0.26429000
vt 0.16443200 0.26629300
vt 0.16443200 0.26831400
vt 0.16443200 0.27260600
vt 0.16443200 0.27689700
vt 0.16443200 0.27897100
vt 0.16443200 0.28107200
vt 0.16443200 0.28472400
vt 0.16443200 0.28837600
vt 0.16443200 0.29202700
vt 0.16443200 0.29403000
vt 0.16443200 0.29605100
vt 0.16443200 0.30034300
vt 0.16443200 0.30463500
vt 0.16443200 0.30673100
vt 0.16443200 0.30880900
vt 0.16443200 0.31246100
vt 0.16443200 0.31611300
vt 0.16443200 0.31976500
vt 0.16443200 0.32176800
vt 0.16443200 0.32378800
vt 0.16443200 0.32808000
vt 0.16443200 0.33237200
vt 0.16443200 0.33444500
vt 0.16443200 0.33654600
vt 0.16443200 0.34019800
vt 0.16443200 0.34385000
vt 0.16443200 0.34750200
vt 0.16443200 0.34950500
vt 0.16443200 0.35152500
vt 0.16443200 0.35581700
vt 0.16443200 0.36010900
vt 0.16443200 0.36218200
vt 0.16443200 0.36428300
vt 0.16443200 0.36793500
vt 0.16443200 0.37158700
vt 0.16443200 0.37523900
vt 0.16443200 0.37724200
vt 0.16443200 0.37926200
vt 0.16443200 0.38355400
vt 0.16443200 0.38784600
vt 0.16443200 0.38991900
vt 0.16443200 0.39202000
vt 0.16443200 0.39567200
vt 0.16443200 0.39932400
vt 0.16443200 0.40297600
vt 0.16443200 0.40497900
vt 0.16443200 0.40699900
vt 0.16443200 0.41129100
vt 0.16443200 0.41558300
vt 0.16443200 0.41765600
vt 0.16443200 0.41975800
vt 0.16443200 0.42340900
vt 0.16443200 0.42706100
vt 0.16443200 0.43071300
vt 0.16443200 0.43271600
vt 0.16443200 0.43473600
vt 0.16443200 0.43902800
vt 0.16443200 0.44332000
vt 0.16443200 0.44539300
vt 0.16443200 0.44749500
vt 0.16443200 0.45114600
vt 0.16443200 0.45479800
vt 0.16443200 0.45845000
vt 0.16443200 0.46046800
vt 0.16443200 0.46247300
vt 0.16443200 0.46676500
vt 0.16443200 0.47105700
vt 0.16443200 0.47313000
vt 0.16443200 0.47523200
vt 0.16443200 0.47888400
vt 0.16443200 0.48253500
vt 0.16443200 0.48618700
vt 0.16443200 0.48820500
vt 0.16443200 0.49021000
vt 0.16443200 0.49450200
vt 0.16443200 0.49879400
vt 0.16443200 0.50086700
vt 0.16443200 0.50296900
vt 0.16443200 0.50662100
vt 0.16443200 0.51027200
vt 0.16443200 0.51392400
vt 0.16443200 0.51592700
vt 0.16443200 0.51794700
vt 0.16443200 0.52223900
vt 0.16443200 0.52653100
vt 0.16443200 0.52862700
vt 0.16443200 0.53070600
vt 0.16443200 0.53435800
vt 0.16443200 0.53800900
vt 0.16443200 0.54166100
vt 0.16443200 0.54366400
vt 0.16443200 0.54568500
vt 0.16443200 0.54997600
vt 0.16443200 0.55426800
vt 0.16443200 0.55636400
vt 0.16443200 0.55844300
vt 0.16443200 0.56209500
vt 0.16443200 0.56574700
vt 0.16443200 0.56939800
vt 0.16443200 0.57140100
vt 0.16443200 0.57342200
vt 0.16443200 0.57771300
vt 0.16443200 0.58200500
vt 0.16443200 0.58407900
vt 0.16443200 0.58618000
vt 0.16443200 0.58983200
vt 0.16443200 0.59348400
vt 0.16443200 0.59713500
vt 0.16443200 0.59915300
vt 0.16443200 0.60115900
vt 0.16443200 0.60545100
vt 0.16443200 0.60974300
vt 0.16443200 0.61183900
vt 0.16443200 0.61391700
vt 0.16443200 0.61756900
vt 0.16443200 0.62122100
vt 0.16443200 0.62487300
vt 0.16443200 0.62687600
vt 0.16443200 0.62889600
vt 0.16443200 0.63318800
vt 0.16443200 0.63748000
vt 0.16443200 0.63955300
vt 0.16443200 0.64165400
vt 0.16443200 0.64530600
vt 0.16443200 0.64895800
vt 0.16443200 0.65261000
vt 0.16443200 0.65461300
vt 0.16443200 0.65663300
vt 0.16443200 0.66092500
vt 0.16443200 0.66521700
vt 0.16443200 0.66731300
vt 0.16443200 0.66939100
vt 0.16443200 0.67304300
vt 0.16443200 0.67669500
vt 0.16443200 0.68034700
vt 0.16443200 0.68235000
vt 0.16443200 0.68437000
vt 0.16443200 0.68866200
vt 0.16443200 0.69295400
vt 0.16443200 0.69502700
vt 0.16443200 0.69712800
vt 0.16443200 0.70078000
vt 0.16443200 0.70443200
vt 0.16443200 0.70808400
vt 0.16443200 0.71008700
vt 0.16443200 0.71210700
vt 0.16443200 0.71639900
vt 0.16443200 0.72069100
vt 0.16443200 0.72276400
vt 0.16443200 0.72486600
vt 0.16443200 0.72851700
vt 0.16443200 0.73216900
vt 0.16443200 0.73582100
vt 0.16443200 0.73783800
vt 0.16443200 0.73984400
vt 0.16443200 0.74413600
vt 0.16443200 0.74842800
vt 0.16443200 0.75050100
vt 0.16443200 0.75260300
vt 0.16443200 0.75625400
vt 0.16443200 0.75990600
vt 0.16443200 0.76355800
vt 0.16443200 0.76557600
vt 0.16443200 0.76758100
vt 0.16443200 0.77187300
vt 0.16443200 0.77616500
vt 0.16443200 0.77826100
vt 0.16443200 0.78034000
vt 0.16443200 0.78399100
vt 0.16443200 0.78764300
vt 0.16443200 0.79129500
vt 0.16443200 0.79331300
vt 0.16443200 0.79531800
vt 0.16443200 0.79961000
vt 0.16443200 0.80390200
vt 0.16443200 0.80599800
vt 0.16443200 0.80807700
vt 0.16443200 0.81172900
vt 0.16443200 0.81538000
vt 0.16443200 0.81903200
vt 0.16443200 0.82103500
vt 0.16443200 0.82305500
vt 0.16443200 0.82734700
vt 0.16443200 0.83163900
vt 0.16443200 0.83371200
vt 0.16443200 0.83581400
vt 0.16443200 0.83946600
vt 0.16443200 0.84311700
vt 0.16443200 0.84676900
vt 0.16443200 0.84878700
vt 0.16443200 0.85079200
vt 0.16443200 0.85508400
vt 0.16443200 0.85937600
vt 0.16443200 0.86144900
vt 0.16443200 0.86355100
vt 0.16443200 0.86720300
vt 0.16443200 0.87085400
vt 0.16443200 0.87450600
vt 0.16443200 0.87650900
vt 0.16443200 0.87853000
vt 0.16443200 0.88282200
vt 0.16443200 0.88711300
vt 0.16443200 0.88918700
vt 0.16443200 0.89128800
vt 0.16443200 0.89494000
vt 0.16443200 0.89859200
vt 0.16443200 0.90224300
vt 0.16443200 0.90424600
vt 0.16443200 0.90626700
vt 0.16443200 0.91055900
vt 0.16443200 0.91485100
vt 0.16443200 0.91692400
vt 0.16443200 0.91902500
vt 0.16443200 0.92267700
vt 0.16443200 0.92632900
vt 0.16443200 0.92998000
vt 0.16443200 0.93198300
vt 0.16443200 0.93400400
vt 0.16443200 0.93829600
vt 0.16443200 0.94258800
vt 0.16443200 0.94466100
vt 0.16443200 0.94676200
vt 0.16443200 0.95041400
vt 0.16443200 0.95406600
vt 0.16443200 0.95771800
vt 0.16443200 0.95972100
vt 0.16443200 0.96174100
vt 0.16443200 0.96603300
vt 0.16443200 0.97032500
vt 0.16443200 0.97239800
vt 0.16443200 0.97449900
vt 0.16443200 0.97815100
vt 0.16443200 0.98180300
vt 0.16443200 0.98545500
vt 0.16443200 0.98745800
vt 0.16443200 0.98947800
vt 0.16443200 0.99377000
vt 0.16443200 0.99806200
vt 0.16443200 0.99853500
vt 0.15792900 0.06440800
vt 0.15142600 0.03220400
vt 0.15792900 0.00000000
vt 0.15792900 0.03220400
vt 0.16118000 0.03220400
vt 0.15792900 0.01610200
vt 0.16118000 0.00000000
vt 0.16118000 0.01610200
vt 0.15792900 0.99853500
vt 0.15142600 0.96772300
vt 0.15792900 0.93691100
vt 0.15792900 0.96772300
vt 0.16280600 0.01610200
vt 0.16118000 0.00805100
vt 0.16280600 0.00000000
vt 0.16280600 0.00805100
vt 0.16118000 0.99853500
vt 0.15792900 0.98312900
vt 0.16118000 0.96772300
vt 0.16118000 0.98312900
vt 0.16361900 0.00805100
vt 0.16280600 0.00402500
vt 0.16361900 0.00000000
vt 0.16361900 0.00402500
vt 0.16280600 0.99853500
vt 0.16118000 0.99083200
vt 0.16280600 0.98312900
vt 0.16280600 0.99083200
vt 0.16280600 0.03220400
vt 0.16118000 0.02415300
vt 0.16280600 0.02415300
vt 0.16118000 0.06440800
vt 0.15792900 0.04830600
vt 0.16118000 0.04830600
vt 0.15792900 0.12638600
vt 0.15142600 0.09539700
vt 0.15792900 0.09539700
vt 0.16280600 0.04830600
vt 0.16118000 0.04025500
vt 0.16280600 0.04025500
vt 0.16280600 0.06440800
vt 0.16118000 0.05635700
vt 0.16280600 0.05635700
vt 0.16118000 0.09539700
vt 0.15792900 0.07990200
vt 0.16118000 0.07990200
vt 0.16280600 0.07990200
vt 0.16118000 0.07215500
vt 0.16280600 0.07215500
vt 0.16280600 0.09539700
vt 0.16118000 0.08765000
vt 0.16280600 0.08765000
vt 0.16118000 0.12638600
vt 0.15792900 0.11089200
vt 0.16118000 0.11089200
vt 0.15792900 0.18801000
vt 0.15142600 0.15719800
vt 0.15792900 0.15719800
vt 0.16280600 0.11089200
vt 0.16118000 0.10314400
vt 0.16280600 0.10314400
vt 0.16280600 0.12638600
vt 0.16118000 0.11863900
vt 0.16280600 0.11863900
vt 0.16118000 0.15719800
vt 0.15792900 0.14179200
vt 0.16118000 0.14179200
vt 0.16280600 0.14179200
vt 0.16118000 0.13408900
vt 0.16280600 0.13408900
vt 0.16280600 0.15719800
vt 0.16118000 0.14949500
vt 0.16280600 0.14949500
vt 0.16118000 0.18801000
vt 0.15792900 0.17260400
vt 0.16118000 0.17260400
vt 0.15792900 0.24963400
vt 0.15142600 0.21882200
vt 0.15792900 0.21882200
vt 0.16280600 0.17260400
vt 0.16118000 0.16490100
vt 0.16280600 0.16490100
vt 0.16280600 0.18801000
vt 0.16118000 0.18030700
vt 0.16280600 0.18030700
vt 0.16118000 0.21882200
vt 0.15792900 0.20341600
vt 0.16118000 0.20341600
vt 0.16280600 0.20341600
vt 0.16118000 0.19571300
vt 0.16280600 0.19571300
vt 0.16280600 0.21882200
vt 0.16118000 0.21111900
vt 0.16280600 0.21111900
vt 0.16118000 0.24963400
vt 0.15792900 0.23422800
vt 0.16118000 0.23422800
vt 0.15792900 0.31404200
vt 0.15142600 0.28183800
vt 0.15792900 0.28183800
vt 0.16280600 0.23422800
vt 0.16118000 0.22652500
vt 0.16280600 0.22652500
vt 0.16280600 0.24963400
vt 0.16118000 0.24193100
vt 0.16280600 0.24193100
vt 0.16118000 0.28183800
vt 0.15792900 0.26573600
vt 0.16118000 0.26573600
vt 0.16280600 0.26573600
vt 0.16118000 0.25768500
vt 0.16280600 0.25768500
vt 0.16280600 0.28183800
vt 0.16118000 0.27378700
vt 0.16280600 0.27378700
vt 0.16118000 0.31404200
vt 0.15792900 0.29794000
vt 0.16118000 0.29794000
vt 0.15792900 0.37602000
vt 0.15142600 0.34503100
vt 0.15792900 0.34503100
vt 0.16280600 0.29794000
vt 0.16118000 0.28988900
vt 0.16280600 0.28988900
vt 0.16280600 0.31404200
vt 0.16118000 0.30599100
vt 0.16280600 0.30599100
vt 0.16118000 0.34503100
vt 0.15792900 0.32953600
vt 0.16118000 0.32953600
vt 0.16280600 0.32953600
vt 0.16118000 0.32178900
vt 0.16280600 0.32178900
vt 0.16280600 0.34503100
vt 0.16118000 0.33728300
vt 0.16280600 0.33728300
vt 0.16118000 0.37602000
vt 0.15792900 0.36052500
vt 0.16118000 0.36052500
vt 0.15792900 0.43764400
vt 0.15142600 0.40683200
vt 0.15792900 0.40683200
vt 0.16280600 0.36052500
vt 0.16118000 0.35277800
vt 0.16280600 0.35277800
vt 0.16280600 0.37602000
vt 0.16118000 0.36827300
vt 0.16280600 0.36827300
vt 0.16118000 0.40683200
vt 0.15792900 0.39142600
vt 0.16118000 0.39142600
vt 0.16280600 0.39142600
vt 0.16118000 0.38372300
vt 0.16280600 0.38372300
vt 0.16280600 0.40683200
vt 0.16118000 0.39912900
vt 0.16280600 0.39912900
vt 0.16118000 0.43764400
vt 0.15792900 0.42223800
vt 0.16118000 0.42223800
vt 0.15792900 0.49926800
vt 0.15142600 0.46845600
vt 0.15792900 0.46845600
vt 0.16280600 0.42223800
vt 0.16118000 0.41453500
vt 0.16280600 0.41453500
vt 0.16280600 0.43764400
vt 0.16118000 0.42994100
vt 0.16280600 0.42994100
vt 0.16118000 0.46845600
vt 0.15792900 0.45305000
vt 0.16118000 0.45305000
vt 0.16280600 0.45305000
vt 0.16118000 0.44534700
vt 0.16280600 0.44534700
vt 0.16280600 0.46845600
vt 0.16118000 0.46075300
vt 0.16280600 0.46075300
vt 0.16118000 0.49926800
vt 0.15792900 0.48386200
vt 0.16118000 0.48386200
vt 0.15792900 0.56367500
vt 0.15142600 0.53147100
vt 0.15792900 0.53147100
vt 0.16280600 0.48386200
vt 0.16118000 0.47615900
vt 0.16280600 0.47615900
vt 0.16280600 0.49926800
vt 0.16118000 0.49156500
vt 0.16280600 0.49156500
vt 0.16118000 0.53147100
vt 0.15792900 0.51537000
vt 0.16118000 0.51537000
vt 0.16280600 0.51537000
vt 0.16118000 0.50731900
vt 0.16280600 0.50731900
vt 0.16280600 0.53147100
vt 0.16118000 0.52342100
vt 0.16280600 0.52342100
vt 0.16118000 0.56367500
vt 0.15792900 0.54757300
vt 0.16118000 0.54757300
vt 0.15792900 0.62565400
vt 0.15142600 0.59466500
vt 0.15792900 0.59466500
vt 0.16280600 0.54757300
vt 0.16118000 0.53952200
vt 0.16280600 0.53952200
vt 0.16280600 0.56367500
vt 0.16118000 0.55562400
vt 0.16280600 0.55562400
vt 0.16118000 0.59466500
vt 0.15792900 0.57917000
vt 0.16118000 0.57917000
vt 0.16280600 0.57917000
vt 0.16118000 0.57142300
vt 0.16280600 0.57142300
vt 0.16280600 0.59466500
vt 0.16118000 0.58691700
vt 0.16280600 0.58691700
vt 0.16118000 0.62565400
vt 0.15792900 0.61015900
vt 0.16118000 0.61015900
vt 0.15792900 0.68727800
vt 0.15142600 0.65646600
vt 0.15792900 0.65646600
vt 0.16280600 0.61015900
vt 0.16118000 0.60241200
vt 0.16280600 0.60241200
vt 0.16280600 0.62565400
vt 0.16118000 0.61790600
vt 0.16280600 0.61790600
vt 0.16118000 0.65646600
vt 0.15792900 0.64106000
vt 0.16118000 0.64106000
vt 0.16280600 0.64106000
vt 0.16118000 0.63335700
vt 0.16280600 0.63335700
vt 0.16280600 0.65646600
vt 0.16118000 0.64876300
vt 0.16280600 0.64876300
vt 0.16118000 0.68727800
vt 0.15792900 0.67187200
vt 0.16118000 0.67187200
vt 0.15792900 0.74890100
vt 0.15142600 0.71808900
vt 0.15792900 0.71808900
vt 0.16280600 0.67187200
vt 0.16118000 0.66416900
vt 0.16280600 0.66416900
vt 0.16280600 0.68727800
vt 0.16118000 0.67957500
vt 0.16280600 0.67957500
vt 0.16118000 0.71808900
vt 0.15792900 0.70268400
vt 0.16118000 0.70268400
vt 0.16280600 0.70268400
vt 0.16118000 0.69498100
vt 0.16280600 0.69498100
vt 0.16280600 0.71808900
vt 0.16118000 0.71038700
vt 0.16280600 0.71038700
vt 0.16118000 0.74890100
vt 0.15792900 0.73349500
vt 0.16118000 0.73349500
vt 0.15792900 0.81330900
vt 0.15142600 0.78110500
vt 0.15792900 0.78110500
vt 0.16280600 0.73349500
vt 0.16118000 0.72579200
vt 0.16280600 0.72579200
vt 0.16280600 0.74890100
vt 0.16118000 0.74119800
vt 0.16280600 0.74119800
vt 0.16118000 0.78110500
vt 0.15792900 0.76500300
vt 0.16118000 0.76500300
vt 0.16280600 0.76500300
vt 0.16118000 0.75695200
vt 0.16280600 0.75695200
vt 0.16280600 0.78110500
vt 0.16118000 0.77305400
vt 0.16280600 0.77305400
vt 0.16118000 0.81330900
vt 0.15792900 0.79720700
vt 0.16118000 0.79720700
vt 0.15792900 0.87528800
vt 0.15142600 0.84429800
vt 0.15792900 0.84429800
vt 0.16280600 0.79720700
vt 0.16118000 0.78915600
vt 0.16280600 0.78915600
vt 0.16280600 0.81330900
vt 0.16118000 0.80525800
vt 0.16280600 0.80525800
vt 0.16118000 0.84429800
vt 0.15792900 0.82880400
vt 0.16118000 0.82880400
vt 0.16280600 0.82880400
vt 0.16118000 0.82105600
vt 0.16280600 0.82105600
vt 0.16280600 0.84429800
vt 0.16118000 0.83655100
vt 0.16280600 0.83655100
vt 0.16118000 0.87528800
vt 0.15792900 0.85979300
vt 0.16118000 0.85979300
vt 0.15142600 0.90609900
vt 0.15792900 0.90609900
vt 0.16280600 0.85979300
vt 0.16118000 0.85204600
vt 0.16280600 0.85204600
vt 0.16280600 0.87528800
vt 0.16118000 0.86754000
vt 0.16280600 0.86754000
vt 0.16118000 0.90609900
vt 0.15792900 0.89069300
vt 0.16118000 0.89069300
vt 0.16280600 0.89069300
vt 0.16118000 0.88299100
vt 0.16280600 0.88299100
vt 0.16280600 0.90609900
vt 0.16118000 0.89839600
vt 0.16280600 0.89839600
vt 0.16118000 0.93691100
vt 0.15792900 0.92150500
vt 0.16118000 0.92150500
vt 0.16280600 0.92150500
vt 0.16118000 0.91380200
vt 0.16280600 0.91380200
vt 0.16280600 0.93691100
vt 0.16118000 0.92920800
vt 0.16280600 0.92920800
vt 0.15792900 0.95231700
vt 0.16118000 0.95231700
vt 0.16280600 0.95231700
vt 0.16118000 0.94461400
vt 0.16280600 0.94461400
vt 0.16280600 0.96772300
vt 0.16118000 0.96002000
vt 0.16280600 0.96002000
vt 0.16118000 0.97542600
vt 0.16280600 0.97542600
vt 0.16361900 0.99853500
vt 0.16280600 0.99468400
vt 0.16361900 0.99083200
vt 0.16361900 0.99468400
vt 0.16402500 0.99853500
vt 0.16361900 0.99660900
vt 0.16402500 0.99468400
vt 0.16402500 0.99660900
vt 0.16402500 0.00402500
vt 0.16361900 0.00201300
vt 0.16402500 0.00000000
vt 0.16402500 0.00201300
vt 0.06927300 0.00402500
vt 0.06927300 0.00000000
vt 0.06968900 0.00201300
vt 0.06927300 0.00201300
vt 0.06739300 0.00000000
vt 0.05974100 0.00000000
vt 0.05225200 0.00000000
vt 0.04478800 0.00000000
vt 0.03732400 0.00000000
vt 0.05974100 0.04770400
vt 0.05225200 0.04770400
vt 0.04478800 0.04770400
vt 0.03732400 0.04770400
vt 0.05974100 0.09375800
vt 0.05225200 0.09375800
vt 0.04478800 0.09375800
vt 0.03732400 0.09375800
vt 0.05974100 0.13926100
vt 0.05225200 0.13926100
vt 0.04478800 0.13926100
vt 0.03732400 0.13926100
vt 0.05974100 0.18476400
vt 0.05225200 0.18476400
vt 0.04478800 0.18476400
vt 0.03732400 0.18476400
vt 0.05974100 0.23202400
vt 0.05225200 0.23202400
vt 0.04478800 0.23202400
vt 0.03732400 0.23202400
vt 0.05974100 0.27829000
vt 0.05225200 0.27829000
vt 0.04478800 0.27829000
vt 0.03732400 0.27829000
vt 0.05974100 0.32402400
vt 0.05225200 0.32402400
vt 0.04478800 0.32402400
vt 0.03732400 0.32402400
vt 0.05974100 0.36952700
vt 0.05225200 0.36952700
vt 0.04478800 0.36952700
vt 0.03732400 0.36952700
vt 0.05974100 0.41503000
vt 0.05225200 0.41503000
vt 0.04478800 0.41503000
vt 0.03732400 0.41503000
vt 0.05974100 0.46209500
vt 0.05225200 0.46209500
vt 0.04478800 0.46209500
vt 0.03732400 0.46209500
vt 0.05974100 0.50661400
vt 0.05225200 0.50661400
vt 0.04478800 0.50661400
vt 0.03732400 0.50661400
vt 0.05974100 0.55061400
vt 0.05225200 0.55061400
vt 0.04478800 0.55061400
vt 0.03732400 0.55061400
vt 0.05974100 0.59485600
vt 0.05225200 0.59485600
vt 0.04478800 0.59485600
vt 0.03732400 0.59485600
vt 0.05974100 0.64187900
vt 0.05225200 0.64187900
vt 0.04478800 0.64187900
vt 0.03732400 0.64187900
vt 0.05974100 0.69268100
vt 0.05225200 0.69268100
vt 0.04478800 0.69268100
vt 0.03732400 0.69268100
vt 0.05974100 0.73905500
vt 0.05225200 0.73905500
vt 0.04478800 0.73905500
vt 0.03732400 0.73905500
vt 0.05974100 0.78455800
vt 0.05225200 0.78455800
vt 0.04478800 0.78455800
vt 0.03732400 0.78455800
vt 0.05974100 0.83006000
vt 0.05225200 0.83006000
vt 0.04478800 0.83006000
vt 0.03732400 0.83006000
vt 0.06739300 0.87556300
vt 0.05974100 0.87556300
vt 0.05225200 0.87556300
vt 0.04478800 0.87556300
vt 0.03732400 0.87556300
vt 0.06739300 0.00342000
vt 0.06739300 0.00684000
vt 0.06739300 0.01026100
vt 0.06739300 0.01368100
vt 0.06739300 0.01710100
vt 0.06739300 0.02052100
vt 0.06739300 0.02394100
vt 0.06739300 0.02736100
vt 0.06739300 0.03078200
vt 0.06739300 0.03420200
vt 0.06739300 0.03762200
vt 0.06739300 0.04104200
vt 0.06739300 0.04446200
vt 0.06739300 0.04788200
vt 0.06739300 0.05130300
vt 0.06739300 0.05472300
vt 0.06739300 0.05814300
vt 0.06739300 0.06156300
vt 0.06739300 0.06498300
vt 0.06739300 0.06840300
vt 0.06739300 0.07182400
vt 0.06739300 0.07524400
vt 0.06739300 0.07866400
vt 0.06739300 0.08208400
vt 0.06739300 0.08550400
vt 0.06739300 0.08892400
vt 0.06739300 0.09234500
vt 0.06739300 0.09576500
vt 0.06739300 0.09918500
vt 0.06739300 0.10260500
vt 0.06739300 0.10602500
vt 0.06739300 0.10944500
vt 0.06739300 0.11286600
vt 0.06739300 0.11628600
vt 0.06739300 0.11970600
vt 0.06739300 0.12312600
vt 0.06739300 0.12654600
vt 0.06739300 0.12996600
vt 0.06739300 0.13338700
vt 0.06739300 0.13680700
vt 0.06739300 0.14022700
vt 0.06739300 0.14364700
vt 0.06739300 0.14706700
vt 0.06739300 0.15048700
vt 0.06739300 0.15390800
vt 0.06739300 0.15732800
vt 0.06739300 0.16074800
vt 0.06739300 0.16416800
vt 0.06739300 0.16758800
vt 0.06739300 0.17100800
vt 0.06739300 0.17442900
vt 0.06739300 0.17784900
vt 0.06739300 0.18126900
vt 0.06739300 0.18468900
vt 0.06739300 0.18810900
vt 0.06739300 0.19152900
vt 0.06739300 0.19495000
vt 0.06739300 0.19837000
vt 0.06739300 0.20179000
vt 0.06739300 0.20521000
vt 0.06739300 0.20863000
vt 0.06739300 0.21205000
vt 0.06739300 0.21547100
vt 0.06739300 0.21889100
vt 0.06739300 0.22231100
vt 0.06739300 0.22573100
vt 0.06739300 0.22915100
vt 0.06739300 0.23257200
vt 0.06739300 0.23599200
vt 0.06739300 0.23941200
vt 0.06739300 0.24283200
vt 0.06739300 0.24625200
vt 0.06739300 0.24967200
vt 0.06739300 0.25309300
vt 0.06739300 0.25651300
vt 0.06739300 0.25993300
vt 0.06739300 0.26335300
vt 0.06739300 0.26677300
vt 0.06739300 0.27019300
vt 0.06739300 0.27361400
vt 0.06739300 0.27703400
vt 0.06739300 0.28045400
vt 0.06739300 0.28387400
vt 0.06739300 0.28729400
vt 0.06739300 0.29071400
vt 0.06739300 0.29413500
vt 0.06739300 0.29755500
vt 0.06739300 0.30097500
vt 0.06739300 0.30439500
vt 0.06739300 0.30781500
vt 0.06739300 0.31123500
vt 0.06739300 0.31465600
vt 0.06739300 0.31807600
vt 0.06739300 0.32149600
vt 0.06739300 0.32491600
vt 0.06739300 0.32833600
vt 0.06739300 0.33175600
vt 0.06739300 0.33517700
vt 0.06739300 0.33859700
vt 0.06739300 0.34201700
vt 0.06739300 0.34543700
vt 0.06739300 0.34885700
vt 0.06739300 0.35227700
vt 0.06739300 0.35569800
vt 0.06739300 0.35911800
vt 0.06739300 0.36253800
vt 0.06739300 0.36595800
vt 0.06739300 0.36937800
vt 0.06739300 0.37279800
vt 0.06739300 0.37621900
vt 0.06739300 0.37963900
vt 0.06739300 0.38305900
vt 0.06739300 0.38647900
vt 0.06739300 0.38989900
vt 0.06739300 0.39331900
vt 0.06739300 0.39674000
vt 0.06739300 0.40016000
vt 0.06739300 0.40358000
vt 0.06739300 0.40700000
vt 0.06739300 0.41042000
vt 0.06739300 0.41384100
vt 0.06739300 0.41726100
vt 0.06739300 0.42068100
vt 0.06739300 0.42410100
vt 0.06739300 0.42752100
vt 0.06739300 0.43094100
vt 0.06739300 0.43436200
vt 0.06739300 0.43778200
vt 0.06739300 0.44120200
vt 0.06739300 0.44462200
vt 0.06739300 0.44804200
vt 0.06739300 0.45146200
vt 0.06739300 0.45488300
vt 0.06739300 0.45830300
vt 0.06739300 0.46172300
vt 0.06739300 0.46514300
vt 0.06739300 0.46856300
vt 0.06739300 0.47198300
vt 0.06739300 0.47540400
vt 0.06739300 0.47882400
vt 0.06739300 0.48224400
vt 0.06739300 0.48566400
vt 0.06739300 0.48908400
vt 0.06739300 0.49250400
vt 0.06739300 0.49592500
vt 0.06739300 0.49934500
vt 0.06739300 0.50276500
vt 0.06739300 0.50618500
vt 0.06739300 0.50960500
vt 0.06739300 0.51302500
vt 0.06739300 0.51644600
vt 0.06739300 0.51986600
vt 0.06739300 0.52328600
vt 0.06739300 0.52670600
vt 0.06739300 0.53012600
vt 0.06739300 0.53354600
vt 0.06739300 0.53696700
vt 0.06739300 0.54038700
vt 0.06739300 0.54380700
vt 0.06739300 0.54722700
vt 0.06739300 0.55064700
vt 0.06739300 0.55406700
vt 0.06739300 0.55748800
vt 0.06739300 0.56090800
vt 0.06739300 0.56432800
vt 0.06739300 0.56774800
vt 0.06739300 0.57116800
vt 0.06739300 0.57458800
vt 0.06739300 0.57800900
vt 0.06739300 0.58142900
vt 0.06739300 0.58484900
vt 0.06739300 0.58826900
vt 0.06739300 0.59168900
vt 0.06739300 0.59510900
vt 0.06739300 0.59853000
vt 0.06739300 0.60195000
vt 0.06739300 0.60537000
vt 0.06739300 0.60879000
vt 0.06739300 0.61221000
vt 0.06739300 0.61563100
vt 0.06739300 0.61905100
vt 0.06739300 0.62247100
vt 0.06739300 0.62589100
vt 0.06739300 0.62931100
vt 0.06739300 0.63273100
vt 0.06739300 0.63615100
vt 0.06739300 0.63957200
vt 0.06739300 0.64299200
vt 0.06739300 0.64641200
vt 0.06739300 0.64983200
vt 0.06739300 0.65325200
vt 0.06739300 0.65667300
vt 0.06739300 0.66009300
vt 0.06739300 0.66351300
vt 0.06739300 0.66693300
vt 0.06739300 0.67035300
vt 0.06739300 0.67377300
vt 0.06739300 0.67719400
vt 0.06739300 0.68061400
vt 0.06739300 0.68403400
vt 0.06739300 0.68745400
vt 0.06739300 0.69087400
vt 0.06739300 0.69429400
vt 0.06739300 0.69771500
vt 0.06739300 0.70113500
vt 0.06739300 0.70455500
vt 0.06739300 0.70797500
vt 0.06739300 0.71139500
vt 0.06739300 0.71481500
vt 0.06739300 0.71823600
vt 0.06739300 0.72165600
vt 0.06739300 0.72507600
vt 0.06739300 0.72849600
vt 0.06739300 0.73191600
vt 0.06739300 0.73533600
vt 0.06739300 0.73875700
vt 0.06739300 0.74217700
vt 0.06739300 0.74559700
vt 0.06739300 0.74901700
vt 0.06739300 0.75243700
vt 0.06739300 0.75585700
vt 0.06739300 0.75927800
vt 0.06739300 0.76269800
vt 0.06739300 0.76611800
vt 0.06739300 0.76953800
vt 0.06739300 0.77295800
vt 0.06739300 0.77637800
vt 0.06739300 0.77979900
vt 0.06739300 0.78321900
vt 0.06739300 0.78663900
vt 0.06739300 0.79005900
vt 0.06739300 0.79347900
vt 0.06739300 0.79689900
vt 0.06739300 0.80032000
vt 0.06739300 0.80374000
vt 0.06739300 0.80716000
vt 0.06739300 0.81058000
vt 0.06739300 0.81400000
vt 0.06739300 0.81742000
vt 0.06739300 0.82084100
vt 0.06739300 0.82426100
vt 0.06739300 0.82768100
vt 0.06739300 0.83110100
vt 0.06739300 0.83452100
vt 0.06739300 0.83794200
vt 0.06739300 0.84136200
vt 0.06739300 0.84478200
vt 0.06739300 0.84820200
vt 0.06739300 0.85162200
vt 0.06739300 0.85504200
vt 0.06739300 0.85846300
vt 0.06739300 0.86188300
vt 0.06739300 0.86530300
vt 0.06739300 0.86872300
vt 0.06739300 0.87214300
vt 0.06356700 0.04770400
vt 0.05974100 0.02385200
vt 0.06356700 0.00000000
vt 0.06356700 0.02385200
vt 0.06548000 0.02385200
vt 0.06356700 0.01192600
vt 0.06548000 0.00000000
vt 0.06548000 0.01192600
vt 0.06356700 0.87556300
vt 0.05974100 0.85281200
vt 0.06356700 0.83006000
vt 0.06356700 0.85281200
vt 0.06548000 0.04770400
vt 0.06356700 0.03577800
vt 0.06548000 0.03577800
vt 0.06356700 0.09375800
vt 0.05974100 0.07073100
vt 0.06356700 0.07073100
vt 0.06548000 0.07073100
vt 0.06356700 0.05921800
vt 0.06548000 0.05921800
vt 0.06548000 0.09375800
vt 0.06356700 0.08224400
vt 0.06548000 0.08224400
vt 0.06356700 0.13926100
vt 0.05974100 0.11650900
vt 0.06356700 0.11650900
vt 0.06548000 0.11650900
vt 0.06356700 0.10513400
vt 0.06548000 0.10513400
vt 0.06548000 0.13926100
vt 0.06356700 0.12788500
vt 0.06548000 0.12788500
vt 0.06356700 0.18476400
vt 0.05974100 0.16201200
vt 0.06356700 0.16201200
vt 0.06548000 0.16201200
vt 0.06356700 0.15063700
vt 0.06548000 0.15063700
vt 0.06548000 0.18476400
vt 0.06356700 0.17338800
vt 0.06548000 0.17338800
vt 0.06356700 0.23202400
vt 0.05974100 0.20839400
vt 0.06356700 0.20839400
vt 0.06548000 0.20839400
vt 0.06356700 0.19657900
vt 0.06548000 0.19657900
vt 0.06548000 0.23202400
vt 0.06356700 0.22020900
vt 0.06548000 0.22020900
vt 0.06356700 0.27829000
vt 0.05974100 0.25515700
vt 0.06356700 0.25515700
vt 0.06548000 0.25515700
vt 0.06356700 0.24359100
vt 0.06548000 0.24359100
vt 0.06548000 0.27829000
vt 0.06356700 0.26672400
vt 0.06548000 0.26672400
vt 0.06356700 0.32402400
vt 0.05974100 0.30115700
vt 0.06356700 0.30115700
vt 0.06548000 0.30115700
vt 0.06356700 0.28972400
vt 0.06548000 0.28972400
vt 0.06548000 0.32402400
vt 0.06356700 0.31259100
vt 0.06548000 0.31259100
vt 0.06356700 0.36952700
vt 0.05974100 0.34677600
vt 0.06356700 0.34677600
vt 0.06548000 0.34677600
vt 0.06356700 0.33540000
vt 0.06548000 0.33540000
vt 0.06548000 0.36952700
vt 0.06356700 0.35815200
vt 0.06548000 0.35815200
vt 0.06356700 0.41503000
vt 0.05974100 0.39227900
vt 0.06356700 0.39227900
vt 0.06548000 0.39227900
vt 0.06356700 0.38090300
vt 0.06548000 0.38090300
vt 0.06548000 0.41503000
vt 0.06356700 0.40365500
vt 0.06548000 0.40365500
vt 0.06356700 0.46209500
vt 0.05974100 0.43856300
vt 0.06356700 0.43856300
vt 0.06548000 0.43856300
vt 0.06356700 0.42679600
vt 0.06548000 0.42679600
vt 0.06548000 0.46209500
vt 0.06356700 0.45032900
vt 0.06548000 0.45032900
vt 0.06356700 0.50661400
vt 0.05974100 0.48435500
vt 0.06356700 0.48435500
vt 0.06548000 0.48435500
vt 0.06356700 0.47322500
vt 0.06548000 0.47322500
vt 0.06548000 0.50661400
vt 0.06356700 0.49548500
vt 0.06548000 0.49548500
vt 0.06356700 0.55061400
vt 0.05974100 0.52861400
vt 0.06356700 0.52861400
vt 0.06548000 0.52861400
vt 0.06356700 0.51761400
vt 0.06548000 0.51761400
vt 0.06548000 0.55061400
vt 0.06356700 0.53961400
vt 0.06548000 0.53961400
vt 0.06356700 0.59485600
vt 0.05974100 0.57273500
vt 0.06356700 0.57273500
vt 0.06548000 0.57273500
vt 0.06356700 0.56167500
vt 0.06548000 0.56167500
vt 0.06548000 0.59485600
vt 0.06356700 0.58379500
vt 0.06548000 0.58379500
vt 0.06356700 0.64187900
vt 0.05974100 0.61836700
vt 0.06356700 0.61836700
vt 0.06548000 0.61836700
vt 0.06356700 0.60661100
vt 0.06548000 0.60661100
vt 0.06548000 0.64187900
vt 0.06356700 0.63012300
vt 0.06548000 0.63012300
vt 0.06356700 0.69268100
vt 0.05974100 0.66728000
vt 0.06356700 0.66728000
vt 0.06548000 0.66728000
vt 0.06356700 0.65458000
vt 0.06548000 0.65458000
vt 0.06548000 0.69268100
vt 0.06356700 0.67998100
vt 0.06548000 0.67998100
vt 0.06356700 0.73905500
vt 0.05974100 0.71586800
vt 0.06356700 0.71586800
vt 0.06548000 0.71586800
vt 0.06356700 0.70427500
vt 0.06548000 0.70427500
vt 0.06548000 0.73905500
vt 0.06356700 0.72746100
vt 0.06548000 0.72746100
vt 0.06356700 0.78455800
vt 0.05974100 0.76180600
vt 0.06356700 0.76180600
vt 0.06548000 0.76180600
vt 0.06356700 0.75043000
vt 0.06548000 0.75043000
vt 0.06548000 0.78455800
vt 0.06356700 0.77318200
vt 0.06548000 0.77318200
vt 0.05974100 0.80730900
vt 0.06356700 0.80730900
vt 0.06548000 0.80730900
vt 0.06356700 0.79593300
vt 0.06548000 0.79593300
vt 0.06548000 0.83006000
vt 0.06356700 0.81868500
vt 0.06548000 0.81868500
vt 0.06548000 0.85281200
vt 0.06356700 0.84143600
vt 0.06548000 0.84143600
vt 0.06548000 0.87556300
vt 0.06356700 0.86418800
vt 0.06548000 0.86418800
vt 0.03585900 0.00000000
vt 0.02820700 0.00000000
vt 0.02071800 0.00000000
vt 0.01325400 0.00000000
vt 0.00579000 0.00000000
vt 0.02820700 0.04770400
vt 0.02071800 0.04770400
vt 0.01325400 0.04770400
vt 0.00579000 0.04770400
vt 0.02820700 0.09375800
vt 0.02071800 0.09375800
vt 0.01325400 0.09375800
vt 0.00579000 0.09375800
vt 0.02820700 0.13926100
vt 0.02071800 0.13926100
vt 0.01325400 0.13926100
vt 0.00579000 0.13926100
vt 0.02820700 0.18476400
vt 0.02071800 0.18476400
vt 0.01325400 0.18476400
vt 0.00579000 0.18476400
vt 0.02820700 0.23202400
vt 0.02071800 0.23202400
vt 0.01325400 0.23202400
vt 0.00579000 0.23202400
vt 0.02820700 0.27829000
vt 0.02071800 0.27829000
vt 0.01325400 0.27829000
vt 0.00579000 0.27829000
vt 0.02820700 0.32402400
vt 0.02071800 0.32402400
vt 0.01325400 0.32402400
vt 0.00579000 0.32402400
vt 0.02820700 0.36952700
vt 0.02071800 0.36952700
vt 0.01325400 0.36952700
vt 0.00579000 0.36952700
vt 0.02820700 0.41503000
vt 0.02071800 0.41503000
vt 0.01325400 0.41503000
vt 0.00579000 0.41503000
vt 0.02820700 0.46209500
vt 0.02071800 0.46209500
vt 0.01325400 0.46209500
vt 0.00579000 0.46209500
vt 0.02820700 0.50661400
vt 0.02071800 0.50661400
vt 0.01325400 0.50661400
vt 0.00579000 0.50661400
vt 0.02820700 0.55061400
vt 0.02071800 0.55061400
vt 0.01325400 0.55061400
vt 0.00579000 0.55061400
vt 0.02820700 0.59485600
vt 0.02071800 0.59485600
vt 0.01325400 0.59485600
vt 0.00579000 0.59485600
vt 0.02820700 0.64187900
vt 0.02071800 0.64187900
vt 0.01325400 0.64187900
vt 0.00579000 0.64187900
vt 0.02820700 0.69268100
vt 0.02071800 0.69268100
vt 0.01325400 0.69268100
vt 0.00579000 0.69268100
vt 0.02820700 0.73905500
vt 0.02071800 0.73905500
vt 0.01325400 0.73905500
vt 0.00579000 0.73905500
vt 0.02820700 0.78455800
vt 0.02071800 0.78455800
vt 0.01325400 0.78455800
vt 0.00579000 0.78455800
vt 0.02820700 0.83006000
vt 0.02071800 0.83006000
vt 0.01325400 0.83006000
vt 0.00579000 0.83006000
vt 0.03585900 0.87556300
vt 0.02820700 0.87556300
vt 0.02071800 0.87556300
vt 0.01325400 0.87556300
vt 0.00579000 0.87556300
vt 0.03585900 0.00342000
vt 0.03585900 0.00684000
vt 0.03585900 0.01026100
vt 0.03585900 0.01368100
vt 0.03585900 0.01710100
vt 0.03585900 0.02052100
vt 0.03585900 0.02394100
vt 0.03585900 0.02736100
vt 0.03585900 0.03078200
vt 0.03585900 0.03420200
vt 0.03585900 0.03762200
vt 0.03585900 0.04104200
vt 0.03585900 0.04446200
vt 0.03585900 0.04788200
vt 0.03585900 0.05130300
vt 0.03585900 0.05472300
vt 0.03585900 0.05814300
vt 0.03585900 0.06156300
vt 0.03585900 0.06498300
vt 0.03585900 0.06840300
vt 0.03585900 0.07182400
vt 0.03585900 0.07524400
vt 0.03585900 0.07866400
vt 0.03585900 0.08208400
vt 0.03585900 0.08550400
vt 0.03585900 0.08892400
vt 0.03585900 0.09234500
vt 0.03585900 0.09576500
vt 0.03585900 0.09918500
vt 0.03585900 0.10260500
vt 0.03585900 0.10602500
vt 0.03585900 0.10944500
vt 0.03585900 0.11286600
vt 0.03585900 0.11628600
vt 0.03585900 0.11970600
vt 0.03585900 0.12312600
vt 0.03585900 0.12654600
vt 0.03585900 0.12996600
vt 0.03585900 0.13338700
vt 0.03585900 0.13680700
vt 0.03585900 0.14022700
vt 0.03585900 0.14364700
vt 0.03585900 0.14706700
vt 0.03585900 0.15048700
vt 0.03585900 0.15390800
vt 0.03585900 0.15732800
vt 0.03585900 0.16074800
vt 0.03585900 0.16416800
vt 0.03585900 0.16758800
vt 0.03585900 0.17100800
vt 0.03585900 0.17442900
vt 0.03585900 0.17784900
vt 0.03585900 0.18126900
vt 0.03585900 0.18468900
vt 0.03585900 0.18810900
vt 0.03585900 0.19152900
vt 0.03585900 0.19495000
vt 0.03585900 0.19837000
vt 0.03585900 0.20179000
vt 0.03585900 0.20521000
vt 0.03585900 0.20863000
vt 0.03585900 0.21205000
vt 0.03585900 0.21547100
vt 0.03585900 0.21889100
vt 0.03585900 0.22231100
vt 0.03585900 0.22573100
vt 0.03585900 0.22915100
vt 0.03585900 0.23257200
vt 0.03585900 0.23599200
vt 0.03585900 0.23941200
vt 0.03585900 0.24283200
vt 0.03585900 0.24625200
vt 0.03585900 0.24967200
vt 0.03585900 0.25309300
vt 0.03585900 0.25651300
vt 0.03585900 0.25993300
vt 0.03585900 0.26335300
vt 0.03585900 0.26677300
vt 0.03585900 0.27019300
vt 0.03585900 0.27361400
vt 0.03585900 0.27703400
vt 0.03585900 0.28045400
vt 0.03585900 0.28387400
vt 0.03585900 0.28729400
vt 0.03585900 0.29071400
vt 0.03585900 0.29413500
vt 0.03585900 0.29755500
vt 0.03585900 0.30097500
vt 0.03585900 0.30439500
vt 0.03585900 0.30781500
vt 0.03585900 0.31123500
vt 0.03585900 0.31465600
vt 0.03585900 0.31807600
vt 0.03585900 0.32149600
vt 0.03585900 0.32491600
vt 0.03585900 0.32833600
vt 0.03585900 0.33175600
vt 0.03585900 0.33517700
vt 0.03585900 0.33859700
vt 0.03585900 0.34201700
vt 0.03585900 0.34543700
vt 0.03585900 0.34885700
vt 0.03585900 0.35227700
vt 0.03585900 0.35569800
vt 0.03585900 0.35911800
vt 0.03585900 0.36253800
vt 0.03585900 0.36595800
vt 0.03585900 0.36937800
vt 0.03585900 0.37279800
vt 0.03585900 0.37621900
vt 0.03585900 0.37963900
vt 0.03585900 0.38305900
vt 0.03585900 0.38647900
vt 0.03585900 0.38989900
vt 0.03585900 0.39331900
vt 0.03585900 0.39674000
vt 0.03585900 0.40016000
vt 0.03585900 0.40358000
vt 0.03585900 0.40700000
vt 0.03585900 0.41042000
vt 0.03585900 0.41384100
vt 0.03585900 0.41726100
vt 0.03585900 0.42068100
vt 0.03585900 0.42410100
vt 0.03585900 0.42752100
vt 0.03585900 0.43094100
vt 0.03585900 0.43436200
vt 0.03585900 0.43778200
vt 0.03585900 0.44120200
vt 0.03585900 0.44462200
vt 0.03585900 0.44804200
vt 0.03585900 0.45146200
vt 0.03585900 0.45488300
vt 0.03585900 0.45830300
vt 0.03585900 0.46172300
vt 0.03585900 0.46514300
vt 0.03585900 0.46856300
vt 0.03585900 0.47198300
vt 0.03585900 0.47540400
vt 0.03585900 0.47882400
vt 0.03585900 0.48224400
vt 0.03585900 0.48566400
vt 0.03585900 0.48908400
vt 0.03585900 0.49250400
vt 0.03585900 0.49592500
vt 0.03585900 0.49934500
vt 0.03585900 0.50276500
vt 0.03585900 0.50618500
vt 0.03585900 0.50960500
vt 0.03585900 0.51302500
vt 0.03585900 0.51644600
vt 0.03585900 0.51986600
vt 0.03585900 0.52328600
vt 0.03585900 0.52670600
vt 0.03585900 0.53012600
vt 0.03585900 0.53354600
vt 0.03585900 0.53696700
vt 0.03585900 0.54038700
vt 0.03585900 0.54380700
vt 0.03585900 0.54722700
vt 0.03585900 0.55064700
vt 0.03585900 0.55406700
vt 0.03585900 0.55748800
vt 0.03585900 0.56090800
vt 0.03585900 0.56432800
vt 0.03585900 0.56774800
vt 0.03585900 0.57116800
vt 0.03585900 0.57458800
vt 0.03585900 0.57800900
vt 0.03585900 0.58142900
vt 0.03585900 0.58484900
vt 0.03585900 0.58826900
vt 0.03585900 0.59168900
vt 0.03585900 0.59510900
vt 0.03585900 0.59853000
vt 0.03585900 0.60195000
vt 0.03585900 0.60537000
vt 0.03585900 0.60879000
vt 0.03585900 0.61221000
vt 0.03585900 0.61563100
vt 0.03585900 0.61905100
vt 0.03585900 0.62247100
vt 0.03585900 0.62589100
vt 0.03585900 0.62931100
vt 0.03585900 0.63273100
vt 0.03585900 0.63615100
vt 0.03585900 0.63957200
vt 0.03585900 0.64299200
vt 0.03585900 0.64641200
vt 0.03585900 0.64983200
vt 0.03585900 0.65325200
vt 0.03585900 0.65667300
vt 0.03585900 0.66009300
vt 0.03585900 0.66351300
vt 0.03585900 0.66693300
vt 0.03585900 0.67035300
vt 0.03585900 0.67377300
vt 0.03585900 0.67719400
vt 0.03585900 0.68061400
vt 0.03585900 0.68403400
vt 0.03585900 0.68745400
vt 0.03585900 0.69087400
vt 0.03585900 0.69429400
vt 0.03585900 0.69771500
vt 0.03585900 0.70113500
vt 0.03585900 0.70455500
vt 0.03585900 0.70797500
vt 0.03585900 0.71139500
vt 0.03585900 0.71481500
vt 0.03585900 0.71823600
vt 0.03585900 0.72165600
vt 0.03585900 0.72507600
vt 0.03585900 0.72849600
vt 0.03585900 0.73191600
vt 0.03585900 0.73533600
vt 0.03585900 0.73875700
vt 0.03585900 0.74217700
vt 0.03585900 0.74559700
vt 0.03585900 0.74901700
vt 0.03585900 0.75243700
vt 0.03585900 0.75585700
vt 0.03585900 0.75927800
vt 0.03585900 0.76269800
vt 0.03585900 0.76611800
vt 0.03585900 0.76953800
vt 0.03585900 0.77295800
vt 0.03585900 0.77637800
vt 0.03585900 0.77979900
vt 0.03585900 0.78321900
vt 0.03585900 0.78663900
vt 0.03585900 0.79005900
vt 0.03585900 0.79347900
vt 0.03585900 0.79689900
vt 0.03585900 0.80032000
vt 0.03585900 0.80374000
vt 0.03585900 0.80716000
vt 0.03585900 0.81058000
vt 0.03585900 0.81400000
vt 0.03585900 0.81742000
vt 0.03585900 0.82084100
vt 0.03585900 0.82426100
vt 0.03585900 0.82768100
vt 0.03585900 0.83110100
vt 0.03585900 0.83452100
vt 0.03585900 0.83794200
vt 0.03585900 0.84136200
vt 0.03585900 0.84478200
vt 0.03585900 0.84820200
vt 0.03585900 0.85162200
vt 0.03585900 0.85504200
vt 0.03585900 0.85846300
vt 0.03585900 0.86188300
vt 0.03585900 0.86530300
vt 0.03585900 0.86872300
vt 0.03585900 0.87214300
vt 0.03203300 0.04770400
vt 0.02820700 0.02385200
vt 0.03203300 0.00000000
vt 0.03203300 0.02385200
vt 0.03394600 0.02385200
vt 0.03203300 0.01192600
vt 0.03394600 0.00000000
vt 0.03394600 0.01192600
vt 0.03203300 0.87556300
vt 0.02820700 0.85281200
vt 0.03203300 0.83006000
vt 0.03203300 0.85281200
vt 0.03394600 0.04770400
vt 0.03203300 0.03577800
vt 0.03394600 0.03577800
vt 0.03203300 0.09375800
vt 0.02820700 0.07073100
vt 0.03203300 0.07073100
vt 0.03394600 0.07073100
vt 0.03203300 0.05921800
vt 0.03394600 0.05921800
vt 0.03394600 0.09375800
vt 0.03203300 0.08224400
vt 0.03394600 0.08224400
vt 0.03203300 0.13926100
vt 0.02820700 0.11650900
vt 0.03203300 0.11650900
vt 0.03394600 0.11650900
vt 0.03203300 0.10513400
vt 0.03394600 0.10513400
vt 0.03394600 0.13926100
vt 0.03203300 0.12788500
vt 0.03394600 0.12788500
vt 0.03203300 0.18476400
vt 0.02820700 0.16201200
vt 0.03203300 0.16201200
vt 0.03394600 0.16201200
vt 0.03203300 0.15063700
vt 0.03394600 0.15063700
vt 0.03394600 0.18476400
vt 0.03203300 0.17338800
vt 0.03394600 0.17338800
vt 0.03203300 0.23202400
vt 0.02820700 0.20839400
vt 0.03203300 0.20839400
vt 0.03394600 0.20839400
vt 0.03203300 0.19657900
vt 0.03394600 0.19657900
vt 0.03394600 0.23202400
vt 0.03203300 0.22020900
vt 0.03394600 0.22020900
vt 0.03203300 0.27829000
vt 0.02820700 0.25515700
vt 0.03203300 0.25515700
vt 0.03394600 0.25515700
vt 0.03203300 0.24359100
vt 0.03394600 0.24359100
vt 0.03394600 0.27829000
vt 0.03203300 0.26672400
vt 0.03394600 0.26672400
vt 0.03203300 0.32402400
vt 0.02820700 0.30115700
vt 0.03203300 0.30115700
vt 0.03394600 0.30115700
vt 0.03203300 0.28972400
vt 0.03394600 0.28972400
vt 0.03394600 0.32402400
vt 0.03203300 0.31259100
vt 0.03394600 0.31259100
vt 0.03203300 0.36952700
vt 0.02820700 0.34677600
vt 0.03203300 0.34677600
vt 0.03394600 0.34677600
vt 0.03203300 0.33540000
vt 0.03394600 0.33540000
vt 0.03394600 0.36952700
vt 0.03203300 0.35815200
vt 0.03394600 0.35815200
vt 0.03203300 0.41503000
vt 0.02820700 0.39227900
vt 0.03203300 0.39227900
vt 0.03394600 0.39227900
vt 0.03203300 0.38090300
vt 0.03394600 0.38090300
vt 0.03394600 0.41503000
vt 0.03203300 0.40365500
vt 0.03394600 0.40365500
vt 0.03203300 0.46209500
vt 0.02820700 0.43856300
vt 0.03203300 0.43856300
vt 0.03394600 0.43856300
vt 0.03203300 0.42679600
vt 0.03394600 0.42679600
vt 0.03394600 0.46209500
vt 0.03203300 0.45032900
vt 0.03394600 0.45032900
vt 0.03203300 0.50661400
vt 0.02820700 0.48435500
vt 0.03203300 0.48435500
vt 0.03394600 0.48435500
vt 0.03203300 0.47322500
vt 0.03394600 0.47322500
vt 0.03394600 0.50661400
vt 0.03203300 0.49548500
vt 0.03394600 0.49548500
vt 0.03203300 0.55061400
vt 0.02820700 0.52861400
vt 0.03203300 0.52861400
vt 0.03394600 0.52861400
vt 0.03203300 0.51761400
vt 0.03394600 0.51761400
vt 0.03394600 0.55061400
vt 0.03203300 0.53961400
vt 0.03394600 0.53961400
vt 0.03203300 0.59485600
vt 0.02820700 0.57273500
vt 0.03203300 0.57273500
vt 0.03394600 0.57273500
vt 0.03203300 0.56167500
vt 0.03394600 0.56167500
vt 0.03394600 0.59485600
vt 0.03203300 0.58379500
vt 0.03394600 0.58379500
vt 0.03203300 0.64187900
vt 0.02820700 0.61836700
vt 0.03203300 0.61836700
vt 0.03394600 0.61836700
vt 0.03203300 0.60661100
vt 0.03394600 0.60661100
vt 0.03394600 0.64187900
vt 0.03203300 0.63012300
vt 0.03394600 0.63012300
vt 0.03203300 0.69268100
vt 0.02820700 0.66728000
vt 0.03203300 0.66728000
vt 0.03394600 0.66728000
vt 0.03203300 0.65458000
vt 0.03394600 0.65458000
vt 0.03394600 0.69268100
vt 0.03203300 0.67998100
vt 0.03394600 0.67998100
vt 0.03203300 0.73905500
vt 0.02820700 0.71586800
vt 0.03203300 0.71586800
vt 0.03394600 0.71586800
vt 0.03203300 0.70427500
vt 0.03394600 0.70427500
vt 0.03394600 0.73905500
vt 0.03203300 0.72746100
vt 0.03394600 0.72746100
vt 0.03203300 0.78455800
vt 0.02820700 0.76180600
vt 0.03203300 0.76180600
vt 0.03394600 0.76180600
vt 0.03203300 0.75043000
vt 0.03394600 0.75043000
vt 0.03394600 0.78455800
vt 0.03203300 0.77318200
vt 0.03394600 0.77318200
vt 0.02820700 0.80730900
vt 0.03203300 0.80730900
vt 0.03394600 0.80730900
vt 0.03203300 0.79593300
vt 0.03394600 0.79593300
vt 0.03394600 0.83006000
vt 0.03203300 0.81868500
vt 0.03394600 0.81868500
vt 0.03394600 0.85281200
vt 0.03203300 0.84143600
vt 0.03394600 0.84143600
vt 0.03394600 0.87556300
vt 0.03203300 0.86418800
vt 0.03394600 0.86418800
f 643/643/643 3/3/3 2/2/2
f 5/5/5 6/6/6 643/643/643
f 2/2/2 5/5/5 643/643/643
f 644/644/644 642/642/642 643/643/643
f 641/641/641 644/644/644 6/6/6
f 8/8/8 6/6/6 7/7/7
f 10/10/10 8/8/8 9/9/9
f 12/12/12 10/10/10 11/11/11
f 14/14/14 12/12/12 13/13/13
f 16/16/16 14/14/14 15/15/15
f 18/18/18 16/16/16 17/17/17
f 20/20/20 18/18/18 19/19/19
f 22/22/22 20/20/20 19/19/19
f 24/24/24 22/22/22 23/23/23
f 26/26/26 24/24/24 25/25/25
f 28/28/28 26/26/26 27/27/27
f 30/30/30 28/28/28 29/29/29
f 32/32/32 30/30/30 29/29/29
f 34/34/34 32/32/32 33/33/33
f 36/36/36 34/34/34 35/35/35
f 38/38/38 36/36/36 37/37/37
f 40/40/40 38/38/38 39/39/39
f 42/42/42 40/40/40 41/41/41
f 44/44/44 42/42/42 43/43/43
f 46/46/46 44/44/44 45/45/45
f 48/48/48 46/46/46 45/45/45
f 50/50/50 48/48/48 47/47/47
f 52/52/52 50/50/50 49/49/49
f 54/54/54 52/52/52 53/53/53
f 56/56/56 54/54/54 55/55/55
f 58/58/58 56/56/56 57/57/57
f 60/60/60 58/58/58 57/57/57
f 62/62/62 60/60/60 59/59/59
f 64/64/64 62/62/62 63/63/63
f 66/66/66 64/64/64 65/65/65
f 68/68/68 66/66/66 67/67/67
f 70/70/70 68/68/68 69/69/69
f 72/72/72 70/70/70 71/71/71
f 74/74/74 72/72/72 73/73/73
f 76/76/76 74/74/74 75/75/75
f 78/78/78 76/76/76 77/77/77
f 80/80/80 78/78/78 79/79/79
f 82/82/82 80/80/80 81/81/81
f 84/84/84 82/82/82 83/83/83
f 86/86/86 84/84/84 85/85/85
f 88/88/88 86/86/86 87/87/87
f 90/90/90 88/88/88 89/89/89
f 92/92/92 90/90/90 91/91/91
f 94/94/94 92/92/92 93/93/93
f 96/96/96 94/94/94 93/93/93
f 98/98/98 96/96/96 97/97/97
f 100/100/100 98/98/98 99/99/99
f 102/102/102 100/100/100 101/101/101
f 104/104/104 102/102/102 103/103/103
f 106/106/106 104/104/104 105/105/105
f 108/108/108 106/106/106 107/107/107
f 110/110/110 108/108/108 109/109/109
f 112/112/112 110/110/110 109/109/109
f 114/114/114 112/112/112 113/113/113
f 116/116/116 114/114/114 115/115/115
f 118/118/118 116/116/116 117/117/117
f 120/120/120 118/118/118 119/119/119
f 122/122/122 120/120/120 121/121/121
f 124/124/124 122/122/122 123/123/123
f 126/126/126 124/124/124 125/125/125
f 128/128/128 126/126/126 127/127/127
f 130/130/130 128/128/128 127/127/127
f 132/132/132 130/130/130 129/129/129
f 134/134/134 132/132/132 133/133/133
f 136/136/136 134/134/134 135/135/135
f 138/138/138 136/136/136 137/137/137
f 140/140/140 138/138/138 139/139/139
f 142/142/142 140/140/140 141/141/141
f 144/144/144 142/142/142 143/143/143
f 146/146/146 144/144/144 145/145/145
f 148/148/148 146/146/146 147/147/147
f 150/150/150 148/148/148 149/149/149
f 152/152/152 150/150/150 151/151/151
f 154/154/154 152/152/152 153/153/153
f 156/156/156 154/154/154 155/155/155
f 158/158/158 156/156/156 157/157/157
f 160/160/160 158/158/158 159/159/159
f 162/162/162 160/160/160 161/161/161
f 164/164/164 162/162/162 163/163/163
f 166/166/166 164/164/164 165/165/165
f 168/168/168 166/166/166 167/167/167
f 170/170/170 168/168/168 169/169/169
f 172/172/172 170/170/170 171/171/171
f 174/174/174 172/172/172 173/173/173
f 176/176/176 174/174/174 173/173/173
f 178/178/178 176/176/176 177/177/177
f 180/180/180 178/178/178 179/179/179
f 182/182/182 180/180/180 181/181/181
f 184/184/184 182/182/182 183/183/183
f 186/186/186 184/184/184 185/185/185
f 188/188/188 186/186/186 187/187/187
f 190/190/190 188/188/188 189/189/189
f 192/192/192 190/190/190 191/191/191
f 194/194/194 192/192/192 191/191/191
f 196/196/196 194/194/194 193/193/193
f 198/198/198 196/196/196 197/197/197
f 200/200/200 198/198/198 199/199/199
f 202/202/202 200/200/200 201/201/201
f 204/204/204 202/202/202 203/203/203
f 206/206/206 204/204/204 203/203/203
f 208/208/208 206/206/206 205/205/205
f 210/210/210 208/208/208 209/209/209
f 212/212/212 210/210/210 211/211/211
f 214/214/214 212/212/212 213/213/213
f 216/216/216 214/214/214 215/215/215
f 218/218/218 216/216/216 217/217/217
f 220/220/220 218/218/218 217/217/217
f 222/222/222 220/220/220 221/221/221
f 224/224/224 222/222/222 223/223/223
f 226/226/226 224/224/224 225/225/225
f 228/228/228 226/226/226 227/227/227
f 230/230/230 228/228/228 229/229/229
f 232/232/232 230/230/230 231/231/231
f 234/234/234 232/232/232 233/233/233
f 236/236/236 234/234/234 235/235/235
f 238/238/238 236/236/236 237/237/237
f 240/240/240 238/238/238 239/239/239
f 242/242/242 240/240/240 241/241/241
f 244/244/244 242/242/242 243/243/243
f 246/246/246 244/244/244 245/245/245
f 248/248/248 246/246/246 247/247/247
f 250/250/250 248/248/248 247/247/247
f 252/252/252 250/250/250 251/251/251
f 254/254/254 252/252/252 253/253/253
f 256/256/256 254/254/254 255/255/255
f 258/258/258 256/256/256 255/255/255
f 260/260/260 258/258/258 259/259/259
f 262/262/262 260/260/260 261/261/261
f 264/264/264 262/262/262 263/263/263
f 266/266/266 264/264/264 265/265/265
f 268/268/268 266/266/266 265/265/265
f 270/270/270 268/268/268 269/269/269
f 272/272/272 270/270/270 271/271/271
f 274/274/274 272/272/272 273/273/273
f 276/276/276 274/274/274 273/273/273
f 278/278/278 276/276/276 275/275/275
f 280/280/280 278/278/278 279/279/279
f 282/282/282 280/280/280 281/281/281
f 284/284/284 282/282/282 283/283/283
f 286/286/286 284/284/284 285/285/285
f 288/288/288 286/286/286 287/287/287
f 290/290/290 288/288/288 289/289/289
f 292/292/292 290/290/290 289/289/289
f 294/294/294 292/292/292 293/293/293
f 296/296/296 294/294/294 295/295/295
f 298/298/298 296/296/296 297/297/297
f 300/300/300 298/298/298 299/299/299
f 302/302/302 300/300/300 301/301/301
f 304/304/304 302/302/302 303/303/303
f 306/306/306 304/304/304 305/305/305
f 308/308/308 306/306/306 307/307/307
f 310/310/310 308/308/308 309/309/309
f 312/312/312 310/310/310 311/311/311
f 902/902/902 312/312/312 311/311/311
f 314/314/314 315/315/315 902/902/902
f 311/311/311 314/314/314 902/902/902
f 903/903/903 901/901/901 902/902/902
f 900/900/900 903/903/903 902/902/902
f 2/2/2 1/1/1 645/645/645
f 5/5/5 645/645/645 646/646/646
f 7/7/7 647/647/647 648/648/648
f 9/9/9 649/649/649 650/650/650
f 648/648/648 649/649/649 9/9/9
f 5/5/5 646/646/646 647/647/647
f 11/11/11 651/651/651 652/652/652
f 13/13/13 652/652/652 653/653/653
f 15/15/15 654/654/654 655/655/655
f 17/17/17 656/656/656 657/657/657
f 17/17/17 655/655/655 656/656/656
f 653/653/653 654/654/654 15/15/15
f 11/11/11 650/650/650 651/651/651
f 658/658/658 659/659/659 19/19/19
f 21/21/21 659/659/659 660/660/660
f 23/23/23 661/661/661 662/662/662
f 663/663/663 664/664/664 25/25/25
f 25/25/25 662/662/662 663/663/663
f 23/23/23 660/660/660 661/661/661
f 29/29/29 665/665/665 666/666/666
f 29/29/29 666/666/666 667/667/667
f 668/668/668 669/669/669 33/33/33
f 35/35/35 670/670/670 671/671/671
f 33/33/33 669/669/669 670/670/670
f 31/31/31 667/667/667 668/668/668
f 27/27/27 664/664/664 665/665/665
f 19/19/19 657/657/657 658/658/658
f 37/37/37 672/672/672 673/673/673
f 673/673/673 674/674/674 39/39/39
f 41/41/41 675/675/675 676/676/676
f 43/43/43 677/677/677 678/678/678
f 676/676/676 677/677/677 41/41/41
f 39/39/39 674/674/674 675/675/675
f 45/45/45 679/679/679 680/680/680
f 47/47/47 680/680/680 681/681/681
f 49/49/49 682/682/682 683/683/683
f 51/51/51 684/684/684 685/685/685
f 51/51/51 683/683/683 684/684/684
f 681/681/681 682/682/682 49/49/49
f 45/45/45 678/678/678 679/679/679
f 686/686/686 687/687/687 55/55/55
f 55/55/55 687/687/687 688/688/688
f 689/689/689 690/690/690 57/57/57
f 61/61/61 691/691/691 692/692/692
f 59/59/59 690/690/690 691/691/691
f 57/57/57 688/688/688 689/689/689
f 63/63/63 693/693/693 694/694/694
f 694/694/694 695/695/695 63/63/63
f 67/67/67 696/696/696 697/697/697
f 69/69/69 698/698/698 699/699/699
f 67/67/67 697/697/697 698/698/698
f 65/65/65 695/695/695 696/696/696
f 61/61/61 692/692/692 693/693/693
f 53/53/53 685/685/685 686/686/686
f 35/35/35 671/671/671 672/672/672
f 5/5/5 2/2/2 645/645/645
f 7/7/7 5/5/5 647/647/647
f 11/11/11 9/9/9 650/650/650
f 11/11/11 652/652/652 13/13/13
f 19/19/19 17/17/17 657/657/657
f 25/25/25 23/23/23 662/662/662
f 29/29/29 27/27/27 665/665/665
f 21/21/21 660/660/660 23/23/23
f 15/15/15 655/655/655 17/17/17
f 641/641/641 6/6/6 8/8/8
f 8/8/8 10/10/10 635/635/635
f 12/12/12 14/14/14 631/631/631
f 16/16/16 18/18/18 627/627/627
f 14/14/14 16/16/16 628/628/628
f 10/10/10 12/12/12 633/633/633
f 20/20/20 22/22/22 623/623/623
f 24/24/24 26/26/26 618/618/618
f 28/28/28 30/30/30 614/614/614
f 26/26/26 28/28/28 616/616/616
f 22/22/22 24/24/24 620/620/620
f 18/18/18 20/20/20 624/624/624
f 29/29/29 667/667/667 31/31/31
f 35/35/35 33/33/33 670/670/670
f 37/37/37 35/35/35 672/672/672
f 41/41/41 39/39/39 675/675/675
f 45/45/45 43/43/43 678/678/678
f 680/680/680 47/47/47 45/45/45
f 57/57/57 55/55/55 688/688/688
f 51/51/51 49/49/49 683/683/683
f 51/51/51 685/685/685 53/53/53
f 71/71/71 700/700/700 701/701/701
f 34/34/34 36/36/36 607/607/607
f 38/38/38 40/40/40 603/603/603
f 36/36/36 38/38/38 605/605/605
f 32/32/32 34/34/34 610/610/610
f 63/63/63 61/61/61 693/693/693
f 69/69/69 67/67/67 698/698/698
f 73/73/73 71/71/71 701/701/701
f 71/71/71 69/69/69 699/699/699
f 65/65/65 696/696/696 67/67/67
f 59/59/59 691/691/691 61/61/61
f 30/30/30 32/32/32 611/611/611
f 75/75/75 73/73/73 703/703/703
f 75/75/75 703/703/703 704/704/704
f 77/77/77 705/705/705 706/706/706
f 707/707/707 708/708/708 79/79/79
f 79/79/79 706/706/706 707/707/707
f 704/704/704 705/705/705 75/75/75
f 83/83/83 709/709/709 710/710/710
f 83/83/83 710/710/710 711/711/711
f 85/85/85 712/712/712 713/713/713
f 714/714/714 715/715/715 87/87/87
f 87/87/87 713/713/713 714/714/714
f 85/85/85 711/711/711 712/712/712
f 81/81/81 708/708/708 709/709/709
f 91/91/91 716/716/716 717/717/717
f 91/91/91 717/717/717 718/718/718
f 719/719/719 720/720/720 93/93/93
f 97/97/97 721/721/721 722/722/722
f 95/95/95 720/720/720 721/721/721
f 93/93/93 718/718/718 719/719/719
f 99/99/99 723/723/723 724/724/724
f 724/724/724 725/725/725 99/99/99
f 103/103/103 726/726/726 727/727/727
f 105/105/105 728/728/728 729/729/729
f 103/103/103 727/727/727 728/728/728
f 101/101/101 725/725/725 726/726/726
f 97/97/97 722/722/722 723/723/723
f 89/89/89 715/715/715 716/716/716
f 107/107/107 730/730/730 731/731/731
f 109/109/109 731/731/731 732/732/732
f 111/111/111 733/733/733 734/734/734
f 113/113/113 735/735/735 736/736/736
f 734/734/734 735/735/735 113/113/113
f 109/109/109 732/732/732 733/733/733
f 115/115/115 737/737/737 738/738/738
f 117/117/117 738/738/738 739/739/739
f 119/119/119 740/740/740 741/741/741
f 742/742/742 743/743/743 121/121/121
f 121/121/121 741/741/741 742/742/742
f 739/739/739 740/740/740 119/119/119
f 115/115/115 736/736/736 737/737/737
f 125/125/125 744/744/744 745/745/745
f 125/125/125 745/745/745 746/746/746
f 747/747/747 748/748/748 127/127/127
f 131/131/131 749/749/749 750/750/750
f 129/129/129 748/748/748 749/749/749
f 127/127/127 746/746/746 747/747/747
f 133/133/133 751/751/751 752/752/752
f 752/752/752 753/753/753 135/135/135
f 137/137/137 754/754/754 755/755/755
f 139/139/139 756/756/756 757/757/757
f 137/137/137 755/755/755 756/756/756
f 135/135/135 753/753/753 754/754/754
f 131/131/131 750/750/750 751/751/751
f 123/123/123 743/743/743 744/744/744
f 729/729/729 730/730/730 105/105/105
f 79/79/79 77/77/77 706/706/706
f 83/83/83 81/81/81 709/709/709
f 87/87/87 85/85/85 713/713/713
f 83/83/83 711/711/711 85/85/85
f 91/91/91 89/89/89 716/716/716
f 93/93/93 91/91/91 718/718/718
f 97/97/97 95/95/95 721/721/721
f 97/97/97 723/723/723 99/99/99
f 105/105/105 103/103/103 728/728/728
f 111/111/111 109/109/109 733/733/733
f 115/115/115 113/113/113 736/736/736
f 107/107/107 731/731/731 109/109/109
f 121/121/121 119/119/119 741/741/741
f 125/125/125 123/123/123 744/744/744
f 125/125/125 746/746/746 127/127/127
f 115/115/115 738/738/738 117/117/117
f 101/101/101 726/726/726 103/103/103
f 141/141/141 758/758/758 759/759/759
f 143/143/143 759/759/759 760/760/760
f 145/145/145 761/761/761 762/762/762
f 147/147/147 763/763/763 764/764/764
f 147/147/147 762/762/762 763/763/763
f 760/760/760 761/761/761 143/143/143
f 765/765/765 766/766/766 149/149/149
f 151/151/151 766/766/766 767/767/767
f 153/153/153 768/768/768 769/769/769
f 155/155/155 770/770/770 771/771/771
f 155/155/155 769/769/769 770/770/770
f 153/153/153 767/767/767 768/768/768
f 149/149/149 764/764/764 765/765/765
f 133/133/133 131/131/131 751/751/751
f 139/139/139 137/137/137 756/756/756
f 759/759/759 143/143/143 141/141/141
f 141/141/141 139/139/139 757/757/757
f 135/135/135 754/754/754 137/137/137
f 762/762/762 147/147/147 145/145/145
f 764/764/764 149/149/149 147/147/147
f 767/767/767 153/153/153 151/151/151
f 771/771/771 157/157/157 155/155/155
f 155/155/155 153/153/153 769/769/769
f 157/157/157 771/771/771 772/772/772
f 749/749/749 131/131/131 129/129/129
f 642/642/642 644/644/644 640/640/640
f 644/644/644 641/641/641 638/638/638
f 642/642/642 640/640/640 4/4/4
f 638/638/638 641/641/641 637/637/637
f 8/8/8 637/637/637 641/641/641
f 636/636/636 637/637/637 8/8/8
f 634/634/634 10/10/10 633/633/633
f 636/636/636 8/8/8 635/635/635
f 630/630/630 631/631/631 14/14/14
f 629/629/629 630/630/630 14/14/14
f 625/625/625 626/626/626 18/18/18
f 627/627/627 18/18/18 626/626/626
f 22/22/22 621/621/621 622/622/622
f 26/26/26 617/617/617 618/618/618
f 620/620/620 621/621/621 22/22/22
f 20/20/20 623/623/623 624/624/624
f 611/611/611 32/32/32 610/610/610
f 42/42/42 44/44/44 599/599/599
f 46/46/46 48/48/48 594/594/594
f 50/50/50 52/52/52 590/590/590
f 48/48/48 50/50/50 592/592/592
f 44/44/44 46/46/46 596/596/596
f 54/54/54 56/56/56 586/586/586
f 56/56/56 58/58/58 583/583/583
f 60/60/60 62/62/62 579/579/579
f 64/64/64 66/66/66 575/575/575
f 62/62/62 64/64/64 577/577/577
f 58/58/58 60/60/60 582/582/582
f 52/52/52 54/54/54 588/588/588
f 66/66/66 68/68/68 573/573/573
f 28/28/28 614/614/614 615/615/615
f 30/30/30 612/612/612 613/613/613
f 68/68/68 70/70/70 571/571/571
f 70/70/70 72/72/72 569/569/569
f 72/72/72 74/74/74 567/567/567
f 76/76/76 78/78/78 563/563/563
f 80/80/80 82/82/82 559/559/559
f 78/78/78 80/80/80 561/561/561
f 74/74/74 76/76/76 565/565/565
f 82/82/82 84/84/84 557/557/557
f 26/26/26 616/616/616 617/617/617
f 40/40/40 42/42/42 601/601/601
f 608/608/608 609/609/609 34/34/34
f 606/606/606 607/607/607 36/36/36
f 604/604/604 605/605/605 38/38/38
f 601/601/601 602/602/602 40/40/40
f 42/42/42 599/599/599 600/600/600
f 44/44/44 597/597/597 598/598/598
f 604/604/604 38/38/38 603/603/603
f 46/46/46 595/595/595 596/596/596
f 591/591/591 592/592/592 50/50/50
f 593/593/593 594/594/594 48/48/48
f 52/52/52 588/588/588 589/589/589
f 584/584/584 585/585/585 56/56/56
f 586/586/586 587/587/587 54/54/54
f 589/589/589 590/590/590 52/52/52
f 60/60/60 580/580/580 581/581/581
f 62/62/62 578/578/578 579/579/579
f 64/64/64 576/576/576 577/577/577
f 68/68/68 571/571/571 572/572/572
f 572/572/572 573/573/573 68/68/68
f 575/575/575 576/576/576 64/64/64
f 72/72/72 567/567/567 568/568/568
f 563/563/563 564/564/564 76/76/76
f 565/565/565 566/566/566 74/74/74
f 555/555/555 556/556/556 86/86/86
f 556/556/556 557/557/557 84/84/84
f 558/558/558 559/559/559 82/82/82
f 561/561/561 562/562/562 78/78/78
f 568/568/568 569/569/569 72/72/72
f 582/582/582 583/583/583 58/58/58
f 86/86/86 88/88/88 553/553/553
f 88/88/88 90/90/90 551/551/551
f 552/552/552 553/553/553 88/88/88
f 551/551/551 90/90/90 550/550/550
f 555/555/555 86/86/86 554/554/554
f 90/90/90 92/92/92 549/549/549
f 92/92/92 94/94/94 547/547/547
f 96/96/96 98/98/98 543/543/543
f 94/94/94 96/96/96 545/545/545
f 98/98/98 100/100/100 541/541/541
f 100/100/100 102/102/102 539/539/539
f 92/92/92 548/548/548 549/549/549
f 96/96/96 543/543/543 544/544/544
f 544/544/544 545/545/545 96/96/96
f 546/546/546 547/547/547 94/94/94
f 100/100/100 540/540/540 541/541/541
f 537/537/537 104/104/104 536/536/536
f 537/537/537 538/538/538 102/102/102
f 539/539/539 540/540/540 100/100/100
f 104/104/104 537/537/537 102/102/102
f 535/535/535 536/536/536 104/104/104
f 104/104/104 106/106/106 534/534/534
f 108/108/108 110/110/110 530/530/530
f 112/112/112 114/114/114 526/526/526
f 110/110/110 112/112/112 528/528/528
f 106/106/106 108/108/108 532/532/532
f 116/116/116 118/118/118 521/521/521
f 118/118/118 120/120/120 519/519/519
f 122/122/122 124/124/124 515/515/515
f 126/126/126 128/128/128 511/511/511
f 124/124/124 126/126/126 513/513/513
f 120/120/120 122/122/122 517/517/517
f 114/114/114 116/116/116 524/524/524
f 130/130/130 132/132/132 506/506/506
f 132/132/132 134/134/134 504/504/504
f 136/136/136 138/138/138 500/500/500
f 140/140/140 142/142/142 496/496/496
f 138/138/138 140/140/140 498/498/498
f 134/134/134 136/136/136 502/502/502
f 144/144/144 146/146/146 492/492/492
f 146/146/146 148/148/148 489/489/489
f 150/150/150 152/152/152 485/485/485
f 154/154/154 156/156/156 481/481/481
f 152/152/152 154/154/154 484/484/484
f 148/148/148 150/150/150 488/488/488
f 142/142/142 144/144/144 493/493/493
f 128/128/128 130/130/130 508/508/508
f 156/156/156 158/158/158 479/479/479
f 106/106/106 533/533/533 534/534/534
f 108/108/108 531/531/531 532/532/532
f 530/530/530 531/531/531 108/108/108
f 112/112/112 527/527/527 528/528/528
f 112/112/112 526/526/526 527/527/527
f 114/114/114 524/524/524 525/525/525
f 116/116/116 522/522/522 523/523/523
f 118/118/118 520/520/520 521/521/521
f 120/120/120 517/517/517 518/518/518
f 518/518/518 519/519/519 120/120/120
f 124/124/124 513/513/513 514/514/514
f 509/509/509 510/510/510 128/128/128
f 511/511/511 512/512/512 126/126/126
f 514/514/514 515/515/515 124/124/124
f 132/132/132 505/505/505 506/506/506
f 134/134/134 503/503/503 504/504/504
f 136/136/136 501/501/501 502/502/502
f 138/138/138 498/498/498 499/499/499
f 142/142/142 494/494/494 495/495/495
f 495/495/495 496/496/496 142/142/142
f 500/500/500 501/501/501 136/136/136
f 144/144/144 492/492/492 493/493/493
f 488/488/488 489/489/489 148/148/148
f 490/490/490 491/491/491 146/146/146
f 484/484/484 485/485/485 152/152/152
f 480/480/480 481/481/481 156/156/156
f 482/482/482 483/483/483 154/154/154
f 486/486/486 487/487/487 150/150/150
f 507/507/507 508/508/508 130/130/130
f 479/479/479 158/158/158 478/478/478
f 772/772/772 773/773/773 159/159/159
f 159/159/159 773/773/773 774/774/774
f 775/775/775 776/776/776 161/161/161
f 165/165/165 777/777/777 778/778/778
f 163/163/163 776/776/776 777/777/777
f 161/161/161 774/774/774 775/775/775
f 167/167/167 779/779/779 780/780/780
f 780/780/780 781/781/781 167/167/167
f 171/171/171 782/782/782 783/783/783
f 173/173/173 784/784/784 785/785/785
f 171/171/171 783/783/783 784/784/784
f 169/169/169 781/781/781 782/782/782
f 165/165/165 778/778/778 779/779/779
f 175/175/175 786/786/786 787/787/787
f 787/787/787 788/788/788 177/177/177
f 179/179/179 789/789/789 790/790/790
f 181/181/181 791/791/791 792/792/792
f 179/179/179 790/790/790 791/791/791
f 177/177/177 788/788/788 789/789/789
f 183/183/183 793/793/793 794/794/794
f 185/185/185 794/794/794 795/795/795
f 187/187/187 796/796/796 797/797/797
f 189/189/189 798/798/798 799/799/799
f 189/189/189 797/797/797 798/798/798
f 795/795/795 796/796/796 185/185/185
f 792/792/792 793/793/793 183/183/183
f 173/173/173 785/785/785 786/786/786
f 800/800/800 801/801/801 191/191/191
f 193/193/193 801/801/801 802/802/802
f 195/195/195 803/803/803 804/804/804
f 805/805/805 806/806/806 199/199/199
f 197/197/197 804/804/804 805/805/805
f 195/195/195 802/802/802 803/803/803
f 201/201/201 807/807/807 808/808/808
f 808/808/808 809/809/809 201/201/201
f 205/205/205 810/810/810 811/811/811
f 207/207/207 812/812/812 813/813/813
f 205/205/205 811/811/811 812/812/812
f 203/203/203 809/809/809 810/810/810
f 199/199/199 806/806/806 807/807/807
f 209/209/209 814/814/814 815/815/815
f 211/211/211 815/815/815 816/816/816
f 213/213/213 817/817/817 818/818/818
f 215/215/215 819/819/819 820/820/820
f 818/818/818 819/819/819 215/215/215
f 211/211/211 816/816/816 817/817/817
f 217/217/217 821/821/821 822/822/822
f 219/219/219 822/822/822 823/823/823
f 221/221/221 824/824/824 825/825/825
f 826/826/826 827/827/827 223/223/223
f 223/223/223 825/825/825 826/826/826
f 823/823/823 824/824/824 221/221/221
f 217/217/217 820/820/820 821/821/821
f 813/813/813 814/814/814 207/207/207
f 191/191/191 799/799/799 800/800/800
f 161/161/161 159/159/159 774/774/774
f 167/167/167 165/165/165 779/779/779
f 171/171/171 169/169/169 782/782/782
f 163/163/163 777/777/777 165/165/165
f 175/175/175 173/173/173 786/786/786
f 181/181/181 179/179/179 791/791/791
f 185/185/185 183/183/183 794/794/794
f 177/177/177 789/789/789 179/179/179
f 171/171/171 784/784/784 173/173/173
f 160/160/160 162/162/162 476/476/476
f 162/162/162 164/164/164 474/474/474
f 166/166/166 168/168/168 470/470/470
f 170/170/170 172/172/172 466/466/466
f 168/168/168 170/170/170 467/467/467
f 164/164/164 166/166/166 472/472/472
f 174/174/174 176/176/176 461/461/461
f 176/176/176 178/178/178 459/459/459
f 180/180/180 182/182/182 455/455/455
f 184/184/184 186/186/186 451/451/451
f 182/182/182 184/184/184 453/453/453
f 178/178/178 180/180/180 457/457/457
f 172/172/172 174/174/174 463/463/463
f 189/189/189 187/187/187 797/797/797
f 191/191/191 189/189/189 799/799/799
f 195/195/195 193/193/193 802/802/802
f 195/195/195 804/804/804 197/197/197
f 829/829/829 227/227/227 828/828/828
f 207/207/207 205/205/205 812/812/812
f 203/203/203 810/810/810 205/205/205
f 227/227/227 829/829/829 830/830/830
f 807/807/807 201/201/201 199/199/199
f 211/211/211 209/209/209 815/815/815
f 213/213/213 211/211/211 817/817/817
f 188/188/188 190/190/190 447/447/447
f 192/192/192 194/194/194 442/442/442
f 190/190/190 192/192/192 444/444/444
f 217/217/217 215/215/215 820/820/820
f 219/219/219 217/217/217 822/822/822
f 223/223/223 221/221/221 825/825/825
f 828/828/828 227/227/227 225/225/225
f 229/229/229 227/227/227 830/830/830
f 828/828/828 225/225/225 827/827/827
f 186/186/186 188/188/188 448/448/448
f 158/158/158 160/160/160 478/478/478
f 229/229/229 831/831/831 832/832/832
f 231/231/231 832/832/832 833/833/833
f 233/233/233 834/834/834 835/835/835
f 836/836/836 837/837/837 235/235/235
f 235/235/235 835/835/835 836/836/836
f 833/833/833 834/834/834 233/233/233
f 239/239/239 838/838/838 839/839/839
f 239/239/239 839/839/839 840/840/840
f 241/241/241 841/841/841 842/842/842
f 843/843/843 844/844/844 245/245/245
f 243/243/243 842/842/842 843/843/843
f 241/241/241 840/840/840 841/841/841
f 237/237/237 837/837/837 838/838/838
f 247/247/247 845/845/845 846/846/846
f 247/247/247 846/846/846 847/847/847
f 848/848/848 849/849/849 251/251/251
f 253/253/253 850/850/850 851/851/851
f 251/251/251 849/849/849 850/850/850
f 249/249/249 847/847/847 848/848/848
f 255/255/255 852/852/852 853/853/853
f 853/853/853 854/854/854 257/257/257
f 259/259/259 855/855/855 856/856/856
f 261/261/261 857/857/857 858/858/858
f 259/259/259 856/856/856 857/857/857
f 257/257/257 854/854/854 855/855/855
f 253/253/253 851/851/851 852/852/852
f 245/245/245 844/844/844 845/845/845
f 263/263/263 859/859/859 860/860/860
f 265/265/265 860/860/860 861/861/861
f 267/267/267 862/862/862 863/863/863
f 269/269/269 864/864/864 865/865/865
f 269/269/269 863/863/863 864/864/864
f 861/861/861 862/862/862 265/265/265
f 866/866/866 867/867/867 271/271/271
f 273/273/273 867/867/867 868/868/868
f 275/275/275 869/869/869 870/870/870
f 871/871/871 872/872/872 279/279/279
f 277/277/277 870/870/870 871/871/871
f 275/275/275 868/868/868 869/869/869
f 271/271/271 865/865/865 866/866/866
f 281/281/281 873/873/873 874/874/874
f 281/281/281 874/874/874 875/875/875
f 876/876/876 877/877/877 285/285/285
f 287/287/287 878/878/878 879/879/879
f 285/285/285 877/877/877 878/878/878
f 283/283/283 875/875/875 876/876/876
f 289/289/289 880/880/880 881/881/881
f 291/291/291 881/881/881 882/882/882
f 293/293/293 883/883/883 884/884/884
f 295/295/295 885/885/885 886/886/886
f 884/884/884 885/885/885 293/293/293
f 291/291/291 882/882/882 883/883/883
f 879/879/879 880/880/880 287/287/287
f 279/279/279 872/872/872 873/873/873
f 858/858/858 859/859/859 263/263/263
f 231/231/231 229/229/229 832/832/832
f 241/241/241 239/239/239 840/840/840
f 237/237/237 838/838/838 239/239/239
f 233/233/233 835/835/835 235/235/235
f 247/247/247 245/245/245 845/845/845
f 255/255/255 253/253/253 852/852/852
f 251/251/251 850/850/850 253/253/253
f 247/247/247 847/847/847 249/249/249
f 241/241/241 842/842/842 243/243/243
f 259/259/259 257/257/257 855/855/855
f 261/261/261 259/259/259 857/857/857
f 265/265/265 263/263/263 860/860/860
f 269/269/269 267/267/267 863/863/863
f 275/275/275 273/273/273 868/868/868
f 283/283/283 281/281/281 875/875/875
f 279/279/279 873/873/873 281/281/281
f 275/275/275 870/870/870 277/277/277
f 269/269/269 865/865/865 271/271/271
f 297/297/297 887/887/887 888/888/888
f 299/299/299 888/888/888 889/889/889
f 301/301/301 890/890/890 891/891/891
f 303/303/303 892/892/892 893/893/893
f 303/303/303 891/891/891 892/892/892
f 889/889/889 890/890/890 301/301/301
f 894/894/894 895/895/895 307/307/307
f 307/307/307 895/895/895 896/896/896
f 309/309/309 897/897/897 898/898/898
f 899/899/899 313/313/313 314/314/314
f 311/311/311 898/898/898 899/899/899
f 309/309/309 896/896/896 897/897/897
f 305/305/305 893/893/893 894/894/894
f 287/287/287 285/285/285 878/878/878
f 293/293/293 291/291/291 883/883/883
f 297/297/297 295/295/295 886/886/886
f 289/289/289 881/881/881 291/291/291
f 893/893/893 305/305/305 303/303/303
f 303/303/303 301/301/301 891/891/891
f 896/896/896 309/309/309 307/307/307
f 311/311/311 309/309/309 898/898/898
f 299/299/299 297/297/297 888/888/888
f 476/476/476 477/477/477 160/160/160
f 472/472/472 473/473/473 164/164/164
f 474/474/474 164/164/164 473/473/473
f 470/470/470 471/471/471 166/166/166
f 467/467/467 170/170/170 466/466/466
f 469/469/469 168/168/168 468/468/468
f 462/462/462 463/463/463 174/174/174
f 460/460/460 461/461/461 176/176/176
f 458/458/458 459/459/459 178/178/178
f 456/456/456 457/457/457 180/180/180
f 453/453/453 454/454/454 182/182/182
f 455/455/455 182/182/182 454/454/454
f 465/465/465 172/172/172 464/464/464
f 196/196/196 198/198/198 438/438/438
f 200/200/200 202/202/202 434/434/434
f 204/204/204 206/206/206 429/429/429
f 202/202/202 204/204/204 431/431/431
f 198/198/198 200/200/200 435/435/435
f 208/208/208 210/210/210 425/425/425
f 210/210/210 212/212/212 422/422/422
f 214/214/214 216/216/216 418/418/418
f 218/218/218 220/220/220 414/414/414
f 216/216/216 218/218/218 416/416/416
f 212/212/212 214/214/214 421/421/421
f 206/206/206 208/208/208 427/427/427
f 222/222/222 224/224/224 410/410/410
f 224/224/224 226/226/226 408/408/408
f 450/450/450 186/186/186 449/449/449
f 448/448/448 188/188/188 447/447/447
f 226/226/226 228/228/228 406/406/406
f 220/220/220 222/222/222 412/412/412
f 228/228/228 230/230/230 404/404/404
f 230/230/230 232/232/232 402/402/402
f 234/234/234 236/236/236 398/398/398
f 238/238/238 240/240/240 394/394/394
f 236/236/236 238/238/238 396/396/396
f 232/232/232 234/234/234 400/400/400
f 240/240/240 242/242/242 393/393/393
f 186/186/186 450/450/450 451/451/451
f 194/194/194 196/196/196 440/440/440
f 445/445/445 446/446/446 190/190/190
f 440/440/440 441/441/441 194/194/194
f 442/442/442 194/194/194 441/441/441
f 444/444/444 192/192/192 443/443/443
f 198/198/198 437/437/437 438/438/438
f 434/434/434 435/435/435 200/200/200
f 436/436/436 437/437/437 198/198/198
f 202/202/202 431/431/431 432/432/432
f 206/206/206 428/428/428 429/429/429
f 427/427/427 428/428/428 206/206/206
f 210/210/210 423/423/423 424/424/424
f 212/212/212 421/421/421 422/422/422
f 214/214/214 419/419/419 420/420/420
f 425/425/425 426/426/426 208/208/208
f 432/432/432 433/433/433 202/202/202
f 216/216/216 417/417/417 418/418/418
f 413/413/413 414/414/414 220/220/220
f 415/415/415 416/416/416 218/218/218
f 224/224/224 409/409/409 410/410/410
f 226/226/226 407/407/407 408/408/408
f 228/228/228 405/405/405 406/406/406
f 411/411/411 412/412/412 222/222/222
f 232/232/232 400/400/400 401/401/401
f 401/401/401 402/402/402 232/232/232
f 238/238/238 395/395/395 396/396/396
f 240/240/240 393/393/393 394/394/394
f 242/242/242 391/391/391 392/392/392
f 397/397/397 398/398/398 236/236/236
f 404/404/404 405/405/405 228/228/228
f 391/391/391 242/242/242 390/390/390
f 244/244/244 246/246/246 388/388/388
f 386/386/386 387/387/387 246/246/246
f 244/244/244 389/389/389 390/390/390
f 246/246/246 387/387/387 388/388/388
f 246/246/246 248/248/248 386/386/386
f 242/242/242 244/244/244 390/390/390
f 248/248/248 250/250/250 384/384/384
f 250/250/250 252/252/252 382/382/382
f 254/254/254 256/256/256 378/378/378
f 258/258/258 260/260/260 373/373/373
f 256/256/256 258/258/258 376/376/376
f 252/252/252 254/254/254 380/380/380
f 260/260/260 372/372/372 373/373/373
f 250/250/250 382/382/382 383/383/383
f 383/383/383 384/384/384 250/250/250
f 254/254/254 378/378/378 379/379/379
f 374/374/374 375/375/375 258/258/258
f 376/376/376 377/377/377 256/256/256
f 379/379/379 380/380/380 254/254/254
f 260/260/260 262/262/262 371/371/371
f 264/264/264 266/266/266 367/367/367
f 266/266/266 268/268/268 365/365/365
f 270/270/270 272/272/272 361/361/361
f 274/274/274 276/276/276 356/356/356
f 272/272/272 274/274/274 358/358/358
f 268/268/268 270/270/270 363/363/363
f 278/278/278 280/280/280 352/352/352
f 280/280/280 282/282/282 349/349/349
f 284/284/284 286/286/286 345/345/345
f 288/288/288 290/290/290 341/341/341
f 286/286/286 288/288/288 343/343/343
f 282/282/282 284/284/284 348/348/348
f 276/276/276 278/278/278 354/354/354
f 292/292/292 294/294/294 337/337/337
f 294/294/294 296/296/296 335/335/335
f 298/298/298 300/300/300 331/331/331
f 302/302/302 304/304/304 327/327/327
f 300/300/300 302/302/302 328/328/328
f 296/296/296 298/298/298 332/332/332
f 306/306/306 308/308/308 322/322/322
f 308/308/308 310/310/310 321/321/321
f 310/310/310 312/312/312 901/901/901
f 903/903/903 317/317/317 901/901/901
f 310/310/310 901/901/901 318/318/318
f 304/304/304 306/306/306 325/325/325
f 290/290/290 292/292/292 339/339/339
f 262/262/262 264/264/264 369/369/369
f 900/900/900 316/316/316 903/903/903
f 262/262/262 370/370/370 371/371/371
f 264/264/264 368/368/368 369/369/369
f 266/266/266 366/366/366 367/367/367
f 268/268/268 363/363/363 364/364/364
f 270/270/270 361/361/361 362/362/362
f 272/272/272 359/359/359 360/360/360
f 365/365/365 366/366/366 266/266/266
f 274/274/274 357/357/357 358/358/358
f 276/276/276 354/354/354 355/355/355
f 355/355/355 356/356/356 276/276/276
f 280/280/280 350/350/350 351/351/351
f 346/346/346 347/347/347 284/284/284
f 348/348/348 349/349/349 282/282/282
f 351/351/351 352/352/352 280/280/280
f 288/288/288 342/342/342 343/343/343
f 292/292/292 338/338/338 339/339/339
f 341/341/341 342/342/342 288/288/288
f 294/294/294 335/335/335 336/336/336
f 296/296/296 333/333/333 334/334/334
f 298/298/298 331/331/331 332/332/332
f 337/337/337 338/338/338 292/292/292
f 300/300/300 329/329/329 330/330/330
f 325/325/325 326/326/326 304/304/304
f 327/327/327 328/328/328 302/302/302
f 321/321/321 322/322/322 308/308/308
f 310/310/310 318/318/318 319/319/319
f 903/903/903 316/316/316 317/317/317
f 317/317/317 318/318/318 901/901/901
f 319/319/319 320/320/320 310/310/310
f 323/323/323 324/324/324 306/306/306
f 344/344/344 345/345/345 286/286/286
f 1546/1546/1546 905/905/905 906/906/906
f 908/908/908 1546/1546/1546 909/909/909
f 905/905/905 1546/1546/1546 908/908/908
f 1551/1551/1551 1550/1550/1550 1549/1549/1549
f 1548/1548/1548 1547/1547/1547 1551/1551/1551
f 1550/1550/1550 906/906/906 1545/1545/1545
f 1546/1546/1546 1550/1550/1550 1547/1547/1547
f 906/906/906 1550/1550/1550 1546/1546/1546
f 1544/1544/1544 909/909/909 1547/1547/1547
f 911/911/911 910/910/910 909/909/909
f 913/913/913 912/912/912 911/911/911
f 915/915/915 914/914/914 913/913/913
f 917/917/917 916/916/916 915/915/915
f 919/919/919 918/918/918 917/917/917
f 921/921/921 920/920/920 919/919/919
f 923/923/923 922/922/922 921/921/921
f 925/925/925 924/924/924 922/922/922
f 927/927/927 926/926/926 925/925/925
f 929/929/929 928/928/928 927/927/927
f 931/931/931 930/930/930 929/929/929
f 933/933/933 932/932/932 931/931/931
f 935/935/935 934/934/934 932/932/932
f 937/937/937 936/936/936 935/935/935
f 939/939/939 938/938/938 937/937/937
f 941/941/941 940/940/940 939/939/939
f 943/943/943 942/942/942 941/941/941
f 945/945/945 944/944/944 943/943/943
f 947/947/947 946/946/946 945/945/945
f 949/949/949 948/948/948 947/947/947
f 951/951/951 950/950/950 948/948/948
f 953/953/953 952/952/952 950/950/950
f 955/955/955 954/954/954 952/952/952
f 957/957/957 956/956/956 955/955/955
f 959/959/959 958/958/958 957/957/957
f 961/961/961 960/960/960 959/959/959
f 963/963/963 962/962/962 960/960/960
f 965/965/965 964/964/964 962/962/962
f 967/967/967 966/966/966 965/965/965
f 969/969/969 968/968/968 967/967/967
f 971/971/971 970/970/970 969/969/969
f 973/973/973 972/972/972 971/971/971
f 975/975/975 974/974/974 973/973/973
f 977/977/977 976/976/976 975/975/975
f 979/979/979 978/978/978 977/977/977
f 981/981/981 980/980/980 979/979/979
f 983/983/983 982/982/982 981/981/981
f 985/985/985 984/984/984 983/983/983
f 987/987/987 986/986/986 985/985/985
f 989/989/989 988/988/988 987/987/987
f 991/991/991 990/990/990 989/989/989
f 993/993/993 992/992/992 991/991/991
f 995/995/995 994/994/994 993/993/993
f 997/997/997 996/996/996 995/995/995
f 999/999/999 998/998/998 996/996/996
f 1001/1001/1001 1000/1000/1000 999/999/999
f 1003/1003/1003 1002/1002/1002 1001/1001/1001
f 1005/1005/1005 1004/1004/1004 1003/1003/1003
f 1007/1007/1007 1006/1006/1006 1005/1005/1005
f 1009/1009/1009 1008/1008/1008 1007/1007/1007
f 1011/1011/1011 1010/1010/1010 1009/1009/1009
f 1013/1013/1013 1012/1012/1012 1011/1011/1011
f 1015/1015/1015 1014/1014/1014 1012/1012/1012
f 1017/1017/1017 1016/1016/1016 1015/1015/1015
f 1019/1019/1019 1018/1018/1018 1017/1017/1017
f 1021/1021/1021 1020/1020/1020 1019/1019/1019
f 1023/1023/1023 1022/1022/1022 1021/1021/1021
f 1025/1025/1025 1024/1024/1024 1023/1023/1023
f 1027/1027/1027 1026/1026/1026 1025/1025/1025
f 1029/1029/1029 1028/1028/1028 1027/1027/1027
f 1031/1031/1031 1030/1030/1030 1029/1029/1029
f 1033/1033/1033 1032/1032/1032 1030/1030/1030
f 1035/1035/1035 1034/1034/1034 1032/1032/1032
f 1037/1037/1037 1036/1036/1036 1035/1035/1035
f 1039/1039/1039 1038/1038/1038 1037/1037/1037
f 1041/1041/1041 1040/1040/1040 1039/1039/1039
f 1043/1043/1043 1042/1042/1042 1041/1041/1041
f 1045/1045/1045 1044/1044/1044 1043/1043/1043
f 1047/1047/1047 1046/1046/1046 1045/1045/1045
f 1049/1049/1049 1048/1048/1048 1047/1047/1047
f 1051/1051/1051 1050/1050/1050 1049/1049/1049
f 1053/1053/1053 1052/1052/1052 1051/1051/1051
f 1055/1055/1055 1054/1054/1054 1053/1053/1053
f 1057/1057/1057 1056/1056/1056 1055/1055/1055
f 1059/1059/1059 1058/1058/1058 1057/1057/1057
f 1061/1061/1061 1060/1060/1060 1059/1059/1059
f 1063/1063/1063 1062/1062/1062 1061/1061/1061
f 1065/1065/1065 1064/1064/1064 1063/1063/1063
f 1067/1067/1067 1066/1066/1066 1065/1065/1065
f 1069/1069/1069 1068/1068/1068 1067/1067/1067
f 1071/1071/1071 1070/1070/1070 1069/1069/1069
f 1073/1073/1073 1072/1072/1072 1071/1071/1071
f 1075/1075/1075 1074/1074/1074 1073/1073/1073
f 1077/1077/1077 1076/1076/1076 1075/1075/1075
f 1079/1079/1079 1078/1078/1078 1076/1076/1076
f 1081/1081/1081 1080/1080/1080 1079/1079/1079
f 1083/1083/1083 1082/1082/1082 1081/1081/1081
f 1085/1085/1085 1084/1084/1084 1083/1083/1083
f 1087/1087/1087 1086/1086/1086 1085/1085/1085
f 1089/1089/1089 1088/1088/1088 1087/1087/1087
f 1091/1091/1091 1090/1090/1090 1089/1089/1089
f 1093/1093/1093 1092/1092/1092 1091/1091/1091
f 1095/1095/1095 1094/1094/1094 1093/1093/1093
f 1097/1097/1097 1096/1096/1096 1094/1094/1094
f 1099/1099/1099 1098/1098/1098 1096/1096/1096
f 1101/1101/1101 1100/1100/1100 1099/1099/1099
f 1103/1103/1103 1102/1102/1102 1101/1101/1101
f 1105/1105/1105 1104/1104/1104 1103/1103/1103
f 1107/1107/1107 1106/1106/1106 1105/1105/1105
f 1109/1109/1109 1108/1108/1108 1106/1106/1106
f 1111/1111/1111 1110/1110/1110 1108/1108/1108
f 1113/1113/1113 1112/1112/1112 1111/1111/1111
f 1115/1115/1115 1114/1114/1114 1113/1113/1113
f 1117/1117/1117 1116/1116/1116 1115/1115/1115
f 1119/1119/1119 1118/1118/1118 1117/1117/1117
f 1121/1121/1121 1120/1120/1120 1119/1119/1119
f 1123/1123/1123 1122/1122/1122 1120/1120/1120
f 1125/1125/1125 1124/1124/1124 1123/1123/1123
f 1127/1127/1127 1126/1126/1126 1125/1125/1125
f 1129/1129/1129 1128/1128/1128 1127/1127/1127
f 1131/1131/1131 1130/1130/1130 1129/1129/1129
f 1133/1133/1133 1132/1132/1132 1131/1131/1131
f 1135/1135/1135 1134/1134/1134 1133/1133/1133
f 1137/1137/1137 1136/1136/1136 1135/1135/1135
f 1139/1139/1139 1138/1138/1138 1137/1137/1137
f 1141/1141/1141 1140/1140/1140 1139/1139/1139
f 1143/1143/1143 1142/1142/1142 1141/1141/1141
f 1145/1145/1145 1144/1144/1144 1143/1143/1143
f 1147/1147/1147 1146/1146/1146 1145/1145/1145
f 1149/1149/1149 1148/1148/1148 1147/1147/1147
f 1151/1151/1151 1150/1150/1150 1149/1149/1149
f 1153/1153/1153 1152/1152/1152 1150/1150/1150
f 1155/1155/1155 1154/1154/1154 1153/1153/1153
f 1157/1157/1157 1156/1156/1156 1155/1155/1155
f 1159/1159/1159 1158/1158/1158 1157/1157/1157
f 1161/1161/1161 1160/1160/1160 1158/1158/1158
f 1163/1163/1163 1162/1162/1162 1161/1161/1161
f 1165/1165/1165 1164/1164/1164 1163/1163/1163
f 1167/1167/1167 1166/1166/1166 1165/1165/1165
f 1169/1169/1169 1168/1168/1168 1167/1167/1167
f 1171/1171/1171 1170/1170/1170 1168/1168/1168
f 1173/1173/1173 1172/1172/1172 1171/1171/1171
f 1175/1175/1175 1174/1174/1174 1173/1173/1173
f 1177/1177/1177 1176/1176/1176 1175/1175/1175
f 1179/1179/1179 1178/1178/1178 1176/1176/1176
f 1181/1181/1181 1180/1180/1180 1178/1178/1178
f 1183/1183/1183 1182/1182/1182 1181/1181/1181
f 1185/1185/1185 1184/1184/1184 1183/1183/1183
f 1187/1187/1187 1186/1186/1186 1185/1185/1185
f 1189/1189/1189 1188/1188/1188 1187/1187/1187
f 1191/1191/1191 1190/1190/1190 1189/1189/1189
f 1193/1193/1193 1192/1192/1192 1191/1191/1191
f 1195/1195/1195 1194/1194/1194 1192/1192/1192
f 1197/1197/1197 1196/1196/1196 1195/1195/1195
f 1199/1199/1199 1198/1198/1198 1197/1197/1197
f 1201/1201/1201 1200/1200/1200 1199/1199/1199
f 1203/1203/1203 1202/1202/1202 1201/1201/1201
f 1205/1205/1205 1204/1204/1204 1203/1203/1203
f 1207/1207/1207 1206/1206/1206 1205/1205/1205
f 1209/1209/1209 1208/1208/1208 1207/1207/1207
f 1211/1211/1211 1210/1210/1210 1209/1209/1209
f 1213/1213/1213 1212/1212/1212 1211/1211/1211
f 1215/1215/1215 1214/1214/1214 1213/1213/1213
f 1554/1554/1554 1214/1214/1214 1215/1215/1215
f 1217/1217/1217 1554/1554/1554 1218/1218/1218
f 1214/1214/1214 1554/1554/1554 1217/1217/1217
f 1814/1814/1814 1813/1813/1813 1555/1555/1555
f 1811/1811/1811 1552/1552/1552 1814/1814/1814
f 1555/1555/1555 1554/1554/1554 1553/1553/1553
f 1813/1813/1813 1554/1554/1554 1555/1555/1555
f 1218/1218/1218 1813/1813/1813 1552/1552/1552
f 1554/1554/1554 1813/1813/1813 1218/1218/1218
f 905/905/905 1556/1556/1556 904/904/904
f 908/908/908 1557/1557/1557 1556/1556/1556
f 910/910/910 1559/1559/1559 1558/1558/1558
f 912/912/912 1561/1561/1561 1560/1560/1560
f 1559/1559/1559 910/910/910 912/912/912
f 908/908/908 1558/1558/1558 1557/1557/1557
f 914/914/914 1563/1563/1563 1562/1562/1562
f 916/916/916 1564/1564/1564 1563/1563/1563
f 918/918/918 1566/1566/1566 1565/1565/1565
f 920/920/920 1568/1568/1568 1567/1567/1567
f 920/920/920 1567/1567/1567 1566/1566/1566
f 1564/1564/1564 916/916/916 918/918/918
f 914/914/914 1562/1562/1562 1561/1561/1561
f 1569/1569/1569 922/922/922 1570/1570/1570
f 924/924/924 1571/1571/1571 1570/1570/1570
f 926/926/926 1573/1573/1573 1572/1572/1572
f 1574/1574/1574 928/928/928 1575/1575/1575
f 928/928/928 1574/1574/1574 1573/1573/1573
f 926/926/926 1572/1572/1572 1571/1571/1571
f 932/932/932 1577/1577/1577 1576/1576/1576
f 932/932/932 1578/1578/1578 1577/1577/1577
f 1579/1579/1579 934/934/934 936/936/936
f 938/938/938 1582/1582/1582 1581/1581/1581
f 936/936/936 1581/1581/1581 1580/1580/1580
f 934/934/934 1579/1579/1579 1578/1578/1578
f 930/930/930 1576/1576/1576 1575/1575/1575
f 922/922/922 1569/1569/1569 1568/1568/1568
f 940/940/940 1584/1584/1584 1583/1583/1583
f 1584/1584/1584 940/940/940 942/942/942
f 944/944/944 1587/1587/1587 1586/1586/1586
f 946/946/946 1589/1589/1589 1588/1588/1588
f 1587/1587/1587 944/944/944 1588/1588/1588
f 942/942/942 1586/1586/1586 1585/1585/1585
f 948/948/948 1591/1591/1591 1590/1590/1590
f 950/950/950 1592/1592/1592 1591/1591/1591
f 952/952/952 1594/1594/1594 1593/1593/1593
f 954/954/954 1596/1596/1596 1595/1595/1595
f 954/954/954 1595/1595/1595 1594/1594/1594
f 1592/1592/1592 950/950/950 952/952/952
f 948/948/948 1590/1590/1590 1589/1589/1589
f 1597/1597/1597 956/956/956 958/958/958
f 958/958/958 1599/1599/1599 1598/1598/1598
f 1600/1600/1600 960/960/960 1601/1601/1601
f 964/964/964 1603/1603/1603 1602/1602/1602
f 962/962/962 1602/1602/1602 1601/1601/1601
f 960/960/960 1600/1600/1600 1599/1599/1599
f 966/966/966 1605/1605/1605 1604/1604/1604
f 1605/1605/1605 966/966/966 1606/1606/1606
f 970/970/970 1608/1608/1608 1607/1607/1607
f 972/972/972 1610/1610/1610 1609/1609/1609
f 970/970/970 1609/1609/1609 1608/1608/1608
f 968/968/968 1607/1607/1607 1606/1606/1606
f 964/964/964 1604/1604/1604 1603/1603/1603
f 956/956/956 1597/1597/1597 1596/1596/1596
f 938/938/938 1583/1583/1583 1582/1582/1582
f 908/908/908 1556/1556/1556 905/905/905
f 910/910/910 1558/1558/1558 908/908/908
f 914/914/914 1561/1561/1561 912/912/912
f 914/914/914 916/916/916 1563/1563/1563
f 922/922/922 1568/1568/1568 920/920/920
f 928/928/928 1573/1573/1573 926/926/926
f 932/932/932 1576/1576/1576 930/930/930
f 924/924/924 926/926/926 1571/1571/1571
f 918/918/918 920/920/920 1566/1566/1566
f 1544/1544/1544 911/911/911 909/909/909
f 911/911/911 1539/1539/1539 1538/1538/1538
f 915/915/915 1534/1534/1534 917/917/917
f 919/919/919 1530/1530/1530 921/921/921
f 917/917/917 1533/1533/1533 1532/1532/1532
f 913/913/913 1537/1537/1537 915/915/915
f 923/923/923 1526/1526/1526 925/925/925
f 927/927/927 1522/1522/1522 929/929/929
f 931/931/931 1518/1518/1518 1517/1517/1517
f 929/929/929 1520/1520/1520 931/931/931
f 925/925/925 1524/1524/1524 927/927/927
f 921/921/921 1529/1529/1529 1528/1528/1528
f 932/932/932 934/934/934 1578/1578/1578
f 938/938/938 1581/1581/1581 936/936/936
f 940/940/940 1583/1583/1583 938/938/938
f 944/944/944 1586/1586/1586 942/942/942
f 948/948/948 1589/1589/1589 946/946/946
f 1591/1591/1591 948/948/948 950/950/950
f 960/960/960 1599/1599/1599 958/958/958
f 954/954/954 1594/1594/1594 952/952/952
f 954/954/954 956/956/956 1596/1596/1596
f 974/974/974 1612/1612/1612 1611/1611/1611
f 935/935/935 1514/1514/1514 1513/1513/1513
f 939/939/939 1510/1510/1510 1509/1509/1509
f 943/943/943 1505/1505/1505 945/945/945
f 941/941/941 1507/1507/1507 1506/1506/1506
f 937/937/937 1511/1511/1511 939/939/939
f 964/964/964 1602/1602/1602 962/962/962
f 966/966/966 1604/1604/1604 964/964/964
f 970/970/970 1607/1607/1607 968/968/968
f 974/974/974 1611/1611/1611 1610/1610/1610
f 970/970/970 972/972/972 1609/1609/1609
f 976/976/976 1613/1613/1613 1612/1612/1612
f 933/933/933 1516/1516/1516 1515/1515/1515
f 976/976/976 1614/1614/1614 1613/1613/1613
f 978/978/978 1615/1615/1615 1614/1614/1614
f 980/980/980 1617/1617/1617 1616/1616/1616
f 1618/1618/1618 982/982/982 1619/1619/1619
f 982/982/982 1618/1618/1618 1617/1617/1617
f 1615/1615/1615 978/978/978 1616/1616/1616
f 986/986/986 1621/1621/1621 1620/1620/1620
f 986/986/986 1622/1622/1622 1621/1621/1621
f 988/988/988 1624/1624/1624 1623/1623/1623
f 1625/1625/1625 990/990/990 1626/1626/1626
f 990/990/990 1625/1625/1625 1624/1624/1624
f 988/988/988 1623/1623/1623 1622/1622/1622
f 984/984/984 1620/1620/1620 1619/1619/1619
f 994/994/994 1628/1628/1628 1627/1627/1627
f 994/994/994 1629/1629/1629 1628/1628/1628
f 1630/1630/1630 996/996/996 1631/1631/1631
f 1000/1000/1000 1633/1633/1633 1632/1632/1632
f 998/998/998 1632/1632/1632 1631/1631/1631
f 996/996/996 1630/1630/1630 1629/1629/1629
f 1002/1002/1002 1635/1635/1635 1634/1634/1634
f 1635/1635/1635 1002/1002/1002 1636/1636/1636
f 1006/1006/1006 1638/1638/1638 1637/1637/1637
f 1008/1008/1008 1640/1640/1640 1639/1639/1639
f 1006/1006/1006 1639/1639/1639 1638/1638/1638
f 1004/1004/1004 1637/1637/1637 1636/1636/1636
f 1000/1000/1000 1634/1634/1634 1633/1633/1633
f 992/992/992 1627/1627/1627 1626/1626/1626
f 1010/1010/1010 1642/1642/1642 1641/1641/1641
f 1012/1012/1012 1643/1643/1643 1642/1642/1642
f 1014/1014/1014 1645/1645/1645 1644/1644/1644
f 1016/1016/1016 1647/1647/1647 1646/1646/1646
f 1645/1645/1645 1014/1014/1014 1016/1016/1016
f 1012/1012/1012 1644/1644/1644 1643/1643/1643
f 1018/1018/1018 1649/1649/1649 1648/1648/1648
f 1020/1020/1020 1650/1650/1650 1649/1649/1649
f 1022/1022/1022 1652/1652/1652 1651/1651/1651
f 1653/1653/1653 1024/1024/1024 1654/1654/1654
f 1024/1024/1024 1653/1653/1653 1652/1652/1652
f 1650/1650/1650 1020/1020/1020 1022/1022/1022
f 1018/1018/1018 1648/1648/1648 1647/1647/1647
f 1028/1028/1028 1656/1656/1656 1655/1655/1655
f 1028/1028/1028 1657/1657/1657 1656/1656/1656
f 1658/1658/1658 1030/1030/1030 1659/1659/1659
f 1034/1034/1034 1661/1661/1661 1660/1660/1660
f 1032/1032/1032 1660/1660/1660 1659/1659/1659
f 1030/1030/1030 1658/1658/1658 1657/1657/1657
f 1036/1036/1036 1663/1663/1663 1662/1662/1662
f 1663/1663/1663 1036/1036/1036 1038/1038/1038
f 1040/1040/1040 1666/1666/1666 1665/1665/1665
f 1042/1042/1042 1668/1668/1668 1667/1667/1667
f 1040/1040/1040 1667/1667/1667 1666/1666/1666
f 1038/1038/1038 1665/1665/1665 1664/1664/1664
f 1034/1034/1034 1662/1662/1662 1661/1661/1661
f 1026/1026/1026 1655/1655/1655 1654/1654/1654
f 1640/1640/1640 1008/1008/1008 1641/1641/1641
f 978/978/978 1614/1614/1614 976/976/976
f 988/988/988 1622/1622/1622 986/986/986
f 984/984/984 986/986/986 1620/1620/1620
f 980/980/980 982/982/982 1617/1617/1617
f 994/994/994 1627/1627/1627 992/992/992
f 1002/1002/1002 1634/1634/1634 1000/1000/1000
f 998/998/998 1000/1000/1000 1632/1632/1632
f 994/994/994 996/996/996 1629/1629/1629
f 988/988/988 990/990/990 1624/1624/1624
f 1006/1006/1006 1637/1637/1637 1004/1004/1004
f 1008/1008/1008 1639/1639/1639 1006/1006/1006
f 1012/1012/1012 1642/1642/1642 1010/1010/1010
f 1012/1012/1012 1014/1014/1014 1644/1644/1644
f 1020/1020/1020 1649/1649/1649 1018/1018/1018
f 1030/1030/1030 1657/1657/1657 1028/1028/1028
f 1026/1026/1026 1028/1028/1028 1655/1655/1655
f 1022/1022/1022 1024/1024/1024 1652/1652/1652
f 1016/1016/1016 1018/1018/1018 1647/1647/1647
f 1044/1044/1044 1670/1670/1670 1669/1669/1669
f 1046/1046/1046 1671/1671/1671 1670/1670/1670
f 1048/1048/1048 1673/1673/1673 1672/1672/1672
f 1050/1050/1050 1675/1675/1675 1674/1674/1674
f 1050/1050/1050 1674/1674/1674 1673/1673/1673
f 1671/1671/1671 1046/1046/1046 1672/1672/1672
f 1676/1676/1676 1052/1052/1052 1677/1677/1677
f 1054/1054/1054 1678/1678/1678 1677/1677/1677
f 1056/1056/1056 1680/1680/1680 1679/1679/1679
f 1058/1058/1058 1682/1682/1682 1681/1681/1681
f 1058/1058/1058 1681/1681/1681 1680/1680/1680
f 1056/1056/1056 1679/1679/1679 1678/1678/1678
f 1052/1052/1052 1676/1676/1676 1675/1675/1675
f 1034/1034/1034 1660/1660/1660 1032/1032/1032
f 1036/1036/1036 1662/1662/1662 1034/1034/1034
f 1040/1040/1040 1665/1665/1665 1038/1038/1038
f 1044/1044/1044 1669/1669/1669 1668/1668/1668
f 1040/1040/1040 1042/1042/1042 1667/1667/1667
f 1675/1675/1675 1050/1050/1050 1052/1052/1052
f 1050/1050/1050 1673/1673/1673 1048/1048/1048
f 1678/1678/1678 1054/1054/1054 1056/1056/1056
f 1682/1682/1682 1058/1058/1058 1060/1060/1060
f 1058/1058/1058 1680/1680/1680 1056/1056/1056
f 1046/1046/1046 1670/1670/1670 1044/1044/1044
f 1060/1060/1060 1683/1683/1683 1682/1682/1682
f 1543/1543/1543 1551/1551/1551 1549/1549/1549
f 1543/1543/1543 1549/1549/1549 907/907/907
f 1542/1542/1542 1548/1548/1548 1543/1543/1543
f 1548/1548/1548 1542/1542/1542 1544/1544/1544
f 1544/1544/1544 1547/1547/1547 1548/1548/1548
f 1544/1544/1544 1541/1541/1541 911/911/911
f 1541/1541/1541 1540/1540/1540 911/911/911
f 1542/1542/1542 1541/1541/1541 1544/1544/1544
f 1539/1539/1539 911/911/911 1540/1540/1540
f 1537/1537/1537 913/913/913 1538/1538/1538
f 1535/1535/1535 915/915/915 1536/1536/1536
f 1534/1534/1534 915/915/915 1535/1535/1535
f 1530/1530/1530 919/919/919 1531/1531/1531
f 1532/1532/1532 1531/1531/1531 919/919/919
f 1527/1527/1527 923/923/923 1528/1528/1528
f 925/925/925 1525/1525/1525 1524/1524/1524
f 927/927/927 1523/1523/1523 1522/1522/1522
f 1527/1527/1527 1526/1526/1526 923/923/923
f 1515/1515/1515 1514/1514/1514 935/935/935
f 947/947/947 1501/1501/1501 1500/1500/1500
f 951/951/951 1497/1497/1497 1496/1496/1496
f 955/955/955 1492/1492/1492 957/957/957
f 953/953/953 1494/1494/1494 1493/1493/1493
f 949/949/949 1498/1498/1498 951/951/951
f 959/959/959 1488/1488/1488 1487/1487/1487
f 961/961/961 1485/1485/1485 963/963/963
f 965/965/965 1481/1481/1481 967/967/967
f 969/969/969 1477/1477/1477 971/971/971
f 967/967/967 1479/1479/1479 969/969/969
f 963/963/963 1483/1483/1483 965/965/965
f 957/957/957 1489/1489/1489 959/959/959
f 1521/1521/1521 1520/1520/1520 929/929/929
f 933/933/933 1517/1517/1517 1516/1516/1516
f 931/931/931 1519/1519/1519 1518/1518/1518
f 973/973/973 1473/1473/1473 975/975/975
f 975/975/975 1471/1471/1471 1470/1470/1470
f 979/979/979 1467/1467/1467 1466/1466/1466
f 983/983/983 1463/1463/1463 985/985/985
f 981/981/981 1465/1465/1465 983/983/983
f 977/977/977 1469/1469/1469 979/979/979
f 971/971/971 1475/1475/1475 973/973/973
f 985/985/985 1461/1461/1461 987/987/987
f 945/945/945 1503/1503/1503 1502/1502/1502
f 1512/1512/1512 937/937/937 1513/1513/1513
f 1508/1508/1508 941/941/941 1509/1509/1509
f 1512/1512/1512 1511/1511/1511 937/937/937
f 1505/1505/1505 943/943/943 1506/1506/1506
f 1503/1503/1503 945/945/945 1504/1504/1504
f 947/947/947 1502/1502/1502 1501/1501/1501
f 1508/1508/1508 1507/1507/1507 941/941/941
f 949/949/949 1500/1500/1500 1499/1499/1499
f 949/949/949 1499/1499/1499 1498/1498/1498
f 953/953/953 1495/1495/1495 1494/1494/1494
f 1495/1495/1495 953/953/953 1496/1496/1496
f 955/955/955 1493/1493/1493 1492/1492/1492
f 957/957/957 1490/1490/1490 1489/1489/1489
f 1490/1490/1490 957/957/957 1491/1491/1491
f 961/961/961 1486/1486/1486 1485/1485/1485
f 1481/1481/1481 965/965/965 1482/1482/1482
f 1483/1483/1483 963/963/963 1484/1484/1484
f 969/969/969 1478/1478/1478 1477/1477/1477
f 971/971/971 1476/1476/1476 1475/1475/1475
f 973/973/973 1474/1474/1474 1473/1473/1473
f 1479/1479/1479 967/967/967 1480/1480/1480
f 975/975/975 1472/1472/1472 1471/1471/1471
f 1467/1467/1467 979/979/979 1468/1468/1468
f 1469/1469/1469 977/977/977 1470/1470/1470
f 1463/1463/1463 983/983/983 1464/1464/1464
f 1459/1459/1459 1458/1458/1458 989/989/989
f 1459/1459/1459 987/987/987 1460/1460/1460
f 1461/1461/1461 985/985/985 1462/1462/1462
f 1465/1465/1465 981/981/981 1466/1466/1466
f 1486/1486/1486 961/961/961 1487/1487/1487
f 989/989/989 987/987/987 1459/1459/1459
f 989/989/989 1457/1457/1457 991/991/991
f 991/991/991 1456/1456/1456 1455/1455/1455
f 993/993/993 1455/1455/1455 1454/1454/1454
f 1454/1454/1454 1453/1453/1453 993/993/993
f 1458/1458/1458 1457/1457/1457 989/989/989
f 1452/1452/1452 995/995/995 1453/1453/1453
f 995/995/995 1452/1452/1452 1451/1451/1451
f 999/999/999 1447/1447/1447 1001/1001/1001
f 997/997/997 1449/1449/1449 1448/1448/1448
f 1001/1001/1001 1445/1445/1445 1444/1444/1444
f 1003/1003/1003 1443/1443/1443 1005/1005/1005
f 997/997/997 1451/1451/1451 1450/1450/1450
f 1447/1447/1447 999/999/999 1448/1448/1448
f 1449/1449/1449 997/997/997 1450/1450/1450
f 1003/1003/1003 1444/1444/1444 1443/1443/1443
f 1005/1005/1005 1442/1442/1442 1441/1441/1441
f 1440/1440/1440 1439/1439/1439 1007/1007/1007
f 1440/1440/1440 1005/1005/1005 1441/1441/1441
f 1445/1445/1445 1001/1001/1001 1446/1446/1446
f 1007/1007/1007 1005/1005/1005 1440/1440/1440
f 1438/1438/1438 1007/1007/1007 1439/1439/1439
f 1009/1009/1009 1007/1007/1007 1438/1438/1438
f 1011/1011/1011 1434/1434/1434 1013/1013/1013
f 1015/1015/1015 1430/1430/1430 1429/1429/1429
f 1013/1013/1013 1432/1432/1432 1431/1431/1431
f 1009/1009/1009 1436/1436/1436 1011/1011/1011
f 1019/1019/1019 1426/1426/1426 1425/1425/1425
f 1021/1021/1021 1423/1423/1423 1023/1023/1023
f 1025/1025/1025 1419/1419/1419 1027/1027/1027
f 1029/1029/1029 1415/1415/1415 1414/1414/1414
f 1027/1027/1027 1417/1417/1417 1416/1416/1416
f 1023/1023/1023 1421/1421/1421 1025/1025/1025
f 1017/1017/1017 1428/1428/1428 1427/1427/1427
f 1033/1033/1033 1411/1411/1411 1410/1410/1410
f 1035/1035/1035 1408/1408/1408 1037/1037/1037
f 1039/1039/1039 1404/1404/1404 1403/1403/1403
f 1043/1043/1043 1399/1399/1399 1045/1045/1045
f 1041/1041/1041 1402/1402/1402 1043/1043/1043
f 1037/1037/1037 1406/1406/1406 1039/1039/1039
f 1047/1047/1047 1395/1395/1395 1049/1049/1049
f 1049/1049/1049 1394/1394/1394 1393/1393/1393
f 1053/1053/1053 1390/1390/1390 1389/1389/1389
f 1057/1057/1057 1385/1385/1385 1059/1059/1059
f 1055/1055/1055 1388/1388/1388 1387/1387/1387
f 1051/1051/1051 1392/1392/1392 1391/1391/1391
f 1045/1045/1045 1398/1398/1398 1397/1397/1397
f 1031/1031/1031 1412/1412/1412 1033/1033/1033
f 1059/1059/1059 1384/1384/1384 1383/1383/1383
f 1009/1009/1009 1438/1438/1438 1437/1437/1437
f 1009/1009/1009 1437/1437/1437 1436/1436/1436
f 1011/1011/1011 1435/1435/1435 1434/1434/1434
f 1013/1013/1013 1433/1433/1433 1432/1432/1432
f 1015/1015/1015 1431/1431/1431 1430/1430/1430
f 1426/1426/1426 1019/1019/1019 1427/1427/1427
f 1428/1428/1428 1017/1017/1017 1429/1429/1429
f 1021/1021/1021 1424/1424/1424 1423/1423/1423
f 1419/1419/1419 1025/1025/1025 1420/1420/1420
f 1421/1421/1421 1023/1023/1023 1422/1422/1422
f 1029/1029/1029 1416/1416/1416 1415/1415/1415
f 1031/1031/1031 1414/1414/1414 1413/1413/1413
f 1412/1412/1412 1031/1031/1031 1413/1413/1413
f 1417/1417/1417 1027/1027/1027 1418/1418/1418
f 1424/1424/1424 1021/1021/1021 1425/1425/1425
f 1035/1035/1035 1410/1410/1410 1409/1409/1409
f 1035/1035/1035 1409/1409/1409 1408/1408/1408
f 1037/1037/1037 1407/1407/1407 1406/1406/1406
f 1039/1039/1039 1405/1405/1405 1404/1404/1404
f 1041/1041/1041 1403/1403/1403 1402/1402/1402
f 1043/1043/1043 1400/1400/1400 1399/1399/1399
f 1400/1400/1400 1043/1043/1043 1401/1401/1401
f 1047/1047/1047 1396/1396/1396 1395/1395/1395
f 1051/1051/1051 1393/1393/1393 1392/1392/1392
f 1053/1053/1053 1391/1391/1391 1390/1390/1390
f 1055/1055/1055 1389/1389/1389 1388/1388/1388
f 1057/1057/1057 1387/1387/1387 1386/1386/1386
f 1061/1061/1061 1383/1383/1383 1382/1382/1382
f 1385/1385/1385 1057/1057/1057 1386/1386/1386
f 1396/1396/1396 1047/1047/1047 1397/1397/1397
f 1382/1382/1382 1381/1381/1381 1061/1061/1061
f 1683/1683/1683 1060/1060/1060 1062/1062/1062
f 1062/1062/1062 1685/1685/1685 1684/1684/1684
f 1686/1686/1686 1064/1064/1064 1687/1687/1687
f 1068/1068/1068 1689/1689/1689 1688/1688/1688
f 1066/1066/1066 1688/1688/1688 1687/1687/1687
f 1064/1064/1064 1686/1686/1686 1685/1685/1685
f 1070/1070/1070 1691/1691/1691 1690/1690/1690
f 1691/1691/1691 1070/1070/1070 1692/1692/1692
f 1074/1074/1074 1694/1694/1694 1693/1693/1693
f 1076/1076/1076 1696/1696/1696 1695/1695/1695
f 1074/1074/1074 1695/1695/1695 1694/1694/1694
f 1072/1072/1072 1693/1693/1693 1692/1692/1692
f 1068/1068/1068 1690/1690/1690 1689/1689/1689
f 1078/1078/1078 1698/1698/1698 1697/1697/1697
f 1698/1698/1698 1078/1078/1078 1080/1080/1080
f 1082/1082/1082 1701/1701/1701 1700/1700/1700
f 1084/1084/1084 1703/1703/1703 1702/1702/1702
f 1082/1082/1082 1702/1702/1702 1701/1701/1701
f 1080/1080/1080 1700/1700/1700 1699/1699/1699
f 1086/1086/1086 1705/1705/1705 1704/1704/1704
f 1088/1088/1088 1706/1706/1706 1705/1705/1705
f 1090/1090/1090 1708/1708/1708 1707/1707/1707
f 1092/1092/1092 1710/1710/1710 1709/1709/1709
f 1092/1092/1092 1709/1709/1709 1708/1708/1708
f 1706/1706/1706 1088/1088/1088 1707/1707/1707
f 1703/1703/1703 1084/1084/1084 1086/1086/1086
f 1076/1076/1076 1697/1697/1697 1696/1696/1696
f 1711/1711/1711 1094/1094/1094 1712/1712/1712
f 1096/1096/1096 1713/1713/1713 1712/1712/1712
f 1098/1098/1098 1715/1715/1715 1714/1714/1714
f 1716/1716/1716 1100/1100/1100 1102/1102/1102
f 1100/1100/1100 1716/1716/1716 1715/1715/1715
f 1098/1098/1098 1714/1714/1714 1713/1713/1713
f 1104/1104/1104 1719/1719/1719 1718/1718/1718
f 1719/1719/1719 1104/1104/1104 1720/1720/1720
f 1108/1108/1108 1722/1722/1722 1721/1721/1721
f 1110/1110/1110 1724/1724/1724 1723/1723/1723
f 1108/1108/1108 1723/1723/1723 1722/1722/1722
f 1106/1106/1106 1721/1721/1721 1720/1720/1720
f 1102/1102/1102 1718/1718/1718 1717/1717/1717
f 1112/1112/1112 1726/1726/1726 1725/1725/1725
f 1114/1114/1114 1727/1727/1727 1726/1726/1726
f 1116/1116/1116 1729/1729/1729 1728/1728/1728
f 1118/1118/1118 1731/1731/1731 1730/1730/1730
f 1729/1729/1729 1116/1116/1116 1118/1118/1118
f 1114/1114/1114 1728/1728/1728 1727/1727/1727
f 1120/1120/1120 1733/1733/1733 1732/1732/1732
f 1122/1122/1122 1734/1734/1734 1733/1733/1733
f 1124/1124/1124 1736/1736/1736 1735/1735/1735
f 1737/1737/1737 1126/1126/1126 1738/1738/1738
f 1126/1126/1126 1737/1737/1737 1736/1736/1736
f 1734/1734/1734 1122/1122/1122 1124/1124/1124
f 1120/1120/1120 1732/1732/1732 1731/1731/1731
f 1724/1724/1724 1110/1110/1110 1725/1725/1725
f 1094/1094/1094 1711/1711/1711 1710/1710/1710
f 1064/1064/1064 1685/1685/1685 1062/1062/1062
f 1070/1070/1070 1690/1690/1690 1068/1068/1068
f 1074/1074/1074 1693/1693/1693 1072/1072/1072
f 1066/1066/1066 1068/1068/1068 1688/1688/1688
f 1078/1078/1078 1697/1697/1697 1076/1076/1076
f 1084/1084/1084 1702/1702/1702 1082/1082/1082
f 1088/1088/1088 1705/1705/1705 1086/1086/1086
f 1080/1080/1080 1082/1082/1082 1700/1700/1700
f 1074/1074/1074 1076/1076/1076 1695/1695/1695
f 1063/1063/1063 1380/1380/1380 1065/1065/1065
f 1065/1065/1065 1378/1378/1378 1377/1377/1377
f 1069/1069/1069 1374/1374/1374 1373/1373/1373
f 1073/1073/1073 1370/1370/1370 1369/1369/1369
f 1071/1071/1071 1372/1372/1372 1371/1371/1371
f 1067/1067/1067 1376/1376/1376 1375/1375/1375
f 1077/1077/1077 1366/1366/1366 1365/1365/1365
f 1079/1079/1079 1363/1363/1363 1081/1081/1081
f 1083/1083/1083 1359/1359/1359 1358/1358/1358
f 1087/1087/1087 1354/1354/1354 1089/1089/1089
f 1085/1085/1085 1357/1357/1357 1087/1087/1087
f 1081/1081/1081 1362/1362/1362 1361/1361/1361
f 1075/1075/1075 1368/1368/1368 1367/1367/1367
f 1092/1092/1092 1708/1708/1708 1090/1090/1090
f 1094/1094/1094 1710/1710/1710 1092/1092/1092
f 1098/1098/1098 1713/1713/1713 1096/1096/1096
f 1098/1098/1098 1100/1100/1100 1715/1715/1715
f 1740/1740/1740 1739/1739/1739 1130/1130/1130
f 1110/1110/1110 1723/1723/1723 1108/1108/1108
f 1106/1106/1106 1108/1108/1108 1721/1721/1721
f 1130/1130/1130 1741/1741/1741 1740/1740/1740
f 1718/1718/1718 1102/1102/1102 1104/1104/1104
f 1114/1114/1114 1726/1726/1726 1112/1112/1112
f 1093/1093/1093 1348/1348/1348 1095/1095/1095
f 1097/1097/1097 1344/1344/1344 1099/1099/1099
f 1095/1095/1095 1346/1346/1346 1345/1345/1345
f 1091/1091/1091 1350/1350/1350 1093/1093/1093
f 1122/1122/1122 1733/1733/1733 1120/1120/1120
f 1118/1118/1118 1120/1120/1120 1731/1731/1731
f 1126/1126/1126 1736/1736/1736 1124/1124/1124
f 1739/1739/1739 1128/1128/1128 1130/1130/1130
f 1114/1114/1114 1116/1116/1116 1728/1728/1728
f 1132/1132/1132 1742/1742/1742 1741/1741/1741
f 1739/1739/1739 1738/1738/1738 1128/1128/1128
f 1089/1089/1089 1353/1353/1353 1352/1352/1352
f 1061/1061/1061 1381/1381/1381 1063/1063/1063
f 1132/1132/1132 1743/1743/1743 1742/1742/1742
f 1134/1134/1134 1744/1744/1744 1743/1743/1743
f 1136/1136/1136 1746/1746/1746 1745/1745/1745
f 1747/1747/1747 1138/1138/1138 1748/1748/1748
f 1138/1138/1138 1747/1747/1747 1746/1746/1746
f 1744/1744/1744 1134/1134/1134 1136/1136/1136
f 1142/1142/1142 1750/1750/1750 1749/1749/1749
f 1142/1142/1142 1751/1751/1751 1750/1750/1750
f 1144/1144/1144 1753/1753/1753 1752/1752/1752
f 1754/1754/1754 1146/1146/1146 1148/1148/1148
f 1146/1146/1146 1754/1754/1754 1753/1753/1753
f 1144/1144/1144 1752/1752/1752 1751/1751/1751
f 1140/1140/1140 1749/1749/1749 1748/1748/1748
f 1150/1150/1150 1757/1757/1757 1756/1756/1756
f 1150/1150/1150 1758/1758/1758 1757/1757/1757
f 1759/1759/1759 1152/1152/1152 1154/1154/1154
f 1156/1156/1156 1762/1762/1762 1761/1761/1761
f 1154/1154/1154 1761/1761/1761 1760/1760/1760
f 1152/1152/1152 1759/1759/1759 1758/1758/1758
f 1158/1158/1158 1764/1764/1764 1763/1763/1763
f 1764/1764/1764 1158/1158/1158 1160/1160/1160
f 1162/1162/1162 1767/1767/1767 1766/1766/1766
f 1164/1164/1164 1769/1769/1769 1768/1768/1768
f 1162/1162/1162 1768/1768/1768 1767/1767/1767
f 1160/1160/1160 1766/1766/1766 1765/1765/1765
f 1156/1156/1156 1763/1763/1763 1762/1762/1762
f 1148/1148/1148 1756/1756/1756 1755/1755/1755
f 1166/1166/1166 1771/1771/1771 1770/1770/1770
f 1168/1168/1168 1772/1772/1772 1771/1771/1771
f 1170/1170/1170 1774/1774/1774 1773/1773/1773
f 1172/1172/1172 1776/1776/1776 1775/1775/1775
f 1172/1172/1172 1775/1775/1775 1774/1774/1774
f 1772/1772/1772 1168/1168/1168 1773/1773/1773
f 1777/1777/1777 1174/1174/1174 1778/1778/1778
f 1176/1176/1176 1779/1779/1779 1778/1778/1778
f 1178/1178/1178 1781/1781/1781 1780/1780/1780
f 1782/1782/1782 1180/1180/1180 1182/1182/1182
f 1180/1180/1180 1782/1782/1782 1781/1781/1781
f 1178/1178/1178 1780/1780/1780 1779/1779/1779
f 1174/1174/1174 1777/1777/1777 1776/1776/1776
f 1184/1184/1184 1785/1785/1785 1784/1784/1784
f 1184/1184/1184 1786/1786/1786 1785/1785/1785
f 1787/1787/1787 1186/1186/1186 1188/1188/1188
f 1190/1190/1190 1790/1790/1790 1789/1789/1789
f 1188/1188/1188 1789/1789/1789 1788/1788/1788
f 1186/1186/1186 1787/1787/1787 1786/1786/1786
f 1192/1192/1192 1792/1792/1792 1791/1791/1791
f 1194/1194/1194 1793/1793/1793 1792/1792/1792
f 1196/1196/1196 1795/1795/1795 1794/1794/1794
f 1198/1198/1198 1797/1797/1797 1796/1796/1796
f 1795/1795/1795 1196/1196/1196 1796/1796/1796
f 1194/1194/1194 1794/1794/1794 1793/1793/1793
f 1790/1790/1790 1190/1190/1190 1791/1791/1791
f 1182/1182/1182 1784/1784/1784 1783/1783/1783
f 1769/1769/1769 1164/1164/1164 1166/1166/1166
f 1134/1134/1134 1743/1743/1743 1132/1132/1132
f 1144/1144/1144 1751/1751/1751 1142/1142/1142
f 1140/1140/1140 1142/1142/1142 1749/1749/1749
f 1136/1136/1136 1138/1138/1138 1746/1746/1746
f 1150/1150/1150 1756/1756/1756 1148/1148/1148
f 1158/1158/1158 1763/1763/1763 1156/1156/1156
f 1154/1154/1154 1156/1156/1156 1761/1761/1761
f 1150/1150/1150 1152/1152/1152 1758/1758/1758
f 1144/1144/1144 1146/1146/1146 1753/1753/1753
f 1162/1162/1162 1766/1766/1766 1160/1160/1160
f 1164/1164/1164 1768/1768/1768 1162/1162/1162
f 1168/1168/1168 1771/1771/1771 1166/1166/1166
f 1172/1172/1172 1774/1774/1774 1170/1170/1170
f 1178/1178/1178 1779/1779/1779 1176/1176/1176
f 1186/1186/1186 1786/1786/1786 1184/1184/1184
f 1182/1182/1182 1184/1184/1184 1784/1784/1784
f 1178/1178/1178 1180/1180/1180 1781/1781/1781
f 1172/1172/1172 1174/1174/1174 1776/1776/1776
f 1200/1200/1200 1799/1799/1799 1798/1798/1798
f 1202/1202/1202 1800/1800/1800 1799/1799/1799
f 1204/1204/1204 1802/1802/1802 1801/1801/1801
f 1206/1206/1206 1804/1804/1804 1803/1803/1803
f 1206/1206/1206 1803/1803/1803 1802/1802/1802
f 1800/1800/1800 1202/1202/1202 1204/1204/1204
f 1805/1805/1805 1208/1208/1208 1210/1210/1210
f 1210/1210/1210 1807/1807/1807 1806/1806/1806
f 1212/1212/1212 1809/1809/1809 1808/1808/1808
f 1810/1810/1810 1214/1214/1214 1217/1217/1217
f 1214/1214/1214 1810/1810/1810 1809/1809/1809
f 1212/1212/1212 1808/1808/1808 1807/1807/1807
f 1208/1208/1208 1805/1805/1805 1804/1804/1804
f 1190/1190/1190 1789/1789/1789 1188/1188/1188
f 1196/1196/1196 1794/1794/1794 1194/1194/1194
f 1200/1200/1200 1798/1798/1798 1797/1797/1797
f 1192/1192/1192 1194/1194/1194 1792/1792/1792
f 1804/1804/1804 1206/1206/1206 1208/1208/1208
f 1206/1206/1206 1802/1802/1802 1204/1204/1204
f 1807/1807/1807 1210/1210/1210 1212/1212/1212
f 1214/1214/1214 1809/1809/1809 1212/1212/1212
f 1202/1202/1202 1799/1799/1799 1200/1200/1200
f 1377/1377/1377 1376/1376/1376 1067/1067/1067
f 1379/1379/1379 1378/1378/1378 1065/1065/1065
f 1372/1372/1372 1071/1071/1071 1373/1373/1373
f 1370/1370/1370 1073/1073/1073 1371/1371/1371
f 1368/1368/1368 1075/1075/1075 1369/1369/1369
f 1375/1375/1375 1374/1374/1374 1069/1069/1069
f 1366/1366/1366 1077/1077/1077 1367/1367/1367
f 1363/1363/1363 1079/1079/1079 1364/1364/1364
f 1365/1365/1365 1364/1364/1364 1079/1079/1079
f 1359/1359/1359 1083/1083/1083 1360/1360/1360
f 1354/1354/1354 1087/1087/1087 1355/1355/1355
f 1356/1356/1356 1355/1355/1355 1087/1087/1087
f 1358/1358/1358 1357/1357/1357 1085/1085/1085
f 1361/1361/1361 1360/1360/1360 1083/1083/1083
f 1101/1101/1101 1340/1340/1340 1339/1339/1339
f 1105/1105/1105 1335/1335/1335 1107/1107/1107
f 1109/1109/1109 1331/1331/1331 1330/1330/1330
f 1107/1107/1107 1333/1333/1333 1109/1109/1109
f 1103/1103/1103 1337/1337/1337 1105/1105/1105
f 1113/1113/1113 1327/1327/1327 1326/1326/1326
f 1115/1115/1115 1325/1325/1325 1324/1324/1324
f 1119/1119/1119 1321/1321/1321 1320/1320/1320
f 1123/1123/1123 1317/1317/1317 1316/1316/1316
f 1121/1121/1121 1318/1318/1318 1123/1123/1123
f 1117/1117/1117 1322/1322/1322 1119/1119/1119
f 1111/1111/1111 1329/1329/1329 1328/1328/1328
f 1127/1127/1127 1312/1312/1312 1129/1129/1129
f 1129/1129/1129 1310/1310/1310 1309/1309/1309
f 1351/1351/1351 1350/1350/1350 1091/1091/1091
f 1091/1091/1091 1352/1352/1352 1351/1351/1351
f 1131/1131/1131 1308/1308/1308 1133/1133/1133
f 1125/1125/1125 1314/1314/1314 1313/1313/1313
f 1133/1133/1133 1306/1306/1306 1305/1305/1305
f 1135/1135/1135 1304/1304/1304 1303/1303/1303
f 1139/1139/1139 1300/1300/1300 1141/1141/1141
f 1143/1143/1143 1296/1296/1296 1145/1145/1145
f 1141/1141/1141 1299/1299/1299 1298/1298/1298
f 1137/1137/1137 1302/1302/1302 1139/1139/1139
f 1145/1145/1145 1294/1294/1294 1147/1147/1147
f 1099/1099/1099 1342/1342/1342 1341/1341/1341
f 1348/1348/1348 1093/1093/1093 1349/1349/1349
f 1345/1345/1345 1344/1344/1344 1097/1097/1097
f 1347/1347/1347 1346/1346/1346 1095/1095/1095
f 1101/1101/1101 1341/1341/1341 1340/1340/1340
f 1103/1103/1103 1339/1339/1339 1338/1338/1338
f 1337/1337/1337 1103/1103/1103 1338/1338/1338
f 1343/1343/1343 1342/1342/1342 1099/1099/1099
f 1107/1107/1107 1334/1334/1334 1333/1333/1333
f 1109/1109/1109 1332/1332/1332 1331/1331/1331
f 1111/1111/1111 1330/1330/1330 1329/1329/1329
f 1113/1113/1113 1328/1328/1328 1327/1327/1327
f 1117/1117/1117 1323/1323/1323 1322/1322/1322
f 1323/1323/1323 1117/1117/1117 1324/1324/1324
f 1325/1325/1325 1115/1115/1115 1326/1326/1326
f 1335/1335/1335 1105/1105/1105 1336/1336/1336
f 1121/1121/1121 1320/1320/1320 1319/1319/1319
f 1125/1125/1125 1316/1316/1316 1315/1315/1315
f 1318/1318/1318 1121/1121/1121 1319/1319/1319
f 1127/1127/1127 1313/1313/1313 1312/1312/1312
f 1129/1129/1129 1311/1311/1311 1310/1310/1310
f 1131/1131/1131 1309/1309/1309 1308/1308/1308
f 1314/1314/1314 1125/1125/1125 1315/1315/1315
f 1133/1133/1133 1307/1307/1307 1306/1306/1306
f 1302/1302/1302 1137/1137/1137 1303/1303/1303
f 1304/1304/1304 1135/1135/1135 1305/1305/1305
f 1143/1143/1143 1298/1298/1298 1297/1297/1297
f 1294/1294/1294 1145/1145/1145 1295/1295/1295
f 1296/1296/1296 1143/1143/1143 1297/1297/1297
f 1300/1300/1300 1139/1139/1139 1301/1301/1301
f 1293/1293/1293 1292/1292/1292 1147/1147/1147
f 1149/1149/1149 1290/1290/1290 1151/1151/1151
f 1291/1291/1291 1149/1149/1149 1292/1292/1292
f 1153/1153/1153 1286/1286/1286 1155/1155/1155
f 1149/1149/1149 1291/1291/1291 1290/1290/1290
f 1151/1151/1151 1288/1288/1288 1153/1153/1153
f 1147/1147/1147 1292/1292/1292 1149/1149/1149
f 1155/1155/1155 1284/1284/1284 1157/1157/1157
f 1157/1157/1157 1282/1282/1282 1281/1281/1281
f 1161/1161/1161 1277/1277/1277 1163/1163/1163
f 1163/1163/1163 1276/1276/1276 1275/1275/1275
f 1159/1159/1159 1280/1280/1280 1279/1279/1279
f 1165/1165/1165 1273/1273/1273 1167/1167/1167
f 1151/1151/1151 1289/1289/1289 1288/1288/1288
f 1284/1284/1284 1155/1155/1155 1285/1285/1285
f 1286/1286/1286 1153/1153/1153 1287/1287/1287
f 1159/1159/1159 1281/1281/1281 1280/1280/1280
f 1161/1161/1161 1279/1279/1279 1278/1278/1278
f 1277/1277/1277 1161/1161/1161 1278/1278/1278
f 1282/1282/1282 1157/1157/1157 1283/1283/1283
f 1167/1167/1167 1272/1272/1272 1271/1271/1271
f 1171/1171/1171 1267/1267/1267 1266/1266/1266
f 1173/1173/1173 1264/1264/1264 1175/1175/1175
f 1177/1177/1177 1260/1260/1260 1179/1179/1179
f 1181/1181/1181 1256/1256/1256 1255/1255/1255
f 1179/1179/1179 1258/1258/1258 1181/1181/1181
f 1175/1175/1175 1263/1263/1263 1262/1262/1262
f 1185/1185/1185 1251/1251/1251 1187/1187/1187
f 1187/1187/1187 1250/1250/1250 1249/1249/1249
f 1191/1191/1191 1245/1245/1245 1193/1193/1193
f 1195/1195/1195 1241/1241/1241 1240/1240/1240
f 1193/1193/1193 1243/1243/1243 1242/1242/1242
f 1189/1189/1189 1247/1247/1247 1191/1191/1191
f 1183/1183/1183 1254/1254/1254 1253/1253/1253
f 1199/1199/1199 1237/1237/1237 1236/1236/1236
f 1201/1201/1201 1235/1235/1235 1234/1234/1234
f 1205/1205/1205 1231/1231/1231 1230/1230/1230
f 1209/1209/1209 1227/1227/1227 1226/1226/1226
f 1207/1207/1207 1228/1228/1228 1209/1209/1209
f 1203/1203/1203 1233/1233/1233 1232/1232/1232
f 1553/1553/1553 1215/1215/1215 1213/1213/1213
f 1553/1553/1553 1213/1213/1213 1222/1222/1222
f 1553/1553/1553 1812/1812/1812 1555/1555/1555
f 1814/1814/1814 1812/1812/1812 1220/1220/1220
f 1221/1221/1221 1812/1812/1812 1553/1553/1553
f 1211/1211/1211 1224/1224/1224 1213/1213/1213
f 1197/1197/1197 1239/1239/1239 1238/1238/1238
f 1169/1169/1169 1269/1269/1269 1268/1268/1268
f 1811/1811/1811 1814/1814/1814 1219/1219/1219
f 1165/1165/1165 1275/1275/1275 1274/1274/1274
f 1165/1165/1165 1274/1274/1274 1273/1273/1273
f 1169/1169/1169 1270/1270/1270 1269/1269/1269
f 1270/1270/1270 1169/1169/1169 1271/1271/1271
f 1171/1171/1171 1268/1268/1268 1267/1267/1267
f 1173/1173/1173 1265/1265/1265 1264/1264/1264
f 1265/1265/1265 1173/1173/1173 1266/1266/1266
f 1177/1177/1177 1261/1261/1261 1260/1260/1260
f 1256/1256/1256 1181/1181/1181 1257/1257/1257
f 1258/1258/1258 1179/1179/1179 1259/1259/1259
f 1185/1185/1185 1253/1253/1253 1252/1252/1252
f 1189/1189/1189 1249/1249/1249 1248/1248/1248
f 1251/1251/1251 1185/1185/1185 1252/1252/1252
f 1254/1254/1254 1183/1183/1183 1255/1255/1255
f 1261/1261/1261 1177/1177/1177 1262/1262/1262
f 1191/1191/1191 1246/1246/1246 1245/1245/1245
f 1193/1193/1193 1244/1244/1244 1243/1243/1243
f 1195/1195/1195 1242/1242/1242 1241/1241/1241
f 1197/1197/1197 1240/1240/1240 1239/1239/1239
f 1235/1235/1235 1201/1201/1201 1236/1236/1236
f 1237/1237/1237 1199/1199/1199 1238/1238/1238
f 1205/1205/1205 1232/1232/1232 1231/1231/1231
f 1207/1207/1207 1230/1230/1230 1229/1229/1229
f 1228/1228/1228 1207/1207/1207 1229/1229/1229
f 1211/1211/1211 1226/1226/1226 1225/1225/1225
f 1224/1224/1224 1211/1211/1211 1225/1225/1225
f 1553/1553/1553 1222/1222/1222 1221/1221/1221
f 1814/1814/1814 1220/1220/1220 1219/1219/1219
f 1220/1220/1220 1812/1812/1812 1221/1221/1221
f 1222/1222/1222 1213/1213/1213 1223/1223/1223
f 1233/1233/1233 1203/1203/1203 1234/1234/1234
f 1247/1247/1247 1189/1189/1189 1248/1248/1248
f 2952/2952/2952 2920/2920/2920 1821/1821/1821
f 2921/2921/2921 2923/2923/2923 2952/2952/2952
f 1821/1821/1821 2921/2921/2921 2952/2952/2952
f 2925/2925/2925 2923/2923/2923 2921/2921/2921
f 1815/1815/1815 2922/2922/2922 2925/2925/2925
f 2921/2921/2921 1815/1815/1815 2925/2925/2925
f 2949/2949/2949 2924/2924/2924 2923/2923/2923
f 2925/2925/2925 2927/2927/2927 2949/2949/2949
f 2923/2923/2923 2925/2925/2925 2949/2949/2949
f 2933/2933/2933 2927/2927/2927 2925/2925/2925
f 2922/2922/2922 2926/2926/2926 2933/2933/2933
f 2925/2925/2925 2922/2922/2922 2933/2933/2933
f 2927/2927/2927 2933/2933/2933 2932/2932/2932
f 2941/2941/2941 2935/2935/2935 2933/2933/2933
f 2926/2926/2926 2934/2934/2934 2941/2941/2941
f 2933/2933/2933 2926/2926/2926 2941/2941/2941
f 2935/2935/2935 2941/2941/2941 2940/2940/2940
f 3272/3272/3272 2943/2943/2943 2941/2941/2941
f 2934/2934/2934 2942/2942/2942 3272/3272/3272
f 2941/2941/2941 2934/2934/2934 3272/3272/3272
f 2943/2943/2943 3272/3272/3272 3274/3274/3274
f 3272/3272/3272 2942/2942/2942 3274/3274/3274
f 2924/2924/2924 2949/2949/2949 2948/2948/2948
f 2949/2949/2949 2927/2927/2927 2950/2950/2950
f 2961/2961/2961 2951/2951/2951 2920/2920/2920
f 2952/2952/2952 2953/2953/2953 2961/2961/2961
f 2920/2920/2920 2952/2952/2952 2961/2961/2961
f 2958/2958/2958 2953/2953/2953 2952/2952/2952
f 2923/2923/2923 2924/2924/2924 2958/2958/2958
f 2952/2952/2952 2923/2923/2923 2958/2958/2958
f 2953/2953/2953 2958/2958/2958 2957/2957/2957
f 2958/2958/2958 2924/2924/2924 2959/2959/2959
f 2951/2951/2951 2961/2961/2961 2960/2960/2960
f 2961/2961/2961 2953/2953/2953 2962/2962/2962
f 2921/2921/2921 1821/1821/1821 1822/1822/1822
f 1816/1816/1816 1815/1815/1815 2921/2921/2921
f 1822/1822/1822 1816/1816/1816 2921/2921/2921
f 1823/1823/1823 1817/1817/1817 1822/1822/1822
f 1824/1824/1824 1818/1818/1818 1823/1823/1823
f 1825/1825/1825 1819/1819/1819 1824/1824/1824
f 2253/2253/2253 1820/1820/1820 1819/1819/1819
f 1825/1825/1825 1826/1826/1826 2253/2253/2253
f 1819/1819/1819 1825/1825/1825 2253/2253/2253
f 2588/2588/2588 2586/2586/2586 2585/2585/2585
f 2581/2581/2581 2588/2588/2588 2575/2575/2575
f 2591/2591/2591 2589/2589/2589 2590/2590/2590
f 2586/2586/2586 2591/2591/2591 2590/2590/2590
f 2590/2590/2590 2259/2259/2259 2254/2254/2254
f 2584/2584/2584 2585/2585/2585 2590/2590/2590
f 2254/2254/2254 2584/2584/2584 2590/2590/2590
f 2587/2587/2587 2585/2585/2585 2584/2584/2584
f 2251/2251/2251 2575/2575/2575 2587/2587/2587
f 2584/2584/2584 2251/2251/2251 2587/2587/2587
f 2593/2593/2593 2267/2267/2267 2592/2592/2592
f 2589/2589/2589 2593/2593/2593 2259/2259/2259
f 3278/3278/3278 3276/3276/3276 3277/3277/3277
f 3275/3275/3275 3278/3278/3278 3277/3277/3277
f 3277/3277/3277 2276/2276/2276 2268/2268/2268
f 2277/2277/2277 2278/2278/2278 3277/3277/3277
f 2268/2268/2268 2277/2277/2277 3277/3277/3277
f 2275/2275/2275 2278/2278/2278 2270/2270/2270
f 2277/2277/2277 2268/2268/2268 2260/2260/2260
f 2269/2269/2269 2270/2270/2270 2277/2277/2277
f 2260/2260/2260 2269/2269/2269 2277/2277/2277
f 2267/2267/2267 2270/2270/2270 2262/2262/2262
f 2269/2269/2269 2260/2260/2260 2252/2252/2252
f 2261/2261/2261 2262/2262/2262 2269/2269/2269
f 2252/2252/2252 2261/2261/2261 2269/2269/2269
f 2592/2592/2592 2262/2262/2262 2261/2261/2261
f 2254/2254/2254 2259/2259/2259 2592/2592/2592
f 2261/2261/2261 2254/2254/2254 2592/2592/2592
f 2261/2261/2261 2252/2252/2252 1820/1820/1820
f 2253/2253/2253 2254/2254/2254 2261/2261/2261
f 1820/1820/1820 2253/2253/2253 2261/2261/2261
f 2584/2584/2584 2254/2254/2254 2253/2253/2253
f 1826/1826/1826 2251/2251/2251 2584/2584/2584
f 2253/2253/2253 1826/1826/1826 2584/2584/2584
f 2973/2973/2973 2954/2954/2954 1827/1827/1827
f 2955/2955/2955 2956/2956/2956 2973/2973/2973
f 1827/1827/1827 2955/2955/2955 2973/2973/2973
f 2964/2964/2964 2956/2956/2956 2955/2955/2955
f 1821/1821/1821 2920/2920/2920 2964/2964/2964
f 2955/2955/2955 1821/1821/1821 2964/2964/2964
f 2970/2970/2970 2963/2963/2963 2956/2956/2956
f 2964/2964/2964 2965/2965/2965 2970/2970/2970
f 2956/2956/2956 2964/2964/2964 2970/2970/2970
f 2967/2967/2967 2965/2965/2965 2964/2964/2964
f 2920/2920/2920 2951/2951/2951 2967/2967/2967
f 2964/2964/2964 2920/2920/2920 2967/2967/2967
f 2965/2965/2965 2967/2967/2967 2966/2966/2966
f 2967/2967/2967 2951/2951/2951 2968/2968/2968
f 2963/2963/2963 2970/2970/2970 2971/2971/2971
f 2970/2970/2970 2965/2965/2965 2966/2966/2966
f 2982/2982/2982 2972/2972/2972 2954/2954/2954
f 2973/2973/2973 2974/2974/2974 2982/2982/2982
f 2954/2954/2954 2973/2973/2973 2982/2982/2982
f 2979/2979/2979 2974/2974/2974 2973/2973/2973
f 2956/2956/2956 2963/2963/2963 2979/2979/2979
f 2973/2973/2973 2956/2956/2956 2979/2979/2979
f 2974/2974/2974 2979/2979/2979 2980/2980/2980
f 2979/2979/2979 2963/2963/2963 2969/2969/2969
f 2972/2972/2972 2982/2982/2982 2983/2983/2983
f 2982/2982/2982 2974/2974/2974 2978/2978/2978
f 2955/2955/2955 1827/1827/1827 1828/1828/1828
f 1822/1822/1822 1821/1821/1821 2955/2955/2955
f 1828/1828/1828 1822/1822/1822 2955/2955/2955
f 1829/1829/1829 1823/1823/1823 1822/1822/1822
f 1830/1830/1830 1824/1824/1824 1829/1829/1829
f 1831/1831/1831 1825/1825/1825 1824/1824/1824
f 2558/2558/2558 1826/1826/1826 1825/1825/1825
f 1831/1831/1831 1832/1832/1832 2558/2558/2558
f 1825/1825/1825 1831/1831/1831 2558/2558/2558
f 2571/2571/2571 2569/2569/2569 2568/2568/2568
f 2563/2563/2563 2571/2571/2571 2570/2570/2570
f 2574/2574/2574 2572/2572/2572 2573/2573/2573
f 2569/2569/2569 2574/2574/2574 2573/2573/2573
f 2573/2573/2573 2566/2566/2566 2559/2559/2559
f 2567/2567/2567 2568/2568/2568 2573/2573/2573
f 2559/2559/2559 2567/2567/2567 2573/2573/2573
f 2570/2570/2570 2568/2568/2568 2567/2567/2567
f 2537/2537/2537 2555/2555/2555 2570/2570/2570
f 2567/2567/2567 2537/2537/2537 2570/2570/2570
f 2580/2580/2580 2578/2578/2578 2577/2577/2577
f 2572/2572/2572 2580/2580/2580 2566/2566/2566
f 2583/2583/2583 2581/2581/2581 2582/2582/2582
f 2578/2578/2578 2583/2583/2583 2582/2582/2582
f 2582/2582/2582 2575/2575/2575 2251/2251/2251
f 2576/2576/2576 2577/2577/2577 2582/2582/2582
f 2251/2251/2251 2576/2576/2576 2582/2582/2582
f 2579/2579/2579 2577/2577/2577 2576/2576/2576
f 2559/2559/2559 2566/2566/2566 2579/2579/2579
f 2576/2576/2576 2559/2559/2559 2579/2579/2579
f 2576/2576/2576 2251/2251/2251 1826/1826/1826
f 2558/2558/2558 2559/2559/2559 2576/2576/2576
f 1826/1826/1826 2558/2558/2558 2576/2576/2576
f 2567/2567/2567 2559/2559/2559 2558/2558/2558
f 1832/1832/1832 2537/2537/2537 2567/2567/2567
f 2558/2558/2558 1832/1832/1832 2567/2567/2567
f 2994/2994/2994 2975/2975/2975 1833/1833/1833
f 2976/2976/2976 2977/2977/2977 2994/2994/2994
f 1833/1833/1833 2976/2976/2976 2994/2994/2994
f 2985/2985/2985 2977/2977/2977 2976/2976/2976
f 1827/1827/1827 2954/2954/2954 2985/2985/2985
f 2976/2976/2976 1827/1827/1827 2985/2985/2985
f 2991/2991/2991 2984/2984/2984 2977/2977/2977
f 2985/2985/2985 2986/2986/2986 2991/2991/2991
f 2977/2977/2977 2985/2985/2985 2991/2991/2991
f 2988/2988/2988 2986/2986/2986 2985/2985/2985
f 2954/2954/2954 2972/2972/2972 2988/2988/2988
f 2985/2985/2985 2954/2954/2954 2988/2988/2988
f 2986/2986/2986 2988/2988/2988 2987/2987/2987
f 2988/2988/2988 2972/2972/2972 2989/2989/2989
f 2984/2984/2984 2991/2991/2991 2992/2992/2992
f 2991/2991/2991 2986/2986/2986 2992/2992/2992
f 3003/3003/3003 2993/2993/2993 2975/2975/2975
f 2994/2994/2994 2995/2995/2995 3003/3003/3003
f 2975/2975/2975 2994/2994/2994 3003/3003/3003
f 3000/3000/3000 2995/2995/2995 2994/2994/2994
f 2977/2977/2977 2984/2984/2984 3000/3000/3000
f 2994/2994/2994 2977/2977/2977 3000/3000/3000
f 2995/2995/2995 3000/3000/3000 3001/3001/3001
f 3000/3000/3000 2984/2984/2984 2990/2990/2990
f 2993/2993/2993 3003/3003/3003 3004/3004/3004
f 3003/3003/3003 2995/2995/2995 2999/2999/2999
f 2976/2976/2976 1833/1833/1833 1834/1834/1834
f 1828/1828/1828 1827/1827/1827 2976/2976/2976
f 1834/1834/1834 1828/1828/1828 2976/2976/2976
f 1835/1835/1835 1829/1829/1829 1828/1828/1828
f 1836/1836/1836 1830/1830/1830 1835/1835/1835
f 1837/1837/1837 1831/1831/1831 1836/1836/1836
f 2538/2538/2538 1832/1832/1832 1831/1831/1831
f 1837/1837/1837 1838/1838/1838 2538/2538/2538
f 1831/1831/1831 1837/1837/1837 2538/2538/2538
f 2551/2551/2551 2549/2549/2549 2548/2548/2548
f 2543/2543/2543 2551/2551/2551 2534/2534/2534
f 2554/2554/2554 2552/2552/2552 2546/2546/2546
f 2549/2549/2549 2554/2554/2554 2553/2553/2553
f 2553/2553/2553 2546/2546/2546 2539/2539/2539
f 2547/2547/2547 2548/2548/2548 2553/2553/2553
f 2539/2539/2539 2547/2547/2547 2553/2553/2553
f 2550/2550/2550 2548/2548/2548 2547/2547/2547
f 2516/2516/2516 2534/2534/2534 2550/2550/2550
f 2547/2547/2547 2516/2516/2516 2550/2550/2550
f 2562/2562/2562 2560/2560/2560 2561/2561/2561
f 2552/2552/2552 2562/2562/2562 2561/2561/2561
f 2565/2565/2565 2563/2563/2563 2555/2555/2555
f 2560/2560/2560 2565/2565/2565 2564/2564/2564
f 2564/2564/2564 2555/2555/2555 2537/2537/2537
f 2556/2556/2556 2557/2557/2557 2564/2564/2564
f 2537/2537/2537 2556/2556/2556 2564/2564/2564
f 2561/2561/2561 2557/2557/2557 2556/2556/2556
f 2539/2539/2539 2546/2546/2546 2561/2561/2561
f 2556/2556/2556 2539/2539/2539 2561/2561/2561
f 2556/2556/2556 2537/2537/2537 1832/1832/1832
f 2538/2538/2538 2539/2539/2539 2556/2556/2556
f 1832/1832/1832 2538/2538/2538 2556/2556/2556
f 2547/2547/2547 2539/2539/2539 2538/2538/2538
f 1838/1838/1838 2516/2516/2516 2547/2547/2547
f 2538/2538/2538 1838/1838/1838 2547/2547/2547
f 3015/3015/3015 2996/2996/2996 1839/1839/1839
f 2997/2997/2997 2998/2998/2998 3015/3015/3015
f 1839/1839/1839 2997/2997/2997 3015/3015/3015
f 3006/3006/3006 2998/2998/2998 2997/2997/2997
f 1833/1833/1833 2975/2975/2975 3006/3006/3006
f 2997/2997/2997 1833/1833/1833 3006/3006/3006
f 3012/3012/3012 3005/3005/3005 2998/2998/2998
f 3006/3006/3006 3007/3007/3007 3012/3012/3012
f 2998/2998/2998 3006/3006/3006 3012/3012/3012
f 3009/3009/3009 3007/3007/3007 3006/3006/3006
f 2975/2975/2975 2993/2993/2993 3009/3009/3009
f 3006/3006/3006 2975/2975/2975 3009/3009/3009
f 3007/3007/3007 3009/3009/3009 3008/3008/3008
f 3009/3009/3009 2993/2993/2993 3010/3010/3010
f 3005/3005/3005 3012/3012/3012 3013/3013/3013
f 3012/3012/3012 3007/3007/3007 3013/3013/3013
f 3024/3024/3024 3014/3014/3014 2996/2996/2996
f 3015/3015/3015 3016/3016/3016 3024/3024/3024
f 2996/2996/2996 3015/3015/3015 3024/3024/3024
f 3021/3021/3021 3016/3016/3016 3015/3015/3015
f 2998/2998/2998 3005/3005/3005 3021/3021/3021
f 3015/3015/3015 2998/2998/2998 3021/3021/3021
f 3016/3016/3016 3021/3021/3021 3022/3022/3022
f 3021/3021/3021 3005/3005/3005 3022/3022/3022
f 3014/3014/3014 3024/3024/3024 3023/3023/3023
f 3024/3024/3024 3016/3016/3016 3025/3025/3025
f 2997/2997/2997 1839/1839/1839 1840/1840/1840
f 1834/1834/1834 1833/1833/1833 2997/2997/2997
f 1840/1840/1840 1834/1834/1834 2997/2997/2997
f 1841/1841/1841 1835/1835/1835 1834/1834/1834
f 1842/1842/1842 1836/1836/1836 1841/1841/1841
f 1843/1843/1843 1837/1837/1837 1842/1842/1842
f 2517/2517/2517 1838/1838/1838 1837/1837/1837
f 1843/1843/1843 1844/1844/1844 2517/2517/2517
f 1837/1837/1837 1843/1843/1843 2517/2517/2517
f 2530/2530/2530 2528/2528/2528 2529/2529/2529
f 2522/2522/2522 2530/2530/2530 2513/2513/2513
f 2533/2533/2533 2531/2531/2531 2532/2532/2532
f 2528/2528/2528 2533/2533/2533 2532/2532/2532
f 2532/2532/2532 2525/2525/2525 2518/2518/2518
f 2526/2526/2526 2527/2527/2527 2532/2532/2532
f 2518/2518/2518 2526/2526/2526 2532/2532/2532
f 2529/2529/2529 2527/2527/2527 2526/2526/2526
f 2495/2495/2495 2513/2513/2513 2529/2529/2529
f 2526/2526/2526 2495/2495/2495 2529/2529/2529
f 2542/2542/2542 2540/2540/2540 2536/2536/2536
f 2531/2531/2531 2542/2542/2542 2525/2525/2525
f 2545/2545/2545 2543/2543/2543 2544/2544/2544
f 2540/2540/2540 2545/2545/2545 2544/2544/2544
f 2544/2544/2544 2534/2534/2534 2516/2516/2516
f 2535/2535/2535 2536/2536/2536 2544/2544/2544
f 2516/2516/2516 2535/2535/2535 2544/2544/2544
f 2541/2541/2541 2536/2536/2536 2535/2535/2535
f 2518/2518/2518 2525/2525/2525 2541/2541/2541
f 2535/2535/2535 2518/2518/2518 2541/2541/2541
f 2535/2535/2535 2516/2516/2516 1838/1838/1838
f 2517/2517/2517 2518/2518/2518 2535/2535/2535
f 1838/1838/1838 2517/2517/2517 2535/2535/2535
f 2526/2526/2526 2518/2518/2518 2517/2517/2517
f 1844/1844/1844 2495/2495/2495 2526/2526/2526
f 2517/2517/2517 1844/1844/1844 2526/2526/2526
f 3036/3036/3036 3017/3017/3017 1845/1845/1845
f 3018/3018/3018 3019/3019/3019 3036/3036/3036
f 1845/1845/1845 3018/3018/3018 3036/3036/3036
f 3027/3027/3027 3019/3019/3019 3018/3018/3018
f 1839/1839/1839 2996/2996/2996 3027/3027/3027
f 3018/3018/3018 1839/1839/1839 3027/3027/3027
f 3033/3033/3033 3026/3026/3026 3019/3019/3019
f 3027/3027/3027 3028/3028/3028 3033/3033/3033
f 3019/3019/3019 3027/3027/3027 3033/3033/3033
f 3030/3030/3030 3028/3028/3028 3027/3027/3027
f 2996/2996/2996 3014/3014/3014 3030/3030/3030
f 3027/3027/3027 2996/2996/2996 3030/3030/3030
f 3028/3028/3028 3030/3030/3030 3031/3031/3031
f 3030/3030/3030 3014/3014/3014 3031/3031/3031
f 3026/3026/3026 3033/3033/3033 3032/3032/3032
f 3033/3033/3033 3028/3028/3028 3034/3034/3034
f 3045/3045/3045 3035/3035/3035 3017/3017/3017
f 3036/3036/3036 3037/3037/3037 3045/3045/3045
f 3017/3017/3017 3036/3036/3036 3045/3045/3045
f 3042/3042/3042 3037/3037/3037 3036/3036/3036
f 3019/3019/3019 3026/3026/3026 3042/3042/3042
f 3036/3036/3036 3019/3019/3019 3042/3042/3042
f 3037/3037/3037 3042/3042/3042 3043/3043/3043
f 3042/3042/3042 3026/3026/3026 3032/3032/3032
f 3035/3035/3035 3045/3045/3045 3046/3046/3046
f 3045/3045/3045 3037/3037/3037 3041/3041/3041
f 3018/3018/3018 1845/1845/1845 1846/1846/1846
f 1840/1840/1840 1839/1839/1839 3018/3018/3018
f 1846/1846/1846 1840/1840/1840 3018/3018/3018
f 1847/1847/1847 1841/1841/1841 1846/1846/1846
f 1848/1848/1848 1842/1842/1842 1841/1841/1841
f 1849/1849/1849 1843/1843/1843 1848/1848/1848
f 2496/2496/2496 1844/1844/1844 1843/1843/1843
f 1849/1849/1849 1850/1850/1850 2496/2496/2496
f 1843/1843/1843 1849/1849/1849 2496/2496/2496
f 2509/2509/2509 2507/2507/2507 2508/2508/2508
f 2501/2501/2501 2509/2509/2509 2492/2492/2492
f 2512/2512/2512 2510/2510/2510 2511/2511/2511
f 2507/2507/2507 2512/2512/2512 2506/2506/2506
f 2511/2511/2511 2504/2504/2504 2497/2497/2497
f 2505/2505/2505 2506/2506/2506 2511/2511/2511
f 2497/2497/2497 2505/2505/2505 2511/2511/2511
f 2508/2508/2508 2506/2506/2506 2505/2505/2505
f 2474/2474/2474 2492/2492/2492 2508/2508/2508
f 2505/2505/2505 2474/2474/2474 2508/2508/2508
f 2521/2521/2521 2519/2519/2519 2515/2515/2515
f 2510/2510/2510 2521/2521/2521 2504/2504/2504
f 2524/2524/2524 2522/2522/2522 2513/2513/2513
f 2519/2519/2519 2524/2524/2524 2515/2515/2515
f 2523/2523/2523 2513/2513/2513 2495/2495/2495
f 2514/2514/2514 2515/2515/2515 2523/2523/2523
f 2495/2495/2495 2514/2514/2514 2523/2523/2523
f 2520/2520/2520 2515/2515/2515 2514/2514/2514
f 2497/2497/2497 2504/2504/2504 2520/2520/2520
f 2514/2514/2514 2497/2497/2497 2520/2520/2520
f 2514/2514/2514 2495/2495/2495 1844/1844/1844
f 2496/2496/2496 2497/2497/2497 2514/2514/2514
f 1844/1844/1844 2496/2496/2496 2514/2514/2514
f 2505/2505/2505 2497/2497/2497 2496/2496/2496
f 1850/1850/1850 2474/2474/2474 2505/2505/2505
f 2496/2496/2496 1850/1850/1850 2505/2505/2505
f 3057/3057/3057 3038/3038/3038 1851/1851/1851
f 3039/3039/3039 3040/3040/3040 3057/3057/3057
f 1851/1851/1851 3039/3039/3039 3057/3057/3057
f 3048/3048/3048 3040/3040/3040 3039/3039/3039
f 1845/1845/1845 3017/3017/3017 3048/3048/3048
f 3039/3039/3039 1845/1845/1845 3048/3048/3048
f 3054/3054/3054 3047/3047/3047 3040/3040/3040
f 3048/3048/3048 3049/3049/3049 3054/3054/3054
f 3040/3040/3040 3048/3048/3048 3054/3054/3054
f 3051/3051/3051 3049/3049/3049 3048/3048/3048
f 3017/3017/3017 3035/3035/3035 3051/3051/3051
f 3048/3048/3048 3017/3017/3017 3051/3051/3051
f 3049/3049/3049 3051/3051/3051 3050/3050/3050
f 3051/3051/3051 3035/3035/3035 3044/3044/3044
f 3047/3047/3047 3054/3054/3054 3053/3053/3053
f 3054/3054/3054 3049/3049/3049 3055/3055/3055
f 3066/3066/3066 3056/3056/3056 3038/3038/3038
f 3057/3057/3057 3058/3058/3058 3066/3066/3066
f 3038/3038/3038 3057/3057/3057 3066/3066/3066
f 3063/3063/3063 3058/3058/3058 3057/3057/3057
f 3040/3040/3040 3047/3047/3047 3063/3063/3063
f 3057/3057/3057 3040/3040/3040 3063/3063/3063
f 3058/3058/3058 3063/3063/3063 3062/3062/3062
f 3063/3063/3063 3047/3047/3047 3064/3064/3064
f 3056/3056/3056 3066/3066/3066 3065/3065/3065
f 3066/3066/3066 3058/3058/3058 3067/3067/3067
f 3039/3039/3039 1851/1851/1851 1852/1852/1852
f 1846/1846/1846 1845/1845/1845 3039/3039/3039
f 1852/1852/1852 1846/1846/1846 3039/3039/3039
f 1853/1853/1853 1847/1847/1847 1852/1852/1852
f 1854/1854/1854 1848/1848/1848 1853/1853/1853
f 1855/1855/1855 1849/1849/1849 1848/1848/1848
f 2475/2475/2475 1850/1850/1850 1849/1849/1849
f 1855/1855/1855 1856/1856/1856 2475/2475/2475
f 1849/1849/1849 1855/1855/1855 2475/2475/2475
f 2488/2488/2488 2486/2486/2486 2487/2487/2487
f 2480/2480/2480 2488/2488/2488 2487/2487/2487
f 2491/2491/2491 2489/2489/2489 2490/2490/2490
f 2486/2486/2486 2491/2491/2491 2485/2485/2485
f 2490/2490/2490 2483/2483/2483 2476/2476/2476
f 2484/2484/2484 2485/2485/2485 2490/2490/2490
f 2476/2476/2476 2484/2484/2484 2490/2490/2490
f 2487/2487/2487 2485/2485/2485 2484/2484/2484
f 2453/2453/2453 2471/2471/2471 2487/2487/2487
f 2484/2484/2484 2453/2453/2453 2487/2487/2487
f 2500/2500/2500 2498/2498/2498 2499/2499/2499
f 2489/2489/2489 2500/2500/2500 2499/2499/2499
f 2503/2503/2503 2501/2501/2501 2502/2502/2502
f 2498/2498/2498 2503/2503/2503 2494/2494/2494
f 2502/2502/2502 2492/2492/2492 2474/2474/2474
f 2493/2493/2493 2494/2494/2494 2502/2502/2502
f 2474/2474/2474 2493/2493/2493 2502/2502/2502
f 2499/2499/2499 2494/2494/2494 2493/2493/2493
f 2476/2476/2476 2483/2483/2483 2499/2499/2499
f 2493/2493/2493 2476/2476/2476 2499/2499/2499
f 2493/2493/2493 2474/2474/2474 1850/1850/1850
f 2475/2475/2475 2476/2476/2476 2493/2493/2493
f 1850/1850/1850 2475/2475/2475 2493/2493/2493
f 2484/2484/2484 2476/2476/2476 2475/2475/2475
f 1856/1856/1856 2453/2453/2453 2484/2484/2484
f 2475/2475/2475 1856/1856/1856 2484/2484/2484
f 3078/3078/3078 3059/3059/3059 1857/1857/1857
f 3060/3060/3060 3061/3061/3061 3078/3078/3078
f 1857/1857/1857 3060/3060/3060 3078/3078/3078
f 3069/3069/3069 3061/3061/3061 3060/3060/3060
f 1851/1851/1851 3038/3038/3038 3069/3069/3069
f 3060/3060/3060 1851/1851/1851 3069/3069/3069
f 3075/3075/3075 3068/3068/3068 3061/3061/3061
f 3069/3069/3069 3070/3070/3070 3075/3075/3075
f 3061/3061/3061 3069/3069/3069 3075/3075/3075
f 3072/3072/3072 3070/3070/3070 3069/3069/3069
f 3038/3038/3038 3056/3056/3056 3072/3072/3072
f 3069/3069/3069 3038/3038/3038 3072/3072/3072
f 3070/3070/3070 3072/3072/3072 3071/3071/3071
f 3072/3072/3072 3056/3056/3056 3065/3065/3065
f 3068/3068/3068 3075/3075/3075 3076/3076/3076
f 3075/3075/3075 3070/3070/3070 3076/3076/3076
f 3087/3087/3087 3077/3077/3077 3059/3059/3059
f 3078/3078/3078 3079/3079/3079 3087/3087/3087
f 3059/3059/3059 3078/3078/3078 3087/3087/3087
f 3084/3084/3084 3079/3079/3079 3078/3078/3078
f 3061/3061/3061 3068/3068/3068 3084/3084/3084
f 3078/3078/3078 3061/3061/3061 3084/3084/3084
f 3079/3079/3079 3084/3084/3084 3085/3085/3085
f 3084/3084/3084 3068/3068/3068 3074/3074/3074
f 3077/3077/3077 3087/3087/3087 3088/3088/3088
f 3087/3087/3087 3079/3079/3079 3083/3083/3083
f 3060/3060/3060 1857/1857/1857 1858/1858/1858
f 1852/1852/1852 1851/1851/1851 3060/3060/3060
f 1858/1858/1858 1852/1852/1852 3060/3060/3060
f 1859/1859/1859 1853/1853/1853 1858/1858/1858
f 1860/1860/1860 1854/1854/1854 1859/1859/1859
f 1861/1861/1861 1855/1855/1855 1854/1854/1854
f 2454/2454/2454 1856/1856/1856 1855/1855/1855
f 1861/1861/1861 1862/1862/1862 2454/2454/2454
f 1855/1855/1855 1861/1861/1861 2454/2454/2454
f 2467/2467/2467 2465/2465/2465 2466/2466/2466
f 2459/2459/2459 2467/2467/2467 2450/2450/2450
f 2470/2470/2470 2468/2468/2468 2469/2469/2469
f 2465/2465/2465 2470/2470/2470 2464/2464/2464
f 2469/2469/2469 2462/2462/2462 2455/2455/2455
f 2463/2463/2463 2464/2464/2464 2469/2469/2469
f 2455/2455/2455 2463/2463/2463 2469/2469/2469
f 2466/2466/2466 2464/2464/2464 2463/2463/2463
f 2432/2432/2432 2450/2450/2450 2466/2466/2466
f 2463/2463/2463 2432/2432/2432 2466/2466/2466
f 2479/2479/2479 2477/2477/2477 2478/2478/2478
f 2468/2468/2468 2479/2479/2479 2462/2462/2462
f 2482/2482/2482 2480/2480/2480 2481/2481/2481
f 2477/2477/2477 2482/2482/2482 2473/2473/2473
f 2481/2481/2481 2471/2471/2471 2453/2453/2453
f 2472/2472/2472 2473/2473/2473 2481/2481/2481
f 2453/2453/2453 2472/2472/2472 2481/2481/2481
f 2478/2478/2478 2473/2473/2473 2472/2472/2472
f 2455/2455/2455 2462/2462/2462 2478/2478/2478
f 2472/2472/2472 2455/2455/2455 2478/2478/2478
f 2472/2472/2472 2453/2453/2453 1856/1856/1856
f 2454/2454/2454 2455/2455/2455 2472/2472/2472
f 1856/1856/1856 2454/2454/2454 2472/2472/2472
f 2463/2463/2463 2455/2455/2455 2454/2454/2454
f 1862/1862/1862 2432/2432/2432 2463/2463/2463
f 2454/2454/2454 1862/1862/1862 2463/2463/2463
f 3099/3099/3099 3080/3080/3080 1863/1863/1863
f 3081/3081/3081 3082/3082/3082 3099/3099/3099
f 1863/1863/1863 3081/3081/3081 3099/3099/3099
f 3090/3090/3090 3082/3082/3082 3081/3081/3081
f 1857/1857/1857 3059/3059/3059 3090/3090/3090
f 3081/3081/3081 1857/1857/1857 3090/3090/3090
f 3096/3096/3096 3089/3089/3089 3082/3082/3082
f 3090/3090/3090 3091/3091/3091 3096/3096/3096
f 3082/3082/3082 3090/3090/3090 3096/3096/3096
f 3093/3093/3093 3091/3091/3091 3090/3090/3090
f 3059/3059/3059 3077/3077/3077 3093/3093/3093
f 3090/3090/3090 3059/3059/3059 3093/3093/3093
f 3091/3091/3091 3093/3093/3093 3094/3094/3094
f 3093/3093/3093 3077/3077/3077 3094/3094/3094
f 3089/3089/3089 3096/3096/3096 3095/3095/3095
f 3096/3096/3096 3091/3091/3091 3097/3097/3097
f 3108/3108/3108 3098/3098/3098 3080/3080/3080
f 3099/3099/3099 3100/3100/3100 3108/3108/3108
f 3080/3080/3080 3099/3099/3099 3108/3108/3108
f 3105/3105/3105 3100/3100/3100 3099/3099/3099
f 3082/3082/3082 3089/3089/3089 3105/3105/3105
f 3099/3099/3099 3082/3082/3082 3105/3105/3105
f 3100/3100/3100 3105/3105/3105 3106/3106/3106
f 3105/3105/3105 3089/3089/3089 3106/3106/3106
f 3098/3098/3098 3108/3108/3108 3107/3107/3107
f 3108/3108/3108 3100/3100/3100 3104/3104/3104
f 3081/3081/3081 1863/1863/1863 1864/1864/1864
f 1858/1858/1858 1857/1857/1857 3081/3081/3081
f 1864/1864/1864 1858/1858/1858 3081/3081/3081
f 1865/1865/1865 1859/1859/1859 1864/1864/1864
f 1866/1866/1866 1860/1860/1860 1865/1865/1865
f 1867/1867/1867 1861/1861/1861 1860/1860/1860
f 2433/2433/2433 1862/1862/1862 1861/1861/1861
f 1867/1867/1867 1868/1868/1868 2433/2433/2433
f 1861/1861/1861 1867/1867/1867 2433/2433/2433
f 2446/2446/2446 2444/2444/2444 2443/2443/2443
f 2438/2438/2438 2446/2446/2446 2429/2429/2429
f 2449/2449/2449 2447/2447/2447 2441/2441/2441
f 2444/2444/2444 2449/2449/2449 2443/2443/2443
f 2448/2448/2448 2441/2441/2441 2434/2434/2434
f 2442/2442/2442 2443/2443/2443 2448/2448/2448
f 2434/2434/2434 2442/2442/2442 2448/2448/2448
f 2445/2445/2445 2443/2443/2443 2442/2442/2442
f 2411/2411/2411 2429/2429/2429 2445/2445/2445
f 2442/2442/2442 2411/2411/2411 2445/2445/2445
f 2458/2458/2458 2456/2456/2456 2452/2452/2452
f 2447/2447/2447 2458/2458/2458 2441/2441/2441
f 2461/2461/2461 2459/2459/2459 2460/2460/2460
f 2456/2456/2456 2461/2461/2461 2460/2460/2460
f 2460/2460/2460 2450/2450/2450 2432/2432/2432
f 2451/2451/2451 2452/2452/2452 2460/2460/2460
f 2432/2432/2432 2451/2451/2451 2460/2460/2460
f 2457/2457/2457 2452/2452/2452 2451/2451/2451
f 2434/2434/2434 2441/2441/2441 2457/2457/2457
f 2451/2451/2451 2434/2434/2434 2457/2457/2457
f 2451/2451/2451 2432/2432/2432 1862/1862/1862
f 2433/2433/2433 2434/2434/2434 2451/2451/2451
f 1862/1862/1862 2433/2433/2433 2451/2451/2451
f 2442/2442/2442 2434/2434/2434 2433/2433/2433
f 1868/1868/1868 2411/2411/2411 2442/2442/2442
f 2433/2433/2433 1868/1868/1868 2442/2442/2442
f 3120/3120/3120 3101/3101/3101 1869/1869/1869
f 3102/3102/3102 3103/3103/3103 3120/3120/3120
f 1869/1869/1869 3102/3102/3102 3120/3120/3120
f 3111/3111/3111 3103/3103/3103 3102/3102/3102
f 1863/1863/1863 3080/3080/3080 3111/3111/3111
f 3102/3102/3102 1863/1863/1863 3111/3111/3111
f 3117/3117/3117 3110/3110/3110 3103/3103/3103
f 3111/3111/3111 3112/3112/3112 3117/3117/3117
f 3103/3103/3103 3111/3111/3111 3117/3117/3117
f 3114/3114/3114 3112/3112/3112 3111/3111/3111
f 3080/3080/3080 3098/3098/3098 3114/3114/3114
f 3111/3111/3111 3080/3080/3080 3114/3114/3114
f 3112/3112/3112 3114/3114/3114 3115/3115/3115
f 3114/3114/3114 3098/3098/3098 3115/3115/3115
f 3110/3110/3110 3117/3117/3117 3116/3116/3116
f 3117/3117/3117 3112/3112/3112 3118/3118/3118
f 3129/3129/3129 3119/3119/3119 3101/3101/3101
f 3120/3120/3120 3121/3121/3121 3129/3129/3129
f 3101/3101/3101 3120/3120/3120 3129/3129/3129
f 3126/3126/3126 3121/3121/3121 3120/3120/3120
f 3103/3103/3103 3110/3110/3110 3126/3126/3126
f 3120/3120/3120 3103/3103/3103 3126/3126/3126
f 3121/3121/3121 3126/3126/3126 3127/3127/3127
f 3126/3126/3126 3110/3110/3110 3116/3116/3116
f 3119/3119/3119 3129/3129/3129 3130/3130/3130
f 3129/3129/3129 3121/3121/3121 3125/3125/3125
f 3102/3102/3102 1869/1869/1869 1870/1870/1870
f 1864/1864/1864 1863/1863/1863 3102/3102/3102
f 1870/1870/1870 1864/1864/1864 3102/3102/3102
f 1871/1871/1871 1865/1865/1865 1870/1870/1870
f 1872/1872/1872 1866/1866/1866 1865/1865/1865
f 1873/1873/1873 1867/1867/1867 1872/1872/1872
f 2412/2412/2412 1868/1868/1868 1867/1867/1867
f 1873/1873/1873 1874/1874/1874 2412/2412/2412
f 1867/1867/1867 1873/1873/1873 2412/2412/2412
f 2425/2425/2425 2423/2423/2423 2424/2424/2424
f 2417/2417/2417 2425/2425/2425 2424/2424/2424
f 2428/2428/2428 2426/2426/2426 2427/2427/2427
f 2423/2423/2423 2428/2428/2428 2422/2422/2422
f 2427/2427/2427 2420/2420/2420 2413/2413/2413
f 2421/2421/2421 2422/2422/2422 2427/2427/2427
f 2413/2413/2413 2421/2421/2421 2427/2427/2427
f 2424/2424/2424 2422/2422/2422 2421/2421/2421
f 2390/2390/2390 2408/2408/2408 2424/2424/2424
f 2421/2421/2421 2390/2390/2390 2424/2424/2424
f 2437/2437/2437 2435/2435/2435 2431/2431/2431
f 2426/2426/2426 2437/2437/2437 2420/2420/2420
f 2440/2440/2440 2438/2438/2438 2429/2429/2429
f 2435/2435/2435 2440/2440/2440 2431/2431/2431
f 2439/2439/2439 2429/2429/2429 2411/2411/2411
f 2430/2430/2430 2431/2431/2431 2439/2439/2439
f 2411/2411/2411 2430/2430/2430 2439/2439/2439
f 2436/2436/2436 2431/2431/2431 2430/2430/2430
f 2413/2413/2413 2420/2420/2420 2436/2436/2436
f 2430/2430/2430 2413/2413/2413 2436/2436/2436
f 2430/2430/2430 2411/2411/2411 1868/1868/1868
f 2412/2412/2412 2413/2413/2413 2430/2430/2430
f 1868/1868/1868 2412/2412/2412 2430/2430/2430
f 2421/2421/2421 2413/2413/2413 2412/2412/2412
f 1874/1874/1874 2390/2390/2390 2421/2421/2421
f 2412/2412/2412 1874/1874/1874 2421/2421/2421
f 3141/3141/3141 3122/3122/3122 1875/1875/1875
f 3123/3123/3123 3124/3124/3124 3141/3141/3141
f 1875/1875/1875 3123/3123/3123 3141/3141/3141
f 3132/3132/3132 3124/3124/3124 3123/3123/3123
f 1869/1869/1869 3101/3101/3101 3132/3132/3132
f 3123/3123/3123 1869/1869/1869 3132/3132/3132
f 3138/3138/3138 3131/3131/3131 3124/3124/3124
f 3132/3132/3132 3133/3133/3133 3138/3138/3138
f 3124/3124/3124 3132/3132/3132 3138/3138/3138
f 3135/3135/3135 3133/3133/3133 3132/3132/3132
f 3101/3101/3101 3119/3119/3119 3135/3135/3135
f 3132/3132/3132 3101/3101/3101 3135/3135/3135
f 3133/3133/3133 3135/3135/3135 3134/3134/3134
f 3135/3135/3135 3119/3119/3119 3128/3128/3128
f 3131/3131/3131 3138/3138/3138 3139/3139/3139
f 3138/3138/3138 3133/3133/3133 3139/3139/3139
f 3150/3150/3150 3140/3140/3140 3122/3122/3122
f 3141/3141/3141 3142/3142/3142 3150/3150/3150
f 3122/3122/3122 3141/3141/3141 3150/3150/3150
f 3147/3147/3147 3142/3142/3142 3141/3141/3141
f 3124/3124/3124 3131/3131/3131 3147/3147/3147
f 3141/3141/3141 3124/3124/3124 3147/3147/3147
f 3142/3142/3142 3147/3147/3147 3146/3146/3146
f 3147/3147/3147 3131/3131/3131 3137/3137/3137
f 3140/3140/3140 3150/3150/3150 3151/3151/3151
f 3150/3150/3150 3142/3142/3142 3151/3151/3151
f 3123/3123/3123 1875/1875/1875 1876/1876/1876
f 1870/1870/1870 1869/1869/1869 3123/3123/3123
f 1876/1876/1876 1870/1870/1870 3123/3123/3123
f 1877/1877/1877 1871/1871/1871 1870/1870/1870
f 1878/1878/1878 1872/1872/1872 1871/1871/1871
f 1879/1879/1879 1873/1873/1873 1878/1878/1878
f 2391/2391/2391 1874/1874/1874 1873/1873/1873
f 1879/1879/1879 1880/1880/1880 2391/2391/2391
f 1873/1873/1873 1879/1879/1879 2391/2391/2391
f 2404/2404/2404 2402/2402/2402 2401/2401/2401
f 2396/2396/2396 2404/2404/2404 2403/2403/2403
f 2407/2407/2407 2405/2405/2405 2406/2406/2406
f 2402/2402/2402 2407/2407/2407 2406/2406/2406
f 2406/2406/2406 2399/2399/2399 2392/2392/2392
f 2400/2400/2400 2401/2401/2401 2406/2406/2406
f 2392/2392/2392 2400/2400/2400 2406/2406/2406
f 2403/2403/2403 2401/2401/2401 2400/2400/2400
f 2369/2369/2369 2387/2387/2387 2403/2403/2403
f 2400/2400/2400 2369/2369/2369 2403/2403/2403
f 2416/2416/2416 2414/2414/2414 2415/2415/2415
f 2405/2405/2405 2416/2416/2416 2399/2399/2399
f 2419/2419/2419 2417/2417/2417 2408/2408/2408
f 2414/2414/2414 2419/2419/2419 2418/2418/2418
f 2418/2418/2418 2408/2408/2408 2390/2390/2390
f 2409/2409/2409 2410/2410/2410 2418/2418/2418
f 2390/2390/2390 2409/2409/2409 2418/2418/2418
f 2415/2415/2415 2410/2410/2410 2409/2409/2409
f 2392/2392/2392 2399/2399/2399 2415/2415/2415
f 2409/2409/2409 2392/2392/2392 2415/2415/2415
f 2409/2409/2409 2390/2390/2390 1874/1874/1874
f 2391/2391/2391 2392/2392/2392 2409/2409/2409
f 1874/1874/1874 2391/2391/2391 2409/2409/2409
f 2400/2400/2400 2392/2392/2392 2391/2391/2391
f 1880/1880/1880 2369/2369/2369 2400/2400/2400
f 2391/2391/2391 1880/1880/1880 2400/2400/2400
f 3162/3162/3162 3143/3143/3143 1881/1881/1881
f 3144/3144/3144 3145/3145/3145 3162/3162/3162
f 1881/1881/1881 3144/3144/3144 3162/3162/3162
f 3153/3153/3153 3145/3145/3145 3144/3144/3144
f 1875/1875/1875 3122/3122/3122 3153/3153/3153
f 3144/3144/3144 1875/1875/1875 3153/3153/3153
f 3159/3159/3159 3152/3152/3152 3145/3145/3145
f 3153/3153/3153 3154/3154/3154 3159/3159/3159
f 3145/3145/3145 3153/3153/3153 3159/3159/3159
f 3156/3156/3156 3154/3154/3154 3153/3153/3153
f 3122/3122/3122 3140/3140/3140 3156/3156/3156
f 3153/3153/3153 3122/3122/3122 3156/3156/3156
f 3154/3154/3154 3156/3156/3156 3157/3157/3157
f 3156/3156/3156 3140/3140/3140 3157/3157/3157
f 3152/3152/3152 3159/3159/3159 3160/3160/3160
f 3159/3159/3159 3154/3154/3154 3155/3155/3155
f 3171/3171/3171 3161/3161/3161 3143/3143/3143
f 3162/3162/3162 3163/3163/3163 3171/3171/3171
f 3143/3143/3143 3162/3162/3162 3171/3171/3171
f 3168/3168/3168 3163/3163/3163 3162/3162/3162
f 3145/3145/3145 3152/3152/3152 3168/3168/3168
f 3162/3162/3162 3145/3145/3145 3168/3168/3168
f 3163/3163/3163 3168/3168/3168 3167/3167/3167
f 3168/3168/3168 3152/3152/3152 3158/3158/3158
f 3161/3161/3161 3171/3171/3171 3170/3170/3170
f 3171/3171/3171 3163/3163/3163 3172/3172/3172
f 3144/3144/3144 1881/1881/1881 1882/1882/1882
f 1876/1876/1876 1875/1875/1875 3144/3144/3144
f 1882/1882/1882 1876/1876/1876 3144/3144/3144
f 1883/1883/1883 1877/1877/1877 1882/1882/1882
f 1884/1884/1884 1878/1878/1878 1877/1877/1877
f 1885/1885/1885 1879/1879/1879 1884/1884/1884
f 2370/2370/2370 1880/1880/1880 1879/1879/1879
f 1885/1885/1885 1886/1886/1886 2370/2370/2370
f 1879/1879/1879 1885/1885/1885 2370/2370/2370
f 2383/2383/2383 2381/2381/2381 2382/2382/2382
f 2375/2375/2375 2383/2383/2383 2382/2382/2382
f 2386/2386/2386 2384/2384/2384 2385/2385/2385
f 2381/2381/2381 2386/2386/2386 2380/2380/2380
f 2385/2385/2385 2378/2378/2378 2371/2371/2371
f 2379/2379/2379 2380/2380/2380 2385/2385/2385
f 2371/2371/2371 2379/2379/2379 2385/2385/2385
f 2382/2382/2382 2380/2380/2380 2379/2379/2379
f 2348/2348/2348 2366/2366/2366 2382/2382/2382
f 2379/2379/2379 2348/2348/2348 2382/2382/2382
f 2395/2395/2395 2393/2393/2393 2394/2394/2394
f 2384/2384/2384 2395/2395/2395 2378/2378/2378
f 2398/2398/2398 2396/2396/2396 2387/2387/2387
f 2393/2393/2393 2398/2398/2398 2389/2389/2389
f 2397/2397/2397 2387/2387/2387 2369/2369/2369
f 2388/2388/2388 2389/2389/2389 2397/2397/2397
f 2369/2369/2369 2388/2388/2388 2397/2397/2397
f 2394/2394/2394 2389/2389/2389 2388/2388/2388
f 2371/2371/2371 2378/2378/2378 2394/2394/2394
f 2388/2388/2388 2371/2371/2371 2394/2394/2394
f 2388/2388/2388 2369/2369/2369 1880/1880/1880
f 2370/2370/2370 2371/2371/2371 2388/2388/2388
f 1880/1880/1880 2370/2370/2370 2388/2388/2388
f 2379/2379/2379 2371/2371/2371 2370/2370/2370
f 1886/1886/1886 2348/2348/2348 2379/2379/2379
f 2370/2370/2370 1886/1886/1886 2379/2379/2379
f 3183/3183/3183 3164/3164/3164 1887/1887/1887
f 3165/3165/3165 3166/3166/3166 3183/3183/3183
f 1887/1887/1887 3165/3165/3165 3183/3183/3183
f 3174/3174/3174 3166/3166/3166 3165/3165/3165
f 1881/1881/1881 3143/3143/3143 3174/3174/3174
f 3165/3165/3165 1881/1881/1881 3174/3174/3174
f 3180/3180/3180 3173/3173/3173 3166/3166/3166
f 3174/3174/3174 3175/3175/3175 3180/3180/3180
f 3166/3166/3166 3174/3174/3174 3180/3180/3180
f 3177/3177/3177 3175/3175/3175 3174/3174/3174
f 3143/3143/3143 3161/3161/3161 3177/3177/3177
f 3174/3174/3174 3143/3143/3143 3177/3177/3177
f 3175/3175/3175 3177/3177/3177 3178/3178/3178
f 3177/3177/3177 3161/3161/3161 3170/3170/3170
f 3173/3173/3173 3180/3180/3180 3181/3181/3181
f 3180/3180/3180 3175/3175/3175 3176/3176/3176
f 3192/3192/3192 3182/3182/3182 3164/3164/3164
f 3183/3183/3183 3184/3184/3184 3192/3192/3192
f 3164/3164/3164 3183/3183/3183 3192/3192/3192
f 3189/3189/3189 3184/3184/3184 3183/3183/3183
f 3166/3166/3166 3173/3173/3173 3189/3189/3189
f 3183/3183/3183 3166/3166/3166 3189/3189/3189
f 3184/3184/3184 3189/3189/3189 3190/3190/3190
f 3189/3189/3189 3173/3173/3173 3179/3179/3179
f 3182/3182/3182 3192/3192/3192 3193/3193/3193
f 3192/3192/3192 3184/3184/3184 3193/3193/3193
f 3165/3165/3165 1887/1887/1887 1888/1888/1888
f 1882/1882/1882 1881/1881/1881 3165/3165/3165
f 1888/1888/1888 1882/1882/1882 3165/3165/3165
f 1889/1889/1889 1883/1883/1883 1888/1888/1888
f 1890/1890/1890 1884/1884/1884 1889/1889/1889
f 1891/1891/1891 1885/1885/1885 1884/1884/1884
f 2349/2349/2349 1886/1886/1886 1885/1885/1885
f 1891/1891/1891 1892/1892/1892 2349/2349/2349
f 1885/1885/1885 1891/1891/1891 2349/2349/2349
f 2362/2362/2362 2360/2360/2360 2359/2359/2359
f 2354/2354/2354 2362/2362/2362 2345/2345/2345
f 2365/2365/2365 2363/2363/2363 2357/2357/2357
f 2360/2360/2360 2365/2365/2365 2359/2359/2359
f 2364/2364/2364 2357/2357/2357 2350/2350/2350
f 2358/2358/2358 2359/2359/2359 2364/2364/2364
f 2350/2350/2350 2358/2358/2358 2364/2364/2364
f 2361/2361/2361 2359/2359/2359 2358/2358/2358
f 2327/2327/2327 2345/2345/2345 2361/2361/2361
f 2358/2358/2358 2327/2327/2327 2361/2361/2361
f 2374/2374/2374 2372/2372/2372 2368/2368/2368
f 2363/2363/2363 2374/2374/2374 2357/2357/2357
f 2377/2377/2377 2375/2375/2375 2366/2366/2366
f 2372/2372/2372 2377/2377/2377 2376/2376/2376
f 2376/2376/2376 2366/2366/2366 2348/2348/2348
f 2367/2367/2367 2368/2368/2368 2376/2376/2376
f 2348/2348/2348 2367/2367/2367 2376/2376/2376
f 2373/2373/2373 2368/2368/2368 2367/2367/2367
f 2350/2350/2350 2357/2357/2357 2373/2373/2373
f 2367/2367/2367 2350/2350/2350 2373/2373/2373
f 2367/2367/2367 2348/2348/2348 1886/1886/1886
f 2349/2349/2349 2350/2350/2350 2367/2367/2367
f 1886/1886/1886 2349/2349/2349 2367/2367/2367
f 2358/2358/2358 2350/2350/2350 2349/2349/2349
f 1892/1892/1892 2327/2327/2327 2358/2358/2358
f 2349/2349/2349 1892/1892/1892 2358/2358/2358
f 3204/3204/3204 3185/3185/3185 1893/1893/1893
f 3186/3186/3186 3187/3187/3187 3204/3204/3204
f 1893/1893/1893 3186/3186/3186 3204/3204/3204
f 3195/3195/3195 3187/3187/3187 3186/3186/3186
f 1887/1887/1887 3164/3164/3164 3195/3195/3195
f 3186/3186/3186 1887/1887/1887 3195/3195/3195
f 3201/3201/3201 3194/3194/3194 3187/3187/3187
f 3195/3195/3195 3196/3196/3196 3201/3201/3201
f 3187/3187/3187 3195/3195/3195 3201/3201/3201
f 3198/3198/3198 3196/3196/3196 3195/3195/3195
f 3164/3164/3164 3182/3182/3182 3198/3198/3198
f 3195/3195/3195 3164/3164/3164 3198/3198/3198
f 3196/3196/3196 3198/3198/3198 3197/3197/3197
f 3198/3198/3198 3182/3182/3182 3199/3199/3199
f 3194/3194/3194 3201/3201/3201 3202/3202/3202
f 3201/3201/3201 3196/3196/3196 3202/3202/3202
f 3213/3213/3213 3203/3203/3203 3185/3185/3185
f 3204/3204/3204 3205/3205/3205 3213/3213/3213
f 3185/3185/3185 3204/3204/3204 3213/3213/3213
f 3210/3210/3210 3205/3205/3205 3204/3204/3204
f 3187/3187/3187 3194/3194/3194 3210/3210/3210
f 3204/3204/3204 3187/3187/3187 3210/3210/3210
f 3205/3205/3205 3210/3210/3210 3211/3211/3211
f 3210/3210/3210 3194/3194/3194 3200/3200/3200
f 3203/3203/3203 3213/3213/3213 3212/3212/3212
f 3213/3213/3213 3205/3205/3205 3214/3214/3214
f 3186/3186/3186 1893/1893/1893 1894/1894/1894
f 1888/1888/1888 1887/1887/1887 3186/3186/3186
f 1894/1894/1894 1888/1888/1888 3186/3186/3186
f 1895/1895/1895 1889/1889/1889 1894/1894/1894
f 1896/1896/1896 1890/1890/1890 1889/1889/1889
f 1897/1897/1897 1891/1891/1891 1896/1896/1896
f 2328/2328/2328 1892/1892/1892 1891/1891/1891
f 1897/1897/1897 1898/1898/1898 2328/2328/2328
f 1891/1891/1891 1897/1897/1897 2328/2328/2328
f 2341/2341/2341 2339/2339/2339 2338/2338/2338
f 2333/2333/2333 2341/2341/2341 2340/2340/2340
f 2344/2344/2344 2342/2342/2342 2343/2343/2343
f 2339/2339/2339 2344/2344/2344 2343/2343/2343
f 2343/2343/2343 2336/2336/2336 2329/2329/2329
f 2337/2337/2337 2338/2338/2338 2343/2343/2343
f 2329/2329/2329 2337/2337/2337 2343/2343/2343
f 2340/2340/2340 2338/2338/2338 2337/2337/2337
f 2306/2306/2306 2324/2324/2324 2340/2340/2340
f 2337/2337/2337 2306/2306/2306 2340/2340/2340
f 2353/2353/2353 2351/2351/2351 2352/2352/2352
f 2342/2342/2342 2353/2353/2353 2336/2336/2336
f 2356/2356/2356 2354/2354/2354 2345/2345/2345
f 2351/2351/2351 2356/2356/2356 2347/2347/2347
f 2355/2355/2355 2345/2345/2345 2327/2327/2327
f 2346/2346/2346 2347/2347/2347 2355/2355/2355
f 2327/2327/2327 2346/2346/2346 2355/2355/2355
f 2352/2352/2352 2347/2347/2347 2346/2346/2346
f 2329/2329/2329 2336/2336/2336 2352/2352/2352
f 2346/2346/2346 2329/2329/2329 2352/2352/2352
f 2346/2346/2346 2327/2327/2327 1892/1892/1892
f 2328/2328/2328 2329/2329/2329 2346/2346/2346
f 1892/1892/1892 2328/2328/2328 2346/2346/2346
f 2337/2337/2337 2329/2329/2329 2328/2328/2328
f 1898/1898/1898 2306/2306/2306 2337/2337/2337
f 2328/2328/2328 1898/1898/1898 2337/2337/2337
f 3225/3225/3225 3206/3206/3206 1899/1899/1899
f 3207/3207/3207 3208/3208/3208 3225/3225/3225
f 1899/1899/1899 3207/3207/3207 3225/3225/3225
f 3216/3216/3216 3208/3208/3208 3207/3207/3207
f 1893/1893/1893 3185/3185/3185 3216/3216/3216
f 3207/3207/3207 1893/1893/1893 3216/3216/3216
f 3222/3222/3222 3215/3215/3215 3208/3208/3208
f 3216/3216/3216 3217/3217/3217 3222/3222/3222
f 3208/3208/3208 3216/3216/3216 3222/3222/3222
f 3219/3219/3219 3217/3217/3217 3216/3216/3216
f 3185/3185/3185 3203/3203/3203 3219/3219/3219
f 3216/3216/3216 3185/3185/3185 3219/3219/3219
f 3217/3217/3217 3219/3219/3219 3218/3218/3218
f 3219/3219/3219 3203/3203/3203 3220/3220/3220
f 3215/3215/3215 3222/3222/3222 3221/3221/3221
f 3222/3222/3222 3217/3217/3217 3218/3218/3218
f 3233/3233/3233 3224/3224/3224 3206/3206/3206
f 3225/3225/3225 3226/3226/3226 3233/3233/3233
f 3206/3206/3206 3225/3225/3225 3233/3233/3233
f 3230/3230/3230 3226/3226/3226 3225/3225/3225
f 3208/3208/3208 3215/3215/3215 3230/3230/3230
f 3225/3225/3225 3208/3208/3208 3230/3230/3230
f 3226/3226/3226 3230/3230/3230 3229/3229/3229
f 3230/3230/3230 3215/3215/3215 3231/3231/3231
f 3224/3224/3224 3233/3233/3233 3234/3234/3234
f 3233/3233/3233 3226/3226/3226 3229/3229/3229
f 3207/3207/3207 1899/1899/1899 1900/1900/1900
f 1894/1894/1894 1893/1893/1893 3207/3207/3207
f 1900/1900/1900 1894/1894/1894 3207/3207/3207
f 1901/1901/1901 1895/1895/1895 1900/1900/1900
f 1902/1902/1902 1896/1896/1896 1895/1895/1895
f 1903/1903/1903 1897/1897/1897 1902/1902/1902
f 2307/2307/2307 1898/1898/1898 1897/1897/1897
f 1903/1903/1903 1904/1904/1904 2307/2307/2307
f 1897/1897/1897 1903/1903/1903 2307/2307/2307
f 2320/2320/2320 2318/2318/2318 2317/2317/2317
f 2312/2312/2312 2320/2320/2320 2319/2319/2319
f 2323/2323/2323 2321/2321/2321 2322/2322/2322
f 2318/2318/2318 2323/2323/2323 2322/2322/2322
f 2322/2322/2322 2315/2315/2315 2308/2308/2308
f 2316/2316/2316 2317/2317/2317 2322/2322/2322
f 2308/2308/2308 2316/2316/2316 2322/2322/2322
f 2319/2319/2319 2317/2317/2317 2316/2316/2316
f 2285/2285/2285 2303/2303/2303 2319/2319/2319
f 2316/2316/2316 2285/2285/2285 2319/2319/2319
f 2332/2332/2332 2330/2330/2330 2326/2326/2326
f 2321/2321/2321 2332/2332/2332 2315/2315/2315
f 2335/2335/2335 2333/2333/2333 2324/2324/2324
f 2330/2330/2330 2335/2335/2335 2334/2334/2334
f 2334/2334/2334 2324/2324/2324 2306/2306/2306
f 2325/2325/2325 2326/2326/2326 2334/2334/2334
f 2306/2306/2306 2325/2325/2325 2334/2334/2334
f 2331/2331/2331 2326/2326/2326 2325/2325/2325
f 2308/2308/2308 2315/2315/2315 2331/2331/2331
f 2325/2325/2325 2308/2308/2308 2331/2331/2331
f 2325/2325/2325 2306/2306/2306 1898/1898/1898
f 2307/2307/2307 2308/2308/2308 2325/2325/2325
f 1898/1898/1898 2307/2307/2307 2325/2325/2325
f 2316/2316/2316 2308/2308/2308 2307/2307/2307
f 1904/1904/1904 2285/2285/2285 2316/2316/2316
f 2307/2307/2307 1904/1904/1904 2316/2316/2316
f 3245/3245/3245 2930/2930/2930 1905/1905/1905
f 3227/3227/3227 3228/3228/3228 3245/3245/3245
f 1905/1905/1905 3227/3227/3227 3245/3245/3245
f 3236/3236/3236 3228/3228/3228 3227/3227/3227
f 1899/1899/1899 3206/3206/3206 3236/3236/3236
f 3227/3227/3227 1899/1899/1899 3236/3236/3236
f 3242/3242/3242 3235/3235/3235 3228/3228/3228
f 3236/3236/3236 3237/3237/3237 3242/3242/3242
f 3228/3228/3228 3236/3236/3236 3242/3242/3242
f 3239/3239/3239 3237/3237/3237 3236/3236/3236
f 3206/3206/3206 3224/3224/3224 3239/3239/3239
f 3236/3236/3236 3206/3206/3206 3239/3239/3239
f 3237/3237/3237 3239/3239/3239 3238/3238/3238
f 3239/3239/3239 3224/3224/3224 3240/3240/3240
f 3235/3235/3235 3242/3242/3242 3241/3241/3241
f 3242/3242/3242 3237/3237/3237 3238/3238/3238
f 3251/3251/3251 3244/3244/3244 2930/2930/2930
f 3245/3245/3245 3246/3246/3246 3251/3251/3251
f 2930/2930/2930 3245/3245/3245 3251/3251/3251
f 3248/3248/3248 3246/3246/3246 3245/3245/3245
f 3228/3228/3228 3235/3235/3235 3248/3248/3248
f 3245/3245/3245 3228/3228/3228 3248/3248/3248
f 3246/3246/3246 3248/3248/3248 3249/3249/3249
f 3248/3248/3248 3235/3235/3235 3241/3241/3241
f 3244/3244/3244 3251/3251/3251 3250/3250/3250
f 3251/3251/3251 3246/3246/3246 3247/3247/3247
f 3227/3227/3227 1905/1905/1905 1906/1906/1906
f 1900/1900/1900 1899/1899/1899 3227/3227/3227
f 1906/1906/1906 1900/1900/1900 3227/3227/3227
f 1907/1907/1907 1901/1901/1901 1906/1906/1906
f 1908/1908/1908 1902/1902/1902 1901/1901/1901
f 1909/1909/1909 1903/1903/1903 1908/1908/1908
f 2286/2286/2286 1904/1904/1904 1903/1903/1903
f 1909/1909/1909 1910/1910/1910 2286/2286/2286
f 1903/1903/1903 1909/1909/1909 2286/2286/2286
f 2299/2299/2299 2297/2297/2297 2296/2296/2296
f 2291/2291/2291 2299/2299/2299 2298/2298/2298
f 2302/2302/2302 2300/2300/2300 2294/2294/2294
f 2297/2297/2297 2302/2302/2302 2301/2301/2301
f 2301/2301/2301 2294/2294/2294 2287/2287/2287
f 2295/2295/2295 2296/2296/2296 2301/2301/2301
f 2287/2287/2287 2295/2295/2295 2301/2301/2301
f 2298/2298/2298 2296/2296/2296 2295/2295/2295
f 2244/2244/2244 2282/2282/2282 2298/2298/2298
f 2295/2295/2295 2244/2244/2244 2298/2298/2298
f 2311/2311/2311 2309/2309/2309 2310/2310/2310
f 2300/2300/2300 2311/2311/2311 2294/2294/2294
f 2314/2314/2314 2312/2312/2312 2303/2303/2303
f 2309/2309/2309 2314/2314/2314 2313/2313/2313
f 2313/2313/2313 2303/2303/2303 2285/2285/2285
f 2304/2304/2304 2305/2305/2305 2313/2313/2313
f 2285/2285/2285 2304/2304/2304 2313/2313/2313
f 2310/2310/2310 2305/2305/2305 2304/2304/2304
f 2287/2287/2287 2294/2294/2294 2310/2310/2310
f 2304/2304/2304 2287/2287/2287 2310/2310/2310
f 2304/2304/2304 2285/2285/2285 1904/1904/1904
f 2286/2286/2286 2287/2287/2287 2304/2304/2304
f 1904/1904/1904 2286/2286/2286 2304/2304/2304
f 2295/2295/2295 2287/2287/2287 2286/2286/2286
f 1910/1910/1910 2244/2244/2244 2295/2295/2295
f 2286/2286/2286 1910/1910/1910 2295/2295/2295
f 2937/2937/2937 2928/2928/2928 1911/1911/1911
f 2929/2929/2929 2931/2931/2931 2937/2937/2937
f 1911/1911/1911 2929/2929/2929 2937/2937/2937
f 3253/3253/3253 2931/2931/2931 2929/2929/2929
f 1905/1905/1905 2930/2930/2930 3253/3253/3253
f 2929/2929/2929 1905/1905/1905 3253/3253/3253
f 3259/3259/3259 2938/2938/2938 2931/2931/2931
f 3253/3253/3253 3254/3254/3254 3259/3259/3259
f 2931/2931/2931 3253/3253/3253 3259/3259/3259
f 3256/3256/3256 3254/3254/3254 3253/3253/3253
f 2930/2930/2930 3244/3244/3244 3256/3256/3256
f 3253/3253/3253 2930/2930/2930 3256/3256/3256
f 3254/3254/3254 3256/3256/3256 3257/3257/3257
f 3256/3256/3256 3244/3244/3244 3250/3250/3250
f 2938/2938/2938 3259/3259/3259 3260/3260/3260
f 3259/3259/3259 3254/3254/3254 3255/3255/3255
f 2945/2945/2945 2936/2936/2936 2928/2928/2928
f 2937/2937/2937 2939/2939/2939 2945/2945/2945
f 2928/2928/2928 2937/2937/2937 2945/2945/2945
f 3261/3261/3261 2939/2939/2939 2937/2937/2937
f 2931/2931/2931 2938/2938/2938 3261/3261/3261
f 2937/2937/2937 2931/2931/2931 3261/3261/3261
f 2939/2939/2939 3261/3261/3261 2946/2946/2946
f 3261/3261/3261 2938/2938/2938 3258/3258/3258
f 3264/3264/3264 2944/2944/2944 2936/2936/2936
f 2945/2945/2945 2947/2947/2947 3264/3264/3264
f 2936/2936/2936 2945/2945/2945 3264/3264/3264
f 2945/2945/2945 2939/2939/2939 2947/2947/2947
f 3268/3268/3268 3263/3263/3263 2944/2944/2944
f 3264/3264/3264 3266/3266/3266 3268/3268/3268
f 2944/2944/2944 3264/3264/3264 3268/3268/3268
f 3264/3264/3264 2947/2947/2947 3265/3265/3265
f 3263/3263/3263 3268/3268/3268 3267/3267/3267
f 3268/3268/3268 3266/3266/3266 3269/3269/3269
f 2929/2929/2929 1911/1911/1911 1912/1912/1912
f 1906/1906/1906 1905/1905/1905 2929/2929/2929
f 1912/1912/1912 1906/1906/1906 2929/2929/2929
f 1913/1913/1913 1907/1907/1907 1912/1912/1912
f 1914/1914/1914 1908/1908/1908 1913/1913/1913
f 1915/1915/1915 1909/1909/1909 1908/1908/1908
f 2245/2245/2245 1910/1910/1910 1909/1909/1909
f 1915/1915/1915 1916/1916/1916 2245/2245/2245
f 1909/1909/1909 1915/1915/1915 2245/2245/2245
f 2274/2274/2274 2272/2272/2272 2266/2266/2266
f 2271/2271/2271 2274/2274/2274 2263/2263/2263
f 2266/2266/2266 2264/2264/2264 2258/2258/2258
f 2273/2273/2273 2266/2266/2266 2265/2265/2265
f 2255/2255/2255 2263/2263/2263 2273/2273/2273
f 2265/2265/2265 2255/2255/2255 2273/2273/2273
f 2258/2258/2258 2256/2256/2256 2250/2250/2250
f 2265/2265/2265 2258/2258/2258 2257/2257/2257
f 2247/2247/2247 2255/2255/2255 2265/2265/2265
f 2257/2257/2257 2247/2247/2247 2265/2265/2265
f 2281/2281/2281 2279/2279/2279 2280/2280/2280
f 2256/2256/2256 2281/2281/2281 2250/2250/2250
f 2280/2280/2280 2248/2248/2248 2246/2246/2246
f 2249/2249/2249 2250/2250/2250 2280/2280/2280
f 2246/2246/2246 2249/2249/2249 2280/2280/2280
f 2257/2257/2257 2250/2250/2250 2249/2249/2249
f 2243/2243/2243 2247/2247/2247 2257/2257/2257
f 2249/2249/2249 2243/2243/2243 2257/2257/2257
f 2290/2290/2290 2288/2288/2288 2284/2284/2284
f 2279/2279/2279 2290/2290/2290 2289/2289/2289
f 2293/2293/2293 2291/2291/2291 2292/2292/2292
f 2288/2288/2288 2293/2293/2293 2284/2284/2284
f 2292/2292/2292 2282/2282/2282 2244/2244/2244
f 2283/2283/2283 2284/2284/2284 2292/2292/2292
f 2244/2244/2244 2283/2283/2283 2292/2292/2292
f 2289/2289/2289 2284/2284/2284 2283/2283/2283
f 2246/2246/2246 2248/2248/2248 2289/2289/2289
f 2283/2283/2283 2246/2246/2246 2289/2289/2289
f 2283/2283/2283 2244/2244/2244 1910/1910/1910
f 2245/2245/2245 2246/2246/2246 2283/2283/2283
f 1910/1910/1910 2245/2245/2245 2283/2283/2283
f 2249/2249/2249 2246/2246/2246 2245/2245/2245
f 1916/1916/1916 2243/2243/2243 2249/2249/2249
f 2245/2245/2245 1916/1916/1916 2249/2249/2249
f 2594/2594/2594 2595/2595/2595 3273/3273/3273
f 2595/2595/2595 2596/2596/2596 3274/3274/3274
f 2940/2940/2940 2597/2597/2597 2598/2598/2598
f 2932/2932/2932 2599/2599/2599 2600/2600/2600
f 2932/2932/2932 2598/2598/2598 2599/2599/2599
f 3271/3271/3271 2596/2596/2596 2597/2597/2597
f 2950/2950/2950 2601/2601/2601 2602/2602/2602
f 2950/2950/2950 2602/2602/2602 2603/2603/2603
f 2948/2948/2948 2604/2604/2604 2605/2605/2605
f 2959/2959/2959 2606/2606/2606 2607/2607/2607
f 2948/2948/2948 2605/2605/2605 2606/2606/2606
f 2948/2948/2948 2603/2603/2603 2604/2604/2604
f 2932/2932/2932 2600/2600/2600 2601/2601/2601
f 2959/2959/2959 2608/2608/2608 2609/2609/2609
f 2957/2957/2957 2609/2609/2609 2610/2610/2610
f 2962/2962/2962 2611/2611/2611 2612/2612/2612
f 2962/2962/2962 2613/2613/2613 2614/2614/2614
f 2962/2962/2962 2612/2612/2612 2613/2613/2613
f 2957/2957/2957 2610/2610/2610 2611/2611/2611
f 2960/2960/2960 2615/2615/2615 2616/2616/2616
f 2968/2968/2968 2616/2616/2616 2617/2617/2617
f 2968/2968/2968 2618/2618/2618 2619/2619/2619
f 2966/2966/2966 2620/2620/2620 2621/2621/2621
f 2619/2619/2619 2620/2620/2620 2966/2966/2966
f 2968/2968/2968 2617/2617/2617 2618/2618/2618
f 2960/2960/2960 2614/2614/2614 2615/2615/2615
f 2959/2959/2959 2607/2607/2607 2608/2608/2608
f 2971/2971/2971 2622/2622/2622 2623/2623/2623
f 2971/2971/2971 2623/2623/2623 2624/2624/2624
f 2969/2969/2969 2625/2625/2625 2626/2626/2626
f 2980/2980/2980 2627/2627/2627 2628/2628/2628
f 2969/2969/2969 2626/2626/2626 2627/2627/2627
f 2969/2969/2969 2624/2624/2624 2625/2625/2625
f 2978/2978/2978 2629/2629/2629 2630/2630/2630
f 2978/2978/2978 2630/2630/2630 2631/2631/2631
f 2983/2983/2983 2632/2632/2632 2633/2633/2633
f 2981/2981/2981 2634/2634/2634 2635/2635/2635
f 2983/2983/2983 2633/2633/2633 2634/2634/2634
f 2978/2978/2978 2631/2631/2631 2632/2632/2632
f 2980/2980/2980 2628/2628/2628 2629/2629/2629
f 2981/2981/2981 2636/2636/2636 2637/2637/2637
f 2989/2989/2989 2637/2637/2637 2638/2638/2638
f 2987/2987/2987 2639/2639/2639 2640/2640/2640
f 2987/2987/2987 2641/2641/2641 2642/2642/2642
f 2987/2987/2987 2640/2640/2640 2641/2641/2641
f 2989/2989/2989 2638/2638/2638 2639/2639/2639
f 2992/2992/2992 2643/2643/2643 2644/2644/2644
f 2990/2990/2990 2645/2645/2645 2646/2646/2646
f 2990/2990/2990 2644/2644/2644 2645/2645/2645
f 3001/3001/3001 2647/2647/2647 2648/2648/2648
f 2999/2999/2999 2649/2649/2649 2650/2650/2650
f 3001/3001/3001 2648/2648/2648 2649/2649/2649
f 2990/2990/2990 2646/2646/2646 2647/2647/2647
f 2992/2992/2992 2642/2642/2642 2643/2643/2643
f 2981/2981/2981 2635/2635/2635 2636/2636/2636
f 2971/2971/2971 2621/2621/2621 2622/2622/2622
f 3271/3271/3271 2940/2940/2940 2943/2943/2943
f 2940/2940/2940 2932/2932/2932 2935/2935/2935
f 2932/2932/2932 2940/2940/2940 2598/2598/2598
f 2940/2940/2940 3271/3271/3271 2597/2597/2597
f 2601/2601/2601 2950/2950/2950 2932/2932/2932
f 2962/2962/2962 2957/2957/2957 2611/2611/2611
f 2950/2950/2950 2603/2603/2603 2948/2948/2948
f 2959/2959/2959 2609/2609/2609 2957/2957/2957
f 2606/2606/2606 2959/2959/2959 2948/2948/2948
f 2999/2999/2999 2651/2651/2651 2652/2652/2652
f 2651/2651/2651 2999/2999/2999 2650/2650/2650
f 2960/2960/2960 2962/2962/2962 2614/2614/2614
f 2968/2968/2968 2960/2960/2960 2616/2616/2616
f 2969/2969/2969 2971/2971/2971 2624/2624/2624
f 2978/2978/2978 2980/2980/2980 2629/2629/2629
f 2969/2969/2969 2627/2627/2627 2980/2980/2980
f 2966/2966/2966 2621/2621/2621 2971/2971/2971
f 2981/2981/2981 2983/2983/2983 2634/2634/2634
f 2987/2987/2987 2989/2989/2989 2639/2639/2639
f 2981/2981/2981 2637/2637/2637 2989/2989/2989
f 2990/2990/2990 2992/2992/2992 2644/2644/2644
f 2999/2999/2999 3001/3001/3001 2649/2649/2649
f 2990/2990/2990 2647/2647/2647 3001/3001/3001
f 2987/2987/2987 2642/2642/2642 2992/2992/2992
f 2978/2978/2978 2632/2632/2632 2983/2983/2983
f 2999/2999/2999 2652/2652/2652 3004/3004/3004
f 3004/3004/3004 2653/2653/2653 2654/2654/2654
f 3004/3004/3004 2654/2654/2654 2655/2655/2655
f 2656/2656/2656 2657/2657/2657 3002/3002/3002
f 3010/3010/3010 2658/2658/2658 2659/2659/2659
f 3010/3010/3010 2657/2657/2657 2658/2658/2658
f 3002/3002/3002 2655/2655/2655 2656/2656/2656
f 3008/3008/3008 2660/2660/2660 2661/2661/2661
f 3008/3008/3008 2661/2661/2661 2662/2662/2662
f 3013/3013/3013 2663/2663/2663 2664/2664/2664
f 3011/3011/3011 2665/2665/2665 2666/2666/2666
f 2664/2664/2664 2665/2665/2665 3011/3011/3011
f 3013/3013/3013 2662/2662/2662 2663/2663/2663
f 3008/3008/3008 2659/2659/2659 2660/2660/2660
f 3004/3004/3004 2655/2655/2655 3002/3002/3002
f 3011/3011/3011 2666/2666/2666 2667/2667/2667
f 3008/3008/3008 3010/3010/3010 2659/2659/2659
f 3008/3008/3008 2662/2662/2662 3013/3013/3013
f 3011/3011/3011 2667/2667/2667 3022/3022/3022
f 3022/3022/3022 2668/2668/2668 2669/2669/2669
f 3020/3020/3020 2670/2670/2670 2671/2671/2671
f 3020/3020/3020 2669/2669/2669 2670/2670/2670
f 3020/3020/3020 3022/3022/3022 2669/2669/2669
f 3025/3025/3025 3020/3020/3020 2672/2672/2672
f 2673/2673/2673 3025/3025/3025 2672/2672/2672
f 2667/2667/2667 2668/2668/2668 3022/3022/3022
f 2652/2652/2652 2653/2653/2653 3004/3004/3004
f 3023/3023/3023 2674/2674/2674 2675/2675/2675
f 3023/3023/3023 2675/2675/2675 2676/2676/2676
f 3031/3031/3031 2677/2677/2677 2678/2678/2678
f 3029/3029/3029 2679/2679/2679 2680/2680/2680
f 3031/3031/3031 2678/2678/2678 2679/2679/2679
f 3023/3023/3023 2676/2676/2676 2677/2677/2677
f 3029/3029/3029 2681/2681/2681 2682/2682/2682
f 3034/3034/3034 2682/2682/2682 2683/2683/2683
f 3032/3032/3032 2684/2684/2684 2685/2685/2685
f 3032/3032/3032 2686/2686/2686 2687/2687/2687
f 3032/3032/3032 2685/2685/2685 2686/2686/2686
f 3034/3034/3034 2683/2683/2683 2684/2684/2684
f 3029/3029/3029 2680/2680/2680 2681/2681/2681
f 3043/3043/3043 2688/2688/2688 2689/2689/2689
f 3043/3043/3043 2689/2689/2689 2690/2690/2690
f 3041/3041/3041 2691/2691/2691 2692/2692/2692
f 3046/3046/3046 2693/2693/2693 2694/2694/2694
f 3046/3046/3046 2692/2692/2692 2693/2693/2693
f 3041/3041/3041 2690/2690/2690 2691/2691/2691
f 3044/3044/3044 2695/2695/2695 2696/2696/2696
f 3052/3052/3052 2697/2697/2697 2698/2698/2698
f 3044/3044/3044 2696/2696/2696 2697/2697/2697
f 3052/3052/3052 2699/2699/2699 2700/2700/2700
f 3050/3050/3050 2701/2701/2701 2702/2702/2702
f 2700/2700/2700 2701/2701/2701 3050/3050/3050
f 3052/3052/3052 2698/2698/2698 2699/2699/2699
f 3046/3046/3046 2694/2694/2694 2695/2695/2695
f 3043/3043/3043 2687/2687/2687 2688/2688/2688
f 3055/3055/3055 2703/2703/2703 2704/2704/2704
f 3055/3055/3055 2704/2704/2704 2705/2705/2705
f 3053/3053/3053 2706/2706/2706 2707/2707/2707
f 3064/3064/3064 2708/2708/2708 2709/2709/2709
f 3053/3053/3053 2707/2707/2707 2708/2708/2708
f 3053/3053/3053 2705/2705/2705 2706/2706/2706
f 3062/3062/3062 2710/2710/2710 2711/2711/2711
f 3062/3062/3062 2711/2711/2711 2712/2712/2712
f 3067/3067/3067 2713/2713/2713 2714/2714/2714
f 3065/3065/3065 2715/2715/2715 2716/2716/2716
f 3067/3067/3067 2714/2714/2714 2715/2715/2715
f 3062/3062/3062 2712/2712/2712 2713/2713/2713
f 3064/3064/3064 2709/2709/2709 2710/2710/2710
f 3065/3065/3065 2717/2717/2717 2718/2718/2718
f 3073/3073/3073 2718/2718/2718 2719/2719/2719
f 3071/3071/3071 2720/2720/2720 2721/2721/2721
f 3071/3071/3071 2722/2722/2722 2723/2723/2723
f 3071/3071/3071 2721/2721/2721 2722/2722/2722
f 3073/3073/3073 2719/2719/2719 2720/2720/2720
f 3076/3076/3076 2724/2724/2724 2725/2725/2725
f 3074/3074/3074 2726/2726/2726 2727/2727/2727
f 3074/3074/3074 2725/2725/2725 2726/2726/2726
f 3085/3085/3085 2728/2728/2728 2729/2729/2729
f 3083/3083/3083 2730/2730/2730 2731/2731/2731
f 3085/3085/3085 2729/2729/2729 2730/2730/2730
f 3074/3074/3074 2727/2727/2727 2728/2728/2728
f 3076/3076/3076 2723/2723/2723 2724/2724/2724
f 3065/3065/3065 2716/2716/2716 2717/2717/2717
f 3050/3050/3050 2702/2702/2702 2703/2703/2703
f 3023/3023/3023 3025/3025/3025 2674/2674/2674
f 3031/3031/3031 3023/3023/3023 2677/2677/2677
f 3034/3034/3034 3029/3029/3029 2682/2682/2682
f 3043/3043/3043 3032/3032/3032 2687/2687/2687
f 3034/3034/3034 2684/2684/2684 3032/3032/3032
f 3031/3031/3031 2679/2679/2679 3029/3029/3029
f 3044/3044/3044 2697/2697/2697 3052/3052/3052
f 2733/2733/2733 3083/3083/3083 2732/2732/2732
f 3041/3041/3041 2692/2692/2692 3046/3046/3046
f 2735/2735/2735 3088/3088/3088 2734/2734/2734
f 3044/3044/3044 3046/3046/3046 2695/2695/2695
f 3088/3088/3088 2733/2733/2733 2734/2734/2734
f 2690/2690/2690 3041/3041/3041 3043/3043/3043
f 2731/2731/2731 2732/2732/2732 3083/3083/3083
f 3055/3055/3055 3050/3050/3050 2703/2703/2703
f 3064/3064/3064 3053/3053/3053 2708/2708/2708
f 3067/3067/3067 3062/3062/3062 2713/2713/2713
f 3064/3064/3064 2710/2710/2710 3062/3062/3062
f 3055/3055/3055 2705/2705/2705 3053/3053/3053
f 3073/3073/3073 3065/3065/3065 2718/2718/2718
f 3076/3076/3076 3071/3071/3071 2723/2723/2723
f 3073/3073/3073 2720/2720/2720 3071/3071/3071
f 3085/3085/3085 3074/3074/3074 2728/2728/2728
f 2733/2733/2733 3088/3088/3088 3083/3083/3083
f 3085/3085/3085 2730/2730/2730 3083/3083/3083
f 3076/3076/3076 2725/2725/2725 3074/3074/3074
f 3067/3067/3067 2715/2715/2715 3065/3065/3065
f 3088/3088/3088 2735/2735/2735 2736/2736/2736
f 3086/3086/3086 2736/2736/2736 2737/2737/2737
f 2737/2737/2737 2738/2738/2738 3086/3086/3086
f 3094/3094/3094 2739/2739/2739 2740/2740/2740
f 3092/3092/3092 2741/2741/2741 2742/2742/2742
f 3092/3092/3092 2740/2740/2740 2741/2741/2741
f 3094/3094/3094 2738/2738/2738 2739/2739/2739
f 3097/3097/3097 2743/2743/2743 2744/2744/2744
f 3097/3097/3097 2744/2744/2744 2745/2745/2745
f 3095/3095/3095 2746/2746/2746 2747/2747/2747
f 3106/3106/3106 2748/2748/2748 2749/2749/2749
f 3095/3095/3095 2747/2747/2747 2748/2748/2748
f 2745/2745/2745 2746/2746/2746 3095/3095/3095
f 3092/3092/3092 2742/2742/2742 2743/2743/2743
f 3106/3106/3106 2749/2749/2749 2750/2750/2750
f 3094/3094/3094 2740/2740/2740 3092/3092/3092
f 3097/3097/3097 3092/3092/3092 2743/2743/2743
f 3106/3106/3106 3095/3095/3095 2748/2748/2748
f 3104/3104/3104 3106/3106/3106 2750/2750/2750
f 3104/3104/3104 2751/2751/2751 2752/2752/2752
f 3109/3109/3109 2753/2753/2753 2754/2754/2754
f 3104/3104/3104 2752/2752/2752 2753/2753/2753
f 3109/3109/3109 3104/3104/3104 2753/2753/2753
f 3107/3107/3107 3109/3109/3109 2755/2755/2755
f 3109/3109/3109 2754/2754/2754 2755/2755/2755
f 3088/3088/3088 2736/2736/2736 3086/3086/3086
f 2673/2673/2673 2674/2674/2674 3025/3025/3025
f 2242/2242/2242 3276/3276/3276 3278/3278/3278
f 2241/2241/2241 2242/2242/2242 3278/3278/3278
f 2241/2241/2241 3275/3275/3275 2240/2240/2240
f 3275/3275/3275 2275/2275/2275 2240/2240/2240
f 2241/2241/2241 3278/3278/3278 3275/3275/3275
f 2275/2275/2275 3275/3275/3275 2278/2278/2278
f 2275/2275/2275 2270/2270/2270 2267/2267/2267
f 2238/2238/2238 2275/2275/2275 2267/2267/2267
f 2593/2593/2593 2589/2589/2589 2233/2233/2233
f 2267/2267/2267 2593/2593/2593 2236/2236/2236
f 2589/2589/2589 2591/2591/2591 2230/2230/2230
f 2240/2240/2240 2275/2275/2275 2239/2239/2239
f 2591/2591/2591 2586/2586/2586 2227/2227/2227
f 2275/2275/2275 2238/2238/2238 2239/2239/2239
f 2267/2267/2267 2237/2237/2237 2238/2238/2238
f 2593/2593/2593 2233/2233/2233 2234/2234/2234
f 2234/2234/2234 2235/2235/2235 2593/2593/2593
f 2236/2236/2236 2237/2237/2237 2267/2267/2267
f 2589/2589/2589 2231/2231/2231 2232/2232/2232
f 2591/2591/2591 2229/2229/2229 2230/2230/2230
f 2586/2586/2586 2225/2225/2225 2226/2226/2226
f 2226/2226/2226 2227/2227/2227 2586/2586/2586
f 2228/2228/2228 2229/2229/2229 2591/2591/2591
f 2225/2225/2225 2586/2586/2586 2588/2588/2588
f 2588/2588/2588 2581/2581/2581 2222/2222/2222
f 2220/2220/2220 2221/2221/2221 2581/2581/2581
f 2583/2583/2583 2578/2578/2578 2218/2218/2218
f 2580/2580/2580 2572/2572/2572 2213/2213/2213
f 2578/2578/2578 2580/2580/2580 2215/2215/2215
f 2581/2581/2581 2583/2583/2583 2220/2220/2220
f 2574/2574/2574 2569/2569/2569 2208/2208/2208
f 2569/2569/2569 2571/2571/2571 2205/2205/2205
f 2563/2563/2563 2565/2565/2565 2200/2200/2200
f 2560/2560/2560 2562/2562/2562 2195/2195/2195
f 2565/2565/2565 2560/2560/2560 2197/2197/2197
f 2571/2571/2571 2563/2563/2563 2202/2202/2202
f 2572/2572/2572 2574/2574/2574 2210/2210/2210
f 2552/2552/2552 2554/2554/2554 2190/2190/2190
f 2554/2554/2554 2549/2549/2549 2187/2187/2187
f 2223/2223/2223 2224/2224/2224 2588/2588/2588
f 2221/2221/2221 2222/2222/2222 2581/2581/2581
f 2549/2549/2549 2551/2551/2551 2185/2185/2185
f 2562/2562/2562 2552/2552/2552 2192/2192/2192
f 2551/2551/2551 2543/2543/2543 2182/2182/2182
f 2545/2545/2545 2540/2540/2540 2177/2177/2177
f 2543/2543/2543 2545/2545/2545 2180/2180/2180
f 2542/2542/2542 2531/2531/2531 2172/2172/2172
f 2533/2533/2533 2528/2528/2528 2167/2167/2167
f 2531/2531/2531 2533/2533/2533 2170/2170/2170
f 2540/2540/2540 2542/2542/2542 2175/2175/2175
f 2528/2528/2528 2530/2530/2530 2165/2165/2165
f 2225/2225/2225 2588/2588/2588 2224/2224/2224
f 2583/2583/2583 2218/2218/2218 2219/2219/2219
f 2578/2578/2578 2216/2216/2216 2217/2217/2217
f 2215/2215/2215 2216/2216/2216 2578/2578/2578
f 2572/2572/2572 2211/2211/2211 2212/2212/2212
f 2208/2208/2208 2209/2209/2209 2574/2574/2574
f 2210/2210/2210 2211/2211/2211 2572/2572/2572
f 2213/2213/2213 2214/2214/2214 2580/2580/2580
f 2569/2569/2569 2205/2205/2205 2206/2206/2206
f 2563/2563/2563 2200/2200/2200 2201/2201/2201
f 2201/2201/2201 2202/2202/2202 2563/2563/2563
f 2203/2203/2203 2204/2204/2204 2571/2571/2571
f 2565/2565/2565 2198/2198/2198 2199/2199/2199
f 2197/2197/2197 2198/2198/2198 2565/2565/2565
f 2562/2562/2562 2192/2192/2192 2193/2193/2193
f 2193/2193/2193 2194/2194/2194 2562/2562/2562
f 2195/2195/2195 2196/2196/2196 2560/2560/2560
f 2206/2206/2206 2207/2207/2207 2569/2569/2569
f 2554/2554/2554 2189/2189/2189 2190/2190/2190
f 2186/2186/2186 2187/2187/2187 2549/2549/2549
f 2188/2188/2188 2189/2189/2189 2554/2554/2554
f 2551/2551/2551 2183/2183/2183 2184/2184/2184
f 2543/2543/2543 2180/2180/2180 2181/2181/2181
f 2545/2545/2545 2178/2178/2178 2179/2179/2179
f 2181/2181/2181 2182/2182/2182 2543/2543/2543
f 2184/2184/2184 2185/2185/2185 2551/2551/2551
f 2540/2540/2540 2176/2176/2176 2177/2177/2177
f 2540/2540/2540 2175/2175/2175 2176/2176/2176
f 2542/2542/2542 2173/2173/2173 2174/2174/2174
f 2531/2531/2531 2171/2171/2171 2172/2172/2172
f 2168/2168/2168 2169/2169/2169 2533/2533/2533
f 2528/2528/2528 2165/2165/2165 2166/2166/2166
f 2530/2530/2530 2163/2163/2163 2164/2164/2164
f 2166/2166/2166 2167/2167/2167 2528/2528/2528
f 2170/2170/2170 2171/2171/2171 2531/2531/2531
f 2530/2530/2530 2522/2522/2522 2163/2163/2163
f 2522/2522/2522 2161/2161/2161 2162/2162/2162
f 2522/2522/2522 2524/2524/2524 2160/2160/2160
f 2522/2522/2522 2160/2160/2160 2161/2161/2161
f 2524/2524/2524 2158/2158/2158 2159/2159/2159
f 2158/2158/2158 2524/2524/2524 2157/2157/2157
f 2156/2156/2156 2157/2157/2157 2519/2519/2519
f 2519/2519/2519 2521/2521/2521 2155/2155/2155
f 2510/2510/2510 2512/2512/2512 2149/2149/2149
f 2521/2521/2521 2510/2510/2510 2152/2152/2152
f 2512/2512/2512 2507/2507/2507 2146/2146/2146
f 2507/2507/2507 2509/2509/2509 2144/2144/2144
f 2524/2524/2524 2519/2519/2519 2157/2157/2157
f 2519/2519/2519 2155/2155/2155 2156/2156/2156
f 2521/2521/2521 2152/2152/2152 2153/2153/2153
f 2510/2510/2510 2150/2150/2150 2151/2151/2151
f 2153/2153/2153 2154/2154/2154 2521/2521/2521
f 2512/2512/2512 2148/2148/2148 2149/2149/2149
f 2147/2147/2147 2148/2148/2148 2512/2512/2512
f 2509/2509/2509 2142/2142/2142 2143/2143/2143
f 2143/2143/2143 2144/2144/2144 2509/2509/2509
f 2145/2145/2145 2146/2146/2146 2507/2507/2507
f 2142/2142/2142 2509/2509/2509 2141/2141/2141
f 2501/2501/2501 2503/2503/2503 2139/2139/2139
f 2137/2137/2137 2138/2138/2138 2503/2503/2503
f 2498/2498/2498 2500/2500/2500 2134/2134/2134
f 2489/2489/2489 2491/2491/2491 2129/2129/2129
f 2500/2500/2500 2489/2489/2489 2132/2132/2132
f 2503/2503/2503 2498/2498/2498 2137/2137/2137
f 2486/2486/2486 2488/2488/2488 2124/2124/2124
f 2480/2480/2480 2482/2482/2482 2119/2119/2119
f 2477/2477/2477 2479/2479/2479 2114/2114/2114
f 2482/2482/2482 2477/2477/2477 2116/2116/2116
f 2488/2488/2488 2480/2480/2480 2121/2121/2121
f 2491/2491/2491 2486/2486/2486 2127/2127/2127
f 2468/2468/2468 2470/2470/2470 2109/2109/2109
f 2470/2470/2470 2465/2465/2465 2106/2106/2106
f 2140/2140/2140 2141/2141/2141 2501/2501/2501
f 2140/2140/2140 2501/2501/2501 2139/2139/2139
f 2465/2465/2465 2467/2467/2467 2104/2104/2104
f 2479/2479/2479 2468/2468/2468 2111/2111/2111
f 2467/2467/2467 2459/2459/2459 2101/2101/2101
f 2461/2461/2461 2456/2456/2456 2096/2096/2096
f 2459/2459/2459 2461/2461/2461 2099/2099/2099
f 2458/2458/2458 2447/2447/2447 2091/2091/2091
f 2449/2449/2449 2444/2444/2444 2086/2086/2086
f 2447/2447/2447 2449/2449/2449 2089/2089/2089
f 2456/2456/2456 2458/2458/2458 2094/2094/2094
f 2444/2444/2444 2446/2446/2446 2084/2084/2084
f 2446/2446/2446 2438/2438/2438 2082/2082/2082
f 2509/2509/2509 2501/2501/2501 2141/2141/2141
f 2498/2498/2498 2135/2135/2135 2136/2136/2136
f 2132/2132/2132 2133/2133/2133 2500/2500/2500
f 2134/2134/2134 2135/2135/2135 2498/2498/2498
f 2489/2489/2489 2129/2129/2129 2130/2130/2130
f 2486/2486/2486 2124/2124/2124 2125/2125/2125
f 2125/2125/2125 2126/2126/2126 2486/2486/2486
f 2127/2127/2127 2128/2128/2128 2491/2491/2491
f 2130/2130/2130 2131/2131/2131 2489/2489/2489
f 2488/2488/2488 2122/2122/2122 2123/2123/2123
f 2480/2480/2480 2119/2119/2119 2120/2120/2120
f 2482/2482/2482 2117/2117/2117 2118/2118/2118
f 2120/2120/2120 2121/2121/2121 2480/2480/2480
f 2114/2114/2114 2115/2115/2115 2477/2477/2477
f 2479/2479/2479 2111/2111/2111 2112/2112/2112
f 2112/2112/2112 2113/2113/2113 2479/2479/2479
f 2116/2116/2116 2117/2117/2117 2482/2482/2482
f 2470/2470/2470 2107/2107/2107 2108/2108/2108
f 2467/2467/2467 2102/2102/2102 2103/2103/2103
f 2103/2103/2103 2104/2104/2104 2467/2467/2467
f 2105/2105/2105 2106/2106/2106 2465/2465/2465
f 2459/2459/2459 2100/2100/2100 2101/2101/2101
f 2459/2459/2459 2099/2099/2099 2100/2100/2100
f 2461/2461/2461 2097/2097/2097 2098/2098/2098
f 2456/2456/2456 2095/2095/2095 2096/2096/2096
f 2458/2458/2458 2092/2092/2092 2093/2093/2093
f 2447/2447/2447 2090/2090/2090 2091/2091/2091
f 2089/2089/2089 2090/2090/2090 2447/2447/2447
f 2444/2444/2444 2084/2084/2084 2085/2085/2085
f 2085/2085/2085 2086/2086/2086 2444/2444/2444
f 2446/2446/2446 2082/2082/2082 2083/2083/2083
f 2081/2081/2081 2438/2438/2438 2080/2080/2080
f 2087/2087/2087 2088/2088/2088 2449/2449/2449
f 2094/2094/2094 2095/2095/2095 2456/2456/2456
f 2108/2108/2108 2109/2109/2109 2470/2470/2470
f 3107/3107/3107 2756/2756/2756 2757/2757/2757
f 3115/3115/3115 3107/3107/3107 2758/2758/2758
f 3113/3113/3113 2760/2760/2760 2761/2761/2761
f 3113/3113/3113 2762/2762/2762 2763/2763/2763
f 3113/3113/3113 2761/2761/2761 2762/2762/2762
f 3115/3115/3115 2759/2759/2759 2760/2760/2760
f 3118/3118/3118 2764/2764/2764 2765/2765/2765
f 3116/3116/3116 2765/2765/2765 2766/2766/2766
f 3116/3116/3116 2767/2767/2767 2768/2768/2768
f 3127/3127/3127 2769/2769/2769 2770/2770/2770
f 3127/3127/3127 2768/2768/2768 2769/2769/2769
f 3116/3116/3116 2766/2766/2766 2767/2767/2767
f 3118/3118/3118 2763/2763/2763 2764/2764/2764
f 3125/3125/3125 2771/2771/2771 2772/2772/2772
f 3125/3125/3125 2772/2772/2772 2773/2773/2773
f 3130/3130/3130 2774/2774/2774 2775/2775/2775
f 3128/3128/3128 2776/2776/2776 2777/2777/2777
f 3130/3130/3130 2775/2775/2775 2776/2776/2776
f 3130/3130/3130 2773/2773/2773 2774/2774/2774
f 3136/3136/3136 2778/2778/2778 2779/2779/2779
f 3136/3136/3136 2779/2779/2779 2780/2780/2780
f 2781/2781/2781 2782/2782/2782 3134/3134/3134
f 3134/3134/3134 2783/2783/2783 2784/2784/2784
f 3134/3134/3134 2782/2782/2782 2783/2783/2783
f 3136/3136/3136 2780/2780/2780 2781/2781/2781
f 3128/3128/3128 2777/2777/2777 2778/2778/2778
f 3127/3127/3127 2770/2770/2770 2771/2771/2771
f 3139/3139/3139 2785/2785/2785 2786/2786/2786
f 3137/3137/3137 2786/2786/2786 2787/2787/2787
f 3137/3137/3137 2788/2788/2788 2789/2789/2789
f 3148/3148/3148 2790/2790/2790 2791/2791/2791
f 3148/3148/3148 2789/2789/2789 2790/2790/2790
f 3137/3137/3137 2787/2787/2787 2788/2788/2788
f 3146/3146/3146 2792/2792/2792 2793/2793/2793
f 3146/3146/3146 2793/2793/2793 2794/2794/2794
f 3151/3151/3151 2795/2795/2795 2796/2796/2796
f 3149/3149/3149 2797/2797/2797 2798/2798/2798
f 3149/3149/3149 2796/2796/2796 2797/2797/2797
f 3151/3151/3151 2794/2794/2794 2795/2795/2795
f 3146/3146/3146 2791/2791/2791 2792/2792/2792
f 3157/3157/3157 2799/2799/2799 2800/2800/2800
f 3157/3157/3157 2800/2800/2800 2801/2801/2801
f 3155/3155/3155 2802/2802/2802 2803/2803/2803
f 3160/3160/3160 2804/2804/2804 2805/2805/2805
f 3155/3155/3155 2803/2803/2803 2804/2804/2804
f 3155/3155/3155 2801/2801/2801 2802/2802/2802
f 3158/3158/3158 2806/2806/2806 2807/2807/2807
f 3158/3158/3158 2808/2808/2808 2809/2809/2809
f 3158/3158/3158 2807/2807/2807 2808/2808/2808
f 3169/3169/3169 2810/2810/2810 2811/2811/2811
f 3167/3167/3167 2812/2812/2812 2813/2813/2813
f 3167/3167/3167 2811/2811/2811 2812/2812/2812
f 3169/3169/3169 2809/2809/2809 2810/2810/2810
f 3160/3160/3160 2805/2805/2805 2806/2806/2806
f 3149/3149/3149 2798/2798/2798 2799/2799/2799
f 3139/3139/3139 2784/2784/2784 2785/2785/2785
f 3113/3113/3113 3115/3115/3115 2760/2760/2760
f 3118/3118/3118 3113/3113/3113 2763/2763/2763
f 3127/3127/3127 3116/3116/3116 2768/2768/2768
f 3130/3130/3130 3125/3125/3125 2773/2773/2773
f 3127/3127/3127 2771/2771/2771 3125/3125/3125
f 3118/3118/3118 2765/2765/2765 3116/3116/3116
f 2815/2815/2815 3172/3172/3172 2814/2814/2814
f 3128/3128/3128 2778/2778/2778 3136/3136/3136
f 2817/2817/2817 3172/3172/3172 2816/2816/2816
f 2816/2816/2816 3172/3172/3172 2815/2815/2815
f 2818/2818/2818 3170/3170/3170 2817/2817/2817
f 2776/2776/2776 3128/3128/3128 3130/3130/3130
f 2814/2814/2814 3167/3167/3167 2813/2813/2813
f 3139/3139/3139 3134/3134/3134 2784/2784/2784
f 3137/3137/3137 3139/3139/3139 2786/2786/2786
f 3146/3146/3146 3148/3148/3148 2791/2791/2791
f 3149/3149/3149 3151/3151/3151 2796/2796/2796
f 3146/3146/3146 2794/2794/2794 3151/3151/3151
f 3137/3137/3137 2789/2789/2789 3148/3148/3148
f 3155/3155/3155 3157/3157/3157 2801/2801/2801
f 3158/3158/3158 3160/3160/3160 2806/2806/2806
f 3155/3155/3155 2804/2804/2804 3160/3160/3160
f 3167/3167/3167 3169/3169/3169 2811/2811/2811
f 2817/2817/2817 3170/3170/3170 3172/3172/3172
f 3172/3172/3172 3167/3167/3167 2814/2814/2814
f 3158/3158/3158 2809/2809/2809 3169/3169/3169
f 3149/3149/3149 2799/2799/2799 3157/3157/3157
f 2818/2818/2818 2819/2819/2819 3170/3170/3170
f 3178/3178/3178 2819/2819/2819 2820/2820/2820
f 3178/3178/3178 2820/2820/2820 2821/2821/2821
f 3176/3176/3176 2822/2822/2822 2823/2823/2823
f 3181/3181/3181 2824/2824/2824 2825/2825/2825
f 3176/3176/3176 2823/2823/2823 2824/2824/2824
f 3176/3176/3176 2821/2821/2821 2822/2822/2822
f 2826/2826/2826 2827/2827/2827 3179/3179/3179
f 3179/3179/3179 2827/2827/2827 2828/2828/2828
f 3190/3190/3190 2829/2829/2829 2830/2830/2830
f 3188/3188/3188 2831/2831/2831 2832/2832/2832
f 3190/3190/3190 2830/2830/2830 2831/2831/2831
f 3179/3179/3179 2828/2828/2828 2829/2829/2829
f 3181/3181/3181 2825/2825/2825 2826/2826/2826
f 3178/3178/3178 2821/2821/2821 3176/3176/3176
f 3188/3188/3188 2832/2832/2832 2833/2833/2833
f 3176/3176/3176 2824/2824/2824 3181/3181/3181
f 3188/3188/3188 3190/3190/3190 2831/2831/2831
f 3179/3179/3179 2829/2829/2829 3190/3190/3190
f 3188/3188/3188 2833/2833/2833 2834/2834/2834
f 3193/3193/3193 2834/2834/2834 2835/2835/2835
f 3191/3191/3191 2836/2836/2836 2837/2837/2837
f 3193/3193/3193 2835/2835/2835 2836/2836/2836
f 3191/3191/3191 3193/3193/3193 2836/2836/2836
f 3191/3191/3191 2838/2838/2838 2839/2839/2839
f 3191/3191/3191 2837/2837/2837 2838/2838/2838
f 3199/3199/3199 3191/3191/3191 2839/2839/2839
f 3188/3188/3188 2834/2834/2834 3193/3193/3193
f 3199/3199/3199 2840/2840/2840 2841/2841/2841
f 3197/3197/3197 2841/2841/2841 2842/2842/2842
f 3197/3197/3197 2843/2843/2843 2844/2844/2844
f 3202/3202/3202 2845/2845/2845 2846/2846/2846
f 3202/3202/3202 2844/2844/2844 2845/2845/2845
f 3197/3197/3197 2842/2842/2842 2843/2843/2843
f 3200/3200/3200 2847/2847/2847 2848/2848/2848
f 3200/3200/3200 2848/2848/2848 2849/2849/2849
f 3211/3211/3211 2850/2850/2850 2851/2851/2851
f 3209/3209/3209 2852/2852/2852 2853/2853/2853
f 3211/3211/3211 2851/2851/2851 2852/2852/2852
f 3211/3211/3211 2849/2849/2849 2850/2850/2850
f 3200/3200/3200 2846/2846/2846 2847/2847/2847
f 3214/3214/3214 2854/2854/2854 2855/2855/2855
f 3214/3214/3214 2855/2855/2855 2856/2856/2856
f 3212/3212/3212 2857/2857/2857 2858/2858/2858
f 3220/3220/3220 2859/2859/2859 2860/2860/2860
f 3212/3212/3212 2858/2858/2858 2859/2859/2859
f 3214/3214/3214 2856/2856/2856 2857/2857/2857
f 3220/3220/3220 2861/2861/2861 2862/2862/2862
f 3218/3218/3218 2863/2863/2863 2864/2864/2864
f 2862/2862/2862 2863/2863/2863 3218/3218/3218
f 3223/3223/3223 2865/2865/2865 2866/2866/2866
f 3221/3221/3221 2867/2867/2867 2868/2868/2868
f 3223/3223/3223 2866/2866/2866 2867/2867/2867
f 3218/3218/3218 2864/2864/2864 2865/2865/2865
f 3220/3220/3220 2860/2860/2860 2861/2861/2861
f 3209/3209/3209 2853/2853/2853 2854/2854/2854
f 3221/3221/3221 2869/2869/2869 2870/2870/2870
f 3231/3231/3231 2870/2870/2870 2871/2871/2871
f 3229/3229/3229 2872/2872/2872 2873/2873/2873
f 3229/3229/3229 2874/2874/2874 2875/2875/2875
f 3229/3229/3229 2873/2873/2873 2874/2874/2874
f 3231/3231/3231 2871/2871/2871 2872/2872/2872
f 3234/3234/3234 2876/2876/2876 2877/2877/2877
f 3232/3232/3232 2877/2877/2877 2878/2878/2878
f 3232/3232/3232 2879/2879/2879 2880/2880/2880
f 3240/3240/3240 2881/2881/2881 2882/2882/2882
f 3240/3240/3240 2880/2880/2880 2881/2881/2881
f 3232/3232/3232 2878/2878/2878 2879/2879/2879
f 3234/3234/3234 2875/2875/2875 2876/2876/2876
f 3238/3238/3238 2883/2883/2883 2884/2884/2884
f 3238/3238/3238 2884/2884/2884 2885/2885/2885
f 3243/3243/3243 2886/2886/2886 2887/2887/2887
f 3241/3241/3241 2888/2888/2888 2889/2889/2889
f 3241/3241/3241 2887/2887/2887 2888/2888/2888
f 3243/3243/3243 2885/2885/2885 2886/2886/2886
f 3249/3249/3249 2890/2890/2890 2891/2891/2891
f 3247/3247/3247 2892/2892/2892 2893/2893/2893
f 3249/3249/3249 2891/2891/2891 2892/2892/2892
f 3247/3247/3247 2894/2894/2894 2895/2895/2895
f 3252/3252/3252 2896/2896/2896 2897/2897/2897
f 3252/3252/3252 2895/2895/2895 2896/2896/2896
f 3247/3247/3247 2893/2893/2893 2894/2894/2894
f 3241/3241/3241 2889/2889/2889 2890/2890/2890
f 3238/3238/3238 2882/2882/2882 2883/2883/2883
f 3221/3221/3221 2868/2868/2868 2869/2869/2869
f 3197/3197/3197 3199/3199/3199 2841/2841/2841
f 3202/3202/3202 3197/3197/3197 2844/2844/2844
f 3211/3211/3211 3200/3200/3200 2849/2849/2849
f 3214/3214/3214 3209/3209/3209 2854/2854/2854
f 3211/3211/3211 2852/2852/2852 3209/3209/3209
f 3202/3202/3202 2846/2846/2846 3200/3200/3200
f 3218/3218/3218 2865/2865/2865 3223/3223/3223
f 2899/2899/2899 3250/3250/3250 2898/2898/2898
f 3212/3212/3212 2859/2859/2859 3220/3220/3220
f 2901/2901/2901 3257/3257/3257 2900/2900/2900
f 2899/2899/2899 2900/2900/2900 3250/3250/3250
f 2857/2857/2857 3212/3212/3212 3214/3214/3214
f 3252/3252/3252 2897/2897/2897 2898/2898/2898
f 3221/3221/3221 3223/3223/3223 2867/2867/2867
f 3231/3231/3231 3221/3221/3221 2870/2870/2870
f 3234/3234/3234 3229/3229/3229 2875/2875/2875
f 3240/3240/3240 3232/3232/3232 2880/2880/2880
f 3234/3234/3234 2877/2877/2877 3232/3232/3232
f 3231/3231/3231 2872/2872/2872 3229/3229/3229
f 3243/3243/3243 3238/3238/3238 2885/2885/2885
f 3249/3249/3249 3241/3241/3241 2890/2890/2890
f 3243/3243/3243 2887/2887/2887 3241/3241/3241
f 3252/3252/3252 3247/3247/3247 2895/2895/2895
f 3250/3250/3250 3252/3252/3252 2898/2898/2898
f 3249/3249/3249 2892/2892/2892 3247/3247/3247
f 3240/3240/3240 2882/2882/2882 3238/3238/3238
f 3257/3257/3257 2901/2901/2901 2902/2902/2902
f 3255/3255/3255 2902/2902/2902 2903/2903/2903
f 3255/3255/3255 2903/2903/2903 2904/2904/2904
f 3260/3260/3260 2905/2905/2905 2906/2906/2906
f 2907/2907/2907 2908/2908/2908 3258/3258/3258
f 3260/3260/3260 2906/2906/2906 2907/2907/2907
f 3255/3255/3255 2904/2904/2904 2905/2905/2905
f 3258/3258/3258 2909/2909/2909 2910/2910/2910
f 3262/3262/3262 2910/2910/2910 2911/2911/2911
f 2946/2946/2946 2912/2912/2912 2913/2913/2913
f 3265/3265/3265 2914/2914/2914 2915/2915/2915
f 2946/2946/2946 2913/2913/2913 2914/2914/2914
f 3262/3262/3262 2911/2911/2911 2912/2912/2912
f 3258/3258/3258 2908/2908/2908 2909/2909/2909
f 3260/3260/3260 3255/3255/3255 2905/2905/2905
f 3265/3265/3265 2915/2915/2915 2916/2916/2916
f 2917/2917/2917 3265/3265/3265 2916/2916/2916
f 2946/2946/2946 2914/2914/2914 3265/3265/3265
f 2946/2946/2946 3262/3262/3262 2912/2912/2912
f 3258/3258/3258 2910/2910/2910 3262/3262/3262
f 2946/2946/2946 3265/3265/3265 2947/2947/2947
f 3265/3265/3265 3269/3269/3269 3266/3266/3266
f 2917/2917/2917 3270/3270/3270 3269/3269/3269
f 2918/2918/2918 3270/3270/3270 2917/2917/2917
f 2919/2919/2919 3267/3267/3267 2918/2918/2918
f 2918/2918/2918 3267/3267/3267 3270/3270/3270
f 3269/3269/3269 3265/3265/3265 2917/2917/2917
f 3257/3257/3257 2902/2902/2902 3255/3255/3255
f 2438/2438/2438 2440/2440/2440 2079/2079/2079
f 2080/2080/2080 2438/2438/2438 2079/2079/2079
f 2440/2440/2440 2077/2077/2077 2078/2078/2078
f 2076/2076/2076 2435/2435/2435 2075/2075/2075
f 2076/2076/2076 2077/2077/2077 2440/2440/2440
f 2435/2435/2435 2076/2076/2076 2440/2440/2440
f 2074/2074/2074 2075/2075/2075 2435/2435/2435
f 2435/2435/2435 2437/2437/2437 2074/2074/2074
f 2426/2426/2426 2428/2428/2428 2068/2068/2068
f 2423/2423/2423 2425/2425/2425 2063/2063/2063
f 2428/2428/2428 2423/2423/2423 2065/2065/2065
f 2437/2437/2437 2426/2426/2426 2071/2071/2071
f 2425/2425/2425 2417/2417/2417 2060/2060/2060
f 2437/2437/2437 2072/2072/2072 2073/2073/2073
f 2069/2069/2069 2070/2070/2070 2426/2426/2426
f 2071/2071/2071 2072/2072/2072 2437/2437/2437
f 2428/2428/2428 2066/2066/2066 2067/2067/2067
f 2423/2423/2423 2064/2064/2064 2065/2065/2065
f 2425/2425/2425 2062/2062/2062 2063/2063/2063
f 2061/2061/2061 2062/2062/2062 2425/2425/2425
f 2067/2067/2067 2068/2068/2068 2428/2428/2428
f 2060/2060/2060 2417/2417/2417 2059/2059/2059
f 2419/2419/2419 2414/2414/2414 2056/2056/2056
f 2054/2054/2054 2055/2055/2055 2414/2414/2414
f 2416/2416/2416 2405/2405/2405 2051/2051/2051
f 2407/2407/2407 2402/2402/2402 2046/2046/2046
f 2405/2405/2405 2407/2407/2407 2048/2048/2048
f 2414/2414/2414 2416/2416/2416 2053/2053/2053
f 2404/2404/2404 2396/2396/2396 2040/2040/2040
f 2396/2396/2396 2398/2398/2398 2038/2038/2038
f 2393/2393/2393 2395/2395/2395 2033/2033/2033
f 2384/2384/2384 2386/2386/2386 2028/2028/2028
f 2395/2395/2395 2384/2384/2384 2030/2030/2030
f 2398/2398/2398 2393/2393/2393 2035/2035/2035
f 2402/2402/2402 2404/2404/2404 2043/2043/2043
f 2059/2059/2059 2417/2417/2417 2058/2058/2058
f 2386/2386/2386 2381/2381/2381 2025/2025/2025
f 2381/2381/2381 2383/2383/2383 2023/2023/2023
f 2057/2057/2057 2058/2058/2058 2419/2419/2419
f 2057/2057/2057 2419/2419/2419 2056/2056/2056
f 2383/2383/2383 2375/2375/2375 2020/2020/2020
f 2375/2375/2375 2377/2377/2377 2018/2018/2018
f 2372/2372/2372 2374/2374/2374 2013/2013/2013
f 2377/2377/2377 2372/2372/2372 2015/2015/2015
f 2363/2363/2363 2365/2365/2365 2008/2008/2008
f 2360/2360/2360 2362/2362/2362 2003/2003/2003
f 2365/2365/2365 2360/2360/2360 2005/2005/2005
f 2374/2374/2374 2363/2363/2363 2010/2010/2010
f 2362/2362/2362 2354/2354/2354 2001/2001/2001
f 2419/2419/2419 2058/2058/2058 2417/2417/2417
f 2414/2414/2414 2053/2053/2053 2054/2054/2054
f 2405/2405/2405 2048/2048/2048 2049/2049/2049
f 2049/2049/2049 2050/2050/2050 2405/2405/2405
f 2051/2051/2051 2052/2052/2052 2416/2416/2416
f 2407/2407/2407 2046/2046/2046 2047/2047/2047
f 2402/2402/2402 2043/2043/2043 2044/2044/2044
f 2404/2404/2404 2041/2041/2041 2042/2042/2042
f 2044/2044/2044 2045/2045/2045 2402/2402/2402
f 2396/2396/2396 2039/2039/2039 2040/2040/2040
f 2396/2396/2396 2038/2038/2038 2039/2039/2039
f 2398/2398/2398 2036/2036/2036 2037/2037/2037
f 2035/2035/2035 2036/2036/2036 2398/2398/2398
f 2395/2395/2395 2030/2030/2030 2031/2031/2031
f 2031/2031/2031 2032/2032/2032 2395/2395/2395
f 2386/2386/2386 2026/2026/2026 2027/2027/2027
f 2027/2027/2027 2028/2028/2028 2386/2386/2386
f 2033/2033/2033 2034/2034/2034 2393/2393/2393
f 2381/2381/2381 2024/2024/2024 2025/2025/2025
f 2383/2383/2383 2021/2021/2021 2022/2022/2022
f 2375/2375/2375 2019/2019/2019 2020/2020/2020
f 2022/2022/2022 2023/2023/2023 2383/2383/2383
f 2377/2377/2377 2016/2016/2016 2017/2017/2017
f 2372/2372/2372 2014/2014/2014 2015/2015/2015
f 2013/2013/2013 2014/2014/2014 2372/2372/2372
f 2018/2018/2018 2019/2019/2019 2375/2375/2375
f 2363/2363/2363 2009/2009/2009 2010/2010/2010
f 2006/2006/2006 2007/2007/2007 2365/2365/2365
f 2008/2008/2008 2009/2009/2009 2363/2363/2363
f 2360/2360/2360 2003/2003/2003 2004/2004/2004
f 2362/2362/2362 2001/2001/2001 2002/2002/2002
f 2354/2354/2354 1999/1999/1999 2000/2000/2000
f 1998/1998/1998 2356/2356/2356 1997/1997/1997
f 1998/1998/1998 1999/1999/1999 2354/2354/2354
f 2004/2004/2004 2005/2005/2005 2360/2360/2360
f 2011/2011/2011 2012/2012/2012 2374/2374/2374
f 2356/2356/2356 1998/1998/1998 2354/2354/2354
f 1995/1995/1995 1996/1996/1996 2356/2356/2356
f 2351/2351/2351 1995/1995/1995 2356/2356/2356
f 1997/1997/1997 2356/2356/2356 1996/1996/1996
f 2351/2351/2351 1994/1994/1994 1995/1995/1995
f 1993/1993/1993 2353/2353/2353 1992/1992/1992
f 1993/1993/1993 1994/1994/1994 2351/2351/2351
f 2353/2353/2353 1993/1993/1993 2351/2351/2351
f 1990/1990/1990 1991/1991/1991 2353/2353/2353
f 2353/2353/2353 2342/2342/2342 1990/1990/1990
f 2344/2344/2344 2339/2339/2339 1984/1984/1984
f 2342/2342/2342 2344/2344/2344 1987/1987/1987
f 2339/2339/2339 2341/2341/2341 1982/1982/1982
f 2341/2341/2341 2333/2333/2333 1979/1979/1979
f 1992/1992/1992 2353/2353/2353 1991/1991/1991
f 2342/2342/2342 1988/1988/1988 1989/1989/1989
f 2344/2344/2344 1986/1986/1986 1987/1987/1987
f 1985/1985/1985 1986/1986/1986 2344/2344/2344
f 2341/2341/2341 1980/1980/1980 1981/1981/1981
f 1981/1981/1981 1982/1982/1982 2341/2341/2341
f 2333/2333/2333 1978/1978/1978 1979/1979/1979
f 1977/1977/1977 2335/2335/2335 1976/1976/1976
f 1977/1977/1977 1978/1978/1978 2333/2333/2333
f 1983/1983/1983 1984/1984/1984 2339/2339/2339
f 2335/2335/2335 1977/1977/1977 2333/2333/2333
f 2335/2335/2335 2330/2330/2330 1975/1975/1975
f 2332/2332/2332 2321/2321/2321 1970/1970/1970
f 2323/2323/2323 2318/2318/2318 1965/1965/1965
f 2321/2321/2321 2323/2323/2323 1967/1967/1967
f 2330/2330/2330 2332/2332/2332 1972/1972/1972
f 2320/2320/2320 2312/2312/2312 1959/1959/1959
f 2312/2312/2312 2314/2314/2314 1957/1957/1957
f 2309/2309/2309 2311/2311/2311 1952/1952/1952
f 2302/2302/2302 2297/2297/2297 1944/1944/1944
f 2311/2311/2311 2300/2300/2300 1949/1949/1949
f 2314/2314/2314 2309/2309/2309 1954/1954/1954
f 2318/2318/2318 2320/2320/2320 1962/1962/1962
f 2300/2300/2300 2302/2302/2302 1947/1947/1947
f 2299/2299/2299 2291/2291/2291 1939/1939/1939
f 2293/2293/2293 2288/2288/2288 1934/1934/1934
f 2291/2291/2291 2293/2293/2293 1937/1937/1937
f 2288/2288/2288 2290/2290/2290 1932/1932/1932
f 2290/2290/2290 2279/2279/2279 1929/1929/1929
f 2297/2297/2297 2299/2299/2299 1942/1942/1942
f 2281/2281/2281 2256/2256/2256 1924/1924/1924
f 2256/2256/2256 2258/2258/2258 2264/2264/2264
f 2256/2256/2256 2264/2264/2264 1922/1922/1922
f 2264/2264/2264 2266/2266/2266 2272/2272/2272
f 2272/2272/2272 2274/2274/2274 1919/1919/1919
f 2272/2272/2272 1920/1920/1920 2264/2264/2264
f 2279/2279/2279 2281/2281/2281 1927/1927/1927
f 2274/2274/2274 2271/2271/2271 1918/1918/1918
f 1976/1976/1976 2335/2335/2335 1975/1975/1975
f 2330/2330/2330 1973/1973/1973 1974/1974/1974
f 2330/2330/2330 1972/1972/1972 1973/1973/1973
f 2332/2332/2332 1970/1970/1970 1971/1971/1971
f 2321/2321/2321 1968/1968/1968 1969/1969/1969
f 2323/2323/2323 1965/1965/1965 1966/1966/1966
f 2318/2318/2318 1963/1963/1963 1964/1964/1964
f 1962/1962/1962 1963/1963/1963 2318/2318/2318
f 1967/1967/1967 1968/1968/1968 2321/2321/2321
f 2312/2312/2312 1958/1958/1958 1959/1959/1959
f 2314/2314/2314 1954/1954/1954 1955/1955/1955
f 1955/1955/1955 1956/1956/1956 2314/2314/2314
f 1957/1957/1957 1958/1958/1958 2312/2312/2312
f 2309/2309/2309 1952/1952/1952 1953/1953/1953
f 2311/2311/2311 1950/1950/1950 1951/1951/1951
f 2302/2302/2302 1946/1946/1946 1947/1947/1947
f 1949/1949/1949 1950/1950/1950 2311/2311/2311
f 1960/1960/1960 1961/1961/1961 2320/2320/2320
f 2297/2297/2297 1943/1943/1943 1944/1944/1944
f 2299/2299/2299 1941/1941/1941 1942/1942/1942
f 1940/1940/1940 1941/1941/1941 2299/2299/2299
f 2291/2291/2291 1937/1937/1937 1938/1938/1938
f 2288/2288/2288 1932/1932/1932 1933/1933/1933
f 1933/1933/1933 1934/1934/1934 2288/2288/2288
f 1935/1935/1935 1936/1936/1936 2293/2293/2293
f 1938/1938/1938 1939/1939/1939 2291/2291/2291
f 2290/2290/2290 1930/1930/1930 1931/1931/1931
f 2279/2279/2279 1927/1927/1927 1928/1928/1928
f 2281/2281/2281 1925/1925/1925 1926/1926/1926
f 1928/1928/1928 1929/1929/1929 2279/2279/2279
f 2256/2256/2256 1923/1923/1923 1924/1924/1924
f 2264/2264/2264 1921/1921/1921 1922/1922/1922
f 1922/1922/1922 1923/1923/1923 2256/2256/2256
f 2271/2271/2271 1917/1917/1917 1918/1918/1918
f 1920/1920/1920 1921/1921/1921 2264/2264/2264
f 1945/1945/1945 1946/1946/1946 2302/2302/2302
f 2758/2758/2758 3107/3107/3107 2757/2757/2757
f 3629/3629/3629 3284/3284/3284 3616/3616/3616
f 3617/3617/3617 3629/3629/3629 3619/3619/3619
f 3284/3284/3284 3629/3629/3629 3617/3617/3617
f 3621/3621/3621 3617/3617/3617 3619/3619/3619
f 3280/3280/3280 3621/3621/3621 3618/3618/3618
f 3617/3617/3617 3621/3621/3621 3280/3280/3280
f 3619/3619/3619 3620/3620/3620 3621/3621/3621
f 3621/3621/3621 3623/3623/3623 3618/3618/3618
f 3616/3616/3616 3628/3628/3628 3629/3629/3629
f 3629/3629/3629 3630/3630/3630 3620/3620/3620
f 3617/3617/3617 3285/3285/3285 3284/3284/3284
f 3281/3281/3281 3617/3617/3617 3280/3280/3280
f 3285/3285/3285 3617/3617/3617 3281/3281/3281
f 3286/3286/3286 3285/3285/3285 3282/3282/3282
f 3287/3287/3287 3286/3286/3286 3283/3283/3283
f 3638/3638/3638 3288/3288/3288 3631/3631/3631
f 3632/3632/3632 3638/3638/3638 3633/3633/3633
f 3288/3288/3288 3638/3638/3638 3632/3632/3632
f 3635/3635/3635 3632/3632/3632 3633/3633/3633
f 3284/3284/3284 3635/3635/3635 3616/3616/3616
f 3632/3632/3632 3635/3635/3635 3284/3284/3284
f 3633/3633/3633 3634/3634/3634 3635/3635/3635
f 3635/3635/3635 3636/3636/3636 3616/3616/3616
f 3631/3631/3631 3637/3637/3637 3638/3638/3638
f 3638/3638/3638 3639/3639/3639 3634/3634/3634
f 3632/3632/3632 3289/3289/3289 3288/3288/3288
f 3285/3285/3285 3632/3632/3632 3284/3284/3284
f 3289/3289/3289 3632/3632/3632 3285/3285/3285
f 3290/3290/3290 3289/3289/3289 3285/3285/3285
f 3291/3291/3291 3290/3290/3290 3287/3287/3287
f 3647/3647/3647 3292/3292/3292 3640/3640/3640
f 3641/3641/3641 3647/3647/3647 3642/3642/3642
f 3292/3292/3292 3647/3647/3647 3641/3641/3641
f 3644/3644/3644 3641/3641/3641 3642/3642/3642
f 3288/3288/3288 3644/3644/3644 3631/3631/3631
f 3641/3641/3641 3644/3644/3644 3288/3288/3288
f 3642/3642/3642 3643/3643/3643 3644/3644/3644
f 3644/3644/3644 3645/3645/3645 3631/3631/3631
f 3640/3640/3640 3646/3646/3646 3647/3647/3647
f 3647/3647/3647 3648/3648/3648 3642/3642/3642
f 3641/3641/3641 3293/3293/3293 3292/3292/3292
f 3289/3289/3289 3641/3641/3641 3288/3288/3288
f 3293/3293/3293 3641/3641/3641 3289/3289/3289
f 3294/3294/3294 3293/3293/3293 3290/3290/3290
f 3295/3295/3295 3294/3294/3294 3291/3291/3291
f 3656/3656/3656 3296/3296/3296 3649/3649/3649
f 3650/3650/3650 3656/3656/3656 3651/3651/3651
f 3296/3296/3296 3656/3656/3656 3650/3650/3650
f 3653/3653/3653 3650/3650/3650 3651/3651/3651
f 3292/3292/3292 3653/3653/3653 3640/3640/3640
f 3650/3650/3650 3653/3653/3653 3292/3292/3292
f 3651/3651/3651 3652/3652/3652 3653/3653/3653
f 3653/3653/3653 3654/3654/3654 3640/3640/3640
f 3649/3649/3649 3655/3655/3655 3656/3656/3656
f 3656/3656/3656 3657/3657/3657 3652/3652/3652
f 3650/3650/3650 3297/3297/3297 3296/3296/3296
f 3293/3293/3293 3650/3650/3650 3292/3292/3292
f 3297/3297/3297 3650/3650/3650 3293/3293/3293
f 3298/3298/3298 3297/3297/3297 3294/3294/3294
f 3299/3299/3299 3298/3298/3298 3295/3295/3295
f 3665/3665/3665 3300/3300/3300 3658/3658/3658
f 3659/3659/3659 3665/3665/3665 3660/3660/3660
f 3300/3300/3300 3665/3665/3665 3659/3659/3659
f 3662/3662/3662 3659/3659/3659 3660/3660/3660
f 3296/3296/3296 3662/3662/3662 3649/3649/3649
f 3659/3659/3659 3662/3662/3662 3296/3296/3296
f 3660/3660/3660 3661/3661/3661 3662/3662/3662
f 3662/3662/3662 3663/3663/3663 3649/3649/3649
f 3658/3658/3658 3664/3664/3664 3665/3665/3665
f 3665/3665/3665 3666/3666/3666 3661/3661/3661
f 3659/3659/3659 3301/3301/3301 3300/3300/3300
f 3297/3297/3297 3659/3659/3659 3296/3296/3296
f 3301/3301/3301 3659/3659/3659 3297/3297/3297
f 3302/3302/3302 3301/3301/3301 3298/3298/3298
f 3303/3303/3303 3302/3302/3302 3299/3299/3299
f 3674/3674/3674 3304/3304/3304 3667/3667/3667
f 3668/3668/3668 3674/3674/3674 3669/3669/3669
f 3304/3304/3304 3674/3674/3674 3668/3668/3668
f 3671/3671/3671 3668/3668/3668 3669/3669/3669
f 3300/3300/3300 3671/3671/3671 3658/3658/3658
f 3668/3668/3668 3671/3671/3671 3300/3300/3300
f 3669/3669/3669 3670/3670/3670 3672/3672/3672
f 3671/3671/3671 3672/3672/3672 3664/3664/3664
f 3667/3667/3667 3673/3673/3673 3674/3674/3674
f 3674/3674/3674 3675/3675/3675 3669/3669/3669
f 3668/3668/3668 3305/3305/3305 3304/3304/3304
f 3301/3301/3301 3668/3668/3668 3300/3300/3300
f 3305/3305/3305 3668/3668/3668 3301/3301/3301
f 3306/3306/3306 3305/3305/3305 3302/3302/3302
f 3307/3307/3307 3306/3306/3306 3303/3303/3303
f 3683/3683/3683 3308/3308/3308 3676/3676/3676
f 3677/3677/3677 3683/3683/3683 3678/3678/3678
f 3308/3308/3308 3683/3683/3683 3677/3677/3677
f 3680/3680/3680 3677/3677/3677 3678/3678/3678
f 3304/3304/3304 3680/3680/3680 3667/3667/3667
f 3677/3677/3677 3680/3680/3680 3304/3304/3304
f 3678/3678/3678 3679/3679/3679 3680/3680/3680
f 3680/3680/3680 3681/3681/3681 3667/3667/3667
f 3676/3676/3676 3682/3682/3682 3683/3683/3683
f 3683/3683/3683 3684/3684/3684 3678/3678/3678
f 3677/3677/3677 3309/3309/3309 3308/3308/3308
f 3305/3305/3305 3677/3677/3677 3304/3304/3304
f 3309/3309/3309 3677/3677/3677 3305/3305/3305
f 3310/3310/3310 3309/3309/3309 3306/3306/3306
f 3311/3311/3311 3310/3310/3310 3307/3307/3307
f 3692/3692/3692 3312/3312/3312 3685/3685/3685
f 3686/3686/3686 3692/3692/3692 3687/3687/3687
f 3312/3312/3312 3692/3692/3692 3686/3686/3686
f 3689/3689/3689 3686/3686/3686 3687/3687/3687
f 3308/3308/3308 3689/3689/3689 3676/3676/3676
f 3686/3686/3686 3689/3689/3689 3308/3308/3308
f 3687/3687/3687 3688/3688/3688 3690/3690/3690
f 3689/3689/3689 3690/3690/3690 3676/3676/3676
f 3685/3685/3685 3691/3691/3691 3693/3693/3693
f 3692/3692/3692 3693/3693/3693 3688/3688/3688
f 3686/3686/3686 3313/3313/3313 3312/3312/3312
f 3309/3309/3309 3686/3686/3686 3308/3308/3308
f 3313/3313/3313 3686/3686/3686 3309/3309/3309
f 3314/3314/3314 3313/3313/3313 3310/3310/3310
f 3315/3315/3315 3314/3314/3314 3311/3311/3311
f 3701/3701/3701 3316/3316/3316 3694/3694/3694
f 3695/3695/3695 3701/3701/3701 3696/3696/3696
f 3316/3316/3316 3701/3701/3701 3695/3695/3695
f 3698/3698/3698 3695/3695/3695 3696/3696/3696
f 3312/3312/3312 3698/3698/3698 3685/3685/3685
f 3695/3695/3695 3698/3698/3698 3312/3312/3312
f 3696/3696/3696 3697/3697/3697 3698/3698/3698
f 3698/3698/3698 3699/3699/3699 3685/3685/3685
f 3694/3694/3694 3700/3700/3700 3701/3701/3701
f 3701/3701/3701 3702/3702/3702 3697/3697/3697
f 3695/3695/3695 3317/3317/3317 3316/3316/3316
f 3313/3313/3313 3695/3695/3695 3312/3312/3312
f 3317/3317/3317 3695/3695/3695 3313/3313/3313
f 3318/3318/3318 3317/3317/3317 3314/3314/3314
f 3319/3319/3319 3318/3318/3318 3315/3315/3315
f 3710/3710/3710 3320/3320/3320 3703/3703/3703
f 3704/3704/3704 3710/3710/3710 3705/3705/3705
f 3320/3320/3320 3710/3710/3710 3704/3704/3704
f 3707/3707/3707 3704/3704/3704 3705/3705/3705
f 3316/3316/3316 3707/3707/3707 3694/3694/3694
f 3704/3704/3704 3707/3707/3707 3316/3316/3316
f 3705/3705/3705 3706/3706/3706 3708/3708/3708
f 3707/3707/3707 3708/3708/3708 3694/3694/3694
f 3703/3703/3703 3709/3709/3709 3711/3711/3711
f 3710/3710/3710 3711/3711/3711 3705/3705/3705
f 3704/3704/3704 3321/3321/3321 3320/3320/3320
f 3317/3317/3317 3704/3704/3704 3316/3316/3316
f 3321/3321/3321 3704/3704/3704 3317/3317/3317
f 3322/3322/3322 3321/3321/3321 3318/3318/3318
f 3323/3323/3323 3322/3322/3322 3318/3318/3318
f 3719/3719/3719 3324/3324/3324 3712/3712/3712
f 3713/3713/3713 3719/3719/3719 3714/3714/3714
f 3324/3324/3324 3719/3719/3719 3713/3713/3713
f 3716/3716/3716 3713/3713/3713 3714/3714/3714
f 3320/3320/3320 3716/3716/3716 3703/3703/3703
f 3713/3713/3713 3716/3716/3716 3320/3320/3320
f 3714/3714/3714 3715/3715/3715 3717/3717/3717
f 3716/3716/3716 3717/3717/3717 3709/3709/3709
f 3712/3712/3712 3718/3718/3718 3720/3720/3720
f 3719/3719/3719 3720/3720/3720 3714/3714/3714
f 3713/3713/3713 3325/3325/3325 3324/3324/3324
f 3321/3321/3321 3713/3713/3713 3320/3320/3320
f 3325/3325/3325 3713/3713/3713 3321/3321/3321
f 3326/3326/3326 3325/3325/3325 3322/3322/3322
f 3327/3327/3327 3326/3326/3326 3323/3323/3323
f 3728/3728/3728 3328/3328/3328 3721/3721/3721
f 3722/3722/3722 3728/3728/3728 3723/3723/3723
f 3328/3328/3328 3728/3728/3728 3722/3722/3722
f 3725/3725/3725 3722/3722/3722 3723/3723/3723
f 3324/3324/3324 3725/3725/3725 3712/3712/3712
f 3722/3722/3722 3725/3725/3725 3324/3324/3324
f 3723/3723/3723 3724/3724/3724 3725/3725/3725
f 3725/3725/3725 3726/3726/3726 3712/3712/3712
f 3721/3721/3721 3727/3727/3727 3729/3729/3729
f 3728/3728/3728 3729/3729/3729 3724/3724/3724
f 3722/3722/3722 3329/3329/3329 3328/3328/3328
f 3325/3325/3325 3722/3722/3722 3324/3324/3324
f 3329/3329/3329 3722/3722/3722 3325/3325/3325
f 3330/3330/3330 3329/3329/3329 3326/3326/3326
f 3331/3331/3331 3330/3330/3330 3327/3327/3327
f 3737/3737/3737 3332/3332/3332 3730/3730/3730
f 3731/3731/3731 3737/3737/3737 3732/3732/3732
f 3332/3332/3332 3737/3737/3737 3731/3731/3731
f 3734/3734/3734 3731/3731/3731 3732/3732/3732
f 3328/3328/3328 3734/3734/3734 3721/3721/3721
f 3731/3731/3731 3734/3734/3734 3328/3328/3328
f 3732/3732/3732 3733/3733/3733 3734/3734/3734
f 3734/3734/3734 3735/3735/3735 3727/3727/3727
f 3730/3730/3730 3736/3736/3736 3737/3737/3737
f 3737/3737/3737 3738/3738/3738 3732/3732/3732
f 3731/3731/3731 3333/3333/3333 3332/3332/3332
f 3329/3329/3329 3731/3731/3731 3328/3328/3328
f 3333/3333/3333 3731/3731/3731 3329/3329/3329
f 3334/3334/3334 3333/3333/3333 3330/3330/3330
f 3335/3335/3335 3334/3334/3334 3330/3330/3330
f 3746/3746/3746 3336/3336/3336 3739/3739/3739
f 3740/3740/3740 3746/3746/3746 3741/3741/3741
f 3336/3336/3336 3746/3746/3746 3740/3740/3740
f 3743/3743/3743 3740/3740/3740 3741/3741/3741
f 3332/3332/3332 3743/3743/3743 3730/3730/3730
f 3740/3740/3740 3743/3743/3743 3332/3332/3332
f 3741/3741/3741 3742/3742/3742 3744/3744/3744
f 3743/3743/3743 3744/3744/3744 3730/3730/3730
f 3739/3739/3739 3745/3745/3745 3746/3746/3746
f 3746/3746/3746 3747/3747/3747 3742/3742/3742
f 3740/3740/3740 3337/3337/3337 3336/3336/3336
f 3333/3333/3333 3740/3740/3740 3332/3332/3332
f 3337/3337/3337 3740/3740/3740 3333/3333/3333
f 3338/3338/3338 3337/3337/3337 3334/3334/3334
f 3339/3339/3339 3338/3338/3338 3335/3335/3335
f 3755/3755/3755 3340/3340/3340 3748/3748/3748
f 3749/3749/3749 3755/3755/3755 3750/3750/3750
f 3340/3340/3340 3755/3755/3755 3749/3749/3749
f 3752/3752/3752 3749/3749/3749 3750/3750/3750
f 3336/3336/3336 3752/3752/3752 3739/3739/3739
f 3749/3749/3749 3752/3752/3752 3336/3336/3336
f 3750/3750/3750 3751/3751/3751 3753/3753/3753
f 3752/3752/3752 3753/3753/3753 3739/3739/3739
f 3748/3748/3748 3754/3754/3754 3756/3756/3756
f 3755/3755/3755 3756/3756/3756 3750/3750/3750
f 3749/3749/3749 3341/3341/3341 3340/3340/3340
f 3337/3337/3337 3749/3749/3749 3336/3336/3336
f 3341/3341/3341 3749/3749/3749 3337/3337/3337
f 3342/3342/3342 3341/3341/3341 3338/3338/3338
f 3343/3343/3343 3342/3342/3342 3339/3339/3339
f 3764/3764/3764 3344/3344/3344 3757/3757/3757
f 3758/3758/3758 3764/3764/3764 3759/3759/3759
f 3344/3344/3344 3764/3764/3764 3758/3758/3758
f 3761/3761/3761 3758/3758/3758 3759/3759/3759
f 3340/3340/3340 3761/3761/3761 3748/3748/3748
f 3758/3758/3758 3761/3761/3761 3340/3340/3340
f 3759/3759/3759 3760/3760/3760 3761/3761/3761
f 3761/3761/3761 3762/3762/3762 3754/3754/3754
f 3757/3757/3757 3763/3763/3763 3765/3765/3765
f 3764/3764/3764 3765/3765/3765 3759/3759/3759
f 3758/3758/3758 3345/3345/3345 3344/3344/3344
f 3341/3341/3341 3758/3758/3758 3340/3340/3340
f 3345/3345/3345 3758/3758/3758 3341/3341/3341
f 3346/3346/3346 3345/3345/3345 3341/3341/3341
f 3347/3347/3347 3346/3346/3346 3343/3343/3343
f 3773/3773/3773 3348/3348/3348 3766/3766/3766
f 3767/3767/3767 3773/3773/3773 3768/3768/3768
f 3348/3348/3348 3773/3773/3773 3767/3767/3767
f 3770/3770/3770 3767/3767/3767 3768/3768/3768
f 3344/3344/3344 3770/3770/3770 3757/3757/3757
f 3767/3767/3767 3770/3770/3770 3344/3344/3344
f 3768/3768/3768 3769/3769/3769 3771/3771/3771
f 3770/3770/3770 3771/3771/3771 3763/3763/3763
f 3766/3766/3766 3772/3772/3772 3774/3774/3774
f 3773/3773/3773 3774/3774/3774 3769/3769/3769
f 3767/3767/3767 3349/3349/3349 3348/3348/3348
f 3345/3345/3345 3767/3767/3767 3344/3344/3344
f 3349/3349/3349 3767/3767/3767 3345/3345/3345
f 3350/3350/3350 3349/3349/3349 3345/3345/3345
f 3351/3351/3351 3350/3350/3350 3347/3347/3347
f 3781/3781/3781 3352/3352/3352 3626/3626/3626
f 3775/3775/3775 3781/3781/3781 3776/3776/3776
f 3352/3352/3352 3781/3781/3781 3775/3775/3775
f 3778/3778/3778 3775/3775/3775 3776/3776/3776
f 3348/3348/3348 3778/3778/3778 3766/3766/3766
f 3775/3775/3775 3778/3778/3778 3348/3348/3348
f 3776/3776/3776 3777/3777/3777 3778/3778/3778
f 3778/3778/3778 3779/3779/3779 3766/3766/3766
f 3626/3626/3626 3780/3780/3780 3781/3781/3781
f 3781/3781/3781 3782/3782/3782 3776/3776/3776
f 3775/3775/3775 3353/3353/3353 3352/3352/3352
f 3349/3349/3349 3775/3775/3775 3348/3348/3348
f 3353/3353/3353 3775/3775/3775 3349/3349/3349
f 3354/3354/3354 3353/3353/3353 3350/3350/3350
f 3355/3355/3355 3354/3354/3354 3350/3350/3350
f 3787/3787/3787 3357/3357/3357 3624/3624/3624
f 3625/3625/3625 3787/3787/3787 3627/3627/3627
f 3357/3357/3357 3787/3787/3787 3625/3625/3625
f 3784/3784/3784 3625/3625/3625 3627/3627/3627
f 3352/3352/3352 3784/3784/3784 3626/3626/3626
f 3625/3625/3625 3784/3784/3784 3352/3352/3352
f 3627/3627/3627 3783/3783/3783 3784/3784/3784
f 3784/3784/3784 3785/3785/3785 3626/3626/3626
f 3624/3624/3624 3786/3786/3786 3788/3788/3788
f 3787/3787/3787 3788/3788/3788 3627/3627/3627
f 3625/3625/3625 3358/3358/3358 3357/3357/3357
f 3353/3353/3353 3625/3625/3625 3352/3352/3352
f 3358/3358/3358 3625/3625/3625 3353/3353/3353
f 3359/3359/3359 3358/3358/3358 3354/3354/3354
f 3360/3360/3360 3359/3359/3359 3355/3355/3355
f 3622/3622/3622 3361/3361/3361 3279/3279/3279
f 3623/3623/3623 3363/3363/3363 3362/3362/3362
f 3623/3623/3623 3364/3364/3364 3363/3363/3363
f 3622/3622/3622 3362/3362/3362 3361/3361/3361
f 3620/3620/3620 3366/3366/3366 3365/3365/3365
f 3620/3620/3620 3368/3368/3368 3367/3367/3367
f 3620/3620/3620 3369/3369/3369 3368/3368/3368
f 3620/3620/3620 3367/3367/3367 3366/3366/3366
f 3623/3623/3623 3365/3365/3365 3364/3364/3364
f 3630/3630/3630 3371/3371/3371 3370/3370/3370
f 3628/3628/3628 3373/3373/3373 3372/3372/3372
f 3628/3628/3628 3374/3374/3374 3373/3373/3373
f 3630/3630/3630 3372/3372/3372 3371/3371/3371
f 3628/3628/3628 3376/3376/3376 3375/3375/3375
f 3636/3636/3636 3378/3378/3378 3377/3377/3377
f 3636/3636/3636 3379/3379/3379 3378/3378/3378
f 3636/3636/3636 3377/3377/3377 3376/3376/3376
f 3628/3628/3628 3375/3375/3375 3374/3374/3374
f 3630/3630/3630 3370/3370/3370 3369/3369/3369
f 3634/3634/3634 3381/3381/3381 3380/3380/3380
f 3639/3639/3639 3383/3383/3383 3382/3382/3382
f 3639/3639/3639 3384/3384/3384 3383/3383/3383
f 3634/3634/3634 3382/3382/3382 3381/3381/3381
f 3639/3639/3639 3386/3386/3386 3385/3385/3385
f 3637/3637/3637 3388/3388/3388 3387/3387/3387
f 3637/3637/3637 3389/3389/3389 3388/3388/3388
f 3637/3637/3637 3387/3387/3387 3386/3386/3386
f 3639/3639/3639 3385/3385/3385 3384/3384/3384
f 3645/3645/3645 3391/3391/3391 3390/3390/3390
f 3643/3643/3643 3393/3393/3393 3392/3392/3392
f 3643/3643/3643 3394/3394/3394 3393/3393/3393
f 3645/3645/3645 3392/3392/3392 3391/3391/3391
f 3643/3643/3643 3396/3396/3396 3395/3395/3395
f 3648/3648/3648 3397/3397/3397 3396/3396/3396
f 3648/3648/3648 3399/3399/3399 3398/3398/3398
f 3646/3646/3646 3400/3400/3400 3399/3399/3399
f 3648/3648/3648 3398/3398/3398 3397/3397/3397
f 3643/3643/3643 3395/3395/3395 3394/3394/3394
f 3645/3645/3645 3390/3390/3390 3389/3389/3389
f 3634/3634/3634 3380/3380/3380 3379/3379/3379
f 3646/3646/3646 3402/3402/3402 3401/3401/3401
f 3654/3654/3654 3404/3404/3404 3403/3403/3403
f 3654/3654/3654 3405/3405/3405 3404/3404/3404
f 3654/3654/3654 3403/3403/3403 3402/3402/3402
f 3652/3652/3652 3407/3407/3407 3406/3406/3406
f 3652/3652/3652 3409/3409/3409 3408/3408/3408
f 3657/3657/3657 3410/3410/3410 3409/3409/3409
f 3652/3652/3652 3408/3408/3408 3407/3407/3407
f 3654/3654/3654 3406/3406/3406 3405/3405/3405
f 3657/3657/3657 3412/3412/3412 3411/3411/3411
f 3655/3655/3655 3414/3414/3414 3413/3413/3413
f 3655/3655/3655 3415/3415/3415 3414/3414/3414
f 3655/3655/3655 3413/3413/3413 3412/3412/3412
f 3663/3663/3663 3417/3417/3417 3416/3416/3416
f 3663/3663/3663 3418/3418/3418 3417/3417/3417
f 3661/3661/3661 3420/3420/3420 3419/3419/3419
f 3661/3661/3661 3421/3421/3421 3420/3420/3420
f 3663/3663/3663 3419/3419/3419 3418/3418/3418
f 3655/3655/3655 3416/3416/3416 3415/3415/3415
f 3657/3657/3657 3411/3411/3411 3410/3410/3410
f 3661/3661/3661 3423/3423/3423 3422/3422/3422
f 3666/3666/3666 3425/3425/3425 3424/3424/3424
f 3666/3666/3666 3426/3426/3426 3425/3425/3425
f 3666/3666/3666 3424/3424/3424 3423/3423/3423
f 3664/3664/3664 3428/3428/3428 3427/3427/3427
f 3664/3664/3664 3430/3430/3430 3429/3429/3429
f 3672/3672/3672 3431/3431/3431 3430/3430/3430
f 3664/3664/3664 3429/3429/3429 3428/3428/3428
f 3664/3664/3664 3427/3427/3427 3426/3426/3426
f 3672/3672/3672 3433/3433/3433 3432/3432/3432
f 3670/3670/3670 3435/3435/3435 3434/3434/3434
f 3670/3670/3670 3436/3436/3436 3435/3435/3435
f 3670/3670/3670 3434/3434/3434 3433/3433/3433
f 3675/3675/3675 3438/3438/3438 3437/3437/3437
f 3675/3675/3675 3439/3439/3439 3438/3438/3438
f 3673/3673/3673 3441/3441/3441 3440/3440/3440
f 3673/3673/3673 3442/3442/3442 3441/3441/3441
f 3675/3675/3675 3440/3440/3440 3439/3439/3439
f 3675/3675/3675 3437/3437/3437 3436/3436/3436
f 3672/3672/3672 3432/3432/3432 3431/3431/3431
f 3661/3661/3661 3422/3422/3422 3421/3421/3421
f 3646/3646/3646 3401/3401/3401 3400/3400/3400
f 3623/3623/3623 3362/3362/3362 3622/3622/3622
f 3630/3630/3630 3369/3369/3369 3620/3620/3620
f 3365/3365/3365 3623/3623/3623 3620/3620/3620
f 3637/3637/3637 3386/3386/3386 3639/3639/3639
f 3443/3443/3443 3442/3442/3442 3673/3673/3673
f 3628/3628/3628 3372/3372/3372 3630/3630/3630
f 3634/3634/3634 3379/3379/3379 3636/3636/3636
f 3639/3639/3639 3382/3382/3382 3634/3634/3634
f 3628/3628/3628 3636/3636/3636 3376/3376/3376
f 3444/3444/3444 3443/3443/3443 3681/3681/3681
f 3445/3445/3445 3444/3444/3444 3681/3681/3681
f 3447/3447/3447 3446/3446/3446 3679/3679/3679
f 3448/3448/3448 3447/3447/3447 3679/3679/3679
f 3446/3446/3446 3445/3445/3445 3681/3681/3681
f 3450/3450/3450 3449/3449/3449 3679/3679/3679
f 3451/3451/3451 3450/3450/3450 3684/3684/3684
f 3453/3453/3453 3452/3452/3452 3684/3684/3684
f 3454/3454/3454 3453/3453/3453 3682/3682/3682
f 3452/3452/3452 3451/3451/3451 3684/3684/3684
f 3449/3449/3449 3448/3448/3448 3679/3679/3679
f 3455/3455/3455 3454/3454/3454 3682/3682/3682
f 3645/3645/3645 3389/3389/3389 3637/3637/3637
f 3648/3648/3648 3396/3396/3396 3643/3643/3643
f 3646/3646/3646 3399/3399/3399 3648/3648/3648
f 3645/3645/3645 3643/3643/3643 3392/3392/3392
f 3652/3652/3652 3406/3406/3406 3654/3654/3654
f 3655/3655/3655 3412/3412/3412 3657/3657/3657
f 3663/3663/3663 3416/3416/3416 3655/3655/3655
f 3652/3652/3652 3657/3657/3657 3409/3409/3409
f 3646/3646/3646 3654/3654/3654 3402/3402/3402
f 3666/3666/3666 3423/3423/3423 3661/3661/3661
f 3672/3672/3672 3430/3430/3430 3664/3664/3664
f 3670/3670/3670 3433/3433/3433 3672/3672/3672
f 3666/3666/3666 3664/3664/3664 3426/3426/3426
f 3673/3673/3673 3440/3440/3440 3675/3675/3675
f 3443/3443/3443 3673/3673/3673 3681/3681/3681
f 3450/3450/3450 3679/3679/3679 3684/3684/3684
f 3453/3453/3453 3684/3684/3684 3682/3682/3682
f 3679/3679/3679 3446/3446/3446 3681/3681/3681
f 3670/3670/3670 3675/3675/3675 3436/3436/3436
f 3663/3663/3663 3661/3661/3661 3419/3419/3419
f 3682/3682/3682 3456/3456/3456 3455/3455/3455
f 3690/3690/3690 3457/3457/3457 3456/3456/3456
f 3690/3690/3690 3459/3459/3459 3458/3458/3458
f 3690/3690/3690 3460/3460/3460 3459/3459/3459
f 3690/3690/3690 3458/3458/3458 3457/3457/3457
f 3688/3688/3688 3462/3462/3462 3461/3461/3461
f 3693/3693/3693 3464/3464/3464 3463/3463/3463
f 3693/3693/3693 3465/3465/3465 3464/3464/3464
f 3688/3688/3688 3463/3463/3463 3462/3462/3462
f 3688/3688/3688 3461/3461/3461 3460/3460/3460
f 3691/3691/3691 3467/3467/3467 3466/3466/3466
f 3691/3691/3691 3469/3469/3469 3468/3468/3468
f 3691/3691/3691 3470/3470/3470 3469/3469/3469
f 3691/3691/3691 3468/3468/3468 3467/3467/3467
f 3699/3699/3699 3472/3472/3472 3471/3471/3471
f 3699/3699/3699 3473/3473/3473 3472/3472/3472
f 3697/3697/3697 3475/3475/3475 3474/3474/3474
f 3697/3697/3697 3476/3476/3476 3475/3475/3475
f 3697/3697/3697 3474/3474/3474 3473/3473/3473
f 3699/3699/3699 3471/3471/3471 3470/3470/3470
f 3693/3693/3693 3466/3466/3466 3465/3465/3465
f 3688/3688/3688 3460/3460/3460 3690/3690/3690
f 3688/3688/3688 3693/3693/3693 3463/3463/3463
f 3478/3478/3478 3477/3477/3477 3702/3702/3702
f 3477/3477/3477 3476/3476/3476 3702/3702/3702
f 3479/3479/3479 3478/3478/3478 3702/3702/3702
f 3691/3691/3691 3466/3466/3466 3693/3693/3693
f 3697/3697/3697 3473/3473/3473 3699/3699/3699
f 3702/3702/3702 3476/3476/3476 3697/3697/3697
f 3691/3691/3691 3699/3699/3699 3470/3470/3470
f 3702/3702/3702 3480/3480/3480 3479/3479/3479
f 3700/3700/3700 3481/3481/3481 3480/3480/3480
f 3700/3700/3700 3483/3483/3483 3482/3482/3482
f 3708/3708/3708 3484/3484/3484 3483/3483/3483
f 3700/3700/3700 3482/3482/3482 3481/3481/3481
f 3700/3700/3700 3708/3708/3708 3483/3483/3483
f 3485/3485/3485 3484/3484/3484 3708/3708/3708
f 3486/3486/3486 3485/3485/3485 3708/3708/3708
f 3708/3708/3708 3487/3487/3487 3486/3486/3486
f 3706/3706/3706 3487/3487/3487 3708/3708/3708
f 3488/3488/3488 3487/3487/3487 3706/3706/3706
f 3702/3702/3702 3700/3700/3700 3480/3480/3480
f 3682/3682/3682 3690/3690/3690 3456/3456/3456
f 3706/3706/3706 3490/3490/3490 3489/3489/3489
f 3711/3711/3711 3492/3492/3492 3491/3491/3491
f 3711/3711/3711 3493/3493/3493 3492/3492/3492
f 3711/3711/3711 3491/3491/3491 3490/3490/3490
f 3709/3709/3709 3495/3495/3495 3494/3494/3494
f 3709/3709/3709 3497/3497/3497 3496/3496/3496
f 3717/3717/3717 3498/3498/3498 3497/3497/3497
f 3709/3709/3709 3496/3496/3496 3495/3495/3495
f 3709/3709/3709 3494/3494/3494 3493/3493/3493
f 3717/3717/3717 3500/3500/3500 3499/3499/3499
f 3715/3715/3715 3502/3502/3502 3501/3501/3501
f 3715/3715/3715 3503/3503/3503 3502/3502/3502
f 3715/3715/3715 3501/3501/3501 3500/3500/3500
f 3720/3720/3720 3505/3505/3505 3504/3504/3504
f 3718/3718/3718 3507/3507/3507 3506/3506/3506
f 3718/3718/3718 3508/3508/3508 3507/3507/3507
f 3720/3720/3720 3506/3506/3506 3505/3505/3505
f 3720/3720/3720 3504/3504/3504 3503/3503/3503
f 3717/3717/3717 3499/3499/3499 3498/3498/3498
f 3718/3718/3718 3510/3510/3510 3509/3509/3509
f 3726/3726/3726 3512/3512/3512 3511/3511/3511
f 3726/3726/3726 3513/3513/3513 3512/3512/3512
f 3726/3726/3726 3511/3511/3511 3510/3510/3510
f 3724/3724/3724 3515/3515/3515 3514/3514/3514
f 3729/3729/3729 3517/3517/3517 3516/3516/3516
f 3729/3729/3729 3518/3518/3518 3517/3517/3517
f 3724/3724/3724 3516/3516/3516 3515/3515/3515
f 3724/3724/3724 3514/3514/3514 3513/3513/3513
f 3727/3727/3727 3520/3520/3520 3519/3519/3519
f 3727/3727/3727 3522/3522/3522 3521/3521/3521
f 3727/3727/3727 3523/3523/3523 3522/3522/3522
f 3727/3727/3727 3521/3521/3521 3520/3520/3520
f 3735/3735/3735 3525/3525/3525 3524/3524/3524
f 3735/3735/3735 3526/3526/3526 3525/3525/3525
f 3733/3733/3733 3528/3528/3528 3527/3527/3527
f 3733/3733/3733 3529/3529/3529 3528/3528/3528
f 3733/3733/3733 3527/3527/3527 3526/3526/3526
f 3735/3735/3735 3524/3524/3524 3523/3523/3523
f 3729/3729/3729 3519/3519/3519 3518/3518/3518
f 3718/3718/3718 3509/3509/3509 3508/3508/3508
f 3738/3738/3738 3531/3531/3531 3530/3530/3530
f 3736/3736/3736 3533/3533/3533 3532/3532/3532
f 3736/3736/3736 3534/3534/3534 3533/3533/3533
f 3738/3738/3738 3532/3532/3532 3531/3531/3531
f 3736/3736/3736 3536/3536/3536 3535/3535/3535
f 3744/3744/3744 3538/3538/3538 3537/3537/3537
f 3744/3744/3744 3539/3539/3539 3538/3538/3538
f 3744/3744/3744 3537/3537/3537 3536/3536/3536
f 3736/3736/3736 3535/3535/3535 3534/3534/3534
f 3742/3742/3742 3541/3541/3541 3540/3540/3540
f 3742/3742/3742 3543/3543/3543 3542/3542/3542
f 3747/3747/3747 3544/3544/3544 3543/3543/3543
f 3742/3742/3742 3542/3542/3542 3541/3541/3541
f 3747/3747/3747 3546/3546/3546 3545/3545/3545
f 3745/3745/3745 3547/3547/3547 3546/3546/3546
f 3745/3745/3745 3549/3549/3549 3548/3548/3548
f 3745/3745/3745 3550/3550/3550 3549/3549/3549
f 3745/3745/3745 3548/3548/3548 3547/3547/3547
f 3747/3747/3747 3545/3545/3545 3544/3544/3544
f 3742/3742/3742 3540/3540/3540 3539/3539/3539
f 3753/3753/3753 3552/3552/3552 3551/3551/3551
f 3751/3751/3751 3554/3554/3554 3553/3553/3553
f 3751/3751/3751 3555/3555/3555 3554/3554/3554
f 3753/3753/3753 3553/3553/3553 3552/3552/3552
f 3751/3751/3751 3557/3557/3557 3556/3556/3556
f 3756/3756/3756 3559/3559/3559 3558/3558/3558
f 3756/3756/3756 3560/3560/3560 3559/3559/3559
f 3756/3756/3756 3558/3558/3558 3557/3557/3557
f 3751/3751/3751 3556/3556/3556 3555/3555/3555
f 3754/3754/3754 3562/3562/3562 3561/3561/3561
f 3754/3754/3754 3564/3564/3564 3563/3563/3563
f 3762/3762/3762 3565/3565/3565 3564/3564/3564
f 3754/3754/3754 3563/3563/3563 3562/3562/3562
f 3762/3762/3762 3567/3567/3567 3566/3566/3566
f 3762/3762/3762 3568/3568/3568 3567/3567/3567
f 3760/3760/3760 3570/3570/3570 3569/3569/3569
f 3760/3760/3760 3571/3571/3571 3570/3570/3570
f 3760/3760/3760 3569/3569/3569 3568/3568/3568
f 3762/3762/3762 3566/3566/3566 3565/3565/3565
f 3756/3756/3756 3561/3561/3561 3560/3560/3560
f 3753/3753/3753 3551/3551/3551 3550/3550/3550
f 3738/3738/3738 3530/3530/3530 3529/3529/3529
f 3711/3711/3711 3490/3490/3490 3706/3706/3706
f 3717/3717/3717 3497/3497/3497 3709/3709/3709
f 3493/3493/3493 3711/3711/3711 3709/3709/3709
f 3724/3724/3724 3513/3513/3513 3726/3726/3726
f 3765/3765/3765 3572/3572/3572 3571/3571/3571
f 3715/3715/3715 3500/3500/3500 3717/3717/3717
f 3718/3718/3718 3506/3506/3506 3720/3720/3720
f 3726/3726/3726 3510/3510/3510 3718/3718/3718
f 3715/3715/3715 3720/3720/3720 3503/3503/3503
f 3573/3573/3573 3572/3572/3572 3765/3765/3765
f 3574/3574/3574 3573/3573/3573 3765/3765/3765
f 3576/3576/3576 3575/3575/3575 3763/3763/3763
f 3577/3577/3577 3576/3576/3576 3763/3763/3763
f 3575/3575/3575 3574/3574/3574 3763/3763/3763
f 3579/3579/3579 3578/3578/3578 3771/3771/3771
f 3580/3580/3580 3579/3579/3579 3771/3771/3771
f 3582/3582/3582 3581/3581/3581 3769/3769/3769
f 3583/3583/3583 3582/3582/3582 3769/3769/3769
f 3581/3581/3581 3580/3580/3580 3771/3771/3771
f 3578/3578/3578 3577/3577/3577 3763/3763/3763
f 3584/3584/3584 3583/3583/3583 3769/3769/3769
f 3729/3729/3729 3516/3516/3516 3724/3724/3724
f 3735/3735/3735 3523/3523/3523 3727/3727/3727
f 3733/3733/3733 3526/3526/3526 3735/3735/3735
f 3729/3729/3729 3727/3727/3727 3519/3519/3519
f 3736/3736/3736 3532/3532/3532 3738/3738/3738
f 3742/3742/3742 3539/3539/3539 3744/3744/3744
f 3747/3747/3747 3543/3543/3543 3742/3742/3742
f 3736/3736/3736 3744/3744/3744 3536/3536/3536
f 3733/3733/3733 3738/3738/3738 3529/3529/3529
f 3753/3753/3753 3550/3550/3550 3745/3745/3745
f 3756/3756/3756 3557/3557/3557 3751/3751/3751
f 3754/3754/3754 3561/3561/3561 3756/3756/3756
f 3753/3753/3753 3751/3751/3751 3553/3553/3553
f 3760/3760/3760 3568/3568/3568 3762/3762/3762
f 3765/3765/3765 3571/3571/3571 3760/3760/3760
f 3578/3578/3578 3763/3763/3763 3771/3771/3771
f 3581/3581/3581 3771/3771/3771 3769/3769/3769
f 3763/3763/3763 3574/3574/3574 3765/3765/3765
f 3754/3754/3754 3762/3762/3762 3564/3564/3564
f 3747/3747/3747 3745/3745/3745 3546/3546/3546
f 3774/3774/3774 3585/3585/3585 3584/3584/3584
f 3774/3774/3774 3586/3586/3586 3585/3585/3585
f 3774/3774/3774 3588/3588/3588 3587/3587/3587
f 3772/3772/3772 3589/3589/3589 3588/3588/3588
f 3774/3774/3774 3587/3587/3587 3586/3586/3586
f 3772/3772/3772 3591/3591/3591 3590/3590/3590
f 3779/3779/3779 3593/3593/3593 3592/3592/3592
f 3779/3779/3779 3594/3594/3594 3593/3593/3593
f 3779/3779/3779 3592/3592/3592 3591/3591/3591
f 3772/3772/3772 3590/3590/3590 3589/3589/3589
f 3777/3777/3777 3596/3596/3596 3595/3595/3595
f 3777/3777/3777 3598/3598/3598 3597/3597/3597
f 3782/3782/3782 3599/3599/3599 3598/3598/3598
f 3777/3777/3777 3597/3597/3597 3596/3596/3596
f 3782/3782/3782 3601/3601/3601 3600/3600/3600
f 3780/3780/3780 3602/3602/3602 3601/3601/3601
f 3780/3780/3780 3604/3604/3604 3603/3603/3603
f 3785/3785/3785 3605/3605/3605 3604/3604/3604
f 3780/3780/3780 3603/3603/3603 3602/3602/3602
f 3782/3782/3782 3600/3600/3600 3599/3599/3599
f 3777/3777/3777 3595/3595/3595 3594/3594/3594
f 3772/3772/3772 3588/3588/3588 3774/3774/3774
f 3772/3772/3772 3779/3779/3779 3591/3591/3591
f 3607/3607/3607 3606/3606/3606 3785/3785/3785
f 3606/3606/3606 3605/3605/3605 3785/3785/3785
f 3608/3608/3608 3607/3607/3607 3785/3785/3785
f 3777/3777/3777 3594/3594/3594 3779/3779/3779
f 3780/3780/3780 3601/3601/3601 3782/3782/3782
f 3785/3785/3785 3604/3604/3604 3780/3780/3780
f 3777/3777/3777 3782/3782/3782 3598/3598/3598
f 3785/3785/3785 3783/3783/3783 3608/3608/3608
f 3783/3783/3783 3610/3610/3610 3609/3609/3609
f 3788/3788/3788 3612/3612/3612 3611/3611/3611
f 3788/3788/3788 3613/3613/3613 3612/3612/3612
f 3783/3783/3783 3611/3611/3611 3610/3610/3610
f 3783/3783/3783 3788/3788/3788 3611/3611/3611
f 3614/3614/3614 3613/3613/3613 3788/3788/3788
f 3786/3786/3786 3615/3615/3615 3614/3614/3614
f 3786/3786/3786 3356/3356/3356 3615/3615/3615
f 3608/3608/3608 3783/3783/3783 3609/3609/3609
f 3488/3488/3488 3706/3706/3706 3489/3489/3489
f 4139/4139/4139 4126/4126/4126 3794/3794/3794
f 4127/4127/4127 4129/4129/4129 4139/4139/4139
f 3794/3794/3794 4127/4127/4127 4139/4139/4139
f 4131/4131/4131 4129/4129/4129 4127/4127/4127
f 3790/3790/3790 4128/4128/4128 4131/4131/4131
f 4127/4127/4127 3790/3790/3790 4131/4131/4131
f 4129/4129/4129 4131/4131/4131 4130/4130/4130
f 4131/4131/4131 4128/4128/4128 4133/4133/4133
f 4126/4126/4126 4139/4139/4139 4138/4138/4138
f 4139/4139/4139 4129/4129/4129 4130/4130/4130
f 4127/4127/4127 3794/3794/3794 3795/3795/3795
f 3791/3791/3791 3790/3790/3790 4127/4127/4127
f 3795/3795/3795 3791/3791/3791 4127/4127/4127
f 3796/3796/3796 3792/3792/3792 3795/3795/3795
f 3797/3797/3797 3793/3793/3793 3796/3796/3796
f 4148/4148/4148 4141/4141/4141 3798/3798/3798
f 4142/4142/4142 4143/4143/4143 4148/4148/4148
f 3798/3798/3798 4142/4142/4142 4148/4148/4148
f 4145/4145/4145 4143/4143/4143 4142/4142/4142
f 3794/3794/3794 4126/4126/4126 4145/4145/4145
f 4142/4142/4142 3794/3794/3794 4145/4145/4145
f 4143/4143/4143 4145/4145/4145 4144/4144/4144
f 4145/4145/4145 4126/4126/4126 4146/4146/4146
f 4141/4141/4141 4148/4148/4148 4147/4147/4147
f 4148/4148/4148 4143/4143/4143 4144/4144/4144
f 4142/4142/4142 3798/3798/3798 3799/3799/3799
f 3795/3795/3795 3794/3794/3794 4142/4142/4142
f 3799/3799/3799 3795/3795/3795 4142/4142/4142
f 3800/3800/3800 3796/3796/3796 3795/3795/3795
f 3801/3801/3801 3797/3797/3797 3800/3800/3800
f 4157/4157/4157 4150/4150/4150 3802/3802/3802
f 4151/4151/4151 4152/4152/4152 4157/4157/4157
f 3802/3802/3802 4151/4151/4151 4157/4157/4157
f 4154/4154/4154 4152/4152/4152 4151/4151/4151
f 3798/3798/3798 4141/4141/4141 4154/4154/4154
f 4151/4151/4151 3798/3798/3798 4154/4154/4154
f 4152/4152/4152 4154/4154/4154 4153/4153/4153
f 4154/4154/4154 4141/4141/4141 4155/4155/4155
f 4150/4150/4150 4157/4157/4157 4156/4156/4156
f 4157/4157/4157 4152/4152/4152 4158/4158/4158
f 4151/4151/4151 3802/3802/3802 3803/3803/3803
f 3799/3799/3799 3798/3798/3798 4151/4151/4151
f 3803/3803/3803 3799/3799/3799 4151/4151/4151
f 3804/3804/3804 3800/3800/3800 3803/3803/3803
f 3805/3805/3805 3801/3801/3801 3804/3804/3804
f 4166/4166/4166 4159/4159/4159 3806/3806/3806
f 4160/4160/4160 4161/4161/4161 4166/4166/4166
f 3806/3806/3806 4160/4160/4160 4166/4166/4166
f 4163/4163/4163 4161/4161/4161 4160/4160/4160
f 3802/3802/3802 4150/4150/4150 4163/4163/4163
f 4160/4160/4160 3802/3802/3802 4163/4163/4163
f 4161/4161/4161 4163/4163/4163 4162/4162/4162
f 4163/4163/4163 4150/4150/4150 4164/4164/4164
f 4159/4159/4159 4166/4166/4166 4165/4165/4165
f 4166/4166/4166 4161/4161/4161 4162/4162/4162
f 4160/4160/4160 3806/3806/3806 3807/3807/3807
f 3803/3803/3803 3802/3802/3802 4160/4160/4160
f 3807/3807/3807 3803/3803/3803 4160/4160/4160
f 3808/3808/3808 3804/3804/3804 3807/3807/3807
f 3809/3809/3809 3805/3805/3805 3808/3808/3808
f 4175/4175/4175 4168/4168/4168 3810/3810/3810
f 4169/4169/4169 4170/4170/4170 4175/4175/4175
f 3810/3810/3810 4169/4169/4169 4175/4175/4175
f 4172/4172/4172 4170/4170/4170 4169/4169/4169
f 3806/3806/3806 4159/4159/4159 4172/4172/4172
f 4169/4169/4169 3806/3806/3806 4172/4172/4172
f 4170/4170/4170 4172/4172/4172 4171/4171/4171
f 4172/4172/4172 4159/4159/4159 4173/4173/4173
f 4168/4168/4168 4175/4175/4175 4174/4174/4174
f 4175/4175/4175 4170/4170/4170 4171/4171/4171
f 4169/4169/4169 3810/3810/3810 3811/3811/3811
f 3807/3807/3807 3806/3806/3806 4169/4169/4169
f 3811/3811/3811 3807/3807/3807 4169/4169/4169
f 3812/3812/3812 3808/3808/3808 3811/3811/3811
f 3813/3813/3813 3809/3809/3809 3812/3812/3812
f 4184/4184/4184 4177/4177/4177 3814/3814/3814
f 4178/4178/4178 4179/4179/4179 4184/4184/4184
f 3814/3814/3814 4178/4178/4178 4184/4184/4184
f 4181/4181/4181 4179/4179/4179 4178/4178/4178
f 3810/3810/3810 4168/4168/4168 4181/4181/4181
f 4178/4178/4178 3810/3810/3810 4181/4181/4181
f 4179/4179/4179 4181/4181/4181 4182/4182/4182
f 4181/4181/4181 4168/4168/4168 4174/4174/4174
f 4177/4177/4177 4184/4184/4184 4183/4183/4183
f 4184/4184/4184 4179/4179/4179 4185/4185/4185
f 4178/4178/4178 3814/3814/3814 3815/3815/3815
f 3811/3811/3811 3810/3810/3810 4178/4178/4178
f 3815/3815/3815 3811/3811/3811 4178/4178/4178
f 3816/3816/3816 3812/3812/3812 3815/3815/3815
f 3817/3817/3817 3813/3813/3813 3816/3816/3816
f 4193/4193/4193 4186/4186/4186 3818/3818/3818
f 4187/4187/4187 4188/4188/4188 4193/4193/4193
f 3818/3818/3818 4187/4187/4187 4193/4193/4193
f 4190/4190/4190 4188/4188/4188 4187/4187/4187
f 3814/3814/3814 4177/4177/4177 4190/4190/4190
f 4187/4187/4187 3814/3814/3814 4190/4190/4190
f 4188/4188/4188 4190/4190/4190 4189/4189/4189
f 4190/4190/4190 4177/4177/4177 4191/4191/4191
f 4186/4186/4186 4193/4193/4193 4192/4192/4192
f 4193/4193/4193 4188/4188/4188 4194/4194/4194
f 4187/4187/4187 3818/3818/3818 3819/3819/3819
f 3815/3815/3815 3814/3814/3814 4187/4187/4187
f 3819/3819/3819 3815/3815/3815 4187/4187/4187
f 3820/3820/3820 3816/3816/3816 3819/3819/3819
f 3821/3821/3821 3817/3817/3817 3820/3820/3820
f 4202/4202/4202 4195/4195/4195 3822/3822/3822
f 4196/4196/4196 4197/4197/4197 4202/4202/4202
f 3822/3822/3822 4196/4196/4196 4202/4202/4202
f 4199/4199/4199 4197/4197/4197 4196/4196/4196
f 3818/3818/3818 4186/4186/4186 4199/4199/4199
f 4196/4196/4196 3818/3818/3818 4199/4199/4199
f 4197/4197/4197 4199/4199/4199 4200/4200/4200
f 4199/4199/4199 4186/4186/4186 4200/4200/4200
f 4195/4195/4195 4202/4202/4202 4203/4203/4203
f 4202/4202/4202 4197/4197/4197 4198/4198/4198
f 4196/4196/4196 3822/3822/3822 3823/3823/3823
f 3819/3819/3819 3818/3818/3818 4196/4196/4196
f 3823/3823/3823 3819/3819/3819 4196/4196/4196
f 3824/3824/3824 3820/3820/3820 3823/3823/3823
f 3825/3825/3825 3821/3821/3821 3824/3824/3824
f 4211/4211/4211 4204/4204/4204 3826/3826/3826
f 4205/4205/4205 4206/4206/4206 4211/4211/4211
f 3826/3826/3826 4205/4205/4205 4211/4211/4211
f 4208/4208/4208 4206/4206/4206 4205/4205/4205
f 3822/3822/3822 4195/4195/4195 4208/4208/4208
f 4205/4205/4205 3822/3822/3822 4208/4208/4208
f 4206/4206/4206 4208/4208/4208 4207/4207/4207
f 4208/4208/4208 4195/4195/4195 4209/4209/4209
f 4204/4204/4204 4211/4211/4211 4210/4210/4210
f 4211/4211/4211 4206/4206/4206 4207/4207/4207
f 4205/4205/4205 3826/3826/3826 3827/3827/3827
f 3823/3823/3823 3822/3822/3822 4205/4205/4205
f 3827/3827/3827 3823/3823/3823 4205/4205/4205
f 3828/3828/3828 3824/3824/3824 3827/3827/3827
f 3829/3829/3829 3825/3825/3825 3828/3828/3828
f 4220/4220/4220 4213/4213/4213 3830/3830/3830
f 4214/4214/4214 4215/4215/4215 4220/4220/4220
f 3830/3830/3830 4214/4214/4214 4220/4220/4220
f 4217/4217/4217 4215/4215/4215 4214/4214/4214
f 3826/3826/3826 4204/4204/4204 4217/4217/4217
f 4214/4214/4214 3826/3826/3826 4217/4217/4217
f 4215/4215/4215 4217/4217/4217 4218/4218/4218
f 4217/4217/4217 4204/4204/4204 4218/4218/4218
f 4213/4213/4213 4220/4220/4220 4221/4221/4221
f 4220/4220/4220 4215/4215/4215 4221/4221/4221
f 4214/4214/4214 3830/3830/3830 3831/3831/3831
f 3827/3827/3827 3826/3826/3826 4214/4214/4214
f 3831/3831/3831 3827/3827/3827 4214/4214/4214
f 3832/3832/3832 3828/3828/3828 3831/3831/3831
f 3833/3833/3833 3829/3829/3829 3828/3828/3828
f 4229/4229/4229 4222/4222/4222 3834/3834/3834
f 4223/4223/4223 4224/4224/4224 4229/4229/4229
f 3834/3834/3834 4223/4223/4223 4229/4229/4229
f 4226/4226/4226 4224/4224/4224 4223/4223/4223
f 3830/3830/3830 4213/4213/4213 4226/4226/4226
f 4223/4223/4223 3830/3830/3830 4226/4226/4226
f 4224/4224/4224 4226/4226/4226 4227/4227/4227
f 4226/4226/4226 4213/4213/4213 4219/4219/4219
f 4222/4222/4222 4229/4229/4229 4230/4230/4230
f 4229/4229/4229 4224/4224/4224 4230/4230/4230
f 4223/4223/4223 3834/3834/3834 3835/3835/3835
f 3831/3831/3831 3830/3830/3830 4223/4223/4223
f 3835/3835/3835 3831/3831/3831 4223/4223/4223
f 3836/3836/3836 3832/3832/3832 3835/3835/3835
f 3837/3837/3837 3833/3833/3833 3836/3836/3836
f 4238/4238/4238 4231/4231/4231 3838/3838/3838
f 4232/4232/4232 4233/4233/4233 4238/4238/4238
f 3838/3838/3838 4232/4232/4232 4238/4238/4238
f 4235/4235/4235 4233/4233/4233 4232/4232/4232
f 3834/3834/3834 4222/4222/4222 4235/4235/4235
f 4232/4232/4232 3834/3834/3834 4235/4235/4235
f 4233/4233/4233 4235/4235/4235 4234/4234/4234
f 4235/4235/4235 4222/4222/4222 4236/4236/4236
f 4231/4231/4231 4238/4238/4238 4239/4239/4239
f 4238/4238/4238 4233/4233/4233 4234/4234/4234
f 4232/4232/4232 3838/3838/3838 3839/3839/3839
f 3835/3835/3835 3834/3834/3834 4232/4232/4232
f 3839/3839/3839 3835/3835/3835 4232/4232/4232
f 3840/3840/3840 3836/3836/3836 3839/3839/3839
f 3841/3841/3841 3837/3837/3837 3840/3840/3840
f 4247/4247/4247 4240/4240/4240 3842/3842/3842
f 4241/4241/4241 4242/4242/4242 4247/4247/4247
f 3842/3842/3842 4241/4241/4241 4247/4247/4247
f 4244/4244/4244 4242/4242/4242 4241/4241/4241
f 3838/3838/3838 4231/4231/4231 4244/4244/4244
f 4241/4241/4241 3838/3838/3838 4244/4244/4244
f 4242/4242/4242 4244/4244/4244 4243/4243/4243
f 4244/4244/4244 4231/4231/4231 4237/4237/4237
f 4240/4240/4240 4247/4247/4247 4246/4246/4246
f 4247/4247/4247 4242/4242/4242 4248/4248/4248
f 4241/4241/4241 3842/3842/3842 3843/3843/3843
f 3839/3839/3839 3838/3838/3838 4241/4241/4241
f 3843/3843/3843 3839/3839/3839 4241/4241/4241
f 3844/3844/3844 3840/3840/3840 3843/3843/3843
f 3845/3845/3845 3841/3841/3841 3840/3840/3840
f 4256/4256/4256 4249/4249/4249 3846/3846/3846
f 4250/4250/4250 4251/4251/4251 4256/4256/4256
f 3846/3846/3846 4250/4250/4250 4256/4256/4256
f 4253/4253/4253 4251/4251/4251 4250/4250/4250
f 3842/3842/3842 4240/4240/4240 4253/4253/4253
f 4250/4250/4250 3842/3842/3842 4253/4253/4253
f 4251/4251/4251 4253/4253/4253 4254/4254/4254
f 4253/4253/4253 4240/4240/4240 4254/4254/4254
f 4249/4249/4249 4256/4256/4256 4255/4255/4255
f 4256/4256/4256 4251/4251/4251 4252/4252/4252
f 4250/4250/4250 3846/3846/3846 3847/3847/3847
f 3843/3843/3843 3842/3842/3842 4250/4250/4250
f 3847/3847/3847 3843/3843/3843 4250/4250/4250
f 3848/3848/3848 3844/3844/3844 3847/3847/3847
f 3849/3849/3849 3845/3845/3845 3848/3848/3848
f 4265/4265/4265 4258/4258/4258 3850/3850/3850
f 4259/4259/4259 4260/4260/4260 4265/4265/4265
f 3850/3850/3850 4259/4259/4259 4265/4265/4265
f 4262/4262/4262 4260/4260/4260 4259/4259/4259
f 3846/3846/3846 4249/4249/4249 4262/4262/4262
f 4259/4259/4259 3846/3846/3846 4262/4262/4262
f 4260/4260/4260 4262/4262/4262 4263/4263/4263
f 4262/4262/4262 4249/4249/4249 4263/4263/4263
f 4258/4258/4258 4265/4265/4265 4266/4266/4266
f 4265/4265/4265 4260/4260/4260 4266/4266/4266
f 4259/4259/4259 3850/3850/3850 3851/3851/3851
f 3847/3847/3847 3846/3846/3846 4259/4259/4259
f 3851/3851/3851 3847/3847/3847 4259/4259/4259
f 3852/3852/3852 3848/3848/3848 3851/3851/3851
f 3853/3853/3853 3849/3849/3849 3852/3852/3852
f 4274/4274/4274 4267/4267/4267 3854/3854/3854
f 4268/4268/4268 4269/4269/4269 4274/4274/4274
f 3854/3854/3854 4268/4268/4268 4274/4274/4274
f 4271/4271/4271 4269/4269/4269 4268/4268/4268
f 3850/3850/3850 4258/4258/4258 4271/4271/4271
f 4268/4268/4268 3850/3850/3850 4271/4271/4271
f 4269/4269/4269 4271/4271/4271 4270/4270/4270
f 4271/4271/4271 4258/4258/4258 4264/4264/4264
f 4267/4267/4267 4274/4274/4274 4275/4275/4275
f 4274/4274/4274 4269/4269/4269 4275/4275/4275
f 4268/4268/4268 3854/3854/3854 3855/3855/3855
f 3851/3851/3851 3850/3850/3850 4268/4268/4268
f 3855/3855/3855 3851/3851/3851 4268/4268/4268
f 3856/3856/3856 3852/3852/3852 3851/3851/3851
f 3857/3857/3857 3853/3853/3853 3856/3856/3856
f 4283/4283/4283 4276/4276/4276 3858/3858/3858
f 4277/4277/4277 4278/4278/4278 4283/4283/4283
f 3858/3858/3858 4277/4277/4277 4283/4283/4283
f 4280/4280/4280 4278/4278/4278 4277/4277/4277
f 3854/3854/3854 4267/4267/4267 4280/4280/4280
f 4277/4277/4277 3854/3854/3854 4280/4280/4280
f 4278/4278/4278 4280/4280/4280 4281/4281/4281
f 4280/4280/4280 4267/4267/4267 4273/4273/4273
f 4276/4276/4276 4283/4283/4283 4284/4284/4284
f 4283/4283/4283 4278/4278/4278 4279/4279/4279
f 4277/4277/4277 3858/3858/3858 3859/3859/3859
f 3855/3855/3855 3854/3854/3854 4277/4277/4277
f 3859/3859/3859 3855/3855/3855 4277/4277/4277
f 3860/3860/3860 3856/3856/3856 3855/3855/3855
f 3861/3861/3861 3857/3857/3857 3860/3860/3860
f 4291/4291/4291 4136/4136/4136 3862/3862/3862
f 4285/4285/4285 4286/4286/4286 4291/4291/4291
f 3862/3862/3862 4285/4285/4285 4291/4291/4291
f 4288/4288/4288 4286/4286/4286 4285/4285/4285
f 3858/3858/3858 4276/4276/4276 4288/4288/4288
f 4285/4285/4285 3858/3858/3858 4288/4288/4288
f 4286/4286/4286 4288/4288/4288 4287/4287/4287
f 4288/4288/4288 4276/4276/4276 4289/4289/4289
f 4136/4136/4136 4291/4291/4291 4290/4290/4290
f 4291/4291/4291 4286/4286/4286 4292/4292/4292
f 4285/4285/4285 3862/3862/3862 3863/3863/3863
f 3859/3859/3859 3858/3858/3858 4285/4285/4285
f 3863/3863/3863 3859/3859/3859 4285/4285/4285
f 3864/3864/3864 3860/3860/3860 3863/3863/3863
f 3865/3865/3865 3861/3861/3861 3860/3860/3860
f 4297/4297/4297 4134/4134/4134 3867/3867/3867
f 4135/4135/4135 4137/4137/4137 4297/4297/4297
f 3867/3867/3867 4135/4135/4135 4297/4297/4297
f 4294/4294/4294 4137/4137/4137 4135/4135/4135
f 3862/3862/3862 4136/4136/4136 4294/4294/4294
f 4135/4135/4135 3862/3862/3862 4294/4294/4294
f 4137/4137/4137 4294/4294/4294 4293/4293/4293
f 4294/4294/4294 4136/4136/4136 4295/4295/4295
f 4134/4134/4134 4297/4297/4297 4298/4298/4298
f 4297/4297/4297 4137/4137/4137 4298/4298/4298
f 4135/4135/4135 3867/3867/3867 3868/3868/3868
f 3863/3863/3863 3862/3862/3862 4135/4135/4135
f 3868/3868/3868 3863/3863/3863 4135/4135/4135
f 3869/3869/3869 3864/3864/3864 3868/3868/3868
f 3870/3870/3870 3865/3865/3865 3869/3869/3869
f 4132/4132/4132 3789/3789/3789 3871/3871/3871
f 4133/4133/4133 3872/3872/3872 3873/3873/3873
f 4133/4133/4133 3873/3873/3873 3874/3874/3874
f 4132/4132/4132 3871/3871/3871 3872/3872/3872
f 4130/4130/4130 3875/3875/3875 3876/3876/3876
f 4130/4130/4130 3877/3877/3877 3878/3878/3878
f 4130/4130/4130 3878/3878/3878 3879/3879/3879
f 4130/4130/4130 3876/3876/3876 3877/3877/3877
f 4133/4133/4133 3874/3874/3874 3875/3875/3875
f 4140/4140/4140 3880/3880/3880 3881/3881/3881
f 4138/4138/4138 3882/3882/3882 3883/3883/3883
f 4138/4138/4138 3883/3883/3883 3884/3884/3884
f 4140/4140/4140 3881/3881/3881 3882/3882/3882
f 4138/4138/4138 3885/3885/3885 3886/3886/3886
f 4146/4146/4146 3887/3887/3887 3888/3888/3888
f 4146/4146/4146 3888/3888/3888 3889/3889/3889
f 4146/4146/4146 3886/3886/3886 3887/3887/3887
f 4138/4138/4138 3884/3884/3884 3885/3885/3885
f 4140/4140/4140 3879/3879/3879 3880/3880/3880
f 4144/4144/4144 3890/3890/3890 3891/3891/3891
f 4149/4149/4149 3892/3892/3892 3893/3893/3893
f 4149/4149/4149 3893/3893/3893 3894/3894/3894
f 4144/4144/4144 3891/3891/3891 3892/3892/3892
f 4149/4149/4149 3895/3895/3895 3896/3896/3896
f 4147/4147/4147 3897/3897/3897 3898/3898/3898
f 4147/4147/4147 3898/3898/3898 3899/3899/3899
f 4147/4147/4147 3896/3896/3896 3897/3897/3897
f 4149/4149/4149 3894/3894/3894 3895/3895/3895
f 4155/4155/4155 3900/3900/3900 3901/3901/3901
f 4153/4153/4153 3902/3902/3902 3903/3903/3903
f 4153/4153/4153 3903/3903/3903 3904/3904/3904
f 4155/4155/4155 3901/3901/3901 3902/3902/3902
f 4153/4153/4153 3905/3905/3905 3906/3906/3906
f 4158/4158/4158 3906/3906/3906 3907/3907/3907
f 4158/4158/4158 3908/3908/3908 3909/3909/3909
f 4156/4156/4156 3909/3909/3909 3910/3910/3910
f 4158/4158/4158 3907/3907/3907 3908/3908/3908
f 4153/4153/4153 3904/3904/3904 3905/3905/3905
f 4155/4155/4155 3899/3899/3899 3900/3900/3900
f 4144/4144/4144 3889/3889/3889 3890/3890/3890
f 4156/4156/4156 3911/3911/3911 3912/3912/3912
f 4164/4164/4164 3913/3913/3913 3914/3914/3914
f 4164/4164/4164 3914/3914/3914 3915/3915/3915
f 4164/4164/4164 3912/3912/3912 3913/3913/3913
f 4162/4162/4162 3916/3916/3916 3917/3917/3917
f 4162/4162/4162 3918/3918/3918 3919/3919/3919
f 4167/4167/4167 3919/3919/3919 3920/3920/3920
f 4162/4162/4162 3917/3917/3917 3918/3918/3918
f 4164/4164/4164 3915/3915/3915 3916/3916/3916
f 4167/4167/4167 3921/3921/3921 3922/3922/3922
f 4165/4165/4165 3923/3923/3923 3924/3924/3924
f 4165/4165/4165 3924/3924/3924 3925/3925/3925
f 4165/4165/4165 3922/3922/3922 3923/3923/3923
f 4173/4173/4173 3926/3926/3926 3927/3927/3927
f 4173/4173/4173 3927/3927/3927 3928/3928/3928
f 4171/4171/4171 3929/3929/3929 3930/3930/3930
f 4171/4171/4171 3930/3930/3930 3931/3931/3931
f 4173/4173/4173 3928/3928/3928 3929/3929/3929
f 4165/4165/4165 3925/3925/3925 3926/3926/3926
f 4167/4167/4167 3920/3920/3920 3921/3921/3921
f 4171/4171/4171 3932/3932/3932 3933/3933/3933
f 4176/4176/4176 3934/3934/3934 3935/3935/3935
f 4176/4176/4176 3935/3935/3935 3936/3936/3936
f 4176/4176/4176 3933/3933/3933 3934/3934/3934
f 4174/4174/4174 3937/3937/3937 3938/3938/3938
f 4174/4174/4174 3939/3939/3939 3940/3940/3940
f 4182/4182/4182 3940/3940/3940 3941/3941/3941
f 4174/4174/4174 3938/3938/3938 3939/3939/3939
f 4174/4174/4174 3936/3936/3936 3937/3937/3937
f 4182/4182/4182 3942/3942/3942 3943/3943/3943
f 4180/4180/4180 3944/3944/3944 3945/3945/3945
f 4180/4180/4180 3945/3945/3945 3946/3946/3946
f 4180/4180/4180 3943/3943/3943 3944/3944/3944
f 4185/4185/4185 3947/3947/3947 3948/3948/3948
f 4185/4185/4185 3948/3948/3948 3949/3949/3949
f 4183/4183/4183 3950/3950/3950 3951/3951/3951
f 4183/4183/4183 3951/3951/3951 3952/3952/3952
f 4185/4185/4185 3949/3949/3949 3950/3950/3950
f 4185/4185/4185 3946/3946/3946 3947/3947/3947
f 4182/4182/4182 3941/3941/3941 3942/3942/3942
f 4171/4171/4171 3931/3931/3931 3932/3932/3932
f 4156/4156/4156 3910/3910/3910 3911/3911/3911
f 4133/4133/4133 4132/4132/4132 3872/3872/3872
f 4140/4140/4140 4130/4130/4130 3879/3879/3879
f 3875/3875/3875 4130/4130/4130 4133/4133/4133
f 4147/4147/4147 4149/4149/4149 3896/3896/3896
f 3953/3953/3953 4183/4183/4183 3952/3952/3952
f 4138/4138/4138 4140/4140/4140 3882/3882/3882
f 4144/4144/4144 4146/4146/4146 3889/3889/3889
f 4149/4149/4149 4144/4144/4144 3892/3892/3892
f 4138/4138/4138 3886/3886/3886 4146/4146/4146
f 3954/3954/3954 4191/4191/4191 3953/3953/3953
f 3955/3955/3955 4191/4191/4191 3954/3954/3954
f 3957/3957/3957 4189/4189/4189 3956/3956/3956
f 3958/3958/3958 4189/4189/4189 3957/3957/3957
f 3956/3956/3956 4191/4191/4191 3955/3955/3955
f 3960/3960/3960 4189/4189/4189 3959/3959/3959
f 3961/3961/3961 4194/4194/4194 3960/3960/3960
f 3963/3963/3963 4194/4194/4194 3962/3962/3962
f 3964/3964/3964 4192/4192/4192 3963/3963/3963
f 3962/3962/3962 4194/4194/4194 3961/3961/3961
f 3959/3959/3959 4189/4189/4189 3958/3958/3958
f 3965/3965/3965 4192/4192/4192 3964/3964/3964
f 4155/4155/4155 4147/4147/4147 3899/3899/3899
f 4158/4158/4158 4153/4153/4153 3906/3906/3906
f 4156/4156/4156 4158/4158/4158 3909/3909/3909
f 4155/4155/4155 3902/3902/3902 4153/4153/4153
f 4162/4162/4162 4164/4164/4164 3916/3916/3916
f 4165/4165/4165 4167/4167/4167 3922/3922/3922
f 4173/4173/4173 4165/4165/4165 3926/3926/3926
f 4162/4162/4162 3919/3919/3919 4167/4167/4167
f 4156/4156/4156 3912/3912/3912 4164/4164/4164
f 4176/4176/4176 4171/4171/4171 3933/3933/3933
f 4182/4182/4182 4174/4174/4174 3940/3940/3940
f 4180/4180/4180 4182/4182/4182 3943/3943/3943
f 4176/4176/4176 3936/3936/3936 4174/4174/4174
f 4183/4183/4183 4185/4185/4185 3950/3950/3950
f 3953/3953/3953 4191/4191/4191 4183/4183/4183
f 3960/3960/3960 4194/4194/4194 4189/4189/4189
f 3963/3963/3963 4192/4192/4192 4194/4194/4194
f 4189/4189/4189 4191/4191/4191 3956/3956/3956
f 4180/4180/4180 3946/3946/3946 4185/4185/4185
f 4173/4173/4173 3929/3929/3929 4171/4171/4171
f 4192/4192/4192 3965/3965/3965 3966/3966/3966
f 4200/4200/4200 3966/3966/3966 3967/3967/3967
f 4200/4200/4200 3968/3968/3968 3969/3969/3969
f 4200/4200/4200 3969/3969/3969 3970/3970/3970
f 4200/4200/4200 3967/3967/3967 3968/3968/3968
f 4198/4198/4198 3971/3971/3971 3972/3972/3972
f 4203/4203/4203 3973/3973/3973 3974/3974/3974
f 4203/4203/4203 3974/3974/3974 3975/3975/3975
f 4198/4198/4198 3972/3972/3972 3973/3973/3973
f 4198/4198/4198 3970/3970/3970 3971/3971/3971
f 4201/4201/4201 3976/3976/3976 3977/3977/3977
f 4201/4201/4201 3978/3978/3978 3979/3979/3979
f 4201/4201/4201 3979/3979/3979 3980/3980/3980
f 4201/4201/4201 3977/3977/3977 3978/3978/3978
f 4209/4209/4209 3981/3981/3981 3982/3982/3982
f 4209/4209/4209 3982/3982/3982 3983/3983/3983
f 4207/4207/4207 3984/3984/3984 3985/3985/3985
f 4207/4207/4207 3985/3985/3985 3986/3986/3986
f 4207/4207/4207 3983/3983/3983 3984/3984/3984
f 4209/4209/4209 3980/3980/3980 3981/3981/3981
f 4203/4203/4203 3975/3975/3975 3976/3976/3976
f 4198/4198/4198 4200/4200/4200 3970/3970/3970
f 4198/4198/4198 3973/3973/3973 4203/4203/4203
f 3988/3988/3988 4212/4212/4212 3987/3987/3987
f 3987/3987/3987 4212/4212/4212 3986/3986/3986
f 3989/3989/3989 4212/4212/4212 3988/3988/3988
f 4201/4201/4201 4203/4203/4203 3976/3976/3976
f 4207/4207/4207 4209/4209/4209 3983/3983/3983
f 4212/4212/4212 4207/4207/4207 3986/3986/3986
f 4201/4201/4201 3980/3980/3980 4209/4209/4209
f 4212/4212/4212 3989/3989/3989 3990/3990/3990
f 4210/4210/4210 3990/3990/3990 3991/3991/3991
f 4210/4210/4210 3992/3992/3992 3993/3993/3993
f 4218/4218/4218 3993/3993/3993 3994/3994/3994
f 4210/4210/4210 3991/3991/3991 3992/3992/3992
f 4210/4210/4210 3993/3993/3993 4218/4218/4218
f 3995/3995/3995 4218/4218/4218 3994/3994/3994
f 3996/3996/3996 4218/4218/4218 3995/3995/3995
f 4218/4218/4218 3996/3996/3996 3997/3997/3997
f 4216/4216/4216 4218/4218/4218 3997/3997/3997
f 3998/3998/3998 4216/4216/4216 3997/3997/3997
f 4212/4212/4212 3990/3990/3990 4210/4210/4210
f 4192/4192/4192 3966/3966/3966 4200/4200/4200
f 4216/4216/4216 3999/3999/3999 4000/4000/4000
f 4221/4221/4221 4001/4001/4001 4002/4002/4002
f 4221/4221/4221 4002/4002/4002 4003/4003/4003
f 4221/4221/4221 4000/4000/4000 4001/4001/4001
f 4219/4219/4219 4004/4004/4004 4005/4005/4005
f 4219/4219/4219 4006/4006/4006 4007/4007/4007
f 4227/4227/4227 4007/4007/4007 4008/4008/4008
f 4219/4219/4219 4005/4005/4005 4006/4006/4006
f 4219/4219/4219 4003/4003/4003 4004/4004/4004
f 4227/4227/4227 4009/4009/4009 4010/4010/4010
f 4225/4225/4225 4011/4011/4011 4012/4012/4012
f 4225/4225/4225 4012/4012/4012 4013/4013/4013
f 4225/4225/4225 4010/4010/4010 4011/4011/4011
f 4230/4230/4230 4014/4014/4014 4015/4015/4015
f 4228/4228/4228 4016/4016/4016 4017/4017/4017
f 4228/4228/4228 4017/4017/4017 4018/4018/4018
f 4230/4230/4230 4015/4015/4015 4016/4016/4016
f 4230/4230/4230 4013/4013/4013 4014/4014/4014
f 4227/4227/4227 4008/4008/4008 4009/4009/4009
f 4228/4228/4228 4019/4019/4019 4020/4020/4020
f 4236/4236/4236 4021/4021/4021 4022/4022/4022
f 4236/4236/4236 4022/4022/4022 4023/4023/4023
f 4236/4236/4236 4020/4020/4020 4021/4021/4021
f 4234/4234/4234 4024/4024/4024 4025/4025/4025
f 4239/4239/4239 4026/4026/4026 4027/4027/4027
f 4239/4239/4239 4027/4027/4027 4028/4028/4028
f 4234/4234/4234 4025/4025/4025 4026/4026/4026
f 4234/4234/4234 4023/4023/4023 4024/4024/4024
f 4237/4237/4237 4029/4029/4029 4030/4030/4030
f 4237/4237/4237 4031/4031/4031 4032/4032/4032
f 4237/4237/4237 4032/4032/4032 4033/4033/4033
f 4237/4237/4237 4030/4030/4030 4031/4031/4031
f 4245/4245/4245 4034/4034/4034 4035/4035/4035
f 4245/4245/4245 4035/4035/4035 4036/4036/4036
f 4243/4243/4243 4037/4037/4037 4038/4038/4038
f 4243/4243/4243 4038/4038/4038 4039/4039/4039
f 4243/4243/4243 4036/4036/4036 4037/4037/4037
f 4245/4245/4245 4033/4033/4033 4034/4034/4034
f 4239/4239/4239 4028/4028/4028 4029/4029/4029
f 4228/4228/4228 4018/4018/4018 4019/4019/4019
f 4248/4248/4248 4040/4040/4040 4041/4041/4041
f 4246/4246/4246 4042/4042/4042 4043/4043/4043
f 4246/4246/4246 4043/4043/4043 4044/4044/4044
f 4248/4248/4248 4041/4041/4041 4042/4042/4042
f 4246/4246/4246 4045/4045/4045 4046/4046/4046
f 4254/4254/4254 4047/4047/4047 4048/4048/4048
f 4254/4254/4254 4048/4048/4048 4049/4049/4049
f 4254/4254/4254 4046/4046/4046 4047/4047/4047
f 4246/4246/4246 4044/4044/4044 4045/4045/4045
f 4252/4252/4252 4050/4050/4050 4051/4051/4051
f 4252/4252/4252 4052/4052/4052 4053/4053/4053
f 4257/4257/4257 4053/4053/4053 4054/4054/4054
f 4252/4252/4252 4051/4051/4051 4052/4052/4052
f 4257/4257/4257 4055/4055/4055 4056/4056/4056
f 4255/4255/4255 4056/4056/4056 4057/4057/4057
f 4255/4255/4255 4058/4058/4058 4059/4059/4059
f 4255/4255/4255 4059/4059/4059 4060/4060/4060
f 4255/4255/4255 4057/4057/4057 4058/4058/4058
f 4257/4257/4257 4054/4054/4054 4055/4055/4055
f 4252/4252/4252 4049/4049/4049 4050/4050/4050
f 4263/4263/4263 4061/4061/4061 4062/4062/4062
f 4261/4261/4261 4063/4063/4063 4064/4064/4064
f 4261/4261/4261 4064/4064/4064 4065/4065/4065
f 4263/4263/4263 4062/4062/4062 4063/4063/4063
f 4261/4261/4261 4066/4066/4066 4067/4067/4067
f 4266/4266/4266 4068/4068/4068 4069/4069/4069
f 4266/4266/4266 4069/4069/4069 4070/4070/4070
f 4266/4266/4266 4067/4067/4067 4068/4068/4068
f 4261/4261/4261 4065/4065/4065 4066/4066/4066
f 4264/4264/4264 4071/4071/4071 4072/4072/4072
f 4264/4264/4264 4073/4073/4073 4074/4074/4074
f 4272/4272/4272 4074/4074/4074 4075/4075/4075
f 4264/4264/4264 4072/4072/4072 4073/4073/4073
f 4272/4272/4272 4076/4076/4076 4077/4077/4077
f 4272/4272/4272 4077/4077/4077 4078/4078/4078
f 4270/4270/4270 4079/4079/4079 4080/4080/4080
f 4270/4270/4270 4080/4080/4080 4081/4081/4081
f 4270/4270/4270 4078/4078/4078 4079/4079/4079
f 4272/4272/4272 4075/4075/4075 4076/4076/4076
f 4266/4266/4266 4070/4070/4070 4071/4071/4071
f 4263/4263/4263 4060/4060/4060 4061/4061/4061
f 4248/4248/4248 4039/4039/4039 4040/4040/4040
f 4221/4221/4221 4216/4216/4216 4000/4000/4000
f 4227/4227/4227 4219/4219/4219 4007/4007/4007
f 4003/4003/4003 4219/4219/4219 4221/4221/4221
f 4234/4234/4234 4236/4236/4236 4023/4023/4023
f 4275/4275/4275 4081/4081/4081 4082/4082/4082
f 4225/4225/4225 4227/4227/4227 4010/4010/4010
f 4228/4228/4228 4230/4230/4230 4016/4016/4016
f 4236/4236/4236 4228/4228/4228 4020/4020/4020
f 4225/4225/4225 4013/4013/4013 4230/4230/4230
f 4083/4083/4083 4275/4275/4275 4082/4082/4082
f 4084/4084/4084 4275/4275/4275 4083/4083/4083
f 4086/4086/4086 4273/4273/4273 4085/4085/4085
f 4087/4087/4087 4273/4273/4273 4086/4086/4086
f 4085/4085/4085 4273/4273/4273 4084/4084/4084
f 4089/4089/4089 4281/4281/4281 4088/4088/4088
f 4090/4090/4090 4281/4281/4281 4089/4089/4089
f 4092/4092/4092 4279/4279/4279 4091/4091/4091
f 4093/4093/4093 4279/4279/4279 4092/4092/4092
f 4091/4091/4091 4281/4281/4281 4090/4090/4090
f 4088/4088/4088 4273/4273/4273 4087/4087/4087
f 4094/4094/4094 4279/4279/4279 4093/4093/4093
f 4239/4239/4239 4234/4234/4234 4026/4026/4026
f 4245/4245/4245 4237/4237/4237 4033/4033/4033
f 4243/4243/4243 4245/4245/4245 4036/4036/4036
f 4239/4239/4239 4029/4029/4029 4237/4237/4237
f 4246/4246/4246 4248/4248/4248 4042/4042/4042
f 4252/4252/4252 4254/4254/4254 4049/4049/4049
f 4257/4257/4257 4252/4252/4252 4053/4053/4053
f 4246/4246/4246 4046/4046/4046 4254/4254/4254
f 4243/4243/4243 4039/4039/4039 4248/4248/4248
f 4263/4263/4263 4255/4255/4255 4060/4060/4060
f 4266/4266/4266 4261/4261/4261 4067/4067/4067
f 4264/4264/4264 4266/4266/4266 4071/4071/4071
f 4263/4263/4263 4063/4063/4063 4261/4261/4261
f 4270/4270/4270 4272/4272/4272 4078/4078/4078
f 4275/4275/4275 4270/4270/4270 4081/4081/4081
f 4088/4088/4088 4281/4281/4281 4273/4273/4273
f 4091/4091/4091 4279/4279/4279 4281/4281/4281
f 4273/4273/4273 4275/4275/4275 4084/4084/4084
f 4264/4264/4264 4074/4074/4074 4272/4272/4272
f 4257/4257/4257 4056/4056/4056 4255/4255/4255
f 4284/4284/4284 4279/4279/4279 4094/4094/4094
f 4284/4284/4284 4095/4095/4095 4096/4096/4096
f 4284/4284/4284 4097/4097/4097 4098/4098/4098
f 4282/4282/4282 4098/4098/4098 4099/4099/4099
f 4284/4284/4284 4096/4096/4096 4097/4097/4097
f 4282/4282/4282 4100/4100/4100 4101/4101/4101
f 4289/4289/4289 4102/4102/4102 4103/4103/4103
f 4289/4289/4289 4103/4103/4103 4104/4104/4104
f 4289/4289/4289 4101/4101/4101 4102/4102/4102
f 4282/4282/4282 4099/4099/4099 4100/4100/4100
f 4287/4287/4287 4105/4105/4105 4106/4106/4106
f 4287/4287/4287 4107/4107/4107 4108/4108/4108
f 4292/4292/4292 4108/4108/4108 4109/4109/4109
f 4287/4287/4287 4106/4106/4106 4107/4107/4107
f 4292/4292/4292 4110/4110/4110 4111/4111/4111
f 4290/4290/4290 4111/4111/4111 4112/4112/4112
f 4290/4290/4290 4113/4113/4113 4114/4114/4114
f 4295/4295/4295 4114/4114/4114 4115/4115/4115
f 4290/4290/4290 4112/4112/4112 4113/4113/4113
f 4292/4292/4292 4109/4109/4109 4110/4110/4110
f 4287/4287/4287 4104/4104/4104 4105/4105/4105
f 4282/4282/4282 4284/4284/4284 4098/4098/4098
f 4282/4282/4282 4101/4101/4101 4289/4289/4289
f 4117/4117/4117 4295/4295/4295 4116/4116/4116
f 4116/4116/4116 4295/4295/4295 4115/4115/4115
f 4118/4118/4118 4295/4295/4295 4117/4117/4117
f 4287/4287/4287 4289/4289/4289 4104/4104/4104
f 4290/4290/4290 4292/4292/4292 4111/4111/4111
f 4295/4295/4295 4290/4290/4290 4114/4114/4114
f 4287/4287/4287 4108/4108/4108 4292/4292/4292
f 4295/4295/4295 4118/4118/4118 4293/4293/4293
f 4293/4293/4293 4119/4119/4119 4120/4120/4120
f 4298/4298/4298 4121/4121/4121 4122/4122/4122
f 4298/4298/4298 4122/4122/4122 4123/4123/4123
f 4293/4293/4293 4120/4120/4120 4121/4121/4121
f 4293/4293/4293 4121/4121/4121 4298/4298/4298
f 4124/4124/4124 4298/4298/4298 4123/4123/4123
f 4296/4296/4296 4298/4298/4298 4124/4124/4124
f 4296/4296/4296 4125/4125/4125 3866/3866/3866
f 4118/4118/4118 4119/4119/4119 4293/4293/4293
f 3998/3998/3998 3999/3999/3999 4216/4216/4216
f 642/642/642 3/3/3 643/643/643
f 644/644/644 643/643/643 6/6/6
f 6/6/6 5/5/5 7/7/7
f 8/8/8 7/7/7 9/9/9
f 10/10/10 9/9/9 11/11/11
f 12/12/12 11/11/11 13/13/13
f 14/14/14 13/13/13 15/15/15
f 16/16/16 15/15/15 17/17/17
f 18/18/18 17/17/17 19/19/19
f 22/22/22 19/19/19 21/21/21
f 22/22/22 21/21/21 23/23/23
f 24/24/24 23/23/23 25/25/25
f 26/26/26 25/25/25 27/27/27
f 28/28/28 27/27/27 29/29/29
f 32/32/32 29/29/29 31/31/31
f 32/32/32 31/31/31 33/33/33
f 34/34/34 33/33/33 35/35/35
f 36/36/36 35/35/35 37/37/37
f 38/38/38 37/37/37 39/39/39
f 40/40/40 39/39/39 41/41/41
f 42/42/42 41/41/41 43/43/43
f 44/44/44 43/43/43 45/45/45
f 48/48/48 45/45/45 47/47/47
f 50/50/50 47/47/47 49/49/49
f 52/52/52 49/49/49 51/51/51
f 52/52/52 51/51/51 53/53/53
f 54/54/54 53/53/53 55/55/55
f 56/56/56 55/55/55 57/57/57
f 60/60/60 57/57/57 59/59/59
f 62/62/62 59/59/59 61/61/61
f 62/62/62 61/61/61 63/63/63
f 64/64/64 63/63/63 65/65/65
f 66/66/66 65/65/65 67/67/67
f 68/68/68 67/67/67 69/69/69
f 70/70/70 69/69/69 71/71/71
f 72/72/72 71/71/71 73/73/73
f 74/74/74 73/73/73 75/75/75
f 76/76/76 75/75/75 77/77/77
f 78/78/78 77/77/77 79/79/79
f 80/80/80 79/79/79 81/81/81
f 82/82/82 81/81/81 83/83/83
f 84/84/84 83/83/83 85/85/85
f 86/86/86 85/85/85 87/87/87
f 88/88/88 87/87/87 89/89/89
f 90/90/90 89/89/89 91/91/91
f 92/92/92 91/91/91 93/93/93
f 96/96/96 93/93/93 95/95/95
f 96/96/96 95/95/95 97/97/97
f 98/98/98 97/97/97 99/99/99
f 100/100/100 99/99/99 101/101/101
f 102/102/102 101/101/101 103/103/103
f 104/104/104 103/103/103 105/105/105
f 106/106/106 105/105/105 107/107/107
f 108/108/108 107/107/107 109/109/109
f 112/112/112 109/109/109 111/111/111
f 112/112/112 111/111/111 113/113/113
f 114/114/114 113/113/113 115/115/115
f 116/116/116 115/115/115 117/117/117
f 118/118/118 117/117/117 119/119/119
f 120/120/120 119/119/119 121/121/121
f 122/122/122 121/121/121 123/123/123
f 124/124/124 123/123/123 125/125/125
f 126/126/126 125/125/125 127/127/127
f 130/130/130 127/127/127 129/129/129
f 132/132/132 129/129/129 131/131/131
f 132/132/132 131/131/131 133/133/133
f 134/134/134 133/133/133 135/135/135
f 136/136/136 135/135/135 137/137/137
f 138/138/138 137/137/137 139/139/139
f 140/140/140 139/139/139 141/141/141
f 142/142/142 141/141/141 143/143/143
f 144/144/144 143/143/143 145/145/145
f 146/146/146 145/145/145 147/147/147
f 148/148/148 147/147/147 149/149/149
f 150/150/150 149/149/149 151/151/151
f 152/152/152 151/151/151 153/153/153
f 154/154/154 153/153/153 155/155/155
f 156/156/156 155/155/155 157/157/157
f 158/158/158 157/157/157 159/159/159
f 160/160/160 159/159/159 161/161/161
f 162/162/162 161/161/161 163/163/163
f 164/164/164 163/163/163 165/165/165
f 166/166/166 165/165/165 167/167/167
f 168/168/168 167/167/167 169/169/169
f 170/170/170 169/169/169 171/171/171
f 172/172/172 171/171/171 173/173/173
f 176/176/176 173/173/173 175/175/175
f 176/176/176 175/175/175 177/177/177
f 178/178/178 177/177/177 179/179/179
f 180/180/180 179/179/179 181/181/181
f 182/182/182 181/181/181 183/183/183
f 184/184/184 183/183/183 185/185/185
f 186/186/186 185/185/185 187/187/187
f 188/188/188 187/187/187 189/189/189
f 190/190/190 189/189/189 191/191/191
f 194/194/194 191/191/191 193/193/193
f 196/196/196 193/193/193 195/195/195
f 196/196/196 195/195/195 197/197/197
f 198/198/198 197/197/197 199/199/199
f 200/200/200 199/199/199 201/201/201
f 202/202/202 201/201/201 203/203/203
f 206/206/206 203/203/203 205/205/205
f 208/208/208 205/205/205 207/207/207
f 208/208/208 207/207/207 209/209/209
f 210/210/210 209/209/209 211/211/211
f 212/212/212 211/211/211 213/213/213
f 214/214/214 213/213/213 215/215/215
f 216/216/216 215/215/215 217/217/217
f 220/220/220 217/217/217 219/219/219
f 220/220/220 219/219/219 221/221/221
f 222/222/222 221/221/221 223/223/223
f 224/224/224 223/223/223 225/225/225
f 226/226/226 225/225/225 227/227/227
f 228/228/228 227/227/227 229/229/229
f 230/230/230 229/229/229 231/231/231
f 232/232/232 231/231/231 233/233/233
f 234/234/234 233/233/233 235/235/235
f 236/236/236 235/235/235 237/237/237
f 238/238/238 237/237/237 239/239/239
f 240/240/240 239/239/239 241/241/241
f 242/242/242 241/241/241 243/243/243
f 244/244/244 243/243/243 245/245/245
f 246/246/246 245/245/245 247/247/247
f 250/250/250 247/247/247 249/249/249
f 250/250/250 249/249/249 251/251/251
f 252/252/252 251/251/251 253/253/253
f 254/254/254 253/253/253 255/255/255
f 258/258/258 255/255/255 257/257/257
f 258/258/258 257/257/257 259/259/259
f 260/260/260 259/259/259 261/261/261
f 262/262/262 261/261/261 263/263/263
f 264/264/264 263/263/263 265/265/265
f 268/268/268 265/265/265 267/267/267
f 268/268/268 267/267/267 269/269/269
f 270/270/270 269/269/269 271/271/271
f 272/272/272 271/271/271 273/273/273
f 276/276/276 273/273/273 275/275/275
f 278/278/278 275/275/275 277/277/277
f 278/278/278 277/277/277 279/279/279
f 280/280/280 279/279/279 281/281/281
f 282/282/282 281/281/281 283/283/283
f 284/284/284 283/283/283 285/285/285
f 286/286/286 285/285/285 287/287/287
f 288/288/288 287/287/287 289/289/289
f 292/292/292 289/289/289 291/291/291
f 292/292/292 291/291/291 293/293/293
f 294/294/294 293/293/293 295/295/295
f 296/296/296 295/295/295 297/297/297
f 298/298/298 297/297/297 299/299/299
f 300/300/300 299/299/299 301/301/301
f 302/302/302 301/301/301 303/303/303
f 304/304/304 303/303/303 305/305/305
f 306/306/306 305/305/305 307/307/307
f 308/308/308 307/307/307 309/309/309
f 310/310/310 309/309/309 311/311/311
f 901/901/901 312/312/312 902/902/902
f 900/900/900 902/902/902 315/315/315
f 648/648/648 9/9/9 7/7/7
f 653/653/653 15/15/15 13/13/13
f 659/659/659 21/21/21 19/19/19
f 664/664/664 27/27/27 25/25/25
f 668/668/668 33/33/33 31/31/31
f 673/673/673 39/39/39 37/37/37
f 677/677/677 43/43/43 41/41/41
f 681/681/681 49/49/49 47/47/47
f 686/686/686 55/55/55 53/53/53
f 690/690/690 59/59/59 57/57/57
f 695/695/695 65/65/65 63/63/63
f 10/10/10 634/634/634 635/635/635
f 12/12/12 631/631/631 632/632/632
f 16/16/16 627/627/627 628/628/628
f 14/14/14 628/628/628 629/629/629
f 12/12/12 632/632/632 633/633/633
f 22/22/22 622/622/622 623/623/623
f 24/24/24 618/618/618 619/619/619
f 30/30/30 613/613/613 614/614/614
f 28/28/28 615/615/615 616/616/616
f 24/24/24 619/619/619 620/620/620
f 18/18/18 624/624/624 625/625/625
f 34/34/34 607/607/607 608/608/608
f 40/40/40 602/602/602 603/603/603
f 36/36/36 605/605/605 606/606/606
f 34/34/34 609/609/609 610/610/610
f 73/73/73 701/701/701 702/702/702
f 71/71/71 699/699/699 700/700/700
f 30/30/30 611/611/611 612/612/612
f 73/73/73 702/702/702 703/703/703
f 708/708/708 81/81/81 79/79/79
f 705/705/705 77/77/77 75/75/75
f 715/715/715 89/89/89 87/87/87
f 720/720/720 95/95/95 93/93/93
f 725/725/725 101/101/101 99/99/99
f 734/734/734 113/113/113 111/111/111
f 743/743/743 123/123/123 121/121/121
f 739/739/739 119/119/119 117/117/117
f 748/748/748 129/129/129 127/127/127
f 752/752/752 135/135/135 133/133/133
f 730/730/730 107/107/107 105/105/105
f 761/761/761 145/145/145 143/143/143
f 766/766/766 151/151/151 149/149/149
f 141/141/141 757/757/757 758/758/758
f 644/644/644 639/639/639 640/640/640
f 644/644/644 638/638/638 639/639/639
f 44/44/44 598/598/598 599/599/599
f 46/46/46 594/594/594 595/595/595
f 50/50/50 590/590/590 591/591/591
f 48/48/48 592/592/592 593/593/593
f 44/44/44 596/596/596 597/597/597
f 56/56/56 585/585/585 586/586/586
f 56/56/56 583/583/583 584/584/584
f 60/60/60 579/579/579 580/580/580
f 66/66/66 574/574/574 575/575/575
f 62/62/62 577/577/577 578/578/578
f 60/60/60 581/581/581 582/582/582
f 54/54/54 587/587/587 588/588/588
f 66/66/66 573/573/573 574/574/574
f 70/70/70 570/570/570 571/571/571
f 70/70/70 569/569/569 570/570/570
f 74/74/74 566/566/566 567/567/567
f 78/78/78 562/562/562 563/563/563
f 80/80/80 559/559/559 560/560/560
f 80/80/80 560/560/560 561/561/561
f 76/76/76 564/564/564 565/565/565
f 82/82/82 557/557/557 558/558/558
f 42/42/42 600/600/600 601/601/601
f 556/556/556 84/84/84 86/86/86
f 86/86/86 553/553/553 554/554/554
f 88/88/88 551/551/551 552/552/552
f 90/90/90 549/549/549 550/550/550
f 92/92/92 547/547/547 548/548/548
f 98/98/98 542/542/542 543/543/543
f 94/94/94 545/545/545 546/546/546
f 98/98/98 541/541/541 542/542/542
f 102/102/102 538/538/538 539/539/539
f 104/104/104 534/534/534 535/535/535
f 110/110/110 529/529/529 530/530/530
f 114/114/114 525/525/525 526/526/526
f 110/110/110 528/528/528 529/529/529
f 106/106/106 532/532/532 533/533/533
f 116/116/116 521/521/521 522/522/522
f 118/118/118 519/519/519 520/520/520
f 122/122/122 515/515/515 516/516/516
f 128/128/128 510/510/510 511/511/511
f 126/126/126 512/512/512 513/513/513
f 122/122/122 516/516/516 517/517/517
f 116/116/116 523/523/523 524/524/524
f 130/130/130 506/506/506 507/507/507
f 132/132/132 504/504/504 505/505/505
f 138/138/138 499/499/499 500/500/500
f 140/140/140 496/496/496 497/497/497
f 140/140/140 497/497/497 498/498/498
f 134/134/134 502/502/502 503/503/503
f 146/146/146 491/491/491 492/492/492
f 146/146/146 489/489/489 490/490/490
f 150/150/150 485/485/485 486/486/486
f 154/154/154 481/481/481 482/482/482
f 154/154/154 483/483/483 484/484/484
f 150/150/150 487/487/487 488/488/488
f 142/142/142 493/493/493 494/494/494
f 128/128/128 508/508/508 509/509/509
f 156/156/156 479/479/479 480/480/480
f 772/772/772 159/159/159 157/157/157
f 776/776/776 163/163/163 161/161/161
f 781/781/781 169/169/169 167/167/167
f 787/787/787 177/177/177 175/175/175
f 796/796/796 187/187/187 185/185/185
f 792/792/792 183/183/183 181/181/181
f 801/801/801 193/193/193 191/191/191
f 805/805/805 199/199/199 197/197/197
f 809/809/809 203/203/203 201/201/201
f 818/818/818 215/215/215 213/213/213
f 827/827/827 225/225/225 223/223/223
f 823/823/823 221/221/221 219/219/219
f 814/814/814 209/209/209 207/207/207
f 162/162/162 475/475/475 476/476/476
f 162/162/162 474/474/474 475/475/475
f 168/168/168 469/469/469 470/470/470
f 172/172/172 465/465/465 466/466/466
f 168/168/168 467/467/467 468/468/468
f 166/166/166 471/471/471 472/472/472
f 174/174/174 461/461/461 462/462/462
f 176/176/176 459/459/459 460/460/460
f 180/180/180 455/455/455 456/456/456
f 184/184/184 451/451/451 452/452/452
f 184/184/184 452/452/452 453/453/453
f 178/178/178 457/457/457 458/458/458
f 172/172/172 463/463/463 464/464/464
f 190/190/190 446/446/446 447/447/447
f 192/192/192 442/442/442 443/443/443
f 190/190/190 444/444/444 445/445/445
f 229/229/229 830/830/830 831/831/831
f 186/186/186 448/448/448 449/449/449
f 160/160/160 477/477/477 478/478/478
f 837/837/837 237/237/237 235/235/235
f 833/833/833 233/233/233 231/231/231
f 843/843/843 245/245/245 243/243/243
f 848/848/848 251/251/251 249/249/249
f 853/853/853 257/257/257 255/255/255
f 862/862/862 267/267/267 265/265/265
f 867/867/867 273/273/273 271/271/271
f 871/871/871 279/279/279 277/277/277
f 876/876/876 285/285/285 283/283/283
f 885/885/885 295/295/295 293/293/293
f 880/880/880 289/289/289 287/287/287
f 858/858/858 263/263/263 261/261/261
f 889/889/889 301/301/301 299/299/299
f 894/894/894 307/307/307 305/305/305
f 899/899/899 314/314/314 311/311/311
f 297/297/297 886/886/886 887/887/887
f 196/196/196 438/438/438 439/439/439
f 202/202/202 433/433/433 434/434/434
f 204/204/204 429/429/429 430/430/430
f 204/204/204 430/430/430 431/431/431
f 198/198/198 435/435/435 436/436/436
f 210/210/210 424/424/424 425/425/425
f 210/210/210 422/422/422 423/423/423
f 214/214/214 418/418/418 419/419/419
f 218/218/218 414/414/414 415/415/415
f 216/216/216 416/416/416 417/417/417
f 214/214/214 420/420/420 421/421/421
f 208/208/208 426/426/426 427/427/427
f 222/222/222 410/410/410 411/411/411
f 224/224/224 408/408/408 409/409/409
f 226/226/226 406/406/406 407/407/407
f 220/220/220 412/412/412 413/413/413
f 230/230/230 403/403/403 404/404/404
f 230/230/230 402/402/402 403/403/403
f 234/234/234 398/398/398 399/399/399
f 238/238/238 394/394/394 395/395/395
f 236/236/236 396/396/396 397/397/397
f 234/234/234 399/399/399 400/400/400
f 242/242/242 392/392/392 393/393/393
f 196/196/196 439/439/439 440/440/440
f 244/244/244 388/388/388 389/389/389
f 248/248/248 385/385/385 386/386/386
f 248/248/248 384/384/384 385/385/385
f 252/252/252 381/381/381 382/382/382
f 256/256/256 377/377/377 378/378/378
f 258/258/258 373/373/373 374/374/374
f 258/258/258 375/375/375 376/376/376
f 252/252/252 380/380/380 381/381/381
f 260/260/260 371/371/371 372/372/372
f 264/264/264 367/367/367 368/368/368
f 268/268/268 364/364/364 365/365/365
f 272/272/272 360/360/360 361/361/361
f 274/274/274 356/356/356 357/357/357
f 272/272/272 358/358/358 359/359/359
f 270/270/270 362/362/362 363/363/363
f 278/278/278 352/352/352 353/353/353
f 280/280/280 349/349/349 350/350/350
f 284/284/284 345/345/345 346/346/346
f 290/290/290 340/340/340 341/341/341
f 286/286/286 343/343/343 344/344/344
f 284/284/284 347/347/347 348/348/348
f 278/278/278 353/353/353 354/354/354
f 294/294/294 336/336/336 337/337/337
f 296/296/296 334/334/334 335/335/335
f 300/300/300 330/330/330 331/331/331
f 304/304/304 326/326/326 327/327/327
f 300/300/300 328/328/328 329/329/329
f 296/296/296 332/332/332 333/333/333
f 306/306/306 322/322/322 323/323/323
f 310/310/310 320/320/320 321/321/321
f 306/306/306 324/324/324 325/325/325
f 290/290/290 339/339/339 340/340/340
f 262/262/262 369/369/369 370/370/370
f 1550/1550/1550 1545/1545/1545 1549/1549/1549
f 1547/1547/1547 1550/1550/1550 1551/1551/1551
f 909/909/909 1546/1546/1546 1547/1547/1547
f 910/910/910 908/908/908 909/909/909
f 912/912/912 910/910/910 911/911/911
f 914/914/914 912/912/912 913/913/913
f 916/916/916 914/914/914 915/915/915
f 918/918/918 916/916/916 917/917/917
f 920/920/920 918/918/918 919/919/919
f 922/922/922 920/920/920 921/921/921
f 925/925/925 922/922/922 923/923/923
f 926/926/926 924/924/924 925/925/925
f 928/928/928 926/926/926 927/927/927
f 930/930/930 928/928/928 929/929/929
f 932/932/932 930/930/930 931/931/931
f 935/935/935 932/932/932 933/933/933
f 936/936/936 934/934/934 935/935/935
f 938/938/938 936/936/936 937/937/937
f 940/940/940 938/938/938 939/939/939
f 942/942/942 940/940/940 941/941/941
f 944/944/944 942/942/942 943/943/943
f 946/946/946 944/944/944 945/945/945
f 948/948/948 946/946/946 947/947/947
f 951/951/951 948/948/948 949/949/949
f 953/953/953 950/950/950 951/951/951
f 955/955/955 952/952/952 953/953/953
f 956/956/956 954/954/954 955/955/955
f 958/958/958 956/956/956 957/957/957
f 960/960/960 958/958/958 959/959/959
f 963/963/963 960/960/960 961/961/961
f 965/965/965 962/962/962 963/963/963
f 966/966/966 964/964/964 965/965/965
f 968/968/968 966/966/966 967/967/967
f 970/970/970 968/968/968 969/969/969
f 972/972/972 970/970/970 971/971/971
f 974/974/974 972/972/972 973/973/973
f 976/976/976 974/974/974 975/975/975
f 978/978/978 976/976/976 977/977/977
f 980/980/980 978/978/978 979/979/979
f 982/982/982 980/980/980 981/981/981
f 984/984/984 982/982/982 983/983/983
f 986/986/986 984/984/984 985/985/985
f 988/988/988 986/986/986 987/987/987
f 990/990/990 988/988/988 989/989/989
f 992/992/992 990/990/990 991/991/991
f 994/994/994 992/992/992 993/993/993
f 996/996/996 994/994/994 995/995/995
f 999/999/999 996/996/996 997/997/997
f 1000/1000/1000 998/998/998 999/999/999
f 1002/1002/1002 1000/1000/1000 1001/1001/1001
f 1004/1004/1004 1002/1002/1002 1003/1003/1003
f 1006/1006/1006 1004/1004/1004 1005/1005/1005
f 1008/1008/1008 1006/1006/1006 1007/1007/1007
f 1010/1010/1010 1008/1008/1008 1009/1009/1009
f 1012/1012/1012 1010/1010/1010 1011/1011/1011
f 1015/1015/1015 1012/1012/1012 1013/1013/1013
f 1016/1016/1016 1014/1014/1014 1015/1015/1015
f 1018/1018/1018 1016/1016/1016 1017/1017/1017
f 1020/1020/1020 1018/1018/1018 1019/1019/1019
f 1022/1022/1022 1020/1020/1020 1021/1021/1021
f 1024/1024/1024 1022/1022/1022 1023/1023/1023
f 1026/1026/1026 1024/1024/1024 1025/1025/1025
f 1028/1028/1028 1026/1026/1026 1027/1027/1027
f 1030/1030/1030 1028/1028/1028 1029/1029/1029
f 1033/1033/1033 1030/1030/1030 1031/1031/1031
f 1035/1035/1035 1032/1032/1032 1033/1033/1033
f 1036/1036/1036 1034/1034/1034 1035/1035/1035
f 1038/1038/1038 1036/1036/1036 1037/1037/1037
f 1040/1040/1040 1038/1038/1038 1039/1039/1039
f 1042/1042/1042 1040/1040/1040 1041/1041/1041
f 1044/1044/1044 1042/1042/1042 1043/1043/1043
f 1046/1046/1046 1044/1044/1044 1045/1045/1045
f 1048/1048/1048 1046/1046/1046 1047/1047/1047
f 1050/1050/1050 1048/1048/1048 1049/1049/1049
f 1052/1052/1052 1050/1050/1050 1051/1051/1051
f 1054/1054/1054 1052/1052/1052 1053/1053/1053
f 1056/1056/1056 1054/1054/1054 1055/1055/1055
f 1058/1058/1058 1056/1056/1056 1057/1057/1057
f 1060/1060/1060 1058/1058/1058 1059/1059/1059
f 1062/1062/1062 1060/1060/1060 1061/1061/1061
f 1064/1064/1064 1062/1062/1062 1063/1063/1063
f 1066/1066/1066 1064/1064/1064 1065/1065/1065
f 1068/1068/1068 1066/1066/1066 1067/1067/1067
f 1070/1070/1070 1068/1068/1068 1069/1069/1069
f 1072/1072/1072 1070/1070/1070 1071/1071/1071
f 1074/1074/1074 1072/1072/1072 1073/1073/1073
f 1076/1076/1076 1074/1074/1074 1075/1075/1075
f 1079/1079/1079 1076/1076/1076 1077/1077/1077
f 1080/1080/1080 1078/1078/1078 1079/1079/1079
f 1082/1082/1082 1080/1080/1080 1081/1081/1081
f 1084/1084/1084 1082/1082/1082 1083/1083/1083
f 1086/1086/1086 1084/1084/1084 1085/1085/1085
f 1088/1088/1088 1086/1086/1086 1087/1087/1087
f 1090/1090/1090 1088/1088/1088 1089/1089/1089
f 1092/1092/1092 1090/1090/1090 1091/1091/1091
f 1094/1094/1094 1092/1092/1092 1093/1093/1093
f 1097/1097/1097 1094/1094/1094 1095/1095/1095
f 1099/1099/1099 1096/1096/1096 1097/1097/1097
f 1100/1100/1100 1098/1098/1098 1099/1099/1099
f 1102/1102/1102 1100/1100/1100 1101/1101/1101
f 1104/1104/1104 1102/1102/1102 1103/1103/1103
f 1106/1106/1106 1104/1104/1104 1105/1105/1105
f 1109/1109/1109 1106/1106/1106 1107/1107/1107
f 1111/1111/1111 1108/1108/1108 1109/1109/1109
f 1112/1112/1112 1110/1110/1110 1111/1111/1111
f 1114/1114/1114 1112/1112/1112 1113/1113/1113
f 1116/1116/1116 1114/1114/1114 1115/1115/1115
f 1118/1118/1118 1116/1116/1116 1117/1117/1117
f 1120/1120/1120 1118/1118/1118 1119/1119/1119
f 1123/1123/1123 1120/1120/1120 1121/1121/1121
f 1124/1124/1124 1122/1122/1122 1123/1123/1123
f 1126/1126/1126 1124/1124/1124 1125/1125/1125
f 1128/1128/1128 1126/1126/1126 1127/1127/1127
f 1130/1130/1130 1128/1128/1128 1129/1129/1129
f 1132/1132/1132 1130/1130/1130 1131/1131/1131
f 1134/1134/1134 1132/1132/1132 1133/1133/1133
f 1136/1136/1136 1134/1134/1134 1135/1135/1135
f 1138/1138/1138 1136/1136/1136 1137/1137/1137
f 1140/1140/1140 1138/1138/1138 1139/1139/1139
f 1142/1142/1142 1140/1140/1140 1141/1141/1141
f 1144/1144/1144 1142/1142/1142 1143/1143/1143
f 1146/1146/1146 1144/1144/1144 1145/1145/1145
f 1148/1148/1148 1146/1146/1146 1147/1147/1147
f 1150/1150/1150 1148/1148/1148 1149/1149/1149
f 1153/1153/1153 1150/1150/1150 1151/1151/1151
f 1154/1154/1154 1152/1152/1152 1153/1153/1153
f 1156/1156/1156 1154/1154/1154 1155/1155/1155
f 1158/1158/1158 1156/1156/1156 1157/1157/1157
f 1161/1161/1161 1158/1158/1158 1159/1159/1159
f 1162/1162/1162 1160/1160/1160 1161/1161/1161
f 1164/1164/1164 1162/1162/1162 1163/1163/1163
f 1166/1166/1166 1164/1164/1164 1165/1165/1165
f 1168/1168/1168 1166/1166/1166 1167/1167/1167
f 1171/1171/1171 1168/1168/1168 1169/1169/1169
f 1172/1172/1172 1170/1170/1170 1171/1171/1171
f 1174/1174/1174 1172/1172/1172 1173/1173/1173
f 1176/1176/1176 1174/1174/1174 1175/1175/1175
f 1179/1179/1179 1176/1176/1176 1177/1177/1177
f 1181/1181/1181 1178/1178/1178 1179/1179/1179
f 1182/1182/1182 1180/1180/1180 1181/1181/1181
f 1184/1184/1184 1182/1182/1182 1183/1183/1183
f 1186/1186/1186 1184/1184/1184 1185/1185/1185
f 1188/1188/1188 1186/1186/1186 1187/1187/1187
f 1190/1190/1190 1188/1188/1188 1189/1189/1189
f 1192/1192/1192 1190/1190/1190 1191/1191/1191
f 1195/1195/1195 1192/1192/1192 1193/1193/1193
f 1196/1196/1196 1194/1194/1194 1195/1195/1195
f 1198/1198/1198 1196/1196/1196 1197/1197/1197
f 1200/1200/1200 1198/1198/1198 1199/1199/1199
f 1202/1202/1202 1200/1200/1200 1201/1201/1201
f 1204/1204/1204 1202/1202/1202 1203/1203/1203
f 1206/1206/1206 1204/1204/1204 1205/1205/1205
f 1208/1208/1208 1206/1206/1206 1207/1207/1207
f 1210/1210/1210 1208/1208/1208 1209/1209/1209
f 1212/1212/1212 1210/1210/1210 1211/1211/1211
f 1214/1214/1214 1212/1212/1212 1213/1213/1213
f 1814/1814/1814 1555/1555/1555 1812/1812/1812
f 1552/1552/1552 1813/1813/1813 1814/1814/1814
f 1554/1554/1554 1215/1215/1215 1553/1553/1553
f 1559/1559/1559 912/912/912 1560/1560/1560
f 1564/1564/1564 918/918/918 1565/1565/1565
f 922/922/922 924/924/924 1570/1570/1570
f 928/928/928 930/930/930 1575/1575/1575
f 1579/1579/1579 936/936/936 1580/1580/1580
f 1584/1584/1584 942/942/942 1585/1585/1585
f 944/944/944 946/946/946 1588/1588/1588
f 1592/1592/1592 952/952/952 1593/1593/1593
f 1597/1597/1597 958/958/958 1598/1598/1598
f 960/960/960 962/962/962 1601/1601/1601
f 966/966/966 968/968/968 1606/1606/1606
f 911/911/911 1538/1538/1538 913/913/913
f 1534/1534/1534 1533/1533/1533 917/917/917
f 1530/1530/1530 1529/1529/1529 921/921/921
f 917/917/917 1532/1532/1532 919/919/919
f 1537/1537/1537 1536/1536/1536 915/915/915
f 1526/1526/1526 1525/1525/1525 925/925/925
f 1522/1522/1522 1521/1521/1521 929/929/929
f 931/931/931 1517/1517/1517 933/933/933
f 1520/1520/1520 1519/1519/1519 931/931/931
f 1524/1524/1524 1523/1523/1523 927/927/927
f 921/921/921 1528/1528/1528 923/923/923
f 935/935/935 1513/1513/1513 937/937/937
f 939/939/939 1509/1509/1509 941/941/941
f 1505/1505/1505 1504/1504/1504 945/945/945
f 941/941/941 1506/1506/1506 943/943/943
f 1511/1511/1511 1510/1510/1510 939/939/939
f 974/974/974 1610/1610/1610 972/972/972
f 976/976/976 1612/1612/1612 974/974/974
f 933/933/933 1515/1515/1515 935/935/935
f 982/982/982 984/984/984 1619/1619/1619
f 978/978/978 980/980/980 1616/1616/1616
f 990/990/990 992/992/992 1626/1626/1626
f 996/996/996 998/998/998 1631/1631/1631
f 1002/1002/1002 1004/1004/1004 1636/1636/1636
f 1645/1645/1645 1016/1016/1016 1646/1646/1646
f 1024/1024/1024 1026/1026/1026 1654/1654/1654
f 1650/1650/1650 1022/1022/1022 1651/1651/1651
f 1030/1030/1030 1032/1032/1032 1659/1659/1659
f 1663/1663/1663 1038/1038/1038 1664/1664/1664
f 1008/1008/1008 1010/1010/1010 1641/1641/1641
f 1046/1046/1046 1048/1048/1048 1672/1672/1672
f 1052/1052/1052 1054/1054/1054 1677/1677/1677
f 1044/1044/1044 1668/1668/1668 1042/1042/1042
f 1548/1548/1548 1551/1551/1551 1543/1543/1543
f 947/947/947 1500/1500/1500 949/949/949
f 951/951/951 1496/1496/1496 953/953/953
f 1492/1492/1492 1491/1491/1491 957/957/957
f 953/953/953 1493/1493/1493 955/955/955
f 1498/1498/1498 1497/1497/1497 951/951/951
f 959/959/959 1487/1487/1487 961/961/961
f 1485/1485/1485 1484/1484/1484 963/963/963
f 1481/1481/1481 1480/1480/1480 967/967/967
f 1477/1477/1477 1476/1476/1476 971/971/971
f 1479/1479/1479 1478/1478/1478 969/969/969
f 1483/1483/1483 1482/1482/1482 965/965/965
f 1489/1489/1489 1488/1488/1488 959/959/959
f 1473/1473/1473 1472/1472/1472 975/975/975
f 975/975/975 1470/1470/1470 977/977/977
f 979/979/979 1466/1466/1466 981/981/981
f 1463/1463/1463 1462/1462/1462 985/985/985
f 1465/1465/1465 1464/1464/1464 983/983/983
f 1469/1469/1469 1468/1468/1468 979/979/979
f 1475/1475/1475 1474/1474/1474 973/973/973
f 1461/1461/1461 1460/1460/1460 987/987/987
f 945/945/945 1502/1502/1502 947/947/947
f 1457/1457/1457 1456/1456/1456 991/991/991
f 991/991/991 1455/1455/1455 993/993/993
f 995/995/995 993/993/993 1453/1453/1453
f 995/995/995 1451/1451/1451 997/997/997
f 1447/1447/1447 1446/1446/1446 1001/1001/1001
f 997/997/997 1448/1448/1448 999/999/999
f 1001/1001/1001 1444/1444/1444 1003/1003/1003
f 1443/1443/1443 1442/1442/1442 1005/1005/1005
f 1434/1434/1434 1433/1433/1433 1013/1013/1013
f 1015/1015/1015 1429/1429/1429 1017/1017/1017
f 1013/1013/1013 1431/1431/1431 1015/1015/1015
f 1436/1436/1436 1435/1435/1435 1011/1011/1011
f 1019/1019/1019 1425/1425/1425 1021/1021/1021
f 1423/1423/1423 1422/1422/1422 1023/1023/1023
f 1419/1419/1419 1418/1418/1418 1027/1027/1027
f 1029/1029/1029 1414/1414/1414 1031/1031/1031
f 1027/1027/1027 1416/1416/1416 1029/1029/1029
f 1421/1421/1421 1420/1420/1420 1025/1025/1025
f 1017/1017/1017 1427/1427/1427 1019/1019/1019
f 1033/1033/1033 1410/1410/1410 1035/1035/1035
f 1408/1408/1408 1407/1407/1407 1037/1037/1037
f 1039/1039/1039 1403/1403/1403 1041/1041/1041
f 1399/1399/1399 1398/1398/1398 1045/1045/1045
f 1402/1402/1402 1401/1401/1401 1043/1043/1043
f 1406/1406/1406 1405/1405/1405 1039/1039/1039
f 1395/1395/1395 1394/1394/1394 1049/1049/1049
f 1049/1049/1049 1393/1393/1393 1051/1051/1051
f 1053/1053/1053 1389/1389/1389 1055/1055/1055
f 1385/1385/1385 1384/1384/1384 1059/1059/1059
f 1055/1055/1055 1387/1387/1387 1057/1057/1057
f 1051/1051/1051 1391/1391/1391 1053/1053/1053
f 1045/1045/1045 1397/1397/1397 1047/1047/1047
f 1412/1412/1412 1411/1411/1411 1033/1033/1033
f 1059/1059/1059 1383/1383/1383 1061/1061/1061
f 1683/1683/1683 1062/1062/1062 1684/1684/1684
f 1064/1064/1064 1066/1066/1066 1687/1687/1687
f 1070/1070/1070 1072/1072/1072 1692/1692/1692
f 1698/1698/1698 1080/1080/1080 1699/1699/1699
f 1088/1088/1088 1090/1090/1090 1707/1707/1707
f 1703/1703/1703 1086/1086/1086 1704/1704/1704
f 1094/1094/1094 1096/1096/1096 1712/1712/1712
f 1716/1716/1716 1102/1102/1102 1717/1717/1717
f 1104/1104/1104 1106/1106/1106 1720/1720/1720
f 1729/1729/1729 1118/1118/1118 1730/1730/1730
f 1126/1126/1126 1128/1128/1128 1738/1738/1738
f 1734/1734/1734 1124/1124/1124 1735/1735/1735
f 1110/1110/1110 1112/1112/1112 1725/1725/1725
f 1380/1380/1380 1379/1379/1379 1065/1065/1065
f 1065/1065/1065 1377/1377/1377 1067/1067/1067
f 1069/1069/1069 1373/1373/1373 1071/1071/1071
f 1073/1073/1073 1369/1369/1369 1075/1075/1075
f 1071/1071/1071 1371/1371/1371 1073/1073/1073
f 1067/1067/1067 1375/1375/1375 1069/1069/1069
f 1077/1077/1077 1365/1365/1365 1079/1079/1079
f 1363/1363/1363 1362/1362/1362 1081/1081/1081
f 1083/1083/1083 1358/1358/1358 1085/1085/1085
f 1354/1354/1354 1353/1353/1353 1089/1089/1089
f 1357/1357/1357 1356/1356/1356 1087/1087/1087
f 1081/1081/1081 1361/1361/1361 1083/1083/1083
f 1075/1075/1075 1367/1367/1367 1077/1077/1077
f 1348/1348/1348 1347/1347/1347 1095/1095/1095
f 1344/1344/1344 1343/1343/1343 1099/1099/1099
f 1095/1095/1095 1345/1345/1345 1097/1097/1097
f 1350/1350/1350 1349/1349/1349 1093/1093/1093
f 1132/1132/1132 1741/1741/1741 1130/1130/1130
f 1089/1089/1089 1352/1352/1352 1091/1091/1091
f 1381/1381/1381 1380/1380/1380 1063/1063/1063
f 1138/1138/1138 1140/1140/1140 1748/1748/1748
f 1744/1744/1744 1136/1136/1136 1745/1745/1745
f 1754/1754/1754 1148/1148/1148 1755/1755/1755
f 1759/1759/1759 1154/1154/1154 1760/1760/1760
f 1764/1764/1764 1160/1160/1160 1765/1765/1765
f 1168/1168/1168 1170/1170/1170 1773/1773/1773
f 1174/1174/1174 1176/1176/1176 1778/1778/1778
f 1782/1782/1782 1182/1182/1182 1783/1783/1783
f 1787/1787/1787 1188/1188/1188 1788/1788/1788
f 1196/1196/1196 1198/1198/1198 1796/1796/1796
f 1190/1190/1190 1192/1192/1192 1791/1791/1791
f 1769/1769/1769 1166/1166/1166 1770/1770/1770
f 1800/1800/1800 1204/1204/1204 1801/1801/1801
f 1805/1805/1805 1210/1210/1210 1806/1806/1806
f 1810/1810/1810 1217/1217/1217 1216/1216/1216
f 1200/1200/1200 1797/1797/1797 1198/1198/1198
f 1101/1101/1101 1339/1339/1339 1103/1103/1103
f 1335/1335/1335 1334/1334/1334 1107/1107/1107
f 1109/1109/1109 1330/1330/1330 1111/1111/1111
f 1333/1333/1333 1332/1332/1332 1109/1109/1109
f 1337/1337/1337 1336/1336/1336 1105/1105/1105
f 1113/1113/1113 1326/1326/1326 1115/1115/1115
f 1115/1115/1115 1324/1324/1324 1117/1117/1117
f 1119/1119/1119 1320/1320/1320 1121/1121/1121
f 1123/1123/1123 1316/1316/1316 1125/1125/1125
f 1318/1318/1318 1317/1317/1317 1123/1123/1123
f 1322/1322/1322 1321/1321/1321 1119/1119/1119
f 1111/1111/1111 1328/1328/1328 1113/1113/1113
f 1312/1312/1312 1311/1311/1311 1129/1129/1129
f 1129/1129/1129 1309/1309/1309 1131/1131/1131
f 1308/1308/1308 1307/1307/1307 1133/1133/1133
f 1125/1125/1125 1313/1313/1313 1127/1127/1127
f 1133/1133/1133 1305/1305/1305 1135/1135/1135
f 1135/1135/1135 1303/1303/1303 1137/1137/1137
f 1300/1300/1300 1299/1299/1299 1141/1141/1141
f 1296/1296/1296 1295/1295/1295 1145/1145/1145
f 1141/1141/1141 1298/1298/1298 1143/1143/1143
f 1302/1302/1302 1301/1301/1301 1139/1139/1139
f 1294/1294/1294 1293/1293/1293 1147/1147/1147
f 1099/1099/1099 1341/1341/1341 1101/1101/1101
f 1290/1290/1290 1289/1289/1289 1151/1151/1151
f 1286/1286/1286 1285/1285/1285 1155/1155/1155
f 1288/1288/1288 1287/1287/1287 1153/1153/1153
f 1284/1284/1284 1283/1283/1283 1157/1157/1157
f 1157/1157/1157 1281/1281/1281 1159/1159/1159
f 1277/1277/1277 1276/1276/1276 1163/1163/1163
f 1163/1163/1163 1275/1275/1275 1165/1165/1165
f 1159/1159/1159 1279/1279/1279 1161/1161/1161
f 1273/1273/1273 1272/1272/1272 1167/1167/1167
f 1167/1167/1167 1271/1271/1271 1169/1169/1169
f 1171/1171/1171 1266/1266/1266 1173/1173/1173
f 1264/1264/1264 1263/1263/1263 1175/1175/1175
f 1260/1260/1260 1259/1259/1259 1179/1179/1179
f 1181/1181/1181 1255/1255/1255 1183/1183/1183
f 1258/1258/1258 1257/1257/1257 1181/1181/1181
f 1175/1175/1175 1262/1262/1262 1177/1177/1177
f 1251/1251/1251 1250/1250/1250 1187/1187/1187
f 1187/1187/1187 1249/1249/1249 1189/1189/1189
f 1245/1245/1245 1244/1244/1244 1193/1193/1193
f 1195/1195/1195 1240/1240/1240 1197/1197/1197
f 1193/1193/1193 1242/1242/1242 1195/1195/1195
f 1247/1247/1247 1246/1246/1246 1191/1191/1191
f 1183/1183/1183 1253/1253/1253 1185/1185/1185
f 1199/1199/1199 1236/1236/1236 1201/1201/1201
f 1201/1201/1201 1234/1234/1234 1203/1203/1203
f 1205/1205/1205 1230/1230/1230 1207/1207/1207
f 1209/1209/1209 1226/1226/1226 1211/1211/1211
f 1228/1228/1228 1227/1227/1227 1209/1209/1209
f 1203/1203/1203 1232/1232/1232 1205/1205/1205
f 1224/1224/1224 1223/1223/1223 1213/1213/1213
f 1197/1197/1197 1238/1238/1238 1199/1199/1199
f 1169/1169/1169 1268/1268/1268 1171/1171/1171
f 2933/2933/2933 2935/2935/2935 2932/2932/2932
f 2941/2941/2941 2943/2943/2943 2940/2940/2940
f 2943/2943/2943 3274/3274/3274 3271/3271/3271
f 2942/2942/2942 3273/3273/3273 3274/3274/3274
f 2949/2949/2949 2950/2950/2950 2948/2948/2948
f 2927/2927/2927 2932/2932/2932 2950/2950/2950
f 2958/2958/2958 2959/2959/2959 2957/2957/2957
f 2924/2924/2924 2948/2948/2948 2959/2959/2959
f 2961/2961/2961 2962/2962/2962 2960/2960/2960
f 2953/2953/2953 2957/2957/2957 2962/2962/2962
f 1817/1817/1817 1816/1816/1816 1822/1822/1822
f 1818/1818/1818 1817/1817/1817 1823/1823/1823
f 1819/1819/1819 1818/1818/1818 1824/1824/1824
f 2588/2588/2588 2585/2585/2585 2587/2587/2587
f 2588/2588/2588 2587/2587/2587 2575/2575/2575
f 2589/2589/2589 2259/2259/2259 2590/2590/2590
f 2586/2586/2586 2590/2590/2590 2585/2585/2585
f 2267/2267/2267 2262/2262/2262 2592/2592/2592
f 2593/2593/2593 2592/2592/2592 2259/2259/2259
f 3276/3276/3276 2276/2276/2276 3277/3277/3277
f 3275/3275/3275 3277/3277/3277 2278/2278/2278
f 2278/2278/2278 2277/2277/2277 2270/2270/2270
f 2270/2270/2270 2269/2269/2269 2262/2262/2262
f 2967/2967/2967 2968/2968/2968 2966/2966/2966
f 2951/2951/2951 2960/2960/2960 2968/2968/2968
f 2963/2963/2963 2971/2971/2971 2969/2969/2969
f 2970/2970/2970 2966/2966/2966 2971/2971/2971
f 2974/2974/2974 2980/2980/2980 2978/2978/2978
f 2979/2979/2979 2969/2969/2969 2980/2980/2980
f 2972/2972/2972 2983/2983/2983 2981/2981/2981
f 2982/2982/2982 2978/2978/2978 2983/2983/2983
f 1829/1829/1829 1822/1822/1822 1828/1828/1828
f 1824/1824/1824 1823/1823/1823 1829/1829/1829
f 1831/1831/1831 1824/1824/1824 1830/1830/1830
f 2571/2571/2571 2568/2568/2568 2570/2570/2570
f 2563/2563/2563 2570/2570/2570 2555/2555/2555
f 2572/2572/2572 2566/2566/2566 2573/2573/2573
f 2569/2569/2569 2573/2573/2573 2568/2568/2568
f 2580/2580/2580 2577/2577/2577 2579/2579/2579
f 2580/2580/2580 2579/2579/2579 2566/2566/2566
f 2581/2581/2581 2575/2575/2575 2582/2582/2582
f 2578/2578/2578 2582/2582/2582 2577/2577/2577
f 2988/2988/2988 2989/2989/2989 2987/2987/2987
f 2972/2972/2972 2981/2981/2981 2989/2989/2989
f 2984/2984/2984 2992/2992/2992 2990/2990/2990
f 2986/2986/2986 2987/2987/2987 2992/2992/2992
f 2995/2995/2995 3001/3001/3001 2999/2999/2999
f 3000/3000/3000 2990/2990/2990 3001/3001/3001
f 2993/2993/2993 3004/3004/3004 3002/3002/3002
f 3003/3003/3003 2999/2999/2999 3004/3004/3004
f 1835/1835/1835 1828/1828/1828 1834/1834/1834
f 1830/1830/1830 1829/1829/1829 1835/1835/1835
f 1831/1831/1831 1830/1830/1830 1836/1836/1836
f 2551/2551/2551 2548/2548/2548 2550/2550/2550
f 2551/2551/2551 2550/2550/2550 2534/2534/2534
f 2554/2554/2554 2546/2546/2546 2553/2553/2553
f 2549/2549/2549 2553/2553/2553 2548/2548/2548
f 2560/2560/2560 2557/2557/2557 2561/2561/2561
f 2552/2552/2552 2561/2561/2561 2546/2546/2546
f 2565/2565/2565 2555/2555/2555 2564/2564/2564
f 2560/2560/2560 2564/2564/2564 2557/2557/2557
f 3009/3009/3009 3010/3010/3010 3008/3008/3008
f 2993/2993/2993 3002/3002/3002 3010/3010/3010
f 3005/3005/3005 3013/3013/3013 3011/3011/3011
f 3007/3007/3007 3008/3008/3008 3013/3013/3013
f 3016/3016/3016 3022/3022/3022 3020/3020/3020
f 3005/3005/3005 3011/3011/3011 3022/3022/3022
f 3024/3024/3024 3025/3025/3025 3023/3023/3023
f 3016/3016/3016 3020/3020/3020 3025/3025/3025
f 1841/1841/1841 1834/1834/1834 1840/1840/1840
f 1836/1836/1836 1835/1835/1835 1841/1841/1841
f 1837/1837/1837 1836/1836/1836 1842/1842/1842
f 2528/2528/2528 2527/2527/2527 2529/2529/2529
f 2530/2530/2530 2529/2529/2529 2513/2513/2513
f 2531/2531/2531 2525/2525/2525 2532/2532/2532
f 2528/2528/2528 2532/2532/2532 2527/2527/2527
f 2542/2542/2542 2536/2536/2536 2541/2541/2541
f 2542/2542/2542 2541/2541/2541 2525/2525/2525
f 2543/2543/2543 2534/2534/2534 2544/2544/2544
f 2540/2540/2540 2544/2544/2544 2536/2536/2536
f 3028/3028/3028 3031/3031/3031 3029/3029/3029
f 3014/3014/3014 3023/3023/3023 3031/3031/3031
f 3033/3033/3033 3034/3034/3034 3032/3032/3032
f 3028/3028/3028 3029/3029/3029 3034/3034/3034
f 3037/3037/3037 3043/3043/3043 3041/3041/3041
f 3042/3042/3042 3032/3032/3032 3043/3043/3043
f 3035/3035/3035 3046/3046/3046 3044/3044/3044
f 3045/3045/3045 3041/3041/3041 3046/3046/3046
f 1841/1841/1841 1840/1840/1840 1846/1846/1846
f 1848/1848/1848 1841/1841/1841 1847/1847/1847
f 1843/1843/1843 1842/1842/1842 1848/1848/1848
f 2507/2507/2507 2506/2506/2506 2508/2508/2508
f 2509/2509/2509 2508/2508/2508 2492/2492/2492
f 2510/2510/2510 2504/2504/2504 2511/2511/2511
f 2512/2512/2512 2511/2511/2511 2506/2506/2506
f 2521/2521/2521 2515/2515/2515 2520/2520/2520
f 2521/2521/2521 2520/2520/2520 2504/2504/2504
f 2524/2524/2524 2513/2513/2513 2523/2523/2523
f 2524/2524/2524 2523/2523/2523 2515/2515/2515
f 3051/3051/3051 3052/3052/3052 3050/3050/3050
f 3051/3051/3051 3044/3044/3044 3052/3052/3052
f 3054/3054/3054 3055/3055/3055 3053/3053/3053
f 3049/3049/3049 3050/3050/3050 3055/3055/3055
f 3063/3063/3063 3064/3064/3064 3062/3062/3062
f 3047/3047/3047 3053/3053/3053 3064/3064/3064
f 3066/3066/3066 3067/3067/3067 3065/3065/3065
f 3058/3058/3058 3062/3062/3062 3067/3067/3067
f 1847/1847/1847 1846/1846/1846 1852/1852/1852
f 1848/1848/1848 1847/1847/1847 1853/1853/1853
f 1855/1855/1855 1848/1848/1848 1854/1854/1854
f 2486/2486/2486 2485/2485/2485 2487/2487/2487
f 2480/2480/2480 2487/2487/2487 2471/2471/2471
f 2489/2489/2489 2483/2483/2483 2490/2490/2490
f 2491/2491/2491 2490/2490/2490 2485/2485/2485
f 2498/2498/2498 2494/2494/2494 2499/2499/2499
f 2489/2489/2489 2499/2499/2499 2483/2483/2483
f 2501/2501/2501 2492/2492/2492 2502/2502/2502
f 2503/2503/2503 2502/2502/2502 2494/2494/2494
f 3072/3072/3072 3073/3073/3073 3071/3071/3071
f 3072/3072/3072 3065/3065/3065 3073/3073/3073
f 3068/3068/3068 3076/3076/3076 3074/3074/3074
f 3070/3070/3070 3071/3071/3071 3076/3076/3076
f 3079/3079/3079 3085/3085/3085 3083/3083/3083
f 3084/3084/3084 3074/3074/3074 3085/3085/3085
f 3077/3077/3077 3088/3088/3088 3086/3086/3086
f 3087/3087/3087 3083/3083/3083 3088/3088/3088
f 1853/1853/1853 1852/1852/1852 1858/1858/1858
f 1854/1854/1854 1853/1853/1853 1859/1859/1859
f 1861/1861/1861 1854/1854/1854 1860/1860/1860
f 2465/2465/2465 2464/2464/2464 2466/2466/2466
f 2467/2467/2467 2466/2466/2466 2450/2450/2450
f 2468/2468/2468 2462/2462/2462 2469/2469/2469
f 2470/2470/2470 2469/2469/2469 2464/2464/2464
f 2477/2477/2477 2473/2473/2473 2478/2478/2478
f 2479/2479/2479 2478/2478/2478 2462/2462/2462
f 2480/2480/2480 2471/2471/2471 2481/2481/2481
f 2482/2482/2482 2481/2481/2481 2473/2473/2473
f 3091/3091/3091 3094/3094/3094 3092/3092/3092
f 3077/3077/3077 3086/3086/3086 3094/3094/3094
f 3096/3096/3096 3097/3097/3097 3095/3095/3095
f 3091/3091/3091 3092/3092/3092 3097/3097/3097
f 3100/3100/3100 3106/3106/3106 3104/3104/3104
f 3089/3089/3089 3095/3095/3095 3106/3106/3106
f 3108/3108/3108 3109/3109/3109 3107/3107/3107
f 3108/3108/3108 3104/3104/3104 3109/3109/3109
f 1859/1859/1859 1858/1858/1858 1864/1864/1864
f 1860/1860/1860 1859/1859/1859 1865/1865/1865
f 1867/1867/1867 1860/1860/1860 1866/1866/1866
f 2446/2446/2446 2443/2443/2443 2445/2445/2445
f 2446/2446/2446 2445/2445/2445 2429/2429/2429
f 2449/2449/2449 2441/2441/2441 2448/2448/2448
f 2449/2449/2449 2448/2448/2448 2443/2443/2443
f 2458/2458/2458 2452/2452/2452 2457/2457/2457
f 2458/2458/2458 2457/2457/2457 2441/2441/2441
f 2459/2459/2459 2450/2450/2450 2460/2460/2460
f 2456/2456/2456 2460/2460/2460 2452/2452/2452
f 3112/3112/3112 3115/3115/3115 3113/3113/3113
f 3098/3098/3098 3107/3107/3107 3115/3115/3115
f 3117/3117/3117 3118/3118/3118 3116/3116/3116
f 3112/3112/3112 3113/3113/3113 3118/3118/3118
f 3121/3121/3121 3127/3127/3127 3125/3125/3125
f 3126/3126/3126 3116/3116/3116 3127/3127/3127
f 3119/3119/3119 3130/3130/3130 3128/3128/3128
f 3129/3129/3129 3125/3125/3125 3130/3130/3130
f 1865/1865/1865 1864/1864/1864 1870/1870/1870
f 1872/1872/1872 1865/1865/1865 1871/1871/1871
f 1867/1867/1867 1866/1866/1866 1872/1872/1872
f 2423/2423/2423 2422/2422/2422 2424/2424/2424
f 2417/2417/2417 2424/2424/2424 2408/2408/2408
f 2426/2426/2426 2420/2420/2420 2427/2427/2427
f 2428/2428/2428 2427/2427/2427 2422/2422/2422
f 2437/2437/2437 2431/2431/2431 2436/2436/2436
f 2437/2437/2437 2436/2436/2436 2420/2420/2420
f 2440/2440/2440 2429/2429/2429 2439/2439/2439
f 2440/2440/2440 2439/2439/2439 2431/2431/2431
f 3135/3135/3135 3136/3136/3136 3134/3134/3134
f 3135/3135/3135 3128/3128/3128 3136/3136/3136
f 3131/3131/3131 3139/3139/3139 3137/3137/3137
f 3133/3133/3133 3134/3134/3134 3139/3139/3139
f 3147/3147/3147 3148/3148/3148 3146/3146/3146
f 3147/3147/3147 3137/3137/3137 3148/3148/3148
f 3140/3140/3140 3151/3151/3151 3149/3149/3149
f 3142/3142/3142 3146/3146/3146 3151/3151/3151
f 1877/1877/1877 1870/1870/1870 1876/1876/1876
f 1878/1878/1878 1871/1871/1871 1877/1877/1877
f 1873/1873/1873 1872/1872/1872 1878/1878/1878
f 2404/2404/2404 2401/2401/2401 2403/2403/2403
f 2396/2396/2396 2403/2403/2403 2387/2387/2387
f 2405/2405/2405 2399/2399/2399 2406/2406/2406
f 2402/2402/2402 2406/2406/2406 2401/2401/2401
f 2414/2414/2414 2410/2410/2410 2415/2415/2415
f 2416/2416/2416 2415/2415/2415 2399/2399/2399
f 2419/2419/2419 2408/2408/2408 2418/2418/2418
f 2414/2414/2414 2418/2418/2418 2410/2410/2410
f 3154/3154/3154 3157/3157/3157 3155/3155/3155
f 3140/3140/3140 3149/3149/3149 3157/3157/3157
f 3152/3152/3152 3160/3160/3160 3158/3158/3158
f 3159/3159/3159 3155/3155/3155 3160/3160/3160
f 3168/3168/3168 3169/3169/3169 3167/3167/3167
f 3168/3168/3168 3158/3158/3158 3169/3169/3169
f 3171/3171/3171 3172/3172/3172 3170/3170/3170
f 3163/3163/3163 3167/3167/3167 3172/3172/3172
f 1877/1877/1877 1876/1876/1876 1882/1882/1882
f 1884/1884/1884 1877/1877/1877 1883/1883/1883
f 1879/1879/1879 1878/1878/1878 1884/1884/1884
f 2381/2381/2381 2380/2380/2380 2382/2382/2382
f 2375/2375/2375 2382/2382/2382 2366/2366/2366
f 2384/2384/2384 2378/2378/2378 2385/2385/2385
f 2386/2386/2386 2385/2385/2385 2380/2380/2380
f 2393/2393/2393 2389/2389/2389 2394/2394/2394
f 2395/2395/2395 2394/2394/2394 2378/2378/2378
f 2398/2398/2398 2387/2387/2387 2397/2397/2397
f 2398/2398/2398 2397/2397/2397 2389/2389/2389
f 3175/3175/3175 3178/3178/3178 3176/3176/3176
f 3177/3177/3177 3170/3170/3170 3178/3178/3178
f 3173/3173/3173 3181/3181/3181 3179/3179/3179
f 3180/3180/3180 3176/3176/3176 3181/3181/3181
f 3184/3184/3184 3190/3190/3190 3188/3188/3188
f 3189/3189/3189 3179/3179/3179 3190/3190/3190
f 3182/3182/3182 3193/3193/3193 3191/3191/3191
f 3184/3184/3184 3188/3188/3188 3193/3193/3193
f 1883/1883/1883 1882/1882/1882 1888/1888/1888
f 1884/1884/1884 1883/1883/1883 1889/1889/1889
f 1891/1891/1891 1884/1884/1884 1890/1890/1890
f 2362/2362/2362 2359/2359/2359 2361/2361/2361
f 2362/2362/2362 2361/2361/2361 2345/2345/2345
f 2365/2365/2365 2357/2357/2357 2364/2364/2364
f 2365/2365/2365 2364/2364/2364 2359/2359/2359
f 2374/2374/2374 2368/2368/2368 2373/2373/2373
f 2374/2374/2374 2373/2373/2373 2357/2357/2357
f 2377/2377/2377 2366/2366/2366 2376/2376/2376
f 2372/2372/2372 2376/2376/2376 2368/2368/2368
f 3198/3198/3198 3199/3199/3199 3197/3197/3197
f 3182/3182/3182 3191/3191/3191 3199/3199/3199
f 3194/3194/3194 3202/3202/3202 3200/3200/3200
f 3196/3196/3196 3197/3197/3197 3202/3202/3202
f 3205/3205/3205 3211/3211/3211 3209/3209/3209
f 3210/3210/3210 3200/3200/3200 3211/3211/3211
f 3213/3213/3213 3214/3214/3214 3212/3212/3212
f 3205/3205/3205 3209/3209/3209 3214/3214/3214
f 1889/1889/1889 1888/1888/1888 1894/1894/1894
f 1896/1896/1896 1889/1889/1889 1895/1895/1895
f 1891/1891/1891 1890/1890/1890 1896/1896/1896
f 2341/2341/2341 2338/2338/2338 2340/2340/2340
f 2333/2333/2333 2340/2340/2340 2324/2324/2324
f 2342/2342/2342 2336/2336/2336 2343/2343/2343
f 2339/2339/2339 2343/2343/2343 2338/2338/2338
f 2351/2351/2351 2347/2347/2347 2352/2352/2352
f 2353/2353/2353 2352/2352/2352 2336/2336/2336
f 2356/2356/2356 2345/2345/2345 2355/2355/2355
f 2356/2356/2356 2355/2355/2355 2347/2347/2347
f 3219/3219/3219 3220/3220/3220 3218/3218/3218
f 3203/3203/3203 3212/3212/3212 3220/3220/3220
f 3222/3222/3222 3223/3223/3223 3221/3221/3221
f 3222/3222/3222 3218/3218/3218 3223/3223/3223
f 3230/3230/3230 3231/3231/3231 3229/3229/3229
f 3215/3215/3215 3221/3221/3221 3231/3231/3231
f 3224/3224/3224 3234/3234/3234 3232/3232/3232
f 3233/3233/3233 3229/3229/3229 3234/3234/3234
f 1895/1895/1895 1894/1894/1894 1900/1900/1900
f 1902/1902/1902 1895/1895/1895 1901/1901/1901
f 1897/1897/1897 1896/1896/1896 1902/1902/1902
f 2320/2320/2320 2317/2317/2317 2319/2319/2319
f 2312/2312/2312 2319/2319/2319 2303/2303/2303
f 2321/2321/2321 2315/2315/2315 2322/2322/2322
f 2318/2318/2318 2322/2322/2322 2317/2317/2317
f 2332/2332/2332 2326/2326/2326 2331/2331/2331
f 2332/2332/2332 2331/2331/2331 2315/2315/2315
f 2335/2335/2335 2324/2324/2324 2334/2334/2334
f 2330/2330/2330 2334/2334/2334 2326/2326/2326
f 3239/3239/3239 3240/3240/3240 3238/3238/3238
f 3224/3224/3224 3232/3232/3232 3240/3240/3240
f 3242/3242/3242 3243/3243/3243 3241/3241/3241
f 3242/3242/3242 3238/3238/3238 3243/3243/3243
f 3246/3246/3246 3249/3249/3249 3247/3247/3247
f 3248/3248/3248 3241/3241/3241 3249/3249/3249
f 3251/3251/3251 3252/3252/3252 3250/3250/3250
f 3251/3251/3251 3247/3247/3247 3252/3252/3252
f 1901/1901/1901 1900/1900/1900 1906/1906/1906
f 1908/1908/1908 1901/1901/1901 1907/1907/1907
f 1903/1903/1903 1902/1902/1902 1908/1908/1908
f 2299/2299/2299 2296/2296/2296 2298/2298/2298
f 2291/2291/2291 2298/2298/2298 2282/2282/2282
f 2302/2302/2302 2294/2294/2294 2301/2301/2301
f 2297/2297/2297 2301/2301/2301 2296/2296/2296
f 2309/2309/2309 2305/2305/2305 2310/2310/2310
f 2311/2311/2311 2310/2310/2310 2294/2294/2294
f 2314/2314/2314 2303/2303/2303 2313/2313/2313
f 2309/2309/2309 2313/2313/2313 2305/2305/2305
f 3254/3254/3254 3257/3257/3257 3255/3255/3255
f 3256/3256/3256 3250/3250/3250 3257/3257/3257
f 2938/2938/2938 3260/3260/3260 3258/3258/3258
f 3259/3259/3259 3255/3255/3255 3260/3260/3260
f 3261/3261/3261 3262/3262/3262 2946/2946/2946
f 3261/3261/3261 3258/3258/3258 3262/3262/3262
f 2939/2939/2939 2946/2946/2946 2947/2947/2947
f 3264/3264/3264 3265/3265/3265 3266/3266/3266
f 3268/3268/3268 3270/3270/3270 3267/3267/3267
f 3268/3268/3268 3269/3269/3269 3270/3270/3270
f 1907/1907/1907 1906/1906/1906 1912/1912/1912
f 1908/1908/1908 1907/1907/1907 1913/1913/1913
f 1915/1915/1915 1908/1908/1908 1914/1914/1914
f 2274/2274/2274 2266/2266/2266 2273/2273/2273
f 2274/2274/2274 2273/2273/2273 2263/2263/2263
f 2266/2266/2266 2258/2258/2258 2265/2265/2265
f 2258/2258/2258 2250/2250/2250 2257/2257/2257
f 2279/2279/2279 2248/2248/2248 2280/2280/2280
f 2281/2281/2281 2280/2280/2280 2250/2250/2250
f 2290/2290/2290 2284/2284/2284 2289/2289/2289
f 2279/2279/2279 2289/2289/2289 2248/2248/2248
f 2291/2291/2291 2282/2282/2282 2292/2292/2292
f 2293/2293/2293 2292/2292/2292 2284/2284/2284
f 2595/2595/2595 3274/3274/3274 3273/3273/3273
f 2596/2596/2596 3271/3271/3271 3274/3274/3274
f 2619/2619/2619 2966/2966/2966 2968/2968/2968
f 2657/2657/2657 3010/3010/3010 3002/3002/3002
f 2664/2664/2664 3011/3011/3011 3013/3013/3013
f 3020/3020/3020 2671/2671/2671 2672/2672/2672
f 2700/2700/2700 3050/3050/3050 3052/3052/3052
f 2738/2738/2738 3094/3094/3094 3086/3086/3086
f 2745/2745/2745 3095/3095/3095 3097/3097/3097
f 3104/3104/3104 2750/2750/2750 2751/2751/2751
f 3107/3107/3107 2755/2755/2755 2756/2756/2756
f 2589/2589/2589 2232/2232/2232 2233/2233/2233
f 2593/2593/2593 2235/2235/2235 2236/2236/2236
f 2589/2589/2589 2230/2230/2230 2231/2231/2231
f 2591/2591/2591 2227/2227/2227 2228/2228/2228
f 2588/2588/2588 2222/2222/2222 2223/2223/2223
f 2578/2578/2578 2217/2217/2217 2218/2218/2218
f 2572/2572/2572 2212/2212/2212 2213/2213/2213
f 2580/2580/2580 2214/2214/2214 2215/2215/2215
f 2583/2583/2583 2219/2219/2219 2220/2220/2220
f 2569/2569/2569 2207/2207/2207 2208/2208/2208
f 2571/2571/2571 2204/2204/2204 2205/2205/2205
f 2565/2565/2565 2199/2199/2199 2200/2200/2200
f 2562/2562/2562 2194/2194/2194 2195/2195/2195
f 2560/2560/2560 2196/2196/2196 2197/2197/2197
f 2571/2571/2571 2202/2202/2202 2203/2203/2203
f 2574/2574/2574 2209/2209/2209 2210/2210/2210
f 2552/2552/2552 2190/2190/2190 2191/2191/2191
f 2554/2554/2554 2187/2187/2187 2188/2188/2188
f 2549/2549/2549 2185/2185/2185 2186/2186/2186
f 2552/2552/2552 2191/2191/2191 2192/2192/2192
f 2551/2551/2551 2182/2182/2182 2183/2183/2183
f 2545/2545/2545 2177/2177/2177 2178/2178/2178
f 2545/2545/2545 2179/2179/2179 2180/2180/2180
f 2542/2542/2542 2172/2172/2172 2173/2173/2173
f 2533/2533/2533 2167/2167/2167 2168/2168/2168
f 2533/2533/2533 2169/2169/2169 2170/2170/2170
f 2542/2542/2542 2174/2174/2174 2175/2175/2175
f 2530/2530/2530 2164/2164/2164 2165/2165/2165
f 2522/2522/2522 2162/2162/2162 2163/2163/2163
f 2524/2524/2524 2159/2159/2159 2160/2160/2160
f 2521/2521/2521 2154/2154/2154 2155/2155/2155
f 2510/2510/2510 2149/2149/2149 2150/2150/2150
f 2510/2510/2510 2151/2151/2151 2152/2152/2152
f 2512/2512/2512 2146/2146/2146 2147/2147/2147
f 2507/2507/2507 2144/2144/2144 2145/2145/2145
f 2503/2503/2503 2138/2138/2138 2139/2139/2139
f 2500/2500/2500 2133/2133/2133 2134/2134/2134
f 2491/2491/2491 2128/2128/2128 2129/2129/2129
f 2489/2489/2489 2131/2131/2131 2132/2132/2132
f 2498/2498/2498 2136/2136/2136 2137/2137/2137
f 2488/2488/2488 2123/2123/2123 2124/2124/2124
f 2482/2482/2482 2118/2118/2118 2119/2119/2119
f 2479/2479/2479 2113/2113/2113 2114/2114/2114
f 2477/2477/2477 2115/2115/2115 2116/2116/2116
f 2488/2488/2488 2121/2121/2121 2122/2122/2122
f 2486/2486/2486 2126/2126/2126 2127/2127/2127
f 2468/2468/2468 2109/2109/2109 2110/2110/2110
f 2470/2470/2470 2106/2106/2106 2107/2107/2107
f 2465/2465/2465 2104/2104/2104 2105/2105/2105
f 2468/2468/2468 2110/2110/2110 2111/2111/2111
f 2467/2467/2467 2101/2101/2101 2102/2102/2102
f 2461/2461/2461 2096/2096/2096 2097/2097/2097
f 2461/2461/2461 2098/2098/2098 2099/2099/2099
f 2458/2458/2458 2091/2091/2091 2092/2092/2092
f 2449/2449/2449 2086/2086/2086 2087/2087/2087
f 2449/2449/2449 2088/2088/2088 2089/2089/2089
f 2458/2458/2458 2093/2093/2093 2094/2094/2094
f 2446/2446/2446 2083/2083/2083 2084/2084/2084
f 2438/2438/2438 2081/2081/2081 2082/2082/2082
f 3115/3115/3115 2758/2758/2758 2759/2759/2759
f 2781/2781/2781 3134/3134/3134 3136/3136/3136
f 2819/2819/2819 3178/3178/3178 3170/3170/3170
f 2826/2826/2826 3179/3179/3179 3181/3181/3181
f 3199/3199/3199 2839/2839/2839 2840/2840/2840
f 2862/2862/2862 3218/3218/3218 3220/3220/3220
f 2900/2900/2900 3257/3257/3257 3250/3250/3250
f 2907/2907/2907 3258/3258/3258 3260/3260/3260
f 2440/2440/2440 2078/2078/2078 2079/2079/2079
f 2437/2437/2437 2073/2073/2073 2074/2074/2074
f 2426/2426/2426 2068/2068/2068 2069/2069/2069
f 2423/2423/2423 2063/2063/2063 2064/2064/2064
f 2428/2428/2428 2065/2065/2065 2066/2066/2066
f 2426/2426/2426 2070/2070/2070 2071/2071/2071
f 2425/2425/2425 2060/2060/2060 2061/2061/2061
f 2414/2414/2414 2055/2055/2055 2056/2056/2056
f 2405/2405/2405 2050/2050/2050 2051/2051/2051
f 2402/2402/2402 2045/2045/2045 2046/2046/2046
f 2407/2407/2407 2047/2047/2047 2048/2048/2048
f 2416/2416/2416 2052/2052/2052 2053/2053/2053
f 2404/2404/2404 2040/2040/2040 2041/2041/2041
f 2398/2398/2398 2037/2037/2037 2038/2038/2038
f 2395/2395/2395 2032/2032/2032 2033/2033/2033
f 2384/2384/2384 2028/2028/2028 2029/2029/2029
f 2384/2384/2384 2029/2029/2029 2030/2030/2030
f 2393/2393/2393 2034/2034/2034 2035/2035/2035
f 2404/2404/2404 2042/2042/2042 2043/2043/2043
f 2386/2386/2386 2025/2025/2025 2026/2026/2026
f 2381/2381/2381 2023/2023/2023 2024/2024/2024
f 2383/2383/2383 2020/2020/2020 2021/2021/2021
f 2377/2377/2377 2017/2017/2017 2018/2018/2018
f 2374/2374/2374 2012/2012/2012 2013/2013/2013
f 2377/2377/2377 2015/2015/2015 2016/2016/2016
f 2365/2365/2365 2007/2007/2007 2008/2008/2008
f 2362/2362/2362 2002/2002/2002 2003/2003/2003
f 2365/2365/2365 2005/2005/2005 2006/2006/2006
f 2374/2374/2374 2010/2010/2010 2011/2011/2011
f 2354/2354/2354 2000/2000/2000 2001/2001/2001
f 2342/2342/2342 1989/1989/1989 1990/1990/1990
f 2344/2344/2344 1984/1984/1984 1985/1985/1985
f 2342/2342/2342 1987/1987/1987 1988/1988/1988
f 2339/2339/2339 1982/1982/1982 1983/1983/1983
f 2341/2341/2341 1979/1979/1979 1980/1980/1980
f 2330/2330/2330 1974/1974/1974 1975/1975/1975
f 2321/2321/2321 1969/1969/1969 1970/1970/1970
f 2318/2318/2318 1964/1964/1964 1965/1965/1965
f 2323/2323/2323 1966/1966/1966 1967/1967/1967
f 2332/2332/2332 1971/1971/1971 1972/1972/1972
f 2320/2320/2320 1959/1959/1959 1960/1960/1960
f 2314/2314/2314 1956/1956/1956 1957/1957/1957
f 2311/2311/2311 1951/1951/1951 1952/1952/1952
f 2302/2302/2302 1944/1944/1944 1945/1945/1945
f 2300/2300/2300 1948/1948/1948 1949/1949/1949
f 2309/2309/2309 1953/1953/1953 1954/1954/1954
f 2320/2320/2320 1961/1961/1961 1962/1962/1962
f 2300/2300/2300 1947/1947/1947 1948/1948/1948
f 2299/2299/2299 1939/1939/1939 1940/1940/1940
f 2293/2293/2293 1934/1934/1934 1935/1935/1935
f 2293/2293/2293 1936/1936/1936 1937/1937/1937
f 2290/2290/2290 1931/1931/1931 1932/1932/1932
f 2290/2290/2290 1929/1929/1929 1930/1930/1930
f 2297/2297/2297 1942/1942/1942 1943/1943/1943
f 2281/2281/2281 1924/1924/1924 1925/1925/1925
f 2272/2272/2272 1919/1919/1919 1920/1920/1920
f 2281/2281/2281 1926/1926/1926 1927/1927/1927
f 2274/2274/2274 1918/1918/1918 1919/1919/1919
f 3620/3620/3620 3623/3623/3623 3621/3621/3621
f 3623/3623/3623 3622/3622/3622 3618/3618/3618
f 3628/3628/3628 3630/3630/3630 3629/3629/3629
f 3629/3629/3629 3620/3620/3620 3619/3619/3619
f 3285/3285/3285 3281/3281/3281 3282/3282/3282
f 3286/3286/3286 3282/3282/3282 3283/3283/3283
f 3634/3634/3634 3636/3636/3636 3635/3635/3635
f 3636/3636/3636 3628/3628/3628 3616/3616/3616
f 3637/3637/3637 3639/3639/3639 3638/3638/3638
f 3638/3638/3638 3634/3634/3634 3633/3633/3633
f 3290/3290/3290 3285/3285/3285 3286/3286/3286
f 3290/3290/3290 3286/3286/3286 3287/3287/3287
f 3643/3643/3643 3645/3645/3645 3644/3644/3644
f 3645/3645/3645 3637/3637/3637 3631/3631/3631
f 3646/3646/3646 3648/3648/3648 3647/3647/3647
f 3648/3648/3648 3643/3643/3643 3642/3642/3642
f 3293/3293/3293 3289/3289/3289 3290/3290/3290
f 3294/3294/3294 3290/3290/3290 3291/3291/3291
f 3652/3652/3652 3654/3654/3654 3653/3653/3653
f 3654/3654/3654 3646/3646/3646 3640/3640/3640
f 3655/3655/3655 3657/3657/3657 3656/3656/3656
f 3656/3656/3656 3652/3652/3652 3651/3651/3651
f 3297/3297/3297 3293/3293/3293 3294/3294/3294
f 3298/3298/3298 3294/3294/3294 3295/3295/3295
f 3661/3661/3661 3663/3663/3663 3662/3662/3662
f 3663/3663/3663 3655/3655/3655 3649/3649/3649
f 3664/3664/3664 3666/3666/3666 3665/3665/3665
f 3665/3665/3665 3661/3661/3661 3660/3660/3660
f 3301/3301/3301 3297/3297/3297 3298/3298/3298
f 3302/3302/3302 3298/3298/3298 3299/3299/3299
f 3669/3669/3669 3672/3672/3672 3671/3671/3671
f 3671/3671/3671 3664/3664/3664 3658/3658/3658
f 3673/3673/3673 3675/3675/3675 3674/3674/3674
f 3675/3675/3675 3670/3670/3670 3669/3669/3669
f 3305/3305/3305 3301/3301/3301 3302/3302/3302
f 3306/3306/3306 3302/3302/3302 3303/3303/3303
f 3679/3679/3679 3681/3681/3681 3680/3680/3680
f 3681/3681/3681 3673/3673/3673 3667/3667/3667
f 3682/3682/3682 3684/3684/3684 3683/3683/3683
f 3684/3684/3684 3679/3679/3679 3678/3678/3678
f 3309/3309/3309 3305/3305/3305 3306/3306/3306
f 3310/3310/3310 3306/3306/3306 3307/3307/3307
f 3687/3687/3687 3690/3690/3690 3689/3689/3689
f 3690/3690/3690 3682/3682/3682 3676/3676/3676
f 3685/3685/3685 3693/3693/3693 3692/3692/3692
f 3692/3692/3692 3688/3688/3688 3687/3687/3687
f 3313/3313/3313 3309/3309/3309 3310/3310/3310
f 3314/3314/3314 3310/3310/3310 3311/3311/3311
f 3697/3697/3697 3699/3699/3699 3698/3698/3698
f 3699/3699/3699 3691/3691/3691 3685/3685/3685
f 3700/3700/3700 3702/3702/3702 3701/3701/3701
f 3701/3701/3701 3697/3697/3697 3696/3696/3696
f 3317/3317/3317 3313/3313/3313 3314/3314/3314
f 3318/3318/3318 3314/3314/3314 3315/3315/3315
f 3705/3705/3705 3708/3708/3708 3707/3707/3707
f 3708/3708/3708 3700/3700/3700 3694/3694/3694
f 3703/3703/3703 3711/3711/3711 3710/3710/3710
f 3711/3711/3711 3706/3706/3706 3705/3705/3705
f 3321/3321/3321 3317/3317/3317 3318/3318/3318
f 3323/3323/3323 3318/3318/3318 3319/3319/3319
f 3714/3714/3714 3717/3717/3717 3716/3716/3716
f 3716/3716/3716 3709/3709/3709 3703/3703/3703
f 3712/3712/3712 3720/3720/3720 3719/3719/3719
f 3720/3720/3720 3715/3715/3715 3714/3714/3714
f 3325/3325/3325 3321/3321/3321 3322/3322/3322
f 3326/3326/3326 3322/3322/3322 3323/3323/3323
f 3724/3724/3724 3726/3726/3726 3725/3725/3725
f 3726/3726/3726 3718/3718/3718 3712/3712/3712
f 3721/3721/3721 3729/3729/3729 3728/3728/3728
f 3728/3728/3728 3724/3724/3724 3723/3723/3723
f 3329/3329/3329 3325/3325/3325 3326/3326/3326
f 3330/3330/3330 3326/3326/3326 3327/3327/3327
f 3733/3733/3733 3735/3735/3735 3734/3734/3734
f 3734/3734/3734 3727/3727/3727 3721/3721/3721
f 3736/3736/3736 3738/3738/3738 3737/3737/3737
f 3738/3738/3738 3733/3733/3733 3732/3732/3732
f 3333/3333/3333 3329/3329/3329 3330/3330/3330
f 3335/3335/3335 3330/3330/3330 3331/3331/3331
f 3741/3741/3741 3744/3744/3744 3743/3743/3743
f 3744/3744/3744 3736/3736/3736 3730/3730/3730
f 3745/3745/3745 3747/3747/3747 3746/3746/3746
f 3746/3746/3746 3742/3742/3742 3741/3741/3741
f 3337/3337/3337 3333/3333/3333 3334/3334/3334
f 3338/3338/3338 3334/3334/3334 3335/3335/3335
f 3750/3750/3750 3753/3753/3753 3752/3752/3752
f 3753/3753/3753 3745/3745/3745 3739/3739/3739
f 3748/3748/3748 3756/3756/3756 3755/3755/3755
f 3756/3756/3756 3751/3751/3751 3750/3750/3750
f 3341/3341/3341 3337/3337/3337 3338/3338/3338
f 3342/3342/3342 3338/3338/3338 3339/3339/3339
f 3760/3760/3760 3762/3762/3762 3761/3761/3761
f 3761/3761/3761 3754/3754/3754 3748/3748/3748
f 3757/3757/3757 3765/3765/3765 3764/3764/3764
f 3765/3765/3765 3760/3760/3760 3759/3759/3759
f 3346/3346/3346 3341/3341/3341 3342/3342/3342
f 3346/3346/3346 3342/3342/3342 3343/3343/3343
f 3768/3768/3768 3771/3771/3771 3770/3770/3770
f 3770/3770/3770 3763/3763/3763 3757/3757/3757
f 3766/3766/3766 3774/3774/3774 3773/3773/3773
f 3773/3773/3773 3769/3769/3769 3768/3768/3768
f 3350/3350/3350 3345/3345/3345 3346/3346/3346
f 3350/3350/3350 3346/3346/3346 3347/3347/3347
f 3777/3777/3777 3779/3779/3779 3778/3778/3778
f 3779/3779/3779 3772/3772/3772 3766/3766/3766
f 3780/3780/3780 3782/3782/3782 3781/3781/3781
f 3782/3782/3782 3777/3777/3777 3776/3776/3776
f 3353/3353/3353 3349/3349/3349 3350/3350/3350
f 3355/3355/3355 3350/3350/3350 3351/3351/3351
f 3783/3783/3783 3785/3785/3785 3784/3784/3784
f 3785/3785/3785 3780/3780/3780 3626/3626/3626
f 3624/3624/3624 3788/3788/3788 3787/3787/3787
f 3788/3788/3788 3783/3783/3783 3627/3627/3627
f 3358/3358/3358 3353/3353/3353 3354/3354/3354
f 3359/3359/3359 3354/3354/3354 3355/3355/3355
f 3774/3774/3774 3584/3584/3584 3769/3769/3769
f 3786/3786/3786 3614/3614/3614 3788/3788/3788
f 4131/4131/4131 4133/4133/4133 4130/4130/4130
f 4128/4128/4128 4132/4132/4132 4133/4133/4133
f 4139/4139/4139 4140/4140/4140 4138/4138/4138
f 4139/4139/4139 4130/4130/4130 4140/4140/4140
f 3792/3792/3792 3791/3791/3791 3795/3795/3795
f 3793/3793/3793 3792/3792/3792 3796/3796/3796
f 4145/4145/4145 4146/4146/4146 4144/4144/4144
f 4126/4126/4126 4138/4138/4138 4146/4146/4146
f 4148/4148/4148 4149/4149/4149 4147/4147/4147
f 4148/4148/4148 4144/4144/4144 4149/4149/4149
f 3800/3800/3800 3795/3795/3795 3799/3799/3799
f 3797/3797/3797 3796/3796/3796 3800/3800/3800
f 4154/4154/4154 4155/4155/4155 4153/4153/4153
f 4141/4141/4141 4147/4147/4147 4155/4155/4155
f 4157/4157/4157 4158/4158/4158 4156/4156/4156
f 4152/4152/4152 4153/4153/4153 4158/4158/4158
f 3800/3800/3800 3799/3799/3799 3803/3803/3803
f 3801/3801/3801 3800/3800/3800 3804/3804/3804
f 4163/4163/4163 4164/4164/4164 4162/4162/4162
f 4150/4150/4150 4156/4156/4156 4164/4164/4164
f 4166/4166/4166 4167/4167/4167 4165/4165/4165
f 4166/4166/4166 4162/4162/4162 4167/4167/4167
f 3804/3804/3804 3803/3803/3803 3807/3807/3807
f 3805/3805/3805 3804/3804/3804 3808/3808/3808
f 4172/4172/4172 4173/4173/4173 4171/4171/4171
f 4159/4159/4159 4165/4165/4165 4173/4173/4173
f 4175/4175/4175 4176/4176/4176 4174/4174/4174
f 4175/4175/4175 4171/4171/4171 4176/4176/4176
f 3808/3808/3808 3807/3807/3807 3811/3811/3811
f 3809/3809/3809 3808/3808/3808 3812/3812/3812
f 4179/4179/4179 4182/4182/4182 4180/4180/4180
f 4181/4181/4181 4174/4174/4174 4182/4182/4182
f 4184/4184/4184 4185/4185/4185 4183/4183/4183
f 4179/4179/4179 4180/4180/4180 4185/4185/4185
f 3812/3812/3812 3811/3811/3811 3815/3815/3815
f 3813/3813/3813 3812/3812/3812 3816/3816/3816
f 4190/4190/4190 4191/4191/4191 4189/4189/4189
f 4177/4177/4177 4183/4183/4183 4191/4191/4191
f 4193/4193/4193 4194/4194/4194 4192/4192/4192
f 4188/4188/4188 4189/4189/4189 4194/4194/4194
f 3816/3816/3816 3815/3815/3815 3819/3819/3819
f 3817/3817/3817 3816/3816/3816 3820/3820/3820
f 4197/4197/4197 4200/4200/4200 4198/4198/4198
f 4186/4186/4186 4192/4192/4192 4200/4200/4200
f 4195/4195/4195 4203/4203/4203 4201/4201/4201
f 4202/4202/4202 4198/4198/4198 4203/4203/4203
f 3820/3820/3820 3819/3819/3819 3823/3823/3823
f 3821/3821/3821 3820/3820/3820 3824/3824/3824
f 4208/4208/4208 4209/4209/4209 4207/4207/4207
f 4195/4195/4195 4201/4201/4201 4209/4209/4209
f 4211/4211/4211 4212/4212/4212 4210/4210/4210
f 4211/4211/4211 4207/4207/4207 4212/4212/4212
f 3824/3824/3824 3823/3823/3823 3827/3827/3827
f 3825/3825/3825 3824/3824/3824 3828/3828/3828
f 4215/4215/4215 4218/4218/4218 4216/4216/4216
f 4204/4204/4204 4210/4210/4210 4218/4218/4218
f 4213/4213/4213 4221/4221/4221 4219/4219/4219
f 4215/4215/4215 4216/4216/4216 4221/4221/4221
f 3828/3828/3828 3827/3827/3827 3831/3831/3831
f 3833/3833/3833 3828/3828/3828 3832/3832/3832
f 4224/4224/4224 4227/4227/4227 4225/4225/4225
f 4226/4226/4226 4219/4219/4219 4227/4227/4227
f 4222/4222/4222 4230/4230/4230 4228/4228/4228
f 4224/4224/4224 4225/4225/4225 4230/4230/4230
f 3832/3832/3832 3831/3831/3831 3835/3835/3835
f 3833/3833/3833 3832/3832/3832 3836/3836/3836
f 4235/4235/4235 4236/4236/4236 4234/4234/4234
f 4222/4222/4222 4228/4228/4228 4236/4236/4236
f 4231/4231/4231 4239/4239/4239 4237/4237/4237
f 4238/4238/4238 4234/4234/4234 4239/4239/4239
f 3836/3836/3836 3835/3835/3835 3839/3839/3839
f 3837/3837/3837 3836/3836/3836 3840/3840/3840
f 4244/4244/4244 4245/4245/4245 4243/4243/4243
f 4244/4244/4244 4237/4237/4237 4245/4245/4245
f 4247/4247/4247 4248/4248/4248 4246/4246/4246
f 4242/4242/4242 4243/4243/4243 4248/4248/4248
f 3840/3840/3840 3839/3839/3839 3843/3843/3843
f 3845/3845/3845 3840/3840/3840 3844/3844/3844
f 4251/4251/4251 4254/4254/4254 4252/4252/4252
f 4240/4240/4240 4246/4246/4246 4254/4254/4254
f 4256/4256/4256 4257/4257/4257 4255/4255/4255
f 4256/4256/4256 4252/4252/4252 4257/4257/4257
f 3844/3844/3844 3843/3843/3843 3847/3847/3847
f 3845/3845/3845 3844/3844/3844 3848/3848/3848
f 4260/4260/4260 4263/4263/4263 4261/4261/4261
f 4249/4249/4249 4255/4255/4255 4263/4263/4263
f 4258/4258/4258 4266/4266/4266 4264/4264/4264
f 4260/4260/4260 4261/4261/4261 4266/4266/4266
f 3848/3848/3848 3847/3847/3847 3851/3851/3851
f 3849/3849/3849 3848/3848/3848 3852/3852/3852
f 4271/4271/4271 4272/4272/4272 4270/4270/4270
f 4271/4271/4271 4264/4264/4264 4272/4272/4272
f 4267/4267/4267 4275/4275/4275 4273/4273/4273
f 4269/4269/4269 4270/4270/4270 4275/4275/4275
f 3856/3856/3856 3851/3851/3851 3855/3855/3855
f 3853/3853/3853 3852/3852/3852 3856/3856/3856
f 4278/4278/4278 4281/4281/4281 4279/4279/4279
f 4280/4280/4280 4273/4273/4273 4281/4281/4281
f 4276/4276/4276 4284/4284/4284 4282/4282/4282
f 4283/4283/4283 4279/4279/4279 4284/4284/4284
f 3860/3860/3860 3855/3855/3855 3859/3859/3859
f 3857/3857/3857 3856/3856/3856 3860/3860/3860
f 4288/4288/4288 4289/4289/4289 4287/4287/4287
f 4276/4276/4276 4282/4282/4282 4289/4289/4289
f 4291/4291/4291 4292/4292/4292 4290/4290/4290
f 4286/4286/4286 4287/4287/4287 4292/4292/4292
f 3860/3860/3860 3859/3859/3859 3863/3863/3863
f 3865/3865/3865 3860/3860/3860 3864/3864/3864
f 4294/4294/4294 4295/4295/4295 4293/4293/4293
f 4136/4136/4136 4290/4290/4290 4295/4295/4295
f 4134/4134/4134 4298/4298/4298 4296/4296/4296
f 4137/4137/4137 4293/4293/4293 4298/4298/4298
f 3864/3864/3864 3863/3863/3863 3868/3868/3868
f 3865/3865/3865 3864/3864/3864 3869/3869/3869
f 4284/4284/4284 4094/4094/4094 4095/4095/4095
f 4296/4296/4296 4124/4124/4124 4125/4125/4125

