mtllib material.mtl
usemtl Material-7011油漆.022
v -0.02272300 -0.12493200 0.00256500
v -0.02272300 -0.12563200 0.00256500
v -0.02271000 -0.12493200 0.00269900
v -0.02271000 -0.12563200 0.00269900
v -0.02268100 -0.12493200 0.00283100
v -0.02268100 -0.12563200 0.00283100
v -0.02263900 -0.12493200 0.00295900
v -0.02263900 -0.12563200 0.00295900
v -0.02258500 -0.12493200 0.00308400
v -0.02258500 -0.12563200 0.00308400
v -0.02252100 -0.12493200 0.00320400
v -0.02252100 -0.12563200 0.00320400
v -0.02244800 -0.12493200 0.00331900
v -0.02244800 -0.12563200 0.00331900
v -0.02236900 -0.12493200 0.00342900
v -0.02236900 -0.12563200 0.00342900
v -0.02228500 -0.12493200 0.00353300
v -0.02228500 -0.12563200 0.00353300
v -0.02211000 -0.12493200 0.00372100
v -0.02211000 -0.12563200 0.00372100
v -0.02193700 -0.12493200 0.00388000
v -0.02193700 -0.12563200 0.00388000
v -0.02178100 -0.12493200 0.00400600
v -0.02178100 -0.12563200 0.00400600
v -0.02165500 -0.12493200 0.00409300
v -0.02165500 -0.12563200 0.00409300
v -0.02165500 -0.12516500 0.00409300
v -0.02165500 -0.12539900 0.00409300
v -0.02272300 -0.12539900 0.00256500
v -0.02272300 -0.12516500 0.00256500
v -0.02271000 -0.12528200 0.00269900
v -0.02263900 -0.12528200 0.00295900
v -0.02258500 -0.12528200 0.00308400
v -0.02252100 -0.12528200 0.00320400
v -0.02244800 -0.12528200 0.00331900
v -0.02236900 -0.12528200 0.00342900
v -0.02228500 -0.12528200 0.00353300
v -0.02211000 -0.12528200 0.00372100
v -0.02193700 -0.12528200 0.00388000
v -0.02178100 -0.12528200 0.00400600
v -0.02165500 -0.12493200 0.00409400
v -0.02165500 -0.12493200 0.00409400
v -0.02165500 -0.12493200 0.00409400
v -0.02165500 -0.12493200 0.00409400
v -0.02165500 -0.12563200 0.00409400
v -0.02165500 -0.12563200 0.00409400
v -0.02165500 -0.12563200 0.00409400
v -0.02165500 -0.12563200 0.00409400
v -0.02185300 -0.12493200 0.00441100
v -0.02185300 -0.12493200 0.00441100
v -0.02185300 -0.12493200 0.00441100
v -0.02185300 -0.12510700 0.00441100
v -0.02185300 -0.12510700 0.00441100
v -0.02185300 -0.12510700 0.00441100
v -0.02185300 -0.12510700 0.00441100
v -0.02185300 -0.12528200 0.00441100
v -0.02185300 -0.12528200 0.00441100
v -0.02185300 -0.12528200 0.00441100
v -0.02185300 -0.12528200 0.00441100
v -0.02185300 -0.12545700 0.00441100
v -0.02185300 -0.12545700 0.00441100
v -0.02185300 -0.12545700 0.00441100
v -0.02185300 -0.12563200 0.00441100
v -0.02185300 -0.12563200 0.00441100
v -0.02185300 -0.12563200 0.00441100
v -0.02205200 -0.12493200 0.00472900
v -0.02205200 -0.12493200 0.00472900
v -0.02205200 -0.12510700 0.00472900
v -0.02205200 -0.12510700 0.00472900
v -0.02205200 -0.12528200 0.00472900
v -0.02205200 -0.12528200 0.00472900
v -0.02205200 -0.12528200 0.00472900
v -0.02205200 -0.12545700 0.00472900
v -0.02205200 -0.12545700 0.00472900
v -0.02205200 -0.12563200 0.00472900
v -0.02205200 -0.12563200 0.00472900
v -0.02205200 -0.12563200 0.00472900
v -0.02225000 -0.12493200 0.00504600
v -0.02225000 -0.12493200 0.00504600
v -0.02225000 -0.12510700 0.00504600
v -0.02225000 -0.12510700 0.00504600
v -0.02225000 -0.12510700 0.00504600
v -0.02225000 -0.12528200 0.00504600
v -0.02225000 -0.12528200 0.00504600
v -0.02225000 -0.12545700 0.00504600
v -0.02225000 -0.12545700 0.00504600
v -0.02225000 -0.12545700 0.00504600
v -0.02225000 -0.12563200 0.00504600
v -0.02225000 -0.12563200 0.00504600
v -0.02225000 -0.12563200 0.00504600
v -0.02244900 -0.12493200 0.00536400
v -0.02244900 -0.12493200 0.00536400
v -0.02244900 -0.12493200 0.00536400
v -0.02244900 -0.12493200 0.00536400
v -0.02244900 -0.12563200 0.00536400
v -0.02244900 -0.12563200 0.00536400
v -0.02244900 -0.12563200 0.00536400
v -0.02244900 -0.12563200 0.00536400
v -0.02165500 -0.12539900 0.00409400
v -0.02165500 -0.12539900 0.00409400
v -0.02165500 -0.12539900 0.00409400
v -0.02165500 -0.12539900 0.00409400
v -0.02165500 -0.12539900 0.00409400
v -0.02165500 -0.12516500 0.00409400
v -0.02165500 -0.12516500 0.00409400
v -0.02165500 -0.12516500 0.00409400
v -0.02244900 -0.12516500 0.00536400
v -0.02244900 -0.12516500 0.00536400
v -0.02244900 -0.12516500 0.00536400
v -0.02244900 -0.12516500 0.00536400
v -0.02244900 -0.12539900 0.00536400
v -0.02244900 -0.12539900 0.00536400
v -0.02244900 -0.12539900 0.00536400
v -0.02244900 -0.12539900 0.00536400
v -0.02245000 -0.12493200 0.00536400
v -0.02245000 -0.12563200 0.00536400
v -0.02254400 -0.12493200 0.00530300
v -0.02254400 -0.12563200 0.00530300
v -0.02274900 -0.12493200 0.00515500
v -0.02274900 -0.12563200 0.00515500
v -0.02288100 -0.12493200 0.00504900
v -0.02288100 -0.12563200 0.00504900
v -0.02302700 -0.12493200 0.00492200
v -0.02302700 -0.12563200 0.00492200
v -0.02318300 -0.12493200 0.00477600
v -0.02318300 -0.12563200 0.00477600
v -0.02334300 -0.12493200 0.00461000
v -0.02334300 -0.12563200 0.00461000
v -0.02350300 -0.12493200 0.00442400
v -0.02350300 -0.12563200 0.00442400
v -0.02365800 -0.12493200 0.00422000
v -0.02365800 -0.12563200 0.00422000
v -0.02380400 -0.12493200 0.00399700
v -0.02380400 -0.12563200 0.00399700
v -0.02393600 -0.12493200 0.00375600
v -0.02393600 -0.12563200 0.00375600
v -0.02404900 -0.12493200 0.00349700
v -0.02404900 -0.12563200 0.00349700
v -0.02409700 -0.12493200 0.00336100
v -0.02409700 -0.12563200 0.00336100
v -0.02413900 -0.12493200 0.00322100
v -0.02413900 -0.12563200 0.00322100
v -0.02417300 -0.12493200 0.00307700
v -0.02417300 -0.12563200 0.00307700
v -0.02420100 -0.12493200 0.00292800
v -0.02420100 -0.12563200 0.00292800
v -0.02422000 -0.12493200 0.00277600
v -0.02422000 -0.12563200 0.00277600
v -0.02423000 -0.12493200 0.00261900
v -0.02423000 -0.12563200 0.00261900
v -0.02423200 -0.12493200 0.00246500
v -0.02423200 -0.12563200 0.00246500
v -0.02422700 -0.12493200 0.00231300
v -0.02422700 -0.12563200 0.00231300
v -0.02421500 -0.12493200 0.00216300
v -0.02421500 -0.12563200 0.00216300
v -0.02419700 -0.12493200 0.00201700
v -0.02419700 -0.12563200 0.00201700
v -0.02417200 -0.12493200 0.00187400
v -0.02417200 -0.12563200 0.00187400
v -0.02414100 -0.12493200 0.00173300
v -0.02414100 -0.12563200 0.00173300
v -0.02410300 -0.12493200 0.00159600
v -0.02410300 -0.12563200 0.00159600
v -0.02406000 -0.12493200 0.00146300
v -0.02406000 -0.12563200 0.00146300
v -0.02401000 -0.12493200 0.00133300
v -0.02401000 -0.12563200 0.00133300
v -0.02395400 -0.12493200 0.00120700
v -0.02395400 -0.12563200 0.00120700
v -0.02389300 -0.12493200 0.00108400
v -0.02389300 -0.12563200 0.00108400
v -0.02382600 -0.12493200 0.00096600
v -0.02382600 -0.12563200 0.00096600
v -0.02375400 -0.12493200 0.00085100
v -0.02375400 -0.12563200 0.00085100
v -0.02367600 -0.12493200 0.00074100
v -0.02367600 -0.12563200 0.00074100
v -0.02359300 -0.12493200 0.00063500
v -0.02359300 -0.12563200 0.00063500
v -0.02350400 -0.12493200 0.00053400
v -0.02350400 -0.12563200 0.00053400
v -0.02341100 -0.12493200 0.00043800
v -0.02341100 -0.12563200 0.00043800
v -0.02331300 -0.12493200 0.00034600
v -0.02331300 -0.12563200 0.00034600
v -0.02321000 -0.12493200 0.00025900
v -0.02321000 -0.12563200 0.00025900
v -0.02310300 -0.12493200 0.00017800
v -0.02310300 -0.12563200 0.00017800
v -0.02299100 -0.12493200 0.00010100
v -0.02299100 -0.12563200 0.00010100
v -0.02287500 -0.12493200 0.00003100
v -0.02287500 -0.12563200 0.00003100
v -0.02275500 -0.12493200 -0.00003500
v -0.02275500 -0.12563200 -0.00003500
v -0.02263000 -0.12493200 -0.00009400
v -0.02263000 -0.12563200 -0.00009400
v -0.02250200 -0.12493200 -0.00014800
v -0.02250200 -0.12563200 -0.00014800
v -0.02237000 -0.12493200 -0.00019600
v -0.02237000 -0.12563200 -0.00019600
v -0.02223400 -0.12493200 -0.00023800
v -0.02223400 -0.12563200 -0.00023800
v -0.02209500 -0.12493200 -0.00027300
v -0.02209500 -0.12563200 -0.00027300
v -0.02195200 -0.12493200 -0.00030200
v -0.02195200 -0.12563200 -0.00030200
v -0.02180600 -0.12493200 -0.00032500
v -0.02180600 -0.12563200 -0.00032500
v -0.02165700 -0.12493200 -0.00034100
v -0.02165700 -0.12563200 -0.00034100
v -0.02150500 -0.12493200 -0.00035000
v -0.02150500 -0.12563200 -0.00035000
v -0.02133600 -0.12493200 -0.00035000
v -0.02133600 -0.12563200 -0.00035000
v -0.02117100 -0.12493200 -0.00034100
v -0.02117100 -0.12563200 -0.00034100
v -0.02101100 -0.12493200 -0.00032100
v -0.02101100 -0.12563200 -0.00032100
v -0.02085600 -0.12493200 -0.00029300
v -0.02085600 -0.12563200 -0.00029300
v -0.02070500 -0.12493200 -0.00025500
v -0.02070500 -0.12563200 -0.00025500
v -0.02055800 -0.12493200 -0.00021000
v -0.02055800 -0.12563200 -0.00021000
v -0.02041600 -0.12493200 -0.00015700
v -0.02041600 -0.12563200 -0.00015700
v -0.02027800 -0.12493200 -0.00009700
v -0.02027800 -0.12563200 -0.00009700
v -0.02014500 -0.12493200 -0.00003000
v -0.02014500 -0.12563200 -0.00003000
v -0.02001600 -0.12493200 0.00004200
v -0.02001600 -0.12563200 0.00004200
v -0.01977100 -0.12493200 0.00020200
v -0.01977100 -0.12563200 0.00020200
v -0.01954300 -0.12493200 0.00037900
v -0.01954300 -0.12563200 0.00037900
v -0.01933300 -0.12493200 0.00056800
v -0.01933300 -0.12563200 0.00056800
v -0.01914000 -0.12493200 0.00076500
v -0.01914000 -0.12563200 0.00076500
v -0.01896500 -0.12493200 0.00096400
v -0.01896500 -0.12563200 0.00096400
v -0.01880600 -0.12493200 0.00116300
v -0.01880600 -0.12563200 0.00116300
v -0.01866500 -0.12493200 0.00135500
v -0.01866500 -0.12563200 0.00135500
v -0.01843200 -0.12493200 0.00170400
v -0.01843200 -0.12563200 0.00170400
v -0.01826600 -0.12493200 0.00197500
v -0.01826600 -0.12563200 0.00197500
v -0.01804000 -0.12493200 0.00233500
v -0.01804000 -0.12563200 0.00233500
v -0.01781700 -0.12493200 0.00265500
v -0.01781700 -0.12563200 0.00265500
v -0.01770600 -0.12493200 0.00279900
v -0.01770600 -0.12563200 0.00279900
v -0.01759500 -0.12493200 0.00293200
v -0.01759500 -0.12563200 0.00293200
v -0.01748400 -0.12493200 0.00305400
v -0.01748400 -0.12563200 0.00305400
v -0.01737100 -0.12493200 0.00316400
v -0.01737100 -0.12563200 0.00316400
v -0.01725700 -0.12493200 0.00326100
v -0.01725700 -0.12563200 0.00326100
v -0.01714100 -0.12493200 0.00334600
v -0.01714100 -0.12563200 0.00334600
v -0.01702400 -0.12493200 0.00341900
v -0.01702400 -0.12563200 0.00341900
v -0.01690400 -0.12493200 0.00347800
v -0.01690400 -0.12563200 0.00347800
v -0.01678100 -0.12493200 0.00352300
v -0.01678100 -0.12563200 0.00352300
v -0.01665500 -0.12493200 0.00355500
v -0.01665500 -0.12563200 0.00355500
v -0.01652600 -0.12493200 0.00357200
v -0.01652600 -0.12563200 0.00357200
v -0.01639300 -0.12493200 0.00357400
v -0.01639300 -0.12563200 0.00357400
v -0.01625800 -0.12493200 0.00356300
v -0.01625800 -0.12563200 0.00356300
v -0.01612200 -0.12493200 0.00353700
v -0.01612200 -0.12563200 0.00353700
v -0.01598800 -0.12493200 0.00349900
v -0.01598800 -0.12563200 0.00349900
v -0.01585600 -0.12493200 0.00344800
v -0.01585600 -0.12563200 0.00344800
v -0.01572800 -0.12493200 0.00338500
v -0.01572800 -0.12563200 0.00338500
v -0.01560500 -0.12493200 0.00331000
v -0.01560500 -0.12563200 0.00331000
v -0.01548800 -0.12493200 0.00322400
v -0.01548800 -0.12563200 0.00322400
v -0.01537900 -0.12493200 0.00312600
v -0.01537900 -0.12563200 0.00312600
v -0.01527900 -0.12493200 0.00301800
v -0.01527900 -0.12563200 0.00301800
v -0.01518800 -0.12493200 0.00290000
v -0.01518800 -0.12563200 0.00290000
v -0.01511000 -0.12493200 0.00277200
v -0.01511000 -0.12563200 0.00277200
v -0.01504300 -0.12493200 0.00263400
v -0.01504300 -0.12563200 0.00263400
v -0.01499100 -0.12493200 0.00248800
v -0.01499100 -0.12563200 0.00248800
v -0.01495400 -0.12493200 0.00233200
v -0.01495400 -0.12563200 0.00233200
v -0.01493300 -0.12493200 0.00216900
v -0.01493300 -0.12563200 0.00216900
v -0.01493000 -0.12493200 0.00199700
v -0.01493000 -0.12563200 0.00199700
v -0.01494700 -0.12493200 0.00183200
v -0.01494700 -0.12563200 0.00183200
v -0.01498500 -0.12493200 0.00167900
v -0.01498500 -0.12563200 0.00167900
v -0.01503900 -0.12493200 0.00153900
v -0.01503900 -0.12563200 0.00153900
v -0.01510800 -0.12493200 0.00141000
v -0.01510800 -0.12563200 0.00141000
v -0.01518800 -0.12493200 0.00129200
v -0.01518800 -0.12563200 0.00129200
v -0.01527700 -0.12493200 0.00118600
v -0.01527700 -0.12563200 0.00118600
v -0.01537100 -0.12493200 0.00109100
v -0.01537100 -0.12563200 0.00109100
v -0.01546900 -0.12493200 0.00100600
v -0.01546900 -0.12563200 0.00100600
v -0.01556600 -0.12493200 0.00093300
v -0.01556600 -0.12563200 0.00093300
v -0.01566100 -0.12493200 0.00086900
v -0.01566100 -0.12563200 0.00086900
v -0.01583000 -0.12493200 0.00077200
v -0.01583000 -0.12563200 0.00077200
v -0.01601000 -0.12493200 0.00069000
v -0.01601000 -0.12563200 0.00069000
v -0.02245000 -0.12539900 0.00536400
v -0.02245000 -0.12516500 0.00536400
v -0.01601000 -0.12516500 0.00069000
v -0.01601000 -0.12539900 0.00069000
v -0.01601000 -0.12493200 0.00069000
v -0.01601000 -0.12493200 0.00069000
v -0.01601000 -0.12493200 0.00069000
v -0.01601000 -0.12563200 0.00069000
v -0.01601000 -0.12563200 0.00069000
v -0.01601000 -0.12563200 0.00069000
v -0.01588700 -0.12493200 0.00034300
v -0.01588700 -0.12493200 0.00034300
v -0.01588700 -0.12493200 0.00034300
v -0.01588700 -0.12510700 0.00034300
v -0.01588700 -0.12510700 0.00034300
v -0.01588700 -0.12510700 0.00034300
v -0.01588700 -0.12528200 0.00034300
v -0.01588700 -0.12528200 0.00034300
v -0.01588700 -0.12545700 0.00034300
v -0.01588700 -0.12545700 0.00034300
v -0.01588700 -0.12545700 0.00034300
v -0.01588700 -0.12563200 0.00034300
v -0.01588700 -0.12563200 0.00034300
v -0.01588700 -0.12563200 0.00034300
v -0.01576400 -0.12493200 -0.00000400
v -0.01576400 -0.12493200 -0.00000400
v -0.01576400 -0.12493200 -0.00000400
v -0.01576400 -0.12510700 -0.00000400
v -0.01576400 -0.12510700 -0.00000400
v -0.01576400 -0.12528200 -0.00000400
v -0.01576400 -0.12528200 -0.00000400
v -0.01576400 -0.12528200 -0.00000400
v -0.01576400 -0.12545700 -0.00000400
v -0.01576400 -0.12545700 -0.00000400
v -0.01576400 -0.12545700 -0.00000400
v -0.01576400 -0.12545700 -0.00000400
v -0.01576400 -0.12563200 -0.00000400
v -0.01576400 -0.12563200 -0.00000400
v -0.01576400 -0.12563200 -0.00000400
v -0.01576400 -0.12563200 -0.00000400
v -0.01564200 -0.12493200 -0.00035100
v -0.01564200 -0.12493200 -0.00035100
v -0.01564200 -0.12493200 -0.00035100
v -0.01564200 -0.12510700 -0.00035100
v -0.01564200 -0.12510700 -0.00035100
v -0.01564200 -0.12510700 -0.00035100
v -0.01564200 -0.12528200 -0.00035100
v -0.01564200 -0.12528200 -0.00035100
v -0.01564200 -0.12528200 -0.00035100
v -0.01564200 -0.12545700 -0.00035100
v -0.01564200 -0.12545700 -0.00035100
v -0.01564200 -0.12545700 -0.00035100
v -0.01564200 -0.12545700 -0.00035100
v -0.01564200 -0.12563200 -0.00035100
v -0.01564200 -0.12563200 -0.00035100
v -0.01564200 -0.12563200 -0.00035100
v -0.01564200 -0.12563200 -0.00035100
v -0.01551900 -0.12493200 -0.00069800
v -0.01551900 -0.12493200 -0.00069800
v -0.01551900 -0.12493200 -0.00069800
v -0.01551900 -0.12563200 -0.00069800
v -0.01551900 -0.12563200 -0.00069800
v -0.01551900 -0.12563200 -0.00069800
v -0.01551900 -0.12563200 -0.00069800
v -0.01601000 -0.12539900 0.00069000
v -0.01601000 -0.12539900 0.00069000
v -0.01601000 -0.12539900 0.00069000
v -0.01601000 -0.12516500 0.00069000
v -0.01601000 -0.12516500 0.00069000
v -0.01551900 -0.12516500 -0.00069800
v -0.01551900 -0.12516500 -0.00069800
v -0.01551900 -0.12516500 -0.00069800
v -0.01551900 -0.12539900 -0.00069800
v -0.01551900 -0.12539900 -0.00069800
v -0.01551900 -0.12539900 -0.00069800
v -0.01551800 -0.12493200 -0.00069900
v -0.01551800 -0.12563200 -0.00069900
v -0.01540700 -0.12493200 -0.00065700
v -0.01540700 -0.12563200 -0.00065700
v -0.01516600 -0.12493200 -0.00055000
v -0.01516600 -0.12563200 -0.00055000
v -0.01501000 -0.12493200 -0.00046800
v -0.01501000 -0.12563200 -0.00046800
v -0.01483700 -0.12493200 -0.00036800
v -0.01483700 -0.12563200 -0.00036800
v -0.01465400 -0.12493200 -0.00024600
v -0.01465400 -0.12563200 -0.00024600
v -0.01446600 -0.12493200 -0.00010300
v -0.01446600 -0.12563200 -0.00010300
v -0.01427700 -0.12493200 0.00006300
v -0.01427700 -0.12563200 0.00006300
v -0.01409500 -0.12493200 0.00025200
v -0.01409500 -0.12563200 0.00025200
v -0.01392300 -0.12493200 0.00046700
v -0.01392300 -0.12563200 0.00046700
v -0.01384300 -0.12493200 0.00058300
v -0.01384300 -0.12563200 0.00058300
v -0.01376800 -0.12493200 0.00070700
v -0.01376800 -0.12563200 0.00070700
v -0.01369800 -0.12493200 0.00083600
v -0.01369800 -0.12563200 0.00083600
v -0.01363400 -0.12493200 0.00097300
v -0.01363400 -0.12563200 0.00097300
v -0.01357800 -0.12493200 0.00111700
v -0.01357800 -0.12563200 0.00111700
v -0.01352900 -0.12493200 0.00126700
v -0.01352900 -0.12563200 0.00126700
v -0.01348800 -0.12493200 0.00142500
v -0.01348800 -0.12563200 0.00142500
v -0.01345600 -0.12493200 0.00159000
v -0.01345600 -0.12563200 0.00159000
v -0.01343400 -0.12493200 0.00176300
v -0.01343400 -0.12563200 0.00176300
v -0.01342200 -0.12493200 0.00194300
v -0.01342200 -0.12563200 0.00194300
v -0.01342000 -0.12493200 0.00210000
v -0.01342000 -0.12563200 0.00210000
v -0.01342600 -0.12493200 0.00225400
v -0.01342600 -0.12563200 0.00225400
v -0.01344000 -0.12493200 0.00240700
v -0.01344000 -0.12563200 0.00240700
v -0.01346100 -0.12493200 0.00255700
v -0.01346100 -0.12563200 0.00255700
v -0.01349000 -0.12493200 0.00270500
v -0.01349000 -0.12563200 0.00270500
v -0.01352600 -0.12493200 0.00285000
v -0.01352600 -0.12563200 0.00285000
v -0.01356800 -0.12493200 0.00299200
v -0.01356800 -0.12563200 0.00299200
v -0.01361700 -0.12493200 0.00313100
v -0.01361700 -0.12563200 0.00313100
v -0.01367300 -0.12493200 0.00326700
v -0.01367300 -0.12563200 0.00326700
v -0.01373600 -0.12493200 0.00340000
v -0.01373600 -0.12563200 0.00340000
v -0.01380400 -0.12493200 0.00352800
v -0.01380400 -0.12563200 0.00352800
v -0.01387800 -0.12493200 0.00365300
v -0.01387800 -0.12563200 0.00365300
v -0.01395900 -0.12493200 0.00377500
v -0.01395900 -0.12563200 0.00377500
v -0.01404400 -0.12493200 0.00389200
v -0.01404400 -0.12563200 0.00389200
v -0.01413600 -0.12493200 0.00400400
v -0.01413600 -0.12563200 0.00400400
v -0.01423200 -0.12493200 0.00411200
v -0.01423200 -0.12563200 0.00411200
v -0.01433400 -0.12493200 0.00421500
v -0.01433400 -0.12563200 0.00421500
v -0.01444000 -0.12493200 0.00431400
v -0.01444000 -0.12563200 0.00431400
v -0.01455100 -0.12493200 0.00440700
v -0.01455100 -0.12563200 0.00440700
v -0.01466700 -0.12493200 0.00449500
v -0.01466700 -0.12563200 0.00449500
v -0.01478700 -0.12493200 0.00457700
v -0.01478700 -0.12563200 0.00457700
v -0.01491100 -0.12493200 0.00465400
v -0.01491100 -0.12563200 0.00465400
v -0.01503900 -0.12493200 0.00472500
v -0.01503900 -0.12563200 0.00472500
v -0.01517100 -0.12493200 0.00479000
v -0.01517100 -0.12563200 0.00479000
v -0.01530600 -0.12493200 0.00484800
v -0.01530600 -0.12563200 0.00484800
v -0.01544500 -0.12493200 0.00490100
v -0.01544500 -0.12563200 0.00490100
v -0.01558700 -0.12493200 0.00494600
v -0.01558700 -0.12563200 0.00494600
v -0.01573200 -0.12493200 0.00498500
v -0.01573200 -0.12563200 0.00498500
v -0.01588000 -0.12493200 0.00501600
v -0.01588000 -0.12563200 0.00501600
v -0.01603100 -0.12493200 0.00504100
v -0.01603100 -0.12563200 0.00504100
v -0.01618400 -0.12493200 0.00505800
v -0.01618400 -0.12563200 0.00505800
v -0.01633900 -0.12493200 0.00506700
v -0.01633900 -0.12563200 0.00506700
v -0.01650200 -0.12493200 0.00506800
v -0.01650200 -0.12563200 0.00506800
v -0.01666100 -0.12493200 0.00506000
v -0.01666100 -0.12563200 0.00506000
v -0.01681500 -0.12493200 0.00504300
v -0.01681500 -0.12563200 0.00504300
v -0.01696500 -0.12493200 0.00501800
v -0.01696500 -0.12563200 0.00501800
v -0.01711000 -0.12493200 0.00498500
v -0.01711000 -0.12563200 0.00498500
v -0.01725100 -0.12493200 0.00494400
v -0.01725100 -0.12563200 0.00494400
v -0.01738800 -0.12493200 0.00489600
v -0.01738800 -0.12563200 0.00489600
v -0.01752000 -0.12493200 0.00484200
v -0.01752000 -0.12563200 0.00484200
v -0.01764800 -0.12493200 0.00478200
v -0.01764800 -0.12563200 0.00478200
v -0.01777200 -0.12493200 0.00471600
v -0.01777200 -0.12563200 0.00471600
v -0.01800800 -0.12493200 0.00456800
v -0.01800800 -0.12563200 0.00456800
v -0.01822800 -0.12493200 0.00440400
v -0.01822800 -0.12563200 0.00440400
v -0.01843300 -0.12493200 0.00422600
v -0.01843300 -0.12563200 0.00422600
v -0.01862200 -0.12493200 0.00403800
v -0.01862200 -0.12563200 0.00403800
v -0.01879600 -0.12493200 0.00384400
v -0.01879600 -0.12563200 0.00384400
v -0.01895700 -0.12493200 0.00364700
v -0.01895700 -0.12563200 0.00364700
v -0.01910300 -0.12493200 0.00345200
v -0.01910300 -0.12563200 0.00345200
v -0.01935500 -0.12493200 0.00307800
v -0.01935500 -0.12563200 0.00307800
v -0.01955600 -0.12493200 0.00275100
v -0.01955600 -0.12563200 0.00275100
v -0.01551800 -0.12539900 -0.00069900
v -0.01551800 -0.12516500 -0.00069900
v -0.01955600 -0.12528200 0.00275100
v -0.01955600 -0.12493200 0.00275100
v -0.01955600 -0.12563200 0.00275100
v -0.01979900 -0.12493200 0.00237100
v -0.01979900 -0.12563200 0.00237100
v -0.01991900 -0.12493200 0.00220000
v -0.01991900 -0.12563200 0.00220000
v -0.02003900 -0.12493200 0.00204200
v -0.02003900 -0.12563200 0.00204200
v -0.02015800 -0.12493200 0.00189600
v -0.02015800 -0.12563200 0.00189600
v -0.02027700 -0.12493200 0.00176200
v -0.02027700 -0.12563200 0.00176200
v -0.02039500 -0.12493200 0.00164200
v -0.02039500 -0.12563200 0.00164200
v -0.02051300 -0.12493200 0.00153400
v -0.02051300 -0.12563200 0.00153400
v -0.02063100 -0.12493200 0.00143900
v -0.02063100 -0.12563200 0.00143900
v -0.02074900 -0.12493200 0.00135800
v -0.02074900 -0.12563200 0.00135800
v -0.02086600 -0.12493200 0.00128900
v -0.02086600 -0.12563200 0.00128900
v -0.02098300 -0.12493200 0.00123300
v -0.02098300 -0.12563200 0.00123300
v -0.02110000 -0.12493200 0.00119100
v -0.02110000 -0.12563200 0.00119100
v -0.02121700 -0.12493200 0.00116200
v -0.02121700 -0.12563200 0.00116200
v -0.02133400 -0.12493200 0.00114600
v -0.02133400 -0.12563200 0.00114600
v -0.02145100 -0.12493200 0.00114300
v -0.02145100 -0.12563200 0.00114300
v -0.02156400 -0.12493200 0.00115200
v -0.02156400 -0.12563200 0.00115200
v -0.02167900 -0.12493200 0.00117000
v -0.02167900 -0.12563200 0.00117000
v -0.02179400 -0.12493200 0.00119800
v -0.02179400 -0.12563200 0.00119800
v -0.02190800 -0.12493200 0.00123600
v -0.02190800 -0.12563200 0.00123600
v -0.02201900 -0.12493200 0.00128400
v -0.02201900 -0.12563200 0.00128400
v -0.02212600 -0.12493200 0.00134300
v -0.02212600 -0.12563200 0.00134300
v -0.02222900 -0.12493200 0.00141200
v -0.02222900 -0.12563200 0.00141200
v -0.02232500 -0.12493200 0.00149300
v -0.02232500 -0.12563200 0.00149300
v -0.02241400 -0.12493200 0.00158400
v -0.02241400 -0.12563200 0.00158400
v -0.02249400 -0.12493200 0.00168800
v -0.02249400 -0.12563200 0.00168800
v -0.02256400 -0.12493200 0.00180300
v -0.02256400 -0.12563200 0.00180300
v -0.02262400 -0.12493200 0.00193000
v -0.02262400 -0.12563200 0.00193000
v -0.02267000 -0.12493200 0.00207000
v -0.02267000 -0.12563200 0.00207000
v -0.02270300 -0.12493200 0.00222200
v -0.02270300 -0.12563200 0.00222200
v -0.02272100 -0.12493200 0.00238700
v -0.02272100 -0.12563200 0.00238700
v -0.02272300 -0.12493200 0.00256500
v -0.02272300 -0.12563200 0.00256500
v -0.02272300 -0.12516500 0.00256500
v -0.02272300 -0.12539900 0.00256500
v -0.01955600 -0.12528200 0.00275100
v -0.02272400 -0.12493100 0.00256500
v -0.02272400 -0.12493100 0.00256500
v -0.02272400 -0.12493100 0.00256500
v -0.02272400 -0.12493100 0.00256500
v -0.02271000 -0.12493100 0.00269900
v -0.02271000 -0.12493100 0.00269900
v -0.02271000 -0.12493100 0.00269900
v -0.02268200 -0.12493100 0.00283100
v -0.02268200 -0.12493100 0.00283100
v -0.02268200 -0.12493100 0.00283100
v -0.02268200 -0.12493100 0.00283100
v -0.02263900 -0.12493100 0.00295900
v -0.02263900 -0.12493100 0.00295900
v -0.02263900 -0.12493100 0.00295900
v -0.02263900 -0.12493100 0.00295900
v -0.02258500 -0.12493100 0.00308400
v -0.02258500 -0.12493100 0.00308400
v -0.02258500 -0.12493100 0.00308400
v -0.02258500 -0.12493100 0.00308400
v -0.02258500 -0.12493100 0.00308400
v -0.02252100 -0.12493100 0.00320400
v -0.02252100 -0.12493100 0.00320400
v -0.02252100 -0.12493100 0.00320400
v -0.02252100 -0.12493100 0.00320400
v -0.02244800 -0.12493100 0.00331900
v -0.02244800 -0.12493100 0.00331900
v -0.02244800 -0.12493100 0.00331900
v -0.02244800 -0.12493100 0.00331900
v -0.02236900 -0.12493100 0.00342900
v -0.02236900 -0.12493100 0.00342900
v -0.02236900 -0.12493100 0.00342900
v -0.02228500 -0.12493100 0.00353300
v -0.02228500 -0.12493100 0.00353300
v -0.02228500 -0.12493100 0.00353300
v -0.02211000 -0.12493100 0.00372200
v -0.02211000 -0.12493100 0.00372200
v -0.02211000 -0.12493100 0.00372200
v -0.02211000 -0.12493100 0.00372200
v -0.02193800 -0.12493100 0.00388100
v -0.02193800 -0.12493100 0.00388100
v -0.02193800 -0.12493100 0.00388100
v -0.02193800 -0.12493100 0.00388100
v -0.02178100 -0.12493100 0.00400600
v -0.02178100 -0.12493100 0.00400600
v -0.02178100 -0.12493100 0.00400600
v -0.02178100 -0.12493100 0.00400600
v -0.02165500 -0.12493100 0.00409400
v -0.02165500 -0.12493100 0.00409400
v -0.02165500 -0.12493100 0.00409400
v -0.02185400 -0.12493100 0.00441100
v -0.02185400 -0.12493100 0.00441100
v -0.02185400 -0.12493100 0.00441100
v -0.02205200 -0.12493100 0.00472900
v -0.02205200 -0.12493100 0.00472900
v -0.02205200 -0.12493100 0.00472900
v -0.02225100 -0.12493100 0.00504600
v -0.02225100 -0.12493100 0.00504600
v -0.02225100 -0.12493100 0.00504600
v -0.02225100 -0.12493100 0.00504600
v -0.02225100 -0.12493100 0.00504600
v -0.02244900 -0.12493100 0.00536300
v -0.02244900 -0.12493100 0.00536300
v -0.02244900 -0.12493100 0.00536300
v -0.02254300 -0.12493100 0.00530200
v -0.02254300 -0.12493100 0.00530200
v -0.02254300 -0.12493100 0.00530200
v -0.02254300 -0.12493100 0.00530200
v -0.02274800 -0.12493100 0.00515400
v -0.02274800 -0.12493100 0.00515400
v -0.02274800 -0.12493100 0.00515400
v -0.02274800 -0.12493100 0.00515400
v -0.02288100 -0.12493100 0.00504800
v -0.02288100 -0.12493100 0.00504800
v -0.02288100 -0.12493100 0.00504800
v -0.02288100 -0.12493100 0.00504800
v -0.02302700 -0.12493100 0.00492200
v -0.02302700 -0.12493100 0.00492200
v -0.02302700 -0.12493100 0.00492200
v -0.02318300 -0.12493100 0.00477600
v -0.02318300 -0.12493100 0.00477600
v -0.02318300 -0.12493100 0.00477600
v -0.02334300 -0.12493100 0.00460900
v -0.02334300 -0.12493100 0.00460900
v -0.02334300 -0.12493100 0.00460900
v -0.02350300 -0.12493100 0.00442400
v -0.02350300 -0.12493100 0.00442400
v -0.02350300 -0.12493100 0.00442400
v -0.02365800 -0.12493100 0.00421900
v -0.02365800 -0.12493100 0.00421900
v -0.02365800 -0.12493100 0.00421900
v -0.02365800 -0.12493100 0.00421900
v -0.02380300 -0.12493100 0.00399600
v -0.02380300 -0.12493100 0.00399600
v -0.02380300 -0.12493100 0.00399600
v -0.02380300 -0.12493100 0.00399600
v -0.02393500 -0.12493100 0.00375500
v -0.02393500 -0.12493100 0.00375500
v -0.02393500 -0.12493100 0.00375500
v -0.02393500 -0.12493100 0.00375500
v -0.02393500 -0.12493100 0.00375500
v -0.02404800 -0.12493100 0.00349700
v -0.02404800 -0.12493100 0.00349700
v -0.02404800 -0.12493100 0.00349700
v -0.02404800 -0.12493100 0.00349700
v -0.02409600 -0.12493100 0.00336100
v -0.02409600 -0.12493100 0.00336100
v -0.02409600 -0.12493100 0.00336100
v -0.02413800 -0.12493100 0.00322100
v -0.02413800 -0.12493100 0.00322100
v -0.02413800 -0.12493100 0.00322100
v -0.02413800 -0.12493100 0.00322100
v -0.02417300 -0.12493100 0.00307700
v -0.02417300 -0.12493100 0.00307700
v -0.02417300 -0.12493100 0.00307700
v -0.02420000 -0.12493100 0.00292800
v -0.02420000 -0.12493100 0.00292800
v -0.02420000 -0.12493100 0.00292800
v -0.02421900 -0.12493100 0.00277600
v -0.02421900 -0.12493100 0.00277600
v -0.02421900 -0.12493100 0.00277600
v -0.02422900 -0.12493100 0.00261900
v -0.02422900 -0.12493100 0.00261900
v -0.02422900 -0.12493100 0.00261900
v -0.02423100 -0.12493100 0.00246500
v -0.02423100 -0.12493100 0.00246500
v -0.02423100 -0.12493100 0.00246500
v -0.02423100 -0.12493100 0.00246500
v -0.02422700 -0.12493100 0.00231300
v -0.02422700 -0.12493100 0.00231300
v -0.02422700 -0.12493100 0.00231300
v -0.02422700 -0.12493100 0.00231300
v -0.02421500 -0.12493100 0.00216400
v -0.02421500 -0.12493100 0.00216400
v -0.02421500 -0.12493100 0.00216400
v -0.02421500 -0.12493100 0.00216400
v -0.02419700 -0.12493100 0.00201700
v -0.02419700 -0.12493100 0.00201700
v -0.02419700 -0.12493100 0.00201700
v -0.02419700 -0.12493100 0.00201700
v -0.02417200 -0.12493100 0.00187400
v -0.02417200 -0.12493100 0.00187400
v -0.02417200 -0.12493100 0.00187400
v -0.02417200 -0.12493100 0.00187400
v -0.02414000 -0.12493100 0.00173400
v -0.02414000 -0.12493100 0.00173400
v -0.02414000 -0.12493100 0.00173400
v -0.02414000 -0.12493100 0.00173400
v -0.02414000 -0.12493100 0.00173400
v -0.02410300 -0.12493100 0.00159700
v -0.02410300 -0.12493100 0.00159700
v -0.02410300 -0.12493100 0.00159700
v -0.02405900 -0.12493100 0.00146300
v -0.02405900 -0.12493100 0.00146300
v -0.02405900 -0.12493100 0.00146300
v -0.02401000 -0.12493100 0.00133300
v -0.02401000 -0.12493100 0.00133300
v -0.02401000 -0.12493100 0.00133300
v -0.02395400 -0.12493100 0.00120700
v -0.02395400 -0.12493100 0.00120700
v -0.02395400 -0.12493100 0.00120700
v -0.02389300 -0.12493100 0.00108400
v -0.02389300 -0.12493100 0.00108400
v -0.02389300 -0.12493100 0.00108400
v -0.02382600 -0.12493100 0.00096600
v -0.02382600 -0.12493100 0.00096600
v -0.02382600 -0.12493100 0.00096600
v -0.02375300 -0.12493100 0.00085100
v -0.02375300 -0.12493100 0.00085100
v -0.02375300 -0.12493100 0.00085100
v -0.02375300 -0.12493100 0.00085100
v -0.02367500 -0.12493100 0.00074100
v -0.02367500 -0.12493100 0.00074100
v -0.02367500 -0.12493100 0.00074100
v -0.02367500 -0.12493100 0.00074100
v -0.02359200 -0.12493100 0.00063600
v -0.02359200 -0.12493100 0.00063600
v -0.02359200 -0.12493100 0.00063600
v -0.02350400 -0.12493100 0.00053400
v -0.02350400 -0.12493100 0.00053400
v -0.02350400 -0.12493100 0.00053400
v -0.02350400 -0.12493100 0.00053400
v -0.02350400 -0.12493100 0.00053400
v -0.02341100 -0.12493100 0.00043800
v -0.02341100 -0.12493100 0.00043800
v -0.02341100 -0.12493100 0.00043800
v -0.02341100 -0.12493100 0.00043800
v -0.02331300 -0.12493100 0.00034600
v -0.02331300 -0.12493100 0.00034600
v -0.02331300 -0.12493100 0.00034600
v -0.02321000 -0.12493100 0.00026000
v -0.02321000 -0.12493100 0.00026000
v -0.02321000 -0.12493100 0.00026000
v -0.02310300 -0.12493100 0.00017800
v -0.02310300 -0.12493100 0.00017800
v -0.02310300 -0.12493100 0.00017800
v -0.02299100 -0.12493100 0.00010200
v -0.02299100 -0.12493100 0.00010200
v -0.02299100 -0.12493100 0.00010200
v -0.02299100 -0.12493100 0.00010200
v -0.02287500 -0.12493100 0.00003100
v -0.02287500 -0.12493100 0.00003100
v -0.02287500 -0.12493100 0.00003100
v -0.02287500 -0.12493100 0.00003100
v -0.02287500 -0.12493100 0.00003100
v -0.02275500 -0.12493100 -0.00003400
v -0.02275500 -0.12493100 -0.00003400
v -0.02275500 -0.12493100 -0.00003400
v -0.02275500 -0.12493100 -0.00003400
v -0.02263000 -0.12493100 -0.00009400
v -0.02263000 -0.12493100 -0.00009400
v -0.02263000 -0.12493100 -0.00009400
v -0.02263000 -0.12493100 -0.00009400
v -0.02250200 -0.12493100 -0.00014800
v -0.02250200 -0.12493100 -0.00014800
v -0.02250200 -0.12493100 -0.00014800
v -0.02237000 -0.12493100 -0.00019600
v -0.02237000 -0.12493100 -0.00019600
v -0.02237000 -0.12493100 -0.00019600
v -0.02223400 -0.12493100 -0.00023700
v -0.02223400 -0.12493100 -0.00023700
v -0.02223400 -0.12493100 -0.00023700
v -0.02209500 -0.12493100 -0.00027300
v -0.02209500 -0.12493100 -0.00027300
v -0.02209500 -0.12493100 -0.00027300
v -0.02195200 -0.12493100 -0.00030200
v -0.02195200 -0.12493100 -0.00030200
v -0.02195200 -0.12493100 -0.00030200
v -0.02180600 -0.12493100 -0.00032400
v -0.02180600 -0.12493100 -0.00032400
v -0.02180600 -0.12493100 -0.00032400
v -0.02165700 -0.12493100 -0.00034000
v -0.02165700 -0.12493100 -0.00034000
v -0.02165700 -0.12493100 -0.00034000
v -0.02150500 -0.12493100 -0.00034900
v -0.02150500 -0.12493100 -0.00034900
v -0.02150500 -0.12493100 -0.00034900
v -0.02133600 -0.12493100 -0.00035000
v -0.02133600 -0.12493100 -0.00035000
v -0.02133600 -0.12493100 -0.00035000
v -0.02117100 -0.12493100 -0.00034000
v -0.02117100 -0.12493100 -0.00034000
v -0.02117100 -0.12493100 -0.00034000
v -0.02101100 -0.12493100 -0.00032100
v -0.02101100 -0.12493100 -0.00032100
v -0.02101100 -0.12493100 -0.00032100
v -0.02085600 -0.12493100 -0.00029200
v -0.02085600 -0.12493100 -0.00029200
v -0.02085600 -0.12493100 -0.00029200
v -0.02070500 -0.12493100 -0.00025500
v -0.02070500 -0.12493100 -0.00025500
v -0.02070500 -0.12493100 -0.00025500
v -0.02055800 -0.12493100 -0.00020900
v -0.02055800 -0.12493100 -0.00020900
v -0.02055800 -0.12493100 -0.00020900
v -0.02041600 -0.12493100 -0.00015600
v -0.02041600 -0.12493100 -0.00015600
v -0.02041600 -0.12493100 -0.00015600
v -0.02041600 -0.12493100 -0.00015600
v -0.02027800 -0.12493100 -0.00009600
v -0.02027800 -0.12493100 -0.00009600
v -0.02027800 -0.12493100 -0.00009600
v -0.02027800 -0.12493100 -0.00009600
v -0.02014500 -0.12493100 -0.00003000
v -0.02014500 -0.12493100 -0.00003000
v -0.02014500 -0.12493100 -0.00003000
v -0.02001600 -0.12493100 0.00004300
v -0.02001600 -0.12493100 0.00004300
v -0.02001600 -0.12493100 0.00004300
v -0.01977100 -0.12493100 0.00020300
v -0.01977100 -0.12493100 0.00020300
v -0.01977100 -0.12493100 0.00020300
v -0.01954400 -0.12493100 0.00037900
v -0.01954400 -0.12493100 0.00037900
v -0.01954400 -0.12493100 0.00037900
v -0.01954400 -0.12493100 0.00037900
v -0.01933400 -0.12493100 0.00056800
v -0.01933400 -0.12493100 0.00056800
v -0.01933400 -0.12493100 0.00056800
v -0.01933400 -0.12493100 0.00056800
v -0.01914100 -0.12493100 0.00076500
v -0.01914100 -0.12493100 0.00076500
v -0.01914100 -0.12493100 0.00076500
v -0.01896500 -0.12493100 0.00096500
v -0.01896500 -0.12493100 0.00096500
v -0.01896500 -0.12493100 0.00096500
v -0.01880700 -0.12493100 0.00116300
v -0.01880700 -0.12493100 0.00116300
v -0.01880700 -0.12493100 0.00116300
v -0.01866500 -0.12493100 0.00135500
v -0.01866500 -0.12493100 0.00135500
v -0.01866500 -0.12493100 0.00135500
v -0.01843200 -0.12493100 0.00170400
v -0.01843200 -0.12493100 0.00170400
v -0.01843200 -0.12493100 0.00170400
v -0.01826700 -0.12493100 0.00197500
v -0.01826700 -0.12493100 0.00197500
v -0.01826700 -0.12493100 0.00197500
v -0.01804000 -0.12493100 0.00233500
v -0.01804000 -0.12493100 0.00233500
v -0.01804000 -0.12493100 0.00233500
v -0.01781800 -0.12493100 0.00265600
v -0.01781800 -0.12493100 0.00265600
v -0.01781800 -0.12493100 0.00265600
v -0.01770700 -0.12493100 0.00280000
v -0.01770700 -0.12493100 0.00280000
v -0.01770700 -0.12493100 0.00280000
v -0.01770700 -0.12493100 0.00280000
v -0.01759600 -0.12493100 0.00293300
v -0.01759600 -0.12493100 0.00293300
v -0.01759600 -0.12493100 0.00293300
v -0.01759600 -0.12493100 0.00293300
v -0.01748400 -0.12493100 0.00305400
v -0.01748400 -0.12493100 0.00305400
v -0.01748400 -0.12493100 0.00305400
v -0.01737100 -0.12493100 0.00316400
v -0.01737100 -0.12493100 0.00316400
v -0.01737100 -0.12493100 0.00316400
v -0.01725700 -0.12493100 0.00326200
v -0.01725700 -0.12493100 0.00326200
v -0.01725700 -0.12493100 0.00326200
v -0.01725700 -0.12493100 0.00326200
v -0.01714200 -0.12493100 0.00334700
v -0.01714200 -0.12493100 0.00334700
v -0.01714200 -0.12493100 0.00334700
v -0.01702400 -0.12493100 0.00341900
v -0.01702400 -0.12493100 0.00341900
v -0.01702400 -0.12493100 0.00341900
v -0.01702400 -0.12493100 0.00341900
v -0.01702400 -0.12493100 0.00341900
v -0.01690400 -0.12493100 0.00347800
v -0.01690400 -0.12493100 0.00347800
v -0.01690400 -0.12493100 0.00347800
v -0.01690400 -0.12493100 0.00347800
v -0.01678100 -0.12493100 0.00352300
v -0.01678100 -0.12493100 0.00352300
v -0.01678100 -0.12493100 0.00352300
v -0.01665500 -0.12493100 0.00355500
v -0.01665500 -0.12493100 0.00355500
v -0.01665500 -0.12493100 0.00355500
v -0.01652600 -0.12493100 0.00357200
v -0.01652600 -0.12493100 0.00357200
v -0.01652600 -0.12493100 0.00357200
v -0.01639300 -0.12493100 0.00357500
v -0.01639300 -0.12493100 0.00357500
v -0.01639300 -0.12493100 0.00357500
v -0.01625800 -0.12493100 0.00356300
v -0.01625800 -0.12493100 0.00356300
v -0.01625800 -0.12493100 0.00356300
v -0.01625800 -0.12493100 0.00356300
v -0.01612200 -0.12493100 0.00353800
v -0.01612200 -0.12493100 0.00353800
v -0.01612200 -0.12493100 0.00353800
v -0.01612200 -0.12493100 0.00353800
v -0.01598800 -0.12493100 0.00350000
v -0.01598800 -0.12493100 0.00350000
v -0.01598800 -0.12493100 0.00350000
v -0.01598800 -0.12493100 0.00350000
v -0.01585600 -0.12493100 0.00344900
v -0.01585600 -0.12493100 0.00344900
v -0.01585600 -0.12493100 0.00344900
v -0.01585600 -0.12493100 0.00344900
v -0.01585600 -0.12493100 0.00344900
v -0.01572800 -0.12493100 0.00338600
v -0.01572800 -0.12493100 0.00338600
v -0.01572800 -0.12493100 0.00338600
v -0.01572800 -0.12493100 0.00338600
v -0.01572800 -0.12493100 0.00338600
v -0.01560500 -0.12493100 0.00331100
v -0.01560500 -0.12493100 0.00331100
v -0.01560500 -0.12493100 0.00331100
v -0.01560500 -0.12493100 0.00331100
v -0.01560500 -0.12493100 0.00331100
v -0.01548800 -0.12493100 0.00322400
v -0.01548800 -0.12493100 0.00322400
v -0.01548800 -0.12493100 0.00322400
v -0.01548800 -0.12493100 0.00322400
v -0.01548800 -0.12493100 0.00322400
v -0.01537900 -0.12493100 0.00312700
v -0.01537900 -0.12493100 0.00312700
v -0.01537900 -0.12493100 0.00312700
v -0.01537900 -0.12493100 0.00312700
v -0.01537900 -0.12493100 0.00312700
v -0.01527800 -0.12493100 0.00301900
v -0.01527800 -0.12493100 0.00301900
v -0.01527800 -0.12493100 0.00301900
v -0.01527800 -0.12493100 0.00301900
v -0.01527800 -0.12493100 0.00301900
v -0.01518800 -0.12493100 0.00290000
v -0.01518800 -0.12493100 0.00290000
v -0.01518800 -0.12493100 0.00290000
v -0.01518800 -0.12493100 0.00290000
v -0.01518800 -0.12493100 0.00290000
v -0.01510900 -0.12493100 0.00277200
v -0.01510900 -0.12493100 0.00277200
v -0.01510900 -0.12493100 0.00277200
v -0.01510900 -0.12493100 0.00277200
v -0.01504300 -0.12493100 0.00263500
v -0.01504300 -0.12493100 0.00263500
v -0.01504300 -0.12493100 0.00263500
v -0.01504300 -0.12493100 0.00263500
v -0.01499100 -0.12493100 0.00248800
v -0.01499100 -0.12493100 0.00248800
v -0.01499100 -0.12493100 0.00248800
v -0.01499100 -0.12493100 0.00248800
v -0.01495300 -0.12493100 0.00233200
v -0.01495300 -0.12493100 0.00233200
v -0.01495300 -0.12493100 0.00233200
v -0.01493300 -0.12493100 0.00216900
v -0.01493300 -0.12493100 0.00216900
v -0.01493300 -0.12493100 0.00216900
v -0.01493300 -0.12493100 0.00216900
v -0.01493000 -0.12493100 0.00199700
v -0.01493000 -0.12493100 0.00199700
v -0.01493000 -0.12493100 0.00199700
v -0.01494700 -0.12493100 0.00183200
v -0.01494700 -0.12493100 0.00183200
v -0.01494700 -0.12493100 0.00183200
v -0.01498400 -0.12493100 0.00167900
v -0.01498400 -0.12493100 0.00167900
v -0.01498400 -0.12493100 0.00167900
v -0.01498400 -0.12493100 0.00167900
v -0.01498400 -0.12493100 0.00167900
v -0.01503900 -0.12493100 0.00153800
v -0.01503900 -0.12493100 0.00153800
v -0.01503900 -0.12493100 0.00153800
v -0.01503900 -0.12493100 0.00153800
v -0.01503900 -0.12493100 0.00153800
v -0.01510700 -0.12493100 0.00140900
v -0.01510700 -0.12493100 0.00140900
v -0.01510700 -0.12493100 0.00140900
v -0.01510700 -0.12493100 0.00140900
v -0.01518800 -0.12493100 0.00129200
v -0.01518800 -0.12493100 0.00129200
v -0.01518800 -0.12493100 0.00129200
v -0.01518800 -0.12493100 0.00129200
v -0.01518800 -0.12493100 0.00129200
v -0.01527600 -0.12493100 0.00118600
v -0.01527600 -0.12493100 0.00118600
v -0.01527600 -0.12493100 0.00118600
v -0.01527600 -0.12493100 0.00118600
v -0.01527600 -0.12493100 0.00118600
v -0.01537100 -0.12493100 0.00109000
v -0.01537100 -0.12493100 0.00109000
v -0.01537100 -0.12493100 0.00109000
v -0.01546800 -0.12493100 0.00100600
v -0.01546800 -0.12493100 0.00100600
v -0.01546800 -0.12493100 0.00100600
v -0.01556600 -0.12493100 0.00093200
v -0.01556600 -0.12493100 0.00093200
v -0.01556600 -0.12493100 0.00093200
v -0.01566100 -0.12493100 0.00086900
v -0.01566100 -0.12493100 0.00086900
v -0.01566100 -0.12493100 0.00086900
v -0.01566100 -0.12493100 0.00086900
v -0.01583000 -0.12493100 0.00077200
v -0.01583000 -0.12493100 0.00077200
v -0.01583000 -0.12493100 0.00077200
v -0.01583000 -0.12493100 0.00077200
v -0.01601000 -0.12493100 0.00069000
v -0.01601000 -0.12493100 0.00069000
v -0.01601000 -0.12493100 0.00069000
v -0.01588700 -0.12493100 0.00034300
v -0.01588700 -0.12493100 0.00034300
v -0.01588700 -0.12493100 0.00034300
v -0.01588700 -0.12493100 0.00034300
v -0.01588700 -0.12493100 0.00034300
v -0.01576400 -0.12493100 -0.00000400
v -0.01576400 -0.12493100 -0.00000400
v -0.01576400 -0.12493100 -0.00000400
v -0.01576400 -0.12493100 -0.00000400
v -0.01564100 -0.12493100 -0.00035100
v -0.01564100 -0.12493100 -0.00035100
v -0.01564100 -0.12493100 -0.00035100
v -0.01564100 -0.12493100 -0.00035100
v -0.01551800 -0.12493100 -0.00069800
v -0.01551800 -0.12493100 -0.00069800
v -0.01551800 -0.12493100 -0.00069800
v -0.01540800 -0.12493100 -0.00065700
v -0.01540800 -0.12493100 -0.00065700
v -0.01540800 -0.12493100 -0.00065700
v -0.01540800 -0.12493100 -0.00065700
v -0.01516600 -0.12493100 -0.00054900
v -0.01516600 -0.12493100 -0.00054900
v -0.01516600 -0.12493100 -0.00054900
v -0.01501000 -0.12493100 -0.00046800
v -0.01501000 -0.12493100 -0.00046800
v -0.01501000 -0.12493100 -0.00046800
v -0.01483800 -0.12493100 -0.00036700
v -0.01483800 -0.12493100 -0.00036700
v -0.01483800 -0.12493100 -0.00036700
v -0.01483800 -0.12493100 -0.00036700
v -0.01465500 -0.12493100 -0.00024600
v -0.01465500 -0.12493100 -0.00024600
v -0.01465500 -0.12493100 -0.00024600
v -0.01465500 -0.12493100 -0.00024600
v -0.01446600 -0.12493100 -0.00010200
v -0.01446600 -0.12493100 -0.00010200
v -0.01446600 -0.12493100 -0.00010200
v -0.01427800 -0.12493100 0.00006300
v -0.01427800 -0.12493100 0.00006300
v -0.01427800 -0.12493100 0.00006300
v -0.01427800 -0.12493100 0.00006300
v -0.01409500 -0.12493100 0.00025300
v -0.01409500 -0.12493100 0.00025300
v -0.01409500 -0.12493100 0.00025300
v -0.01409500 -0.12493100 0.00025300
v -0.01392300 -0.12493100 0.00046700
v -0.01392300 -0.12493100 0.00046700
v -0.01392300 -0.12493100 0.00046700
v -0.01392300 -0.12493100 0.00046700
v -0.01384300 -0.12493100 0.00058400
v -0.01384300 -0.12493100 0.00058400
v -0.01384300 -0.12493100 0.00058400
v -0.01384300 -0.12493100 0.00058400
v -0.01376800 -0.12493100 0.00070700
v -0.01376800 -0.12493100 0.00070700
v -0.01376800 -0.12493100 0.00070700
v -0.01369800 -0.12493100 0.00083700
v -0.01369800 -0.12493100 0.00083700
v -0.01369800 -0.12493100 0.00083700
v -0.01369800 -0.12493100 0.00083700
v -0.01363500 -0.12493100 0.00097300
v -0.01363500 -0.12493100 0.00097300
v -0.01363500 -0.12493100 0.00097300
v -0.01363500 -0.12493100 0.00097300
v -0.01357800 -0.12493100 0.00111700
v -0.01357800 -0.12493100 0.00111700
v -0.01357800 -0.12493100 0.00111700
v -0.01357800 -0.12493100 0.00111700
v -0.01352900 -0.12493100 0.00126800
v -0.01352900 -0.12493100 0.00126800
v -0.01352900 -0.12493100 0.00126800
v -0.01352900 -0.12493100 0.00126800
v -0.01348800 -0.12493100 0.00142500
v -0.01348800 -0.12493100 0.00142500
v -0.01348800 -0.12493100 0.00142500
v -0.01348800 -0.12493100 0.00142500
v -0.01345700 -0.12493100 0.00159000
v -0.01345700 -0.12493100 0.00159000
v -0.01345700 -0.12493100 0.00159000
v -0.01343400 -0.12493100 0.00176300
v -0.01343400 -0.12493100 0.00176300
v -0.01343400 -0.12493100 0.00176300
v -0.01342200 -0.12493100 0.00194300
v -0.01342200 -0.12493100 0.00194300
v -0.01342200 -0.12493100 0.00194300
v -0.01342100 -0.12493100 0.00210000
v -0.01342100 -0.12493100 0.00210000
v -0.01342100 -0.12493100 0.00210000
v -0.01342700 -0.12493100 0.00225400
v -0.01342700 -0.12493100 0.00225400
v -0.01342700 -0.12493100 0.00225400
v -0.01344100 -0.12493100 0.00240700
v -0.01344100 -0.12493100 0.00240700
v -0.01344100 -0.12493100 0.00240700
v -0.01344100 -0.12493100 0.00240700
v -0.01346200 -0.12493100 0.00255700
v -0.01346200 -0.12493100 0.00255700
v -0.01346200 -0.12493100 0.00255700
v -0.01346200 -0.12493100 0.00255700
v -0.01349000 -0.12493100 0.00270400
v -0.01349000 -0.12493100 0.00270400
v -0.01349000 -0.12493100 0.00270400
v -0.01352600 -0.12493100 0.00285000
v -0.01352600 -0.12493100 0.00285000
v -0.01352600 -0.12493100 0.00285000
v -0.01356900 -0.12493100 0.00299200
v -0.01356900 -0.12493100 0.00299200
v -0.01356900 -0.12493100 0.00299200
v -0.01356900 -0.12493100 0.00299200
v -0.01361800 -0.12493100 0.00313100
v -0.01361800 -0.12493100 0.00313100
v -0.01361800 -0.12493100 0.00313100
v -0.01361800 -0.12493100 0.00313100
v -0.01367400 -0.12493100 0.00326700
v -0.01367400 -0.12493100 0.00326700
v -0.01367400 -0.12493100 0.00326700
v -0.01367400 -0.12493100 0.00326700
v -0.01373600 -0.12493100 0.00339900
v -0.01373600 -0.12493100 0.00339900
v -0.01373600 -0.12493100 0.00339900
v -0.01373600 -0.12493100 0.00339900
v -0.01380400 -0.12493100 0.00352800
v -0.01380400 -0.12493100 0.00352800
v -0.01380400 -0.12493100 0.00352800
v -0.01387900 -0.12493100 0.00365300
v -0.01387900 -0.12493100 0.00365300
v -0.01387900 -0.12493100 0.00365300
v -0.01387900 -0.12493100 0.00365300
v -0.01387900 -0.12493100 0.00365300
v -0.01395900 -0.12493100 0.00377400
v -0.01395900 -0.12493100 0.00377400
v -0.01395900 -0.12493100 0.00377400
v -0.01395900 -0.12493100 0.00377400
v -0.01404500 -0.12493100 0.00389100
v -0.01404500 -0.12493100 0.00389100
v -0.01404500 -0.12493100 0.00389100
v -0.01404500 -0.12493100 0.00389100
v -0.01413600 -0.12493100 0.00400400
v -0.01413600 -0.12493100 0.00400400
v -0.01413600 -0.12493100 0.00400400
v -0.01413600 -0.12493100 0.00400400
v -0.01413600 -0.12493100 0.00400400
v -0.01423200 -0.12493100 0.00411200
v -0.01423200 -0.12493100 0.00411200
v -0.01423200 -0.12493100 0.00411200
v -0.01433400 -0.12493100 0.00421500
v -0.01433400 -0.12493100 0.00421500
v -0.01433400 -0.12493100 0.00421500
v -0.01433400 -0.12493100 0.00421500
v -0.01444000 -0.12493100 0.00431300
v -0.01444000 -0.12493100 0.00431300
v -0.01444000 -0.12493100 0.00431300
v -0.01455200 -0.12493100 0.00440700
v -0.01455200 -0.12493100 0.00440700
v -0.01455200 -0.12493100 0.00440700
v -0.01455200 -0.12493100 0.00440700
v -0.01466700 -0.12493100 0.00449500
v -0.01466700 -0.12493100 0.00449500
v -0.01466700 -0.12493100 0.00449500
v -0.01478700 -0.12493100 0.00457700
v -0.01478700 -0.12493100 0.00457700
v -0.01478700 -0.12493100 0.00457700
v -0.01478700 -0.12493100 0.00457700
v -0.01478700 -0.12493100 0.00457700
v -0.01491100 -0.12493100 0.00465400
v -0.01491100 -0.12493100 0.00465400
v -0.01491100 -0.12493100 0.00465400
v -0.01491100 -0.12493100 0.00465400
v -0.01503900 -0.12493100 0.00472500
v -0.01503900 -0.12493100 0.00472500
v -0.01503900 -0.12493100 0.00472500
v -0.01503900 -0.12493100 0.00472500
v -0.01503900 -0.12493100 0.00472500
v -0.01517100 -0.12493100 0.00478900
v -0.01517100 -0.12493100 0.00478900
v -0.01517100 -0.12493100 0.00478900
v -0.01517100 -0.12493100 0.00478900
v -0.01517100 -0.12493100 0.00478900
v -0.01530700 -0.12493100 0.00484800
v -0.01530700 -0.12493100 0.00484800
v -0.01530700 -0.12493100 0.00484800
v -0.01544500 -0.12493100 0.00490000
v -0.01544500 -0.12493100 0.00490000
v -0.01544500 -0.12493100 0.00490000
v -0.01558700 -0.12493100 0.00494500
v -0.01558700 -0.12493100 0.00494500
v -0.01558700 -0.12493100 0.00494500
v -0.01573200 -0.12493100 0.00498400
v -0.01573200 -0.12493100 0.00498400
v -0.01573200 -0.12493100 0.00498400
v -0.01573200 -0.12493100 0.00498400
v -0.01588000 -0.12493100 0.00501600
v -0.01588000 -0.12493100 0.00501600
v -0.01588000 -0.12493100 0.00501600
v -0.01603100 -0.12493100 0.00504000
v -0.01603100 -0.12493100 0.00504000
v -0.01603100 -0.12493100 0.00504000
v -0.01618400 -0.12493100 0.00505700
v -0.01618400 -0.12493100 0.00505700
v -0.01618400 -0.12493100 0.00505700
v -0.01633900 -0.12493100 0.00506700
v -0.01633900 -0.12493100 0.00506700
v -0.01633900 -0.12493100 0.00506700
v -0.01650200 -0.12493100 0.00506800
v -0.01650200 -0.12493100 0.00506800
v -0.01650200 -0.12493100 0.00506800
v -0.01666100 -0.12493100 0.00506000
v -0.01666100 -0.12493100 0.00506000
v -0.01666100 -0.12493100 0.00506000
v -0.01681500 -0.12493100 0.00504300
v -0.01681500 -0.12493100 0.00504300
v -0.01681500 -0.12493100 0.00504300
v -0.01696500 -0.12493100 0.00501800
v -0.01696500 -0.12493100 0.00501800
v -0.01696500 -0.12493100 0.00501800
v -0.01711000 -0.12493100 0.00498400
v -0.01711000 -0.12493100 0.00498400
v -0.01711000 -0.12493100 0.00498400
v -0.01725100 -0.12493100 0.00494400
v -0.01725100 -0.12493100 0.00494400
v -0.01725100 -0.12493100 0.00494400
v -0.01738800 -0.12493100 0.00489600
v -0.01738800 -0.12493100 0.00489600
v -0.01738800 -0.12493100 0.00489600
v -0.01752000 -0.12493100 0.00484200
v -0.01752000 -0.12493100 0.00484200
v -0.01752000 -0.12493100 0.00484200
v -0.01752000 -0.12493100 0.00484200
v -0.01752000 -0.12493100 0.00484200
v -0.01764800 -0.12493100 0.00478100
v -0.01764800 -0.12493100 0.00478100
v -0.01764800 -0.12493100 0.00478100
v -0.01764800 -0.12493100 0.00478100
v -0.01777200 -0.12493100 0.00471500
v -0.01777200 -0.12493100 0.00471500
v -0.01777200 -0.12493100 0.00471500
v -0.01800800 -0.12493100 0.00456800
v -0.01800800 -0.12493100 0.00456800
v -0.01800800 -0.12493100 0.00456800
v -0.01822800 -0.12493100 0.00440400
v -0.01822800 -0.12493100 0.00440400
v -0.01822800 -0.12493100 0.00440400
v -0.01822800 -0.12493100 0.00440400
v -0.01843200 -0.12493100 0.00422600
v -0.01843200 -0.12493100 0.00422600
v -0.01843200 -0.12493100 0.00422600
v -0.01843200 -0.12493100 0.00422600
v -0.01862200 -0.12493100 0.00403800
v -0.01862200 -0.12493100 0.00403800
v -0.01862200 -0.12493100 0.00403800
v -0.01879600 -0.12493100 0.00384400
v -0.01879600 -0.12493100 0.00384400
v -0.01879600 -0.12493100 0.00384400
v -0.01895600 -0.12493100 0.00364700
v -0.01895600 -0.12493100 0.00364700
v -0.01895600 -0.12493100 0.00364700
v -0.01895600 -0.12493100 0.00364700
v -0.01910200 -0.12493100 0.00345100
v -0.01910200 -0.12493100 0.00345100
v -0.01910200 -0.12493100 0.00345100
v -0.01935400 -0.12493100 0.00307700
v -0.01935400 -0.12493100 0.00307700
v -0.01935400 -0.12493100 0.00307700
v -0.01955600 -0.12493100 0.00275100
v -0.01955600 -0.12493100 0.00275100
v -0.01955600 -0.12493100 0.00275100
v -0.01979800 -0.12493100 0.00237100
v -0.01979800 -0.12493100 0.00237100
v -0.01979800 -0.12493100 0.00237100
v -0.01991900 -0.12493100 0.00220000
v -0.01991900 -0.12493100 0.00220000
v -0.01991900 -0.12493100 0.00220000
v -0.02003800 -0.12493100 0.00204100
v -0.02003800 -0.12493100 0.00204100
v -0.02003800 -0.12493100 0.00204100
v -0.02015800 -0.12493100 0.00189500
v -0.02015800 -0.12493100 0.00189500
v -0.02015800 -0.12493100 0.00189500
v -0.02027700 -0.12493100 0.00176200
v -0.02027700 -0.12493100 0.00176200
v -0.02027700 -0.12493100 0.00176200
v -0.02039500 -0.12493100 0.00164200
v -0.02039500 -0.12493100 0.00164200
v -0.02039500 -0.12493100 0.00164200
v -0.02039500 -0.12493100 0.00164200
v -0.02051300 -0.12493100 0.00153400
v -0.02051300 -0.12493100 0.00153400
v -0.02051300 -0.12493100 0.00153400
v -0.02051300 -0.12493100 0.00153400
v -0.02051300 -0.12493100 0.00153400
v -0.02063100 -0.12493100 0.00143900
v -0.02063100 -0.12493100 0.00143900
v -0.02063100 -0.12493100 0.00143900
v -0.02063100 -0.12493100 0.00143900
v -0.02074900 -0.12493100 0.00135700
v -0.02074900 -0.12493100 0.00135700
v -0.02074900 -0.12493100 0.00135700
v -0.02086600 -0.12493100 0.00128800
v -0.02086600 -0.12493100 0.00128800
v -0.02086600 -0.12493100 0.00128800
v -0.02098300 -0.12493100 0.00123300
v -0.02098300 -0.12493100 0.00123300
v -0.02098300 -0.12493100 0.00123300
v -0.02098300 -0.12493100 0.00123300
v -0.02110000 -0.12493100 0.00119000
v -0.02110000 -0.12493100 0.00119000
v -0.02110000 -0.12493100 0.00119000
v -0.02121700 -0.12493100 0.00116100
v -0.02121700 -0.12493100 0.00116100
v -0.02121700 -0.12493100 0.00116100
v -0.02133400 -0.12493100 0.00114500
v -0.02133400 -0.12493100 0.00114500
v -0.02133400 -0.12493100 0.00114500
v -0.02145100 -0.12493100 0.00114300
v -0.02145100 -0.12493100 0.00114300
v -0.02145100 -0.12493100 0.00114300
v -0.02156500 -0.12493100 0.00115100
v -0.02156500 -0.12493100 0.00115100
v -0.02156500 -0.12493100 0.00115100
v -0.02167900 -0.12493100 0.00116900
v -0.02167900 -0.12493100 0.00116900
v -0.02167900 -0.12493100 0.00116900
v -0.02179400 -0.12493100 0.00119700
v -0.02179400 -0.12493100 0.00119700
v -0.02179400 -0.12493100 0.00119700
v -0.02190800 -0.12493100 0.00123500
v -0.02190800 -0.12493100 0.00123500
v -0.02190800 -0.12493100 0.00123500
v -0.02190800 -0.12493100 0.00123500
v -0.02201900 -0.12493100 0.00128300
v -0.02201900 -0.12493100 0.00128300
v -0.02201900 -0.12493100 0.00128300
v -0.02201900 -0.12493100 0.00128300
v -0.02212700 -0.12493100 0.00134200
v -0.02212700 -0.12493100 0.00134200
v -0.02212700 -0.12493100 0.00134200
v -0.02212700 -0.12493100 0.00134200
v -0.02212700 -0.12493100 0.00134200
v -0.02222900 -0.12493100 0.00141200
v -0.02222900 -0.12493100 0.00141200
v -0.02222900 -0.12493100 0.00141200
v -0.02232500 -0.12493100 0.00149200
v -0.02232500 -0.12493100 0.00149200
v -0.02232500 -0.12493100 0.00149200
v -0.02232500 -0.12493100 0.00149200
v -0.02232500 -0.12493100 0.00149200
v -0.02241400 -0.12493100 0.00158400
v -0.02241400 -0.12493100 0.00158400
v -0.02241400 -0.12493100 0.00158400
v -0.02241400 -0.12493100 0.00158400
v -0.02249500 -0.12493100 0.00168700
v -0.02249500 -0.12493100 0.00168700
v -0.02249500 -0.12493100 0.00168700
v -0.02249500 -0.12493100 0.00168700
v -0.02256500 -0.12493100 0.00180300
v -0.02256500 -0.12493100 0.00180300
v -0.02256500 -0.12493100 0.00180300
v -0.02262400 -0.12493100 0.00193000
v -0.02262400 -0.12493100 0.00193000
v -0.02262400 -0.12493100 0.00193000
v -0.02267100 -0.12493100 0.00206900
v -0.02267100 -0.12493100 0.00206900
v -0.02267100 -0.12493100 0.00206900
v -0.02267100 -0.12493100 0.00206900
v -0.02270400 -0.12493100 0.00222200
v -0.02270400 -0.12493100 0.00222200
v -0.02270400 -0.12493100 0.00222200
v -0.02270400 -0.12493100 0.00222200
v -0.02270400 -0.12493100 0.00222200
v -0.02272200 -0.12493100 0.00238700
v -0.02272200 -0.12493100 0.00238700
v -0.02272200 -0.12493100 0.00238700
v -0.02272200 -0.12493100 0.00238700
v -0.02272400 -0.12563200 0.00256500
v -0.02272400 -0.12563200 0.00256500
v -0.02272400 -0.12563200 0.00256500
v -0.02272400 -0.12563200 0.00256500
v -0.02272400 -0.12563200 0.00256500
v -0.02271000 -0.12563200 0.00269900
v -0.02271000 -0.12563200 0.00269900
v -0.02271000 -0.12563200 0.00269900
v -0.02271000 -0.12563200 0.00269900
v -0.02268200 -0.12563200 0.00283100
v -0.02268200 -0.12563200 0.00283100
v -0.02268200 -0.12563200 0.00283100
v -0.02268200 -0.12563200 0.00283100
v -0.02268200 -0.12563200 0.00283100
v -0.02263900 -0.12563200 0.00295900
v -0.02263900 -0.12563200 0.00295900
v -0.02263900 -0.12563200 0.00295900
v -0.02263900 -0.12563200 0.00295900
v -0.02263900 -0.12563200 0.00295900
v -0.02258500 -0.12563200 0.00308400
v -0.02258500 -0.12563200 0.00308400
v -0.02258500 -0.12563200 0.00308400
v -0.02258500 -0.12563200 0.00308400
v -0.02258500 -0.12563200 0.00308400
v -0.02252100 -0.12563200 0.00320400
v -0.02252100 -0.12563200 0.00320400
v -0.02252100 -0.12563200 0.00320400
v -0.02252100 -0.12563200 0.00320400
v -0.02244800 -0.12563200 0.00331900
v -0.02244800 -0.12563200 0.00331900
v -0.02244800 -0.12563200 0.00331900
v -0.02236900 -0.12563200 0.00342900
v -0.02236900 -0.12563200 0.00342900
v -0.02236900 -0.12563200 0.00342900
v -0.02236900 -0.12563200 0.00342900
v -0.02236900 -0.12563200 0.00342900
v -0.02228500 -0.12563200 0.00353300
v -0.02228500 -0.12563200 0.00353300
v -0.02228500 -0.12563200 0.00353300
v -0.02228500 -0.12563200 0.00353300
v -0.02211000 -0.12563200 0.00372200
v -0.02211000 -0.12563200 0.00372200
v -0.02211000 -0.12563200 0.00372200
v -0.02211000 -0.12563200 0.00372200
v -0.02193800 -0.12563200 0.00388100
v -0.02193800 -0.12563200 0.00388100
v -0.02193800 -0.12563200 0.00388100
v -0.02193800 -0.12563200 0.00388100
v -0.02178100 -0.12563200 0.00400600
v -0.02178100 -0.12563200 0.00400600
v -0.02178100 -0.12563200 0.00400600
v -0.02165500 -0.12563200 0.00409400
v -0.02165500 -0.12563200 0.00409400
v -0.02165500 -0.12563200 0.00409400
v -0.02185400 -0.12563200 0.00441100
v -0.02185400 -0.12563200 0.00441100
v -0.02185400 -0.12563200 0.00441100
v -0.02185400 -0.12563200 0.00441100
v -0.02205200 -0.12563200 0.00472900
v -0.02205200 -0.12563200 0.00472900
v -0.02225100 -0.12563200 0.00504600
v -0.02225100 -0.12563200 0.00504600
v -0.02225100 -0.12563200 0.00504600
v -0.02244900 -0.12563200 0.00536300
v -0.02244900 -0.12563200 0.00536300
v -0.02244900 -0.12563200 0.00536300
v -0.02254300 -0.12563200 0.00530200
v -0.02254300 -0.12563200 0.00530200
v -0.02254300 -0.12563200 0.00530200
v -0.02274800 -0.12563200 0.00515400
v -0.02274800 -0.12563200 0.00515400
v -0.02274800 -0.12563200 0.00515400
v -0.02288100 -0.12563200 0.00504800
v -0.02288100 -0.12563200 0.00504800
v -0.02288100 -0.12563200 0.00504800
v -0.02302700 -0.12563200 0.00492200
v -0.02302700 -0.12563200 0.00492200
v -0.02302700 -0.12563200 0.00492200
v -0.02318300 -0.12563200 0.00477600
v -0.02318300 -0.12563200 0.00477600
v -0.02318300 -0.12563200 0.00477600
v -0.02334300 -0.12563200 0.00460900
v -0.02334300 -0.12563200 0.00460900
v -0.02334300 -0.12563200 0.00460900
v -0.02350300 -0.12563200 0.00442400
v -0.02350300 -0.12563200 0.00442400
v -0.02350300 -0.12563200 0.00442400
v -0.02350300 -0.12563200 0.00442400
v -0.02350300 -0.12563200 0.00442400
v -0.02365800 -0.12563200 0.00421900
v -0.02365800 -0.12563200 0.00421900
v -0.02365800 -0.12563200 0.00421900
v -0.02365800 -0.12563200 0.00421900
v -0.02380300 -0.12563200 0.00399600
v -0.02380300 -0.12563200 0.00399600
v -0.02380300 -0.12563200 0.00399600
v -0.02393500 -0.12563200 0.00375500
v -0.02393500 -0.12563200 0.00375500
v -0.02393500 -0.12563200 0.00375500
v -0.02393500 -0.12563200 0.00375500
v -0.02404800 -0.12563200 0.00349700
v -0.02404800 -0.12563200 0.00349700
v -0.02404800 -0.12563200 0.00349700
v -0.02404800 -0.12563200 0.00349700
v -0.02409600 -0.12563200 0.00336100
v -0.02409600 -0.12563200 0.00336100
v -0.02409600 -0.12563200 0.00336100
v -0.02413800 -0.12563200 0.00322100
v -0.02413800 -0.12563200 0.00322100
v -0.02413800 -0.12563200 0.00322100
v -0.02413800 -0.12563200 0.00322100
v -0.02417300 -0.12563200 0.00307700
v -0.02417300 -0.12563200 0.00307700
v -0.02417300 -0.12563200 0.00307700
v -0.02417300 -0.12563200 0.00307700
v -0.02420000 -0.12563200 0.00292800
v -0.02420000 -0.12563200 0.00292800
v -0.02420000 -0.12563200 0.00292800
v -0.02420000 -0.12563200 0.00292800
v -0.02421900 -0.12563200 0.00277600
v -0.02421900 -0.12563200 0.00277600
v -0.02421900 -0.12563200 0.00277600
v -0.02422900 -0.12563200 0.00261900
v -0.02422900 -0.12563200 0.00261900
v -0.02422900 -0.12563200 0.00261900
v -0.02422900 -0.12563200 0.00261900
v -0.02423100 -0.12563200 0.00246500
v -0.02423100 -0.12563200 0.00246500
v -0.02423100 -0.12563200 0.00246500
v -0.02423100 -0.12563200 0.00246500
v -0.02422700 -0.12563200 0.00231300
v -0.02422700 -0.12563200 0.00231300
v -0.02422700 -0.12563200 0.00231300
v -0.02422700 -0.12563200 0.00231300
v -0.02421500 -0.12563200 0.00216400
v -0.02421500 -0.12563200 0.00216400
v -0.02421500 -0.12563200 0.00216400
v -0.02419700 -0.12563200 0.00201700
v -0.02419700 -0.12563200 0.00201700
v -0.02419700 -0.12563200 0.00201700
v -0.02419700 -0.12563200 0.00201700
v -0.02417200 -0.12563200 0.00187400
v -0.02417200 -0.12563200 0.00187400
v -0.02417200 -0.12563200 0.00187400
v -0.02417200 -0.12563200 0.00187400
v -0.02414000 -0.12563200 0.00173400
v -0.02414000 -0.12563200 0.00173400
v -0.02414000 -0.12563200 0.00173400
v -0.02414000 -0.12563200 0.00173400
v -0.02410300 -0.12563200 0.00159700
v -0.02410300 -0.12563200 0.00159700
v -0.02410300 -0.12563200 0.00159700
v -0.02405900 -0.12563200 0.00146300
v -0.02405900 -0.12563200 0.00146300
v -0.02405900 -0.12563200 0.00146300
v -0.02401000 -0.12563200 0.00133300
v -0.02401000 -0.12563200 0.00133300
v -0.02401000 -0.12563200 0.00133300
v -0.02395400 -0.12563200 0.00120700
v -0.02395400 -0.12563200 0.00120700
v -0.02395400 -0.12563200 0.00120700
v -0.02389300 -0.12563200 0.00108400
v -0.02389300 -0.12563200 0.00108400
v -0.02389300 -0.12563200 0.00108400
v -0.02382600 -0.12563200 0.00096600
v -0.02382600 -0.12563200 0.00096600
v -0.02382600 -0.12563200 0.00096600
v -0.02375300 -0.12563200 0.00085100
v -0.02375300 -0.12563200 0.00085100
v -0.02375300 -0.12563200 0.00085100
v -0.02375300 -0.12563200 0.00085100
v -0.02367500 -0.12563200 0.00074100
v -0.02367500 -0.12563200 0.00074100
v -0.02367500 -0.12563200 0.00074100
v -0.02367500 -0.12563200 0.00074100
v -0.02359200 -0.12563200 0.00063600
v -0.02359200 -0.12563200 0.00063600
v -0.02359200 -0.12563200 0.00063600
v -0.02359200 -0.12563200 0.00063600
v -0.02350400 -0.12563200 0.00053400
v -0.02350400 -0.12563200 0.00053400
v -0.02350400 -0.12563200 0.00053400
v -0.02350400 -0.12563200 0.00053400
v -0.02341100 -0.12563200 0.00043800
v -0.02341100 -0.12563200 0.00043800
v -0.02341100 -0.12563200 0.00043800
v -0.02331300 -0.12563200 0.00034600
v -0.02331300 -0.12563200 0.00034600
v -0.02331300 -0.12563200 0.00034600
v -0.02331300 -0.12563200 0.00034600
v -0.02321000 -0.12563200 0.00026000
v -0.02321000 -0.12563200 0.00026000
v -0.02321000 -0.12563200 0.00026000
v -0.02310300 -0.12563200 0.00017800
v -0.02310300 -0.12563200 0.00017800
v -0.02310300 -0.12563200 0.00017800
v -0.02299100 -0.12563200 0.00010200
v -0.02299100 -0.12563200 0.00010200
v -0.02299100 -0.12563200 0.00010200
v -0.02287500 -0.12563200 0.00003100
v -0.02287500 -0.12563200 0.00003100
v -0.02287500 -0.12563200 0.00003100
v -0.02275500 -0.12563200 -0.00003400
v -0.02275500 -0.12563200 -0.00003400
v -0.02275500 -0.12563200 -0.00003400
v -0.02275500 -0.12563200 -0.00003400
v -0.02263000 -0.12563200 -0.00009400
v -0.02263000 -0.12563200 -0.00009400
v -0.02263000 -0.12563200 -0.00009400
v -0.02263000 -0.12563200 -0.00009400
v -0.02250200 -0.12563200 -0.00014800
v -0.02250200 -0.12563200 -0.00014800
v -0.02250200 -0.12563200 -0.00014800
v -0.02250200 -0.12563200 -0.00014800
v -0.02250200 -0.12563200 -0.00014800
v -0.02237000 -0.12563200 -0.00019600
v -0.02237000 -0.12563200 -0.00019600
v -0.02237000 -0.12563200 -0.00019600
v -0.02223400 -0.12563200 -0.00023700
v -0.02223400 -0.12563200 -0.00023700
v -0.02223400 -0.12563200 -0.00023700
v -0.02209500 -0.12563200 -0.00027300
v -0.02209500 -0.12563200 -0.00027300
v -0.02209500 -0.12563200 -0.00027300
v -0.02195200 -0.12563200 -0.00030200
v -0.02195200 -0.12563200 -0.00030200
v -0.02195200 -0.12563200 -0.00030200
v -0.02180600 -0.12563200 -0.00032400
v -0.02180600 -0.12563200 -0.00032400
v -0.02180600 -0.12563200 -0.00032400
v -0.02165700 -0.12563200 -0.00034000
v -0.02165700 -0.12563200 -0.00034000
v -0.02165700 -0.12563200 -0.00034000
v -0.02150500 -0.12563200 -0.00034900
v -0.02150500 -0.12563200 -0.00034900
v -0.02150500 -0.12563200 -0.00034900
v -0.02133600 -0.12563200 -0.00035000
v -0.02133600 -0.12563200 -0.00035000
v -0.02133600 -0.12563200 -0.00035000
v -0.02117100 -0.12563200 -0.00034000
v -0.02117100 -0.12563200 -0.00034000
v -0.02117100 -0.12563200 -0.00034000
v -0.02101100 -0.12563200 -0.00032100
v -0.02101100 -0.12563200 -0.00032100
v -0.02101100 -0.12563200 -0.00032100
v -0.02085600 -0.12563200 -0.00029200
v -0.02085600 -0.12563200 -0.00029200
v -0.02085600 -0.12563200 -0.00029200
v -0.02070500 -0.12563200 -0.00025500
v -0.02070500 -0.12563200 -0.00025500
v -0.02070500 -0.12563200 -0.00025500
v -0.02055800 -0.12563200 -0.00020900
v -0.02055800 -0.12563200 -0.00020900
v -0.02055800 -0.12563200 -0.00020900
v -0.02041600 -0.12563200 -0.00015600
v -0.02041600 -0.12563200 -0.00015600
v -0.02041600 -0.12563200 -0.00015600
v -0.02027800 -0.12563200 -0.00009600
v -0.02027800 -0.12563200 -0.00009600
v -0.02027800 -0.12563200 -0.00009600
v -0.02027800 -0.12563200 -0.00009600
v -0.02014500 -0.12563200 -0.00003000
v -0.02014500 -0.12563200 -0.00003000
v -0.02014500 -0.12563200 -0.00003000
v -0.02001600 -0.12563200 0.00004300
v -0.02001600 -0.12563200 0.00004300
v -0.02001600 -0.12563200 0.00004300
v -0.02001600 -0.12563200 0.00004300
v -0.01977100 -0.12563200 0.00020300
v -0.01977100 -0.12563200 0.00020300
v -0.01977100 -0.12563200 0.00020300
v -0.01954400 -0.12563200 0.00037900
v -0.01954400 -0.12563200 0.00037900
v -0.01954400 -0.12563200 0.00037900
v -0.01933400 -0.12563200 0.00056800
v -0.01933400 -0.12563200 0.00056800
v -0.01933400 -0.12563200 0.00056800
v -0.01933400 -0.12563200 0.00056800
v -0.01914100 -0.12563200 0.00076500
v -0.01914100 -0.12563200 0.00076500
v -0.01914100 -0.12563200 0.00076500
v -0.01914100 -0.12563200 0.00076500
v -0.01896500 -0.12563200 0.00096500
v -0.01896500 -0.12563200 0.00096500
v -0.01896500 -0.12563200 0.00096500
v -0.01896500 -0.12563200 0.00096500
v -0.01896500 -0.12563200 0.00096500
v -0.01880700 -0.12563200 0.00116300
v -0.01880700 -0.12563200 0.00116300
v -0.01880700 -0.12563200 0.00116300
v -0.01880700 -0.12563200 0.00116300
v -0.01880700 -0.12563200 0.00116300
v -0.01866500 -0.12563200 0.00135500
v -0.01866500 -0.12563200 0.00135500
v -0.01866500 -0.12563200 0.00135500
v -0.01843200 -0.12563200 0.00170400
v -0.01843200 -0.12563200 0.00170400
v -0.01843200 -0.12563200 0.00170400
v -0.01826700 -0.12563200 0.00197500
v -0.01826700 -0.12563200 0.00197500
v -0.01826700 -0.12563200 0.00197500
v -0.01804000 -0.12563200 0.00233500
v -0.01804000 -0.12563200 0.00233500
v -0.01804000 -0.12563200 0.00233500
v -0.01781800 -0.12563200 0.00265600
v -0.01781800 -0.12563200 0.00265600
v -0.01781800 -0.12563200 0.00265600
v -0.01770700 -0.12563200 0.00280000
v -0.01770700 -0.12563200 0.00280000
v -0.01770700 -0.12563200 0.00280000
v -0.01759600 -0.12563200 0.00293300
v -0.01759600 -0.12563200 0.00293300
v -0.01759600 -0.12563200 0.00293300
v -0.01748400 -0.12563200 0.00305400
v -0.01748400 -0.12563200 0.00305400
v -0.01748400 -0.12563200 0.00305400
v -0.01737100 -0.12563200 0.00316400
v -0.01737100 -0.12563200 0.00316400
v -0.01737100 -0.12563200 0.00316400
v -0.01737100 -0.12563200 0.00316400
v -0.01737100 -0.12563200 0.00316400
v -0.01725700 -0.12563200 0.00326200
v -0.01725700 -0.12563200 0.00326200
v -0.01725700 -0.12563200 0.00326200
v -0.01725700 -0.12563200 0.00326200
v -0.01725700 -0.12563200 0.00326200
v -0.01714200 -0.12563200 0.00334700
v -0.01714200 -0.12563200 0.00334700
v -0.01714200 -0.12563200 0.00334700
v -0.01702400 -0.12563200 0.00341900
v -0.01702400 -0.12563200 0.00341900
v -0.01702400 -0.12563200 0.00341900
v -0.01702400 -0.12563200 0.00341900
v -0.01702400 -0.12563200 0.00341900
v -0.01690400 -0.12563200 0.00347800
v -0.01690400 -0.12563200 0.00347800
v -0.01690400 -0.12563200 0.00347800
v -0.01678100 -0.12563200 0.00352300
v -0.01678100 -0.12563200 0.00352300
v -0.01678100 -0.12563200 0.00352300
v -0.01665500 -0.12563200 0.00355500
v -0.01665500 -0.12563200 0.00355500
v -0.01665500 -0.12563200 0.00355500
v -0.01652600 -0.12563200 0.00357200
v -0.01652600 -0.12563200 0.00357200
v -0.01652600 -0.12563200 0.00357200
v -0.01639300 -0.12563200 0.00357500
v -0.01639300 -0.12563200 0.00357500
v -0.01639300 -0.12563200 0.00357500
v -0.01625800 -0.12563200 0.00356300
v -0.01625800 -0.12563200 0.00356300
v -0.01625800 -0.12563200 0.00356300
v -0.01612200 -0.12563200 0.00353800
v -0.01612200 -0.12563200 0.00353800
v -0.01612200 -0.12563200 0.00353800
v -0.01598800 -0.12563200 0.00350000
v -0.01598800 -0.12563200 0.00350000
v -0.01598800 -0.12563200 0.00350000
v -0.01598800 -0.12563200 0.00350000
v -0.01585600 -0.12563200 0.00344900
v -0.01585600 -0.12563200 0.00344900
v -0.01585600 -0.12563200 0.00344900
v -0.01585600 -0.12563200 0.00344900
v -0.01572800 -0.12563200 0.00338600
v -0.01572800 -0.12563200 0.00338600
v -0.01572800 -0.12563200 0.00338600
v -0.01572800 -0.12563200 0.00338600
v -0.01572800 -0.12563200 0.00338600
v -0.01560500 -0.12563200 0.00331100
v -0.01560500 -0.12563200 0.00331100
v -0.01560500 -0.12563200 0.00331100
v -0.01560500 -0.12563200 0.00331100
v -0.01560500 -0.12563200 0.00331100
v -0.01548800 -0.12563200 0.00322400
v -0.01548800 -0.12563200 0.00322400
v -0.01548800 -0.12563200 0.00322400
v -0.01548800 -0.12563200 0.00322400
v -0.01548800 -0.12563200 0.00322400
v -0.01537900 -0.12563200 0.00312700
v -0.01537900 -0.12563200 0.00312700
v -0.01537900 -0.12563200 0.00312700
v -0.01537900 -0.12563200 0.00312700
v -0.01527800 -0.12563200 0.00301900
v -0.01527800 -0.12563200 0.00301900
v -0.01527800 -0.12563200 0.00301900
v -0.01527800 -0.12563200 0.00301900
v -0.01518800 -0.12563200 0.00290000
v -0.01518800 -0.12563200 0.00290000
v -0.01518800 -0.12563200 0.00290000
v -0.01518800 -0.12563200 0.00290000
v -0.01510900 -0.12563200 0.00277200
v -0.01510900 -0.12563200 0.00277200
v -0.01510900 -0.12563200 0.00277200
v -0.01504300 -0.12563200 0.00263500
v -0.01504300 -0.12563200 0.00263500
v -0.01504300 -0.12563200 0.00263500
v -0.01499100 -0.12563200 0.00248800
v -0.01499100 -0.12563200 0.00248800
v -0.01499100 -0.12563200 0.00248800
v -0.01499100 -0.12563200 0.00248800
v -0.01499100 -0.12563200 0.00248800
v -0.01495300 -0.12563200 0.00233200
v -0.01495300 -0.12563200 0.00233200
v -0.01495300 -0.12563200 0.00233200
v -0.01495300 -0.12563200 0.00233200
v -0.01493300 -0.12563200 0.00216900
v -0.01493300 -0.12563200 0.00216900
v -0.01493300 -0.12563200 0.00216900
v -0.01493300 -0.12563200 0.00216900
v -0.01493300 -0.12563200 0.00216900
v -0.01493000 -0.12563200 0.00199700
v -0.01493000 -0.12563200 0.00199700
v -0.01493000 -0.12563200 0.00199700
v -0.01494700 -0.12563200 0.00183200
v -0.01494700 -0.12563200 0.00183200
v -0.01494700 -0.12563200 0.00183200
v -0.01498400 -0.12563200 0.00167900
v -0.01498400 -0.12563200 0.00167900
v -0.01498400 -0.12563200 0.00167900
v -0.01498400 -0.12563200 0.00167900
v -0.01503900 -0.12563200 0.00153800
v -0.01503900 -0.12563200 0.00153800
v -0.01503900 -0.12563200 0.00153800
v -0.01503900 -0.12563200 0.00153800
v -0.01510700 -0.12563200 0.00140900
v -0.01510700 -0.12563200 0.00140900
v -0.01510700 -0.12563200 0.00140900
v -0.01510700 -0.12563200 0.00140900
v -0.01510700 -0.12563200 0.00140900
v -0.01518800 -0.12563200 0.00129200
v -0.01518800 -0.12563200 0.00129200
v -0.01518800 -0.12563200 0.00129200
v -0.01518800 -0.12563200 0.00129200
v -0.01518800 -0.12563200 0.00129200
v -0.01527600 -0.12563200 0.00118600
v -0.01527600 -0.12563200 0.00118600
v -0.01527600 -0.12563200 0.00118600
v -0.01527600 -0.12563200 0.00118600
v -0.01537100 -0.12563200 0.00109000
v -0.01537100 -0.12563200 0.00109000
v -0.01537100 -0.12563200 0.00109000
v -0.01537100 -0.12563200 0.00109000
v -0.01546800 -0.12563200 0.00100600
v -0.01546800 -0.12563200 0.00100600
v -0.01546800 -0.12563200 0.00100600
v -0.01546800 -0.12563200 0.00100600
v -0.01556600 -0.12563200 0.00093200
v -0.01556600 -0.12563200 0.00093200
v -0.01556600 -0.12563200 0.00093200
v -0.01556600 -0.12563200 0.00093200
v -0.01566100 -0.12563200 0.00086900
v -0.01566100 -0.12563200 0.00086900
v -0.01566100 -0.12563200 0.00086900
v -0.01566100 -0.12563200 0.00086900
v -0.01583000 -0.12563200 0.00077200
v -0.01583000 -0.12563200 0.00077200
v -0.01583000 -0.12563200 0.00077200
v -0.01601000 -0.12563200 0.00069000
v -0.01601000 -0.12563200 0.00069000
v -0.01601000 -0.12563200 0.00069000
v -0.01588700 -0.12563200 0.00034300
v -0.01588700 -0.12563200 0.00034300
v -0.01588700 -0.12563200 0.00034300
v -0.01588700 -0.12563200 0.00034300
v -0.01576400 -0.12563200 -0.00000400
v -0.01576400 -0.12563200 -0.00000400
v -0.01576400 -0.12563200 -0.00000400
v -0.01564100 -0.12563200 -0.00035100
v -0.01564100 -0.12563200 -0.00035100
v -0.01564100 -0.12563200 -0.00035100
v -0.01551800 -0.12563200 -0.00069800
v -0.01551800 -0.12563200 -0.00069800
v -0.01551800 -0.12563200 -0.00069800
v -0.01540800 -0.12563200 -0.00065700
v -0.01540800 -0.12563200 -0.00065700
v -0.01540800 -0.12563200 -0.00065700
v -0.01540800 -0.12563200 -0.00065700
v -0.01516600 -0.12563200 -0.00054900
v -0.01516600 -0.12563200 -0.00054900
v -0.01516600 -0.12563200 -0.00054900
v -0.01501000 -0.12563200 -0.00046800
v -0.01501000 -0.12563200 -0.00046800
v -0.01501000 -0.12563200 -0.00046800
v -0.01483800 -0.12563200 -0.00036700
v -0.01483800 -0.12563200 -0.00036700
v -0.01483800 -0.12563200 -0.00036700
v -0.01465500 -0.12563200 -0.00024600
v -0.01465500 -0.12563200 -0.00024600
v -0.01465500 -0.12563200 -0.00024600
v -0.01446600 -0.12563200 -0.00010200
v -0.01446600 -0.12563200 -0.00010200
v -0.01446600 -0.12563200 -0.00010200
v -0.01446600 -0.12563200 -0.00010200
v -0.01427800 -0.12563200 0.00006300
v -0.01427800 -0.12563200 0.00006300
v -0.01427800 -0.12563200 0.00006300
v -0.01409500 -0.12563200 0.00025300
v -0.01409500 -0.12563200 0.00025300
v -0.01409500 -0.12563200 0.00025300
v -0.01392300 -0.12563200 0.00046700
v -0.01392300 -0.12563200 0.00046700
v -0.01392300 -0.12563200 0.00046700
v -0.01392300 -0.12563200 0.00046700
v -0.01392300 -0.12563200 0.00046700
v -0.01384300 -0.12563200 0.00058400
v -0.01384300 -0.12563200 0.00058400
v -0.01384300 -0.12563200 0.00058400
v -0.01384300 -0.12563200 0.00058400
v -0.01384300 -0.12563200 0.00058400
v -0.01376800 -0.12563200 0.00070700
v -0.01376800 -0.12563200 0.00070700
v -0.01376800 -0.12563200 0.00070700
v -0.01369800 -0.12563200 0.00083700
v -0.01369800 -0.12563200 0.00083700
v -0.01369800 -0.12563200 0.00083700
v -0.01369800 -0.12563200 0.00083700
v -0.01363500 -0.12563200 0.00097300
v -0.01363500 -0.12563200 0.00097300
v -0.01363500 -0.12563200 0.00097300
v -0.01363500 -0.12563200 0.00097300
v -0.01357800 -0.12563200 0.00111700
v -0.01357800 -0.12563200 0.00111700
v -0.01357800 -0.12563200 0.00111700
v -0.01352900 -0.12563200 0.00126800
v -0.01352900 -0.12563200 0.00126800
v -0.01352900 -0.12563200 0.00126800
v -0.01352900 -0.12563200 0.00126800
v -0.01348800 -0.12563200 0.00142500
v -0.01348800 -0.12563200 0.00142500
v -0.01348800 -0.12563200 0.00142500
v -0.01345700 -0.12563200 0.00159000
v -0.01345700 -0.12563200 0.00159000
v -0.01345700 -0.12563200 0.00159000
v -0.01343400 -0.12563200 0.00176300
v -0.01343400 -0.12563200 0.00176300
v -0.01343400 -0.12563200 0.00176300
v -0.01342200 -0.12563200 0.00194300
v -0.01342200 -0.12563200 0.00194300
v -0.01342200 -0.12563200 0.00194300
v -0.01342100 -0.12563200 0.00210000
v -0.01342100 -0.12563200 0.00210000
v -0.01342100 -0.12563200 0.00210000
v -0.01342700 -0.12563200 0.00225400
v -0.01342700 -0.12563200 0.00225400
v -0.01342700 -0.12563200 0.00225400
v -0.01344100 -0.12563200 0.00240700
v -0.01344100 -0.12563200 0.00240700
v -0.01344100 -0.12563200 0.00240700
v -0.01344100 -0.12563200 0.00240700
v -0.01346200 -0.12563200 0.00255700
v -0.01346200 -0.12563200 0.00255700
v -0.01346200 -0.12563200 0.00255700
v -0.01346200 -0.12563200 0.00255700
v -0.01346200 -0.12563200 0.00255700
v -0.01349000 -0.12563200 0.00270400
v -0.01349000 -0.12563200 0.00270400
v -0.01349000 -0.12563200 0.00270400
v -0.01352600 -0.12563200 0.00285000
v -0.01352600 -0.12563200 0.00285000
v -0.01352600 -0.12563200 0.00285000
v -0.01352600 -0.12563200 0.00285000
v -0.01352600 -0.12563200 0.00285000
v -0.01356900 -0.12563200 0.00299200
v -0.01356900 -0.12563200 0.00299200
v -0.01356900 -0.12563200 0.00299200
v -0.01356900 -0.12563200 0.00299200
v -0.01361800 -0.12563200 0.00313100
v -0.01361800 -0.12563200 0.00313100
v -0.01361800 -0.12563200 0.00313100
v -0.01367400 -0.12563200 0.00326700
v -0.01367400 -0.12563200 0.00326700
v -0.01367400 -0.12563200 0.00326700
v -0.01373600 -0.12563200 0.00339900
v -0.01373600 -0.12563200 0.00339900
v -0.01373600 -0.12563200 0.00339900
v -0.01380400 -0.12563200 0.00352800
v -0.01380400 -0.12563200 0.00352800
v -0.01380400 -0.12563200 0.00352800
v -0.01387900 -0.12563200 0.00365300
v -0.01387900 -0.12563200 0.00365300
v -0.01387900 -0.12563200 0.00365300
v -0.01395900 -0.12563200 0.00377400
v -0.01395900 -0.12563200 0.00377400
v -0.01395900 -0.12563200 0.00377400
v -0.01395900 -0.12563200 0.00377400
v -0.01404500 -0.12563200 0.00389100
v -0.01404500 -0.12563200 0.00389100
v -0.01404500 -0.12563200 0.00389100
v -0.01404500 -0.12563200 0.00389100
v -0.01413600 -0.12563200 0.00400400
v -0.01413600 -0.12563200 0.00400400
v -0.01413600 -0.12563200 0.00400400
v -0.01413600 -0.12563200 0.00400400
v -0.01423200 -0.12563200 0.00411200
v -0.01423200 -0.12563200 0.00411200
v -0.01423200 -0.12563200 0.00411200
v -0.01433400 -0.12563200 0.00421500
v -0.01433400 -0.12563200 0.00421500
v -0.01433400 -0.12563200 0.00421500
v -0.01433400 -0.12563200 0.00421500
v -0.01444000 -0.12563200 0.00431300
v -0.01444000 -0.12563200 0.00431300
v -0.01444000 -0.12563200 0.00431300
v -0.01444000 -0.12563200 0.00431300
v -0.01455200 -0.12563200 0.00440700
v -0.01455200 -0.12563200 0.00440700
v -0.01455200 -0.12563200 0.00440700
v -0.01455200 -0.12563200 0.00440700
v -0.01455200 -0.12563200 0.00440700
v -0.01466700 -0.12563200 0.00449500
v -0.01466700 -0.12563200 0.00449500
v -0.01466700 -0.12563200 0.00449500
v -0.01466700 -0.12563200 0.00449500
v -0.01478700 -0.12563200 0.00457700
v -0.01478700 -0.12563200 0.00457700
v -0.01478700 -0.12563200 0.00457700
v -0.01478700 -0.12563200 0.00457700
v -0.01491100 -0.12563200 0.00465400
v -0.01491100 -0.12563200 0.00465400
v -0.01491100 -0.12563200 0.00465400
v -0.01491100 -0.12563200 0.00465400
v -0.01503900 -0.12563200 0.00472500
v -0.01503900 -0.12563200 0.00472500
v -0.01503900 -0.12563200 0.00472500
v -0.01503900 -0.12563200 0.00472500
v -0.01517100 -0.12563200 0.00478900
v -0.01517100 -0.12563200 0.00478900
v -0.01517100 -0.12563200 0.00478900
v -0.01517100 -0.12563200 0.00478900
v -0.01530700 -0.12563200 0.00484800
v -0.01530700 -0.12563200 0.00484800
v -0.01530700 -0.12563200 0.00484800
v -0.01530700 -0.12563200 0.00484800
v -0.01544500 -0.12563200 0.00490000
v -0.01544500 -0.12563200 0.00490000
v -0.01544500 -0.12563200 0.00490000
v -0.01558700 -0.12563200 0.00494500
v -0.01558700 -0.12563200 0.00494500
v -0.01558700 -0.12563200 0.00494500
v -0.01573200 -0.12563200 0.00498400
v -0.01573200 -0.12563200 0.00498400
v -0.01573200 -0.12563200 0.00498400
v -0.01588000 -0.12563200 0.00501600
v -0.01588000 -0.12563200 0.00501600
v -0.01588000 -0.12563200 0.00501600
v -0.01603100 -0.12563200 0.00504000
v -0.01603100 -0.12563200 0.00504000
v -0.01603100 -0.12563200 0.00504000
v -0.01618400 -0.12563200 0.00505700
v -0.01618400 -0.12563200 0.00505700
v -0.01618400 -0.12563200 0.00505700
v -0.01633900 -0.12563200 0.00506700
v -0.01633900 -0.12563200 0.00506700
v -0.01633900 -0.12563200 0.00506700
v -0.01650200 -0.12563200 0.00506800
v -0.01650200 -0.12563200 0.00506800
v -0.01650200 -0.12563200 0.00506800
v -0.01666100 -0.12563200 0.00506000
v -0.01666100 -0.12563200 0.00506000
v -0.01666100 -0.12563200 0.00506000
v -0.01681500 -0.12563200 0.00504300
v -0.01681500 -0.12563200 0.00504300
v -0.01681500 -0.12563200 0.00504300
v -0.01696500 -0.12563200 0.00501800
v -0.01696500 -0.12563200 0.00501800
v -0.01696500 -0.12563200 0.00501800
v -0.01711000 -0.12563200 0.00498400
v -0.01711000 -0.12563200 0.00498400
v -0.01711000 -0.12563200 0.00498400
v -0.01725100 -0.12563200 0.00494400
v -0.01725100 -0.12563200 0.00494400
v -0.01725100 -0.12563200 0.00494400
v -0.01738800 -0.12563200 0.00489600
v -0.01738800 -0.12563200 0.00489600
v -0.01738800 -0.12563200 0.00489600
v -0.01752000 -0.12563200 0.00484200
v -0.01752000 -0.12563200 0.00484200
v -0.01752000 -0.12563200 0.00484200
v -0.01752000 -0.12563200 0.00484200
v -0.01764800 -0.12563200 0.00478100
v -0.01764800 -0.12563200 0.00478100
v -0.01764800 -0.12563200 0.00478100
v -0.01764800 -0.12563200 0.00478100
v -0.01777200 -0.12563200 0.00471500
v -0.01777200 -0.12563200 0.00471500
v -0.01777200 -0.12563200 0.00471500
v -0.01777200 -0.12563200 0.00471500
v -0.01800800 -0.12563200 0.00456800
v -0.01800800 -0.12563200 0.00456800
v -0.01800800 -0.12563200 0.00456800
v -0.01822800 -0.12563200 0.00440400
v -0.01822800 -0.12563200 0.00440400
v -0.01822800 -0.12563200 0.00440400
v -0.01822800 -0.12563200 0.00440400
v -0.01843200 -0.12563200 0.00422600
v -0.01843200 -0.12563200 0.00422600
v -0.01843200 -0.12563200 0.00422600
v -0.01843200 -0.12563200 0.00422600
v -0.01862200 -0.12563200 0.00403800
v -0.01862200 -0.12563200 0.00403800
v -0.01862200 -0.12563200 0.00403800
v -0.01862200 -0.12563200 0.00403800
v -0.01879600 -0.12563200 0.00384400
v -0.01879600 -0.12563200 0.00384400
v -0.01879600 -0.12563200 0.00384400
v -0.01895600 -0.12563200 0.00364700
v -0.01895600 -0.12563200 0.00364700
v -0.01895600 -0.12563200 0.00364700
v -0.01910200 -0.12563200 0.00345100
v -0.01910200 -0.12563200 0.00345100
v -0.01910200 -0.12563200 0.00345100
v -0.01935400 -0.12563200 0.00307700
v -0.01935400 -0.12563200 0.00307700
v -0.01935400 -0.12563200 0.00307700
v -0.01955600 -0.12563200 0.00275100
v -0.01955600 -0.12563200 0.00275100
v -0.01955600 -0.12563200 0.00275100
v -0.01979800 -0.12563200 0.00237100
v -0.01979800 -0.12563200 0.00237100
v -0.01979800 -0.12563200 0.00237100
v -0.01991900 -0.12563200 0.00220000
v -0.01991900 -0.12563200 0.00220000
v -0.01991900 -0.12563200 0.00220000
v -0.02003800 -0.12563200 0.00204100
v -0.02003800 -0.12563200 0.00204100
v -0.02003800 -0.12563200 0.00204100
v -0.02003800 -0.12563200 0.00204100
v -0.02015800 -0.12563200 0.00189500
v -0.02015800 -0.12563200 0.00189500
v -0.02015800 -0.12563200 0.00189500
v -0.02015800 -0.12563200 0.00189500
v -0.02027700 -0.12563200 0.00176200
v -0.02027700 -0.12563200 0.00176200
v -0.02027700 -0.12563200 0.00176200
v -0.02027700 -0.12563200 0.00176200
v -0.02027700 -0.12563200 0.00176200
v -0.02039500 -0.12563200 0.00164200
v -0.02039500 -0.12563200 0.00164200
v -0.02039500 -0.12563200 0.00164200
v -0.02039500 -0.12563200 0.00164200
v -0.02039500 -0.12563200 0.00164200
v -0.02051300 -0.12563200 0.00153400
v -0.02051300 -0.12563200 0.00153400
v -0.02051300 -0.12563200 0.00153400
v -0.02051300 -0.12563200 0.00153400
v -0.02063100 -0.12563200 0.00143900
v -0.02063100 -0.12563200 0.00143900
v -0.02063100 -0.12563200 0.00143900
v -0.02074900 -0.12563200 0.00135700
v -0.02074900 -0.12563200 0.00135700
v -0.02074900 -0.12563200 0.00135700
v -0.02074900 -0.12563200 0.00135700
v -0.02086600 -0.12563200 0.00128800
v -0.02086600 -0.12563200 0.00128800
v -0.02086600 -0.12563200 0.00128800
v -0.02086600 -0.12563200 0.00128800
v -0.02098300 -0.12563200 0.00123300
v -0.02098300 -0.12563200 0.00123300
v -0.02098300 -0.12563200 0.00123300
v -0.02098300 -0.12563200 0.00123300
v -0.02110000 -0.12563200 0.00119000
v -0.02110000 -0.12563200 0.00119000
v -0.02110000 -0.12563200 0.00119000
v -0.02121700 -0.12563200 0.00116100
v -0.02121700 -0.12563200 0.00116100
v -0.02121700 -0.12563200 0.00116100
v -0.02133400 -0.12563200 0.00114500
v -0.02133400 -0.12563200 0.00114500
v -0.02133400 -0.12563200 0.00114500
v -0.02145100 -0.12563200 0.00114300
v -0.02145100 -0.12563200 0.00114300
v -0.02145100 -0.12563200 0.00114300
v -0.02156500 -0.12563200 0.00115100
v -0.02156500 -0.12563200 0.00115100
v -0.02156500 -0.12563200 0.00115100
v -0.02167900 -0.12563200 0.00116900
v -0.02167900 -0.12563200 0.00116900
v -0.02167900 -0.12563200 0.00116900
v -0.02179400 -0.12563200 0.00119700
v -0.02179400 -0.12563200 0.00119700
v -0.02179400 -0.12563200 0.00119700
v -0.02179400 -0.12563200 0.00119700
v -0.02190800 -0.12563200 0.00123500
v -0.02190800 -0.12563200 0.00123500
v -0.02190800 -0.12563200 0.00123500
v -0.02190800 -0.12563200 0.00123500
v -0.02190800 -0.12563200 0.00123500
v -0.02201900 -0.12563200 0.00128300
v -0.02201900 -0.12563200 0.00128300
v -0.02201900 -0.12563200 0.00128300
v -0.02212700 -0.12563200 0.00134200
v -0.02212700 -0.12563200 0.00134200
v -0.02212700 -0.12563200 0.00134200
v -0.02222900 -0.12563200 0.00141200
v -0.02222900 -0.12563200 0.00141200
v -0.02222900 -0.12563200 0.00141200
v -0.02222900 -0.12563200 0.00141200
v -0.02232500 -0.12563200 0.00149200
v -0.02232500 -0.12563200 0.00149200
v -0.02232500 -0.12563200 0.00149200
v -0.02232500 -0.12563200 0.00149200
v -0.02232500 -0.12563200 0.00149200
v -0.02241400 -0.12563200 0.00158400
v -0.02241400 -0.12563200 0.00158400
v -0.02241400 -0.12563200 0.00158400
v -0.02241400 -0.12563200 0.00158400
v -0.02241400 -0.12563200 0.00158400
v -0.02249500 -0.12563200 0.00168700
v -0.02249500 -0.12563200 0.00168700
v -0.02249500 -0.12563200 0.00168700
v -0.02249500 -0.12563200 0.00168700
v -0.02249500 -0.12563200 0.00168700
v -0.02256500 -0.12563200 0.00180300
v -0.02256500 -0.12563200 0.00180300
v -0.02256500 -0.12563200 0.00180300
v -0.02262400 -0.12563200 0.00193000
v -0.02262400 -0.12563200 0.00193000
v -0.02262400 -0.12563200 0.00193000
v -0.02267100 -0.12563200 0.00206900
v -0.02267100 -0.12563200 0.00206900
v -0.02267100 -0.12563200 0.00206900
v -0.02270400 -0.12563200 0.00222200
v -0.02270400 -0.12563200 0.00222200
v -0.02270400 -0.12563200 0.00222200
v -0.02270400 -0.12563200 0.00222200
v -0.02270400 -0.12563200 0.00222200
v -0.02272200 -0.12563200 0.00238700
v -0.02272200 -0.12563200 0.00238700
v -0.02272200 -0.12563200 0.00238700
v -0.02272200 -0.12563200 0.00238700
v -0.02272400 -0.12493200 0.00256500
v -0.02272400 -0.12563200 0.00256500
v -0.02271100 -0.12493200 0.00269900
v -0.02271100 -0.12563200 0.00269900
v -0.02268200 -0.12493200 0.00283100
v -0.02268200 -0.12563200 0.00283100
v -0.02264000 -0.12493200 0.00296000
v -0.02264000 -0.12563200 0.00296000
v -0.02258600 -0.12493200 0.00308400
v -0.02258600 -0.12563200 0.00308400
v -0.02252100 -0.12493200 0.00320400
v -0.02252100 -0.12563200 0.00320400
v -0.02244900 -0.12493200 0.00332000
v -0.02244900 -0.12563200 0.00332000
v -0.02237000 -0.12493200 0.00343000
v -0.02237000 -0.12563200 0.00343000
v -0.02228600 -0.12493200 0.00353400
v -0.02228600 -0.12563200 0.00353400
v -0.02211100 -0.12493200 0.00372200
v -0.02211100 -0.12563200 0.00372200
v -0.02193800 -0.12493200 0.00388100
v -0.02193800 -0.12563200 0.00388100
v -0.02178100 -0.12493200 0.00400600
v -0.02178100 -0.12563200 0.00400600
v -0.02165600 -0.12493200 0.00409400
v -0.02165600 -0.12563200 0.00409400
v -0.02165600 -0.12516500 0.00409400
v -0.02165600 -0.12539900 0.00409400
v -0.02272400 -0.12539900 0.00256500
v -0.02272400 -0.12516500 0.00256500
v -0.02271100 -0.12528200 0.00269900
v -0.02264000 -0.12528200 0.00296000
v -0.02258600 -0.12528200 0.00308400
v -0.02252100 -0.12528200 0.00320400
v -0.02244900 -0.12528200 0.00332000
v -0.02237000 -0.12528200 0.00343000
v -0.02228600 -0.12528200 0.00353400
v -0.02211100 -0.12528200 0.00372200
v -0.02193800 -0.12528200 0.00388100
v -0.02178100 -0.12528200 0.00400600
v -0.02165600 -0.12493200 0.00409300
v -0.02165600 -0.12493200 0.00409300
v -0.02165600 -0.12493200 0.00409300
v -0.02165600 -0.12493200 0.00409300
v -0.02165600 -0.12563200 0.00409300
v -0.02165600 -0.12563200 0.00409300
v -0.02165600 -0.12563200 0.00409300
v -0.02165600 -0.12563200 0.00409300
v -0.02185400 -0.12493200 0.00441100
v -0.02185400 -0.12493200 0.00441100
v -0.02185400 -0.12493200 0.00441100
v -0.02185400 -0.12510700 0.00441100
v -0.02185400 -0.12510700 0.00441100
v -0.02185400 -0.12510700 0.00441100
v -0.02185400 -0.12510700 0.00441100
v -0.02185400 -0.12528200 0.00441100
v -0.02185400 -0.12528200 0.00441100
v -0.02185400 -0.12528200 0.00441100
v -0.02185400 -0.12528200 0.00441100
v -0.02185400 -0.12545700 0.00441100
v -0.02185400 -0.12545700 0.00441100
v -0.02185400 -0.12545700 0.00441100
v -0.02185400 -0.12563200 0.00441100
v -0.02185400 -0.12563200 0.00441100
v -0.02185400 -0.12563200 0.00441100
v -0.02205300 -0.12493200 0.00472800
v -0.02205300 -0.12493200 0.00472800
v -0.02205300 -0.12510700 0.00472800
v -0.02205300 -0.12510700 0.00472800
v -0.02205300 -0.12528200 0.00472800
v -0.02205300 -0.12528200 0.00472800
v -0.02205300 -0.12528200 0.00472800
v -0.02205300 -0.12545700 0.00472800
v -0.02205300 -0.12545700 0.00472800
v -0.02205300 -0.12563200 0.00472800
v -0.02205300 -0.12563200 0.00472800
v -0.02205300 -0.12563200 0.00472800
v -0.02225100 -0.12493200 0.00504600
v -0.02225100 -0.12493200 0.00504600
v -0.02225100 -0.12510700 0.00504600
v -0.02225100 -0.12510700 0.00504600
v -0.02225100 -0.12510700 0.00504600
v -0.02225100 -0.12528200 0.00504600
v -0.02225100 -0.12528200 0.00504600
v -0.02225100 -0.12545700 0.00504600
v -0.02225100 -0.12545700 0.00504600
v -0.02225100 -0.12545700 0.00504600
v -0.02225100 -0.12563200 0.00504600
v -0.02225100 -0.12563200 0.00504600
v -0.02225100 -0.12563200 0.00504600
v -0.02245000 -0.12493200 0.00536300
v -0.02245000 -0.12493200 0.00536300
v -0.02245000 -0.12493200 0.00536300
v -0.02245000 -0.12493200 0.00536300
v -0.02245000 -0.12563200 0.00536300
v -0.02245000 -0.12563200 0.00536300
v -0.02245000 -0.12563200 0.00536300
v -0.02245000 -0.12563200 0.00536300
v -0.02165600 -0.12539900 0.00409300
v -0.02165600 -0.12539900 0.00409300
v -0.02165600 -0.12539900 0.00409300
v -0.02165600 -0.12539900 0.00409300
v -0.02165600 -0.12539900 0.00409300
v -0.02165600 -0.12516500 0.00409300
v -0.02165600 -0.12516500 0.00409300
v -0.02165600 -0.12516500 0.00409300
v -0.02245000 -0.12516500 0.00536300
v -0.02245000 -0.12516500 0.00536300
v -0.02245000 -0.12516500 0.00536300
v -0.02245000 -0.12516500 0.00536300
v -0.02245000 -0.12539900 0.00536300
v -0.02245000 -0.12539900 0.00536300
v -0.02245000 -0.12539900 0.00536300
v -0.02245000 -0.12539900 0.00536300
v -0.02244900 -0.12493200 0.00536300
v -0.02244900 -0.12563200 0.00536300
v -0.02254300 -0.12493200 0.00530200
v -0.02254300 -0.12563200 0.00530200
v -0.02274800 -0.12493200 0.00515400
v -0.02274800 -0.12563200 0.00515400
v -0.02288100 -0.12493200 0.00504800
v -0.02288100 -0.12563200 0.00504800
v -0.02302700 -0.12493200 0.00492200
v -0.02302700 -0.12563200 0.00492200
v -0.02318200 -0.12493200 0.00477500
v -0.02318200 -0.12563200 0.00477500
v -0.02334200 -0.12493200 0.00460900
v -0.02334200 -0.12563200 0.00460900
v -0.02350200 -0.12493200 0.00442300
v -0.02350200 -0.12563200 0.00442300
v -0.02365700 -0.12493200 0.00421900
v -0.02365700 -0.12563200 0.00421900
v -0.02380300 -0.12493200 0.00399600
v -0.02380300 -0.12563200 0.00399600
v -0.02393500 -0.12493200 0.00375500
v -0.02393500 -0.12563200 0.00375500
v -0.02404800 -0.12493200 0.00349700
v -0.02404800 -0.12563200 0.00349700
v -0.02409600 -0.12493200 0.00336100
v -0.02409600 -0.12563200 0.00336100
v -0.02413800 -0.12493200 0.00322100
v -0.02413800 -0.12563200 0.00322100
v -0.02417200 -0.12493200 0.00307600
v -0.02417200 -0.12563200 0.00307600
v -0.02420000 -0.12493200 0.00292800
v -0.02420000 -0.12563200 0.00292800
v -0.02421900 -0.12493200 0.00277600
v -0.02421900 -0.12563200 0.00277600
v -0.02422900 -0.12493200 0.00261900
v -0.02422900 -0.12563200 0.00261900
v -0.02423100 -0.12493200 0.00246500
v -0.02423100 -0.12563200 0.00246500
v -0.02422600 -0.12493200 0.00231300
v -0.02422600 -0.12563200 0.00231300
v -0.02421400 -0.12493200 0.00216400
v -0.02421400 -0.12563200 0.00216400
v -0.02419600 -0.12493200 0.00201700
v -0.02419600 -0.12563200 0.00201700
v -0.02417100 -0.12493200 0.00187400
v -0.02417100 -0.12563200 0.00187400
v -0.02414000 -0.12493200 0.00173400
v -0.02414000 -0.12563200 0.00173400
v -0.02410200 -0.12493200 0.00159700
v -0.02410200 -0.12563200 0.00159700
v -0.02405900 -0.12493200 0.00146300
v -0.02405900 -0.12563200 0.00146300
v -0.02400900 -0.12493200 0.00133300
v -0.02400900 -0.12563200 0.00133300
v -0.02395300 -0.12493200 0.00120700
v -0.02395300 -0.12563200 0.00120700
v -0.02389200 -0.12493200 0.00108500
v -0.02389200 -0.12563200 0.00108500
v -0.02382500 -0.12493200 0.00096600
v -0.02382500 -0.12563200 0.00096600
v -0.02375300 -0.12493200 0.00085200
v -0.02375300 -0.12563200 0.00085200
v -0.02367500 -0.12493200 0.00074200
v -0.02367500 -0.12563200 0.00074200
v -0.02359200 -0.12493200 0.00063600
v -0.02359200 -0.12563200 0.00063600
v -0.02350400 -0.12493200 0.00053500
v -0.02350400 -0.12563200 0.00053500
v -0.02341000 -0.12493200 0.00043800
v -0.02341000 -0.12563200 0.00043800
v -0.02331200 -0.12493200 0.00034700
v -0.02331200 -0.12563200 0.00034700
v -0.02321000 -0.12493200 0.00026000
v -0.02321000 -0.12563200 0.00026000
v -0.02310200 -0.12493200 0.00017900
v -0.02310200 -0.12563200 0.00017900
v -0.02299100 -0.12493200 0.00010200
v -0.02299100 -0.12563200 0.00010200
v -0.02287500 -0.12493200 0.00003100
v -0.02287500 -0.12563200 0.00003100
v -0.02275400 -0.12493200 -0.00003400
v -0.02275400 -0.12563200 -0.00003400
v -0.02263000 -0.12493200 -0.00009300
v -0.02263000 -0.12563200 -0.00009300
v -0.02250200 -0.12493200 -0.00014700
v -0.02250200 -0.12563200 -0.00014700
v -0.02237000 -0.12493200 -0.00019500
v -0.02237000 -0.12563200 -0.00019500
v -0.02223400 -0.12493200 -0.00023700
v -0.02223400 -0.12563200 -0.00023700
v -0.02209500 -0.12493200 -0.00027200
v -0.02209500 -0.12563200 -0.00027200
v -0.02195200 -0.12493200 -0.00030100
v -0.02195200 -0.12563200 -0.00030100
v -0.02180600 -0.12493200 -0.00032400
v -0.02180600 -0.12563200 -0.00032400
v -0.02165700 -0.12493200 -0.00034000
v -0.02165700 -0.12563200 -0.00034000
v -0.02150500 -0.12493200 -0.00034900
v -0.02150500 -0.12563200 -0.00034900
v -0.02133600 -0.12493200 -0.00034900
v -0.02133600 -0.12563200 -0.00034900
v -0.02117100 -0.12493200 -0.00034000
v -0.02117100 -0.12563200 -0.00034000
v -0.02101100 -0.12493200 -0.00032000
v -0.02101100 -0.12563200 -0.00032000
v -0.02085600 -0.12493200 -0.00029200
v -0.02085600 -0.12563200 -0.00029200
v -0.02070500 -0.12493200 -0.00025400
v -0.02070500 -0.12563200 -0.00025400
v -0.02055800 -0.12493200 -0.00020900
v -0.02055800 -0.12563200 -0.00020900
v -0.02041600 -0.12493200 -0.00015600
v -0.02041600 -0.12563200 -0.00015600
v -0.02027800 -0.12493200 -0.00009600
v -0.02027800 -0.12563200 -0.00009600
v -0.02014500 -0.12493200 -0.00002900
v -0.02014500 -0.12563200 -0.00002900
v -0.02001600 -0.12493200 0.00004300
v -0.02001600 -0.12563200 0.00004300
v -0.01977100 -0.12493200 0.00020300
v -0.01977100 -0.12563200 0.00020300
v -0.01954400 -0.12493200 0.00038000
v -0.01954400 -0.12563200 0.00038000
v -0.01933400 -0.12493200 0.00056900
v -0.01933400 -0.12563200 0.00056900
v -0.01914100 -0.12493200 0.00076500
v -0.01914100 -0.12563200 0.00076500
v -0.01896600 -0.12493200 0.00096500
v -0.01896600 -0.12563200 0.00096500
v -0.01880700 -0.12493200 0.00116300
v -0.01880700 -0.12563200 0.00116300
v -0.01866500 -0.12493200 0.00135600
v -0.01866500 -0.12563200 0.00135600
v -0.01843300 -0.12493200 0.00170500
v -0.01843300 -0.12563200 0.00170500
v -0.01826700 -0.12493200 0.00197600
v -0.01826700 -0.12563200 0.00197600
v -0.01804100 -0.12493200 0.00233600
v -0.01804100 -0.12563200 0.00233600
v -0.01781800 -0.12493200 0.00265600
v -0.01781800 -0.12563200 0.00265600
v -0.01770700 -0.12493200 0.00280000
v -0.01770700 -0.12563200 0.00280000
v -0.01759600 -0.12493200 0.00293300
v -0.01759600 -0.12563200 0.00293300
v -0.01748400 -0.12493200 0.00305500
v -0.01748400 -0.12563200 0.00305500
v -0.01737200 -0.12493200 0.00316400
v -0.01737200 -0.12563200 0.00316400
v -0.01725800 -0.12493200 0.00326200
v -0.01725800 -0.12563200 0.00326200
v -0.01714200 -0.12493200 0.00334700
v -0.01714200 -0.12563200 0.00334700
v -0.01702400 -0.12493200 0.00341900
v -0.01702400 -0.12563200 0.00341900
v -0.01690400 -0.12493200 0.00347800
v -0.01690400 -0.12563200 0.00347800
v -0.01678100 -0.12493200 0.00352400
v -0.01678100 -0.12563200 0.00352400
v -0.01665600 -0.12493200 0.00355500
v -0.01665600 -0.12563200 0.00355500
v -0.01652600 -0.12493200 0.00357300
v -0.01652600 -0.12563200 0.00357300
v -0.01639300 -0.12493200 0.00357500
v -0.01639300 -0.12563200 0.00357500
v -0.01625700 -0.12493200 0.00356400
v -0.01625700 -0.12563200 0.00356400
v -0.01612200 -0.12493200 0.00353800
v -0.01612200 -0.12563200 0.00353800
v -0.01598700 -0.12493200 0.00350000
v -0.01598700 -0.12563200 0.00350000
v -0.01585600 -0.12493200 0.00344900
v -0.01585600 -0.12563200 0.00344900
v -0.01572700 -0.12493200 0.00338600
v -0.01572700 -0.12563200 0.00338600
v -0.01560400 -0.12493200 0.00331100
v -0.01560400 -0.12563200 0.00331100
v -0.01548800 -0.12493200 0.00322500
v -0.01548800 -0.12563200 0.00322500
v -0.01537800 -0.12493200 0.00312700
v -0.01537800 -0.12563200 0.00312700
v -0.01527800 -0.12493200 0.00301900
v -0.01527800 -0.12563200 0.00301900
v -0.01518800 -0.12493200 0.00290100
v -0.01518800 -0.12563200 0.00290100
v -0.01510900 -0.12493200 0.00277200
v -0.01510900 -0.12563200 0.00277200
v -0.01504200 -0.12493200 0.00263500
v -0.01504200 -0.12563200 0.00263500
v -0.01499000 -0.12493200 0.00248800
v -0.01499000 -0.12563200 0.00248800
v -0.01495300 -0.12493200 0.00233300
v -0.01495300 -0.12563200 0.00233300
v -0.01493200 -0.12493200 0.00216900
v -0.01493200 -0.12563200 0.00216900
v -0.01492900 -0.12493200 0.00199700
v -0.01492900 -0.12563200 0.00199700
v -0.01494600 -0.12493200 0.00183200
v -0.01494600 -0.12563200 0.00183200
v -0.01498400 -0.12493200 0.00167900
v -0.01498400 -0.12563200 0.00167900
v -0.01503800 -0.12493200 0.00153800
v -0.01503800 -0.12563200 0.00153800
v -0.01510700 -0.12493200 0.00140900
v -0.01510700 -0.12563200 0.00140900
v -0.01518700 -0.12493200 0.00129100
v -0.01518700 -0.12563200 0.00129100
v -0.01527600 -0.12493200 0.00118500
v -0.01527600 -0.12563200 0.00118500
v -0.01537100 -0.12493200 0.00109000
v -0.01537100 -0.12563200 0.00109000
v -0.01546800 -0.12493200 0.00100600
v -0.01546800 -0.12563200 0.00100600
v -0.01556600 -0.12493200 0.00093200
v -0.01556600 -0.12563200 0.00093200
v -0.01566000 -0.12493200 0.00086800
v -0.01566000 -0.12563200 0.00086800
v -0.01583000 -0.12493200 0.00077100
v -0.01583000 -0.12563200 0.00077100
v -0.01601000 -0.12493200 0.00069000
v -0.01601000 -0.12563200 0.00069000
v -0.02244900 -0.12539900 0.00536300
v -0.02244900 -0.12516500 0.00536300
v -0.01601000 -0.12516500 0.00069000
v -0.01601000 -0.12539900 0.00069000
v -0.01600900 -0.12493200 0.00069000
v -0.01600900 -0.12493200 0.00069000
v -0.01600900 -0.12493200 0.00069000
v -0.01600900 -0.12563200 0.00069000
v -0.01600900 -0.12563200 0.00069000
v -0.01600900 -0.12563200 0.00069000
v -0.01588600 -0.12493200 0.00034300
v -0.01588600 -0.12493200 0.00034300
v -0.01588600 -0.12493200 0.00034300
v -0.01588600 -0.12510700 0.00034300
v -0.01588600 -0.12510700 0.00034300
v -0.01588600 -0.12510700 0.00034300
v -0.01588600 -0.12528200 0.00034300
v -0.01588600 -0.12528200 0.00034300
v -0.01588600 -0.12545700 0.00034300
v -0.01588600 -0.12545700 0.00034300
v -0.01588600 -0.12545700 0.00034300
v -0.01588600 -0.12563200 0.00034300
v -0.01588600 -0.12563200 0.00034300
v -0.01588600 -0.12563200 0.00034300
v -0.01576400 -0.12493200 -0.00000400
v -0.01576400 -0.12493200 -0.00000400
v -0.01576400 -0.12493200 -0.00000400
v -0.01576400 -0.12510700 -0.00000400
v -0.01576400 -0.12510700 -0.00000400
v -0.01576400 -0.12528200 -0.00000400
v -0.01576400 -0.12528200 -0.00000400
v -0.01576400 -0.12528200 -0.00000400
v -0.01576400 -0.12545700 -0.00000400
v -0.01576400 -0.12545700 -0.00000400
v -0.01576400 -0.12545700 -0.00000400
v -0.01576400 -0.12563200 -0.00000400
v -0.01576400 -0.12563200 -0.00000400
v -0.01576400 -0.12563200 -0.00000400
v -0.01576400 -0.12563200 -0.00000400
v -0.01564100 -0.12493200 -0.00035100
v -0.01564100 -0.12493200 -0.00035100
v -0.01564100 -0.12493200 -0.00035100
v -0.01564100 -0.12510700 -0.00035100
v -0.01564100 -0.12510700 -0.00035100
v -0.01564100 -0.12510700 -0.00035100
v -0.01564100 -0.12528200 -0.00035100
v -0.01564100 -0.12528200 -0.00035100
v -0.01564100 -0.12528200 -0.00035100
v -0.01564100 -0.12545700 -0.00035100
v -0.01564100 -0.12545700 -0.00035100
v -0.01564100 -0.12545700 -0.00035100
v -0.01564100 -0.12563200 -0.00035100
v -0.01564100 -0.12563200 -0.00035100
v -0.01564100 -0.12563200 -0.00035100
v -0.01551800 -0.12493200 -0.00069800
v -0.01551800 -0.12493200 -0.00069800
v -0.01551800 -0.12493200 -0.00069800
v -0.01551800 -0.12563200 -0.00069800
v -0.01551800 -0.12563200 -0.00069800
v -0.01551800 -0.12563200 -0.00069800
v -0.01551800 -0.12563200 -0.00069800
v -0.01600900 -0.12539900 0.00069000
v -0.01600900 -0.12539900 0.00069000
v -0.01600900 -0.12539900 0.00069000
v -0.01600900 -0.12516500 0.00069000
v -0.01600900 -0.12516500 0.00069000
v -0.01551800 -0.12516500 -0.00069800
v -0.01551800 -0.12516500 -0.00069800
v -0.01551800 -0.12516500 -0.00069800
v -0.01551800 -0.12539900 -0.00069800
v -0.01551800 -0.12539900 -0.00069800
v -0.01551800 -0.12539900 -0.00069800
v -0.01551800 -0.12493200 -0.00069800
v -0.01551800 -0.12563200 -0.00069800
v -0.01540800 -0.12493200 -0.00065600
v -0.01540800 -0.12563200 -0.00065600
v -0.01516600 -0.12493200 -0.00054900
v -0.01516600 -0.12563200 -0.00054900
v -0.01501000 -0.12493200 -0.00046700
v -0.01501000 -0.12563200 -0.00046700
v -0.01483800 -0.12493200 -0.00036700
v -0.01483800 -0.12563200 -0.00036700
v -0.01465500 -0.12493200 -0.00024500
v -0.01465500 -0.12563200 -0.00024500
v -0.01446600 -0.12493200 -0.00010200
v -0.01446600 -0.12563200 -0.00010200
v -0.01427800 -0.12493200 0.00006400
v -0.01427800 -0.12563200 0.00006400
v -0.01409500 -0.12493200 0.00025300
v -0.01409500 -0.12563200 0.00025300
v -0.01392400 -0.12493200 0.00046700
v -0.01392400 -0.12563200 0.00046700
v -0.01384400 -0.12493200 0.00058400
v -0.01384400 -0.12563200 0.00058400
v -0.01376900 -0.12493200 0.00070700
v -0.01376900 -0.12563200 0.00070700
v -0.01369900 -0.12493200 0.00083700
v -0.01369900 -0.12563200 0.00083700
v -0.01363500 -0.12493200 0.00097300
v -0.01363500 -0.12563200 0.00097300
v -0.01357900 -0.12493200 0.00111700
v -0.01357900 -0.12563200 0.00111700
v -0.01353000 -0.12493200 0.00126800
v -0.01353000 -0.12563200 0.00126800
v -0.01348900 -0.12493200 0.00142500
v -0.01348900 -0.12563200 0.00142500
v -0.01345700 -0.12493200 0.00159100
v -0.01345700 -0.12563200 0.00159100
v -0.01343500 -0.12493200 0.00176300
v -0.01343500 -0.12563200 0.00176300
v -0.01342300 -0.12493200 0.00194300
v -0.01342300 -0.12563200 0.00194300
v -0.01342100 -0.12493200 0.00210000
v -0.01342100 -0.12563200 0.00210000
v -0.01342700 -0.12493200 0.00225400
v -0.01342700 -0.12563200 0.00225400
v -0.01344100 -0.12493200 0.00240700
v -0.01344100 -0.12563200 0.00240700
v -0.01346200 -0.12493200 0.00255700
v -0.01346200 -0.12563200 0.00255700
v -0.01349100 -0.12493200 0.00270400
v -0.01349100 -0.12563200 0.00270400
v -0.01352700 -0.12493200 0.00284900
v -0.01352700 -0.12563200 0.00284900
v -0.01356900 -0.12493200 0.00299200
v -0.01356900 -0.12563200 0.00299200
v -0.01361800 -0.12493200 0.00313100
v -0.01361800 -0.12563200 0.00313100
v -0.01367400 -0.12493200 0.00326700
v -0.01367400 -0.12563200 0.00326700
v -0.01373600 -0.12493200 0.00339900
v -0.01373600 -0.12563200 0.00339900
v -0.01380500 -0.12493200 0.00352800
v -0.01380500 -0.12563200 0.00352800
v -0.01387900 -0.12493200 0.00365300
v -0.01387900 -0.12563200 0.00365300
v -0.01395900 -0.12493200 0.00377400
v -0.01395900 -0.12563200 0.00377400
v -0.01404500 -0.12493200 0.00389100
v -0.01404500 -0.12563200 0.00389100
v -0.01413600 -0.12493200 0.00400400
v -0.01413600 -0.12563200 0.00400400
v -0.01423300 -0.12493200 0.00411200
v -0.01423300 -0.12563200 0.00411200
v -0.01433400 -0.12493200 0.00421500
v -0.01433400 -0.12563200 0.00421500
v -0.01444100 -0.12493200 0.00431300
v -0.01444100 -0.12563200 0.00431300
v -0.01455200 -0.12493200 0.00440600
v -0.01455200 -0.12563200 0.00440600
v -0.01466800 -0.12493200 0.00449400
v -0.01466800 -0.12563200 0.00449400
v -0.01478700 -0.12493200 0.00457700
v -0.01478700 -0.12563200 0.00457700
v -0.01491200 -0.12493200 0.00465300
v -0.01491200 -0.12563200 0.00465300
v -0.01504000 -0.12493200 0.00472400
v -0.01504000 -0.12563200 0.00472400
v -0.01517100 -0.12493200 0.00478900
v -0.01517100 -0.12563200 0.00478900
v -0.01530700 -0.12493200 0.00484700
v -0.01530700 -0.12563200 0.00484700
v -0.01544600 -0.12493200 0.00490000
v -0.01544600 -0.12563200 0.00490000
v -0.01558800 -0.12493200 0.00494500
v -0.01558800 -0.12563200 0.00494500
v -0.01573300 -0.12493200 0.00498400
v -0.01573300 -0.12563200 0.00498400
v -0.01588000 -0.12493200 0.00501500
v -0.01588000 -0.12563200 0.00501500
v -0.01603100 -0.12493200 0.00504000
v -0.01603100 -0.12563200 0.00504000
v -0.01618400 -0.12493200 0.00505700
v -0.01618400 -0.12563200 0.00505700
v -0.01633900 -0.12493200 0.00506600
v -0.01633900 -0.12563200 0.00506600
v -0.01650200 -0.12493200 0.00506700
v -0.01650200 -0.12563200 0.00506700
v -0.01666100 -0.12493200 0.00505900
v -0.01666100 -0.12563200 0.00505900
v -0.01681500 -0.12493200 0.00504200
v -0.01681500 -0.12563200 0.00504200
v -0.01696500 -0.12493200 0.00501700
v -0.01696500 -0.12563200 0.00501700
v -0.01711000 -0.12493200 0.00498400
v -0.01711000 -0.12563200 0.00498400
v -0.01725100 -0.12493200 0.00494300
v -0.01725100 -0.12563200 0.00494300
v -0.01738700 -0.12493200 0.00489500
v -0.01738700 -0.12563200 0.00489500
v -0.01752000 -0.12493200 0.00484100
v -0.01752000 -0.12563200 0.00484100
v -0.01764800 -0.12493200 0.00478100
v -0.01764800 -0.12563200 0.00478100
v -0.01777200 -0.12493200 0.00471500
v -0.01777200 -0.12563200 0.00471500
v -0.01800800 -0.12493200 0.00456800
v -0.01800800 -0.12563200 0.00456800
v -0.01822800 -0.12493200 0.00440300
v -0.01822800 -0.12563200 0.00440300
v -0.01843200 -0.12493200 0.00422500
v -0.01843200 -0.12563200 0.00422500
v -0.01862100 -0.12493200 0.00403800
v -0.01862100 -0.12563200 0.00403800
v -0.01879600 -0.12493200 0.00384300
v -0.01879600 -0.12563200 0.00384300
v -0.01895600 -0.12493200 0.00364700
v -0.01895600 -0.12563200 0.00364700
v -0.01910200 -0.12493200 0.00345100
v -0.01910200 -0.12563200 0.00345100
v -0.01935400 -0.12493200 0.00307700
v -0.01935400 -0.12563200 0.00307700
v -0.01955500 -0.12493200 0.00275100
v -0.01955500 -0.12563200 0.00275100
v -0.01551800 -0.12539900 -0.00069800
v -0.01551800 -0.12516500 -0.00069800
v -0.01955500 -0.12528200 0.00275100
v -0.01955500 -0.12493200 0.00275000
v -0.01955500 -0.12563200 0.00275000
v -0.01979800 -0.12493200 0.00237100
v -0.01979800 -0.12563200 0.00237100
v -0.01991800 -0.12493200 0.00220000
v -0.01991800 -0.12563200 0.00220000
v -0.02003800 -0.12493200 0.00204100
v -0.02003800 -0.12563200 0.00204100
v -0.02015700 -0.12493200 0.00189500
v -0.02015700 -0.12563200 0.00189500
v -0.02027600 -0.12493200 0.00176200
v -0.02027600 -0.12563200 0.00176200
v -0.02039500 -0.12493200 0.00164100
v -0.02039500 -0.12563200 0.00164100
v -0.02051300 -0.12493200 0.00153400
v -0.02051300 -0.12563200 0.00153400
v -0.02063100 -0.12493200 0.00143900
v -0.02063100 -0.12563200 0.00143900
v -0.02074800 -0.12493200 0.00135700
v -0.02074800 -0.12563200 0.00135700
v -0.02086600 -0.12493200 0.00128800
v -0.02086600 -0.12563200 0.00128800
v -0.02098300 -0.12493200 0.00123200
v -0.02098300 -0.12563200 0.00123200
v -0.02110000 -0.12493200 0.00119000
v -0.02110000 -0.12563200 0.00119000
v -0.02121700 -0.12493200 0.00116100
v -0.02121700 -0.12563200 0.00116100
v -0.02133400 -0.12493200 0.00114500
v -0.02133400 -0.12563200 0.00114500
v -0.02145100 -0.12493200 0.00114200
v -0.02145100 -0.12563200 0.00114200
v -0.02156500 -0.12493200 0.00115100
v -0.02156500 -0.12563200 0.00115100
v -0.02167900 -0.12493200 0.00116900
v -0.02167900 -0.12563200 0.00116900
v -0.02179400 -0.12493200 0.00119700
v -0.02179400 -0.12563200 0.00119700
v -0.02190800 -0.12493200 0.00123500
v -0.02190800 -0.12563200 0.00123500
v -0.02201900 -0.12493200 0.00128300
v -0.02201900 -0.12563200 0.00128300
v -0.02212700 -0.12493200 0.00134200
v -0.02212700 -0.12563200 0.00134200
v -0.02222900 -0.12493200 0.00141100
v -0.02222900 -0.12563200 0.00141100
v -0.02232600 -0.12493200 0.00149200
v -0.02232600 -0.12563200 0.00149200
v -0.02241500 -0.12493200 0.00158400
v -0.02241500 -0.12563200 0.00158400
v -0.02249500 -0.12493200 0.00168700
v -0.02249500 -0.12563200 0.00168700
v -0.02256500 -0.12493200 0.00180200
v -0.02256500 -0.12563200 0.00180200
v -0.02262400 -0.12493200 0.00193000
v -0.02262400 -0.12563200 0.00193000
v -0.02267100 -0.12493200 0.00206900
v -0.02267100 -0.12563200 0.00206900
v -0.02270400 -0.12493200 0.00222200
v -0.02270400 -0.12563200 0.00222200
v -0.02272200 -0.12493200 0.00238700
v -0.02272200 -0.12563200 0.00238700
v -0.02272400 -0.12493200 0.00256500
v -0.02272400 -0.12563200 0.00256500
v -0.02272400 -0.12516500 0.00256500
v -0.02272400 -0.12539900 0.00256500
v -0.01955500 -0.12528200 0.00275000
v -0.02272400 -0.12493200 0.00256500
v -0.02272400 -0.12493200 0.00256500
v -0.02272400 -0.12493200 0.00256500
v -0.02272400 -0.12493200 0.00256500
v -0.02272400 -0.12493200 0.00256500
v -0.02272400 -0.12493200 0.00256500
v -0.02271000 -0.12493200 0.00269900
v -0.02271000 -0.12493200 0.00269900
v -0.02271000 -0.12493200 0.00269900
v -0.02271000 -0.12493200 0.00269900
v -0.02268200 -0.12493200 0.00283100
v -0.02268200 -0.12493200 0.00283100
v -0.02268200 -0.12493200 0.00283100
v -0.02268200 -0.12493200 0.00283100
v -0.02263900 -0.12493200 0.00295900
v -0.02263900 -0.12493200 0.00295900
v -0.02263900 -0.12493200 0.00295900
v -0.02258500 -0.12493200 0.00308400
v -0.02258500 -0.12493200 0.00308400
v -0.02258500 -0.12493200 0.00308400
v -0.02258500 -0.12493200 0.00308400
v -0.02252100 -0.12493200 0.00320400
v -0.02252100 -0.12493200 0.00320400
v -0.02252100 -0.12493200 0.00320400
v -0.02252100 -0.12493200 0.00320400
v -0.02252100 -0.12493200 0.00320400
v -0.02244800 -0.12493200 0.00331900
v -0.02244800 -0.12493200 0.00331900
v -0.02244800 -0.12493200 0.00331900
v -0.02244800 -0.12493200 0.00331900
v -0.02236900 -0.12493200 0.00342900
v -0.02236900 -0.12493200 0.00342900
v -0.02236900 -0.12493200 0.00342900
v -0.02236900 -0.12493200 0.00342900
v -0.02228500 -0.12493200 0.00353300
v -0.02228500 -0.12493200 0.00353300
v -0.02228500 -0.12493200 0.00353300
v -0.02228500 -0.12493200 0.00353300
v -0.02211000 -0.12493200 0.00372200
v -0.02211000 -0.12493200 0.00372200
v -0.02211000 -0.12493200 0.00372200
v -0.02211000 -0.12493200 0.00372200
v -0.02193800 -0.12493200 0.00388100
v -0.02193800 -0.12493200 0.00388100
v -0.02193800 -0.12493200 0.00388100
v -0.02193800 -0.12493200 0.00388100
v -0.02178100 -0.12493200 0.00400600
v -0.02178100 -0.12493200 0.00400600
v -0.02178100 -0.12493200 0.00400600
v -0.02165500 -0.12493200 0.00409400
v -0.02165500 -0.12493200 0.00409400
v -0.02165500 -0.12493200 0.00409400
v -0.02185400 -0.12493200 0.00441100
v -0.02185400 -0.12493200 0.00441100
v -0.02185400 -0.12493200 0.00441100
v -0.02205200 -0.12493200 0.00472900
v -0.02205200 -0.12493200 0.00472900
v -0.02205200 -0.12493200 0.00472900
v -0.02205200 -0.12493200 0.00472900
v -0.02225100 -0.12493200 0.00504600
v -0.02225100 -0.12493200 0.00504600
v -0.02225100 -0.12493200 0.00504600
v -0.02225100 -0.12493200 0.00504600
v -0.02244900 -0.12493200 0.00536300
v -0.02244900 -0.12493200 0.00536300
v -0.02244900 -0.12493200 0.00536300
v -0.02254300 -0.12493200 0.00530200
v -0.02254300 -0.12493200 0.00530200
v -0.02254300 -0.12493200 0.00530200
v -0.02274800 -0.12493200 0.00515400
v -0.02274800 -0.12493200 0.00515400
v -0.02274800 -0.12493200 0.00515400
v -0.02288100 -0.12493200 0.00504800
v -0.02288100 -0.12493200 0.00504800
v -0.02288100 -0.12493200 0.00504800
v -0.02288100 -0.12493200 0.00504800
v -0.02302700 -0.12493200 0.00492200
v -0.02302700 -0.12493200 0.00492200
v -0.02302700 -0.12493200 0.00492200
v -0.02302700 -0.12493200 0.00492200
v -0.02302700 -0.12493200 0.00492200
v -0.02318300 -0.12493200 0.00477600
v -0.02318300 -0.12493200 0.00477600
v -0.02318300 -0.12493200 0.00477600
v -0.02318300 -0.12493200 0.00477600
v -0.02334300 -0.12493200 0.00460900
v -0.02334300 -0.12493200 0.00460900
v -0.02334300 -0.12493200 0.00460900
v -0.02334300 -0.12493200 0.00460900
v -0.02350300 -0.12493200 0.00442400
v -0.02350300 -0.12493200 0.00442400
v -0.02350300 -0.12493200 0.00442400
v -0.02350300 -0.12493200 0.00442400
v -0.02350300 -0.12493200 0.00442400
v -0.02365800 -0.12493200 0.00421900
v -0.02365800 -0.12493200 0.00421900
v -0.02365800 -0.12493200 0.00421900
v -0.02365800 -0.12493200 0.00421900
v -0.02380300 -0.12493200 0.00399600
v -0.02380300 -0.12493200 0.00399600
v -0.02380300 -0.12493200 0.00399600
v -0.02380300 -0.12493200 0.00399600
v -0.02393500 -0.12493200 0.00375500
v -0.02393500 -0.12493200 0.00375500
v -0.02393500 -0.12493200 0.00375500
v -0.02393500 -0.12493200 0.00375500
v -0.02404800 -0.12493200 0.00349700
v -0.02404800 -0.12493200 0.00349700
v -0.02404800 -0.12493200 0.00349700
v -0.02409600 -0.12493200 0.00336100
v -0.02409600 -0.12493200 0.00336100
v -0.02409600 -0.12493200 0.00336100
v -0.02413800 -0.12493200 0.00322100
v -0.02413800 -0.12493200 0.00322100
v -0.02413800 -0.12493200 0.00322100
v -0.02413800 -0.12493200 0.00322100
v -0.02417300 -0.12493200 0.00307700
v -0.02417300 -0.12493200 0.00307700
v -0.02417300 -0.12493200 0.00307700
v -0.02417300 -0.12493200 0.00307700
v -0.02420000 -0.12493200 0.00292800
v -0.02420000 -0.12493200 0.00292800
v -0.02420000 -0.12493200 0.00292800
v -0.02421900 -0.12493200 0.00277600
v -0.02421900 -0.12493200 0.00277600
v -0.02421900 -0.12493200 0.00277600
v -0.02422900 -0.12493200 0.00261900
v -0.02422900 -0.12493200 0.00261900
v -0.02422900 -0.12493200 0.00261900
v -0.02422900 -0.12493200 0.00261900
v -0.02422900 -0.12493200 0.00261900
v -0.02423100 -0.12493200 0.00246500
v -0.02423100 -0.12493200 0.00246500
v -0.02423100 -0.12493200 0.00246500
v -0.02423100 -0.12493200 0.00246500
v -0.02422700 -0.12493200 0.00231300
v -0.02422700 -0.12493200 0.00231300
v -0.02422700 -0.12493200 0.00231300
v -0.02422700 -0.12493200 0.00231300
v -0.02422700 -0.12493200 0.00231300
v -0.02421500 -0.12493200 0.00216400
v -0.02421500 -0.12493200 0.00216400
v -0.02421500 -0.12493200 0.00216400
v -0.02421500 -0.12493200 0.00216400
v -0.02419700 -0.12493200 0.00201700
v -0.02419700 -0.12493200 0.00201700
v -0.02419700 -0.12493200 0.00201700
v -0.02419700 -0.12493200 0.00201700
v -0.02417200 -0.12493200 0.00187400
v -0.02417200 -0.12493200 0.00187400
v -0.02417200 -0.12493200 0.00187400
v -0.02417200 -0.12493200 0.00187400
v -0.02414000 -0.12493200 0.00173400
v -0.02414000 -0.12493200 0.00173400
v -0.02414000 -0.12493200 0.00173400
v -0.02414000 -0.12493200 0.00173400
v -0.02414000 -0.12493200 0.00173400
v -0.02410300 -0.12493200 0.00159700
v -0.02410300 -0.12493200 0.00159700
v -0.02410300 -0.12493200 0.00159700
v -0.02405900 -0.12493200 0.00146300
v -0.02405900 -0.12493200 0.00146300
v -0.02405900 -0.12493200 0.00146300
v -0.02401000 -0.12493200 0.00133300
v -0.02401000 -0.12493200 0.00133300
v -0.02401000 -0.12493200 0.00133300
v -0.02395400 -0.12493200 0.00120700
v -0.02395400 -0.12493200 0.00120700
v -0.02395400 -0.12493200 0.00120700
v -0.02389300 -0.12493200 0.00108400
v -0.02389300 -0.12493200 0.00108400
v -0.02389300 -0.12493200 0.00108400
v -0.02382600 -0.12493200 0.00096600
v -0.02382600 -0.12493200 0.00096600
v -0.02382600 -0.12493200 0.00096600
v -0.02375300 -0.12493200 0.00085100
v -0.02375300 -0.12493200 0.00085100
v -0.02375300 -0.12493200 0.00085100
v -0.02367500 -0.12493200 0.00074100
v -0.02367500 -0.12493200 0.00074100
v -0.02367500 -0.12493200 0.00074100
v -0.02367500 -0.12493200 0.00074100
v -0.02359200 -0.12493200 0.00063600
v -0.02359200 -0.12493200 0.00063600
v -0.02359200 -0.12493200 0.00063600
v -0.02359200 -0.12493200 0.00063600
v -0.02350400 -0.12493200 0.00053400
v -0.02350400 -0.12493200 0.00053400
v -0.02350400 -0.12493200 0.00053400
v -0.02350400 -0.12493200 0.00053400
v -0.02341100 -0.12493200 0.00043800
v -0.02341100 -0.12493200 0.00043800
v -0.02341100 -0.12493200 0.00043800
v -0.02331300 -0.12493200 0.00034600
v -0.02331300 -0.12493200 0.00034600
v -0.02331300 -0.12493200 0.00034600
v -0.02321000 -0.12493200 0.00026000
v -0.02321000 -0.12493200 0.00026000
v -0.02321000 -0.12493200 0.00026000
v -0.02310300 -0.12493200 0.00017800
v -0.02310300 -0.12493200 0.00017800
v -0.02310300 -0.12493200 0.00017800
v -0.02299100 -0.12493200 0.00010200
v -0.02299100 -0.12493200 0.00010200
v -0.02299100 -0.12493200 0.00010200
v -0.02287500 -0.12493200 0.00003100
v -0.02287500 -0.12493200 0.00003100
v -0.02287500 -0.12493200 0.00003100
v -0.02275500 -0.12493200 -0.00003400
v -0.02275500 -0.12493200 -0.00003400
v -0.02275500 -0.12493200 -0.00003400
v -0.02263000 -0.12493200 -0.00009400
v -0.02263000 -0.12493200 -0.00009400
v -0.02263000 -0.12493200 -0.00009400
v -0.02250200 -0.12493200 -0.00014800
v -0.02250200 -0.12493200 -0.00014800
v -0.02250200 -0.12493200 -0.00014800
v -0.02250200 -0.12493200 -0.00014800
v -0.02237000 -0.12493200 -0.00019600
v -0.02237000 -0.12493200 -0.00019600
v -0.02237000 -0.12493200 -0.00019600
v -0.02237000 -0.12493200 -0.00019600
v -0.02223400 -0.12493200 -0.00023700
v -0.02223400 -0.12493200 -0.00023700
v -0.02223400 -0.12493200 -0.00023700
v -0.02209500 -0.12493200 -0.00027300
v -0.02209500 -0.12493200 -0.00027300
v -0.02209500 -0.12493200 -0.00027300
v -0.02195200 -0.12493200 -0.00030200
v -0.02195200 -0.12493200 -0.00030200
v -0.02195200 -0.12493200 -0.00030200
v -0.02180600 -0.12493200 -0.00032400
v -0.02180600 -0.12493200 -0.00032400
v -0.02180600 -0.12493200 -0.00032400
v -0.02165700 -0.12493200 -0.00034000
v -0.02165700 -0.12493200 -0.00034000
v -0.02165700 -0.12493200 -0.00034000
v -0.02150500 -0.12493200 -0.00034900
v -0.02150500 -0.12493200 -0.00034900
v -0.02150500 -0.12493200 -0.00034900
v -0.02133600 -0.12493200 -0.00035000
v -0.02133600 -0.12493200 -0.00035000
v -0.02133600 -0.12493200 -0.00035000
v -0.02117100 -0.12493200 -0.00034000
v -0.02117100 -0.12493200 -0.00034000
v -0.02117100 -0.12493200 -0.00034000
v -0.02101100 -0.12493200 -0.00032100
v -0.02101100 -0.12493200 -0.00032100
v -0.02101100 -0.12493200 -0.00032100
v -0.02085600 -0.12493200 -0.00029200
v -0.02085600 -0.12493200 -0.00029200
v -0.02085600 -0.12493200 -0.00029200
v -0.02070500 -0.12493200 -0.00025500
v -0.02070500 -0.12493200 -0.00025500
v -0.02070500 -0.12493200 -0.00025500
v -0.02055800 -0.12493200 -0.00020900
v -0.02055800 -0.12493200 -0.00020900
v -0.02055800 -0.12493200 -0.00020900
v -0.02041600 -0.12493200 -0.00015600
v -0.02041600 -0.12493200 -0.00015600
v -0.02041600 -0.12493200 -0.00015600
v -0.02027800 -0.12493200 -0.00009600
v -0.02027800 -0.12493200 -0.00009600
v -0.02027800 -0.12493200 -0.00009600
v -0.02014500 -0.12493200 -0.00003000
v -0.02014500 -0.12493200 -0.00003000
v -0.02014500 -0.12493200 -0.00003000
v -0.02001600 -0.12493200 0.00004300
v -0.02001600 -0.12493200 0.00004300
v -0.02001600 -0.12493200 0.00004300
v -0.01977100 -0.12493200 0.00020300
v -0.01977100 -0.12493200 0.00020300
v -0.01977100 -0.12493200 0.00020300
v -0.01954400 -0.12493200 0.00037900
v -0.01954400 -0.12493200 0.00037900
v -0.01954400 -0.12493200 0.00037900
v -0.01954400 -0.12493200 0.00037900
v -0.01933400 -0.12493200 0.00056800
v -0.01933400 -0.12493200 0.00056800
v -0.01933400 -0.12493200 0.00056800
v -0.01914100 -0.12493200 0.00076500
v -0.01914100 -0.12493200 0.00076500
v -0.01914100 -0.12493200 0.00076500
v -0.01896500 -0.12493200 0.00096500
v -0.01896500 -0.12493200 0.00096500
v -0.01896500 -0.12493200 0.00096500
v -0.01896500 -0.12493200 0.00096500
v -0.01880700 -0.12493200 0.00116300
v -0.01880700 -0.12493200 0.00116300
v -0.01880700 -0.12493200 0.00116300
v -0.01880700 -0.12493200 0.00116300
v -0.01866500 -0.12493200 0.00135500
v -0.01866500 -0.12493200 0.00135500
v -0.01866500 -0.12493200 0.00135500
v -0.01843200 -0.12493200 0.00170400
v -0.01843200 -0.12493200 0.00170400
v -0.01843200 -0.12493200 0.00170400
v -0.01826700 -0.12493200 0.00197500
v -0.01826700 -0.12493200 0.00197500
v -0.01826700 -0.12493200 0.00197500
v -0.01804000 -0.12493200 0.00233500
v -0.01804000 -0.12493200 0.00233500
v -0.01804000 -0.12493200 0.00233500
v -0.01781800 -0.12493200 0.00265600
v -0.01781800 -0.12493200 0.00265600
v -0.01781800 -0.12493200 0.00265600
v -0.01770700 -0.12493200 0.00280000
v -0.01770700 -0.12493200 0.00280000
v -0.01770700 -0.12493200 0.00280000
v -0.01759600 -0.12493200 0.00293300
v -0.01759600 -0.12493200 0.00293300
v -0.01759600 -0.12493200 0.00293300
v -0.01759600 -0.12493200 0.00293300
v -0.01748400 -0.12493200 0.00305400
v -0.01748400 -0.12493200 0.00305400
v -0.01748400 -0.12493200 0.00305400
v -0.01748400 -0.12493200 0.00305400
v -0.01748400 -0.12493200 0.00305400
v -0.01737100 -0.12493200 0.00316400
v -0.01737100 -0.12493200 0.00316400
v -0.01737100 -0.12493200 0.00316400
v -0.01737100 -0.12493200 0.00316400
v -0.01725700 -0.12493200 0.00326200
v -0.01725700 -0.12493200 0.00326200
v -0.01725700 -0.12493200 0.00326200
v -0.01725700 -0.12493200 0.00326200
v -0.01714200 -0.12493200 0.00334700
v -0.01714200 -0.12493200 0.00334700
v -0.01714200 -0.12493200 0.00334700
v -0.01714200 -0.12493200 0.00334700
v -0.01702400 -0.12493200 0.00341900
v -0.01702400 -0.12493200 0.00341900
v -0.01702400 -0.12493200 0.00341900
v -0.01702400 -0.12493200 0.00341900
v -0.01702400 -0.12493200 0.00341900
v -0.01690400 -0.12493200 0.00347800
v -0.01690400 -0.12493200 0.00347800
v -0.01690400 -0.12493200 0.00347800
v -0.01678100 -0.12493200 0.00352300
v -0.01678100 -0.12493200 0.00352300
v -0.01678100 -0.12493200 0.00352300
v -0.01665500 -0.12493200 0.00355500
v -0.01665500 -0.12493200 0.00355500
v -0.01665500 -0.12493200 0.00355500
v -0.01652600 -0.12493200 0.00357200
v -0.01652600 -0.12493200 0.00357200
v -0.01652600 -0.12493200 0.00357200
v -0.01639300 -0.12493200 0.00357500
v -0.01639300 -0.12493200 0.00357500
v -0.01639300 -0.12493200 0.00357500
v -0.01625800 -0.12493200 0.00356300
v -0.01625800 -0.12493200 0.00356300
v -0.01625800 -0.12493200 0.00356300
v -0.01612200 -0.12493200 0.00353800
v -0.01612200 -0.12493200 0.00353800
v -0.01612200 -0.12493200 0.00353800
v -0.01598800 -0.12493200 0.00350000
v -0.01598800 -0.12493200 0.00350000
v -0.01598800 -0.12493200 0.00350000
v -0.01585600 -0.12493200 0.00344900
v -0.01585600 -0.12493200 0.00344900
v -0.01585600 -0.12493200 0.00344900
v -0.01585600 -0.12493200 0.00344900
v -0.01572800 -0.12493200 0.00338600
v -0.01572800 -0.12493200 0.00338600
v -0.01572800 -0.12493200 0.00338600
v -0.01572800 -0.12493200 0.00338600
v -0.01572800 -0.12493200 0.00338600
v -0.01560500 -0.12493200 0.00331100
v -0.01560500 -0.12493200 0.00331100
v -0.01560500 -0.12493200 0.00331100
v -0.01560500 -0.12493200 0.00331100
v -0.01548800 -0.12493200 0.00322400
v -0.01548800 -0.12493200 0.00322400
v -0.01548800 -0.12493200 0.00322400
v -0.01548800 -0.12493200 0.00322400
v -0.01548800 -0.12493200 0.00322400
v -0.01537900 -0.12493200 0.00312700
v -0.01537900 -0.12493200 0.00312700
v -0.01537900 -0.12493200 0.00312700
v -0.01537900 -0.12493200 0.00312700
v -0.01537900 -0.12493200 0.00312700
v -0.01537900 -0.12493200 0.00312700
v -0.01527800 -0.12493200 0.00301900
v -0.01527800 -0.12493200 0.00301900
v -0.01527800 -0.12493200 0.00301900
v -0.01527800 -0.12493200 0.00301900
v -0.01518800 -0.12493200 0.00290000
v -0.01518800 -0.12493200 0.00290000
v -0.01518800 -0.12493200 0.00290000
v -0.01510900 -0.12493200 0.00277200
v -0.01510900 -0.12493200 0.00277200
v -0.01510900 -0.12493200 0.00277200
v -0.01504300 -0.12493200 0.00263500
v -0.01504300 -0.12493200 0.00263500
v -0.01504300 -0.12493200 0.00263500
v -0.01499100 -0.12493200 0.00248800
v -0.01499100 -0.12493200 0.00248800
v -0.01499100 -0.12493200 0.00248800
v -0.01495300 -0.12493200 0.00233200
v -0.01495300 -0.12493200 0.00233200
v -0.01495300 -0.12493200 0.00233200
v -0.01493300 -0.12493200 0.00216900
v -0.01493300 -0.12493200 0.00216900
v -0.01493300 -0.12493200 0.00216900
v -0.01493000 -0.12493200 0.00199700
v -0.01493000 -0.12493200 0.00199700
v -0.01493000 -0.12493200 0.00199700
v -0.01494700 -0.12493200 0.00183200
v -0.01494700 -0.12493200 0.00183200
v -0.01494700 -0.12493200 0.00183200
v -0.01498400 -0.12493200 0.00167900
v -0.01498400 -0.12493200 0.00167900
v -0.01498400 -0.12493200 0.00167900
v -0.01503900 -0.12493200 0.00153800
v -0.01503900 -0.12493200 0.00153800
v -0.01503900 -0.12493200 0.00153800
v -0.01510700 -0.12493200 0.00140900
v -0.01510700 -0.12493200 0.00140900
v -0.01510700 -0.12493200 0.00140900
v -0.01510700 -0.12493200 0.00140900
v -0.01518800 -0.12493200 0.00129200
v -0.01518800 -0.12493200 0.00129200
v -0.01518800 -0.12493200 0.00129200
v -0.01527600 -0.12493200 0.00118600
v -0.01527600 -0.12493200 0.00118600
v -0.01527600 -0.12493200 0.00118600
v -0.01537100 -0.12493200 0.00109000
v -0.01537100 -0.12493200 0.00109000
v -0.01537100 -0.12493200 0.00109000
v -0.01546800 -0.12493200 0.00100600
v -0.01546800 -0.12493200 0.00100600
v -0.01546800 -0.12493200 0.00100600
v -0.01556600 -0.12493200 0.00093200
v -0.01556600 -0.12493200 0.00093200
v -0.01556600 -0.12493200 0.00093200
v -0.01556600 -0.12493200 0.00093200
v -0.01566100 -0.12493200 0.00086900
v -0.01566100 -0.12493200 0.00086900
v -0.01566100 -0.12493200 0.00086900
v -0.01566100 -0.12493200 0.00086900
v -0.01583000 -0.12493200 0.00077200
v -0.01583000 -0.12493200 0.00077200
v -0.01583000 -0.12493200 0.00077200
v -0.01601000 -0.12493200 0.00069000
v -0.01601000 -0.12493200 0.00069000
v -0.01601000 -0.12493200 0.00069000
v -0.01588700 -0.12493200 0.00034300
v -0.01588700 -0.12493200 0.00034300
v -0.01588700 -0.12493200 0.00034300
v -0.01588700 -0.12493200 0.00034300
v -0.01576400 -0.12493200 -0.00000400
v -0.01576400 -0.12493200 -0.00000400
v -0.01576400 -0.12493200 -0.00000400
v -0.01576400 -0.12493200 -0.00000400
v -0.01564100 -0.12493200 -0.00035100
v -0.01564100 -0.12493200 -0.00035100
v -0.01564100 -0.12493200 -0.00035100
v -0.01564100 -0.12493200 -0.00035100
v -0.01551800 -0.12493200 -0.00069800
v -0.01551800 -0.12493200 -0.00069800
v -0.01551800 -0.12493200 -0.00069800
v -0.01540800 -0.12493200 -0.00065700
v -0.01540800 -0.12493200 -0.00065700
v -0.01540800 -0.12493200 -0.00065700
v -0.01516600 -0.12493200 -0.00054900
v -0.01516600 -0.12493200 -0.00054900
v -0.01516600 -0.12493200 -0.00054900
v -0.01516600 -0.12493200 -0.00054900
v -0.01501000 -0.12493200 -0.00046800
v -0.01501000 -0.12493200 -0.00046800
v -0.01501000 -0.12493200 -0.00046800
v -0.01501000 -0.12493200 -0.00046800
v -0.01501000 -0.12493200 -0.00046800
v -0.01483800 -0.12493200 -0.00036700
v -0.01483800 -0.12493200 -0.00036700
v -0.01483800 -0.12493200 -0.00036700
v -0.01483800 -0.12493200 -0.00036700
v -0.01465500 -0.12493200 -0.00024600
v -0.01465500 -0.12493200 -0.00024600
v -0.01465500 -0.12493200 -0.00024600
v -0.01446600 -0.12493200 -0.00010200
v -0.01446600 -0.12493200 -0.00010200
v -0.01446600 -0.12493200 -0.00010200
v -0.01427800 -0.12493200 0.00006300
v -0.01427800 -0.12493200 0.00006300
v -0.01427800 -0.12493200 0.00006300
v -0.01409500 -0.12493200 0.00025300
v -0.01409500 -0.12493200 0.00025300
v -0.01409500 -0.12493200 0.00025300
v -0.01392300 -0.12493200 0.00046700
v -0.01392300 -0.12493200 0.00046700
v -0.01392300 -0.12493200 0.00046700
v -0.01384300 -0.12493200 0.00058400
v -0.01384300 -0.12493200 0.00058400
v -0.01384300 -0.12493200 0.00058400
v -0.01376800 -0.12493200 0.00070700
v -0.01376800 -0.12493200 0.00070700
v -0.01376800 -0.12493200 0.00070700
v -0.01369800 -0.12493200 0.00083700
v -0.01369800 -0.12493200 0.00083700
v -0.01369800 -0.12493200 0.00083700
v -0.01369800 -0.12493200 0.00083700
v -0.01363500 -0.12493200 0.00097300
v -0.01363500 -0.12493200 0.00097300
v -0.01363500 -0.12493200 0.00097300
v -0.01363500 -0.12493200 0.00097300
v -0.01357800 -0.12493200 0.00111700
v -0.01357800 -0.12493200 0.00111700
v -0.01357800 -0.12493200 0.00111700
v -0.01352900 -0.12493200 0.00126800
v -0.01352900 -0.12493200 0.00126800
v -0.01352900 -0.12493200 0.00126800
v -0.01348800 -0.12493200 0.00142500
v -0.01348800 -0.12493200 0.00142500
v -0.01348800 -0.12493200 0.00142500
v -0.01345700 -0.12493200 0.00159000
v -0.01345700 -0.12493200 0.00159000
v -0.01345700 -0.12493200 0.00159000
v -0.01343400 -0.12493200 0.00176300
v -0.01343400 -0.12493200 0.00176300
v -0.01343400 -0.12493200 0.00176300
v -0.01342200 -0.12493200 0.00194300
v -0.01342200 -0.12493200 0.00194300
v -0.01342200 -0.12493200 0.00194300
v -0.01342100 -0.12493200 0.00210000
v -0.01342100 -0.12493200 0.00210000
v -0.01342100 -0.12493200 0.00210000
v -0.01342700 -0.12493200 0.00225400
v -0.01342700 -0.12493200 0.00225400
v -0.01342700 -0.12493200 0.00225400
v -0.01344100 -0.12493200 0.00240700
v -0.01344100 -0.12493200 0.00240700
v -0.01344100 -0.12493200 0.00240700
v -0.01346200 -0.12493200 0.00255700
v -0.01346200 -0.12493200 0.00255700
v -0.01346200 -0.12493200 0.00255700
v -0.01349000 -0.12493200 0.00270400
v -0.01349000 -0.12493200 0.00270400
v -0.01349000 -0.12493200 0.00270400
v -0.01352600 -0.12493200 0.00285000
v -0.01352600 -0.12493200 0.00285000
v -0.01352600 -0.12493200 0.00285000
v -0.01356900 -0.12493200 0.00299200
v -0.01356900 -0.12493200 0.00299200
v -0.01356900 -0.12493200 0.00299200
v -0.01361800 -0.12493200 0.00313100
v -0.01361800 -0.12493200 0.00313100
v -0.01361800 -0.12493200 0.00313100
v -0.01367400 -0.12493200 0.00326700
v -0.01367400 -0.12493200 0.00326700
v -0.01367400 -0.12493200 0.00326700
v -0.01373600 -0.12493200 0.00339900
v -0.01373600 -0.12493200 0.00339900
v -0.01373600 -0.12493200 0.00339900
v -0.01380400 -0.12493200 0.00352800
v -0.01380400 -0.12493200 0.00352800
v -0.01380400 -0.12493200 0.00352800
v -0.01387900 -0.12493200 0.00365300
v -0.01387900 -0.12493200 0.00365300
v -0.01387900 -0.12493200 0.00365300
v -0.01395900 -0.12493200 0.00377400
v -0.01395900 -0.12493200 0.00377400
v -0.01395900 -0.12493200 0.00377400
v -0.01404500 -0.12493200 0.00389100
v -0.01404500 -0.12493200 0.00389100
v -0.01404500 -0.12493200 0.00389100
v -0.01413600 -0.12493200 0.00400400
v -0.01413600 -0.12493200 0.00400400
v -0.01413600 -0.12493200 0.00400400
v -0.01413600 -0.12493200 0.00400400
v -0.01413600 -0.12493200 0.00400400
v -0.01423200 -0.12493200 0.00411200
v -0.01423200 -0.12493200 0.00411200
v -0.01423200 -0.12493200 0.00411200
v -0.01423200 -0.12493200 0.00411200
v -0.01433400 -0.12493200 0.00421500
v -0.01433400 -0.12493200 0.00421500
v -0.01433400 -0.12493200 0.00421500
v -0.01433400 -0.12493200 0.00421500
v -0.01444000 -0.12493200 0.00431300
v -0.01444000 -0.12493200 0.00431300
v -0.01444000 -0.12493200 0.00431300
v -0.01455200 -0.12493200 0.00440700
v -0.01455200 -0.12493200 0.00440700
v -0.01455200 -0.12493200 0.00440700
v -0.01455200 -0.12493200 0.00440700
v -0.01466700 -0.12493200 0.00449500
v -0.01466700 -0.12493200 0.00449500
v -0.01466700 -0.12493200 0.00449500
v -0.01478700 -0.12493200 0.00457700
v -0.01478700 -0.12493200 0.00457700
v -0.01478700 -0.12493200 0.00457700
v -0.01478700 -0.12493200 0.00457700
v -0.01478700 -0.12493200 0.00457700
v -0.01491100 -0.12493200 0.00465400
v -0.01491100 -0.12493200 0.00465400
v -0.01491100 -0.12493200 0.00465400
v -0.01491100 -0.12493200 0.00465400
v -0.01503900 -0.12493200 0.00472500
v -0.01503900 -0.12493200 0.00472500
v -0.01503900 -0.12493200 0.00472500
v -0.01503900 -0.12493200 0.00472500
v -0.01517100 -0.12493200 0.00478900
v -0.01517100 -0.12493200 0.00478900
v -0.01517100 -0.12493200 0.00478900
v -0.01530700 -0.12493200 0.00484800
v -0.01530700 -0.12493200 0.00484800
v -0.01530700 -0.12493200 0.00484800
v -0.01544500 -0.12493200 0.00490000
v -0.01544500 -0.12493200 0.00490000
v -0.01544500 -0.12493200 0.00490000
v -0.01558700 -0.12493200 0.00494500
v -0.01558700 -0.12493200 0.00494500
v -0.01558700 -0.12493200 0.00494500
v -0.01573200 -0.12493200 0.00498400
v -0.01573200 -0.12493200 0.00498400
v -0.01573200 -0.12493200 0.00498400
v -0.01588000 -0.12493200 0.00501600
v -0.01588000 -0.12493200 0.00501600
v -0.01588000 -0.12493200 0.00501600
v -0.01603100 -0.12493200 0.00504000
v -0.01603100 -0.12493200 0.00504000
v -0.01603100 -0.12493200 0.00504000
v -0.01618400 -0.12493200 0.00505700
v -0.01618400 -0.12493200 0.00505700
v -0.01618400 -0.12493200 0.00505700
v -0.01633900 -0.12493200 0.00506700
v -0.01633900 -0.12493200 0.00506700
v -0.01633900 -0.12493200 0.00506700
v -0.01650200 -0.12493200 0.00506800
v -0.01650200 -0.12493200 0.00506800
v -0.01650200 -0.12493200 0.00506800
v -0.01666100 -0.12493200 0.00506000
v -0.01666100 -0.12493200 0.00506000
v -0.01666100 -0.12493200 0.00506000
v -0.01681500 -0.12493200 0.00504300
v -0.01681500 -0.12493200 0.00504300
v -0.01681500 -0.12493200 0.00504300
v -0.01696500 -0.12493200 0.00501800
v -0.01696500 -0.12493200 0.00501800
v -0.01696500 -0.12493200 0.00501800
v -0.01711000 -0.12493200 0.00498400
v -0.01711000 -0.12493200 0.00498400
v -0.01711000 -0.12493200 0.00498400
v -0.01725100 -0.12493200 0.00494400
v -0.01725100 -0.12493200 0.00494400
v -0.01725100 -0.12493200 0.00494400
v -0.01738800 -0.12493200 0.00489600
v -0.01738800 -0.12493200 0.00489600
v -0.01738800 -0.12493200 0.00489600
v -0.01752000 -0.12493200 0.00484200
v -0.01752000 -0.12493200 0.00484200
v -0.01752000 -0.12493200 0.00484200
v -0.01764800 -0.12493200 0.00478100
v -0.01764800 -0.12493200 0.00478100
v -0.01764800 -0.12493200 0.00478100
v -0.01764800 -0.12493200 0.00478100
v -0.01777200 -0.12493200 0.00471500
v -0.01777200 -0.12493200 0.00471500
v -0.01777200 -0.12493200 0.00471500
v -0.01777200 -0.12493200 0.00471500
v -0.01777200 -0.12493200 0.00471500
v -0.01800800 -0.12493200 0.00456800
v -0.01800800 -0.12493200 0.00456800
v -0.01800800 -0.12493200 0.00456800
v -0.01822800 -0.12493200 0.00440400
v -0.01822800 -0.12493200 0.00440400
v -0.01822800 -0.12493200 0.00440400
v -0.01843200 -0.12493200 0.00422600
v -0.01843200 -0.12493200 0.00422600
v -0.01843200 -0.12493200 0.00422600
v -0.01843200 -0.12493200 0.00422600
v -0.01843200 -0.12493200 0.00422600
v -0.01862200 -0.12493200 0.00403800
v -0.01862200 -0.12493200 0.00403800
v -0.01862200 -0.12493200 0.00403800
v -0.01862200 -0.12493200 0.00403800
v -0.01862200 -0.12493200 0.00403800
v -0.01879600 -0.12493200 0.00384400
v -0.01879600 -0.12493200 0.00384400
v -0.01879600 -0.12493200 0.00384400
v -0.01879600 -0.12493200 0.00384400
v -0.01895600 -0.12493200 0.00364700
v -0.01895600 -0.12493200 0.00364700
v -0.01895600 -0.12493200 0.00364700
v -0.01910200 -0.12493200 0.00345100
v -0.01910200 -0.12493200 0.00345100
v -0.01910200 -0.12493200 0.00345100
v -0.01935400 -0.12493200 0.00307700
v -0.01935400 -0.12493200 0.00307700
v -0.01935400 -0.12493200 0.00307700
v -0.01955600 -0.12493200 0.00275100
v -0.01955600 -0.12493200 0.00275100
v -0.01955600 -0.12493200 0.00275100
v -0.01979800 -0.12493200 0.00237100
v -0.01979800 -0.12493200 0.00237100
v -0.01979800 -0.12493200 0.00237100
v -0.01991900 -0.12493200 0.00220000
v -0.01991900 -0.12493200 0.00220000
v -0.01991900 -0.12493200 0.00220000
v -0.02003800 -0.12493200 0.00204100
v -0.02003800 -0.12493200 0.00204100
v -0.02003800 -0.12493200 0.00204100
v -0.02015800 -0.12493200 0.00189500
v -0.02015800 -0.12493200 0.00189500
v -0.02015800 -0.12493200 0.00189500
v -0.02015800 -0.12493200 0.00189500
v -0.02027700 -0.12493200 0.00176200
v -0.02027700 -0.12493200 0.00176200
v -0.02027700 -0.12493200 0.00176200
v -0.02039500 -0.12493200 0.00164200
v -0.02039500 -0.12493200 0.00164200
v -0.02039500 -0.12493200 0.00164200
v -0.02051300 -0.12493200 0.00153400
v -0.02051300 -0.12493200 0.00153400
v -0.02051300 -0.12493200 0.00153400
v -0.02051300 -0.12493200 0.00153400
v -0.02063100 -0.12493200 0.00143900
v -0.02063100 -0.12493200 0.00143900
v -0.02063100 -0.12493200 0.00143900
v -0.02063100 -0.12493200 0.00143900
v -0.02074900 -0.12493200 0.00135700
v -0.02074900 -0.12493200 0.00135700
v -0.02074900 -0.12493200 0.00135700
v -0.02086600 -0.12493200 0.00128800
v -0.02086600 -0.12493200 0.00128800
v -0.02086600 -0.12493200 0.00128800
v -0.02098300 -0.12493200 0.00123300
v -0.02098300 -0.12493200 0.00123300
v -0.02098300 -0.12493200 0.00123300
v -0.02110000 -0.12493200 0.00119000
v -0.02110000 -0.12493200 0.00119000
v -0.02110000 -0.12493200 0.00119000
v -0.02121700 -0.12493200 0.00116100
v -0.02121700 -0.12493200 0.00116100
v -0.02121700 -0.12493200 0.00116100
v -0.02133400 -0.12493200 0.00114500
v -0.02133400 -0.12493200 0.00114500
v -0.02133400 -0.12493200 0.00114500
v -0.02145100 -0.12493200 0.00114300
v -0.02145100 -0.12493200 0.00114300
v -0.02145100 -0.12493200 0.00114300
v -0.02156500 -0.12493200 0.00115100
v -0.02156500 -0.12493200 0.00115100
v -0.02156500 -0.12493200 0.00115100
v -0.02167900 -0.12493200 0.00116900
v -0.02167900 -0.12493200 0.00116900
v -0.02167900 -0.12493200 0.00116900
v -0.02179400 -0.12493200 0.00119700
v -0.02179400 -0.12493200 0.00119700
v -0.02179400 -0.12493200 0.00119700
v -0.02179400 -0.12493200 0.00119700
v -0.02190800 -0.12493200 0.00123500
v -0.02190800 -0.12493200 0.00123500
v -0.02190800 -0.12493200 0.00123500
v -0.02201900 -0.12493200 0.00128300
v -0.02201900 -0.12493200 0.00128300
v -0.02201900 -0.12493200 0.00128300
v -0.02212700 -0.12493200 0.00134200
v -0.02212700 -0.12493200 0.00134200
v -0.02212700 -0.12493200 0.00134200
v -0.02222900 -0.12493200 0.00141200
v -0.02222900 -0.12493200 0.00141200
v -0.02222900 -0.12493200 0.00141200
v -0.02232500 -0.12493200 0.00149200
v -0.02232500 -0.12493200 0.00149200
v -0.02232500 -0.12493200 0.00149200
v -0.02232500 -0.12493200 0.00149200
v -0.02241400 -0.12493200 0.00158400
v -0.02241400 -0.12493200 0.00158400
v -0.02241400 -0.12493200 0.00158400
v -0.02241400 -0.12493200 0.00158400
v -0.02241400 -0.12493200 0.00158400
v -0.02249500 -0.12493200 0.00168700
v -0.02249500 -0.12493200 0.00168700
v -0.02249500 -0.12493200 0.00168700
v -0.02256500 -0.12493200 0.00180300
v -0.02256500 -0.12493200 0.00180300
v -0.02256500 -0.12493200 0.00180300
v -0.02262400 -0.12493200 0.00193000
v -0.02262400 -0.12493200 0.00193000
v -0.02262400 -0.12493200 0.00193000
v -0.02267100 -0.12493200 0.00206900
v -0.02267100 -0.12493200 0.00206900
v -0.02267100 -0.12493200 0.00206900
v -0.02267100 -0.12493200 0.00206900
v -0.02270400 -0.12493200 0.00222200
v -0.02270400 -0.12493200 0.00222200
v -0.02270400 -0.12493200 0.00222200
v -0.02270400 -0.12493200 0.00222200
v -0.02270400 -0.12493200 0.00222200
v -0.02272200 -0.12493200 0.00238700
v -0.02272200 -0.12493200 0.00238700
v -0.02272200 -0.12493200 0.00238700
v -0.02272200 -0.12493200 0.00238700
v -0.02272400 -0.12563100 0.00256500
v -0.02272400 -0.12563100 0.00256500
v -0.02272400 -0.12563100 0.00256500
v -0.02272400 -0.12563100 0.00256500
v -0.02271000 -0.12563100 0.00269900
v -0.02271000 -0.12563100 0.00269900
v -0.02271000 -0.12563100 0.00269900
v -0.02271000 -0.12563100 0.00269900
v -0.02268200 -0.12563100 0.00283100
v -0.02268200 -0.12563100 0.00283100
v -0.02268200 -0.12563100 0.00283100
v -0.02268200 -0.12563100 0.00283100
v -0.02263900 -0.12563100 0.00295900
v -0.02263900 -0.12563100 0.00295900
v -0.02263900 -0.12563100 0.00295900
v -0.02258500 -0.12563100 0.00308400
v -0.02258500 -0.12563100 0.00308400
v -0.02258500 -0.12563100 0.00308400
v -0.02258500 -0.12563100 0.00308400
v -0.02252100 -0.12563100 0.00320400
v -0.02252100 -0.12563100 0.00320400
v -0.02252100 -0.12563100 0.00320400
v -0.02252100 -0.12563100 0.00320400
v -0.02244800 -0.12563100 0.00331900
v -0.02244800 -0.12563100 0.00331900
v -0.02244800 -0.12563100 0.00331900
v -0.02244800 -0.12563100 0.00331900
v -0.02236900 -0.12563100 0.00342900
v -0.02236900 -0.12563100 0.00342900
v -0.02236900 -0.12563100 0.00342900
v -0.02236900 -0.12563100 0.00342900
v -0.02236900 -0.12563100 0.00342900
v -0.02228500 -0.12563100 0.00353300
v -0.02228500 -0.12563100 0.00353300
v -0.02228500 -0.12563100 0.00353300
v -0.02228500 -0.12563100 0.00353300
v -0.02228500 -0.12563100 0.00353300
v -0.02211000 -0.12563100 0.00372200
v -0.02211000 -0.12563100 0.00372200
v -0.02211000 -0.12563100 0.00372200
v -0.02193800 -0.12563100 0.00388100
v -0.02193800 -0.12563100 0.00388100
v -0.02193800 -0.12563100 0.00388100
v -0.02178100 -0.12563100 0.00400600
v -0.02178100 -0.12563100 0.00400600
v -0.02178100 -0.12563100 0.00400600
v -0.02165500 -0.12563100 0.00409400
v -0.02165500 -0.12563100 0.00409400
v -0.02165500 -0.12563100 0.00409400
v -0.02185400 -0.12563100 0.00441100
v -0.02185400 -0.12563100 0.00441100
v -0.02185400 -0.12563100 0.00441100
v -0.02205200 -0.12563100 0.00472900
v -0.02205200 -0.12563100 0.00472900
v -0.02205200 -0.12563100 0.00472900
v -0.02225100 -0.12563100 0.00504600
v -0.02225100 -0.12563100 0.00504600
v -0.02225100 -0.12563100 0.00504600
v -0.02225100 -0.12563100 0.00504600
v -0.02244900 -0.12563100 0.00536300
v -0.02244900 -0.12563100 0.00536300
v -0.02244900 -0.12563100 0.00536300
v -0.02254300 -0.12563100 0.00530200
v -0.02254300 -0.12563100 0.00530200
v -0.02254300 -0.12563100 0.00530200
v -0.02274800 -0.12563100 0.00515400
v -0.02274800 -0.12563100 0.00515400
v -0.02274800 -0.12563100 0.00515400
v -0.02274800 -0.12563100 0.00515400
v -0.02288100 -0.12563100 0.00504800
v -0.02288100 -0.12563100 0.00504800
v -0.02288100 -0.12563100 0.00504800
v -0.02288100 -0.12563100 0.00504800
v -0.02302700 -0.12563100 0.00492200
v -0.02302700 -0.12563100 0.00492200
v -0.02302700 -0.12563100 0.00492200
v -0.02302700 -0.12563100 0.00492200
v -0.02318300 -0.12563100 0.00477600
v -0.02318300 -0.12563100 0.00477600
v -0.02318300 -0.12563100 0.00477600
v -0.02318300 -0.12563100 0.00477600
v -0.02334300 -0.12563100 0.00460900
v -0.02334300 -0.12563100 0.00460900
v -0.02334300 -0.12563100 0.00460900
v -0.02334300 -0.12563100 0.00460900
v -0.02350300 -0.12563100 0.00442400
v -0.02350300 -0.12563100 0.00442400
v -0.02350300 -0.12563100 0.00442400
v -0.02350300 -0.12563100 0.00442400
v -0.02350300 -0.12563100 0.00442400
v -0.02365800 -0.12563100 0.00421900
v -0.02365800 -0.12563100 0.00421900
v -0.02365800 -0.12563100 0.00421900
v -0.02365800 -0.12563100 0.00421900
v -0.02380300 -0.12563100 0.00399600
v -0.02380300 -0.12563100 0.00399600
v -0.02380300 -0.12563100 0.00399600
v -0.02393500 -0.12563100 0.00375500
v -0.02393500 -0.12563100 0.00375500
v -0.02393500 -0.12563100 0.00375500
v -0.02393500 -0.12563100 0.00375500
v -0.02404800 -0.12563100 0.00349700
v -0.02404800 -0.12563100 0.00349700
v -0.02404800 -0.12563100 0.00349700
v -0.02409600 -0.12563100 0.00336100
v -0.02409600 -0.12563100 0.00336100
v -0.02409600 -0.12563100 0.00336100
v -0.02413800 -0.12563100 0.00322100
v -0.02413800 -0.12563100 0.00322100
v -0.02413800 -0.12563100 0.00322100
v -0.02417300 -0.12563100 0.00307700
v -0.02417300 -0.12563100 0.00307700
v -0.02417300 -0.12563100 0.00307700
v -0.02417300 -0.12563100 0.00307700
v -0.02420000 -0.12563100 0.00292800
v -0.02420000 -0.12563100 0.00292800
v -0.02420000 -0.12563100 0.00292800
v -0.02420000 -0.12563100 0.00292800
v -0.02421900 -0.12563100 0.00277600
v -0.02421900 -0.12563100 0.00277600
v -0.02421900 -0.12563100 0.00277600
v -0.02422900 -0.12563100 0.00261900
v -0.02422900 -0.12563100 0.00261900
v -0.02422900 -0.12563100 0.00261900
v -0.02422900 -0.12563100 0.00261900
v -0.02423100 -0.12563100 0.00246500
v -0.02423100 -0.12563100 0.00246500
v -0.02423100 -0.12563100 0.00246500
v -0.02422700 -0.12563100 0.00231300
v -0.02422700 -0.12563100 0.00231300
v -0.02422700 -0.12563100 0.00231300
v -0.02422700 -0.12563100 0.00231300
v -0.02421500 -0.12563100 0.00216400
v -0.02421500 -0.12563100 0.00216400
v -0.02421500 -0.12563100 0.00216400
v -0.02421500 -0.12563100 0.00216400
v -0.02419700 -0.12563100 0.00201700
v -0.02419700 -0.12563100 0.00201700
v -0.02419700 -0.12563100 0.00201700
v -0.02419700 -0.12563100 0.00201700
v -0.02419700 -0.12563100 0.00201700
v -0.02417200 -0.12563100 0.00187400
v -0.02417200 -0.12563100 0.00187400
v -0.02417200 -0.12563100 0.00187400
v -0.02417200 -0.12563100 0.00187400
v -0.02414000 -0.12563100 0.00173400
v -0.02414000 -0.12563100 0.00173400
v -0.02414000 -0.12563100 0.00173400
v -0.02414000 -0.12563100 0.00173400
v -0.02410300 -0.12563100 0.00159700
v -0.02410300 -0.12563100 0.00159700
v -0.02410300 -0.12563100 0.00159700
v -0.02405900 -0.12563100 0.00146300
v -0.02405900 -0.12563100 0.00146300
v -0.02405900 -0.12563100 0.00146300
v -0.02401000 -0.12563100 0.00133300
v -0.02401000 -0.12563100 0.00133300
v -0.02401000 -0.12563100 0.00133300
v -0.02395400 -0.12563100 0.00120700
v -0.02395400 -0.12563100 0.00120700
v -0.02395400 -0.12563100 0.00120700
v -0.02389300 -0.12563100 0.00108400
v -0.02389300 -0.12563100 0.00108400
v -0.02389300 -0.12563100 0.00108400
v -0.02382600 -0.12563100 0.00096600
v -0.02382600 -0.12563100 0.00096600
v -0.02382600 -0.12563100 0.00096600
v -0.02375300 -0.12563100 0.00085100
v -0.02375300 -0.12563100 0.00085100
v -0.02375300 -0.12563100 0.00085100
v -0.02367500 -0.12563100 0.00074100
v -0.02367500 -0.12563100 0.00074100
v -0.02367500 -0.12563100 0.00074100
v -0.02359200 -0.12563100 0.00063600
v -0.02359200 -0.12563100 0.00063600
v -0.02359200 -0.12563100 0.00063600
v -0.02350400 -0.12563100 0.00053400
v -0.02350400 -0.12563100 0.00053400
v -0.02350400 -0.12563100 0.00053400
v -0.02350400 -0.12563100 0.00053400
v -0.02350400 -0.12563100 0.00053400
v -0.02341100 -0.12563100 0.00043800
v -0.02341100 -0.12563100 0.00043800
v -0.02341100 -0.12563100 0.00043800
v -0.02341100 -0.12563100 0.00043800
v -0.02331300 -0.12563100 0.00034600
v -0.02331300 -0.12563100 0.00034600
v -0.02331300 -0.12563100 0.00034600
v -0.02331300 -0.12563100 0.00034600
v -0.02321000 -0.12563100 0.00026000
v -0.02321000 -0.12563100 0.00026000
v -0.02321000 -0.12563100 0.00026000
v -0.02310300 -0.12563100 0.00017800
v -0.02310300 -0.12563100 0.00017800
v -0.02310300 -0.12563100 0.00017800
v -0.02310300 -0.12563100 0.00017800
v -0.02299100 -0.12563100 0.00010200
v -0.02299100 -0.12563100 0.00010200
v -0.02299100 -0.12563100 0.00010200
v -0.02299100 -0.12563100 0.00010200
v -0.02287500 -0.12563100 0.00003100
v -0.02287500 -0.12563100 0.00003100
v -0.02287500 -0.12563100 0.00003100
v -0.02275500 -0.12563100 -0.00003400
v -0.02275500 -0.12563100 -0.00003400
v -0.02275500 -0.12563100 -0.00003400
v -0.02263000 -0.12563100 -0.00009400
v -0.02263000 -0.12563100 -0.00009400
v -0.02263000 -0.12563100 -0.00009400
v -0.02250200 -0.12563100 -0.00014800
v -0.02250200 -0.12563100 -0.00014800
v -0.02250200 -0.12563100 -0.00014800
v -0.02250200 -0.12563100 -0.00014800
v -0.02237000 -0.12563100 -0.00019600
v -0.02237000 -0.12563100 -0.00019600
v -0.02237000 -0.12563100 -0.00019600
v -0.02223400 -0.12563100 -0.00023700
v -0.02223400 -0.12563100 -0.00023700
v -0.02223400 -0.12563100 -0.00023700
v -0.02209500 -0.12563100 -0.00027300
v -0.02209500 -0.12563100 -0.00027300
v -0.02209500 -0.12563100 -0.00027300
v -0.02195200 -0.12563100 -0.00030200
v -0.02195200 -0.12563100 -0.00030200
v -0.02195200 -0.12563100 -0.00030200
v -0.02180600 -0.12563100 -0.00032400
v -0.02180600 -0.12563100 -0.00032400
v -0.02180600 -0.12563100 -0.00032400
v -0.02165700 -0.12563100 -0.00034000
v -0.02165700 -0.12563100 -0.00034000
v -0.02165700 -0.12563100 -0.00034000
v -0.02150500 -0.12563100 -0.00034900
v -0.02150500 -0.12563100 -0.00034900
v -0.02150500 -0.12563100 -0.00034900
v -0.02133600 -0.12563100 -0.00035000
v -0.02133600 -0.12563100 -0.00035000
v -0.02133600 -0.12563100 -0.00035000
v -0.02117100 -0.12563100 -0.00034000
v -0.02117100 -0.12563100 -0.00034000
v -0.02117100 -0.12563100 -0.00034000
v -0.02101100 -0.12563100 -0.00032100
v -0.02101100 -0.12563100 -0.00032100
v -0.02101100 -0.12563100 -0.00032100
v -0.02085600 -0.12563100 -0.00029200
v -0.02085600 -0.12563100 -0.00029200
v -0.02085600 -0.12563100 -0.00029200
v -0.02070500 -0.12563100 -0.00025500
v -0.02070500 -0.12563100 -0.00025500
v -0.02070500 -0.12563100 -0.00025500
v -0.02055800 -0.12563100 -0.00020900
v -0.02055800 -0.12563100 -0.00020900
v -0.02055800 -0.12563100 -0.00020900
v -0.02041600 -0.12563100 -0.00015600
v -0.02041600 -0.12563100 -0.00015600
v -0.02041600 -0.12563100 -0.00015600
v -0.02041600 -0.12563100 -0.00015600
v -0.02027800 -0.12563100 -0.00009600
v -0.02027800 -0.12563100 -0.00009600
v -0.02027800 -0.12563100 -0.00009600
v -0.02027800 -0.12563100 -0.00009600
v -0.02027800 -0.12563100 -0.00009600
v -0.02014500 -0.12563100 -0.00003000
v -0.02014500 -0.12563100 -0.00003000
v -0.02014500 -0.12563100 -0.00003000
v -0.02001600 -0.12563100 0.00004300
v -0.02001600 -0.12563100 0.00004300
v -0.02001600 -0.12563100 0.00004300
v -0.01977100 -0.12563100 0.00020300
v -0.01977100 -0.12563100 0.00020300
v -0.01977100 -0.12563100 0.00020300
v -0.01954400 -0.12563100 0.00037900
v -0.01954400 -0.12563100 0.00037900
v -0.01954400 -0.12563100 0.00037900
v -0.01933400 -0.12563100 0.00056800
v -0.01933400 -0.12563100 0.00056800
v -0.01933400 -0.12563100 0.00056800
v -0.01914100 -0.12563100 0.00076500
v -0.01914100 -0.12563100 0.00076500
v -0.01914100 -0.12563100 0.00076500
v -0.01914100 -0.12563100 0.00076500
v -0.01914100 -0.12563100 0.00076500
v -0.01896500 -0.12563100 0.00096500
v -0.01896500 -0.12563100 0.00096500
v -0.01896500 -0.12563100 0.00096500
v -0.01896500 -0.12563100 0.00096500
v -0.01880700 -0.12563100 0.00116300
v -0.01880700 -0.12563100 0.00116300
v -0.01880700 -0.12563100 0.00116300
v -0.01880700 -0.12563100 0.00116300
v -0.01866500 -0.12563100 0.00135500
v -0.01866500 -0.12563100 0.00135500
v -0.01866500 -0.12563100 0.00135500
v -0.01843200 -0.12563100 0.00170400
v -0.01843200 -0.12563100 0.00170400
v -0.01843200 -0.12563100 0.00170400
v -0.01843200 -0.12563100 0.00170400
v -0.01826700 -0.12563100 0.00197500
v -0.01826700 -0.12563100 0.00197500
v -0.01826700 -0.12563100 0.00197500
v -0.01804000 -0.12563100 0.00233500
v -0.01804000 -0.12563100 0.00233500
v -0.01804000 -0.12563100 0.00233500
v -0.01781800 -0.12563100 0.00265600
v -0.01781800 -0.12563100 0.00265600
v -0.01781800 -0.12563100 0.00265600
v -0.01770700 -0.12563100 0.00280000
v -0.01770700 -0.12563100 0.00280000
v -0.01770700 -0.12563100 0.00280000
v -0.01770700 -0.12563100 0.00280000
v -0.01759600 -0.12563100 0.00293300
v -0.01759600 -0.12563100 0.00293300
v -0.01759600 -0.12563100 0.00293300
v -0.01748400 -0.12563100 0.00305400
v -0.01748400 -0.12563100 0.00305400
v -0.01748400 -0.12563100 0.00305400
v -0.01737100 -0.12563100 0.00316400
v -0.01737100 -0.12563100 0.00316400
v -0.01737100 -0.12563100 0.00316400
v -0.01737100 -0.12563100 0.00316400
v -0.01737100 -0.12563100 0.00316400
v -0.01725700 -0.12563100 0.00326200
v -0.01725700 -0.12563100 0.00326200
v -0.01725700 -0.12563100 0.00326200
v -0.01725700 -0.12563100 0.00326200
v -0.01714200 -0.12563100 0.00334700
v -0.01714200 -0.12563100 0.00334700
v -0.01714200 -0.12563100 0.00334700
v -0.01702400 -0.12563100 0.00341900
v -0.01702400 -0.12563100 0.00341900
v -0.01702400 -0.12563100 0.00341900
v -0.01702400 -0.12563100 0.00341900
v -0.01690400 -0.12563100 0.00347800
v -0.01690400 -0.12563100 0.00347800
v -0.01690400 -0.12563100 0.00347800
v -0.01678100 -0.12563100 0.00352300
v -0.01678100 -0.12563100 0.00352300
v -0.01678100 -0.12563100 0.00352300
v -0.01665500 -0.12563100 0.00355500
v -0.01665500 -0.12563100 0.00355500
v -0.01665500 -0.12563100 0.00355500
v -0.01652600 -0.12563100 0.00357200
v -0.01652600 -0.12563100 0.00357200
v -0.01652600 -0.12563100 0.00357200
v -0.01639300 -0.12563100 0.00357500
v -0.01639300 -0.12563100 0.00357500
v -0.01639300 -0.12563100 0.00357500
v -0.01625800 -0.12563100 0.00356300
v -0.01625800 -0.12563100 0.00356300
v -0.01625800 -0.12563100 0.00356300
v -0.01612200 -0.12563100 0.00353800
v -0.01612200 -0.12563100 0.00353800
v -0.01612200 -0.12563100 0.00353800
v -0.01598800 -0.12563100 0.00350000
v -0.01598800 -0.12563100 0.00350000
v -0.01598800 -0.12563100 0.00350000
v -0.01585600 -0.12563100 0.00344900
v -0.01585600 -0.12563100 0.00344900
v -0.01585600 -0.12563100 0.00344900
v -0.01572800 -0.12563100 0.00338600
v -0.01572800 -0.12563100 0.00338600
v -0.01572800 -0.12563100 0.00338600
v -0.01560500 -0.12563100 0.00331100
v -0.01560500 -0.12563100 0.00331100
v -0.01560500 -0.12563100 0.00331100
v -0.01560500 -0.12563100 0.00331100
v -0.01560500 -0.12563100 0.00331100
v -0.01548800 -0.12563100 0.00322400
v -0.01548800 -0.12563100 0.00322400
v -0.01548800 -0.12563100 0.00322400
v -0.01548800 -0.12563100 0.00322400
v -0.01537900 -0.12563100 0.00312700
v -0.01537900 -0.12563100 0.00312700
v -0.01537900 -0.12563100 0.00312700
v -0.01537900 -0.12563100 0.00312700
v -0.01527800 -0.12563100 0.00301900
v -0.01527800 -0.12563100 0.00301900
v -0.01527800 -0.12563100 0.00301900
v -0.01527800 -0.12563100 0.00301900
v -0.01518800 -0.12563100 0.00290000
v -0.01518800 -0.12563100 0.00290000
v -0.01518800 -0.12563100 0.00290000
v -0.01510900 -0.12563100 0.00277200
v -0.01510900 -0.12563100 0.00277200
v -0.01510900 -0.12563100 0.00277200
v -0.01510900 -0.12563100 0.00277200
v -0.01504300 -0.12563100 0.00263500
v -0.01504300 -0.12563100 0.00263500
v -0.01504300 -0.12563100 0.00263500
v -0.01504300 -0.12563100 0.00263500
v -0.01504300 -0.12563100 0.00263500
v -0.01499100 -0.12563100 0.00248800
v -0.01499100 -0.12563100 0.00248800
v -0.01499100 -0.12563100 0.00248800
v -0.01499100 -0.12563100 0.00248800
v -0.01495300 -0.12563100 0.00233200
v -0.01495300 -0.12563100 0.00233200
v -0.01495300 -0.12563100 0.00233200
v -0.01493300 -0.12563100 0.00216900
v -0.01493300 -0.12563100 0.00216900
v -0.01493300 -0.12563100 0.00216900
v -0.01493300 -0.12563100 0.00216900
v -0.01493000 -0.12563100 0.00199700
v -0.01493000 -0.12563100 0.00199700
v -0.01493000 -0.12563100 0.00199700
v -0.01493000 -0.12563100 0.00199700
v -0.01493000 -0.12563100 0.00199700
v -0.01494700 -0.12563100 0.00183200
v -0.01494700 -0.12563100 0.00183200
v -0.01494700 -0.12563100 0.00183200
v -0.01498400 -0.12563100 0.00167900
v -0.01498400 -0.12563100 0.00167900
v -0.01498400 -0.12563100 0.00167900
v -0.01503900 -0.12563100 0.00153800
v -0.01503900 -0.12563100 0.00153800
v -0.01503900 -0.12563100 0.00153800
v -0.01503900 -0.12563100 0.00153800
v -0.01510700 -0.12563100 0.00140900
v -0.01510700 -0.12563100 0.00140900
v -0.01510700 -0.12563100 0.00140900
v -0.01510700 -0.12563100 0.00140900
v -0.01518800 -0.12563100 0.00129200
v -0.01518800 -0.12563100 0.00129200
v -0.01518800 -0.12563100 0.00129200
v -0.01518800 -0.12563100 0.00129200
v -0.01527600 -0.12563100 0.00118600
v -0.01527600 -0.12563100 0.00118600
v -0.01527600 -0.12563100 0.00118600
v -0.01527600 -0.12563100 0.00118600
v -0.01537100 -0.12563100 0.00109000
v -0.01537100 -0.12563100 0.00109000
v -0.01537100 -0.12563100 0.00109000
v -0.01537100 -0.12563100 0.00109000
v -0.01546800 -0.12563100 0.00100600
v -0.01546800 -0.12563100 0.00100600
v -0.01546800 -0.12563100 0.00100600
v -0.01556600 -0.12563100 0.00093200
v -0.01556600 -0.12563100 0.00093200
v -0.01556600 -0.12563100 0.00093200
v -0.01566100 -0.12563100 0.00086900
v -0.01566100 -0.12563100 0.00086900
v -0.01566100 -0.12563100 0.00086900
v -0.01566100 -0.12563100 0.00086900
v -0.01583000 -0.12563100 0.00077200
v -0.01583000 -0.12563100 0.00077200
v -0.01583000 -0.12563100 0.00077200
v -0.01583000 -0.12563100 0.00077200
v -0.01601000 -0.12563100 0.00069000
v -0.01601000 -0.12563100 0.00069000
v -0.01601000 -0.12563100 0.00069000
v -0.01588700 -0.12563100 0.00034300
v -0.01588700 -0.12563100 0.00034300
v -0.01588700 -0.12563100 0.00034300
v -0.01588700 -0.12563100 0.00034300
v -0.01588700 -0.12563100 0.00034300
v -0.01576400 -0.12563100 -0.00000400
v -0.01576400 -0.12563100 -0.00000400
v -0.01576400 -0.12563100 -0.00000400
v -0.01576400 -0.12563100 -0.00000400
v -0.01564100 -0.12563100 -0.00035100
v -0.01564100 -0.12563100 -0.00035100
v -0.01564100 -0.12563100 -0.00035100
v -0.01551800 -0.12563100 -0.00069800
v -0.01551800 -0.12563100 -0.00069800
v -0.01551800 -0.12563100 -0.00069800
v -0.01540800 -0.12563100 -0.00065700
v -0.01540800 -0.12563100 -0.00065700
v -0.01540800 -0.12563100 -0.00065700
v -0.01516600 -0.12563100 -0.00054900
v -0.01516600 -0.12563100 -0.00054900
v -0.01516600 -0.12563100 -0.00054900
v -0.01516600 -0.12563100 -0.00054900
v -0.01501000 -0.12563100 -0.00046800
v -0.01501000 -0.12563100 -0.00046800
v -0.01501000 -0.12563100 -0.00046800
v -0.01501000 -0.12563100 -0.00046800
v -0.01483800 -0.12563100 -0.00036700
v -0.01483800 -0.12563100 -0.00036700
v -0.01483800 -0.12563100 -0.00036700
v -0.01483800 -0.12563100 -0.00036700
v -0.01465500 -0.12563100 -0.00024600
v -0.01465500 -0.12563100 -0.00024600
v -0.01465500 -0.12563100 -0.00024600
v -0.01446600 -0.12563100 -0.00010200
v -0.01446600 -0.12563100 -0.00010200
v -0.01446600 -0.12563100 -0.00010200
v -0.01427800 -0.12563100 0.00006300
v -0.01427800 -0.12563100 0.00006300
v -0.01427800 -0.12563100 0.00006300
v -0.01427800 -0.12563100 0.00006300
v -0.01409500 -0.12563100 0.00025300
v -0.01409500 -0.12563100 0.00025300
v -0.01409500 -0.12563100 0.00025300
v -0.01392300 -0.12563100 0.00046700
v -0.01392300 -0.12563100 0.00046700
v -0.01392300 -0.12563100 0.00046700
v -0.01384300 -0.12563100 0.00058400
v -0.01384300 -0.12563100 0.00058400
v -0.01384300 -0.12563100 0.00058400
v -0.01384300 -0.12563100 0.00058400
v -0.01376800 -0.12563100 0.00070700
v -0.01376800 -0.12563100 0.00070700
v -0.01376800 -0.12563100 0.00070700
v -0.01369800 -0.12563100 0.00083700
v -0.01369800 -0.12563100 0.00083700
v -0.01369800 -0.12563100 0.00083700
v -0.01363500 -0.12563100 0.00097300
v -0.01363500 -0.12563100 0.00097300
v -0.01363500 -0.12563100 0.00097300
v -0.01357800 -0.12563100 0.00111700
v -0.01357800 -0.12563100 0.00111700
v -0.01357800 -0.12563100 0.00111700
v -0.01357800 -0.12563100 0.00111700
v -0.01352900 -0.12563100 0.00126800
v -0.01352900 -0.12563100 0.00126800
v -0.01352900 -0.12563100 0.00126800
v -0.01352900 -0.12563100 0.00126800
v -0.01348800 -0.12563100 0.00142500
v -0.01348800 -0.12563100 0.00142500
v -0.01348800 -0.12563100 0.00142500
v -0.01345700 -0.12563100 0.00159000
v -0.01345700 -0.12563100 0.00159000
v -0.01345700 -0.12563100 0.00159000
v -0.01343400 -0.12563100 0.00176300
v -0.01343400 -0.12563100 0.00176300
v -0.01343400 -0.12563100 0.00176300
v -0.01342200 -0.12563100 0.00194300
v -0.01342200 -0.12563100 0.00194300
v -0.01342200 -0.12563100 0.00194300
v -0.01342100 -0.12563100 0.00210000
v -0.01342100 -0.12563100 0.00210000
v -0.01342100 -0.12563100 0.00210000
v -0.01342100 -0.12563100 0.00210000
v -0.01342700 -0.12563100 0.00225400
v -0.01342700 -0.12563100 0.00225400
v -0.01342700 -0.12563100 0.00225400
v -0.01342700 -0.12563100 0.00225400
v -0.01342700 -0.12563100 0.00225400
v -0.01344100 -0.12563100 0.00240700
v -0.01344100 -0.12563100 0.00240700
v -0.01344100 -0.12563100 0.00240700
v -0.01346200 -0.12563100 0.00255700
v -0.01346200 -0.12563100 0.00255700
v -0.01346200 -0.12563100 0.00255700
v -0.01349000 -0.12563100 0.00270400
v -0.01349000 -0.12563100 0.00270400
v -0.01349000 -0.12563100 0.00270400
v -0.01352600 -0.12563100 0.00285000
v -0.01352600 -0.12563100 0.00285000
v -0.01352600 -0.12563100 0.00285000
v -0.01352600 -0.12563100 0.00285000
v -0.01356900 -0.12563100 0.00299200
v -0.01356900 -0.12563100 0.00299200
v -0.01356900 -0.12563100 0.00299200
v -0.01356900 -0.12563100 0.00299200
v -0.01361800 -0.12563100 0.00313100
v -0.01361800 -0.12563100 0.00313100
v -0.01361800 -0.12563100 0.00313100
v -0.01361800 -0.12563100 0.00313100
v -0.01367400 -0.12563100 0.00326700
v -0.01367400 -0.12563100 0.00326700
v -0.01367400 -0.12563100 0.00326700
v -0.01367400 -0.12563100 0.00326700
v -0.01373600 -0.12563100 0.00339900
v -0.01373600 -0.12563100 0.00339900
v -0.01373600 -0.12563100 0.00339900
v -0.01373600 -0.12563100 0.00339900
v -0.01380400 -0.12563100 0.00352800
v -0.01380400 -0.12563100 0.00352800
v -0.01380400 -0.12563100 0.00352800
v -0.01380400 -0.12563100 0.00352800
v -0.01387900 -0.12563100 0.00365300
v -0.01387900 -0.12563100 0.00365300
v -0.01387900 -0.12563100 0.00365300
v -0.01387900 -0.12563100 0.00365300
v -0.01395900 -0.12563100 0.00377400
v -0.01395900 -0.12563100 0.00377400
v -0.01395900 -0.12563100 0.00377400
v -0.01404500 -0.12563100 0.00389100
v -0.01404500 -0.12563100 0.00389100
v -0.01404500 -0.12563100 0.00389100
v -0.01413600 -0.12563100 0.00400400
v -0.01413600 -0.12563100 0.00400400
v -0.01413600 -0.12563100 0.00400400
v -0.01413600 -0.12563100 0.00400400
v -0.01423200 -0.12563100 0.00411200
v -0.01423200 -0.12563100 0.00411200
v -0.01423200 -0.12563100 0.00411200
v -0.01433400 -0.12563100 0.00421500
v -0.01433400 -0.12563100 0.00421500
v -0.01433400 -0.12563100 0.00421500
v -0.01433400 -0.12563100 0.00421500
v -0.01444000 -0.12563100 0.00431300
v -0.01444000 -0.12563100 0.00431300
v -0.01444000 -0.12563100 0.00431300
v -0.01455200 -0.12563100 0.00440700
v -0.01455200 -0.12563100 0.00440700
v -0.01455200 -0.12563100 0.00440700
v -0.01455200 -0.12563100 0.00440700
v -0.01455200 -0.12563100 0.00440700
v -0.01466700 -0.12563100 0.00449500
v -0.01466700 -0.12563100 0.00449500
v -0.01466700 -0.12563100 0.00449500
v -0.01466700 -0.12563100 0.00449500
v -0.01478700 -0.12563100 0.00457700
v -0.01478700 -0.12563100 0.00457700
v -0.01478700 -0.12563100 0.00457700
v -0.01491100 -0.12563100 0.00465400
v -0.01491100 -0.12563100 0.00465400
v -0.01491100 -0.12563100 0.00465400
v -0.01503900 -0.12563100 0.00472500
v -0.01503900 -0.12563100 0.00472500
v -0.01503900 -0.12563100 0.00472500
v -0.01517100 -0.12563100 0.00478900
v -0.01517100 -0.12563100 0.00478900
v -0.01517100 -0.12563100 0.00478900
v -0.01530700 -0.12563100 0.00484800
v -0.01530700 -0.12563100 0.00484800
v -0.01530700 -0.12563100 0.00484800
v -0.01544500 -0.12563100 0.00490000
v -0.01544500 -0.12563100 0.00490000
v -0.01544500 -0.12563100 0.00490000
v -0.01558700 -0.12563100 0.00494500
v -0.01558700 -0.12563100 0.00494500
v -0.01558700 -0.12563100 0.00494500
v -0.01573200 -0.12563100 0.00498400
v -0.01573200 -0.12563100 0.00498400
v -0.01573200 -0.12563100 0.00498400
v -0.01588000 -0.12563100 0.00501600
v -0.01588000 -0.12563100 0.00501600
v -0.01588000 -0.12563100 0.00501600
v -0.01603100 -0.12563100 0.00504000
v -0.01603100 -0.12563100 0.00504000
v -0.01603100 -0.12563100 0.00504000
v -0.01618400 -0.12563100 0.00505700
v -0.01618400 -0.12563100 0.00505700
v -0.01618400 -0.12563100 0.00505700
v -0.01633900 -0.12563100 0.00506700
v -0.01633900 -0.12563100 0.00506700
v -0.01633900 -0.12563100 0.00506700
v -0.01650200 -0.12563100 0.00506800
v -0.01650200 -0.12563100 0.00506800
v -0.01650200 -0.12563100 0.00506800
v -0.01666100 -0.12563100 0.00506000
v -0.01666100 -0.12563100 0.00506000
v -0.01666100 -0.12563100 0.00506000
v -0.01681500 -0.12563100 0.00504300
v -0.01681500 -0.12563100 0.00504300
v -0.01681500 -0.12563100 0.00504300
v -0.01696500 -0.12563100 0.00501800
v -0.01696500 -0.12563100 0.00501800
v -0.01696500 -0.12563100 0.00501800
v -0.01711000 -0.12563100 0.00498400
v -0.01711000 -0.12563100 0.00498400
v -0.01711000 -0.12563100 0.00498400
v -0.01725100 -0.12563100 0.00494400
v -0.01725100 -0.12563100 0.00494400
v -0.01725100 -0.12563100 0.00494400
v -0.01738800 -0.12563100 0.00489600
v -0.01738800 -0.12563100 0.00489600
v -0.01738800 -0.12563100 0.00489600
v -0.01752000 -0.12563100 0.00484200
v -0.01752000 -0.12563100 0.00484200
v -0.01752000 -0.12563100 0.00484200
v -0.01752000 -0.12563100 0.00484200
v -0.01764800 -0.12563100 0.00478100
v -0.01764800 -0.12563100 0.00478100
v -0.01764800 -0.12563100 0.00478100
v -0.01764800 -0.12563100 0.00478100
v -0.01777200 -0.12563100 0.00471500
v -0.01777200 -0.12563100 0.00471500
v -0.01777200 -0.12563100 0.00471500
v -0.01800800 -0.12563100 0.00456800
v -0.01800800 -0.12563100 0.00456800
v -0.01800800 -0.12563100 0.00456800
v -0.01822800 -0.12563100 0.00440400
v -0.01822800 -0.12563100 0.00440400
v -0.01822800 -0.12563100 0.00440400
v -0.01843200 -0.12563100 0.00422600
v -0.01843200 -0.12563100 0.00422600
v -0.01843200 -0.12563100 0.00422600
v -0.01843200 -0.12563100 0.00422600
v -0.01843200 -0.12563100 0.00422600
v -0.01862200 -0.12563100 0.00403800
v -0.01862200 -0.12563100 0.00403800
v -0.01862200 -0.12563100 0.00403800
v -0.01862200 -0.12563100 0.00403800
v -0.01879600 -0.12563100 0.00384400
v -0.01879600 -0.12563100 0.00384400
v -0.01879600 -0.12563100 0.00384400
v -0.01895600 -0.12563100 0.00364700
v -0.01895600 -0.12563100 0.00364700
v -0.01895600 -0.12563100 0.00364700
v -0.01895600 -0.12563100 0.00364700
v -0.01910200 -0.12563100 0.00345100
v -0.01910200 -0.12563100 0.00345100
v -0.01910200 -0.12563100 0.00345100
v -0.01910200 -0.12563100 0.00345100
v -0.01935400 -0.12563100 0.00307700
v -0.01935400 -0.12563100 0.00307700
v -0.01935400 -0.12563100 0.00307700
v -0.01955600 -0.12563100 0.00275100
v -0.01955600 -0.12563100 0.00275100
v -0.01955600 -0.12563100 0.00275100
v -0.01979800 -0.12563100 0.00237100
v -0.01979800 -0.12563100 0.00237100
v -0.01979800 -0.12563100 0.00237100
v -0.01979800 -0.12563100 0.00237100
v -0.01991900 -0.12563100 0.00220000
v -0.01991900 -0.12563100 0.00220000
v -0.01991900 -0.12563100 0.00220000
v -0.01991900 -0.12563100 0.00220000
v -0.02003800 -0.12563100 0.00204100
v -0.02003800 -0.12563100 0.00204100
v -0.02003800 -0.12563100 0.00204100
v -0.02003800 -0.12563100 0.00204100
v -0.02015800 -0.12563100 0.00189500
v -0.02015800 -0.12563100 0.00189500
v -0.02015800 -0.12563100 0.00189500
v -0.02015800 -0.12563100 0.00189500
v -0.02027700 -0.12563100 0.00176200
v -0.02027700 -0.12563100 0.00176200
v -0.02027700 -0.12563100 0.00176200
v -0.02027700 -0.12563100 0.00176200
v -0.02027700 -0.12563100 0.00176200
v -0.02039500 -0.12563100 0.00164200
v -0.02039500 -0.12563100 0.00164200
v -0.02039500 -0.12563100 0.00164200
v -0.02039500 -0.12563100 0.00164200
v -0.02051300 -0.12563100 0.00153400
v -0.02051300 -0.12563100 0.00153400
v -0.02051300 -0.12563100 0.00153400
v -0.02063100 -0.12563100 0.00143900
v -0.02063100 -0.12563100 0.00143900
v -0.02063100 -0.12563100 0.00143900
v -0.02074900 -0.12563100 0.00135700
v -0.02074900 -0.12563100 0.00135700
v -0.02074900 -0.12563100 0.00135700
v -0.02086600 -0.12563100 0.00128800
v -0.02086600 -0.12563100 0.00128800
v -0.02086600 -0.12563100 0.00128800
v -0.02086600 -0.12563100 0.00128800
v -0.02098300 -0.12563100 0.00123300
v -0.02098300 -0.12563100 0.00123300
v -0.02098300 -0.12563100 0.00123300
v -0.02098300 -0.12563100 0.00123300
v -0.02098300 -0.12563100 0.00123300
v -0.02110000 -0.12563100 0.00119000
v -0.02110000 -0.12563100 0.00119000
v -0.02110000 -0.12563100 0.00119000
v -0.02121700 -0.12563100 0.00116100
v -0.02121700 -0.12563100 0.00116100
v -0.02121700 -0.12563100 0.00116100
v -0.02133400 -0.12563100 0.00114500
v -0.02133400 -0.12563100 0.00114500
v -0.02133400 -0.12563100 0.00114500
v -0.02145100 -0.12563100 0.00114300
v -0.02145100 -0.12563100 0.00114300
v -0.02145100 -0.12563100 0.00114300
v -0.02156500 -0.12563100 0.00115100
v -0.02156500 -0.12563100 0.00115100
v -0.02156500 -0.12563100 0.00115100
v -0.02167900 -0.12563100 0.00116900
v -0.02167900 -0.12563100 0.00116900
v -0.02167900 -0.12563100 0.00116900
v -0.02179400 -0.12563100 0.00119700
v -0.02179400 -0.12563100 0.00119700
v -0.02179400 -0.12563100 0.00119700
v -0.02179400 -0.12563100 0.00119700
v -0.02190800 -0.12563100 0.00123500
v -0.02190800 -0.12563100 0.00123500
v -0.02190800 -0.12563100 0.00123500
v -0.02190800 -0.12563100 0.00123500
v -0.02201900 -0.12563100 0.00128300
v -0.02201900 -0.12563100 0.00128300
v -0.02201900 -0.12563100 0.00128300
v -0.02212700 -0.12563100 0.00134200
v -0.02212700 -0.12563100 0.00134200
v -0.02212700 -0.12563100 0.00134200
v -0.02212700 -0.12563100 0.00134200
v -0.02222900 -0.12563100 0.00141200
v -0.02222900 -0.12563100 0.00141200
v -0.02222900 -0.12563100 0.00141200
v -0.02222900 -0.12563100 0.00141200
v -0.02232500 -0.12563100 0.00149200
v -0.02232500 -0.12563100 0.00149200
v -0.02232500 -0.12563100 0.00149200
v -0.02232500 -0.12563100 0.00149200
v -0.02232500 -0.12563100 0.00149200
v -0.02241400 -0.12563100 0.00158400
v -0.02241400 -0.12563100 0.00158400
v -0.02241400 -0.12563100 0.00158400
v -0.02241400 -0.12563100 0.00158400
v -0.02249500 -0.12563100 0.00168700
v -0.02249500 -0.12563100 0.00168700
v -0.02249500 -0.12563100 0.00168700
v -0.02256500 -0.12563100 0.00180300
v -0.02256500 -0.12563100 0.00180300
v -0.02256500 -0.12563100 0.00180300
v -0.02262400 -0.12563100 0.00193000
v -0.02262400 -0.12563100 0.00193000
v -0.02262400 -0.12563100 0.00193000
v -0.02267100 -0.12563100 0.00206900
v -0.02267100 -0.12563100 0.00206900
v -0.02267100 -0.12563100 0.00206900
v -0.02270400 -0.12563100 0.00222200
v -0.02270400 -0.12563100 0.00222200
v -0.02270400 -0.12563100 0.00222200
v -0.02270400 -0.12563100 0.00222200
v -0.02270400 -0.12563100 0.00222200
v -0.02272200 -0.12563100 0.00238700
v -0.02272200 -0.12563100 0.00238700
v -0.02272200 -0.12563100 0.00238700
v -0.02272200 -0.12563100 0.00238700
v -0.02272200 -0.12563100 0.00238700
vn 0.55790000 0.61010000 -0.56260000
vn 0.54770000 -0.50510000 -0.66700000
vn 0.68630000 0.71900000 -0.10920000
vn 0.68480000 -0.72030000 -0.11020000
vn 0.66950000 0.72180000 -0.17520000
vn 0.66960000 -0.72190000 -0.17460000
vn 0.65150000 0.71730000 -0.24700000
vn 0.65010000 -0.71780000 -0.24930000
vn 0.62870000 0.71470000 -0.30660000
vn 0.62990000 -0.71490000 -0.30360000
vn 0.60560000 0.71370000 -0.35200000
vn 0.60340000 -0.71510000 -0.35290000
vn 0.58100000 0.71220000 -0.39390000
vn 0.58100000 -0.71230000 -0.39380000
vn 0.55710000 0.71170000 -0.42790000
vn 0.55800000 -0.71170000 -0.42680000
vn 0.53530000 0.70620000 -0.46340000
vn 0.52060000 -0.71480000 -0.46700000
vn 0.49110000 0.71320000 -0.50020000
vn 0.48960000 -0.71600000 -0.49760000
vn 0.45690000 0.71320000 -0.53160000
vn 0.45770000 -0.71340000 -0.53060000
vn 0.41990000 0.71560000 -0.55830000
vn 0.41910000 -0.71430000 -0.56050000
vn 0.83460000 0.53020000 -0.14910000
vn 0.77790000 -0.59950000 -0.18850000
vn 0.98690000 -0.04520000 -0.15490000
vn 0.98690000 0.04520000 -0.15490000
vn 0.63280000 -0.07520000 -0.77070000
vn 0.63280000 -0.07520000 -0.77060000
vn 0.98760000 -0.00000000 -0.15720000
vn 0.93370000 -0.00000000 -0.35800000
vn 0.89940000 -0.00000000 -0.43710000
vn 0.86380000 0.00000000 -0.50380000
vn 0.82870000 0.00000000 -0.55970000
vn 0.79470000 -0.00000000 -0.60710000
vn 0.76230000 -0.00000000 -0.64720000
vn 0.70320000 0.00000000 -0.71100000
vn 0.64990000 0.00000000 -0.76000000
vn 0.59860000 0.00000000 -0.80110000
vn 0.84790000 0.00000000 0.53020000
vn 0.53030000 0.00000000 -0.84780000
vn 0.00000000 1.00000000 0.00000000
vn 0.84780000 0.00000000 0.53020000
vn 0.53070000 0.00000000 -0.84760000
vn 0.00000000 -1.00000000 0.00000000
vn 0.84780000 0.00000000 0.53030000
vn 0.84780000 0.00000000 0.53020000
vn 0.84780000 0.00000000 0.53020000
vn 0.84790000 0.00000000 0.53020000
vn 0.00000000 1.00000000 0.00000000
vn 0.84790000 0.00000000 0.53010000
vn 0.84790000 0.00000000 0.53020000
vn 0.84780000 0.00000000 0.53020000
vn 0.84780000 0.00000000 0.53030000
vn 0.84780000 0.00000000 0.53030000
vn 0.84790000 0.00000000 0.53020000
vn 0.84790000 0.00000000 0.53010000
vn 0.84780000 0.00000000 0.53020000
vn 0.84780000 0.00000000 0.53030000
vn 0.84790000 0.00000000 0.53020000
vn 0.84780000 0.00000000 0.53020000
vn 0.84780000 0.00000000 0.53020000
vn 0.00000000 -1.00000000 0.00000000
vn 0.84790000 0.00000000 0.53020000
vn 0.00000000 1.00000000 0.00000000
vn 0.84790000 0.00000000 0.53020000
vn 0.84790000 0.00000000 0.53020000
vn 0.84780000 0.00000000 0.53030000
vn 0.84780000 0.00000000 0.53030000
vn 0.84790000 0.00000000 0.53020000
vn 0.84790000 0.00000000 0.53010000
vn 0.84780000 0.00000000 0.53020000
vn 0.84790000 0.00000000 0.53020000
vn 0.00000000 -1.00000000 0.00000000
vn 0.84790000 0.00000000 0.53010000
vn 0.84790000 0.00000000 0.53020000
vn 0.84790000 0.00000000 0.53020000
vn 0.00000000 1.00000000 0.00000000
vn 0.84780000 0.00000000 0.53030000
vn 0.84780000 0.00000000 0.53020000
vn 0.84790000 0.00000000 0.53020000
vn 0.84780000 0.00000000 0.53030000
vn 0.84790000 0.00000000 0.53020000
vn 0.84780000 0.00000000 0.53030000
vn 0.84790000 0.00000000 0.53010000
vn 0.84790000 0.00000000 0.53020000
vn 0.84790000 0.00000000 0.53010000
vn 0.84790000 0.00000000 0.53020000
vn 0.00000000 -1.00000000 0.00000000
vn 0.84780000 0.00000000 0.53020000
vn 0.00000000 1.00000000 0.00000000
vn 0.84790000 0.00000000 0.53020000
vn -0.53060000 0.00000000 0.84760000
vn -0.53030000 0.00000000 0.84780000
vn 0.00000000 -1.00000000 0.00000000
vn 0.84790000 0.00000000 0.53020000
vn 0.84780000 0.00000000 0.53030000
vn 0.84790000 0.00000000 0.53020000
vn 0.84780000 0.00000000 0.53020000
vn 0.53070000 0.00000000 -0.84760000
vn 0.84780000 0.00000000 0.53030000
vn 0.53030000 0.00000000 -0.84780000
vn 0.84790000 0.00000000 0.53020000
vn 0.53030000 0.00000000 -0.84780000
vn 0.84780000 0.00000000 0.53030000
vn -0.53060000 0.00000000 0.84760000
vn 0.84790000 0.00000000 0.53020000
vn 0.84780000 0.00000000 0.53020000
vn 0.84780000 0.00000000 0.53030000
vn 0.84780000 0.00000000 0.53030000
vn 0.84790000 0.00000000 0.53020000
vn -0.53060000 0.00000000 0.84760000
vn -0.53030000 0.00000000 0.84780000
vn 0.14650000 0.59010000 0.79400000
vn 0.17280000 -0.55580000 0.81320000
vn -0.40180000 0.69640000 0.59460000
vn -0.40930000 -0.69590000 0.59010000
vn -0.43450000 0.69720000 0.57020000
vn -0.42550000 -0.70180000 0.57130000
vn -0.45620000 0.70310000 0.54540000
vn -0.45550000 -0.70190000 0.54760000
vn -0.47760000 0.70120000 0.52940000
vn -0.47570000 -0.70230000 0.52960000
vn -0.50190000 0.70060000 0.50730000
vn -0.50220000 -0.70070000 0.50670000
vn -0.52820000 0.69970000 0.48110000
vn -0.52670000 -0.70190000 0.47960000
vn -0.55540000 0.69810000 0.45190000
vn -0.55650000 -0.69900000 0.44910000
vn -0.58480000 0.69710000 0.41480000
vn -0.58180000 -0.69790000 0.41760000
vn -0.61480000 0.69620000 0.37060000
vn -0.61290000 -0.69840000 0.36970000
vn -0.64430000 0.69520000 0.31860000
vn -0.64530000 -0.69620000 0.31440000
vn -0.67430000 0.68910000 0.26530000
vn -0.65900000 -0.69890000 0.27790000
vn -0.67810000 0.70100000 0.22090000
vn -0.67800000 -0.70080000 0.22180000
vn -0.68880000 0.70060000 0.18630000
vn -0.68850000 -0.70130000 0.18470000
vn -0.69810000 0.70060000 0.14770000
vn -0.69790000 -0.70110000 0.14660000
vn -0.70510000 0.70070000 0.10830000
vn -0.70510000 -0.70070000 0.10830000
vn -0.71040000 0.70060000 0.06750000
vn -0.71040000 -0.70060000 0.06750000
vn -0.71540000 0.69810000 0.02840000
vn -0.71530000 -0.69820000 0.02700000
vn -0.71210000 0.70200000 -0.00640000
vn -0.71210000 -0.70200000 -0.00640000
vn -0.71120000 0.70190000 -0.03900000
vn -0.71120000 -0.70190000 -0.03930000
vn -0.70860000 0.70190000 -0.07200000
vn -0.70860000 -0.70190000 -0.07220000
vn -0.70450000 0.70180000 -0.10570000
vn -0.70460000 -0.70190000 -0.10460000
vn -0.69880000 0.70170000 -0.13890000
vn -0.69890000 -0.70180000 -0.13790000
vn -0.69160000 0.70190000 -0.17060000
vn -0.69130000 -0.70160000 -0.17280000
vn -0.68250000 0.70180000 -0.20390000
vn -0.68220000 -0.70150000 -0.20610000
vn -0.67180000 0.70180000 -0.23700000
vn -0.67140000 -0.70150000 -0.23910000
vn -0.65930000 0.70180000 -0.26980000
vn -0.65890000 -0.70130000 -0.27190000
vn -0.64440000 0.70110000 -0.30540000
vn -0.64490000 -0.70160000 -0.30330000
vn -0.62850000 0.70090000 -0.33720000
vn -0.62900000 -0.70150000 -0.33510000
vn -0.61140000 0.70150000 -0.36620000
vn -0.61080000 -0.70090000 -0.36830000
vn -0.59270000 0.70210000 -0.39460000
vn -0.59160000 -0.70080000 -0.39860000
vn -0.57190000 0.70220000 -0.42420000
vn -0.57130000 -0.70140000 -0.42610000
vn -0.54840000 0.70070000 -0.45650000
vn -0.54840000 -0.70070000 -0.45650000
vn -0.52390000 0.69980000 -0.48560000
vn -0.52510000 -0.70140000 -0.48200000
vn -0.49990000 0.70140000 -0.50810000
vn -0.50050000 -0.70230000 -0.50630000
vn -0.47390000 0.70230000 -0.53130000
vn -0.47330000 -0.70140000 -0.53300000
vn -0.44540000 0.70140000 -0.55640000
vn -0.44540000 -0.70140000 -0.55640000
vn -0.41660000 0.70140000 -0.57830000
vn -0.41660000 -0.70140000 -0.57830000
vn -0.38670000 0.70140000 -0.59870000
vn -0.38670000 -0.70140000 -0.59870000
vn -0.35580000 0.70150000 -0.61750000
vn -0.35580000 -0.70150000 -0.61750000
vn -0.32420000 0.70150000 -0.63470000
vn -0.32510000 -0.70350000 -0.63190000
vn -0.29280000 0.70360000 -0.64740000
vn -0.29190000 -0.70150000 -0.65010000
vn -0.26000000 0.70370000 -0.66120000
vn -0.25840000 -0.69940000 -0.66640000
vn -0.22530000 0.69940000 -0.67830000
vn -0.22660000 -0.70370000 -0.67340000
vn -0.19190000 0.69950000 -0.68840000
vn -0.19250000 -0.70170000 -0.68600000
vn -0.15950000 0.70380000 -0.69220000
vn -0.15900000 -0.70170000 -0.69450000
vn -0.12540000 0.70170000 -0.70130000
vn -0.12540000 -0.70170000 -0.70130000
vn -0.09130000 0.69760000 -0.71070000
vn -0.09160000 -0.69970000 -0.70860000
vn -0.05840000 0.69980000 -0.71200000
vn -0.05860000 -0.70190000 -0.70990000
vn -0.02280000 0.69720000 -0.71650000
vn -0.02100000 -0.69550000 -0.71820000
vn 0.01920000 0.70010000 -0.71380000
vn 0.01920000 -0.70010000 -0.71380000
vn 0.06370000 0.69820000 -0.71310000
vn 0.06410000 -0.70210000 -0.70920000
vn 0.10750000 0.69830000 -0.70770000
vn 0.10780000 -0.70030000 -0.70570000
vn 0.15050000 0.70040000 -0.69770000
vn 0.15050000 -0.70040000 -0.69770000
vn 0.19150000 0.70060000 -0.68740000
vn 0.19150000 -0.70060000 -0.68740000
vn 0.23040000 0.70050000 -0.67540000
vn 0.23080000 -0.70040000 -0.67540000
vn 0.26740000 0.70060000 -0.66150000
vn 0.26720000 -0.70110000 -0.66110000
vn 0.30150000 0.70140000 -0.64590000
vn 0.30110000 -0.70140000 -0.64610000
vn 0.33440000 0.70320000 -0.62740000
vn 0.33330000 -0.70160000 -0.62970000
vn 0.37640000 0.69180000 -0.61630000
vn 0.38040000 -0.69140000 -0.61430000
vn 0.41690000 0.69640000 -0.58410000
vn 0.41350000 -0.69720000 -0.58560000
vn 0.45980000 0.69750000 -0.54960000
vn 0.45990000 -0.69690000 -0.55030000
vn 0.49540000 0.69950000 -0.51500000
vn 0.49290000 -0.70100000 -0.51540000
vn 0.52340000 0.69970000 -0.48630000
vn 0.52450000 -0.70070000 -0.48370000
vn 0.54610000 0.69990000 -0.46040000
vn 0.54460000 -0.70190000 -0.45910000
vn 0.56540000 0.70150000 -0.43380000
vn 0.56350000 -0.70260000 -0.43440000
vn 0.58710000 0.69720000 -0.41140000
vn 0.58860000 -0.69840000 -0.40720000
vn 0.60430000 0.69700000 -0.38610000
vn 0.59460000 -0.70230000 -0.39150000
vn 0.60920000 0.69730000 -0.37760000
vn 0.61210000 -0.69990000 -0.36810000
vn 0.58740000 0.71000000 -0.38840000
vn 0.58350000 -0.71240000 -0.39000000
vn 0.57090000 0.70670000 -0.41790000
vn 0.57240000 -0.70710000 -0.41530000
vn 0.54870000 0.71090000 -0.44010000
vn 0.54730000 -0.71160000 -0.44050000
vn 0.52800000 0.71080000 -0.46470000
vn 0.52640000 -0.71180000 -0.46500000
vn 0.50300000 0.71170000 -0.49040000
vn 0.50320000 -0.71170000 -0.49020000
vn 0.47280000 0.71320000 -0.51740000
vn 0.47040000 -0.71360000 -0.51910000
vn 0.43540000 0.71430000 -0.54790000
vn 0.43630000 -0.71520000 -0.54600000
vn 0.39030000 0.71540000 -0.57950000
vn 0.38820000 -0.71660000 -0.57950000
vn 0.33630000 0.71550000 -0.61240000
vn 0.33670000 -0.71560000 -0.61210000
vn 0.27440000 0.71680000 -0.64110000
vn 0.27310000 -0.71880000 -0.63940000
vn 0.20530000 0.71900000 -0.66390000
vn 0.20430000 -0.71960000 -0.66370000
vn 0.13030000 0.71970000 -0.68190000
vn 0.13050000 -0.71960000 -0.68200000
vn 0.05250000 0.72010000 -0.69190000
vn 0.05270000 -0.72250000 -0.68930000
vn -0.02340000 0.71700000 -0.69670000
vn -0.02260000 -0.71950000 -0.69420000
vn -0.09400000 0.72000000 -0.68760000
vn -0.09440000 -0.71820000 -0.68940000
vn -0.15960000 0.71980000 -0.67560000
vn -0.15900000 -0.71780000 -0.67790000
vn -0.22090000 0.71750000 -0.66060000
vn -0.22090000 -0.71750000 -0.66060000
vn -0.27960000 0.71730000 -0.63820000
vn -0.27960000 -0.71730000 -0.63820000
vn -0.33560000 0.71730000 -0.61060000
vn -0.33460000 -0.71530000 -0.61350000
vn -0.38840000 0.71640000 -0.57960000
vn -0.38840000 -0.71640000 -0.57960000
vn -0.43970000 0.71720000 -0.54060000
vn -0.44010000 -0.71840000 -0.53870000
vn -0.48830000 0.71820000 -0.49580000
vn -0.48780000 -0.71780000 -0.49680000
vn -0.53310000 0.71840000 -0.44680000
vn -0.53250000 -0.71770000 -0.44870000
vn -0.57430000 0.71870000 -0.39200000
vn -0.57390000 -0.71850000 -0.39290000
vn -0.61010000 0.71780000 -0.33550000
vn -0.61040000 -0.71880000 -0.33260000
vn -0.64060000 0.71860000 -0.27070000
vn -0.64140000 -0.71880000 -0.26810000
vn -0.66570000 0.71930000 -0.19870000
vn -0.66580000 -0.71930000 -0.19830000
vn -0.68360000 0.71910000 -0.12460000
vn -0.68350000 -0.71910000 -0.12580000
vn -0.69270000 0.71950000 -0.04970000
vn -0.69270000 -0.71950000 -0.04960000
vn -0.69900000 0.71450000 0.03010000
vn -0.69880000 -0.71480000 0.02710000
vn -0.68220000 0.72160000 0.11780000
vn -0.68100000 -0.72260000 0.11910000
vn -0.66160000 0.72040000 0.20840000
vn -0.65970000 -0.72190000 0.20890000
vn -0.63170000 0.71890000 0.29000000
vn -0.63210000 -0.71920000 0.28830000
vn -0.59580000 0.71770000 0.36050000
vn -0.59260000 -0.71960000 0.36200000
vn -0.55650000 0.71620000 0.42100000
vn -0.55750000 -0.71700000 0.41840000
vn -0.51660000 0.71500000 0.47110000
vn -0.51390000 -0.71760000 0.47010000
vn -0.47780000 0.71390000 0.51190000
vn -0.47820000 -0.71390000 0.51140000
vn -0.44130000 0.71280000 0.54510000
vn -0.43840000 -0.71450000 0.54520000
vn -0.40680000 0.71100000 0.57360000
vn -0.40490000 -0.71360000 0.57170000
vn -0.37300000 0.70720000 0.60060000
vn -0.37610000 -0.70760000 0.59820000
vn -0.31930000 0.71650000 0.62020000
vn -0.31400000 -0.71770000 0.62150000
vn -0.80910000 0.50320000 0.30370000
vn -0.71080000 -0.61110000 0.34830000
vn 0.20780000 0.02190000 0.97790000
vn 0.20780000 0.02210000 0.97790000
vn -0.94720000 -0.06530000 0.31390000
vn -0.94110000 -0.07260000 0.33010000
vn 0.00000000 1.00000000 0.00000000
vn -0.33380000 0.00000000 0.94260000
vn -0.94260000 0.00000000 -0.33380000
vn -0.94260000 0.00000000 -0.33380000
vn 0.00000000 -1.00000000 0.00000000
vn -0.33380000 0.00000000 0.94270000
vn -0.94270000 0.00000000 -0.33370000
vn 0.00000000 1.00000000 0.00000000
vn -0.94260000 0.00000000 -0.33380000
vn -0.94260000 0.00000000 -0.33380000
vn -0.94270000 0.00000000 -0.33370000
vn -0.94270000 0.00000000 -0.33380000
vn -0.94260000 0.00000000 -0.33380000
vn -0.94270000 0.00000000 -0.33370000
vn -0.94270000 0.00000000 -0.33370000
vn -0.94260000 0.00000000 -0.33380000
vn -0.94270000 0.00000000 -0.33380000
vn -0.94270000 0.00000000 -0.33380000
vn -0.94260000 0.00000000 -0.33380000
vn 0.00000000 -1.00000000 0.00000000
vn 0.00000000 1.00000000 0.00000000
vn -0.94270000 0.00000000 -0.33370000
vn -0.94260000 0.00000000 -0.33380000
vn -0.94260000 0.00000000 -0.33380000
vn -0.94270000 0.00000000 -0.33380000
vn -0.94270000 0.00000000 -0.33370000
vn -0.94260000 0.00000000 -0.33380000
vn -0.94270000 0.00000000 -0.33380000
vn -0.94260000 0.00000000 -0.33380000
vn -0.94260000 0.00000000 -0.33390000
vn -0.94270000 0.00000000 -0.33380000
vn -0.94270000 0.00000000 -0.33370000
vn -0.94270000 0.00000000 -0.33380000
vn 0.00000000 -1.00000000 0.00000000
vn 0.00000000 -1.00000000 0.00490000
vn -0.94260000 0.00000000 -0.33390000
vn -0.94270000 0.00000000 -0.33370000
vn -0.94260000 0.00000000 -0.33380000
vn 0.00000000 1.00000000 0.00000000
vn -0.94270000 0.00000000 -0.33370000
vn -0.94270000 0.00000000 -0.33380000
vn -0.94260000 0.00000000 -0.33380000
vn -0.94270000 0.00000000 -0.33380000
vn -0.94260000 0.00000000 -0.33380000
vn -0.94270000 0.00000000 -0.33370000
vn -0.94270000 0.00000000 -0.33380000
vn -0.94260000 0.00000000 -0.33380000
vn -0.94260000 0.00000000 -0.33390000
vn -0.94270000 0.00000000 -0.33370000
vn -0.94270000 0.00000000 -0.33370000
vn 0.00000000 -1.00000000 -0.00490000
vn 0.00000000 -1.00000000 0.00490000
vn -0.94270000 0.00000000 -0.33380000
vn -0.94270000 0.00000000 -0.33370000
vn 0.33380000 0.00000000 -0.94260000
vn 0.00000000 1.00000000 0.00000000
vn 0.00000000 -1.00000000 -0.00490000
vn -0.94260000 0.00000000 -0.33380000
vn 0.33380000 0.00000000 -0.94260000
vn -0.94270000 0.00000000 -0.33370000
vn -0.33380000 0.00000000 0.94260000
vn -0.94260000 0.00000000 -0.33380000
vn -0.33380000 0.00000000 0.94270000
vn -0.94260000 0.00000000 -0.33380000
vn -0.33380000 0.00000000 0.94260000
vn 0.33380000 0.00000000 -0.94260000
vn -0.94270000 0.00000000 -0.33380000
vn -0.94270000 0.00000000 -0.33370000
vn 0.33380000 0.00000000 -0.94260000
vn -0.94260000 0.00000000 -0.33380000
vn -0.94270000 0.00000000 -0.33370000
vn -0.31700000 0.58960000 -0.74280000
vn -0.34570000 -0.55600000 -0.75590000
vn 0.26700000 0.69470000 -0.66790000
vn 0.27840000 -0.69410000 -0.66390000
vn 0.31300000 0.69410000 -0.64830000
vn 0.30280000 -0.70160000 -0.64510000
vn 0.34530000 0.70010000 -0.62500000
vn 0.34580000 -0.70030000 -0.62450000
vn 0.37750000 0.69810000 -0.60840000
vn 0.37570000 -0.70090000 -0.60630000
vn 0.41370000 0.69730000 -0.58540000
vn 0.41580000 -0.69970000 -0.58100000
vn 0.45380000 0.69740000 -0.55480000
vn 0.45150000 -0.70010000 -0.55310000
vn 0.49580000 0.69630000 -0.51900000
vn 0.49290000 -0.69810000 -0.51940000
vn 0.53970000 0.69520000 -0.47490000
vn 0.54040000 -0.69530000 -0.47380000
vn 0.58260000 0.68830000 -0.43240000
vn 0.56480000 -0.69830000 -0.43980000
vn 0.59890000 0.70070000 -0.38770000
vn 0.59900000 -0.70070000 -0.38760000
vn 0.61920000 0.70060000 -0.35460000
vn 0.61990000 -0.70200000 -0.35070000
vn 0.63860000 0.70010000 -0.31930000
vn 0.63830000 -0.70120000 -0.31770000
vn 0.65590000 0.70050000 -0.28130000
vn 0.65590000 -0.70050000 -0.28130000
vn 0.67170000 0.70030000 -0.24150000
vn 0.67170000 -0.70030000 -0.24150000
vn 0.68530000 0.70020000 -0.20000000
vn 0.68530000 -0.70020000 -0.20000000
vn 0.69650000 0.70020000 -0.15720000
vn 0.69650000 -0.70020000 -0.15720000
vn 0.70490000 0.70010000 -0.11350000
vn 0.70490000 -0.70010000 -0.11390000
vn 0.71050000 0.70020000 -0.06940000
vn 0.71050000 -0.70020000 -0.06990000
vn 0.71510000 0.69850000 -0.02770000
vn 0.71250000 -0.70090000 -0.03100000
vn 0.71260000 0.70150000 0.01030000
vn 0.71260000 -0.70150000 0.01020000
vn 0.71120000 0.70140000 0.04640000
vn 0.71120000 -0.70140000 0.04610000
vn 0.70790000 0.70150000 0.08170000
vn 0.70800000 -0.70150000 0.08140000
vn 0.70300000 0.70150000 0.11720000
vn 0.70300000 -0.70150000 0.11720000
vn 0.69610000 0.70150000 0.15280000
vn 0.69610000 -0.70150000 0.15280000
vn 0.68760000 0.70150000 0.18730000
vn 0.68760000 -0.70150000 0.18730000
vn 0.67740000 0.70160000 0.22130000
vn 0.67740000 -0.70160000 0.22130000
vn 0.66550000 0.70160000 0.25450000
vn 0.66560000 -0.70160000 0.25450000
vn 0.65220000 0.70070000 0.28910000
vn 0.65220000 -0.70160000 0.28690000
vn 0.63690000 0.70110000 0.32050000
vn 0.63740000 -0.70160000 0.31860000
vn 0.62100000 0.70170000 0.34920000
vn 0.62050000 -0.70120000 0.35110000
vn 0.60390000 0.70230000 0.37700000
vn 0.60340000 -0.70170000 0.37880000
vn 0.58440000 0.70170000 0.40750000
vn 0.58490000 -0.70240000 0.40560000
vn 0.56360000 0.70100000 0.43690000
vn 0.56410000 -0.70170000 0.43510000
vn 0.54310000 0.70250000 0.46000000
vn 0.54200000 -0.70100000 0.46350000
vn 0.52030000 0.70250000 0.48550000
vn 0.51920000 -0.70100000 0.48890000
vn 0.49590000 0.70170000 0.51150000
vn 0.49590000 -0.70170000 0.51150000
vn 0.47080000 0.70180000 0.53470000
vn 0.47080000 -0.70180000 0.53470000
vn 0.44460000 0.70180000 0.55660000
vn 0.44520000 -0.70260000 0.55510000
vn 0.41740000 0.70170000 0.57730000
vn 0.41800000 -0.70260000 0.57590000
vn 0.38910000 0.70170000 0.59680000
vn 0.38910000 -0.70170000 0.59680000
vn 0.35990000 0.70170000 0.61490000
vn 0.35990000 -0.70170000 0.61490000
vn 0.32980000 0.70170000 0.63160000
vn 0.32980000 -0.70170000 0.63160000
vn 0.29860000 0.70160000 0.64690000
vn 0.29860000 -0.70160000 0.64690000
vn 0.26590000 0.69960000 0.66320000
vn 0.26670000 -0.70160000 0.66070000
vn 0.23390000 0.70150000 0.67320000
vn 0.23320000 -0.69950000 0.67550000
vn 0.20100000 0.70370000 0.68150000
vn 0.20040000 -0.70160000 0.68380000
vn 0.16640000 0.70150000 0.69290000
vn 0.16640000 -0.70150000 0.69290000
vn 0.13130000 0.69950000 0.70250000
vn 0.13130000 -0.69950000 0.70250000
vn 0.09640000 0.69950000 0.70810000
vn 0.09640000 -0.69950000 0.70810000
vn 0.06120000 0.70150000 0.71000000
vn 0.06110000 -0.69940000 0.71210000
vn 0.02430000 0.69930000 0.71440000
vn 0.02690000 -0.70310000 0.71060000
vn -0.01570000 0.70060000 0.71340000
vn -0.01570000 -0.70050000 0.71350000
vn -0.05730000 0.70060000 0.71120000
vn -0.05710000 -0.69860000 0.71320000
vn -0.09850000 0.70060000 0.70670000
vn -0.09850000 -0.70060000 0.70670000
vn -0.13920000 0.70070000 0.69980000
vn -0.13910000 -0.70070000 0.69980000
vn -0.17860000 0.70080000 0.69060000
vn -0.17860000 -0.70080000 0.69060000
vn -0.21670000 0.70070000 0.67980000
vn -0.21660000 -0.70100000 0.67950000
vn -0.25290000 0.70120000 0.66660000
vn -0.25290000 -0.70120000 0.66660000
vn -0.28720000 0.70140000 0.65230000
vn -0.28630000 -0.69940000 0.65490000
vn -0.31860000 0.69910000 0.64010000
vn -0.31880000 -0.70160000 0.63730000
vn -0.36110000 0.68760000 0.62990000
vn -0.34640000 -0.70160000 0.62270000
vn -0.40470000 0.69530000 0.59400000
vn -0.40540000 -0.69550000 0.59320000
vn -0.44960000 0.69650000 0.55930000
vn -0.44770000 -0.69890000 0.55780000
vn -0.48730000 0.69840000 0.52420000
vn -0.48790000 -0.69850000 0.52340000
vn -0.51770000 0.69950000 0.49270000
vn -0.51490000 -0.69990000 0.49490000
vn -0.54170000 0.69960000 0.46590000
vn -0.54340000 -0.70140000 0.46130000
vn -0.56160000 0.70050000 0.44040000
vn -0.56080000 -0.70320000 0.43710000
vn -0.58430000 0.69590000 0.41760000
vn -0.58660000 -0.69800000 0.41060000
vn -0.60130000 0.69610000 0.39220000
vn -0.59420000 -0.70260000 0.39160000
vn -0.80210000 0.56690000 -0.18770000
vn -0.79330000 -0.58260000 -0.17680000
vn -0.41580000 0.02170000 -0.90920000
vn -0.41580000 0.02190000 -0.90920000
vn -0.97450000 0.00920000 -0.22410000
vn -0.20430000 0.59280000 0.77900000
vn -0.18070000 -0.54870000 0.81630000
vn -0.58140000 0.70930000 0.39870000
vn -0.58950000 -0.70660000 0.39150000
vn -0.56830000 0.71100000 0.41420000
vn -0.56830000 -0.71100000 0.41420000
vn -0.55290000 0.71190000 0.43290000
vn -0.55250000 -0.71190000 0.43340000
vn -0.53390000 0.71100000 0.45770000
vn -0.53430000 -0.71170000 0.45610000
vn -0.51270000 0.71180000 0.48000000
vn -0.51140000 -0.71260000 0.48030000
vn -0.48660000 0.71260000 0.50530000
vn -0.48700000 -0.71260000 0.50510000
vn -0.45560000 0.71250000 0.53360000
vn -0.45460000 -0.71410000 0.53230000
vn -0.41970000 0.71410000 0.56030000
vn -0.42000000 -0.71420000 0.56000000
vn -0.37680000 0.71490000 0.58900000
vn -0.37500000 -0.71590000 0.58890000
vn -0.32620000 0.71480000 0.61860000
vn -0.32650000 -0.71490000 0.61830000
vn -0.26840000 0.71580000 0.64460000
vn -0.26720000 -0.71800000 0.64270000
vn -0.20370000 0.71940000 0.66400000
vn -0.20410000 -0.71930000 0.66410000
vn -0.13150000 0.72030000 0.68100000
vn -0.13030000 -0.71960000 0.68200000
vn -0.05430000 0.71970000 0.69210000
vn -0.05440000 -0.71980000 0.69200000
vn 0.01940000 0.71190000 0.70200000
vn 0.03030000 -0.71940000 0.69400000
vn 0.08160000 0.71750000 0.69180000
vn 0.08150000 -0.71770000 0.69150000
vn 0.13710000 0.71630000 0.68410000
vn 0.13770000 -0.71630000 0.68400000
vn 0.19290000 0.71630000 0.67060000
vn 0.19280000 -0.71660000 0.67030000
vn 0.24930000 0.71650000 0.65160000
vn 0.24920000 -0.71580000 0.65240000
vn 0.30600000 0.71680000 0.62650000
vn 0.30580000 -0.71680000 0.62660000
vn 0.36270000 0.71720000 0.59500000
vn 0.36330000 -0.71800000 0.59370000
vn 0.41950000 0.71890000 0.55430000
vn 0.41860000 -0.71790000 0.55620000
vn 0.47400000 0.71940000 0.50760000
vn 0.47380000 -0.71920000 0.50830000
vn 0.52490000 0.71900000 0.45560000
vn 0.52410000 -0.71820000 0.45770000
vn 0.57120000 0.71860000 0.39660000
vn 0.57210000 -0.72060000 0.39160000
vn 0.61170000 0.71910000 0.32970000
vn 0.61230000 -0.72060000 0.32520000
vn 0.64540000 0.71980000 0.25570000
vn 0.64510000 -0.72010000 0.25550000
vn 0.66960000 0.71960000 0.18380000
vn 0.66960000 -0.71960000 0.18380000
vn 0.68590000 0.71890000 0.11300000
vn 0.68590000 -0.71900000 0.11250000
vn 0.69440000 0.71830000 0.04240000
vn 0.69440000 -0.71840000 0.04140000
vn 0.59610000 0.52350000 0.60870000
vn 0.59700000 -0.60250000 0.52980000
vn 0.67990000 -0.04870000 0.73170000
vn 0.68840000 -0.05310000 0.72340000
vn -0.21530000 -0.03240000 0.97600000
vn 0.00000000 1.00000000 0.00000000
vn 0.99520000 0.00000000 -0.09780000
vn 0.00000000 1.00000000 0.00030000
vn 0.99990000 0.00000000 0.01030000
vn 0.99520000 0.00000000 -0.09780000
vn 0.00000000 1.00000000 0.00000000
vn 0.97700000 0.00000000 -0.21300000
vn 0.97700000 0.00000000 -0.21300000
vn 0.00000000 1.00000000 0.00000000
vn 0.00000000 1.00000000 -0.00010000
vn 0.95030000 0.00000000 -0.31130000
vn 0.95030000 0.00000000 -0.31130000
vn 0.00000000 1.00000000 0.00000000
vn 0.91670000 0.00000000 -0.39950000
vn 0.00000000 1.00000000 -0.00010000
vn 0.00000000 1.00000000 -0.00010000
vn 0.00000000 1.00000000 0.00000000
vn 0.88190000 0.00030000 -0.47140000
vn -0.00000000 1.00000000 -0.00030000
vn 0.91670000 0.00000000 -0.39950000
vn -0.00000000 1.00000000 -0.00030000
vn 0.00000000 1.00000000 0.00000000
vn 0.84710000 0.00000000 -0.53150000
vn 0.88210000 -0.00030000 -0.47110000
vn 0.00000000 1.00000000 0.00000000
vn 0.81000000 0.00000000 -0.58640000
vn 0.84710000 0.00000000 -0.53150000
vn 0.00000000 1.00000000 -0.00010000
vn 0.77770000 0.00000000 -0.62860000
vn 0.00000000 1.00000000 0.00000000
vn 0.81000000 0.00000000 -0.58640000
vn 0.00000000 1.00000000 0.00000000
vn 0.77770000 0.00000000 -0.62860000
vn 0.73550000 0.00000000 -0.67750000
vn 0.00000000 1.00000000 0.00010000
vn 0.73550000 0.00000000 -0.67750000
vn 0.00000000 1.00000000 0.00000000
vn 0.67520000 0.00000000 -0.73760000
vn 0.00000000 1.00000000 0.00000000
vn 0.67520000 0.00000000 -0.73760000
vn 0.62740000 0.00000000 -0.77870000
vn 0.00000000 1.00000000 0.00010000
vn 0.00000000 1.00000000 0.00010000
vn 0.00000000 1.00000000 0.00000000
vn 0.62740000 0.00000000 -0.77870000
vn 0.56960000 0.00000000 -0.82190000
vn 0.84740000 0.00000000 0.53100000
vn 0.56960000 0.00000000 -0.82190000
vn 0.00000000 1.00000000 0.00010000
vn 0.00000000 1.00000000 0.00010000
vn 0.84740000 0.00000000 0.53100000
vn 0.00000000 1.00000000 0.00000000
vn 0.84950000 0.00000000 0.52750000
vn 0.00000000 1.00000000 0.00000000
vn 0.84740000 0.00000000 0.53100000
vn 0.84950000 0.00000000 0.52750000
vn 0.00000000 1.00000000 -0.00020000
vn 0.00000000 1.00000000 0.00000000
vn 0.84740000 0.00000000 0.53100000
vn 0.00000000 1.00000000 0.00020000
vn 0.84740000 0.00000000 0.53100000
vn 0.00000000 1.00000000 0.00000000
vn -0.54410000 0.00000000 0.83900000
vn -0.54410000 0.00000000 0.83900000
vn 0.00000000 1.00000000 -0.00020000
vn 0.00000000 1.00000000 0.00000000
vn -0.58720000 0.00000000 0.80940000
vn -0.58720000 0.00000000 0.80940000
vn 0.00000000 1.00000000 -0.00020000
vn 0.00000000 1.00000000 0.00020000
vn -0.62540000 0.00000000 0.78030000
vn 0.00000000 1.00000000 0.00020000
vn -0.65320000 0.00000000 0.75720000
vn -0.62540000 0.00000000 0.78030000
vn 0.00000000 1.00000000 0.00000000
vn 0.00000000 1.00000000 0.00000000
vn -0.65320000 0.00000000 0.75720000
vn -0.68570000 0.00000000 0.72790000
vn -0.71840000 0.00000000 0.69560000
vn 0.00000000 1.00000000 0.00000000
vn -0.68570000 0.00000000 0.72790000
vn -0.71840000 0.00000000 0.69560000
vn -0.75910000 0.00000000 0.65100000
vn 0.00000000 1.00000000 0.00000000
vn -0.79590000 0.00000000 0.60540000
vn -0.75910000 0.00000000 0.65100000
vn 0.00000000 1.00000000 0.00000000
vn -0.79590000 0.00000000 0.60540000
vn 0.00000000 1.00000000 -0.00010000
vn -0.83570000 0.00000000 0.54910000
vn 0.00000000 1.00000000 0.00000000
vn -0.87700000 0.00000000 0.48040000
vn 0.00000000 1.00000000 -0.00010000
vn -0.83570000 0.00000000 0.54910000
vn 0.00000000 1.00000000 0.00000000
vn -0.00000000 1.00000000 -0.00030000
vn 0.00000000 1.00000000 -0.00010000
vn -0.87700000 0.00000000 0.48040000
vn 0.00000000 1.00000000 0.00000000
vn -0.91630000 0.00000000 0.40040000
vn 0.00000000 1.00000000 -0.00010000
vn -0.94300000 0.00000000 0.33280000
vn -0.91630000 0.00000000 0.40040000
vn 0.00000000 1.00000000 0.00000000
vn -0.95860000 0.00000000 0.28470000
vn -0.94300000 0.00000000 0.33280000
vn 0.00000000 1.00000000 0.00000000
vn -0.97210000 0.00000000 0.23460000
vn 0.00000000 1.00000000 -0.00010000
vn -0.95860000 0.00000000 0.28470000
vn 0.00000000 1.00000000 0.00000000
vn -0.98370000 0.00000000 0.17980000
vn -0.97210000 0.00000000 0.23460000
vn 0.00000000 1.00000000 0.00000000
vn -0.99230000 0.00000000 0.12350000
vn 0.00000000 1.00000000 0.00000000
vn -0.98370000 0.00000000 0.17980000
vn -0.99230000 0.00000000 0.12350000
vn -0.99780000 0.00000000 0.06550000
vn 0.00000000 1.00000000 0.00000000
vn -0.99780000 0.00000000 0.06550000
vn 0.00000000 1.00000000 0.00000000
vn -0.99990000 0.00000000 0.01370000
vn -0.99950000 0.00030000 -0.03200000
vn 0.00000000 1.00000000 0.00030000
vn 0.00000000 1.00000000 0.00000000
vn -0.99990000 0.00000000 0.01370000
vn 0.00000000 1.00000000 0.00030000
vn -0.99950000 -0.00030000 -0.03200000
vn -0.99700000 0.00000000 -0.07780000
vn 0.00000000 1.00000000 0.00000000
vn 0.00000000 1.00000000 -0.00010000
vn -0.99700000 0.00000000 -0.07780000
vn 0.00000000 1.00000000 0.00000000
vn -0.99230000 0.00000000 -0.12420000
vn 0.00000000 1.00000000 0.00000000
vn -0.99230000 0.00000000 -0.12420000
vn -0.98530000 0.00000000 -0.17090000
vn 0.00000000 1.00000000 -0.00010000
vn 0.00000000 1.00000000 0.00000000
vn 0.00000000 1.00000000 -0.00020000
vn -0.97620000 -0.00030000 -0.21710000
vn -0.98530000 0.00000000 -0.17090000
vn 0.00000000 1.00000000 0.00000000
vn -0.96450000 0.00000000 -0.26420000
vn -0.97610000 0.00030000 -0.21720000
vn 0.00000000 1.00000000 -0.00010000
vn 0.00000000 1.00000000 -0.00020000
vn -0.96450000 0.00000000 -0.26420000
vn 0.00000000 1.00000000 0.00000000
vn -0.95100000 0.00000000 -0.30910000
vn 0.00000000 1.00000000 0.00000000
vn -0.93400000 0.00000000 -0.35730000
vn -0.95100000 0.00000000 -0.30910000
vn -0.91520000 0.00000000 -0.40300000
vn -0.93400000 0.00000000 -0.35730000
vn 0.00000000 1.00000000 0.00000000
vn -0.91520000 0.00000000 -0.40300000
vn -0.89370000 0.00000000 -0.44860000
vn 0.00000000 1.00000000 0.00000000
vn 0.00000000 1.00000000 0.00000000
vn -0.89370000 0.00000000 -0.44860000
vn -0.86790000 0.00000000 -0.49680000
vn -0.86790000 0.00000000 -0.49680000
vn -0.84210000 0.00000000 -0.53930000
vn 0.00000000 1.00000000 0.00000000
vn 0.00000000 1.00000000 -0.00010000
vn -0.84210000 0.00000000 -0.53930000
vn -0.81680000 0.00000000 -0.57690000
vn 0.00000000 1.00000000 0.00000000
vn -0.78580000 0.00000000 -0.61850000
vn 0.00000000 1.00000000 -0.00010000
vn -0.81680000 0.00000000 -0.57690000
vn 0.00000000 1.00000000 0.00000000
vn -0.75550000 0.00000000 -0.65510000
vn -0.78580000 0.00000000 -0.61850000
vn 0.00000000 1.00000000 0.00000000
vn -0.75550000 0.00000000 -0.65510000
vn 0.00000000 1.00000000 -0.00010000
vn 0.00000000 1.00000000 0.00010000
vn 0.00000000 1.00000000 0.00000000
vn -0.71940000 0.00000000 -0.69460000
vn 0.00000000 1.00000000 0.00010000
vn -0.68420000 0.00000000 -0.72930000
vn 0.00000000 1.00000000 0.00000000
vn -0.71940000 0.00000000 -0.69460000
vn -0.64340000 0.00000000 -0.76550000
vn 0.00000000 1.00000000 0.00000000
vn -0.68420000 0.00000000 -0.72930000
vn -0.64340000 0.00000000 -0.76550000
vn 0.00000000 1.00000000 0.00000000
vn -0.60390000 0.00000000 -0.79710000
vn -0.60390000 0.00000000 -0.79710000
vn -0.56250000 0.00000000 -0.82680000
vn 0.00000000 1.00000000 0.00000000
vn 0.00000000 1.00000000 0.00010000
vn -0.51920000 -0.00080000 -0.85470000
vn -0.56250000 0.00000000 -0.82680000
vn 0.00000000 1.00000000 0.00000000
vn 0.00000000 1.00000000 0.00000000
vn 0.00000000 1.00000000 -0.00010000
vn -0.47730000 0.00170000 -0.87870000
vn 0.00000000 1.00000000 0.00010000
vn -0.51920000 -0.00080000 -0.85470000
vn -0.47730000 0.00170000 -0.87870000
vn 0.00000000 1.00000000 0.00000000
vn 0.00000000 1.00000000 0.00010000
vn -0.43110000 0.00000000 -0.90230000
vn 0.00000000 1.00000000 0.00010000
vn -0.43110000 0.00000000 -0.90230000
vn 0.00000000 1.00000000 0.00000000
vn -0.38650000 0.00000000 -0.92230000
vn -0.38650000 0.00000000 -0.92230000
vn 0.00000000 1.00000000 0.00000000
vn -0.34060000 0.00000000 -0.94020000
vn -0.29380000 -0.00040000 -0.95590000
vn 0.00000000 1.00000000 0.00000000
vn -0.34060000 0.00000000 -0.94020000
vn 0.00000000 1.00000000 0.00000000
vn -0.29380000 -0.00040000 -0.95590000
vn -0.24680000 0.00000000 -0.96910000
vn -0.24680000 0.00000000 -0.96910000
vn 0.00000000 1.00000000 0.00000000
vn -0.19940000 0.00000000 -0.97990000
vn -0.15370000 0.00000000 -0.98810000
vn -0.19940000 0.00000000 -0.97990000
vn 0.00000000 1.00000000 0.00000000
vn -0.15370000 0.00000000 -0.98810000
vn -0.10610000 0.00000000 -0.99440000
vn 0.00000000 1.00000000 0.00000000
vn 0.00000000 1.00000000 0.00000000
vn -0.10610000 0.00000000 -0.99440000
vn -0.05910000 0.00000000 -0.99830000
vn -0.05910000 0.00000000 -0.99830000
vn 0.00000000 1.00000000 0.00000000
vn -0.00470000 0.00000000 -1.00000000
vn 0.00000000 1.00000000 0.00000000
vn -0.00470000 0.00000000 -1.00000000
vn 0.05830000 0.00000000 -0.99830000
vn 0.05830000 0.00000000 -0.99830000
vn 0.00000000 1.00000000 0.00000000
vn 0.12120000 0.00000000 -0.99260000
vn 0.00000000 1.00000000 0.00000000
vn 0.12120000 0.00000000 -0.99260000
vn 0.18130000 0.00000000 -0.98340000
vn 0.24160000 0.00000000 -0.97040000
vn 0.00000000 1.00000000 0.00000000
vn 0.18130000 0.00000000 -0.98340000
vn 0.29660000 0.00000000 -0.95500000
vn 0.00000000 1.00000000 0.00000000
vn 0.24160000 0.00000000 -0.97040000
vn 0.29660000 0.00000000 -0.95500000
vn 0.34810000 0.00000000 -0.93740000
vn 0.00000000 1.00000000 0.00000000
vn 0.34810000 0.00000000 -0.93740000
vn 0.00000000 1.00000000 0.00010000
vn 0.00000000 1.00000000 0.00000000
vn 0.40040000 0.00000000 -0.91630000
vn 0.44970000 0.00000000 -0.89320000
vn 0.00000000 1.00000000 0.00000000
vn 0.40040000 0.00000000 -0.91630000
vn 0.00000000 1.00000000 0.00010000
vn 0.00000000 1.00000000 0.00000000
vn 0.49090000 0.00000000 -0.87120000
vn 0.44970000 0.00000000 -0.89320000
vn 0.55110000 0.00000000 -0.83440000
vn 0.00000000 1.00000000 0.00000000
vn 0.49090000 0.00000000 -0.87120000
vn 0.55110000 0.00000000 -0.83440000
vn 0.61290000 0.00000000 -0.79020000
vn 0.00000000 1.00000000 0.00000000
vn 0.61290000 0.00000000 -0.79020000
vn 0.00000000 1.00000000 0.00000000
vn 0.66600000 0.00000000 -0.74590000
vn 0.00000000 1.00000000 -0.00020000
vn 0.00000000 1.00000000 0.00010000
vn 0.71580000 0.00000000 -0.69830000
vn 0.66600000 0.00000000 -0.74590000
vn 0.00000000 1.00000000 0.00000000
vn 0.75130000 0.00000000 -0.66000000
vn 0.71580000 0.00000000 -0.69830000
vn 0.00000000 1.00000000 0.00000000
vn 0.75130000 0.00000000 -0.66000000
vn 0.78340000 0.00000000 -0.62150000
vn 0.00000000 1.00000000 0.00000000
vn 0.80640000 0.00000000 -0.59130000
vn 0.78340000 0.00000000 -0.62150000
vn 0.00000000 1.00000000 0.00000000
vn 0.83330000 0.00000000 -0.55280000
vn 0.80640000 0.00000000 -0.59130000
vn 0.00000000 1.00000000 0.00000000
vn 0.85480000 0.00000000 -0.51890000
vn 0.83330000 0.00000000 -0.55280000
vn 0.00000000 1.00000000 0.00000000
vn 0.85480000 0.00000000 -0.51890000
vn 0.00000000 1.00000000 0.00000000
vn 0.84700000 0.00000000 -0.53170000
vn 0.84700000 0.00000000 -0.53170000
vn 0.00000000 1.00000000 0.00000000
vn 0.82120000 0.00000000 -0.57070000
vn 0.82120000 0.00000000 -0.57070000
vn 0.00000000 1.00000000 0.00000000
vn 0.79160000 0.00000000 -0.61100000
vn 0.00000000 1.00000000 0.00000000
vn 0.79160000 0.00000000 -0.61100000
vn 0.00000000 1.00000000 -0.00010000
vn 0.76970000 0.00000000 -0.63840000
vn 0.00000000 1.00000000 0.00000000
vn 0.73510000 0.00000000 -0.67790000
vn 0.76970000 0.00000000 -0.63840000
vn 0.00000000 1.00000000 -0.00010000
vn 0.00000000 1.00000000 0.00000000
vn 0.73510000 0.00000000 -0.67790000
vn 0.69670000 0.00000000 -0.71730000
vn 0.65060000 0.00000000 -0.75940000
vn 0.00000000 1.00000000 0.00000000
vn 0.69670000 0.00000000 -0.71730000
vn 0.00000000 1.00000000 0.00010000
vn 0.00000000 1.00000000 0.00000000
vn 0.65060000 0.00000000 -0.75940000
vn 0.59240000 0.00000000 -0.80560000
vn 0.59240000 0.00000000 -0.80560000
vn 0.52070000 0.00000000 -0.85370000
vn 0.00000000 1.00000000 0.00000000
vn 0.44320000 0.00000000 -0.89640000
vn 0.52070000 0.00000000 -0.85370000
vn 0.00000000 1.00000000 0.00010000
vn 0.00000000 1.00000000 -0.00010000
vn 0.00000000 1.00000000 0.00000000
vn 0.00000000 1.00000000 0.00010000
vn 0.44320000 0.00000000 -0.89640000
vn 0.34670000 0.00000000 -0.93800000
vn 0.00000000 1.00000000 0.00000000
vn 0.24480000 0.00000000 -0.96960000
vn 0.00000000 1.00000000 0.00000000
vn 0.34670000 0.00000000 -0.93800000
vn 0.13120000 0.00000000 -0.99140000
vn 0.00000000 1.00000000 0.00000000
vn 0.24480000 0.00000000 -0.96960000
vn 0.01930000 0.00000000 -0.99980000
vn 0.00000000 1.00000000 0.00000000
vn 0.13120000 0.00000000 -0.99140000
vn -0.08720000 0.00000000 -0.99620000
vn 0.01930000 0.00000000 -0.99980000
vn 0.00000000 1.00000000 0.00000000
vn -0.18240000 0.00000000 -0.98320000
vn -0.08720000 0.00000000 -0.99620000
vn 0.00000000 1.00000000 0.00010000
vn 0.00000000 1.00000000 0.00000000
vn 0.00000000 1.00000000 0.00000000
vn -0.18240000 0.00000000 -0.98320000
vn -0.27460000 0.00000000 -0.96150000
vn 0.00000000 1.00000000 0.00010000
vn 0.00000000 1.00000000 0.00000000
vn -0.36390000 0.00000000 -0.93140000
vn -0.27460000 0.00000000 -0.96150000
vn 0.00000000 1.00000000 -0.00010000
vn -0.44100000 0.00000000 -0.89750000
vn 0.00000000 1.00000000 0.00010000
vn 0.00000000 1.00000000 -0.00010000
vn -0.36390000 0.00000000 -0.93140000
vn 0.00000000 1.00000000 0.00000000
vn 0.00000000 1.00000000 -0.00010000
vn -0.44100000 0.00000000 -0.89750000
vn 0.00000000 1.00000000 0.00000000
vn 0.00000000 1.00000000 0.00010000
vn -0.52060000 0.00000000 -0.85380000
vn -0.59530000 0.00000000 -0.80350000
vn 0.00000000 1.00000000 -0.00010000
vn -0.52060000 0.00000000 -0.85380000
vn 0.00000000 1.00000000 0.00000000
vn 0.00000000 1.00000000 0.00010000
vn -0.66500000 0.00020000 -0.74690000
vn 0.00000000 1.00000000 0.00010000
vn -0.59530000 0.00000000 -0.80350000
vn 0.00000000 1.00000000 0.00000000
vn -0.00000000 1.00000000 0.00040000
vn -0.66530000 -0.00020000 -0.74660000
vn -0.00000000 1.00000000 0.00050000
vn -0.73270000 0.00030000 -0.68050000
vn 0.00000000 1.00000000 0.00000000
vn -0.00000000 1.00000000 0.00040000
vn 0.00000000 1.00000000 0.00000000
vn 0.00000000 1.00000000 -0.00010000
vn -0.00000000 1.00000000 0.00050000
vn -0.79750000 0.00000000 -0.60330000
vn -0.73300000 -0.00020000 -0.68020000
vn 0.00000000 1.00000000 0.00010000
vn 0.00000000 1.00000000 -0.00010000
vn -0.79750000 0.00000000 -0.60330000
vn 0.00000000 1.00000000 0.00000000
vn -0.85240000 0.00000000 -0.52300000
vn -0.85240000 0.00000000 -0.52300000
vn -0.89930000 0.00000000 -0.43720000
vn 0.00000000 1.00000000 0.00000000
vn 0.00000000 1.00000000 -0.00010000
vn 0.00000000 1.00000000 0.00010000
vn -0.89930000 0.00000000 -0.43720000
vn -0.94260000 0.00000000 -0.33400000
vn 0.00000000 1.00000000 0.00000000
vn -0.94260000 0.00000000 -0.33400000
vn -0.97270000 0.00000000 -0.23210000
vn 0.00000000 1.00000000 0.00000000
vn 0.00000000 1.00000000 -0.00010000
vn 0.00000000 1.00000000 0.00000000
vn -0.99220000 0.00000000 -0.12480000
vn -0.97270000 0.00000000 -0.23210000
vn -0.99220000 0.00000000 -0.12480000
vn 0.00000000 1.00000000 0.00000000
vn 0.00000000 1.00000000 0.00010000
vn -0.99990000 0.00000000 -0.01710000
vn -0.99990000 0.00000000 -0.01710000
vn 0.00000000 1.00000000 0.00000000
vn -0.99460000 0.00000000 0.10340000
vn -0.97190000 0.00000000 0.23560000
vn -0.99460000 0.00000000 0.10340000
vn 0.00000000 1.00000000 0.00000000
vn 0.00000000 1.00000000 0.00010000
vn -0.97190000 0.00000000 0.23560000
vn 0.00000000 1.00000000 -0.00010000
vn -0.93320000 0.00000000 0.35940000
vn 0.00000000 1.00000000 0.00000000
vn 0.00000000 1.00000000 -0.00010000
vn -0.88270000 0.00000000 0.46990000
vn 0.00000000 1.00000000 0.00000000
vn -0.93320000 0.00000000 0.35940000
vn 0.00000000 1.00000000 0.00010000
vn -0.82510000 0.00000000 0.56490000
vn 0.00000000 1.00000000 0.00010000
vn -0.88270000 0.00000000 0.46990000
vn 0.00000000 1.00000000 0.00000000
vn 0.00000000 1.00000000 0.00010000
vn 0.00000000 1.00000000 0.00000000
vn 0.00000000 1.00000000 -0.00010000
vn -0.76790000 0.00000000 0.64060000
vn -0.82510000 0.00000000 0.56490000
vn -0.76790000 0.00000000 0.64060000
vn 0.00000000 1.00000000 0.00000000
vn 0.00000000 1.00000000 -0.00010000
vn 0.00000000 1.00000000 0.00010000
vn -0.70800000 0.00000000 0.70620000
vn -0.70800000 0.00000000 0.70620000
vn 0.00000000 1.00000000 0.00000000
vn -0.65370000 0.00000000 0.75670000
vn 0.00000000 1.00000000 0.00000000
vn -0.65370000 0.00000000 0.75670000
vn -0.60310000 0.00000000 0.79770000
vn 0.00000000 1.00000000 0.00000000
vn -0.55600000 0.00000000 0.83120000
vn -0.60310000 0.00000000 0.79770000
vn 0.00000000 1.00000000 -0.00010000
vn -0.55600000 0.00000000 0.83120000
vn -0.49600000 0.00000000 0.86830000
vn 0.00000000 1.00000000 0.00000000
vn 0.00000000 1.00000000 0.00010000
vn 0.00000000 1.00000000 -0.00010000
vn -0.49600000 0.00000000 0.86830000
vn -0.41450000 0.00000000 0.91010000
vn -0.41450000 0.00000000 0.91010000
vn 0.00000000 1.00000000 0.00010000
vn -0.94260000 0.00000000 -0.33400000
vn -0.94260000 0.00000000 -0.33400000
vn -0.94410000 0.00120000 -0.32960000
vn 0.00000000 1.00000000 -0.00010000
vn 0.00000000 1.00000000 0.00000000
vn 0.00000000 1.00000000 0.00010000
vn -0.94260000 -0.00120000 -0.33400000
vn -0.94410000 0.00120000 -0.32960000
vn 0.00000000 1.00000000 0.00000000
vn 0.00000000 1.00000000 -0.00020000
vn 0.00000000 1.00000000 -0.00010000
vn -0.94260000 0.00000000 -0.33400000
vn 0.00000000 1.00000000 0.00000000
vn -0.94260000 -0.00120000 -0.33400000
vn 0.35050000 0.00000000 -0.93650000
vn 0.00000000 1.00000000 -0.00010000
vn -0.94260000 0.00000000 -0.33400000
vn 0.00000000 1.00000000 0.00000000
vn 0.35050000 0.00000000 -0.93650000
vn 0.00000000 1.00000000 -0.00010000
vn 0.40860000 0.00000000 -0.91270000
vn 0.40860000 0.00000000 -0.91270000
vn 0.45890000 0.00000000 -0.88850000
vn 0.00000000 1.00000000 0.00000000
vn 0.00000000 1.00000000 0.00000000
vn 0.45890000 0.00000000 -0.88850000
vn 0.50620000 0.00000000 -0.86240000
vn 0.50620000 0.00000000 -0.86240000
vn 0.55380000 0.00000000 -0.83260000
vn 0.00000000 1.00000000 -0.00020000
vn 0.00000000 1.00000000 0.00000000
vn 0.00000000 1.00000000 0.00000000
vn 0.55380000 0.00000000 -0.83260000
vn 0.60570000 0.00000000 -0.79570000
vn 0.00000000 1.00000000 -0.00020000
vn 0.00000000 1.00000000 0.00000000
vn 0.66130000 0.00000000 -0.75020000
vn 0.60570000 0.00000000 -0.79570000
vn 0.66130000 0.00000000 -0.75020000
vn 0.00000000 1.00000000 0.00010000
vn 0.00000000 1.00000000 0.00000000
vn 0.71990000 0.00000000 -0.69400000
vn 0.78000000 0.00000000 -0.62580000
vn 0.00000000 1.00000000 0.00010000
vn 0.00000000 1.00000000 -0.00010000
vn 0.71990000 0.00000000 -0.69400000
vn 0.82610000 0.00000000 -0.56360000
vn 0.00000000 1.00000000 0.00010000
vn 0.00000000 1.00000000 -0.00010000
vn 0.78000000 0.00000000 -0.62580000
vn 0.00000000 1.00000000 -0.00010000
vn 0.82610000 0.00000000 -0.56360000
vn 0.00000000 1.00000000 0.00000000
vn 0.85400000 0.00000000 -0.52030000
vn 0.00000000 1.00000000 0.00000000
vn 0.85400000 0.00000000 -0.52030000
vn 0.88130000 0.00000000 -0.47250000
vn 0.00000000 1.00000000 0.00010000
vn 0.90740000 0.00000000 -0.42030000
vn 0.00000000 1.00000000 0.00000000
vn 0.88130000 0.00000000 -0.47250000
vn 0.00000000 1.00000000 0.00000000
vn 0.92950000 0.00000000 -0.36880000
vn 0.00000000 1.00000000 0.00010000
vn 0.90740000 0.00000000 -0.42030000
vn 0.95130000 0.00000000 -0.30840000
vn 0.00000000 1.00000000 0.00000000
vn 0.00000000 1.00000000 0.00010000
vn 0.92950000 0.00000000 -0.36880000
vn 0.00000000 1.00000000 -0.00010000
vn 0.96830000 0.00000000 -0.24960000
vn 0.00000000 1.00000000 0.00010000
vn 0.95130000 0.00000000 -0.30840000
vn 0.98160000 0.00000000 -0.19080000
vn 0.00000000 1.00000000 0.00000000
vn 0.00000000 1.00000000 0.00010000
vn 0.96830000 0.00000000 -0.24960000
vn 0.00000000 1.00000000 0.00000000
vn 0.99190000 0.00000000 -0.12730000
vn 0.98160000 0.00000000 -0.19080000
vn 0.99190000 0.00000000 -0.12730000
vn 0.99780000 0.00000000 -0.06640000
vn 0.00000000 1.00000000 0.00000000
vn 0.99990000 0.00000000 -0.01080000
vn 0.99780000 0.00000000 -0.06640000
vn 0.00000000 1.00000000 0.00000000
vn 0.00000000 1.00000000 0.00000000
vn 0.99990000 0.00000000 -0.01080000
vn 0.99920000 0.00000000 0.03980000
vn 0.99590000 0.00000000 0.09080000
vn 0.99920000 0.00000000 0.03980000
vn 0.00000000 1.00000000 0.00000000
vn 0.00000000 1.00000000 0.00010000
vn 0.99010000 0.00000000 0.14010000
vn 0.99590000 0.00000000 0.09080000
vn 0.00000000 1.00000000 0.00000000
vn 0.00000000 1.00000000 0.00000000
vn 0.99010000 0.00000000 0.14010000
vn 0.00000000 1.00000000 0.00010000
vn 0.98190000 0.00000000 0.18940000
vn 0.00000000 1.00000000 0.00000000
vn 0.97100000 0.00000000 0.23910000
vn 0.98190000 0.00000000 0.18940000
vn 0.95810000 0.00000000 0.28640000
vn 0.97100000 0.00000000 0.23910000
vn 0.00000000 1.00000000 0.00000000
vn 0.00000000 1.00000000 -0.00010000
vn 0.94260000 -0.00000000 0.33380000
vn 0.95810000 0.00000000 0.28640000
vn 0.00000000 1.00000000 0.00000000
vn 0.00000000 1.00000000 0.00000000
vn 0.94260000 -0.00000000 0.33380000
vn 0.00000000 1.00000000 -0.00010000
vn 0.92440000 0.00000000 0.38130000
vn 0.00000000 1.00000000 0.00000000
vn 0.92440000 0.00000000 0.38130000
vn 0.00000000 1.00000000 0.00010000
vn 0.90470000 0.00000000 0.42600000
vn 0.00000000 1.00000000 0.00000000
vn 0.88240000 0.00000000 0.47060000
vn 0.00000000 1.00000000 0.00010000
vn 0.90470000 0.00000000 0.42600000
vn 0.00000000 1.00000000 0.00000000
vn 0.88240000 0.00000000 0.47060000
vn 0.86020000 0.00000000 0.50990000
vn 0.83290000 0.00000000 0.55340000
vn 0.00000000 1.00000000 0.00000000
vn 0.00000000 1.00000000 -0.00010000
vn 0.86020000 0.00000000 0.50990000
vn 0.00000000 1.00000000 0.00010000
vn 0.80590000 0.00000000 0.59200000
vn 0.00000000 1.00000000 0.00010000
vn 0.83290000 0.00000000 0.55340000
vn 0.00000000 1.00000000 0.00000000
vn 0.00000000 1.00000000 -0.00010000
vn 0.80590000 0.00000000 0.59200000
vn 0.77660000 0.00000000 0.63000000
vn 0.00000000 1.00000000 0.00000000
vn 0.00000000 1.00000000 0.00000000
vn 0.00000000 1.00000000 -0.00010000
vn 0.77660000 0.00000000 0.63000000
vn -0.00000000 1.00000000 0.00050000
vn 0.74480000 0.00000000 0.66720000
vn 0.71400000 0.00000000 0.70020000
vn 0.00000000 1.00000000 0.00000000
vn 0.74480000 0.00000000 0.66720000
vn -0.00000000 1.00000000 0.00040000
vn 0.00000000 1.00000000 0.00000000
vn 0.68080000 0.00000000 0.73240000
vn 0.71400000 0.00000000 0.70020000
vn 0.64240000 0.00000000 0.76640000
vn 0.68080000 0.00000000 0.73240000
vn 0.00000000 1.00000000 0.00000000
vn 0.64240000 0.00000000 0.76640000
vn 0.00000000 1.00000000 0.00000000
vn 0.60490000 0.00000000 0.79630000
vn 0.00000000 1.00000000 0.00010000
vn 0.00000000 1.00000000 0.00000000
vn 0.56820000 0.00000000 0.82290000
vn 0.60490000 0.00000000 0.79630000
vn 0.52380000 0.00000000 0.85190000
vn 0.00000000 1.00000000 0.00010000
vn 0.00000000 1.00000000 -0.00010000
vn 0.00000000 1.00000000 0.00000000
vn 0.56820000 0.00000000 0.82290000
vn 0.00000000 1.00000000 -0.00010000
vn 0.52380000 0.00000000 0.85190000
vn 0.00000000 1.00000000 0.00010000
vn 0.48320000 0.00000000 0.87550000
vn 0.48320000 0.00000000 0.87550000
vn 0.00000000 1.00000000 0.00010000
vn 0.00000000 1.00000000 0.00000000
vn 0.00000000 1.00000000 -0.00010000
vn 0.44070000 0.00000000 0.89770000
vn 0.00000000 1.00000000 -0.00010000
vn 0.00000000 1.00000000 0.00000000
vn 0.44070000 0.00000000 0.89770000
vn 0.39620000 0.00000000 0.91820000
vn 0.00000000 1.00000000 0.00010000
vn 0.00000000 1.00000000 0.00000000
vn 0.39620000 0.00000000 0.91820000
vn 0.35450000 0.00000000 0.93510000
vn 0.35450000 0.00000000 0.93510000
vn 0.30660000 0.00000000 0.95180000
vn 0.00000000 1.00000000 0.00000000
vn 0.30660000 0.00000000 0.95180000
vn 0.25820000 0.00000000 0.96610000
vn 0.00000000 1.00000000 0.00000000
vn 0.00000000 1.00000000 0.00010000
vn 0.20860000 0.00000000 0.97800000
vn 0.00000000 1.00000000 0.00000000
vn 0.25820000 0.00000000 0.96610000
vn 0.20860000 0.00000000 0.97800000
vn 0.16070000 0.00000000 0.98700000
vn 0.00000000 1.00000000 0.00000000
vn 0.16070000 0.00000000 0.98700000
vn 0.11040000 0.00000000 0.99390000
vn 0.00000000 1.00000000 0.00000000
vn 0.11040000 0.00000000 0.99390000
vn 0.06080000 0.00000000 0.99810000
vn 0.00000000 1.00000000 0.00000000
vn 0.06080000 0.00000000 0.99810000
vn 0.00720000 0.00000000 1.00000000
vn 0.00000000 1.00000000 0.00000000
vn -0.05100000 0.00000000 0.99870000
vn 0.00000000 1.00000000 0.00000000
vn 0.00720000 0.00000000 1.00000000
vn -0.05100000 0.00000000 0.99870000
vn -0.10830000 0.00000000 0.99410000
vn 0.00000000 1.00000000 0.00000000
vn 0.00000000 1.00000000 0.00000000
vn -0.16830000 0.00000000 0.98570000
vn -0.10830000 0.00000000 0.99410000
vn 0.00000000 1.00000000 0.00000000
vn -0.22400000 0.00000000 0.97460000
vn -0.16830000 0.00000000 0.98570000
vn 0.00000000 1.00000000 0.00000000
vn -0.22400000 0.00000000 0.97460000
vn -0.27720000 0.00000000 0.96080000
vn 0.00000000 1.00000000 0.00000000
vn -0.32800000 0.00000000 0.94470000
vn -0.27720000 0.00000000 0.96080000
vn -0.32800000 0.00000000 0.94470000
vn 0.00000000 1.00000000 0.00000000
vn -0.38040000 0.00000000 0.92480000
vn -0.42550000 0.00000000 0.90500000
vn 0.00000000 1.00000000 0.00010000
vn 0.00000000 1.00000000 0.00000000
vn -0.38040000 0.00000000 0.92480000
vn 0.00000000 1.00000000 -0.00010000
vn -0.46780000 0.00000000 0.88390000
vn 0.00000000 1.00000000 0.00000000
vn 0.00000000 1.00000000 -0.00010000
vn -0.42550000 0.00000000 0.90500000
vn 0.00000000 1.00000000 0.00000000
vn -0.52780000 0.00000000 0.84940000
vn -0.46780000 0.00000000 0.88390000
vn -0.52780000 0.00000000 0.84940000
vn 0.00000000 1.00000000 0.00000000
vn -0.60060000 0.00000000 0.79950000
vn -0.65660000 0.00000000 0.75420000
vn -0.60060000 0.00000000 0.79950000
vn 0.00000000 1.00000000 0.00000000
vn 0.00000000 1.00000000 0.00010000
vn -0.65660000 0.00000000 0.75420000
vn 0.00000000 1.00000000 0.00010000
vn 0.00000000 1.00000000 0.00000000
vn -0.70320000 0.00000000 0.71100000
vn -0.74190000 0.00000000 0.67050000
vn 0.00000000 1.00000000 0.00000000
vn -0.70320000 0.00000000 0.71100000
vn -0.77400000 0.00000000 0.63320000
vn -0.74190000 0.00000000 0.67050000
vn 0.00000000 1.00000000 0.00000000
vn -0.77400000 0.00000000 0.63320000
vn 0.00000000 1.00000000 0.00000000
vn -0.80070000 0.00000000 0.59910000
vn 0.00000000 1.00000000 -0.00010000
vn -0.83180000 0.00000000 0.55510000
vn -0.80070000 0.00000000 0.59910000
vn 0.00000000 1.00000000 0.00000000
vn -0.85190000 0.00000000 0.52370000
vn -0.83180000 0.00000000 0.55510000
vn 0.00000000 1.00000000 0.00000000
vn -0.84290000 0.00000000 0.53810000
vn 0.00000000 1.00000000 0.00000000
vn -0.85190000 0.00000000 0.52370000
vn -0.84290000 0.00000000 0.53810000
vn -0.81820000 0.00000000 0.57500000
vn 0.00000000 1.00000000 0.00000000
vn 0.00000000 1.00000000 0.00000000
vn -0.81820000 0.00000000 0.57500000
vn -0.79900000 0.00000000 0.60130000
vn -0.79900000 0.00000000 0.60130000
vn -0.77420000 0.00000000 0.63300000
vn 0.00000000 1.00000000 0.00000000
vn 0.00000000 1.00000000 0.00000000
vn -0.77420000 0.00000000 0.63300000
vn -0.74500000 0.00000000 0.66710000
vn -0.74500000 0.00000000 0.66710000
vn 0.00000000 1.00000000 0.00000000
vn -0.71330000 0.00000000 0.70090000
vn 0.00000000 1.00000000 0.00000000
vn 0.00000000 1.00000000 0.00010000
vn -0.71330000 0.00000000 0.70090000
vn -0.67280000 0.00000000 0.73990000
vn 0.00000000 1.00000000 0.00010000
vn 0.00000000 1.00000000 -0.00020000
vn 0.00000000 1.00000000 0.00000000
vn -0.62810000 -0.00020000 0.77810000
vn -0.67280000 0.00000000 0.73990000
vn 0.00000000 1.00000000 -0.00020000
vn 0.00000000 1.00000000 0.00000000
vn -0.57130000 0.00000000 0.82070000
vn -0.62770000 0.00020000 0.77840000
vn -0.50510000 0.00000000 0.86310000
vn 0.00000000 1.00000000 0.00000000
vn -0.57130000 0.00000000 0.82070000
vn -0.42810000 0.00000000 0.90370000
vn -0.50510000 0.00000000 0.86310000
vn 0.00000000 1.00000000 0.00000000
vn 0.00000000 1.00000000 0.00010000
vn -0.34000000 0.00000000 0.94040000
vn -0.42810000 0.00000000 0.90370000
vn 0.00000000 1.00000000 0.00000000
vn -0.24140000 0.00000000 0.97040000
vn -0.34000000 0.00000000 0.94040000
vn 0.00000000 1.00000000 0.00000000
vn 0.00000000 1.00000000 0.00000000
vn -0.24140000 0.00000000 0.97040000
vn -0.13420000 0.00000000 0.99100000
vn -0.02130000 0.00000000 0.99980000
vn -0.13420000 0.00000000 0.99100000
vn 0.00000000 1.00000000 0.00000000
vn -0.02130000 0.00000000 0.99980000
vn 0.07660000 0.00000000 0.99710000
vn 0.00000000 1.00000000 0.00000000
vn 0.15660000 0.00000000 0.98770000
vn 0.07660000 0.00000000 0.99710000
vn 0.00000000 1.00000000 0.00000000
vn 0.23620000 0.00000000 0.97170000
vn 0.15660000 0.00000000 0.98770000
vn 0.00000000 1.00000000 0.00000000
vn 0.23620000 0.00000000 0.97170000
vn 0.00000000 1.00000000 0.00000000
vn 0.31570000 0.00000000 0.94890000
vn 0.00000000 1.00000000 0.00000000
vn 0.00000000 1.00000000 0.00010000
vn 0.39760000 0.00000000 0.91760000
vn 0.31570000 0.00000000 0.94890000
vn 0.00000000 1.00000000 0.00000000
vn 0.47890000 0.00000000 0.87790000
vn 0.39760000 0.00000000 0.91760000
vn 0.00000000 1.00000000 -0.00010000
vn 0.00000000 1.00000000 -0.00010000
vn 0.00000000 1.00000000 0.00000000
vn 0.47890000 0.00000000 0.87790000
vn 0.00000000 1.00000000 0.00010000
vn 0.56220000 0.00000000 0.82700000
vn 0.56220000 0.00000000 0.82700000
vn 0.00000000 1.00000000 0.00000000
vn 0.64320000 0.00000000 0.76570000
vn 0.00000000 1.00000000 0.00010000
vn 0.00000000 1.00000000 0.00000000
vn 0.71950000 0.00000000 0.69450000
vn 0.64320000 0.00000000 0.76570000
vn 0.00000000 1.00000000 -0.00010000
vn 0.71950000 0.00000000 0.69450000
vn 0.00000000 1.00000000 -0.00010000
vn 0.78900000 0.00000000 0.61430000
vn 0.00000000 1.00000000 0.00000000
vn 0.85280000 0.00000000 0.52220000
vn 0.00000000 1.00000000 -0.00010000
vn 0.00000000 1.00000000 0.00000000
vn 0.78900000 0.00000000 0.61430000
vn 0.00000000 1.00000000 0.00000000
vn 0.90660000 0.00000000 0.42190000
vn 0.85280000 0.00000000 0.52220000
vn 0.94860000 0.00000000 0.31650000
vn 0.90660000 0.00000000 0.42190000
vn 0.00000000 1.00000000 0.00000000
vn 0.97730000 0.00000000 0.21190000
vn 0.00000000 1.00000000 0.00000000
vn 0.00000000 1.00000000 -0.00010000
vn 0.94860000 0.00000000 0.31650000
vn 0.00000000 1.00000000 -0.00010000
vn 0.00000000 1.00000000 0.00000000
vn 0.00000000 1.00000000 -0.00020000
vn 0.97730000 0.00000000 0.21190000
vn 0.99410000 0.00000000 0.10890000
vn 0.99990000 0.00000000 0.01030000
vn 0.00000000 1.00000000 0.00000000
vn 0.99410000 0.00000000 0.10890000
vn 0.00000000 1.00000000 -0.00010000
vn 0.99990000 0.00000000 0.01030000
vn 0.00000000 -1.00000000 0.00000000
vn 0.00000000 -1.00000000 0.00010000
vn 0.00000000 -1.00000000 -0.00010000
vn 0.99520000 0.00000000 -0.09790000
vn 0.99520000 0.00000000 -0.09790000
vn 0.97700000 0.00000000 -0.21310000
vn 0.00000000 -1.00000000 0.00010000
vn 0.00000000 -1.00000000 0.00000000
vn 0.95000000 0.00000000 -0.31230000
vn 0.00000000 -1.00000000 0.00000000
vn 0.00000000 -1.00000000 -0.00010000
vn 0.00000000 -1.00000000 0.00010000
vn 0.97700000 0.00000000 -0.21310000
vn 0.91660000 0.00000000 -0.39980000
vn 0.00000000 -1.00000000 0.00000000
vn 0.00000000 -1.00000000 -0.00010000
vn 0.00000000 -1.00000000 0.00010000
vn 0.95000000 0.00000000 -0.31230000
vn 0.88350000 0.00030000 -0.46840000
vn 0.00000000 -1.00000000 0.00000000
vn 0.00000000 -1.00000000 -0.00010000
vn -0.00000000 -1.00000000 0.00030000
vn 0.91660000 0.00000000 -0.39980000
vn 0.00000000 -1.00000000 0.00000000
vn 0.88340000 -0.00030000 -0.46860000
vn -0.00000000 -1.00000000 0.00030000
vn 0.84590000 0.00000000 -0.53340000
vn 0.81210000 0.00000000 -0.58360000
vn 0.00000000 -1.00000000 0.00000000
vn 0.84590000 0.00000000 -0.53340000
vn 0.77990000 -0.00030000 -0.62590000
vn 0.00000000 -1.00000000 -0.00010000
vn 0.00000000 -1.00000000 0.00000000
vn 0.81210000 0.00000000 -0.58360000
vn -0.00000000 -1.00000000 -0.00020000
vn 0.73100000 0.00000000 -0.68240000
vn -0.00000000 -1.00000000 -0.00020000
vn 0.78010000 0.00030000 -0.62560000
vn 0.00000000 -1.00000000 0.00000000
vn 0.00000000 -1.00000000 -0.00010000
vn 0.73100000 0.00000000 -0.68240000
vn 0.00000000 -1.00000000 0.00000000
vn 0.67800000 0.00000000 -0.73510000
vn 0.00000000 -1.00000000 0.00000000
vn 0.00000000 -1.00000000 -0.00010000
vn 0.67800000 0.00000000 -0.73510000
vn 0.62580000 0.00000000 -0.78000000
vn 0.00000000 -1.00000000 0.00000000
vn 0.62580000 0.00000000 -0.78000000
vn 0.57240000 0.00000000 -0.82000000
vn 0.57240000 0.00000000 -0.82000000
vn 0.84700000 0.00000000 0.53160000
vn 0.00000000 -1.00000000 0.00000000
vn 0.84700000 0.00000000 0.53160000
vn 0.00000000 -1.00000000 0.00000000
vn 0.00000000 -1.00000000 -0.00010000
vn 0.84910000 0.00000000 0.52820000
vn 0.00000000 -1.00000000 0.00000000
vn 0.84910000 0.00000000 0.52820000
vn 0.84700000 0.00000000 0.53170000
vn 0.00000000 -1.00000000 0.00000000
vn 0.84910000 0.00000000 0.52820000
vn -0.54330000 0.00000000 0.83950000
vn 0.00000000 -1.00000000 0.00000000
vn 0.84700000 0.00000000 0.53170000
vn -0.58670000 0.00000000 0.80980000
vn 0.00000000 -1.00000000 0.00000000
vn -0.54330000 0.00000000 0.83950000
vn -0.62300000 0.00000000 0.78220000
vn -0.58670000 0.00000000 0.80980000
vn 0.00000000 -1.00000000 0.00000000
vn 0.00000000 -1.00000000 0.00000000
vn -0.62300000 0.00000000 0.78220000
vn -0.65590000 0.00000000 0.75480000
vn -0.65590000 0.00000000 0.75480000
vn 0.00000000 -1.00000000 0.00000000
vn -0.68410000 0.00000000 0.72930000
vn -0.72100000 0.00000000 0.69300000
vn 0.00000000 -1.00000000 0.00000000
vn -0.68410000 0.00000000 0.72930000
vn -0.72100000 0.00000000 0.69300000
vn -0.75780000 0.00000000 0.65250000
vn 0.00000000 -1.00000000 0.00000000
vn -0.75780000 0.00000000 0.65250000
vn 0.00000000 -1.00000000 0.00000000
vn -0.00000000 -1.00000000 -0.00020000
vn 0.00000000 -1.00000000 -0.00010000
vn -0.79800000 0.00000000 0.60260000
vn 0.00000000 -1.00000000 0.00000000
vn -0.79800000 0.00000000 0.60260000
vn -0.83760000 0.00000000 0.54630000
vn 0.00000000 -1.00000000 -0.00010000
vn -0.87850000 0.00000000 0.47770000
vn 0.00000000 -1.00000000 0.00000000
vn -0.83760000 0.00000000 0.54630000
vn 0.00000000 -1.00000000 0.00000000
vn -0.87850000 0.00000000 0.47770000
vn -0.00000000 -1.00000000 0.00030000
vn -0.91620000 0.00000000 0.40060000
vn -0.91620000 0.00000000 0.40060000
vn 0.00000000 -1.00000000 -0.00010000
vn 0.00000000 -1.00000000 0.00000000
vn -0.94280000 0.00000000 0.33340000
vn 0.00000000 -1.00000000 0.00000000
vn -0.94280000 0.00000000 0.33340000
vn -0.95840000 0.00000000 0.28560000
vn 0.00000000 -1.00000000 0.00000000
vn -0.97250000 0.00000000 0.23290000
vn -0.95840000 0.00000000 0.28560000
vn 0.00000000 -1.00000000 0.00010000
vn 0.00000000 -1.00000000 -0.00010000
vn -0.97250000 0.00000000 0.23290000
vn -0.98370000 0.00000000 0.17990000
vn 0.00000000 -1.00000000 0.00000000
vn -0.98370000 0.00000000 0.17990000
vn 0.00000000 -1.00000000 0.00000000
vn -0.99230000 0.00000000 0.12410000
vn 0.00000000 -1.00000000 -0.00010000
vn -0.99230000 0.00000000 0.12410000
vn 0.00000000 -1.00000000 0.00000000
vn -0.99790000 0.00000000 0.06510000
vn -0.99790000 0.00000000 0.06510000
vn 0.00000000 -1.00000000 0.00010000
vn 0.00000000 -1.00000000 0.00000000
vn -0.99990000 0.00000000 0.01360000
vn 0.00000000 -1.00000000 0.00000000
vn 0.00000000 -1.00000000 -0.00010000
vn -0.99950000 0.00000000 -0.03170000
vn -0.99990000 0.00000000 0.01360000
vn 0.00000000 -1.00000000 0.00000000
vn -0.99950000 0.00000000 -0.03170000
vn -0.99700000 0.00000000 -0.07800000
vn 0.00000000 -1.00000000 -0.00010000
vn -0.99220000 0.00000000 -0.12480000
vn -0.99700000 0.00000000 -0.07800000
vn 0.00000000 -1.00000000 0.00000000
vn -0.98520000 0.00000000 -0.17120000
vn 0.00000000 -1.00000000 0.00010000
vn -0.99220000 0.00000000 -0.12480000
vn 0.00000000 -1.00000000 0.00000000
vn -0.97580000 0.00030000 -0.21850000
vn -0.98520000 0.00000000 -0.17120000
vn -0.00000000 -1.00000000 -0.00030000
vn 0.00000000 -1.00000000 0.00000000
vn -0.97580000 -0.00030000 -0.21870000
vn 0.00000000 -1.00000000 0.00000000
vn -0.00000000 -1.00000000 -0.00030000
vn -0.96500000 0.00000000 -0.26240000
vn -0.96500000 0.00000000 -0.26240000
vn 0.00000000 -1.00000000 0.00000000
vn -0.95080000 0.00000000 -0.30990000
vn -0.93380000 0.00000000 -0.35780000
vn -0.95080000 0.00000000 -0.30990000
vn 0.00000000 -1.00000000 0.00000000
vn -0.93380000 0.00000000 -0.35780000
vn -0.91510000 0.00000000 -0.40320000
vn 0.00000000 -1.00000000 0.00000000
vn -0.91510000 0.00000000 -0.40320000
vn 0.00000000 -1.00000000 0.00000000
vn -0.89240000 0.00000000 -0.45120000
vn 0.00000000 -1.00000000 0.00000000
vn -0.86950000 0.00000000 -0.49400000
vn -0.89240000 0.00000000 -0.45120000
vn 0.00000000 -1.00000000 0.00000000
vn -0.84390000 0.00000000 -0.53640000
vn -0.86950000 0.00000000 -0.49400000
vn -0.84390000 0.00000000 -0.53640000
vn 0.00000000 -1.00000000 0.00000000
vn 0.00000000 -1.00000000 0.00010000
vn -0.81570000 0.00000000 -0.57850000
vn 0.00000000 -1.00000000 -0.00010000
vn -0.81570000 0.00000000 -0.57850000
vn 0.00000000 -1.00000000 0.00010000
vn -0.78800000 0.00000000 -0.61560000
vn 0.00000000 -1.00000000 0.00010000
vn 0.00000000 -1.00000000 0.00000000
vn -0.78800000 0.00000000 -0.61560000
vn -0.75130000 0.00000000 -0.66000000
vn 0.00000000 -1.00000000 -0.00010000
vn -0.75130000 0.00000000 -0.66000000
vn 0.00000000 -1.00000000 0.00000000
vn -0.71860000 0.00000000 -0.69540000
vn -0.68360000 0.00000000 -0.72990000
vn 0.00000000 -1.00000000 0.00000000
vn -0.71860000 0.00000000 -0.69540000
vn 0.00000000 -1.00000000 0.00000000
vn -0.68360000 0.00000000 -0.72990000
vn -0.64620000 0.00000000 -0.76320000
vn 0.00000000 -1.00000000 0.00010000
vn 0.00000000 -1.00000000 0.00000000
vn -0.60350000 0.00000000 -0.79730000
vn -0.64620000 0.00000000 -0.76320000
vn 0.00000000 -1.00000000 0.00000000
vn -0.56530000 0.00000000 -0.82490000
vn -0.60350000 0.00000000 -0.79730000
vn -0.56530000 0.00000000 -0.82490000
vn 0.00000000 -1.00000000 0.00000000
vn -0.52200000 0.00080000 -0.85290000
vn -0.47730000 0.00000000 -0.87880000
vn -0.52200000 0.00080000 -0.85290000
vn 0.00000000 -1.00000000 0.00000000
vn 0.00000000 -1.00000000 0.00010000
vn -0.43370000 0.00080000 -0.90110000
vn 0.00000000 -1.00000000 0.00000000
vn -0.47730000 0.00000000 -0.87880000
vn -0.38890000 0.00000000 -0.92130000
vn 0.00000000 -1.00000000 0.00010000
vn 0.00000000 -1.00000000 -0.00010000
vn -0.43370000 0.00080000 -0.90110000
vn -0.38890000 0.00000000 -0.92130000
vn 0.00000000 -1.00000000 0.00010000
vn -0.33870000 0.00000000 -0.94090000
vn 0.00000000 -1.00000000 -0.00010000
vn 0.00000000 -1.00000000 0.00000000
vn -0.33870000 0.00000000 -0.94090000
vn 0.00000000 -1.00000000 0.00000000
vn -0.29220000 0.00000000 -0.95640000
vn -0.29220000 0.00000000 -0.95640000
vn -0.24850000 0.00000000 -0.96860000
vn 0.00000000 -1.00000000 0.00000000
vn 0.00000000 -1.00000000 0.00000000
vn -0.20080000 0.00000000 -0.97960000
vn -0.24850000 0.00000000 -0.96860000
vn 0.00000000 -1.00000000 0.00000000
vn -0.15300000 0.00000000 -0.98820000
vn -0.20080000 0.00000000 -0.97960000
vn -0.15300000 0.00000000 -0.98820000
vn 0.00000000 -1.00000000 0.00000000
vn -0.10560000 0.00000000 -0.99440000
vn -0.10560000 0.00000000 -0.99440000
vn -0.05880000 0.00000000 -0.99830000
vn 0.00000000 -1.00000000 0.00000000
vn 0.00000000 -1.00000000 0.00000000
vn -0.00470000 0.00000000 -1.00000000
vn -0.05880000 0.00000000 -0.99830000
vn 0.05870000 0.00000000 -0.99830000
vn -0.00470000 0.00000000 -1.00000000
vn 0.00000000 -1.00000000 0.00000000
vn 0.05870000 0.00000000 -0.99830000
vn 0.00000000 -1.00000000 0.00000000
vn 0.12070000 0.00000000 -0.99270000
vn 0.12070000 0.00000000 -0.99270000
vn 0.00000000 -1.00000000 0.00000000
vn 0.18060000 0.00000000 -0.98360000
vn 0.00000000 -1.00000000 0.00000000
vn 0.24050000 0.00000000 -0.97060000
vn 0.18060000 0.00000000 -0.98360000
vn 0.00000000 -1.00000000 0.00000000
vn 0.24050000 0.00000000 -0.97060000
vn 0.29530000 0.00000000 -0.95540000
vn 0.29530000 0.00000000 -0.95540000
vn 0.00000000 -1.00000000 0.00000000
vn 0.35040000 0.00000000 -0.93660000
vn 0.35040000 0.00000000 -0.93660000
vn 0.00000000 -1.00000000 0.00000000
vn 0.39850000 0.00000000 -0.91720000
vn 0.00000000 -1.00000000 0.00010000
vn 0.44270000 0.00000000 -0.89670000
vn 0.00000000 -1.00000000 0.00000000
vn 0.39850000 0.00000000 -0.91720000
vn 0.44270000 0.00000000 -0.89670000
vn 0.00000000 -1.00000000 0.00000000
vn 0.48850000 -0.00080000 -0.87260000
vn 0.00000000 -1.00000000 0.00000000
vn 0.00000000 -1.00000000 0.00010000
vn 0.54830000 0.00000000 -0.83630000
vn 0.48850000 -0.00080000 -0.87260000
vn 0.61570000 0.00000000 -0.78800000
vn 0.00000000 -1.00000000 0.00000000
vn 0.54830000 0.00000000 -0.83630000
vn 0.00000000 -1.00000000 0.00000000
vn 0.66870000 0.00000000 -0.74350000
vn 0.61570000 0.00000000 -0.78800000
vn 0.00000000 -1.00000000 0.00010000
vn 0.66870000 0.00000000 -0.74350000
vn 0.00000000 -1.00000000 0.00000000
vn 0.71510000 0.00000000 -0.69900000
vn 0.75030000 0.00000000 -0.66100000
vn 0.71510000 0.00000000 -0.69900000
vn 0.00000000 -1.00000000 0.00000000
vn 0.00000000 -1.00000000 -0.00010000
vn 0.00000000 -1.00000000 0.00000000
vn 0.00000000 -1.00000000 0.00010000
vn 0.78220000 0.00000000 -0.62310000
vn 0.75030000 0.00000000 -0.66100000
vn 0.00000000 -1.00000000 -0.00010000
vn 0.00000000 -1.00000000 0.00000000
vn 0.00000000 -1.00000000 0.00010000
vn 0.78220000 0.00000000 -0.62310000
vn 0.00000000 -1.00000000 -0.00010000
vn 0.80490000 0.00000000 -0.59340000
vn 0.83130000 0.00000000 -0.55590000
vn 0.00000000 -1.00000000 0.00000000
vn 0.80490000 0.00000000 -0.59340000
vn 0.83130000 0.00000000 -0.55590000
vn 0.00000000 -1.00000000 0.00000000
vn 0.85150000 0.00000000 -0.52440000
vn 0.85150000 0.00000000 -0.52440000
vn 0.00000000 -1.00000000 0.00000000
vn 0.84680000 0.00000000 -0.53190000
vn 0.00000000 -1.00000000 0.00000000
vn 0.84680000 0.00000000 -0.53190000
vn 0.82100000 0.00000000 -0.57090000
vn 0.79380000 0.00000000 -0.60820000
vn 0.00000000 -1.00000000 0.00000000
vn 0.82100000 0.00000000 -0.57090000
vn 0.00000000 -1.00000000 0.00000000
vn 0.79380000 0.00000000 -0.60820000
vn 0.76690000 0.00000000 -0.64170000
vn 0.73760000 0.00000000 -0.67520000
vn 0.00000000 -1.00000000 0.00000000
vn 0.76690000 0.00000000 -0.64170000
vn 0.69940000 0.00000000 -0.71470000
vn 0.73760000 0.00000000 -0.67520000
vn 0.00000000 -1.00000000 0.00000000
vn 0.69940000 0.00000000 -0.71470000
vn 0.00000000 -1.00000000 -0.00010000
vn 0.00000000 -1.00000000 0.00010000
vn 0.00000000 -1.00000000 0.00000000
vn 0.65040000 0.00000000 -0.75960000
vn 0.00000000 -1.00000000 0.00010000
vn 0.59230000 0.00000000 -0.80570000
vn 0.00000000 -1.00000000 -0.00010000
vn 0.00000000 -1.00000000 0.00000000
vn 0.65040000 0.00000000 -0.75960000
vn 0.00000000 -1.00000000 0.00000000
vn 0.52060000 0.00000000 -0.85380000
vn 0.59230000 0.00000000 -0.80570000
vn 0.00000000 -1.00000000 0.00010000
vn 0.52060000 0.00000000 -0.85380000
vn 0.44040000 0.00000000 -0.89780000
vn 0.00000000 -1.00000000 -0.00010000
vn 0.00000000 -1.00000000 0.00000000
vn 0.34900000 0.00000000 -0.93710000
vn 0.44040000 0.00000000 -0.89780000
vn 0.00000000 -1.00000000 0.00000000
vn 0.24320000 0.00000000 -0.97000000
vn 0.00000000 -1.00000000 0.00000000
vn 0.34900000 0.00000000 -0.93710000
vn 0.13210000 0.00000000 -0.99120000
vn 0.00000000 -1.00000000 0.00000000
vn 0.24320000 0.00000000 -0.97000000
vn 0.13210000 0.00000000 -0.99120000
vn 0.01920000 0.00000000 -0.99980000
vn 0.00000000 -1.00000000 0.00000000
vn 0.01920000 0.00000000 -0.99980000
vn 0.00000000 -1.00000000 0.00000000
vn -0.08560000 0.00000000 -0.99630000
vn -0.08560000 0.00000000 -0.99630000
vn 0.00000000 -1.00000000 0.00000000
vn -0.18140000 0.00000000 -0.98340000
vn 0.00000000 -1.00000000 0.00000000
vn -0.27310000 0.00000000 -0.96200000
vn -0.18140000 0.00000000 -0.98340000
vn -0.36190000 0.00000000 -0.93220000
vn 0.00000000 -1.00000000 -0.00010000
vn -0.27310000 0.00000000 -0.96200000
vn 0.00000000 -1.00000000 0.00000000
vn 0.00000000 -1.00000000 0.00000000
vn -0.36190000 0.00000000 -0.93220000
vn -0.44370000 0.00000000 -0.89620000
vn 0.00000000 -1.00000000 0.00010000
vn -0.44370000 0.00000000 -0.89620000
vn 0.00000000 -1.00000000 0.00010000
vn -0.52340000 0.00000000 -0.85210000
vn 0.00000000 -1.00000000 -0.00010000
vn 0.00000000 -1.00000000 0.00000000
vn -0.00000000 -1.00000000 -0.00030000
vn -0.59510000 0.00000000 -0.80360000
vn -0.52340000 0.00000000 -0.85210000
vn 0.00000000 -1.00000000 -0.00010000
vn 0.00000000 -1.00000000 0.00000000
vn -0.59510000 0.00000000 -0.80360000
vn 0.00000000 -1.00000000 0.00010000
vn 0.00000000 -1.00000000 0.00000000
vn 0.00000000 -1.00000000 -0.00010000
vn -0.66480000 0.00000000 -0.74700000
vn -0.66480000 0.00000000 -0.74700000
vn 0.00000000 -1.00000000 0.00000000
vn -0.73540000 0.00000000 -0.67770000
vn 0.00000000 -1.00000000 -0.00010000
vn 0.00000000 -1.00000000 -0.00010000
vn -0.73540000 0.00000000 -0.67770000
vn -0.79680000 0.00000000 -0.60430000
vn 0.00000000 -1.00000000 0.00000000
vn 0.00000000 -1.00000000 -0.00010000
vn -0.79680000 0.00000000 -0.60430000
vn -0.85140000 0.00000000 -0.52450000
vn 0.00000000 -1.00000000 0.00000000
vn 0.00000000 -1.00000000 0.00000000
vn -0.90060000 0.00000000 -0.43460000
vn -0.85140000 0.00000000 -0.52450000
vn 0.00000000 -1.00000000 0.00000000
vn -0.94240000 0.00000000 -0.33440000
vn -0.90060000 0.00000000 -0.43460000
vn 0.00000000 -1.00000000 -0.00010000
vn 0.00000000 -1.00000000 0.00000000
vn -0.97240000 0.00000000 -0.23320000
vn -0.94240000 0.00000000 -0.33440000
vn 0.00000000 -1.00000000 0.00010000
vn 0.00000000 -1.00000000 0.00000000
vn -0.99210000 0.00000000 -0.12520000
vn -0.97240000 0.00000000 -0.23320000
vn 0.00000000 -1.00000000 -0.00010000
vn 0.00000000 -1.00000000 -0.00010000
vn 0.00000000 -1.00000000 0.00010000
vn 0.00000000 -1.00000000 0.00000000
vn -0.99980000 0.00000000 -0.01730000
vn -0.99210000 0.00000000 -0.12520000
vn 0.00000000 -1.00000000 0.00000000
vn -0.99470000 0.00000000 0.10270000
vn -0.99980000 0.00000000 -0.01730000
vn 0.00000000 -1.00000000 0.00000000
vn -0.99470000 0.00000000 0.10270000
vn -0.97160000 0.00000000 0.23660000
vn -0.97160000 0.00000000 0.23660000
vn 0.00000000 -1.00000000 0.00010000
vn 0.00000000 -1.00000000 0.00000000
vn -0.93310000 0.00000000 0.35970000
vn -0.88410000 0.00000000 0.46720000
vn 0.00000000 -1.00000000 0.00010000
vn 0.00000000 -1.00000000 0.00000000
vn -0.93310000 0.00000000 0.35970000
vn -0.82720000 0.00030000 0.56200000
vn -0.88410000 0.00000000 0.46720000
vn 0.00000000 -1.00000000 -0.00010000
vn 0.00000000 -1.00000000 0.00000000
vn -0.00000000 -1.00000000 -0.00050000
vn 0.00000000 -1.00000000 0.00010000
vn -0.00000000 -1.00000000 -0.00050000
vn -0.76700000 0.00000000 0.64160000
vn 0.00000000 -1.00000000 -0.00010000
vn -0.82700000 -0.00030000 0.56220000
vn -0.71060000 0.00000000 0.70360000
vn 0.00000000 -1.00000000 -0.00010000
vn 0.00000000 -1.00000000 0.00000000
vn -0.76700000 0.00000000 0.64160000
vn 0.00000000 -1.00000000 0.00010000
vn 0.00000000 -1.00000000 0.00000000
vn -0.65300000 0.00000000 0.75730000
vn -0.71060000 0.00000000 0.70360000
vn -0.60240000 0.00000000 0.79820000
vn 0.00000000 -1.00000000 0.00000000
vn -0.65300000 0.00000000 0.75730000
vn 0.00000000 -1.00000000 0.00010000
vn -0.55880000 0.00000000 0.82930000
vn -0.60240000 0.00000000 0.79820000
vn 0.00000000 -1.00000000 0.00000000
vn 0.00000000 -1.00000000 0.00020000
vn -0.55880000 0.00000000 0.82930000
vn -0.49880000 0.00000000 0.86670000
vn 0.00000000 -1.00000000 0.00000000
vn 0.00000000 -1.00000000 0.00020000
vn 0.00000000 -1.00000000 0.00000000
vn -0.41360000 0.00000000 0.91050000
vn -0.49880000 0.00000000 0.86670000
vn -0.41360000 0.00000000 0.91050000
vn -0.94330000 0.00000000 -0.33180000
vn 0.00000000 -1.00000000 0.00000000
vn 0.00000000 -1.00000000 0.00020000
vn -0.94180000 0.00000000 -0.33620000
vn -0.94330000 0.00000000 -0.33180000
vn 0.00000000 -1.00000000 0.00000000
vn -0.94330000 0.00000000 -0.33180000
vn 0.00000000 -1.00000000 0.00000000
vn -0.94180000 0.00000000 -0.33620000
vn -0.94330000 0.00000000 -0.33180000
vn 0.00000000 -1.00000000 0.00000000
vn 0.00000000 -1.00000000 -0.00010000
vn -0.94330000 0.00000000 -0.33180000
vn 0.35030000 0.00000000 -0.93660000
vn 0.00000000 -1.00000000 -0.00010000
vn 0.00000000 -1.00000000 -0.00010000
vn 0.00000000 -1.00000000 0.00000000
vn 0.35030000 0.00000000 -0.93660000
vn 0.40850000 0.00000000 -0.91270000
vn 0.40850000 0.00000000 -0.91270000
vn 0.46570000 0.00000000 -0.88490000
vn 0.00000000 -1.00000000 0.00000000
vn 0.50510000 0.00000000 -0.86310000
vn 0.46570000 0.00000000 -0.88490000
vn 0.00000000 -1.00000000 0.00000000
vn 0.00000000 -1.00000000 0.00000000
vn 0.55290000 0.00000000 -0.83330000
vn 0.50510000 0.00000000 -0.86310000
vn 0.00000000 -1.00000000 0.00000000
vn 0.55290000 0.00000000 -0.83330000
vn 0.60480000 0.00000000 -0.79640000
vn 0.00000000 -1.00000000 0.00010000
vn 0.00000000 -1.00000000 0.00000000
vn 0.66040000 0.00000000 -0.75090000
vn 0.60480000 0.00000000 -0.79640000
vn 0.00000000 -1.00000000 0.00000000
vn 0.66040000 0.00000000 -0.75090000
vn 0.71910000 0.00000000 -0.69490000
vn 0.71910000 0.00000000 -0.69490000
vn 0.00000000 -1.00000000 0.00000000
vn 0.77910000 0.00000000 -0.62700000
vn 0.82500000 0.00000000 -0.56510000
vn 0.00000000 -1.00000000 -0.00010000
vn 0.00000000 -1.00000000 0.00010000
vn 0.00000000 -1.00000000 0.00000000
vn 0.77910000 0.00000000 -0.62700000
vn 0.82500000 0.00000000 -0.56510000
vn 0.00000000 -1.00000000 0.00010000
vn 0.00000000 -1.00000000 0.00000000
vn 0.85290000 0.00000000 -0.52210000
vn -0.00000000 -1.00000000 -0.00050000
vn 0.88280000 0.00000000 -0.46980000
vn 0.00000000 -1.00000000 0.00000000
vn 0.85290000 0.00000000 -0.52210000
vn 0.00000000 -1.00000000 -0.00010000
vn 0.00000000 -1.00000000 0.00000000
vn 0.88280000 0.00000000 -0.46980000
vn 0.90630000 0.00000000 -0.42260000
vn 0.00000000 -1.00000000 -0.00010000
vn 0.00000000 -1.00000000 0.00000000
vn 0.93040000 0.00000000 -0.36650000
vn 0.90630000 0.00000000 -0.42260000
vn 0.00000000 -1.00000000 0.00000000
vn 0.95030000 0.00000000 -0.31140000
vn 0.93040000 0.00000000 -0.36650000
vn 0.00000000 -1.00000000 0.00000000
vn 0.00000000 -1.00000000 0.00010000
vn 0.96810000 0.00000000 -0.25050000
vn 0.95030000 0.00000000 -0.31140000
vn 0.00000000 -1.00000000 0.00000000
vn 0.96810000 0.00000000 -0.25050000
vn 0.98190000 0.00000000 -0.18950000
vn 0.00000000 -1.00000000 0.00000000
vn 0.99180000 0.00000000 -0.12770000
vn 0.98190000 0.00000000 -0.18950000
vn 0.00000000 -1.00000000 0.00000000
vn 0.99180000 0.00000000 -0.12770000
vn 0.99780000 0.00000000 -0.06650000
vn 0.99990000 0.00000000 -0.01080000
vn 0.99780000 0.00000000 -0.06650000
vn 0.00000000 -1.00000000 0.00000000
vn 0.00000000 -1.00000000 0.00000000
vn 0.99990000 0.00000000 -0.01080000
vn 0.99920000 0.00000000 0.03950000
vn 0.99590000 0.00000000 0.09020000
vn 0.99920000 0.00000000 0.03950000
vn 0.00000000 -1.00000000 0.00000000
vn 0.99590000 0.00000000 0.09020000
vn 0.99010000 0.00000000 0.14050000
vn 0.00000000 -1.00000000 0.00010000
vn 0.00000000 -1.00000000 0.00000000
vn 0.00000000 -1.00000000 -0.00010000
vn 0.99010000 0.00000000 0.14050000
vn 0.00000000 -1.00000000 0.00010000
vn 0.00000000 -1.00000000 0.00000000
vn 0.98190000 0.00000000 0.18950000
vn 0.00000000 -1.00000000 0.00000000
vn 0.97140000 0.00000000 0.23740000
vn 0.98190000 0.00000000 0.18950000
vn 0.95790000 0.00000000 0.28720000
vn 0.97140000 0.00000000 0.23740000
vn 0.00000000 -1.00000000 0.00010000
vn 0.00000000 -1.00000000 0.00000000
vn 0.00000000 -1.00000000 -0.00010000
vn 0.95790000 0.00000000 0.28720000
vn 0.94240000 0.00000000 0.33440000
vn 0.00000000 -1.00000000 0.00010000
vn 0.00000000 -1.00000000 0.00000000
vn 0.92440000 0.00000000 0.38150000
vn 0.94240000 0.00000000 0.33440000
vn 0.00000000 -1.00000000 0.00000000
vn 0.90590000 0.00000000 0.42340000
vn 0.92440000 0.00000000 0.38150000
vn 0.00000000 -1.00000000 0.00000000
vn 0.90590000 0.00000000 0.42340000
vn 0.00000000 -1.00000000 0.00000000
vn 0.88120000 0.00000000 0.47270000
vn 0.85920000 0.00000000 0.51170000
vn 0.88120000 0.00000000 0.47270000
vn 0.00000000 -1.00000000 0.00000000
vn 0.00000000 -1.00000000 0.00000000
vn 0.85920000 0.00000000 0.51170000
vn 0.83480000 0.00000000 0.55060000
vn 0.80800000 0.00000000 0.58920000
vn 0.83480000 0.00000000 0.55060000
vn 0.00000000 -1.00000000 0.00000000
vn 0.00000000 -1.00000000 -0.00010000
vn 0.00000000 -1.00000000 -0.00010000
vn 0.80800000 0.00000000 0.58920000
vn 0.77580000 0.00000000 0.63100000
vn 0.00000000 -1.00000000 0.00000000
vn 0.77580000 0.00000000 0.63100000
vn 0.00000000 -1.00000000 -0.00010000
vn 0.74420000 0.00000000 0.66800000
vn 0.00000000 -1.00000000 0.00000000
vn 0.74420000 0.00000000 0.66800000
vn 0.71350000 0.00000000 0.70070000
vn 0.00000000 -1.00000000 0.00000000
vn 0.67730000 0.00000000 0.73570000
vn 0.00000000 -1.00000000 0.00010000
vn 0.71350000 0.00000000 0.70070000
vn 0.00000000 -1.00000000 0.00000000
vn 0.64210000 0.00000000 0.76660000
vn 0.00000000 -1.00000000 0.00000000
vn 0.00000000 -1.00000000 0.00010000
vn 0.67730000 0.00000000 0.73570000
vn 0.64210000 0.00000000 0.76660000
vn 0.00000000 -1.00000000 -0.00010000
vn 0.00000000 -1.00000000 0.00000000
vn 0.60450000 -0.00020000 0.79660000
vn -0.00000000 -1.00000000 -0.00030000
vn 0.00000000 -1.00000000 0.00000000
vn 0.60500000 0.00020000 0.79630000
vn 0.56810000 0.00000000 0.82290000
vn -0.00000000 -1.00000000 -0.00030000
vn 0.00000000 -1.00000000 -0.00010000
vn 0.56810000 0.00000000 0.82290000
vn 0.00000000 -1.00000000 0.00000000
vn 0.52660000 0.00000000 0.85010000
vn 0.00000000 -1.00000000 -0.00010000
vn 0.48070000 0.00000000 0.87690000
vn 0.00000000 -1.00000000 0.00000000
vn 0.52660000 0.00000000 0.85010000
vn 0.43840000 0.00000000 0.89880000
vn 0.48070000 0.00000000 0.87690000
vn 0.00000000 -1.00000000 0.00000000
vn 0.00000000 -1.00000000 0.00010000
vn 0.00000000 -1.00000000 0.00000000
vn 0.00000000 -1.00000000 -0.00010000
vn 0.39430000 0.00000000 0.91900000
vn 0.43840000 0.00000000 0.89880000
vn 0.35270000 0.00000000 0.93570000
vn 0.00000000 -1.00000000 -0.00010000
vn 0.00000000 -1.00000000 0.00000000
vn 0.39430000 0.00000000 0.91900000
vn 0.30510000 0.00000000 0.95230000
vn 0.35270000 0.00000000 0.93570000
vn 0.00000000 -1.00000000 0.00000000
vn 0.25700000 0.00000000 0.96640000
vn 0.30510000 0.00000000 0.95230000
vn 0.00000000 -1.00000000 0.00000000
vn 0.25700000 0.00000000 0.96640000
vn 0.00000000 -1.00000000 0.00000000
vn 0.21010000 0.00000000 0.97770000
vn 0.21010000 0.00000000 0.97770000
vn 0.00000000 -1.00000000 0.00000000
vn 0.16000000 0.00000000 0.98710000
vn 0.10990000 0.00000000 0.99390000
vn 0.16000000 0.00000000 0.98710000
vn 0.00000000 -1.00000000 0.00000000
vn 0.06060000 0.00000000 0.99820000
vn 0.00000000 -1.00000000 0.00000000
vn 0.10990000 0.00000000 0.99390000
vn 0.00720000 0.00000000 1.00000000
vn 0.00000000 -1.00000000 0.00000000
vn 0.06060000 0.00000000 0.99820000
vn 0.00000000 -1.00000000 0.00000000
vn 0.00720000 0.00000000 1.00000000
vn -0.05140000 0.00000000 0.99870000
vn 0.00000000 -1.00000000 0.00000000
vn -0.10910000 0.00000000 0.99400000
vn -0.05140000 0.00000000 0.99870000
vn -0.16750000 0.00000000 0.98590000
vn 0.00000000 -1.00000000 0.00000000
vn -0.10910000 0.00000000 0.99400000
vn -0.22290000 0.00000000 0.97480000
vn 0.00000000 -1.00000000 0.00000000
vn -0.16750000 0.00000000 0.98590000
vn -0.22290000 0.00000000 0.97480000
vn 0.00000000 -1.00000000 0.00000000
vn -0.27910000 0.00000000 0.96030000
vn 0.00000000 -1.00000000 0.00000000
vn -0.33010000 0.00000000 0.94390000
vn -0.27910000 0.00000000 0.96030000
vn 0.00000000 -1.00000000 0.00000000
vn -0.33010000 0.00000000 0.94390000
vn -0.37840000 0.00000000 0.92560000
vn 0.00000000 -1.00000000 -0.00010000
vn -0.42800000 0.00000000 0.90380000
vn -0.37840000 0.00000000 0.92560000
vn 0.00000000 -1.00000000 0.00000000
vn -0.47050000 0.00000000 0.88240000
vn -0.42800000 0.00000000 0.90380000
vn 0.00000000 -1.00000000 -0.00010000
vn 0.00000000 -1.00000000 0.00010000
vn -0.52770000 0.00000000 0.84940000
vn 0.00000000 -1.00000000 0.00000000
vn -0.47050000 0.00000000 0.88240000
vn 0.00000000 -1.00000000 0.00010000
vn -0.52770000 0.00000000 0.84940000
vn 0.00000000 -1.00000000 0.00000000
vn -0.59720000 0.00000000 0.80210000
vn -0.59720000 0.00000000 0.80210000
vn 0.00000000 -1.00000000 0.00010000
vn -0.65940000 0.00000000 0.75180000
vn 0.00000000 -1.00000000 0.00000000
vn 0.00000000 -1.00000000 -0.00010000
vn -0.65940000 0.00000000 0.75180000
vn 0.00000000 -1.00000000 0.00010000
vn -0.70250000 0.00000000 0.71170000
vn -0.74440000 0.00000000 0.66780000
vn 0.00000000 -1.00000000 0.00000000
vn 0.00000000 -1.00000000 0.00010000
vn -0.70250000 0.00000000 0.71170000
vn -0.77620000 0.00000000 0.63040000
vn -0.74440000 0.00000000 0.66780000
vn 0.00000000 -1.00000000 0.00000000
vn -0.79920000 0.00000000 0.60100000
vn 0.00000000 -1.00000000 0.00000000
vn -0.77620000 0.00000000 0.63040000
vn 0.00000000 -1.00000000 0.00000000
vn -0.83000000 0.00000000 0.55770000
vn -0.79920000 0.00000000 0.60100000
vn -0.83000000 0.00000000 0.55770000
vn -0.85150000 0.00000000 0.52430000
vn 0.00000000 -1.00000000 0.00000000
vn -0.84290000 0.00000000 0.53810000
vn 0.00000000 -1.00000000 0.00000000
vn -0.85150000 0.00000000 0.52430000
vn -0.81810000 0.00000000 0.57500000
vn -0.84290000 0.00000000 0.53810000
vn 0.00000000 -1.00000000 0.00000000
vn -0.81810000 0.00000000 0.57500000
vn -0.79900000 0.00000000 0.60140000
vn 0.00000000 -1.00000000 0.00000000
vn -0.77410000 0.00000000 0.63300000
vn -0.79900000 0.00000000 0.60140000
vn 0.00000000 -1.00000000 0.00010000
vn 0.00000000 -1.00000000 0.00000000
vn -0.77410000 0.00000000 0.63300000
vn -0.74490000 0.00000000 0.66720000
vn 0.00000000 -1.00000000 0.00010000
vn 0.00000000 -1.00000000 -0.00010000
vn -0.74490000 0.00000000 0.66720000
vn 0.00000000 -1.00000000 0.00010000
vn 0.00000000 -1.00000000 -0.00010000
vn -0.71320000 0.00000000 0.70100000
vn 0.00000000 -1.00000000 0.00000000
vn 0.00000000 -1.00000000 -0.00010000
vn -0.67270000 0.00000000 0.73990000
vn -0.71320000 0.00000000 0.70100000
vn 0.00000000 -1.00000000 0.00010000
vn 0.00000000 -1.00000000 0.00000000
vn 0.00000000 -1.00000000 0.00010000
vn 0.00000000 -1.00000000 0.00000000
vn -0.62490000 0.00000000 0.78070000
vn -0.67270000 0.00000000 0.73990000
vn -0.57120000 0.00000000 0.82080000
vn 0.00000000 -1.00000000 0.00000000
vn -0.62490000 0.00000000 0.78070000
vn -0.57120000 0.00000000 0.82080000
vn 0.00000000 -1.00000000 0.00000000
vn 0.00000000 -1.00000000 0.00010000
vn -0.50780000 0.00000000 0.86150000
vn 0.00000000 -1.00000000 0.00010000
vn -0.43070000 0.00000000 0.90250000
vn 0.00000000 -1.00000000 0.00000000
vn -0.50780000 0.00000000 0.86150000
vn 0.00000000 -1.00000000 0.00000000
vn 0.00000000 -1.00000000 0.00010000
vn -0.34220000 0.00000000 0.93960000
vn -0.43070000 0.00000000 0.90250000
vn -0.34220000 0.00000000 0.93960000
vn -0.24300000 0.00000000 0.97000000
vn 0.00000000 -1.00000000 0.00000000
vn 0.00000000 -1.00000000 0.00000000
vn -0.13410000 0.00000000 0.99100000
vn -0.24300000 0.00000000 0.97000000
vn -0.02140000 0.00000000 0.99980000
vn 0.00000000 -1.00000000 0.00000000
vn -0.13410000 0.00000000 0.99100000
vn 0.07590000 0.00000000 0.99710000
vn 0.00000000 -1.00000000 0.00000000
vn -0.02140000 0.00000000 0.99980000
vn 0.00000000 -1.00000000 0.00000000
vn 0.07590000 0.00000000 0.99710000
vn 0.15650000 0.00000000 0.98770000
vn 0.00000000 -1.00000000 0.00000000
vn 0.15650000 0.00000000 0.98770000
vn 0.23780000 0.00000000 0.97130000
vn 0.00000000 -1.00000000 0.00010000
vn 0.23780000 0.00000000 0.97130000
vn 0.31780000 0.00000000 0.94820000
vn 0.00000000 -1.00000000 0.00000000
vn 0.00000000 -1.00000000 -0.00010000
vn 0.31780000 0.00000000 0.94820000
vn 0.39730000 0.00000000 0.91770000
vn 0.00000000 -1.00000000 0.00010000
vn 0.00000000 -1.00000000 0.00000000
vn 0.00000000 -1.00000000 0.00000000
vn 0.47850000 0.00000000 0.87810000
vn 0.39730000 0.00000000 0.91770000
vn 0.00000000 -1.00000000 0.00000000
vn 0.56160000 0.00000000 0.82740000
vn 0.47850000 0.00000000 0.87810000
vn 0.00000000 -1.00000000 0.00000000
vn 0.64240000 0.00000000 0.76640000
vn 0.00000000 -1.00000000 0.00010000
vn 0.56160000 0.00000000 0.82740000
vn 0.00000000 -1.00000000 0.00010000
vn 0.00000000 -1.00000000 -0.00010000
vn 0.64240000 0.00000000 0.76640000
vn 0.00000000 -1.00000000 0.00000000
vn 0.71860000 0.00000000 0.69550000
vn 0.00000000 -1.00000000 -0.00010000
vn 0.00000000 -1.00000000 0.00010000
vn 0.78790000 0.00000000 0.61580000
vn 0.00000000 -1.00000000 0.00000000
vn 0.71860000 0.00000000 0.69550000
vn 0.00000000 -1.00000000 -0.00010000
vn 0.00000000 -1.00000000 0.00010000
vn 0.85160000 0.00000000 0.52420000
vn 0.78790000 0.00000000 0.61580000
vn 0.00000000 -1.00000000 0.00000000
vn 0.85160000 0.00000000 0.52420000
vn 0.00000000 -1.00000000 0.00000000
vn 0.90660000 0.00000000 0.42200000
vn 0.90660000 0.00000000 0.42200000
vn 0.00000000 -1.00000000 0.00000000
vn 0.94840000 0.00000000 0.31710000
vn 0.97700000 0.00000000 0.21320000
vn 0.00000000 -1.00000000 0.00000000
vn 0.94840000 0.00000000 0.31710000
vn 0.00000000 -1.00000000 0.00000000
vn -0.00000000 -1.00000000 -0.00030000
vn 0.97700000 0.00000000 0.21320000
vn 0.00000000 -1.00000000 0.00010000
vn 0.99400000 0.00000000 0.10950000
vn 0.99990000 0.00000000 0.01030000
vn 0.00000000 -1.00000000 0.00010000
vn 0.99400000 0.00000000 0.10950000
vn 0.00000000 -1.00000000 0.00000000
vn -0.66680000 0.50500000 -0.54810000
vn -0.65680000 -0.61030000 -0.44300000
vn -0.71130000 0.69430000 0.10940000
vn -0.71260000 -0.69280000 0.11030000
vn -0.69020000 0.69720000 0.19360000
vn -0.69530000 -0.69490000 0.18380000
vn -0.67190000 0.69540000 0.25500000
vn -0.67160000 -0.69480000 0.25720000
vn -0.64570000 0.69840000 0.30880000
vn -0.64350000 -0.69820000 0.31390000
vn -0.61970000 0.69790000 0.35900000
vn -0.61930000 -0.69790000 0.35990000
vn -0.59410000 0.69970000 0.39690000
vn -0.59310000 -0.69980000 0.39820000
vn -0.56860000 0.70170000 0.42920000
vn -0.56690000 -0.70170000 0.43150000
vn -0.55020000 0.69130000 0.46830000
vn -0.54700000 -0.69030000 0.47350000
vn -0.50830000 0.69940000 0.50250000
vn -0.50680000 -0.69550000 0.50930000
vn -0.46770000 0.69800000 0.54230000
vn -0.46350000 -0.69960000 0.54390000
vn -0.42760000 0.69800000 0.57440000
vn -0.42770000 -0.69940000 0.57270000
vn 0.09230000 0.59960000 0.79500000
vn 0.14890000 -0.53030000 0.83460000
vn 0.17560000 -0.04980000 0.98320000
vn 0.20890000 -0.03650000 0.97730000
vn -0.74040000 -0.05820000 -0.66960000
vn -0.75250000 -0.06960000 -0.65490000
vn -0.98660000 -0.01420000 0.16280000
vn -0.94380000 0.02110000 0.32980000
vn -0.90040000 -0.00160000 0.43500000
vn -0.86460000 0.00150000 0.50250000
vn -0.82930000 0.00120000 0.55870000
vn -0.79560000 -0.00100000 0.60590000
vn -0.75600000 -0.00980000 0.65450000
vn -0.70660000 -0.00260000 0.70760000
vn -0.65140000 0.00200000 0.75870000
vn -0.59880000 0.00030000 0.80090000
vn -0.84790000 0.00000000 -0.53020000
vn 0.53030000 0.00000000 -0.84780000
vn 0.00000000 1.00000000 0.00000000
vn -0.84780000 0.00000000 -0.53020000
vn -0.84780000 0.00000000 -0.53030000
vn 0.00000000 -1.00000000 0.00000000
vn -0.84780000 0.00000000 -0.53020000
vn 0.53070000 0.00000000 -0.84760000
vn 0.00000000 1.00000000 0.00000000
vn -0.84780000 0.00000000 -0.53020000
vn -0.84790000 0.00000000 -0.53020000
vn -0.84790000 0.00000000 -0.53010000
vn -0.84780000 0.00000000 -0.53030000
vn -0.84790000 0.00000000 -0.53020000
vn -0.84780000 0.00000000 -0.53020000
vn -0.84780000 0.00000000 -0.53020000
vn -0.84790000 0.00000000 -0.53020000
vn -0.84790000 0.00000000 -0.53010000
vn -0.84780000 0.00000000 -0.53030000
vn -0.84780000 0.00000000 -0.53020000
vn -0.84790000 0.00000000 -0.53020000
vn -0.84780000 0.00000000 -0.53030000
vn -0.84790000 0.00000000 -0.53020000
vn -0.84780000 0.00000000 -0.53020000
vn 0.00000000 -1.00000000 0.00000000
vn -0.84790000 0.00000000 -0.53020000
vn 0.00000000 1.00000000 0.00000000
vn -0.84790000 0.00000000 -0.53020000
vn -0.84780000 0.00000000 -0.53030000
vn -0.84780000 0.00000000 -0.53030000
vn -0.84790000 0.00000000 -0.53020000
vn -0.84790000 0.00000000 -0.53010000
vn -0.84780000 0.00000000 -0.53020000
vn -0.84790000 0.00000000 -0.53020000
vn -0.84790000 0.00000000 -0.53020000
vn 0.00000000 -1.00000000 0.00000000
vn -0.84790000 0.00000000 -0.53010000
vn 0.00000000 1.00000000 0.00000000
vn -0.84790000 0.00000000 -0.53020000
vn -0.84780000 0.00000000 -0.53020000
vn -0.84780000 0.00000000 -0.53030000
vn -0.84790000 0.00000000 -0.53020000
vn -0.84790000 0.00000000 -0.53020000
vn -0.84780000 0.00000000 -0.53030000
vn -0.84790000 0.00000000 -0.53010000
vn -0.84780000 0.00000000 -0.53030000
vn -0.84790000 0.00000000 -0.53020000
vn -0.84790000 0.00000000 -0.53010000
vn 0.00000000 -1.00000000 0.00000000
vn -0.84790000 0.00000000 -0.53020000
vn 0.00000000 1.00000000 0.00000000
vn -0.84790000 0.00000000 -0.53020000
vn -0.53060000 0.00000000 0.84760000
vn -0.84780000 0.00000000 -0.53020000
vn -0.53030000 0.00000000 0.84780000
vn 0.00000000 -1.00000000 0.00000000
vn -0.84790000 0.00000000 -0.53020000
vn -0.84780000 0.00000000 -0.53030000
vn -0.84790000 0.00000000 -0.53020000
vn 0.53070000 0.00000000 -0.84760000
vn 0.53030000 0.00000000 -0.84780000
vn -0.84780000 0.00000000 -0.53020000
vn -0.84780000 0.00000000 -0.53030000
vn -0.84780000 0.00000000 -0.53030000
vn -0.84790000 0.00000000 -0.53020000
vn 0.53030000 0.00000000 -0.84780000
vn -0.84780000 0.00000000 -0.53030000
vn -0.53060000 0.00000000 0.84760000
vn -0.84780000 0.00000000 -0.53020000
vn -0.84790000 0.00000000 -0.53020000
vn -0.84790000 0.00000000 -0.53020000
vn -0.53060000 0.00000000 0.84760000
vn -0.53030000 0.00000000 0.84780000
vn -0.84780000 0.00000000 -0.53030000
vn 0.81260000 0.55520000 -0.17740000
vn 0.78630000 -0.58780000 -0.19030000
vn 0.40370000 0.71260000 -0.57380000
vn 0.38940000 -0.71270000 -0.58340000
vn 0.42960000 0.70760000 -0.56100000
vn 0.42770000 -0.70760000 -0.56250000
vn 0.44910000 0.70890000 -0.54380000
vn 0.44790000 -0.71140000 -0.54150000
vn 0.47140000 0.71100000 -0.52170000
vn 0.47110000 -0.71090000 -0.52220000
vn 0.49450000 0.71170000 -0.49900000
vn 0.49240000 -0.71260000 -0.49970000
vn 0.51940000 0.71220000 -0.47220000
vn 0.51840000 -0.71120000 -0.47490000
vn 0.54620000 0.71380000 -0.43840000
vn 0.54300000 -0.71410000 -0.44180000
vn 0.57350000 0.71450000 -0.40070000
vn 0.57360000 -0.71510000 -0.39950000
vn 0.60100000 0.71540000 -0.35650000
vn 0.60010000 -0.71460000 -0.35940000
vn 0.62770000 0.71640000 -0.30460000
vn 0.62450000 -0.71680000 -0.31010000
vn 0.66040000 0.70650000 -0.25460000
vn 0.65970000 -0.70580000 -0.25830000
vn 0.66730000 0.71250000 -0.21720000
vn 0.66680000 -0.71310000 -0.21670000
vn 0.67750000 0.71290000 -0.18090000
vn 0.67720000 -0.71260000 -0.18320000
vn 0.68590000 0.71310000 -0.14500000
vn 0.68550000 -0.71330000 -0.14610000
vn 0.69250000 0.71360000 -0.10630000
vn 0.69250000 -0.71360000 -0.10630000
vn 0.69730000 0.71370000 -0.06620000
vn 0.69730000 -0.71370000 -0.06620000
vn 0.70370000 0.71000000 -0.02640000
vn 0.70050000 -0.71290000 -0.03210000
vn 0.70190000 0.71220000 0.00640000
vn 0.70190000 -0.71220000 0.00640000
vn 0.70080000 0.71230000 0.03840000
vn 0.70080000 -0.71230000 0.03820000
vn 0.69820000 0.71240000 0.07090000
vn 0.69820000 -0.71240000 0.07060000
vn 0.69410000 0.71250000 0.10300000
vn 0.69400000 -0.71240000 0.10410000
vn 0.68830000 0.71260000 0.13580000
vn 0.68820000 -0.71250000 0.13690000
vn 0.68080000 0.71240000 0.17020000
vn 0.68110000 -0.71270000 0.16800000
vn 0.67170000 0.71250000 0.20290000
vn 0.67200000 -0.71280000 0.20070000
vn 0.66100000 0.71250000 0.23550000
vn 0.66140000 -0.71280000 0.23330000
vn 0.64860000 0.71250000 0.26770000
vn 0.64900000 -0.71300000 0.26550000
vn 0.63520000 0.71320000 0.29640000
vn 0.63470000 -0.71270000 0.29850000
vn 0.61950000 0.71340000 0.32770000
vn 0.61900000 -0.71280000 0.32980000
vn 0.60170000 0.71280000 0.36040000
vn 0.60220000 -0.71340000 0.35830000
vn 0.58210000 0.71220000 0.39230000
vn 0.58320000 -0.71350000 0.38830000
vn 0.56160000 0.71210000 0.42130000
vn 0.56220000 -0.71290000 0.41930000
vn 0.54070000 0.71360000 0.44540000
vn 0.54070000 -0.71360000 0.44540000
vn 0.51780000 0.71450000 0.47040000
vn 0.51660000 -0.71290000 0.47420000
vn 0.49180000 0.71290000 0.49990000
vn 0.49120000 -0.71200000 0.50170000
vn 0.46500000 0.71200000 0.52610000
vn 0.46560000 -0.71290000 0.52430000
vn 0.43830000 0.71290000 0.54750000
vn 0.43830000 -0.71290000 0.54750000
vn 0.40990000 0.71290000 0.56900000
vn 0.40990000 -0.71290000 0.56900000
vn 0.38050000 0.71290000 0.58910000
vn 0.38050000 -0.71290000 0.58910000
vn 0.35010000 0.71280000 0.60770000
vn 0.35010000 -0.71280000 0.60770000
vn 0.31900000 0.71280000 0.62460000
vn 0.31810000 -0.71070000 0.62740000
vn 0.28650000 0.71060000 0.64260000
vn 0.28730000 -0.71270000 0.63990000
vn 0.25430000 0.71060000 0.65610000
vn 0.25590000 -0.71490000 0.65070000
vn 0.22310000 0.71490000 0.66270000
vn 0.22170000 -0.71050000 0.66780000
vn 0.19010000 0.71480000 0.67300000
vn 0.18950000 -0.71260000 0.67550000
vn 0.15610000 0.71040000 0.68630000
vn 0.15660000 -0.71260000 0.68390000
vn 0.12350000 0.71250000 0.69070000
vn 0.12350000 -0.71250000 0.69070000
vn 0.09110000 0.71680000 0.69130000
vn 0.09080000 -0.71460000 0.69360000
vn 0.05790000 0.71450000 0.69720000
vn 0.05770000 -0.71240000 0.69940000
vn 0.02090000 0.70970000 0.70420000
vn 0.02770000 -0.71510000 0.69850000
vn -0.01880000 0.71430000 0.69960000
vn -0.01880000 -0.71420000 0.69970000
vn -0.06280000 0.71620000 0.69510000
vn -0.06250000 -0.71220000 0.69920000
vn -0.10600000 0.71610000 0.68990000
vn -0.10570000 -0.71410000 0.69200000
vn -0.14760000 0.71390000 0.68450000
vn -0.14760000 -0.71390000 0.68450000
vn -0.18800000 0.71370000 0.67470000
vn -0.18800000 -0.71370000 0.67470000
vn -0.22680000 0.71350000 0.66290000
vn -0.22580000 -0.71350000 0.66330000
vn -0.26300000 0.71280000 0.65020000
vn -0.26260000 -0.71320000 0.64990000
vn -0.29660000 0.71290000 0.63540000
vn -0.29670000 -0.71260000 0.63570000
vn -0.32750000 0.71040000 0.62290000
vn -0.32820000 -0.71260000 0.62000000
vn -0.36960000 0.70400000 0.60650000
vn -0.35150000 -0.71450000 0.60490000
vn -0.40700000 0.71510000 0.56830000
vn -0.40680000 -0.71570000 0.56770000
vn -0.45010000 0.71390000 0.53640000
vn -0.44730000 -0.71610000 0.53580000
vn -0.48510000 0.71220000 0.50750000
vn -0.48450000 -0.71190000 0.50830000
vn -0.51500000 0.71220000 0.47710000
vn -0.51180000 -0.71240000 0.48010000
vn -0.53960000 0.71220000 0.44910000
vn -0.53860000 -0.71120000 0.45170000
vn -0.55860000 0.71060000 0.42770000
vn -0.55830000 -0.71050000 0.42830000
vn -0.57980000 0.70820000 0.40280000
vn -0.57110000 -0.71230000 0.40810000
vn -0.59860000 0.70720000 0.37630000
vn -0.59740000 -0.70640000 0.37960000
vn -0.61440000 0.69640000 0.37090000
vn -0.59400000 -0.70590000 0.38590000
vn -0.59700000 0.70000000 0.39200000
vn -0.59620000 -0.69940000 0.39410000
vn -0.58160000 0.69700000 0.41930000
vn -0.56980000 -0.70180000 0.42760000
vn -0.55590000 0.70190000 0.44540000
vn -0.55570000 -0.70190000 0.44560000
vn -0.53720000 0.70150000 0.46830000
vn -0.53690000 -0.70140000 0.46870000
vn -0.51310000 0.70070000 0.49580000
vn -0.51120000 -0.70170000 0.49640000
vn -0.48290000 0.69880000 0.52770000
vn -0.48300000 -0.69960000 0.52660000
vn -0.44600000 0.69770000 0.56050000
vn -0.44300000 -0.69810000 0.56250000
vn -0.40120000 0.69650000 0.59490000
vn -0.40080000 -0.69660000 0.59510000
vn -0.34790000 0.69650000 0.62760000
vn -0.34520000 -0.69780000 0.62770000
vn -0.28460000 0.69590000 0.65930000
vn -0.28390000 -0.69470000 0.66090000
vn -0.21280000 0.69450000 0.68740000
vn -0.21260000 -0.69430000 0.68750000
vn -0.13520000 0.69430000 0.70680000
vn -0.13440000 -0.69460000 0.70670000
vn -0.05450000 0.69460000 0.71730000
vn -0.05430000 -0.69220000 0.71970000
vn 0.02340000 0.69320000 0.72030000
vn 0.02730000 -0.69310000 0.72030000
vn 0.09610000 0.69350000 0.71400000
vn 0.09660000 -0.69570000 0.71180000
vn 0.16320000 0.69420000 0.70110000
vn 0.16380000 -0.69670000 0.69840000
vn 0.22740000 0.69700000 0.68000000
vn 0.22740000 -0.69700000 0.68000000
vn 0.28770000 0.69720000 0.65660000
vn 0.28770000 -0.69720000 0.65660000
vn 0.34530000 0.69720000 0.62830000
vn 0.34620000 -0.69910000 0.62560000
vn 0.40070000 0.69800000 0.59340000
vn 0.40070000 -0.69800000 0.59340000
vn 0.45260000 0.69670000 0.55660000
vn 0.45200000 -0.69610000 0.55780000
vn 0.50180000 0.69550000 0.51420000
vn 0.50250000 -0.69640000 0.51240000
vn 0.54860000 0.69530000 0.46440000
vn 0.54930000 -0.69640000 0.46180000
vn 0.59170000 0.69500000 0.40850000
vn 0.59240000 -0.69540000 0.40670000
vn 0.63120000 0.69560000 0.34310000
vn 0.63090000 -0.69510000 0.34470000
vn 0.66370000 0.69600000 0.27410000
vn 0.66340000 -0.69540000 0.27640000
vn 0.68920000 0.69530000 0.20360000
vn 0.68950000 -0.69500000 0.20380000
vn 0.70770000 0.69460000 0.12920000
vn 0.70750000 -0.69520000 0.12730000
vn 0.71710000 0.69510000 0.05130000
vn 0.71710000 -0.69510000 0.05140000
vn 0.72580000 0.68730000 -0.02830000
vn 0.71880000 -0.69400000 -0.04040000
vn 0.71220000 0.69120000 -0.12250000
vn 0.71210000 -0.69120000 -0.12300000
vn 0.68990000 0.69140000 -0.21440000
vn 0.68960000 -0.69120000 -0.21610000
vn 0.65710000 0.69220000 -0.29860000
vn 0.65380000 -0.69390000 -0.30190000
vn 0.61730000 0.69300000 -0.37250000
vn 0.61700000 -0.69280000 -0.37330000
vn 0.57450000 0.69430000 -0.43360000
vn 0.57000000 -0.69570000 -0.43720000
vn 0.53130000 0.69570000 -0.48350000
vn 0.53030000 -0.69480000 -0.48590000
vn 0.48980000 0.69700000 -0.52380000
vn 0.48620000 -0.69880000 -0.52470000
vn 0.45100000 0.69810000 -0.55610000
vn 0.45050000 -0.69810000 -0.55640000
vn 0.41600000 0.70040000 -0.57990000
vn 0.41500000 -0.69920000 -0.58220000
vn 0.38320000 0.69090000 -0.61310000
vn 0.36690000 -0.69940000 -0.61330000
vn 0.32880000 0.69260000 -0.64210000
vn 0.32810000 -0.69400000 -0.64090000
vn -0.20540000 0.61110000 -0.76450000
vn -0.30370000 -0.50310000 -0.80910000
vn 0.97720000 0.02160000 -0.21140000
vn 0.97640000 0.02100000 -0.21480000
vn -0.35040000 -0.07610000 -0.93350000
vn -0.35040000 -0.07580000 -0.93350000
vn -0.33380000 0.00000000 0.94260000
vn 0.00000000 1.00000000 0.00000000
vn 0.94260000 -0.00000000 0.33380000
vn 0.00000000 -1.00000000 0.00000000
vn -0.33380000 0.00000000 0.94270000
vn 0.94260000 -0.00000000 0.33380000
vn 0.94270000 0.00000000 0.33370000
vn 0.00000000 1.00000000 0.00000000
vn 0.94260000 -0.00000000 0.33380000
vn 0.94260000 -0.00000000 0.33380000
vn 0.94270000 0.00000000 0.33370000
vn 0.94270000 0.00000000 0.33380000
vn 0.94260000 -0.00000000 0.33380000
vn 0.94270000 0.00000000 0.33370000
vn 0.94270000 0.00000000 0.33380000
vn 0.94260000 -0.00000000 0.33380000
vn 0.94270000 0.00000000 0.33370000
vn 0.94260000 -0.00000000 0.33380000
vn 0.00000000 -1.00000000 0.00000000
vn 0.94270000 0.00000000 0.33380000
vn 0.00000000 1.00000000 0.00000000
vn 0.94260000 -0.00000000 0.33380000
vn 0.94270000 0.00000000 0.33370000
vn 0.94270000 0.00000000 0.33380000
vn 0.94260000 -0.00000000 0.33380000
vn 0.94260000 -0.00000000 0.33380000
vn 0.94270000 0.00000000 0.33370000
vn 0.94270000 0.00000000 0.33380000
vn 0.94270000 0.00000000 0.33370000
vn 0.94260000 -0.00000000 0.33380000
vn 0.94270000 0.00000000 0.33380000
vn 0.00000000 -1.00000000 0.00000000
vn 0.00000000 -1.00000000 0.00490000
vn 0.94260000 -0.00000000 0.33380000
vn 0.94270000 0.00000000 0.33380000
vn 0.94260000 -0.00000000 0.33380000
vn 0.94270000 0.00000000 0.33370000
vn 0.00000000 1.00000000 0.00000000
vn 0.94270000 0.00000000 0.33370000
vn 0.94270000 0.00000000 0.33380000
vn 0.94260000 -0.00000000 0.33380000
vn 0.94270000 0.00000000 0.33370000
vn 0.94270000 0.00000000 0.33380000
vn 0.94260000 -0.00000000 0.33380000
vn 0.94270000 0.00000000 0.33380000
vn 0.94270000 0.00000000 0.33370000
vn 0.94260000 -0.00000000 0.33380000
vn 0.00000000 -1.00000000 -0.00490000
vn 0.00000000 -1.00000000 0.00490000
vn 0.94270000 0.00000000 0.33380000
vn 0.94270000 0.00000000 0.33370000
vn 0.33380000 0.00000000 -0.94260000
vn 0.00000000 1.00000000 0.00000000
vn 0.94270000 0.00000000 0.33380000
vn 0.94270000 0.00000000 0.33370000
vn 0.00000000 -1.00000000 -0.00490000
vn 0.33380000 0.00000000 -0.94260000
vn -0.33380000 0.00000000 0.94260000
vn 0.94260000 -0.00000000 0.33380000
vn -0.33380000 0.00000000 0.94270000
vn 0.94260000 -0.00000000 0.33380000
vn -0.33380000 0.00000000 0.94260000
vn 0.94270000 0.00000000 0.33380000
vn 0.33380000 0.00000000 -0.94260000
vn 0.94270000 0.00000000 0.33370000
vn 0.94270000 0.00000000 0.33370000
vn 0.33380000 0.00000000 -0.94260000
vn 0.94260000 -0.00000000 0.33380000
vn -0.75470000 0.55510000 0.34960000
vn -0.72610000 -0.58780000 0.35670000
vn -0.27510000 0.71270000 0.64530000
vn -0.25420000 -0.71280000 0.65370000
vn -0.31040000 0.70860000 0.63370000
vn -0.30660000 -0.70670000 0.63760000
vn -0.34040000 0.71140000 0.61490000
vn -0.33750000 -0.71270000 0.61500000
vn -0.37270000 0.71340000 0.59340000
vn -0.37150000 -0.71210000 0.59570000
vn -0.40740000 0.71420000 0.56910000
vn -0.40280000 -0.71320000 0.57360000
vn -0.44420000 0.71380000 0.54140000
vn -0.44280000 -0.71260000 0.54410000
vn -0.48370000 0.71500000 0.50480000
vn -0.48310000 -0.71480000 0.50570000
vn -0.52480000 0.71600000 0.46030000
vn -0.52130000 -0.71750000 0.46200000
vn -0.57230000 0.70670000 0.41600000
vn -0.56980000 -0.70600000 0.42060000
vn -0.58890000 0.71270000 0.38100000
vn -0.58820000 -0.71310000 0.38140000
vn -0.60840000 0.71310000 0.34830000
vn -0.60710000 -0.71230000 0.35220000
vn -0.62710000 0.71320000 0.31330000
vn -0.62650000 -0.71270000 0.31550000
vn -0.64360000 0.71380000 0.27600000
vn -0.64360000 -0.71380000 0.27600000
vn -0.65890000 0.71400000 0.23690000
vn -0.65890000 -0.71400000 0.23690000
vn -0.67200000 0.71410000 0.19610000
vn -0.67200000 -0.71410000 0.19610000
vn -0.68280000 0.71420000 0.15410000
vn -0.68280000 -0.71420000 0.15410000
vn -0.69100000 0.71420000 0.11120000
vn -0.69110000 -0.71420000 0.11080000
vn -0.69670000 0.71410000 0.06810000
vn -0.69670000 -0.71420000 0.06760000
vn -0.70250000 0.71120000 0.02600000
vn -0.70260000 -0.71100000 0.02720000
vn -0.70130000 0.71280000 -0.01010000
vn -0.70120000 -0.71280000 -0.01010000
vn -0.69980000 0.71290000 -0.04560000
vn -0.69980000 -0.71290000 -0.04590000
vn -0.69670000 0.71280000 -0.08140000
vn -0.69660000 -0.71280000 -0.08170000
vn -0.69170000 0.71280000 -0.11630000
vn -0.69170000 -0.71280000 -0.11630000
vn -0.68510000 0.71280000 -0.15040000
vn -0.68510000 -0.71280000 -0.15040000
vn -0.67670000 0.71280000 -0.18430000
vn -0.67670000 -0.71280000 -0.18430000
vn -0.66670000 0.71270000 -0.21790000
vn -0.66670000 -0.71270000 -0.21790000
vn -0.65520000 0.71270000 -0.25060000
vn -0.65520000 -0.71270000 -0.25060000
vn -0.64290000 0.71270000 -0.28070000
vn -0.64210000 -0.71270000 -0.28240000
vn -0.62790000 0.71320000 -0.31160000
vn -0.62750000 -0.71270000 -0.31360000
vn -0.61150000 0.71260000 -0.34390000
vn -0.61200000 -0.71310000 -0.34190000
vn -0.59370000 0.71200000 -0.37500000
vn -0.59420000 -0.71260000 -0.37300000
vn -0.57550000 0.71250000 -0.40130000
vn -0.57500000 -0.71190000 -0.40320000
vn -0.55610000 0.71330000 -0.42670000
vn -0.55550000 -0.71260000 -0.42850000
vn -0.53380000 0.71180000 -0.45650000
vn -0.53480000 -0.71330000 -0.45300000
vn -0.51140000 0.71180000 -0.48160000
vn -0.51250000 -0.71330000 -0.47810000
vn -0.48830000 0.71250000 -0.50380000
vn -0.48830000 -0.71250000 -0.50380000
vn -0.46370000 0.71250000 -0.52660000
vn -0.46370000 -0.71250000 -0.52660000
vn -0.43790000 0.71250000 -0.54820000
vn -0.43740000 -0.71170000 -0.54980000
vn -0.41110000 0.71260000 -0.56860000
vn -0.41060000 -0.71170000 -0.57010000
vn -0.38320000 0.71260000 -0.58770000
vn -0.38320000 -0.71260000 -0.58770000
vn -0.35440000 0.71260000 -0.60550000
vn -0.35440000 -0.71260000 -0.60550000
vn -0.32470000 0.71260000 -0.62190000
vn -0.32470000 -0.71260000 -0.62190000
vn -0.29400000 0.71270000 -0.63690000
vn -0.29400000 -0.71270000 -0.63690000
vn -0.26330000 0.71470000 -0.64800000
vn -0.26250000 -0.71270000 -0.65050000
vn -0.23020000 0.71270000 -0.66260000
vn -0.23090000 -0.71480000 -0.66020000
vn -0.19670000 0.71060000 -0.67560000
vn -0.19730000 -0.71270000 -0.67320000
vn -0.16370000 0.71280000 -0.68200000
vn -0.16370000 -0.71270000 -0.68210000
vn -0.13000000 0.71480000 -0.68710000
vn -0.13000000 -0.71480000 -0.68710000
vn -0.09540000 0.71480000 -0.69270000
vn -0.09540000 -0.71480000 -0.69280000
vn -0.06030000 0.71280000 -0.69880000
vn -0.06040000 -0.71490000 -0.69660000
vn -0.02320000 0.71150000 -0.70230000
vn -0.02390000 -0.70950000 -0.70430000
vn 0.01540000 0.71370000 -0.70020000
vn 0.01540000 -0.71380000 -0.70020000
vn 0.05620000 0.71370000 -0.69820000
vn 0.05640000 -0.71570000 -0.69610000
vn 0.09670000 0.71370000 -0.69370000
vn 0.09670000 -0.71370000 -0.69370000
vn 0.13660000 0.71360000 -0.68710000
vn 0.13660000 -0.71360000 -0.68710000
vn 0.17540000 0.71350000 -0.67840000
vn 0.17540000 -0.71350000 -0.67840000
vn 0.21310000 0.71300000 -0.66800000
vn 0.21280000 -0.71330000 -0.66770000
vn 0.24870000 0.71310000 -0.65540000
vn 0.24870000 -0.71310000 -0.65540000
vn 0.28250000 0.71290000 -0.64190000
vn 0.28340000 -0.71500000 -0.63920000
vn 0.31560000 0.71430000 -0.62460000
vn 0.31460000 -0.71220000 -0.62750000
vn 0.35850000 0.70770000 -0.60880000
vn 0.35340000 -0.70340000 -0.61670000
vn 0.39590000 0.71630000 -0.57460000
vn 0.39260000 -0.71760000 -0.57530000
vn 0.44090000 0.71530000 -0.54230000
vn 0.43970000 -0.71410000 -0.54470000
vn 0.47790000 0.71330000 -0.51260000
vn 0.47500000 -0.71450000 -0.51370000
vn 0.50890000 0.71250000 -0.48310000
vn 0.50900000 -0.71320000 -0.48200000
vn 0.53500000 0.71250000 -0.45410000
vn 0.53140000 -0.71180000 -0.45930000
vn 0.55580000 0.71160000 -0.42990000
vn 0.55420000 -0.70980000 -0.43480000
vn 0.57820000 0.70900000 -0.40370000
vn 0.56820000 -0.71250000 -0.41180000
vn 0.59720000 0.70920000 -0.37470000
vn 0.59460000 -0.70680000 -0.38340000
vn 0.19910000 0.58390000 -0.78700000
vn 0.19030000 -0.56670000 -0.80160000
vn -0.90760000 0.02140000 0.41920000
vn -0.90610000 0.02060000 0.42250000
vn 0.23100000 0.01160000 -0.97290000
vn 0.81760000 0.54770000 0.17790000
vn 0.79370000 -0.59180000 0.14090000
vn 0.59590000 0.70220000 -0.38960000
vn 0.58650000 -0.70220000 -0.40350000
vn 0.57440000 0.70330000 -0.41890000
vn 0.57440000 -0.70330000 -0.41890000
vn 0.55890000 0.70230000 -0.44090000
vn 0.55920000 -0.70190000 -0.44110000
vn 0.54230000 0.70250000 -0.46100000
vn 0.54110000 -0.70230000 -0.46260000
vn 0.52090000 0.70090000 -0.48730000
vn 0.52070000 -0.70090000 -0.48750000
vn 0.49540000 0.70040000 -0.51380000
vn 0.49390000 -0.70100000 -0.51440000
vn 0.46580000 0.70020000 -0.54100000
vn 0.46510000 -0.69940000 -0.54270000
vn 0.42940000 0.69840000 -0.57260000
vn 0.42750000 -0.69940000 -0.57280000
vn 0.38660000 0.69740000 -0.60340000
vn 0.38630000 -0.69730000 -0.60370000
vn 0.33670000 0.69750000 -0.63250000
vn 0.33460000 -0.69860000 -0.63250000
vn 0.27790000 0.69670000 -0.66140000
vn 0.27710000 -0.69550000 -0.66300000
vn 0.21010000 0.69360000 -0.68910000
vn 0.20830000 -0.69450000 -0.68870000
vn 0.13590000 0.69300000 -0.70800000
vn 0.13600000 -0.69430000 -0.70670000
vn 0.05650000 0.69410000 -0.71770000
vn 0.05580000 -0.69450000 -0.71730000
vn -0.01730000 0.68690000 -0.72650000
vn -0.01990000 -0.68670000 -0.72670000
vn -0.08280000 0.69670000 -0.71250000
vn -0.08330000 -0.69670000 -0.71250000
vn -0.14070000 0.69810000 -0.70200000
vn -0.14080000 -0.69770000 -0.70250000
vn -0.19800000 0.69750000 -0.68870000
vn -0.19800000 -0.69780000 -0.68830000
vn -0.25610000 0.69690000 -0.66990000
vn -0.25670000 -0.69820000 -0.66830000
vn -0.31480000 0.69640000 -0.64500000
vn -0.31550000 -0.69710000 -0.64390000
vn -0.37370000 0.69570000 -0.61340000
vn -0.37390000 -0.69570000 -0.61330000
vn -0.43170000 0.69420000 -0.57600000
vn -0.43280000 -0.69600000 -0.57290000
vn -0.48870000 0.69380000 -0.52890000
vn -0.48960000 -0.69460000 -0.52710000
vn -0.54330000 0.69440000 -0.47180000
vn -0.54420000 -0.69580000 -0.46870000
vn -0.59300000 0.69470000 -0.40710000
vn -0.59180000 -0.69360000 -0.41070000
vn -0.63510000 0.69470000 -0.33760000
vn -0.63380000 -0.69400000 -0.34140000
vn -0.66840000 0.69420000 -0.26710000
vn -0.66810000 -0.69450000 -0.26690000
vn -0.69330000 0.69500000 -0.19050000
vn -0.69330000 -0.69500000 -0.19050000
vn -0.70930000 0.69570000 -0.11380000
vn -0.70930000 -0.69560000 -0.11430000
vn -0.71680000 0.69600000 -0.04200000
vn -0.71660000 -0.69620000 -0.04280000
vn -0.60780000 0.60240000 0.51730000
vn -0.60870000 -0.52360000 0.59610000
vn -0.71330000 -0.05530000 0.69860000
vn -0.71330000 -0.05500000 0.69870000
vn 0.97130000 -0.02400000 0.23660000
vn 0.99520000 0.00000000 -0.09780000
vn 0.99990000 0.00000000 0.01030000
vn 0.00000000 -1.00000000 -0.00010000
vn 0.00010000 -1.00000000 -0.00030000
vn 0.00000000 -1.00000000 0.00000000
vn 0.00000000 -1.00000000 0.00010000
vn 0.00000000 -1.00000000 -0.00010000
vn 0.00000000 -1.00000000 0.00000000
vn 0.99520000 0.00000000 -0.09780000
vn 0.97700000 0.00000000 -0.21300000
vn 0.00000000 -1.00000000 0.00000000
vn 0.97700000 0.00000000 -0.21300000
vn 0.95030000 0.00000000 -0.31130000
vn 0.00000000 -1.00000000 -0.00010000
vn 0.00000000 -1.00000000 0.00000000
vn 0.91670000 0.00000000 -0.39950000
vn 0.95030000 0.00000000 -0.31130000
vn 0.91670000 0.00000000 -0.39950000
vn 0.88190000 -0.00020000 -0.47150000
vn 0.00020000 -1.00000000 -0.00030000
vn 0.00000000 -1.00000000 0.00000000
vn -0.00020000 -1.00000000 0.00030000
vn 0.00000000 -1.00000000 0.00000000
vn 0.88190000 -0.00020000 -0.47150000
vn 0.84710000 0.00000000 -0.53150000
vn 0.00000000 -1.00000000 0.00010000
vn 0.00000000 -1.00000000 0.00000000
vn 0.84710000 0.00000000 -0.53150000
vn 0.81000000 0.00000000 -0.58640000
vn 0.00000000 -1.00000000 0.00010000
vn 0.77770000 0.00000000 -0.62860000
vn 0.00000000 -1.00000000 0.00000000
vn 0.81000000 0.00000000 -0.58640000
vn 0.00000000 -1.00000000 -0.00010000
vn 0.77770000 0.00000000 -0.62860000
vn 0.00000000 -1.00000000 0.00000000
vn 0.00000000 -1.00000000 0.00010000
vn 0.73550000 0.00000000 -0.67750000
vn 0.00000000 -1.00000000 0.00010000
vn 0.00000000 -1.00000000 0.00000000
vn 0.73550000 0.00000000 -0.67750000
vn 0.67520000 0.00000000 -0.73760000
vn 0.62740000 0.00000000 -0.77870000
vn 0.00000000 -1.00000000 0.00010000
vn 0.67520000 0.00000000 -0.73760000
vn 0.00000000 -1.00000000 0.00000000
vn 0.00000000 -1.00000000 0.00000000
vn 0.62740000 0.00000000 -0.77870000
vn 0.56960000 0.00000000 -0.82190000
vn 0.56960000 0.00000000 -0.82190000
vn 0.84740000 0.00000000 0.53100000
vn 0.00000000 -1.00000000 0.00000000
vn 0.84740000 0.00000000 0.53100000
vn 0.00000000 -1.00000000 0.00010000
vn 0.00000000 -1.00000000 0.00000000
vn 0.00000000 -1.00000000 -0.00010000
vn 0.00000000 -1.00000000 0.00000000
vn 0.84740000 0.00000000 0.53100000
vn 0.84950000 0.00000000 0.52750000
vn 0.00000000 -1.00000000 0.00020000
vn 0.00000000 -1.00000000 0.00000000
vn 0.84950000 0.00000000 0.52750000
vn 0.84740000 0.00000000 0.53100000
vn 0.84740000 0.00000000 0.53100000
vn 0.00000000 -1.00000000 0.00000000
vn -0.54410000 0.00000000 0.83900000
vn -0.54410000 0.00000000 0.83900000
vn 0.00000000 -1.00000000 0.00000000
vn -0.58720000 0.00000000 0.80940000
vn 0.00000000 -1.00000000 0.00000000
vn -0.62540000 0.00000000 0.78030000
vn -0.58720000 0.00000000 0.80940000
vn 0.00000000 -1.00000000 0.00000000
vn 0.00000000 -1.00000000 0.00020000
vn -0.65320000 0.00000000 0.75720000
vn -0.62540000 0.00000000 0.78030000
vn -0.65320000 0.00000000 0.75720000
vn 0.00000000 -1.00000000 0.00020000
vn -0.68570000 0.00000000 0.72790000
vn 0.00000000 -1.00000000 -0.00010000
vn 0.00000000 -1.00000000 0.00000000
vn 0.00000000 -1.00000000 -0.00010000
vn 0.00000000 -1.00000000 0.00000000
vn -0.71840000 0.00000000 0.69560000
vn -0.68570000 0.00000000 0.72790000
vn 0.00000000 -1.00000000 0.00010000
vn 0.00000000 -1.00000000 0.00000000
vn -0.75910000 0.00000000 0.65100000
vn -0.71840000 0.00000000 0.69560000
vn 0.00000000 -1.00000000 0.00000000
vn 0.00000000 -1.00000000 0.00010000
vn -0.79590000 0.00000000 0.60540000
vn -0.75910000 0.00000000 0.65100000
vn 0.00000000 -1.00000000 -0.00010000
vn 0.00000000 -1.00000000 0.00000000
vn -0.79590000 0.00000000 0.60540000
vn -0.83570000 0.00000000 0.54910000
vn 0.00000000 -1.00000000 -0.00010000
vn 0.00000000 -1.00000000 0.00010000
vn -0.83570000 0.00000000 0.54910000
vn -0.87700000 0.00000000 0.48040000
vn 0.00000000 -1.00000000 0.00000000
vn -0.91630000 0.00000000 0.40040000
vn 0.00020000 -1.00000000 0.00020000
vn 0.00000000 -1.00000000 0.00000000
vn -0.87700000 0.00000000 0.48040000
vn 0.00000000 -1.00000000 0.00000000
vn -0.94300000 0.00000000 0.33280000
vn -0.91630000 0.00000000 0.40040000
vn 0.00000000 -1.00000000 0.00000000
vn -0.95860000 0.00000000 0.28470000
vn -0.94300000 0.00000000 0.33280000
vn 0.00000000 -1.00000000 0.00000000
vn -0.97210000 0.00000000 0.23460000
vn 0.00000000 -1.00000000 -0.00010000
vn -0.95860000 0.00000000 0.28470000
vn 0.00000000 -1.00000000 0.00000000
vn -0.98370000 0.00000000 0.17980000
vn 0.00000000 -1.00000000 -0.00010000
vn -0.97210000 0.00000000 0.23460000
vn 0.00000000 -1.00000000 0.00000000
vn -0.99230000 0.00000000 0.12350000
vn -0.98370000 0.00000000 0.17980000
vn -0.99780000 0.00000000 0.06550000
vn 0.00000000 -1.00000000 0.00000000
vn -0.99230000 0.00000000 0.12350000
vn 0.00000000 -1.00000000 0.00000000
vn 0.00000000 -1.00000000 -0.00010000
vn 0.00000000 -1.00000000 0.00010000
vn -0.99780000 0.00000000 0.06550000
vn -0.99990000 0.00000000 0.01370000
vn -0.99950000 0.00000000 -0.03160000
vn 0.00000000 -1.00000000 0.00010000
vn -0.99990000 0.00000000 0.01370000
vn -0.00030000 -1.00000000 -0.00000000
vn 0.00000000 -1.00000000 0.00000000
vn -0.99950000 0.00000000 -0.03160000
vn 0.00030000 -1.00000000 0.00010000
vn 0.00000000 -1.00000000 0.00010000
vn -0.99700000 0.00000000 -0.07780000
vn -0.99230000 0.00000000 -0.12420000
vn -0.99700000 0.00000000 -0.07780000
vn 0.00000000 -1.00000000 0.00010000
vn 0.00000000 -1.00000000 0.00000000
vn -0.98530000 0.00000000 -0.17090000
vn -0.99230000 0.00000000 -0.12420000
vn 0.00000000 -1.00000000 0.00000000
vn 0.00000000 -1.00000000 -0.00010000
vn -0.98530000 0.00000000 -0.17090000
vn -0.97610000 -0.00010000 -0.21750000
vn 0.00000000 -1.00000000 -0.00010000
vn 0.00030000 -1.00000000 0.00030000
vn 0.00000000 -1.00000000 0.00000000
vn -0.96450000 0.00000000 -0.26420000
vn -0.00030000 -1.00000000 -0.00000000
vn -0.97610000 -0.00010000 -0.21750000
vn 0.00000000 -1.00000000 -0.00010000
vn 0.00000000 -1.00000000 0.00000000
vn -0.96450000 0.00000000 -0.26420000
vn -0.95100000 0.00000000 -0.30910000
vn -0.93400000 0.00000000 -0.35730000
vn 0.00000000 -1.00000000 0.00000000
vn -0.95100000 0.00000000 -0.30910000
vn 0.00000000 -1.00000000 0.00000000
vn -0.93400000 0.00000000 -0.35730000
vn -0.91520000 0.00000000 -0.40300000
vn 0.00000000 -1.00000000 0.00000000
vn -0.89370000 0.00000000 -0.44860000
vn -0.91520000 0.00000000 -0.40300000
vn -0.86790000 0.00000000 -0.49680000
vn 0.00000000 -1.00000000 0.00000000
vn -0.89370000 0.00000000 -0.44860000
vn 0.00000000 -1.00000000 0.00000000
vn -0.84210000 0.00000000 -0.53930000
vn -0.86790000 0.00000000 -0.49680000
vn -0.81680000 0.00000000 -0.57690000
vn 0.00000000 -1.00000000 0.00000000
vn -0.84210000 0.00000000 -0.53930000
vn 0.00000000 -1.00000000 0.00000000
vn -0.78580000 0.00000000 -0.61850000
vn 0.00000000 -1.00000000 0.00010000
vn -0.81680000 0.00000000 -0.57690000
vn -0.78580000 0.00000000 -0.61850000
vn 0.00000000 -1.00000000 0.00000000
vn -0.75550000 0.00000000 -0.65510000
vn 0.00000000 -1.00000000 0.00010000
vn 0.00000000 -1.00000000 0.00000000
vn 0.00000000 -1.00000000 -0.00010000
vn -0.75550000 0.00000000 -0.65510000
vn -0.71940000 0.00000000 -0.69460000
vn -0.68420000 0.00000000 -0.72930000
vn -0.71940000 0.00000000 -0.69460000
vn 0.00000000 -1.00000000 0.00000000
vn -0.64340000 0.00000000 -0.76550000
vn -0.68420000 0.00000000 -0.72930000
vn 0.00000000 -1.00000000 0.00000000
vn 0.00000000 -1.00000000 0.00000000
vn -0.64340000 0.00000000 -0.76550000
vn -0.60390000 0.00000000 -0.79710000
vn -0.60390000 0.00000000 -0.79710000
vn 0.00000000 -1.00000000 0.00000000
vn -0.56250000 0.00000000 -0.82680000
vn -0.56250000 0.00000000 -0.82680000
vn 0.00000000 -1.00000000 0.00000000
vn -0.51920000 -0.00080000 -0.85470000
vn 0.00000000 -1.00000000 0.00000000
vn -0.51920000 -0.00080000 -0.85470000
vn -0.47730000 0.00170000 -0.87870000
vn 0.00000000 -1.00000000 0.00000000
vn -0.47730000 0.00170000 -0.87870000
vn -0.43110000 0.00000000 -0.90230000
vn -0.43110000 0.00000000 -0.90230000
vn -0.38650000 0.00000000 -0.92230000
vn 0.00000000 -1.00000000 0.00000000
vn 0.00000000 -1.00000000 0.00000000
vn 0.00000000 -1.00000000 0.00010000
vn -0.34060000 0.00000000 -0.94020000
vn -0.38650000 0.00000000 -0.92230000
vn -0.29380000 -0.00040000 -0.95590000
vn 0.00000000 -1.00000000 0.00010000
vn 0.00000000 -1.00000000 0.00000000
vn -0.34060000 0.00000000 -0.94020000
vn -0.29380000 -0.00040000 -0.95590000
vn -0.24680000 0.00000000 -0.96910000
vn 0.00000000 -1.00000000 0.00000000
vn -0.19940000 0.00000000 -0.97990000
vn -0.24680000 0.00000000 -0.96910000
vn 0.00000000 -1.00000000 0.00000000
vn -0.15370000 0.00000000 -0.98810000
vn -0.19940000 0.00000000 -0.97990000
vn 0.00000000 -1.00000000 0.00000000
vn -0.10610000 0.00000000 -0.99440000
vn -0.15370000 0.00000000 -0.98810000
vn 0.00000000 -1.00000000 0.00000000
vn 0.00000000 -1.00000000 0.00000000
vn -0.10610000 0.00000000 -0.99440000
vn -0.05910000 0.00000000 -0.99830000
vn -0.00470000 0.00000000 -1.00000000
vn -0.05910000 0.00000000 -0.99830000
vn 0.00000000 -1.00000000 0.00000000
vn 0.05830000 0.00000000 -0.99830000
vn -0.00470000 0.00000000 -1.00000000
vn 0.00000000 -1.00000000 0.00000000
vn 0.12120000 0.00000000 -0.99260000
vn 0.05830000 0.00000000 -0.99830000
vn 0.00000000 -1.00000000 0.00000000
vn 0.00000000 -1.00000000 0.00000000
vn 0.12120000 0.00000000 -0.99260000
vn 0.18130000 0.00000000 -0.98340000
vn 0.00000000 -1.00000000 0.00000000
vn 0.18130000 0.00000000 -0.98340000
vn 0.24160000 0.00000000 -0.97040000
vn 0.24160000 0.00000000 -0.97040000
vn 0.00000000 -1.00000000 0.00000000
vn 0.29660000 0.00000000 -0.95500000
vn 0.00000000 -1.00000000 0.00000000
vn 0.29660000 0.00000000 -0.95500000
vn 0.34810000 0.00000000 -0.93740000
vn 0.00000000 -1.00000000 0.00000000
vn 0.34810000 0.00000000 -0.93740000
vn 0.40040000 0.00000000 -0.91630000
vn 0.00000000 -1.00000000 0.00000000
vn 0.44970000 0.00000000 -0.89320000
vn 0.40040000 0.00000000 -0.91630000
vn 0.00000000 -1.00000000 0.00000000
vn 0.44970000 0.00000000 -0.89320000
vn 0.49090000 0.00000000 -0.87120000
vn 0.49090000 0.00000000 -0.87120000
vn 0.55110000 0.00000000 -0.83440000
vn 0.00000000 -1.00000000 0.00000000
vn 0.55110000 0.00000000 -0.83440000
vn 0.61290000 0.00000000 -0.79020000
vn 0.00000000 -1.00000000 0.00000000
vn 0.66600000 0.00000000 -0.74590000
vn 0.00000000 -1.00000000 0.00000000
vn 0.00030000 -1.00000000 -0.00000000
vn 0.61290000 0.00000000 -0.79020000
vn 0.71580000 0.00000000 -0.69830000
vn 0.00000000 -1.00000000 0.00000000
vn 0.66600000 0.00000000 -0.74590000
vn 0.75130000 0.00000000 -0.66000000
vn 0.00000000 -1.00000000 0.00000000
vn 0.71580000 0.00000000 -0.69830000
vn 0.75130000 0.00000000 -0.66000000
vn 0.78340000 0.00000000 -0.62150000
vn 0.00000000 -1.00000000 0.00010000
vn 0.00000000 -1.00000000 0.00000000
vn 0.00000000 -1.00000000 0.00000000
vn 0.00000000 -1.00000000 0.00010000
vn 0.80640000 0.00000000 -0.59130000
vn 0.78340000 0.00000000 -0.62150000
vn 0.83330000 0.00000000 -0.55280000
vn 0.80640000 0.00000000 -0.59130000
vn 0.00000000 -1.00000000 0.00000000
vn 0.00000000 -1.00000000 0.00000000
vn 0.85480000 0.00000000 -0.51890000
vn 0.83330000 0.00000000 -0.55280000
vn 0.00000000 -1.00000000 0.00000000
vn 0.84700000 0.00000000 -0.53170000
vn 0.85480000 0.00000000 -0.51890000
vn 0.84700000 0.00000000 -0.53170000
vn 0.82120000 0.00000000 -0.57070000
vn 0.00000000 -1.00000000 0.00000000
vn 0.79160000 0.00000000 -0.61100000
vn 0.82120000 0.00000000 -0.57070000
vn 0.00000000 -1.00000000 0.00000000
vn 0.76970000 0.00000000 -0.63840000
vn 0.00000000 -1.00000000 0.00000000
vn 0.79160000 0.00000000 -0.61100000
vn 0.00000000 -1.00000000 0.00000000
vn 0.76970000 0.00000000 -0.63840000
vn 0.00000000 -1.00000000 0.00010000
vn 0.73510000 0.00000000 -0.67790000
vn 0.00000000 -1.00000000 0.00000000
vn 0.00000000 -1.00000000 0.00010000
vn 0.69670000 0.00000000 -0.71730000
vn 0.00000000 -1.00000000 -0.00010000
vn 0.73510000 0.00000000 -0.67790000
vn 0.00000000 -1.00000000 0.00010000
vn 0.65060000 0.00000000 -0.75940000
vn 0.69670000 0.00000000 -0.71730000
vn 0.00000000 -1.00000000 -0.00010000
vn 0.00000000 -1.00000000 -0.00010000
vn 0.59240000 0.00000000 -0.80560000
vn 0.00000000 -1.00000000 0.00000000
vn 0.65060000 0.00000000 -0.75940000
vn 0.00000000 -1.00000000 0.00000000
vn 0.52070000 0.00000000 -0.85370000
vn 0.59240000 0.00000000 -0.80560000
vn 0.00000000 -1.00000000 0.00010000
vn 0.00000000 -1.00000000 0.00010000
vn 0.44320000 0.00000000 -0.89640000
vn 0.00000000 -1.00000000 -0.00010000
vn 0.52070000 0.00000000 -0.85370000
vn 0.00000000 -1.00000000 0.00000000
vn 0.00000000 -1.00000000 0.00000000
vn 0.34670000 0.00000000 -0.93800000
vn 0.44320000 0.00000000 -0.89640000
vn 0.00000000 -1.00000000 0.00000000
vn 0.24480000 0.00000000 -0.96960000
vn 0.34670000 0.00000000 -0.93800000
vn 0.13120000 0.00000000 -0.99140000
vn 0.00000000 -1.00000000 0.00000000
vn 0.24480000 0.00000000 -0.96960000
vn 0.00000000 -1.00000000 0.00000000
vn 0.01930000 0.00000000 -0.99980000
vn 0.13120000 0.00000000 -0.99140000
vn 0.00000000 -1.00000000 0.00000000
vn -0.08720000 0.00000000 -0.99620000
vn 0.01930000 0.00000000 -0.99980000
vn 0.00000000 -1.00000000 0.00000000
vn -0.18240000 0.00000000 -0.98320000
vn -0.08720000 0.00000000 -0.99620000
vn 0.00000000 -1.00000000 0.00000000
vn -0.18240000 0.00000000 -0.98320000
vn -0.27460000 0.00000000 -0.96150000
vn 0.00000000 -1.00000000 0.00000000
vn -0.36390000 0.00000000 -0.93140000
vn -0.27460000 0.00000000 -0.96150000
vn -0.44100000 0.00000000 -0.89750000
vn -0.36390000 0.00000000 -0.93140000
vn 0.00000000 -1.00000000 0.00010000
vn 0.00000000 -1.00000000 0.00000000
vn 0.00000000 -1.00000000 -0.00010000
vn 0.00000000 -1.00000000 0.00010000
vn -0.44100000 0.00000000 -0.89750000
vn 0.00000000 -1.00000000 0.00000000
vn -0.52060000 0.00000000 -0.85380000
vn 0.00000000 -1.00000000 0.00010000
vn -0.59530000 0.00000000 -0.80350000
vn 0.00000000 -1.00000000 0.00000000
vn -0.52060000 0.00000000 -0.85380000
vn 0.00000000 -1.00000000 0.00010000
vn -0.00000000 -1.00000000 -0.00040000
vn 0.00000000 -1.00000000 0.00000000
vn -0.66530000 0.00020000 -0.74660000
vn -0.59530000 0.00000000 -0.80350000
vn 0.00000000 -1.00000000 0.00010000
vn -0.00010000 -1.00000000 -0.00050000
vn -0.73300000 0.00020000 -0.68020000
vn -0.66530000 0.00020000 -0.74660000
vn 0.00000000 -1.00000000 0.00020000
vn 0.00000000 -1.00000000 0.00000000
vn 0.00000000 -1.00000000 0.00020000
vn -0.79750000 0.00000000 -0.60330000
vn 0.00000000 -1.00000000 0.00000000
vn -0.73300000 0.00020000 -0.68020000
vn -0.85240000 0.00000000 -0.52300000
vn -0.79750000 0.00000000 -0.60330000
vn 0.00000000 -1.00000000 0.00000000
vn -0.89930000 0.00000000 -0.43720000
vn -0.85240000 0.00000000 -0.52300000
vn 0.00000000 -1.00000000 0.00000000
vn -0.94260000 0.00000000 -0.33400000
vn -0.89930000 0.00000000 -0.43720000
vn 0.00000000 -1.00000000 0.00000000
vn -0.97270000 0.00000000 -0.23210000
vn 0.00000000 -1.00000000 0.00000000
vn -0.94260000 0.00000000 -0.33400000
vn 0.00000000 -1.00000000 0.00000000
vn -0.99220000 0.00000000 -0.12480000
vn -0.97270000 0.00000000 -0.23210000
vn -0.99220000 0.00000000 -0.12480000
vn 0.00000000 -1.00000000 0.00000000
vn -0.99990000 0.00000000 -0.01710000
vn -0.99990000 0.00000000 -0.01710000
vn -0.99460000 0.00000000 0.10340000
vn 0.00000000 -1.00000000 0.00000000
vn -0.97190000 0.00000000 0.23560000
vn 0.00000000 -1.00000000 0.00000000
vn -0.99460000 0.00000000 0.10340000
vn -0.93320000 0.00000000 0.35940000
vn -0.97190000 0.00000000 0.23560000
vn 0.00000000 -1.00000000 0.00000000
vn -0.93320000 0.00000000 0.35940000
vn -0.88270000 0.00000000 0.46990000
vn 0.00000000 -1.00000000 0.00000000
vn -0.82510000 0.00000000 0.56490000
vn 0.00000000 -1.00000000 0.00000000
vn -0.88270000 0.00000000 0.46990000
vn 0.00000000 -1.00000000 0.00010000
vn -0.76790000 0.00000000 0.64060000
vn 0.00000000 -1.00000000 0.00000000
vn -0.82510000 0.00000000 0.56490000
vn 0.00000000 -1.00000000 0.00000000
vn -0.76790000 0.00000000 0.64060000
vn -0.70800000 0.00000000 0.70620000
vn 0.00000000 -1.00000000 0.00000000
vn -0.70800000 0.00000000 0.70620000
vn -0.65370000 0.00000000 0.75670000
vn -0.65370000 0.00000000 0.75670000
vn 0.00000000 -1.00000000 0.00000000
vn -0.60310000 0.00000000 0.79770000
vn -0.00000000 -1.00000000 -0.00020000
vn -0.60310000 0.00000000 0.79770000
vn -0.55600000 0.00000000 0.83120000
vn 0.00000000 -1.00000000 0.00000000
vn -0.55600000 0.00000000 0.83120000
vn -0.00000000 -1.00000000 -0.00020000
vn 0.00000000 -1.00000000 0.00000000
vn -0.49600000 0.00000000 0.86830000
vn -0.49600000 0.00000000 0.86830000
vn 0.00000000 -1.00000000 0.00000000
vn -0.41450000 0.00000000 0.91010000
vn 0.00000000 -1.00000000 0.00000000
vn -0.41450000 0.00000000 0.91010000
vn -0.94260000 0.00000000 -0.33400000
vn -0.00000000 -1.00000000 -0.00020000
vn -0.94260000 0.00000000 -0.33400000
vn -0.94410000 0.00120000 -0.32960000
vn 0.00000000 -1.00000000 0.00000000
vn -0.94260000 -0.00120000 -0.33400000
vn 0.00000000 -1.00000000 -0.00010000
vn 0.00000000 -1.00000000 0.00000000
vn -0.94410000 0.00120000 -0.32960000
vn -0.94260000 0.00000000 -0.33400000
vn -0.94260000 -0.00120000 -0.33400000
vn 0.00000000 -1.00000000 0.00000000
vn 0.00000000 -1.00000000 0.00010000
vn -0.94260000 0.00000000 -0.33400000
vn 0.35050000 0.00000000 -0.93650000
vn 0.00000000 -1.00000000 0.00000000
vn 0.35050000 0.00000000 -0.93650000
vn 0.40860000 0.00000000 -0.91270000
vn 0.00000000 -1.00000000 0.00000000
vn 0.40860000 0.00000000 -0.91270000
vn 0.45890000 0.00000000 -0.88850000
vn 0.00000000 -1.00000000 0.00010000
vn 0.00000000 -1.00000000 0.00000000
vn 0.45890000 0.00000000 -0.88850000
vn 0.00000000 -1.00000000 0.00000000
vn 0.00000000 -1.00000000 0.00010000
vn 0.00000000 -1.00000000 -0.00010000
vn 0.50620000 0.00000000 -0.86240000
vn 0.55380000 0.00000000 -0.83260000
vn 0.00000000 -1.00000000 0.00000000
vn 0.00000000 -1.00000000 -0.00010000
vn 0.50620000 0.00000000 -0.86240000
vn 0.00000000 -1.00000000 0.00000000
vn 0.55380000 0.00000000 -0.83260000
vn 0.60570000 0.00000000 -0.79570000
vn 0.60570000 0.00000000 -0.79570000
vn 0.66130000 0.00000000 -0.75020000
vn 0.00000000 -1.00000000 0.00000000
vn 0.71990000 0.00000000 -0.69400000
vn 0.00000000 -1.00000000 0.00000000
vn 0.66130000 0.00000000 -0.75020000
vn 0.71990000 0.00000000 -0.69400000
vn 0.78000000 0.00000000 -0.62580000
vn 0.00000000 -1.00000000 0.00000000
vn 0.00000000 -1.00000000 0.00000000
vn 0.82610000 0.00000000 -0.56360000
vn 0.78000000 0.00000000 -0.62580000
vn 0.82610000 0.00000000 -0.56360000
vn 0.85400000 0.00000000 -0.52030000
vn 0.00000000 -1.00000000 0.00000000
vn 0.00000000 -1.00000000 0.00000000
vn 0.85400000 0.00000000 -0.52030000
vn 0.88130000 0.00000000 -0.47250000
vn 0.90740000 0.00000000 -0.42030000
vn 0.88130000 0.00000000 -0.47250000
vn 0.00000000 -1.00000000 0.00010000
vn 0.00000000 -1.00000000 0.00000000
vn 0.92950000 0.00000000 -0.36880000
vn 0.00000000 -1.00000000 0.00010000
vn 0.00000000 -1.00000000 0.00000000
vn 0.90740000 0.00000000 -0.42030000
vn 0.92950000 0.00000000 -0.36880000
vn 0.00000000 -1.00000000 0.00000000
vn 0.95130000 0.00000000 -0.30840000
vn 0.96830000 0.00000000 -0.24960000
vn 0.95130000 0.00000000 -0.30840000
vn 0.00000000 -1.00000000 0.00000000
vn 0.00000000 -1.00000000 0.00000000
vn 0.96830000 0.00000000 -0.24960000
vn 0.98160000 0.00000000 -0.19080000
vn 0.99190000 0.00000000 -0.12730000
vn 0.00000000 -1.00000000 0.00000000
vn 0.98160000 0.00000000 -0.19080000
vn 0.99190000 0.00000000 -0.12730000
vn 0.99780000 0.00000000 -0.06640000
vn 0.00000000 -1.00000000 0.00000000
vn 0.00000000 -1.00000000 0.00000000
vn 0.99990000 0.00000000 -0.01080000
vn 0.99780000 0.00000000 -0.06640000
vn 0.99920000 0.00000000 0.03980000
vn 0.99990000 0.00000000 -0.01080000
vn 0.00000000 -1.00000000 0.00000000
vn 0.00000000 -1.00000000 0.00000000
vn 0.99590000 0.00000000 0.09080000
vn 0.99920000 0.00000000 0.03980000
vn 0.99010000 0.00000000 0.14010000
vn 0.99590000 0.00000000 0.09080000
vn 0.00000000 -1.00000000 0.00000000
vn 0.00000000 -1.00000000 0.00000000
vn 0.99010000 0.00000000 0.14010000
vn 0.98190000 0.00000000 0.18940000
vn 0.98190000 0.00000000 0.18940000
vn 0.00000000 -1.00000000 0.00000000
vn 0.97100000 0.00000000 0.23910000
vn 0.95810000 0.00000000 0.28640000
vn 0.00000000 -1.00000000 0.00000000
vn 0.97100000 0.00000000 0.23910000
vn 0.95810000 0.00000000 0.28640000
vn 0.00000000 -1.00000000 0.00000000
vn 0.94260000 -0.00000000 0.33380000
vn 0.94260000 -0.00000000 0.33380000
vn 0.00000000 -1.00000000 0.00000000
vn 0.92440000 0.00000000 0.38130000
vn 0.90470000 0.00000000 0.42600000
vn 0.92440000 0.00000000 0.38130000
vn 0.00000000 -1.00000000 0.00000000
vn 0.88240000 0.00000000 0.47060000
vn 0.00000000 -1.00000000 0.00000000
vn 0.90470000 0.00000000 0.42600000
vn 0.88240000 0.00000000 0.47060000
vn 0.86020000 0.00000000 0.50990000
vn 0.00000000 -1.00000000 0.00000000
vn 0.00000000 -1.00000000 0.00000000
vn 0.86020000 0.00000000 0.50990000
vn 0.83290000 0.00000000 0.55340000
vn 0.80590000 0.00000000 0.59200000
vn 0.83290000 0.00000000 0.55340000
vn 0.00000000 -1.00000000 0.00000000
vn 0.80590000 0.00000000 0.59200000
vn 0.77660000 0.00000000 0.63000000
vn 0.00000000 -1.00000000 0.00000000
vn 0.00000000 -1.00000000 0.00000000
vn 0.00030000 -1.00000000 -0.00020000
vn 0.77660000 0.00000000 0.63000000
vn 0.74480000 0.00000000 0.66720000
vn 0.00000000 -1.00000000 0.00010000
vn 0.00000000 -1.00000000 0.00010000
vn 0.74480000 0.00000000 0.66720000
vn 0.00000000 -1.00000000 0.00000000
vn 0.71400000 0.00000000 0.70020000
vn 0.68080000 0.00000000 0.73240000
vn 0.71400000 0.00000000 0.70020000
vn 0.00030000 -1.00000000 -0.00010000
vn 0.00000000 -1.00000000 0.00000000
vn 0.68080000 0.00000000 0.73240000
vn 0.64240000 0.00000000 0.76640000
vn 0.00000000 -1.00000000 0.00000000
vn 0.60490000 0.00000000 0.79630000
vn 0.00000000 -1.00000000 0.00010000
vn 0.64240000 0.00000000 0.76640000
vn 0.00000000 -1.00000000 0.00000000
vn 0.60490000 0.00000000 0.79630000
vn 0.00000000 -1.00000000 0.00000000
vn 0.56820000 0.00000000 0.82290000
vn 0.56820000 0.00000000 0.82290000
vn 0.52380000 0.00000000 0.85190000
vn 0.00000000 -1.00000000 0.00000000
vn 0.00000000 -1.00000000 -0.00010000
vn 0.00000000 -1.00000000 0.00010000
vn 0.48320000 0.00000000 0.87550000
vn 0.52380000 0.00000000 0.85190000
vn 0.00000000 -1.00000000 0.00000000
vn 0.00000000 -1.00000000 -0.00010000
vn 0.00000000 -1.00000000 0.00000000
vn 0.44070000 0.00000000 0.89770000
vn 0.00000000 -1.00000000 0.00010000
vn 0.48320000 0.00000000 0.87550000
vn 0.39620000 0.00000000 0.91820000
vn 0.44070000 0.00000000 0.89770000
vn 0.00000000 -1.00000000 0.00000000
vn 0.35450000 0.00000000 0.93510000
vn 0.00000000 -1.00000000 0.00000000
vn 0.39620000 0.00000000 0.91820000
vn 0.35450000 0.00000000 0.93510000
vn 0.30660000 0.00000000 0.95180000
vn 0.00000000 -1.00000000 0.00000000
vn 0.00000000 -1.00000000 0.00000000
vn 0.25820000 0.00000000 0.96610000
vn 0.30660000 0.00000000 0.95180000
vn 0.20860000 0.00000000 0.97800000
vn 0.00000000 -1.00000000 0.00000000
vn 0.25820000 0.00000000 0.96610000
vn 0.16070000 0.00000000 0.98700000
vn 0.00000000 -1.00000000 0.00000000
vn 0.20860000 0.00000000 0.97800000
vn 0.00000000 -1.00000000 0.00000000
vn 0.16070000 0.00000000 0.98700000
vn 0.11040000 0.00000000 0.99390000
vn 0.11040000 0.00000000 0.99390000
vn 0.00000000 -1.00000000 0.00000000
vn 0.06080000 0.00000000 0.99810000
vn 0.06080000 0.00000000 0.99810000
vn 0.00720000 0.00000000 1.00000000
vn 0.00000000 -1.00000000 0.00000000
vn 0.00720000 0.00000000 1.00000000
vn -0.05100000 0.00000000 0.99870000
vn 0.00000000 -1.00000000 0.00000000
vn -0.05100000 0.00000000 0.99870000
vn -0.10830000 0.00000000 0.99410000
vn 0.00000000 -1.00000000 0.00000000
vn -0.10830000 0.00000000 0.99410000
vn 0.00000000 -1.00000000 0.00000000
vn -0.16830000 0.00000000 0.98570000
vn -0.16830000 0.00000000 0.98570000
vn -0.22400000 0.00000000 0.97460000
vn 0.00000000 -1.00000000 0.00000000
vn -0.22400000 0.00000000 0.97460000
vn -0.27720000 0.00000000 0.96080000
vn 0.00000000 -1.00000000 0.00000000
vn -0.32800000 0.00000000 0.94470000
vn -0.27720000 0.00000000 0.96080000
vn 0.00000000 -1.00000000 0.00000000
vn 0.00000000 -1.00000000 0.00000000
vn -0.38040000 0.00000000 0.92480000
vn -0.32800000 0.00000000 0.94470000
vn -0.42550000 0.00000000 0.90500000
vn 0.00000000 -1.00000000 0.00000000
vn -0.38040000 0.00000000 0.92480000
vn -0.42550000 0.00000000 0.90500000
vn 0.00000000 -1.00000000 0.00000000
vn -0.46780000 0.00000000 0.88390000
vn 0.00000000 -1.00000000 -0.00010000
vn 0.00000000 -1.00000000 0.00000000
vn 0.00000000 -1.00000000 0.00010000
vn -0.46780000 0.00000000 0.88390000
vn -0.52780000 0.00000000 0.84940000
vn 0.00000000 -1.00000000 -0.00010000
vn -0.60060000 0.00000000 0.79950000
vn 0.00000000 -1.00000000 0.00000000
vn -0.52780000 0.00000000 0.84940000
vn -0.60060000 0.00000000 0.79950000
vn -0.65660000 0.00000000 0.75420000
vn 0.00000000 -1.00000000 0.00000000
vn 0.00000000 -1.00000000 0.00010000
vn -0.70320000 0.00000000 0.71100000
vn 0.00000000 -1.00000000 0.00000000
vn -0.65660000 0.00000000 0.75420000
vn 0.00000000 -1.00000000 -0.00010000
vn 0.00000000 -1.00000000 -0.00010000
vn -0.74190000 0.00000000 0.67050000
vn 0.00000000 -1.00000000 0.00000000
vn 0.00000000 -1.00000000 0.00010000
vn -0.70320000 0.00000000 0.71100000
vn -0.77400000 0.00000000 0.63320000
vn 0.00000000 -1.00000000 0.00000000
vn 0.00000000 -1.00000000 0.00010000
vn -0.74190000 0.00000000 0.67050000
vn -0.77400000 0.00000000 0.63320000
vn 0.00000000 -1.00000000 0.00000000
vn -0.80070000 0.00000000 0.59910000
vn -0.83180000 0.00000000 0.55510000
vn 0.00000000 -1.00000000 0.00000000
vn -0.80070000 0.00000000 0.59910000
vn 0.00000000 -1.00000000 0.00000000
vn -0.83180000 0.00000000 0.55510000
vn -0.85190000 0.00000000 0.52370000
vn -0.85190000 0.00000000 0.52370000
vn -0.84290000 0.00000000 0.53810000
vn 0.00000000 -1.00000000 0.00000000
vn -0.84290000 0.00000000 0.53810000
vn 0.00000000 -1.00000000 0.00000000
vn -0.81820000 0.00000000 0.57500000
vn -0.79900000 0.00000000 0.60130000
vn -0.81820000 0.00000000 0.57500000
vn 0.00000000 -1.00000000 0.00000000
vn -0.77420000 0.00000000 0.63300000
vn 0.00000000 -1.00000000 0.00000000
vn -0.79900000 0.00000000 0.60130000
vn 0.00000000 -1.00000000 0.00010000
vn -0.74500000 0.00000000 0.66710000
vn -0.77420000 0.00000000 0.63300000
vn 0.00000000 -1.00000000 0.00000000
vn 0.00000000 -1.00000000 0.00000000
vn -0.74500000 0.00000000 0.66710000
vn -0.71330000 0.00000000 0.70090000
vn -0.71330000 0.00000000 0.70090000
vn -0.67280000 0.00000000 0.73990000
vn 0.00000000 -1.00000000 0.00000000
vn -0.62810000 0.00030000 0.77820000
vn 0.00000000 -1.00000000 0.00000000
vn -0.67280000 0.00000000 0.73990000
vn -0.00010000 -1.00000000 -0.00030000
vn -0.62810000 0.00020000 0.77810000
vn -0.00000000 -1.00000000 0.00030000
vn -0.57130000 0.00000000 0.82070000
vn 0.00000000 -1.00000000 0.00000000
vn 0.00000000 -1.00000000 0.00000000
vn -0.57130000 0.00000000 0.82070000
vn -0.50510000 0.00000000 0.86310000
vn 0.00000000 -1.00000000 0.00000000
vn -0.50510000 0.00000000 0.86310000
vn -0.42810000 0.00000000 0.90370000
vn -0.42810000 0.00000000 0.90370000
vn 0.00000000 -1.00000000 0.00000000
vn -0.34000000 0.00000000 0.94040000
vn -0.24140000 0.00000000 0.97040000
vn 0.00000000 -1.00000000 0.00000000
vn -0.34000000 0.00000000 0.94040000
vn -0.24140000 0.00000000 0.97040000
vn 0.00000000 -1.00000000 0.00000000
vn -0.13420000 0.00000000 0.99100000
vn -0.02130000 0.00000000 0.99980000
vn 0.00000000 -1.00000000 0.00000000
vn -0.13420000 0.00000000 0.99100000
vn 0.00000000 -1.00000000 0.00000000
vn -0.02130000 0.00000000 0.99980000
vn 0.07660000 0.00000000 0.99710000
vn 0.15660000 0.00000000 0.98770000
vn 0.07660000 0.00000000 0.99710000
vn 0.00000000 -1.00000000 0.00000000
vn 0.23620000 0.00000000 0.97170000
vn 0.00000000 -1.00000000 0.00000000
vn 0.15660000 0.00000000 0.98770000
vn 0.31570000 0.00000000 0.94890000
vn 0.00000000 -1.00000000 0.00010000
vn 0.23620000 0.00000000 0.97170000
vn 0.00000000 -1.00000000 0.00000000
vn 0.00000000 -1.00000000 0.00000000
vn 0.31570000 0.00000000 0.94890000
vn 0.39760000 0.00000000 0.91760000
vn 0.00000000 -1.00000000 0.00000000
vn 0.47890000 0.00000000 0.87790000
vn 0.39760000 0.00000000 0.91760000
vn 0.47890000 0.00000000 0.87790000
vn 0.00000000 -1.00000000 0.00000000
vn 0.56220000 0.00000000 0.82700000
vn 0.56220000 0.00000000 0.82700000
vn 0.00000000 -1.00000000 0.00000000
vn 0.64320000 0.00000000 0.76570000
vn 0.00000000 -1.00000000 0.00000000
vn 0.00000000 -1.00000000 -0.00010000
vn 0.64320000 0.00000000 0.76570000
vn 0.71950000 0.00000000 0.69450000
vn 0.78900000 0.00000000 0.61430000
vn 0.00000000 -1.00000000 0.00000000
vn 0.71950000 0.00000000 0.69450000
vn 0.00000000 -1.00000000 0.00010000
vn 0.00000000 -1.00000000 -0.00010000
vn 0.00000000 -1.00000000 0.00000000
vn 0.85280000 0.00000000 0.52220000
vn 0.78900000 0.00000000 0.61430000
vn 0.90660000 0.00000000 0.42190000
vn 0.85280000 0.00000000 0.52220000
vn 0.00000000 -1.00000000 0.00000000
vn 0.90660000 0.00000000 0.42190000
vn 0.00000000 -1.00000000 0.00000000
vn 0.94860000 0.00000000 0.31650000
vn 0.94860000 0.00000000 0.31650000
vn 0.00000000 -1.00000000 -0.00010000
vn 0.00000000 -1.00000000 0.00000000
vn 0.97730000 0.00000000 0.21190000
vn 0.00000000 -1.00000000 0.00000000
vn 0.00000000 -1.00000000 -0.00010000
vn 0.99410000 0.00000000 0.10890000
vn 0.97730000 0.00000000 0.21190000
vn -0.00020000 -1.00000000 0.00040000
vn 0.00000000 -1.00000000 0.00000000
vn 0.99410000 0.00000000 0.10890000
vn 0.99990000 0.00000000 0.01030000
vn 0.00000000 -1.00000000 0.00010000
vn 0.99520000 0.00000000 -0.09790000
vn 0.00000000 1.00000000 0.00000000
vn 0.00000000 1.00000000 0.00010000
vn 0.99990000 0.00000000 0.01030000
vn 0.00000000 1.00000000 0.00010000
vn 0.97700000 0.00000000 -0.21310000
vn 0.99520000 0.00000000 -0.09790000
vn 0.00000000 1.00000000 0.00000000
vn 0.00000000 1.00000000 0.00000000
vn 0.95000000 0.00000000 -0.31230000
vn 0.00000000 1.00000000 0.00010000
vn 0.97700000 0.00000000 -0.21310000
vn 0.95000000 0.00000000 -0.31230000
vn 0.91660000 0.00000000 -0.39980000
vn 0.00000000 1.00000000 0.00000000
vn 0.00000000 1.00000000 0.00000000
vn 0.88360000 -0.00020000 -0.46830000
vn 0.91660000 0.00000000 -0.39980000
vn -0.00020000 1.00000000 0.00030000
vn 0.00020000 1.00000000 -0.00030000
vn 0.00000000 1.00000000 0.00000000
vn 0.88360000 -0.00010000 -0.46830000
vn 0.84590000 0.00000000 -0.53340000
vn 0.81210000 0.00000000 -0.58360000
vn 0.00000000 1.00000000 0.00010000
vn 0.84590000 0.00000000 -0.53340000
vn 0.00000000 1.00000000 0.00000000
vn 0.00000000 1.00000000 0.00000000
vn 0.00000000 1.00000000 0.00010000
vn 0.00010000 1.00000000 -0.00050000
vn 0.77980000 0.00020000 -0.62600000
vn 0.81210000 0.00000000 -0.58360000
vn 0.00000000 1.00000000 0.00010000
vn 0.00000000 1.00000000 0.00000000
vn 0.73100000 0.00000000 -0.68240000
vn -0.00010000 1.00000000 0.00020000
vn 0.77980000 0.00020000 -0.62600000
vn 0.00000000 1.00000000 0.00000000
vn 0.73100000 0.00000000 -0.68240000
vn 0.67800000 0.00000000 -0.73510000
vn 0.00000000 1.00000000 0.00000000
vn 0.62580000 0.00000000 -0.78000000
vn 0.67800000 0.00000000 -0.73510000
vn 0.57240000 0.00000000 -0.82000000
vn 0.62580000 0.00000000 -0.78000000
vn 0.00000000 1.00000000 0.00000000
vn 0.57240000 0.00000000 -0.82000000
vn 0.84700000 0.00000000 0.53160000
vn 0.00000000 1.00000000 0.00000000
vn 0.84910000 0.00000000 0.52820000
vn 0.84700000 0.00000000 0.53160000
vn 0.00000000 1.00000000 0.00000000
vn 0.00000000 1.00000000 0.00000000
vn 0.84910000 0.00000000 0.52820000
vn 0.00000000 1.00000000 -0.00020000
vn 0.84700000 0.00000000 0.53170000
vn 0.00000000 1.00000000 0.00000000
vn 0.84910000 0.00000000 0.52820000
vn 0.00000000 1.00000000 0.00020000
vn 0.84700000 0.00000000 0.53170000
vn 0.00000000 1.00000000 0.00000000
vn -0.54330000 0.00000000 0.83950000
vn -0.58670000 0.00000000 0.80980000
vn 0.00000000 1.00000000 0.00000000
vn -0.54330000 0.00000000 0.83950000
vn 0.00000000 1.00000000 0.00020000
vn -0.58670000 0.00000000 0.80980000
vn -0.62300000 0.00000000 0.78220000
vn 0.00000000 1.00000000 0.00000000
vn 0.00000000 1.00000000 0.00020000
vn -0.65590000 0.00000000 0.75480000
vn 0.00000000 1.00000000 0.00000000
vn -0.62300000 0.00000000 0.78220000
vn 0.00000000 1.00000000 -0.00020000
vn 0.00000000 1.00000000 0.00000000
vn -0.68410000 0.00000000 0.72930000
vn -0.65590000 0.00000000 0.75480000
vn 0.00000000 1.00000000 0.00000000
vn -0.68410000 0.00000000 0.72930000
vn 0.00000000 1.00000000 -0.00020000
vn -0.72100000 0.00000000 0.69300000
vn 0.00000000 1.00000000 0.00010000
vn -0.72100000 0.00000000 0.69300000
vn -0.75780000 0.00000000 0.65250000
vn 0.00000000 1.00000000 0.00000000
vn -0.75780000 0.00000000 0.65250000
vn 0.00000000 1.00000000 0.00000000
vn 0.00030000 1.00000000 -0.00010000
vn 0.00000000 1.00000000 0.00010000
vn -0.79800000 0.00000000 0.60260000
vn -0.79800000 0.00000000 0.60260000
vn 0.00000000 1.00000000 0.00010000
vn -0.83760000 0.00000000 0.54630000
vn 0.00000000 1.00000000 0.00000000
vn 0.00000000 1.00000000 0.00000000
vn -0.83760000 0.00000000 0.54630000
vn -0.87850000 0.00000000 0.47770000
vn -0.87850000 0.00000000 0.47770000
vn -0.91620000 0.00000000 0.40060000
vn 0.00000000 1.00000000 0.00000000
vn -0.00020000 1.00000000 -0.00020000
vn -0.94280000 0.00000000 0.33340000
vn -0.91620000 0.00000000 0.40060000
vn 0.00000000 1.00000000 0.00000000
vn -0.95840000 0.00000000 0.28560000
vn -0.94280000 0.00000000 0.33340000
vn 0.00000000 1.00000000 0.00000000
vn 0.00000000 1.00000000 0.00000000
vn -0.97250000 0.00000000 0.23290000
vn -0.95840000 0.00000000 0.28560000
vn 0.00000000 1.00000000 0.00010000
vn -0.97250000 0.00000000 0.23290000
vn 0.00000000 1.00000000 0.00000000
vn -0.98370000 0.00000000 0.17990000
vn 0.00000000 1.00000000 0.00000000
vn -0.99230000 0.00000000 0.12410000
vn -0.98370000 0.00000000 0.17990000
vn 0.00000000 1.00000000 0.00010000
vn -0.99230000 0.00000000 0.12410000
vn -0.99790000 0.00000000 0.06510000
vn 0.00000000 1.00000000 0.00000000
vn -0.99990000 0.00000000 0.01360000
vn 0.00000000 1.00000000 0.00000000
vn -0.99790000 0.00000000 0.06510000
vn 0.00000000 1.00000000 0.00010000
vn -0.99950000 0.00000000 -0.03170000
vn -0.99990000 0.00000000 0.01360000
vn 0.00000000 1.00000000 0.00000000
vn 0.00000000 1.00000000 0.00000000
vn 0.00000000 1.00000000 0.00010000
vn -0.99950000 0.00000000 -0.03170000
vn -0.99700000 0.00000000 -0.07800000
vn -0.99220000 0.00000000 -0.12480000
vn -0.99700000 0.00000000 -0.07800000
vn 0.00000000 1.00000000 0.00010000
vn 0.00000000 1.00000000 -0.00010000
vn 0.00000000 1.00000000 0.00000000
vn -0.99220000 0.00000000 -0.12480000
vn 0.00000000 1.00000000 -0.00010000
vn -0.98520000 0.00000000 -0.17120000
vn 0.00000000 1.00000000 0.00010000
vn 0.00030000 1.00000000 0.00010000
vn -0.98520000 0.00000000 -0.17120000
vn -0.97570000 0.00010000 -0.21890000
vn 0.00000000 1.00000000 0.00010000
vn -0.97570000 0.00010000 -0.21890000
vn -0.00030000 1.00000000 -0.00020000
vn -0.96500000 0.00000000 -0.26240000
vn 0.00000000 1.00000000 0.00000000
vn -0.96500000 0.00000000 -0.26240000
vn -0.95080000 0.00000000 -0.30990000
vn 0.00000000 1.00000000 0.00000000
vn -0.95080000 0.00000000 -0.30990000
vn -0.93380000 0.00000000 -0.35780000
vn 0.00000000 1.00000000 0.00000000
vn -0.93380000 0.00000000 -0.35780000
vn 0.00000000 1.00000000 0.00000000
vn -0.91510000 0.00000000 -0.40320000
vn -0.89240000 0.00000000 -0.45120000
vn -0.91510000 0.00000000 -0.40320000
vn 0.00000000 1.00000000 0.00000000
vn 0.00000000 1.00000000 0.00000000
vn -0.89240000 0.00000000 -0.45120000
vn -0.86950000 0.00000000 -0.49400000
vn 0.00000000 1.00000000 0.00000000
vn -0.86950000 0.00000000 -0.49400000
vn -0.84390000 0.00000000 -0.53640000
vn 0.00000000 1.00000000 0.00000000
vn -0.84390000 0.00000000 -0.53640000
vn -0.81570000 0.00000000 -0.57850000
vn 0.00000000 1.00000000 0.00000000
vn -0.78800000 0.00000000 -0.61560000
vn -0.81570000 0.00000000 -0.57850000
vn 0.00000000 1.00000000 0.00000000
vn -0.75130000 0.00000000 -0.66000000
vn -0.78800000 0.00000000 -0.61560000
vn -0.75130000 0.00000000 -0.66000000
vn 0.00000000 1.00000000 0.00000000
vn -0.71860000 0.00000000 -0.69540000
vn 0.00000000 1.00000000 -0.00010000
vn 0.00000000 1.00000000 0.00010000
vn 0.00000000 1.00000000 0.00000000
vn -0.71860000 0.00000000 -0.69540000
vn 0.00000000 1.00000000 -0.00010000
vn -0.68360000 0.00000000 -0.72990000
vn -0.64620000 0.00000000 -0.76320000
vn 0.00000000 1.00000000 0.00010000
vn -0.68360000 0.00000000 -0.72990000
vn 0.00000000 1.00000000 0.00000000
vn -0.64620000 0.00000000 -0.76320000
vn 0.00000000 1.00000000 0.00000000
vn -0.60350000 0.00000000 -0.79730000
vn 0.00000000 1.00000000 0.00000000
vn -0.60350000 0.00000000 -0.79730000
vn 0.00000000 1.00000000 0.00010000
vn -0.56530000 0.00000000 -0.82490000
vn -0.52200000 0.00080000 -0.85290000
vn 0.00000000 1.00000000 0.00010000
vn -0.56530000 0.00000000 -0.82490000
vn 0.00000000 1.00000000 0.00000000
vn -0.52200000 0.00080000 -0.85290000
vn -0.47730000 0.00000000 -0.87880000
vn 0.00000000 1.00000000 0.00000000
vn -0.47730000 0.00000000 -0.87880000
vn -0.43370000 0.00080000 -0.90110000
vn 0.00000000 1.00000000 0.00000000
vn 0.00000000 1.00000000 0.00000000
vn -0.38890000 0.00000000 -0.92130000
vn -0.43370000 0.00080000 -0.90110000
vn -0.38890000 0.00000000 -0.92130000
vn 0.00000000 1.00000000 0.00000000
vn -0.33870000 0.00000000 -0.94090000
vn 0.00000000 1.00000000 0.00010000
vn 0.00000000 1.00000000 0.00000000
vn -0.29220000 0.00000000 -0.95640000
vn -0.33870000 0.00000000 -0.94090000
vn -0.29220000 0.00000000 -0.95640000
vn 0.00000000 1.00000000 0.00000000
vn -0.24850000 0.00000000 -0.96860000
vn -0.20080000 0.00000000 -0.97960000
vn 0.00000000 1.00000000 0.00000000
vn -0.24850000 0.00000000 -0.96860000
vn -0.20080000 0.00000000 -0.97960000
vn 0.00000000 1.00000000 0.00000000
vn -0.15300000 0.00000000 -0.98820000
vn 0.00000000 1.00000000 0.00000000
vn -0.10560000 0.00000000 -0.99440000
vn -0.15300000 0.00000000 -0.98820000
vn -0.05880000 0.00000000 -0.99830000
vn 0.00000000 1.00000000 0.00000000
vn -0.10560000 0.00000000 -0.99440000
vn -0.00470000 0.00000000 -1.00000000
vn 0.00000000 1.00000000 0.00000000
vn -0.05880000 0.00000000 -0.99830000
vn 0.00000000 1.00000000 0.00000000
vn -0.00470000 0.00000000 -1.00000000
vn 0.05870000 0.00000000 -0.99830000
vn 0.12070000 0.00000000 -0.99270000
vn 0.05870000 0.00000000 -0.99830000
vn 0.00000000 1.00000000 0.00000000
vn 0.18060000 0.00000000 -0.98360000
vn 0.00000000 1.00000000 0.00000000
vn 0.12070000 0.00000000 -0.99270000
vn 0.18060000 0.00000000 -0.98360000
vn 0.00000000 1.00000000 0.00000000
vn 0.24050000 0.00000000 -0.97060000
vn 0.00000000 1.00000000 0.00000000
vn 0.24050000 0.00000000 -0.97060000
vn 0.29530000 0.00000000 -0.95540000
vn 0.35040000 0.00000000 -0.93660000
vn 0.29530000 0.00000000 -0.95540000
vn 0.00000000 1.00000000 0.00000000
vn 0.00000000 1.00000000 0.00010000
vn 0.39850000 0.00000000 -0.91720000
vn 0.00000000 1.00000000 0.00000000
vn 0.35040000 0.00000000 -0.93660000
vn 0.39850000 0.00000000 -0.91720000
vn 0.00000000 1.00000000 -0.00010000
vn 0.00000000 1.00000000 0.00010000
vn 0.44270000 0.00000000 -0.89670000
vn 0.00000000 1.00000000 0.00000000
vn 0.00000000 1.00000000 0.00000000
vn 0.44270000 0.00000000 -0.89670000
vn 0.48850000 -0.00080000 -0.87260000
vn 0.48850000 -0.00080000 -0.87260000
vn 0.00000000 1.00000000 0.00000000
vn 0.54830000 0.00000000 -0.83630000
vn 0.00000000 1.00000000 0.00000000
vn 0.61570000 0.00000000 -0.78800000
vn 0.54830000 0.00000000 -0.83630000
vn 0.66870000 0.00000000 -0.74350000
vn 0.61570000 0.00000000 -0.78800000
vn 0.00000000 1.00000000 0.00000000
vn 0.00000000 1.00000000 0.00000000
vn 0.71510000 0.00000000 -0.69900000
vn 0.66870000 0.00000000 -0.74350000
vn 0.00000000 1.00000000 -0.00010000
vn 0.75030000 0.00000000 -0.66100000
vn 0.00000000 1.00000000 0.00000000
vn 0.00000000 1.00000000 0.00010000
vn 0.71510000 0.00000000 -0.69900000
vn 0.00000000 1.00000000 0.00000000
vn 0.00000000 1.00000000 -0.00010000
vn 0.78220000 0.00000000 -0.62310000
vn 0.75030000 0.00000000 -0.66100000
vn 0.80490000 0.00000000 -0.59340000
vn 0.78220000 0.00000000 -0.62310000
vn 0.00000000 1.00000000 0.00010000
vn 0.00000000 1.00000000 0.00000000
vn 0.80490000 0.00000000 -0.59340000
vn 0.00000000 1.00000000 0.00000000
vn 0.83130000 0.00000000 -0.55590000
vn 0.85150000 0.00000000 -0.52440000
vn 0.83130000 0.00000000 -0.55590000
vn 0.00000000 1.00000000 0.00010000
vn 0.00000000 1.00000000 0.00000000
vn 0.00000000 1.00000000 0.00000000
vn 0.84680000 0.00000000 -0.53190000
vn 0.85150000 0.00000000 -0.52440000
vn 0.82100000 0.00000000 -0.57090000
vn 0.00000000 1.00000000 0.00000000
vn 0.84680000 0.00000000 -0.53190000
vn 0.00000000 1.00000000 0.00000000
vn 0.82100000 0.00000000 -0.57090000
vn 0.79380000 0.00000000 -0.60820000
vn 0.00000000 1.00000000 0.00010000
vn 0.00000000 1.00000000 0.00000000
vn 0.79380000 0.00000000 -0.60820000
vn 0.76690000 0.00000000 -0.64170000
vn 0.76690000 0.00000000 -0.64170000
vn 0.00000000 1.00000000 0.00000000
vn 0.73760000 0.00000000 -0.67520000
vn 0.00000000 1.00000000 0.00000000
vn 0.73760000 0.00000000 -0.67520000
vn 0.69940000 0.00000000 -0.71470000
vn 0.00000000 1.00000000 -0.00010000
vn 0.65040000 0.00000000 -0.75960000
vn 0.00000000 1.00000000 0.00000000
vn 0.00000000 1.00000000 0.00010000
vn 0.69940000 0.00000000 -0.71470000
vn 0.65040000 0.00000000 -0.75960000
vn 0.59230000 0.00000000 -0.80570000
vn 0.00000000 1.00000000 0.00000000
vn 0.00000000 1.00000000 0.00010000
vn 0.00000000 1.00000000 0.00000000
vn 0.52060000 0.00000000 -0.85380000
vn 0.59230000 0.00000000 -0.80570000
vn 0.44040000 0.00000000 -0.89780000
vn 0.00000000 1.00000000 0.00000000
vn 0.00000000 1.00000000 0.00010000
vn 0.52060000 0.00000000 -0.85380000
vn 0.34900000 0.00000000 -0.93710000
vn 0.44040000 0.00000000 -0.89780000
vn 0.00000000 1.00000000 0.00000000
vn 0.00000000 1.00000000 0.00000000
vn 0.34900000 0.00000000 -0.93710000
vn 0.24320000 0.00000000 -0.97000000
vn 0.13210000 0.00000000 -0.99120000
vn 0.00000000 1.00000000 0.00000000
vn 0.24320000 0.00000000 -0.97000000
vn 0.13210000 0.00000000 -0.99120000
vn 0.00000000 1.00000000 0.00000000
vn 0.01920000 0.00000000 -0.99980000
vn 0.00000000 1.00000000 0.00000000
vn -0.08560000 0.00000000 -0.99630000
vn 0.01920000 0.00000000 -0.99980000
vn -0.08560000 0.00000000 -0.99630000
vn 0.00000000 1.00000000 0.00000000
vn -0.18140000 0.00000000 -0.98340000
vn 0.00000000 1.00000000 0.00000000
vn -0.27310000 0.00000000 -0.96200000
vn -0.18140000 0.00000000 -0.98340000
vn -0.36190000 0.00000000 -0.93220000
vn 0.00000000 1.00000000 0.00000000
vn -0.27310000 0.00000000 -0.96200000
vn 0.00000000 1.00000000 0.00000000
vn -0.36190000 0.00000000 -0.93220000
vn -0.44370000 0.00000000 -0.89620000
vn -0.52340000 0.00000000 -0.85210000
vn 0.00000000 1.00000000 0.00000000
vn -0.44370000 0.00000000 -0.89620000
vn -0.52340000 0.00000000 -0.85210000
vn -0.00030000 1.00000000 -0.00000000
vn 0.00000000 1.00000000 -0.00010000
vn 0.00000000 1.00000000 0.00000000
vn -0.59510000 0.00000000 -0.80360000
vn 0.00000000 1.00000000 0.00000000
vn -0.59510000 0.00000000 -0.80360000
vn 0.00000000 1.00000000 -0.00010000
vn -0.66480000 0.00000000 -0.74700000
vn 0.00000000 1.00000000 -0.00010000
vn -0.66480000 0.00000000 -0.74700000
vn 0.00000000 1.00000000 0.00000000
vn -0.73540000 0.00000000 -0.67770000
vn -0.79680000 0.00000000 -0.60430000
vn 0.00000000 1.00000000 0.00000000
vn 0.00000000 1.00000000 -0.00010000
vn -0.73540000 0.00000000 -0.67770000
vn 0.00000000 1.00000000 0.00000000
vn -0.85140000 0.00000000 -0.52450000
vn -0.79680000 0.00000000 -0.60430000
vn 0.00000000 1.00000000 0.00000000
vn 0.00000000 1.00000000 0.00010000
vn -0.85140000 0.00000000 -0.52450000
vn -0.90060000 0.00000000 -0.43460000
vn 0.00000000 1.00000000 -0.00010000
vn 0.00000000 1.00000000 0.00000000
vn -0.90060000 0.00000000 -0.43460000
vn -0.94240000 0.00000000 -0.33440000
vn 0.00000000 1.00000000 0.00010000
vn 0.00000000 1.00000000 0.00000000
vn -0.94240000 0.00000000 -0.33440000
vn -0.97240000 0.00000000 -0.23320000
vn 0.00000000 1.00000000 -0.00010000
vn 0.00000000 1.00000000 0.00000000
vn -0.97240000 0.00000000 -0.23320000
vn -0.99210000 0.00000000 -0.12520000
vn -0.99980000 0.00000000 -0.01730000
vn 0.00000000 1.00000000 0.00010000
vn 0.00000000 1.00000000 0.00000000
vn -0.99210000 0.00000000 -0.12520000
vn 0.00000000 1.00000000 -0.00010000
vn -0.99980000 0.00000000 -0.01730000
vn -0.99470000 0.00000000 0.10270000
vn 0.00000000 1.00000000 0.00000000
vn 0.00000000 1.00000000 0.00010000
vn 0.00000000 1.00000000 0.00000000
vn -0.97160000 0.00000000 0.23660000
vn -0.99470000 0.00000000 0.10270000
vn 0.00000000 1.00000000 0.00000000
vn -0.97160000 0.00000000 0.23660000
vn -0.93310000 0.00000000 0.35970000
vn -0.93310000 0.00000000 0.35970000
vn -0.88410000 0.00000000 0.46720000
vn 0.00000000 1.00000000 0.00010000
vn 0.00000000 1.00000000 0.00000000
vn -0.82720000 -0.00020000 0.56190000
vn 0.00010000 1.00000000 -0.00030000
vn -0.88410000 0.00000000 0.46720000
vn 0.00000000 1.00000000 0.00000000
vn -0.82720000 -0.00020000 0.56190000
vn -0.00020000 1.00000000 0.00030000
vn 0.00000000 1.00000000 0.00000000
vn -0.76700000 0.00000000 0.64160000
vn 0.00000000 1.00000000 0.00010000
vn -0.71060000 0.00000000 0.70360000
vn 0.00000000 1.00000000 0.00000000
vn -0.76700000 0.00000000 0.64160000
vn 0.00000000 1.00000000 0.00000000
vn 0.00000000 1.00000000 0.00010000
vn -0.65300000 0.00000000 0.75730000
vn -0.71060000 0.00000000 0.70360000
vn -0.65300000 0.00000000 0.75730000
vn -0.60240000 0.00000000 0.79820000
vn 0.00000000 1.00000000 0.00000000
vn -0.55880000 0.00000000 0.82930000
vn 0.00000000 1.00000000 0.00000000
vn -0.60240000 0.00000000 0.79820000
vn 0.00000000 1.00000000 0.00010000
vn 0.00000000 1.00000000 0.00000000
vn -0.49880000 0.00000000 0.86670000
vn -0.55880000 0.00000000 0.82930000
vn 0.00000000 1.00000000 0.00010000
vn 0.00000000 1.00000000 -0.00010000
vn -0.41360000 0.00000000 0.91050000
vn -0.49880000 0.00000000 0.86670000
vn -0.94330000 0.00000000 -0.33180000
vn 0.00000000 1.00000000 -0.00010000
vn -0.41360000 0.00000000 0.91050000
vn -0.94180000 0.00000000 -0.33620000
vn 0.00000000 1.00000000 0.00010000
vn -0.94330000 0.00000000 -0.33180000
vn 0.00000000 1.00000000 -0.00010000
vn 0.00000000 1.00000000 0.00000000
vn -0.94330000 0.00000000 -0.33180000
vn -0.94180000 0.00000000 -0.33620000
vn 0.00000000 1.00000000 0.00000000
vn 0.00000000 1.00000000 -0.00010000
vn -0.94330000 0.00000000 -0.33180000
vn 0.00000000 1.00000000 0.00000000
vn 0.00000000 1.00000000 -0.00010000
vn 0.00000000 1.00000000 0.00000000
vn -0.94330000 0.00000000 -0.33180000
vn 0.35030000 0.00000000 -0.93660000
vn 0.35030000 0.00000000 -0.93660000
vn 0.00000000 1.00000000 0.00000000
vn 0.40850000 0.00000000 -0.91270000
vn 0.00000000 1.00000000 -0.00010000
vn 0.40850000 0.00000000 -0.91270000
vn 0.00000000 1.00000000 0.00000000
vn 0.46570000 0.00000000 -0.88490000
vn 0.50510000 0.00000000 -0.86310000
vn 0.00000000 1.00000000 0.00000000
vn 0.46570000 0.00000000 -0.88490000
vn 0.00000000 1.00000000 -0.00010000
vn 0.55290000 0.00000000 -0.83330000
vn 0.00000000 1.00000000 0.00000000
vn 0.00000000 1.00000000 -0.00010000
vn 0.50510000 0.00000000 -0.86310000
vn 0.00000000 1.00000000 0.00000000
vn 0.55290000 0.00000000 -0.83330000
vn 0.60480000 0.00000000 -0.79640000
vn 0.00000000 1.00000000 0.00000000
vn 0.60480000 0.00000000 -0.79640000
vn 0.66040000 0.00000000 -0.75090000
vn 0.71910000 0.00000000 -0.69490000
vn 0.00000000 1.00000000 0.00000000
vn 0.66040000 0.00000000 -0.75090000
vn 0.00000000 1.00000000 0.00010000
vn 0.71910000 0.00000000 -0.69490000
vn 0.77910000 0.00000000 -0.62700000
vn 0.00000000 1.00000000 0.00000000
vn 0.82500000 0.00000000 -0.56510000
vn 0.00000000 1.00000000 0.00000000
vn 0.77910000 0.00000000 -0.62700000
vn 0.00030000 1.00000000 0.00020000
vn 0.82500000 0.00000000 -0.56510000
vn 0.85290000 0.00000000 -0.52210000
vn 0.00000000 1.00000000 0.00000000
vn 0.88280000 0.00000000 -0.46980000
vn 0.00000000 1.00000000 0.00000000
vn 0.85290000 0.00000000 -0.52210000
vn 0.90630000 0.00000000 -0.42260000
vn 0.00000000 1.00000000 0.00000000
vn 0.88280000 0.00000000 -0.46980000
vn 0.00000000 1.00000000 0.00000000
vn 0.90630000 0.00000000 -0.42260000
vn 0.93040000 0.00000000 -0.36650000
vn 0.93040000 0.00000000 -0.36650000
vn 0.00000000 1.00000000 0.00000000
vn 0.00000000 1.00000000 0.00010000
vn 0.95030000 0.00000000 -0.31140000
vn 0.00000000 1.00000000 0.00000000
vn 0.00000000 1.00000000 0.00010000
vn 0.95030000 0.00000000 -0.31140000
vn 0.96810000 0.00000000 -0.25050000
vn 0.00000000 1.00000000 0.00000000
vn 0.98190000 0.00000000 -0.18950000
vn 0.96810000 0.00000000 -0.25050000
vn 0.98190000 0.00000000 -0.18950000
vn 0.00000000 1.00000000 0.00000000
vn 0.99180000 0.00000000 -0.12770000
vn 0.99780000 0.00000000 -0.06650000
vn 0.00000000 1.00000000 0.00000000
vn 0.99180000 0.00000000 -0.12770000
vn 0.99780000 0.00000000 -0.06650000
vn 0.99990000 0.00000000 -0.01080000
vn 0.00000000 1.00000000 0.00000000
vn 0.99990000 0.00000000 -0.01080000
vn 0.99920000 0.00000000 0.03950000
vn 0.00000000 1.00000000 0.00000000
vn 0.00000000 1.00000000 -0.00010000
vn 0.99590000 0.00000000 0.09020000
vn 0.00000000 1.00000000 0.00000000
vn 0.99920000 0.00000000 0.03950000
vn 0.00000000 1.00000000 -0.00010000
vn 0.00000000 1.00000000 0.00010000
vn 0.00000000 1.00000000 0.00000000
vn 0.99590000 0.00000000 0.09020000
vn 0.99010000 0.00000000 0.14050000
vn 0.00000000 1.00000000 0.00000000
vn 0.98190000 0.00000000 0.18950000
vn 0.99010000 0.00000000 0.14050000
vn 0.97140000 0.00000000 0.23740000
vn 0.00000000 1.00000000 0.00000000
vn 0.98190000 0.00000000 0.18950000
vn 0.00000000 1.00000000 -0.00010000
vn 0.95790000 0.00000000 0.28720000
vn 0.00000000 1.00000000 0.00000000
vn 0.97140000 0.00000000 0.23740000
vn 0.94240000 0.00000000 0.33440000
vn 0.00000000 1.00000000 -0.00010000
vn 0.95790000 0.00000000 0.28720000
vn 0.00000000 1.00000000 0.00000000
vn 0.92440000 0.00000000 0.38150000
vn 0.00000000 1.00000000 0.00000000
vn 0.94240000 0.00000000 0.33440000
vn 0.00000000 1.00000000 0.00010000
vn 0.00000000 1.00000000 0.00010000
vn 0.00000000 1.00000000 -0.00010000
vn 0.92440000 0.00000000 0.38150000
vn 0.90590000 0.00000000 0.42340000
vn 0.90590000 0.00000000 0.42340000
vn 0.88120000 0.00000000 0.47270000
vn 0.00000000 1.00000000 0.00000000
vn 0.00000000 1.00000000 -0.00010000
vn 0.00000000 1.00000000 0.00010000
vn 0.00000000 1.00000000 0.00000000
vn 0.85920000 0.00000000 0.51170000
vn 0.88120000 0.00000000 0.47270000
vn 0.83480000 0.00000000 0.55060000
vn 0.00000000 1.00000000 0.00000000
vn 0.00000000 1.00000000 0.00010000
vn 0.85920000 0.00000000 0.51170000
vn 0.00000000 1.00000000 0.00000000
vn 0.83480000 0.00000000 0.55060000
vn 0.80800000 0.00000000 0.58920000
vn 0.77580000 0.00000000 0.63100000
vn 0.00000000 1.00000000 0.00000000
vn 0.80800000 0.00000000 0.58920000
vn 0.00000000 1.00000000 -0.00010000
vn 0.77580000 0.00000000 0.63100000
vn 0.74420000 0.00000000 0.66800000
vn 0.00000000 1.00000000 0.00000000
vn 0.74420000 0.00000000 0.66800000
vn 0.00000000 1.00000000 0.00000000
vn 0.71350000 0.00000000 0.70070000
vn 0.67730000 0.00000000 0.73570000
vn 0.00000000 1.00000000 -0.00010000
vn 0.00000000 1.00000000 0.00000000
vn 0.71350000 0.00000000 0.70070000
vn 0.64210000 0.00000000 0.76660000
vn 0.67730000 0.00000000 0.73570000
vn 0.00000000 1.00000000 0.00000000
vn 0.60490000 -0.00020000 0.79630000
vn 0.00000000 1.00000000 0.00000000
vn 0.00000000 1.00000000 -0.00010000
vn -0.00010000 1.00000000 0.00030000
vn 0.64210000 0.00000000 0.76660000
vn 0.60490000 -0.00030000 0.79630000
vn 0.00010000 1.00000000 -0.00030000
vn 0.00000000 1.00000000 0.00000000
vn 0.56810000 0.00000000 0.82290000
vn 0.52660000 0.00000000 0.85010000
vn 0.56810000 0.00000000 0.82290000
vn 0.00000000 1.00000000 0.00000000
vn 0.00000000 1.00000000 0.00000000
vn 0.52660000 0.00000000 0.85010000
vn 0.48070000 0.00000000 0.87690000
vn 0.00000000 1.00000000 0.00000000
vn 0.43840000 0.00000000 0.89880000
vn 0.48070000 0.00000000 0.87690000
vn 0.39430000 0.00000000 0.91900000
vn 0.00000000 1.00000000 0.00000000
vn 0.43840000 0.00000000 0.89880000
vn 0.00000000 1.00000000 0.00000000
vn 0.35270000 0.00000000 0.93570000
vn 0.39430000 0.00000000 0.91900000
vn 0.30510000 0.00000000 0.95230000
vn 0.00000000 1.00000000 0.00000000
vn 0.35270000 0.00000000 0.93570000
vn 0.00000000 1.00000000 0.00000000
vn 0.25700000 0.00000000 0.96640000
vn 0.30510000 0.00000000 0.95230000
vn 0.21010000 0.00000000 0.97770000
vn 0.00000000 1.00000000 0.00000000
vn 0.25700000 0.00000000 0.96640000
vn 0.16000000 0.00000000 0.98710000
vn 0.00000000 1.00000000 0.00000000
vn 0.21010000 0.00000000 0.97770000
vn 0.10990000 0.00000000 0.99390000
vn 0.00000000 1.00000000 0.00000000
vn 0.16000000 0.00000000 0.98710000
vn 0.06060000 0.00000000 0.99820000
vn 0.10990000 0.00000000 0.99390000
vn 0.00000000 1.00000000 0.00000000
vn 0.00720000 0.00000000 1.00000000
vn 0.06060000 0.00000000 0.99820000
vn 0.00000000 1.00000000 0.00000000
vn 0.00720000 0.00000000 1.00000000
vn 0.00000000 1.00000000 0.00000000
vn -0.05140000 0.00000000 0.99870000
vn -0.10910000 0.00000000 0.99400000
vn 0.00000000 1.00000000 0.00000000
vn -0.05140000 0.00000000 0.99870000
vn 0.00000000 1.00000000 0.00000000
vn -0.10910000 0.00000000 0.99400000
vn -0.16750000 0.00000000 0.98590000
vn -0.16750000 0.00000000 0.98590000
vn 0.00000000 1.00000000 0.00000000
vn -0.22290000 0.00000000 0.97480000
vn -0.27910000 0.00000000 0.96030000
vn 0.00000000 1.00000000 0.00000000
vn -0.22290000 0.00000000 0.97480000
vn -0.27910000 0.00000000 0.96030000
vn -0.33010000 0.00000000 0.94390000
vn 0.00000000 1.00000000 0.00000000
vn -0.33010000 0.00000000 0.94390000
vn -0.37840000 0.00000000 0.92560000
vn 0.00000000 1.00000000 0.00000000
vn 0.00000000 1.00000000 0.00000000
vn -0.37840000 0.00000000 0.92560000
vn 0.00000000 1.00000000 0.00010000
vn -0.42800000 0.00000000 0.90380000
vn -0.47050000 0.00000000 0.88240000
vn -0.42800000 0.00000000 0.90380000
vn 0.00000000 1.00000000 0.00010000
vn 0.00000000 1.00000000 0.00000000
vn -0.52770000 0.00000000 0.84940000
vn -0.47050000 0.00000000 0.88240000
vn 0.00000000 1.00000000 0.00000000
vn -0.59720000 0.00000000 0.80210000
vn -0.52770000 0.00000000 0.84940000
vn 0.00000000 1.00000000 0.00000000
vn 0.00000000 1.00000000 0.00000000
vn -0.59720000 0.00000000 0.80210000
vn -0.65940000 0.00000000 0.75180000
vn 0.00000000 1.00000000 0.00010000
vn -0.65940000 0.00000000 0.75180000
vn 0.00000000 1.00000000 -0.00010000
vn 0.00000000 1.00000000 0.00000000
vn -0.70250000 0.00000000 0.71170000
vn -0.70250000 0.00000000 0.71170000
vn 0.00000000 1.00000000 0.00000000
vn -0.74440000 0.00000000 0.66780000
vn 0.00000000 1.00000000 -0.00010000
vn -0.77620000 0.00000000 0.63040000
vn 0.00000000 1.00000000 0.00000000
vn -0.74440000 0.00000000 0.66780000
vn -0.79920000 0.00000000 0.60100000
vn 0.00000000 1.00000000 0.00010000
vn 0.00000000 1.00000000 0.00000000
vn -0.77620000 0.00000000 0.63040000
vn -0.79920000 0.00000000 0.60100000
vn 0.00000000 1.00000000 0.00010000
vn 0.00000000 1.00000000 0.00000000
vn -0.83000000 0.00000000 0.55770000
vn -0.83000000 0.00000000 0.55770000
vn 0.00000000 1.00000000 0.00000000
vn -0.85150000 0.00000000 0.52430000
vn -0.85150000 0.00000000 0.52430000
vn 0.00000000 1.00000000 0.00000000
vn -0.84290000 0.00000000 0.53810000
vn -0.81810000 0.00000000 0.57500000
vn 0.00000000 1.00000000 0.00000000
vn -0.84290000 0.00000000 0.53810000
vn 0.00000000 1.00000000 0.00010000
vn -0.79900000 0.00000000 0.60140000
vn -0.81810000 0.00000000 0.57500000
vn 0.00000000 1.00000000 0.00000000
vn 0.00000000 1.00000000 0.00010000
vn -0.77410000 0.00000000 0.63300000
vn 0.00000000 1.00000000 0.00000000
vn -0.79900000 0.00000000 0.60140000
vn 0.00000000 1.00000000 0.00010000
vn -0.77410000 0.00000000 0.63300000
vn 0.00000000 1.00000000 0.00010000
vn 0.00000000 1.00000000 0.00000000
vn -0.74490000 0.00000000 0.66720000
vn 0.00000000 1.00000000 0.00000000
vn -0.71320000 0.00000000 0.70100000
vn -0.74490000 0.00000000 0.66720000
vn 0.00000000 1.00000000 0.00010000
vn 0.00000000 1.00000000 -0.00010000
vn 0.00000000 1.00000000 0.00010000
vn -0.71320000 0.00000000 0.70100000
vn -0.67270000 0.00000000 0.73990000
vn 0.00000000 1.00000000 0.00000000
vn 0.00000000 1.00000000 0.00000000
vn -0.62490000 0.00000000 0.78070000
vn -0.67270000 0.00000000 0.73990000
vn -0.62490000 0.00000000 0.78070000
vn 0.00000000 1.00000000 0.00000000
vn -0.57120000 0.00000000 0.82080000
vn -0.50780000 0.00000000 0.86150000
vn 0.00000000 1.00000000 0.00000000
vn -0.57120000 0.00000000 0.82080000
vn -0.43070000 0.00000000 0.90250000
vn 0.00000000 1.00000000 0.00000000
vn -0.50780000 0.00000000 0.86150000
vn 0.00000000 1.00000000 -0.00010000
vn 0.00000000 1.00000000 -0.00010000
vn 0.00000000 1.00000000 0.00000000
vn 0.00000000 1.00000000 0.00010000
vn -0.43070000 0.00000000 0.90250000
vn -0.34220000 0.00000000 0.93960000
vn -0.24300000 0.00000000 0.97000000
vn -0.34220000 0.00000000 0.93960000
vn 0.00000000 1.00000000 0.00000000
vn 0.00000000 1.00000000 0.00000000
vn -0.24300000 0.00000000 0.97000000
vn -0.13410000 0.00000000 0.99100000
vn -0.13410000 0.00000000 0.99100000
vn -0.02140000 0.00000000 0.99980000
vn 0.00000000 1.00000000 0.00000000
vn 0.07590000 0.00000000 0.99710000
vn -0.02140000 0.00000000 0.99980000
vn 0.00000000 1.00000000 0.00000000
vn 0.15650000 0.00000000 0.98770000
vn 0.00000000 1.00000000 0.00000000
vn 0.07590000 0.00000000 0.99710000
vn 0.00000000 1.00000000 0.00000000
vn 0.23780000 0.00000000 0.97130000
vn 0.15650000 0.00000000 0.98770000
vn 0.00000000 1.00000000 0.00010000
vn 0.23780000 0.00000000 0.97130000
vn 0.00000000 1.00000000 0.00000000
vn 0.31780000 0.00000000 0.94820000
vn 0.39730000 0.00000000 0.91770000
vn 0.00000000 1.00000000 0.00010000
vn 0.00000000 1.00000000 0.00000000
vn 0.31780000 0.00000000 0.94820000
vn 0.47850000 0.00000000 0.87810000
vn 0.00000000 1.00000000 0.00000000
vn 0.39730000 0.00000000 0.91770000
vn 0.00000000 1.00000000 0.00000000
vn 0.00000000 1.00000000 0.00010000
vn 0.56160000 0.00000000 0.82740000
vn 0.47850000 0.00000000 0.87810000
vn 0.00000000 1.00000000 0.00000000
vn 0.00000000 1.00000000 0.00010000
vn 0.64240000 0.00000000 0.76640000
vn 0.56160000 0.00000000 0.82740000
vn 0.64240000 0.00000000 0.76640000
vn 0.00000000 1.00000000 0.00010000
vn 0.00000000 1.00000000 -0.00010000
vn 0.00000000 1.00000000 0.00000000
vn 0.71860000 0.00000000 0.69550000
vn 0.00000000 1.00000000 0.00000000
vn 0.78790000 0.00000000 0.61580000
vn 0.00000000 1.00000000 0.00010000
vn 0.71860000 0.00000000 0.69550000
vn 0.85160000 0.00000000 0.52420000
vn 0.00000000 1.00000000 0.00000000
vn 0.78790000 0.00000000 0.61580000
vn 0.85160000 0.00000000 0.52420000
vn 0.00000000 1.00000000 0.00000000
vn 0.90660000 0.00000000 0.42200000
vn 0.00000000 1.00000000 0.00000000
vn 0.94840000 0.00000000 0.31710000
vn 0.90660000 0.00000000 0.42200000
vn 0.97700000 0.00000000 0.21320000
vn 0.00000000 1.00000000 0.00000000
vn 0.94840000 0.00000000 0.31710000
vn -0.00020000 1.00000000 0.00030000
vn 0.97700000 0.00000000 0.21320000
vn 0.00000000 1.00000000 0.00000000
vn 0.00000000 1.00000000 0.00010000
vn 0.99400000 0.00000000 0.10950000
vn 0.00000000 1.00000000 0.00000000
vn 0.00000000 1.00000000 -0.00010000
vn 0.99400000 0.00000000 0.10950000
vn 0.00000000 1.00000000 0.00010000
vn 0.99990000 0.00000000 0.01030000
vt 0.00000000 0.10871700
vt 0.00000000 0.14519600
vt 0.00628000 0.10871700
vt 0.00628000 0.14519600
vt 0.01256100 0.10871700
vt 0.01256100 0.14519600
vt 0.01884100 0.10871700
vt 0.01884100 0.14519600
vt 0.02512100 0.10871700
vt 0.02512100 0.14519600
vt 0.03140200 0.10871700
vt 0.03140200 0.14519600
vt 0.03768200 0.10871700
vt 0.03768200 0.14519600
vt 0.04396200 0.10871700
vt 0.04396200 0.14519600
vt 0.05024300 0.10871700
vt 0.05024300 0.14519600
vt 0.06280300 0.10871700
vt 0.06280300 0.14519600
vt 0.07536400 0.10871700
vt 0.07536400 0.14519600
vt 0.08792500 0.10871700
vt 0.08792500 0.14519600
vt 0.10048500 0.10871700
vt 0.10048500 0.14519600
vt 0.10048500 0.12087700
vt 0.10048500 0.13303700
vt 0.00000000 0.13303700
vt 0.00000000 0.12087700
vt 0.00628000 0.12695700
vt 0.01884100 0.12695700
vt 0.02512100 0.12695700
vt 0.03140200 0.12695700
vt 0.03768200 0.12695700
vt 0.04396200 0.12695700
vt 0.05024300 0.12695700
vt 0.06280300 0.12695700
vt 0.07536400 0.12695700
vt 0.08792500 0.12695700
vt 0.00000000 0.05435900
vt 0.00000000 0.05435900
vt 0.00000000 0.05435900
vt 0.00000000 0.05435900
vt 0.00000000 0.09083800
vt 0.00000000 0.09083800
vt 0.00000000 0.09083800
vt 0.00000000 0.09083800
vt 0.01951100 0.05435900
vt 0.01951100 0.05435900
vt 0.01951100 0.05435900
vt 0.01951100 0.06347800
vt 0.01951100 0.06347800
vt 0.01951100 0.06347800
vt 0.01951100 0.06347800
vt 0.01951100 0.07259800
vt 0.01951100 0.07259800
vt 0.01951100 0.07259800
vt 0.01951100 0.07259800
vt 0.01951100 0.08171800
vt 0.01951100 0.08171800
vt 0.01951100 0.08171800
vt 0.01951100 0.09083800
vt 0.01951100 0.09083800
vt 0.01951100 0.09083800
vt 0.03902300 0.05435900
vt 0.03902300 0.05435900
vt 0.03902300 0.06347800
vt 0.03902300 0.06347800
vt 0.03902300 0.07259800
vt 0.03902300 0.07259800
vt 0.03902300 0.07259800
vt 0.03902300 0.08171800
vt 0.03902300 0.08171800
vt 0.03902300 0.09083800
vt 0.03902300 0.09083800
vt 0.03902300 0.09083800
vt 0.05853400 0.05435900
vt 0.05853400 0.05435900
vt 0.05853400 0.06347800
vt 0.05853400 0.06347800
vt 0.05853400 0.06347800
vt 0.05853400 0.07259800
vt 0.05853400 0.07259800
vt 0.05853400 0.08171800
vt 0.05853400 0.08171800
vt 0.05853400 0.08171800
vt 0.05853400 0.09083800
vt 0.05853400 0.09083800
vt 0.05853400 0.09083800
vt 0.07804600 0.05435900
vt 0.07804600 0.05435900
vt 0.07804600 0.05435900
vt 0.07804600 0.05435900
vt 0.07804600 0.09083800
vt 0.07804600 0.09083800
vt 0.07804600 0.09083800
vt 0.07804600 0.09083800
vt 0.00000000 0.07867800
vt 0.00000000 0.07867800
vt 0.00000000 0.07867800
vt 0.00000000 0.07867800
vt 0.00000000 0.07867800
vt 0.00000000 0.06651800
vt 0.00000000 0.06651800
vt 0.00000000 0.06651800
vt 0.07804600 0.06651800
vt 0.07804600 0.06651800
vt 0.07804600 0.06651800
vt 0.07804600 0.06651800
vt 0.07804600 0.07867800
vt 0.07804600 0.07867800
vt 0.07804600 0.07867800
vt 0.07804600 0.07867800
vt 0.99853500 0.00000000
vt 0.96352100 0.00000000
vt 0.99853500 0.02044900
vt 0.96352100 0.02044900
vt 0.99853500 0.04089700
vt 0.96352100 0.04089700
vt 0.99853500 0.05112100
vt 0.96352100 0.05112100
vt 0.99853500 0.06134600
vt 0.96352100 0.06134600
vt 0.99853500 0.07157000
vt 0.96352100 0.07157000
vt 0.99853500 0.08179400
vt 0.96352100 0.08179400
vt 0.99853500 0.09201900
vt 0.96352100 0.09201900
vt 0.99853500 0.10224300
vt 0.96352100 0.10224300
vt 0.99853500 0.11246700
vt 0.96352100 0.11246700
vt 0.99853500 0.12269100
vt 0.96352100 0.12269100
vt 0.99853500 0.13291600
vt 0.96352100 0.13291600
vt 0.99853500 0.13802800
vt 0.96352100 0.13802800
vt 0.99853500 0.14314000
vt 0.96352100 0.14314000
vt 0.99853500 0.14825200
vt 0.96352100 0.14825200
vt 0.99853500 0.15336400
vt 0.96352100 0.15336400
vt 0.99853500 0.15847600
vt 0.96352100 0.15847600
vt 0.99853500 0.16358800
vt 0.96352100 0.16358800
vt 0.99853500 0.16870100
vt 0.96352100 0.16870100
vt 0.99853500 0.17381300
vt 0.96352100 0.17381300
vt 0.99853500 0.17892500
vt 0.96352100 0.17892500
vt 0.99853500 0.18403700
vt 0.96352100 0.18403700
vt 0.99853500 0.18914900
vt 0.96352100 0.18914900
vt 0.99853500 0.19426100
vt 0.96352100 0.19426100
vt 0.99853500 0.19937300
vt 0.96352100 0.19937300
vt 0.99853500 0.20448600
vt 0.96352100 0.20448600
vt 0.99853500 0.20959800
vt 0.96352100 0.20959800
vt 0.99853500 0.21471000
vt 0.96352100 0.21471000
vt 0.99853500 0.21982200
vt 0.96352100 0.21982200
vt 0.99853500 0.22493400
vt 0.96352100 0.22493400
vt 0.99853500 0.23004600
vt 0.96352100 0.23004600
vt 0.99853500 0.23515800
vt 0.96352100 0.23515800
vt 0.99853500 0.24027100
vt 0.96352100 0.24027100
vt 0.99853500 0.24538300
vt 0.96352100 0.24538300
vt 0.99853500 0.25049500
vt 0.96352100 0.25049500
vt 0.99853500 0.25560700
vt 0.96352100 0.25560700
vt 0.99853500 0.26071900
vt 0.96352100 0.26071900
vt 0.99853500 0.26583100
vt 0.96352100 0.26583100
vt 0.99853500 0.27094300
vt 0.96352100 0.27094300
vt 0.99853500 0.27605600
vt 0.96352100 0.27605600
vt 0.99853500 0.28116800
vt 0.96352100 0.28116800
vt 0.99853500 0.28628000
vt 0.96352100 0.28628000
vt 0.99853500 0.29139200
vt 0.96352100 0.29139200
vt 0.99853500 0.29650400
vt 0.96352100 0.29650400
vt 0.99853500 0.30161600
vt 0.96352100 0.30161600
vt 0.99853500 0.30672800
vt 0.96352100 0.30672800
vt 0.99853500 0.31184100
vt 0.96352100 0.31184100
vt 0.99853500 0.31695300
vt 0.96352100 0.31695300
vt 0.99853500 0.32206500
vt 0.96352100 0.32206500
vt 0.99853500 0.32717700
vt 0.96352100 0.32717700
vt 0.99853500 0.33228900
vt 0.96352100 0.33228900
vt 0.99853500 0.33740100
vt 0.96352100 0.33740100
vt 0.99853500 0.34251300
vt 0.96352100 0.34251300
vt 0.99853500 0.34762500
vt 0.96352100 0.34762500
vt 0.99853500 0.35273800
vt 0.96352100 0.35273800
vt 0.99853500 0.35785000
vt 0.96352100 0.35785000
vt 0.99853500 0.36296200
vt 0.96352100 0.36296200
vt 0.99853500 0.36807400
vt 0.96352100 0.36807400
vt 0.99853500 0.37318600
vt 0.96352100 0.37318600
vt 0.99853500 0.37829800
vt 0.96352100 0.37829800
vt 0.99853500 0.38852300
vt 0.96352100 0.38852300
vt 0.99853500 0.39874700
vt 0.96352100 0.39874700
vt 0.99853500 0.40897100
vt 0.96352100 0.40897100
vt 0.99853500 0.41919500
vt 0.96352100 0.41919500
vt 0.99853500 0.42942000
vt 0.96352100 0.42942000
vt 0.99853500 0.43964400
vt 0.96352100 0.43964400
vt 0.99853500 0.44986800
vt 0.96352100 0.44986800
vt 0.99853500 0.47031700
vt 0.96352100 0.47031700
vt 0.99853500 0.49076500
vt 0.96352100 0.49076500
vt 0.99853500 0.51121400
vt 0.96352100 0.51121400
vt 0.99853500 0.53166300
vt 0.96352100 0.53166300
vt 0.99853500 0.54188700
vt 0.96352100 0.54188700
vt 0.99853500 0.55211100
vt 0.96352100 0.55211100
vt 0.99853500 0.56233500
vt 0.96352100 0.56233500
vt 0.99853500 0.57256000
vt 0.96352100 0.57256000
vt 0.99853500 0.58278400
vt 0.96352100 0.58278400
vt 0.99853500 0.59300800
vt 0.96352100 0.59300800
vt 0.99853500 0.60323200
vt 0.96352100 0.60323200
vt 0.99853500 0.61345700
vt 0.96352100 0.61345700
vt 0.99853500 0.62368100
vt 0.96352100 0.62368100
vt 0.99853500 0.63390500
vt 0.96352100 0.63390500
vt 0.99853500 0.64413000
vt 0.96352100 0.64413000
vt 0.99853500 0.65435400
vt 0.96352100 0.65435400
vt 0.99853500 0.66457800
vt 0.96352100 0.66457800
vt 0.99853500 0.67480200
vt 0.96352100 0.67480200
vt 0.99853500 0.68502700
vt 0.96352100 0.68502700
vt 0.99853500 0.69525100
vt 0.96352100 0.69525100
vt 0.99853500 0.70547500
vt 0.96352100 0.70547500
vt 0.99853500 0.71570000
vt 0.96352100 0.71570000
vt 0.99853500 0.72592400
vt 0.96352100 0.72592400
vt 0.99853500 0.73614800
vt 0.96352100 0.73614800
vt 0.99853500 0.74637200
vt 0.96352100 0.74637200
vt 0.99853500 0.75659700
vt 0.96352100 0.75659700
vt 0.99853500 0.76682100
vt 0.96352100 0.76682100
vt 0.99853500 0.77704500
vt 0.96352100 0.77704500
vt 0.99853500 0.78726900
vt 0.96352100 0.78726900
vt 0.99853500 0.79749400
vt 0.96352100 0.79749400
vt 0.99853500 0.80771800
vt 0.96352100 0.80771800
vt 0.99853500 0.81794200
vt 0.96352100 0.81794200
vt 0.99853500 0.82816700
vt 0.96352100 0.82816700
vt 0.99853500 0.83839100
vt 0.96352100 0.83839100
vt 0.99853500 0.84861500
vt 0.96352100 0.84861500
vt 0.99853500 0.85883900
vt 0.96352100 0.85883900
vt 0.99853500 0.86906400
vt 0.96352100 0.86906400
vt 0.99853500 0.87928800
vt 0.96352100 0.87928800
vt 0.99853500 0.88951200
vt 0.96352100 0.88951200
vt 0.99853500 0.89973700
vt 0.96352100 0.89973700
vt 0.99853500 0.90996100
vt 0.96352100 0.90996100
vt 0.99853500 0.92018500
vt 0.96352100 0.92018500
vt 0.99853500 0.94063400
vt 0.96352100 0.94063400
vt 0.99853500 0.98153100
vt 0.96352100 0.98153100
vt 0.97519200 0.00000000
vt 0.98686400 0.00000000
vt 0.98686400 0.98153100
vt 0.97519200 0.98153100
vt 0.00000000 0.00000000
vt 0.00000000 0.00000000
vt 0.00000000 0.00000000
vt 0.00000000 0.03647900
vt 0.00000000 0.03647900
vt 0.00000000 0.03647900
vt 0.01918500 0.00000000
vt 0.01918500 0.00000000
vt 0.01918500 0.00000000
vt 0.01918500 0.00912000
vt 0.01918500 0.00912000
vt 0.01918500 0.00912000
vt 0.01918500 0.01824000
vt 0.01918500 0.01824000
vt 0.01918500 0.02735900
vt 0.01918500 0.02735900
vt 0.01918500 0.02735900
vt 0.01918500 0.03647900
vt 0.01918500 0.03647900
vt 0.01918500 0.03647900
vt 0.03836900 0.00000000
vt 0.03836900 0.00000000
vt 0.03836900 0.00000000
vt 0.03836900 0.00912000
vt 0.03836900 0.00912000
vt 0.03836900 0.01824000
vt 0.03836900 0.01824000
vt 0.03836900 0.01824000
vt 0.03836900 0.02735900
vt 0.03836900 0.02735900
vt 0.03836900 0.02735900
vt 0.03836900 0.02735900
vt 0.03836900 0.03647900
vt 0.03836900 0.03647900
vt 0.03836900 0.03647900
vt 0.03836900 0.03647900
vt 0.05755400 0.00000000
vt 0.05755400 0.00000000
vt 0.05755400 0.00000000
vt 0.05755400 0.00912000
vt 0.05755400 0.00912000
vt 0.05755400 0.00912000
vt 0.05755400 0.01824000
vt 0.05755400 0.01824000
vt 0.05755400 0.01824000
vt 0.05755400 0.02735900
vt 0.05755400 0.02735900
vt 0.05755400 0.02735900
vt 0.05755400 0.02735900
vt 0.05755400 0.03647900
vt 0.05755400 0.03647900
vt 0.05755400 0.03647900
vt 0.05755400 0.03647900
vt 0.07673800 0.00000000
vt 0.07673800 0.00000000
vt 0.07673800 0.00000000
vt 0.07673800 0.03647900
vt 0.07673800 0.03647900
vt 0.07673800 0.03647900
vt 0.07673800 0.03647900
vt 0.00000000 0.02431900
vt 0.00000000 0.02431900
vt 0.00000000 0.02431900
vt 0.00000000 0.01216000
vt 0.00000000 0.01216000
vt 0.07673800 0.01216000
vt 0.07673800 0.01216000
vt 0.07673800 0.01216000
vt 0.07673800 0.02431900
vt 0.07673800 0.02431900
vt 0.07673800 0.02431900
vt 0.96205600 0.00000000
vt 0.92704200 0.00000000
vt 0.96205600 0.02717100
vt 0.92704200 0.02717100
vt 0.96205600 0.05434200
vt 0.92704200 0.05434200
vt 0.96205600 0.06792800
vt 0.92704200 0.06792800
vt 0.96205600 0.08151300
vt 0.92704200 0.08151300
vt 0.96205600 0.09509900
vt 0.92704200 0.09509900
vt 0.96205600 0.10868400
vt 0.92704200 0.10868400
vt 0.96205600 0.12227000
vt 0.92704200 0.12227000
vt 0.96205600 0.13585500
vt 0.92704200 0.13585500
vt 0.96205600 0.14944100
vt 0.92704200 0.14944100
vt 0.96205600 0.15623400
vt 0.92704200 0.15623400
vt 0.96205600 0.16302600
vt 0.92704200 0.16302600
vt 0.96205600 0.16981900
vt 0.92704200 0.16981900
vt 0.96205600 0.17661200
vt 0.92704200 0.17661200
vt 0.96205600 0.18340500
vt 0.92704200 0.18340500
vt 0.96205600 0.19019800
vt 0.92704200 0.19019800
vt 0.96205600 0.19699000
vt 0.92704200 0.19699000
vt 0.96205600 0.20378300
vt 0.92704200 0.20378300
vt 0.96205600 0.21057600
vt 0.92704200 0.21057600
vt 0.96205600 0.21736900
vt 0.92704200 0.21736900
vt 0.96205600 0.22416100
vt 0.92704200 0.22416100
vt 0.96205600 0.23095400
vt 0.92704200 0.23095400
vt 0.96205600 0.23774700
vt 0.92704200 0.23774700
vt 0.96205600 0.24454000
vt 0.92704200 0.24454000
vt 0.96205600 0.25133200
vt 0.92704200 0.25133200
vt 0.96205600 0.25812500
vt 0.92704200 0.25812500
vt 0.96205600 0.26491800
vt 0.92704200 0.26491800
vt 0.96205600 0.27171100
vt 0.92704200 0.27171100
vt 0.96205600 0.27850400
vt 0.92704200 0.27850400
vt 0.96205600 0.28529600
vt 0.92704200 0.28529600
vt 0.96205600 0.29208900
vt 0.92704200 0.29208900
vt 0.96205600 0.29888200
vt 0.92704200 0.29888200
vt 0.96205600 0.30567500
vt 0.92704200 0.30567500
vt 0.96205600 0.31246700
vt 0.92704200 0.31246700
vt 0.96205600 0.31926000
vt 0.92704200 0.31926000
vt 0.96205600 0.32605300
vt 0.92704200 0.32605300
vt 0.96205600 0.33284600
vt 0.92704200 0.33284600
vt 0.96205600 0.33963900
vt 0.92704200 0.33963900
vt 0.96205600 0.34643100
vt 0.92704200 0.34643100
vt 0.96205600 0.35322400
vt 0.92704200 0.35322400
vt 0.96205600 0.36001700
vt 0.92704200 0.36001700
vt 0.96205600 0.36681000
vt 0.92704200 0.36681000
vt 0.96205600 0.37360200
vt 0.92704200 0.37360200
vt 0.96205600 0.38039500
vt 0.92704200 0.38039500
vt 0.96205600 0.38718800
vt 0.92704200 0.38718800
vt 0.96205600 0.39398100
vt 0.92704200 0.39398100
vt 0.96205600 0.40077300
vt 0.92704200 0.40077300
vt 0.96205600 0.40756600
vt 0.92704200 0.40756600
vt 0.96205600 0.41435900
vt 0.92704200 0.41435900
vt 0.96205600 0.42115200
vt 0.92704200 0.42115200
vt 0.96205600 0.42794500
vt 0.92704200 0.42794500
vt 0.96205600 0.43473700
vt 0.92704200 0.43473700
vt 0.96205600 0.44153000
vt 0.92704200 0.44153000
vt 0.96205600 0.44832300
vt 0.92704200 0.44832300
vt 0.96205600 0.45511600
vt 0.92704200 0.45511600
vt 0.96205600 0.46190800
vt 0.92704200 0.46190800
vt 0.96205600 0.46870100
vt 0.92704200 0.46870100
vt 0.96205600 0.47549400
vt 0.92704200 0.47549400
vt 0.96205600 0.48228700
vt 0.92704200 0.48228700
vt 0.96205600 0.48907900
vt 0.92704200 0.48907900
vt 0.96205600 0.49587200
vt 0.92704200 0.49587200
vt 0.96205600 0.50266500
vt 0.92704200 0.50266500
vt 0.96205600 0.51625100
vt 0.92704200 0.51625100
vt 0.96205600 0.52983600
vt 0.92704200 0.52983600
vt 0.96205600 0.54342200
vt 0.92704200 0.54342200
vt 0.96205600 0.55700700
vt 0.92704200 0.55700700
vt 0.96205600 0.57059300
vt 0.92704200 0.57059300
vt 0.96205600 0.58417800
vt 0.92704200 0.58417800
vt 0.96205600 0.59776400
vt 0.92704200 0.59776400
vt 0.96205600 0.62493500
vt 0.92704200 0.62493500
vt 0.96205600 0.65210600
vt 0.92704200 0.65210600
vt 0.93871300 0.00000000
vt 0.95038500 0.00000000
vt 0.94454900 0.65210600
vt 0.00000000 0.16307600
vt 0.00000000 0.19955500
vt 0.01542900 0.16307600
vt 0.01542900 0.19955500
vt 0.02314400 0.16307600
vt 0.02314400 0.19955500
vt 0.03085800 0.16307600
vt 0.03085800 0.19955500
vt 0.03857300 0.16307600
vt 0.03857300 0.19955500
vt 0.04628700 0.16307600
vt 0.04628700 0.19955500
vt 0.05400200 0.16307600
vt 0.05400200 0.19955500
vt 0.06171600 0.16307600
vt 0.06171600 0.19955500
vt 0.06943100 0.16307600
vt 0.06943100 0.19955500
vt 0.07714600 0.16307600
vt 0.07714600 0.19955500
vt 0.08486000 0.16307600
vt 0.08486000 0.19955500
vt 0.09257500 0.16307600
vt 0.09257500 0.19955500
vt 0.10028900 0.16307600
vt 0.10028900 0.19955500
vt 0.10800400 0.16307600
vt 0.10800400 0.19955500
vt 0.11571800 0.16307600
vt 0.11571800 0.19955500
vt 0.12343300 0.16307600
vt 0.12343300 0.19955500
vt 0.13114700 0.16307600
vt 0.13114700 0.19955500
vt 0.13886200 0.16307600
vt 0.13886200 0.19955500
vt 0.14657700 0.16307600
vt 0.14657700 0.19955500
vt 0.15429100 0.16307600
vt 0.15429100 0.19955500
vt 0.16200600 0.16307600
vt 0.16200600 0.19955500
vt 0.16972000 0.16307600
vt 0.16972000 0.19955500
vt 0.17743500 0.16307600
vt 0.17743500 0.19955500
vt 0.18514900 0.16307600
vt 0.18514900 0.19955500
vt 0.19286400 0.16307600
vt 0.19286400 0.19955500
vt 0.20057900 0.16307600
vt 0.20057900 0.19955500
vt 0.20829300 0.16307600
vt 0.20829300 0.19955500
vt 0.21600800 0.16307600
vt 0.21600800 0.19955500
vt 0.22372200 0.16307600
vt 0.22372200 0.19955500
vt 0.23143700 0.16307600
vt 0.23143700 0.19955500
vt 0.23915100 0.16307600
vt 0.23915100 0.19955500
vt 0.24686600 0.16307600
vt 0.24686600 0.19955500
vt 0.24686600 0.17523600
vt 0.24686600 0.18739500
vt 0.00000000 0.18131600
vt 0.34634000 0.63831100
vt 0.34634000 0.63831100
vt 0.34634000 0.63831100
vt 0.34634000 0.63831100
vt 0.35190200 0.63401100
vt 0.35190200 0.63401100
vt 0.35190200 0.63401100
vt 0.35691400 0.62910800
vt 0.35691400 0.62910800
vt 0.35691400 0.62910800
vt 0.35691400 0.62910800
vt 0.36140200 0.62369400
vt 0.36140200 0.62369400
vt 0.36140200 0.62369400
vt 0.36140200 0.62369400
vt 0.36539400 0.61786200
vt 0.36539400 0.61786200
vt 0.36539400 0.61786200
vt 0.36539400 0.61786200
vt 0.36539400 0.61786200
vt 0.36891700 0.61170300
vt 0.36891700 0.61170300
vt 0.36891700 0.61170300
vt 0.36891700 0.61170300
vt 0.37199500 0.60531100
vt 0.37199500 0.60531100
vt 0.37199500 0.60531100
vt 0.37199500 0.60531100
vt 0.37465700 0.59877800
vt 0.37465700 0.59877800
vt 0.37465700 0.59877800
vt 0.37692900 0.59219600
vt 0.37692900 0.59219600
vt 0.37692900 0.59219600
vt 0.38041000 0.57925500
vt 0.38041000 0.57925500
vt 0.38041000 0.57925500
vt 0.38041000 0.57925500
vt 0.38264900 0.56722800
vt 0.38264900 0.56722800
vt 0.38264900 0.56722800
vt 0.38264900 0.56722800
vt 0.38386000 0.55685200
vt 0.38386000 0.55685200
vt 0.38386000 0.55685200
vt 0.38386000 0.55685200
vt 0.38425700 0.54886800
vt 0.38425700 0.54886800
vt 0.38425700 0.54886800
vt 0.40370700 0.54886800
vt 0.40370700 0.54886800
vt 0.40370700 0.54886800
vt 0.42315600 0.54886800
vt 0.42315600 0.54886800
vt 0.42315600 0.54886800
vt 0.44260600 0.54886800
vt 0.44260600 0.54886800
vt 0.44260600 0.54886800
vt 0.44260600 0.54886800
vt 0.44260600 0.54886800
vt 0.46205600 0.54886800
vt 0.46205600 0.54886800
vt 0.46205600 0.54886800
vt 0.46195800 0.55470700
vt 0.46195800 0.55470700
vt 0.46195800 0.55470700
vt 0.46195800 0.55470700
vt 0.46107400 0.56785900
vt 0.46107400 0.56785900
vt 0.46107400 0.56785900
vt 0.46107400 0.56785900
vt 0.46006300 0.57663600
vt 0.46006300 0.57663600
vt 0.46006300 0.57663600
vt 0.46006300 0.57663600
vt 0.45852700 0.58659200
vt 0.45852700 0.58659200
vt 0.45852700 0.58659200
vt 0.45635700 0.59751000
vt 0.45635700 0.59751000
vt 0.45635700 0.59751000
vt 0.45344300 0.60917300
vt 0.45344300 0.60917300
vt 0.45344300 0.60917300
vt 0.44967500 0.62136600
vt 0.44967500 0.62136600
vt 0.44967500 0.62136600
vt 0.44494400 0.63387200
vt 0.44494400 0.63387200
vt 0.44494400 0.63387200
vt 0.44494400 0.63387200
vt 0.43914000 0.64647300
vt 0.43914000 0.64647300
vt 0.43914000 0.64647300
vt 0.43914000 0.64647300
vt 0.43215500 0.65895500
vt 0.43215500 0.65895500
vt 0.43215500 0.65895500
vt 0.43215500 0.65895500
vt 0.43215500 0.65895500
vt 0.42387800 0.67109900
vt 0.42387800 0.67109900
vt 0.42387800 0.67109900
vt 0.42387800 0.67109900
vt 0.41922100 0.67697700
vt 0.41922100 0.67697700
vt 0.41922100 0.67697700
vt 0.41420000 0.68268900
vt 0.41420000 0.68268900
vt 0.41420000 0.68268900
vt 0.41420000 0.68268900
vt 0.40880100 0.68820900
vt 0.40880100 0.68820900
vt 0.40880100 0.68820900
vt 0.40301100 0.69351000
vt 0.40301100 0.69351000
vt 0.40301100 0.69351000
vt 0.39681700 0.69856300
vt 0.39681700 0.69856300
vt 0.39681700 0.69856300
vt 0.39020300 0.70334400
vt 0.39020300 0.70334400
vt 0.39020300 0.70334400
vt 0.38345800 0.70770400
vt 0.38345800 0.70770400
vt 0.38345800 0.70770400
vt 0.38345800 0.70770400
vt 0.37663500 0.71168700
vt 0.37663500 0.71168700
vt 0.37663500 0.71168700
vt 0.37663500 0.71168700
vt 0.36974400 0.71529500
vt 0.36974400 0.71529500
vt 0.36974400 0.71529500
vt 0.36974400 0.71529500
vt 0.36279400 0.71852900
vt 0.36279400 0.71852900
vt 0.36279400 0.71852900
vt 0.36279400 0.71852900
vt 0.35579500 0.72139300
vt 0.35579500 0.72139300
vt 0.35579500 0.72139300
vt 0.35579500 0.72139300
vt 0.34875700 0.72388600
vt 0.34875700 0.72388600
vt 0.34875700 0.72388600
vt 0.34875700 0.72388600
vt 0.34875700 0.72388600
vt 0.34169000 0.72601200
vt 0.34169000 0.72601200
vt 0.34169000 0.72601200
vt 0.33460400 0.72777200
vt 0.33460400 0.72777200
vt 0.33460400 0.72777200
vt 0.32750800 0.72916700
vt 0.32750800 0.72916700
vt 0.32750800 0.72916700
vt 0.32041300 0.73020100
vt 0.32041300 0.73020100
vt 0.32041300 0.73020100
vt 0.31332900 0.73087300
vt 0.31332900 0.73087300
vt 0.31332900 0.73087300
vt 0.30626400 0.73118800
vt 0.30626400 0.73118800
vt 0.30626400 0.73118800
vt 0.29923000 0.73114500
vt 0.29923000 0.73114500
vt 0.29923000 0.73114500
vt 0.29923000 0.73114500
vt 0.29223600 0.73074700
vt 0.29223600 0.73074700
vt 0.29223600 0.73074700
vt 0.29223600 0.73074700
vt 0.28529200 0.72999600
vt 0.28529200 0.72999600
vt 0.28529200 0.72999600
vt 0.27840700 0.72889400
vt 0.27840700 0.72889400
vt 0.27840700 0.72889400
vt 0.27840700 0.72889400
vt 0.27840700 0.72889400
vt 0.27159200 0.72744300
vt 0.27159200 0.72744300
vt 0.27159200 0.72744300
vt 0.27159200 0.72744300
vt 0.26485700 0.72564300
vt 0.26485700 0.72564300
vt 0.26485700 0.72564300
vt 0.25821100 0.72349800
vt 0.25821100 0.72349800
vt 0.25821100 0.72349800
vt 0.25166400 0.72100900
vt 0.25166400 0.72100900
vt 0.25166400 0.72100900
vt 0.24522600 0.71817700
vt 0.24522600 0.71817700
vt 0.24522600 0.71817700
vt 0.24522600 0.71817700
vt 0.23890700 0.71500600
vt 0.23890700 0.71500600
vt 0.23890700 0.71500600
vt 0.23890700 0.71500600
vt 0.23890700 0.71500600
vt 0.23271700 0.71149500
vt 0.23271700 0.71149500
vt 0.23271700 0.71149500
vt 0.23271700 0.71149500
vt 0.22666500 0.70764800
vt 0.22666500 0.70764800
vt 0.22666500 0.70764800
vt 0.22666500 0.70764800
vt 0.22076200 0.70346700
vt 0.22076200 0.70346700
vt 0.22076200 0.70346700
vt 0.21501700 0.69895200
vt 0.21501700 0.69895200
vt 0.21501700 0.69895200
vt 0.20944100 0.69410600
vt 0.20944100 0.69410600
vt 0.20944100 0.69410600
vt 0.20404300 0.68893000
vt 0.20404300 0.68893000
vt 0.20404300 0.68893000
vt 0.19883200 0.68342700
vt 0.19883200 0.68342700
vt 0.19883200 0.68342700
vt 0.19382000 0.67759900
vt 0.19382000 0.67759900
vt 0.19382000 0.67759900
vt 0.18901500 0.67144600
vt 0.18901500 0.67144600
vt 0.18901500 0.67144600
vt 0.18442800 0.66497200
vt 0.18442800 0.66497200
vt 0.18442800 0.66497200
vt 0.17974000 0.65752800
vt 0.17974000 0.65752800
vt 0.17974000 0.65752800
vt 0.17563200 0.64999600
vt 0.17563200 0.64999600
vt 0.17563200 0.64999600
vt 0.17208100 0.64239000
vt 0.17208100 0.64239000
vt 0.17208100 0.64239000
vt 0.16906000 0.63472600
vt 0.16906000 0.63472600
vt 0.16906000 0.63472600
vt 0.16654500 0.62701800
vt 0.16654500 0.62701800
vt 0.16654500 0.62701800
vt 0.16451000 0.61928300
vt 0.16451000 0.61928300
vt 0.16451000 0.61928300
vt 0.16293100 0.61153400
vt 0.16293100 0.61153400
vt 0.16293100 0.61153400
vt 0.16293100 0.61153400
vt 0.16178100 0.60378700
vt 0.16178100 0.60378700
vt 0.16178100 0.60378700
vt 0.16178100 0.60378700
vt 0.16103500 0.59605700
vt 0.16103500 0.59605700
vt 0.16103500 0.59605700
vt 0.16067000 0.58835900
vt 0.16067000 0.58835900
vt 0.16067000 0.58835900
vt 0.16097600 0.57311900
vt 0.16097600 0.57311900
vt 0.16097600 0.57311900
vt 0.16249700 0.55819000
vt 0.16249700 0.55819000
vt 0.16249700 0.55819000
vt 0.16249700 0.55819000
vt 0.16503300 0.54369000
vt 0.16503300 0.54369000
vt 0.16503300 0.54369000
vt 0.16503300 0.54369000
vt 0.16838000 0.52974200
vt 0.16838000 0.52974200
vt 0.16838000 0.52974200
vt 0.17233800 0.51646500
vt 0.17233800 0.51646500
vt 0.17233800 0.51646500
vt 0.17670500 0.50398000
vt 0.17670500 0.50398000
vt 0.17670500 0.50398000
vt 0.18127900 0.49240800
vt 0.18127900 0.49240800
vt 0.18127900 0.49240800
vt 0.19024200 0.47248700
vt 0.19024200 0.47248700
vt 0.19024200 0.47248700
vt 0.19761400 0.45766700
vt 0.19761400 0.45766700
vt 0.19761400 0.45766700
vt 0.20724900 0.43772600
vt 0.20724900 0.43772600
vt 0.20724900 0.43772600
vt 0.21521300 0.41904500
vt 0.21521300 0.41904500
vt 0.21521300 0.41904500
vt 0.21850500 0.41016300
vt 0.21850500 0.41016300
vt 0.21850500 0.41016300
vt 0.21850500 0.41016300
vt 0.22130300 0.40157600
vt 0.22130300 0.40157600
vt 0.22130300 0.40157600
vt 0.22130300 0.40157600
vt 0.22358100 0.39328100
vt 0.22358100 0.39328100
vt 0.22358100 0.39328100
vt 0.22531300 0.38527000
vt 0.22531300 0.38527000
vt 0.22531300 0.38527000
vt 0.22647400 0.37753700
vt 0.22647400 0.37753700
vt 0.22647400 0.37753700
vt 0.22647400 0.37753700
vt 0.22703800 0.37007700
vt 0.22703800 0.37007700
vt 0.22703800 0.37007700
vt 0.22698000 0.36288300
vt 0.22698000 0.36288300
vt 0.22698000 0.36288300
vt 0.22698000 0.36288300
vt 0.22698000 0.36288300
vt 0.22627400 0.35594900
vt 0.22627400 0.35594900
vt 0.22627400 0.35594900
vt 0.22627400 0.35594900
vt 0.22489400 0.34926900
vt 0.22489400 0.34926900
vt 0.22489400 0.34926900
vt 0.22281500 0.34283700
vt 0.22281500 0.34283700
vt 0.22281500 0.34283700
vt 0.22001100 0.33664700
vt 0.22001100 0.33664700
vt 0.22001100 0.33664700
vt 0.21645700 0.33069300
vt 0.21645700 0.33069300
vt 0.21645700 0.33069300
vt 0.21220800 0.32503000
vt 0.21220800 0.32503000
vt 0.21220800 0.32503000
vt 0.21220800 0.32503000
vt 0.20736600 0.31973600
vt 0.20736600 0.31973600
vt 0.20736600 0.31973600
vt 0.20736600 0.31973600
vt 0.20198300 0.31485700
vt 0.20198300 0.31485700
vt 0.20198300 0.31485700
vt 0.20198300 0.31485700
vt 0.19611100 0.31043700
vt 0.19611100 0.31043700
vt 0.19611100 0.31043700
vt 0.19611100 0.31043700
vt 0.19611100 0.31043700
vt 0.18980300 0.30652100
vt 0.18980300 0.30652100
vt 0.18980300 0.30652100
vt 0.18980300 0.30652100
vt 0.18980300 0.30652100
vt 0.18311200 0.30315500
vt 0.18311200 0.30315500
vt 0.18311200 0.30315500
vt 0.18311200 0.30315500
vt 0.18311200 0.30315500
vt 0.17609000 0.30038400
vt 0.17609000 0.30038400
vt 0.17609000 0.30038400
vt 0.17609000 0.30038400
vt 0.17609000 0.30038400
vt 0.16878900 0.29825200
vt 0.16878900 0.29825200
vt 0.16878900 0.29825200
vt 0.16878900 0.29825200
vt 0.16878900 0.29825200
vt 0.16126300 0.29680400
vt 0.16126300 0.29680400
vt 0.16126300 0.29680400
vt 0.16126300 0.29680400
vt 0.16126300 0.29680400
vt 0.15356400 0.29608600
vt 0.15356400 0.29608600
vt 0.15356400 0.29608600
vt 0.15356400 0.29608600
vt 0.15356400 0.29608600
vt 0.14574400 0.29614300
vt 0.14574400 0.29614300
vt 0.14574400 0.29614300
vt 0.14574400 0.29614300
vt 0.13785700 0.29702000
vt 0.13785700 0.29702000
vt 0.13785700 0.29702000
vt 0.13785700 0.29702000
vt 0.12995400 0.29876100
vt 0.12995400 0.29876100
vt 0.12995400 0.29876100
vt 0.12995400 0.29876100
vt 0.12208800 0.30141300
vt 0.12208800 0.30141300
vt 0.12208800 0.30141300
vt 0.11431300 0.30501900
vt 0.11431300 0.30501900
vt 0.11431300 0.30501900
vt 0.11431300 0.30501900
vt 0.10667900 0.30962500
vt 0.10667900 0.30962500
vt 0.10667900 0.30962500
vt 0.09987400 0.31494900
vt 0.09987400 0.31494900
vt 0.09987400 0.31494900
vt 0.09416300 0.32081900
vt 0.09416300 0.32081900
vt 0.09416300 0.32081900
vt 0.09416300 0.32081900
vt 0.09416300 0.32081900
vt 0.08945600 0.32711500
vt 0.08945600 0.32711500
vt 0.08945600 0.32711500
vt 0.08945600 0.32711500
vt 0.08945600 0.32711500
vt 0.08566300 0.33372000
vt 0.08566300 0.33372000
vt 0.08566300 0.33372000
vt 0.08566300 0.33372000
vt 0.08269600 0.34051200
vt 0.08269600 0.34051200
vt 0.08269600 0.34051200
vt 0.08269600 0.34051200
vt 0.08269600 0.34051200
vt 0.08046400 0.34737200
vt 0.08046400 0.34737200
vt 0.08046400 0.34737200
vt 0.08046400 0.34737200
vt 0.08046400 0.34737200
vt 0.07887700 0.35418200
vt 0.07887700 0.35418200
vt 0.07887700 0.35418200
vt 0.07784600 0.36082100
vt 0.07784600 0.36082100
vt 0.07784600 0.36082100
vt 0.07728200 0.36717100
vt 0.07728200 0.36717100
vt 0.07728200 0.36717100
vt 0.07709300 0.37311100
vt 0.07709300 0.37311100
vt 0.07709300 0.37311100
vt 0.07709300 0.37311100
vt 0.07748600 0.38328600
vt 0.07748600 0.38328600
vt 0.07748600 0.38328600
vt 0.07748600 0.38328600
vt 0.07883900 0.39347100
vt 0.07883900 0.39347100
vt 0.07883900 0.39347100
vt 0.06017000 0.39763000
vt 0.06017000 0.39763000
vt 0.06017000 0.39763000
vt 0.06017000 0.39763000
vt 0.06017000 0.39763000
vt 0.04150100 0.40179000
vt 0.04150100 0.40179000
vt 0.04150100 0.40179000
vt 0.04150100 0.40179000
vt 0.02283200 0.40594900
vt 0.02283200 0.40594900
vt 0.02283200 0.40594900
vt 0.02283200 0.40594900
vt 0.00416300 0.41010800
vt 0.00416300 0.41010800
vt 0.00416300 0.41010800
vt 0.00293300 0.40407700
vt 0.00293300 0.40407700
vt 0.00293300 0.40407700
vt 0.00293300 0.40407700
vt 0.00102500 0.39043500
vt 0.00102500 0.39043500
vt 0.00102500 0.39043500
vt 0.00030500 0.38129400
vt 0.00030500 0.38129400
vt 0.00030500 0.38129400
vt 0.00000000 0.37089200
vt 0.00000000 0.37089200
vt 0.00000000 0.37089200
vt 0.00000000 0.37089200
vt 0.00030600 0.35944100
vt 0.00030600 0.35944100
vt 0.00030600 0.35944100
vt 0.00030600 0.35944100
vt 0.00141900 0.34715700
vt 0.00141900 0.34715700
vt 0.00141900 0.34715700
vt 0.00353300 0.33425300
vt 0.00353300 0.33425300
vt 0.00353300 0.33425300
vt 0.00353300 0.33425300
vt 0.00684300 0.32094200
vt 0.00684300 0.32094200
vt 0.00684300 0.32094200
vt 0.00684300 0.32094200
vt 0.01154600 0.30743900
vt 0.01154600 0.30743900
vt 0.01154600 0.30743900
vt 0.01154600 0.30743900
vt 0.01448000 0.30068200
vt 0.01448000 0.30068200
vt 0.01448000 0.30068200
vt 0.01448000 0.30068200
vt 0.01783500 0.29395700
vt 0.01783500 0.29395700
vt 0.01783500 0.29395700
vt 0.02163600 0.28729100
vt 0.02163600 0.28729100
vt 0.02163600 0.28729100
vt 0.02163600 0.28729100
vt 0.02590600 0.28071000
vt 0.02590600 0.28071000
vt 0.02590600 0.28071000
vt 0.02590600 0.28071000
vt 0.03067100 0.27424200
vt 0.03067100 0.27424200
vt 0.03067100 0.27424200
vt 0.03067100 0.27424200
vt 0.03595500 0.26791200
vt 0.03595500 0.26791200
vt 0.03595500 0.26791200
vt 0.03595500 0.26791200
vt 0.04178200 0.26174800
vt 0.04178200 0.26174800
vt 0.04178200 0.26174800
vt 0.04178200 0.26174800
vt 0.04817600 0.25577600
vt 0.04817600 0.25577600
vt 0.04817600 0.25577600
vt 0.05516200 0.25002300
vt 0.05516200 0.25002300
vt 0.05516200 0.25002300
vt 0.06276500 0.24451700
vt 0.06276500 0.24451700
vt 0.06276500 0.24451700
vt 0.06961000 0.24011900
vt 0.06961000 0.24011900
vt 0.06961000 0.24011900
vt 0.07658700 0.23612000
vt 0.07658700 0.23612000
vt 0.07658700 0.23612000
vt 0.08368300 0.23251700
vt 0.08368300 0.23251700
vt 0.08368300 0.23251700
vt 0.08368300 0.23251700
vt 0.09088300 0.22930800
vt 0.09088300 0.22930800
vt 0.09088300 0.22930800
vt 0.09088300 0.22930800
vt 0.09817600 0.22648900
vt 0.09817600 0.22648900
vt 0.09817600 0.22648900
vt 0.10554600 0.22405700
vt 0.10554600 0.22405700
vt 0.10554600 0.22405700
vt 0.11298100 0.22201000
vt 0.11298100 0.22201000
vt 0.11298100 0.22201000
vt 0.11298100 0.22201000
vt 0.12046800 0.22034400
vt 0.12046800 0.22034400
vt 0.12046800 0.22034400
vt 0.12046800 0.22034400
vt 0.12799300 0.21905600
vt 0.12799300 0.21905600
vt 0.12799300 0.21905600
vt 0.12799300 0.21905600
vt 0.13554200 0.21814400
vt 0.13554200 0.21814400
vt 0.13554200 0.21814400
vt 0.13554200 0.21814400
vt 0.14310300 0.21760500
vt 0.14310300 0.21760500
vt 0.14310300 0.21760500
vt 0.15066100 0.21743500
vt 0.15066100 0.21743500
vt 0.15066100 0.21743500
vt 0.15066100 0.21743500
vt 0.15066100 0.21743500
vt 0.15820400 0.21763100
vt 0.15820400 0.21763100
vt 0.15820400 0.21763100
vt 0.15820400 0.21763100
vt 0.16571700 0.21819200
vt 0.16571700 0.21819200
vt 0.16571700 0.21819200
vt 0.16571700 0.21819200
vt 0.17318800 0.21911300
vt 0.17318800 0.21911300
vt 0.17318800 0.21911300
vt 0.17318800 0.21911300
vt 0.17318800 0.21911300
vt 0.18060300 0.22039200
vt 0.18060300 0.22039200
vt 0.18060300 0.22039200
vt 0.18794900 0.22202500
vt 0.18794900 0.22202500
vt 0.18794900 0.22202500
vt 0.18794900 0.22202500
vt 0.19521200 0.22401100
vt 0.19521200 0.22401100
vt 0.19521200 0.22401100
vt 0.20237900 0.22634500
vt 0.20237900 0.22634500
vt 0.20237900 0.22634500
vt 0.20237900 0.22634500
vt 0.20943600 0.22902500
vt 0.20943600 0.22902500
vt 0.20943600 0.22902500
vt 0.21637000 0.23204800
vt 0.21637000 0.23204800
vt 0.21637000 0.23204800
vt 0.21637000 0.23204800
vt 0.21637000 0.23204800
vt 0.22316800 0.23541100
vt 0.22316800 0.23541100
vt 0.22316800 0.23541100
vt 0.22316800 0.23541100
vt 0.22981600 0.23911200
vt 0.22981600 0.23911200
vt 0.22981600 0.23911200
vt 0.22981600 0.23911200
vt 0.22981600 0.23911200
vt 0.23630000 0.24314600
vt 0.23630000 0.24314600
vt 0.23630000 0.24314600
vt 0.23630000 0.24314600
vt 0.23630000 0.24314600
vt 0.24260900 0.24751100
vt 0.24260900 0.24751100
vt 0.24260900 0.24751100
vt 0.24872700 0.25220500
vt 0.24872700 0.25220500
vt 0.24872700 0.25220500
vt 0.25464100 0.25722400
vt 0.25464100 0.25722400
vt 0.25464100 0.25722400
vt 0.26033900 0.26256500
vt 0.26033900 0.26256500
vt 0.26033900 0.26256500
vt 0.26033900 0.26256500
vt 0.26580600 0.26822500
vt 0.26580600 0.26822500
vt 0.26580600 0.26822500
vt 0.27102900 0.27420200
vt 0.27102900 0.27420200
vt 0.27102900 0.27420200
vt 0.27599600 0.28049200
vt 0.27599600 0.28049200
vt 0.27599600 0.28049200
vt 0.28069100 0.28709300
vt 0.28069100 0.28709300
vt 0.28069100 0.28709300
vt 0.28523600 0.29426900
vt 0.28523600 0.29426900
vt 0.28523600 0.29426900
vt 0.28924700 0.30150000
vt 0.28924700 0.30150000
vt 0.28924700 0.30150000
vt 0.29274500 0.30877700
vt 0.29274500 0.30877700
vt 0.29274500 0.30877700
vt 0.29575200 0.31608900
vt 0.29575200 0.31608900
vt 0.29575200 0.31608900
vt 0.29828900 0.32342600
vt 0.29828900 0.32342600
vt 0.29828900 0.32342600
vt 0.30037700 0.33077700
vt 0.30037700 0.33077700
vt 0.30037700 0.33077700
vt 0.30203900 0.33813200
vt 0.30203900 0.33813200
vt 0.30203900 0.33813200
vt 0.30329400 0.34548100
vt 0.30329400 0.34548100
vt 0.30329400 0.34548100
vt 0.30329400 0.34548100
vt 0.30329400 0.34548100
vt 0.30416500 0.35281400
vt 0.30416500 0.35281400
vt 0.30416500 0.35281400
vt 0.30416500 0.35281400
vt 0.30467300 0.36012000
vt 0.30467300 0.36012000
vt 0.30467300 0.36012000
vt 0.30468600 0.37461000
vt 0.30468600 0.37461000
vt 0.30468600 0.37461000
vt 0.30350300 0.38886900
vt 0.30350300 0.38886900
vt 0.30350300 0.38886900
vt 0.30350300 0.38886900
vt 0.30129600 0.40281500
vt 0.30129600 0.40281500
vt 0.30129600 0.40281500
vt 0.30129600 0.40281500
vt 0.29823500 0.41636500
vt 0.29823500 0.41636500
vt 0.29823500 0.41636500
vt 0.29449200 0.42943600
vt 0.29449200 0.42943600
vt 0.29449200 0.42943600
vt 0.29023700 0.44194700
vt 0.29023700 0.44194700
vt 0.29023700 0.44194700
vt 0.29023700 0.44194700
vt 0.28564100 0.45381400
vt 0.28564100 0.45381400
vt 0.28564100 0.45381400
vt 0.27611300 0.47528900
vt 0.27611300 0.47528900
vt 0.27611300 0.47528900
vt 0.26727400 0.49320200
vt 0.26727400 0.49320200
vt 0.26727400 0.49320200
vt 0.25723400 0.51440700
vt 0.25723400 0.51440700
vt 0.25723400 0.51440700
vt 0.25301200 0.52445400
vt 0.25301200 0.52445400
vt 0.25301200 0.52445400
vt 0.24932700 0.53413100
vt 0.24932700 0.53413100
vt 0.24932700 0.53413100
vt 0.24618300 0.54343700
vt 0.24618300 0.54343700
vt 0.24618300 0.54343700
vt 0.24358700 0.55237200
vt 0.24358700 0.55237200
vt 0.24358700 0.55237200
vt 0.24154100 0.56093700
vt 0.24154100 0.56093700
vt 0.24154100 0.56093700
vt 0.24154100 0.56093700
vt 0.24005000 0.56913300
vt 0.24005000 0.56913300
vt 0.24005000 0.56913300
vt 0.24005000 0.56913300
vt 0.24005000 0.56913300
vt 0.23911900 0.57695800
vt 0.23911900 0.57695800
vt 0.23911900 0.57695800
vt 0.23911900 0.57695800
vt 0.23875200 0.58441300
vt 0.23875200 0.58441300
vt 0.23875200 0.58441300
vt 0.23895400 0.59149800
vt 0.23895400 0.59149800
vt 0.23895400 0.59149800
vt 0.23972900 0.59821400
vt 0.23972900 0.59821400
vt 0.23972900 0.59821400
vt 0.23972900 0.59821400
vt 0.24108100 0.60456000
vt 0.24108100 0.60456000
vt 0.24108100 0.60456000
vt 0.24301500 0.61053700
vt 0.24301500 0.61053700
vt 0.24301500 0.61053700
vt 0.24553600 0.61614400
vt 0.24553600 0.61614400
vt 0.24553600 0.61614400
vt 0.24864700 0.62138200
vt 0.24864700 0.62138200
vt 0.24864700 0.62138200
vt 0.25215700 0.62615700
vt 0.25215700 0.62615700
vt 0.25215700 0.62615700
vt 0.25612000 0.63072700
vt 0.25612000 0.63072700
vt 0.25612000 0.63072700
vt 0.26051300 0.63503000
vt 0.26051300 0.63503000
vt 0.26051300 0.63503000
vt 0.26531400 0.63900500
vt 0.26531400 0.63900500
vt 0.26531400 0.63900500
vt 0.26531400 0.63900500
vt 0.27049900 0.64258700
vt 0.27049900 0.64258700
vt 0.27049900 0.64258700
vt 0.27049900 0.64258700
vt 0.27604500 0.64571600
vt 0.27604500 0.64571600
vt 0.27604500 0.64571600
vt 0.27604500 0.64571600
vt 0.27604500 0.64571600
vt 0.28193000 0.64832800
vt 0.28193000 0.64832800
vt 0.28193000 0.64832800
vt 0.28813000 0.65036100
vt 0.28813000 0.65036100
vt 0.28813000 0.65036100
vt 0.28813000 0.65036100
vt 0.28813000 0.65036100
vt 0.29462300 0.65175400
vt 0.29462300 0.65175400
vt 0.29462300 0.65175400
vt 0.29462300 0.65175400
vt 0.30138600 0.65244300
vt 0.30138600 0.65244300
vt 0.30138600 0.65244300
vt 0.30138600 0.65244300
vt 0.30839500 0.65236600
vt 0.30839500 0.65236600
vt 0.30839500 0.65236600
vt 0.31562800 0.65146100
vt 0.31562800 0.65146100
vt 0.31562800 0.65146100
vt 0.32306200 0.64966500
vt 0.32306200 0.64966500
vt 0.32306200 0.64966500
vt 0.32306200 0.64966500
vt 0.33067400 0.64691700
vt 0.33067400 0.64691700
vt 0.33067400 0.64691700
vt 0.33067400 0.64691700
vt 0.33067400 0.64691700
vt 0.33844100 0.64315300
vt 0.33844100 0.64315300
vt 0.33844100 0.64315300
vt 0.33844100 0.64315300
vt 0.80986100 0.42087700
vt 0.80986100 0.42087700
vt 0.80986100 0.42087700
vt 0.80986100 0.42087700
vt 0.80986100 0.42087700
vt 0.81542300 0.41657700
vt 0.81542300 0.41657700
vt 0.81542300 0.41657700
vt 0.81542300 0.41657700
vt 0.82043500 0.41167300
vt 0.82043500 0.41167300
vt 0.82043500 0.41167300
vt 0.82043500 0.41167300
vt 0.82043500 0.41167300
vt 0.82492300 0.40625900
vt 0.82492300 0.40625900
vt 0.82492300 0.40625900
vt 0.82492300 0.40625900
vt 0.82492300 0.40625900
vt 0.82891500 0.40042700
vt 0.82891500 0.40042700
vt 0.82891500 0.40042700
vt 0.82891500 0.40042700
vt 0.82891500 0.40042700
vt 0.83243800 0.39426900
vt 0.83243800 0.39426900
vt 0.83243800 0.39426900
vt 0.83243800 0.39426900
vt 0.83551600 0.38787700
vt 0.83551600 0.38787700
vt 0.83551600 0.38787700
vt 0.83817800 0.38134300
vt 0.83817800 0.38134300
vt 0.83817800 0.38134300
vt 0.83817800 0.38134300
vt 0.83817800 0.38134300
vt 0.84045000 0.37476100
vt 0.84045000 0.37476100
vt 0.84045000 0.37476100
vt 0.84045000 0.37476100
vt 0.84393100 0.36182000
vt 0.84393100 0.36182000
vt 0.84393100 0.36182000
vt 0.84393100 0.36182000
vt 0.84617000 0.34979300
vt 0.84617000 0.34979300
vt 0.84617000 0.34979300
vt 0.84617000 0.34979300
vt 0.84738100 0.33941700
vt 0.84738100 0.33941700
vt 0.84738100 0.33941700
vt 0.84777800 0.33143400
vt 0.84777800 0.33143400
vt 0.84777800 0.33143400
vt 0.86722800 0.33143400
vt 0.86722800 0.33143400
vt 0.86722800 0.33143400
vt 0.86722800 0.33143400
vt 0.88667700 0.33143400
vt 0.88667700 0.33143400
vt 0.90612700 0.33143400
vt 0.90612700 0.33143400
vt 0.90612700 0.33143400
vt 0.92557700 0.33143400
vt 0.92557700 0.33143400
vt 0.92557700 0.33143400
vt 0.92547900 0.33727200
vt 0.92547900 0.33727200
vt 0.92547900 0.33727200
vt 0.92459500 0.35042400
vt 0.92459500 0.35042400
vt 0.92459500 0.35042400
vt 0.92358400 0.35920100
vt 0.92358400 0.35920100
vt 0.92358400 0.35920100
vt 0.92204800 0.36915700
vt 0.92204800 0.36915700
vt 0.92204800 0.36915700
vt 0.91987800 0.38007500
vt 0.91987800 0.38007500
vt 0.91987800 0.38007500
vt 0.91696300 0.39173900
vt 0.91696300 0.39173900
vt 0.91696300 0.39173900
vt 0.91319500 0.40393100
vt 0.91319500 0.40393100
vt 0.91319500 0.40393100
vt 0.91319500 0.40393100
vt 0.91319500 0.40393100
vt 0.90846400 0.41643700
vt 0.90846400 0.41643700
vt 0.90846400 0.41643700
vt 0.90846400 0.41643700
vt 0.90266100 0.42903900
vt 0.90266100 0.42903900
vt 0.90266100 0.42903900
vt 0.89567600 0.44152000
vt 0.89567600 0.44152000
vt 0.89567600 0.44152000
vt 0.89567600 0.44152000
vt 0.88739900 0.45366400
vt 0.88739900 0.45366400
vt 0.88739900 0.45366400
vt 0.88739900 0.45366400
vt 0.88274200 0.45954200
vt 0.88274200 0.45954200
vt 0.88274200 0.45954200
vt 0.87772100 0.46525400
vt 0.87772100 0.46525400
vt 0.87772100 0.46525400
vt 0.87772100 0.46525400
vt 0.87232200 0.47077400
vt 0.87232200 0.47077400
vt 0.87232200 0.47077400
vt 0.87232200 0.47077400
vt 0.86653200 0.47607500
vt 0.86653200 0.47607500
vt 0.86653200 0.47607500
vt 0.86653200 0.47607500
vt 0.86033700 0.48112900
vt 0.86033700 0.48112900
vt 0.86033700 0.48112900
vt 0.85372400 0.48590900
vt 0.85372400 0.48590900
vt 0.85372400 0.48590900
vt 0.85372400 0.48590900
vt 0.84697900 0.49026900
vt 0.84697900 0.49026900
vt 0.84697900 0.49026900
vt 0.84697900 0.49026900
vt 0.84015600 0.49425200
vt 0.84015600 0.49425200
vt 0.84015600 0.49425200
vt 0.84015600 0.49425200
vt 0.83326500 0.49786000
vt 0.83326500 0.49786000
vt 0.83326500 0.49786000
vt 0.82631500 0.50109500
vt 0.82631500 0.50109500
vt 0.82631500 0.50109500
vt 0.82631500 0.50109500
vt 0.81931600 0.50395800
vt 0.81931600 0.50395800
vt 0.81931600 0.50395800
vt 0.81931600 0.50395800
vt 0.81227800 0.50645100
vt 0.81227800 0.50645100
vt 0.81227800 0.50645100
vt 0.81227800 0.50645100
vt 0.80521100 0.50857700
vt 0.80521100 0.50857700
vt 0.80521100 0.50857700
vt 0.79812500 0.51033700
vt 0.79812500 0.51033700
vt 0.79812500 0.51033700
vt 0.79102900 0.51173300
vt 0.79102900 0.51173300
vt 0.79102900 0.51173300
vt 0.78393400 0.51276600
vt 0.78393400 0.51276600
vt 0.78393400 0.51276600
vt 0.77685000 0.51343900
vt 0.77685000 0.51343900
vt 0.77685000 0.51343900
vt 0.76978500 0.51375300
vt 0.76978500 0.51375300
vt 0.76978500 0.51375300
vt 0.76275100 0.51371000
vt 0.76275100 0.51371000
vt 0.76275100 0.51371000
vt 0.76275100 0.51371000
vt 0.75575700 0.51331200
vt 0.75575700 0.51331200
vt 0.75575700 0.51331200
vt 0.75575700 0.51331200
vt 0.74881300 0.51256200
vt 0.74881300 0.51256200
vt 0.74881300 0.51256200
vt 0.74881300 0.51256200
vt 0.74192800 0.51145900
vt 0.74192800 0.51145900
vt 0.74192800 0.51145900
vt 0.74192800 0.51145900
vt 0.73511300 0.51000800
vt 0.73511300 0.51000800
vt 0.73511300 0.51000800
vt 0.72837800 0.50820800
vt 0.72837800 0.50820800
vt 0.72837800 0.50820800
vt 0.72837800 0.50820800
vt 0.72173200 0.50606300
vt 0.72173200 0.50606300
vt 0.72173200 0.50606300
vt 0.71518500 0.50357400
vt 0.71518500 0.50357400
vt 0.71518500 0.50357400
vt 0.70874700 0.50074200
vt 0.70874700 0.50074200
vt 0.70874700 0.50074200
vt 0.70242800 0.49757100
vt 0.70242800 0.49757100
vt 0.70242800 0.49757100
vt 0.69623800 0.49406100
vt 0.69623800 0.49406100
vt 0.69623800 0.49406100
vt 0.69623800 0.49406100
vt 0.69018600 0.49021400
vt 0.69018600 0.49021400
vt 0.69018600 0.49021400
vt 0.69018600 0.49021400
vt 0.68428300 0.48603200
vt 0.68428300 0.48603200
vt 0.68428300 0.48603200
vt 0.68428300 0.48603200
vt 0.68428300 0.48603200
vt 0.67853800 0.48151700
vt 0.67853800 0.48151700
vt 0.67853800 0.48151700
vt 0.67296200 0.47667100
vt 0.67296200 0.47667100
vt 0.67296200 0.47667100
vt 0.66756400 0.47149600
vt 0.66756400 0.47149600
vt 0.66756400 0.47149600
vt 0.66235300 0.46599300
vt 0.66235300 0.46599300
vt 0.66235300 0.46599300
vt 0.65734100 0.46016400
vt 0.65734100 0.46016400
vt 0.65734100 0.46016400
vt 0.65253600 0.45401200
vt 0.65253600 0.45401200
vt 0.65253600 0.45401200
vt 0.64794900 0.44753700
vt 0.64794900 0.44753700
vt 0.64794900 0.44753700
vt 0.64326100 0.44009300
vt 0.64326100 0.44009300
vt 0.64326100 0.44009300
vt 0.63915300 0.43256100
vt 0.63915300 0.43256100
vt 0.63915300 0.43256100
vt 0.63560200 0.42495500
vt 0.63560200 0.42495500
vt 0.63560200 0.42495500
vt 0.63258100 0.41729100
vt 0.63258100 0.41729100
vt 0.63258100 0.41729100
vt 0.63006600 0.40958400
vt 0.63006600 0.40958400
vt 0.63006600 0.40958400
vt 0.62803100 0.40184800
vt 0.62803100 0.40184800
vt 0.62803100 0.40184800
vt 0.62645100 0.39409900
vt 0.62645100 0.39409900
vt 0.62645100 0.39409900
vt 0.62530200 0.38635200
vt 0.62530200 0.38635200
vt 0.62530200 0.38635200
vt 0.62530200 0.38635200
vt 0.62455600 0.37862200
vt 0.62455600 0.37862200
vt 0.62455600 0.37862200
vt 0.62419100 0.37092400
vt 0.62419100 0.37092400
vt 0.62419100 0.37092400
vt 0.62419100 0.37092400
vt 0.62449700 0.35568500
vt 0.62449700 0.35568500
vt 0.62449700 0.35568500
vt 0.62601800 0.34075500
vt 0.62601800 0.34075500
vt 0.62601800 0.34075500
vt 0.62855400 0.32625600
vt 0.62855400 0.32625600
vt 0.62855400 0.32625600
vt 0.62855400 0.32625600
vt 0.63190100 0.31230700
vt 0.63190100 0.31230700
vt 0.63190100 0.31230700
vt 0.63190100 0.31230700
vt 0.63585900 0.29903000
vt 0.63585900 0.29903000
vt 0.63585900 0.29903000
vt 0.63585900 0.29903000
vt 0.63585900 0.29903000
vt 0.64022600 0.28654500
vt 0.64022600 0.28654500
vt 0.64022600 0.28654500
vt 0.64022600 0.28654500
vt 0.64022600 0.28654500
vt 0.64480000 0.27497400
vt 0.64480000 0.27497400
vt 0.64480000 0.27497400
vt 0.65376300 0.25505200
vt 0.65376300 0.25505200
vt 0.65376300 0.25505200
vt 0.66113500 0.24023200
vt 0.66113500 0.24023200
vt 0.66113500 0.24023200
vt 0.67077000 0.22029100
vt 0.67077000 0.22029100
vt 0.67077000 0.22029100
vt 0.67873400 0.20161100
vt 0.67873400 0.20161100
vt 0.67873400 0.20161100
vt 0.68202600 0.19272800
vt 0.68202600 0.19272800
vt 0.68202600 0.19272800
vt 0.68482400 0.18414200
vt 0.68482400 0.18414200
vt 0.68482400 0.18414200
vt 0.68710200 0.17584600
vt 0.68710200 0.17584600
vt 0.68710200 0.17584600
vt 0.68883400 0.16783500
vt 0.68883400 0.16783500
vt 0.68883400 0.16783500
vt 0.68883400 0.16783500
vt 0.68883400 0.16783500
vt 0.68999500 0.16010200
vt 0.68999500 0.16010200
vt 0.68999500 0.16010200
vt 0.68999500 0.16010200
vt 0.68999500 0.16010200
vt 0.69055900 0.15264200
vt 0.69055900 0.15264200
vt 0.69055900 0.15264200
vt 0.69050100 0.14544800
vt 0.69050100 0.14544800
vt 0.69050100 0.14544800
vt 0.69050100 0.14544800
vt 0.69050100 0.14544800
vt 0.68979400 0.13851400
vt 0.68979400 0.13851400
vt 0.68979400 0.13851400
vt 0.68841500 0.13183500
vt 0.68841500 0.13183500
vt 0.68841500 0.13183500
vt 0.68633600 0.12540300
vt 0.68633600 0.12540300
vt 0.68633600 0.12540300
vt 0.68353200 0.11921300
vt 0.68353200 0.11921300
vt 0.68353200 0.11921300
vt 0.67997800 0.11325800
vt 0.67997800 0.11325800
vt 0.67997800 0.11325800
vt 0.67572900 0.10759500
vt 0.67572900 0.10759500
vt 0.67572900 0.10759500
vt 0.67088700 0.10230200
vt 0.67088700 0.10230200
vt 0.67088700 0.10230200
vt 0.66550400 0.09742200
vt 0.66550400 0.09742200
vt 0.66550400 0.09742200
vt 0.66550400 0.09742200
vt 0.65963200 0.09300200
vt 0.65963200 0.09300200
vt 0.65963200 0.09300200
vt 0.65963200 0.09300200
vt 0.65332400 0.08908700
vt 0.65332400 0.08908700
vt 0.65332400 0.08908700
vt 0.65332400 0.08908700
vt 0.65332400 0.08908700
vt 0.64663300 0.08572100
vt 0.64663300 0.08572100
vt 0.64663300 0.08572100
vt 0.64663300 0.08572100
vt 0.64663300 0.08572100
vt 0.63961000 0.08294900
vt 0.63961000 0.08294900
vt 0.63961000 0.08294900
vt 0.63961000 0.08294900
vt 0.63961000 0.08294900
vt 0.63231000 0.08081700
vt 0.63231000 0.08081700
vt 0.63231000 0.08081700
vt 0.63231000 0.08081700
vt 0.62478400 0.07936900
vt 0.62478400 0.07936900
vt 0.62478400 0.07936900
vt 0.62478400 0.07936900
vt 0.61708500 0.07865200
vt 0.61708500 0.07865200
vt 0.61708500 0.07865200
vt 0.61708500 0.07865200
vt 0.60926500 0.07870900
vt 0.60926500 0.07870900
vt 0.60926500 0.07870900
vt 0.60137800 0.07958500
vt 0.60137800 0.07958500
vt 0.60137800 0.07958500
vt 0.59347500 0.08132700
vt 0.59347500 0.08132700
vt 0.59347500 0.08132700
vt 0.59347500 0.08132700
vt 0.59347500 0.08132700
vt 0.58560900 0.08397800
vt 0.58560900 0.08397800
vt 0.58560900 0.08397800
vt 0.58560900 0.08397800
vt 0.57783400 0.08758400
vt 0.57783400 0.08758400
vt 0.57783400 0.08758400
vt 0.57783400 0.08758400
vt 0.57783400 0.08758400
vt 0.57020000 0.09219000
vt 0.57020000 0.09219000
vt 0.57020000 0.09219000
vt 0.56339500 0.09751400
vt 0.56339500 0.09751400
vt 0.56339500 0.09751400
vt 0.55768400 0.10338400
vt 0.55768400 0.10338400
vt 0.55768400 0.10338400
vt 0.55768400 0.10338400
vt 0.55297700 0.10968100
vt 0.55297700 0.10968100
vt 0.55297700 0.10968100
vt 0.55297700 0.10968100
vt 0.54918400 0.11628500
vt 0.54918400 0.11628500
vt 0.54918400 0.11628500
vt 0.54918400 0.11628500
vt 0.54918400 0.11628500
vt 0.54621700 0.12307700
vt 0.54621700 0.12307700
vt 0.54621700 0.12307700
vt 0.54621700 0.12307700
vt 0.54621700 0.12307700
vt 0.54398500 0.12993800
vt 0.54398500 0.12993800
vt 0.54398500 0.12993800
vt 0.54398500 0.12993800
vt 0.54239800 0.13674700
vt 0.54239800 0.13674700
vt 0.54239800 0.13674700
vt 0.54239800 0.13674700
vt 0.54136700 0.14338600
vt 0.54136700 0.14338600
vt 0.54136700 0.14338600
vt 0.54136700 0.14338600
vt 0.54080200 0.14973600
vt 0.54080200 0.14973600
vt 0.54080200 0.14973600
vt 0.54080200 0.14973600
vt 0.54061400 0.15567600
vt 0.54061400 0.15567600
vt 0.54061400 0.15567600
vt 0.54061400 0.15567600
vt 0.54100700 0.16585100
vt 0.54100700 0.16585100
vt 0.54100700 0.16585100
vt 0.54236000 0.17603600
vt 0.54236000 0.17603600
vt 0.54236000 0.17603600
vt 0.52369100 0.18019600
vt 0.52369100 0.18019600
vt 0.52369100 0.18019600
vt 0.52369100 0.18019600
vt 0.50502200 0.18435500
vt 0.50502200 0.18435500
vt 0.50502200 0.18435500
vt 0.48635300 0.18851400
vt 0.48635300 0.18851400
vt 0.48635300 0.18851400
vt 0.46768400 0.19267300
vt 0.46768400 0.19267300
vt 0.46768400 0.19267300
vt 0.46645400 0.18664200
vt 0.46645400 0.18664200
vt 0.46645400 0.18664200
vt 0.46645400 0.18664200
vt 0.46454600 0.17300000
vt 0.46454600 0.17300000
vt 0.46454600 0.17300000
vt 0.46382600 0.16385900
vt 0.46382600 0.16385900
vt 0.46382600 0.16385900
vt 0.46352100 0.15345700
vt 0.46352100 0.15345700
vt 0.46352100 0.15345700
vt 0.46382700 0.14200700
vt 0.46382700 0.14200700
vt 0.46382700 0.14200700
vt 0.46494000 0.12972200
vt 0.46494000 0.12972200
vt 0.46494000 0.12972200
vt 0.46494000 0.12972200
vt 0.46705400 0.11681800
vt 0.46705400 0.11681800
vt 0.46705400 0.11681800
vt 0.47036400 0.10350800
vt 0.47036400 0.10350800
vt 0.47036400 0.10350800
vt 0.47506700 0.09000400
vt 0.47506700 0.09000400
vt 0.47506700 0.09000400
vt 0.47506700 0.09000400
vt 0.47506700 0.09000400
vt 0.47800100 0.08324700
vt 0.47800100 0.08324700
vt 0.47800100 0.08324700
vt 0.47800100 0.08324700
vt 0.47800100 0.08324700
vt 0.48135600 0.07652200
vt 0.48135600 0.07652200
vt 0.48135600 0.07652200
vt 0.48515700 0.06985600
vt 0.48515700 0.06985600
vt 0.48515700 0.06985600
vt 0.48515700 0.06985600
vt 0.48942700 0.06327500
vt 0.48942700 0.06327500
vt 0.48942700 0.06327500
vt 0.48942700 0.06327500
vt 0.49419200 0.05680700
vt 0.49419200 0.05680700
vt 0.49419200 0.05680700
vt 0.49947600 0.05047700
vt 0.49947600 0.05047700
vt 0.49947600 0.05047700
vt 0.49947600 0.05047700
vt 0.50530300 0.04431300
vt 0.50530300 0.04431300
vt 0.50530300 0.04431300
vt 0.51169700 0.03834100
vt 0.51169700 0.03834100
vt 0.51169700 0.03834100
vt 0.51868300 0.03258900
vt 0.51868300 0.03258900
vt 0.51868300 0.03258900
vt 0.52628600 0.02708200
vt 0.52628600 0.02708200
vt 0.52628600 0.02708200
vt 0.53313100 0.02268400
vt 0.53313100 0.02268400
vt 0.53313100 0.02268400
vt 0.54010800 0.01868500
vt 0.54010800 0.01868500
vt 0.54010800 0.01868500
vt 0.54720400 0.01508300
vt 0.54720400 0.01508300
vt 0.54720400 0.01508300
vt 0.54720400 0.01508300
vt 0.55440400 0.01187300
vt 0.55440400 0.01187300
vt 0.55440400 0.01187300
vt 0.55440400 0.01187300
vt 0.55440400 0.01187300
vt 0.56169700 0.00905400
vt 0.56169700 0.00905400
vt 0.56169700 0.00905400
vt 0.56906700 0.00662200
vt 0.56906700 0.00662200
vt 0.56906700 0.00662200
vt 0.56906700 0.00662200
vt 0.56906700 0.00662200
vt 0.57650200 0.00457500
vt 0.57650200 0.00457500
vt 0.57650200 0.00457500
vt 0.57650200 0.00457500
vt 0.58398900 0.00290900
vt 0.58398900 0.00290900
vt 0.58398900 0.00290900
vt 0.59151400 0.00162200
vt 0.59151400 0.00162200
vt 0.59151400 0.00162200
vt 0.59906300 0.00070900
vt 0.59906300 0.00070900
vt 0.59906300 0.00070900
vt 0.60662400 0.00017000
vt 0.60662400 0.00017000
vt 0.60662400 0.00017000
vt 0.61418200 0.00000000
vt 0.61418200 0.00000000
vt 0.61418200 0.00000000
vt 0.62172500 0.00019700
vt 0.62172500 0.00019700
vt 0.62172500 0.00019700
vt 0.62172500 0.00019700
vt 0.62923800 0.00075700
vt 0.62923800 0.00075700
vt 0.62923800 0.00075700
vt 0.62923800 0.00075700
vt 0.63670900 0.00167800
vt 0.63670900 0.00167800
vt 0.63670900 0.00167800
vt 0.63670900 0.00167800
vt 0.64412400 0.00295700
vt 0.64412400 0.00295700
vt 0.64412400 0.00295700
vt 0.65147000 0.00459000
vt 0.65147000 0.00459000
vt 0.65147000 0.00459000
vt 0.65147000 0.00459000
vt 0.65873300 0.00657600
vt 0.65873300 0.00657600
vt 0.65873300 0.00657600
vt 0.65873300 0.00657600
vt 0.66590000 0.00891000
vt 0.66590000 0.00891000
vt 0.66590000 0.00891000
vt 0.66590000 0.00891000
vt 0.66590000 0.00891000
vt 0.67295700 0.01159000
vt 0.67295700 0.01159000
vt 0.67295700 0.01159000
vt 0.67295700 0.01159000
vt 0.67989100 0.01461300
vt 0.67989100 0.01461300
vt 0.67989100 0.01461300
vt 0.67989100 0.01461300
vt 0.68668900 0.01797700
vt 0.68668900 0.01797700
vt 0.68668900 0.01797700
vt 0.68668900 0.01797700
vt 0.69333700 0.02167700
vt 0.69333700 0.02167700
vt 0.69333700 0.02167700
vt 0.69333700 0.02167700
vt 0.69982100 0.02571100
vt 0.69982100 0.02571100
vt 0.69982100 0.02571100
vt 0.69982100 0.02571100
vt 0.70612900 0.03007700
vt 0.70612900 0.03007700
vt 0.70612900 0.03007700
vt 0.70612900 0.03007700
vt 0.71224700 0.03477000
vt 0.71224700 0.03477000
vt 0.71224700 0.03477000
vt 0.71816200 0.03978900
vt 0.71816200 0.03978900
vt 0.71816200 0.03978900
vt 0.72386000 0.04513000
vt 0.72386000 0.04513000
vt 0.72386000 0.04513000
vt 0.72932700 0.05079100
vt 0.72932700 0.05079100
vt 0.72932700 0.05079100
vt 0.73455000 0.05676700
vt 0.73455000 0.05676700
vt 0.73455000 0.05676700
vt 0.73951700 0.06305800
vt 0.73951700 0.06305800
vt 0.73951700 0.06305800
vt 0.74421200 0.06965800
vt 0.74421200 0.06965800
vt 0.74421200 0.06965800
vt 0.74875700 0.07683400
vt 0.74875700 0.07683400
vt 0.74875700 0.07683400
vt 0.75276800 0.08406500
vt 0.75276800 0.08406500
vt 0.75276800 0.08406500
vt 0.75626600 0.09134200
vt 0.75626600 0.09134200
vt 0.75626600 0.09134200
vt 0.75927300 0.09865400
vt 0.75927300 0.09865400
vt 0.75927300 0.09865400
vt 0.76181000 0.10599100
vt 0.76181000 0.10599100
vt 0.76181000 0.10599100
vt 0.76389800 0.11334200
vt 0.76389800 0.11334200
vt 0.76389800 0.11334200
vt 0.76555900 0.12069700
vt 0.76555900 0.12069700
vt 0.76555900 0.12069700
vt 0.76681500 0.12804600
vt 0.76681500 0.12804600
vt 0.76681500 0.12804600
vt 0.76681500 0.12804600
vt 0.76768600 0.13537900
vt 0.76768600 0.13537900
vt 0.76768600 0.13537900
vt 0.76768600 0.13537900
vt 0.76819400 0.14268500
vt 0.76819400 0.14268500
vt 0.76819400 0.14268500
vt 0.76819400 0.14268500
vt 0.76820700 0.15717500
vt 0.76820700 0.15717500
vt 0.76820700 0.15717500
vt 0.76702400 0.17143400
vt 0.76702400 0.17143400
vt 0.76702400 0.17143400
vt 0.76702400 0.17143400
vt 0.76481700 0.18538000
vt 0.76481700 0.18538000
vt 0.76481700 0.18538000
vt 0.76481700 0.18538000
vt 0.76175600 0.19893000
vt 0.76175600 0.19893000
vt 0.76175600 0.19893000
vt 0.76175600 0.19893000
vt 0.75801300 0.21200100
vt 0.75801300 0.21200100
vt 0.75801300 0.21200100
vt 0.75375800 0.22451200
vt 0.75375800 0.22451200
vt 0.75375800 0.22451200
vt 0.74916200 0.23638000
vt 0.74916200 0.23638000
vt 0.74916200 0.23638000
vt 0.73963400 0.25785500
vt 0.73963400 0.25785500
vt 0.73963400 0.25785500
vt 0.73079500 0.27576700
vt 0.73079500 0.27576700
vt 0.73079500 0.27576700
vt 0.72075500 0.29697300
vt 0.72075500 0.29697300
vt 0.72075500 0.29697300
vt 0.71653300 0.30702000
vt 0.71653300 0.30702000
vt 0.71653300 0.30702000
vt 0.71284800 0.31669600
vt 0.71284800 0.31669600
vt 0.71284800 0.31669600
vt 0.71284800 0.31669600
vt 0.70970400 0.32600200
vt 0.70970400 0.32600200
vt 0.70970400 0.32600200
vt 0.70970400 0.32600200
vt 0.70710800 0.33493700
vt 0.70710800 0.33493700
vt 0.70710800 0.33493700
vt 0.70710800 0.33493700
vt 0.70710800 0.33493700
vt 0.70506200 0.34350300
vt 0.70506200 0.34350300
vt 0.70506200 0.34350300
vt 0.70506200 0.34350300
vt 0.70506200 0.34350300
vt 0.70357100 0.35169800
vt 0.70357100 0.35169800
vt 0.70357100 0.35169800
vt 0.70357100 0.35169800
vt 0.70264000 0.35952300
vt 0.70264000 0.35952300
vt 0.70264000 0.35952300
vt 0.70227300 0.36697800
vt 0.70227300 0.36697800
vt 0.70227300 0.36697800
vt 0.70227300 0.36697800
vt 0.70247500 0.37406400
vt 0.70247500 0.37406400
vt 0.70247500 0.37406400
vt 0.70247500 0.37406400
vt 0.70325000 0.38077900
vt 0.70325000 0.38077900
vt 0.70325000 0.38077900
vt 0.70325000 0.38077900
vt 0.70460200 0.38712500
vt 0.70460200 0.38712500
vt 0.70460200 0.38712500
vt 0.70653600 0.39310200
vt 0.70653600 0.39310200
vt 0.70653600 0.39310200
vt 0.70905700 0.39870900
vt 0.70905700 0.39870900
vt 0.70905700 0.39870900
vt 0.71216800 0.40394700
vt 0.71216800 0.40394700
vt 0.71216800 0.40394700
vt 0.71567800 0.40872200
vt 0.71567800 0.40872200
vt 0.71567800 0.40872200
vt 0.71964100 0.41329200
vt 0.71964100 0.41329200
vt 0.71964100 0.41329200
vt 0.72403400 0.41759600
vt 0.72403400 0.41759600
vt 0.72403400 0.41759600
vt 0.72403400 0.41759600
vt 0.72883500 0.42157000
vt 0.72883500 0.42157000
vt 0.72883500 0.42157000
vt 0.72883500 0.42157000
vt 0.72883500 0.42157000
vt 0.73402000 0.42515200
vt 0.73402000 0.42515200
vt 0.73402000 0.42515200
vt 0.73956600 0.42828100
vt 0.73956600 0.42828100
vt 0.73956600 0.42828100
vt 0.74545100 0.43089300
vt 0.74545100 0.43089300
vt 0.74545100 0.43089300
vt 0.74545100 0.43089300
vt 0.75165100 0.43292700
vt 0.75165100 0.43292700
vt 0.75165100 0.43292700
vt 0.75165100 0.43292700
vt 0.75165100 0.43292700
vt 0.75814400 0.43431900
vt 0.75814400 0.43431900
vt 0.75814400 0.43431900
vt 0.75814400 0.43431900
vt 0.75814400 0.43431900
vt 0.76490700 0.43500800
vt 0.76490700 0.43500800
vt 0.76490700 0.43500800
vt 0.76490700 0.43500800
vt 0.76490700 0.43500800
vt 0.77191600 0.43493100
vt 0.77191600 0.43493100
vt 0.77191600 0.43493100
vt 0.77914900 0.43402600
vt 0.77914900 0.43402600
vt 0.77914900 0.43402600
vt 0.78658300 0.43223000
vt 0.78658300 0.43223000
vt 0.78658300 0.43223000
vt 0.79419500 0.42948200
vt 0.79419500 0.42948200
vt 0.79419500 0.42948200
vt 0.79419500 0.42948200
vt 0.79419500 0.42948200
vt 0.80196200 0.42571800
vt 0.80196200 0.42571800
vt 0.80196200 0.42571800
vt 0.80196200 0.42571800
vt 0.00000000 0.10871700
vt 0.00000000 0.14519600
vt 0.00628000 0.10871700
vt 0.00628000 0.14519600
vt 0.01256100 0.10871700
vt 0.01256100 0.14519600
vt 0.01884100 0.10871700
vt 0.01884100 0.14519600
vt 0.02512100 0.10871700
vt 0.02512100 0.14519600
vt 0.03140200 0.10871700
vt 0.03140200 0.14519600
vt 0.03768200 0.10871700
vt 0.03768200 0.14519600
vt 0.04396200 0.10871700
vt 0.04396200 0.14519600
vt 0.05024300 0.10871700
vt 0.05024300 0.14519600
vt 0.06280300 0.10871700
vt 0.06280300 0.14519600
vt 0.07536400 0.10871700
vt 0.07536400 0.14519600
vt 0.08792500 0.10871700
vt 0.08792500 0.14519600
vt 0.10048500 0.10871700
vt 0.10048500 0.14519600
vt 0.10048500 0.12087700
vt 0.10048500 0.13303700
vt 0.00000000 0.13303700
vt 0.00000000 0.12087700
vt 0.00628000 0.12695700
vt 0.01884100 0.12695700
vt 0.02512100 0.12695700
vt 0.03140200 0.12695700
vt 0.03768200 0.12695700
vt 0.04396200 0.12695700
vt 0.05024300 0.12695700
vt 0.06280300 0.12695700
vt 0.07536400 0.12695700
vt 0.08792500 0.12695700
vt 0.00000000 0.05435900
vt 0.00000000 0.05435900
vt 0.00000000 0.05435900
vt 0.00000000 0.05435900
vt 0.00000000 0.09083800
vt 0.00000000 0.09083800
vt 0.00000000 0.09083800
vt 0.00000000 0.09083800
vt 0.01951100 0.05435900
vt 0.01951100 0.05435900
vt 0.01951100 0.05435900
vt 0.01951100 0.06347800
vt 0.01951100 0.06347800
vt 0.01951100 0.06347800
vt 0.01951100 0.06347800
vt 0.01951100 0.07259800
vt 0.01951100 0.07259800
vt 0.01951100 0.07259800
vt 0.01951100 0.07259800
vt 0.01951100 0.08171800
vt 0.01951100 0.08171800
vt 0.01951100 0.08171800
vt 0.01951100 0.09083800
vt 0.01951100 0.09083800
vt 0.01951100 0.09083800
vt 0.03902300 0.05435900
vt 0.03902300 0.05435900
vt 0.03902300 0.06347800
vt 0.03902300 0.06347800
vt 0.03902300 0.07259800
vt 0.03902300 0.07259800
vt 0.03902300 0.07259800
vt 0.03902300 0.08171800
vt 0.03902300 0.08171800
vt 0.03902300 0.09083800
vt 0.03902300 0.09083800
vt 0.03902300 0.09083800
vt 0.05853400 0.05435900
vt 0.05853400 0.05435900
vt 0.05853400 0.06347800
vt 0.05853400 0.06347800
vt 0.05853400 0.06347800
vt 0.05853400 0.07259800
vt 0.05853400 0.07259800
vt 0.05853400 0.08171800
vt 0.05853400 0.08171800
vt 0.05853400 0.08171800
vt 0.05853400 0.09083800
vt 0.05853400 0.09083800
vt 0.05853400 0.09083800
vt 0.07804600 0.05435900
vt 0.07804600 0.05435900
vt 0.07804600 0.05435900
vt 0.07804600 0.05435900
vt 0.07804600 0.09083800
vt 0.07804600 0.09083800
vt 0.07804600 0.09083800
vt 0.07804600 0.09083800
vt 0.00000000 0.07867800
vt 0.00000000 0.07867800
vt 0.00000000 0.07867800
vt 0.00000000 0.07867800
vt 0.00000000 0.07867800
vt 0.00000000 0.06651800
vt 0.00000000 0.06651800
vt 0.00000000 0.06651800
vt 0.07804600 0.06651800
vt 0.07804600 0.06651800
vt 0.07804600 0.06651800
vt 0.07804600 0.06651800
vt 0.07804600 0.07867800
vt 0.07804600 0.07867800
vt 0.07804600 0.07867800
vt 0.07804600 0.07867800
vt 0.99853500 0.00000000
vt 0.96352100 0.00000000
vt 0.99853500 0.02044900
vt 0.96352100 0.02044900
vt 0.99853500 0.04089700
vt 0.96352100 0.04089700
vt 0.99853500 0.05112100
vt 0.96352100 0.05112100
vt 0.99853500 0.06134600
vt 0.96352100 0.06134600
vt 0.99853500 0.07157000
vt 0.96352100 0.07157000
vt 0.99853500 0.08179400
vt 0.96352100 0.08179400
vt 0.99853500 0.09201900
vt 0.96352100 0.09201900
vt 0.99853500 0.10224300
vt 0.96352100 0.10224300
vt 0.99853500 0.11246700
vt 0.96352100 0.11246700
vt 0.99853500 0.12269100
vt 0.96352100 0.12269100
vt 0.99853500 0.13291600
vt 0.96352100 0.13291600
vt 0.99853500 0.13802800
vt 0.96352100 0.13802800
vt 0.99853500 0.14314000
vt 0.96352100 0.14314000
vt 0.99853500 0.14825200
vt 0.96352100 0.14825200
vt 0.99853500 0.15336400
vt 0.96352100 0.15336400
vt 0.99853500 0.15847600
vt 0.96352100 0.15847600
vt 0.99853500 0.16358800
vt 0.96352100 0.16358800
vt 0.99853500 0.16870100
vt 0.96352100 0.16870100
vt 0.99853500 0.17381300
vt 0.96352100 0.17381300
vt 0.99853500 0.17892500
vt 0.96352100 0.17892500
vt 0.99853500 0.18403700
vt 0.96352100 0.18403700
vt 0.99853500 0.18914900
vt 0.96352100 0.18914900
vt 0.99853500 0.19426100
vt 0.96352100 0.19426100
vt 0.99853500 0.19937300
vt 0.96352100 0.19937300
vt 0.99853500 0.20448600
vt 0.96352100 0.20448600
vt 0.99853500 0.20959800
vt 0.96352100 0.20959800
vt 0.99853500 0.21471000
vt 0.96352100 0.21471000
vt 0.99853500 0.21982200
vt 0.96352100 0.21982200
vt 0.99853500 0.22493400
vt 0.96352100 0.22493400
vt 0.99853500 0.23004600
vt 0.96352100 0.23004600
vt 0.99853500 0.23515800
vt 0.96352100 0.23515800
vt 0.99853500 0.24027100
vt 0.96352100 0.24027100
vt 0.99853500 0.24538300
vt 0.96352100 0.24538300
vt 0.99853500 0.25049500
vt 0.96352100 0.25049500
vt 0.99853500 0.25560700
vt 0.96352100 0.25560700
vt 0.99853500 0.26071900
vt 0.96352100 0.26071900
vt 0.99853500 0.26583100
vt 0.96352100 0.26583100
vt 0.99853500 0.27094300
vt 0.96352100 0.27094300
vt 0.99853500 0.27605600
vt 0.96352100 0.27605600
vt 0.99853500 0.28116800
vt 0.96352100 0.28116800
vt 0.99853500 0.28628000
vt 0.96352100 0.28628000
vt 0.99853500 0.29139200
vt 0.96352100 0.29139200
vt 0.99853500 0.29650400
vt 0.96352100 0.29650400
vt 0.99853500 0.30161600
vt 0.96352100 0.30161600
vt 0.99853500 0.30672800
vt 0.96352100 0.30672800
vt 0.99853500 0.31184100
vt 0.96352100 0.31184100
vt 0.99853500 0.31695300
vt 0.96352100 0.31695300
vt 0.99853500 0.32206500
vt 0.96352100 0.32206500
vt 0.99853500 0.32717700
vt 0.96352100 0.32717700
vt 0.99853500 0.33228900
vt 0.96352100 0.33228900
vt 0.99853500 0.33740100
vt 0.96352100 0.33740100
vt 0.99853500 0.34251300
vt 0.96352100 0.34251300
vt 0.99853500 0.34762500
vt 0.96352100 0.34762500
vt 0.99853500 0.35273800
vt 0.96352100 0.35273800
vt 0.99853500 0.35785000
vt 0.96352100 0.35785000
vt 0.99853500 0.36296200
vt 0.96352100 0.36296200
vt 0.99853500 0.36807400
vt 0.96352100 0.36807400
vt 0.99853500 0.37318600
vt 0.96352100 0.37318600
vt 0.99853500 0.37829800
vt 0.96352100 0.37829800
vt 0.99853500 0.38852300
vt 0.96352100 0.38852300
vt 0.99853500 0.39874700
vt 0.96352100 0.39874700
vt 0.99853500 0.40897100
vt 0.96352100 0.40897100
vt 0.99853500 0.41919500
vt 0.96352100 0.41919500
vt 0.99853500 0.42942000
vt 0.96352100 0.42942000
vt 0.99853500 0.43964400
vt 0.96352100 0.43964400
vt 0.99853500 0.44986800
vt 0.96352100 0.44986800
vt 0.99853500 0.47031700
vt 0.96352100 0.47031700
vt 0.99853500 0.49076500
vt 0.96352100 0.49076500
vt 0.99853500 0.51121400
vt 0.96352100 0.51121400
vt 0.99853500 0.53166300
vt 0.96352100 0.53166300
vt 0.99853500 0.54188700
vt 0.96352100 0.54188700
vt 0.99853500 0.55211100
vt 0.96352100 0.55211100
vt 0.99853500 0.56233500
vt 0.96352100 0.56233500
vt 0.99853500 0.57256000
vt 0.96352100 0.57256000
vt 0.99853500 0.58278400
vt 0.96352100 0.58278400
vt 0.99853500 0.59300800
vt 0.96352100 0.59300800
vt 0.99853500 0.60323200
vt 0.96352100 0.60323200
vt 0.99853500 0.61345700
vt 0.96352100 0.61345700
vt 0.99853500 0.62368100
vt 0.96352100 0.62368100
vt 0.99853500 0.63390500
vt 0.96352100 0.63390500
vt 0.99853500 0.64413000
vt 0.96352100 0.64413000
vt 0.99853500 0.65435400
vt 0.96352100 0.65435400
vt 0.99853500 0.66457800
vt 0.96352100 0.66457800
vt 0.99853500 0.67480200
vt 0.96352100 0.67480200
vt 0.99853500 0.68502700
vt 0.96352100 0.68502700
vt 0.99853500 0.69525100
vt 0.96352100 0.69525100
vt 0.99853500 0.70547500
vt 0.96352100 0.70547500
vt 0.99853500 0.71570000
vt 0.96352100 0.71570000
vt 0.99853500 0.72592400
vt 0.96352100 0.72592400
vt 0.99853500 0.73614800
vt 0.96352100 0.73614800
vt 0.99853500 0.74637200
vt 0.96352100 0.74637200
vt 0.99853500 0.75659700
vt 0.96352100 0.75659700
vt 0.99853500 0.76682100
vt 0.96352100 0.76682100
vt 0.99853500 0.77704500
vt 0.96352100 0.77704500
vt 0.99853500 0.78726900
vt 0.96352100 0.78726900
vt 0.99853500 0.79749400
vt 0.96352100 0.79749400
vt 0.99853500 0.80771800
vt 0.96352100 0.80771800
vt 0.99853500 0.81794200
vt 0.96352100 0.81794200
vt 0.99853500 0.82816700
vt 0.96352100 0.82816700
vt 0.99853500 0.83839100
vt 0.96352100 0.83839100
vt 0.99853500 0.84861500
vt 0.96352100 0.84861500
vt 0.99853500 0.85883900
vt 0.96352100 0.85883900
vt 0.99853500 0.86906400
vt 0.96352100 0.86906400
vt 0.99853500 0.87928800
vt 0.96352100 0.87928800
vt 0.99853500 0.88951200
vt 0.96352100 0.88951200
vt 0.99853500 0.89973700
vt 0.96352100 0.89973700
vt 0.99853500 0.90996100
vt 0.96352100 0.90996100
vt 0.99853500 0.92018500
vt 0.96352100 0.92018500
vt 0.99853500 0.94063400
vt 0.96352100 0.94063400
vt 0.99853500 0.98153100
vt 0.96352100 0.98153100
vt 0.97519200 0.00000000
vt 0.98686400 0.00000000
vt 0.98686400 0.98153100
vt 0.97519200 0.98153100
vt 0.00000000 0.00000000
vt 0.00000000 0.00000000
vt 0.00000000 0.00000000
vt 0.00000000 0.03647900
vt 0.00000000 0.03647900
vt 0.00000000 0.03647900
vt 0.01918500 0.00000000
vt 0.01918500 0.00000000
vt 0.01918500 0.00000000
vt 0.01918500 0.00912000
vt 0.01918500 0.00912000
vt 0.01918500 0.00912000
vt 0.01918500 0.01824000
vt 0.01918500 0.01824000
vt 0.01918500 0.02735900
vt 0.01918500 0.02735900
vt 0.01918500 0.02735900
vt 0.01918500 0.03647900
vt 0.01918500 0.03647900
vt 0.01918500 0.03647900
vt 0.03836900 0.00000000
vt 0.03836900 0.00000000
vt 0.03836900 0.00000000
vt 0.03836900 0.00912000
vt 0.03836900 0.00912000
vt 0.03836900 0.01824000
vt 0.03836900 0.01824000
vt 0.03836900 0.01824000
vt 0.03836900 0.02735900
vt 0.03836900 0.02735900
vt 0.03836900 0.02735900
vt 0.03836900 0.03647900
vt 0.03836900 0.03647900
vt 0.03836900 0.03647900
vt 0.03836900 0.03647900
vt 0.05755400 0.00000000
vt 0.05755400 0.00000000
vt 0.05755400 0.00000000
vt 0.05755400 0.00912000
vt 0.05755400 0.00912000
vt 0.05755400 0.00912000
vt 0.05755400 0.01824000
vt 0.05755400 0.01824000
vt 0.05755400 0.01824000
vt 0.05755400 0.02735900
vt 0.05755400 0.02735900
vt 0.05755400 0.02735900
vt 0.05755400 0.03647900
vt 0.05755400 0.03647900
vt 0.05755400 0.03647900
vt 0.07673800 0.00000000
vt 0.07673800 0.00000000
vt 0.07673800 0.00000000
vt 0.07673800 0.03647900
vt 0.07673800 0.03647900
vt 0.07673800 0.03647900
vt 0.07673800 0.03647900
vt 0.00000000 0.02431900
vt 0.00000000 0.02431900
vt 0.00000000 0.02431900
vt 0.00000000 0.01216000
vt 0.00000000 0.01216000
vt 0.07673800 0.01216000
vt 0.07673800 0.01216000
vt 0.07673800 0.01216000
vt 0.07673800 0.02431900
vt 0.07673800 0.02431900
vt 0.07673800 0.02431900
vt 0.96205600 0.00000000
vt 0.92704200 0.00000000
vt 0.96205600 0.02717100
vt 0.92704200 0.02717100
vt 0.96205600 0.05434200
vt 0.92704200 0.05434200
vt 0.96205600 0.06792800
vt 0.92704200 0.06792800
vt 0.96205600 0.08151300
vt 0.92704200 0.08151300
vt 0.96205600 0.09509900
vt 0.92704200 0.09509900
vt 0.96205600 0.10868400
vt 0.92704200 0.10868400
vt 0.96205600 0.12227000
vt 0.92704200 0.12227000
vt 0.96205600 0.13585500
vt 0.92704200 0.13585500
vt 0.96205600 0.14944100
vt 0.92704200 0.14944100
vt 0.96205600 0.15623400
vt 0.92704200 0.15623400
vt 0.96205600 0.16302600
vt 0.92704200 0.16302600
vt 0.96205600 0.16981900
vt 0.92704200 0.16981900
vt 0.96205600 0.17661200
vt 0.92704200 0.17661200
vt 0.96205600 0.18340500
vt 0.92704200 0.18340500
vt 0.96205600 0.19019800
vt 0.92704200 0.19019800
vt 0.96205600 0.19699000
vt 0.92704200 0.19699000
vt 0.96205600 0.20378300
vt 0.92704200 0.20378300
vt 0.96205600 0.21057600
vt 0.92704200 0.21057600
vt 0.96205600 0.21736900
vt 0.92704200 0.21736900
vt 0.96205600 0.22416100
vt 0.92704200 0.22416100
vt 0.96205600 0.23095400
vt 0.92704200 0.23095400
vt 0.96205600 0.23774700
vt 0.92704200 0.23774700
vt 0.96205600 0.24454000
vt 0.92704200 0.24454000
vt 0.96205600 0.25133200
vt 0.92704200 0.25133200
vt 0.96205600 0.25812500
vt 0.92704200 0.25812500
vt 0.96205600 0.26491800
vt 0.92704200 0.26491800
vt 0.96205600 0.27171100
vt 0.92704200 0.27171100
vt 0.96205600 0.27850400
vt 0.92704200 0.27850400
vt 0.96205600 0.28529600
vt 0.92704200 0.28529600
vt 0.96205600 0.29208900
vt 0.92704200 0.29208900
vt 0.96205600 0.29888200
vt 0.92704200 0.29888200
vt 0.96205600 0.30567500
vt 0.92704200 0.30567500
vt 0.96205600 0.31246700
vt 0.92704200 0.31246700
vt 0.96205600 0.31926000
vt 0.92704200 0.31926000
vt 0.96205600 0.32605300
vt 0.92704200 0.32605300
vt 0.96205600 0.33284600
vt 0.92704200 0.33284600
vt 0.96205600 0.33963900
vt 0.92704200 0.33963900
vt 0.96205600 0.34643100
vt 0.92704200 0.34643100
vt 0.96205600 0.35322400
vt 0.92704200 0.35322400
vt 0.96205600 0.36001700
vt 0.92704200 0.36001700
vt 0.96205600 0.36681000
vt 0.92704200 0.36681000
vt 0.96205600 0.37360200
vt 0.92704200 0.37360200
vt 0.96205600 0.38039500
vt 0.92704200 0.38039500
vt 0.96205600 0.38718800
vt 0.92704200 0.38718800
vt 0.96205600 0.39398100
vt 0.92704200 0.39398100
vt 0.96205600 0.40077300
vt 0.92704200 0.40077300
vt 0.96205600 0.40756600
vt 0.92704200 0.40756600
vt 0.96205600 0.41435900
vt 0.92704200 0.41435900
vt 0.96205600 0.42115200
vt 0.92704200 0.42115200
vt 0.96205600 0.42794500
vt 0.92704200 0.42794500
vt 0.96205600 0.43473700
vt 0.92704200 0.43473700
vt 0.96205600 0.44153000
vt 0.92704200 0.44153000
vt 0.96205600 0.44832300
vt 0.92704200 0.44832300
vt 0.96205600 0.45511600
vt 0.92704200 0.45511600
vt 0.96205600 0.46190800
vt 0.92704200 0.46190800
vt 0.96205600 0.46870100
vt 0.92704200 0.46870100
vt 0.96205600 0.47549400
vt 0.92704200 0.47549400
vt 0.96205600 0.48228700
vt 0.92704200 0.48228700
vt 0.96205600 0.48907900
vt 0.92704200 0.48907900
vt 0.96205600 0.49587200
vt 0.92704200 0.49587200
vt 0.96205600 0.50266500
vt 0.92704200 0.50266500
vt 0.96205600 0.51625100
vt 0.92704200 0.51625100
vt 0.96205600 0.52983600
vt 0.92704200 0.52983600
vt 0.96205600 0.54342200
vt 0.92704200 0.54342200
vt 0.96205600 0.55700700
vt 0.92704200 0.55700700
vt 0.96205600 0.57059300
vt 0.92704200 0.57059300
vt 0.96205600 0.58417800
vt 0.92704200 0.58417800
vt 0.96205600 0.59776400
vt 0.92704200 0.59776400
vt 0.96205600 0.62493500
vt 0.92704200 0.62493500
vt 0.96205600 0.65210600
vt 0.92704200 0.65210600
vt 0.93871300 0.00000000
vt 0.95038500 0.00000000
vt 0.94454900 0.65210600
vt 0.00000000 0.16307600
vt 0.00000000 0.19955500
vt 0.01542900 0.16307600
vt 0.01542900 0.19955500
vt 0.02314400 0.16307600
vt 0.02314400 0.19955500
vt 0.03085800 0.16307600
vt 0.03085800 0.19955500
vt 0.03857300 0.16307600
vt 0.03857300 0.19955500
vt 0.04628700 0.16307600
vt 0.04628700 0.19955500
vt 0.05400200 0.16307600
vt 0.05400200 0.19955500
vt 0.06171600 0.16307600
vt 0.06171600 0.19955500
vt 0.06943100 0.16307600
vt 0.06943100 0.19955500
vt 0.07714600 0.16307600
vt 0.07714600 0.19955500
vt 0.08486000 0.16307600
vt 0.08486000 0.19955500
vt 0.09257500 0.16307600
vt 0.09257500 0.19955500
vt 0.10028900 0.16307600
vt 0.10028900 0.19955500
vt 0.10800400 0.16307600
vt 0.10800400 0.19955500
vt 0.11571800 0.16307600
vt 0.11571800 0.19955500
vt 0.12343300 0.16307600
vt 0.12343300 0.19955500
vt 0.13114700 0.16307600
vt 0.13114700 0.19955500
vt 0.13886200 0.16307600
vt 0.13886200 0.19955500
vt 0.14657700 0.16307600
vt 0.14657700 0.19955500
vt 0.15429100 0.16307600
vt 0.15429100 0.19955500
vt 0.16200600 0.16307600
vt 0.16200600 0.19955500
vt 0.16972000 0.16307600
vt 0.16972000 0.19955500
vt 0.17743500 0.16307600
vt 0.17743500 0.19955500
vt 0.18514900 0.16307600
vt 0.18514900 0.19955500
vt 0.19286400 0.16307600
vt 0.19286400 0.19955500
vt 0.20057900 0.16307600
vt 0.20057900 0.19955500
vt 0.20829300 0.16307600
vt 0.20829300 0.19955500
vt 0.21600800 0.16307600
vt 0.21600800 0.19955500
vt 0.22372200 0.16307600
vt 0.22372200 0.19955500
vt 0.23143700 0.16307600
vt 0.23143700 0.19955500
vt 0.23915100 0.16307600
vt 0.23915100 0.19955500
vt 0.24686600 0.16307600
vt 0.24686600 0.19955500
vt 0.24686600 0.17523600
vt 0.24686600 0.18739500
vt 0.00000000 0.18131600
vt 0.34634000 0.63831100
vt 0.34634000 0.63831100
vt 0.34634000 0.63831100
vt 0.34634000 0.63831100
vt 0.34634000 0.63831100
vt 0.34634000 0.63831100
vt 0.35190200 0.63401100
vt 0.35190200 0.63401100
vt 0.35190200 0.63401100
vt 0.35190200 0.63401100
vt 0.35691400 0.62910800
vt 0.35691400 0.62910800
vt 0.35691400 0.62910800
vt 0.35691400 0.62910800
vt 0.36140200 0.62369400
vt 0.36140200 0.62369400
vt 0.36140200 0.62369400
vt 0.36539400 0.61786200
vt 0.36539400 0.61786200
vt 0.36539400 0.61786200
vt 0.36539400 0.61786200
vt 0.36891700 0.61170300
vt 0.36891700 0.61170300
vt 0.36891700 0.61170300
vt 0.36891700 0.61170300
vt 0.36891700 0.61170300
vt 0.37199500 0.60531100
vt 0.37199500 0.60531100
vt 0.37199500 0.60531100
vt 0.37199500 0.60531100
vt 0.37465700 0.59877800
vt 0.37465700 0.59877800
vt 0.37465700 0.59877800
vt 0.37465700 0.59877800
vt 0.37692900 0.59219600
vt 0.37692900 0.59219600
vt 0.37692900 0.59219600
vt 0.37692900 0.59219600
vt 0.38041000 0.57925500
vt 0.38041000 0.57925500
vt 0.38041000 0.57925500
vt 0.38041000 0.57925500
vt 0.38264900 0.56722800
vt 0.38264900 0.56722800
vt 0.38264900 0.56722800
vt 0.38264900 0.56722800
vt 0.38386000 0.55685200
vt 0.38386000 0.55685200
vt 0.38386000 0.55685200
vt 0.38425700 0.54886800
vt 0.38425700 0.54886800
vt 0.38425700 0.54886800
vt 0.40370700 0.54886800
vt 0.40370700 0.54886800
vt 0.40370700 0.54886800
vt 0.42315600 0.54886800
vt 0.42315600 0.54886800
vt 0.42315600 0.54886800
vt 0.42315600 0.54886800
vt 0.44260600 0.54886800
vt 0.44260600 0.54886800
vt 0.44260600 0.54886800
vt 0.44260600 0.54886800
vt 0.46205600 0.54886800
vt 0.46205600 0.54886800
vt 0.46205600 0.54886800
vt 0.46195800 0.55470700
vt 0.46195800 0.55470700
vt 0.46195800 0.55470700
vt 0.46107400 0.56785900
vt 0.46107400 0.56785900
vt 0.46107400 0.56785900
vt 0.46006300 0.57663600
vt 0.46006300 0.57663600
vt 0.46006300 0.57663600
vt 0.46006300 0.57663600
vt 0.45852700 0.58659200
vt 0.45852700 0.58659200
vt 0.45852700 0.58659200
vt 0.45852700 0.58659200
vt 0.45852700 0.58659200
vt 0.45635700 0.59751000
vt 0.45635700 0.59751000
vt 0.45635700 0.59751000
vt 0.45635700 0.59751000
vt 0.45344300 0.60917300
vt 0.45344300 0.60917300
vt 0.45344300 0.60917300
vt 0.45344300 0.60917300
vt 0.44967500 0.62136600
vt 0.44967500 0.62136600
vt 0.44967500 0.62136600
vt 0.44967500 0.62136600
vt 0.44967500 0.62136600
vt 0.44494400 0.63387200
vt 0.44494400 0.63387200
vt 0.44494400 0.63387200
vt 0.44494400 0.63387200
vt 0.43914000 0.64647300
vt 0.43914000 0.64647300
vt 0.43914000 0.64647300
vt 0.43914000 0.64647300
vt 0.43215500 0.65895500
vt 0.43215500 0.65895500
vt 0.43215500 0.65895500
vt 0.43215500 0.65895500
vt 0.42387800 0.67109900
vt 0.42387800 0.67109900
vt 0.42387800 0.67109900
vt 0.41922100 0.67697700
vt 0.41922100 0.67697700
vt 0.41922100 0.67697700
vt 0.41420000 0.68268900
vt 0.41420000 0.68268900
vt 0.41420000 0.68268900
vt 0.41420000 0.68268900
vt 0.40880100 0.68820900
vt 0.40880100 0.68820900
vt 0.40880100 0.68820900
vt 0.40880100 0.68820900
vt 0.40301100 0.69351000
vt 0.40301100 0.69351000
vt 0.40301100 0.69351000
vt 0.39681700 0.69856300
vt 0.39681700 0.69856300
vt 0.39681700 0.69856300
vt 0.39020300 0.70334400
vt 0.39020300 0.70334400
vt 0.39020300 0.70334400
vt 0.39020300 0.70334400
vt 0.39020300 0.70334400
vt 0.38345800 0.70770400
vt 0.38345800 0.70770400
vt 0.38345800 0.70770400
vt 0.38345800 0.70770400
vt 0.37663500 0.71168700
vt 0.37663500 0.71168700
vt 0.37663500 0.71168700
vt 0.37663500 0.71168700
vt 0.37663500 0.71168700
vt 0.36974400 0.71529500
vt 0.36974400 0.71529500
vt 0.36974400 0.71529500
vt 0.36974400 0.71529500
vt 0.36279400 0.71852900
vt 0.36279400 0.71852900
vt 0.36279400 0.71852900
vt 0.36279400 0.71852900
vt 0.35579500 0.72139300
vt 0.35579500 0.72139300
vt 0.35579500 0.72139300
vt 0.35579500 0.72139300
vt 0.34875700 0.72388600
vt 0.34875700 0.72388600
vt 0.34875700 0.72388600
vt 0.34875700 0.72388600
vt 0.34875700 0.72388600
vt 0.34169000 0.72601200
vt 0.34169000 0.72601200
vt 0.34169000 0.72601200
vt 0.33460400 0.72777200
vt 0.33460400 0.72777200
vt 0.33460400 0.72777200
vt 0.32750800 0.72916700
vt 0.32750800 0.72916700
vt 0.32750800 0.72916700
vt 0.32041300 0.73020100
vt 0.32041300 0.73020100
vt 0.32041300 0.73020100
vt 0.31332900 0.73087300
vt 0.31332900 0.73087300
vt 0.31332900 0.73087300
vt 0.30626400 0.73118800
vt 0.30626400 0.73118800
vt 0.30626400 0.73118800
vt 0.29923000 0.73114500
vt 0.29923000 0.73114500
vt 0.29923000 0.73114500
vt 0.29223600 0.73074700
vt 0.29223600 0.73074700
vt 0.29223600 0.73074700
vt 0.29223600 0.73074700
vt 0.28529200 0.72999600
vt 0.28529200 0.72999600
vt 0.28529200 0.72999600
vt 0.28529200 0.72999600
vt 0.27840700 0.72889400
vt 0.27840700 0.72889400
vt 0.27840700 0.72889400
vt 0.27840700 0.72889400
vt 0.27159200 0.72744300
vt 0.27159200 0.72744300
vt 0.27159200 0.72744300
vt 0.26485700 0.72564300
vt 0.26485700 0.72564300
vt 0.26485700 0.72564300
vt 0.25821100 0.72349800
vt 0.25821100 0.72349800
vt 0.25821100 0.72349800
vt 0.25166400 0.72100900
vt 0.25166400 0.72100900
vt 0.25166400 0.72100900
vt 0.24522600 0.71817700
vt 0.24522600 0.71817700
vt 0.24522600 0.71817700
vt 0.23890700 0.71500600
vt 0.23890700 0.71500600
vt 0.23890700 0.71500600
vt 0.23271700 0.71149500
vt 0.23271700 0.71149500
vt 0.23271700 0.71149500
vt 0.22666500 0.70764800
vt 0.22666500 0.70764800
vt 0.22666500 0.70764800
vt 0.22076200 0.70346700
vt 0.22076200 0.70346700
vt 0.22076200 0.70346700
vt 0.22076200 0.70346700
vt 0.21501700 0.69895200
vt 0.21501700 0.69895200
vt 0.21501700 0.69895200
vt 0.21501700 0.69895200
vt 0.20944100 0.69410600
vt 0.20944100 0.69410600
vt 0.20944100 0.69410600
vt 0.20404300 0.68893000
vt 0.20404300 0.68893000
vt 0.20404300 0.68893000
vt 0.19883200 0.68342700
vt 0.19883200 0.68342700
vt 0.19883200 0.68342700
vt 0.19382000 0.67759900
vt 0.19382000 0.67759900
vt 0.19382000 0.67759900
vt 0.18901500 0.67144600
vt 0.18901500 0.67144600
vt 0.18901500 0.67144600
vt 0.18442800 0.66497200
vt 0.18442800 0.66497200
vt 0.18442800 0.66497200
vt 0.17974000 0.65752800
vt 0.17974000 0.65752800
vt 0.17974000 0.65752800
vt 0.17563200 0.64999600
vt 0.17563200 0.64999600
vt 0.17563200 0.64999600
vt 0.17208100 0.64239000
vt 0.17208100 0.64239000
vt 0.17208100 0.64239000
vt 0.16906000 0.63472600
vt 0.16906000 0.63472600
vt 0.16906000 0.63472600
vt 0.16654500 0.62701800
vt 0.16654500 0.62701800
vt 0.16654500 0.62701800
vt 0.16451000 0.61928300
vt 0.16451000 0.61928300
vt 0.16451000 0.61928300
vt 0.16293100 0.61153400
vt 0.16293100 0.61153400
vt 0.16293100 0.61153400
vt 0.16178100 0.60378700
vt 0.16178100 0.60378700
vt 0.16178100 0.60378700
vt 0.16103500 0.59605700
vt 0.16103500 0.59605700
vt 0.16103500 0.59605700
vt 0.16067000 0.58835900
vt 0.16067000 0.58835900
vt 0.16067000 0.58835900
vt 0.16097600 0.57311900
vt 0.16097600 0.57311900
vt 0.16097600 0.57311900
vt 0.16249700 0.55819000
vt 0.16249700 0.55819000
vt 0.16249700 0.55819000
vt 0.16249700 0.55819000
vt 0.16503300 0.54369000
vt 0.16503300 0.54369000
vt 0.16503300 0.54369000
vt 0.16838000 0.52974200
vt 0.16838000 0.52974200
vt 0.16838000 0.52974200
vt 0.17233800 0.51646500
vt 0.17233800 0.51646500
vt 0.17233800 0.51646500
vt 0.17233800 0.51646500
vt 0.17670500 0.50398000
vt 0.17670500 0.50398000
vt 0.17670500 0.50398000
vt 0.17670500 0.50398000
vt 0.18127900 0.49240800
vt 0.18127900 0.49240800
vt 0.18127900 0.49240800
vt 0.19024200 0.47248700
vt 0.19024200 0.47248700
vt 0.19024200 0.47248700
vt 0.19761400 0.45766700
vt 0.19761400 0.45766700
vt 0.19761400 0.45766700
vt 0.20724900 0.43772600
vt 0.20724900 0.43772600
vt 0.20724900 0.43772600
vt 0.21521300 0.41904500
vt 0.21521300 0.41904500
vt 0.21521300 0.41904500
vt 0.21850500 0.41016300
vt 0.21850500 0.41016300
vt 0.21850500 0.41016300
vt 0.22130300 0.40157600
vt 0.22130300 0.40157600
vt 0.22130300 0.40157600
vt 0.22130300 0.40157600
vt 0.22358100 0.39328100
vt 0.22358100 0.39328100
vt 0.22358100 0.39328100
vt 0.22358100 0.39328100
vt 0.22358100 0.39328100
vt 0.22531300 0.38527000
vt 0.22531300 0.38527000
vt 0.22531300 0.38527000
vt 0.22531300 0.38527000
vt 0.22647400 0.37753700
vt 0.22647400 0.37753700
vt 0.22647400 0.37753700
vt 0.22647400 0.37753700
vt 0.22703800 0.37007700
vt 0.22703800 0.37007700
vt 0.22703800 0.37007700
vt 0.22703800 0.37007700
vt 0.22698000 0.36288300
vt 0.22698000 0.36288300
vt 0.22698000 0.36288300
vt 0.22698000 0.36288300
vt 0.22698000 0.36288300
vt 0.22627400 0.35594900
vt 0.22627400 0.35594900
vt 0.22627400 0.35594900
vt 0.22489400 0.34926900
vt 0.22489400 0.34926900
vt 0.22489400 0.34926900
vt 0.22281500 0.34283700
vt 0.22281500 0.34283700
vt 0.22281500 0.34283700
vt 0.22001100 0.33664700
vt 0.22001100 0.33664700
vt 0.22001100 0.33664700
vt 0.21645700 0.33069300
vt 0.21645700 0.33069300
vt 0.21645700 0.33069300
vt 0.21220800 0.32503000
vt 0.21220800 0.32503000
vt 0.21220800 0.32503000
vt 0.20736600 0.31973600
vt 0.20736600 0.31973600
vt 0.20736600 0.31973600
vt 0.20198300 0.31485700
vt 0.20198300 0.31485700
vt 0.20198300 0.31485700
vt 0.19611100 0.31043700
vt 0.19611100 0.31043700
vt 0.19611100 0.31043700
vt 0.19611100 0.31043700
vt 0.18980300 0.30652100
vt 0.18980300 0.30652100
vt 0.18980300 0.30652100
vt 0.18980300 0.30652100
vt 0.18980300 0.30652100
vt 0.18311200 0.30315500
vt 0.18311200 0.30315500
vt 0.18311200 0.30315500
vt 0.18311200 0.30315500
vt 0.17609000 0.30038400
vt 0.17609000 0.30038400
vt 0.17609000 0.30038400
vt 0.17609000 0.30038400
vt 0.17609000 0.30038400
vt 0.16878900 0.29825200
vt 0.16878900 0.29825200
vt 0.16878900 0.29825200
vt 0.16878900 0.29825200
vt 0.16878900 0.29825200
vt 0.16878900 0.29825200
vt 0.16126300 0.29680400
vt 0.16126300 0.29680400
vt 0.16126300 0.29680400
vt 0.16126300 0.29680400
vt 0.15356400 0.29608600
vt 0.15356400 0.29608600
vt 0.15356400 0.29608600
vt 0.14574400 0.29614300
vt 0.14574400 0.29614300
vt 0.14574400 0.29614300
vt 0.13785700 0.29702000
vt 0.13785700 0.29702000
vt 0.13785700 0.29702000
vt 0.12995400 0.29876100
vt 0.12995400 0.29876100
vt 0.12995400 0.29876100
vt 0.12208800 0.30141300
vt 0.12208800 0.30141300
vt 0.12208800 0.30141300
vt 0.11431300 0.30501900
vt 0.11431300 0.30501900
vt 0.11431300 0.30501900
vt 0.10667900 0.30962500
vt 0.10667900 0.30962500
vt 0.10667900 0.30962500
vt 0.09987400 0.31494900
vt 0.09987400 0.31494900
vt 0.09987400 0.31494900
vt 0.09416300 0.32081900
vt 0.09416300 0.32081900
vt 0.09416300 0.32081900
vt 0.08945600 0.32711500
vt 0.08945600 0.32711500
vt 0.08945600 0.32711500
vt 0.08566300 0.33372000
vt 0.08566300 0.33372000
vt 0.08566300 0.33372000
vt 0.08566300 0.33372000
vt 0.08269600 0.34051200
vt 0.08269600 0.34051200
vt 0.08269600 0.34051200
vt 0.08046400 0.34737200
vt 0.08046400 0.34737200
vt 0.08046400 0.34737200
vt 0.07887700 0.35418200
vt 0.07887700 0.35418200
vt 0.07887700 0.35418200
vt 0.07784600 0.36082100
vt 0.07784600 0.36082100
vt 0.07784600 0.36082100
vt 0.07728200 0.36717100
vt 0.07728200 0.36717100
vt 0.07728200 0.36717100
vt 0.07728200 0.36717100
vt 0.07709300 0.37311100
vt 0.07709300 0.37311100
vt 0.07709300 0.37311100
vt 0.07709300 0.37311100
vt 0.07748600 0.38328600
vt 0.07748600 0.38328600
vt 0.07748600 0.38328600
vt 0.07883900 0.39347100
vt 0.07883900 0.39347100
vt 0.07883900 0.39347100
vt 0.06017000 0.39763000
vt 0.06017000 0.39763000
vt 0.06017000 0.39763000
vt 0.06017000 0.39763000
vt 0.04150100 0.40179000
vt 0.04150100 0.40179000
vt 0.04150100 0.40179000
vt 0.04150100 0.40179000
vt 0.02283200 0.40594900
vt 0.02283200 0.40594900
vt 0.02283200 0.40594900
vt 0.02283200 0.40594900
vt 0.00416300 0.41010800
vt 0.00416300 0.41010800
vt 0.00416300 0.41010800
vt 0.00293300 0.40407700
vt 0.00293300 0.40407700
vt 0.00293300 0.40407700
vt 0.00102500 0.39043500
vt 0.00102500 0.39043500
vt 0.00102500 0.39043500
vt 0.00102500 0.39043500
vt 0.00030500 0.38129400
vt 0.00030500 0.38129400
vt 0.00030500 0.38129400
vt 0.00030500 0.38129400
vt 0.00030500 0.38129400
vt 0.00000000 0.37089200
vt 0.00000000 0.37089200
vt 0.00000000 0.37089200
vt 0.00000000 0.37089200
vt 0.00030600 0.35944100
vt 0.00030600 0.35944100
vt 0.00030600 0.35944100
vt 0.00141900 0.34715700
vt 0.00141900 0.34715700
vt 0.00141900 0.34715700
vt 0.00353300 0.33425300
vt 0.00353300 0.33425300
vt 0.00353300 0.33425300
vt 0.00684300 0.32094200
vt 0.00684300 0.32094200
vt 0.00684300 0.32094200
vt 0.01154600 0.30743900
vt 0.01154600 0.30743900
vt 0.01154600 0.30743900
vt 0.01448000 0.30068200
vt 0.01448000 0.30068200
vt 0.01448000 0.30068200
vt 0.01783500 0.29395700
vt 0.01783500 0.29395700
vt 0.01783500 0.29395700
vt 0.02163600 0.28729100
vt 0.02163600 0.28729100
vt 0.02163600 0.28729100
vt 0.02163600 0.28729100
vt 0.02590600 0.28071000
vt 0.02590600 0.28071000
vt 0.02590600 0.28071000
vt 0.02590600 0.28071000
vt 0.03067100 0.27424200
vt 0.03067100 0.27424200
vt 0.03067100 0.27424200
vt 0.03595500 0.26791200
vt 0.03595500 0.26791200
vt 0.03595500 0.26791200
vt 0.04178200 0.26174800
vt 0.04178200 0.26174800
vt 0.04178200 0.26174800
vt 0.04817600 0.25577600
vt 0.04817600 0.25577600
vt 0.04817600 0.25577600
vt 0.05516200 0.25002300
vt 0.05516200 0.25002300
vt 0.05516200 0.25002300
vt 0.06276500 0.24451700
vt 0.06276500 0.24451700
vt 0.06276500 0.24451700
vt 0.06961000 0.24011900
vt 0.06961000 0.24011900
vt 0.06961000 0.24011900
vt 0.07658700 0.23612000
vt 0.07658700 0.23612000
vt 0.07658700 0.23612000
vt 0.08368300 0.23251700
vt 0.08368300 0.23251700
vt 0.08368300 0.23251700
vt 0.09088300 0.22930800
vt 0.09088300 0.22930800
vt 0.09088300 0.22930800
vt 0.09817600 0.22648900
vt 0.09817600 0.22648900
vt 0.09817600 0.22648900
vt 0.10554600 0.22405700
vt 0.10554600 0.22405700
vt 0.10554600 0.22405700
vt 0.11298100 0.22201000
vt 0.11298100 0.22201000
vt 0.11298100 0.22201000
vt 0.12046800 0.22034400
vt 0.12046800 0.22034400
vt 0.12046800 0.22034400
vt 0.12799300 0.21905600
vt 0.12799300 0.21905600
vt 0.12799300 0.21905600
vt 0.13554200 0.21814400
vt 0.13554200 0.21814400
vt 0.13554200 0.21814400
vt 0.14310300 0.21760500
vt 0.14310300 0.21760500
vt 0.14310300 0.21760500
vt 0.15066100 0.21743500
vt 0.15066100 0.21743500
vt 0.15066100 0.21743500
vt 0.15820400 0.21763100
vt 0.15820400 0.21763100
vt 0.15820400 0.21763100
vt 0.16571700 0.21819200
vt 0.16571700 0.21819200
vt 0.16571700 0.21819200
vt 0.17318800 0.21911300
vt 0.17318800 0.21911300
vt 0.17318800 0.21911300
vt 0.17318800 0.21911300
vt 0.17318800 0.21911300
vt 0.18060300 0.22039200
vt 0.18060300 0.22039200
vt 0.18060300 0.22039200
vt 0.18060300 0.22039200
vt 0.18794900 0.22202500
vt 0.18794900 0.22202500
vt 0.18794900 0.22202500
vt 0.18794900 0.22202500
vt 0.19521200 0.22401100
vt 0.19521200 0.22401100
vt 0.19521200 0.22401100
vt 0.20237900 0.22634500
vt 0.20237900 0.22634500
vt 0.20237900 0.22634500
vt 0.20237900 0.22634500
vt 0.20943600 0.22902500
vt 0.20943600 0.22902500
vt 0.20943600 0.22902500
vt 0.21637000 0.23204800
vt 0.21637000 0.23204800
vt 0.21637000 0.23204800
vt 0.21637000 0.23204800
vt 0.21637000 0.23204800
vt 0.22316800 0.23541100
vt 0.22316800 0.23541100
vt 0.22316800 0.23541100
vt 0.22316800 0.23541100
vt 0.22981600 0.23911200
vt 0.22981600 0.23911200
vt 0.22981600 0.23911200
vt 0.22981600 0.23911200
vt 0.23630000 0.24314600
vt 0.23630000 0.24314600
vt 0.23630000 0.24314600
vt 0.24260900 0.24751100
vt 0.24260900 0.24751100
vt 0.24260900 0.24751100
vt 0.24872700 0.25220500
vt 0.24872700 0.25220500
vt 0.24872700 0.25220500
vt 0.25464100 0.25722400
vt 0.25464100 0.25722400
vt 0.25464100 0.25722400
vt 0.26033900 0.26256500
vt 0.26033900 0.26256500
vt 0.26033900 0.26256500
vt 0.26580600 0.26822500
vt 0.26580600 0.26822500
vt 0.26580600 0.26822500
vt 0.27102900 0.27420200
vt 0.27102900 0.27420200
vt 0.27102900 0.27420200
vt 0.27599600 0.28049200
vt 0.27599600 0.28049200
vt 0.27599600 0.28049200
vt 0.28069100 0.28709300
vt 0.28069100 0.28709300
vt 0.28069100 0.28709300
vt 0.28523600 0.29426900
vt 0.28523600 0.29426900
vt 0.28523600 0.29426900
vt 0.28924700 0.30150000
vt 0.28924700 0.30150000
vt 0.28924700 0.30150000
vt 0.29274500 0.30877700
vt 0.29274500 0.30877700
vt 0.29274500 0.30877700
vt 0.29575200 0.31608900
vt 0.29575200 0.31608900
vt 0.29575200 0.31608900
vt 0.29828900 0.32342600
vt 0.29828900 0.32342600
vt 0.29828900 0.32342600
vt 0.30037700 0.33077700
vt 0.30037700 0.33077700
vt 0.30037700 0.33077700
vt 0.30203900 0.33813200
vt 0.30203900 0.33813200
vt 0.30203900 0.33813200
vt 0.30329400 0.34548100
vt 0.30329400 0.34548100
vt 0.30329400 0.34548100
vt 0.30416500 0.35281400
vt 0.30416500 0.35281400
vt 0.30416500 0.35281400
vt 0.30416500 0.35281400
vt 0.30467300 0.36012000
vt 0.30467300 0.36012000
vt 0.30467300 0.36012000
vt 0.30467300 0.36012000
vt 0.30467300 0.36012000
vt 0.30468600 0.37461000
vt 0.30468600 0.37461000
vt 0.30468600 0.37461000
vt 0.30350300 0.38886900
vt 0.30350300 0.38886900
vt 0.30350300 0.38886900
vt 0.30129600 0.40281500
vt 0.30129600 0.40281500
vt 0.30129600 0.40281500
vt 0.30129600 0.40281500
vt 0.30129600 0.40281500
vt 0.29823500 0.41636500
vt 0.29823500 0.41636500
vt 0.29823500 0.41636500
vt 0.29823500 0.41636500
vt 0.29823500 0.41636500
vt 0.29449200 0.42943600
vt 0.29449200 0.42943600
vt 0.29449200 0.42943600
vt 0.29449200 0.42943600
vt 0.29023700 0.44194700
vt 0.29023700 0.44194700
vt 0.29023700 0.44194700
vt 0.28564100 0.45381400
vt 0.28564100 0.45381400
vt 0.28564100 0.45381400
vt 0.27611300 0.47528900
vt 0.27611300 0.47528900
vt 0.27611300 0.47528900
vt 0.26727400 0.49320200
vt 0.26727400 0.49320200
vt 0.26727400 0.49320200
vt 0.25723400 0.51440700
vt 0.25723400 0.51440700
vt 0.25723400 0.51440700
vt 0.25301200 0.52445400
vt 0.25301200 0.52445400
vt 0.25301200 0.52445400
vt 0.24932700 0.53413100
vt 0.24932700 0.53413100
vt 0.24932700 0.53413100
vt 0.24618300 0.54343700
vt 0.24618300 0.54343700
vt 0.24618300 0.54343700
vt 0.24618300 0.54343700
vt 0.24358700 0.55237200
vt 0.24358700 0.55237200
vt 0.24358700 0.55237200
vt 0.24154100 0.56093700
vt 0.24154100 0.56093700
vt 0.24154100 0.56093700
vt 0.24005000 0.56913300
vt 0.24005000 0.56913300
vt 0.24005000 0.56913300
vt 0.24005000 0.56913300
vt 0.23911900 0.57695800
vt 0.23911900 0.57695800
vt 0.23911900 0.57695800
vt 0.23911900 0.57695800
vt 0.23875200 0.58441300
vt 0.23875200 0.58441300
vt 0.23875200 0.58441300
vt 0.23895400 0.59149800
vt 0.23895400 0.59149800
vt 0.23895400 0.59149800
vt 0.23972900 0.59821400
vt 0.23972900 0.59821400
vt 0.23972900 0.59821400
vt 0.24108100 0.60456000
vt 0.24108100 0.60456000
vt 0.24108100 0.60456000
vt 0.24301500 0.61053700
vt 0.24301500 0.61053700
vt 0.24301500 0.61053700
vt 0.24553600 0.61614400
vt 0.24553600 0.61614400
vt 0.24553600 0.61614400
vt 0.24864700 0.62138200
vt 0.24864700 0.62138200
vt 0.24864700 0.62138200
vt 0.25215700 0.62615700
vt 0.25215700 0.62615700
vt 0.25215700 0.62615700
vt 0.25612000 0.63072700
vt 0.25612000 0.63072700
vt 0.25612000 0.63072700
vt 0.26051300 0.63503000
vt 0.26051300 0.63503000
vt 0.26051300 0.63503000
vt 0.26051300 0.63503000
vt 0.26531400 0.63900500
vt 0.26531400 0.63900500
vt 0.26531400 0.63900500
vt 0.27049900 0.64258700
vt 0.27049900 0.64258700
vt 0.27049900 0.64258700
vt 0.27604500 0.64571600
vt 0.27604500 0.64571600
vt 0.27604500 0.64571600
vt 0.28193000 0.64832800
vt 0.28193000 0.64832800
vt 0.28193000 0.64832800
vt 0.28813000 0.65036100
vt 0.28813000 0.65036100
vt 0.28813000 0.65036100
vt 0.28813000 0.65036100
vt 0.29462300 0.65175400
vt 0.29462300 0.65175400
vt 0.29462300 0.65175400
vt 0.29462300 0.65175400
vt 0.29462300 0.65175400
vt 0.30138600 0.65244300
vt 0.30138600 0.65244300
vt 0.30138600 0.65244300
vt 0.30839500 0.65236600
vt 0.30839500 0.65236600
vt 0.30839500 0.65236600
vt 0.31562800 0.65146100
vt 0.31562800 0.65146100
vt 0.31562800 0.65146100
vt 0.32306200 0.64966500
vt 0.32306200 0.64966500
vt 0.32306200 0.64966500
vt 0.32306200 0.64966500
vt 0.33067400 0.64691700
vt 0.33067400 0.64691700
vt 0.33067400 0.64691700
vt 0.33067400 0.64691700
vt 0.33067400 0.64691700
vt 0.33844100 0.64315300
vt 0.33844100 0.64315300
vt 0.33844100 0.64315300
vt 0.33844100 0.64315300
vt 0.80986100 0.42087700
vt 0.80986100 0.42087700
vt 0.80986100 0.42087700
vt 0.80986100 0.42087700
vt 0.81542300 0.41657700
vt 0.81542300 0.41657700
vt 0.81542300 0.41657700
vt 0.81542300 0.41657700
vt 0.82043500 0.41167300
vt 0.82043500 0.41167300
vt 0.82043500 0.41167300
vt 0.82043500 0.41167300
vt 0.82492300 0.40625900
vt 0.82492300 0.40625900
vt 0.82492300 0.40625900
vt 0.82891500 0.40042700
vt 0.82891500 0.40042700
vt 0.82891500 0.40042700
vt 0.82891500 0.40042700
vt 0.83243800 0.39426900
vt 0.83243800 0.39426900
vt 0.83243800 0.39426900
vt 0.83243800 0.39426900
vt 0.83551600 0.38787700
vt 0.83551600 0.38787700
vt 0.83551600 0.38787700
vt 0.83551600 0.38787700
vt 0.83817800 0.38134300
vt 0.83817800 0.38134300
vt 0.83817800 0.38134300
vt 0.83817800 0.38134300
vt 0.83817800 0.38134300
vt 0.84045000 0.37476100
vt 0.84045000 0.37476100
vt 0.84045000 0.37476100
vt 0.84045000 0.37476100
vt 0.84045000 0.37476100
vt 0.84393100 0.36182000
vt 0.84393100 0.36182000
vt 0.84393100 0.36182000
vt 0.84617000 0.34979300
vt 0.84617000 0.34979300
vt 0.84617000 0.34979300
vt 0.84738100 0.33941700
vt 0.84738100 0.33941700
vt 0.84738100 0.33941700
vt 0.84777800 0.33143400
vt 0.84777800 0.33143400
vt 0.84777800 0.33143400
vt 0.86722800 0.33143400
vt 0.86722800 0.33143400
vt 0.86722800 0.33143400
vt 0.88667700 0.33143400
vt 0.88667700 0.33143400
vt 0.88667700 0.33143400
vt 0.90612700 0.33143400
vt 0.90612700 0.33143400
vt 0.90612700 0.33143400
vt 0.90612700 0.33143400
vt 0.92557700 0.33143400
vt 0.92557700 0.33143400
vt 0.92557700 0.33143400
vt 0.92547900 0.33727200
vt 0.92547900 0.33727200
vt 0.92547900 0.33727200
vt 0.92459500 0.35042400
vt 0.92459500 0.35042400
vt 0.92459500 0.35042400
vt 0.92459500 0.35042400
vt 0.92358400 0.35920100
vt 0.92358400 0.35920100
vt 0.92358400 0.35920100
vt 0.92358400 0.35920100
vt 0.92204800 0.36915700
vt 0.92204800 0.36915700
vt 0.92204800 0.36915700
vt 0.92204800 0.36915700
vt 0.91987800 0.38007500
vt 0.91987800 0.38007500
vt 0.91987800 0.38007500
vt 0.91987800 0.38007500
vt 0.91696300 0.39173900
vt 0.91696300 0.39173900
vt 0.91696300 0.39173900
vt 0.91696300 0.39173900
vt 0.91319500 0.40393100
vt 0.91319500 0.40393100
vt 0.91319500 0.40393100
vt 0.91319500 0.40393100
vt 0.91319500 0.40393100
vt 0.90846400 0.41643700
vt 0.90846400 0.41643700
vt 0.90846400 0.41643700
vt 0.90846400 0.41643700
vt 0.90266100 0.42903900
vt 0.90266100 0.42903900
vt 0.90266100 0.42903900
vt 0.89567600 0.44152000
vt 0.89567600 0.44152000
vt 0.89567600 0.44152000
vt 0.89567600 0.44152000
vt 0.88739900 0.45366400
vt 0.88739900 0.45366400
vt 0.88739900 0.45366400
vt 0.88274200 0.45954200
vt 0.88274200 0.45954200
vt 0.88274200 0.45954200
vt 0.87772100 0.46525400
vt 0.87772100 0.46525400
vt 0.87772100 0.46525400
vt 0.87232200 0.47077400
vt 0.87232200 0.47077400
vt 0.87232200 0.47077400
vt 0.87232200 0.47077400
vt 0.86653200 0.47607500
vt 0.86653200 0.47607500
vt 0.86653200 0.47607500
vt 0.86653200 0.47607500
vt 0.86033700 0.48112900
vt 0.86033700 0.48112900
vt 0.86033700 0.48112900
vt 0.85372400 0.48590900
vt 0.85372400 0.48590900
vt 0.85372400 0.48590900
vt 0.85372400 0.48590900
vt 0.84697900 0.49026900
vt 0.84697900 0.49026900
vt 0.84697900 0.49026900
vt 0.84015600 0.49425200
vt 0.84015600 0.49425200
vt 0.84015600 0.49425200
vt 0.84015600 0.49425200
vt 0.83326500 0.49786000
vt 0.83326500 0.49786000
vt 0.83326500 0.49786000
vt 0.83326500 0.49786000
vt 0.82631500 0.50109500
vt 0.82631500 0.50109500
vt 0.82631500 0.50109500
vt 0.82631500 0.50109500
vt 0.82631500 0.50109500
vt 0.81931600 0.50395800
vt 0.81931600 0.50395800
vt 0.81931600 0.50395800
vt 0.81931600 0.50395800
vt 0.81227800 0.50645100
vt 0.81227800 0.50645100
vt 0.81227800 0.50645100
vt 0.81227800 0.50645100
vt 0.80521100 0.50857700
vt 0.80521100 0.50857700
vt 0.80521100 0.50857700
vt 0.79812500 0.51033700
vt 0.79812500 0.51033700
vt 0.79812500 0.51033700
vt 0.79102900 0.51173300
vt 0.79102900 0.51173300
vt 0.79102900 0.51173300
vt 0.78393400 0.51276600
vt 0.78393400 0.51276600
vt 0.78393400 0.51276600
vt 0.77685000 0.51343900
vt 0.77685000 0.51343900
vt 0.77685000 0.51343900
vt 0.76978500 0.51375300
vt 0.76978500 0.51375300
vt 0.76978500 0.51375300
vt 0.76275100 0.51371000
vt 0.76275100 0.51371000
vt 0.76275100 0.51371000
vt 0.75575700 0.51331200
vt 0.75575700 0.51331200
vt 0.75575700 0.51331200
vt 0.74881300 0.51256200
vt 0.74881300 0.51256200
vt 0.74881300 0.51256200
vt 0.74192800 0.51145900
vt 0.74192800 0.51145900
vt 0.74192800 0.51145900
vt 0.74192800 0.51145900
vt 0.74192800 0.51145900
vt 0.73511300 0.51000800
vt 0.73511300 0.51000800
vt 0.73511300 0.51000800
vt 0.73511300 0.51000800
vt 0.72837800 0.50820800
vt 0.72837800 0.50820800
vt 0.72837800 0.50820800
vt 0.72837800 0.50820800
vt 0.72173200 0.50606300
vt 0.72173200 0.50606300
vt 0.72173200 0.50606300
vt 0.71518500 0.50357400
vt 0.71518500 0.50357400
vt 0.71518500 0.50357400
vt 0.71518500 0.50357400
vt 0.70874700 0.50074200
vt 0.70874700 0.50074200
vt 0.70874700 0.50074200
vt 0.70874700 0.50074200
vt 0.70242800 0.49757100
vt 0.70242800 0.49757100
vt 0.70242800 0.49757100
vt 0.69623800 0.49406100
vt 0.69623800 0.49406100
vt 0.69623800 0.49406100
vt 0.69018600 0.49021400
vt 0.69018600 0.49021400
vt 0.69018600 0.49021400
vt 0.68428300 0.48603200
vt 0.68428300 0.48603200
vt 0.68428300 0.48603200
vt 0.68428300 0.48603200
vt 0.67853800 0.48151700
vt 0.67853800 0.48151700
vt 0.67853800 0.48151700
vt 0.67296200 0.47667100
vt 0.67296200 0.47667100
vt 0.67296200 0.47667100
vt 0.66756400 0.47149600
vt 0.66756400 0.47149600
vt 0.66756400 0.47149600
vt 0.66235300 0.46599300
vt 0.66235300 0.46599300
vt 0.66235300 0.46599300
vt 0.65734100 0.46016400
vt 0.65734100 0.46016400
vt 0.65734100 0.46016400
vt 0.65253600 0.45401200
vt 0.65253600 0.45401200
vt 0.65253600 0.45401200
vt 0.64794900 0.44753700
vt 0.64794900 0.44753700
vt 0.64794900 0.44753700
vt 0.64326100 0.44009300
vt 0.64326100 0.44009300
vt 0.64326100 0.44009300
vt 0.63915300 0.43256100
vt 0.63915300 0.43256100
vt 0.63915300 0.43256100
vt 0.63560200 0.42495500
vt 0.63560200 0.42495500
vt 0.63560200 0.42495500
vt 0.63258100 0.41729100
vt 0.63258100 0.41729100
vt 0.63258100 0.41729100
vt 0.63006600 0.40958400
vt 0.63006600 0.40958400
vt 0.63006600 0.40958400
vt 0.62803100 0.40184800
vt 0.62803100 0.40184800
vt 0.62803100 0.40184800
vt 0.62645100 0.39409900
vt 0.62645100 0.39409900
vt 0.62645100 0.39409900
vt 0.62645100 0.39409900
vt 0.62530200 0.38635200
vt 0.62530200 0.38635200
vt 0.62530200 0.38635200
vt 0.62530200 0.38635200
vt 0.62530200 0.38635200
vt 0.62455600 0.37862200
vt 0.62455600 0.37862200
vt 0.62455600 0.37862200
vt 0.62419100 0.37092400
vt 0.62419100 0.37092400
vt 0.62419100 0.37092400
vt 0.62449700 0.35568500
vt 0.62449700 0.35568500
vt 0.62449700 0.35568500
vt 0.62601800 0.34075500
vt 0.62601800 0.34075500
vt 0.62601800 0.34075500
vt 0.62855400 0.32625600
vt 0.62855400 0.32625600
vt 0.62855400 0.32625600
vt 0.63190100 0.31230700
vt 0.63190100 0.31230700
vt 0.63190100 0.31230700
vt 0.63190100 0.31230700
vt 0.63190100 0.31230700
vt 0.63585900 0.29903000
vt 0.63585900 0.29903000
vt 0.63585900 0.29903000
vt 0.63585900 0.29903000
vt 0.64022600 0.28654500
vt 0.64022600 0.28654500
vt 0.64022600 0.28654500
vt 0.64022600 0.28654500
vt 0.64480000 0.27497400
vt 0.64480000 0.27497400
vt 0.64480000 0.27497400
vt 0.65376300 0.25505200
vt 0.65376300 0.25505200
vt 0.65376300 0.25505200
vt 0.65376300 0.25505200
vt 0.66113500 0.24023200
vt 0.66113500 0.24023200
vt 0.66113500 0.24023200
vt 0.67077000 0.22029100
vt 0.67077000 0.22029100
vt 0.67077000 0.22029100
vt 0.67873400 0.20161100
vt 0.67873400 0.20161100
vt 0.67873400 0.20161100
vt 0.68202600 0.19272800
vt 0.68202600 0.19272800
vt 0.68202600 0.19272800
vt 0.68202600 0.19272800
vt 0.68482400 0.18414200
vt 0.68482400 0.18414200
vt 0.68482400 0.18414200
vt 0.68710200 0.17584600
vt 0.68710200 0.17584600
vt 0.68710200 0.17584600
vt 0.68883400 0.16783500
vt 0.68883400 0.16783500
vt 0.68883400 0.16783500
vt 0.68883400 0.16783500
vt 0.68883400 0.16783500
vt 0.68999500 0.16010200
vt 0.68999500 0.16010200
vt 0.68999500 0.16010200
vt 0.68999500 0.16010200
vt 0.69055900 0.15264200
vt 0.69055900 0.15264200
vt 0.69055900 0.15264200
vt 0.69050100 0.14544800
vt 0.69050100 0.14544800
vt 0.69050100 0.14544800
vt 0.69050100 0.14544800
vt 0.68979400 0.13851400
vt 0.68979400 0.13851400
vt 0.68979400 0.13851400
vt 0.68841500 0.13183500
vt 0.68841500 0.13183500
vt 0.68841500 0.13183500
vt 0.68633600 0.12540300
vt 0.68633600 0.12540300
vt 0.68633600 0.12540300
vt 0.68353200 0.11921300
vt 0.68353200 0.11921300
vt 0.68353200 0.11921300
vt 0.67997800 0.11325800
vt 0.67997800 0.11325800
vt 0.67997800 0.11325800
vt 0.67572900 0.10759500
vt 0.67572900 0.10759500
vt 0.67572900 0.10759500
vt 0.67088700 0.10230200
vt 0.67088700 0.10230200
vt 0.67088700 0.10230200
vt 0.66550400 0.09742200
vt 0.66550400 0.09742200
vt 0.66550400 0.09742200
vt 0.65963200 0.09300200
vt 0.65963200 0.09300200
vt 0.65963200 0.09300200
vt 0.65332400 0.08908700
vt 0.65332400 0.08908700
vt 0.65332400 0.08908700
vt 0.64663300 0.08572100
vt 0.64663300 0.08572100
vt 0.64663300 0.08572100
vt 0.64663300 0.08572100
vt 0.64663300 0.08572100
vt 0.63961000 0.08294900
vt 0.63961000 0.08294900
vt 0.63961000 0.08294900
vt 0.63961000 0.08294900
vt 0.63231000 0.08081700
vt 0.63231000 0.08081700
vt 0.63231000 0.08081700
vt 0.63231000 0.08081700
vt 0.62478400 0.07936900
vt 0.62478400 0.07936900
vt 0.62478400 0.07936900
vt 0.62478400 0.07936900
vt 0.61708500 0.07865200
vt 0.61708500 0.07865200
vt 0.61708500 0.07865200
vt 0.60926500 0.07870900
vt 0.60926500 0.07870900
vt 0.60926500 0.07870900
vt 0.60926500 0.07870900
vt 0.60137800 0.07958500
vt 0.60137800 0.07958500
vt 0.60137800 0.07958500
vt 0.60137800 0.07958500
vt 0.60137800 0.07958500
vt 0.59347500 0.08132700
vt 0.59347500 0.08132700
vt 0.59347500 0.08132700
vt 0.59347500 0.08132700
vt 0.58560900 0.08397800
vt 0.58560900 0.08397800
vt 0.58560900 0.08397800
vt 0.57783400 0.08758400
vt 0.57783400 0.08758400
vt 0.57783400 0.08758400
vt 0.57783400 0.08758400
vt 0.57020000 0.09219000
vt 0.57020000 0.09219000
vt 0.57020000 0.09219000
vt 0.57020000 0.09219000
vt 0.57020000 0.09219000
vt 0.56339500 0.09751400
vt 0.56339500 0.09751400
vt 0.56339500 0.09751400
vt 0.55768400 0.10338400
vt 0.55768400 0.10338400
vt 0.55768400 0.10338400
vt 0.55297700 0.10968100
vt 0.55297700 0.10968100
vt 0.55297700 0.10968100
vt 0.55297700 0.10968100
vt 0.54918400 0.11628500
vt 0.54918400 0.11628500
vt 0.54918400 0.11628500
vt 0.54918400 0.11628500
vt 0.54621700 0.12307700
vt 0.54621700 0.12307700
vt 0.54621700 0.12307700
vt 0.54621700 0.12307700
vt 0.54398500 0.12993800
vt 0.54398500 0.12993800
vt 0.54398500 0.12993800
vt 0.54398500 0.12993800
vt 0.54239800 0.13674700
vt 0.54239800 0.13674700
vt 0.54239800 0.13674700
vt 0.54239800 0.13674700
vt 0.54136700 0.14338600
vt 0.54136700 0.14338600
vt 0.54136700 0.14338600
vt 0.54080200 0.14973600
vt 0.54080200 0.14973600
vt 0.54080200 0.14973600
vt 0.54061400 0.15567600
vt 0.54061400 0.15567600
vt 0.54061400 0.15567600
vt 0.54061400 0.15567600
vt 0.54100700 0.16585100
vt 0.54100700 0.16585100
vt 0.54100700 0.16585100
vt 0.54100700 0.16585100
vt 0.54236000 0.17603600
vt 0.54236000 0.17603600
vt 0.54236000 0.17603600
vt 0.52369100 0.18019600
vt 0.52369100 0.18019600
vt 0.52369100 0.18019600
vt 0.52369100 0.18019600
vt 0.52369100 0.18019600
vt 0.50502200 0.18435500
vt 0.50502200 0.18435500
vt 0.50502200 0.18435500
vt 0.50502200 0.18435500
vt 0.48635300 0.18851400
vt 0.48635300 0.18851400
vt 0.48635300 0.18851400
vt 0.46768400 0.19267300
vt 0.46768400 0.19267300
vt 0.46768400 0.19267300
vt 0.46645400 0.18664200
vt 0.46645400 0.18664200
vt 0.46645400 0.18664200
vt 0.46454600 0.17300000
vt 0.46454600 0.17300000
vt 0.46454600 0.17300000
vt 0.46454600 0.17300000
vt 0.46382600 0.16385900
vt 0.46382600 0.16385900
vt 0.46382600 0.16385900
vt 0.46382600 0.16385900
vt 0.46352100 0.15345700
vt 0.46352100 0.15345700
vt 0.46352100 0.15345700
vt 0.46352100 0.15345700
vt 0.46382700 0.14200700
vt 0.46382700 0.14200700
vt 0.46382700 0.14200700
vt 0.46494000 0.12972200
vt 0.46494000 0.12972200
vt 0.46494000 0.12972200
vt 0.46705400 0.11681800
vt 0.46705400 0.11681800
vt 0.46705400 0.11681800
vt 0.46705400 0.11681800
vt 0.47036400 0.10350800
vt 0.47036400 0.10350800
vt 0.47036400 0.10350800
vt 0.47506700 0.09000400
vt 0.47506700 0.09000400
vt 0.47506700 0.09000400
vt 0.47800100 0.08324700
vt 0.47800100 0.08324700
vt 0.47800100 0.08324700
vt 0.47800100 0.08324700
vt 0.48135600 0.07652200
vt 0.48135600 0.07652200
vt 0.48135600 0.07652200
vt 0.48515700 0.06985600
vt 0.48515700 0.06985600
vt 0.48515700 0.06985600
vt 0.48942700 0.06327500
vt 0.48942700 0.06327500
vt 0.48942700 0.06327500
vt 0.49419200 0.05680700
vt 0.49419200 0.05680700
vt 0.49419200 0.05680700
vt 0.49419200 0.05680700
vt 0.49947600 0.05047700
vt 0.49947600 0.05047700
vt 0.49947600 0.05047700
vt 0.49947600 0.05047700
vt 0.50530300 0.04431300
vt 0.50530300 0.04431300
vt 0.50530300 0.04431300
vt 0.51169700 0.03834100
vt 0.51169700 0.03834100
vt 0.51169700 0.03834100
vt 0.51868300 0.03258900
vt 0.51868300 0.03258900
vt 0.51868300 0.03258900
vt 0.52628600 0.02708200
vt 0.52628600 0.02708200
vt 0.52628600 0.02708200
vt 0.53313100 0.02268400
vt 0.53313100 0.02268400
vt 0.53313100 0.02268400
vt 0.53313100 0.02268400
vt 0.54010800 0.01868500
vt 0.54010800 0.01868500
vt 0.54010800 0.01868500
vt 0.54010800 0.01868500
vt 0.54010800 0.01868500
vt 0.54720400 0.01508300
vt 0.54720400 0.01508300
vt 0.54720400 0.01508300
vt 0.55440400 0.01187300
vt 0.55440400 0.01187300
vt 0.55440400 0.01187300
vt 0.56169700 0.00905400
vt 0.56169700 0.00905400
vt 0.56169700 0.00905400
vt 0.56906700 0.00662200
vt 0.56906700 0.00662200
vt 0.56906700 0.00662200
vt 0.56906700 0.00662200
vt 0.57650200 0.00457500
vt 0.57650200 0.00457500
vt 0.57650200 0.00457500
vt 0.57650200 0.00457500
vt 0.58398900 0.00290900
vt 0.58398900 0.00290900
vt 0.58398900 0.00290900
vt 0.58398900 0.00290900
vt 0.59151400 0.00162200
vt 0.59151400 0.00162200
vt 0.59151400 0.00162200
vt 0.59151400 0.00162200
vt 0.59906300 0.00070900
vt 0.59906300 0.00070900
vt 0.59906300 0.00070900
vt 0.59906300 0.00070900
vt 0.60662400 0.00017000
vt 0.60662400 0.00017000
vt 0.60662400 0.00017000
vt 0.60662400 0.00017000
vt 0.61418200 0.00000000
vt 0.61418200 0.00000000
vt 0.61418200 0.00000000
vt 0.61418200 0.00000000
vt 0.62172500 0.00019700
vt 0.62172500 0.00019700
vt 0.62172500 0.00019700
vt 0.62923800 0.00075700
vt 0.62923800 0.00075700
vt 0.62923800 0.00075700
vt 0.63670900 0.00167800
vt 0.63670900 0.00167800
vt 0.63670900 0.00167800
vt 0.63670900 0.00167800
vt 0.64412400 0.00295700
vt 0.64412400 0.00295700
vt 0.64412400 0.00295700
vt 0.65147000 0.00459000
vt 0.65147000 0.00459000
vt 0.65147000 0.00459000
vt 0.65147000 0.00459000
vt 0.65873300 0.00657600
vt 0.65873300 0.00657600
vt 0.65873300 0.00657600
vt 0.66590000 0.00891000
vt 0.66590000 0.00891000
vt 0.66590000 0.00891000
vt 0.66590000 0.00891000
vt 0.66590000 0.00891000
vt 0.67295700 0.01159000
vt 0.67295700 0.01159000
vt 0.67295700 0.01159000
vt 0.67295700 0.01159000
vt 0.67989100 0.01461300
vt 0.67989100 0.01461300
vt 0.67989100 0.01461300
vt 0.68668900 0.01797700
vt 0.68668900 0.01797700
vt 0.68668900 0.01797700
vt 0.69333700 0.02167700
vt 0.69333700 0.02167700
vt 0.69333700 0.02167700
vt 0.69982100 0.02571100
vt 0.69982100 0.02571100
vt 0.69982100 0.02571100
vt 0.70612900 0.03007700
vt 0.70612900 0.03007700
vt 0.70612900 0.03007700
vt 0.71224700 0.03477000
vt 0.71224700 0.03477000
vt 0.71224700 0.03477000
vt 0.71816200 0.03978900
vt 0.71816200 0.03978900
vt 0.71816200 0.03978900
vt 0.72386000 0.04513000
vt 0.72386000 0.04513000
vt 0.72386000 0.04513000
vt 0.72932700 0.05079100
vt 0.72932700 0.05079100
vt 0.72932700 0.05079100
vt 0.73455000 0.05676700
vt 0.73455000 0.05676700
vt 0.73455000 0.05676700
vt 0.73951700 0.06305800
vt 0.73951700 0.06305800
vt 0.73951700 0.06305800
vt 0.74421200 0.06965800
vt 0.74421200 0.06965800
vt 0.74421200 0.06965800
vt 0.74875700 0.07683400
vt 0.74875700 0.07683400
vt 0.74875700 0.07683400
vt 0.75276800 0.08406500
vt 0.75276800 0.08406500
vt 0.75276800 0.08406500
vt 0.75626600 0.09134200
vt 0.75626600 0.09134200
vt 0.75626600 0.09134200
vt 0.75927300 0.09865400
vt 0.75927300 0.09865400
vt 0.75927300 0.09865400
vt 0.76181000 0.10599100
vt 0.76181000 0.10599100
vt 0.76181000 0.10599100
vt 0.76389800 0.11334200
vt 0.76389800 0.11334200
vt 0.76389800 0.11334200
vt 0.76555900 0.12069700
vt 0.76555900 0.12069700
vt 0.76555900 0.12069700
vt 0.76681500 0.12804600
vt 0.76681500 0.12804600
vt 0.76681500 0.12804600
vt 0.76681500 0.12804600
vt 0.76768600 0.13537900
vt 0.76768600 0.13537900
vt 0.76768600 0.13537900
vt 0.76768600 0.13537900
vt 0.76819400 0.14268500
vt 0.76819400 0.14268500
vt 0.76819400 0.14268500
vt 0.76820700 0.15717500
vt 0.76820700 0.15717500
vt 0.76820700 0.15717500
vt 0.76702400 0.17143400
vt 0.76702400 0.17143400
vt 0.76702400 0.17143400
vt 0.76481700 0.18538000
vt 0.76481700 0.18538000
vt 0.76481700 0.18538000
vt 0.76481700 0.18538000
vt 0.76481700 0.18538000
vt 0.76175600 0.19893000
vt 0.76175600 0.19893000
vt 0.76175600 0.19893000
vt 0.76175600 0.19893000
vt 0.75801300 0.21200100
vt 0.75801300 0.21200100
vt 0.75801300 0.21200100
vt 0.75375800 0.22451200
vt 0.75375800 0.22451200
vt 0.75375800 0.22451200
vt 0.75375800 0.22451200
vt 0.74916200 0.23638000
vt 0.74916200 0.23638000
vt 0.74916200 0.23638000
vt 0.74916200 0.23638000
vt 0.73963400 0.25785500
vt 0.73963400 0.25785500
vt 0.73963400 0.25785500
vt 0.73079500 0.27576700
vt 0.73079500 0.27576700
vt 0.73079500 0.27576700
vt 0.72075500 0.29697300
vt 0.72075500 0.29697300
vt 0.72075500 0.29697300
vt 0.72075500 0.29697300
vt 0.71653300 0.30702000
vt 0.71653300 0.30702000
vt 0.71653300 0.30702000
vt 0.71653300 0.30702000
vt 0.71284800 0.31669600
vt 0.71284800 0.31669600
vt 0.71284800 0.31669600
vt 0.71284800 0.31669600
vt 0.70970400 0.32600200
vt 0.70970400 0.32600200
vt 0.70970400 0.32600200
vt 0.70970400 0.32600200
vt 0.70710800 0.33493700
vt 0.70710800 0.33493700
vt 0.70710800 0.33493700
vt 0.70710800 0.33493700
vt 0.70710800 0.33493700
vt 0.70506200 0.34350300
vt 0.70506200 0.34350300
vt 0.70506200 0.34350300
vt 0.70506200 0.34350300
vt 0.70357100 0.35169800
vt 0.70357100 0.35169800
vt 0.70357100 0.35169800
vt 0.70264000 0.35952300
vt 0.70264000 0.35952300
vt 0.70264000 0.35952300
vt 0.70227300 0.36697800
vt 0.70227300 0.36697800
vt 0.70227300 0.36697800
vt 0.70247500 0.37406400
vt 0.70247500 0.37406400
vt 0.70247500 0.37406400
vt 0.70247500 0.37406400
vt 0.70325000 0.38077900
vt 0.70325000 0.38077900
vt 0.70325000 0.38077900
vt 0.70325000 0.38077900
vt 0.70325000 0.38077900
vt 0.70460200 0.38712500
vt 0.70460200 0.38712500
vt 0.70460200 0.38712500
vt 0.70653600 0.39310200
vt 0.70653600 0.39310200
vt 0.70653600 0.39310200
vt 0.70905700 0.39870900
vt 0.70905700 0.39870900
vt 0.70905700 0.39870900
vt 0.71216800 0.40394700
vt 0.71216800 0.40394700
vt 0.71216800 0.40394700
vt 0.71567800 0.40872200
vt 0.71567800 0.40872200
vt 0.71567800 0.40872200
vt 0.71964100 0.41329200
vt 0.71964100 0.41329200
vt 0.71964100 0.41329200
vt 0.72403400 0.41759600
vt 0.72403400 0.41759600
vt 0.72403400 0.41759600
vt 0.72403400 0.41759600
vt 0.72883500 0.42157000
vt 0.72883500 0.42157000
vt 0.72883500 0.42157000
vt 0.72883500 0.42157000
vt 0.73402000 0.42515200
vt 0.73402000 0.42515200
vt 0.73402000 0.42515200
vt 0.73956600 0.42828100
vt 0.73956600 0.42828100
vt 0.73956600 0.42828100
vt 0.73956600 0.42828100
vt 0.74545100 0.43089300
vt 0.74545100 0.43089300
vt 0.74545100 0.43089300
vt 0.74545100 0.43089300
vt 0.75165100 0.43292700
vt 0.75165100 0.43292700
vt 0.75165100 0.43292700
vt 0.75165100 0.43292700
vt 0.75165100 0.43292700
vt 0.75814400 0.43431900
vt 0.75814400 0.43431900
vt 0.75814400 0.43431900
vt 0.75814400 0.43431900
vt 0.76490700 0.43500800
vt 0.76490700 0.43500800
vt 0.76490700 0.43500800
vt 0.77191600 0.43493100
vt 0.77191600 0.43493100
vt 0.77191600 0.43493100
vt 0.77914900 0.43402600
vt 0.77914900 0.43402600
vt 0.77914900 0.43402600
vt 0.78658300 0.43223000
vt 0.78658300 0.43223000
vt 0.78658300 0.43223000
vt 0.79419500 0.42948200
vt 0.79419500 0.42948200
vt 0.79419500 0.42948200
vt 0.79419500 0.42948200
vt 0.79419500 0.42948200
vt 0.80196200 0.42571800
vt 0.80196200 0.42571800
vt 0.80196200 0.42571800
vt 0.80196200 0.42571800
vt 0.80196200 0.42571800
f 30/30/30 1/1/1 3/3/3
f 30/30/30 3/3/3 31/31/31
f 5/5/5 31/31/31 3/3/3
f 32/32/32 31/31/31 5/5/5
f 29/29/29 30/30/30 31/31/31
f 32/32/32 7/7/7 9/9/9
f 11/11/11 34/34/34 33/33/33
f 13/13/13 35/35/35 34/34/34
f 5/5/5 7/7/7 32/32/32
f 6/6/6 31/31/31 32/32/32
f 2/2/2 29/29/29 4/4/4
f 32/32/32 8/8/8 6/6/6
f 4/4/4 31/31/31 6/6/6
f 34/34/34 12/12/12 10/10/10
f 12/12/12 34/34/34 35/35/35
f 33/33/33 10/10/10 8/8/8
f 35/35/35 13/13/13 15/15/15
f 17/17/17 37/37/37 36/36/36
f 37/37/37 17/17/17 19/19/19
f 37/37/37 18/18/18 16/16/16
f 14/14/14 35/35/35 36/36/36
f 21/21/21 39/39/39 38/38/38
f 23/23/23 40/40/40 39/39/39
f 25/25/25 27/27/27 23/23/23
f 27/27/27 40/40/40 23/23/23
f 38/38/38 20/20/20 18/18/18
f 20/20/20 38/38/38 39/39/39
f 24/24/24 40/40/40 28/28/28
f 27/27/27 28/28/28 40/40/40
f 40/40/40 24/24/24 22/22/22
f 72/72/72 58/58/58 52/52/52
f 74/74/74 61/61/61 57/57/57
f 84/84/84 71/71/71 68/68/68
f 87/87/87 74/74/74 71/71/71
f 49/49/49 54/54/54 44/44/44
f 67/67/67 68/68/68 53/53/53
f 68/68/68 67/67/67 78/78/78
f 99/99/99 104/104/104 57/57/57
f 47/47/47 102/102/102 60/60/60
f 100/100/100 59/59/59 62/62/62
f 63/63/63 62/62/62 73/73/73
f 82/82/82 78/78/78 93/93/93
f 83/83/83 80/80/80 110/110/110
f 112/112/112 84/84/84 108/108/108
f 77/77/77 74/74/74 87/87/87
f 89/89/89 87/87/87 97/97/97
f 85/85/85 83/83/83 111/111/111
f 338/338/338 115/115/115 117/117/117
f 119/119/119 120/120/120 118/118/118
f 123/123/123 124/124/124 122/122/122
f 127/127/127 128/128/128 126/126/126
f 125/125/125 126/126/126 124/124/124
f 121/121/121 122/122/122 120/120/120
f 131/131/131 132/132/132 130/130/130
f 133/133/133 134/134/134 132/132/132
f 137/137/137 138/138/138 136/136/136
f 141/141/141 142/142/142 140/140/140
f 139/139/139 140/140/140 138/138/138
f 135/135/135 136/136/136 134/134/134
f 129/129/129 130/130/130 128/128/128
f 145/145/145 146/146/146 144/144/144
f 147/147/147 148/148/148 146/146/146
f 151/151/151 152/152/152 150/150/150
f 155/155/155 156/156/156 154/154/154
f 153/153/153 154/154/154 152/152/152
f 149/149/149 150/150/150 148/148/148
f 159/159/159 160/160/160 158/158/158
f 161/161/161 162/162/162 160/160/160
f 165/165/165 166/166/166 164/164/164
f 169/169/169 170/170/170 168/168/168
f 167/167/167 168/168/168 166/166/166
f 163/163/163 164/164/164 162/162/162
f 157/157/157 158/158/158 156/156/156
f 143/143/143 144/144/144 142/142/142
f 173/173/173 174/174/174 172/172/172
f 175/175/175 176/176/176 174/174/174
f 179/179/179 180/180/180 178/178/178
f 183/183/183 184/184/184 182/182/182
f 181/181/181 182/182/182 180/180/180
f 177/177/177 178/178/178 176/176/176
f 187/187/187 188/188/188 186/186/186
f 189/189/189 190/190/190 188/188/188
f 193/193/193 194/194/194 192/192/192
f 197/197/197 198/198/198 196/196/196
f 195/195/195 196/196/196 194/194/194
f 191/191/191 192/192/192 190/190/190
f 185/185/185 186/186/186 184/184/184
f 201/201/201 202/202/202 200/200/200
f 203/203/203 204/204/204 202/202/202
f 207/207/207 208/208/208 206/206/206
f 211/211/211 212/212/212 210/210/210
f 209/209/209 210/210/210 208/208/208
f 205/205/205 206/206/206 204/204/204
f 215/215/215 216/216/216 214/214/214
f 217/217/217 218/218/218 216/216/216
f 221/221/221 222/222/222 220/220/220
f 224/224/224 223/223/223 225/225/225
f 223/223/223 224/224/224 222/222/222
f 219/219/219 220/220/220 218/218/218
f 213/213/213 214/214/214 212/212/212
f 199/199/199 200/200/200 198/198/198
f 171/171/171 172/172/172 170/170/170
f 337/337/337 338/338/338 117/117/117
f 118/118/118 116/116/116 337/337/337
f 118/118/118 337/337/337 117/117/117
f 229/229/229 230/230/230 228/228/228
f 231/231/231 232/232/232 230/230/230
f 235/235/235 236/236/236 234/234/234
f 239/239/239 240/240/240 238/238/238
f 237/237/237 238/238/238 236/236/236
f 233/233/233 234/234/234 232/232/232
f 243/243/243 244/244/244 242/242/242
f 245/245/245 246/246/246 244/244/244
f 249/249/249 250/250/250 248/248/248
f 253/253/253 254/254/254 252/252/252
f 251/251/251 252/252/252 250/250/250
f 247/247/247 248/248/248 246/246/246
f 241/241/241 242/242/242 240/240/240
f 257/257/257 258/258/258 256/256/256
f 259/259/259 260/260/260 258/258/258
f 263/263/263 264/264/264 262/262/262
f 267/267/267 268/268/268 266/266/266
f 265/265/265 266/266/266 264/264/264
f 261/261/261 262/262/262 260/260/260
f 271/271/271 272/272/272 270/270/270
f 273/273/273 274/274/274 272/272/272
f 277/277/277 278/278/278 276/276/276
f 281/281/281 282/282/282 280/280/280
f 279/279/279 280/280/280 278/278/278
f 275/275/275 276/276/276 274/274/274
f 269/269/269 270/270/270 268/268/268
f 255/255/255 256/256/256 254/254/254
f 285/285/285 286/286/286 284/284/284
f 287/287/287 288/288/288 286/286/286
f 291/291/291 292/292/292 290/290/290
f 295/295/295 296/296/296 294/294/294
f 293/293/293 294/294/294 292/292/292
f 289/289/289 290/290/290 288/288/288
f 299/299/299 300/300/300 298/298/298
f 301/301/301 302/302/302 300/300/300
f 305/305/305 306/306/306 304/304/304
f 309/309/309 310/310/310 308/308/308
f 307/307/307 308/308/308 306/306/306
f 303/303/303 304/304/304 302/302/302
f 297/297/297 298/298/298 296/296/296
f 313/313/313 314/314/314 312/312/312
f 315/315/315 316/316/316 314/314/314
f 319/319/319 320/320/320 318/318/318
f 323/323/323 324/324/324 322/322/322
f 321/321/321 322/322/322 320/320/320
f 317/317/317 318/318/318 316/316/316
f 327/327/327 328/328/328 326/326/326
f 329/329/329 330/330/330 328/328/328
f 333/333/333 334/334/334 332/332/332
f 333/333/333 335/335/335 339/339/339
f 331/331/331 332/332/332 330/330/330
f 325/325/325 326/326/326 324/324/324
f 311/311/311 312/312/312 310/310/310
f 283/283/283 284/284/284 282/282/282
f 333/333/333 339/339/339 340/340/340
f 227/227/227 228/228/228 226/226/226
f 340/340/340 336/336/336 334/334/334
f 340/340/340 334/334/334 333/333/333
f 366/366/366 354/354/354 351/351/351
f 372/372/372 355/355/355 354/354/354
f 384/384/384 367/367/367 364/364/364
f 387/387/387 369/369/369 367/367/367
f 349/349/349 350/350/350 343/343/343
f 363/363/363 364/364/364 350/350/350
f 364/364/364 363/363/363 378/378/378
f 402/402/402 404/404/404 353/353/353
f 344/344/344 402/402/402 356/356/356
f 402/402/402 353/353/353 356/356/356
f 358/358/358 357/357/357 371/371/371
f 380/380/380 377/377/377 394/394/394
f 383/383/383 381/381/381 407/407/407
f 411/411/411 385/385/385 408/408/408
f 376/376/376 370/370/370 388/388/388
f 390/390/390 389/389/389 400/400/400
f 389/389/389 385/385/385 411/411/411
f 555/555/555 412/412/412 414/414/414
f 416/416/416 417/417/417 415/415/415
f 554/554/554 555/555/555 414/414/414
f 420/420/420 421/421/421 419/419/419
f 424/424/424 425/425/425 423/423/423
f 426/426/426 427/427/427 425/425/425
f 422/422/422 423/423/423 421/421/421
f 418/418/418 419/419/419 417/417/417
f 430/430/430 431/431/431 429/429/429
f 434/434/434 435/435/435 433/433/433
f 432/432/432 433/433/433 431/431/431
f 428/428/428 429/429/429 427/427/427
f 436/436/436 437/437/437 435/435/435
f 440/440/440 441/441/441 439/439/439
f 442/442/442 443/443/443 441/441/441
f 438/438/438 439/439/439 437/437/437
f 444/444/444 445/445/445 443/443/443
f 446/446/446 447/447/447 445/445/445
f 450/450/450 451/451/451 449/449/449
f 448/448/448 449/449/449 447/447/447
f 454/454/454 455/455/455 453/453/453
f 458/458/458 459/459/459 457/457/457
f 460/460/460 461/461/461 459/459/459
f 456/456/456 457/457/457 455/455/455
f 452/452/452 453/453/453 451/451/451
f 464/464/464 465/465/465 463/463/463
f 468/468/468 469/469/469 467/467/467
f 466/466/466 467/467/467 465/465/465
f 472/472/472 473/473/473 471/471/471
f 476/476/476 477/477/477 475/475/475
f 478/478/478 479/479/479 477/477/477
f 474/474/474 475/475/475 473/473/473
f 470/470/470 471/471/471 469/469/469
f 462/462/462 463/463/463 461/461/461
f 480/480/480 481/481/481 479/479/479
f 415/415/415 413/413/413 554/554/554
f 414/414/414 415/415/415 554/554/554
f 481/481/481 480/480/480 482/482/482
f 484/484/484 485/485/485 483/483/483
f 488/488/488 489/489/489 487/487/487
f 486/486/486 487/487/487 485/485/485
f 492/492/492 493/493/493 491/491/491
f 496/496/496 497/497/497 495/495/495
f 498/498/498 499/499/499 497/497/497
f 494/494/494 495/495/495 493/493/493
f 490/490/490 491/491/491 489/489/489
f 502/502/502 503/503/503 501/501/501
f 506/506/506 507/507/507 505/505/505
f 504/504/504 505/505/505 503/503/503
f 510/510/510 511/511/511 509/509/509
f 514/514/514 515/515/515 513/513/513
f 516/516/516 517/517/517 515/515/515
f 512/512/512 513/513/513 511/511/511
f 508/508/508 509/509/509 507/507/507
f 500/500/500 501/501/501 499/499/499
f 520/520/520 521/521/521 519/519/519
f 524/524/524 525/525/525 523/523/523
f 522/522/522 523/523/523 521/521/521
f 528/528/528 529/529/529 527/527/527
f 532/532/532 533/533/533 531/531/531
f 534/534/534 535/535/535 533/533/533
f 530/530/530 531/531/531 529/529/529
f 526/526/526 527/527/527 525/525/525
f 538/538/538 539/539/539 537/537/537
f 542/542/542 543/543/543 541/541/541
f 540/540/540 541/541/541 539/539/539
f 546/546/546 547/547/547 545/545/545
f 550/550/550 551/551/551 549/549/549
f 556/556/556 550/550/550 552/552/552
f 548/548/548 549/549/549 547/547/547
f 544/544/544 545/545/545 543/543/543
f 536/536/536 537/537/537 535/535/535
f 518/518/518 519/519/519 517/517/517
f 556/556/556 553/553/553 551/551/551
f 551/551/551 550/550/550 556/556/556
f 623/623/623 557/557/557 559/559/559
f 563/563/563 564/564/564 562/562/562
f 561/561/561 562/562/562 560/560/560
f 567/567/567 568/568/568 566/566/566
f 571/571/571 572/572/572 570/570/570
f 569/569/569 570/570/570 568/568/568
f 565/565/565 566/566/566 564/564/564
f 575/575/575 576/576/576 574/574/574
f 579/579/579 580/580/580 578/578/578
f 577/577/577 578/578/578 576/576/576
f 583/583/583 584/584/584 582/582/582
f 587/587/587 588/588/588 586/586/586
f 585/585/585 586/586/586 584/584/584
f 581/581/581 582/582/582 580/580/580
f 573/573/573 574/574/574 572/572/572
f 560/560/560 558/558/558 623/623/623
f 559/559/559 560/560/560 623/623/623
f 588/588/588 587/587/587 589/589/589
f 591/591/591 592/592/592 590/590/590
f 595/595/595 596/596/596 594/594/594
f 593/593/593 594/594/594 592/592/592
f 599/599/599 600/600/600 598/598/598
f 603/603/603 604/604/604 602/602/602
f 601/601/601 602/602/602 600/600/600
f 597/597/597 598/598/598 596/596/596
f 607/607/607 608/608/608 606/606/606
f 611/611/611 612/612/612 610/610/610
f 609/609/609 610/610/610 608/608/608
f 615/615/615 616/616/616 614/614/614
f 621/621/621 617/617/617 619/619/619
f 617/617/617 618/618/618 616/616/616
f 613/613/613 614/614/614 612/612/612
f 605/605/605 606/606/606 604/604/604
f 617/617/617 621/621/621 622/622/622
f 622/622/622 620/620/620 618/618/618
f 617/617/617 622/622/622 618/618/618
f 1161/1161/1161 1040/1040/1040 1166/1166/1166
f 1166/1166/1166 1040/1040/1040 1169/1169/1169
f 1155/1155/1155 1151/1151/1151 1050/1050/1050
f 1159/1159/1159 1155/1155/1155 1041/1041/1041
f 1158/1158/1158 1045/1045/1045 1161/1161/1161
f 1170/1170/1170 1169/1169/1169 1036/1036/1036
f 1189/1189/1189 1184/1184/1184 1028/1028/1028
f 1189/1189/1189 1028/1028/1028 1026/1026/1026
f 1179/1179/1179 1175/1175/1175 1032/1032/1032
f 1033/1033/1033 1182/1182/1182 1176/1176/1176
f 1184/1184/1184 1180/1180/1180 1028/1028/1028
f 1175/1175/1175 1170/1170/1170 1036/1036/1036
f 1189/1189/1189 1026/1026/1026 1193/1193/1193
f 1138/1138/1138 1136/1136/1136 1054/1054/1054
f 1138/1138/1138 1054/1054/1054 1143/1143/1143
f 1132/1132/1132 1128/1128/1128 1062/1062/1062
f 1134/1134/1134 1132/1132/1132 1057/1057/1057
f 1127/1127/1127 1123/1123/1123 1063/1063/1063
f 1052/1052/1052 1147/1147/1147 1141/1141/1141
f 1036/1036/1036 1169/1169/1169 1040/1040/1040
f 1032/1032/1032 1175/1175/1175 1036/1036/1036
f 1145/1145/1145 1054/1054/1054 1048/1048/1048
f 1043/1043/1043 1153/1153/1153 1046/1046/1046
f 1048/1048/1048 1150/1150/1150 1145/1145/1145
f 1040/1040/1040 1161/1161/1161 1045/1045/1045
f 1032/1032/1032 1028/1028/1028 1180/1180/1180
f 1054/1054/1054 1136/1136/1136 1056/1056/1056
f 1027/1027/1027 1196/1196/1196 1190/1190/1190
f 1018/1018/1018 1206/1206/1206 1202/1202/1202
f 1018/1018/1018 1210/1210/1210 1206/1206/1206
f 1020/1020/1020 1204/1204/1204 1200/1200/1200
f 1217/1217/1217 1014/1014/1014 1221/1221/1221
f 1213/1213/1213 1011/1011/1011 1215/1215/1215
f 1218/1218/1218 1007/1007/1007 1223/1223/1223
f 1228/1228/1228 1004/1004/1004 1231/1231/1231
f 1231/1231/1231 999/999/999 1236/1236/1236
f 1241/1241/1241 1238/1238/1238 994/994/994
f 994/994/994 1247/1247/1247 1241/1241/1241
f 999/999/999 1238/1238/1238 1236/1236/1236
f 1004/1004/1004 1228/1228/1228 1222/1222/1222
f 1245/1245/1245 989/989/989 1251/1251/1251
f 1211/1211/1211 1019/1019/1019 1012/1012/1012
f 1221/1221/1221 1014/1014/1014 1006/1006/1006
f 1023/1023/1023 1194/1194/1194 1026/1026/1026
f 1230/1230/1230 1005/1005/1005 1000/1000/1000
f 1002/1002/1002 1225/1225/1225 1008/1008/1008
f 1202/1202/1202 1023/1023/1023 1018/1018/1018
f 1246/1246/1246 992/992/992 986/986/986
f 983/983/983 980/980/980 1258/1258/1258
f 1255/1255/1255 988/988/988 985/985/985
f 976/976/976 971/971/971 1272/1272/1272
f 968/968/968 964/964/964 1287/1287/1287
f 1281/1281/1281 972/972/972 968/968/968
f 1268/1268/1268 977/977/977 973/973/973
f 995/995/995 1240/1240/1240 997/997/997
f 961/961/961 1293/1293/1293 964/964/964
f 1198/1198/1198 1194/1194/1194 1023/1023/1023
f 1113/1113/1113 1093/1093/1093 1118/1118/1118
f 1068/1068/1068 1092/1092/1092 1071/1071/1071
f 1108/1108/1108 1107/1107/1107 1096/1096/1096
f 1079/1079/1079 1074/1074/1074 1087/1087/1087
f 1108/1108/1108 1092/1092/1092 1114/1114/1114
f 1077/1077/1077 1071/1071/1071 1088/1088/1088
f 1088/1088/1088 1071/1071/1071 1092/1092/1092
f 1068/1068/1068 1119/1119/1119 1115/1115/1115
f 1124/1124/1124 1119/1119/1119 1066/1066/1066
f 1061/1061/1061 1124/1124/1124 1066/1066/1066
f 1115/1115/1115 1092/1092/1092 1068/1068/1068
f 1089/1089/1089 1083/1083/1083 1078/1078/1078
f 1119/1119/1119 1068/1068/1068 1066/1066/1066
f 1063/1063/1063 1055/1055/1055 1131/1131/1131
f 1101/1101/1101 1096/1096/1096 1107/1107/1107
f 1092/1092/1092 1108/1108/1108 1096/1096/1096
f 1099/1099/1099 1094/1094/1094 1103/1103/1103
f 879/879/879 1385/1385/1385 885/885/885
f 1384/1384/1384 886/886/886 883/883/883
f 1388/1388/1388 880/880/880 877/877/877
f 890/890/890 886/886/886 1384/1384/1384
f 890/890/890 1380/1380/1380 894/894/894
f 896/896/896 894/894/894 1376/1376/1376
f 870/870/870 1391/1391/1391 873/873/873
f 870/870/870 866/866/866 1391/1391/1391
f 1388/1388/1388 877/877/877 873/873/873
f 896/896/896 1372/1372/1372 902/902/902
f 927/927/927 925/925/925 1344/1344/1344
f 917/917/917 914/914/914 1354/1354/1354
f 922/922/922 919/919/919 1349/1349/1349
f 919/919/919 917/917/917 1353/1353/1353
f 1347/1347/1347 925/925/925 922/922/922
f 958/958/958 956/956/956 1303/1303/1303
f 953/953/953 950/950/950 1310/1310/1310
f 935/935/935 931/931/931 1337/1337/1337
f 942/942/942 939/939/939 1330/1330/1330
f 939/939/939 935/935/935 1333/1333/1333
f 947/947/947 1318/1318/1318 952/952/952
f 1297/1297/1297 961/961/961 958/958/958
f 934/934/934 929/929/929 1341/1341/1341
f 1400/1400/1400 858/858/858 854/854/854
f 1364/1364/1364 908/908/908 905/905/905
f 1392/1392/1392 866/866/866 864/864/864
f 1392/1392/1392 864/864/864 860/860/860
f 860/860/860 858/858/858 1397/1397/1397
f 911/911/911 908/908/908 1360/1360/1360
f 1366/1366/1366 905/905/905 902/902/902
f 1403/1403/1403 853/853/853 850/850/850
f 1403/1403/1403 850/850/850 846/846/846
f 853/853/853 1400/1400/1400 854/854/854
f 840/840/840 1408/1408/1408 842/842/842
f 1408/1408/1408 840/840/840 837/837/837
f 842/842/842 1406/1406/1406 846/846/846
f 834/834/834 1410/1410/1410 837/837/837
f 914/914/914 911/911/911 1359/1359/1359
f 1322/1322/1322 947/947/947 942/942/942
f 1256/1256/1256 1249/1249/1249 986/986/986
f 931/931/931 1339/1339/1339 1337/1337/1337
f 1259/1259/1259 977/977/977 1263/1263/1263
f 973/973/973 1271/1271/1271 1268/1268/1268
f 973/973/973 1274/1274/1274 1271/1271/1271
f 977/977/977 1268/1268/1268 1263/1263/1263
f 1274/1274/1274 972/972/972 1278/1278/1278
f 1284/1284/1284 1281/1281/1281 968/968/968
f 968/968/968 1287/1287/1287 1284/1284/1284
f 1294/1294/1294 1293/1293/1293 961/961/961
f 1297/1297/1297 1294/1294/1294 961/961/961
f 964/964/964 1289/1289/1289 1287/1287/1287
f 1293/1293/1293 1289/1289/1289 964/964/964
f 1281/1281/1281 1278/1278/1278 972/972/972
f 927/927/927 1344/1344/1344 1339/1339/1339
f 1371/1371/1371 898/898/898 1375/1375/1375
f 1367/1367/1367 899/899/899 1370/1370/1370
f 1384/1384/1384 883/883/883 1388/1388/1388
f 1391/1391/1391 866/866/866 1392/1392/1392
f 1388/1388/1388 873/873/873 1391/1391/1391
f 1376/1376/1376 894/894/894 1380/1380/1380
f 1353/1353/1353 1349/1349/1349 919/919/919
f 1347/1347/1347 922/922/922 1349/1349/1349
f 1344/1344/1344 925/925/925 1347/1347/1347
f 1360/1360/1360 908/908/908 1364/1364/1364
f 1354/1354/1354 914/914/914 1359/1359/1359
f 1360/1360/1360 1359/1359/1359 911/911/911
f 1353/1353/1353 917/917/917 1354/1354/1354
f 1366/1366/1366 1364/1364/1364 905/905/905
f 1380/1380/1380 890/890/890 1384/1384/1384
f 958/958/958 1303/1303/1303 1300/1300/1300
f 956/956/956 1307/1307/1307 1303/1303/1303
f 935/935/935 1337/1337/1337 1333/1333/1333
f 956/956/956 1311/1311/1311 1307/1307/1307
f 1333/1333/1333 1330/1330/1330 939/939/939
f 1327/1327/1327 941/941/941 1329/1329/1329
f 1300/1300/1300 1297/1297/1297 958/958/958
f 1318/1318/1318 1315/1315/1315 952/952/952
f 1322/1322/1322 1318/1318/1318 947/947/947
f 942/942/942 1326/1326/1326 1322/1322/1322
f 666/666/666 673/673/673 672/672/672
f 1316/1316/1316 1313/1313/1313 951/951/951
f 662/662/662 675/675/675 667/667/667
f 660/660/660 677/677/677 675/675/675
f 665/665/665 658/658/658 673/673/673
f 648/648/648 714/714/714 653/653/653
f 660/660/660 655/655/655 707/707/707
f 653/653/653 710/710/710 655/655/655
f 660/660/660 703/703/703 677/677/677
f 695/695/695 693/693/693 683/683/683
f 688/688/688 680/680/680 692/692/692
f 681/681/681 689/689/689 685/685/685
f 707/707/707 703/703/703 660/660/660
f 703/703/703 699/699/699 677/677/677
f 699/699/699 698/698/698 681/681/681
f 699/699/699 681/681/681 677/677/677
f 710/710/710 707/707/707 655/655/655
f 1400/1400/1400 853/853/853 1403/1403/1403
f 1397/1397/1397 858/858/858 1400/1400/1400
f 1406/1406/1406 842/842/842 1408/1408/1408
f 832/832/832 830/830/830 1411/1411/1411
f 1408/1408/1408 837/837/837 1410/1410/1410
f 1403/1403/1403 846/846/846 1406/1406/1406
f 818/818/818 1424/1424/1424 1419/1419/1419
f 824/824/824 1418/1418/1418 1417/1417/1417
f 802/802/802 1432/1432/1432 1430/1430/1430
f 783/783/783 1444/1444/1444 1439/1439/1439
f 811/811/811 1427/1427/1427 1424/1424/1424
f 829/829/829 1414/1414/1414 1410/1410/1410
f 826/826/826 819/819/819 1421/1421/1421
f 818/818/818 1419/1419/1419 822/822/822
f 814/814/814 1424/1424/1424 818/818/818
f 811/811/811 1424/1424/1424 814/814/814
f 811/811/811 808/808/808 1427/1427/1427
f 1414/1414/1414 829/829/829 823/823/823
f 800/800/800 1434/1434/1434 804/804/804
f 800/800/800 797/797/797 1434/1434/1434
f 783/783/783 1439/1439/1439 784/784/784
f 803/803/803 1426/1426/1426 806/806/806
f 789/789/789 784/784/784 1439/1439/1439
f 790/790/790 1436/1436/1436 795/795/795
f 789/789/789 1437/1437/1437 793/793/793
f 1437/1437/1437 789/789/789 1439/1439/1439
f 1437/1437/1437 1434/1434/1434 797/797/797
f 783/783/783 780/780/780 1444/1444/1444
f 1397/1397/1397 1392/1392/1392 860/860/860
f 638/638/638 633/633/633 732/732/732
f 632/632/632 629/629/629 739/739/739
f 1449/1449/1449 1447/1447/1447 770/770/770
f 624/624/624 1455/1455/1455 754/754/754
f 1455/1455/1455 1450/1450/1450 759/759/759
f 745/745/745 629/629/629 624/624/624
f 644/644/644 642/642/642 719/719/719
f 710/710/710 653/653/653 714/714/714
f 716/716/716 712/712/712 651/651/651
f 720/720/720 639/639/639 724/724/724
f 718/718/718 645/645/645 722/722/722
f 645/645/645 718/718/718 648/648/648
f 636/636/636 727/727/727 640/640/640
f 730/730/730 727/727/727 636/636/636
f 755/755/755 1457/1457/1457 762/762/762
f 763/763/763 759/759/759 1450/1450/1450
f 780/780/780 775/775/775 1444/1444/1444
f 773/773/773 1446/1446/1446 775/775/775
f 771/771/771 764/764/764 1451/1451/1451
f 773/773/773 767/767/767 1446/1446/1446
f 737/737/737 632/632/632 739/739/739
f 734/734/734 632/632/632 737/737/737
f 629/629/629 743/743/743 739/739/739
f 751/751/751 748/748/748 626/626/626
f 745/745/745 624/624/624 749/749/749
f 743/743/743 629/629/629 745/745/745
f 1455/1455/1455 757/757/757 754/754/754
f 730/730/730 636/636/636 734/734/734
f 1446/1446/1446 1444/1444/1444 775/775/775
f 1254/1254/1254 982/982/982 1262/1262/1262
f 1988/1988/1988 1991/1991/1991 1871/1871/1871
f 1991/1991/1991 1996/1996/1996 1871/1871/1871
f 1981/1981/1981 1880/1880/1880 1978/1978/1978
f 1985/1985/1985 1876/1876/1876 1981/1981/1981
f 1985/1985/1985 1988/1988/1988 1876/1876/1876
f 1997/1997/1997 1868/1868/1868 1996/1996/1996
f 2018/2018/2018 1859/1859/1859 2012/2012/2012
f 2019/2019/2019 1854/1854/1854 1862/1862/1862
f 2006/2006/2006 1865/1865/1865 2002/2002/2002
f 1864/1864/1864 2005/2005/2005 2009/2009/2009
f 2012/2012/2012 1859/1859/1859 2010/2010/2010
f 2002/2002/2002 1868/1868/1868 1997/1997/1997
f 2017/2017/2017 2022/2022/2022 1858/1858/1858
f 1968/1968/1968 1885/1885/1885 1964/1964/1964
f 1968/1968/1968 1971/1971/1971 1885/1885/1885
f 1960/1960/1960 1894/1894/1894 1955/1955/1955
f 1963/1963/1963 1887/1887/1887 1959/1959/1959
f 1955/1955/1955 1894/1894/1894 1951/1951/1951
f 1884/1884/1884 1970/1970/1970 1974/1974/1974
f 1868/1868/1868 1871/1871/1871 1996/1996/1996
f 1865/1865/1865 1868/1868/1868 2002/2002/2002
f 1975/1975/1975 1880/1880/1880 1885/1885/1885
f 1875/1875/1875 1879/1879/1879 1982/1982/1982
f 1880/1880/1880 1975/1975/1975 1978/1978/1978
f 1871/1871/1871 1876/1876/1876 1988/1988/1988
f 1863/1863/1863 2007/2007/2007 1862/1862/1862
f 1886/1886/1886 1888/1888/1888 1966/1966/1966
f 1855/1855/1855 2023/2023/2023 2026/2026/2026
f 1848/1848/1848 2031/2031/2031 2035/2035/2035
f 1848/1848/1848 2035/2035/2035 2036/2036/2036
f 1851/1851/1851 2029/2029/2029 2031/2031/2031
f 2042/2042/2042 2043/2043/2043 1844/1844/1844
f 2036/2036/2036 2041/2041/2041 1847/1847/1847
f 2046/2046/2046 2050/2050/2050 1843/1843/1843
f 2053/2053/2053 2057/2057/2057 1837/1837/1837
f 2055/2055/2055 2060/2060/2060 1832/1832/1832
f 2070/2070/2070 1826/1826/1826 2066/2066/2066
f 1830/1830/1830 2067/2067/2067 2073/2073/2073
f 1833/1833/1833 2059/2059/2059 2064/2064/2064
f 1837/1837/1837 2050/2050/2050 2053/2053/2053
f 2071/2071/2071 2075/2075/2075 1824/1824/1824
f 2036/2036/2036 1847/1847/1847 1848/1848/1848
f 2046/2046/2046 1843/1843/1843 1847/1847/1847
f 1851/1851/1851 1855/1855/1855 2026/2026/2026
f 2057/2057/2057 1833/1833/1833 1837/1837/1837
f 1839/1839/1839 1840/1840/1840 2048/2048/2048
f 2031/2031/2031 1848/1848/1848 1851/1851/1851
f 2073/2073/2073 1825/1825/1825 1830/1830/1830
f 1817/1817/1817 2083/2083/2083 1816/1816/1816
f 2082/2082/2082 1820/1820/1820 1822/1822/1822
f 1810/1810/1810 2098/2098/2098 1808/1808/1808
f 1805/1805/1805 2110/2110/2110 1803/1803/1803
f 2105/2105/2105 1805/1805/1805 1808/1808/1808
f 2093/2093/2093 1810/1810/1810 1816/1816/1816
f 1829/1829/1829 1834/1834/1834 2063/2063/2063
f 1799/1799/1799 1803/1803/1803 2115/2115/2115
f 2029/2029/2029 1851/1851/1851 2026/2026/2026
f 1941/1941/1941 1944/1944/1944 1923/1923/1923
f 1901/1901/1901 1906/1906/1906 1923/1923/1923
f 1940/1940/1940 1926/1926/1926 1937/1937/1937
f 1912/1912/1912 1921/1921/1921 1910/1910/1910
f 1940/1940/1940 1941/1941/1941 1923/1923/1923
f 1911/1911/1911 1918/1918/1918 1907/1907/1907
f 1921/1921/1921 1923/1923/1923 1906/1906/1906
f 1901/1901/1901 1944/1944/1944 1948/1948/1948
f 1951/1951/1951 1897/1897/1897 1948/1948/1948
f 1894/1894/1894 1897/1897/1897 1951/1951/1951
f 1944/1944/1944 1901/1901/1901 1923/1923/1923
f 1921/1921/1921 1912/1912/1912 1917/1917/1917
f 1947/1947/1947 1896/1896/1896 1903/1903/1903
f 1893/1893/1893 1958/1958/1958 1890/1890/1890
f 1932/1932/1932 1937/1937/1937 1926/1926/1926
f 1923/1923/1923 1926/1926/1926 1940/1940/1940
f 1930/1930/1930 1931/1931/1931 1927/1927/1927
f 1713/1713/1713 1717/1717/1717 2214/2214/2214
f 2212/2212/2212 1717/1717/1717 1720/1720/1720
f 2214/2214/2214 1710/1710/1710 1713/1713/1713
f 1722/1722/1722 2212/2212/2212 1720/1720/1720
f 1722/1722/1722 1727/1727/1727 2207/2207/2207
f 1729/1729/1729 2204/2204/2204 1727/1727/1727
f 1703/1703/1703 1706/1706/1706 2220/2220/2220
f 1703/1703/1703 2220/2220/2220 1701/1701/1701
f 2214/2214/2214 1706/1706/1706 1710/1710/1710
f 1729/1729/1729 1734/1734/1734 2200/2200/2200
f 1765/1765/1765 2166/2166/2166 1763/1763/1763
f 1754/1754/1754 2180/2180/2180 1751/1751/1751
f 1759/1759/1759 2173/2173/2173 1757/1757/1757
f 1757/1757/1757 2177/2177/2177 1754/1754/1754
f 2171/2171/2171 1759/1759/1759 1763/1763/1763
f 1796/1796/1796 2127/2127/2127 1794/1794/1794
f 1794/1794/1794 2136/2136/2136 1791/1791/1791
f 1773/1773/1773 2162/2162/2162 1769/1769/1769
f 1781/1781/1781 2152/2152/2152 1775/1775/1775
f 1777/1777/1777 2157/2157/2157 1773/1773/1773
f 1784/1784/1784 1791/1791/1791 2142/2142/2142
f 2122/2122/2122 1796/1796/1796 1799/1799/1799
f 1769/1769/1769 2164/2164/2164 1765/1765/1765
f 2228/2228/2228 1690/1690/1690 1691/1691/1691
f 2193/2193/2193 1738/1738/1738 1740/1740/1740
f 2221/2221/2221 1698/1698/1698 1701/1701/1701
f 2221/2221/2221 1696/1696/1696 1698/1698/1698
f 1696/1696/1696 2225/2225/2225 1691/1691/1691
f 1748/1748/1748 2188/2188/2188 1744/1744/1744
f 2198/2198/2198 1734/1734/1734 1738/1738/1738
f 2230/2230/2230 1682/1682/1682 1686/1686/1686
f 2230/2230/2230 1679/1679/1679 1682/1682/1682
f 1686/1686/1686 1690/1690/1690 2228/2228/2228
f 1674/1674/1674 1678/1678/1678 2239/2239/2239
f 2239/2239/2239 1672/1672/1672 1674/1674/1674
f 1678/1678/1678 1679/1679/1679 2233/2233/2233
f 1666/1666/1666 1671/1671/1671 2240/2240/2240
f 1751/1751/1751 2184/2184/2184 1745/1745/1745
f 2146/2146/2146 1782/1782/1782 1784/1784/1784
f 2081/2081/2081 1825/1825/1825 2077/2077/2077
f 1769/1769/1769 2162/2162/2162 2164/2164/2164
f 2084/2084/2084 2088/2088/2088 1814/1814/1814
f 1810/1810/1810 2093/2093/2093 2096/2096/2096
f 1810/1810/1810 2096/2096/2096 2098/2098/2098
f 1816/1816/1816 2089/2089/2089 2093/2093/2093
f 2098/2098/2098 2101/2101/2101 1808/1808/1808
f 2107/2107/2107 1805/1805/1805 2105/2105/2105
f 1805/1805/1805 2107/2107/2107 2110/2110/2110
f 2119/2119/2119 1799/1799/1799 2115/2115/2115
f 2122/2122/2122 1799/1799/1799 2119/2119/2119
f 1803/1803/1803 2110/2110/2110 2112/2112/2112
f 2115/2115/2115 1803/1803/1803 2112/2112/2112
f 2105/2105/2105 1808/1808/1808 2101/2101/2101
f 1765/1765/1765 2164/2164/2164 2166/2166/2166
f 2200/2200/2200 2204/2204/2204 1729/1729/1729
f 2197/2197/2197 2199/2199/2199 1732/1732/1732
f 2210/2210/2210 2215/2215/2215 1715/1715/1715
f 2220/2220/2220 2221/2221/2221 1701/1701/1701
f 2214/2214/2214 2220/2220/2220 1706/1706/1706
f 2204/2204/2204 2207/2207/2207 1727/1727/1727
f 2177/2177/2177 1757/1757/1757 2173/2173/2173
f 2171/2171/2171 2173/2173/2173 1759/1759/1759
f 2166/2166/2166 2171/2171/2171 1763/1763/1763
f 2187/2187/2187 2190/2190/2190 1741/1741/1741
f 2180/2180/2180 2184/2184/2184 1751/1751/1751
f 2187/2187/2187 1746/1746/1746 2183/2183/2183
f 2177/2177/2177 2180/2180/2180 1754/1754/1754
f 2194/2194/2194 1739/1739/1739 2191/2191/2191
f 2208/2208/2208 2210/2210/2210 1723/1723/1723
f 1796/1796/1796 2125/2125/2125 2127/2127/2127
f 1794/1794/1794 2127/2127/2127 2130/2130/2130
f 1773/1773/1773 2157/2157/2157 2162/2162/2162
f 1794/1794/1794 2130/2130/2130 2136/2136/2136
f 2158/2158/2158 1776/1776/1776 2154/2154/2154
f 2149/2149/2149 2154/2154/2154 1779/1779/1779
f 2125/2125/2125 1796/1796/1796 2122/2122/2122
f 2144/2144/2144 1787/1787/1787 2140/2140/2140
f 2146/2146/2146 1784/1784/1784 2142/2142/2142
f 1782/1782/1782 2146/2146/2146 2151/2151/2151
f 1506/1506/1506 1511/1511/1511 1513/1513/1513
f 2139/2139/2139 1790/1790/1790 2133/2133/2133
f 1502/1502/1502 1506/1506/1506 1513/1513/1513
f 1500/1500/1500 1513/1513/1513 1516/1516/1516
f 1503/1503/1503 1514/1514/1514 1498/1498/1498
f 1487/1487/1487 1491/1491/1491 1547/1547/1547
f 1500/1500/1500 1541/1541/1541 1497/1497/1497
f 1493/1493/1493 1495/1495/1495 1544/1544/1544
f 1500/1500/1500 1516/1516/1516 1537/1537/1537
f 1530/1530/1530 1519/1519/1519 1529/1529/1529
f 1525/1525/1525 1529/1529/1529 1519/1519/1519
f 1519/1519/1519 1522/1522/1522 1525/1525/1525
f 1541/1541/1541 1500/1500/1500 1537/1537/1537
f 1537/1537/1537 1516/1516/1516 1534/1534/1534
f 1534/1534/1534 1519/1519/1519 1530/1530/1530
f 1534/1534/1534 1516/1516/1516 1519/1519/1519
f 1543/1543/1543 1497/1497/1497 1541/1541/1541
f 2228/2228/2228 2230/2230/2230 1686/1686/1686
f 2225/2225/2225 2228/2228/2228 1691/1691/1691
f 2233/2233/2233 2239/2239/2239 1678/1678/1678
f 1665/1665/1665 2243/2243/2243 1660/1660/1660
f 2236/2236/2236 2243/2243/2243 1669/1669/1669
f 2230/2230/2230 2233/2233/2233 1679/1679/1679
f 1651/1651/1651 2248/2248/2248 2251/2251/2251
f 1659/1659/1659 2245/2245/2245 2248/2248/2248
f 1637/1637/1637 2256/2256/2256 2260/2260/2260
f 1617/1617/1617 2271/2271/2271 2274/2274/2274
f 1647/1647/1647 2253/2253/2253 2255/2255/2255
f 1662/1662/1662 2244/2244/2244 2245/2245/2245
f 1659/1659/1659 2248/2248/2248 1655/1655/1655
f 1651/1651/1651 1655/1655/1655 2248/2248/2248
f 1648/1648/1648 1651/1651/1651 2251/2251/2251
f 1644/1644/1644 1648/1648/1648 2251/2251/2251
f 1644/1644/1644 2258/2258/2258 1642/1642/1642
f 2245/2245/2245 1659/1659/1659 1662/1662/1662
f 1634/1634/1634 1639/1639/1639 2263/2263/2263
f 1633/1633/1633 2261/2261/2261 1631/1631/1631
f 1617/1617/1617 1619/1619/1619 2271/2271/2271
f 1639/1639/1639 1642/1642/1642 2258/2258/2258
f 1622/1622/1622 2271/2271/2271 1619/1619/1619
f 1627/1627/1627 1631/1631/1631 2266/2266/2266
f 1622/1622/1622 1626/1626/1626 2269/2269/2269
f 2269/2269/2269 2271/2271/2271 1622/1622/1622
f 2265/2265/2265 1629/1629/1629 2260/2260/2260
f 1617/1617/1617 2274/2274/2274 1615/1615/1615
f 2225/2225/2225 1696/1696/1696 2221/2221/2221
f 1475/1475/1475 1568/1568/1568 1470/1470/1470
f 1468/1468/1468 1574/1574/1574 1466/1466/1466
f 2279/2279/2279 1604/1604/1604 2277/2277/2277
f 1459/1459/1459 1588/1588/1588 2287/2287/2287
f 2285/2285/2285 1596/1596/1596 2282/2282/2282
f 1581/1581/1581 1460/1460/1460 1465/1465/1465
f 1484/1484/1484 1556/1556/1556 1480/1480/1480
f 1545/1545/1545 1550/1550/1550 1490/1490/1490
f 1552/1552/1552 1487/1487/1487 1547/1547/1547
f 1554/1554/1554 1560/1560/1560 1478/1478/1478
f 1552/1552/1552 1554/1554/1554 1482/1482/1482
f 1482/1482/1482 1487/1487/1487 1552/1552/1552
f 1474/1474/1474 1479/1479/1479 1559/1559/1559
f 1562/1562/1562 1473/1473/1473 1560/1560/1560
f 1594/1594/1594 1598/1598/1598 2287/2287/2287
f 1602/1602/1602 2279/2279/2279 1598/1598/1598
f 1615/1615/1615 2274/2274/2274 1612/1612/1612
f 1608/1608/1608 1612/1612/1612 2277/2277/2277
f 1605/1605/1605 2280/2280/2280 1601/1601/1601
f 1608/1608/1608 2277/2277/2277 1604/1604/1604
f 1569/1569/1569 1576/1576/1576 1469/1469/1469
f 1565/1565/1565 1572/1572/1572 1468/1468/1468
f 1466/1466/1466 1574/1574/1574 1578/1578/1578
f 1591/1591/1591 1461/1461/1461 1585/1585/1585
f 1582/1582/1582 1584/1584/1584 1459/1459/1459
f 1578/1578/1578 1582/1582/1582 1466/1466/1466
f 2287/2287/2287 1588/1588/1588 1594/1594/1594
f 1562/1562/1562 1565/1565/1565 1473/1473/1473
f 2277/2277/2277 1612/1612/1612 2274/2274/2274
f 2081/2081/2081 2083/2083/2083 1817/1817/1817
f 32/32/32 9/9/9 33/33/33
f 11/11/11 33/33/33 9/9/9
f 13/13/13 34/34/34 11/11/11
f 29/29/29 31/31/31 4/4/4
f 34/34/34 10/10/10 33/33/33
f 12/12/12 35/35/35 14/14/14
f 33/33/33 8/8/8 32/32/32
f 35/35/35 15/15/15 36/36/36
f 17/17/17 36/36/36 15/15/15
f 37/37/37 19/19/19 38/38/38
f 37/37/37 16/16/16 36/36/36
f 14/14/14 36/36/36 16/16/16
f 21/21/21 38/38/38 19/19/19
f 23/23/23 39/39/39 21/21/21
f 38/38/38 18/18/18 37/37/37
f 20/20/20 39/39/39 22/22/22
f 24/24/24 28/28/28 26/26/26
f 40/40/40 22/22/22 39/39/39
f 70/70/70 55/55/55 69/69/69
f 74/74/74 57/57/57 71/71/71
f 84/84/84 68/68/68 82/82/82
f 87/87/87 71/71/71 84/84/84
f 53/53/53 104/104/104 41/41/41
f 67/67/67 53/53/53 50/50/50
f 68/68/68 78/78/78 82/82/82
f 106/106/106 55/55/55 56/56/56
f 48/48/48 62/62/62 63/63/63
f 65/65/65 74/74/74 77/77/77
f 81/81/81 91/91/91 109/109/109
f 76/76/76 86/86/86 88/88/88
f 85/85/85 111/111/111 98/98/98
f 119/119/119 118/118/118 117/117/117
f 123/123/123 122/122/122 121/121/121
f 127/127/127 126/126/126 125/125/125
f 125/125/125 124/124/124 123/123/123
f 121/121/121 120/120/120 119/119/119
f 131/131/131 130/130/130 129/129/129
f 133/133/133 132/132/132 131/131/131
f 137/137/137 136/136/136 135/135/135
f 141/141/141 140/140/140 139/139/139
f 139/139/139 138/138/138 137/137/137
f 135/135/135 134/134/134 133/133/133
f 129/129/129 128/128/128 127/127/127
f 145/145/145 144/144/144 143/143/143
f 147/147/147 146/146/146 145/145/145
f 151/151/151 150/150/150 149/149/149
f 155/155/155 154/154/154 153/153/153
f 153/153/153 152/152/152 151/151/151
f 149/149/149 148/148/148 147/147/147
f 159/159/159 158/158/158 157/157/157
f 161/161/161 160/160/160 159/159/159
f 165/165/165 164/164/164 163/163/163
f 169/169/169 168/168/168 167/167/167
f 167/167/167 166/166/166 165/165/165
f 163/163/163 162/162/162 161/161/161
f 157/157/157 156/156/156 155/155/155
f 143/143/143 142/142/142 141/141/141
f 173/173/173 172/172/172 171/171/171
f 175/175/175 174/174/174 173/173/173
f 179/179/179 178/178/178 177/177/177
f 183/183/183 182/182/182 181/181/181
f 181/181/181 180/180/180 179/179/179
f 177/177/177 176/176/176 175/175/175
f 187/187/187 186/186/186 185/185/185
f 189/189/189 188/188/188 187/187/187
f 193/193/193 192/192/192 191/191/191
f 197/197/197 196/196/196 195/195/195
f 195/195/195 194/194/194 193/193/193
f 191/191/191 190/190/190 189/189/189
f 185/185/185 184/184/184 183/183/183
f 201/201/201 200/200/200 199/199/199
f 203/203/203 202/202/202 201/201/201
f 207/207/207 206/206/206 205/205/205
f 211/211/211 210/210/210 209/209/209
f 209/209/209 208/208/208 207/207/207
f 205/205/205 204/204/204 203/203/203
f 215/215/215 214/214/214 213/213/213
f 217/217/217 216/216/216 215/215/215
f 221/221/221 220/220/220 219/219/219
f 224/224/224 225/225/225 226/226/226
f 223/223/223 222/222/222 221/221/221
f 219/219/219 218/218/218 217/217/217
f 213/213/213 212/212/212 211/211/211
f 199/199/199 198/198/198 197/197/197
f 171/171/171 170/170/170 169/169/169
f 229/229/229 228/228/228 227/227/227
f 231/231/231 230/230/230 229/229/229
f 235/235/235 234/234/234 233/233/233
f 239/239/239 238/238/238 237/237/237
f 237/237/237 236/236/236 235/235/235
f 233/233/233 232/232/232 231/231/231
f 243/243/243 242/242/242 241/241/241
f 245/245/245 244/244/244 243/243/243
f 249/249/249 248/248/248 247/247/247
f 253/253/253 252/252/252 251/251/251
f 251/251/251 250/250/250 249/249/249
f 247/247/247 246/246/246 245/245/245
f 241/241/241 240/240/240 239/239/239
f 257/257/257 256/256/256 255/255/255
f 259/259/259 258/258/258 257/257/257
f 263/263/263 262/262/262 261/261/261
f 267/267/267 266/266/266 265/265/265
f 265/265/265 264/264/264 263/263/263
f 261/261/261 260/260/260 259/259/259
f 271/271/271 270/270/270 269/269/269
f 273/273/273 272/272/272 271/271/271
f 277/277/277 276/276/276 275/275/275
f 281/281/281 280/280/280 279/279/279
f 279/279/279 278/278/278 277/277/277
f 275/275/275 274/274/274 273/273/273
f 269/269/269 268/268/268 267/267/267
f 255/255/255 254/254/254 253/253/253
f 285/285/285 284/284/284 283/283/283
f 287/287/287 286/286/286 285/285/285
f 291/291/291 290/290/290 289/289/289
f 295/295/295 294/294/294 293/293/293
f 293/293/293 292/292/292 291/291/291
f 289/289/289 288/288/288 287/287/287
f 299/299/299 298/298/298 297/297/297
f 301/301/301 300/300/300 299/299/299
f 305/305/305 304/304/304 303/303/303
f 309/309/309 308/308/308 307/307/307
f 307/307/307 306/306/306 305/305/305
f 303/303/303 302/302/302 301/301/301
f 297/297/297 296/296/296 295/295/295
f 313/313/313 312/312/312 311/311/311
f 315/315/315 314/314/314 313/313/313
f 319/319/319 318/318/318 317/317/317
f 323/323/323 322/322/322 321/321/321
f 321/321/321 320/320/320 319/319/319
f 317/317/317 316/316/316 315/315/315
f 327/327/327 326/326/326 325/325/325
f 329/329/329 328/328/328 327/327/327
f 333/333/333 332/332/332 331/331/331
f 331/331/331 330/330/330 329/329/329
f 325/325/325 324/324/324 323/323/323
f 311/311/311 310/310/310 309/309/309
f 283/283/283 282/282/282 281/281/281
f 227/227/227 226/226/226 225/225/225
f 368/368/368 352/352/352 365/365/365
f 372/372/372 354/354/354 366/366/366
f 384/384/384 364/364/364 382/382/382
f 387/387/387 367/367/367 384/384/384
f 350/350/350 404/404/404 343/343/343
f 362/362/362 351/351/351 347/347/347
f 364/364/364 378/378/378 382/382/382
f 404/404/404 350/350/350 353/353/353
f 344/344/344 356/356/356 359/359/359
f 358/358/358 371/371/371 373/373/373
f 380/380/380 394/394/394 408/408/408
f 373/373/373 386/386/386 393/393/393
f 387/387/387 410/410/410 398/398/398
f 416/416/416 415/415/415 414/414/414
f 420/420/420 419/419/419 418/418/418
f 424/424/424 423/423/423 422/422/422
f 426/426/426 425/425/425 424/424/424
f 422/422/422 421/421/421 420/420/420
f 418/418/418 417/417/417 416/416/416
f 430/430/430 429/429/429 428/428/428
f 434/434/434 433/433/433 432/432/432
f 432/432/432 431/431/431 430/430/430
f 428/428/428 427/427/427 426/426/426
f 436/436/436 435/435/435 434/434/434
f 440/440/440 439/439/439 438/438/438
f 442/442/442 441/441/441 440/440/440
f 438/438/438 437/437/437 436/436/436
f 444/444/444 443/443/443 442/442/442
f 446/446/446 445/445/445 444/444/444
f 450/450/450 449/449/449 448/448/448
f 448/448/448 447/447/447 446/446/446
f 454/454/454 453/453/453 452/452/452
f 458/458/458 457/457/457 456/456/456
f 460/460/460 459/459/459 458/458/458
f 456/456/456 455/455/455 454/454/454
f 452/452/452 451/451/451 450/450/450
f 464/464/464 463/463/463 462/462/462
f 468/468/468 467/467/467 466/466/466
f 466/466/466 465/465/465 464/464/464
f 472/472/472 471/471/471 470/470/470
f 476/476/476 475/475/475 474/474/474
f 478/478/478 477/477/477 476/476/476
f 474/474/474 473/473/473 472/472/472
f 470/470/470 469/469/469 468/468/468
f 462/462/462 461/461/461 460/460/460
f 480/480/480 479/479/479 478/478/478
f 481/481/481 482/482/482 483/483/483
f 484/484/484 483/483/483 482/482/482
f 488/488/488 487/487/487 486/486/486
f 486/486/486 485/485/485 484/484/484
f 492/492/492 491/491/491 490/490/490
f 496/496/496 495/495/495 494/494/494
f 498/498/498 497/497/497 496/496/496
f 494/494/494 493/493/493 492/492/492
f 490/490/490 489/489/489 488/488/488
f 502/502/502 501/501/501 500/500/500
f 506/506/506 505/505/505 504/504/504
f 504/504/504 503/503/503 502/502/502
f 510/510/510 509/509/509 508/508/508
f 514/514/514 513/513/513 512/512/512
f 516/516/516 515/515/515 514/514/514
f 512/512/512 511/511/511 510/510/510
f 508/508/508 507/507/507 506/506/506
f 500/500/500 499/499/499 498/498/498
f 520/520/520 519/519/519 518/518/518
f 524/524/524 523/523/523 522/522/522
f 522/522/522 521/521/521 520/520/520
f 528/528/528 527/527/527 526/526/526
f 532/532/532 531/531/531 530/530/530
f 534/534/534 533/533/533 532/532/532
f 530/530/530 529/529/529 528/528/528
f 526/526/526 525/525/525 524/524/524
f 538/538/538 537/537/537 536/536/536
f 542/542/542 541/541/541 540/540/540
f 540/540/540 539/539/539 538/538/538
f 546/546/546 545/545/545 544/544/544
f 550/550/550 549/549/549 548/548/548
f 548/548/548 547/547/547 546/546/546
f 544/544/544 543/543/543 542/542/542
f 536/536/536 535/535/535 534/534/534
f 518/518/518 517/517/517 516/516/516
f 563/563/563 562/562/562 561/561/561
f 561/561/561 560/560/560 559/559/559
f 567/567/567 566/566/566 565/565/565
f 571/571/571 570/570/570 569/569/569
f 569/569/569 568/568/568 567/567/567
f 565/565/565 564/564/564 563/563/563
f 575/575/575 574/574/574 573/573/573
f 579/579/579 578/578/578 577/577/577
f 577/577/577 576/576/576 575/575/575
f 583/583/583 582/582/582 581/581/581
f 587/587/587 586/586/586 585/585/585
f 585/585/585 584/584/584 583/583/583
f 581/581/581 580/580/580 579/579/579
f 573/573/573 572/572/572 571/571/571
f 588/588/588 589/589/589 590/590/590
f 591/591/591 590/590/590 589/589/589
f 595/595/595 594/594/594 593/593/593
f 593/593/593 592/592/592 591/591/591
f 599/599/599 598/598/598 597/597/597
f 603/603/603 602/602/602 601/601/601
f 601/601/601 600/600/600 599/599/599
f 597/597/597 596/596/596 595/595/595
f 607/607/607 606/606/606 605/605/605
f 611/611/611 610/610/610 609/609/609
f 609/609/609 608/608/608 607/607/607
f 615/615/615 614/614/614 613/613/613
f 617/617/617 616/616/616 615/615/615
f 613/613/613 612/612/612 611/611/611
f 605/605/605 604/604/604 603/603/603
f 2317/2317/2317 2290/2290/2290 2288/2288/2288
f 2317/2317/2317 2318/2318/2318 2290/2290/2290
f 2292/2292/2292 2290/2290/2290 2318/2318/2318
f 2319/2319/2319 2292/2292/2292 2318/2318/2318
f 2316/2316/2316 2318/2318/2318 2317/2317/2317
f 2319/2319/2319 2296/2296/2296 2294/2294/2294
f 2298/2298/2298 2320/2320/2320 2321/2321/2321
f 2300/2300/2300 2321/2321/2321 2322/2322/2322
f 2292/2292/2292 2319/2319/2319 2294/2294/2294
f 2293/2293/2293 2319/2319/2319 2318/2318/2318
f 2289/2289/2289 2291/2291/2291 2316/2316/2316
f 2319/2319/2319 2293/2293/2293 2295/2295/2295
f 2291/2291/2291 2293/2293/2293 2318/2318/2318
f 2321/2321/2321 2297/2297/2297 2299/2299/2299
f 2299/2299/2299 2322/2322/2322 2321/2321/2321
f 2320/2320/2320 2295/2295/2295 2297/2297/2297
f 2322/2322/2322 2302/2302/2302 2300/2300/2300
f 2304/2304/2304 2323/2323/2323 2324/2324/2324
f 2324/2324/2324 2306/2306/2306 2304/2304/2304
f 2324/2324/2324 2303/2303/2303 2305/2305/2305
f 2301/2301/2301 2323/2323/2323 2322/2322/2322
f 2308/2308/2308 2325/2325/2325 2326/2326/2326
f 2310/2310/2310 2326/2326/2326 2327/2327/2327
f 2312/2312/2312 2310/2310/2310 2314/2314/2314
f 2314/2314/2314 2310/2310/2310 2327/2327/2327
f 2325/2325/2325 2305/2305/2305 2307/2307/2307
f 2307/2307/2307 2326/2326/2326 2325/2325/2325
f 2311/2311/2311 2315/2315/2315 2327/2327/2327
f 2314/2314/2314 2327/2327/2327 2315/2315/2315
f 2327/2327/2327 2309/2309/2309 2311/2311/2311
f 2359/2359/2359 2339/2339/2339 2345/2345/2345
f 2361/2361/2361 2344/2344/2344 2348/2348/2348
f 2370/2370/2370 2355/2355/2355 2358/2358/2358
f 2374/2374/2374 2358/2358/2358 2361/2361/2361
f 2337/2337/2337 2331/2331/2331 2342/2342/2342
f 2353/2353/2353 2341/2341/2341 2355/2355/2355
f 2355/2355/2355 2366/2366/2366 2353/2353/2353
f 2386/2386/2386 2344/2344/2344 2392/2392/2392
f 2332/2332/2332 2349/2349/2349 2390/2390/2390
f 2389/2389/2389 2347/2347/2347 2343/2343/2343
f 2351/2351/2351 2360/2360/2360 2347/2347/2347
f 2369/2369/2369 2379/2379/2379 2366/2366/2366
f 2371/2371/2371 2394/2394/2394 2368/2368/2368
f 2398/2398/2398 2397/2397/2397 2370/2370/2370
f 2362/2362/2362 2374/2374/2374 2361/2361/2361
f 2377/2377/2377 2384/2384/2384 2374/2374/2374
f 2373/2373/2373 2401/2401/2401 2371/2371/2371
f 2625/2625/2625 2404/2404/2404 2402/2402/2402
f 2406/2406/2406 2405/2405/2405 2407/2407/2407
f 2410/2410/2410 2409/2409/2409 2411/2411/2411
f 2414/2414/2414 2413/2413/2413 2415/2415/2415
f 2412/2412/2412 2411/2411/2411 2413/2413/2413
f 2408/2408/2408 2407/2407/2407 2409/2409/2409
f 2418/2418/2418 2417/2417/2417 2419/2419/2419
f 2420/2420/2420 2419/2419/2419 2421/2421/2421
f 2424/2424/2424 2423/2423/2423 2425/2425/2425
f 2428/2428/2428 2427/2427/2427 2429/2429/2429
f 2426/2426/2426 2425/2425/2425 2427/2427/2427
f 2422/2422/2422 2421/2421/2421 2423/2423/2423
f 2416/2416/2416 2415/2415/2415 2417/2417/2417
f 2432/2432/2432 2431/2431/2431 2433/2433/2433
f 2434/2434/2434 2433/2433/2433 2435/2435/2435
f 2438/2438/2438 2437/2437/2437 2439/2439/2439
f 2442/2442/2442 2441/2441/2441 2443/2443/2443
f 2440/2440/2440 2439/2439/2439 2441/2441/2441
f 2436/2436/2436 2435/2435/2435 2437/2437/2437
f 2446/2446/2446 2445/2445/2445 2447/2447/2447
f 2448/2448/2448 2447/2447/2447 2449/2449/2449
f 2452/2452/2452 2451/2451/2451 2453/2453/2453
f 2456/2456/2456 2455/2455/2455 2457/2457/2457
f 2454/2454/2454 2453/2453/2453 2455/2455/2455
f 2450/2450/2450 2449/2449/2449 2451/2451/2451
f 2444/2444/2444 2443/2443/2443 2445/2445/2445
f 2430/2430/2430 2429/2429/2429 2431/2431/2431
f 2460/2460/2460 2459/2459/2459 2461/2461/2461
f 2462/2462/2462 2461/2461/2461 2463/2463/2463
f 2466/2466/2466 2465/2465/2465 2467/2467/2467
f 2470/2470/2470 2469/2469/2469 2471/2471/2471
f 2468/2468/2468 2467/2467/2467 2469/2469/2469
f 2464/2464/2464 2463/2463/2463 2465/2465/2465
f 2474/2474/2474 2473/2473/2473 2475/2475/2475
f 2476/2476/2476 2475/2475/2475 2477/2477/2477
f 2480/2480/2480 2479/2479/2479 2481/2481/2481
f 2484/2484/2484 2483/2483/2483 2485/2485/2485
f 2482/2482/2482 2481/2481/2481 2483/2483/2483
f 2478/2478/2478 2477/2477/2477 2479/2479/2479
f 2472/2472/2472 2471/2471/2471 2473/2473/2473
f 2488/2488/2488 2487/2487/2487 2489/2489/2489
f 2490/2490/2490 2489/2489/2489 2491/2491/2491
f 2494/2494/2494 2493/2493/2493 2495/2495/2495
f 2498/2498/2498 2497/2497/2497 2499/2499/2499
f 2496/2496/2496 2495/2495/2495 2497/2497/2497
f 2492/2492/2492 2491/2491/2491 2493/2493/2493
f 2502/2502/2502 2501/2501/2501 2503/2503/2503
f 2504/2504/2504 2503/2503/2503 2505/2505/2505
f 2508/2508/2508 2507/2507/2507 2509/2509/2509
f 2511/2511/2511 2512/2512/2512 2510/2510/2510
f 2510/2510/2510 2509/2509/2509 2511/2511/2511
f 2506/2506/2506 2505/2505/2505 2507/2507/2507
f 2500/2500/2500 2499/2499/2499 2501/2501/2501
f 2486/2486/2486 2485/2485/2485 2487/2487/2487
f 2458/2458/2458 2457/2457/2457 2459/2459/2459
f 2624/2624/2624 2404/2404/2404 2625/2625/2625
f 2405/2405/2405 2624/2624/2624 2403/2403/2403
f 2405/2405/2405 2404/2404/2404 2624/2624/2624
f 2516/2516/2516 2515/2515/2515 2517/2517/2517
f 2518/2518/2518 2517/2517/2517 2519/2519/2519
f 2522/2522/2522 2521/2521/2521 2523/2523/2523
f 2526/2526/2526 2525/2525/2525 2527/2527/2527
f 2524/2524/2524 2523/2523/2523 2525/2525/2525
f 2520/2520/2520 2519/2519/2519 2521/2521/2521
f 2530/2530/2530 2529/2529/2529 2531/2531/2531
f 2532/2532/2532 2531/2531/2531 2533/2533/2533
f 2536/2536/2536 2535/2535/2535 2537/2537/2537
f 2540/2540/2540 2539/2539/2539 2541/2541/2541
f 2538/2538/2538 2537/2537/2537 2539/2539/2539
f 2534/2534/2534 2533/2533/2533 2535/2535/2535
f 2528/2528/2528 2527/2527/2527 2529/2529/2529
f 2544/2544/2544 2543/2543/2543 2545/2545/2545
f 2546/2546/2546 2545/2545/2545 2547/2547/2547
f 2550/2550/2550 2549/2549/2549 2551/2551/2551
f 2554/2554/2554 2553/2553/2553 2555/2555/2555
f 2552/2552/2552 2551/2551/2551 2553/2553/2553
f 2548/2548/2548 2547/2547/2547 2549/2549/2549
f 2558/2558/2558 2557/2557/2557 2559/2559/2559
f 2560/2560/2560 2559/2559/2559 2561/2561/2561
f 2564/2564/2564 2563/2563/2563 2565/2565/2565
f 2568/2568/2568 2567/2567/2567 2569/2569/2569
f 2566/2566/2566 2565/2565/2565 2567/2567/2567
f 2562/2562/2562 2561/2561/2561 2563/2563/2563
f 2556/2556/2556 2555/2555/2555 2557/2557/2557
f 2542/2542/2542 2541/2541/2541 2543/2543/2543
f 2572/2572/2572 2571/2571/2571 2573/2573/2573
f 2574/2574/2574 2573/2573/2573 2575/2575/2575
f 2578/2578/2578 2577/2577/2577 2579/2579/2579
f 2582/2582/2582 2581/2581/2581 2583/2583/2583
f 2580/2580/2580 2579/2579/2579 2581/2581/2581
f 2576/2576/2576 2575/2575/2575 2577/2577/2577
f 2586/2586/2586 2585/2585/2585 2587/2587/2587
f 2588/2588/2588 2587/2587/2587 2589/2589/2589
f 2592/2592/2592 2591/2591/2591 2593/2593/2593
f 2596/2596/2596 2595/2595/2595 2597/2597/2597
f 2594/2594/2594 2593/2593/2593 2595/2595/2595
f 2590/2590/2590 2589/2589/2589 2591/2591/2591
f 2584/2584/2584 2583/2583/2583 2585/2585/2585
f 2600/2600/2600 2599/2599/2599 2601/2601/2601
f 2602/2602/2602 2601/2601/2601 2603/2603/2603
f 2606/2606/2606 2605/2605/2605 2607/2607/2607
f 2610/2610/2610 2609/2609/2609 2611/2611/2611
f 2608/2608/2608 2607/2607/2607 2609/2609/2609
f 2604/2604/2604 2603/2603/2603 2605/2605/2605
f 2614/2614/2614 2613/2613/2613 2615/2615/2615
f 2616/2616/2616 2615/2615/2615 2617/2617/2617
f 2620/2620/2620 2619/2619/2619 2621/2621/2621
f 2620/2620/2620 2626/2626/2626 2622/2622/2622
f 2618/2618/2618 2617/2617/2617 2619/2619/2619
f 2612/2612/2612 2611/2611/2611 2613/2613/2613
f 2598/2598/2598 2597/2597/2597 2599/2599/2599
f 2570/2570/2570 2569/2569/2569 2571/2571/2571
f 2620/2620/2620 2627/2627/2627 2626/2626/2626
f 2514/2514/2514 2513/2513/2513 2515/2515/2515
f 2627/2627/2627 2621/2621/2621 2623/2623/2623
f 2627/2627/2627 2620/2620/2620 2621/2621/2621
f 2654/2654/2654 2638/2638/2638 2641/2641/2641
f 2656/2656/2656 2641/2641/2641 2644/2644/2644
f 2670/2670/2670 2651/2651/2651 2655/2655/2655
f 2674/2674/2674 2653/2653/2653 2657/2657/2657
f 2636/2636/2636 2630/2630/2630 2637/2637/2637
f 2649/2649/2649 2637/2637/2637 2652/2652/2652
f 2652/2652/2652 2663/2663/2663 2649/2649/2649
f 2686/2686/2686 2640/2640/2640 2688/2688/2688
f 2633/2633/2633 2643/2643/2643 2686/2686/2686
f 2686/2686/2686 2643/2643/2643 2640/2640/2640
f 2647/2647/2647 2658/2658/2658 2642/2642/2642
f 2666/2666/2666 2678/2678/2678 2664/2664/2664
f 2670/2670/2670 2690/2690/2690 2667/2667/2667
f 2693/2693/2693 2692/2692/2692 2669/2669/2669
f 2661/2661/2661 2674/2674/2674 2657/2657/2657
f 2677/2677/2677 2681/2681/2681 2672/2672/2672
f 2674/2674/2674 2695/2695/2695 2671/2671/2671
f 2839/2839/2839 2698/2698/2698 2696/2696/2696
f 2700/2700/2700 2699/2699/2699 2701/2701/2701
f 2838/2838/2838 2698/2698/2698 2839/2839/2839
f 2704/2704/2704 2703/2703/2703 2705/2705/2705
f 2708/2708/2708 2707/2707/2707 2709/2709/2709
f 2710/2710/2710 2709/2709/2709 2711/2711/2711
f 2706/2706/2706 2705/2705/2705 2707/2707/2707
f 2702/2702/2702 2701/2701/2701 2703/2703/2703
f 2714/2714/2714 2713/2713/2713 2715/2715/2715
f 2718/2718/2718 2717/2717/2717 2719/2719/2719
f 2716/2716/2716 2715/2715/2715 2717/2717/2717
f 2712/2712/2712 2711/2711/2711 2713/2713/2713
f 2720/2720/2720 2719/2719/2719 2721/2721/2721
f 2724/2724/2724 2723/2723/2723 2725/2725/2725
f 2726/2726/2726 2725/2725/2725 2727/2727/2727
f 2722/2722/2722 2721/2721/2721 2723/2723/2723
f 2728/2728/2728 2727/2727/2727 2729/2729/2729
f 2730/2730/2730 2729/2729/2729 2731/2731/2731
f 2734/2734/2734 2733/2733/2733 2735/2735/2735
f 2732/2732/2732 2731/2731/2731 2733/2733/2733
f 2738/2738/2738 2737/2737/2737 2739/2739/2739
f 2742/2742/2742 2741/2741/2741 2743/2743/2743
f 2744/2744/2744 2743/2743/2743 2745/2745/2745
f 2740/2740/2740 2739/2739/2739 2741/2741/2741
f 2736/2736/2736 2735/2735/2735 2737/2737/2737
f 2748/2748/2748 2747/2747/2747 2749/2749/2749
f 2752/2752/2752 2751/2751/2751 2753/2753/2753
f 2750/2750/2750 2749/2749/2749 2751/2751/2751
f 2756/2756/2756 2755/2755/2755 2757/2757/2757
f 2760/2760/2760 2759/2759/2759 2761/2761/2761
f 2762/2762/2762 2761/2761/2761 2763/2763/2763
f 2758/2758/2758 2757/2757/2757 2759/2759/2759
f 2754/2754/2754 2753/2753/2753 2755/2755/2755
f 2746/2746/2746 2745/2745/2745 2747/2747/2747
f 2764/2764/2764 2763/2763/2763 2765/2765/2765
f 2699/2699/2699 2838/2838/2838 2697/2697/2697
f 2698/2698/2698 2838/2838/2838 2699/2699/2699
f 2765/2765/2765 2766/2766/2766 2764/2764/2764
f 2768/2768/2768 2767/2767/2767 2769/2769/2769
f 2772/2772/2772 2771/2771/2771 2773/2773/2773
f 2770/2770/2770 2769/2769/2769 2771/2771/2771
f 2776/2776/2776 2775/2775/2775 2777/2777/2777
f 2780/2780/2780 2779/2779/2779 2781/2781/2781
f 2782/2782/2782 2781/2781/2781 2783/2783/2783
f 2778/2778/2778 2777/2777/2777 2779/2779/2779
f 2774/2774/2774 2773/2773/2773 2775/2775/2775
f 2786/2786/2786 2785/2785/2785 2787/2787/2787
f 2790/2790/2790 2789/2789/2789 2791/2791/2791
f 2788/2788/2788 2787/2787/2787 2789/2789/2789
f 2794/2794/2794 2793/2793/2793 2795/2795/2795
f 2798/2798/2798 2797/2797/2797 2799/2799/2799
f 2800/2800/2800 2799/2799/2799 2801/2801/2801
f 2796/2796/2796 2795/2795/2795 2797/2797/2797
f 2792/2792/2792 2791/2791/2791 2793/2793/2793
f 2784/2784/2784 2783/2783/2783 2785/2785/2785
f 2804/2804/2804 2803/2803/2803 2805/2805/2805
f 2808/2808/2808 2807/2807/2807 2809/2809/2809
f 2806/2806/2806 2805/2805/2805 2807/2807/2807
f 2812/2812/2812 2811/2811/2811 2813/2813/2813
f 2816/2816/2816 2815/2815/2815 2817/2817/2817
f 2818/2818/2818 2817/2817/2817 2819/2819/2819
f 2814/2814/2814 2813/2813/2813 2815/2815/2815
f 2810/2810/2810 2809/2809/2809 2811/2811/2811
f 2822/2822/2822 2821/2821/2821 2823/2823/2823
f 2826/2826/2826 2825/2825/2825 2827/2827/2827
f 2824/2824/2824 2823/2823/2823 2825/2825/2825
f 2830/2830/2830 2829/2829/2829 2831/2831/2831
f 2834/2834/2834 2833/2833/2833 2835/2835/2835
f 2840/2840/2840 2836/2836/2836 2834/2834/2834
f 2832/2832/2832 2831/2831/2831 2833/2833/2833
f 2828/2828/2828 2827/2827/2827 2829/2829/2829
f 2820/2820/2820 2819/2819/2819 2821/2821/2821
f 2802/2802/2802 2801/2801/2801 2803/2803/2803
f 2840/2840/2840 2835/2835/2835 2837/2837/2837
f 2835/2835/2835 2840/2840/2840 2834/2834/2834
f 2907/2907/2907 2843/2843/2843 2841/2841/2841
f 2847/2847/2847 2846/2846/2846 2848/2848/2848
f 2845/2845/2845 2844/2844/2844 2846/2846/2846
f 2851/2851/2851 2850/2850/2850 2852/2852/2852
f 2855/2855/2855 2854/2854/2854 2856/2856/2856
f 2853/2853/2853 2852/2852/2852 2854/2854/2854
f 2849/2849/2849 2848/2848/2848 2850/2850/2850
f 2859/2859/2859 2858/2858/2858 2860/2860/2860
f 2863/2863/2863 2862/2862/2862 2864/2864/2864
f 2861/2861/2861 2860/2860/2860 2862/2862/2862
f 2867/2867/2867 2866/2866/2866 2868/2868/2868
f 2871/2871/2871 2870/2870/2870 2872/2872/2872
f 2869/2869/2869 2868/2868/2868 2870/2870/2870
f 2865/2865/2865 2864/2864/2864 2866/2866/2866
f 2857/2857/2857 2856/2856/2856 2858/2858/2858
f 2844/2844/2844 2907/2907/2907 2842/2842/2842
f 2843/2843/2843 2907/2907/2907 2844/2844/2844
f 2872/2872/2872 2873/2873/2873 2871/2871/2871
f 2875/2875/2875 2874/2874/2874 2876/2876/2876
f 2879/2879/2879 2878/2878/2878 2880/2880/2880
f 2877/2877/2877 2876/2876/2876 2878/2878/2878
f 2883/2883/2883 2882/2882/2882 2884/2884/2884
f 2887/2887/2887 2886/2886/2886 2888/2888/2888
f 2885/2885/2885 2884/2884/2884 2886/2886/2886
f 2881/2881/2881 2880/2880/2880 2882/2882/2882
f 2891/2891/2891 2890/2890/2890 2892/2892/2892
f 2895/2895/2895 2894/2894/2894 2896/2896/2896
f 2893/2893/2893 2892/2892/2892 2894/2894/2894
f 2899/2899/2899 2898/2898/2898 2900/2900/2900
f 2905/2905/2905 2903/2903/2903 2901/2901/2901
f 2901/2901/2901 2900/2900/2900 2902/2902/2902
f 2897/2897/2897 2896/2896/2896 2898/2898/2898
f 2889/2889/2889 2888/2888/2888 2890/2890/2890
f 2901/2901/2901 2906/2906/2906 2905/2905/2905
f 2906/2906/2906 2902/2902/2902 2904/2904/2904
f 2901/2901/2901 2902/2902/2902 2906/2906/2906
f 3425/3425/3425 3429/3429/3429 3317/3317/3317
f 3429/3429/3429 3430/3430/3430 3317/3317/3317
f 3420/3420/3420 3324/3324/3324 3416/3416/3416
f 3421/3421/3421 3321/3321/3321 3420/3420/3420
f 3421/3421/3421 3425/3425/3425 3321/3321/3321
f 3435/3435/3435 3315/3315/3315 3430/3430/3430
f 3449/3449/3449 3307/3307/3307 3446/3446/3446
f 3449/3449/3449 3305/3305/3305 3307/3307/3307
f 3441/3441/3441 3311/3311/3311 3436/3436/3436
f 3311/3311/3311 3441/3441/3441 3442/3442/3442
f 3446/3446/3446 3307/3307/3307 3442/3442/3442
f 3436/3436/3436 3315/3315/3315 3435/3435/3435
f 3449/3449/3449 3452/3452/3452 3305/3305/3305
f 3404/3404/3404 3326/3326/3326 3403/3403/3403
f 3404/3404/3404 3410/3410/3410 3326/3326/3326
f 3398/3398/3398 3332/3332/3332 3397/3397/3397
f 3403/3403/3403 3330/3330/3330 3398/3398/3398
f 3397/3397/3397 3332/3332/3332 3393/3393/3393
f 3328/3328/3328 3409/3409/3409 3412/3412/3412
f 3315/3315/3315 3317/3317/3317 3430/3430/3430
f 3311/3311/3311 3315/3315/3315 3436/3436/3436
f 3413/3413/3413 3324/3324/3324 3326/3326/3326
f 3321/3321/3321 3324/3324/3324 3420/3420/3420
f 3324/3324/3324 3413/3413/3413 3416/3416/3416
f 3317/3317/3317 3321/3321/3321 3425/3425/3425
f 3311/3311/3311 3442/3442/3442 3307/3307/3307
f 3326/3326/3326 3330/3330/3330 3403/3403/3403
f 3305/3305/3305 3452/3452/3452 3455/3455/3455
f 3300/3300/3300 3461/3461/3461 3465/3465/3465
f 3300/3300/3300 3465/3465/3465 3466/3466/3466
f 3303/3303/3303 3459/3459/3459 3461/3461/3461
f 3471/3471/3471 3474/3474/3474 3297/3297/3297
f 3466/3466/3466 3471/3471/3471 3297/3297/3297
f 3474/3474/3474 3475/3475/3475 3293/3293/3293
f 3482/3482/3482 3487/3487/3487 3290/3290/3290
f 3487/3487/3487 3490/3490/3490 3282/3282/3282
f 3496/3496/3496 3278/3278/3278 3494/3494/3494
f 3278/3278/3278 3496/3496/3496 3500/3500/3500
f 3282/3282/3282 3490/3490/3490 3494/3494/3494
f 3285/3285/3285 3479/3479/3479 3480/3480/3480
f 3501/3501/3501 3506/3506/3506 3271/3271/3271
f 3466/3466/3466 3297/3297/3297 3300/3300/3300
f 3474/3474/3474 3293/3293/3293 3297/3297/3297
f 3303/3303/3303 3305/3305/3305 3455/3455/3455
f 3486/3486/3486 3281/3281/3281 3289/3289/3289
f 3286/3286/3286 3291/3291/3291 3476/3476/3476
f 3461/3461/3461 3300/3300/3300 3303/3303/3303
f 3502/3502/3502 3272/3272/3272 3276/3276/3276
f 3270/3270/3270 3513/3513/3513 3264/3264/3264
f 3509/3509/3509 3269/3269/3269 3272/3272/3272
f 3261/3261/3261 3524/3524/3524 3258/3258/3258
f 3255/3255/3255 3537/3537/3537 3252/3252/3252
f 3529/3529/3529 3255/3255/3255 3258/3258/3258
f 3519/3519/3519 3261/3261/3261 3264/3264/3264
f 3276/3276/3276 3280/3280/3280 3492/3492/3492
f 3250/3250/3250 3252/3252/3252 3543/3543/3543
f 3459/3459/3459 3303/3303/3303 3455/3455/3455
f 3383/3383/3383 3386/3386/3386 3361/3361/3361
f 3339/3339/3339 3344/3344/3344 3361/3361/3361
f 3379/3379/3379 3366/3366/3366 3375/3375/3375
f 3350/3350/3350 3358/3358/3358 3347/3347/3347
f 3380/3380/3380 3384/3384/3384 3360/3360/3360
f 3346/3346/3346 3355/3355/3355 3341/3341/3341
f 3358/3358/3358 3361/3361/3361 3344/3344/3344
f 3339/3339/3339 3386/3386/3386 3391/3391/3391
f 3393/3393/3393 3335/3335/3335 3391/3391/3391
f 3332/3332/3332 3335/3335/3335 3393/3393/3393
f 3386/3386/3386 3339/3339/3339 3361/3361/3361
f 3358/3358/3358 3350/3350/3350 3352/3352/3352
f 3391/3391/3391 3335/3335/3335 3339/3339/3339
f 3332/3332/3332 3398/3398/3398 3330/3330/3330
f 3372/3372/3372 3376/3376/3376 3365/3365/3365
f 3361/3361/3361 3365/3365/3365 3378/3378/3378
f 3369/3369/3369 3372/3372/3372 3365/3365/3365
f 3166/3166/3166 3169/3169/3169 3637/3637/3637
f 3633/3633/3633 3169/3169/3169 3172/3172/3172
f 3637/3637/3637 3163/3163/3163 3166/3166/3166
f 3177/3177/3177 3633/3633/3633 3172/3172/3172
f 3177/3177/3177 3180/3180/3180 3630/3630/3630
f 3182/3182/3182 3629/3629/3629 3180/3180/3180
f 3157/3157/3157 3161/3161/3161 3640/3640/3640
f 3157/3157/3157 3640/3640/3640 3154/3154/3154
f 3637/3637/3637 3161/3161/3161 3163/3163/3163
f 3182/3182/3182 3186/3186/3186 3623/3623/3623
f 3215/3215/3215 3595/3595/3595 3213/3213/3213
f 3202/3202/3202 3608/3608/3608 3201/3201/3201
f 3210/3210/3210 3602/3602/3602 3205/3205/3205
f 3205/3205/3205 3604/3604/3604 3202/3202/3202
f 3597/3597/3597 3210/3210/3210 3213/3213/3213
f 3246/3246/3246 3555/3555/3555 3243/3243/3243
f 3243/3243/3243 3560/3560/3560 3242/3242/3242
f 3222/3222/3222 3589/3589/3589 3219/3219/3219
f 3230/3230/3230 3581/3581/3581 3229/3229/3229
f 3229/3229/3229 3582/3582/3582 3224/3224/3224
f 3237/3237/3237 3238/3238/3238 3567/3567/3567
f 3549/3549/3549 3246/3246/3246 3250/3250/3250
f 3217/3217/3217 3592/3592/3592 3215/3215/3215
f 3648/3648/3648 3142/3142/3142 3147/3147/3147
f 3616/3616/3616 3189/3189/3189 3194/3194/3194
f 3643/3643/3643 3153/3153/3153 3154/3154/3154
f 3643/3643/3643 3150/3150/3150 3153/3153/3153
f 3150/3150/3150 3646/3646/3646 3147/3147/3147
f 3196/3196/3196 3612/3612/3612 3193/3193/3193
f 3621/3621/3621 3186/3186/3186 3189/3189/3189
f 3653/3653/3653 3138/3138/3138 3141/3141/3141
f 3653/3653/3653 3135/3135/3135 3138/3138/3138
f 3141/3141/3141 3142/3142/3142 3648/3648/3648
f 3128/3128/3128 3132/3132/3132 3660/3660/3660
f 3658/3658/3658 3123/3123/3123 3127/3127/3127
f 3132/3132/3132 3135/3135/3135 3655/3655/3655
f 3121/3121/3121 3122/3122/3122 3661/3661/3661
f 3201/3201/3201 3610/3610/3610 3195/3195/3195
f 3572/3572/3572 3232/3232/3232 3234/3234/3234
f 3507/3507/3507 3274/3274/3274 3505/3505/3505
f 3217/3217/3217 3588/3588/3588 3592/3592/3592
f 3513/3513/3513 3515/3515/3515 3264/3264/3264
f 3261/3261/3261 3519/3519/3519 3520/3520/3520
f 3261/3261/3261 3520/3520/3520 3524/3524/3524
f 3264/3264/3264 3515/3515/3515 3519/3519/3519
f 3524/3524/3524 3527/3527/3527 3258/3258/3258
f 3533/3533/3533 3255/3255/3255 3529/3529/3529
f 3255/3255/3255 3533/3533/3533 3537/3537/3537
f 3545/3545/3545 3250/3250/3250 3543/3543/3543
f 3549/3549/3549 3250/3250/3250 3545/3545/3545
f 3252/3252/3252 3537/3537/3537 3540/3540/3540
f 3543/3543/3543 3252/3252/3252 3540/3540/3540
f 3529/3529/3529 3258/3258/3258 3527/3527/3527
f 3215/3215/3215 3592/3592/3592 3595/3595/3595
f 3625/3625/3625 3627/3627/3627 3183/3183/3183
f 3621/3621/3621 3623/3623/3623 3186/3186/3186
f 3633/3633/3633 3637/3637/3637 3169/3169/3169
f 3640/3640/3640 3643/3643/3643 3154/3154/3154
f 3637/3637/3637 3640/3640/3640 3161/3161/3161
f 3629/3629/3629 3630/3630/3630 3180/3180/3180
f 3604/3604/3604 3205/3205/3205 3602/3602/3602
f 3597/3597/3597 3602/3602/3602 3210/3210/3210
f 3595/3595/3595 3597/3597/3597 3213/3213/3213
f 3615/3615/3615 3616/3616/3616 3194/3194/3194
f 3608/3608/3608 3610/3610/3610 3201/3201/3201
f 3615/3615/3615 3195/3195/3195 3610/3610/3610
f 3604/3604/3604 3608/3608/3608 3202/3202/3202
f 3621/3621/3621 3189/3189/3189 3616/3616/3616
f 3630/3630/3630 3633/3633/3633 3177/3177/3177
f 3246/3246/3246 3552/3552/3552 3555/3555/3555
f 3243/3243/3243 3555/3555/3555 3556/3556/3556
f 3221/3221/3221 3584/3584/3584 3588/3588/3588
f 3243/3243/3243 3556/3556/3556 3560/3560/3560
f 3585/3585/3585 3226/3226/3226 3577/3577/3577
f 3576/3576/3576 3579/3579/3579 3232/3232/3232
f 3552/3552/3552 3246/3246/3246 3549/3549/3549
f 3570/3570/3570 3240/3240/3240 3565/3565/3565
f 3572/3572/3572 3234/3234/3234 3566/3566/3566
f 3232/3232/3232 3572/3572/3572 3576/3576/3576
f 2954/2954/2954 2959/2959/2959 2962/2962/2962
f 3563/3563/3563 3242/3242/3242 3560/3560/3560
f 2953/2953/2953 2954/2954/2954 2962/2962/2962
f 2947/2947/2947 2962/2962/2962 2964/2964/2964
f 2951/2951/2951 2961/2961/2961 2946/2946/2946
f 2934/2934/2934 2939/2939/2939 3002/3002/3002
f 2947/2947/2947 2994/2994/2994 2943/2943/2943
f 2939/2939/2939 2943/2943/2943 2997/2997/2997
f 2947/2947/2947 2964/2964/2964 2990/2990/2990
f 2980/2980/2980 2968/2968/2968 2977/2977/2977
f 2975/2975/2975 2977/2977/2977 2968/2968/2968
f 2968/2968/2968 2972/2972/2972 2975/2975/2975
f 2994/2994/2994 2947/2947/2947 2990/2990/2990
f 2989/2989/2989 2963/2963/2963 2987/2987/2987
f 2985/2985/2985 2967/2967/2967 2981/2981/2981
f 2988/2988/2988 2964/2964/2964 2968/2968/2968
f 2998/2998/2998 2944/2944/2944 2993/2993/2993
f 3648/3648/3648 3653/3653/3653 3141/3141/3141
f 3646/3646/3646 3648/3648/3648 3147/3147/3147
f 3655/3655/3655 3660/3660/3660 3132/3132/3132
f 3121/3121/3121 3661/3661/3661 3116/3116/3116
f 3660/3660/3660 3661/3661/3661 3122/3122/3122
f 3653/3653/3653 3655/3655/3655 3135/3135/3135
f 3108/3108/3108 3668/3668/3668 3671/3671/3671
f 3113/3113/3113 3664/3664/3664 3668/3668/3668
f 3095/3095/3095 3674/3674/3674 3681/3681/3681
f 3074/3074/3074 3687/3687/3687 3689/3689/3689
f 3103/3103/3103 3671/3671/3671 3673/3673/3673
f 3116/3116/3116 3661/3661/3661 3664/3664/3664
f 3113/3113/3113 3668/3668/3668 3111/3111/3111
f 3108/3108/3108 3111/3111/3111 3668/3668/3668
f 3104/3104/3104 3108/3108/3108 3671/3671/3671
f 3103/3103/3103 3104/3104/3104 3671/3671/3671
f 3103/3103/3103 3673/3673/3673 3100/3100/3100
f 3664/3664/3664 3113/3113/3113 3116/3116/3116
f 3091/3091/3091 3094/3094/3094 3678/3678/3678
f 3093/3093/3093 3680/3680/3680 3088/3088/3088
f 3074/3074/3074 3078/3078/3078 3687/3687/3687
f 3094/3094/3094 3100/3100/3100 3673/3673/3673
f 3080/3080/3080 3687/3687/3687 3078/3078/3078
f 3084/3084/3084 3086/3086/3086 3682/3682/3682
f 3080/3080/3080 3084/3084/3084 3682/3682/3682
f 3682/3682/3682 3687/3687/3687 3080/3080/3080
f 3682/3682/3682 3086/3086/3086 3678/3678/3678
f 3074/3074/3074 3689/3689/3689 3071/3071/3071
f 3646/3646/3646 3150/3150/3150 3643/3643/3643
f 2922/2922/2922 3020/3020/3020 2918/2918/2918
f 2918/2918/2918 3028/3028/3028 2915/2915/2915
f 3696/3696/3696 3064/3064/3064 3692/3692/3692
f 2912/2912/2912 3043/3043/3043 3700/3700/3700
f 3700/3700/3700 3054/3054/3054 3695/3695/3695
f 3035/3035/3035 2910/2910/2910 2914/2914/2914
f 2929/2929/2929 3011/3011/3011 2927/2927/2927
f 3001/3001/3001 3005/3005/3005 2941/2941/2941
f 3009/3009/3009 2934/2934/2934 3002/3002/3002
f 3012/3012/3012 3014/3014/3014 2928/2928/2928
f 3009/3009/3009 3012/3012/3012 2930/2930/2930
f 2933/2933/2933 2937/2937/2937 3006/3006/3006
f 2922/2922/2922 2928/2928/2928 3014/3014/3014
f 3017/3017/3017 2922/2922/2922 3014/3014/3014
f 3051/3051/3051 3054/3054/3054 3700/3700/3700
f 3058/3058/3058 3696/3696/3696 3055/3055/3055
f 3071/3071/3071 3689/3689/3689 3069/3069/3069
f 3065/3065/3065 3069/3069/3069 3693/3693/3693
f 3062/3062/3062 3699/3699/3699 3059/3059/3059
f 3065/3065/3065 3693/3693/3693 3060/3060/3060
f 3024/3024/3024 3028/3028/3028 2918/2918/2918
f 3022/3022/3022 3026/3026/3026 2921/2921/2921
f 2915/2915/2915 3028/3028/3028 3032/3032/3032
f 3045/3045/3045 2911/2911/2911 3042/3042/3042
f 3036/3036/3036 3040/3040/3040 2913/2913/2913
f 3032/3032/3032 3034/3034/3034 2915/2915/2915
f 3703/3703/3703 3046/3046/3046 3050/3050/3050
f 3017/3017/3017 3020/3020/3020 2922/2922/2922
f 3693/3693/3693 3069/3069/3069 3689/3689/3689
f 3507/3507/3507 3513/3513/3513 3270/3270/3270
f 4224/4224/4224 4110/4110/4110 4227/4227/4227
f 4227/4227/4227 4110/4110/4110 4231/4231/4231
f 4217/4217/4217 4214/4214/4214 4118/4118/4118
f 4220/4220/4220 4216/4216/4216 4113/4113/4113
f 4220/4220/4220 4113/4113/4113 4224/4224/4224
f 4234/4234/4234 4231/4231/4231 4108/4108/4108
f 4252/4252/4252 4248/4248/4248 4098/4098/4098
f 4252/4252/4252 4098/4098/4098 4094/4094/4094
f 4241/4241/4241 4237/4237/4237 4103/4103/4103
f 4103/4103/4103 4244/4244/4244 4241/4241/4241
f 4248/4248/4248 4244/4244/4244 4098/4098/4098
f 4239/4239/4239 4235/4235/4235 4105/4105/4105
f 4250/4250/4250 4097/4097/4097 4255/4255/4255
f 4204/4204/4204 4202/4202/4202 4123/4123/4123
f 4204/4204/4204 4123/4123/4123 4207/4207/4207
f 4197/4197/4197 4195/4195/4195 4130/4130/4130
f 4202/4202/4202 4197/4197/4197 4126/4126/4126
f 4195/4195/4195 4190/4190/4190 4130/4130/4130
f 4123/4123/4123 4209/4209/4209 4207/4207/4207
f 4108/4108/4108 4231/4231/4231 4110/4110/4110
f 4102/4102/4102 4240/4240/4240 4109/4109/4109
f 4209/4209/4209 4123/4123/4123 4119/4119/4119
f 4113/4113/4113 4216/4216/4216 4119/4119/4119
f 4119/4119/4119 4213/4213/4213 4209/4209/4209
f 4110/4110/4110 4224/4224/4224 4113/4113/4113
f 4103/4103/4103 4098/4098/4098 4244/4244/4244
f 4121/4121/4121 4199/4199/4199 4125/4125/4125
f 4094/4094/4094 4259/4259/4259 4257/4257/4257
f 4085/4085/4085 4271/4271/4271 4268/4268/4268
f 4086/4086/4086 4276/4276/4276 4270/4270/4270
f 4089/4089/4089 4269/4269/4269 4263/4263/4263
f 4278/4278/4278 4082/4082/4082 4282/4282/4282
f 4275/4275/4275 4082/4082/4082 4278/4278/4278
f 4282/4282/4282 4079/4079/4079 4287/4287/4287
f 4289/4289/4289 4076/4076/4076 4293/4293/4293
f 4293/4293/4293 4070/4070/4070 4297/4297/4297
f 4304/4304/4304 4301/4301/4301 4066/4066/4066
f 4068/4068/4068 4309/4309/4309 4305/4305/4305
f 4070/4070/4070 4299/4299/4299 4297/4297/4297
f 4076/4076/4076 4289/4289/4289 4287/4287/4287
f 4309/4309/4309 4063/4063/4063 4310/4310/4310
f 4275/4275/4275 4085/4085/4085 4082/4082/4082
f 4282/4282/4282 4082/4082/4082 4079/4079/4079
f 4090/4090/4090 4259/4259/4259 4094/4094/4094
f 4292/4292/4292 4074/4074/4074 4072/4072/4072
f 4074/4074/4074 4284/4284/4284 4080/4080/4080
f 4268/4268/4268 4090/4090/4090 4085/4085/4085
f 4309/4309/4309 4068/4068/4068 4063/4063/4063
f 4059/4059/4059 4057/4057/4057 4317/4317/4317
f 4313/4313/4313 4063/4063/4063 4059/4059/4059
f 4053/4053/4053 4051/4051/4051 4329/4329/4329
f 4047/4047/4047 4045/4045/4045 4342/4342/4342
f 4335/4335/4335 4051/4051/4051 4047/4047/4047
f 4323/4323/4323 4057/4057/4057 4053/4053/4053
f 4067/4067/4067 4300/4300/4300 4072/4072/4072
f 4042/4042/4042 4347/4347/4347 4045/4045/4045
f 4262/4262/4262 4261/4261/4261 4093/4093/4093
f 4180/4180/4180 4160/4160/4160 4183/4183/4183
f 4138/4138/4138 4160/4160/4160 4140/4140/4140
f 4178/4178/4178 4171/4171/4171 4164/4164/4164
f 4146/4146/4146 4142/4142/4142 4154/4154/4154
f 4178/4178/4178 4161/4161/4161 4181/4181/4181
f 4143/4143/4143 4140/4140/4140 4157/4157/4157
f 4157/4157/4157 4140/4140/4140 4160/4160/4160
f 4138/4138/4138 4186/4186/4186 4183/4183/4183
f 4190/4190/4190 4186/4186/4186 4132/4132/4132
f 4128/4128/4128 4192/4192/4192 4133/4133/4133
f 4183/4183/4183 4160/4160/4160 4138/4138/4138
f 4156/4156/4156 4151/4151/4151 4147/4147/4147
f 4186/4186/4186 4138/4138/4138 4132/4132/4132
f 4130/4130/4130 4126/4126/4126 4197/4197/4197
f 4169/4169/4169 4163/4163/4163 4173/4173/4173
f 4160/4160/4160 4176/4176/4176 4163/4163/4163
f 4165/4165/4165 4163/4163/4163 4169/4169/4169
f 3956/3956/3956 4447/4447/4447 3962/3962/3962
f 4442/4442/4442 3965/3965/3965 3964/3964/3964
f 4446/4446/4446 3958/3958/3958 3955/3955/3955
f 3969/3969/3969 3965/3965/3965 4442/4442/4442
f 3969/3969/3969 4439/4439/4439 3971/3971/3971
f 3976/3976/3976 3971/3971/3971 4436/4436/4436
f 3948/3948/3948 4452/4452/4452 3950/3950/3950
f 3948/3948/3948 3945/3945/3945 4452/4452/4452
f 4446/4446/4446 3955/3955/3955 3950/3950/3950
f 3976/3976/3976 4432/4432/4432 3977/3977/3977
f 4010/4010/4010 4006/4006/4006 4399/4399/4399
f 3999/3999/3999 3994/3994/3994 4413/4413/4413
f 4004/4004/4004 4000/4000/4000 4405/4405/4405
f 4000/4000/4000 3999/3999/3999 4408/4408/4408
f 4402/4402/4402 4006/4006/4006 4004/4004/4004
f 4038/4038/4038 4037/4037/4037 4360/4360/4360
f 4037/4037/4037 4032/4032/4032 4364/4364/4364
f 4016/4016/4016 4014/4014/4014 4391/4391/4391
f 4027/4027/4027 4022/4022/4022 4381/4381/4381
f 4021/4021/4021 4016/4016/4016 4387/4387/4387
f 4028/4028/4028 4374/4374/4374 4032/4032/4032
f 4353/4353/4353 4042/4042/4042 4038/4038/4038
f 4014/4014/4014 4010/4010/4010 4395/4395/4395
f 4461/4461/4461 3936/3936/3936 3933/3933/3933
f 4427/4427/4427 3986/3986/3986 3980/3980/3980
f 4453/4453/4453 3945/3945/3945 3943/3943/3943
f 4453/4453/4453 3943/3943/3943 3938/3938/3938
f 3938/3938/3938 3936/3936/3936 4458/4458/4458
f 3992/3992/3992 3985/3985/3985 4421/4421/4421
f 4431/4431/4431 3982/3982/3982 3977/3977/3977
f 4463/4463/4463 3929/3929/3929 3927/3927/3927
f 4463/4463/4463 3927/3927/3927 3924/3924/3924
f 3929/3929/3929 4461/4461/4461 3933/3933/3933
f 3917/3917/3917 4470/4470/4470 3921/3921/3921
f 4470/4470/4470 3917/3917/3917 3914/3914/3914
f 3921/3921/3921 4465/4465/4465 3924/3924/3924
f 3910/3910/3910 4474/4474/4474 3914/3914/3914
f 3994/3994/3994 3992/3992/3992 4416/4416/4416
f 4377/4377/4377 4028/4028/4028 4026/4026/4026
f 4313/4313/4313 4310/4310/4310 4063/4063/4063
f 4014/4014/4014 4395/4395/4395 4391/4391/4391
f 4317/4317/4317 4057/4057/4057 4319/4319/4319
f 4053/4053/4053 4325/4325/4325 4323/4323/4323
f 4053/4053/4053 4329/4329/4329 4325/4325/4325
f 4057/4057/4057 4323/4323/4323 4319/4319/4319
f 4329/4329/4329 4051/4051/4051 4332/4332/4332
f 4339/4339/4339 4335/4335/4335 4047/4047/4047
f 4047/4047/4047 4342/4342/4342 4339/4339/4339
f 4349/4349/4349 4347/4347/4347 4042/4042/4042
f 4353/4353/4353 4349/4349/4349 4042/4042/4042
f 4045/4045/4045 4344/4344/4344 4342/4342/4342
f 4347/4347/4347 4344/4344/4344 4045/4045/4045
f 4335/4335/4335 4332/4332/4332 4051/4051/4051
f 4009/4009/4009 4398/4398/4398 4394/4394/4394
f 4432/4432/4432 3976/3976/3976 4436/4436/4436
f 4431/4431/4431 3977/3977/3977 4432/4432/4432
f 4444/4444/4444 3961/3961/3961 4445/4445/4445
f 4452/4452/4452 3945/3945/3945 4453/4453/4453
f 4446/4446/4446 3950/3950/3950 4452/4452/4452
f 4436/4436/4436 3971/3971/3971 4439/4439/4439
f 4408/4408/4408 4405/4405/4405 4000/4000/4000
f 4402/4402/4402 4004/4004/4004 4405/4405/4405
f 4399/4399/4399 4006/4006/4006 4402/4402/4402
f 4421/4421/4421 3985/3985/3985 4423/4423/4423
f 4413/4413/4413 3994/3994/3994 4416/4416/4416
f 4420/4420/4420 4418/4418/4418 3991/3991/3991
f 4410/4410/4410 3998/3998/3998 4414/4414/4414
f 4428/4428/4428 4426/4426/4426 3983/3983/3983
f 4439/4439/4439 3969/3969/3969 4442/4442/4442
f 4038/4038/4038 4360/4360/4360 4356/4356/4356
f 4037/4037/4037 4363/4363/4363 4360/4360/4360
f 4016/4016/4016 4391/4391/4391 4387/4387/4387
f 4037/4037/4037 4364/4364/4364 4363/4363/4363
f 4389/4389/4389 4383/4383/4383 4019/4019/4019
f 4378/4378/4378 4026/4026/4026 4384/4384/4384
f 4356/4356/4356 4353/4353/4353 4038/4038/4038
f 4374/4374/4374 4371/4371/4371 4032/4032/4032
f 4377/4377/4377 4374/4374/4374 4028/4028/4028
f 4026/4026/4026 4378/4378/4378 4377/4377/4377
f 3749/3749/3749 3755/3755/3755 3752/3752/3752
f 4370/4370/4370 4366/4366/4366 4033/4033/4033
f 3744/3744/3744 3755/3755/3755 3749/3749/3749
f 3741/3741/3741 3756/3756/3756 3755/3755/3755
f 3744/3744/3744 3741/3741/3741 3755/3755/3755
f 3728/3728/3728 3795/3795/3795 3732/3732/3732
f 3741/3741/3741 3737/3737/3737 3788/3788/3788
f 3733/3733/3733 3791/3791/3791 3739/3739/3739
f 3741/3741/3741 3781/3781/3781 3756/3756/3756
f 3773/3773/3773 3769/3769/3769 3762/3762/3762
f 3767/3767/3767 3760/3760/3760 3772/3772/3772
f 3760/3760/3760 3767/3767/3767 3764/3764/3764
f 3788/3788/3788 3781/3781/3781 3741/3741/3741
f 3783/3783/3783 3777/3777/3777 3758/3758/3758
f 3778/3778/3778 3775/3775/3775 3760/3760/3760
f 3778/3778/3778 3760/3760/3760 3756/3756/3756
f 3792/3792/3792 3785/3785/3785 3736/3736/3736
f 4461/4461/4461 3929/3929/3929 4463/4463/4463
f 4458/4458/4458 3936/3936/3936 4461/4461/4461
f 4465/4465/4465 3921/3921/3921 4470/4470/4470
f 3910/3910/3910 3909/3909/3909 4474/4474/4474
f 4468/4468/4468 3916/3916/3916 4473/4473/4473
f 4463/4463/4463 3924/3924/3924 4465/4465/4465
f 3896/3896/3896 4483/4483/4483 4479/4479/4479
f 3906/3906/3906 4479/4479/4479 4477/4477/4477
f 3884/3884/3884 4494/4494/4494 4488/4488/4488
f 3864/3864/3864 4502/4502/4502 4500/4500/4500
f 3890/3890/3890 4488/4488/4488 4484/4484/4484
f 3909/3909/3909 4477/4477/4477 4474/4474/4474
f 3906/3906/3906 3903/3903/3903 4479/4479/4479
f 3898/3898/3898 4480/4480/4480 3901/3901/3901
f 3894/3894/3894 4483/4483/4483 3896/3896/3896
f 3892/3892/3892 4483/4483/4483 3894/3894/3894
f 3892/3892/3892 3885/3885/3885 4490/4490/4490
f 4477/4477/4477 3909/3909/3909 3906/3906/3906
f 3877/3877/3877 4492/4492/4492 3881/3881/3881
f 3877/3877/3877 3874/3874/3874 4492/4492/4492
f 3864/3864/3864 4500/4500/4500 3865/3865/3865
f 3883/3883/3883 4489/4489/4489 3887/3887/3887
f 3868/3868/3868 3865/3865/3865 4500/4500/4500
f 3871/3871/3871 4497/4497/4497 3874/3874/3874
f 3868/3868/3868 4497/4497/4497 3871/3871/3871
f 4497/4497/4497 3868/3868/3868 4500/4500/4500
f 4497/4497/4497 4492/4492/4492 3874/3874/3874
f 3864/3864/3864 3860/3860/3860 4502/4502/4502
f 4458/4458/4458 4453/4453/4453 3938/3938/3938
f 3718/3718/3718 3712/3712/3712 3811/3811/3811
f 3712/3712/3712 3711/3711/3711 3818/3818/3818
f 4510/4510/4510 4506/4506/4506 3852/3852/3852
f 3705/3705/3705 4513/4513/4513 3832/3832/3832
f 4513/4513/4513 4510/4510/4510 3840/3840/3840
f 3828/3828/3828 3708/3708/3708 3706/3706/3706
f 3723/3723/3723 3722/3722/3722 3804/3804/3804
f 3790/3790/3790 3731/3731/3731 3797/3797/3797
f 3798/3798/3798 3797/3797/3797 3730/3730/3730
f 3803/3803/3803 3719/3719/3719 3807/3807/3807
f 3798/3798/3798 3724/3724/3724 3803/3803/3803
f 3724/3724/3724 3798/3798/3798 3730/3730/3730
f 3718/3718/3718 3807/3807/3807 3719/3719/3719
f 3810/3810/3810 3807/3807/3807 3718/3718/3718
f 3839/3839/3839 4514/4514/4514 3842/3842/3842
f 3848/3848/3848 3844/3844/3844 4511/4511/4511
f 3860/3860/3860 3858/3858/3858 4502/4502/4502
f 3855/3855/3855 4506/4506/4506 3858/3858/3858
f 3850/3850/3850 3845/3845/3845 4508/4508/4508
f 3855/3855/3855 3852/3852/3852 4506/4506/4506
f 3814/3814/3814 3714/3714/3714 3821/3821/3821
f 3811/3811/3811 3712/3712/3712 3816/3816/3816
f 3711/3711/3711 3824/3824/3824 3818/3818/3818
f 3832/3832/3832 3831/3831/3831 3705/3705/3705
f 3826/3826/3826 3705/3705/3705 3831/3831/3831
f 3824/3824/3824 3711/3711/3711 3826/3826/3826
f 4516/4516/4516 3838/3838/3838 3833/3833/3833
f 3810/3810/3810 3718/3718/3718 3811/3811/3811
f 4506/4506/4506 4502/4502/4502 3858/3858/3858
f 4313/4313/4313 4059/4059/4059 4317/4317/4317
f 2319/2319/2319 2320/2320/2320 2296/2296/2296
f 2298/2298/2298 2296/2296/2296 2320/2320/2320
f 2300/2300/2300 2298/2298/2298 2321/2321/2321
f 2316/2316/2316 2291/2291/2291 2318/2318/2318
f 2321/2321/2321 2320/2320/2320 2297/2297/2297
f 2299/2299/2299 2301/2301/2301 2322/2322/2322
f 2320/2320/2320 2319/2319/2319 2295/2295/2295
f 2322/2322/2322 2323/2323/2323 2302/2302/2302
f 2304/2304/2304 2302/2302/2302 2323/2323/2323
f 2324/2324/2324 2325/2325/2325 2306/2306/2306
f 2324/2324/2324 2323/2323/2323 2303/2303/2303
f 2301/2301/2301 2303/2303/2303 2323/2323/2323
f 2308/2308/2308 2306/2306/2306 2325/2325/2325
f 2310/2310/2310 2308/2308/2308 2326/2326/2326
f 2325/2325/2325 2324/2324/2324 2305/2305/2305
f 2307/2307/2307 2309/2309/2309 2326/2326/2326
f 2311/2311/2311 2313/2313/2313 2315/2315/2315
f 2327/2327/2327 2326/2326/2326 2309/2309/2309
f 2357/2357/2357 2356/2356/2356 2340/2340/2340
f 2361/2361/2361 2358/2358/2358 2344/2344/2344
f 2370/2370/2370 2369/2369/2369 2355/2355/2355
f 2374/2374/2374 2370/2370/2370 2358/2358/2358
f 2341/2341/2341 2328/2328/2328 2392/2392/2392
f 2353/2353/2353 2338/2338/2338 2341/2341/2341
f 2355/2355/2355 2369/2369/2369 2366/2366/2366
f 2391/2391/2391 2346/2346/2346 2340/2340/2340
f 2334/2334/2334 2351/2351/2351 2347/2347/2347
f 2350/2350/2350 2362/2362/2362 2361/2361/2361
f 2367/2367/2367 2396/2396/2396 2381/2381/2381
f 2364/2364/2364 2375/2375/2375 2372/2372/2372
f 2373/2373/2373 2385/2385/2385 2401/2401/2401
f 2406/2406/2406 2404/2404/2404 2405/2405/2405
f 2410/2410/2410 2408/2408/2408 2409/2409/2409
f 2414/2414/2414 2412/2412/2412 2413/2413/2413
f 2412/2412/2412 2410/2410/2410 2411/2411/2411
f 2408/2408/2408 2406/2406/2406 2407/2407/2407
f 2418/2418/2418 2416/2416/2416 2417/2417/2417
f 2420/2420/2420 2418/2418/2418 2419/2419/2419
f 2424/2424/2424 2422/2422/2422 2423/2423/2423
f 2428/2428/2428 2426/2426/2426 2427/2427/2427
f 2426/2426/2426 2424/2424/2424 2425/2425/2425
f 2422/2422/2422 2420/2420/2420 2421/2421/2421
f 2416/2416/2416 2414/2414/2414 2415/2415/2415
f 2432/2432/2432 2430/2430/2430 2431/2431/2431
f 2434/2434/2434 2432/2432/2432 2433/2433/2433
f 2438/2438/2438 2436/2436/2436 2437/2437/2437
f 2442/2442/2442 2440/2440/2440 2441/2441/2441
f 2440/2440/2440 2438/2438/2438 2439/2439/2439
f 2436/2436/2436 2434/2434/2434 2435/2435/2435
f 2446/2446/2446 2444/2444/2444 2445/2445/2445
f 2448/2448/2448 2446/2446/2446 2447/2447/2447
f 2452/2452/2452 2450/2450/2450 2451/2451/2451
f 2456/2456/2456 2454/2454/2454 2455/2455/2455
f 2454/2454/2454 2452/2452/2452 2453/2453/2453
f 2450/2450/2450 2448/2448/2448 2449/2449/2449
f 2444/2444/2444 2442/2442/2442 2443/2443/2443
f 2430/2430/2430 2428/2428/2428 2429/2429/2429
f 2460/2460/2460 2458/2458/2458 2459/2459/2459
f 2462/2462/2462 2460/2460/2460 2461/2461/2461
f 2466/2466/2466 2464/2464/2464 2465/2465/2465
f 2470/2470/2470 2468/2468/2468 2469/2469/2469
f 2468/2468/2468 2466/2466/2466 2467/2467/2467
f 2464/2464/2464 2462/2462/2462 2463/2463/2463
f 2474/2474/2474 2472/2472/2472 2473/2473/2473
f 2476/2476/2476 2474/2474/2474 2475/2475/2475
f 2480/2480/2480 2478/2478/2478 2479/2479/2479
f 2484/2484/2484 2482/2482/2482 2483/2483/2483
f 2482/2482/2482 2480/2480/2480 2481/2481/2481
f 2478/2478/2478 2476/2476/2476 2477/2477/2477
f 2472/2472/2472 2470/2470/2470 2471/2471/2471
f 2488/2488/2488 2486/2486/2486 2487/2487/2487
f 2490/2490/2490 2488/2488/2488 2489/2489/2489
f 2494/2494/2494 2492/2492/2492 2493/2493/2493
f 2498/2498/2498 2496/2496/2496 2497/2497/2497
f 2496/2496/2496 2494/2494/2494 2495/2495/2495
f 2492/2492/2492 2490/2490/2490 2491/2491/2491
f 2502/2502/2502 2500/2500/2500 2501/2501/2501
f 2504/2504/2504 2502/2502/2502 2503/2503/2503
f 2508/2508/2508 2506/2506/2506 2507/2507/2507
f 2511/2511/2511 2513/2513/2513 2512/2512/2512
f 2510/2510/2510 2508/2508/2508 2509/2509/2509
f 2506/2506/2506 2504/2504/2504 2505/2505/2505
f 2500/2500/2500 2498/2498/2498 2499/2499/2499
f 2486/2486/2486 2484/2484/2484 2485/2485/2485
f 2458/2458/2458 2456/2456/2456 2457/2457/2457
f 2516/2516/2516 2514/2514/2514 2515/2515/2515
f 2518/2518/2518 2516/2516/2516 2517/2517/2517
f 2522/2522/2522 2520/2520/2520 2521/2521/2521
f 2526/2526/2526 2524/2524/2524 2525/2525/2525
f 2524/2524/2524 2522/2522/2522 2523/2523/2523
f 2520/2520/2520 2518/2518/2518 2519/2519/2519
f 2530/2530/2530 2528/2528/2528 2529/2529/2529
f 2532/2532/2532 2530/2530/2530 2531/2531/2531
f 2536/2536/2536 2534/2534/2534 2535/2535/2535
f 2540/2540/2540 2538/2538/2538 2539/2539/2539
f 2538/2538/2538 2536/2536/2536 2537/2537/2537
f 2534/2534/2534 2532/2532/2532 2533/2533/2533
f 2528/2528/2528 2526/2526/2526 2527/2527/2527
f 2544/2544/2544 2542/2542/2542 2543/2543/2543
f 2546/2546/2546 2544/2544/2544 2545/2545/2545
f 2550/2550/2550 2548/2548/2548 2549/2549/2549
f 2554/2554/2554 2552/2552/2552 2553/2553/2553
f 2552/2552/2552 2550/2550/2550 2551/2551/2551
f 2548/2548/2548 2546/2546/2546 2547/2547/2547
f 2558/2558/2558 2556/2556/2556 2557/2557/2557
f 2560/2560/2560 2558/2558/2558 2559/2559/2559
f 2564/2564/2564 2562/2562/2562 2563/2563/2563
f 2568/2568/2568 2566/2566/2566 2567/2567/2567
f 2566/2566/2566 2564/2564/2564 2565/2565/2565
f 2562/2562/2562 2560/2560/2560 2561/2561/2561
f 2556/2556/2556 2554/2554/2554 2555/2555/2555
f 2542/2542/2542 2540/2540/2540 2541/2541/2541
f 2572/2572/2572 2570/2570/2570 2571/2571/2571
f 2574/2574/2574 2572/2572/2572 2573/2573/2573
f 2578/2578/2578 2576/2576/2576 2577/2577/2577
f 2582/2582/2582 2580/2580/2580 2581/2581/2581
f 2580/2580/2580 2578/2578/2578 2579/2579/2579
f 2576/2576/2576 2574/2574/2574 2575/2575/2575
f 2586/2586/2586 2584/2584/2584 2585/2585/2585
f 2588/2588/2588 2586/2586/2586 2587/2587/2587
f 2592/2592/2592 2590/2590/2590 2591/2591/2591
f 2596/2596/2596 2594/2594/2594 2595/2595/2595
f 2594/2594/2594 2592/2592/2592 2593/2593/2593
f 2590/2590/2590 2588/2588/2588 2589/2589/2589
f 2584/2584/2584 2582/2582/2582 2583/2583/2583
f 2600/2600/2600 2598/2598/2598 2599/2599/2599
f 2602/2602/2602 2600/2600/2600 2601/2601/2601
f 2606/2606/2606 2604/2604/2604 2605/2605/2605
f 2610/2610/2610 2608/2608/2608 2609/2609/2609
f 2608/2608/2608 2606/2606/2606 2607/2607/2607
f 2604/2604/2604 2602/2602/2602 2603/2603/2603
f 2614/2614/2614 2612/2612/2612 2613/2613/2613
f 2616/2616/2616 2614/2614/2614 2615/2615/2615
f 2620/2620/2620 2618/2618/2618 2619/2619/2619
f 2618/2618/2618 2616/2616/2616 2617/2617/2617
f 2612/2612/2612 2610/2610/2610 2611/2611/2611
f 2598/2598/2598 2596/2596/2596 2597/2597/2597
f 2570/2570/2570 2568/2568/2568 2569/2569/2569
f 2514/2514/2514 2512/2512/2512 2513/2513/2513
f 2655/2655/2655 2651/2651/2651 2639/2639/2639
f 2656/2656/2656 2654/2654/2654 2641/2641/2641
f 2671/2671/2671 2668/2668/2668 2652/2652/2652
f 2674/2674/2674 2671/2671/2671 2653/2653/2653
f 2637/2637/2637 2630/2630/2630 2688/2688/2688
f 2650/2650/2650 2634/2634/2634 2638/2638/2638
f 2652/2652/2652 2668/2668/2668 2663/2663/2663
f 2688/2688/2688 2640/2640/2640 2637/2637/2637
f 2633/2633/2633 2645/2645/2645 2643/2643/2643
f 2647/2647/2647 2662/2662/2662 2658/2658/2658
f 2666/2666/2666 2692/2692/2692 2678/2678/2678
f 2662/2662/2662 2677/2677/2677 2672/2672/2672
f 2673/2673/2673 2682/2682/2682 2693/2693/2693
f 2700/2700/2700 2698/2698/2698 2699/2699/2699
f 2704/2704/2704 2702/2702/2702 2703/2703/2703
f 2708/2708/2708 2706/2706/2706 2707/2707/2707
f 2710/2710/2710 2708/2708/2708 2709/2709/2709
f 2706/2706/2706 2704/2704/2704 2705/2705/2705
f 2702/2702/2702 2700/2700/2700 2701/2701/2701
f 2714/2714/2714 2712/2712/2712 2713/2713/2713
f 2718/2718/2718 2716/2716/2716 2717/2717/2717
f 2716/2716/2716 2714/2714/2714 2715/2715/2715
f 2712/2712/2712 2710/2710/2710 2711/2711/2711
f 2720/2720/2720 2718/2718/2718 2719/2719/2719
f 2724/2724/2724 2722/2722/2722 2723/2723/2723
f 2726/2726/2726 2724/2724/2724 2725/2725/2725
f 2722/2722/2722 2720/2720/2720 2721/2721/2721
f 2728/2728/2728 2726/2726/2726 2727/2727/2727
f 2730/2730/2730 2728/2728/2728 2729/2729/2729
f 2734/2734/2734 2732/2732/2732 2733/2733/2733
f 2732/2732/2732 2730/2730/2730 2731/2731/2731
f 2738/2738/2738 2736/2736/2736 2737/2737/2737
f 2742/2742/2742 2740/2740/2740 2741/2741/2741
f 2744/2744/2744 2742/2742/2742 2743/2743/2743
f 2740/2740/2740 2738/2738/2738 2739/2739/2739
f 2736/2736/2736 2734/2734/2734 2735/2735/2735
f 2748/2748/2748 2746/2746/2746 2747/2747/2747
f 2752/2752/2752 2750/2750/2750 2751/2751/2751
f 2750/2750/2750 2748/2748/2748 2749/2749/2749
f 2756/2756/2756 2754/2754/2754 2755/2755/2755
f 2760/2760/2760 2758/2758/2758 2759/2759/2759
f 2762/2762/2762 2760/2760/2760 2761/2761/2761
f 2758/2758/2758 2756/2756/2756 2757/2757/2757
f 2754/2754/2754 2752/2752/2752 2753/2753/2753
f 2746/2746/2746 2744/2744/2744 2745/2745/2745
f 2764/2764/2764 2762/2762/2762 2763/2763/2763
f 2765/2765/2765 2767/2767/2767 2766/2766/2766
f 2768/2768/2768 2766/2766/2766 2767/2767/2767
f 2772/2772/2772 2770/2770/2770 2771/2771/2771
f 2770/2770/2770 2768/2768/2768 2769/2769/2769
f 2776/2776/2776 2774/2774/2774 2775/2775/2775
f 2780/2780/2780 2778/2778/2778 2779/2779/2779
f 2782/2782/2782 2780/2780/2780 2781/2781/2781
f 2778/2778/2778 2776/2776/2776 2777/2777/2777
f 2774/2774/2774 2772/2772/2772 2773/2773/2773
f 2786/2786/2786 2784/2784/2784 2785/2785/2785
f 2790/2790/2790 2788/2788/2788 2789/2789/2789
f 2788/2788/2788 2786/2786/2786 2787/2787/2787
f 2794/2794/2794 2792/2792/2792 2793/2793/2793
f 2798/2798/2798 2796/2796/2796 2797/2797/2797
f 2800/2800/2800 2798/2798/2798 2799/2799/2799
f 2796/2796/2796 2794/2794/2794 2795/2795/2795
f 2792/2792/2792 2790/2790/2790 2791/2791/2791
f 2784/2784/2784 2782/2782/2782 2783/2783/2783
f 2804/2804/2804 2802/2802/2802 2803/2803/2803
f 2808/2808/2808 2806/2806/2806 2807/2807/2807
f 2806/2806/2806 2804/2804/2804 2805/2805/2805
f 2812/2812/2812 2810/2810/2810 2811/2811/2811
f 2816/2816/2816 2814/2814/2814 2815/2815/2815
f 2818/2818/2818 2816/2816/2816 2817/2817/2817
f 2814/2814/2814 2812/2812/2812 2813/2813/2813
f 2810/2810/2810 2808/2808/2808 2809/2809/2809
f 2822/2822/2822 2820/2820/2820 2821/2821/2821
f 2826/2826/2826 2824/2824/2824 2825/2825/2825
f 2824/2824/2824 2822/2822/2822 2823/2823/2823
f 2830/2830/2830 2828/2828/2828 2829/2829/2829
f 2834/2834/2834 2832/2832/2832 2833/2833/2833
f 2832/2832/2832 2830/2830/2830 2831/2831/2831
f 2828/2828/2828 2826/2826/2826 2827/2827/2827
f 2820/2820/2820 2818/2818/2818 2819/2819/2819
f 2802/2802/2802 2800/2800/2800 2801/2801/2801
f 2847/2847/2847 2845/2845/2845 2846/2846/2846
f 2845/2845/2845 2843/2843/2843 2844/2844/2844
f 2851/2851/2851 2849/2849/2849 2850/2850/2850
f 2855/2855/2855 2853/2853/2853 2854/2854/2854
f 2853/2853/2853 2851/2851/2851 2852/2852/2852
f 2849/2849/2849 2847/2847/2847 2848/2848/2848
f 2859/2859/2859 2857/2857/2857 2858/2858/2858
f 2863/2863/2863 2861/2861/2861 2862/2862/2862
f 2861/2861/2861 2859/2859/2859 2860/2860/2860
f 2867/2867/2867 2865/2865/2865 2866/2866/2866
f 2871/2871/2871 2869/2869/2869 2870/2870/2870
f 2869/2869/2869 2867/2867/2867 2868/2868/2868
f 2865/2865/2865 2863/2863/2863 2864/2864/2864
f 2857/2857/2857 2855/2855/2855 2856/2856/2856
f 2872/2872/2872 2874/2874/2874 2873/2873/2873
f 2875/2875/2875 2873/2873/2873 2874/2874/2874
f 2879/2879/2879 2877/2877/2877 2878/2878/2878
f 2877/2877/2877 2875/2875/2875 2876/2876/2876
f 2883/2883/2883 2881/2881/2881 2882/2882/2882
f 2887/2887/2887 2885/2885/2885 2886/2886/2886
f 2885/2885/2885 2883/2883/2883 2884/2884/2884
f 2881/2881/2881 2879/2879/2879 2880/2880/2880
f 2891/2891/2891 2889/2889/2889 2890/2890/2890
f 2895/2895/2895 2893/2893/2893 2894/2894/2894
f 2893/2893/2893 2891/2891/2891 2892/2892/2892
f 2899/2899/2899 2897/2897/2897 2898/2898/2898
f 2901/2901/2901 2899/2899/2899 2900/2900/2900
f 2897/2897/2897 2895/2895/2895 2896/2896/2896
f 2889/2889/2889 2887/2887/2887 2888/2888/2888
f 3/3/3 1/1/1 2288/2288/2288
f 2288/2288/2288 2290/2290/2290 3/3/3
f 614/614/614 616/616/616 2900/2900/2900
f 2900/2900/2900 2898/2898/2898 614/614/614
f 502/502/502 500/500/500 2784/2784/2784
f 2784/2784/2784 2786/2786/2786 502/502/502
f 572/572/572 574/574/574 2858/2858/2858
f 2858/2858/2858 2856/2856/2856 572/572/572
f 19/19/19 17/17/17 2304/2304/2304
f 2304/2304/2304 2306/2306/2306 19/19/19
f 649/649/649 654/654/654 2940/2940/2940
f 2940/2940/2940 2936/2936/2936 649/649/649
f 1/1/1 30/30/30 2317/2317/2317
f 2317/2317/2317 2288/2288/2288 1/1/1
f 536/536/536 534/534/534 2818/2818/2818
f 2818/2818/2818 2820/2820/2820 536/536/536
f 548/548/548 546/546/546 2830/2830/2830
f 2830/2830/2830 2832/2832/2832 548/548/548
f 391/391/391 397/397/397 2683/2683/2683
f 2683/2683/2683 2675/2675/2675 391/391/391
f 2020/2020/2020 2015/2015/2015 4251/4251/4251
f 4251/4251/4251 4256/4256/4256 2020/2020/2020
f 116/116/116 118/118/118 2405/2405/2405
f 2405/2405/2405 2403/2403/2403 116/116/116
f 421/421/421 423/423/423 2707/2707/2707
f 2707/2707/2707 2705/2705/2705 421/421/421
f 1747/1747/1747 1742/1742/1742 3987/3987/3987
f 3987/3987/3987 3990/3990/3990 1747/1747/1747
f 132/132/132 134/134/134 2421/2421/2421
f 2421/2421/2421 2419/2419/2419 132/132/132
f 437/437/437 439/439/439 2723/2723/2723
f 2723/2723/2723 2721/2721/2721 437/437/437
f 422/422/422 420/420/420 2704/2704/2704
f 2704/2704/2704 2706/2706/2706 422/422/422
f 1743/1743/1743 1736/1736/1736 3981/3981/3981
f 3981/3981/3981 3988/3988/3988 1743/1743/1743
f 148/148/148 150/150/150 2437/2437/2437
f 2437/2437/2437 2435/2435/2435 148/148/148
f 453/453/453 455/455/455 2739/2739/2739
f 2739/2739/2739 2737/2737/2737 453/453/453
f 1867/1867/1867 1860/1860/1860 4100/4100/4100
f 4100/4100/4100 4104/4104/4104 1867/1867/1867
f 164/164/164 166/166/166 2453/2453/2453
f 2453/2453/2453 2451/2451/2451 164/164/164
f 469/469/469 471/471/471 2755/2755/2755
f 2755/2755/2755 2753/2753/2753 469/469/469
f 1925/1925/1925 1922/1922/1922 4158/4158/4158
f 4158/4158/4158 4162/4162/4162 1925/1925/1925
f 1261/1261/1261 1264/1264/1264 3516/3516/3516
f 3516/3516/3516 3511/3511/3511 1261/1261/1261
f 180/180/180 182/182/182 2469/2469/2469
f 2469/2469/2469 2467/2467/2467 180/180/180
f 485/485/485 487/487/487 2771/2771/2771
f 2771/2771/2771 2769/2769/2769 485/485/485
f 1984/1984/1984 1979/1979/1979 4215/4215/4215
f 4215/4215/4215 4218/4218/4218 1984/1984/1984
f 196/196/196 198/198/198 2485/2485/2485
f 2485/2485/2485 2483/2483/2483 196/196/196
f 501/501/501 503/503/503 2787/2787/2787
f 2787/2787/2787 2785/2785/2785 501/501/501
f 2037/2037/2037 2033/2033/2033 4272/4272/4272
f 4272/4272/4272 4277/4277/4277 2037/2037/2037
f 406/406/406 395/395/395 2679/2679/2679
f 2679/2679/2679 2691/2691/2691 406/406/406
f 1201/1201/1201 1205/1205/1205 3462/3462/3462
f 3462/3462/3462 3457/3457/3457 1201/1201/1201
f 203/203/203 201/201/201 2488/2488/2488
f 2488/2488/2488 2490/2490/2490 203/203/203
f 212/212/212 214/214/214 2501/2501/2501
f 2501/2501/2501 2499/2499/2499 212/212/212
f 517/517/517 519/519/519 2803/2803/2803
f 2803/2803/2803 2801/2801/2801 517/517/517
f 2097/2097/2097 2094/2094/2094 4326/4326/4326
f 4326/4326/4326 4330/4330/4330 2097/2097/2097
f 228/228/228 230/230/230 2517/2517/2517
f 2517/2517/2517 2515/2515/2515 228/228/228
f 2148/2148/2148 2147/2147/2147 4375/4375/4375
f 4375/4375/4375 4379/4379/4379 2148/2148/2148
f 912/912/912 916/916/916 3204/3204/3204
f 3204/3204/3204 3199/3199/3199 912/912/912
f 244/244/244 246/246/246 2533/2533/2533
f 2533/2533/2533 2531/2531/2531 244/244/244
f 549/549/549 551/551/551 2835/2835/2835
f 2835/2835/2835 2833/2833/2833 549/549/549
f 2206/2206/2206 2203/2203/2203 4437/4437/4437
f 4437/4437/4437 4440/4440/4440 2206/2206/2206
f 623/623/623 558/558/558 2842/2842/2842
f 2842/2842/2842 2907/2907/2907 623/623/623
f 260/260/260 262/262/262 2549/2549/2549
f 2549/2549/2549 2547/2547/2547 260/260/260
f 2268/2268/2268 2262/2262/2262 4493/4493/4493
f 4493/4493/4493 4498/4498/4498 2268/2268/2268
f 1458/1458/1458 2284/2284/2284 4517/4517/4517
f 4517/4517/4517 3707/3707/3707 1458/1458/1458
f 595/595/595 593/593/593 2877/2877/2877
f 2877/2877/2877 2879/2879/2879 595/595/595
f 276/276/276 278/278/278 2565/2565/2565
f 2565/2565/2565 2563/2563/2563 276/276/276
f 1395/1395/1395 1398/1398/1398 3649/3649/3649
f 3649/3649/3649 3645/3645/3645 1395/1395/1395
f 613/613/613 611/611/611 2895/2895/2895
f 2895/2895/2895 2897/2897/2897 613/613/613
f 292/292/292 294/294/294 2581/2581/2581
f 2581/2581/2581 2579/2579/2579 292/292/292
f 552/552/552 550/550/550 2834/2834/2834
f 2834/2834/2834 2836/2836/2836 552/552/552
f 573/573/573 571/571/571 2855/2855/2855
f 2855/2855/2855 2857/2857/2857 573/573/573
f 308/308/308 310/310/310 2597/2597/2597
f 2597/2597/2597 2595/2595/2595 308/308/308
f 2/2/2 4/4/4 2291/2291/2291
f 2291/2291/2291 2289/2289/2289 2/2/2
f 533/533/533 535/535/535 2819/2819/2819
f 2819/2819/2819 2817/2817/2817 533/533/533
f 2080/2080/2080 2076/2076/2076 4312/4312/4312
f 4312/4312/4312 4315/4315/4315 2080/2080/2080
f 569/569/569 567/567/567 2851/2851/2851
f 2851/2851/2851 2853/2853/2853 569/569/569
f 324/324/324 326/326/326 2613/2613/2613
f 2613/2613/2613 2611/2611/2611 324/324/324
f 18/18/18 20/20/20 2307/2307/2307
f 2307/2307/2307 2305/2305/2305 18/18/18
f 652/652/652 656/656/656 2942/2942/2942
f 2942/2942/2942 2938/2938/2938 652/652/652
f 29/29/29 2/2/2 2289/2289/2289
f 2289/2289/2289 2316/2316/2316 29/29/29
f 337/337/337 116/116/116 2403/2403/2403
f 2403/2403/2403 2624/2624/2624 337/337/337
f 1654/1654/1654 1652/1652/1652 3899/3899/3899
f 3899/3899/3899 3902/3902/3902 1654/1654/1654
f 820/820/820 827/827/827 3114/3114/3114
f 3114/3114/3114 3112/3112/3112 820/820/820
f 1881/1881/1881 1877/1877/1877 4115/4115/4115
f 4115/4115/4115 4116/4116/4116 1881/1881/1881
f 768/768/768 772/772/772 3066/3066/3066
f 3066/3066/3066 3061/3061/3061 768/768/768
f 825/825/825 828/828/828 3117/3117/3117
f 3117/3117/3117 3115/3115/3115 825/825/825
f 2138/2138/2138 2134/2134/2134 4367/4367/4367
f 4367/4367/4367 4369/4369/4369 2138/2138/2138
f 1800/1800/1800 1795/1795/1795 4040/4040/4040
f 4040/4040/4040 4043/4043/4043 1800/1800/1800
f 876/876/876 878/878/878 3167/3167/3167
f 3167/3167/3167 3165/3165/3165 876/876/876
f 1638/1638/1638 1636/1636/1636 3878/3878/3878
f 3878/3878/3878 3880/3880/3880 1638/1638/1638
f 1861/1861/1861 1856/1856/1856 4096/4096/4096
f 4096/4096/4096 4099/4099/4099 1861/1861/1861
f 930/930/930 933/933/933 3218/3218/3218
f 3218/3218/3218 3214/3214/3214 930/930/930
f 227/227/227 225/225/225 2512/2512/2512
f 2512/2512/2512 2514/2514/2514 227/227/227
f 1265/1265/1265 1266/1266/1266 3517/3517/3517
f 3517/3517/3517 3514/3514/3514 1265/1265/1265
f 1924/1924/1924 1919/1919/1919 4153/4153/4153
f 4153/4153/4153 4159/4159/4159 1924/1924/1924
f 990/990/990 993/993/993 3279/3279/3279
f 3279/3279/3279 3275/3275/3275 990/990/990
f 1980/1980/1980 1976/1976/1976 4211/4211/4211
f 4211/4211/4211 4212/4212/4212 1980/1980/1980
f 1058/1058/1058 1060/1060/1060 3333/3333/3333
f 3333/3333/3333 3329/3329/3329 1058/1058/1058
f 966/966/966 970/970/970 3260/3260/3260
f 3260/3260/3260 3256/3256/3256 966/966/966
f 2034/2034/2034 2032/2032/2032 4267/4267/4267
f 4267/4267/4267 4273/4273/4273 2034/2034/2034
f 1117/1117/1117 1121/1121/1121 3389/3389/3389
f 3389/3389/3389 3388/3388/3388 1117/1117/1117
f 592/592/592 594/594/594 2878/2878/2878
f 2878/2878/2878 2876/2876/2876 592/592/592
f 1173/1173/1173 1178/1178/1178 3440/3440/3440
f 3440/3440/3440 3437/3437/3437 1173/1173/1173
f 2145/2145/2145 2141/2141/2141 4372/4372/4372
f 4372/4372/4372 4376/4376/4376 2145/2145/2145
f 1234/1234/1234 1237/1237/1237 3493/3493/3493
f 3493/3493/3493 3489/3489/3489 1234/1234/1234
f 566/566/566 568/568/568 2852/2852/2852
f 2852/2852/2852 2850/2850/2850 566/566/566
f 1292/1292/1292 1296/1296/1296 3544/3544/3544
f 3544/3544/3544 3542/3542/3542 1292/1292/1292
f 2264/2264/2264 2259/2259/2259 4491/4491/4491
f 4491/4491/4491 4495/4495/4495 2264/2264/2264
f 1345/1345/1345 1350/1350/1350 3600/3600/3600
f 3600/3600/3600 3599/3599/3599 1345/1345/1345
f 279/279/279 277/277/277 2564/2564/2564
f 2564/2564/2564 2566/2566/2566 279/279/279
f 1399/1399/1399 1402/1402/1402 3652/3652/3652
f 3652/3652/3652 3650/3650/3650 1399/1399/1399
f 492/492/492 490/490/490 2774/2774/2774
f 2774/2774/2774 2776/2776/2776 492/492/492
f 295/295/295 293/293/293 2580/2580/2580
f 2580/2580/2580 2582/2582/2582 295/295/295
f 1463/1463/1463 1462/1462/1462 3704/3704/3704
f 3704/3704/3704 3710/3710/3710 1463/1463/1463
f 454/454/454 452/452/452 2736/2736/2736
f 2736/2736/2736 2738/2738/2738 454/454/454
f 612/612/612 614/614/614 2898/2898/2898
f 2898/2898/2898 2896/2896/2896 612/612/612
f 5/5/5 3/3/3 2290/2290/2290
f 2290/2290/2290 2292/2292/2292 5/5/5
f 313/313/313 311/311/311 2598/2598/2598
f 2598/2598/2598 2600/2600/2600 313/313/313
f 416/416/416 414/414/414 2698/2698/2698
f 2698/2698/2698 2700/2700/2700 416/416/416
f 641/641/641 647/647/647 2931/2931/2931
f 2931/2931/2931 2926/2926/2926 641/641/641
f 1573/1573/1573 1571/1571/1571 3817/3817/3817
f 3817/3817/3817 3820/3820/3820 1573/1573/1573
f 329/329/329 327/327/327 2614/2614/2614
f 2614/2614/2614 2616/2616/2616 329/329/329
f 1520/1520/1520 1517/1517/1517 3757/3757/3757
f 3757/3757/3757 3761/3761/3761 1520/1520/1520
f 1593/1593/1593 1590/1590/1590 3835/3835/3835
f 3835/3835/3835 3837/3837/3837 1593/1593/1593
f 701/701/701 704/704/704 2992/2992/2992
f 2992/2992/2992 2986/2986/2986 701/701/701
f 1630/1630/1630 1628/1628/1628 3873/3873/3873
f 3873/3873/3873 3876/3876/3876 1630/1630/1630
f 361/361/361 348/348/348 2635/2635/2635
f 2635/2635/2635 2648/2648/2648 361/361/361
f 273/273/273 271/271/271 2558/2558/2558
f 2558/2558/2558 2560/2560/2560 273/273/273
f 758/758/758 760/760/760 3053/3053/3053
f 3053/3053/3053 3048/3048/3048 758/758/758
f 1685/1685/1685 1683/1683/1683 3928/3928/3928
f 3928/3928/3928 3931/3931/3931 1685/1685/1685
f 1523/1523/1523 1518/1518/1518 3759/3759/3759
f 3759/3759/3759 3763/3763/3763 1523/1523/1523
f 1165/1165/1165 1168/1168/1168 3432/3432/3432
f 3432/3432/3432 3428/3428/3428 1165/1165/1165
f 1314/1314/1314 1320/1320/1320 3568/3568/3568
f 3568/3568/3568 3564/3564/3564 1314/1314/1314
f 815/815/815 816/816/816 3107/3107/3107
f 3107/3107/3107 3106/3106/3106 815/815/815
f 1737/1737/1737 1735/1735/1735 3978/3978/3978
f 3978/3978/3978 3984/3984/3984 1737/1737/1737
f 118/118/118 120/120/120 2407/2407/2407
f 2407/2407/2407 2405/2405/2405 118/118/118
f 423/423/423 425/425/425 2709/2709/2709
f 2709/2709/2709 2707/2707/2707 423/423/423
f 1252/1252/1252 1253/1253/1253 3510/3510/3510
f 3510/3510/3510 3503/3503/3503 1252/1252/1252
f 2169/2169/2169 2167/2167/2167 4400/4400/4400
f 4400/4400/4400 4401/4401/4401 2169/2169/2169
f 868/868/868 871/871/871 3158/3158/3158
f 3158/3158/3158 3156/3156/3156 868/868/868
f 1797/1797/1797 1792/1792/1792 4035/4035/4035
f 4035/4035/4035 4039/4039/4039 1797/1797/1797
f 134/134/134 136/136/136 2423/2423/2423
f 2423/2423/2423 2421/2421/2421 134/134/134
f 439/439/439 441/441/441 2725/2725/2725
f 2725/2725/2725 2723/2723/2723 439/439/439
f 215/215/215 213/213/213 2500/2500/2500
f 2500/2500/2500 2502/2502/2502 215/215/215
f 920/920/920 921/921/921 3208/3208/3208
f 3208/3208/3208 3206/3206/3206 920/920/920
f 586/586/586 588/588/588 2872/2872/2872
f 2872/2872/2872 2870/2870/2870 586/586/586
f 150/150/150 152/152/152 2439/2439/2439
f 2439/2439/2439 2437/2437/2437 150/150/150
f 455/455/455 457/457/457 2741/2741/2741
f 2741/2741/2741 2739/2739/2739 455/455/455
f 975/975/975 979/979/979 3266/3266/3266
f 3266/3266/3266 3263/3263/3263 975/975/975
f 1920/1920/1920 1916/1916/1916 4150/4150/4150
f 4150/4150/4150 4155/4155/4155 1920/1920/1920
f 166/166/166 168/168/168 2455/2455/2455
f 2455/2455/2455 2453/2453/2453 166/166/166
f 471/471/471 473/473/473 2757/2757/2757
f 2757/2757/2757 2755/2755/2755 471/471/471
f 342/342/342 405/405/405 2689/2689/2689
f 2689/2689/2689 2628/2628/2628 342/342/342
f 1044/1044/1044 1049/1049/1049 3322/3322/3322
f 3322/3322/3322 3319/3319/3319 1044/1044/1044
f 1977/1977/1977 1973/1973/1973 4206/4206/4206
f 4206/4206/4206 4210/4210/4210 1977/1977/1977
f 182/182/182 184/184/184 2471/2471/2471
f 2471/2471/2471 2469/2469/2469 182/182/182
f 487/487/487 489/489/489 2773/2773/2773
f 2773/2773/2773 2771/2771/2771 487/487/487
f 13/13/13 11/11/11 2298/2298/2298
f 2298/2298/2298 2300/2300/2300 13/13/13
f 1106/1106/1106 1109/1109/1109 3377/3377/3377
f 3377/3377/3377 3374/3374/3374 1106/1106/1106
f 198/198/198 200/200/200 2487/2487/2487
f 2487/2487/2487 2485/2485/2485 198/198/198
f 503/503/503 505/505/505 2789/2789/2789
f 2789/2789/2789 2787/2787/2787 503/503/503
f 319/319/319 317/317/317 2604/2604/2604
f 2604/2604/2604 2606/2606/2606 319/319/319
f 2092/2092/2092 2087/2087/2087 4320/4320/4320
f 4320/4320/4320 4324/4324/4324 2092/2092/2092
f 214/214/214 216/216/216 2503/2503/2503
f 2503/2503/2503 2501/2501/2501 214/214/214
f 519/519/519 521/521/521 2805/2805/2805
f 2805/2805/2805 2803/2803/2803 519/519/519
f 2040/2040/2040 2038/2038/2038 4274/4274/4274
f 4274/4274/4274 4279/4279/4279 2040/2040/2040
f 2185/2185/2185 2181/2181/2181 4415/4415/4415
f 4415/4415/4415 4419/4419/4419 2185/2185/2185
f 1226/1226/1226 1229/1229/1229 3481/3481/3481
f 3481/3481/3481 3478/3478/3478 1226/1226/1226
f 230/230/230 232/232/232 2519/2519/2519
f 2519/2519/2519 2517/2517/2517 230/230/230
f 535/535/535 537/537/537 2821/2821/2821
f 2821/2821/2821 2819/2819/2819 535/535/535
f 1283/1283/1283 1285/1285/1285 3535/3535/3535
f 3535/3535/3535 3534/3534/3534 1283/1283/1283
f 246/246/246 248/248/248 2535/2535/2535
f 2535/2535/2535 2533/2533/2533 246/246/246
f 551/551/551 553/553/553 2837/2837/2837
f 2837/2837/2837 2835/2835/2835 551/551/551
f 470/470/470 468/468/468 2752/2752/2752
f 2752/2752/2752 2754/2754/2754 470/470/470
f 1335/1335/1335 1338/1338/1338 3591/3591/3591
f 3591/3591/3591 3587/3587/3587 1335/1335/1335
f 2257/2257/2257 2252/2252/2252 4485/4485/4485
f 4485/4485/4485 4487/4487/4487 2257/2257/2257
f 262/262/262 264/264/264 2551/2551/2551
f 2551/2551/2551 2549/2549/2549 262/262/262
f 582/582/582 584/584/584 2868/2868/2868
f 2868/2868/2868 2866/2866/2866 582/582/582
f 432/432/432 430/430/430 2714/2714/2714
f 2714/2714/2714 2716/2716/2716 432/432/432
f 278/278/278 280/280/280 2567/2567/2567
f 2567/2567/2567 2565/2565/2565 278/278/278
f 585/585/585 583/583/583 2867/2867/2867
f 2867/2867/2867 2869/2869/2869 585/585/585
f 600/600/600 602/602/602 2886/2886/2886
f 2886/2886/2886 2884/2884/2884 600/600/600
f 139/139/139 137/137/137 2424/2424/2424
f 2424/2424/2424 2426/2426/2426 139/139/139
f 1650/1650/1650 1646/1646/1646 3889/3889/3889
f 3889/3889/3889 3893/3893/3893 1650/1650/1650
f 1445/1445/1445 1452/1452/1452 3698/3698/3698
f 3698/3698/3698 3694/3694/3694 1445/1445/1445
f 294/294/294 296/296/296 2583/2583/2583
f 2583/2583/2583 2581/2581/2581 294/294/294
f 601/601/601 599/599/599 2883/2883/2883
f 2883/2883/2883 2885/2885/2885 601/601/601
f 1517/1517/1517 1515/1515/1515 3753/3753/3753
f 3753/3753/3753 3757/3757/3757 1517/1517/1517
f 310/310/310 312/312/312 2599/2599/2599
f 2599/2599/2599 2597/2597/2597 310/310/310
f 4/4/4 6/6/6 2293/2293/2293
f 2293/2293/2293 2291/2291/2291 4/4/4
f 735/735/735 740/740/740 3030/3030/3030
f 3030/3030/3030 3025/3025/3025 735/735/735
f 1369/1369/1369 1374/1374/1374 3624/3624/3624
f 3624/3624/3624 3620/3620/3620 1369/1369/1369
f 1570/1570/1570 1566/1566/1566 3812/3812/3812
f 3812/3812/3812 3815/3815/3815 1570/1570/1570
f 646/646/646 650/650/650 2935/2935/2935
f 2935/2935/2935 2932/2932/2932 646/646/646
f 326/326/326 328/328/328 2615/2615/2615
f 2615/2615/2615 2613/2613/2613 326/326/326
f 20/20/20 22/22/22 2309/2309/2309
f 2309/2309/2309 2307/2307/2307 20/20/20
f 1304/1304/1304 1306/1306/1306 3558/3558/3558
f 3558/3558/3558 3553/3553/3553 1304/1304/1304
f 155/155/155 153/153/153 2440/2440/2440
f 2440/2440/2440 2442/2442/2442 155/155/155
f 702/702/702 705/705/705 2996/2996/2996
f 2996/2996/2996 2991/2991/2991 702/702/702
f 345/345/345 360/360/360 2646/2646/2646
f 2646/2646/2646 2631/2631/2631 345/345/345
f 1098/1098/1098 1102/1102/1102 3370/3370/3370
f 3370/3370/3370 3368/3368/3368 1098/1098/1098
f 1684/1684/1684 1680/1680/1680 3923/3923/3923
f 3923/3923/3923 3926/3926/3926 1684/1684/1684
f 761/761/761 766/766/766 3056/3056/3056
f 3056/3056/3056 3052/3052/3052 761/761/761
f 175/175/175 173/173/173 2460/2460/2460
f 2460/2460/2460 2462/2462/2462 175/175/175
f 403/403/403 346/346/346 2632/2632/2632
f 2632/2632/2632 2687/2687/2687 403/403/403
f 75/75/75 90/90/90 2376/2376/2376
f 2376/2376/2376 2363/2363/2363 75/75/75
f 1733/1733/1733 1730/1730/1730 3974/3974/3974
f 3974/3974/3974 3979/3979/3979 1733/1733/1733
f 817/817/817 821/821/821 3110/3110/3110
f 3110/3110/3110 3109/3109/3109 817/817/817
f 121/121/121 119/119/119 2406/2406/2406
f 2406/2406/2406 2408/2408/2408 121/121/121
f 574/574/574 576/576/576 2860/2860/2860
f 2860/2860/2860 2858/2858/2858 574/574/574
f 1793/1793/1793 1789/1789/1789 4031/4031/4031
f 4031/4031/4031 4036/4036/4036 1793/1793/1793
f 869/869/869 874/874/874 3160/3160/3160
f 3160/3160/3160 3159/3159/3159 869/869/869
f 137/137/137 135/135/135 2422/2422/2422
f 2422/2422/2422 2424/2424/2424 137/137/137
f 753/753/753 756/756/756 3049/3049/3049
f 3049/3049/3049 3047/3047/3047 753/753/753
f 619/619/619 617/617/617 2901/2901/2901
f 2901/2901/2901 2903/2903/2903 619/619/619
f 1853/1853/1853 1849/1849/1849 4088/4088/4088
f 4088/4088/4088 4091/4091/4091 1853/1853/1853
f 923/923/923 924/924/924 3212/3212/3212
f 3212/3212/3212 3209/3209/3209 923/923/923
f 153/153/153 151/151/151 2438/2438/2438
f 2438/2438/2438 2440/2440/2440 153/153/153
f 1915/1915/1915 1913/1913/1913 4148/4148/4148
f 4148/4148/4148 4152/4152/4152 1915/1915/1915
f 560/560/560 562/562/562 2846/2846/2846
f 2846/2846/2846 2844/2844/2844 560/560/560
f 583/583/583 581/581/581 2865/2865/2865
f 2865/2865/2865 2867/2867/2867 583/583/583
f 2247/2247/2247 2242/2242/2242 4472/4472/4472
f 4472/4472/4472 4478/4478/4478 2247/2247/2247
f 480/480/480 478/478/478 2762/2762/2762
f 2762/2762/2762 2764/2764/2764 480/480/480
f 500/500/500 498/498/498 2782/2782/2782
f 2782/2782/2782 2784/2784/2784 500/500/500
f 185/185/185 183/183/183 2470/2470/2470
f 2470/2470/2470 2472/2472/2472 185/185/185
f 524/524/524 522/522/522 2806/2806/2806
f 2806/2806/2806 2808/2808/2808 524/524/524
f 543/543/543 545/545/545 2829/2829/2829
f 2829/2829/2829 2827/2827/2827 543/543/543
f 2028/2028/2028 2024/2024/2024 4258/4258/4258
f 4258/4258/4258 4264/4264/4264 2028/2028/2028
f 1110/1110/1110 1111/1111/1111 3385/3385/3385
f 3385/3385/3385 3381/3381/3381 1110/1110/1110
f 201/201/201 199/199/199 2486/2486/2486
f 2486/2486/2486 2488/2488/2488 201/201/201
f 486/486/486 484/484/484 2768/2768/2768
f 2768/2768/2768 2770/2770/2770 486/486/486
f 538/538/538 536/536/536 2820/2820/2820
f 2820/2820/2820 2822/2822/2822 538/538/538
f 267/267/267 265/265/265 2552/2552/2552
f 2552/2552/2552 2554/2554/2554 267/267/267
f 2090/2090/2090 2085/2085/2085 4316/4316/4316
f 4316/4316/4316 4321/4321/4321 2090/2090/2090
f 1167/1167/1167 1171/1171/1171 3434/3434/3434
f 3434/3434/3434 3431/3431/3431 1167/1167/1167
f 217/217/217 215/215/215 2502/2502/2502
f 2502/2502/2502 2504/2504/2504 217/217/217
f 448/448/448 446/446/446 2730/2730/2730
f 2730/2730/2730 2732/2732/2732 448/448/448
f 1227/1227/1227 1233/1233/1233 3485/3485/3485
f 3485/3485/3485 3483/3483/3483 1227/1227/1227
f 2196/2196/2196 2192/2192/2192 4424/4424/4424
f 4424/4424/4424 4429/4429/4429 2196/2196/2196
f 1286/1286/1286 1290/1290/1290 3538/3538/3538
f 3538/3538/3538 3536/3536/3536 1286/1286/1286
f 249/249/249 247/247/247 2534/2534/2534
f 2534/2534/2534 2536/2536/2536 249/249/249
f 2254/2254/2254 2249/2249/2249 4481/4481/4481
f 4481/4481/4481 4486/4486/4486 2254/2254/2254
f 1340/1340/1340 1343/1343/1343 3596/3596/3596
f 3596/3596/3596 3593/3593/3593 1340/1340/1340
f 127/127/127 125/125/125 2412/2412/2412
f 2412/2412/2412 2414/2414/2414 127/127/127
f 1512/1512/1512 1510/1510/1510 3751/3751/3751
f 3751/3751/3751 3754/3754/3754 1512/1512/1512
f 1394/1394/1394 1396/1396/1396 3647/3647/3647
f 3647/3647/3647 3644/3644/3644 1394/1394/1394
f 281/281/281 279/279/279 2566/2566/2566
f 2566/2566/2566 2568/2568/2568 281/281/281
f 297/297/297 295/295/295 2582/2582/2582
f 2582/2582/2582 2584/2584/2584 297/297/297
f 1157/1157/1157 1163/1163/1163 3426/3426/3426
f 3426/3426/3426 3423/3423/3423 1157/1157/1157
f 191/191/191 189/189/189 2476/2476/2476
f 2476/2476/2476 2478/2478/2478 191/191/191
f 7/7/7 5/5/5 2292/2292/2292
f 2292/2292/2292 2294/2294/2294 7/7/7
f 315/315/315 313/313/313 2600/2600/2600
f 2600/2600/2600 2602/2602/2602 315/315/315
f 618/618/618 620/620/620 2904/2904/2904
f 2904/2904/2904 2902/2902/2902 618/618/618
f 1645/1645/1645 1641/1641/1641 3888/3888/3888
f 3888/3888/3888 3891/3891/3891 1645/1645/1645
f 664/664/664 668/668/668 2955/2955/2955
f 2955/2955/2955 2950/2950/2950 664/664/664
f 1597/1597/1597 1592/1592/1592 3836/3836/3836
f 3836/3836/3836 3841/3841/3841 1597/1597/1597
f 379/379/379 361/361/361 2648/2648/2648
f 2648/2648/2648 2665/2665/2665 379/379/379
f 723/723/723 726/726/726 3016/3016/3016
f 3016/3016/3016 3010/3010/3010 723/723/723
f 1653/1653/1653 1649/1649/1649 3895/3895/3895
f 3895/3895/3895 3897/3897/3897 1653/1653/1653
f 24/24/24 26/26/26 2313/2313/2313
f 2313/2313/2313 2311/2311/2311 24/24/24
f 778/778/778 781/781/781 3076/3076/3076
f 3076/3076/3076 3073/3073/3073 778/778/778
f 1705/1705/1705 1702/1702/1702 3944/3944/3944
f 3944/3944/3944 3947/3947/3947 1705/1705/1705
f 92/92/92 79/79/79 2365/2365/2365
f 2365/2365/2365 2378/2378/2378 92/92/92
f 1533/1533/1533 1532/1532/1532 3774/3774/3774
f 3774/3774/3774 3780/3780/3780 1533/1533/1533
f 120/120/120 122/122/122 2409/2409/2409
f 2409/2409/2409 2407/2407/2407 120/120/120
f 425/425/425 427/427/427 2711/2711/2711
f 2711/2711/2711 2709/2709/2709 425/425/425
f 1760/1760/1760 1758/1758/1758 4001/4001/4001
f 4001/4001/4001 4005/4005/4005 1760/1760/1760
f 136/136/136 138/138/138 2425/2425/2425
f 2425/2425/2425 2423/2423/2423 136/136/136
f 441/441/441 443/443/443 2727/2727/2727
f 2727/2727/2727 2725/2725/2725 441/441/441
f 1815/1815/1815 1811/1811/1811 4054/4054/4054
f 4054/4054/4054 4058/4058/4058 1815/1815/1815
f 1589/1589/1589 1586/1586/1586 3829/3829/3829
f 3829/3829/3829 3834/3834/3834 1589/1589/1589
f 152/152/152 154/154/154 2441/2441/2441
f 2441/2441/2441 2439/2439/2439 152/152/152
f 457/457/457 459/459/459 2743/2743/2743
f 2743/2743/2743 2741/2741/2741 457/457/457
f 521/521/521 523/523/523 2807/2807/2807
f 2807/2807/2807 2805/2805/2805 521/521/521
f 1961/1961/1961 1956/1956/1956 4194/4194/4194
f 4194/4194/4194 4198/4198/4198 1961/1961/1961
f 1309/1309/1309 1317/1317/1317 3562/3562/3562
f 3562/3562/3562 3559/3559/3559 1309/1309/1309
f 1663/1663/1663 1657/1657/1657 3905/3905/3905
f 3905/3905/3905 3907/3907/3907 1663/1663/1663
f 168/168/168 170/170/170 2457/2457/2457
f 2457/2457/2457 2455/2455/2455 168/168/168
f 473/473/473 475/475/475 2759/2759/2759
f 2759/2759/2759 2757/2757/2757 473/473/473
f 1939/1939/1939 1936/1936/1936 4174/4174/4174
f 4174/4174/4174 4177/4177/4177 1939/1939/1939
f 567/567/567 565/565/565 2849/2849/2849
f 2849/2849/2849 2851/2851/2851 567/567/567
f 184/184/184 186/186/186 2473/2473/2473
f 2473/2473/2473 2471/2471/2471 184/184/184
f 489/489/489 491/491/491 2775/2775/2775
f 2775/2775/2775 2773/2773/2773 489/489/489
f 1995/1995/1995 1993/1993/1993 4226/4226/4226
f 4226/4226/4226 4229/4229/4229 1995/1995/1995
f 426/426/426 424/424/424 2708/2708/2708
f 2708/2708/2708 2710/2710/2710 426/426/426
f 1613/1613/1613 1610/1610/1610 3857/3857/3857
f 3857/3857/3857 3859/3859/3859 1613/1613/1613
f 526/526/526 524/524/524 2808/2808/2808
f 2808/2808/2808 2810/2810/2810 526/526/526
f 255/255/255 253/253/253 2540/2540/2540
f 2540/2540/2540 2542/2542/2542 255/255/255
f 200/200/200 202/202/202 2489/2489/2489
f 2489/2489/2489 2487/2487/2487 200/200/200
f 505/505/505 507/507/507 2791/2791/2791
f 2791/2791/2791 2789/2789/2789 505/505/505
f 2051/2051/2051 2049/2049/2049 4286/4286/4286
f 4286/4286/4286 4288/4288/4288 2051/2051/2051
f 216/216/216 218/218/218 2505/2505/2505
f 2505/2505/2505 2503/2503/2503 216/216/216
f 2111/2111/2111 2106/2106/2106 4337/4337/4337
f 4337/4337/4337 4341/4341/4341 2111/2111/2111
f 323/323/323 321/321/321 2608/2608/2608
f 2608/2608/2608 2610/2610/2610 323/323/323
f 232/232/232 234/234/234 2521/2521/2521
f 2521/2521/2521 2519/2519/2519 232/232/232
f 537/537/537 539/539/539 2823/2823/2823
f 2823/2823/2823 2821/2821/2821 537/537/537
f 2165/2165/2165 2160/2160/2160 4390/4390/4390
f 4390/4390/4390 4396/4396/4396 2165/2165/2165
f 245/245/245 243/243/243 2530/2530/2530
f 2530/2530/2530 2532/2532/2532 245/245/245
f 248/248/248 250/250/250 2537/2537/2537
f 2537/2537/2537 2535/2535/2535 248/248/248
f 1302/1302/1302 1305/1305/1305 3554/3554/3554
f 3554/3554/3554 3551/3551/3551 1302/1302/1302
f 553/553/553 556/556/556 2840/2840/2840
f 2840/2840/2840 2837/2837/2837 553/553/553
f 224/224/224 226/226/226 2513/2513/2513
f 2513/2513/2513 2511/2511/2511 224/224/224
f 1214/1214/1214 1219/1219/1219 3472/3472/3472
f 3472/3472/3472 3469/3469/3469 1214/1214/1214
f 207/207/207 205/205/205 2492/2492/2492
f 2492/2492/2492 2494/2494/2494 207/207/207
f 264/264/264 266/266/266 2553/2553/2553
f 2553/2553/2553 2551/2551/2551 264/264/264
f 1356/1356/1356 1357/1357/1357 3611/3611/3611
f 3611/3611/3611 3606/3606/3606 1356/1356/1356
f 2281/2281/2281 2276/2276/2276 4505/4505/4505
f 4505/4505/4505 4509/4509/4509 2281/2281/2281
f 26/26/26 28/28/28 2315/2315/2315
f 2315/2315/2315 2313/2313/2313 26/26/26
f 280/280/280 282/282/282 2569/2569/2569
f 2569/2569/2569 2567/2567/2567 280/280/280
f 926/926/926 928/928/928 3216/3216/3216
f 3216/3216/3216 3211/3211/3211 926/926/926
f 296/296/296 298/298/298 2585/2585/2585
f 2585/2585/2585 2583/2583/2583 296/296/296
f 1481/1481/1481 1472/1472/1472 3717/3717/3717
f 3717/3717/3717 3721/3721/3721 1481/1481/1481
f 715/715/715 721/721/721 3013/3013/3013
f 3013/3013/3013 3008/3008/3008 715/715/715
f 312/312/312 314/314/314 2601/2601/2601
f 2601/2601/2601 2599/2599/2599 312/312/312
f 6/6/6 8/8/8 2295/2295/2295
f 2295/2295/2295 2293/2293/2293 6/6/6
f 621/621/621 619/619/619 2903/2903/2903
f 2903/2903/2903 2905/2905/2905 621/621/621
f 328/328/328 330/330/330 2617/2617/2617
f 2617/2617/2617 2615/2615/2615 328/328/328
f 22/22/22 24/24/24 2311/2311/2311
f 2311/2311/2311 2309/2309/2309 22/22/22
f 669/669/669 671/671/671 2957/2957/2957
f 2957/2957/2957 2956/2956/2956 669/669/669
f 617/617/617 615/615/615 2899/2899/2899
f 2899/2899/2899 2901/2901/2901 617/617/617
f 405/405/405 401/401/401 2685/2685/2685
f 2685/2685/2685 2689/2689/2689 405/405/405
f 1700/1700/1700 1699/1699/1699 3941/3941/3941
f 3941/3941/3941 3946/3946/3946 1700/1700/1700
f 782/782/782 785/785/785 3079/3079/3079
f 3079/3079/3079 3075/3075/3075 782/782/782
f 872/872/872 875/875/875 3164/3164/3164
f 3164/3164/3164 3162/3162/3162 872/872/872
f 1756/1756/1756 1755/1755/1755 3996/3996/3996
f 3996/3996/3996 4002/4002/4002 1756/1756/1756
f 839/839/839 843/843/843 3130/3130/3130
f 3130/3130/3130 3126/3126/3126 839/839/839
f 163/163/163 161/161/161 2448/2448/2448
f 2448/2448/2448 2450/2450/2450 163/163/163
f 1812/1812/1812 1809/1809/1809 4052/4052/4052
f 4052/4052/4052 4055/4055/4055 1812/1812/1812
f 889/889/889 892/892/892 3178/3178/3178
f 3178/3178/3178 3176/3176/3176 889/889/889
f 442/442/442 440/440/440 2724/2724/2724
f 2724/2724/2724 2726/2726/2726 442/442/442
f 1668/1668/1668 1664/1664/1664 3911/3911/3911
f 3911/3911/3911 3913/3913/3913 1668/1668/1668
f 504/504/504 502/502/502 2786/2786/2786
f 2786/2786/2786 2788/2788/2788 504/504/504
f 944/944/944 945/945/945 3236/3236/3236
f 3236/3236/3236 3231/3231/3231 944/944/944
f 596/596/596 598/598/598 2882/2882/2882
f 2882/2882/2882 2880/2880/2880 596/596/596
f 141/141/141 139/139/139 2426/2426/2426
f 2426/2426/2426 2428/2428/2428 141/141/141
f 338/338/338 337/337/337 2624/2624/2624
f 2624/2624/2624 2625/2625/2625 338/338/338
f 1009/1009/1009 1013/1013/1013 3296/3296/3296
f 3296/3296/3296 3292/3292/3292 1009/1009/1009
f 1389/1389/1389 1393/1393/1393 3642/3642/3642
f 3642/3642/3642 3639/3639/3639 1389/1389/1389
f 1548/1548/1548 1546/1546/1546 3793/3793/3793
f 3793/3793/3793 3794/3794/3794 1548/1548/1548
f 299/299/299 297/297/297 2584/2584/2584
f 2584/2584/2584 2586/2586/2586 299/299/299
f 1992/1992/1992 1989/1989/1989 4225/4225/4225
f 4225/4225/4225 4228/4228/4228 1992/1992/1992
f 1072/1072/1072 1075/1075/1075 3345/3345/3345
f 3345/3345/3345 3343/3343/3343 1072/1072/1072
f 557/557/557 623/623/623 2907/2907/2907
f 2907/2907/2907 2841/2841/2841 557/557/557
f 2047/2047/2047 2045/2045/2045 4281/4281/4281
f 4281/4281/4281 4285/4285/4285 2047/2047/2047
f 1130/1130/1130 1135/1135/1135 3401/3401/3401
f 3401/3401/3401 3399/3399/3399 1130/1130/1130
f 1120/1120/1120 1122/1122/1122 3394/3394/3394
f 3394/3394/3394 3390/3390/3390 1120/1120/1120
f 1277/1277/1277 1279/1279/1279 3530/3530/3530
f 3530/3530/3530 3526/3526/3526 1277/1277/1277
f 1047/1047/1047 1053/1053/1053 3327/3327/3327
f 3327/3327/3327 3323/3323/3323 1047/1047/1047
f 1187/1187/1187 1192/1192/1192 3451/3451/3451
f 3451/3451/3451 3448/3448/3448 1187/1187/1187
f 1766/1766/1766 1762/1762/1762 4008/4008/4008
f 4008/4008/4008 4011/4011/4011 1766/1766/1766
f 2095/2095/2095 2091/2091/2091 4322/4322/4322
f 4322/4322/4322 4327/4327/4327 2095/2095/2095
f 2161/2161/2161 2156/2156/2156 4388/4388/4388
f 4388/4388/4388 4392/4392/4392 2161/2161/2161
f 476/476/476 474/474/474 2758/2758/2758
f 2758/2758/2758 2760/2760/2760 476/476/476
f 981/981/981 987/987/987 3273/3273/3273
f 3273/3273/3273 3267/3267/3267 981/981/981
f 2218/2218/2218 2216/2216/2216 4449/4449/4449
f 4449/4449/4449 4451/4451/4451 2218/2218/2218
f 556/556/556 552/552/552 2836/2836/2836
f 2836/2836/2836 2840/2840/2840 556/556/556
f 576/576/576 578/578/578 2862/2862/2862
f 2862/2862/2862 2860/2860/2860 576/576/576
f 2278/2278/2278 2275/2275/2275 4503/4503/4503
f 4503/4503/4503 4507/4507/4507 2278/2278/2278
f 1358/1358/1358 1361/1361/1361 3614/3614/3614
f 3614/3614/3614 3609/3609/3609 1358/1358/1358
f 599/599/599 597/597/597 2881/2881/2881
f 2881/2881/2881 2883/2883/2883 599/599/599
f 283/283/283 281/281/281 2568/2568/2568
f 2568/2568/2568 2570/2570/2570 283/283/283
f 1412/1412/1412 1416/1416/1416 3666/3666/3666
f 3666/3666/3666 3663/3663/3663 1412/1412/1412
f 1342/1342/1342 1346/1346/1346 3598/3598/3598
f 3598/3598/3598 3594/3594/3594 1342/1342/1342
f 570/570/570 572/572/572 2856/2856/2856
f 2856/2856/2856 2854/2854/2854 570/570/570
f 1483/1483/1483 1477/1477/1477 3720/3720/3720
f 3720/3720/3720 3725/3725/3725 1483/1483/1483
f 608/608/608 610/610/610 2894/2894/2894
f 2894/2894/2894 2892/2892/2892 608/608/608
f 616/616/616 618/618/618 2902/2902/2902
f 2902/2902/2902 2900/2900/2900 616/616/616
f 9/9/9 7/7/7 2294/2294/2294
f 2294/2294/2294 2296/2296/2296 9/9/9
f 317/317/317 315/315/315 2602/2602/2602
f 2602/2602/2602 2604/2604/2604 317/317/317
f 438/438/438 436/436/436 2720/2720/2720
f 2720/2720/2720 2722/2722/2722 438/438/438
f 2223/2223/2223 2219/2219/2219 4450/4450/4450
f 4450/4450/4450 4454/4454/4454 2223/2223/2223
f 167/167/167 165/165/165 2452/2452/2452
f 2452/2452/2452 2454/2454/2454 167/167/167
f 657/657/657 659/659/659 2948/2948/2948
f 2948/2948/2948 2945/2945/2945 657/657/657
f 25/25/25 23/23/23 2310/2310/2310
f 2310/2310/2310 2312/2312/2312 25/25/25
f 333/333/333 331/331/331 2618/2618/2618
f 2618/2618/2618 2620/2620/2620 333/333/333
f 540/540/540 538/538/538 2822/2822/2822
f 2822/2822/2822 2824/2824/2824 540/540/540
f 713/713/713 717/717/717 3007/3007/3007
f 3007/3007/3007 3004/3004/3004 713/713/713
f 458/458/458 456/456/456 2740/2740/2740
f 2740/2740/2740 2742/2742/2742 458/458/458
f 360/360/360 374/374/374 2659/2659/2659
f 2659/2659/2659 2646/2646/2646 360/360/360
f 1874/1874/1874 1873/1873/1873 4111/4111/4111
f 4111/4111/4111 4114/4114/4114 1874/1874/1874
f 838/838/838 841/841/841 3129/3129/3129
f 3129/3129/3129 3124/3124/3124 838/838/838
f 774/774/774 777/777/777 3070/3070/3070
f 3070/3070/3070 3067/3067/3067 774/774/774
f 1697/1697/1697 1694/1694/1694 3940/3940/3940
f 3940/3940/3940 3942/3942/3942 1697/1697/1697
f 420/420/420 418/418/418 2702/2702/2702
f 2702/2702/2702 2704/2704/2704 420/420/420
f 831/831/831 833/833/833 3119/3119/3119
f 3119/3119/3119 3118/3118/3118 831/831/831
f 1753/1753/1753 1750/1750/1750 3995/3995/3995
f 3995/3995/3995 3997/3997/3997 1753/1753/1753
f 122/122/122 124/124/124 2411/2411/2411
f 2411/2411/2411 2409/2409/2409 122/122/122
f 427/427/427 429/429/429 2713/2713/2713
f 2713/2713/2713 2711/2711/2711 427/427/427
f 580/580/580 582/582/582 2866/2866/2866
f 2866/2866/2866 2864/2864/2864 580/580/580
f 544/544/544 542/542/542 2826/2826/2826
f 2826/2826/2826 2828/2828/2828 544/544/544
f 1531/1531/1531 1527/1527/1527 3771/3771/3771
f 3771/3771/3771 3776/3776/3776 1531/1531/1531
f 1681/1681/1681 1677/1677/1677 3922/3922/3922
f 3922/3922/3922 3925/3925/3925 1681/1681/1681
f 181/181/181 179/179/179 2466/2466/2466
f 2466/2466/2466 2468/2468/2468 181/181/181
f 881/881/881 884/884/884 3171/3171/3171
f 3171/3171/3171 3168/3168/3168 881/881/881
f 1807/1807/1807 1806/1806/1806 4048/4048/4048
f 4048/4048/4048 4050/4050/4050 1807/1807/1807
f 138/138/138 140/140/140 2427/2427/2427
f 2427/2427/2427 2425/2425/2425 138/138/138
f 396/396/396 379/379/379 2665/2665/2665
f 2665/2665/2665 2680/2680/2680 396/396/396
f 129/129/129 127/127/127 2414/2414/2414
f 2414/2414/2414 2416/2416/2416 129/129/129
f 932/932/932 936/936/936 3225/3225/3225
f 3225/3225/3225 3220/3220/3220 932/932/932
f 1872/1872/1872 1869/1869/1869 4107/4107/4107
f 4107/4107/4107 4112/4112/4112 1872/1872/1872
f 154/154/154 156/156/156 2443/2443/2443
f 2443/2443/2443 2441/2441/2441 154/154/154
f 459/459/459 461/461/461 2745/2745/2745
f 2745/2745/2745 2743/2743/2743 459/459/459
f 231/231/231 229/229/229 2516/2516/2516
f 2516/2516/2516 2518/2518/2518 231/231/231
f 991/991/991 998/998/998 3284/3284/3284
f 3284/3284/3284 3277/3277/3277 991/991/991
f 602/602/602 604/604/604 2888/2888/2888
f 2888/2888/2888 2886/2886/2886 602/602/602
f 170/170/170 172/172/172 2459/2459/2459
f 2459/2459/2459 2457/2457/2457 170/170/170
f 475/475/475 477/477/477 2761/2761/2761
f 2761/2761/2761 2759/2759/2759 475/475/475
f 603/603/603 601/601/601 2885/2885/2885
f 2885/2885/2885 2887/2887/2887 603/603/603
f 1064/1064/1064 1065/1065/1065 3336/3336/3336
f 3336/3336/3336 3334/3334/3334 1064/1064/1064
f 1990/1990/1990 1987/1987/1987 4221/4221/4221
f 4221/4221/4221 4223/4223/4223 1990/1990/1990
f 186/186/186 188/188/188 2475/2475/2475
f 2475/2475/2475 2473/2473/2473 186/186/186
f 491/491/491 493/493/493 2777/2777/2777
f 2777/2777/2777 2775/2775/2775 491/491/491
f 143/143/143 141/141/141 2428/2428/2428
f 2428/2428/2428 2430/2430/2430 143/143/143
f 508/508/508 506/506/506 2790/2790/2790
f 2790/2790/2790 2792/2792/2792 508/508/508
f 1051/1051/1051 1059/1059/1059 3331/3331/3331
f 3331/3331/3331 3325/3325/3325 1051/1051/1051
f 202/202/202 204/204/204 2491/2491/2491
f 2491/2491/2491 2489/2489/2489 202/202/202
f 507/507/507 509/509/509 2793/2793/2793
f 2793/2793/2793 2791/2791/2791 507/507/507
f 1177/1177/1177 1181/1181/1181 3443/3443/3443
f 3443/3443/3443 3439/3439/3439 1177/1177/1177
f 218/218/218 220/220/220 2507/2507/2507
f 2507/2507/2507 2505/2505/2505 218/218/218
f 518/518/518 516/516/516 2800/2800/2800
f 2800/2800/2800 2802/2802/2802 518/518/518
f 464/464/464 462/462/462 2746/2746/2746
f 2746/2746/2746 2748/2748/2748 464/464/464
f 234/234/234 236/236/236 2523/2523/2523
f 2523/2523/2523 2521/2521/2521 234/234/234
f 539/539/539 541/541/541 2825/2825/2825
f 2825/2825/2825 2823/2823/2823 539/539/539
f 708/708/708 711/711/711 3003/3003/3003
f 3003/3003/3003 2999/2999/2999 708/708/708
f 17/17/17 15/15/15 2302/2302/2302
f 2302/2302/2302 2304/2304/2304 17/17/17
f 1295/1295/1295 1299/1299/1299 3547/3547/3547
f 3547/3547/3547 3546/3546/3546 1295/1295/1295
f 2217/2217/2217 2211/2211/2211 4441/4441/4441
f 4441/4441/4441 4448/4448/4448 2217/2217/2217
f 250/250/250 252/252/252 2539/2539/2539
f 2539/2539/2539 2537/2537/2537 250/250/250
f 2273/2273/2273 2272/2272/2272 4501/4501/4501
f 4501/4501/4501 4504/4504/4504 2273/2273/2273
f 266/266/266 268/268/268 2555/2555/2555
f 2555/2555/2555 2553/2553/2553 266/266/266
f 550/550/550 548/548/548 2832/2832/2832
f 2832/2832/2832 2834/2834/2834 550/550/550
f 571/571/571 569/569/569 2853/2853/2853
f 2853/2853/2853 2855/2855/2855 571/571/571
f 2205/2205/2205 2201/2201/2201 4433/4433/4433
f 4433/4433/4433 4435/4435/4435 2205/2205/2205
f 1401/1401/1401 1405/1405/1405 3656/3656/3656
f 3656/3656/3656 3651/3651/3651 1401/1401/1401
f 282/282/282 284/284/284 2571/2571/2571
f 2571/2571/2571 2569/2569/2569 282/282/282
f 589/589/589 587/587/587 2871/2871/2871
f 2871/2871/2871 2873/2873/2873 589/589/589
f 498/498/498 496/496/496 2780/2780/2780
f 2780/2780/2780 2782/2782/2782 498/498/498
f 1471/1471/1471 1464/1464/1464 3709/3709/3709
f 3709/3709/3709 3715/3715/3715 1471/1471/1471
f 298/298/298 300/300/300 2587/2587/2587
f 2587/2587/2587 2585/2585/2585 298/298/298
f 605/605/605 603/603/603 2887/2887/2887
f 2887/2887/2887 2889/2889/2889 605/605/605
f 474/474/474 472/472/472 2756/2756/2756
f 2756/2756/2756 2758/2758/2758 474/474/474
f 1857/1857/1857 1852/1852/1852 4092/4092/4092
f 4092/4092/4092 4095/4095/4095 1857/1857/1857
f 1935/1935/1935 1934/1934/1934 4170/4170/4170
f 4170/4170/4170 4172/4172/4172 1935/1935/1935
f 1528/1528/1528 1524/1524/1524 3766/3766/3766
f 3766/3766/3766 3770/3770/3770 1528/1528/1528
f 314/314/314 316/316/316 2603/2603/2603
f 2603/2603/2603 2601/2601/2601 314/314/314
f 8/8/8 10/10/10 2297/2297/2297
f 2297/2297/2297 2295/2295/2295 8/8/8
f 436/436/436 434/434/434 2718/2718/2718
f 2718/2718/2718 2720/2720/2720 436/436/436
f 1587/1587/1587 1583/1583/1583 3825/3825/3825
f 3825/3825/3825 3830/3830/3830 1587/1587/1587
f 661/661/661 663/663/663 2952/2952/2952
f 2952/2952/2952 2949/2949/2949 661/661/661
f 330/330/330 332/332/332 2619/2619/2619
f 2619/2619/2619 2617/2617/2617 330/330/330
f 792/792/792 796/796/796 3089/3089/3089
f 3089/3089/3089 3083/3083/3083 792/792/792
f 417/417/417 419/419/419 2703/2703/2703
f 2703/2703/2703 2701/2701/2701 417/417/417
f 1643/1643/1643 1640/1640/1640 3882/3882/3882
f 3882/3882/3882 3886/3886/3886 1643/1643/1643
f 1435/1435/1435 1441/1441/1441 3686/3686/3686
f 3686/3686/3686 3683/3683/3683 1435/1435/1435
f 1695/1695/1695 1692/1692/1692 3935/3935/3935
f 3935/3935/3935 3939/3939/3939 1695/1695/1695
f 776/776/776 779/779/779 3072/3072/3072
f 3072/3072/3072 3068/3068/3068 776/776/776
f 409/409/409 406/406/406 2691/2691/2691
f 2691/2691/2691 2694/2694/2694 409/409/409
f 598/598/598 600/600/600 2884/2884/2884
f 2884/2884/2884 2882/2882/2882 598/598/598
f 1239/1239/1239 1243/1243/1243 3495/3495/3495
f 3495/3495/3495 3491/3491/3491 1239/1239/1239
f 1752/1752/1752 1749/1749/1749 3989/3989/3989
f 3989/3989/3989 3993/3993/3993 1752/1752/1752
f 835/835/835 836/836/836 3125/3125/3125
f 3125/3125/3125 3120/3120/3120 835/835/835
f 125/125/125 123/123/123 2410/2410/2410
f 2410/2410/2410 2412/2412/2412 125/125/125
f 1804/1804/1804 1802/1802/1802 4046/4046/4046
f 4046/4046/4046 4049/4049/4049 1804/1804/1804
f 882/882/882 888/888/888 3173/3173/3173
f 3173/3173/3173 3170/3170/3170 882/882/882
f 219/219/219 217/217/217 2504/2504/2504
f 2504/2504/2504 2506/2506/2506 219/219/219
f 1112/1112/1112 1116/1116/1116 3387/3387/3387
f 3387/3387/3387 3382/3382/3382 1112/1112/1112
f 1870/1870/1870 1866/1866/1866 4101/4101/4101
f 4101/4101/4101 4106/4106/4106 1870/1870/1870
f 937/937/937 940/940/940 3228/3228/3228
f 3228/3228/3228 3223/3223/3223 937/937/937
f 157/157/157 155/155/155 2442/2442/2442
f 2442/2442/2442 2444/2444/2444 157/157/157
f 1928/1928/1928 1925/1925/1925 4162/4162/4162
f 4162/4162/4162 4166/4166/4166 1928/1928/1928
f 1022/1022/1022 1024/1024/1024 3306/3306/3306
f 3306/3306/3306 3301/3301/3301 1022/1022/1022
f 173/173/173 171/171/171 2458/2458/2458
f 2458/2458/2458 2460/2460/2460 173/173/173
f 171/171/171 169/169/169 2456/2456/2456
f 2456/2456/2456 2458/2458/2458 171/171/171
f 1986/1986/1986 1983/1983/1983 4219/4219/4219
f 4219/4219/4219 4222/4222/4222 1986/1986/1986
f 1067/1067/1067 1069/1069/1069 3338/3338/3338
f 3338/3338/3338 3337/3337/3337 1067/1067/1067
f 189/189/189 187/187/187 2474/2474/2474
f 2474/2474/2474 2476/2476/2476 189/189/189
f 1125/1125/1125 1129/1129/1129 3395/3395/3395
f 3395/3395/3395 3392/3392/3392 1125/1125/1125
f 205/205/205 203/203/203 2490/2490/2490
f 2490/2490/2490 2492/2492/2492 205/205/205
f 12/12/12 14/14/14 2301/2301/2301
f 2301/2301/2301 2299/2299/2299 12/12/12
f 2100/2100/2100 2099/2099/2099 4328/4328/4328
f 4328/4328/4328 4333/4333/4333 2100/2100/2100
f 564/564/564 566/566/566 2850/2850/2850
f 2850/2850/2850 2848/2848/2848 564/564/564
f 587/587/587 585/585/585 2869/2869/2869
f 2869/2869/2869 2871/2871/2871 587/587/587
f 2153/2153/2153 2150/2150/2150 4380/4380/4380
f 4380/4380/4380 4382/4382/4382 2153/2153/2153
f 1242/1242/1242 1248/1248/1248 3498/3498/3498
f 3498/3498/3498 3497/3497/3497 1242/1242/1242
f 237/237/237 235/235/235 2522/2522/2522
f 2522/2522/2522 2524/2524/2524 237/237/237
f 528/528/528 526/526/526 2810/2810/2810
f 2810/2810/2810 2812/2812/2812 528/528/528
f 575/575/575 573/573/573 2857/2857/2857
f 2857/2857/2857 2859/2859/2859 575/575/575
f 2213/2213/2213 2209/2209/2209 4438/4438/4438
f 4438/4438/4438 4443/4443/4443 2213/2213/2213
f 1298/1298/1298 1301/1301/1301 3550/3550/3550
f 3550/3550/3550 3548/3548/3548 1298/1298/1298
f 555/555/555 554/554/554 2838/2838/2838
f 2838/2838/2838 2839/2839/2839 555/555/555
f 490/490/490 488/488/488 2772/2772/2772
f 2772/2772/2772 2774/2774/2774 490/490/490
f 2270/2270/2270 2267/2267/2267 4496/4496/4496
f 4496/4496/4496 4499/4499/4499 2270/2270/2270
f 1352/1352/1352 1355/1355/1355 3607/3607/3607
f 3607/3607/3607 3605/3605/3605 1352/1352/1352
f 269/269/269 267/267/267 2554/2554/2554
f 2554/2554/2554 2556/2556/2556 269/269/269
f 1404/1404/1404 1407/1407/1407 3659/3659/3659
f 3659/3659/3659 3654/3654/3654 1404/1404/1404
f 1712/1712/1712 1711/1711/1711 3953/3953/3953
f 3953/3953/3953 3959/3959/3959 1712/1712/1712
f 1788/1788/1788 1785/1785/1785 4029/4029/4029
f 4029/4029/4029 4034/4034/4034 1788/1788/1788
f 1476/1476/1476 1467/1467/1467 3713/3713/3713
f 3713/3713/3713 3716/3716/3716 1476/1476/1476
f 301/301/301 299/299/299 2586/2586/2586
f 2586/2586/2586 2588/2588/2588 301/301/301
f 1553/1553/1553 1549/1549/1549 3796/3796/3796
f 3796/3796/3796 3799/3799/3799 1553/1553/1553
f 311/311/311 309/309/309 2596/2596/2596
f 2596/2596/2596 2598/2598/2598 311/311/311
f 1526/1526/1526 1521/1521/1521 3765/3765/3765
f 3765/3765/3765 3768/3768/3768 1526/1526/1526
f 27/27/27 25/25/25 2312/2312/2312
f 2312/2312/2312 2314/2314/2314 27/27/27
f 335/335/335 333/333/333 2620/2620/2620
f 2620/2620/2620 2622/2622/2622 335/335/335
f 1611/1611/1611 1609/1609/1609 3854/3854/3854
f 3854/3854/3854 3856/3856/3856 1611/1611/1611
f 534/534/534 532/532/532 2816/2816/2816
f 2816/2816/2816 2818/2818/2818 534/534/534
f 233/233/233 231/231/231 2518/2518/2518
f 2518/2518/2518 2520/2520/2520 233/233/233
f 51/51/51 43/43/43 2330/2330/2330
f 2330/2330/2330 2336/2336/2336 51/51/51
f 1667/1667/1667 1661/1661/1661 3908/3908/3908
f 3908/3908/3908 3912/3912/3912 1667/1667/1667
f 1172/1172/1172 1174/1174/1174 3438/3438/3438
f 3438/3438/3438 3433/3433/3433 1172/1172/1172
f 195/195/195 193/193/193 2480/2480/2480
f 2480/2480/2480 2482/2482/2482 195/195/195
f 522/522/522 520/520/520 2804/2804/2804
f 2804/2804/2804 2806/2806/2806 522/522/522
f 90/90/90 96/96/96 2383/2383/2383
f 2383/2383/2383 2376/2376/2376 90/90/90
f 413/413/413 415/415/415 2699/2699/2699
f 2699/2699/2699 2697/2697/2697 413/413/413
f 1718/1718/1718 1714/1714/1714 3957/3957/3957
f 3957/3957/3957 3960/3960/3960 1718/1718/1718
f 124/124/124 126/126/126 2413/2413/2413
f 2413/2413/2413 2411/2411/2411 124/124/124
f 429/429/429 431/431/431 2715/2715/2715
f 2715/2715/2715 2713/2713/2713 429/429/429
f 1772/1772/1772 1768/1768/1768 4015/4015/4015
f 4015/4015/4015 4017/4017/4017 1772/1772/1772
f 742/742/742 744/744/744 3037/3037/3037
f 3037/3037/3037 3031/3031/3031 742/742/742
f 887/887/887 891/891/891 3175/3175/3175
f 3175/3175/3175 3174/3174/3174 887/887/887
f 578/578/578 580/580/580 2864/2864/2864
f 2864/2864/2864 2862/2862/2862 578/578/578
f 140/140/140 142/142/142 2429/2429/2429
f 2429/2429/2429 2427/2427/2427 140/140/140
f 445/445/445 447/447/447 2731/2731/2731
f 2731/2731/2731 2729/2729/2729 445/445/445
f 1831/1831/1831 1827/1827/1827 4069/4069/4069
f 4069/4069/4069 4071/4071/4071 1831/1831/1831
f 156/156/156 158/158/158 2445/2445/2445
f 2445/2445/2445 2443/2443/2443 156/156/156
f 461/461/461 463/463/463 2747/2747/2747
f 2747/2747/2747 2745/2745/2745 461/461/461
f 1899/1899/1899 1892/1892/1892 4129/4129/4129
f 4129/4129/4129 4135/4135/4135 1899/1899/1899
f 11/11/11 9/9/9 2296/2296/2296
f 2296/2296/2296 2298/2298/2298 11/11/11
f 172/172/172 174/174/174 2461/2461/2461
f 2461/2461/2461 2459/2459/2459 172/172/172
f 477/477/477 479/479/479 2763/2763/2763
f 2763/2763/2763 2761/2761/2761 477/477/477
f 14/14/14 16/16/16 2303/2303/2303
f 2303/2303/2303 2301/2301/2301 14/14/14
f 188/188/188 190/190/190 2477/2477/2477
f 2477/2477/2477 2475/2475/2475 188/188/188
f 493/493/493 495/495/495 2779/2779/2779
f 2779/2779/2779 2777/2777/2777 493/493/493
f 2008/2008/2008 2004/2004/2004 4243/4243/4243
f 4243/4243/4243 4246/4246/4246 2008/2008/2008
f 169/169/169 167/167/167 2454/2454/2454
f 2454/2454/2454 2456/2456/2456 169/169/169
f 204/204/204 206/206/206 2493/2493/2493
f 2493/2493/2493 2491/2491/2491 204/204/204
f 509/509/509 511/511/511 2795/2795/2795
f 2795/2795/2795 2793/2793/2793 509/509/509
f 2068/2068/2068 2065/2065/2065 4298/4298/4298
f 4298/4298/4298 4303/4303/4303 2068/2068/2068
f 542/542/542 540/540/540 2824/2824/2824
f 2824/2824/2824 2826/2826/2826 542/542/542
f 220/220/220 222/222/222 2509/2509/2509
f 2509/2509/2509 2507/2507/2507 220/220/220
f 525/525/525 527/527/527 2811/2811/2811
f 2811/2811/2811 2809/2809/2809 525/525/525
f 2123/2123/2123 2118/2118/2118 4351/4351/4351
f 4351/4351/4351 4352/4352/4352 2123/2123/2123
f 611/611/611 609/609/609 2893/2893/2893
f 2893/2893/2893 2895/2895/2895 611/611/611
f 236/236/236 238/238/238 2525/2525/2525
f 2525/2525/2525 2523/2523/2523 236/236/236
f 541/541/541 543/543/543 2827/2827/2827
f 2827/2827/2827 2825/2825/2825 541/541/541
f 2176/2176/2176 2172/2172/2172 4406/4406/4406
f 4406/4406/4406 4409/4409/4409 2176/2176/2176
f 430/430/430 428/428/428 2712/2712/2712
f 2712/2712/2712 2714/2714/2714 430/430/430
f 1625/1625/1625 1623/1623/1623 3870/3870/3870
f 3870/3870/3870 3872/3872/3872 1625/1625/1625
f 554/554/554 413/413/413 2697/2697/2697
f 2697/2697/2697 2838/2838/2838 554/554/554
f 252/252/252 254/254/254 2541/2541/2541
f 2541/2541/2541 2539/2539/2539 252/252/252
f 559/559/559 557/557/557 2841/2841/2841
f 2841/2841/2841 2843/2843/2843 559/559/559
f 268/268/268 270/270/270 2557/2557/2557
f 2557/2557/2557 2555/2555/2555 268/268/268
f 1348/1348/1348 1351/1351/1351 3603/3603/3603
f 3603/3603/3603 3601/3601/3601 1348/1348/1348
f 1580/1580/1580 1579/1579/1579 3823/3823/3823
f 3823/3823/3823 3827/3827/3827 1580/1580/1580
f 284/284/284 286/286/286 2573/2573/2573
f 2573/2573/2573 2571/2571/2571 284/284/284
f 1425/1425/1425 1429/1429/1429 3675/3675/3675
f 3675/3675/3675 3672/3672/3672 1425/1425/1425
f 300/300/300 302/302/302 2589/2589/2589
f 2589/2589/2589 2587/2587/2587 300/300/300
f 1496/1496/1496 1489/1489/1489 3734/3734/3734
f 3734/3734/3734 3740/3740/3740 1496/1496/1496
f 706/706/706 709/709/709 3000/3000/3000
f 3000/3000/3000 2995/2995/2995 706/706/706
f 1232/1232/1232 1235/1235/1235 3488/3488/3488
f 3488/3488/3488 3484/3484/3484 1232/1232/1232
f 211/211/211 209/209/209 2496/2496/2496
f 2496/2496/2496 2498/2498/2498 211/211/211
f 316/316/316 318/318/318 2605/2605/2605
f 2605/2605/2605 2603/2603/2603 316/316/316
f 10/10/10 12/12/12 2299/2299/2299
f 2299/2299/2299 2297/2297/2297 10/10/10
f 332/332/332 334/334/334 2621/2621/2621
f 2621/2621/2621 2619/2619/2619 332/332/332
f 1607/1607/1607 1606/1606/1606 3851/3851/3851
f 3851/3851/3851 3853/3853/3853 1607/1607/1607
f 682/682/682 684/684/684 2971/2971/2971
f 2971/2971/2971 2970/2970/2970 682/682/682
f 590/590/590 592/592/592 2876/2876/2876
f 2876/2876/2876 2874/2874/2874 590/590/590
f 506/506/506 504/504/504 2788/2788/2788
f 2788/2788/2788 2790/2790/2790 506/506/506
f 938/938/938 943/943/943 3233/3233/3233
f 3233/3233/3233 3227/3227/3227 938/938/938
f 135/135/135 133/133/133 2420/2420/2420
f 2420/2420/2420 2422/2422/2422 135/135/135
f 46/46/46 64/64/64 2352/2352/2352
f 2352/2352/2352 2333/2333/2333 46/46/46
f 466/466/466 464/464/464 2748/2748/2748
f 2748/2748/2748 2750/2750/2750 466/466/466
f 414/414/414 412/412/412 2696/2696/2696
f 2696/2696/2696 2698/2698/2698 414/414/414
f 101/101/101 45/45/45 2335/2335/2335
f 2335/2335/2335 2387/2387/2387 101/101/101
f 794/794/794 799/799/799 3090/3090/3090
f 3090/3090/3090 3087/3087/3087 794/794/794
f 107/107/107 94/94/94 2380/2380/2380
f 2380/2380/2380 2395/2395/2395 107/107/107
f 243/243/243 241/241/241 2528/2528/2528
f 2528/2528/2528 2530/2530/2530 243/243/243
f 676/676/676 679/679/679 2969/2969/2969
f 2969/2969/2969 2966/2966/2966 676/676/676
f 1770/1770/1770 1767/1767/1767 4012/4012/4012
f 4012/4012/4012 4013/4013/4013 1770/1770/1770
f 852/852/852 855/855/855 3143/3143/3143
f 3143/3143/3143 3139/3139/3139 852/852/852
f 23/23/23 21/21/21 2308/2308/2308
f 2308/2308/2308 2310/2310/2310 23/23/23
f 558/558/558 560/560/560 2844/2844/2844
f 2844/2844/2844 2842/2842/2842 558/558/558
f 903/903/903 906/906/906 3191/3191/3191
f 3191/3191/3191 3188/3188/3188 903/903/903
f 606/606/606 608/608/608 2892/2892/2892
f 2892/2892/2892 2890/2890/2890 606/606/606
f 957/957/957 962/962/962 3251/3251/3251
f 3251/3251/3251 3247/3247/3247 957/957/957
f 2030/2030/2030 2027/2027/2027 4265/4265/4265
f 4265/4265/4265 4266/4266/4266 2030/2030/2030
f 2108/2108/2108 2103/2103/2103 4334/4334/4334
f 4334/4334/4334 4338/4338/4338 2108/2108/2108
f 1950/1950/1950 1946/1946/1946 4185/4185/4185
f 4185/4185/4185 4187/4187/4187 1950/1950/1950
f 1025/1025/1025 1030/1030/1030 3309/3309/3309
f 3309/3309/3309 3304/3304/3304 1025/1025/1025
f 484/484/484 482/482/482 2766/2766/2766
f 2766/2766/2766 2768/2768/2768 484/484/484
f 1453/1453/1453 1456/1456/1456 3701/3701/3701
f 3701/3701/3701 3697/3697/3697 1453/1453/1453
f 2003/2003/2003 2000/2000/2000 4236/4236/4236
f 4236/4236/4236 4242/4242/4242 2003/2003/2003
f 1086/1086/1086 1091/1091/1091 3362/3362/3362
f 3362/3362/3362 3357/3357/3357 1086/1086/1086
f 446/446/446 444/444/444 2728/2728/2728
f 2728/2728/2728 2730/2730/2730 446/446/446
f 530/530/530 528/528/528 2812/2812/2812
f 2812/2812/2812 2814/2814/2814 530/530/530
f 1828/1828/1828 1823/1823/1823 4062/4062/4062
f 4062/4062/4062 4065/4065/4065 1828/1828/1828
f 259/259/259 257/257/257 2544/2544/2544
f 2544/2544/2544 2546/2546/2546 259/259/259
f 1146/1146/1146 1152/1152/1152 3415/3415/3415
f 3415/3415/3415 3411/3411/3411 1146/1146/1146
f 2120/2120/2120 2116/2116/2116 4346/4346/4346
f 4346/4346/4346 4350/4350/4350 2120/2120/2120
f 1203/1203/1203 1207/1207/1207 3463/3463/3463
f 3463/3463/3463 3460/3460/3460 1203/1203/1203
f 179/179/179 177/177/177 2464/2464/2464
f 2464/2464/2464 2466/2466/2466 179/179/179
f 348/348/348 341/341/341 2629/2629/2629
f 2629/2629/2629 2635/2635/2635 348/348/348
f 303/303/303 301/301/301 2588/2588/2588
f 2588/2588/2588 2590/2590/2590 303/303/303
f 2174/2174/2174 2170/2170/2170 4403/4403/4403
f 4403/4403/4403 4404/4404/4404 2174/2174/2174
f 1267/1267/1267 1269/1269/1269 3522/3522/3522
f 3522/3522/3522 3518/3518/3518 1267/1267/1267
f 412/412/412 555/555/555 2839/2839/2839
f 2839/2839/2839 2696/2696/2696 412/412/412
f 265/265/265 263/263/263 2550/2550/2550
f 2550/2550/2550 2552/2552/2552 265/265/265
f 2231/2231/2231 2227/2227/2227 4459/4459/4459
f 4459/4459/4459 4464/4464/4464 2231/2231/2231
f 1319/1319/1319 1321/1321/1321 3573/3573/3573
f 3573/3573/3573 3569/3569/3569 1319/1319/1319
f 119/119/119 117/117/117 2404/2404/2404
f 2404/2404/2404 2406/2406/2406 119/119/119
f 1288/1288/1288 1291/1291/1291 3541/3541/3541
f 3541/3541/3541 3539/3539/3539 1288/1288/1288
f 271/271/271 269/269/269 2556/2556/2556
f 2556/2556/2556 2558/2558/2558 271/271/271
f 1373/1373/1373 1378/1378/1378 3626/3626/3626
f 3626/3626/3626 3622/3622/3622 1373/1373/1373
f 221/221/221 219/219/219 2506/2506/2506
f 2506/2506/2506 2508/2508/2508 221/221/221
f 287/287/287 285/285/285 2572/2572/2572
f 2572/2572/2572 2574/2574/2574 287/287/287
f 1428/1428/1428 1431/1431/1431 3679/3679/3679
f 3679/3679/3679 3676/3676/3676 1428/1428/1428
f 1003/1003/1003 1010/1010/1010 3294/3294/3294
f 3294/3294/3294 3287/3287/3287 1003/1003/1003
f 151/151/151 149/149/149 2436/2436/2436
f 2436/2436/2436 2438/2438/2438 151/151/151
f 1499/1499/1499 1494/1494/1494 3738/3738/3738
f 3738/3738/3738 3742/3742/3742 1499/1499/1499
f 620/620/620 622/622/622 2906/2906/2906
f 2906/2906/2906 2904/2904/2904 620/620/620
f 460/460/460 458/458/458 2742/2742/2742
f 2742/2742/2742 2744/2744/2744 460/460/460
f 1183/1183/1183 1186/1186/1186 3445/3445/3445
f 3445/3445/3445 3444/3444/3444 1183/1183/1183
f 670/670/670 674/674/674 2960/2960/2960
f 2960/2960/2960 2958/2958/2958 670/670/670
f 1603/1603/1603 1599/1599/1599 3847/3847/3847
f 3847/3847/3847 3849/3849/3849 1603/1603/1603
f 28/28/28 27/27/27 2314/2314/2314
f 2314/2314/2314 2315/2315/2315 28/28/28
f 339/339/339 335/335/335 2622/2622/2622
f 2622/2622/2622 2626/2626/2626 339/339/339
f 728/728/728 733/733/733 3023/3023/3023
f 3023/3023/3023 3018/3018/3018 728/728/728
f 1658/1658/1658 1656/1656/1656 3900/3900/3900
f 3900/3900/3900 3904/3904/3904 1658/1658/1658
f 183/183/183 181/181/181 2468/2468/2468
f 2468/2468/2468 2470/2470/2470 183/183/183
f 66/66/66 51/51/51 2336/2336/2336
f 2336/2336/2336 2354/2354/2354 66/66/66
f 786/786/786 787/787/787 3082/3082/3082
f 3082/3082/3082 3077/3077/3077 786/786/786
f 1709/1709/1709 1708/1708/1708 3952/3952/3952
f 3952/3952/3952 3954/3954/3954 1709/1709/1709
f 285/285/285 283/283/283 2570/2570/2570
f 2570/2570/2570 2572/2572/2572 285/285/285
f 415/415/415 417/417/417 2701/2701/2701
f 2701/2701/2701 2699/2699/2699 415/415/415
f 95/95/95 114/114/114 2400/2400/2400
f 2400/2400/2400 2382/2382/2382 95/95/95
f 577/577/577 575/575/575 2859/2859/2859
f 2859/2859/2859 2861/2861/2861 577/577/577
f 2234/2234/2234 2232/2232/2232 4462/4462/4462
f 4462/4462/4462 4467/4467/4467 2234/2234/2234
f 844/844/844 845/845/845 3134/3134/3134
f 3134/3134/3134 3131/3131/3131 844/844/844
f 126/126/126 128/128/128 2415/2415/2415
f 2415/2415/2415 2413/2413/2413 126/126/126
f 431/431/431 433/433/433 2717/2717/2717
f 2717/2717/2717 2715/2715/2715 431/431/431
f 674/674/674 678/678/678 2965/2965/2965
f 2965/2965/2965 2960/2960/2960 674/674/674
f 893/893/893 895/895/895 3184/3184/3184
f 3184/3184/3184 3179/3179/3179 893/893/893
f 142/142/142 144/144/144 2431/2431/2431
f 2431/2431/2431 2429/2429/2429 142/142/142
f 447/447/447 449/449/449 2733/2733/2733
f 2733/2733/2733 2731/2731/2731 447/447/447
f 462/462/462 460/460/460 2744/2744/2744
f 2744/2744/2744 2746/2746/2746 462/462/462
f 481/481/481 483/483/483 2767/2767/2767
f 2767/2767/2767 2765/2765/2765 481/481/481
f 1895/1895/1895 1889/1889/1889 4127/4127/4127
f 4127/4127/4127 4131/4131/4131 1895/1895/1895
f 496/496/496 494/494/494 2778/2778/2778
f 2778/2778/2778 2780/2780/2780 496/496/496
f 946/946/946 949/949/949 3241/3241/3241
f 3241/3241/3241 3235/3235/3235 946/946/946
f 158/158/158 160/160/160 2447/2447/2447
f 2447/2447/2447 2445/2445/2445 158/158/158
f 463/463/463 465/465/465 2749/2749/2749
f 2749/2749/2749 2747/2747/2747 463/463/463
f 42/42/42 105/105/105 2393/2393/2393
f 2393/2393/2393 2329/2329/2329 42/42/42
f 424/424/424 422/422/422 2706/2706/2706
f 2706/2706/2706 2708/2708/2708 424/424/424
f 443/443/443 445/445/445 2729/2729/2729
f 2729/2729/2729 2727/2727/2727 443/443/443
f 588/588/588 590/590/590 2874/2874/2874
f 2874/2874/2874 2872/2872/2872 588/588/588
f 145/145/145 143/143/143 2430/2430/2430
f 2430/2430/2430 2432/2432/2432 145/145/145
f 1015/1015/1015 1016/1016/1016 3299/3299/3299
f 3299/3299/3299 3295/3295/3295 1015/1015/1015
f 1945/1945/1945 1942/1942/1942 4179/4179/4179
f 4179/4179/4179 4184/4184/4184 1945/1945/1945
f 174/174/174 176/176/176 2463/2463/2463
f 2463/2463/2463 2461/2461/2461 174/174/174
f 479/479/479 481/481/481 2765/2765/2765
f 2765/2765/2765 2763/2763/2763 479/479/479
f 1542/1542/1542 1540/1540/1540 3787/3787/3787
f 3787/3787/3787 3789/3789/3789 1542/1542/1542
f 1693/1693/1693 1689/1689/1689 3932/3932/3932
f 3932/3932/3932 3937/3937/3937 1693/1693/1693
f 1076/1076/1076 1080/1080/1080 3349/3349/3349
f 3349/3349/3349 3348/3348/3348 1076/1076/1076
f 2001/2001/2001 1999/1999/1999 4233/4233/4233
f 4233/4233/4233 4238/4238/4238 2001/2001/2001
f 190/190/190 192/192/192 2479/2479/2479
f 2479/2479/2479 2477/2477/2477 190/190/190
f 495/495/495 497/497/497 2781/2781/2781
f 2781/2781/2781 2779/2779/2779 495/495/495
f 321/321/321 319/319/319 2606/2606/2606
f 2606/2606/2606 2608/2608/2608 321/321/321
f 1137/1137/1137 1139/1139/1139 3405/3405/3405
f 3405/3405/3405 3402/3402/3402 1137/1137/1137
f 2061/2061/2061 2054/2054/2054 4291/4291/4291
f 4291/4291/4291 4296/4296/4296 2061/2061/2061
f 206/206/206 208/208/208 2495/2495/2495
f 2495/2495/2495 2493/2493/2493 206/206/206
f 511/511/511 513/513/513 2797/2797/2797
f 2797/2797/2797 2795/2795/2795 511/511/511
f 1191/1191/1191 1195/1195/1195 3454/3454/3454
f 3454/3454/3454 3453/3453/3453 1191/1191/1191
f 2117/2117/2117 2114/2114/2114 4345/4345/4345
f 4345/4345/4345 4348/4348/4348 2117/2117/2117
f 222/222/222 224/224/224 2511/2511/2511
f 2511/2511/2511 2509/2509/2509 222/222/222
f 527/527/527 529/529/529 2813/2813/2813
f 2813/2813/2813 2811/2811/2811 527/527/527
f 238/238/238 240/240/240 2527/2527/2527
f 2527/2527/2527 2525/2525/2525 238/238/238
f 1070/1070/1070 1073/1073/1073 3342/3342/3342
f 3342/3342/3342 3340/3340/3340 1070/1070/1070
f 1308/1308/1308 1312/1312/1312 3561/3561/3561
f 3561/3561/3561 3557/3557/3557 1308/1308/1308
f 2229/2229/2229 2224/2224/2224 4457/4457/4457
f 4457/4457/4457 4460/4460/4460 2229/2229/2229
f 254/254/254 256/256/256 2543/2543/2543
f 2543/2543/2543 2541/2541/2541 254/254/254
f 561/561/561 559/559/559 2843/2843/2843
f 2843/2843/2843 2845/2845/2845 561/561/561
f 1362/1362/1362 1363/1363/1363 3617/3617/3617
f 3617/3617/3617 3613/3613/3613 1362/1362/1362
f 270/270/270 272/272/272 2559/2559/2559
f 2559/2559/2559 2557/2557/2557 270/270/270
f 1415/1415/1415 1420/1420/1420 3667/3667/3667
f 3667/3667/3667 3665/3665/3665 1415/1415/1415
f 286/286/286 288/288/288 2575/2575/2575
f 2575/2575/2575 2573/2573/2573 286/286/286
f 593/593/593 591/591/591 2875/2875/2875
f 2875/2875/2875 2877/2877/2877 593/593/593
f 725/725/725 729/729/729 3019/3019/3019
f 3019/3019/3019 3015/3015/3015 725/725/725
f 21/21/21 19/19/19 2306/2306/2306
f 2306/2306/2306 2308/2308/2308 21/21/21
f 1488/1488/1488 1485/1485/1485 3726/3726/3726
f 3726/3726/3726 3729/3729/3729 1488/1488/1488
f 302/302/302 304/304/304 2591/2591/2591
f 2591/2591/2591 2589/2589/2589 302/302/302
f 609/609/609 607/607/607 2891/2891/2891
f 2891/2891/2891 2893/2893/2893 609/609/609
f 810/810/810 813/813/813 3105/3105/3105
f 3105/3105/3105 3101/3101/3101 810/810/810
f 622/622/622 621/621/621 2905/2905/2905
f 2905/2905/2905 2906/2906/2906 622/622/622
f 318/318/318 320/320/320 2607/2607/2607
f 2607/2607/2607 2605/2605/2605 318/318/318
f 2072/2072/2072 2069/2069/2069 4306/4306/4306
f 4306/4306/4306 4308/4308/4308 2072/2072/2072
f 2143/2143/2143 2137/2137/2137 4368/4368/4368
f 4368/4368/4368 4373/4373/4373 2143/2143/2143
f 1600/1600/1600 1595/1595/1595 3843/3843/3843
f 3843/3843/3843 3846/3846/3846 1600/1600/1600
f 334/334/334 336/336/336 2623/2623/2623
f 2623/2623/2623 2621/2621/2621 334/334/334
f 516/516/516 514/514/514 2798/2798/2798
f 2798/2798/2798 2800/2800/2800 516/516/516
f 731/731/731 736/736/736 3027/3027/3027
f 3027/3027/3027 3021/3021/3021 731/731/731
f 478/478/478 476/476/476 2760/2760/2760
f 2760/2760/2760 2762/2762/2762 478/478/478
f 510/510/510 508/508/508 2792/2792/2792
f 2792/2792/2792 2794/2794/2794 510/510/510
f 1707/1707/1707 1704/1704/1704 3949/3949/3949
f 3949/3949/3949 3951/3951/3951 1707/1707/1707
f 788/788/788 791/791/791 3085/3085/3085
f 3085/3085/3085 3081/3081/3081 788/788/788
f 105/105/105 103/103/103 2388/2388/2388
f 2388/2388/2388 2393/2393/2393 105/105/105
f 440/440/440 438/438/438 2722/2722/2722
f 2722/2722/2722 2724/2724/2724 440/440/440
f 1764/1764/1764 1761/1761/1761 4003/4003/4003
f 4003/4003/4003 4007/4007/4007 1764/1764/1764
f 847/847/847 849/849/849 3137/3137/3137
f 3137/3137/3137 3133/3133/3133 847/847/847
f 1676/1676/1676 1675/1675/1675 3918/3918/3918
f 3918/3918/3918 3920/3920/3920 1676/1676/1676
f 514/514/514 512/512/512 2796/2796/2796
f 2796/2796/2796 2798/2798/2798 514/514/514
f 1818/1818/1818 1813/1813/1813 4056/4056/4056
f 4056/4056/4056 4060/4060/4060 1818/1818/1818
f 897/897/897 901/901/901 3187/3187/3187
f 3187/3187/3187 3181/3181/3181 897/897/897
f 2241/2241/2241 2238/2238/2238 4471/4471/4471
f 4471/4471/4471 4475/4475/4475 2241/2241/2241
f 1883/1883/1883 1878/1878/1878 4117/4117/4117
f 4117/4117/4117 4122/4122/4122 1883/1883/1883
f 948/948/948 954/954/954 3245/3245/3245
f 3245/3245/3245 3239/3239/3239 948/948/948
f 161/161/161 159/159/159 2446/2446/2446
f 2446/2446/2446 2448/2448/2448 161/161/161
f 1257/1257/1257 1260/1260/1260 3512/3512/3512
f 3512/3512/3512 3508/3508/3508 1257/1257/1257
f 1943/1943/1943 1938/1938/1938 4175/4175/4175
f 4175/4175/4175 4182/4182/4182 1943/1943/1943
f 1017/1017/1017 1021/1021/1021 3302/3302/3302
f 3302/3302/3302 3298/3298/3298 1017/1017/1017
f 177/177/177 175/175/175 2462/2462/2462
f 2462/2462/2462 2464/2464/2464 177/177/177
f 1332/1332/1332 1336/1336/1336 3590/3590/3590
f 3590/3590/3590 3583/3583/3583 1332/1332/1332
f 1998/1998/1998 1994/1994/1994 4230/4230/4230
f 4230/4230/4230 4232/4232/4232 1998/1998/1998
f 1081/1081/1081 1082/1082/1082 3353/3353/3353
f 3353/3353/3353 3351/3351/3351 1081/1081/1081
f 193/193/193 191/191/191 2478/2478/2478
f 2478/2478/2478 2480/2480/2480 193/193/193
f 960/960/960 965/965/965 3254/3254/3254
f 3254/3254/3254 3249/3249/3249 960/960/960
f 1126/1126/1126 1133/1133/1133 3400/3400/3400
f 3400/3400/3400 3396/3396/3396 1126/1126/1126
f 2056/2056/2056 2052/2052/2052 4290/4290/4290
f 4290/4290/4290 4294/4294/4294 2056/2056/2056
f 1140/1140/1140 1144/1144/1144 3408/3408/3408
f 3408/3408/3408 3406/3406/3406 1140/1140/1140
f 209/209/209 207/207/207 2494/2494/2494
f 2494/2494/2494 2496/2496/2496 209/209/209
f 2113/2113/2113 2109/2109/2109 4340/4340/4340
f 4340/4340/4340 4343/4343/4343 2113/2113/2113
f 1197/1197/1197 1199/1199/1199 3458/3458/3458
f 3458/3458/3458 3456/3456/3456 1197/1197/1197
f 225/225/225 223/223/223 2510/2510/2510
f 2510/2510/2510 2512/2512/2512 225/225/225
f 468/468/468 466/466/466 2750/2750/2750
f 2750/2750/2750 2752/2752/2752 468/468/468
f 2168/2168/2168 2163/2163/2163 4393/4393/4393
f 4393/4393/4393 4397/4397/4397 2168/2168/2168
f 848/848/848 851/851/851 3140/3140/3140
f 3140/3140/3140 3136/3136/3136 848/848/848
f 241/241/241 239/239/239 2526/2526/2526
f 2526/2526/2526 2528/2528/2528 241/241/241
f 197/197/197 195/195/195 2482/2482/2482
f 2482/2482/2482 2484/2484/2484 197/197/197
f 630/630/630 631/631/631 2919/2919/2919
f 2919/2919/2919 2917/2917/2917 630/630/630
f 239/239/239 237/237/237 2524/2524/2524
f 2524/2524/2524 2526/2526/2526 239/239/239
f 257/257/257 255/255/255 2542/2542/2542
f 2542/2542/2542 2544/2544/2544 257/257/257
f 2286/2286/2286 2283/2283/2283 4512/4512/4512
f 4512/4512/4512 4515/4515/4515 2286/2286/2286
f 1365/1365/1365 1368/1368/1368 3619/3619/3619
f 3619/3619/3619 3618/3618/3618 1365/1365/1365
f 568/568/568 570/570/570 2854/2854/2854
f 2854/2854/2854 2852/2852/2852 568/568/568
f 591/591/591 589/589/589 2873/2873/2873
f 2873/2873/2873 2875/2875/2875 591/591/591
f 2202/2202/2202 2195/2195/2195 4430/4430/4430
f 4430/4430/4430 4434/4434/4434 2202/2202/2202
f 1422/1422/1422 1423/1423/1423 3670/3670/3670
f 3670/3670/3670 3669/3669/3669 1422/1422/1422
f 978/978/978 984/984/984 3268/3268/3268
f 3268/3268/3268 3265/3265/3265 978/978/978
f 1492/1492/1492 1486/1486/1486 3727/3727/3727
f 3727/3727/3727 3735/3735/3735 1492/1492/1492
f 305/305/305 303/303/303 2590/2590/2590
f 2590/2590/2590 2592/2592/2592 305/305/305
f 494/494/494 492/492/492 2776/2776/2776
f 2776/2776/2776 2778/2778/2778 494/494/494
f 610/610/610 612/612/612 2896/2896/2896
f 2896/2896/2896 2894/2894/2894 610/610/610
f 1933/1933/1933 1929/1929/1929 4167/4167/4167
f 4167/4167/4167 4168/4168/4168 1933/1933/1933
f 159/159/159 157/157/157 2444/2444/2444
f 2444/2444/2444 2446/2446/2446 159/159/159
f 15/15/15 13/13/13 2300/2300/2300
f 2300/2300/2300 2302/2302/2302 15/15/15
f 634/634/634 635/635/635 2924/2924/2924
f 2924/2924/2924 2920/2920/2920 634/634/634
f 1567/1567/1567 1564/1564/1564 3808/3808/3808
f 3808/3808/3808 3813/3813/3813 1567/1567/1567
f 532/532/532 530/530/530 2814/2814/2814
f 2814/2814/2814 2816/2816/2816 532/532/532
f 30/30/30 29/29/29 2316/2316/2316
f 2316/2316/2316 2317/2317/2317 30/30/30
f 694/694/694 697/697/697 2983/2983/2983
f 2983/2983/2983 2978/2978/2978 694/694/694
f 1624/1624/1624 1620/1620/1620 3867/3867/3867
f 3867/3867/3867 3869/3869/3869 1624/1624/1624
f 399/399/399 409/409/409 2694/2694/2694
f 2694/2694/2694 2684/2684/2684 399/399/399
f 1801/1801/1801 1798/1798/1798 4041/4041/4041
f 4041/4041/4041 4044/4044/4044 1801/1801/1801
f 747/747/747 752/752/752 3044/3044/3044
f 3044/3044/3044 3039/3039/3039 747/747/747
f 1731/1731/1731 1726/1726/1726 3972/3972/3972
f 3972/3972/3972 3975/3975/3975 1731/1731/1731
f 1538/1538/1538 1535/1535/1535 3779/3779/3779
f 3779/3779/3779 3782/3782/3782 1538/1538/1538
f 128/128/128 130/130/130 2417/2417/2417
f 2417/2417/2417 2415/2415/2415 128/128/128
f 433/433/433 435/435/435 2719/2719/2719
f 2719/2719/2719 2717/2717/2717 433/433/433
f 1386/1386/1386 1390/1390/1390 3641/3641/3641
f 3641/3641/3641 3638/3638/3638 1386/1386/1386
f 144/144/144 146/146/146 2433/2433/2433
f 2433/2433/2433 2431/2431/2431 144/144/144
f 449/449/449 451/451/451 2735/2735/2735
f 2735/2735/2735 2733/2733/2733 449/449/449
f 1850/1850/1850 1846/1846/1846 4083/4083/4083
f 4083/4083/4083 4087/4087/4087 1850/1850/1850
f 223/223/223 221/221/221 2508/2508/2508
f 2508/2508/2508 2510/2510/2510 223/223/223
f 1185/1185/1185 1188/1188/1188 3450/3450/3450
f 3450/3450/3450 3447/3447/3447 1185/1185/1185
f 131/131/131 129/129/129 2416/2416/2416
f 2416/2416/2416 2418/2418/2418 131/131/131
f 594/594/594 596/596/596 2880/2880/2880
f 2880/2880/2880 2878/2878/2878 594/594/594
f 160/160/160 162/162/162 2449/2449/2449
f 2449/2449/2449 2447/2447/2447 160/160/160
f 465/465/465 467/467/467 2751/2751/2751
f 2751/2751/2751 2749/2749/2749 465/465/465
f 1914/1914/1914 1909/1909/1909 4144/4144/4144
f 4144/4144/4144 4149/4149/4149 1914/1914/1914
f 176/176/176 178/178/178 2465/2465/2465
f 2465/2465/2465 2463/2463/2463 176/176/176
f 1037/1037/1037 1039/1039/1039 3318/3318/3318
f 3318/3318/3318 3314/3314/3314 1037/1037/1037
f 1969/1969/1969 1965/1965/1965 4201/4201/4201
f 4201/4201/4201 4205/4205/4205 1969/1969/1969
f 900/900/900 904/904/904 3190/3190/3190
f 3190/3190/3190 3185/3185/3185 900/900/900
f 192/192/192 194/194/194 2481/2481/2481
f 2481/2481/2481 2479/2479/2479 192/192/192
f 497/497/497 499/499/499 2783/2783/2783
f 2783/2783/2783 2781/2781/2781 497/497/497
f 2025/2025/2025 2021/2021/2021 4254/4254/4254
f 4254/4254/4254 4260/4260/4260 2025/2025/2025
f 1673/1673/1673 1670/1670/1670 3915/3915/3915
f 3915/3915/3915 3919/3919/3919 1673/1673/1673
f 208/208/208 210/210/210 2497/2497/2497
f 2497/2497/2497 2495/2495/2495 208/208/208
f 513/513/513 515/515/515 2799/2799/2799
f 2799/2799/2799 2797/2797/2797 513/513/513
f 2086/2086/2086 2079/2079/2079 4314/4314/4314
f 4314/4314/4314 4318/4318/4318 2086/2086/2086
f 327/327/327 325/325/325 2612/2612/2612
f 2612/2612/2612 2614/2614/2614 327/327/327
f 456/456/456 454/454/454 2738/2738/2738
f 2738/2738/2738 2740/2740/2740 456/456/456
f 529/529/529 531/531/531 2815/2815/2815
f 2815/2815/2815 2813/2813/2813 529/529/529
f 2135/2135/2135 2132/2132/2132 4362/4362/4362
f 4362/4362/4362 4365/4365/4365 2135/2135/2135
f 240/240/240 242/242/242 2529/2529/2529
f 2529/2529/2529 2527/2527/2527 240/240/240
f 545/545/545 547/547/547 2831/2831/2831
f 2831/2831/2831 2829/2829/2829 545/545/545
f 256/256/256 258/258/258 2545/2545/2545
f 2545/2545/2545 2543/2543/2543 256/256/256
f 1331/1331/1331 1334/1334/1334 3586/3586/3586
f 3586/3586/3586 3578/3578/3578 1331/1331/1331
f 2250/2250/2250 2246/2246/2246 4476/4476/4476
f 4476/4476/4476 4482/4482/4482 2250/2250/2250
f 2062/2062/2062 2058/2058/2058 4295/4295/4295
f 4295/4295/4295 4302/4302/4302 2062/2062/2062
f 272/272/272 274/274/274 2561/2561/2561
f 2561/2561/2561 2559/2559/2559 272/272/272
f 1382/1382/1382 1387/1387/1387 3636/3636/3636
f 3636/3636/3636 3635/3635/3635 1382/1382/1382
f 472/472/472 470/470/470 2754/2754/2754
f 2754/2754/2754 2756/2756/2756 472/472/472
f 604/604/604 606/606/606 2890/2890/2890
f 2890/2890/2890 2888/2888/2888 604/604/604
f 288/288/288 290/290/290 2577/2577/2577
f 2577/2577/2577 2575/2575/2575 288/288/288
f 1440/1440/1440 1443/1443/1443 3688/3688/3688
f 3688/3688/3688 3685/3685/3685 1440/1440/1440
f 418/418/418 416/416/416 2700/2700/2700
f 2700/2700/2700 2702/2702/2702 418/418/418
f 434/434/434 432/432/432 2716/2716/2716
f 2716/2716/2716 2718/2718/2718 434/434/434
f 147/147/147 145/145/145 2432/2432/2432
f 2432/2432/2432 2434/2434/2434 147/147/147
f 304/304/304 306/306/306 2593/2593/2593
f 2593/2593/2593 2591/2591/2591 304/304/304
f 1509/1509/1509 1508/1508/1508 3747/3747/3747
f 3747/3747/3747 3750/3750/3750 1509/1509/1509
f 320/320/320 322/322/322 2609/2609/2609
f 2609/2609/2609 2607/2607/2607 320/320/320
f 1563/1563/1563 1561/1561/1561 3805/3805/3805
f 3805/3805/3805 3809/3809/3809 1563/1563/1563
f 637/637/637 643/643/643 2925/2925/2925
f 2925/2925/2925 2923/2923/2923 637/637/637
f 765/765/765 769/769/769 3063/3063/3063
f 3063/3063/3063 3057/3057/3057 765/765/765
f 331/331/331 329/329/329 2616/2616/2616
f 2616/2616/2616 2618/2618/2618 331/331/331
f 1621/1621/1621 1618/1618/1618 3862/3862/3862
f 3862/3862/3862 3866/3866/3866 1621/1621/1621
f 336/336/336 340/340/340 2627/2627/2627
f 2627/2627/2627 2623/2623/2623 336/336/336
f 253/253/253 251/251/251 2538/2538/2538
f 2538/2538/2538 2540/2540/2540 253/253/253
f 375/375/375 392/392/392 2676/2676/2676
f 2676/2676/2676 2660/2660/2660 375/375/375
f 2226/2226/2226 2222/2222/2222 4455/4455/4455
f 4455/4455/4455 4456/4456/4456 2226/2226/2226
f 1244/1244/1244 1250/1250/1250 3504/3504/3504
f 3504/3504/3504 3499/3499/3499 1244/1244/1244
f 696/696/696 700/700/700 2984/2984/2984
f 2984/2984/2984 2982/2982/2982 696/696/696
f 113/113/113 107/107/107 2395/2395/2395
f 2395/2395/2395 2399/2399/2399 113/113/113
f 1728/1728/1728 1724/1724/1724 3970/3970/3970
f 3970/3970/3970 3973/3973/3973 1728/1728/1728
f 1786/1786/1786 1780/1780/1780 4025/4025/4025
f 4025/4025/4025 4030/4030/4030 1786/1786/1786
f 865/865/865 867/867/867 3155/3155/3155
f 3155/3155/3155 3151/3151/3151 865/865/865
f 955/955/955 959/959/959 3248/3248/3248
f 3248/3248/3248 3244/3244/3244 955/955/955
f 1845/1845/1845 1842/1842/1842 4078/4078/4078
f 4078/4078/4078 4084/4084/4084 1845/1845/1845
f 915/915/915 918/918/918 3207/3207/3207
f 3207/3207/3207 3203/3203/3203 915/915/915
f 1908/1908/1908 1904/1904/1904 4139/4139/4139
f 4139/4139/4139 4145/4145/4145 1908/1908/1908
f 969/969/969 974/974/974 3262/3262/3262
f 3262/3262/3262 3259/3259/3259 969/969/969
f 1962/1962/1962 1957/1957/1957 4196/4196/4196
f 4196/4196/4196 4200/4200/4200 1962/1962/1962
f 1038/1038/1038 1042/1042/1042 3320/3320/3320
f 3320/3320/3320 3316/3316/3316 1038/1038/1038
f 562/562/562 564/564/564 2848/2848/2848
f 2848/2848/2848 2846/2846/2846 562/562/562
f 1104/1104/1104 1105/1105/1105 3373/3373/3373
f 3373/3373/3373 3371/3371/3371 1104/1104/1104
f 1162/1162/1162 1164/1164/1164 3427/3427/3427
f 3427/3427/3427 3424/3424/3424 1162/1162/1162
f 1972/1972/1972 1967/1967/1967 4203/4203/4203
f 4203/4203/4203 4208/4208/4208 1972/1972/1972
f 2044/2044/2044 2039/2039/2039 4280/4280/4280
f 4280/4280/4280 4283/4283/4283 2044/2044/2044
f 546/546/546 544/544/544 2828/2828/2828
f 2828/2828/2828 2830/2830/2830 546/546/546
f 2189/2189/2189 2186/2186/2186 4422/4422/4422
f 4422/4422/4422 4425/4425/4425 2189/2189/2189
f 2131/2131/2131 2128/2128/2128 4359/4359/4359
f 4359/4359/4359 4361/4361/4361 2131/2131/2131
f 1220/1220/1220 1224/1224/1224 3477/3477/3477
f 3477/3477/3477 3473/3473/3473 1220/1220/1220
f 488/488/488 486/486/486 2770/2770/2770
f 2770/2770/2770 2772/2772/2772 488/488/488
f 1280/1280/1280 1282/1282/1282 3532/3532/3532
f 3532/3532/3532 3531/3531/3531 1280/1280/1280
f 450/450/450 448/448/448 2732/2732/2732
f 2732/2732/2732 2734/2734/2734 450/450/450
f 199/199/199 197/197/197 2484/2484/2484
f 2484/2484/2484 2486/2486/2486 199/199/199
f 996/996/996 1001/1001/1001 3288/3288/3288
f 3288/3288/3288 3283/3283/3283 996/996/996
f 275/275/275 273/273/273 2560/2560/2560
f 2560/2560/2560 2562/2562/2562 275/275/275
f 1577/1577/1577 1575/1575/1575 3819/3819/3819
f 3819/3819/3819 3822/3822/3822 1577/1577/1577
f 291/291/291 289/289/289 2576/2576/2576
f 2576/2576/2576 2578/2578/2578 291/291/291
f 1442/1442/1442 1448/1448/1448 3691/3691/3691
f 3691/3691/3691 3690/3690/3690 1442/1442/1442
f 307/307/307 305/305/305 2592/2592/2592
f 2592/2592/2592 2594/2594/2594 307/307/307
f 309/309/309 307/307/307 2594/2594/2594
f 2594/2594/2594 2596/2596/2596 309/309/309
f 625/625/625 628/628/628 2916/2916/2916
f 2916/2916/2916 2908/2908/2908 625/625/625
f 1558/1558/1558 1557/1557/1557 3802/3802/3802
f 3802/3802/3802 3806/3806/3806 1558/1558/1558
f 325/325/325 323/323/323 2610/2610/2610
f 2610/2610/2610 2612/2612/2612 325/325/325
f 686/686/686 687/687/687 2974/2974/2974
f 2974/2974/2974 2973/2973/2973 686/686/686
f 115/115/115 338/338/338 2625/2625/2625
f 2625/2625/2625 2402/2402/2402 115/115/115
f 340/340/340 339/339/339 2626/2626/2626
f 2626/2626/2626 2627/2627/2627 340/340/340
f 64/64/64 75/75/75 2363/2363/2363
f 2363/2363/2363 2352/2352/2352 64/64/64
f 187/187/187 185/185/185 2472/2472/2472
f 2472/2472/2472 2474/2474/2474 187/187/187
f 798/798/798 801/801/801 3096/3096/3096
f 3096/3096/3096 3092/3092/3092 798/798/798
f 1725/1725/1725 1721/1721/1721 3967/3967/3967
f 3967/3967/3967 3968/3968/3968 1725/1725/1725
f 419/419/419 421/421/421 2705/2705/2705
f 2705/2705/2705 2703/2703/2703 419/419/419
f 235/235/235 233/233/233 2520/2520/2520
f 2520/2520/2520 2522/2522/2522 235/235/235
f 856/856/856 857/857/857 3146/3146/3146
f 3146/3146/3146 3144/3144/3144 856/856/856
f 1783/1783/1783 1778/1778/1778 4020/4020/4020
f 4020/4020/4020 4024/4024/4024 1783/1783/1783
f 130/130/130 132/132/132 2419/2419/2419
f 2419/2419/2419 2417/2417/2417 130/130/130
f 435/435/435 437/437/437 2721/2721/2721
f 2721/2721/2721 2719/2719/2719 435/435/435
f 907/907/907 910/910/910 3198/3198/3198
f 3198/3198/3198 3192/3192/3192 907/907/907
f 1841/1841/1841 1838/1838/1838 4077/4077/4077
f 4077/4077/4077 4081/4081/4081 1841/1841/1841
f 146/146/146 148/148/148 2435/2435/2435
f 2435/2435/2435 2433/2433/2433 146/146/146
f 451/451/451 453/453/453 2737/2737/2737
f 2737/2737/2737 2735/2735/2735 451/451/451
f 1905/1905/1905 1900/1900/1900 4137/4137/4137
f 4137/4137/4137 4141/4141/4141 1905/1905/1905
f 162/162/162 164/164/164 2451/2451/2451
f 2451/2451/2451 2449/2449/2449 162/162/162
f 467/467/467 469/469/469 2753/2753/2753
f 2753/2753/2753 2751/2751/2751 467/467/467
f 563/563/563 561/561/561 2845/2845/2845
f 2845/2845/2845 2847/2847/2847 563/563/563
f 2104/2104/2104 2102/2102/2102 4331/4331/4331
f 4331/4331/4331 4336/4336/4336 2104/2104/2104
f 1029/1029/1029 1031/1031/1031 3310/3310/3310
f 3310/3310/3310 3308/3308/3308 1029/1029/1029
f 178/178/178 180/180/180 2467/2467/2467
f 2467/2467/2467 2465/2465/2465 178/178/178
f 483/483/483 485/485/485 2769/2769/2769
f 2769/2769/2769 2767/2767/2767 483/483/483
f 523/523/523 525/525/525 2809/2809/2809
f 2809/2809/2809 2807/2807/2807 523/523/523
f 1090/1090/1090 1097/1097/1097 3364/3364/3364
f 3364/3364/3364 3359/3359/3359 1090/1090/1090
f 2016/2016/2016 2013/2013/2013 4247/4247/4247
f 4247/4247/4247 4253/4253/4253 2016/2016/2016
f 194/194/194 196/196/196 2483/2483/2483
f 2483/2483/2483 2481/2481/2481 194/194/194
f 499/499/499 501/501/501 2785/2785/2785
f 2785/2785/2785 2783/2783/2783 499/499/499
f 1821/1821/1821 1819/1819/1819 4061/4061/4061
f 4061/4061/4061 4064/4064/4064 1821/1821/1821
f 263/263/263 261/261/261 2548/2548/2548
f 2548/2548/2548 2550/2550/2550 263/263/263
f 1149/1149/1149 1156/1156/1156 3419/3419/3419
f 3419/3419/3419 3417/3417/3417 1149/1149/1149
f 2078/2078/2078 2074/2074/2074 4307/4307/4307
f 4307/4307/4307 4311/4311/4311 2078/2078/2078
f 210/210/210 212/212/212 2499/2499/2499
f 2499/2499/2499 2497/2497/2497 210/210/210
f 515/515/515 517/517/517 2801/2801/2801
f 2801/2801/2801 2799/2799/2799 515/515/515
f 428/428/428 426/426/426 2710/2710/2710
f 2710/2710/2710 2712/2712/2712 428/428/428
f 1208/1208/1208 1212/1212/1212 3467/3467/3467
f 3467/3467/3467 3464/3464/3464 1208/1208/1208
f 2129/2129/2129 2126/2126/2126 4355/4355/4355
f 4355/4355/4355 4358/4358/4358 2129/2129/2129
f 226/226/226 228/228/228 2515/2515/2515
f 2515/2515/2515 2513/2513/2513 226/226/226
f 531/531/531 533/533/533 2817/2817/2817
f 2817/2817/2817 2815/2815/2815 531/531/531
f 1635/1635/1635 1632/1632/1632 3875/3875/3875
f 3875/3875/3875 3879/3879/3879 1635/1635/1635
f 1270/1270/1270 1275/1275/1275 3525/3525/3525
f 3525/3525/3525 3521/3521/3521 1270/1270/1270
f 2182/2182/2182 2179/2179/2179 4411/4411/4411
f 4411/4411/4411 4417/4417/4417 2182/2182/2182
f 242/242/242 244/244/244 2531/2531/2531
f 2531/2531/2531 2529/2529/2529 242/242/242
f 547/547/547 549/549/549 2833/2833/2833
f 2833/2833/2833 2831/2831/2831 547/547/547
f 512/512/512 510/510/510 2794/2794/2794
f 2794/2794/2794 2796/2796/2796 512/512/512
f 1323/1323/1323 1325/1325/1325 3574/3574/3574
f 3574/3574/3574 3571/3571/3571 1323/1323/1323
f 258/258/258 260/260/260 2547/2547/2547
f 2547/2547/2547 2545/2545/2545 258/258/258
f 565/565/565 563/563/563 2847/2847/2847
f 2847/2847/2847 2849/2849/2849 565/565/565
f 1377/1377/1377 1381/1381/1381 3631/3631/3631
f 3631/3631/3631 3628/3628/3628 1377/1377/1377
f 247/247/247 245/245/245 2532/2532/2532
f 2532/2532/2532 2534/2534/2534 247/247/247
f 274/274/274 276/276/276 2563/2563/2563
f 2563/2563/2563 2561/2561/2561 274/274/274
f 581/581/581 579/579/579 2863/2863/2863
f 2863/2863/2863 2865/2865/2865 581/581/581
f 1433/1433/1433 1438/1438/1438 3684/3684/3684
f 3684/3684/3684 3677/3677/3677 1433/1433/1433
f 290/290/290 292/292/292 2579/2579/2579
f 2579/2579/2579 2577/2577/2577 290/290/290
f 597/597/597 595/595/595 2879/2879/2879
f 2879/2879/2879 2881/2881/2881 597/597/597
f 1454/1454/1454 627/627/627 2909/2909/2909
f 2909/2909/2909 3702/3702/3702 1454/1454/1454
f 1084/1084/1084 1085/1085/1085 3356/3356/3356
f 3356/3356/3356 3354/3354/3354 1084/1084/1084
f 1504/1504/1504 1501/1501/1501 3743/3743/3743
f 3743/3743/3743 3746/3746/3746 1504/1504/1504
f 306/306/306 308/308/308 2595/2595/2595
f 2595/2595/2595 2593/2593/2593 306/306/306
f 859/859/859 861/861/861 3149/3149/3149
f 3149/3149/3149 3145/3145/3145 859/859/859
f 1555/1555/1555 1551/1551/1551 3800/3800/3800
f 3800/3800/3800 3801/3801/3801 1555/1555/1555
f 322/322/322 324/324/324 2611/2611/2611
f 2611/2611/2611 2609/2609/2609 322/322/322
f 16/16/16 18/18/18 2305/2305/2305
f 2305/2305/2305 2303/2303/2303 16/16/16
f 1952/1952/1952 1949/1949/1949 4188/4188/4188
f 4188/4188/4188 4191/4191/4191 1952/1952/1952
f 452/452/452 450/450/450 2734/2734/2734
f 2734/2734/2734 2736/2736/2736 452/452/452
f 690/690/690 691/691/691 2979/2979/2979
f 2979/2979/2979 2976/2976/2976 690/690/690
f 738/738/738 741/741/741 3033/3033/3033
f 3033/3033/3033 3029/3029/3029 738/738/738
f 615/615/615 613/613/613 2897/2897/2897
f 2897/2897/2897 2899/2899/2899 615/615/615
f 746/746/746 750/750/750 3041/3041/3041
f 3041/3041/3041 3038/3038/3038 746/746/746
f 79/79/79 66/66/66 2354/2354/2354
f 2354/2354/2354 2365/2365/2365 79/79/79
f 805/805/805 809/809/809 3099/3099/3099
f 3099/3099/3099 3097/3097/3097 805/805/805
f 289/289/289 287/287/287 2574/2574/2574
f 2574/2574/2574 2576/2576/2576 289/289/289
f 117/117/117 115/115/115 2402/2402/2402
f 2402/2402/2402 2404/2404/2404 117/117/117
f 579/579/579 577/577/577 2861/2861/2861
f 2861/2861/2861 2863/2863/2863 579/579/579
f 2159/2159/2159 2155/2155/2155 4385/4385/4385
f 4385/4385/4385 4386/4386/4386 2159/2159/2159
f 1774/1774/1774 1771/1771/1771 4018/4018/4018
f 4018/4018/4018 4023/4023/4023 1774/1774/1774
f 133/133/133 131/131/131 2418/2418/2418
f 2418/2418/2418 2420/2420/2420 133/133/133
f 520/520/520 518/518/518 2802/2802/2802
f 2802/2802/2802 2804/2804/2804 520/520/520
f 807/807/807 812/812/812 3102/3102/3102
f 3102/3102/3102 3098/3098/3098 807/807/807
f 1836/1836/1836 1835/1835/1835 4073/4073/4073
f 4073/4073/4073 4075/4075/4075 1836/1836/1836
f 909/909/909 913/913/913 3200/3200/3200
f 3200/3200/3200 3197/3197/3197 909/909/909
f 149/149/149 147/147/147 2434/2434/2434
f 2434/2434/2434 2436/2436/2436 149/149/149
f 482/482/482 480/480/480 2764/2764/2764
f 2764/2764/2764 2766/2766/2766 482/482/482
f 584/584/584 586/586/586 2870/2870/2870
f 2870/2870/2870 2868/2868/2868 584/584/584
f 1891/1891/1891 1882/1882/1882 4120/4120/4120
f 4120/4120/4120 4124/4124/4124 1891/1891/1891
f 1902/1902/1902 1898/1898/1898 4134/4134/4134
f 4134/4134/4134 4136/4136/4136 1902/1902/1902
f 963/963/963 967/967/967 3257/3257/3257
f 3257/3257/3257 3253/3253/3253 963/963/963
f 165/165/165 163/163/163 2450/2450/2450
f 2450/2450/2450 2452/2452/2452 165/165/165
f 444/444/444 442/442/442 2726/2726/2726
f 2726/2726/2726 2728/2728/2728 444/444/444
f 1954/1954/1954 1953/1953/1953 4189/4189/4189
f 4189/4189/4189 4193/4193/4193 1954/1954/1954
f 1034/1034/1034 1035/1035/1035 3313/3313/3313
f 3313/3313/3313 3312/3312/3312 1034/1034/1034
f 1539/1539/1539 1536/1536/1536 3784/3784/3784
f 3784/3784/3784 3786/3786/3786 1539/1539/1539
f 1616/1616/1616 1614/1614/1614 3861/3861/3861
f 3861/3861/3861 3863/3863/3863 1616/1616/1616
f 1688/1688/1688 1687/1687/1687 3930/3930/3930
f 3930/3930/3930 3934/3934/3934 1688/1688/1688
f 251/251/251 249/249/249 2536/2536/2536
f 2536/2536/2536 2538/2538/2538 251/251/251
f 2014/2014/2014 2011/2011/2011 4245/4245/4245
f 4245/4245/4245 4249/4249/4249 2014/2014/2014
f 1095/1095/1095 1100/1100/1100 3367/3367/3367
f 3367/3367/3367 3363/3363/3363 1095/1095/1095
f 123/123/123 121/121/121 2408/2408/2408
f 2408/2408/2408 2410/2410/2410 123/123/123
f 1154/1154/1154 1160/1160/1160 3422/3422/3422
f 3422/3422/3422 3418/3418/3418 1154/1154/1154
f 213/213/213 211/211/211 2498/2498/2498
f 2498/2498/2498 2500/2500/2500 213/213/213
f 1719/1719/1719 1716/1716/1716 3963/3963/3963
f 3963/3963/3963 3966/3966/3966 1719/1719/1719
f 1409/1409/1409 1413/1413/1413 3662/3662/3662
f 3662/3662/3662 3657/3657/3657 1409/1409/1409
f 2124/2124/2124 2121/2121/2121 4354/4354/4354
f 4354/4354/4354 4357/4357/4357 2124/2124/2124
f 1209/1209/1209 1216/1216/1216 3470/3470/3470
f 3470/3470/3470 3468/3468/3468 1209/1209/1209
f 229/229/229 227/227/227 2514/2514/2514
f 2514/2514/2514 2516/2516/2516 229/229/229
f 2178/2178/2178 2175/2175/2175 4407/4407/4407
f 4407/4407/4407 4412/4412/4412 2178/2178/2178
f 1273/1273/1273 1276/1276/1276 3528/3528/3528
f 3528/3528/3528 3523/3523/3523 1273/1273/1273
f 1142/1142/1142 1148/1148/1148 3414/3414/3414
f 3414/3414/3414 3407/3407/3407 1142/1142/1142
f 2237/2237/2237 2235/2235/2235 4466/4466/4466
f 4466/4466/4466 4469/4469/4469 2237/2237/2237
f 1324/1324/1324 1328/1328/1328 3580/3580/3580
f 3580/3580/3580 3575/3575/3575 1324/1324/1324
f 261/261/261 259/259/259 2546/2546/2546
f 2546/2546/2546 2548/2548/2548 261/261/261
f 1379/1379/1379 1383/1383/1383 3634/3634/3634
f 3634/3634/3634 3632/3632/3632 1379/1379/1379
f 277/277/277 275/275/275 2562/2562/2562
f 2562/2562/2562 2564/2564/2564 277/277/277
f 607/607/607 605/605/605 2889/2889/2889
f 2889/2889/2889 2891/2891/2891 607/607/607
f 862/862/862 863/863/863 3152/3152/3152
f 3152/3152/3152 3148/3148/3148 862/862/862
f 293/293/293 291/291/291 2578/2578/2578
f 2578/2578/2578 2580/2580/2580 293/293/293
f 1507/1507/1507 1505/1505/1505 3745/3745/3745
f 3745/3745/3745 3748/3748/3748 1507/1507/1507

