mtllib material.mtl
usemtl Material-7011油漆.027
v -0.02972200 -0.12493200 -0.03067900
v -0.02972200 -0.12493200 -0.03067900
v -0.02972200 -0.12493200 -0.03067900
v -0.02972200 -0.12563200 -0.03067900
v -0.02972200 -0.12563200 -0.03067900
v -0.02972200 -0.12563200 -0.03067900
v -0.02973600 -0.12493200 -0.03105200
v -0.02973600 -0.12493200 -0.03105200
v -0.02973600 -0.12510700 -0.03105200
v -0.02973600 -0.12528200 -0.03105200
v -0.02973600 -0.12545700 -0.03105200
v -0.02973600 -0.12563200 -0.03105200
v -0.02973600 -0.12563200 -0.03105200
v -0.02974900 -0.12493200 -0.03142500
v -0.02974900 -0.12493200 -0.03142500
v -0.02974900 -0.12510700 -0.03142500
v -0.02974900 -0.12528200 -0.03142500
v -0.02974900 -0.12545700 -0.03142500
v -0.02974900 -0.12563200 -0.03142500
v -0.02974900 -0.12563200 -0.03142500
v -0.02976300 -0.12493200 -0.03179800
v -0.02976300 -0.12493200 -0.03179800
v -0.02976300 -0.12510700 -0.03179800
v -0.02976300 -0.12528200 -0.03179800
v -0.02976300 -0.12545700 -0.03179800
v -0.02976300 -0.12563200 -0.03179800
v -0.02976300 -0.12563200 -0.03179800
v -0.02977600 -0.12493200 -0.03217100
v -0.02977600 -0.12493200 -0.03217100
v -0.02977600 -0.12493200 -0.03217100
v -0.02977600 -0.12563200 -0.03217100
v -0.02977600 -0.12563200 -0.03217100
v -0.02977600 -0.12563200 -0.03217100
v -0.02977600 -0.12516500 -0.03217100
v -0.02977600 -0.12516500 -0.03217100
v -0.02977600 -0.12539900 -0.03217100
v -0.02977600 -0.12539900 -0.03217100
v -0.02972200 -0.12539900 -0.03067900
v -0.02972200 -0.12539900 -0.03067900
v -0.02972200 -0.12516500 -0.03067900
v -0.02972200 -0.12516500 -0.03067900
v -0.02977600 -0.12493200 -0.03217200
v -0.02977600 -0.12493200 -0.03217200
v -0.02977600 -0.12493200 -0.03217200
v -0.02977600 -0.12563200 -0.03217200
v -0.02977600 -0.12563200 -0.03217200
v -0.02977600 -0.12563200 -0.03217200
v -0.02604600 -0.12493200 -0.03230600
v -0.02604600 -0.12493200 -0.03230600
v -0.02604600 -0.12510700 -0.03230600
v -0.02604600 -0.12528200 -0.03230600
v -0.02604600 -0.12545700 -0.03230600
v -0.02604600 -0.12563200 -0.03230600
v -0.02604600 -0.12563200 -0.03230600
v -0.02231600 -0.12493200 -0.03244100
v -0.02231600 -0.12493200 -0.03244100
v -0.02231600 -0.12510700 -0.03244100
v -0.02231600 -0.12528200 -0.03244100
v -0.02231600 -0.12545700 -0.03244100
v -0.02231600 -0.12563200 -0.03244100
v -0.02231600 -0.12563200 -0.03244100
v -0.01858700 -0.12493200 -0.03257500
v -0.01858700 -0.12493200 -0.03257500
v -0.01858700 -0.12510700 -0.03257500
v -0.01858700 -0.12528200 -0.03257500
v -0.01858700 -0.12545700 -0.03257500
v -0.01858700 -0.12563200 -0.03257500
v -0.01858700 -0.12563200 -0.03257500
v -0.01485700 -0.12493200 -0.03270900
v -0.01485700 -0.12493200 -0.03270900
v -0.01485700 -0.12493200 -0.03270900
v -0.01485700 -0.12528200 -0.03270900
v -0.01485700 -0.12528200 -0.03270900
v -0.01485700 -0.12528200 -0.03270900
v -0.01485700 -0.12563200 -0.03270900
v -0.01485700 -0.12563200 -0.03270900
v -0.01485700 -0.12563200 -0.03270900
v -0.02977600 -0.12539900 -0.03217200
v -0.02977600 -0.12539900 -0.03217200
v -0.02977600 -0.12516500 -0.03217200
v -0.02977600 -0.12516500 -0.03217200
v -0.01485700 -0.12493200 -0.03270900
v -0.01485700 -0.12493200 -0.03270900
v -0.01485700 -0.12493200 -0.03270900
v -0.01485700 -0.12528200 -0.03270900
v -0.01485700 -0.12528200 -0.03270900
v -0.01485700 -0.12528200 -0.03270900
v -0.01485700 -0.12563200 -0.03270900
v -0.01485700 -0.12563200 -0.03270900
v -0.01485700 -0.12563200 -0.03270900
v -0.01483000 -0.12493200 -0.03196200
v -0.01483000 -0.12493200 -0.03196200
v -0.01483000 -0.12510700 -0.03196200
v -0.01483000 -0.12528200 -0.03196200
v -0.01483000 -0.12545700 -0.03196200
v -0.01483000 -0.12563200 -0.03196200
v -0.01483000 -0.12563200 -0.03196200
v -0.01480300 -0.12493200 -0.03121400
v -0.01480300 -0.12493200 -0.03121400
v -0.01480300 -0.12510700 -0.03121400
v -0.01480300 -0.12528200 -0.03121400
v -0.01480300 -0.12545700 -0.03121400
v -0.01480300 -0.12563200 -0.03121400
v -0.01480300 -0.12563200 -0.03121400
v -0.01480300 -0.12563200 -0.03121400
v -0.01477600 -0.12493200 -0.03046700
v -0.01477600 -0.12493200 -0.03046700
v -0.01477600 -0.12510700 -0.03046700
v -0.01477600 -0.12528200 -0.03046700
v -0.01477600 -0.12545700 -0.03046700
v -0.01477600 -0.12563200 -0.03046700
v -0.01477600 -0.12563200 -0.03046700
v -0.01477600 -0.12563200 -0.03046700
v -0.01474900 -0.12493200 -0.02972000
v -0.01474900 -0.12493200 -0.02972000
v -0.01474900 -0.12493200 -0.02972000
v -0.01474900 -0.12528200 -0.02972000
v -0.01474900 -0.12528200 -0.02972000
v -0.01474900 -0.12528200 -0.02972000
v -0.01474900 -0.12563200 -0.02972000
v -0.01474900 -0.12563200 -0.02972000
v -0.01474900 -0.12563200 -0.02972000
v -0.01474900 -0.12493200 -0.02972000
v -0.01474900 -0.12563200 -0.02972000
v -0.01475400 -0.12493200 -0.02937600
v -0.01475400 -0.12563200 -0.02937600
v -0.01479300 -0.12493200 -0.02904200
v -0.01479300 -0.12563200 -0.02904200
v -0.01486400 -0.12493200 -0.02871700
v -0.01486400 -0.12563200 -0.02871700
v -0.01496500 -0.12493200 -0.02840500
v -0.01496500 -0.12563200 -0.02840500
v -0.01509600 -0.12493200 -0.02810700
v -0.01509600 -0.12563200 -0.02810700
v -0.01525400 -0.12493200 -0.02782500
v -0.01525400 -0.12563200 -0.02782500
v -0.01543700 -0.12493200 -0.02756000
v -0.01543700 -0.12563200 -0.02756000
v -0.01564500 -0.12493200 -0.02731400
v -0.01564500 -0.12563200 -0.02731400
v -0.01587500 -0.12493200 -0.02708900
v -0.01587500 -0.12563200 -0.02708900
v -0.01612600 -0.12493200 -0.02688700
v -0.01612600 -0.12563200 -0.02688700
v -0.01639700 -0.12493200 -0.02670900
v -0.01639700 -0.12563200 -0.02670900
v -0.01668500 -0.12493200 -0.02655700
v -0.01668500 -0.12563200 -0.02655700
v -0.01698900 -0.12493200 -0.02643300
v -0.01698900 -0.12563200 -0.02643300
v -0.01730700 -0.12493200 -0.02633900
v -0.01730700 -0.12563200 -0.02633900
v -0.01763800 -0.12493200 -0.02627600
v -0.01763800 -0.12563200 -0.02627600
v -0.01798000 -0.12493200 -0.02624700
v -0.01798000 -0.12563200 -0.02624700
v -0.01474900 -0.12528200 -0.02972000
v -0.01798000 -0.12528200 -0.02624700
v -0.01798000 -0.12493200 -0.02624700
v -0.01798000 -0.12493200 -0.02624700
v -0.01798000 -0.12493200 -0.02624700
v -0.01798000 -0.12528200 -0.02624700
v -0.01798000 -0.12528200 -0.02624700
v -0.01798000 -0.12563200 -0.02624700
v -0.01798000 -0.12563200 -0.02624700
v -0.01798000 -0.12563200 -0.02624700
v -0.01895300 -0.12493200 -0.02621200
v -0.01895300 -0.12493200 -0.02621200
v -0.01895300 -0.12510700 -0.02621200
v -0.01895300 -0.12528200 -0.02621200
v -0.01895300 -0.12545700 -0.02621200
v -0.01895300 -0.12563200 -0.02621200
v -0.01895300 -0.12563200 -0.02621200
v -0.01895300 -0.12563200 -0.02621200
v -0.01992700 -0.12493200 -0.02617700
v -0.01992700 -0.12493200 -0.02617700
v -0.01992700 -0.12510700 -0.02617700
v -0.01992700 -0.12528200 -0.02617700
v -0.01992700 -0.12545700 -0.02617700
v -0.01992700 -0.12563200 -0.02617700
v -0.01992700 -0.12563200 -0.02617700
v -0.01992700 -0.12563200 -0.02617700
v -0.02090000 -0.12493200 -0.02614100
v -0.02090000 -0.12493200 -0.02614100
v -0.02090000 -0.12510700 -0.02614100
v -0.02090000 -0.12528200 -0.02614100
v -0.02090000 -0.12545700 -0.02614100
v -0.02090000 -0.12563200 -0.02614100
v -0.02090000 -0.12563200 -0.02614100
v -0.02090000 -0.12563200 -0.02614100
v -0.02187400 -0.12493200 -0.02610600
v -0.02187400 -0.12493200 -0.02610600
v -0.02187400 -0.12493200 -0.02610600
v -0.02187400 -0.12528200 -0.02610600
v -0.02187400 -0.12528200 -0.02610600
v -0.02187400 -0.12563200 -0.02610600
v -0.02187400 -0.12563200 -0.02610600
v -0.02187400 -0.12563200 -0.02610600
v -0.02187400 -0.12493200 -0.02610600
v -0.02187400 -0.12563200 -0.02610600
v -0.02220200 -0.12493200 -0.02611100
v -0.02220200 -0.12563200 -0.02611100
v -0.02252100 -0.12493200 -0.02614800
v -0.02252100 -0.12563200 -0.02614800
v -0.02283100 -0.12493200 -0.02621600
v -0.02283100 -0.12563200 -0.02621600
v -0.02312800 -0.12493200 -0.02631300
v -0.02312800 -0.12563200 -0.02631300
v -0.02341300 -0.12493200 -0.02643800
v -0.02341300 -0.12563200 -0.02643800
v -0.02368300 -0.12493200 -0.02658800
v -0.02368300 -0.12563200 -0.02658800
v -0.02393500 -0.12493200 -0.02676400
v -0.02393500 -0.12563200 -0.02676400
v -0.02417000 -0.12493200 -0.02696200
v -0.02417000 -0.12563200 -0.02696200
v -0.02438500 -0.12493200 -0.02718200
v -0.02438500 -0.12563200 -0.02718200
v -0.02457800 -0.12493200 -0.02742200
v -0.02457800 -0.12563200 -0.02742200
v -0.02474800 -0.12493200 -0.02768000
v -0.02474800 -0.12563200 -0.02768000
v -0.02489200 -0.12493200 -0.02795400
v -0.02489200 -0.12563200 -0.02795400
v -0.02501100 -0.12493200 -0.02824400
v -0.02501100 -0.12563200 -0.02824400
v -0.02510000 -0.12493200 -0.02854800
v -0.02510000 -0.12563200 -0.02854800
v -0.02516000 -0.12493200 -0.02886400
v -0.02516000 -0.12563200 -0.02886400
v -0.02518900 -0.12493200 -0.02919100
v -0.02518900 -0.12563200 -0.02919100
v -0.02187400 -0.12528200 -0.02610600
v -0.02518900 -0.12516500 -0.02919100
v -0.02518900 -0.12539900 -0.02919100
v -0.02518900 -0.12493200 -0.02919100
v -0.02518900 -0.12493200 -0.02919100
v -0.02518900 -0.12493200 -0.02919100
v -0.02518900 -0.12563200 -0.02919100
v -0.02518900 -0.12563200 -0.02919100
v -0.02518900 -0.12563200 -0.02919100
v -0.02520400 -0.12493200 -0.02960300
v -0.02520400 -0.12493200 -0.02960300
v -0.02520400 -0.12510700 -0.02960300
v -0.02520400 -0.12528200 -0.02960300
v -0.02520400 -0.12545700 -0.02960300
v -0.02520400 -0.12563200 -0.02960300
v -0.02520400 -0.12563200 -0.02960300
v -0.02520400 -0.12563200 -0.02960300
v -0.02521800 -0.12493200 -0.03001600
v -0.02521800 -0.12493200 -0.03001600
v -0.02521800 -0.12510700 -0.03001600
v -0.02521800 -0.12528200 -0.03001600
v -0.02521800 -0.12545700 -0.03001600
v -0.02521800 -0.12563200 -0.03001600
v -0.02521800 -0.12563200 -0.03001600
v -0.02523300 -0.12493200 -0.03042800
v -0.02523300 -0.12493200 -0.03042800
v -0.02523300 -0.12510700 -0.03042800
v -0.02523300 -0.12528200 -0.03042800
v -0.02523300 -0.12545700 -0.03042800
v -0.02523300 -0.12563200 -0.03042800
v -0.02523300 -0.12563200 -0.03042800
v -0.02524800 -0.12493200 -0.03084100
v -0.02524800 -0.12493200 -0.03084100
v -0.02524800 -0.12493200 -0.03084100
v -0.02524800 -0.12563200 -0.03084100
v -0.02524800 -0.12563200 -0.03084100
v -0.02524800 -0.12563200 -0.03084100
v -0.02518900 -0.12539900 -0.02919100
v -0.02518900 -0.12539900 -0.02919100
v -0.02518900 -0.12516500 -0.02919100
v -0.02518900 -0.12516500 -0.02919100
v -0.02524800 -0.12516500 -0.03084100
v -0.02524800 -0.12516500 -0.03084100
v -0.02524800 -0.12539900 -0.03084100
v -0.02524800 -0.12539900 -0.03084100
v -0.02524800 -0.12539900 -0.03084100
v -0.02524800 -0.12493200 -0.03084000
v -0.02524800 -0.12493200 -0.03084000
v -0.02524800 -0.12493200 -0.03084000
v -0.02524800 -0.12563200 -0.03084000
v -0.02524800 -0.12563200 -0.03084000
v -0.02524800 -0.12563200 -0.03084000
v -0.02636600 -0.12493200 -0.03080000
v -0.02636600 -0.12493200 -0.03080000
v -0.02636600 -0.12510700 -0.03080000
v -0.02636600 -0.12528200 -0.03080000
v -0.02636600 -0.12545700 -0.03080000
v -0.02636600 -0.12563200 -0.03080000
v -0.02636600 -0.12563200 -0.03080000
v -0.02636600 -0.12563200 -0.03080000
v -0.02748500 -0.12493200 -0.03076000
v -0.02748500 -0.12493200 -0.03076000
v -0.02748500 -0.12510700 -0.03076000
v -0.02748500 -0.12528200 -0.03076000
v -0.02748500 -0.12545700 -0.03076000
v -0.02748500 -0.12563200 -0.03076000
v -0.02748500 -0.12563200 -0.03076000
v -0.02748500 -0.12563200 -0.03076000
v -0.02860300 -0.12493200 -0.03071900
v -0.02860300 -0.12493200 -0.03071900
v -0.02860300 -0.12510700 -0.03071900
v -0.02860300 -0.12528200 -0.03071900
v -0.02860300 -0.12545700 -0.03071900
v -0.02860300 -0.12563200 -0.03071900
v -0.02860300 -0.12563200 -0.03071900
v -0.02972200 -0.12493200 -0.03067900
v -0.02972200 -0.12493200 -0.03067900
v -0.02972200 -0.12493200 -0.03067900
v -0.02972200 -0.12563200 -0.03067900
v -0.02972200 -0.12563200 -0.03067900
v -0.02972200 -0.12563200 -0.03067900
v -0.02972200 -0.12516500 -0.03067900
v -0.02972200 -0.12516500 -0.03067900
v -0.02972200 -0.12539900 -0.03067900
v -0.02972200 -0.12539900 -0.03067900
v -0.02524800 -0.12539900 -0.03084000
v -0.02524800 -0.12539900 -0.03084000
v -0.02524800 -0.12516500 -0.03084000
v -0.02524800 -0.12516500 -0.03084000
v -0.01624200 -0.12493200 -0.02967100
v -0.01624200 -0.12493200 -0.02967100
v -0.01624200 -0.12493200 -0.02967100
v -0.01624200 -0.12563200 -0.02967100
v -0.01624200 -0.12563200 -0.02967100
v -0.01624200 -0.12563200 -0.02967100
v -0.01625600 -0.12493200 -0.03004400
v -0.01625600 -0.12493200 -0.03004400
v -0.01625600 -0.12510700 -0.03004400
v -0.01625600 -0.12528200 -0.03004400
v -0.01625600 -0.12545700 -0.03004400
v -0.01625600 -0.12563200 -0.03004400
v -0.01625600 -0.12563200 -0.03004400
v -0.01626900 -0.12493200 -0.03041700
v -0.01626900 -0.12493200 -0.03041700
v -0.01626900 -0.12510700 -0.03041700
v -0.01626900 -0.12528200 -0.03041700
v -0.01626900 -0.12545700 -0.03041700
v -0.01626900 -0.12563200 -0.03041700
v -0.01626900 -0.12563200 -0.03041700
v -0.01628300 -0.12493200 -0.03079000
v -0.01628300 -0.12493200 -0.03079000
v -0.01628300 -0.12510700 -0.03079000
v -0.01628300 -0.12528200 -0.03079000
v -0.01628300 -0.12545700 -0.03079000
v -0.01628300 -0.12563200 -0.03079000
v -0.01628300 -0.12563200 -0.03079000
v -0.01629600 -0.12493200 -0.03116300
v -0.01629600 -0.12493200 -0.03116300
v -0.01629600 -0.12493200 -0.03116300
v -0.01629600 -0.12563200 -0.03116300
v -0.01629600 -0.12563200 -0.03116300
v -0.01629600 -0.12563200 -0.03116300
v -0.01629600 -0.12516500 -0.03116300
v -0.01629600 -0.12516500 -0.03116300
v -0.01629600 -0.12516500 -0.03116300
v -0.01629600 -0.12539900 -0.03116300
v -0.01629600 -0.12539900 -0.03116300
v -0.01629600 -0.12539900 -0.03116300
v -0.01624200 -0.12539900 -0.02967100
v -0.01624200 -0.12539900 -0.02967100
v -0.01624200 -0.12516500 -0.02967100
v -0.01624200 -0.12516500 -0.02967100
v -0.01629600 -0.12493200 -0.03116300
v -0.01629600 -0.12493200 -0.03116300
v -0.01629600 -0.12493200 -0.03116300
v -0.01629600 -0.12563200 -0.03116300
v -0.01629600 -0.12563200 -0.03116300
v -0.01629600 -0.12563200 -0.03116300
v -0.01816100 -0.12493200 -0.03109500
v -0.01816100 -0.12493200 -0.03109500
v -0.01816100 -0.12510700 -0.03109500
v -0.01816100 -0.12528200 -0.03109500
v -0.01816100 -0.12545700 -0.03109500
v -0.01816100 -0.12563200 -0.03109500
v -0.01816100 -0.12563200 -0.03109500
v -0.01816100 -0.12563200 -0.03109500
v -0.02002600 -0.12493200 -0.03102800
v -0.02002600 -0.12493200 -0.03102800
v -0.02002600 -0.12510700 -0.03102800
v -0.02002600 -0.12528200 -0.03102800
v -0.02002600 -0.12545700 -0.03102800
v -0.02002600 -0.12563200 -0.03102800
v -0.02002600 -0.12563200 -0.03102800
v -0.02002600 -0.12563200 -0.03102800
v -0.02189100 -0.12493200 -0.03096100
v -0.02189100 -0.12493200 -0.03096100
v -0.02189100 -0.12510700 -0.03096100
v -0.02189100 -0.12528200 -0.03096100
v -0.02189100 -0.12545700 -0.03096100
v -0.02189100 -0.12563200 -0.03096100
v -0.02189100 -0.12563200 -0.03096100
v -0.02375600 -0.12493200 -0.03089400
v -0.02375600 -0.12493200 -0.03089400
v -0.02375600 -0.12493200 -0.03089400
v -0.02375600 -0.12563200 -0.03089400
v -0.02375600 -0.12563200 -0.03089400
v -0.02375600 -0.12563200 -0.03089400
v -0.01629600 -0.12539900 -0.03116300
v -0.01629600 -0.12539900 -0.03116300
v -0.01629600 -0.12539900 -0.03116300
v -0.01629600 -0.12516500 -0.03116300
v -0.01629600 -0.12516500 -0.03116300
v -0.02375600 -0.12516500 -0.03089400
v -0.02375600 -0.12516500 -0.03089400
v -0.02375600 -0.12539900 -0.03089400
v -0.02375600 -0.12539900 -0.03089400
v -0.02375600 -0.12539900 -0.03089400
v -0.02375500 -0.12493200 -0.03089400
v -0.02375500 -0.12493200 -0.03089400
v -0.02375500 -0.12493200 -0.03089400
v -0.02375500 -0.12563200 -0.03089400
v -0.02375500 -0.12563200 -0.03089400
v -0.02375500 -0.12563200 -0.03089400
v -0.02374200 -0.12493200 -0.03052100
v -0.02374200 -0.12493200 -0.03052100
v -0.02374200 -0.12510700 -0.03052100
v -0.02374200 -0.12528200 -0.03052100
v -0.02374200 -0.12545700 -0.03052100
v -0.02374200 -0.12563200 -0.03052100
v -0.02374200 -0.12563200 -0.03052100
v -0.02372800 -0.12493200 -0.03014800
v -0.02372800 -0.12493200 -0.03014800
v -0.02372800 -0.12510700 -0.03014800
v -0.02372800 -0.12528200 -0.03014800
v -0.02372800 -0.12545700 -0.03014800
v -0.02372800 -0.12563200 -0.03014800
v -0.02372800 -0.12563200 -0.03014800
v -0.02371500 -0.12493200 -0.02977500
v -0.02371500 -0.12493200 -0.02977500
v -0.02371500 -0.12510700 -0.02977500
v -0.02371500 -0.12528200 -0.02977500
v -0.02371500 -0.12545700 -0.02977500
v -0.02371500 -0.12563200 -0.02977500
v -0.02371500 -0.12563200 -0.02977500
v -0.02370100 -0.12493200 -0.02940200
v -0.02370100 -0.12493200 -0.02940200
v -0.02370100 -0.12493200 -0.02940200
v -0.02370100 -0.12563200 -0.02940200
v -0.02370100 -0.12563200 -0.02940200
v -0.02370100 -0.12563200 -0.02940200
v -0.02375500 -0.12539900 -0.03089400
v -0.02375500 -0.12539900 -0.03089400
v -0.02375500 -0.12539900 -0.03089400
v -0.02375500 -0.12516500 -0.03089400
v -0.02375500 -0.12516500 -0.03089400
v -0.02370100 -0.12516500 -0.02940200
v -0.02370100 -0.12516500 -0.02940200
v -0.02370100 -0.12539900 -0.02940200
v -0.02370100 -0.12539900 -0.02940200
v -0.02370100 -0.12493200 -0.02940200
v -0.02370100 -0.12563200 -0.02940200
v -0.02368500 -0.12493200 -0.02921600
v -0.02368500 -0.12563200 -0.02921600
v -0.02364900 -0.12493200 -0.02903500
v -0.02364900 -0.12563200 -0.02903500
v -0.02359600 -0.12493200 -0.02885900
v -0.02359600 -0.12563200 -0.02885900
v -0.02352600 -0.12493200 -0.02869200
v -0.02352600 -0.12563200 -0.02869200
v -0.02344000 -0.12493200 -0.02853200
v -0.02344000 -0.12563200 -0.02853200
v -0.02334000 -0.12493200 -0.02838200
v -0.02334000 -0.12563200 -0.02838200
v -0.02322600 -0.12493200 -0.02824100
v -0.02322600 -0.12563200 -0.02824100
v -0.02310000 -0.12493200 -0.02811300
v -0.02310000 -0.12563200 -0.02811300
v -0.02296200 -0.12493200 -0.02799600
v -0.02296200 -0.12563200 -0.02799600
v -0.02281400 -0.12493200 -0.02789200
v -0.02281400 -0.12563200 -0.02789200
v -0.02265700 -0.12493200 -0.02780300
v -0.02265700 -0.12563200 -0.02780300
v -0.02249100 -0.12493200 -0.02772900
v -0.02249100 -0.12563200 -0.02772900
v -0.02231900 -0.12493200 -0.02767100
v -0.02231900 -0.12563200 -0.02767100
v -0.02214100 -0.12493200 -0.02763100
v -0.02214100 -0.12563200 -0.02763100
v -0.02195700 -0.12493200 -0.02760800
v -0.02195700 -0.12563200 -0.02760800
v -0.02177000 -0.12493200 -0.02760500
v -0.02177000 -0.12563200 -0.02760500
v -0.02370100 -0.12539900 -0.02940200
v -0.02370100 -0.12516500 -0.02940200
v -0.02177000 -0.12528200 -0.02760500
v -0.02177000 -0.12493200 -0.02760500
v -0.02177000 -0.12493200 -0.02760500
v -0.02177000 -0.12493200 -0.02760500
v -0.02177000 -0.12528200 -0.02760500
v -0.02177000 -0.12528200 -0.02760500
v -0.02177000 -0.12563200 -0.02760500
v -0.02177000 -0.12563200 -0.02760500
v -0.02177000 -0.12563200 -0.02760500
v -0.02083700 -0.12493200 -0.02763900
v -0.02083700 -0.12493200 -0.02763900
v -0.02083700 -0.12510700 -0.02763900
v -0.02083700 -0.12528200 -0.02763900
v -0.02083700 -0.12545700 -0.02763900
v -0.02083700 -0.12563200 -0.02763900
v -0.02083700 -0.12563200 -0.02763900
v -0.01990500 -0.12493200 -0.02767200
v -0.01990500 -0.12493200 -0.02767200
v -0.01990500 -0.12510700 -0.02767200
v -0.01990500 -0.12528200 -0.02767200
v -0.01990500 -0.12545700 -0.02767200
v -0.01990500 -0.12563200 -0.02767200
v -0.01990500 -0.12563200 -0.02767200
v -0.01897200 -0.12493200 -0.02770600
v -0.01897200 -0.12493200 -0.02770600
v -0.01897200 -0.12510700 -0.02770600
v -0.01897200 -0.12528200 -0.02770600
v -0.01897200 -0.12545700 -0.02770600
v -0.01897200 -0.12563200 -0.02770600
v -0.01897200 -0.12563200 -0.02770600
v -0.01803900 -0.12493200 -0.02773900
v -0.01803900 -0.12493200 -0.02773900
v -0.01803900 -0.12493200 -0.02773900
v -0.01803900 -0.12528200 -0.02773900
v -0.01803900 -0.12528200 -0.02773900
v -0.01803900 -0.12563200 -0.02773900
v -0.01803900 -0.12563200 -0.02773900
v -0.01803900 -0.12563200 -0.02773900
v -0.01803900 -0.12493200 -0.02773900
v -0.01803900 -0.12563200 -0.02773900
v -0.01785300 -0.12493200 -0.02775600
v -0.01785300 -0.12563200 -0.02775600
v -0.01767100 -0.12493200 -0.02779200
v -0.01767100 -0.12563200 -0.02779200
v -0.01749600 -0.12493200 -0.02784500
v -0.01749600 -0.12563200 -0.02784500
v -0.01732900 -0.12493200 -0.02791500
v -0.01732900 -0.12563200 -0.02791500
v -0.01716900 -0.12493200 -0.02800100
v -0.01716900 -0.12563200 -0.02800100
v -0.01701900 -0.12493200 -0.02810100
v -0.01701900 -0.12563200 -0.02810100
v -0.01687800 -0.12493200 -0.02821500
v -0.01687800 -0.12563200 -0.02821500
v -0.01675000 -0.12493200 -0.02834100
v -0.01675000 -0.12563200 -0.02834100
v -0.01663300 -0.12493200 -0.02847900
v -0.01663300 -0.12563200 -0.02847900
v -0.01652900 -0.12493200 -0.02862700
v -0.01652900 -0.12563200 -0.02862700
v -0.01644000 -0.12493200 -0.02878400
v -0.01644000 -0.12563200 -0.02878400
v -0.01636600 -0.12493200 -0.02895000
v -0.01636600 -0.12563200 -0.02895000
v -0.01630800 -0.12493200 -0.02912200
v -0.01630800 -0.12563200 -0.02912200
v -0.01626800 -0.12493200 -0.02930000
v -0.01626800 -0.12563200 -0.02930000
v -0.01624600 -0.12493200 -0.02948400
v -0.01624600 -0.12563200 -0.02948400
v -0.01624200 -0.12493200 -0.02967100
v -0.01624200 -0.12563200 -0.02967100
v -0.01624200 -0.12516500 -0.02967100
v -0.01624200 -0.12539900 -0.02967100
v -0.01803900 -0.12528200 -0.02773900
v -0.02977600 -0.12493100 -0.03217100
v -0.02977600 -0.12493100 -0.03217100
v -0.02977600 -0.12493100 -0.03217100
v -0.02972200 -0.12493100 -0.03067900
v -0.02972200 -0.12493100 -0.03067900
v -0.02972200 -0.12493100 -0.03067900
v -0.02973500 -0.12493100 -0.03105200
v -0.02973500 -0.12493100 -0.03105200
v -0.02973500 -0.12493100 -0.03105200
v -0.02974900 -0.12493100 -0.03142500
v -0.02974900 -0.12493100 -0.03142500
v -0.02976200 -0.12493100 -0.03179800
v -0.02976200 -0.12493100 -0.03179800
v -0.02604600 -0.12493100 -0.03230600
v -0.02604600 -0.12493100 -0.03230600
v -0.02231600 -0.12493100 -0.03244000
v -0.02231600 -0.12493100 -0.03244000
v -0.01858700 -0.12493100 -0.03257400
v -0.01858700 -0.12493100 -0.03257400
v -0.01485700 -0.12493100 -0.03270900
v -0.01485700 -0.12493100 -0.03270900
v -0.01485700 -0.12493100 -0.03270900
v -0.01483000 -0.12493100 -0.03196200
v -0.01483000 -0.12493100 -0.03196200
v -0.01480300 -0.12493100 -0.03121400
v -0.01480300 -0.12493100 -0.03121400
v -0.01477600 -0.12493100 -0.03046700
v -0.01477600 -0.12493100 -0.03046700
v -0.01474900 -0.12493100 -0.02972000
v -0.01474900 -0.12493100 -0.02972000
v -0.01474900 -0.12493100 -0.02972000
v -0.01474900 -0.12493100 -0.02972000
v -0.01475400 -0.12493100 -0.02937600
v -0.01475400 -0.12493100 -0.02937600
v -0.01475400 -0.12493100 -0.02937600
v -0.01475400 -0.12493100 -0.02937600
v -0.01479300 -0.12493100 -0.02904200
v -0.01479300 -0.12493100 -0.02904200
v -0.01479300 -0.12493100 -0.02904200
v -0.01479300 -0.12493100 -0.02904200
v -0.01479300 -0.12493100 -0.02904200
v -0.01486400 -0.12493100 -0.02871700
v -0.01486400 -0.12493100 -0.02871700
v -0.01486400 -0.12493100 -0.02871700
v -0.01486400 -0.12493100 -0.02871700
v -0.01486400 -0.12493100 -0.02871700
v -0.01496600 -0.12493100 -0.02840500
v -0.01496600 -0.12493100 -0.02840500
v -0.01496600 -0.12493100 -0.02840500
v -0.01496600 -0.12493100 -0.02840500
v -0.01496600 -0.12493100 -0.02840500
v -0.01509600 -0.12493100 -0.02810700
v -0.01509600 -0.12493100 -0.02810700
v -0.01509600 -0.12493100 -0.02810700
v -0.01509600 -0.12493100 -0.02810700
v -0.01509600 -0.12493100 -0.02810700
v -0.01525400 -0.12493100 -0.02782500
v -0.01525400 -0.12493100 -0.02782500
v -0.01525400 -0.12493100 -0.02782500
v -0.01543800 -0.12493100 -0.02756000
v -0.01543800 -0.12493100 -0.02756000
v -0.01543800 -0.12493100 -0.02756000
v -0.01564600 -0.12493100 -0.02731400
v -0.01564600 -0.12493100 -0.02731400
v -0.01564600 -0.12493100 -0.02731400
v -0.01587600 -0.12493100 -0.02708900
v -0.01587600 -0.12493100 -0.02708900
v -0.01587600 -0.12493100 -0.02708900
v -0.01612700 -0.12493100 -0.02688700
v -0.01612700 -0.12493100 -0.02688700
v -0.01612700 -0.12493100 -0.02688700
v -0.01639700 -0.12493100 -0.02670900
v -0.01639700 -0.12493100 -0.02670900
v -0.01639700 -0.12493100 -0.02670900
v -0.01668500 -0.12493100 -0.02655800
v -0.01668500 -0.12493100 -0.02655800
v -0.01668500 -0.12493100 -0.02655800
v -0.01698900 -0.12493100 -0.02643400
v -0.01698900 -0.12493100 -0.02643400
v -0.01698900 -0.12493100 -0.02643400
v -0.01698900 -0.12493100 -0.02643400
v -0.01730700 -0.12493100 -0.02634000
v -0.01730700 -0.12493100 -0.02634000
v -0.01730700 -0.12493100 -0.02634000
v -0.01730700 -0.12493100 -0.02634000
v -0.01763800 -0.12493100 -0.02627700
v -0.01763800 -0.12493100 -0.02627700
v -0.01763800 -0.12493100 -0.02627700
v -0.01798000 -0.12493100 -0.02624700
v -0.01798000 -0.12493100 -0.02624700
v -0.01798000 -0.12493100 -0.02624700
v -0.01798000 -0.12493100 -0.02624700
v -0.01798000 -0.12493100 -0.02624700
v -0.01895300 -0.12493100 -0.02621200
v -0.01895300 -0.12493100 -0.02621200
v -0.01992700 -0.12493100 -0.02617700
v -0.01992700 -0.12493100 -0.02617700
v -0.02090000 -0.12493100 -0.02614200
v -0.02090000 -0.12493100 -0.02614200
v -0.02187400 -0.12493100 -0.02610700
v -0.02187400 -0.12493100 -0.02610700
v -0.02187400 -0.12493100 -0.02610700
v -0.02220200 -0.12493100 -0.02611200
v -0.02220200 -0.12493100 -0.02611200
v -0.02220200 -0.12493100 -0.02611200
v -0.02252100 -0.12493100 -0.02614900
v -0.02252100 -0.12493100 -0.02614900
v -0.02252100 -0.12493100 -0.02614900
v -0.02283000 -0.12493100 -0.02621600
v -0.02283000 -0.12493100 -0.02621600
v -0.02283000 -0.12493100 -0.02621600
v -0.02312800 -0.12493100 -0.02631300
v -0.02312800 -0.12493100 -0.02631300
v -0.02312800 -0.12493100 -0.02631300
v -0.02341300 -0.12493100 -0.02643800
v -0.02341300 -0.12493100 -0.02643800
v -0.02341300 -0.12493100 -0.02643800
v -0.02341300 -0.12493100 -0.02643800
v -0.02368200 -0.12493100 -0.02658900
v -0.02368200 -0.12493100 -0.02658900
v -0.02368200 -0.12493100 -0.02658900
v -0.02368200 -0.12493100 -0.02658900
v -0.02393500 -0.12493100 -0.02676400
v -0.02393500 -0.12493100 -0.02676400
v -0.02393500 -0.12493100 -0.02676400
v -0.02417000 -0.12493100 -0.02696200
v -0.02417000 -0.12493100 -0.02696200
v -0.02417000 -0.12493100 -0.02696200
v -0.02438400 -0.12493100 -0.02718200
v -0.02438400 -0.12493100 -0.02718200
v -0.02438400 -0.12493100 -0.02718200
v -0.02438400 -0.12493100 -0.02718200
v -0.02457700 -0.12493100 -0.02742200
v -0.02457700 -0.12493100 -0.02742200
v -0.02457700 -0.12493100 -0.02742200
v -0.02474700 -0.12493100 -0.02768000
v -0.02474700 -0.12493100 -0.02768000
v -0.02474700 -0.12493100 -0.02768000
v -0.02474700 -0.12493100 -0.02768000
v -0.02489200 -0.12493100 -0.02795500
v -0.02489200 -0.12493100 -0.02795500
v -0.02489200 -0.12493100 -0.02795500
v -0.02489200 -0.12493100 -0.02795500
v -0.02501000 -0.12493100 -0.02824500
v -0.02501000 -0.12493100 -0.02824500
v -0.02501000 -0.12493100 -0.02824500
v -0.02510000 -0.12493100 -0.02854800
v -0.02510000 -0.12493100 -0.02854800
v -0.02510000 -0.12493100 -0.02854800
v -0.02510000 -0.12493100 -0.02854800
v -0.02510000 -0.12493100 -0.02854800
v -0.02516000 -0.12493100 -0.02886400
v -0.02516000 -0.12493100 -0.02886400
v -0.02516000 -0.12493100 -0.02886400
v -0.02516000 -0.12493100 -0.02886400
v -0.02518800 -0.12493100 -0.02919100
v -0.02518800 -0.12493100 -0.02919100
v -0.02518800 -0.12493100 -0.02919100
v -0.02518800 -0.12493100 -0.02919100
v -0.02520300 -0.12493100 -0.02960300
v -0.02520300 -0.12493100 -0.02960300
v -0.02520300 -0.12493100 -0.02960300
v -0.02521800 -0.12493100 -0.03001600
v -0.02521800 -0.12493100 -0.03001600
v -0.02521800 -0.12493100 -0.03001600
v -0.02521800 -0.12493100 -0.03001600
v -0.02523300 -0.12493100 -0.03042800
v -0.02523300 -0.12493100 -0.03042800
v -0.02523300 -0.12493100 -0.03042800
v -0.02524800 -0.12493100 -0.03084100
v -0.02524800 -0.12493100 -0.03084100
v -0.02524800 -0.12493100 -0.03084100
v -0.02636600 -0.12493100 -0.03080000
v -0.02636600 -0.12493100 -0.03080000
v -0.02636600 -0.12493100 -0.03080000
v -0.02748500 -0.12493100 -0.03076000
v -0.02748500 -0.12493100 -0.03076000
v -0.02748500 -0.12493100 -0.03076000
v -0.02860300 -0.12493100 -0.03072000
v -0.02860300 -0.12493100 -0.03072000
v -0.01624200 -0.12493100 -0.02967100
v -0.01624200 -0.12493100 -0.02967100
v -0.01624200 -0.12493100 -0.02967100
v -0.01624200 -0.12493100 -0.02967100
v -0.01625500 -0.12493100 -0.03004400
v -0.01625500 -0.12493100 -0.03004400
v -0.01625500 -0.12493100 -0.03004400
v -0.01626900 -0.12493100 -0.03041700
v -0.01626900 -0.12493100 -0.03041700
v -0.01628200 -0.12493100 -0.03079000
v -0.01628200 -0.12493100 -0.03079000
v -0.01629600 -0.12493100 -0.03116300
v -0.01629600 -0.12493100 -0.03116300
v -0.01629600 -0.12493100 -0.03116300
v -0.01816100 -0.12493100 -0.03109600
v -0.01816100 -0.12493100 -0.03109600
v -0.02002600 -0.12493100 -0.03102900
v -0.02002600 -0.12493100 -0.03102900
v -0.02189100 -0.12493100 -0.03096200
v -0.02189100 -0.12493100 -0.03096200
v -0.02375600 -0.12493100 -0.03089400
v -0.02375600 -0.12493100 -0.03089400
v -0.02375600 -0.12493100 -0.03089400
v -0.02374200 -0.12493100 -0.03052100
v -0.02374200 -0.12493100 -0.03052100
v -0.02374200 -0.12493100 -0.03052100
v -0.02372900 -0.12493100 -0.03014800
v -0.02372900 -0.12493100 -0.03014800
v -0.02372900 -0.12493100 -0.03014800
v -0.02371500 -0.12493100 -0.02977500
v -0.02371500 -0.12493100 -0.02977500
v -0.02371500 -0.12493100 -0.02977500
v -0.02370200 -0.12493100 -0.02940200
v -0.02370200 -0.12493100 -0.02940200
v -0.02370200 -0.12493100 -0.02940200
v -0.02368500 -0.12493100 -0.02921600
v -0.02368500 -0.12493100 -0.02921600
v -0.02368500 -0.12493100 -0.02921600
v -0.02365000 -0.12493100 -0.02903400
v -0.02365000 -0.12493100 -0.02903400
v -0.02365000 -0.12493100 -0.02903400
v -0.02365000 -0.12493100 -0.02903400
v -0.02365000 -0.12493100 -0.02903400
v -0.02359600 -0.12493100 -0.02885900
v -0.02359600 -0.12493100 -0.02885900
v -0.02359600 -0.12493100 -0.02885900
v -0.02359600 -0.12493100 -0.02885900
v -0.02352600 -0.12493100 -0.02869100
v -0.02352600 -0.12493100 -0.02869100
v -0.02352600 -0.12493100 -0.02869100
v -0.02352600 -0.12493100 -0.02869100
v -0.02344100 -0.12493100 -0.02853200
v -0.02344100 -0.12493100 -0.02853200
v -0.02344100 -0.12493100 -0.02853200
v -0.02334000 -0.12493100 -0.02838100
v -0.02334000 -0.12493100 -0.02838100
v -0.02334000 -0.12493100 -0.02838100
v -0.02322600 -0.12493100 -0.02824100
v -0.02322600 -0.12493100 -0.02824100
v -0.02322600 -0.12493100 -0.02824100
v -0.02322600 -0.12493100 -0.02824100
v -0.02310000 -0.12493100 -0.02811200
v -0.02310000 -0.12493100 -0.02811200
v -0.02310000 -0.12493100 -0.02811200
v -0.02310000 -0.12493100 -0.02811200
v -0.02310000 -0.12493100 -0.02811200
v -0.02296200 -0.12493100 -0.02799500
v -0.02296200 -0.12493100 -0.02799500
v -0.02296200 -0.12493100 -0.02799500
v -0.02296200 -0.12493100 -0.02799500
v -0.02281400 -0.12493100 -0.02789200
v -0.02281400 -0.12493100 -0.02789200
v -0.02281400 -0.12493100 -0.02789200
v -0.02265700 -0.12493100 -0.02780300
v -0.02265700 -0.12493100 -0.02780300
v -0.02265700 -0.12493100 -0.02780300
v -0.02265700 -0.12493100 -0.02780300
v -0.02249200 -0.12493100 -0.02772900
v -0.02249200 -0.12493100 -0.02772900
v -0.02249200 -0.12493100 -0.02772900
v -0.02249200 -0.12493100 -0.02772900
v -0.02231900 -0.12493100 -0.02767100
v -0.02231900 -0.12493100 -0.02767100
v -0.02231900 -0.12493100 -0.02767100
v -0.02214100 -0.12493100 -0.02763000
v -0.02214100 -0.12493100 -0.02763000
v -0.02214100 -0.12493100 -0.02763000
v -0.02214100 -0.12493100 -0.02763000
v -0.02195700 -0.12493100 -0.02760800
v -0.02195700 -0.12493100 -0.02760800
v -0.02195700 -0.12493100 -0.02760800
v -0.02195700 -0.12493100 -0.02760800
v -0.02195700 -0.12493100 -0.02760800
v -0.02177000 -0.12493100 -0.02760500
v -0.02177000 -0.12493100 -0.02760500
v -0.02177000 -0.12493100 -0.02760500
v -0.02177000 -0.12493100 -0.02760500
v -0.02083700 -0.12493100 -0.02763800
v -0.02083700 -0.12493100 -0.02763800
v -0.01990400 -0.12493100 -0.02767200
v -0.01990400 -0.12493100 -0.02767200
v -0.01897200 -0.12493100 -0.02770500
v -0.01897200 -0.12493100 -0.02770500
v -0.01803900 -0.12493100 -0.02773900
v -0.01803900 -0.12493100 -0.02773900
v -0.01803900 -0.12493100 -0.02773900
v -0.01785200 -0.12493100 -0.02775600
v -0.01785200 -0.12493100 -0.02775600
v -0.01785200 -0.12493100 -0.02775600
v -0.01767100 -0.12493100 -0.02779100
v -0.01767100 -0.12493100 -0.02779100
v -0.01767100 -0.12493100 -0.02779100
v -0.01749600 -0.12493100 -0.02784400
v -0.01749600 -0.12493100 -0.02784400
v -0.01749600 -0.12493100 -0.02784400
v -0.01732800 -0.12493100 -0.02791500
v -0.01732800 -0.12493100 -0.02791500
v -0.01732800 -0.12493100 -0.02791500
v -0.01716900 -0.12493100 -0.02800000
v -0.01716900 -0.12493100 -0.02800000
v -0.01716900 -0.12493100 -0.02800000
v -0.01701800 -0.12493100 -0.02810100
v -0.01701800 -0.12493100 -0.02810100
v -0.01701800 -0.12493100 -0.02810100
v -0.01687800 -0.12493100 -0.02821500
v -0.01687800 -0.12493100 -0.02821500
v -0.01687800 -0.12493100 -0.02821500
v -0.01687800 -0.12493100 -0.02821500
v -0.01674900 -0.12493100 -0.02834100
v -0.01674900 -0.12493100 -0.02834100
v -0.01674900 -0.12493100 -0.02834100
v -0.01674900 -0.12493100 -0.02834100
v -0.01674900 -0.12493100 -0.02834100
v -0.01663300 -0.12493100 -0.02847900
v -0.01663300 -0.12493100 -0.02847900
v -0.01663300 -0.12493100 -0.02847900
v -0.01652900 -0.12493100 -0.02862700
v -0.01652900 -0.12493100 -0.02862700
v -0.01652900 -0.12493100 -0.02862700
v -0.01652900 -0.12493100 -0.02862700
v -0.01644000 -0.12493100 -0.02878400
v -0.01644000 -0.12493100 -0.02878400
v -0.01644000 -0.12493100 -0.02878400
v -0.01644000 -0.12493100 -0.02878400
v -0.01636600 -0.12493100 -0.02894900
v -0.01636600 -0.12493100 -0.02894900
v -0.01636600 -0.12493100 -0.02894900
v -0.01636600 -0.12493100 -0.02894900
v -0.01636600 -0.12493100 -0.02894900
v -0.01630800 -0.12493100 -0.02912200
v -0.01630800 -0.12493100 -0.02912200
v -0.01630800 -0.12493100 -0.02912200
v -0.01630800 -0.12493100 -0.02912200
v -0.01626700 -0.12493100 -0.02930000
v -0.01626700 -0.12493100 -0.02930000
v -0.01626700 -0.12493100 -0.02930000
v -0.01626700 -0.12493100 -0.02930000
v -0.01626700 -0.12493100 -0.02930000
v -0.01624500 -0.12493100 -0.02948400
v -0.01624500 -0.12493100 -0.02948400
v -0.01624500 -0.12493100 -0.02948400
v -0.01624500 -0.12493100 -0.02948400
v -0.02977600 -0.12563200 -0.03217100
v -0.02977600 -0.12563200 -0.03217100
v -0.02977600 -0.12563200 -0.03217100
v -0.02972200 -0.12563200 -0.03067900
v -0.02972200 -0.12563200 -0.03067900
v -0.02972200 -0.12563200 -0.03067900
v -0.02973500 -0.12563200 -0.03105200
v -0.02973500 -0.12563200 -0.03105200
v -0.02973500 -0.12563200 -0.03105200
v -0.02974900 -0.12563200 -0.03142500
v -0.02974900 -0.12563200 -0.03142500
v -0.02974900 -0.12563200 -0.03142500
v -0.02976200 -0.12563200 -0.03179800
v -0.02976200 -0.12563200 -0.03179800
v -0.02604600 -0.12563200 -0.03230600
v -0.02604600 -0.12563200 -0.03230600
v -0.02231600 -0.12563200 -0.03244000
v -0.02231600 -0.12563200 -0.03244000
v -0.01858700 -0.12563200 -0.03257400
v -0.01858700 -0.12563200 -0.03257400
v -0.01485700 -0.12563200 -0.03270900
v -0.01485700 -0.12563200 -0.03270900
v -0.01485700 -0.12563200 -0.03270900
v -0.01483000 -0.12563200 -0.03196200
v -0.01483000 -0.12563200 -0.03196200
v -0.01480300 -0.12563200 -0.03121400
v -0.01480300 -0.12563200 -0.03121400
v -0.01480300 -0.12563200 -0.03121400
v -0.01477600 -0.12563200 -0.03046700
v -0.01477600 -0.12563200 -0.03046700
v -0.01474900 -0.12563200 -0.02972000
v -0.01474900 -0.12563200 -0.02972000
v -0.01474900 -0.12563200 -0.02972000
v -0.01474900 -0.12563200 -0.02972000
v -0.01475400 -0.12563200 -0.02937600
v -0.01475400 -0.12563200 -0.02937600
v -0.01475400 -0.12563200 -0.02937600
v -0.01475400 -0.12563200 -0.02937600
v -0.01479300 -0.12563200 -0.02904200
v -0.01479300 -0.12563200 -0.02904200
v -0.01479300 -0.12563200 -0.02904200
v -0.01479300 -0.12563200 -0.02904200
v -0.01486400 -0.12563200 -0.02871700
v -0.01486400 -0.12563200 -0.02871700
v -0.01486400 -0.12563200 -0.02871700
v -0.01486400 -0.12563200 -0.02871700
v -0.01486400 -0.12563200 -0.02871700
v -0.01496600 -0.12563200 -0.02840500
v -0.01496600 -0.12563200 -0.02840500
v -0.01496600 -0.12563200 -0.02840500
v -0.01496600 -0.12563200 -0.02840500
v -0.01509600 -0.12563200 -0.02810700
v -0.01509600 -0.12563200 -0.02810700
v -0.01509600 -0.12563200 -0.02810700
v -0.01525400 -0.12563200 -0.02782500
v -0.01525400 -0.12563200 -0.02782500
v -0.01525400 -0.12563200 -0.02782500
v -0.01543800 -0.12563200 -0.02756000
v -0.01543800 -0.12563200 -0.02756000
v -0.01543800 -0.12563200 -0.02756000
v -0.01543800 -0.12563200 -0.02756000
v -0.01564600 -0.12563200 -0.02731400
v -0.01564600 -0.12563200 -0.02731400
v -0.01564600 -0.12563200 -0.02731400
v -0.01564600 -0.12563200 -0.02731400
v -0.01587600 -0.12563200 -0.02708900
v -0.01587600 -0.12563200 -0.02708900
v -0.01587600 -0.12563200 -0.02708900
v -0.01587600 -0.12563200 -0.02708900
v -0.01612700 -0.12563200 -0.02688700
v -0.01612700 -0.12563200 -0.02688700
v -0.01612700 -0.12563200 -0.02688700
v -0.01612700 -0.12563200 -0.02688700
v -0.01639700 -0.12563200 -0.02670900
v -0.01639700 -0.12563200 -0.02670900
v -0.01639700 -0.12563200 -0.02670900
v -0.01668500 -0.12563200 -0.02655800
v -0.01668500 -0.12563200 -0.02655800
v -0.01668500 -0.12563200 -0.02655800
v -0.01698900 -0.12563200 -0.02643400
v -0.01698900 -0.12563200 -0.02643400
v -0.01698900 -0.12563200 -0.02643400
v -0.01698900 -0.12563200 -0.02643400
v -0.01730700 -0.12563200 -0.02634000
v -0.01730700 -0.12563200 -0.02634000
v -0.01730700 -0.12563200 -0.02634000
v -0.01730700 -0.12563200 -0.02634000
v -0.01763800 -0.12563200 -0.02627700
v -0.01763800 -0.12563200 -0.02627700
v -0.01763800 -0.12563200 -0.02627700
v -0.01798000 -0.12563200 -0.02624700
v -0.01798000 -0.12563200 -0.02624700
v -0.01798000 -0.12563200 -0.02624700
v -0.01798000 -0.12563200 -0.02624700
v -0.01798000 -0.12563200 -0.02624700
v -0.01895300 -0.12563200 -0.02621200
v -0.01895300 -0.12563200 -0.02621200
v -0.01992700 -0.12563200 -0.02617700
v -0.01992700 -0.12563200 -0.02617700
v -0.01992700 -0.12563200 -0.02617700
v -0.02090000 -0.12563200 -0.02614200
v -0.02090000 -0.12563200 -0.02614200
v -0.02090000 -0.12563200 -0.02614200
v -0.02187400 -0.12563200 -0.02610700
v -0.02187400 -0.12563200 -0.02610700
v -0.02187400 -0.12563200 -0.02610700
v -0.02187400 -0.12563200 -0.02610700
v -0.02220200 -0.12563200 -0.02611200
v -0.02220200 -0.12563200 -0.02611200
v -0.02220200 -0.12563200 -0.02611200
v -0.02252100 -0.12563200 -0.02614900
v -0.02252100 -0.12563200 -0.02614900
v -0.02252100 -0.12563200 -0.02614900
v -0.02252100 -0.12563200 -0.02614900
v -0.02283000 -0.12563200 -0.02621600
v -0.02283000 -0.12563200 -0.02621600
v -0.02283000 -0.12563200 -0.02621600
v -0.02283000 -0.12563200 -0.02621600
v -0.02312800 -0.12563200 -0.02631300
v -0.02312800 -0.12563200 -0.02631300
v -0.02312800 -0.12563200 -0.02631300
v -0.02341300 -0.12563200 -0.02643800
v -0.02341300 -0.12563200 -0.02643800
v -0.02341300 -0.12563200 -0.02643800
v -0.02341300 -0.12563200 -0.02643800
v -0.02368200 -0.12563200 -0.02658900
v -0.02368200 -0.12563200 -0.02658900
v -0.02368200 -0.12563200 -0.02658900
v -0.02393500 -0.12563200 -0.02676400
v -0.02393500 -0.12563200 -0.02676400
v -0.02393500 -0.12563200 -0.02676400
v -0.02393500 -0.12563200 -0.02676400
v -0.02417000 -0.12563200 -0.02696200
v -0.02417000 -0.12563200 -0.02696200
v -0.02417000 -0.12563200 -0.02696200
v -0.02417000 -0.12563200 -0.02696200
v -0.02438400 -0.12563200 -0.02718200
v -0.02438400 -0.12563200 -0.02718200
v -0.02438400 -0.12563200 -0.02718200
v -0.02438400 -0.12563200 -0.02718200
v -0.02457700 -0.12563200 -0.02742200
v -0.02457700 -0.12563200 -0.02742200
v -0.02457700 -0.12563200 -0.02742200
v -0.02474700 -0.12563200 -0.02768000
v -0.02474700 -0.12563200 -0.02768000
v -0.02474700 -0.12563200 -0.02768000
v -0.02489200 -0.12563200 -0.02795500
v -0.02489200 -0.12563200 -0.02795500
v -0.02489200 -0.12563200 -0.02795500
v -0.02489200 -0.12563200 -0.02795500
v -0.02501000 -0.12563200 -0.02824500
v -0.02501000 -0.12563200 -0.02824500
v -0.02501000 -0.12563200 -0.02824500
v -0.02510000 -0.12563200 -0.02854800
v -0.02510000 -0.12563200 -0.02854800
v -0.02510000 -0.12563200 -0.02854800
v -0.02510000 -0.12563200 -0.02854800
v -0.02516000 -0.12563200 -0.02886400
v -0.02516000 -0.12563200 -0.02886400
v -0.02516000 -0.12563200 -0.02886400
v -0.02516000 -0.12563200 -0.02886400
v -0.02518800 -0.12563200 -0.02919100
v -0.02518800 -0.12563200 -0.02919100
v -0.02518800 -0.12563200 -0.02919100
v -0.02518800 -0.12563200 -0.02919100
v -0.02518800 -0.12563200 -0.02919100
v -0.02520300 -0.12563200 -0.02960300
v -0.02520300 -0.12563200 -0.02960300
v -0.02521800 -0.12563200 -0.03001600
v -0.02521800 -0.12563200 -0.03001600
v -0.02523300 -0.12563200 -0.03042800
v -0.02523300 -0.12563200 -0.03042800
v -0.02524800 -0.12563200 -0.03084100
v -0.02524800 -0.12563200 -0.03084100
v -0.02524800 -0.12563200 -0.03084100
v -0.02636600 -0.12563200 -0.03080000
v -0.02636600 -0.12563200 -0.03080000
v -0.02636600 -0.12563200 -0.03080000
v -0.02748500 -0.12563200 -0.03076000
v -0.02748500 -0.12563200 -0.03076000
v -0.02748500 -0.12563200 -0.03076000
v -0.02860300 -0.12563200 -0.03072000
v -0.02860300 -0.12563200 -0.03072000
v -0.02860300 -0.12563200 -0.03072000
v -0.01624200 -0.12563200 -0.02967100
v -0.01624200 -0.12563200 -0.02967100
v -0.01624200 -0.12563200 -0.02967100
v -0.01625500 -0.12563200 -0.03004400
v -0.01625500 -0.12563200 -0.03004400
v -0.01625500 -0.12563200 -0.03004400
v -0.01626900 -0.12563200 -0.03041700
v -0.01626900 -0.12563200 -0.03041700
v -0.01626900 -0.12563200 -0.03041700
v -0.01628200 -0.12563200 -0.03079000
v -0.01628200 -0.12563200 -0.03079000
v -0.01628200 -0.12563200 -0.03079000
v -0.01628200 -0.12563200 -0.03079000
v -0.01629600 -0.12563200 -0.03116300
v -0.01629600 -0.12563200 -0.03116300
v -0.01629600 -0.12563200 -0.03116300
v -0.01629600 -0.12563200 -0.03116300
v -0.01816100 -0.12563200 -0.03109600
v -0.01816100 -0.12563200 -0.03109600
v -0.02002600 -0.12563200 -0.03102900
v -0.02002600 -0.12563200 -0.03102900
v -0.02002600 -0.12563200 -0.03102900
v -0.02189100 -0.12563200 -0.03096200
v -0.02189100 -0.12563200 -0.03096200
v -0.02189100 -0.12563200 -0.03096200
v -0.02375600 -0.12563200 -0.03089400
v -0.02375600 -0.12563200 -0.03089400
v -0.02375600 -0.12563200 -0.03089400
v -0.02374200 -0.12563200 -0.03052100
v -0.02374200 -0.12563200 -0.03052100
v -0.02374200 -0.12563200 -0.03052100
v -0.02372900 -0.12563200 -0.03014800
v -0.02372900 -0.12563200 -0.03014800
v -0.02372900 -0.12563200 -0.03014800
v -0.02371500 -0.12563200 -0.02977500
v -0.02371500 -0.12563200 -0.02977500
v -0.02371500 -0.12563200 -0.02977500
v -0.02370200 -0.12563200 -0.02940200
v -0.02370200 -0.12563200 -0.02940200
v -0.02370200 -0.12563200 -0.02940200
v -0.02370200 -0.12563200 -0.02940200
v -0.02368500 -0.12563200 -0.02921600
v -0.02368500 -0.12563200 -0.02921600
v -0.02368500 -0.12563200 -0.02921600
v -0.02368500 -0.12563200 -0.02921600
v -0.02365000 -0.12563200 -0.02903400
v -0.02365000 -0.12563200 -0.02903400
v -0.02365000 -0.12563200 -0.02903400
v -0.02365000 -0.12563200 -0.02903400
v -0.02359600 -0.12563200 -0.02885900
v -0.02359600 -0.12563200 -0.02885900
v -0.02359600 -0.12563200 -0.02885900
v -0.02359600 -0.12563200 -0.02885900
v -0.02359600 -0.12563200 -0.02885900
v -0.02352600 -0.12563200 -0.02869100
v -0.02352600 -0.12563200 -0.02869100
v -0.02352600 -0.12563200 -0.02869100
v -0.02352600 -0.12563200 -0.02869100
v -0.02344100 -0.12563200 -0.02853200
v -0.02344100 -0.12563200 -0.02853200
v -0.02344100 -0.12563200 -0.02853200
v -0.02334000 -0.12563200 -0.02838100
v -0.02334000 -0.12563200 -0.02838100
v -0.02334000 -0.12563200 -0.02838100
v -0.02334000 -0.12563200 -0.02838100
v -0.02322600 -0.12563200 -0.02824100
v -0.02322600 -0.12563200 -0.02824100
v -0.02322600 -0.12563200 -0.02824100
v -0.02322600 -0.12563200 -0.02824100
v -0.02310000 -0.12563200 -0.02811200
v -0.02310000 -0.12563200 -0.02811200
v -0.02310000 -0.12563200 -0.02811200
v -0.02296200 -0.12563200 -0.02799500
v -0.02296200 -0.12563200 -0.02799500
v -0.02296200 -0.12563200 -0.02799500
v -0.02281400 -0.12563200 -0.02789200
v -0.02281400 -0.12563200 -0.02789200
v -0.02281400 -0.12563200 -0.02789200
v -0.02265700 -0.12563200 -0.02780300
v -0.02265700 -0.12563200 -0.02780300
v -0.02265700 -0.12563200 -0.02780300
v -0.02265700 -0.12563200 -0.02780300
v -0.02249200 -0.12563200 -0.02772900
v -0.02249200 -0.12563200 -0.02772900
v -0.02249200 -0.12563200 -0.02772900
v -0.02249200 -0.12563200 -0.02772900
v -0.02231900 -0.12563200 -0.02767100
v -0.02231900 -0.12563200 -0.02767100
v -0.02231900 -0.12563200 -0.02767100
v -0.02214100 -0.12563200 -0.02763000
v -0.02214100 -0.12563200 -0.02763000
v -0.02214100 -0.12563200 -0.02763000
v -0.02214100 -0.12563200 -0.02763000
v -0.02195700 -0.12563200 -0.02760800
v -0.02195700 -0.12563200 -0.02760800
v -0.02195700 -0.12563200 -0.02760800
v -0.02195700 -0.12563200 -0.02760800
v -0.02177000 -0.12563200 -0.02760500
v -0.02177000 -0.12563200 -0.02760500
v -0.02177000 -0.12563200 -0.02760500
v -0.02177000 -0.12563200 -0.02760500
v -0.02083700 -0.12563200 -0.02763800
v -0.02083700 -0.12563200 -0.02763800
v -0.01990400 -0.12563200 -0.02767200
v -0.01990400 -0.12563200 -0.02767200
v -0.01990400 -0.12563200 -0.02767200
v -0.01897200 -0.12563200 -0.02770500
v -0.01897200 -0.12563200 -0.02770500
v -0.01897200 -0.12563200 -0.02770500
v -0.01803900 -0.12563200 -0.02773900
v -0.01803900 -0.12563200 -0.02773900
v -0.01803900 -0.12563200 -0.02773900
v -0.01785200 -0.12563200 -0.02775600
v -0.01785200 -0.12563200 -0.02775600
v -0.01785200 -0.12563200 -0.02775600
v -0.01785200 -0.12563200 -0.02775600
v -0.01767100 -0.12563200 -0.02779100
v -0.01767100 -0.12563200 -0.02779100
v -0.01767100 -0.12563200 -0.02779100
v -0.01767100 -0.12563200 -0.02779100
v -0.01767100 -0.12563200 -0.02779100
v -0.01749600 -0.12563200 -0.02784400
v -0.01749600 -0.12563200 -0.02784400
v -0.01749600 -0.12563200 -0.02784400
v -0.01749600 -0.12563200 -0.02784400
v -0.01732800 -0.12563200 -0.02791500
v -0.01732800 -0.12563200 -0.02791500
v -0.01732800 -0.12563200 -0.02791500
v -0.01732800 -0.12563200 -0.02791500
v -0.01716900 -0.12563200 -0.02800000
v -0.01716900 -0.12563200 -0.02800000
v -0.01716900 -0.12563200 -0.02800000
v -0.01701800 -0.12563200 -0.02810100
v -0.01701800 -0.12563200 -0.02810100
v -0.01701800 -0.12563200 -0.02810100
v -0.01687800 -0.12563200 -0.02821500
v -0.01687800 -0.12563200 -0.02821500
v -0.01687800 -0.12563200 -0.02821500
v -0.01674900 -0.12563200 -0.02834100
v -0.01674900 -0.12563200 -0.02834100
v -0.01674900 -0.12563200 -0.02834100
v -0.01663300 -0.12563200 -0.02847900
v -0.01663300 -0.12563200 -0.02847900
v -0.01663300 -0.12563200 -0.02847900
v -0.01663300 -0.12563200 -0.02847900
v -0.01652900 -0.12563200 -0.02862700
v -0.01652900 -0.12563200 -0.02862700
v -0.01652900 -0.12563200 -0.02862700
v -0.01652900 -0.12563200 -0.02862700
v -0.01644000 -0.12563200 -0.02878400
v -0.01644000 -0.12563200 -0.02878400
v -0.01644000 -0.12563200 -0.02878400
v -0.01644000 -0.12563200 -0.02878400
v -0.01636600 -0.12563200 -0.02894900
v -0.01636600 -0.12563200 -0.02894900
v -0.01636600 -0.12563200 -0.02894900
v -0.01636600 -0.12563200 -0.02894900
v -0.01630800 -0.12563200 -0.02912200
v -0.01630800 -0.12563200 -0.02912200
v -0.01630800 -0.12563200 -0.02912200
v -0.01626700 -0.12563200 -0.02930000
v -0.01626700 -0.12563200 -0.02930000
v -0.01626700 -0.12563200 -0.02930000
v -0.01626700 -0.12563200 -0.02930000
v -0.01626700 -0.12563200 -0.02930000
v -0.01624500 -0.12563200 -0.02948400
v -0.01624500 -0.12563200 -0.02948400
v -0.01624500 -0.12563200 -0.02948400
v -0.01624500 -0.12563200 -0.02948400
v -0.01624500 -0.12563200 -0.02948400
v -0.02972100 -0.12493200 -0.03067900
v -0.02972100 -0.12493200 -0.03067900
v -0.02972100 -0.12493200 -0.03067900
v -0.02972100 -0.12563200 -0.03067900
v -0.02972100 -0.12563200 -0.03067900
v -0.02972100 -0.12563200 -0.03067900
v -0.02973500 -0.12493200 -0.03105200
v -0.02973500 -0.12493200 -0.03105200
v -0.02973500 -0.12510700 -0.03105200
v -0.02973500 -0.12528200 -0.03105200
v -0.02973500 -0.12545700 -0.03105200
v -0.02973500 -0.12563200 -0.03105200
v -0.02973500 -0.12563200 -0.03105200
v -0.02974800 -0.12493200 -0.03142500
v -0.02974800 -0.12493200 -0.03142500
v -0.02974800 -0.12510700 -0.03142500
v -0.02974800 -0.12528200 -0.03142500
v -0.02974800 -0.12545700 -0.03142500
v -0.02974800 -0.12563200 -0.03142500
v -0.02974800 -0.12563200 -0.03142500
v -0.02976200 -0.12493200 -0.03179800
v -0.02976200 -0.12493200 -0.03179800
v -0.02976200 -0.12510700 -0.03179800
v -0.02976200 -0.12528200 -0.03179800
v -0.02976200 -0.12545700 -0.03179800
v -0.02976200 -0.12563200 -0.03179800
v -0.02976200 -0.12563200 -0.03179800
v -0.02977500 -0.12493200 -0.03217100
v -0.02977500 -0.12493200 -0.03217100
v -0.02977500 -0.12493200 -0.03217100
v -0.02977500 -0.12563200 -0.03217100
v -0.02977500 -0.12563200 -0.03217100
v -0.02977500 -0.12563200 -0.03217100
v -0.02977500 -0.12516500 -0.03217100
v -0.02977500 -0.12516500 -0.03217100
v -0.02977500 -0.12539900 -0.03217100
v -0.02977500 -0.12539900 -0.03217100
v -0.02972100 -0.12539900 -0.03067900
v -0.02972100 -0.12539900 -0.03067900
v -0.02972100 -0.12516500 -0.03067900
v -0.02972100 -0.12516500 -0.03067900
v -0.02977600 -0.12493200 -0.03217100
v -0.02977600 -0.12493200 -0.03217100
v -0.02977600 -0.12493200 -0.03217100
v -0.02977600 -0.12563200 -0.03217100
v -0.02977600 -0.12563200 -0.03217100
v -0.02977600 -0.12563200 -0.03217100
v -0.02604600 -0.12493200 -0.03230500
v -0.02604600 -0.12493200 -0.03230500
v -0.02604600 -0.12510700 -0.03230500
v -0.02604600 -0.12528200 -0.03230500
v -0.02604600 -0.12545700 -0.03230500
v -0.02604600 -0.12563200 -0.03230500
v -0.02604600 -0.12563200 -0.03230500
v -0.02231600 -0.12493200 -0.03244000
v -0.02231600 -0.12493200 -0.03244000
v -0.02231600 -0.12510700 -0.03244000
v -0.02231600 -0.12528200 -0.03244000
v -0.02231600 -0.12545700 -0.03244000
v -0.02231600 -0.12563200 -0.03244000
v -0.02231600 -0.12563200 -0.03244000
v -0.01858700 -0.12493200 -0.03257400
v -0.01858700 -0.12493200 -0.03257400
v -0.01858700 -0.12510700 -0.03257400
v -0.01858700 -0.12528200 -0.03257400
v -0.01858700 -0.12545700 -0.03257400
v -0.01858700 -0.12563200 -0.03257400
v -0.01858700 -0.12563200 -0.03257400
v -0.01485700 -0.12493200 -0.03270800
v -0.01485700 -0.12493200 -0.03270800
v -0.01485700 -0.12493200 -0.03270800
v -0.01485700 -0.12528200 -0.03270800
v -0.01485700 -0.12528200 -0.03270800
v -0.01485700 -0.12528200 -0.03270800
v -0.01485700 -0.12563200 -0.03270800
v -0.01485700 -0.12563200 -0.03270800
v -0.01485700 -0.12563200 -0.03270800
v -0.02977600 -0.12539900 -0.03217100
v -0.02977600 -0.12539900 -0.03217100
v -0.02977600 -0.12516500 -0.03217100
v -0.02977600 -0.12516500 -0.03217100
v -0.01485800 -0.12493200 -0.03270900
v -0.01485800 -0.12493200 -0.03270900
v -0.01485800 -0.12493200 -0.03270900
v -0.01485800 -0.12528200 -0.03270900
v -0.01485800 -0.12528200 -0.03270900
v -0.01485800 -0.12528200 -0.03270900
v -0.01485800 -0.12563200 -0.03270900
v -0.01485800 -0.12563200 -0.03270900
v -0.01485800 -0.12563200 -0.03270900
v -0.01483100 -0.12493200 -0.03196200
v -0.01483100 -0.12493200 -0.03196200
v -0.01483100 -0.12510700 -0.03196200
v -0.01483100 -0.12528200 -0.03196200
v -0.01483100 -0.12545700 -0.03196200
v -0.01483100 -0.12563200 -0.03196200
v -0.01483100 -0.12563200 -0.03196200
v -0.01480400 -0.12493200 -0.03121400
v -0.01480400 -0.12493200 -0.03121400
v -0.01480400 -0.12510700 -0.03121400
v -0.01480400 -0.12528200 -0.03121400
v -0.01480400 -0.12545700 -0.03121400
v -0.01480400 -0.12563200 -0.03121400
v -0.01480400 -0.12563200 -0.03121400
v -0.01480400 -0.12563200 -0.03121400
v -0.01477700 -0.12493200 -0.03046700
v -0.01477700 -0.12493200 -0.03046700
v -0.01477700 -0.12510700 -0.03046700
v -0.01477700 -0.12528200 -0.03046700
v -0.01477700 -0.12545700 -0.03046700
v -0.01477700 -0.12563200 -0.03046700
v -0.01477700 -0.12563200 -0.03046700
v -0.01477700 -0.12563200 -0.03046700
v -0.01475000 -0.12493200 -0.02972000
v -0.01475000 -0.12493200 -0.02972000
v -0.01475000 -0.12493200 -0.02972000
v -0.01475000 -0.12528200 -0.02972000
v -0.01475000 -0.12528200 -0.02972000
v -0.01475000 -0.12528200 -0.02972000
v -0.01475000 -0.12563200 -0.02972000
v -0.01475000 -0.12563200 -0.02972000
v -0.01475000 -0.12563200 -0.02972000
v -0.01475000 -0.12493200 -0.02972000
v -0.01475000 -0.12563200 -0.02972000
v -0.01475500 -0.12493200 -0.02937600
v -0.01475500 -0.12563200 -0.02937600
v -0.01479400 -0.12493200 -0.02904200
v -0.01479400 -0.12563200 -0.02904200
v -0.01486500 -0.12493200 -0.02871800
v -0.01486500 -0.12563200 -0.02871800
v -0.01496600 -0.12493200 -0.02840600
v -0.01496600 -0.12563200 -0.02840600
v -0.01509700 -0.12493200 -0.02810800
v -0.01509700 -0.12563200 -0.02810800
v -0.01525500 -0.12493200 -0.02782500
v -0.01525500 -0.12563200 -0.02782500
v -0.01543800 -0.12493200 -0.02756000
v -0.01543800 -0.12563200 -0.02756000
v -0.01564600 -0.12493200 -0.02731400
v -0.01564600 -0.12563200 -0.02731400
v -0.01587600 -0.12493200 -0.02709000
v -0.01587600 -0.12563200 -0.02709000
v -0.01612700 -0.12493200 -0.02688700
v -0.01612700 -0.12563200 -0.02688700
v -0.01639700 -0.12493200 -0.02671000
v -0.01639700 -0.12563200 -0.02671000
v -0.01668500 -0.12493200 -0.02655800
v -0.01668500 -0.12563200 -0.02655800
v -0.01698900 -0.12493200 -0.02643400
v -0.01698900 -0.12563200 -0.02643400
v -0.01730700 -0.12493200 -0.02634000
v -0.01730700 -0.12563200 -0.02634000
v -0.01763800 -0.12493200 -0.02627700
v -0.01763800 -0.12563200 -0.02627700
v -0.01798000 -0.12493200 -0.02624800
v -0.01798000 -0.12563200 -0.02624800
v -0.01475000 -0.12528200 -0.02972000
v -0.01798000 -0.12528200 -0.02624800
v -0.01798000 -0.12493200 -0.02624800
v -0.01798000 -0.12493200 -0.02624800
v -0.01798000 -0.12493200 -0.02624800
v -0.01798000 -0.12528200 -0.02624800
v -0.01798000 -0.12528200 -0.02624800
v -0.01798000 -0.12563200 -0.02624800
v -0.01798000 -0.12563200 -0.02624800
v -0.01798000 -0.12563200 -0.02624800
v -0.01895300 -0.12493200 -0.02621300
v -0.01895300 -0.12493200 -0.02621300
v -0.01895300 -0.12510700 -0.02621300
v -0.01895300 -0.12528200 -0.02621300
v -0.01895300 -0.12545700 -0.02621300
v -0.01895300 -0.12563200 -0.02621300
v -0.01895300 -0.12563200 -0.02621300
v -0.01895300 -0.12563200 -0.02621300
v -0.01992700 -0.12493200 -0.02617800
v -0.01992700 -0.12493200 -0.02617800
v -0.01992700 -0.12510700 -0.02617800
v -0.01992700 -0.12528200 -0.02617800
v -0.01992700 -0.12545700 -0.02617800
v -0.01992700 -0.12563200 -0.02617800
v -0.01992700 -0.12563200 -0.02617800
v -0.01992700 -0.12563200 -0.02617800
v -0.02090000 -0.12493200 -0.02614200
v -0.02090000 -0.12493200 -0.02614200
v -0.02090000 -0.12510700 -0.02614200
v -0.02090000 -0.12528200 -0.02614200
v -0.02090000 -0.12545700 -0.02614200
v -0.02090000 -0.12563200 -0.02614200
v -0.02090000 -0.12563200 -0.02614200
v -0.02090000 -0.12563200 -0.02614200
v -0.02187400 -0.12493200 -0.02610700
v -0.02187400 -0.12493200 -0.02610700
v -0.02187400 -0.12493200 -0.02610700
v -0.02187400 -0.12528200 -0.02610700
v -0.02187400 -0.12528200 -0.02610700
v -0.02187400 -0.12563200 -0.02610700
v -0.02187400 -0.12563200 -0.02610700
v -0.02187400 -0.12563200 -0.02610700
v -0.02187400 -0.12493200 -0.02610700
v -0.02187400 -0.12563200 -0.02610700
v -0.02220200 -0.12493200 -0.02611200
v -0.02220200 -0.12563200 -0.02611200
v -0.02252100 -0.12493200 -0.02614900
v -0.02252100 -0.12563200 -0.02614900
v -0.02283000 -0.12493200 -0.02621700
v -0.02283000 -0.12563200 -0.02621700
v -0.02312800 -0.12493200 -0.02631400
v -0.02312800 -0.12563200 -0.02631400
v -0.02341200 -0.12493200 -0.02643900
v -0.02341200 -0.12563200 -0.02643900
v -0.02368200 -0.12493200 -0.02658900
v -0.02368200 -0.12563200 -0.02658900
v -0.02393500 -0.12493200 -0.02676500
v -0.02393500 -0.12563200 -0.02676500
v -0.02416900 -0.12493200 -0.02696300
v -0.02416900 -0.12563200 -0.02696300
v -0.02438400 -0.12493200 -0.02718200
v -0.02438400 -0.12563200 -0.02718200
v -0.02457700 -0.12493200 -0.02742200
v -0.02457700 -0.12563200 -0.02742200
v -0.02474700 -0.12493200 -0.02768000
v -0.02474700 -0.12563200 -0.02768000
v -0.02489100 -0.12493200 -0.02795500
v -0.02489100 -0.12563200 -0.02795500
v -0.02501000 -0.12493200 -0.02824500
v -0.02501000 -0.12563200 -0.02824500
v -0.02509900 -0.12493200 -0.02854800
v -0.02509900 -0.12563200 -0.02854800
v -0.02515900 -0.12493200 -0.02886400
v -0.02515900 -0.12563200 -0.02886400
v -0.02518800 -0.12493200 -0.02919100
v -0.02518800 -0.12563200 -0.02919100
v -0.02187400 -0.12528200 -0.02610700
v -0.02518800 -0.12516500 -0.02919100
v -0.02518800 -0.12539900 -0.02919100
v -0.02518800 -0.12493200 -0.02919100
v -0.02518800 -0.12493200 -0.02919100
v -0.02518800 -0.12493200 -0.02919100
v -0.02518800 -0.12563200 -0.02919100
v -0.02518800 -0.12563200 -0.02919100
v -0.02518800 -0.12563200 -0.02919100
v -0.02518800 -0.12563200 -0.02919100
v -0.02520300 -0.12493200 -0.02960300
v -0.02520300 -0.12493200 -0.02960300
v -0.02520300 -0.12493200 -0.02960300
v -0.02520300 -0.12510700 -0.02960300
v -0.02520300 -0.12510700 -0.02960300
v -0.02520300 -0.12528200 -0.02960300
v -0.02520300 -0.12528200 -0.02960300
v -0.02520300 -0.12545700 -0.02960300
v -0.02520300 -0.12545700 -0.02960300
v -0.02520300 -0.12563200 -0.02960300
v -0.02520300 -0.12563200 -0.02960300
v -0.02520300 -0.12563200 -0.02960300
v -0.02520300 -0.12563200 -0.02960300
v -0.02521700 -0.12493200 -0.03001600
v -0.02521700 -0.12493200 -0.03001600
v -0.02521700 -0.12510700 -0.03001600
v -0.02521700 -0.12528200 -0.03001600
v -0.02521700 -0.12545700 -0.03001600
v -0.02521700 -0.12563200 -0.03001600
v -0.02521700 -0.12563200 -0.03001600
v -0.02523200 -0.12493200 -0.03042800
v -0.02523200 -0.12493200 -0.03042800
v -0.02523200 -0.12510700 -0.03042800
v -0.02523200 -0.12528200 -0.03042800
v -0.02523200 -0.12545700 -0.03042800
v -0.02523200 -0.12563200 -0.03042800
v -0.02523200 -0.12563200 -0.03042800
v -0.02524700 -0.12493200 -0.03084100
v -0.02524700 -0.12493200 -0.03084100
v -0.02524700 -0.12493200 -0.03084100
v -0.02524700 -0.12563200 -0.03084100
v -0.02524700 -0.12563200 -0.03084100
v -0.02524700 -0.12563200 -0.03084100
v -0.02518800 -0.12539900 -0.02919100
v -0.02518800 -0.12539900 -0.02919100
v -0.02518800 -0.12539900 -0.02919100
v -0.02518800 -0.12516500 -0.02919100
v -0.02518800 -0.12516500 -0.02919100
v -0.02518800 -0.12516500 -0.02919100
v -0.02524700 -0.12516500 -0.03084100
v -0.02524700 -0.12516500 -0.03084100
v -0.02524700 -0.12539900 -0.03084100
v -0.02524700 -0.12539900 -0.03084100
v -0.02524700 -0.12539900 -0.03084100
v -0.02524800 -0.12493200 -0.03084100
v -0.02524800 -0.12493200 -0.03084100
v -0.02524800 -0.12493200 -0.03084100
v -0.02524800 -0.12563200 -0.03084100
v -0.02524800 -0.12563200 -0.03084100
v -0.02524800 -0.12563200 -0.03084100
v -0.02636600 -0.12493200 -0.03080100
v -0.02636600 -0.12493200 -0.03080100
v -0.02636600 -0.12510700 -0.03080100
v -0.02636600 -0.12528200 -0.03080100
v -0.02636600 -0.12545700 -0.03080100
v -0.02636600 -0.12563200 -0.03080100
v -0.02636600 -0.12563200 -0.03080100
v -0.02636600 -0.12563200 -0.03080100
v -0.02748500 -0.12493200 -0.03076100
v -0.02748500 -0.12493200 -0.03076100
v -0.02748500 -0.12510700 -0.03076100
v -0.02748500 -0.12528200 -0.03076100
v -0.02748500 -0.12545700 -0.03076100
v -0.02748500 -0.12563200 -0.03076100
v -0.02748500 -0.12563200 -0.03076100
v -0.02748500 -0.12563200 -0.03076100
v -0.02860300 -0.12493200 -0.03072000
v -0.02860300 -0.12493200 -0.03072000
v -0.02860300 -0.12510700 -0.03072000
v -0.02860300 -0.12528200 -0.03072000
v -0.02860300 -0.12545700 -0.03072000
v -0.02860300 -0.12563200 -0.03072000
v -0.02860300 -0.12563200 -0.03072000
v -0.02972200 -0.12493200 -0.03068000
v -0.02972200 -0.12493200 -0.03068000
v -0.02972200 -0.12493200 -0.03068000
v -0.02972200 -0.12563200 -0.03068000
v -0.02972200 -0.12563200 -0.03068000
v -0.02972200 -0.12563200 -0.03068000
v -0.02972200 -0.12516500 -0.03068000
v -0.02972200 -0.12516500 -0.03068000
v -0.02972200 -0.12539900 -0.03068000
v -0.02972200 -0.12539900 -0.03068000
v -0.02524800 -0.12539900 -0.03084100
v -0.02524800 -0.12539900 -0.03084100
v -0.02524800 -0.12516500 -0.03084100
v -0.02524800 -0.12516500 -0.03084100
v -0.01624100 -0.12493200 -0.02967100
v -0.01624100 -0.12493200 -0.02967100
v -0.01624100 -0.12493200 -0.02967100
v -0.01624100 -0.12563200 -0.02967100
v -0.01624100 -0.12563200 -0.02967100
v -0.01624100 -0.12563200 -0.02967100
v -0.01625500 -0.12493200 -0.03004400
v -0.01625500 -0.12493200 -0.03004400
v -0.01625500 -0.12510700 -0.03004400
v -0.01625500 -0.12528200 -0.03004400
v -0.01625500 -0.12545700 -0.03004400
v -0.01625500 -0.12563200 -0.03004400
v -0.01625500 -0.12563200 -0.03004400
v -0.01626800 -0.12493200 -0.03041700
v -0.01626800 -0.12493200 -0.03041700
v -0.01626800 -0.12510700 -0.03041700
v -0.01626800 -0.12528200 -0.03041700
v -0.01626800 -0.12545700 -0.03041700
v -0.01626800 -0.12563200 -0.03041700
v -0.01626800 -0.12563200 -0.03041700
v -0.01628200 -0.12493200 -0.03079000
v -0.01628200 -0.12493200 -0.03079000
v -0.01628200 -0.12510700 -0.03079000
v -0.01628200 -0.12528200 -0.03079000
v -0.01628200 -0.12545700 -0.03079000
v -0.01628200 -0.12563200 -0.03079000
v -0.01628200 -0.12563200 -0.03079000
v -0.01629500 -0.12493200 -0.03116300
v -0.01629500 -0.12493200 -0.03116300
v -0.01629500 -0.12493200 -0.03116300
v -0.01629500 -0.12563200 -0.03116300
v -0.01629500 -0.12563200 -0.03116300
v -0.01629500 -0.12563200 -0.03116300
v -0.01629500 -0.12516500 -0.03116300
v -0.01629500 -0.12516500 -0.03116300
v -0.01629500 -0.12516500 -0.03116300
v -0.01629500 -0.12539900 -0.03116300
v -0.01629500 -0.12539900 -0.03116300
v -0.01629500 -0.12539900 -0.03116300
v -0.01624100 -0.12539900 -0.02967100
v -0.01624100 -0.12539900 -0.02967100
v -0.01624100 -0.12516500 -0.02967100
v -0.01624100 -0.12516500 -0.02967100
v -0.01629600 -0.12493200 -0.03116400
v -0.01629600 -0.12493200 -0.03116400
v -0.01629600 -0.12493200 -0.03116400
v -0.01629600 -0.12563200 -0.03116400
v -0.01629600 -0.12563200 -0.03116400
v -0.01629600 -0.12563200 -0.03116400
v -0.01816100 -0.12493200 -0.03109600
v -0.01816100 -0.12493200 -0.03109600
v -0.01816100 -0.12510700 -0.03109600
v -0.01816100 -0.12528200 -0.03109600
v -0.01816100 -0.12545700 -0.03109600
v -0.01816100 -0.12563200 -0.03109600
v -0.01816100 -0.12563200 -0.03109600
v -0.01816100 -0.12563200 -0.03109600
v -0.02002600 -0.12493200 -0.03102900
v -0.02002600 -0.12493200 -0.03102900
v -0.02002600 -0.12510700 -0.03102900
v -0.02002600 -0.12528200 -0.03102900
v -0.02002600 -0.12545700 -0.03102900
v -0.02002600 -0.12563200 -0.03102900
v -0.02002600 -0.12563200 -0.03102900
v -0.02002600 -0.12563200 -0.03102900
v -0.02189100 -0.12493200 -0.03096200
v -0.02189100 -0.12493200 -0.03096200
v -0.02189100 -0.12510700 -0.03096200
v -0.02189100 -0.12528200 -0.03096200
v -0.02189100 -0.12545700 -0.03096200
v -0.02189100 -0.12563200 -0.03096200
v -0.02189100 -0.12563200 -0.03096200
v -0.02375600 -0.12493200 -0.03089500
v -0.02375600 -0.12493200 -0.03089500
v -0.02375600 -0.12493200 -0.03089500
v -0.02375600 -0.12563200 -0.03089500
v -0.02375600 -0.12563200 -0.03089500
v -0.02375600 -0.12563200 -0.03089500
v -0.01629600 -0.12539900 -0.03116400
v -0.01629600 -0.12539900 -0.03116400
v -0.01629600 -0.12539900 -0.03116400
v -0.01629600 -0.12516500 -0.03116400
v -0.01629600 -0.12516500 -0.03116400
v -0.02375600 -0.12516500 -0.03089500
v -0.02375600 -0.12516500 -0.03089500
v -0.02375600 -0.12539900 -0.03089500
v -0.02375600 -0.12539900 -0.03089500
v -0.02375600 -0.12539900 -0.03089500
v -0.02375600 -0.12493200 -0.03089400
v -0.02375600 -0.12493200 -0.03089400
v -0.02375600 -0.12493200 -0.03089400
v -0.02375600 -0.12563200 -0.03089400
v -0.02375600 -0.12563200 -0.03089400
v -0.02375600 -0.12563200 -0.03089400
v -0.02374300 -0.12493200 -0.03052100
v -0.02374300 -0.12493200 -0.03052100
v -0.02374300 -0.12510700 -0.03052100
v -0.02374300 -0.12528200 -0.03052100
v -0.02374300 -0.12545700 -0.03052100
v -0.02374300 -0.12563200 -0.03052100
v -0.02374300 -0.12563200 -0.03052100
v -0.02372900 -0.12493200 -0.03014800
v -0.02372900 -0.12493200 -0.03014800
v -0.02372900 -0.12510700 -0.03014800
v -0.02372900 -0.12528200 -0.03014800
v -0.02372900 -0.12545700 -0.03014800
v -0.02372900 -0.12563200 -0.03014800
v -0.02372900 -0.12563200 -0.03014800
v -0.02371600 -0.12493200 -0.02977500
v -0.02371600 -0.12493200 -0.02977500
v -0.02371600 -0.12510700 -0.02977500
v -0.02371600 -0.12528200 -0.02977500
v -0.02371600 -0.12545700 -0.02977500
v -0.02371600 -0.12563200 -0.02977500
v -0.02371600 -0.12563200 -0.02977500
v -0.02370200 -0.12493200 -0.02940200
v -0.02370200 -0.12493200 -0.02940200
v -0.02370200 -0.12493200 -0.02940200
v -0.02370200 -0.12563200 -0.02940200
v -0.02370200 -0.12563200 -0.02940200
v -0.02370200 -0.12563200 -0.02940200
v -0.02375600 -0.12539900 -0.03089400
v -0.02375600 -0.12539900 -0.03089400
v -0.02375600 -0.12539900 -0.03089400
v -0.02375600 -0.12516500 -0.03089400
v -0.02375600 -0.12516500 -0.03089400
v -0.02370200 -0.12516500 -0.02940200
v -0.02370200 -0.12516500 -0.02940200
v -0.02370200 -0.12539900 -0.02940200
v -0.02370200 -0.12539900 -0.02940200
v -0.02370200 -0.12493200 -0.02940200
v -0.02370200 -0.12563200 -0.02940200
v -0.02368600 -0.12493200 -0.02921600
v -0.02368600 -0.12563200 -0.02921600
v -0.02365000 -0.12493200 -0.02903400
v -0.02365000 -0.12563200 -0.02903400
v -0.02359700 -0.12493200 -0.02885900
v -0.02359700 -0.12563200 -0.02885900
v -0.02352700 -0.12493200 -0.02869100
v -0.02352700 -0.12563200 -0.02869100
v -0.02344100 -0.12493200 -0.02853200
v -0.02344100 -0.12563200 -0.02853200
v -0.02334100 -0.12493200 -0.02838100
v -0.02334100 -0.12563200 -0.02838100
v -0.02322700 -0.12493200 -0.02824100
v -0.02322700 -0.12563200 -0.02824100
v -0.02310000 -0.12493200 -0.02811200
v -0.02310000 -0.12563200 -0.02811200
v -0.02296300 -0.12493200 -0.02799500
v -0.02296300 -0.12563200 -0.02799500
v -0.02281400 -0.12493200 -0.02789100
v -0.02281400 -0.12563200 -0.02789100
v -0.02265700 -0.12493200 -0.02780200
v -0.02265700 -0.12563200 -0.02780200
v -0.02249200 -0.12493200 -0.02772800
v -0.02249200 -0.12563200 -0.02772800
v -0.02231900 -0.12493200 -0.02767000
v -0.02231900 -0.12563200 -0.02767000
v -0.02214100 -0.12493200 -0.02763000
v -0.02214100 -0.12563200 -0.02763000
v -0.02195700 -0.12493200 -0.02760700
v -0.02195700 -0.12563200 -0.02760700
v -0.02177000 -0.12493200 -0.02760400
v -0.02177000 -0.12563200 -0.02760400
v -0.02370200 -0.12539900 -0.02940200
v -0.02370200 -0.12516500 -0.02940200
v -0.02177000 -0.12528200 -0.02760400
v -0.02177000 -0.12493200 -0.02760400
v -0.02177000 -0.12493200 -0.02760400
v -0.02177000 -0.12493200 -0.02760400
v -0.02177000 -0.12528200 -0.02760400
v -0.02177000 -0.12528200 -0.02760400
v -0.02177000 -0.12563200 -0.02760400
v -0.02177000 -0.12563200 -0.02760400
v -0.02177000 -0.12563200 -0.02760400
v -0.02083700 -0.12493200 -0.02763800
v -0.02083700 -0.12493200 -0.02763800
v -0.02083700 -0.12510700 -0.02763800
v -0.02083700 -0.12528200 -0.02763800
v -0.02083700 -0.12545700 -0.02763800
v -0.02083700 -0.12563200 -0.02763800
v -0.02083700 -0.12563200 -0.02763800
v -0.01990400 -0.12493200 -0.02767100
v -0.01990400 -0.12493200 -0.02767100
v -0.01990400 -0.12510700 -0.02767100
v -0.01990400 -0.12528200 -0.02767100
v -0.01990400 -0.12545700 -0.02767100
v -0.01990400 -0.12563200 -0.02767100
v -0.01990400 -0.12563200 -0.02767100
v -0.01897200 -0.12493200 -0.02770500
v -0.01897200 -0.12493200 -0.02770500
v -0.01897200 -0.12510700 -0.02770500
v -0.01897200 -0.12528200 -0.02770500
v -0.01897200 -0.12545700 -0.02770500
v -0.01897200 -0.12563200 -0.02770500
v -0.01897200 -0.12563200 -0.02770500
v -0.01803900 -0.12493200 -0.02773800
v -0.01803900 -0.12493200 -0.02773800
v -0.01803900 -0.12493200 -0.02773800
v -0.01803900 -0.12528200 -0.02773800
v -0.01803900 -0.12528200 -0.02773800
v -0.01803900 -0.12563200 -0.02773800
v -0.01803900 -0.12563200 -0.02773800
v -0.01803900 -0.12563200 -0.02773800
v -0.01803900 -0.12493200 -0.02773800
v -0.01803900 -0.12563200 -0.02773800
v -0.01785200 -0.12493200 -0.02775500
v -0.01785200 -0.12563200 -0.02775500
v -0.01767100 -0.12493200 -0.02779100
v -0.01767100 -0.12563200 -0.02779100
v -0.01749600 -0.12493200 -0.02784400
v -0.01749600 -0.12563200 -0.02784400
v -0.01732800 -0.12493200 -0.02791400
v -0.01732800 -0.12563200 -0.02791400
v -0.01716800 -0.12493200 -0.02800000
v -0.01716800 -0.12563200 -0.02800000
v -0.01701800 -0.12493200 -0.02810000
v -0.01701800 -0.12563200 -0.02810000
v -0.01687800 -0.12493200 -0.02821400
v -0.01687800 -0.12563200 -0.02821400
v -0.01674900 -0.12493200 -0.02834100
v -0.01674900 -0.12563200 -0.02834100
v -0.01663200 -0.12493200 -0.02847800
v -0.01663200 -0.12563200 -0.02847800
v -0.01652900 -0.12493200 -0.02862600
v -0.01652900 -0.12563200 -0.02862600
v -0.01643900 -0.12493200 -0.02878400
v -0.01643900 -0.12563200 -0.02878400
v -0.01636500 -0.12493200 -0.02894900
v -0.01636500 -0.12563200 -0.02894900
v -0.01630700 -0.12493200 -0.02912200
v -0.01630700 -0.12563200 -0.02912200
v -0.01626700 -0.12493200 -0.02930000
v -0.01626700 -0.12563200 -0.02930000
v -0.01624500 -0.12493200 -0.02948400
v -0.01624500 -0.12563200 -0.02948400
v -0.01624100 -0.12493200 -0.02967100
v -0.01624100 -0.12563200 -0.02967100
v -0.01624100 -0.12516500 -0.02967100
v -0.01624100 -0.12539900 -0.02967100
v -0.01803900 -0.12528200 -0.02773800
v -0.02977600 -0.12493200 -0.03217100
v -0.02977600 -0.12493200 -0.03217100
v -0.02977600 -0.12493200 -0.03217100
v -0.02972200 -0.12493200 -0.03067900
v -0.02972200 -0.12493200 -0.03067900
v -0.02972200 -0.12493200 -0.03067900
v -0.02973500 -0.12493200 -0.03105200
v -0.02973500 -0.12493200 -0.03105200
v -0.02973500 -0.12493200 -0.03105200
v -0.02973500 -0.12493200 -0.03105200
v -0.02974900 -0.12493200 -0.03142500
v -0.02974900 -0.12493200 -0.03142500
v -0.02976200 -0.12493200 -0.03179800
v -0.02976200 -0.12493200 -0.03179800
v -0.02604600 -0.12493200 -0.03230600
v -0.02604600 -0.12493200 -0.03230600
v -0.02231600 -0.12493200 -0.03244000
v -0.02231600 -0.12493200 -0.03244000
v -0.01858700 -0.12493200 -0.03257400
v -0.01858700 -0.12493200 -0.03257400
v -0.01485700 -0.12493200 -0.03270900
v -0.01485700 -0.12493200 -0.03270900
v -0.01485700 -0.12493200 -0.03270900
v -0.01483000 -0.12493200 -0.03196200
v -0.01483000 -0.12493200 -0.03196200
v -0.01480300 -0.12493200 -0.03121400
v -0.01480300 -0.12493200 -0.03121400
v -0.01477600 -0.12493200 -0.03046700
v -0.01477600 -0.12493200 -0.03046700
v -0.01477600 -0.12493200 -0.03046700
v -0.01474900 -0.12493200 -0.02972000
v -0.01474900 -0.12493200 -0.02972000
v -0.01474900 -0.12493200 -0.02972000
v -0.01474900 -0.12493200 -0.02972000
v -0.01475400 -0.12493200 -0.02937600
v -0.01475400 -0.12493200 -0.02937600
v -0.01475400 -0.12493200 -0.02937600
v -0.01475400 -0.12493200 -0.02937600
v -0.01479300 -0.12493200 -0.02904200
v -0.01479300 -0.12493200 -0.02904200
v -0.01479300 -0.12493200 -0.02904200
v -0.01479300 -0.12493200 -0.02904200
v -0.01486400 -0.12493200 -0.02871700
v -0.01486400 -0.12493200 -0.02871700
v -0.01486400 -0.12493200 -0.02871700
v -0.01496600 -0.12493200 -0.02840500
v -0.01496600 -0.12493200 -0.02840500
v -0.01496600 -0.12493200 -0.02840500
v -0.01496600 -0.12493200 -0.02840500
v -0.01509600 -0.12493200 -0.02810700
v -0.01509600 -0.12493200 -0.02810700
v -0.01509600 -0.12493200 -0.02810700
v -0.01525400 -0.12493200 -0.02782500
v -0.01525400 -0.12493200 -0.02782500
v -0.01525400 -0.12493200 -0.02782500
v -0.01525400 -0.12493200 -0.02782500
v -0.01525400 -0.12493200 -0.02782500
v -0.01543800 -0.12493200 -0.02756000
v -0.01543800 -0.12493200 -0.02756000
v -0.01543800 -0.12493200 -0.02756000
v -0.01564600 -0.12493200 -0.02731400
v -0.01564600 -0.12493200 -0.02731400
v -0.01564600 -0.12493200 -0.02731400
v -0.01587600 -0.12493200 -0.02708900
v -0.01587600 -0.12493200 -0.02708900
v -0.01587600 -0.12493200 -0.02708900
v -0.01612700 -0.12493200 -0.02688700
v -0.01612700 -0.12493200 -0.02688700
v -0.01612700 -0.12493200 -0.02688700
v -0.01639700 -0.12493200 -0.02670900
v -0.01639700 -0.12493200 -0.02670900
v -0.01639700 -0.12493200 -0.02670900
v -0.01668500 -0.12493200 -0.02655800
v -0.01668500 -0.12493200 -0.02655800
v -0.01668500 -0.12493200 -0.02655800
v -0.01698900 -0.12493200 -0.02643400
v -0.01698900 -0.12493200 -0.02643400
v -0.01698900 -0.12493200 -0.02643400
v -0.01698900 -0.12493200 -0.02643400
v -0.01730700 -0.12493200 -0.02634000
v -0.01730700 -0.12493200 -0.02634000
v -0.01730700 -0.12493200 -0.02634000
v -0.01730700 -0.12493200 -0.02634000
v -0.01763800 -0.12493200 -0.02627700
v -0.01763800 -0.12493200 -0.02627700
v -0.01763800 -0.12493200 -0.02627700
v -0.01798000 -0.12493200 -0.02624700
v -0.01798000 -0.12493200 -0.02624700
v -0.01798000 -0.12493200 -0.02624700
v -0.01798000 -0.12493200 -0.02624700
v -0.01798000 -0.12493200 -0.02624700
v -0.01895300 -0.12493200 -0.02621200
v -0.01895300 -0.12493200 -0.02621200
v -0.01992700 -0.12493200 -0.02617700
v -0.01992700 -0.12493200 -0.02617700
v -0.02090000 -0.12493200 -0.02614200
v -0.02090000 -0.12493200 -0.02614200
v -0.02187400 -0.12493200 -0.02610700
v -0.02187400 -0.12493200 -0.02610700
v -0.02187400 -0.12493200 -0.02610700
v -0.02220200 -0.12493200 -0.02611200
v -0.02220200 -0.12493200 -0.02611200
v -0.02220200 -0.12493200 -0.02611200
v -0.02252100 -0.12493200 -0.02614900
v -0.02252100 -0.12493200 -0.02614900
v -0.02252100 -0.12493200 -0.02614900
v -0.02283000 -0.12493200 -0.02621600
v -0.02283000 -0.12493200 -0.02621600
v -0.02283000 -0.12493200 -0.02621600
v -0.02312800 -0.12493200 -0.02631300
v -0.02312800 -0.12493200 -0.02631300
v -0.02312800 -0.12493200 -0.02631300
v -0.02341300 -0.12493200 -0.02643800
v -0.02341300 -0.12493200 -0.02643800
v -0.02341300 -0.12493200 -0.02643800
v -0.02368200 -0.12493200 -0.02658900
v -0.02368200 -0.12493200 -0.02658900
v -0.02368200 -0.12493200 -0.02658900
v -0.02368200 -0.12493200 -0.02658900
v -0.02393500 -0.12493200 -0.02676400
v -0.02393500 -0.12493200 -0.02676400
v -0.02393500 -0.12493200 -0.02676400
v -0.02417000 -0.12493200 -0.02696200
v -0.02417000 -0.12493200 -0.02696200
v -0.02417000 -0.12493200 -0.02696200
v -0.02438400 -0.12493200 -0.02718200
v -0.02438400 -0.12493200 -0.02718200
v -0.02438400 -0.12493200 -0.02718200
v -0.02438400 -0.12493200 -0.02718200
v -0.02438400 -0.12493200 -0.02718200
v -0.02457700 -0.12493200 -0.02742200
v -0.02457700 -0.12493200 -0.02742200
v -0.02457700 -0.12493200 -0.02742200
v -0.02457700 -0.12493200 -0.02742200
v -0.02474700 -0.12493200 -0.02768000
v -0.02474700 -0.12493200 -0.02768000
v -0.02474700 -0.12493200 -0.02768000
v -0.02489200 -0.12493200 -0.02795500
v -0.02489200 -0.12493200 -0.02795500
v -0.02489200 -0.12493200 -0.02795500
v -0.02489200 -0.12493200 -0.02795500
v -0.02489200 -0.12493200 -0.02795500
v -0.02501000 -0.12493200 -0.02824500
v -0.02501000 -0.12493200 -0.02824500
v -0.02501000 -0.12493200 -0.02824500
v -0.02510000 -0.12493200 -0.02854800
v -0.02510000 -0.12493200 -0.02854800
v -0.02510000 -0.12493200 -0.02854800
v -0.02510000 -0.12493200 -0.02854800
v -0.02510000 -0.12493200 -0.02854800
v -0.02516000 -0.12493200 -0.02886400
v -0.02516000 -0.12493200 -0.02886400
v -0.02516000 -0.12493200 -0.02886400
v -0.02516000 -0.12493200 -0.02886400
v -0.02518800 -0.12493200 -0.02919100
v -0.02518800 -0.12493200 -0.02919100
v -0.02518800 -0.12493200 -0.02919100
v -0.02518800 -0.12493200 -0.02919100
v -0.02520300 -0.12493200 -0.02960300
v -0.02520300 -0.12493200 -0.02960300
v -0.02520300 -0.12493200 -0.02960300
v -0.02520300 -0.12493200 -0.02960300
v -0.02521800 -0.12493200 -0.03001600
v -0.02521800 -0.12493200 -0.03001600
v -0.02521800 -0.12493200 -0.03001600
v -0.02523300 -0.12493200 -0.03042800
v -0.02523300 -0.12493200 -0.03042800
v -0.02524800 -0.12493200 -0.03084100
v -0.02524800 -0.12493200 -0.03084100
v -0.02524800 -0.12493200 -0.03084100
v -0.02636600 -0.12493200 -0.03080000
v -0.02636600 -0.12493200 -0.03080000
v -0.02636600 -0.12493200 -0.03080000
v -0.02748500 -0.12493200 -0.03076000
v -0.02748500 -0.12493200 -0.03076000
v -0.02748500 -0.12493200 -0.03076000
v -0.02860300 -0.12493200 -0.03072000
v -0.02860300 -0.12493200 -0.03072000
v -0.02860300 -0.12493200 -0.03072000
v -0.01624200 -0.12493200 -0.02967100
v -0.01624200 -0.12493200 -0.02967100
v -0.01624200 -0.12493200 -0.02967100
v -0.01624200 -0.12493200 -0.02967100
v -0.01625500 -0.12493200 -0.03004400
v -0.01625500 -0.12493200 -0.03004400
v -0.01625500 -0.12493200 -0.03004400
v -0.01625500 -0.12493200 -0.03004400
v -0.01626900 -0.12493200 -0.03041700
v -0.01626900 -0.12493200 -0.03041700
v -0.01626900 -0.12493200 -0.03041700
v -0.01628200 -0.12493200 -0.03079000
v -0.01628200 -0.12493200 -0.03079000
v -0.01629600 -0.12493200 -0.03116300
v -0.01629600 -0.12493200 -0.03116300
v -0.01629600 -0.12493200 -0.03116300
v -0.01816100 -0.12493200 -0.03109600
v -0.01816100 -0.12493200 -0.03109600
v -0.02002600 -0.12493200 -0.03102900
v -0.02002600 -0.12493200 -0.03102900
v -0.02189100 -0.12493200 -0.03096200
v -0.02189100 -0.12493200 -0.03096200
v -0.02375600 -0.12493200 -0.03089400
v -0.02375600 -0.12493200 -0.03089400
v -0.02375600 -0.12493200 -0.03089400
v -0.02374200 -0.12493200 -0.03052100
v -0.02374200 -0.12493200 -0.03052100
v -0.02372900 -0.12493200 -0.03014800
v -0.02372900 -0.12493200 -0.03014800
v -0.02371500 -0.12493200 -0.02977500
v -0.02371500 -0.12493200 -0.02977500
v -0.02371500 -0.12493200 -0.02977500
v -0.02370200 -0.12493200 -0.02940200
v -0.02370200 -0.12493200 -0.02940200
v -0.02370200 -0.12493200 -0.02940200
v -0.02370200 -0.12493200 -0.02940200
v -0.02370200 -0.12493200 -0.02940200
v -0.02368500 -0.12493200 -0.02921600
v -0.02368500 -0.12493200 -0.02921600
v -0.02368500 -0.12493200 -0.02921600
v -0.02368500 -0.12493200 -0.02921600
v -0.02365000 -0.12493200 -0.02903400
v -0.02365000 -0.12493200 -0.02903400
v -0.02365000 -0.12493200 -0.02903400
v -0.02359600 -0.12493200 -0.02885900
v -0.02359600 -0.12493200 -0.02885900
v -0.02359600 -0.12493200 -0.02885900
v -0.02359600 -0.12493200 -0.02885900
v -0.02352600 -0.12493200 -0.02869100
v -0.02352600 -0.12493200 -0.02869100
v -0.02352600 -0.12493200 -0.02869100
v -0.02352600 -0.12493200 -0.02869100
v -0.02344100 -0.12493200 -0.02853200
v -0.02344100 -0.12493200 -0.02853200
v -0.02344100 -0.12493200 -0.02853200
v -0.02344100 -0.12493200 -0.02853200
v -0.02334000 -0.12493200 -0.02838100
v -0.02334000 -0.12493200 -0.02838100
v -0.02334000 -0.12493200 -0.02838100
v -0.02334000 -0.12493200 -0.02838100
v -0.02322600 -0.12493200 -0.02824100
v -0.02322600 -0.12493200 -0.02824100
v -0.02322600 -0.12493200 -0.02824100
v -0.02322600 -0.12493200 -0.02824100
v -0.02310000 -0.12493200 -0.02811200
v -0.02310000 -0.12493200 -0.02811200
v -0.02310000 -0.12493200 -0.02811200
v -0.02310000 -0.12493200 -0.02811200
v -0.02296200 -0.12493200 -0.02799500
v -0.02296200 -0.12493200 -0.02799500
v -0.02296200 -0.12493200 -0.02799500
v -0.02281400 -0.12493200 -0.02789200
v -0.02281400 -0.12493200 -0.02789200
v -0.02281400 -0.12493200 -0.02789200
v -0.02265700 -0.12493200 -0.02780300
v -0.02265700 -0.12493200 -0.02780300
v -0.02265700 -0.12493200 -0.02780300
v -0.02265700 -0.12493200 -0.02780300
v -0.02265700 -0.12493200 -0.02780300
v -0.02249200 -0.12493200 -0.02772900
v -0.02249200 -0.12493200 -0.02772900
v -0.02249200 -0.12493200 -0.02772900
v -0.02249200 -0.12493200 -0.02772900
v -0.02231900 -0.12493200 -0.02767100
v -0.02231900 -0.12493200 -0.02767100
v -0.02231900 -0.12493200 -0.02767100
v -0.02214100 -0.12493200 -0.02763000
v -0.02214100 -0.12493200 -0.02763000
v -0.02214100 -0.12493200 -0.02763000
v -0.02214100 -0.12493200 -0.02763000
v -0.02195700 -0.12493200 -0.02760800
v -0.02195700 -0.12493200 -0.02760800
v -0.02195700 -0.12493200 -0.02760800
v -0.02195700 -0.12493200 -0.02760800
v -0.02177000 -0.12493200 -0.02760500
v -0.02177000 -0.12493200 -0.02760500
v -0.02177000 -0.12493200 -0.02760500
v -0.02083700 -0.12493200 -0.02763800
v -0.02083700 -0.12493200 -0.02763800
v -0.01990400 -0.12493200 -0.02767200
v -0.01990400 -0.12493200 -0.02767200
v -0.01897200 -0.12493200 -0.02770500
v -0.01897200 -0.12493200 -0.02770500
v -0.01803900 -0.12493200 -0.02773900
v -0.01803900 -0.12493200 -0.02773900
v -0.01803900 -0.12493200 -0.02773900
v -0.01785200 -0.12493200 -0.02775600
v -0.01785200 -0.12493200 -0.02775600
v -0.01785200 -0.12493200 -0.02775600
v -0.01767100 -0.12493200 -0.02779100
v -0.01767100 -0.12493200 -0.02779100
v -0.01767100 -0.12493200 -0.02779100
v -0.01749600 -0.12493200 -0.02784400
v -0.01749600 -0.12493200 -0.02784400
v -0.01749600 -0.12493200 -0.02784400
v -0.01732800 -0.12493200 -0.02791500
v -0.01732800 -0.12493200 -0.02791500
v -0.01732800 -0.12493200 -0.02791500
v -0.01716900 -0.12493200 -0.02800000
v -0.01716900 -0.12493200 -0.02800000
v -0.01716900 -0.12493200 -0.02800000
v -0.01716900 -0.12493200 -0.02800000
v -0.01701800 -0.12493200 -0.02810100
v -0.01701800 -0.12493200 -0.02810100
v -0.01701800 -0.12493200 -0.02810100
v -0.01701800 -0.12493200 -0.02810100
v -0.01687800 -0.12493200 -0.02821500
v -0.01687800 -0.12493200 -0.02821500
v -0.01687800 -0.12493200 -0.02821500
v -0.01687800 -0.12493200 -0.02821500
v -0.01674900 -0.12493200 -0.02834100
v -0.01674900 -0.12493200 -0.02834100
v -0.01674900 -0.12493200 -0.02834100
v -0.01674900 -0.12493200 -0.02834100
v -0.01663300 -0.12493200 -0.02847900
v -0.01663300 -0.12493200 -0.02847900
v -0.01663300 -0.12493200 -0.02847900
v -0.01663300 -0.12493200 -0.02847900
v -0.01652900 -0.12493200 -0.02862700
v -0.01652900 -0.12493200 -0.02862700
v -0.01652900 -0.12493200 -0.02862700
v -0.01644000 -0.12493200 -0.02878400
v -0.01644000 -0.12493200 -0.02878400
v -0.01644000 -0.12493200 -0.02878400
v -0.01636600 -0.12493200 -0.02894900
v -0.01636600 -0.12493200 -0.02894900
v -0.01636600 -0.12493200 -0.02894900
v -0.01630800 -0.12493200 -0.02912200
v -0.01630800 -0.12493200 -0.02912200
v -0.01630800 -0.12493200 -0.02912200
v -0.01626700 -0.12493200 -0.02930000
v -0.01626700 -0.12493200 -0.02930000
v -0.01626700 -0.12493200 -0.02930000
v -0.01626700 -0.12493200 -0.02930000
v -0.01624500 -0.12493200 -0.02948400
v -0.01624500 -0.12493200 -0.02948400
v -0.01624500 -0.12493200 -0.02948400
v -0.02977600 -0.12563100 -0.03217100
v -0.02977600 -0.12563100 -0.03217100
v -0.02977600 -0.12563100 -0.03217100
v -0.02972200 -0.12563100 -0.03067900
v -0.02972200 -0.12563100 -0.03067900
v -0.02972200 -0.12563100 -0.03067900
v -0.02973500 -0.12563100 -0.03105200
v -0.02973500 -0.12563100 -0.03105200
v -0.02973500 -0.12563100 -0.03105200
v -0.02973500 -0.12563100 -0.03105200
v -0.02974900 -0.12563100 -0.03142500
v -0.02974900 -0.12563100 -0.03142500
v -0.02974900 -0.12563100 -0.03142500
v -0.02976200 -0.12563100 -0.03179800
v -0.02976200 -0.12563100 -0.03179800
v -0.02604600 -0.12563100 -0.03230600
v -0.02604600 -0.12563100 -0.03230600
v -0.02231600 -0.12563100 -0.03244000
v -0.02231600 -0.12563100 -0.03244000
v -0.01858700 -0.12563100 -0.03257400
v -0.01858700 -0.12563100 -0.03257400
v -0.01485700 -0.12563100 -0.03270900
v -0.01485700 -0.12563100 -0.03270900
v -0.01485700 -0.12563100 -0.03270900
v -0.01483000 -0.12563100 -0.03196200
v -0.01483000 -0.12563100 -0.03196200
v -0.01480300 -0.12563100 -0.03121400
v -0.01480300 -0.12563100 -0.03121400
v -0.01480300 -0.12563100 -0.03121400
v -0.01477600 -0.12563100 -0.03046700
v -0.01477600 -0.12563100 -0.03046700
v -0.01474900 -0.12563100 -0.02972000
v -0.01474900 -0.12563100 -0.02972000
v -0.01474900 -0.12563100 -0.02972000
v -0.01475400 -0.12563100 -0.02937600
v -0.01475400 -0.12563100 -0.02937600
v -0.01475400 -0.12563100 -0.02937600
v -0.01479300 -0.12563100 -0.02904200
v -0.01479300 -0.12563100 -0.02904200
v -0.01479300 -0.12563100 -0.02904200
v -0.01479300 -0.12563100 -0.02904200
v -0.01479300 -0.12563100 -0.02904200
v -0.01486400 -0.12563100 -0.02871700
v -0.01486400 -0.12563100 -0.02871700
v -0.01486400 -0.12563100 -0.02871700
v -0.01486400 -0.12563100 -0.02871700
v -0.01486400 -0.12563100 -0.02871700
v -0.01496600 -0.12563100 -0.02840500
v -0.01496600 -0.12563100 -0.02840500
v -0.01496600 -0.12563100 -0.02840500
v -0.01496600 -0.12563100 -0.02840500
v -0.01496600 -0.12563100 -0.02840500
v -0.01509600 -0.12563100 -0.02810700
v -0.01509600 -0.12563100 -0.02810700
v -0.01509600 -0.12563100 -0.02810700
v -0.01525400 -0.12563100 -0.02782500
v -0.01525400 -0.12563100 -0.02782500
v -0.01525400 -0.12563100 -0.02782500
v -0.01543800 -0.12563100 -0.02756000
v -0.01543800 -0.12563100 -0.02756000
v -0.01543800 -0.12563100 -0.02756000
v -0.01564600 -0.12563100 -0.02731400
v -0.01564600 -0.12563100 -0.02731400
v -0.01564600 -0.12563100 -0.02731400
v -0.01587600 -0.12563100 -0.02708900
v -0.01587600 -0.12563100 -0.02708900
v -0.01587600 -0.12563100 -0.02708900
v -0.01587600 -0.12563100 -0.02708900
v -0.01612700 -0.12563100 -0.02688700
v -0.01612700 -0.12563100 -0.02688700
v -0.01612700 -0.12563100 -0.02688700
v -0.01612700 -0.12563100 -0.02688700
v -0.01639700 -0.12563100 -0.02670900
v -0.01639700 -0.12563100 -0.02670900
v -0.01639700 -0.12563100 -0.02670900
v -0.01668500 -0.12563100 -0.02655800
v -0.01668500 -0.12563100 -0.02655800
v -0.01668500 -0.12563100 -0.02655800
v -0.01698900 -0.12563100 -0.02643400
v -0.01698900 -0.12563100 -0.02643400
v -0.01698900 -0.12563100 -0.02643400
v -0.01730700 -0.12563100 -0.02634000
v -0.01730700 -0.12563100 -0.02634000
v -0.01730700 -0.12563100 -0.02634000
v -0.01730700 -0.12563100 -0.02634000
v -0.01763800 -0.12563100 -0.02627700
v -0.01763800 -0.12563100 -0.02627700
v -0.01763800 -0.12563100 -0.02627700
v -0.01798000 -0.12563100 -0.02624700
v -0.01798000 -0.12563100 -0.02624700
v -0.01798000 -0.12563100 -0.02624700
v -0.01798000 -0.12563100 -0.02624700
v -0.01895300 -0.12563100 -0.02621200
v -0.01895300 -0.12563100 -0.02621200
v -0.01992700 -0.12563100 -0.02617700
v -0.01992700 -0.12563100 -0.02617700
v -0.01992700 -0.12563100 -0.02617700
v -0.02090000 -0.12563100 -0.02614200
v -0.02090000 -0.12563100 -0.02614200
v -0.02090000 -0.12563100 -0.02614200
v -0.02187400 -0.12563100 -0.02610700
v -0.02187400 -0.12563100 -0.02610700
v -0.02187400 -0.12563100 -0.02610700
v -0.02220200 -0.12563100 -0.02611200
v -0.02220200 -0.12563100 -0.02611200
v -0.02220200 -0.12563100 -0.02611200
v -0.02252100 -0.12563100 -0.02614900
v -0.02252100 -0.12563100 -0.02614900
v -0.02252100 -0.12563100 -0.02614900
v -0.02283000 -0.12563100 -0.02621600
v -0.02283000 -0.12563100 -0.02621600
v -0.02283000 -0.12563100 -0.02621600
v -0.02312800 -0.12563100 -0.02631300
v -0.02312800 -0.12563100 -0.02631300
v -0.02312800 -0.12563100 -0.02631300
v -0.02341300 -0.12563100 -0.02643800
v -0.02341300 -0.12563100 -0.02643800
v -0.02341300 -0.12563100 -0.02643800
v -0.02341300 -0.12563100 -0.02643800
v -0.02368200 -0.12563100 -0.02658900
v -0.02368200 -0.12563100 -0.02658900
v -0.02368200 -0.12563100 -0.02658900
v -0.02368200 -0.12563100 -0.02658900
v -0.02368200 -0.12563100 -0.02658900
v -0.02393500 -0.12563100 -0.02676400
v -0.02393500 -0.12563100 -0.02676400
v -0.02393500 -0.12563100 -0.02676400
v -0.02417000 -0.12563100 -0.02696200
v -0.02417000 -0.12563100 -0.02696200
v -0.02417000 -0.12563100 -0.02696200
v -0.02438400 -0.12563100 -0.02718200
v -0.02438400 -0.12563100 -0.02718200
v -0.02438400 -0.12563100 -0.02718200
v -0.02457700 -0.12563100 -0.02742200
v -0.02457700 -0.12563100 -0.02742200
v -0.02457700 -0.12563100 -0.02742200
v -0.02474700 -0.12563100 -0.02768000
v -0.02474700 -0.12563100 -0.02768000
v -0.02474700 -0.12563100 -0.02768000
v -0.02489200 -0.12563100 -0.02795500
v -0.02489200 -0.12563100 -0.02795500
v -0.02489200 -0.12563100 -0.02795500
v -0.02489200 -0.12563100 -0.02795500
v -0.02501000 -0.12563100 -0.02824500
v -0.02501000 -0.12563100 -0.02824500
v -0.02501000 -0.12563100 -0.02824500
v -0.02501000 -0.12563100 -0.02824500
v -0.02510000 -0.12563100 -0.02854800
v -0.02510000 -0.12563100 -0.02854800
v -0.02510000 -0.12563100 -0.02854800
v -0.02516000 -0.12563100 -0.02886400
v -0.02516000 -0.12563100 -0.02886400
v -0.02516000 -0.12563100 -0.02886400
v -0.02518800 -0.12563100 -0.02919100
v -0.02518800 -0.12563100 -0.02919100
v -0.02518800 -0.12563100 -0.02919100
v -0.02520300 -0.12563100 -0.02960300
v -0.02520300 -0.12563100 -0.02960300
v -0.02521800 -0.12563100 -0.03001600
v -0.02521800 -0.12563100 -0.03001600
v -0.02523300 -0.12563100 -0.03042800
v -0.02523300 -0.12563100 -0.03042800
v -0.02524800 -0.12563100 -0.03084100
v -0.02524800 -0.12563100 -0.03084100
v -0.02524800 -0.12563100 -0.03084100
v -0.02636600 -0.12563100 -0.03080000
v -0.02636600 -0.12563100 -0.03080000
v -0.02636600 -0.12563100 -0.03080000
v -0.02748500 -0.12563100 -0.03076000
v -0.02748500 -0.12563100 -0.03076000
v -0.02748500 -0.12563100 -0.03076000
v -0.02860300 -0.12563100 -0.03072000
v -0.02860300 -0.12563100 -0.03072000
v -0.02860300 -0.12563100 -0.03072000
v -0.02860300 -0.12563100 -0.03072000
v -0.01624200 -0.12563100 -0.02967100
v -0.01624200 -0.12563100 -0.02967100
v -0.01624200 -0.12563100 -0.02967100
v -0.01625500 -0.12563100 -0.03004400
v -0.01625500 -0.12563100 -0.03004400
v -0.01625500 -0.12563100 -0.03004400
v -0.01626900 -0.12563100 -0.03041700
v -0.01626900 -0.12563100 -0.03041700
v -0.01626900 -0.12563100 -0.03041700
v -0.01628200 -0.12563100 -0.03079000
v -0.01628200 -0.12563100 -0.03079000
v -0.01628200 -0.12563100 -0.03079000
v -0.01628200 -0.12563100 -0.03079000
v -0.01629600 -0.12563100 -0.03116300
v -0.01629600 -0.12563100 -0.03116300
v -0.01629600 -0.12563100 -0.03116300
v -0.01629600 -0.12563100 -0.03116300
v -0.01816100 -0.12563100 -0.03109600
v -0.01816100 -0.12563100 -0.03109600
v -0.02002600 -0.12563100 -0.03102900
v -0.02002600 -0.12563100 -0.03102900
v -0.02002600 -0.12563100 -0.03102900
v -0.02189100 -0.12563100 -0.03096200
v -0.02189100 -0.12563100 -0.03096200
v -0.02189100 -0.12563100 -0.03096200
v -0.02375600 -0.12563100 -0.03089400
v -0.02375600 -0.12563100 -0.03089400
v -0.02375600 -0.12563100 -0.03089400
v -0.02374200 -0.12563100 -0.03052100
v -0.02374200 -0.12563100 -0.03052100
v -0.02374200 -0.12563100 -0.03052100
v -0.02372900 -0.12563100 -0.03014800
v -0.02372900 -0.12563100 -0.03014800
v -0.02372900 -0.12563100 -0.03014800
v -0.02371500 -0.12563100 -0.02977500
v -0.02371500 -0.12563100 -0.02977500
v -0.02371500 -0.12563100 -0.02977500
v -0.02370200 -0.12563100 -0.02940200
v -0.02370200 -0.12563100 -0.02940200
v -0.02370200 -0.12563100 -0.02940200
v -0.02368500 -0.12563100 -0.02921600
v -0.02368500 -0.12563100 -0.02921600
v -0.02368500 -0.12563100 -0.02921600
v -0.02365000 -0.12563100 -0.02903400
v -0.02365000 -0.12563100 -0.02903400
v -0.02365000 -0.12563100 -0.02903400
v -0.02359600 -0.12563100 -0.02885900
v -0.02359600 -0.12563100 -0.02885900
v -0.02359600 -0.12563100 -0.02885900
v -0.02352600 -0.12563100 -0.02869100
v -0.02352600 -0.12563100 -0.02869100
v -0.02352600 -0.12563100 -0.02869100
v -0.02344100 -0.12563100 -0.02853200
v -0.02344100 -0.12563100 -0.02853200
v -0.02344100 -0.12563100 -0.02853200
v -0.02334000 -0.12563100 -0.02838100
v -0.02334000 -0.12563100 -0.02838100
v -0.02334000 -0.12563100 -0.02838100
v -0.02334000 -0.12563100 -0.02838100
v -0.02322600 -0.12563100 -0.02824100
v -0.02322600 -0.12563100 -0.02824100
v -0.02322600 -0.12563100 -0.02824100
v -0.02310000 -0.12563100 -0.02811200
v -0.02310000 -0.12563100 -0.02811200
v -0.02310000 -0.12563100 -0.02811200
v -0.02296200 -0.12563100 -0.02799500
v -0.02296200 -0.12563100 -0.02799500
v -0.02296200 -0.12563100 -0.02799500
v -0.02281400 -0.12563100 -0.02789200
v -0.02281400 -0.12563100 -0.02789200
v -0.02281400 -0.12563100 -0.02789200
v -0.02265700 -0.12563100 -0.02780300
v -0.02265700 -0.12563100 -0.02780300
v -0.02265700 -0.12563100 -0.02780300
v -0.02249200 -0.12563100 -0.02772900
v -0.02249200 -0.12563100 -0.02772900
v -0.02249200 -0.12563100 -0.02772900
v -0.02231900 -0.12563100 -0.02767100
v -0.02231900 -0.12563100 -0.02767100
v -0.02231900 -0.12563100 -0.02767100
v -0.02214100 -0.12563100 -0.02763000
v -0.02214100 -0.12563100 -0.02763000
v -0.02214100 -0.12563100 -0.02763000
v -0.02214100 -0.12563100 -0.02763000
v -0.02195700 -0.12563100 -0.02760800
v -0.02195700 -0.12563100 -0.02760800
v -0.02195700 -0.12563100 -0.02760800
v -0.02195700 -0.12563100 -0.02760800
v -0.02195700 -0.12563100 -0.02760800
v -0.02177000 -0.12563100 -0.02760500
v -0.02177000 -0.12563100 -0.02760500
v -0.02177000 -0.12563100 -0.02760500
v -0.02083700 -0.12563100 -0.02763800
v -0.02083700 -0.12563100 -0.02763800
v -0.01990400 -0.12563100 -0.02767200
v -0.01990400 -0.12563100 -0.02767200
v -0.01990400 -0.12563100 -0.02767200
v -0.01897200 -0.12563100 -0.02770500
v -0.01897200 -0.12563100 -0.02770500
v -0.01897200 -0.12563100 -0.02770500
v -0.01803900 -0.12563100 -0.02773900
v -0.01803900 -0.12563100 -0.02773900
v -0.01803900 -0.12563100 -0.02773900
v -0.01785200 -0.12563100 -0.02775600
v -0.01785200 -0.12563100 -0.02775600
v -0.01785200 -0.12563100 -0.02775600
v -0.01785200 -0.12563100 -0.02775600
v -0.01767100 -0.12563100 -0.02779100
v -0.01767100 -0.12563100 -0.02779100
v -0.01767100 -0.12563100 -0.02779100
v -0.01767100 -0.12563100 -0.02779100
v -0.01767100 -0.12563100 -0.02779100
v -0.01749600 -0.12563100 -0.02784400
v -0.01749600 -0.12563100 -0.02784400
v -0.01749600 -0.12563100 -0.02784400
v -0.01749600 -0.12563100 -0.02784400
v -0.01732800 -0.12563100 -0.02791500
v -0.01732800 -0.12563100 -0.02791500
v -0.01732800 -0.12563100 -0.02791500
v -0.01716900 -0.12563100 -0.02800000
v -0.01716900 -0.12563100 -0.02800000
v -0.01716900 -0.12563100 -0.02800000
v -0.01701800 -0.12563100 -0.02810100
v -0.01701800 -0.12563100 -0.02810100
v -0.01701800 -0.12563100 -0.02810100
v -0.01687800 -0.12563100 -0.02821500
v -0.01687800 -0.12563100 -0.02821500
v -0.01687800 -0.12563100 -0.02821500
v -0.01674900 -0.12563100 -0.02834100
v -0.01674900 -0.12563100 -0.02834100
v -0.01674900 -0.12563100 -0.02834100
v -0.01674900 -0.12563100 -0.02834100
v -0.01663300 -0.12563100 -0.02847900
v -0.01663300 -0.12563100 -0.02847900
v -0.01663300 -0.12563100 -0.02847900
v -0.01663300 -0.12563100 -0.02847900
v -0.01652900 -0.12563100 -0.02862700
v -0.01652900 -0.12563100 -0.02862700
v -0.01652900 -0.12563100 -0.02862700
v -0.01652900 -0.12563100 -0.02862700
v -0.01644000 -0.12563100 -0.02878400
v -0.01644000 -0.12563100 -0.02878400
v -0.01644000 -0.12563100 -0.02878400
v -0.01644000 -0.12563100 -0.02878400
v -0.01636600 -0.12563100 -0.02894900
v -0.01636600 -0.12563100 -0.02894900
v -0.01636600 -0.12563100 -0.02894900
v -0.01636600 -0.12563100 -0.02894900
v -0.01630800 -0.12563100 -0.02912200
v -0.01630800 -0.12563100 -0.02912200
v -0.01630800 -0.12563100 -0.02912200
v -0.01630800 -0.12563100 -0.02912200
v -0.01626700 -0.12563100 -0.02930000
v -0.01626700 -0.12563100 -0.02930000
v -0.01626700 -0.12563100 -0.02930000
v -0.01626700 -0.12563100 -0.02930000
v -0.01624500 -0.12563100 -0.02948400
v -0.01624500 -0.12563100 -0.02948400
v -0.01624500 -0.12563100 -0.02948400
vn 0.03510000 0.00000000 0.99940000
vn -0.99940000 0.00000000 0.03600000
vn 0.00000000 1.00000000 -0.00000000
vn 0.00000000 -1.00000000 -0.00000000
vn 0.03510000 0.00000000 0.99940000
vn -0.99940000 0.00000000 0.03600000
vn -0.99940000 0.00000000 0.03600000
vn 0.00000000 1.00000000 -0.00000000
vn -0.99940000 0.00000000 0.03600000
vn -0.99940000 0.00000000 0.03600000
vn -0.99940000 0.00000000 0.03600000
vn 0.00000000 -1.00000000 -0.00000000
vn -0.99940000 0.00000000 0.03600000
vn 0.00000000 1.00000000 -0.00000000
vn -0.99940000 0.00000000 0.03600000
vn -0.99940000 0.00000000 0.03600000
vn -0.99940000 0.00000000 0.03600000
vn -0.99940000 0.00000000 0.03600000
vn -0.99940000 0.00000000 0.03600000
vn 0.00000000 -1.00000000 -0.00000000
vn 0.00000000 1.00000000 -0.00000000
vn -0.99940000 0.00000000 0.03600000
vn -0.99940000 0.00000000 0.03600000
vn -0.99940000 0.00000000 0.03600000
vn -0.99940000 0.00000000 0.03600000
vn -0.99940000 0.00000000 0.03600000
vn 0.00000000 -1.00000000 -0.00000000
vn 0.00000000 1.00000000 -0.00000000
vn -0.99940000 0.00000000 0.03600000
vn -0.03710000 0.00000000 -0.99930000
vn -0.03710000 0.00000000 -0.99930000
vn -0.99940000 0.00000000 0.03600000
vn 0.00000000 -1.00000000 -0.00000000
vn -0.03710000 0.00000000 -0.99930000
vn -0.99940000 0.00000000 0.03600000
vn -0.99940000 0.00000000 0.03600000
vn -0.03710000 0.00000000 -0.99930000
vn 0.03510000 0.00000000 0.99940000
vn -0.99940000 0.00000000 0.03600000
vn -0.99940000 0.00000000 0.03600000
vn 0.03510000 0.00000000 0.99940000
vn 0.00000000 1.00000000 -0.00000000
vn -0.99940000 0.00000000 0.03340000
vn -0.03600000 0.00000000 -0.99940000
vn -0.03600000 0.00000000 -0.99940000
vn 0.00000000 -1.00000000 -0.00000000
vn -0.99940000 0.00000000 0.03340000
vn 0.00000000 1.00000000 -0.00000000
vn -0.03600000 0.00000000 -0.99940000
vn -0.03600000 0.00000000 -0.99940000
vn -0.03600000 0.00000000 -0.99940000
vn -0.03600000 0.00000000 -0.99940000
vn 0.00000000 -1.00000000 -0.00000000
vn -0.03600000 0.00000000 -0.99940000
vn 0.00000000 1.00000000 -0.00000000
vn -0.03600000 0.00000000 -0.99940000
vn -0.03600000 0.00000000 -0.99940000
vn -0.03600000 0.00000000 -0.99940000
vn -0.03600000 0.00000000 -0.99940000
vn -0.03600000 0.00000000 -0.99940000
vn 0.00000000 -1.00000000 -0.00000000
vn -0.03600000 0.00000000 -0.99940000
vn 0.00000000 1.00000000 -0.00000000
vn -0.03600000 0.00000000 -0.99940000
vn -0.03600000 0.00000000 -0.99940000
vn -0.03600000 0.00000000 -0.99940000
vn 0.00000000 -1.00000000 -0.00000000
vn -0.03600000 0.00000000 -0.99940000
vn 0.00000000 1.00000000 -0.00000000
vn -0.03600000 0.00000000 -0.99940000
vn 0.99930000 0.00000000 -0.03630000
vn 0.99930000 0.00000000 -0.03630000
vn 0.99930000 0.00000000 -0.03640000
vn -0.03600000 0.00000000 -0.99940000
vn -0.03600000 0.00000000 -0.99940000
vn 0.00000000 -1.00000000 -0.00000000
vn 0.99930000 0.00000000 -0.03640000
vn -0.03600000 0.00000000 -0.99940000
vn -0.99940000 0.00000000 0.03340000
vn -0.99940000 0.00000000 0.03340000
vn -0.03600000 0.00000000 -0.99940000
vn -0.03900000 0.00000000 -0.99920000
vn 0.99940000 0.00000000 -0.03600000
vn 0.00000000 1.00000000 -0.00000000
vn 0.99940000 0.00000000 -0.03600000
vn -0.03640000 0.00000000 -0.99930000
vn -0.03900000 0.00000000 -0.99920000
vn -0.03640000 0.00000000 -0.99930000
vn 0.00000000 -1.00000000 -0.00000000
vn 0.99940000 0.00000000 -0.03600000
vn 0.00000000 1.00000000 -0.00000000
vn 0.99940000 0.00000000 -0.03600000
vn 0.99940000 0.00000000 -0.03600000
vn 0.99940000 0.00000000 -0.03600000
vn 0.99940000 0.00000000 -0.03600000
vn 0.00000000 -1.00000000 -0.00000000
vn 0.99940000 0.00000000 -0.03600000
vn 0.99940000 0.00000000 -0.03600000
vn 0.00000000 1.00000000 -0.00000000
vn 0.99940000 0.00000000 -0.03600000
vn 0.99940000 0.00000000 -0.03600000
vn 0.99940000 0.00000000 -0.03600000
vn 0.99940000 0.00000000 -0.03600000
vn 0.00000000 -1.00000000 -0.00000000
vn -0.00000000 -1.00000000 0.00030000
vn 0.99940000 0.00000000 -0.03600000
vn 0.00000000 1.00000000 -0.00000000
vn 0.99940000 0.00000000 -0.03600000
vn 0.99940000 0.00000000 -0.03600000
vn 0.99940000 0.00000000 -0.03600000
vn -0.00000000 -1.00000000 -0.00030000
vn 0.99940000 0.00000000 -0.03600000
vn -0.00000000 -1.00000000 0.00030000
vn 0.99940000 0.00000000 -0.03600000
vn 0.03380000 0.00000000 0.99940000
vn 0.00000000 1.00000000 -0.00000000
vn 0.99940000 0.00000000 -0.03600000
vn 0.03380000 0.00000000 0.99940000
vn 0.03640000 0.00000000 0.99930000
vn -0.00000000 -1.00000000 -0.00030000
vn 0.03640000 0.00000000 0.99930000
vn 0.99940000 0.00000000 -0.03600000
vn 0.61230000 0.60440000 -0.50970000
vn 0.61350000 -0.51860000 -0.59550000
vn 0.71660000 0.69590000 0.04650000
vn 0.71660000 -0.69590000 0.04610000
vn 0.70810000 0.69590000 0.11930000
vn 0.70830000 -0.69600000 0.11790000
vn 0.69270000 0.69600000 0.18910000
vn 0.69280000 -0.69610000 0.18820000
vn 0.67080000 0.69620000 0.25550000
vn 0.67100000 -0.69600000 0.25580000
vn 0.64270000 0.69640000 0.31950000
vn 0.64310000 -0.69680000 0.31770000
vn 0.60880000 0.69640000 0.37990000
vn 0.60920000 -0.69700000 0.37830000
vn 0.56910000 0.69590000 0.43800000
vn 0.56960000 -0.69650000 0.43640000
vn 0.52530000 0.69650000 0.48880000
vn 0.52530000 -0.69650000 0.48870000
vn 0.47680000 0.69720000 0.53530000
vn 0.47630000 -0.69650000 0.53670000
vn 0.42280000 0.69650000 0.57980000
vn 0.42280000 -0.69650000 0.57980000
vn 0.36590000 0.69800000 0.61560000
vn 0.36500000 -0.69630000 0.61800000
vn 0.30380000 0.69800000 0.64840000
vn 0.30380000 -0.69800000 0.64850000
vn 0.23760000 0.69610000 0.67750000
vn 0.23820000 -0.69790000 0.67540000
vn 0.16940000 0.69780000 0.69590000
vn 0.16990000 -0.69780000 0.69580000
vn 0.09830000 0.69780000 0.70950000
vn 0.09810000 -0.69590000 0.71140000
vn -0.54960000 0.51870000 0.65490000
vn -0.46200000 -0.60220000 0.65110000
vn 0.71630000 0.06200000 -0.69510000
vn -0.61450000 0.05100000 0.78720000
vn 0.00000000 1.00000000 -0.00000000
vn 0.99940000 0.00000000 -0.03540000
vn 0.03600000 0.00000000 0.99940000
vn 0.99940000 0.00000000 -0.03540000
vn 0.03600000 0.00000000 0.99940000
vn 0.00000000 -1.00000000 -0.00000000
vn 0.99940000 0.00000000 -0.03540000
vn 0.03600000 0.00000000 0.99940000
vn 0.03600000 0.00000000 0.99940000
vn 0.00000000 1.00000000 -0.00000000
vn 0.03600000 0.00000000 0.99940000
vn 0.03600000 0.00000000 0.99940000
vn 0.03600000 0.00000000 0.99940000
vn 0.00000000 -1.00000000 -0.00000000
vn 0.03600000 0.00000000 0.99940000
vn 0.00000000 -0.99990000 0.01490000
vn 0.03600000 0.00000000 0.99940000
vn 0.00000000 1.00000000 -0.00000000
vn 0.03600000 0.00000000 0.99940000
vn 0.03600000 0.00000000 0.99940000
vn 0.03600000 0.00000000 0.99940000
vn 0.00000000 -1.00000000 -0.00000000
vn 0.03600000 0.00000000 0.99940000
vn 0.00000000 -0.99990000 0.01490000
vn 0.00000000 1.00000000 -0.00000000
vn 0.03600000 0.00000000 0.99940000
vn 0.03600000 0.00000000 0.99940000
vn 0.03600000 0.00000000 0.99940000
vn 0.03600000 0.00000000 0.99940000
vn 0.03600000 0.00000000 0.99940000
vn 0.00000000 -0.99990000 -0.01490000
vn 0.00000000 -1.00000000 -0.00000000
vn -0.99940000 0.00000000 0.03540000
vn 0.00000000 1.00000000 -0.00000000
vn 0.03600000 0.00000000 0.99940000
vn 0.03600000 0.00000000 0.99940000
vn -0.99940000 0.00000000 0.03540000
vn 0.00000000 -0.99990000 -0.01490000
vn 0.03600000 0.00000000 0.99940000
vn -0.99940000 0.00000000 0.03540000
vn 0.50900000 0.60460000 0.61260000
vn 0.59740000 -0.52100000 0.60960000
vn -0.04630000 0.69570000 0.71680000
vn -0.04700000 -0.69760000 0.71500000
vn -0.11830000 0.69600000 0.70820000
vn -0.11830000 -0.69380000 0.71040000
vn -0.18820000 0.69610000 0.69280000
vn -0.18820000 -0.69610000 0.69280000
vn -0.25620000 0.69810000 0.66860000
vn -0.25550000 -0.69620000 0.67080000
vn -0.32050000 0.69790000 0.64050000
vn -0.31870000 -0.69450000 0.64500000
vn -0.38000000 0.69640000 0.60880000
vn -0.38000000 -0.69640000 0.60880000
vn -0.43650000 0.69650000 0.56950000
vn -0.43650000 -0.69650000 0.56950000
vn -0.48930000 0.69730000 0.52380000
vn -0.48880000 -0.69650000 0.52530000
vn -0.53720000 0.69720000 0.47470000
vn -0.53670000 -0.69650000 0.47630000
vn -0.57990000 0.69640000 0.42280000
vn -0.57990000 -0.69640000 0.42280000
vn -0.61800000 0.69640000 0.36490000
vn -0.61800000 -0.69640000 0.36490000
vn -0.65100000 0.69590000 0.30320000
vn -0.65050000 -0.69630000 0.30350000
vn -0.67750000 0.69610000 0.23760000
vn -0.67750000 -0.69610000 0.23760000
vn -0.69820000 0.69570000 0.16900000
vn -0.69790000 -0.69600000 0.16900000
vn -0.71140000 0.69590000 0.09760000
vn -0.71140000 -0.69590000 0.09800000
vn -0.65490000 0.51870000 -0.54960000
vn -0.64740000 -0.60460000 -0.46400000
vn 0.69460000 0.06200000 0.71670000
vn -0.79250000 0.04370000 -0.60830000
vn -0.78230000 0.05560000 -0.62040000
vn 0.00000000 1.00000000 -0.00000000
vn 0.03510000 0.00000000 0.99940000
vn -0.99940000 0.00000000 0.03600000
vn -0.99940000 0.00000000 0.03600000
vn 0.03510000 0.00000000 0.99940000
vn -0.00000000 -1.00000000 -0.00030000
vn 0.00000000 1.00000000 -0.00000000
vn -0.99940000 0.00000000 0.03600000
vn -0.99940000 0.00000000 0.03600000
vn -0.99940000 0.00000000 0.03600000
vn -0.99940000 0.00000000 0.03600000
vn -0.99940000 0.00000000 0.03600000
vn 0.00000000 -1.00000000 -0.00000000
vn -0.00000000 -1.00000000 -0.00030000
vn -0.99940000 0.00000000 0.03600000
vn 0.00000000 1.00000000 -0.00000000
vn -0.99940000 0.00000000 0.03600000
vn -0.99940000 0.00000000 0.03600000
vn -0.99940000 0.00000000 0.03600000
vn 0.00000000 -1.00000000 -0.00000000
vn -0.99940000 0.00000000 0.03600000
vn 0.00000000 1.00000000 -0.00000000
vn -0.99940000 0.00000000 0.03600000
vn -0.99940000 0.00000000 0.03600000
vn -0.99940000 0.00000000 0.03600000
vn -0.99940000 0.00000000 0.03600000
vn -0.99940000 0.00000000 0.03600000
vn 0.00000000 -1.00000000 -0.00000000
vn 0.00000000 1.00000000 -0.00000000
vn -0.03510000 0.00000000 -0.99940000
vn -0.99940000 0.00000000 0.03600000
vn 0.00000000 -1.00000000 -0.00000000
vn -0.03710000 0.00000000 -0.99930000
vn -0.99940000 0.00000000 0.03600000
vn -0.99940000 0.00000000 0.03600000
vn 0.03510000 0.00000000 0.99940000
vn 0.03510000 0.00000000 0.99940000
vn -0.99940000 0.00000000 0.03600000
vn -0.99940000 0.00000000 0.03600000
vn -0.03510000 0.00000000 -0.99940000
vn -0.03710000 0.00000000 -0.99930000
vn -0.99940000 0.00000000 0.03600000
vn -0.03510000 0.00000000 -0.99940000
vn 0.00000000 1.00000000 -0.00000000
vn 0.03600000 0.00000000 0.99940000
vn 0.99940000 0.00000000 -0.03350000
vn 0.00000000 -0.99990000 -0.01300000
vn 0.99940000 0.00000000 -0.03350000
vn 0.03600000 0.00000000 0.99940000
vn 0.00000000 1.00000000 -0.00000000
vn 0.03600000 0.00000000 0.99940000
vn 0.03600000 0.00000000 0.99940000
vn 0.03600000 0.00000000 0.99940000
vn 0.03600000 0.00000000 0.99940000
vn 0.00000000 -0.99990000 0.01300000
vn 0.03600000 0.00000000 0.99940000
vn 0.00000000 -0.99990000 -0.01300000
vn 0.00000000 1.00000000 -0.00000000
vn 0.03600000 0.00000000 0.99940000
vn 0.03600000 0.00000000 0.99940000
vn 0.03600000 0.00000000 0.99940000
vn 0.03600000 0.00000000 0.99940000
vn 0.00000000 -1.00000000 -0.00000000
vn 0.00000000 -0.99990000 0.01300000
vn 0.03600000 0.00000000 0.99940000
vn 0.03600000 0.00000000 0.99940000
vn 0.00000000 1.00000000 -0.00000000
vn 0.03600000 0.00000000 0.99940000
vn 0.03600000 0.00000000 0.99940000
vn 0.03600000 0.00000000 0.99940000
vn 0.00000000 -1.00000000 -0.00000000
vn 0.03600000 0.00000000 0.99940000
vn 0.00000000 1.00000000 -0.00000000
vn -0.99940000 0.00000000 0.03350000
vn 0.03600000 0.00000000 0.99940000
vn 0.00000000 -1.00000000 -0.00000000
vn 0.03600000 0.00000000 0.99940000
vn -0.99940000 0.00000000 0.03350000
vn 0.03600000 0.00000000 0.99940000
vn -0.99940000 0.00000000 0.03350000
vn -0.99940000 0.00000000 0.03350000
vn 0.03600000 0.00000000 0.99940000
vn 0.03600000 0.00000000 0.99940000
vn 0.99940000 0.00000000 -0.03350000
vn 0.03600000 0.00000000 0.99940000
vn 0.99940000 0.00000000 -0.03350000
vn 0.00000000 1.00000000 -0.00000000
vn -0.99940000 0.00000000 0.03600000
vn 0.03510000 0.00000000 0.99940000
vn 0.03510000 0.00000000 0.99940000
vn -0.99940000 0.00000000 0.03600000
vn 0.00000000 -1.00000000 -0.00000000
vn -0.99940000 0.00000000 0.03600000
vn 0.00000000 1.00000000 -0.00000000
vn -0.99940000 0.00000000 0.03600000
vn -0.99940000 0.00000000 0.03600000
vn -0.99940000 0.00000000 0.03600000
vn 0.00000000 -1.00000000 -0.00000000
vn -0.99940000 0.00000000 0.03600000
vn -0.99940000 0.00000000 0.03600000
vn 0.00000000 1.00000000 -0.00000000
vn -0.99940000 0.00000000 0.03600000
vn -0.99940000 0.00000000 0.03600000
vn -0.99940000 0.00000000 0.03600000
vn -0.99940000 0.00000000 0.03600000
vn 0.00000000 -1.00000000 -0.00000000
vn -0.99940000 0.00000000 0.03600000
vn 0.00000000 1.00000000 -0.00000000
vn -0.99940000 0.00000000 0.03600000
vn -0.99940000 0.00000000 0.03600000
vn -0.99940000 0.00000000 0.03600000
vn -0.99940000 0.00000000 0.03600000
vn 0.00000000 -1.00000000 -0.00000000
vn -0.99940000 0.00000000 0.03600000
vn 0.00000000 1.00000000 -0.00000000
vn -0.03510000 0.00000000 -0.99940000
vn 0.00000000 -1.00000000 -0.00000000
vn -0.03510000 0.00000000 -0.99940000
vn -0.99940000 0.00000000 0.03600000
vn -0.99940000 0.00000000 0.03600000
vn -0.03510000 0.00000000 -0.99940000
vn -0.03500000 0.00000000 -0.99940000
vn -0.03510000 0.00000000 -0.99940000
vn -0.99940000 0.00000000 0.03600000
vn -0.03500000 0.00000000 -0.99940000
vn -0.99940000 0.00000000 0.03600000
vn 0.03510000 0.00000000 0.99940000
vn -0.99940000 0.00000000 0.03600000
vn 0.03510000 0.00000000 0.99940000
vn 0.03600000 0.00000000 0.99940000
vn 0.99940000 0.00000000 -0.03530000
vn 0.00000000 1.00000000 -0.00000000
vn 0.03600000 0.00000000 0.99940000
vn 0.00000000 -1.00000000 -0.00000000
vn 0.99940000 0.00000000 -0.03540000
vn 0.03600000 0.00000000 0.99940000
vn 0.00000000 1.00000000 -0.00000000
vn 0.03600000 0.00000000 0.99940000
vn 0.03600000 0.00000000 0.99940000
vn 0.03600000 0.00000000 0.99940000
vn 0.00000000 -1.00000000 0.00780000
vn 0.00000000 -1.00000000 -0.00000000
vn 0.03600000 0.00000000 0.99940000
vn 0.00000000 1.00000000 -0.00000000
vn 0.03600000 0.00000000 0.99940000
vn 0.03600000 0.00000000 0.99940000
vn 0.03600000 0.00000000 0.99940000
vn 0.03600000 0.00000000 0.99940000
vn 0.00000000 -1.00000000 -0.00000000
vn 0.00000000 -1.00000000 0.00780000
vn 0.03600000 0.00000000 0.99940000
vn 0.00000000 1.00000000 -0.00000000
vn 0.03600000 0.00000000 0.99940000
vn 0.03600000 0.00000000 0.99940000
vn 0.03600000 0.00000000 0.99940000
vn 0.03600000 0.00000000 0.99940000
vn 0.03600000 0.00000000 0.99940000
vn 0.00000000 -1.00000000 -0.00000000
vn -0.99940000 0.00000000 0.03350000
vn 0.00000000 1.00000000 -0.00000000
vn 0.03600000 0.00000000 0.99940000
vn -0.99940000 0.00000000 0.03360000
vn 0.03600000 0.00000000 0.99940000
vn 0.00000000 -1.00000000 -0.00000000
vn 0.99940000 0.00000000 -0.03530000
vn 0.99940000 0.00000000 -0.03540000
vn 0.03600000 0.00000000 0.99940000
vn 0.99940000 0.00000000 -0.03530000
vn 0.03600000 0.00000000 0.99940000
vn -0.99940000 0.00000000 0.03350000
vn 0.03600000 0.00000000 0.99940000
vn -0.99940000 0.00000000 0.03350000
vn 0.03600000 0.00000000 0.99940000
vn -0.99940000 0.00000000 0.03360000
vn 0.00000000 1.00000000 -0.00000000
vn -0.03310000 0.00000000 -0.99950000
vn 0.99940000 0.00000000 -0.03600000
vn 0.99940000 0.00000000 -0.03600000
vn -0.03510000 0.00000000 -0.99940000
vn 0.00000000 -1.00000000 -0.00000000
vn 0.00000000 1.00000000 -0.00000000
vn 0.99940000 0.00000000 -0.03600000
vn 0.99940000 0.00000000 -0.03600000
vn 0.99940000 0.00000000 -0.03600000
vn 0.99940000 0.00000000 -0.03600000
vn 0.00000000 -1.00000000 -0.00000000
vn 0.99940000 0.00000000 -0.03600000
vn 0.00000000 1.00000000 -0.00000000
vn 0.99940000 0.00000000 -0.03600000
vn 0.99940000 0.00000000 -0.03600000
vn 0.99940000 0.00000000 -0.03600000
vn 0.99940000 0.00000000 -0.03600000
vn 0.00000000 -1.00000000 -0.00000000
vn 0.99940000 0.00000000 -0.03600000
vn 0.99940000 0.00000000 -0.03600000
vn 0.00000000 1.00000000 -0.00000000
vn 0.99940000 0.00000000 -0.03600000
vn 0.99940000 0.00000000 -0.03600000
vn 0.99940000 0.00000000 -0.03600000
vn 0.00000000 -1.00000000 -0.00000000
vn 0.99940000 0.00000000 -0.03600000
vn 0.03320000 0.00000000 0.99940000
vn 0.00000000 1.00000000 -0.00000000
vn 0.99940000 0.00000000 -0.03600000
vn 0.99940000 0.00000000 -0.03600000
vn 0.03320000 0.00000000 0.99940000
vn 0.00000000 -1.00000000 -0.00000000
vn -0.03310000 0.00000000 -0.99950000
vn 0.99940000 0.00000000 -0.03600000
vn -0.03510000 0.00000000 -0.99940000
vn 0.99940000 0.00000000 -0.03600000
vn -0.03310000 0.00000000 -0.99950000
vn 0.03320000 0.00000000 0.99940000
vn 0.99940000 0.00000000 -0.03600000
vn 0.03320000 0.00000000 0.99940000
vn 0.99940000 0.00000000 -0.03600000
vn 0.55780000 0.60580000 -0.56730000
vn 0.54990000 -0.51600000 -0.65680000
vn 0.68810000 0.71910000 -0.09690000
vn 0.68830000 -0.71880000 -0.09760000
vn 0.67510000 0.71870000 -0.16670000
vn 0.67450000 -0.71890000 -0.16800000
vn 0.65480000 0.71840000 -0.23490000
vn 0.65450000 -0.71870000 -0.23480000
vn 0.62830000 0.71820000 -0.29900000
vn 0.62830000 -0.71760000 -0.30070000
vn 0.59700000 0.71770000 -0.35840000
vn 0.59650000 -0.71800000 -0.35880000
vn 0.56000000 0.71730000 -0.41470000
vn 0.56040000 -0.71780000 -0.41320000
vn 0.51910000 0.71710000 -0.46510000
vn 0.51910000 -0.71710000 -0.46510000
vn 0.47440000 0.71770000 -0.50980000
vn 0.47350000 -0.71630000 -0.51250000
vn 0.42520000 0.71770000 -0.55150000
vn 0.42350000 -0.71480000 -0.55650000
vn 0.37200000 0.71750000 -0.58890000
vn 0.37140000 -0.71590000 -0.59120000
vn 0.31450000 0.71800000 -0.62100000
vn 0.31370000 -0.71640000 -0.62320000
vn 0.25380000 0.71960000 -0.64630000
vn 0.25280000 -0.71630000 -0.65040000
vn 0.18900000 0.72150000 -0.66610000
vn 0.18710000 -0.71680000 -0.67170000
vn 0.11950000 0.71850000 -0.68520000
vn 0.11940000 -0.71660000 -0.68710000
vn 0.04790000 0.71690000 -0.69560000
vn 0.04760000 -0.71910000 -0.69330000
vn 0.61520000 0.51600000 -0.59600000
vn 0.52540000 -0.60580000 -0.59750000
vn 0.64070000 -0.06290000 -0.76520000
vn 0.64070000 -0.06320000 -0.76520000
vn 0.73220000 -0.05850000 -0.67850000
vn -0.99940000 0.00000000 0.03540000
vn 0.00000000 1.00000000 -0.00000000
vn -0.03600000 0.00000000 -0.99940000
vn -0.99940000 0.00000000 0.03540000
vn -0.03600000 0.00000000 -0.99940000
vn 0.00000000 -1.00000000 -0.00000000
vn -0.03600000 0.00000000 -0.99940000
vn -0.99940000 0.00000000 0.03540000
vn -0.03600000 0.00000000 -0.99940000
vn 0.00000000 1.00000000 -0.00000000
vn -0.03600000 0.00000000 -0.99940000
vn -0.03600000 0.00000000 -0.99940000
vn -0.03600000 0.00000000 -0.99940000
vn 0.00000000 -1.00000000 -0.00000000
vn -0.03600000 0.00000000 -0.99940000
vn -0.03600000 0.00000000 -0.99940000
vn 0.00000000 1.00000000 -0.00000000
vn -0.03600000 0.00000000 -0.99940000
vn -0.03600000 0.00000000 -0.99940000
vn -0.03600000 0.00000000 -0.99940000
vn 0.00000000 -1.00000000 -0.00000000
vn -0.03600000 0.00000000 -0.99940000
vn -0.03600000 0.00000000 -0.99940000
vn 0.00000000 1.00000000 -0.00000000
vn -0.03600000 0.00000000 -0.99940000
vn -0.03600000 0.00000000 -0.99940000
vn -0.03600000 0.00000000 -0.99940000
vn -0.03600000 0.00000000 -0.99940000
vn 0.00000000 -1.00000000 -0.00000000
vn -0.03600000 0.00000000 -0.99940000
vn 0.00000000 1.00000000 -0.00000000
vn 0.99940000 0.00000000 -0.03350000
vn -0.03600000 0.00000000 -0.99940000
vn 0.99940000 0.00000000 -0.03350000
vn 0.00000000 -1.00000000 -0.00000000
vn -0.03600000 0.00000000 -0.99940000
vn 0.99940000 0.00000000 -0.03350000
vn -0.56900000 0.60780000 -0.55380000
vn -0.65900000 -0.51760000 -0.54580000
vn -0.09800000 0.72080000 -0.68620000
vn -0.09800000 -0.72080000 -0.68620000
vn -0.16840000 0.71850000 -0.67480000
vn -0.16790000 -0.71680000 -0.67680000
vn -0.23530000 0.71640000 -0.65680000
vn -0.23570000 -0.71680000 -0.65620000
vn -0.29840000 0.71660000 -0.63040000
vn -0.29980000 -0.71990000 -0.62600000
vn -0.35940000 0.71910000 -0.59470000
vn -0.35970000 -0.71950000 -0.59410000
vn -0.41410000 0.71930000 -0.55780000
vn -0.41410000 -0.71930000 -0.55780000
vn -0.46290000 0.71630000 -0.52210000
vn -0.46470000 -0.71900000 -0.51680000
vn -0.50900000 0.71650000 -0.47700000
vn -0.50950000 -0.71710000 -0.47570000
vn -0.55160000 0.71770000 -0.42500000
vn -0.55120000 -0.71710000 -0.42650000
vn -0.58910000 0.71830000 -0.37010000
vn -0.58910000 -0.71830000 -0.37010000
vn -0.62170000 0.71880000 -0.31110000
vn -0.62140000 -0.71840000 -0.31270000
vn -0.64850000 0.71860000 -0.25130000
vn -0.64820000 -0.71830000 -0.25300000
vn -0.66970000 0.71850000 -0.18780000
vn -0.66990000 -0.71820000 -0.18800000
vn -0.68490000 0.71870000 -0.11970000
vn -0.68490000 -0.71880000 -0.11930000
vn -0.69330000 0.71900000 -0.04840000
vn -0.69330000 -0.71900000 -0.04760000
vn -0.59530000 0.51590000 -0.61600000
vn -0.59750000 -0.60550000 -0.52570000
vn -0.67100000 -0.05510000 -0.73940000
vn -0.68140000 -0.06060000 -0.72940000
vn -0.76520000 -0.06270000 -0.64070000
vn 0.00000000 1.00000000 -0.00000000
vn -0.99940000 0.00000000 0.03600000
vn -0.03600000 0.00000000 -0.99940000
vn 0.03570000 0.00000000 0.99940000
vn 0.00000000 1.00000000 -0.00000000
vn -0.99940000 0.00000000 0.03570000
vn -0.99940000 0.00000000 0.03570000
vn -0.99940000 0.00000000 0.03600000
vn 0.00000000 1.00000000 -0.00000000
vn 0.00000000 1.00000000 -0.00000000
vn -0.99940000 0.00000000 0.03600000
vn -0.99940000 0.00000000 0.03600000
vn 0.00000000 1.00000000 -0.00000000
vn 0.00000000 1.00000000 -0.00000000
vn -0.03600000 0.00000000 -0.99940000
vn 0.00000000 1.00000000 -0.00000000
vn -0.03600000 0.00000000 -0.99940000
vn -0.03600000 0.00000000 -0.99940000
vn 0.00000000 1.00000000 -0.00000000
vn 0.99940000 0.00000000 -0.03600000
vn -0.03600000 0.00000000 -0.99940000
vn 0.00000000 1.00000000 -0.00000000
vn 0.99940000 0.00000000 -0.03600000
vn 0.00000000 1.00000000 -0.00000000
vn 0.99940000 0.00000000 -0.03600000
vn 0.00000000 1.00000000 -0.00000000
vn 0.99940000 0.00000000 -0.03600000
vn 0.00000000 1.00000000 -0.00000000
vn 0.00000000 1.00000000 -0.00000000
vn 0.99990000 0.00000000 0.01430000
vn 0.99940000 0.00000000 -0.03600000
vn 0.00000000 1.00000000 0.00010000
vn 0.00000000 1.00000000 -0.00000000
vn 0.00000000 1.00000000 0.00010000
vn 0.99990000 0.00000000 0.01430000
vn 0.99330000 0.00000000 0.11540000
vn 0.00000000 1.00000000 0.00010000
vn 0.00000000 1.00000000 -0.00010000
vn 0.00000000 1.00000000 -0.00000000
vn 0.99330000 0.00000000 0.11540000
vn 0.97660000 0.00000000 0.21520000
vn 0.97660000 0.00000000 0.21520000
vn 0.00000000 1.00000000 -0.00000000
vn 0.00000000 1.00000000 -0.00010000
vn 0.95110000 0.00000000 0.30870000
vn 0.00000000 1.00000000 0.00010000
vn 0.00000000 1.00000000 -0.00000000
vn 0.91640000 0.00000000 0.40030000
vn 0.95110000 0.00000000 0.30870000
vn 0.00000000 1.00000000 0.00010000
vn 0.00000000 1.00000000 -0.00010000
vn 0.00000000 1.00000000 0.00010000
vn 0.00000000 1.00000000 -0.00010000
vn 0.00000000 1.00000000 -0.00000000
vn 0.87360000 0.00000000 0.48670000
vn 0.91640000 0.00000000 0.40030000
vn 0.87360000 0.00000000 0.48670000
vn 0.00000000 1.00000000 -0.00000000
vn 0.82330000 0.00000000 0.56760000
vn 0.82330000 0.00000000 0.56760000
vn 0.00000000 1.00000000 -0.00000000
vn 0.76340000 0.00000000 0.64590000
vn 0.76340000 0.00000000 0.64590000
vn 0.00000000 1.00000000 -0.00000000
vn 0.69680000 0.00000000 0.71730000
vn 0.00000000 1.00000000 -0.00000000
vn 0.69680000 0.00000000 0.71730000
vn 0.62950000 0.00000000 0.77700000
vn 0.00000000 1.00000000 -0.00000000
vn 0.55350000 0.00000000 0.83290000
vn 0.62950000 0.00000000 0.77700000
vn 0.46890000 0.00000000 0.88330000
vn 0.55350000 0.00000000 0.83290000
vn 0.00000000 1.00000000 -0.00000000
vn 0.46890000 0.00000000 0.88330000
vn 0.00000000 1.00000000 -0.00000000
vn 0.37730000 0.00000000 0.92610000
vn 0.28400000 -0.00030000 0.95880000
vn 0.00000000 1.00000000 -0.00000000
vn 0.37730000 0.00000000 0.92610000
vn -0.00000000 1.00000000 -0.00040000
vn 0.18520000 0.00070000 0.98270000
vn 0.00000000 1.00000000 -0.00080000
vn 0.28340000 0.00040000 0.95900000
vn -0.00000000 1.00000000 -0.00040000
vn 0.18590000 -0.00060000 0.98260000
vn 0.00000000 1.00000000 -0.00080000
vn 0.08530000 -0.00050000 0.99640000
vn 0.00000000 1.00000000 -0.00000000
vn -0.00000000 1.00000000 -0.00040000
vn 0.08630000 0.00070000 0.99630000
vn 0.03590000 0.00000000 0.99940000
vn 0.00000000 1.00000000 -0.00080000
vn 0.00000000 1.00000000 -0.00000000
vn 0.03590000 0.00000000 0.99940000
vn 0.00000000 1.00000000 -0.00000000
vn 0.03590000 0.00000000 0.99940000
vn 0.03590000 0.00000000 0.99940000
vn 0.00000000 1.00000000 -0.00000000
vn 0.03590000 0.00000000 0.99940000
vn -0.01440000 0.00000000 0.99990000
vn 0.00000000 1.00000000 -0.00000000
vn -0.01440000 0.00000000 0.99990000
vn -0.11560000 0.00000000 0.99330000
vn 0.00000000 1.00000000 -0.00000000
vn 0.00000000 1.00000000 -0.00000000
vn -0.21290000 0.00000000 0.97710000
vn -0.11560000 0.00000000 0.99330000
vn 0.00000000 1.00000000 -0.00000000
vn -0.30750000 0.00000000 0.95160000
vn -0.21290000 0.00000000 0.97710000
vn 0.00000000 1.00000000 -0.00000000
vn -0.30750000 0.00000000 0.95160000
vn -0.40410000 0.00000000 0.91470000
vn 0.00000000 1.00000000 -0.00000000
vn -0.40410000 0.00000000 0.91470000
vn 0.00000000 1.00000000 0.00010000
vn -0.48570000 0.00000000 0.87410000
vn 0.00000000 1.00000000 -0.00000000
vn -0.56930000 0.00000000 0.82210000
vn 0.00000000 1.00000000 -0.00010000
vn -0.48570000 0.00000000 0.87410000
vn -0.64470000 0.00000000 0.76440000
vn 0.00000000 1.00000000 -0.00000000
vn -0.56930000 0.00000000 0.82210000
vn -0.64470000 0.00000000 0.76440000
vn 0.00000000 1.00000000 -0.00000000
vn -0.71740000 0.00000000 0.69670000
vn -0.00000000 1.00000000 0.00020000
vn -0.78090000 0.00000000 0.62470000
vn 0.00000000 1.00000000 -0.00000000
vn -0.71740000 0.00000000 0.69670000
vn -0.83500000 0.00000000 0.55020000
vn 0.00000000 1.00000000 -0.00000000
vn -0.78090000 0.00000000 0.62470000
vn -0.83500000 0.00000000 0.55020000
vn 0.00000000 1.00000000 0.00010000
vn -0.88480000 0.00000000 0.46590000
vn 0.00000000 1.00000000 -0.00000000
vn -0.92680000 0.00000000 0.37560000
vn -0.88480000 0.00000000 0.46590000
vn 0.00000000 1.00000000 -0.00010000
vn 0.00000000 1.00000000 -0.00000000
vn 0.00000000 1.00000000 -0.00000000
vn -0.95920000 0.00000000 0.28270000
vn -0.92680000 0.00000000 0.37560000
vn -0.98240000 0.00000000 0.18700000
vn 0.00000000 1.00000000 0.00010000
vn -0.95920000 0.00000000 0.28270000
vn 0.00000000 1.00000000 -0.00010000
vn 0.00000000 1.00000000 -0.00000000
vn -0.98240000 0.00000000 0.18700000
vn 0.00000000 1.00000000 -0.00010000
vn 0.00000000 1.00000000 0.00010000
vn -0.99630000 0.00000000 0.08620000
vn -0.99940000 0.00000000 0.03590000
vn 0.00000000 1.00000000 -0.00010000
vn -0.99630000 0.00000000 0.08620000
vn 0.00000000 1.00000000 -0.00000000
vn -0.99930000 0.00000000 0.03610000
vn -0.99940000 0.00000000 0.03590000
vn 0.00000000 1.00000000 -0.00000000
vn 0.00000000 1.00000000 -0.00010000
vn -0.99930000 0.00000000 0.03610000
vn -0.99940000 0.00000000 0.03590000
vn 0.00000000 1.00000000 -0.00000000
vn 0.00000000 1.00000000 -0.00010000
vn -0.99940000 0.00000000 0.03590000
vn 0.00000000 1.00000000 -0.00000000
vn 0.03570000 0.00000000 0.99940000
vn -0.99940000 0.00000000 0.03590000
vn 0.00000000 1.00000000 -0.00000000
vn 0.03570000 0.00000000 0.99940000
vn 0.00000000 1.00000000 -0.00000000
vn 0.03620000 0.00000000 0.99930000
vn 0.03570000 0.00000000 0.99940000
vn 0.03620000 0.00000000 0.99930000
vn 0.00000000 1.00000000 -0.00000000
vn 0.03570000 0.00000000 0.99940000
vn 0.00000000 1.00000000 -0.00000000
vn 0.00000000 1.00000000 -0.00000000
vn 0.00000000 1.00000000 0.00010000
vn -0.99990000 0.00000000 -0.01690000
vn -0.99940000 0.00000000 0.03600000
vn 0.00000000 1.00000000 -0.00000000
vn 0.00000000 1.00000000 0.00010000
vn -0.99940000 0.00000000 0.03600000
vn -0.99940000 0.00000000 0.03600000
vn 0.00000000 1.00000000 -0.00000000
vn -0.99940000 0.00000000 0.03600000
vn 0.00000000 1.00000000 -0.00000000
vn -0.99940000 0.00000000 0.03600000
vn 0.00000000 1.00000000 -0.00000000
vn 0.03600000 0.00000000 0.99940000
vn 0.00000000 1.00000000 -0.00000000
vn 0.03600000 0.00000000 0.99940000
vn 0.00000000 1.00000000 -0.00000000
vn 0.03600000 0.00000000 0.99940000
vn 0.03600000 0.00000000 0.99940000
vn 0.00000000 1.00000000 -0.00000000
vn 0.03600000 0.00000000 0.99940000
vn 0.99940000 0.00000000 -0.03600000
vn 0.00000000 1.00000000 -0.00000000
vn 0.00000000 1.00000000 -0.00010000
vn 0.99940000 0.00000000 -0.03600000
vn 0.00000000 1.00000000 -0.00000000
vn 0.00000000 1.00000000 -0.00000000
vn 0.99940000 0.00000000 -0.03600000
vn 0.00000000 1.00000000 -0.00010000
vn 0.00000000 1.00000000 -0.00000000
vn 0.00000000 1.00000000 -0.00010000
vn 0.99940000 0.00000000 -0.03600000
vn 0.99940000 0.00000000 -0.03600000
vn 0.99600000 0.00000000 -0.08930000
vn 0.00000000 1.00000000 -0.00000000
vn 0.98120000 0.00000000 -0.19320000
vn 0.99600000 0.00000000 -0.08930000
vn 0.00000000 1.00000000 -0.00000000
vn 0.00000000 1.00000000 -0.00000000
vn 0.00000000 1.00000000 0.00010000
vn 0.98120000 0.00000000 -0.19320000
vn 0.95660000 0.00000000 -0.29140000
vn 0.00000000 1.00000000 -0.00010000
vn 0.00000000 1.00000000 0.00010000
vn 0.95660000 0.00000000 -0.29140000
vn 0.92370000 0.00000000 -0.38310000
vn 0.00000000 1.00000000 -0.00010000
vn 0.88070000 0.00000000 -0.47370000
vn 0.00000000 1.00000000 -0.00000000
vn 0.00000000 1.00000000 0.00010000
vn 0.92370000 0.00000000 -0.38310000
vn 0.88070000 0.00000000 -0.47370000
vn 0.83190000 0.00000000 -0.55500000
vn 0.00000000 1.00000000 -0.00000000
vn 0.83190000 0.00000000 -0.55500000
vn 0.00000000 1.00000000 -0.00000000
vn 0.77600000 0.00000000 -0.63070000
vn 0.00000000 1.00000000 -0.00000000
vn 0.77600000 0.00000000 -0.63070000
vn 0.71370000 0.00000000 -0.70050000
vn 0.00000000 1.00000000 -0.00010000
vn 0.71370000 0.00000000 -0.70050000
vn 0.00000000 1.00000000 -0.00010000
vn 0.00000000 1.00000000 -0.00000000
vn 0.00000000 1.00000000 0.00010000
vn 0.64740000 0.00000000 -0.76220000
vn 0.00000000 1.00000000 -0.00000000
vn 0.64740000 0.00000000 -0.76220000
vn 0.00000000 1.00000000 0.00010000
vn 0.57720000 0.00000000 -0.81660000
vn 0.00000000 1.00000000 -0.00000000
vn 0.49350000 0.00000000 -0.86970000
vn 0.57720000 0.00000000 -0.81660000
vn -0.00000000 1.00000000 0.00020000
vn 0.40690000 -0.00020000 -0.91350000
vn 0.49350000 0.00000000 -0.86970000
vn 0.00000000 1.00000000 -0.00000000
vn -0.00000000 1.00000000 0.00020000
vn 0.00000000 1.00000000 -0.00000000
vn 0.31900000 0.00000000 -0.94770000
vn 0.40650000 0.00030000 -0.91360000
vn 0.22340000 0.00000000 -0.97470000
vn 0.31900000 0.00000000 -0.94770000
vn 0.00000000 1.00000000 -0.00000000
vn 0.12050000 0.00000000 -0.99270000
vn 0.00000000 1.00000000 -0.00010000
vn 0.00000000 1.00000000 -0.00000000
vn 0.22340000 0.00000000 -0.97470000
vn 0.00000000 1.00000000 -0.00010000
vn 0.12050000 0.00000000 -0.99270000
vn 0.00000000 1.00000000 -0.00000000
vn 0.00000000 1.00000000 0.00010000
vn 0.01690000 0.00000000 -0.99990000
vn 0.00000000 1.00000000 -0.00000000
vn 0.01690000 0.00000000 -0.99990000
vn -0.03600000 0.00000000 -0.99940000
vn 0.00000000 1.00000000 0.00010000
vn 0.00000000 1.00000000 -0.00000000
vn -0.03600000 0.00000000 -0.99940000
vn -0.03600000 0.00000000 -0.99940000
vn 0.00000000 1.00000000 -0.00000000
vn -0.03600000 0.00000000 -0.99940000
vn 0.00000000 1.00000000 -0.00000000
vn -0.03600000 0.00000000 -0.99940000
vn -0.08810000 0.00000000 -0.99610000
vn 0.00000000 1.00000000 -0.00000000
vn -0.08810000 0.00000000 -0.99610000
vn 0.00000000 1.00000000 -0.00000000
vn -0.19080000 0.00000000 -0.98160000
vn 0.00000000 1.00000000 -0.00000000
vn -0.29090000 0.00000000 -0.95670000
vn -0.19080000 0.00000000 -0.98160000
vn -0.29090000 0.00000000 -0.95670000
vn 0.00000000 1.00000000 -0.00000000
vn -0.38460000 0.00000000 -0.92310000
vn 0.00000000 1.00000000 -0.00000000
vn -0.47450000 0.00000000 -0.88030000
vn -0.38460000 0.00000000 -0.92310000
vn -0.47450000 0.00000000 -0.88030000
vn -0.55590000 0.00000000 -0.83130000
vn 0.00000000 1.00000000 -0.00000000
vn -0.55590000 0.00000000 -0.83130000
vn -0.63310000 0.00000000 -0.77400000
vn 0.00000000 1.00000000 -0.00000000
vn -0.69640000 0.00000000 -0.71770000
vn 0.00000000 1.00000000 -0.00010000
vn 0.00000000 1.00000000 -0.00000000
vn -0.63310000 0.00000000 -0.77400000
vn -0.69640000 0.00000000 -0.71770000
vn -0.76320000 0.00000000 -0.64620000
vn 0.00000000 1.00000000 -0.00010000
vn 0.00000000 1.00000000 0.00010000
vn 0.00000000 1.00000000 -0.00000000
vn -0.81830000 0.00000000 -0.57480000
vn 0.00000000 1.00000000 -0.00000000
vn -0.76320000 0.00000000 -0.64620000
vn -0.81830000 0.00000000 -0.57480000
vn 0.00000000 1.00000000 -0.00000000
vn 0.00000000 1.00000000 -0.00010000
vn -0.87120000 0.00000000 -0.49090000
vn -0.87120000 0.00000000 -0.49090000
vn 0.00000000 1.00000000 -0.00000000
vn 0.00000000 1.00000000 -0.00010000
vn -0.91250000 0.00000000 -0.40910000
vn -0.91250000 0.00000000 -0.40910000
vn 0.00000000 1.00000000 -0.00000000
vn 0.00000000 1.00000000 0.00010000
vn -0.94810000 0.00000000 -0.31810000
vn 0.00000000 1.00000000 -0.00010000
vn -0.94810000 0.00000000 -0.31810000
vn 0.00000000 1.00000000 -0.00000000
vn -0.97500000 0.00000000 -0.22220000
vn 0.00000000 1.00000000 -0.00010000
vn 0.00000000 1.00000000 0.00010000
vn -0.97500000 0.00000000 -0.22220000
vn 0.00000000 1.00000000 -0.00000000
vn 0.00000000 1.00000000 -0.00010000
vn -0.99260000 0.00000000 -0.12110000
vn 0.00000000 1.00000000 -0.00000000
vn -0.99990000 0.00000000 -0.01690000
vn 0.00000000 1.00000000 0.00010000
vn -0.99260000 0.00000000 -0.12110000
vn -0.99930000 0.00000000 0.03610000
vn -0.03600000 0.00000000 -0.99940000
vn 0.00000000 -1.00000000 -0.00000000
vn 0.00000000 -1.00000000 -0.00000000
vn -0.99930000 0.00000000 0.03610000
vn 0.03640000 0.00000000 0.99930000
vn 0.00000000 -1.00000000 -0.00000000
vn -0.99940000 0.00000000 0.03580000
vn -0.99930000 0.00000000 0.03610000
vn -0.99940000 0.00000000 0.03580000
vn 0.00000000 -1.00000000 -0.00000000
vn -0.99930000 0.00000000 0.03610000
vn 0.00000000 -1.00000000 -0.00000000
vn -0.99930000 0.00000000 0.03610000
vn -0.03600000 0.00000000 -0.99940000
vn 0.00000000 -1.00000000 -0.00000000
vn 0.00000000 -1.00000000 -0.00000000
vn -0.03600000 0.00000000 -0.99940000
vn -0.03600000 0.00000000 -0.99940000
vn 0.00000000 -1.00000000 -0.00000000
vn 0.99940000 0.00000000 -0.03600000
vn 0.00000000 -1.00000000 -0.00000000
vn -0.03600000 0.00000000 -0.99940000
vn 0.00000000 -1.00000000 -0.00000000
vn 0.99940000 0.00000000 -0.03600000
vn 0.99940000 0.00000000 -0.03600000
vn 0.00000000 -1.00000000 0.00010000
vn 0.00000000 -1.00000000 -0.00000000
vn 0.00000000 -1.00000000 -0.00000000
vn 0.99940000 0.00000000 -0.03600000
vn 0.00000000 -1.00000000 -0.00010000
vn 0.99940000 0.00000000 -0.03600000
vn 0.99990000 0.00000000 0.01440000
vn 0.00000000 -1.00000000 -0.00000000
vn 0.00000000 -1.00000000 -0.00010000
vn 0.99340000 0.00000000 0.11460000
vn 0.00000000 -1.00000000 0.00010000
vn 0.99990000 0.00000000 0.01440000
vn 0.97690000 0.00000000 0.21370000
vn 0.00000000 -1.00000000 -0.00000000
vn 0.99340000 0.00000000 0.11460000
vn 0.00000000 -1.00000000 -0.00010000
vn 0.95100000 0.00000000 0.30920000
vn 0.00000000 -1.00000000 -0.00010000
vn 0.00000000 -1.00000000 0.00010000
vn 0.00000000 -1.00000000 -0.00000000
vn 0.97690000 0.00000000 0.21370000
vn 0.00000000 -1.00000000 0.00010000
vn 0.91750000 0.00000000 0.39780000
vn 0.95100000 0.00000000 0.30920000
vn 0.00000000 -1.00000000 -0.00000000
vn 0.87510000 0.00000000 0.48390000
vn 0.91750000 0.00000000 0.39780000
vn 0.00000000 -1.00000000 -0.00000000
vn 0.00000000 -1.00000000 -0.00000000
vn 0.82270000 0.00000000 0.56850000
vn 0.87510000 0.00000000 0.48390000
vn 0.76580000 0.00000000 0.64310000
vn 0.00000000 -1.00000000 -0.00000000
vn 0.00000000 -1.00000000 0.00010000
vn 0.82270000 0.00000000 0.56850000
vn 0.69950000 0.00000000 0.71470000
vn 0.00000000 -1.00000000 0.00010000
vn 0.00000000 -1.00000000 -0.00000000
vn 0.76580000 0.00000000 0.64310000
vn 0.00000000 -1.00000000 -0.00000000
vn 0.69950000 0.00000000 0.71470000
vn 0.62690000 0.00000000 0.77910000
vn 0.00000000 -1.00000000 0.00010000
vn 0.55110000 0.00000000 0.83440000
vn 0.62690000 0.00000000 0.77910000
vn -0.00000000 -1.00000000 -0.00030000
vn 0.00000000 -1.00000000 -0.00000000
vn 0.00000000 -1.00000000 -0.00000000
vn 0.46240000 0.00000000 0.88670000
vn 0.55110000 0.00000000 0.83440000
vn 0.00000000 -1.00000000 -0.00000000
vn 0.46240000 0.00000000 0.88670000
vn 0.37970000 0.00000000 0.92510000
vn 0.00000000 -1.00000000 -0.00000000
vn 0.37970000 0.00000000 0.92510000
vn 0.28560000 0.00000000 0.95840000
vn 0.00000000 -1.00000000 -0.00090000
vn 0.28560000 0.00000000 0.95840000
vn 0.00000000 -1.00000000 -0.00010000
vn 0.18650000 -0.00070000 0.98240000
vn 0.00000000 -1.00000000 -0.00090000
vn 0.00000000 -1.00000000 -0.00010000
vn 0.08600000 0.00050000 0.99630000
vn 0.18720000 0.00060000 0.98230000
vn 0.03590000 0.00000000 0.99940000
vn 0.00000000 -1.00000000 -0.00000000
vn 0.08690000 -0.00070000 0.99620000
vn 0.00000000 -1.00000000 -0.00010000
vn 0.00000000 -1.00000000 -0.00090000
vn 0.03590000 0.00000000 0.99940000
vn 0.00000000 -1.00000000 -0.00000000
vn 0.03590000 0.00000000 0.99940000
vn 0.00000000 -1.00000000 -0.00000000
vn 0.03640000 0.00000000 0.99930000
vn 0.03590000 0.00000000 0.99940000
vn 0.00000000 -1.00000000 -0.00000000
vn 0.03640000 0.00000000 0.99930000
vn 0.00000000 -1.00000000 -0.00000000
vn 0.00000000 -1.00000000 -0.00050000
vn 0.03590000 0.00000000 0.99940000
vn -0.01450000 0.00000000 0.99990000
vn 0.00000000 -1.00000000 -0.00000000
vn -0.01450000 0.00000000 0.99990000
vn -0.11510000 0.00000000 0.99340000
vn 0.00000000 -1.00000000 -0.00050000
vn 0.00000000 -1.00000000 -0.00000000
vn -0.21210000 0.00000000 0.97730000
vn -0.11510000 0.00000000 0.99340000
vn -0.21210000 0.00000000 0.97730000
vn 0.00000000 -1.00000000 -0.00000000
vn -0.30950000 0.00000000 0.95090000
vn 0.00000000 -1.00000000 -0.00050000
vn -0.30950000 0.00000000 0.95090000
vn 0.00000000 -1.00000000 -0.00000000
vn -0.40230000 0.00000000 0.91550000
vn 0.00000000 -1.00000000 0.00010000
vn 0.00000000 -1.00000000 -0.00000000
vn -0.40230000 0.00000000 0.91550000
vn -0.48850000 0.00000000 0.87260000
vn -0.57210000 0.00000000 0.82020000
vn 0.00000000 -1.00000000 -0.00000000
vn -0.48850000 0.00000000 0.87260000
vn -0.64460000 0.00000000 0.76450000
vn -0.57210000 0.00000000 0.82020000
vn 0.00000000 -1.00000000 -0.00000000
vn 0.00000000 -1.00000000 -0.00010000
vn -0.71700000 0.00000000 0.69710000
vn 0.00000000 -1.00000000 -0.00000000
vn -0.64460000 0.00000000 0.76450000
vn 0.00000000 -1.00000000 -0.00010000
vn 0.00000000 -1.00000000 -0.00000000
vn -0.71700000 0.00000000 0.69710000
vn -0.78030000 0.00000000 0.62540000
vn 0.00000000 -1.00000000 -0.00010000
vn -0.78030000 0.00000000 0.62540000
vn -0.83690000 0.00000000 0.54740000
vn 0.00000000 -1.00000000 -0.00000000
vn -0.83690000 0.00000000 0.54740000
vn 0.00000000 -1.00000000 -0.00000000
vn -0.88390000 0.00000000 0.46770000
vn 0.00000000 -1.00000000 0.00010000
vn -0.92570000 0.00000000 0.37820000
vn 0.00000000 -1.00000000 -0.00000000
vn -0.88390000 0.00000000 0.46770000
vn 0.00000000 -1.00000000 -0.00000000
vn -0.95900000 0.00000000 0.28340000
vn -0.92570000 0.00000000 0.37820000
vn 0.00000000 -1.00000000 -0.00000000
vn 0.00000000 -1.00000000 0.00010000
vn -0.95900000 0.00000000 0.28340000
vn -0.98260000 0.00000000 0.18570000
vn -0.98260000 0.00000000 0.18570000
vn -0.99630000 0.00000000 0.08630000
vn 0.00000000 -1.00000000 -0.00000000
vn 0.00000000 -1.00000000 -0.00010000
vn 0.00000000 -1.00000000 -0.00000000
vn 0.00000000 -1.00000000 -0.00010000
vn 0.00000000 -1.00000000 0.00010000
vn -0.99940000 0.00000000 0.03590000
vn -0.99630000 0.00000000 0.08630000
vn 0.00000000 -1.00000000 -0.00000000
vn -0.99940000 0.00000000 0.03590000
vn -0.99940000 0.00000000 0.03590000
vn 0.00000000 -1.00000000 -0.00000000
vn -0.99940000 0.00000000 0.03590000
vn 0.00000000 -1.00000000 -0.00000000
vn 0.03590000 0.00000000 0.99940000
vn -0.99940000 0.00000000 0.03590000
vn 0.00000000 -1.00000000 -0.00000000
vn 0.03590000 0.00000000 0.99940000
vn 0.00000000 -1.00000000 -0.00000000
vn 0.03600000 0.00000000 0.99940000
vn 0.00000000 -1.00000000 -0.00000000
vn 0.03600000 0.00000000 0.99940000
vn 0.03590000 0.00000000 0.99940000
vn 0.03640000 0.00000000 0.99930000
vn 0.03590000 0.00000000 0.99940000
vn 0.00000000 -1.00000000 -0.00000000
vn -0.99990000 0.00000000 -0.01690000
vn 0.00000000 -1.00000000 -0.00000000
vn -0.99940000 0.00000000 0.03580000
vn -0.99940000 0.00000000 0.03580000
vn -0.99930000 0.00000000 0.03610000
vn 0.00000000 -1.00000000 -0.00000000
vn -0.99940000 0.00000000 0.03580000
vn -0.99930000 0.00000000 0.03610000
vn 0.00000000 -1.00000000 -0.00000000
vn -0.99940000 0.00000000 0.03580000
vn 0.00000000 -1.00000000 0.00010000
vn -0.99930000 0.00000000 0.03610000
vn 0.00000000 -1.00000000 -0.00000000
vn -0.99930000 0.00000000 0.03610000
vn 0.00000000 -1.00000000 0.00010000
vn 0.03600000 0.00000000 0.99940000
vn 0.00000000 -1.00000000 -0.00000000
vn 0.03600000 0.00000000 0.99940000
vn 0.00000000 -1.00000000 -0.00000000
vn 0.03600000 0.00000000 0.99940000
vn 0.00000000 -1.00000000 -0.00000000
vn 0.03590000 0.00000000 0.99940000
vn 0.03590000 0.00000000 0.99940000
vn 0.00000000 -1.00000000 -0.00000000
vn 0.03600000 0.00000000 0.99940000
vn 0.03600000 0.00000000 0.99940000
vn 0.00000000 -1.00000000 -0.00000000
vn 0.99940000 0.00000000 -0.03580000
vn 0.00000000 -1.00000000 -0.00000000
vn 0.99930000 0.00000000 -0.03610000
vn 0.99940000 0.00000000 -0.03580000
vn 0.99940000 0.00000000 -0.03580000
vn 0.99930000 0.00000000 -0.03610000
vn 0.00000000 -1.00000000 -0.00000000
vn 0.00000000 -1.00000000 -0.00000000
vn 0.99940000 0.00000000 -0.03580000
vn 0.99930000 0.00000000 -0.03610000
vn 0.00000000 -1.00000000 -0.00000000
vn 0.99930000 0.00000000 -0.03610000
vn 0.00000000 -1.00000000 0.00010000
vn 0.99610000 0.00000000 -0.08860000
vn 0.00000000 -1.00000000 -0.00010000
vn 0.99610000 0.00000000 -0.08860000
vn 0.00000000 -1.00000000 0.00010000
vn 0.98140000 0.00000000 -0.19190000
vn 0.00000000 -1.00000000 -0.00010000
vn 0.00000000 -1.00000000 -0.00000000
vn 0.98140000 0.00000000 -0.19190000
vn 0.95650000 0.00000000 -0.29170000
vn 0.00000000 -1.00000000 -0.00000000
vn 0.00000000 -1.00000000 0.00010000
vn 0.00000000 -1.00000000 -0.00010000
vn 0.92300000 0.00000000 -0.38490000
vn 0.95650000 0.00000000 -0.29170000
vn 0.00000000 -1.00000000 0.00010000
vn 0.92300000 0.00000000 -0.38490000
vn 0.00000000 -1.00000000 -0.00000000
vn 0.88210000 0.00000000 -0.47100000
vn 0.83150000 0.00000000 -0.55560000
vn 0.00000000 -1.00000000 -0.00000000
vn 0.88210000 0.00000000 -0.47100000
vn 0.00000000 -1.00000000 -0.00000000
vn 0.83150000 0.00000000 -0.55560000
vn 0.77830000 0.00000000 -0.62790000
vn 0.00000000 -1.00000000 0.00010000
vn 0.77830000 0.00000000 -0.62790000
vn 0.71630000 0.00000000 -0.69780000
vn 0.00000000 -1.00000000 0.00010000
vn 0.00000000 -1.00000000 -0.00000000
vn 0.64520000 0.00000000 -0.76400000
vn 0.71630000 0.00000000 -0.69780000
vn 0.00000000 -1.00000000 -0.00000000
vn 0.64520000 0.00000000 -0.76400000
vn 0.00000000 -1.00000000 -0.00000000
vn 0.57540000 0.00000000 -0.81790000
vn 0.49200000 0.00000000 -0.87060000
vn 0.00000000 -1.00000000 -0.00000000
vn 0.57540000 0.00000000 -0.81790000
vn 0.00000000 -1.00000000 -0.00010000
vn 0.40920000 0.00000000 -0.91240000
vn 0.00000000 -1.00000000 -0.00000000
vn 0.49200000 0.00000000 -0.87060000
vn 0.00000000 -1.00000000 -0.00000000
vn 0.40920000 0.00000000 -0.91240000
vn 0.00000000 -1.00000000 -0.00010000
vn 0.31810000 0.00000000 -0.94800000
vn 0.22070000 0.00000000 -0.97530000
vn 0.00000000 -1.00000000 -0.00000000
vn 0.31810000 0.00000000 -0.94800000
vn 0.22070000 0.00000000 -0.97530000
vn 0.12130000 0.00000000 -0.99260000
vn 0.00000000 -1.00000000 -0.00000000
vn 0.00000000 -1.00000000 -0.00010000
vn 0.00000000 -1.00000000 0.00010000
vn 0.01670000 0.00000000 -0.99990000
vn 0.00000000 -1.00000000 -0.00000000
vn 0.12130000 0.00000000 -0.99260000
vn -0.03600000 0.00000000 -0.99940000
vn 0.00000000 -1.00000000 -0.00000000
vn 0.00000000 -1.00000000 0.00010000
vn 0.01670000 0.00000000 -0.99990000
vn 0.00000000 -1.00000000 -0.00000000
vn -0.03600000 0.00000000 -0.99940000
vn 0.00000000 -1.00000000 -0.00000000
vn -0.03630000 0.00000000 -0.99930000
vn -0.03600000 0.00000000 -0.99940000
vn -0.03630000 0.00000000 -0.99930000
vn 0.00000000 -1.00000000 -0.00000000
vn -0.03620000 0.00000000 -0.99930000
vn -0.08870000 0.00000000 -0.99610000
vn -0.03620000 0.00000000 -0.99930000
vn 0.00000000 -1.00000000 -0.00000000
vn 0.00000000 -1.00000000 -0.00000000
vn -0.08870000 0.00000000 -0.99610000
vn -0.19250000 0.00010000 -0.98130000
vn -0.00000000 -1.00000000 -0.00030000
vn -0.19190000 -0.00020000 -0.98140000
vn 0.00000000 -1.00000000 0.00010000
vn -0.29020000 0.00000000 -0.95700000
vn -0.00000000 -1.00000000 -0.00030000
vn 0.00000000 -1.00000000 -0.00000000
vn -0.38350000 0.00000000 -0.92350000
vn 0.00000000 -1.00000000 0.00010000
vn -0.29020000 0.00000000 -0.95700000
vn 0.00000000 -1.00000000 -0.00000000
vn -0.38350000 0.00000000 -0.92350000
vn 0.00000000 -1.00000000 0.00010000
vn 0.00000000 -1.00000000 -0.00000000
vn -0.47310000 0.00000000 -0.88100000
vn 0.00000000 -1.00000000 -0.00000000
vn -0.47310000 0.00000000 -0.88100000
vn -0.55410000 0.00000000 -0.83240000
vn -0.63110000 0.00000000 -0.77570000
vn -0.55410000 0.00000000 -0.83240000
vn 0.00000000 -1.00000000 -0.00000000
vn 0.00000000 -1.00000000 -0.00000000
vn -0.70400000 0.00000000 -0.71020000
vn -0.63110000 0.00000000 -0.77570000
vn 0.00000000 -1.00000000 -0.00000000
vn -0.76310000 0.00000000 -0.64630000
vn -0.70400000 0.00000000 -0.71020000
vn -0.76310000 0.00000000 -0.64630000
vn -0.82030000 0.00000000 -0.57200000
vn 0.00000000 -1.00000000 -0.00000000
vn 0.00000000 -1.00000000 0.00010000
vn -0.86850000 0.00000000 -0.49570000
vn 0.00000000 -1.00000000 -0.00000000
vn -0.82030000 0.00000000 -0.57200000
vn 0.00000000 -1.00000000 0.00010000
vn 0.00000000 -1.00000000 0.00010000
vn -0.91360000 0.00000000 -0.40650000
vn -0.86850000 0.00000000 -0.49570000
vn 0.00000000 -1.00000000 -0.00010000
vn 0.00000000 -1.00000000 -0.00000000
vn -0.94800000 0.00000000 -0.31820000
vn -0.91360000 0.00000000 -0.40650000
vn 0.00000000 -1.00000000 -0.00010000
vn -0.94800000 0.00000000 -0.31820000
vn 0.00000000 -1.00000000 -0.00000000
vn -0.97480000 0.00000000 -0.22300000
vn 0.00000000 -1.00000000 -0.00010000
vn 0.00000000 -1.00000000 0.00010000
vn 0.00000000 -1.00000000 -0.00000000
vn -0.99260000 0.00000000 -0.12140000
vn -0.97480000 0.00000000 -0.22300000
vn -0.99990000 0.00000000 -0.01690000
vn 0.00000000 -1.00000000 -0.00000000
vn 0.00000000 -1.00000000 -0.00010000
vn -0.99260000 0.00000000 -0.12140000
vn 0.00000000 -1.00000000 0.00010000
vn 0.99940000 0.00000000 -0.03600000
vn 0.03510000 0.00000000 0.99940000
vn 0.00000000 1.00000000 -0.00000000
vn 0.03510000 0.00000000 0.99940000
vn 0.99940000 0.00000000 -0.03600000
vn 0.00000000 -1.00000000 -0.00000000
vn 0.00000000 1.00000000 -0.00000000
vn 0.99940000 0.00000000 -0.03600000
vn 0.99940000 0.00000000 -0.03600000
vn 0.99940000 0.00000000 -0.03600000
vn 0.99940000 0.00000000 -0.03600000
vn 0.99940000 0.00000000 -0.03600000
vn 0.00000000 -1.00000000 -0.00000000
vn 0.00000000 1.00000000 -0.00000000
vn 0.99940000 0.00000000 -0.03600000
vn 0.99940000 0.00000000 -0.03600000
vn 0.99940000 0.00000000 -0.03600000
vn 0.99940000 0.00000000 -0.03600000
vn 0.99940000 0.00000000 -0.03600000
vn 0.00000000 -1.00000000 -0.00000000
vn 0.00000000 1.00000000 -0.00000000
vn 0.99940000 0.00000000 -0.03600000
vn 0.99940000 0.00000000 -0.03600000
vn 0.99940000 0.00000000 -0.03600000
vn 0.99940000 0.00000000 -0.03600000
vn 0.00000000 -1.00000000 -0.00000000
vn 0.99940000 0.00000000 -0.03600000
vn 0.00000000 1.00000000 -0.00000000
vn 0.99940000 0.00000000 -0.03600000
vn -0.03710000 0.00000000 -0.99930000
vn -0.03710000 0.00000000 -0.99930000
vn 0.99940000 0.00000000 -0.03600000
vn 0.00000000 -1.00000000 -0.00000000
vn -0.03710000 0.00000000 -0.99930000
vn 0.99940000 0.00000000 -0.03600000
vn 0.99940000 0.00000000 -0.03600000
vn -0.03710000 0.00000000 -0.99930000
vn 0.03510000 0.00000000 0.99940000
vn 0.99940000 0.00000000 -0.03600000
vn 0.03510000 0.00000000 0.99940000
vn 0.99940000 0.00000000 -0.03600000
vn -0.99940000 0.00000000 0.03340000
vn 0.03600000 0.00000000 0.99940000
vn 0.00000000 1.00000000 -0.00000000
vn 0.03600000 0.00000000 0.99940000
vn 0.00000000 -1.00000000 -0.00000000
vn -0.99940000 0.00000000 0.03340000
vn 0.03600000 0.00000000 0.99940000
vn 0.00000000 1.00000000 -0.00000000
vn 0.03600000 0.00000000 0.99940000
vn 0.03600000 0.00000000 0.99940000
vn 0.03600000 0.00000000 0.99940000
vn 0.00000000 -1.00000000 -0.00000000
vn 0.03600000 0.00000000 0.99940000
vn 0.00000000 1.00000000 -0.00000000
vn 0.03600000 0.00000000 0.99940000
vn 0.03600000 0.00000000 0.99940000
vn 0.03600000 0.00000000 0.99940000
vn 0.03600000 0.00000000 0.99940000
vn 0.03600000 0.00000000 0.99940000
vn 0.00000000 -1.00000000 -0.00000000
vn 0.00000000 1.00000000 -0.00000000
vn 0.03600000 0.00000000 0.99940000
vn 0.03600000 0.00000000 0.99940000
vn 0.03600000 0.00000000 0.99940000
vn 0.03600000 0.00000000 0.99940000
vn 0.00000000 -1.00000000 -0.00000000
vn 0.03600000 0.00000000 0.99940000
vn 0.03600000 0.00000000 0.99940000
vn 0.99930000 0.00000000 -0.03630000
vn 0.00000000 1.00000000 -0.00000000
vn 0.03600000 0.00000000 0.99940000
vn 0.99930000 0.00000000 -0.03630000
vn 0.99930000 0.00000000 -0.03640000
vn 0.00000000 -1.00000000 -0.00000000
vn 0.99930000 0.00000000 -0.03640000
vn 0.03600000 0.00000000 0.99940000
vn 0.03600000 0.00000000 0.99940000
vn -0.99940000 0.00000000 0.03340000
vn -0.99940000 0.00000000 0.03340000
vn 0.03600000 0.00000000 0.99940000
vn 0.00000000 1.00000000 -0.00000000
vn -0.99940000 0.00000000 0.03600000
vn -0.03900000 0.00000000 -0.99920000
vn -0.03900000 0.00000000 -0.99920000
vn -0.99940000 0.00000000 0.03600000
vn -0.03640000 0.00000000 -0.99930000
vn -0.03640000 0.00000000 -0.99930000
vn -0.99940000 0.00000000 0.03600000
vn 0.00000000 -1.00000000 -0.00000000
vn -0.99940000 0.00000000 0.03600000
vn 0.00000000 1.00000000 -0.00000000
vn -0.99940000 0.00000000 0.03600000
vn -0.99940000 0.00000000 0.03600000
vn -0.99940000 0.00000000 0.03600000
vn -0.99940000 0.00000000 0.03600000
vn 0.00000000 -1.00000000 -0.00000000
vn -0.99940000 0.00000000 0.03600000
vn 0.00000000 1.00000000 -0.00000000
vn -0.99940000 0.00000000 0.03600000
vn -0.99940000 0.00000000 0.03600000
vn -0.99940000 0.00000000 0.03600000
vn -0.99940000 0.00000000 0.03600000
vn 0.00000000 -1.00000000 -0.00000000
vn -0.00000000 -1.00000000 0.00030000
vn -0.99940000 0.00000000 0.03600000
vn 0.00000000 1.00000000 -0.00000000
vn -0.99940000 0.00000000 0.03600000
vn -0.99940000 0.00000000 0.03600000
vn -0.99940000 0.00000000 0.03600000
vn -0.00000000 -1.00000000 0.00030000
vn -0.99940000 0.00000000 0.03600000
vn -0.00000000 -1.00000000 -0.00030000
vn 0.00000000 1.00000000 -0.00000000
vn 0.03380000 0.00000000 0.99940000
vn -0.99940000 0.00000000 0.03600000
vn -0.99940000 0.00000000 0.03600000
vn 0.03380000 0.00000000 0.99940000
vn 0.03640000 0.00000000 0.99930000
vn -0.99940000 0.00000000 0.03600000
vn 0.03640000 0.00000000 0.99930000
vn -0.00000000 -1.00000000 -0.00030000
vn -0.59530000 0.51880000 -0.61360000
vn -0.59660000 -0.60460000 -0.52770000
vn -0.69390000 0.71860000 -0.04520000
vn -0.69390000 -0.71860000 -0.04560000
vn -0.68600000 0.71860000 -0.11360000
vn -0.68590000 -0.71850000 -0.11510000
vn -0.67140000 0.71860000 -0.18140000
vn -0.67130000 -0.71840000 -0.18240000
vn -0.65020000 0.71830000 -0.24760000
vn -0.65030000 -0.71830000 -0.24720000
vn -0.62310000 0.71820000 -0.30980000
vn -0.62270000 -0.71770000 -0.31160000
vn -0.59040000 0.71810000 -0.36850000
vn -0.59000000 -0.71760000 -0.37020000
vn -0.55300000 0.71860000 -0.42170000
vn -0.55250000 -0.71800000 -0.42330000
vn -0.50960000 0.71800000 -0.47410000
vn -0.50960000 -0.71800000 -0.47410000
vn -0.46150000 0.71730000 -0.52200000
vn -0.46200000 -0.71800000 -0.52060000
vn -0.41010000 0.71810000 -0.56240000
vn -0.41010000 -0.71810000 -0.56240000
vn -0.35300000 0.71650000 -0.60170000
vn -0.35390000 -0.71820000 -0.59910000
vn -0.29300000 0.71650000 -0.63310000
vn -0.29300000 -0.71650000 -0.63310000
vn -0.23020000 0.71840000 -0.65640000
vn -0.22960000 -0.71650000 -0.65870000
vn -0.16330000 0.71670000 -0.67800000
vn -0.16330000 -0.71640000 -0.67830000
vn -0.09470000 0.71670000 -0.69090000
vn -0.09490000 -0.71860000 -0.68890000
vn -0.56940000 0.60460000 -0.55710000
vn -0.65720000 -0.52050000 -0.54520000
vn -0.72040000 0.05100000 -0.69160000
vn -0.76450000 0.06210000 -0.64160000
vn 0.99940000 0.00000000 -0.03540000
vn -0.03600000 0.00000000 -0.99940000
vn 0.00000000 1.00000000 -0.00000000
vn 0.99940000 0.00000000 -0.03540000
vn -0.03600000 0.00000000 -0.99940000
vn 0.99940000 0.00000000 -0.03540000
vn 0.00000000 -1.00000000 -0.00000000
vn -0.03600000 0.00000000 -0.99940000
vn -0.03600000 0.00000000 -0.99940000
vn 0.00000000 1.00000000 -0.00000000
vn -0.03600000 0.00000000 -0.99940000
vn -0.03600000 0.00000000 -0.99940000
vn -0.03600000 0.00000000 -0.99940000
vn -0.03600000 0.00000000 -0.99940000
vn 0.00000000 -0.99990000 0.01490000
vn 0.00000000 -1.00000000 -0.00000000
vn -0.03600000 0.00000000 -0.99940000
vn 0.00000000 1.00000000 -0.00000000
vn -0.03600000 0.00000000 -0.99940000
vn -0.03600000 0.00000000 -0.99940000
vn -0.03600000 0.00000000 -0.99940000
vn 0.00000000 -1.00000000 -0.00000000
vn 0.00000000 -0.99990000 0.01490000
vn -0.03600000 0.00000000 -0.99940000
vn 0.00000000 1.00000000 -0.00000000
vn -0.03600000 0.00000000 -0.99940000
vn -0.03600000 0.00000000 -0.99940000
vn -0.03600000 0.00000000 -0.99940000
vn -0.03600000 0.00000000 -0.99940000
vn -0.03600000 0.00000000 -0.99940000
vn 0.00000000 -0.99990000 -0.01490000
vn 0.00000000 -1.00000000 -0.00000000
vn 0.00000000 1.00000000 -0.00000000
vn -0.99940000 0.00000000 0.03540000
vn -0.03600000 0.00000000 -0.99940000
vn -0.03600000 0.00000000 -0.99940000
vn -0.99940000 0.00000000 0.03540000
vn 0.00000000 -0.99990000 -0.01490000
vn -0.99940000 0.00000000 0.03540000
vn -0.03600000 0.00000000 -0.99940000
vn 0.61400000 0.51850000 -0.59510000
vn 0.52580000 -0.60210000 -0.60080000
vn 0.04560000 0.71860000 -0.69390000
vn 0.04460000 -0.71660000 -0.69600000
vn 0.11460000 0.71860000 -0.68600000
vn 0.11450000 -0.72060000 -0.68390000
vn 0.18240000 0.71840000 -0.67130000
vn 0.18240000 -0.71840000 -0.67130000
vn 0.24700000 0.71630000 -0.65260000
vn 0.24760000 -0.71830000 -0.65020000
vn 0.30930000 0.71600000 -0.62580000
vn 0.31060000 -0.72010000 -0.62050000
vn 0.36850000 0.71810000 -0.59040000
vn 0.36850000 -0.71810000 -0.59040000
vn 0.42340000 0.71800000 -0.55240000
vn 0.42340000 -0.71800000 -0.55240000
vn 0.47370000 0.71720000 -0.51110000
vn 0.47420000 -0.71800000 -0.50960000
vn 0.52010000 0.71730000 -0.46370000
vn 0.52060000 -0.71800000 -0.46200000
vn 0.56240000 0.71810000 -0.41000000
vn 0.56240000 -0.71810000 -0.41000000
vn 0.59920000 0.71820000 -0.35380000
vn 0.59920000 -0.71820000 -0.35380000
vn 0.63100000 0.71800000 -0.29360000
vn 0.63100000 -0.71800000 -0.29390000
vn 0.65640000 0.71840000 -0.23020000
vn 0.65640000 -0.71840000 -0.23020000
vn 0.67620000 0.71830000 -0.16350000
vn 0.67590000 -0.71860000 -0.16370000
vn 0.68900000 0.71850000 -0.09530000
vn 0.68890000 -0.71860000 -0.09490000
vn 0.55710000 0.60460000 -0.56940000
vn 0.54960000 -0.51860000 -0.65490000
vn 0.69290000 0.05170000 -0.71920000
vn 0.64160000 0.06160000 -0.76450000
vn 0.64160000 0.06210000 -0.76450000
vn 0.00000000 1.00000000 -0.00000000
vn 0.99940000 0.00000000 -0.03590000
vn 0.03510000 0.00000000 0.99940000
vn 0.99940000 0.00000000 -0.03590000
vn 0.99940000 0.00000000 -0.03600000
vn 0.03510000 0.00000000 0.99940000
vn -0.00000000 -1.00000000 -0.00030000
vn 0.99940000 0.00000000 -0.03600000
vn 0.99940000 0.00000000 -0.03590000
vn 0.00000000 1.00000000 -0.00000000
vn 0.99940000 0.00000000 -0.03600000
vn 0.99940000 0.00000000 -0.03590000
vn 0.99940000 0.00000000 -0.03590000
vn 0.99940000 0.00000000 -0.03600000
vn 0.99940000 0.00000000 -0.03590000
vn 0.99940000 0.00000000 -0.03600000
vn 0.99940000 0.00000000 -0.03590000
vn 0.99940000 0.00000000 -0.03600000
vn 0.00000000 -1.00000000 -0.00000000
vn -0.00000000 -1.00000000 -0.00030000
vn 0.00000000 1.00000000 -0.00000000
vn 0.99940000 0.00000000 -0.03600000
vn 0.99940000 0.00000000 -0.03600000
vn 0.99940000 0.00000000 -0.03600000
vn 0.99940000 0.00000000 -0.03600000
vn 0.99940000 0.00000000 -0.03600000
vn 0.00000000 -1.00000000 -0.00000000
vn 0.00000000 1.00000000 -0.00000000
vn 0.99940000 0.00000000 -0.03600000
vn 0.99940000 0.00000000 -0.03600000
vn 0.99940000 0.00000000 -0.03600000
vn 0.99940000 0.00000000 -0.03600000
vn 0.99940000 0.00000000 -0.03600000
vn 0.00000000 -1.00000000 -0.00000000
vn 0.99940000 0.00000000 -0.03600000
vn -0.03510000 0.00000000 -0.99940000
vn 0.00000000 1.00000000 -0.00000000
vn -0.03710000 0.00000000 -0.99930000
vn 0.00000000 -1.00000000 -0.00000000
vn 0.99940000 0.00000000 -0.03600000
vn 0.99940000 0.00000000 -0.03600000
vn 0.99940000 0.00000000 -0.03590000
vn 0.03510000 0.00000000 0.99940000
vn 0.03510000 0.00000000 0.99940000
vn 0.99940000 0.00000000 -0.03590000
vn 0.99940000 0.00000000 -0.03600000
vn 0.99940000 0.00000000 -0.03600000
vn -0.03510000 0.00000000 -0.99940000
vn 0.99940000 0.00000000 -0.03600000
vn -0.03510000 0.00000000 -0.99940000
vn -0.03710000 0.00000000 -0.99930000
vn 0.99940000 0.00000000 -0.03350000
vn 0.00000000 1.00000000 -0.00000000
vn -0.03600000 0.00000000 -0.99940000
vn 0.00000000 -0.99990000 -0.01300000
vn -0.03600000 0.00000000 -0.99940000
vn 0.99940000 0.00000000 -0.03350000
vn -0.03600000 0.00000000 -0.99940000
vn 0.00000000 1.00000000 -0.00000000
vn -0.03600000 0.00000000 -0.99940000
vn -0.03600000 0.00000000 -0.99940000
vn -0.03600000 0.00000000 -0.99940000
vn 0.00000000 -0.99990000 -0.01300000
vn 0.00000000 -0.99990000 0.01300000
vn -0.03600000 0.00000000 -0.99940000
vn -0.03600000 0.00000000 -0.99940000
vn 0.00000000 1.00000000 -0.00000000
vn -0.03600000 0.00000000 -0.99940000
vn -0.03600000 0.00000000 -0.99940000
vn -0.03600000 0.00000000 -0.99940000
vn 0.00000000 -1.00000000 -0.00000000
vn 0.00000000 -0.99990000 0.01300000
vn -0.03600000 0.00000000 -0.99940000
vn 0.00000000 1.00000000 -0.00000000
vn -0.03600000 0.00000000 -0.99940000
vn -0.03600000 0.00000000 -0.99940000
vn -0.03600000 0.00000000 -0.99940000
vn -0.03600000 0.00000000 -0.99940000
vn 0.00000000 -1.00000000 -0.00000000
vn -0.03600000 0.00000000 -0.99940000
vn -0.03600000 0.00000000 -0.99940000
vn -0.99940000 0.00000000 0.03350000
vn 0.00000000 1.00000000 -0.00000000
vn -0.99940000 0.00000000 0.03350000
vn 0.00000000 -1.00000000 -0.00000000
vn -0.03600000 0.00000000 -0.99940000
vn -0.99940000 0.00000000 0.03350000
vn -0.03600000 0.00000000 -0.99940000
vn -0.99940000 0.00000000 0.03350000
vn -0.03600000 0.00000000 -0.99940000
vn -0.03600000 0.00000000 -0.99940000
vn 0.99940000 0.00000000 -0.03350000
vn 0.99940000 0.00000000 -0.03350000
vn -0.03600000 0.00000000 -0.99940000
vn 0.03510000 0.00000000 0.99940000
vn 0.00000000 1.00000000 -0.00000000
vn 0.99940000 0.00000000 -0.03600000
vn 0.00000000 -1.00000000 -0.00000000
vn 0.99940000 0.00000000 -0.03600000
vn 0.03510000 0.00000000 0.99940000
vn 0.99940000 0.00000000 -0.03600000
vn 0.00000000 1.00000000 -0.00000000
vn 0.99940000 0.00000000 -0.03600000
vn 0.99940000 0.00000000 -0.03600000
vn 0.99940000 0.00000000 -0.03600000
vn 0.99940000 0.00000000 -0.03600000
vn 0.00000000 -1.00000000 -0.00000000
vn 0.00000000 1.00000000 -0.00000000
vn 0.99940000 0.00000000 -0.03600000
vn 0.99940000 0.00000000 -0.03600000
vn 0.99940000 0.00000000 -0.03600000
vn 0.99940000 0.00000000 -0.03600000
vn 0.99940000 0.00000000 -0.03600000
vn 0.00000000 -1.00000000 -0.00000000
vn 0.00000000 1.00000000 -0.00000000
vn 0.99940000 0.00000000 -0.03600000
vn 0.99940000 0.00000000 -0.03600000
vn 0.99940000 0.00000000 -0.03600000
vn 0.99940000 0.00000000 -0.03600000
vn 0.00000000 -1.00000000 -0.00000000
vn 0.99940000 0.00000000 -0.03600000
vn -0.03510000 0.00000000 -0.99940000
vn 0.00000000 1.00000000 -0.00000000
vn 0.99940000 0.00000000 -0.03600000
vn 0.99940000 0.00000000 -0.03600000
vn 0.00000000 -1.00000000 -0.00000000
vn -0.03510000 0.00000000 -0.99940000
vn -0.03500000 0.00000000 -0.99940000
vn -0.03510000 0.00000000 -0.99940000
vn 0.99940000 0.00000000 -0.03600000
vn -0.03500000 0.00000000 -0.99940000
vn 0.99940000 0.00000000 -0.03600000
vn -0.03510000 0.00000000 -0.99940000
vn 0.03510000 0.00000000 0.99940000
vn 0.99940000 0.00000000 -0.03600000
vn 0.99940000 0.00000000 -0.03600000
vn 0.03510000 0.00000000 0.99940000
vn -0.03600000 0.00000000 -0.99940000
vn 0.00000000 1.00000000 -0.00000000
vn 0.99940000 0.00000000 -0.03530000
vn -0.03600000 0.00000000 -0.99940000
vn 0.00000000 -1.00000000 -0.00000000
vn 0.99940000 0.00000000 -0.03540000
vn 0.00000000 1.00000000 -0.00000000
vn -0.03600000 0.00000000 -0.99940000
vn -0.03600000 0.00000000 -0.99940000
vn -0.03600000 0.00000000 -0.99940000
vn -0.03600000 0.00000000 -0.99940000
vn 0.00000000 -1.00000000 0.00780000
vn 0.00000000 -1.00000000 -0.00000000
vn -0.03600000 0.00000000 -0.99940000
vn 0.00000000 1.00000000 -0.00000000
vn -0.03600000 0.00000000 -0.99940000
vn -0.03600000 0.00000000 -0.99940000
vn -0.03600000 0.00000000 -0.99940000
vn -0.03600000 0.00000000 -0.99940000
vn 0.00000000 -1.00000000 -0.00000000
vn -0.03600000 0.00000000 -0.99940000
vn 0.00000000 -1.00000000 0.00780000
vn -0.03600000 0.00000000 -0.99940000
vn 0.00000000 1.00000000 -0.00000000
vn -0.03600000 0.00000000 -0.99940000
vn -0.03600000 0.00000000 -0.99940000
vn -0.03600000 0.00000000 -0.99940000
vn -0.03600000 0.00000000 -0.99940000
vn 0.00000000 -1.00000000 -0.00000000
vn 0.00000000 1.00000000 -0.00000000
vn -0.03600000 0.00000000 -0.99940000
vn -0.99940000 0.00000000 0.03350000
vn 0.00000000 -1.00000000 -0.00000000
vn -0.99940000 0.00000000 0.03360000
vn -0.03600000 0.00000000 -0.99940000
vn -0.03600000 0.00000000 -0.99940000
vn 0.99940000 0.00000000 -0.03540000
vn 0.99940000 0.00000000 -0.03530000
vn -0.03600000 0.00000000 -0.99940000
vn 0.99940000 0.00000000 -0.03530000
vn -0.03600000 0.00000000 -0.99940000
vn -0.99940000 0.00000000 0.03350000
vn -0.99940000 0.00000000 0.03350000
vn -0.03600000 0.00000000 -0.99940000
vn -0.99940000 0.00000000 0.03360000
vn -0.99940000 0.00000000 0.03600000
vn 0.00000000 1.00000000 -0.00000000
vn -0.03310000 0.00000000 -0.99950000
vn -0.03510000 0.00000000 -0.99940000
vn -0.99940000 0.00000000 0.03600000
vn 0.00000000 -1.00000000 -0.00000000
vn 0.00000000 1.00000000 -0.00000000
vn -0.99940000 0.00000000 0.03600000
vn -0.99940000 0.00000000 0.03600000
vn -0.99940000 0.00000000 0.03600000
vn -0.99940000 0.00000000 0.03600000
vn 0.00000000 -1.00000000 -0.00000000
vn -0.99940000 0.00000000 0.03600000
vn 0.00000000 1.00000000 -0.00000000
vn -0.99940000 0.00000000 0.03600000
vn -0.99940000 0.00000000 0.03600000
vn -0.99940000 0.00000000 0.03600000
vn -0.99940000 0.00000000 0.03600000
vn -0.99940000 0.00000000 0.03600000
vn 0.00000000 -1.00000000 -0.00000000
vn 0.00000000 1.00000000 -0.00000000
vn -0.99940000 0.00000000 0.03600000
vn -0.99940000 0.00000000 0.03600000
vn -0.99940000 0.00000000 0.03600000
vn -0.99940000 0.00000000 0.03600000
vn 0.00000000 -1.00000000 -0.00000000
vn -0.99940000 0.00000000 0.03600000
vn 0.03320000 0.00000000 0.99940000
vn 0.00000000 1.00000000 -0.00000000
vn -0.99940000 0.00000000 0.03600000
vn 0.00000000 -1.00000000 -0.00000000
vn -0.99940000 0.00000000 0.03600000
vn 0.03320000 0.00000000 0.99940000
vn -0.03510000 0.00000000 -0.99940000
vn -0.99940000 0.00000000 0.03600000
vn -0.03310000 0.00000000 -0.99950000
vn -0.99940000 0.00000000 0.03600000
vn -0.03310000 0.00000000 -0.99950000
vn -0.99940000 0.00000000 0.03600000
vn 0.03320000 0.00000000 0.99940000
vn -0.99940000 0.00000000 0.03600000
vn 0.03320000 0.00000000 0.99940000
vn -0.65690000 0.51580000 -0.55000000
vn -0.64900000 -0.60570000 -0.46040000
vn -0.71130000 0.69550000 0.10190000
vn -0.71130000 -0.69550000 0.10150000
vn -0.69700000 0.69530000 0.17550000
vn -0.69720000 -0.69520000 0.17480000
vn -0.67570000 0.69560000 0.24400000
vn -0.67540000 -0.69590000 0.24400000
vn -0.64810000 0.69630000 0.30840000
vn -0.64820000 -0.69670000 0.30730000
vn -0.61550000 0.69620000 0.36930000
vn -0.61560000 -0.69610000 0.36950000
vn -0.57780000 0.69720000 0.42430000
vn -0.57740000 -0.69670000 0.42570000
vn -0.53560000 0.69740000 0.47620000
vn -0.53560000 -0.69740000 0.47620000
vn -0.48860000 0.69680000 0.52510000
vn -0.48950000 -0.69810000 0.52250000
vn -0.43790000 0.69680000 0.56800000
vn -0.43970000 -0.69960000 0.56330000
vn -0.38340000 0.69640000 0.60670000
vn -0.38340000 -0.69820000 0.60460000
vn -0.32410000 0.69650000 0.64010000
vn -0.32490000 -0.69810000 0.63810000
vn -0.26070000 0.69440000 0.67070000
vn -0.26130000 -0.69790000 0.66680000
vn -0.19340000 0.69230000 0.69520000
vn -0.19460000 -0.69740000 0.68980000
vn -0.12360000 0.69540000 0.70790000
vn -0.12310000 -0.69750000 0.70600000
vn -0.05000000 0.69680000 0.71550000
vn -0.04960000 -0.69520000 0.71710000
vn 0.50620000 0.60570000 0.61390000
vn 0.59610000 -0.51570000 0.61530000
vn -0.75420000 -0.06050000 -0.65380000
vn -0.74520000 -0.05500000 -0.66460000
vn 0.69440000 -0.06260000 0.71680000
vn -0.99940000 0.00000000 0.03540000
vn 0.00000000 1.00000000 -0.00000000
vn 0.03600000 0.00000000 0.99940000
vn -0.99940000 0.00000000 0.03540000
vn 0.03600000 0.00000000 0.99940000
vn 0.00000000 -1.00000000 -0.00000000
vn -0.99940000 0.00000000 0.03540000
vn 0.03600000 0.00000000 0.99940000
vn 0.00000000 1.00000000 -0.00000000
vn 0.03600000 0.00000000 0.99940000
vn 0.03600000 0.00000000 0.99940000
vn 0.03600000 0.00000000 0.99940000
vn 0.03600000 0.00000000 0.99940000
vn 0.03600000 0.00000000 0.99940000
vn 0.00000000 -1.00000000 -0.00000000
vn 0.03600000 0.00000000 0.99940000
vn 0.00000000 1.00000000 -0.00000000
vn 0.03600000 0.00000000 0.99940000
vn 0.03600000 0.00000000 0.99940000
vn 0.03600000 0.00000000 0.99940000
vn 0.00000000 -1.00000000 -0.00000000
vn 0.03600000 0.00000000 0.99940000
vn 0.03600000 0.00000000 0.99940000
vn 0.00000000 1.00000000 -0.00000000
vn 0.03600000 0.00000000 0.99940000
vn 0.03600000 0.00000000 0.99940000
vn 0.03600000 0.00000000 0.99940000
vn 0.03600000 0.00000000 0.99940000
vn 0.00000000 -1.00000000 -0.00000000
vn 0.03600000 0.00000000 0.99940000
vn 0.00000000 1.00000000 -0.00000000
vn 0.99940000 0.00000000 -0.03350000
vn 0.99940000 0.00000000 -0.03350000
vn 0.03600000 0.00000000 0.99940000
vn 0.00000000 -1.00000000 -0.00000000
vn 0.99940000 0.00000000 -0.03350000
vn 0.03600000 0.00000000 0.99940000
vn -0.54800000 0.51340000 0.66040000
vn -0.45840000 -0.60350000 0.65240000
vn 0.10080000 0.69390000 0.71300000
vn 0.10090000 -0.69390000 0.71300000
vn 0.17390000 0.69550000 0.69720000
vn 0.17480000 -0.69740000 0.69500000
vn 0.24380000 0.69730000 0.67410000
vn 0.24400000 -0.69720000 0.67400000
vn 0.30930000 0.69780000 0.64600000
vn 0.30790000 -0.69470000 0.65010000
vn 0.36870000 0.69460000 0.61770000
vn 0.36890000 -0.69460000 0.61760000
vn 0.42500000 0.69530000 0.57970000
vn 0.42500000 -0.69530000 0.57970000
vn 0.47860000 0.69810000 0.53250000
vn 0.47680000 -0.69550000 0.53750000
vn 0.52610000 0.69800000 0.48580000
vn 0.52570000 -0.69740000 0.48710000
vn 0.56820000 0.69680000 0.43770000
vn 0.56860000 -0.69740000 0.43630000
vn 0.60620000 0.69620000 0.38450000
vn 0.60620000 -0.69620000 0.38450000
vn 0.63950000 0.69570000 0.32720000
vn 0.63980000 -0.69610000 0.32560000
vn 0.66830000 0.69600000 0.26260000
vn 0.66860000 -0.69630000 0.26090000
vn 0.69130000 0.69610000 0.19390000
vn 0.69140000 -0.69610000 0.19340000
vn 0.70760000 0.69580000 0.12280000
vn 0.70760000 -0.69580000 0.12320000
vn 0.71680000 0.69560000 0.04920000
vn 0.71710000 -0.69520000 0.04960000
vn 0.61470000 0.60570000 -0.50530000
vn 0.61540000 -0.51600000 -0.59580000
vn 0.71770000 -0.06330000 -0.69340000
vn 0.71740000 -0.06300000 -0.69380000
vn -0.65770000 -0.05870000 0.75100000
vn 0.00000000 -1.00000000 -0.00000000
vn -0.03600000 0.00000000 -0.99940000
vn -0.99940000 0.00000000 0.03600000
vn -0.99940000 0.00000000 0.03570000
vn 0.03570000 0.00000000 0.99940000
vn 0.00000000 -1.00000000 -0.00010000
vn 0.00000000 -1.00000000 -0.00000000
vn 0.00000000 -1.00000000 -0.00010000
vn -0.99940000 0.00000000 0.03570000
vn -0.99940000 0.00000000 0.03600000
vn 0.00000000 -1.00000000 -0.00000000
vn -0.99940000 0.00000000 0.03600000
vn 0.00000000 -1.00000000 -0.00000000
vn -0.99940000 0.00000000 0.03600000
vn -0.03600000 0.00000000 -0.99940000
vn 0.00000000 -1.00000000 -0.00000000
vn 0.00000000 -1.00000000 -0.00000000
vn -0.03600000 0.00000000 -0.99940000
vn -0.03600000 0.00000000 -0.99940000
vn 0.00000000 -1.00000000 -0.00000000
vn 0.00000000 -1.00000000 -0.00000000
vn 0.99940000 0.00000000 -0.03600000
vn -0.03600000 0.00000000 -0.99940000
vn 0.99940000 0.00000000 -0.03600000
vn 0.00000000 -1.00000000 -0.00000000
vn 0.00000000 -1.00000000 -0.00000000
vn 0.99940000 0.00000000 -0.03600000
vn 0.99940000 0.00000000 -0.03600000
vn 0.00000000 -1.00000000 0.00010000
vn 0.00000000 -1.00000000 -0.00000000
vn 0.00000000 -1.00000000 -0.00000000
vn 0.99990000 0.00000000 0.01430000
vn 0.00000000 -1.00000000 -0.00010000
vn 0.99940000 0.00000000 -0.03600000
vn 0.00000000 -1.00000000 -0.00010000
vn 0.00000000 -1.00000000 -0.00000000
vn 0.99330000 0.00000000 0.11540000
vn 0.99990000 0.00000000 0.01430000
vn 0.00000000 -1.00000000 -0.00000000
vn 0.97660000 0.00000000 0.21520000
vn 0.99330000 0.00000000 0.11540000
vn 0.00000000 -1.00000000 -0.00010000
vn 0.97660000 0.00000000 0.21520000
vn 0.00000000 -1.00000000 -0.00000000
vn 0.95110000 0.00000000 0.30870000
vn 0.91640000 0.00000000 0.40030000
vn 0.95110000 0.00000000 0.30870000
vn 0.00000000 -1.00000000 -0.00010000
vn 0.00000000 -1.00000000 -0.00000000
vn 0.00000000 -1.00000000 -0.00000000
vn 0.87360000 0.00000000 0.48670000
vn 0.91640000 0.00000000 0.40030000
vn 0.87360000 0.00000000 0.48670000
vn 0.00000000 -1.00000000 -0.00000000
vn 0.00000000 -1.00000000 0.00010000
vn 0.00000000 -1.00000000 -0.00010000
vn 0.82330000 0.00000000 0.56760000
vn 0.82330000 0.00000000 0.56760000
vn 0.76340000 0.00000000 0.64590000
vn 0.00000000 -1.00000000 -0.00000000
vn 0.69680000 0.00000000 0.71730000
vn 0.76340000 0.00000000 0.64590000
vn 0.00000000 -1.00000000 -0.00000000
vn 0.00000000 -1.00000000 -0.00000000
vn 0.69680000 0.00000000 0.71730000
vn 0.62950000 0.00000000 0.77700000
vn 0.62950000 0.00000000 0.77700000
vn 0.55350000 0.00000000 0.83290000
vn 0.00000000 -1.00000000 -0.00000000
vn 0.55350000 0.00000000 0.83290000
vn 0.46890000 0.00000000 0.88330000
vn 0.00000000 -1.00000000 -0.00000000
vn 0.46890000 0.00000000 0.88330000
vn 0.37730000 0.00000000 0.92610000
vn 0.00000000 -1.00000000 -0.00000000
vn 0.00000000 -1.00000000 -0.00000000
vn -0.00020000 -1.00000000 -0.00040000
vn 0.37730000 0.00000000 0.92610000
vn 0.28340000 -0.00040000 0.95900000
vn 0.00020000 -1.00000000 0.00040000
vn 0.28320000 -0.00020000 0.95900000
vn 0.00020000 -1.00000000 0.00010000
vn 0.18610000 0.00020000 0.98250000
vn 0.08540000 0.00060000 0.99630000
vn -0.00020000 -1.00000000 -0.00140000
vn 0.18600000 0.00050000 0.98260000
vn 0.08530000 0.00040000 0.99640000
vn -0.00020000 -1.00000000 -0.00050000
vn 0.00020000 -1.00000000 0.00010000
vn 0.03590000 0.00000000 0.99940000
vn 0.00000000 -1.00000000 -0.00000000
vn 0.03590000 0.00000000 0.99940000
vn 0.00000000 -1.00000000 -0.00000000
vn 0.03590000 0.00000000 0.99940000
vn 0.00000000 -1.00000000 -0.00000000
vn 0.00000000 -1.00000000 -0.00000000
vn 0.03590000 0.00000000 0.99940000
vn 0.00000000 -1.00000000 -0.00000000
vn -0.01440000 0.00000000 0.99990000
vn 0.03590000 0.00000000 0.99940000
vn 0.00000000 -1.00000000 -0.00000000
vn -0.11560000 0.00000000 0.99330000
vn -0.01440000 0.00000000 0.99990000
vn 0.00000000 -1.00000000 -0.00000000
vn -0.11560000 0.00000000 0.99330000
vn -0.21290000 0.00000000 0.97710000
vn 0.00000000 -1.00000000 -0.00000000
vn -0.30750000 0.00000000 0.95160000
vn -0.21290000 0.00000000 0.97710000
vn 0.00000000 -1.00000000 -0.00000000
vn -0.40410000 0.00000000 0.91470000
vn -0.30750000 0.00000000 0.95160000
vn 0.00000000 -1.00000000 -0.00000000
vn -0.48570000 0.00000000 0.87410000
vn -0.40410000 0.00000000 0.91470000
vn 0.00000000 -1.00000000 -0.00010000
vn -0.56930000 0.00000000 0.82210000
vn 0.00000000 -1.00000000 -0.00000000
vn -0.48570000 0.00000000 0.87410000
vn -0.56930000 0.00000000 0.82210000
vn 0.00000000 -1.00000000 -0.00000000
vn -0.64470000 0.00000000 0.76440000
vn 0.00000000 -1.00000000 -0.00000000
vn -0.64470000 0.00000000 0.76440000
vn -0.71740000 0.00000000 0.69670000
vn -0.71740000 0.00000000 0.69670000
vn 0.00000000 -1.00000000 -0.00000000
vn -0.00020000 -1.00000000 -0.00030000
vn -0.78090000 0.00000000 0.62470000
vn 0.00000000 -1.00000000 0.00010000
vn 0.00000000 -1.00000000 0.00010000
vn -0.78090000 0.00000000 0.62470000
vn 0.00000000 -1.00000000 -0.00000000
vn -0.83500000 0.00000000 0.55020000
vn -0.83500000 0.00000000 0.55020000
vn -0.88480000 0.00000000 0.46590000
vn 0.00000000 -1.00000000 -0.00000000
vn 0.00000000 -1.00000000 0.00010000
vn -0.88480000 0.00000000 0.46590000
vn 0.00000000 -1.00000000 -0.00010000
vn 0.00000000 -1.00000000 -0.00000000
vn -0.92680000 0.00000000 0.37560000
vn -0.95920000 0.00000000 0.28270000
vn 0.00000000 -1.00000000 -0.00000000
vn -0.92680000 0.00000000 0.37560000
vn 0.00000000 -1.00000000 -0.00000000
vn -0.98240000 0.00000000 0.18700000
vn 0.00000000 -1.00000000 -0.00010000
vn 0.00000000 -1.00000000 0.00010000
vn -0.95920000 0.00000000 0.28270000
vn 0.00000000 -1.00000000 -0.00000000
vn -0.98240000 0.00000000 0.18700000
vn -0.99630000 0.00000000 0.08620000
vn 0.00000000 -1.00000000 0.00010000
vn 0.00000000 -1.00000000 -0.00000000
vn 0.00000000 -1.00000000 0.00010000
vn -0.99940000 0.00000000 0.03590000
vn -0.99630000 0.00000000 0.08620000
vn 0.00000000 -1.00000000 -0.00010000
vn -0.99940000 0.00000000 0.03590000
vn -0.99930000 0.00000000 0.03610000
vn 0.00000000 -1.00000000 -0.00000000
vn -0.99940000 0.00000000 0.03590000
vn 0.00000000 -1.00000000 -0.00000000
vn -0.99930000 0.00000000 0.03610000
vn -0.99940000 0.00000000 0.03590000
vn 0.00000000 -1.00000000 -0.00000000
vn 0.03570000 0.00000000 0.99940000
vn 0.00000000 -1.00000000 -0.00000000
vn -0.99940000 0.00000000 0.03590000
vn 0.03620000 0.00000000 0.99930000
vn 0.03570000 0.00000000 0.99940000
vn 0.00000000 -1.00000000 -0.00000000
vn 0.00000000 -1.00000000 -0.00000000
vn 0.03620000 0.00000000 0.99930000
vn 0.03570000 0.00000000 0.99940000
vn 0.00000000 -1.00000000 -0.00000000
vn 0.03570000 0.00000000 0.99940000
vn 0.00000000 -1.00000000 -0.00010000
vn -0.99940000 0.00000000 0.03600000
vn -0.99990000 0.00000000 -0.01690000
vn 0.00000000 -1.00000000 -0.00010000
vn 0.00000000 -1.00000000 -0.00000000
vn 0.00000000 -1.00000000 0.00010000
vn -0.99940000 0.00000000 0.03600000
vn 0.00000000 -1.00000000 -0.00010000
vn 0.00000000 -1.00000000 -0.00000000
vn -0.99940000 0.00000000 0.03600000
vn 0.00000000 -1.00000000 -0.00000000
vn 0.00000000 -1.00000000 0.00010000
vn 0.00000000 -1.00000000 -0.00000000
vn -0.99940000 0.00000000 0.03600000
vn -0.99940000 0.00000000 0.03600000
vn 0.00000000 -1.00000000 -0.00000000
vn 0.03600000 0.00000000 0.99940000
vn 0.03600000 0.00000000 0.99940000
vn 0.00000000 -1.00000000 -0.00000000
vn 0.03600000 0.00000000 0.99940000
vn 0.00000000 -1.00000000 -0.00000000
vn 0.03600000 0.00000000 0.99940000
vn 0.00000000 -1.00000000 -0.00000000
vn 0.03600000 0.00000000 0.99940000
vn 0.99940000 0.00000000 -0.03600000
vn 0.00000000 -1.00000000 -0.00000000
vn 0.00000000 -1.00000000 -0.00000000
vn 0.99940000 0.00000000 -0.03600000
vn 0.00000000 -1.00000000 -0.00000000
vn 0.99940000 0.00000000 -0.03600000
vn 0.00000000 -1.00000000 -0.00000000
vn 0.99940000 0.00000000 -0.03600000
vn 0.00000000 -1.00000000 -0.00010000
vn 0.00000000 -1.00000000 -0.00010000
vn 0.99940000 0.00000000 -0.03600000
vn 0.00000000 -1.00000000 -0.00000000
vn 0.99600000 0.00000000 -0.08930000
vn 0.00000000 -1.00000000 0.00010000
vn 0.00000000 -1.00000000 0.00010000
vn 0.99600000 0.00000000 -0.08930000
vn 0.00000000 -1.00000000 -0.00000000
vn 0.98120000 0.00000000 -0.19320000
vn 0.00000000 -1.00000000 -0.00000000
vn 0.95660000 0.00000000 -0.29140000
vn 0.98120000 0.00000000 -0.19320000
vn 0.92370000 0.00000000 -0.38310000
vn 0.00000000 -1.00000000 -0.00000000
vn 0.00000000 -1.00000000 0.00010000
vn 0.95660000 0.00000000 -0.29140000
vn 0.92370000 0.00000000 -0.38310000
vn 0.00000000 -1.00000000 -0.00000000
vn 0.88070000 0.00000000 -0.47370000
vn 0.00000000 -1.00000000 -0.00010000
vn 0.83190000 0.00000000 -0.55500000
vn 0.88070000 0.00000000 -0.47370000
vn 0.00000000 -1.00000000 -0.00000000
vn 0.00000000 -1.00000000 -0.00010000
vn 0.83190000 0.00000000 -0.55500000
vn 0.77600000 0.00000000 -0.63070000
vn 0.00000000 -1.00000000 -0.00010000
vn 0.00000000 -1.00000000 -0.00000000
vn 0.00000000 -1.00000000 -0.00010000
vn 0.71370000 0.00000000 -0.70050000
vn 0.77600000 0.00000000 -0.63070000
vn 0.00000000 -1.00000000 0.00010000
vn 0.00000000 -1.00000000 0.00010000
vn 0.71370000 0.00000000 -0.70050000
vn 0.00000000 -1.00000000 -0.00000000
vn 0.64740000 0.00000000 -0.76220000
vn 0.64740000 0.00000000 -0.76220000
vn 0.57720000 0.00000000 -0.81660000
vn 0.00000000 -1.00000000 -0.00000000
vn 0.57720000 0.00000000 -0.81660000
vn 0.49350000 0.00000000 -0.86970000
vn 0.00000000 -1.00000000 -0.00000000
vn 0.00000000 -1.00000000 0.00010000
vn 0.49350000 0.00000000 -0.86970000
vn 0.40690000 0.00020000 -0.91350000
vn -0.00000000 -1.00000000 0.00030000
vn 0.00000000 -1.00000000 -0.00000000
vn 0.40700000 0.00020000 -0.91340000
vn 0.31900000 0.00000000 -0.94770000
vn -0.00000000 -1.00000000 -0.00030000
vn 0.00000000 -1.00000000 -0.00000000
vn 0.31900000 0.00000000 -0.94770000
vn 0.00000000 -1.00000000 -0.00000000
vn 0.22340000 0.00000000 -0.97470000
vn 0.22340000 0.00000000 -0.97470000
vn 0.12050000 0.00000000 -0.99270000
vn 0.00000000 -1.00000000 -0.00010000
vn 0.00000000 -1.00000000 -0.00000000
vn 0.12050000 0.00000000 -0.99270000
vn 0.01690000 0.00000000 -0.99990000
vn 0.00000000 -1.00000000 -0.00010000
vn 0.00000000 -1.00000000 -0.00000000
vn 0.01690000 0.00000000 -0.99990000
vn 0.00000000 -1.00000000 -0.00000000
vn -0.03600000 0.00000000 -0.99940000
vn -0.03600000 0.00000000 -0.99940000
vn 0.00000000 -1.00000000 -0.00000000
vn -0.03600000 0.00000000 -0.99940000
vn 0.00000000 -1.00000000 -0.00000000
vn -0.03600000 0.00000000 -0.99940000
vn 0.00000000 -1.00000000 -0.00000000
vn -0.08810000 0.00000000 -0.99610000
vn -0.03600000 0.00000000 -0.99940000
vn 0.00000000 -1.00000000 -0.00000000
vn -0.19080000 0.00000000 -0.98160000
vn 0.00000000 -1.00000000 -0.00000000
vn -0.08810000 0.00000000 -0.99610000
vn -0.19080000 0.00000000 -0.98160000
vn -0.29090000 0.00000000 -0.95670000
vn 0.00000000 -1.00000000 -0.00000000
vn -0.29090000 0.00000000 -0.95670000
vn -0.38460000 0.00000000 -0.92310000
vn 0.00000000 -1.00000000 -0.00000000
vn -0.38460000 0.00000000 -0.92310000
vn -0.47450000 0.00000000 -0.88030000
vn 0.00000000 -1.00000000 -0.00000000
vn -0.55590000 0.00000000 -0.83130000
vn -0.47450000 0.00000000 -0.88030000
vn 0.00000000 -1.00000000 -0.00000000
vn 0.00000000 -1.00000000 0.00010000
vn 0.00000000 -1.00000000 -0.00010000
vn -0.55590000 0.00000000 -0.83130000
vn 0.00000000 -1.00000000 0.00010000
vn -0.63310000 0.00000000 -0.77400000
vn -0.63310000 0.00000000 -0.77400000
vn 0.00000000 -1.00000000 -0.00000000
vn -0.69640000 0.00000000 -0.71770000
vn 0.00000000 -1.00000000 -0.00010000
vn 0.00000000 -1.00000000 -0.00010000
vn -0.69640000 0.00000000 -0.71770000
vn -0.76320000 0.00000000 -0.64620000
vn 0.00000000 -1.00000000 -0.00000000
vn 0.00000000 -1.00000000 -0.00000000
vn 0.00000000 -1.00000000 -0.00010000
vn -0.81830000 0.00000000 -0.57480000
vn -0.76320000 0.00000000 -0.64620000
vn -0.87120000 0.00000000 -0.49090000
vn -0.81830000 0.00000000 -0.57480000
vn 0.00000000 -1.00000000 -0.00000000
vn 0.00000000 -1.00000000 -0.00000000
vn -0.91250000 0.00000000 -0.40910000
vn -0.87120000 0.00000000 -0.49090000
vn -0.94810000 0.00000000 -0.31810000
vn 0.00000000 -1.00000000 -0.00000000
vn -0.91250000 0.00000000 -0.40910000
vn -0.97500000 0.00000000 -0.22220000
vn 0.00000000 -1.00000000 -0.00000000
vn -0.94810000 0.00000000 -0.31810000
vn -0.99260000 0.00000000 -0.12110000
vn 0.00000000 -1.00000000 -0.00000000
vn -0.97500000 0.00000000 -0.22220000
vn 0.00000000 -1.00000000 -0.00010000
vn -0.99260000 0.00000000 -0.12110000
vn 0.00000000 -1.00000000 -0.00000000
vn -0.99990000 0.00000000 -0.01690000
vn -0.03600000 0.00000000 -0.99940000
vn -0.99930000 0.00000000 0.03610000
vn 0.00000000 1.00000000 -0.00000000
vn -0.99930000 0.00000000 0.03610000
vn 0.03640000 0.00000000 0.99930000
vn 0.00000000 1.00000000 0.00010000
vn 0.00000000 1.00000000 0.00010000
vn 0.00000000 1.00000000 -0.00000000
vn -0.99940000 0.00000000 0.03580000
vn -0.99930000 0.00000000 0.03610000
vn -0.99930000 0.00000000 0.03610000
vn -0.99940000 0.00000000 0.03580000
vn 0.00000000 1.00000000 -0.00000000
vn -0.99930000 0.00000000 0.03610000
vn 0.00000000 1.00000000 -0.00000000
vn 0.00000000 1.00000000 -0.00000000
vn -0.03600000 0.00000000 -0.99940000
vn -0.03600000 0.00000000 -0.99940000
vn 0.00000000 1.00000000 -0.00000000
vn 0.00000000 1.00000000 -0.00000000
vn -0.03600000 0.00000000 -0.99940000
vn -0.03600000 0.00000000 -0.99940000
vn 0.00000000 1.00000000 -0.00000000
vn 0.99940000 0.00000000 -0.03600000
vn 0.00000000 1.00000000 -0.00000000
vn 0.99940000 0.00000000 -0.03600000
vn 0.99940000 0.00000000 -0.03600000
vn 0.00000000 1.00000000 -0.00000000
vn 0.00000000 1.00000000 -0.00010000
vn 0.00000000 1.00000000 -0.00000000
vn 0.99940000 0.00000000 -0.03600000
vn 0.99940000 0.00000000 -0.03600000
vn 0.99990000 0.00000000 0.01440000
vn 0.00000000 1.00000000 -0.00000000
vn 0.00000000 1.00000000 -0.00000000
vn 0.99990000 0.00000000 0.01440000
vn 0.99340000 0.00000000 0.11460000
vn 0.00000000 1.00000000 -0.00000000
vn 0.00000000 1.00000000 0.00010000
vn 0.00000000 1.00000000 -0.00010000
vn 0.99340000 0.00000000 0.11460000
vn 0.97690000 0.00000000 0.21370000
vn 0.00000000 1.00000000 -0.00010000
vn 0.00000000 1.00000000 -0.00000000
vn 0.95100000 0.00000000 0.30920000
vn 0.00000000 1.00000000 0.00010000
vn 0.97690000 0.00000000 0.21370000
vn 0.00000000 1.00000000 -0.00010000
vn 0.95100000 0.00000000 0.30920000
vn 0.91750000 0.00000000 0.39780000
vn 0.00000000 1.00000000 0.00010000
vn 0.00000000 1.00000000 -0.00000000
vn 0.87510000 0.00000000 0.48390000
vn 0.91750000 0.00000000 0.39780000
vn 0.00000000 1.00000000 -0.00000000
vn 0.82270000 0.00000000 0.56850000
vn 0.00000000 1.00000000 -0.00000000
vn 0.87510000 0.00000000 0.48390000
vn 0.82270000 0.00000000 0.56850000
vn 0.76580000 0.00000000 0.64310000
vn 0.00000000 1.00000000 -0.00000000
vn 0.76580000 0.00000000 0.64310000
vn 0.69950000 0.00000000 0.71470000
vn 0.00000000 1.00000000 -0.00000000
vn 0.00000000 1.00000000 -0.00010000
vn 0.69950000 0.00000000 0.71470000
vn 0.62690000 0.00000000 0.77910000
vn 0.00000000 1.00000000 -0.00000000
vn 0.00000000 1.00000000 -0.00000000
vn 0.55110000 0.00000000 0.83440000
vn 0.62690000 0.00000000 0.77910000
vn -0.00030000 1.00000000 0.00030000
vn 0.46240000 0.00000000 0.88670000
vn 0.55110000 0.00000000 0.83440000
vn 0.00000000 1.00000000 -0.00000000
vn 0.37970000 0.00000000 0.92510000
vn 0.00000000 1.00000000 -0.00000000
vn 0.46240000 0.00000000 0.88670000
vn 0.28560000 0.00000000 0.95840000
vn 0.00000000 1.00000000 -0.00000000
vn 0.37970000 0.00000000 0.92510000
vn 0.00000000 1.00000000 -0.00000000
vn 0.18750000 -0.00020000 0.98230000
vn 0.28560000 0.00000000 0.95840000
vn 0.00020000 1.00000000 0.00070000
vn 0.18730000 -0.00050000 0.98230000
vn -0.00020000 1.00000000 -0.00070000
vn 0.08610000 -0.00060000 0.99630000
vn 0.03590000 0.00000000 0.99940000
vn 0.00020000 1.00000000 0.00070000
vn 0.00000000 1.00000000 -0.00000000
vn 0.08590000 -0.00040000 0.99630000
vn 0.03590000 0.00000000 0.99940000
vn 0.00000000 1.00000000 -0.00000000
vn 0.00000000 1.00000000 -0.00000000
vn 0.03590000 0.00000000 0.99940000
vn 0.03640000 0.00000000 0.99930000
vn 0.03590000 0.00000000 0.99940000
vn 0.03640000 0.00000000 0.99930000
vn 0.00000000 1.00000000 -0.00000000
vn 0.00000000 1.00000000 -0.00000000
vn 0.03590000 0.00000000 0.99940000
vn -0.01450000 0.00000000 0.99990000
vn -0.11510000 0.00000000 0.99340000
vn 0.00000000 1.00000000 -0.00000000
vn -0.01450000 0.00000000 0.99990000
vn -0.21210000 0.00000000 0.97730000
vn 0.00000000 1.00000000 -0.00000000
vn -0.11510000 0.00000000 0.99340000
vn -0.21210000 0.00000000 0.97730000
vn 0.00000000 1.00000000 -0.00000000
vn -0.30950000 0.00000000 0.95090000
vn -0.30950000 0.00000000 0.95090000
vn -0.40230000 0.00000000 0.91550000
vn 0.00000000 1.00000000 -0.00000000
vn 0.00000000 1.00000000 -0.00000000
vn 0.00000000 1.00000000 -0.00010000
vn -0.40230000 0.00000000 0.91550000
vn -0.48850000 0.00000000 0.87260000
vn 0.00000000 1.00000000 -0.00010000
vn -0.57210000 0.00000000 0.82020000
vn 0.00000000 1.00000000 0.00010000
vn -0.48850000 0.00000000 0.87260000
vn 0.00000000 1.00000000 -0.00000000
vn 0.00000000 1.00000000 -0.00000000
vn -0.64460000 0.00000000 0.76450000
vn -0.57210000 0.00000000 0.82020000
vn 0.00000000 1.00000000 -0.00000000
vn -0.71700000 0.00000000 0.69710000
vn -0.64460000 0.00000000 0.76450000
vn -0.71700000 0.00000000 0.69710000
vn 0.00000000 1.00000000 -0.00000000
vn -0.78030000 0.00000000 0.62540000
vn 0.00000000 1.00000000 -0.00000000
vn -0.83690000 0.00000000 0.54740000
vn -0.78030000 0.00000000 0.62540000
vn 0.00000000 1.00000000 -0.00000000
vn -0.83690000 0.00000000 0.54740000
vn -0.88390000 0.00000000 0.46770000
vn 0.00000000 1.00000000 -0.00000000
vn -0.92570000 0.00000000 0.37820000
vn 0.00000000 1.00000000 -0.00010000
vn -0.88390000 0.00000000 0.46770000
vn -0.92570000 0.00000000 0.37820000
vn 0.00000000 1.00000000 -0.00000000
vn -0.95900000 0.00000000 0.28340000
vn 0.00000000 1.00000000 -0.00010000
vn 0.00000000 1.00000000 -0.00000000
vn -0.95900000 0.00000000 0.28340000
vn -0.98260000 0.00000000 0.18570000
vn 0.00000000 1.00000000 -0.00000000
vn -0.98260000 0.00000000 0.18570000
vn -0.99630000 0.00000000 0.08630000
vn -0.99940000 0.00000000 0.03590000
vn -0.99630000 0.00000000 0.08630000
vn 0.00000000 1.00000000 -0.00000000
vn -0.99940000 0.00000000 0.03590000
vn 0.00000000 1.00000000 -0.00000000
vn -0.99940000 0.00000000 0.03590000
vn 0.00000000 1.00000000 -0.00000000
vn -0.99940000 0.00000000 0.03590000
vn 0.00000000 1.00000000 -0.00000000
vn -0.99940000 0.00000000 0.03590000
vn 0.00000000 1.00000000 -0.00000000
vn 0.03590000 0.00000000 0.99940000
vn 0.03590000 0.00000000 0.99940000
vn 0.03600000 0.00000000 0.99940000
vn 0.00000000 1.00000000 -0.00000000
vn 0.03600000 0.00000000 0.99940000
vn 0.03590000 0.00000000 0.99940000
vn 0.00000000 1.00000000 -0.00000000
vn 0.03590000 0.00000000 0.99940000
vn 0.00000000 1.00000000 0.00010000
vn 0.00000000 1.00000000 -0.00000000
vn 0.03640000 0.00000000 0.99930000
vn -0.99940000 0.00000000 0.03580000
vn -0.99990000 0.00000000 -0.01690000
vn 0.00000000 1.00000000 -0.00000000
vn -0.99940000 0.00000000 0.03580000
vn 0.00000000 1.00000000 -0.00000000
vn -0.99930000 0.00000000 0.03610000
vn 0.00000000 1.00000000 -0.00000000
vn -0.99940000 0.00000000 0.03580000
vn -0.99930000 0.00000000 0.03610000
vn -0.99930000 0.00000000 0.03610000
vn 0.00000000 1.00000000 -0.00010000
vn -0.99940000 0.00000000 0.03580000
vn 0.00000000 1.00000000 -0.00000000
vn 0.00000000 1.00000000 -0.00000000
vn 0.03600000 0.00000000 0.99940000
vn 0.00000000 1.00000000 -0.00010000
vn -0.99930000 0.00000000 0.03610000
vn 0.00000000 1.00000000 -0.00000000
vn 0.03600000 0.00000000 0.99940000
vn 0.03600000 0.00000000 0.99940000
vn 0.00000000 1.00000000 -0.00000000
vn 0.03590000 0.00000000 0.99940000
vn 0.03600000 0.00000000 0.99940000
vn 0.03590000 0.00000000 0.99940000
vn 0.00000000 1.00000000 -0.00000000
vn 0.03600000 0.00000000 0.99940000
vn 0.00000000 1.00000000 -0.00000000
vn 0.99940000 0.00000000 -0.03580000
vn 0.00000000 1.00000000 -0.00000000
vn 0.99940000 0.00000000 -0.03580000
vn 0.99930000 0.00000000 -0.03610000
vn 0.99940000 0.00000000 -0.03580000
vn 0.00000000 1.00000000 -0.00000000
vn 0.99930000 0.00000000 -0.03610000
vn 0.00000000 1.00000000 -0.00000000
vn 0.99940000 0.00000000 -0.03580000
vn 0.99930000 0.00000000 -0.03610000
vn 0.99930000 0.00000000 -0.03610000
vn 0.00000000 1.00000000 -0.00000000
vn 0.99610000 0.00000000 -0.08860000
vn 0.00000000 1.00000000 -0.00000000
vn 0.99610000 0.00000000 -0.08860000
vn 0.98140000 0.00000000 -0.19190000
vn 0.00000000 1.00000000 -0.00000000
vn 0.98140000 0.00000000 -0.19190000
vn 0.95650000 0.00000000 -0.29170000
vn 0.95650000 0.00000000 -0.29170000
vn 0.00000000 1.00000000 -0.00000000
vn 0.92300000 0.00000000 -0.38490000
vn 0.88210000 0.00000000 -0.47100000
vn 0.00000000 1.00000000 -0.00000000
vn 0.92300000 0.00000000 -0.38490000
vn 0.88210000 0.00000000 -0.47100000
vn 0.83150000 0.00000000 -0.55560000
vn 0.00000000 1.00000000 -0.00000000
vn 0.77830000 0.00000000 -0.62790000
vn 0.00000000 1.00000000 -0.00000000
vn 0.83150000 0.00000000 -0.55560000
vn 0.00000000 1.00000000 -0.00010000
vn 0.71630000 0.00000000 -0.69780000
vn 0.00000000 1.00000000 -0.00000000
vn 0.77830000 0.00000000 -0.62790000
vn 0.71630000 0.00000000 -0.69780000
vn 0.64520000 0.00000000 -0.76400000
vn 0.00000000 1.00000000 -0.00000000
vn 0.64520000 0.00000000 -0.76400000
vn 0.00000000 1.00000000 -0.00000000
vn 0.57540000 0.00000000 -0.81790000
vn 0.00000000 1.00000000 -0.00000000
vn 0.57540000 0.00000000 -0.81790000
vn 0.49200000 0.00000000 -0.87060000
vn 0.49200000 0.00000000 -0.87060000
vn 0.00000000 1.00000000 -0.00000000
vn 0.40920000 0.00000000 -0.91240000
vn 0.00000000 1.00000000 -0.00000000
vn 0.31810000 0.00000000 -0.94800000
vn 0.40920000 0.00000000 -0.91240000
vn 0.31810000 0.00000000 -0.94800000
vn 0.00000000 1.00000000 -0.00000000
vn 0.22070000 0.00000000 -0.97530000
vn 0.00000000 1.00000000 0.00010000
vn 0.12130000 0.00000000 -0.99260000
vn 0.22070000 0.00000000 -0.97530000
vn 0.00000000 1.00000000 -0.00000000
vn 0.00000000 1.00000000 0.00010000
vn 0.00000000 1.00000000 -0.00010000
vn 0.12130000 0.00000000 -0.99260000
vn 0.00000000 1.00000000 -0.00000000
vn 0.01670000 0.00000000 -0.99990000
vn 0.01670000 0.00000000 -0.99990000
vn -0.03600000 0.00000000 -0.99940000
vn 0.00000000 1.00000000 -0.00000000
vn -0.03600000 0.00000000 -0.99940000
vn 0.00000000 1.00000000 -0.00000000
vn -0.03630000 0.00000000 -0.99930000
vn -0.03600000 0.00000000 -0.99940000
vn 0.00000000 1.00000000 -0.00000000
vn -0.03620000 0.00000000 -0.99930000
vn 0.00000000 1.00000000 -0.00000000
vn -0.03630000 0.00000000 -0.99930000
vn -0.03620000 0.00000000 -0.99930000
vn -0.08870000 0.00000000 -0.99610000
vn 0.00000000 1.00000000 -0.00000000
vn -0.19210000 0.00030000 -0.98140000
vn 0.00000000 1.00000000 -0.00000000
vn -0.08870000 0.00000000 -0.99610000
vn -0.00010000 1.00000000 0.00050000
vn -0.29020000 0.00000000 -0.95700000
vn 0.00000000 1.00000000 -0.00010000
vn 0.00000000 1.00000000 -0.00000000
vn -0.19200000 0.00030000 -0.98140000
vn 0.00010000 1.00000000 -0.00020000
vn 0.00000000 1.00000000 -0.00000000
vn 0.00000000 1.00000000 -0.00010000
vn -0.29020000 0.00000000 -0.95700000
vn -0.38350000 0.00000000 -0.92350000
vn -0.47310000 0.00000000 -0.88100000
vn -0.38350000 0.00000000 -0.92350000
vn 0.00000000 1.00000000 -0.00000000
vn 0.00000000 1.00000000 -0.00000000
vn -0.55410000 0.00000000 -0.83240000
vn -0.47310000 0.00000000 -0.88100000
vn 0.00000000 1.00000000 -0.00000000
vn -0.63110000 0.00000000 -0.77570000
vn -0.55410000 0.00000000 -0.83240000
vn -0.70400000 0.00000000 -0.71020000
vn 0.00000000 1.00000000 -0.00000000
vn -0.63110000 0.00000000 -0.77570000
vn 0.00000000 1.00000000 -0.00000000
vn -0.70400000 0.00000000 -0.71020000
vn 0.00000000 1.00000000 0.00010000
vn -0.76310000 0.00000000 -0.64630000
vn -0.76310000 0.00000000 -0.64630000
vn -0.82030000 0.00000000 -0.57200000
vn 0.00000000 1.00000000 -0.00010000
vn 0.00000000 1.00000000 0.00010000
vn 0.00000000 1.00000000 -0.00010000
vn 0.00000000 1.00000000 -0.00000000
vn -0.82030000 0.00000000 -0.57200000
vn -0.86850000 0.00000000 -0.49570000
vn -0.91360000 0.00000000 -0.40650000
vn -0.86850000 0.00000000 -0.49570000
vn 0.00000000 1.00000000 0.00010000
vn 0.00000000 1.00000000 -0.00000000
vn 0.00000000 1.00000000 0.00010000
vn 0.00000000 1.00000000 -0.00010000
vn -0.94800000 0.00000000 -0.31820000
vn -0.91360000 0.00000000 -0.40650000
vn -0.97480000 0.00000000 -0.22300000
vn 0.00000000 1.00000000 -0.00010000
vn -0.94800000 0.00000000 -0.31820000
vn 0.00000000 1.00000000 0.00010000
vn 0.00000000 1.00000000 -0.00010000
vn 0.00000000 1.00000000 -0.00000000
vn -0.97480000 0.00000000 -0.22300000
vn -0.99260000 0.00000000 -0.12140000
vn -0.99260000 0.00000000 -0.12140000
vn 0.00000000 1.00000000 -0.00000000
vn -0.99990000 0.00000000 -0.01690000
vt 0.22791100 0.11395600
vt 0.22791100 0.11395600
vt 0.22791100 0.11395600
vt 0.18992600 0.11395600
vt 0.18992600 0.11395600
vt 0.18992600 0.11395600
vt 0.22791100 0.13420900
vt 0.22791100 0.13420900
vt 0.21841500 0.13420900
vt 0.20891900 0.13420900
vt 0.19942200 0.13420900
vt 0.18992600 0.13420900
vt 0.18992600 0.13420900
vt 0.22791100 0.15446300
vt 0.22791100 0.15446300
vt 0.21841500 0.15446300
vt 0.20891900 0.15446300
vt 0.19942200 0.15446300
vt 0.18992600 0.15446300
vt 0.18992600 0.15446300
vt 0.22791100 0.17471700
vt 0.22791100 0.17471700
vt 0.21841500 0.17471700
vt 0.20891900 0.17471700
vt 0.19942200 0.17471700
vt 0.18992600 0.17471700
vt 0.18992600 0.17471700
vt 0.22791100 0.19497100
vt 0.22791100 0.19497100
vt 0.22791100 0.19497100
vt 0.18992600 0.19497100
vt 0.18992600 0.19497100
vt 0.18992600 0.19497100
vt 0.21524900 0.19497100
vt 0.21524900 0.19497100
vt 0.20258800 0.19497100
vt 0.20258800 0.19497100
vt 0.20258800 0.11395600
vt 0.20258800 0.11395600
vt 0.21524900 0.11395600
vt 0.21524900 0.11395600
vt 0.03652000 0.00000000
vt 0.03652000 0.00000000
vt 0.03652000 0.00000000
vt 0.00000000 0.00000000
vt 0.00000000 0.00000000
vt 0.00000000 0.00000000
vt 0.03652000 0.20251900
vt 0.03652000 0.20251900
vt 0.02739000 0.20251900
vt 0.01826000 0.20251900
vt 0.00913000 0.20251900
vt 0.00000000 0.20251900
vt 0.00000000 0.20251900
vt 0.03652000 0.40503700
vt 0.03652000 0.40503700
vt 0.02739000 0.40503700
vt 0.01826000 0.40503700
vt 0.00913000 0.40503700
vt 0.00000000 0.40503700
vt 0.00000000 0.40503700
vt 0.03652000 0.60755600
vt 0.03652000 0.60755600
vt 0.02739000 0.60755600
vt 0.01826000 0.60755600
vt 0.00913000 0.60755600
vt 0.00000000 0.60755600
vt 0.00000000 0.60755600
vt 0.03652000 0.81007400
vt 0.03652000 0.81007400
vt 0.03652000 0.81007400
vt 0.01826000 0.81007400
vt 0.01826000 0.81007400
vt 0.01826000 0.81007400
vt 0.00000000 0.81007400
vt 0.00000000 0.81007400
vt 0.00000000 0.81007400
vt 0.01217300 0.00000000
vt 0.01217300 0.00000000
vt 0.02434700 0.00000000
vt 0.02434700 0.00000000
vt 0.07450600 0.00000000
vt 0.07450600 0.00000000
vt 0.07450600 0.00000000
vt 0.05624500 0.00000000
vt 0.05624500 0.00000000
vt 0.05624500 0.00000000
vt 0.03798500 0.00000000
vt 0.03798500 0.00000000
vt 0.03798500 0.00000000
vt 0.07450600 0.04057900
vt 0.07450600 0.04057900
vt 0.06537500 0.04057900
vt 0.05624500 0.04057900
vt 0.04711500 0.04057900
vt 0.03798500 0.04057900
vt 0.03798500 0.04057900
vt 0.07450600 0.08115900
vt 0.07450600 0.08115900
vt 0.06537500 0.08115900
vt 0.05624500 0.08115900
vt 0.04711500 0.08115900
vt 0.03798500 0.08115900
vt 0.03798500 0.08115900
vt 0.03798500 0.08115900
vt 0.07450600 0.12173800
vt 0.07450600 0.12173800
vt 0.06537500 0.12173800
vt 0.05624500 0.12173800
vt 0.04711500 0.12173800
vt 0.03798500 0.12173800
vt 0.03798500 0.12173800
vt 0.03798500 0.12173800
vt 0.07450600 0.16231700
vt 0.07450600 0.16231700
vt 0.07450600 0.16231700
vt 0.05624500 0.16231700
vt 0.05624500 0.16231700
vt 0.05624500 0.16231700
vt 0.03798500 0.16231700
vt 0.03798500 0.16231700
vt 0.03798500 0.16231700
vt 0.18992600 0.24153200
vt 0.18992600 0.27805200
vt 0.20778800 0.24153200
vt 0.20778800 0.27805200
vt 0.22565000 0.24153200
vt 0.22565000 0.27805200
vt 0.24351200 0.24153200
vt 0.24351200 0.27805200
vt 0.26137400 0.24153200
vt 0.26137400 0.27805200
vt 0.27923600 0.24153200
vt 0.27923600 0.27805200
vt 0.29709800 0.24153200
vt 0.29709800 0.27805200
vt 0.31496000 0.24153200
vt 0.31496000 0.27805200
vt 0.33282200 0.24153200
vt 0.33282200 0.27805200
vt 0.35068400 0.24153200
vt 0.35068400 0.27805200
vt 0.36854600 0.24153200
vt 0.36854600 0.27805200
vt 0.38640800 0.24153200
vt 0.38640800 0.27805200
vt 0.40427000 0.24153200
vt 0.40427000 0.27805200
vt 0.42213200 0.24153200
vt 0.42213200 0.27805200
vt 0.43999400 0.24153200
vt 0.43999400 0.27805200
vt 0.45785600 0.24153200
vt 0.45785600 0.27805200
vt 0.47571800 0.24153200
vt 0.47571800 0.27805200
vt 0.18992600 0.25979200
vt 0.47571800 0.25979200
vt 0.15047600 0.00000000
vt 0.15047600 0.00000000
vt 0.15047600 0.00000000
vt 0.13221600 0.00000000
vt 0.13221600 0.00000000
vt 0.11395600 0.00000000
vt 0.11395600 0.00000000
vt 0.11395600 0.00000000
vt 0.15047600 0.05286000
vt 0.15047600 0.05286000
vt 0.14134600 0.05286000
vt 0.13221600 0.05286000
vt 0.12308600 0.05286000
vt 0.11395600 0.05286000
vt 0.11395600 0.05286000
vt 0.11395600 0.05286000
vt 0.15047600 0.10572000
vt 0.15047600 0.10572000
vt 0.14134600 0.10572000
vt 0.13221600 0.10572000
vt 0.12308600 0.10572000
vt 0.11395600 0.10572000
vt 0.11395600 0.10572000
vt 0.11395600 0.10572000
vt 0.15047600 0.15858000
vt 0.15047600 0.15858000
vt 0.14134600 0.15858000
vt 0.13221600 0.15858000
vt 0.12308600 0.15858000
vt 0.11395600 0.15858000
vt 0.11395600 0.15858000
vt 0.11395600 0.15858000
vt 0.15047600 0.21143900
vt 0.15047600 0.21143900
vt 0.15047600 0.21143900
vt 0.13221600 0.21143900
vt 0.13221600 0.21143900
vt 0.11395600 0.21143900
vt 0.11395600 0.21143900
vt 0.11395600 0.21143900
vt 0.18992600 0.20354700
vt 0.18992600 0.24006700
vt 0.20697500 0.20354700
vt 0.20697500 0.24006700
vt 0.22402400 0.20354700
vt 0.22402400 0.24006700
vt 0.24107400 0.20354700
vt 0.24107400 0.24006700
vt 0.25812300 0.20354700
vt 0.25812300 0.24006700
vt 0.27517200 0.20354700
vt 0.27517200 0.24006700
vt 0.29222200 0.20354700
vt 0.29222200 0.24006700
vt 0.30927100 0.20354700
vt 0.30927100 0.24006700
vt 0.32632000 0.20354700
vt 0.32632000 0.24006700
vt 0.34336900 0.20354700
vt 0.34336900 0.24006700
vt 0.36041900 0.20354700
vt 0.36041900 0.24006700
vt 0.37746800 0.20354700
vt 0.37746800 0.24006700
vt 0.39451700 0.20354700
vt 0.39451700 0.24006700
vt 0.41156700 0.20354700
vt 0.41156700 0.24006700
vt 0.42861600 0.20354700
vt 0.42861600 0.24006700
vt 0.44566500 0.20354700
vt 0.44566500 0.24006700
vt 0.46271400 0.20354700
vt 0.46271400 0.24006700
vt 0.18992600 0.22180700
vt 0.46271400 0.21572000
vt 0.46271400 0.22789400
vt 0.83546700 0.11395600
vt 0.83546700 0.11395600
vt 0.83546700 0.11395600
vt 0.79748100 0.11395600
vt 0.79748100 0.11395600
vt 0.79748100 0.11395600
vt 0.83546700 0.13598700
vt 0.83546700 0.13598700
vt 0.82597000 0.13598700
vt 0.81647400 0.13598700
vt 0.80697800 0.13598700
vt 0.79748100 0.13598700
vt 0.79748100 0.13598700
vt 0.79748100 0.13598700
vt 0.83546700 0.15801900
vt 0.83546700 0.15801900
vt 0.82597000 0.15801900
vt 0.81647400 0.15801900
vt 0.80697800 0.15801900
vt 0.79748100 0.15801900
vt 0.79748100 0.15801900
vt 0.83546700 0.18005000
vt 0.83546700 0.18005000
vt 0.82597000 0.18005000
vt 0.81647400 0.18005000
vt 0.80697800 0.18005000
vt 0.79748100 0.18005000
vt 0.79748100 0.18005000
vt 0.83546700 0.20208200
vt 0.83546700 0.20208200
vt 0.83546700 0.20208200
vt 0.79748100 0.20208200
vt 0.79748100 0.20208200
vt 0.79748100 0.20208200
vt 0.81014300 0.11395600
vt 0.81014300 0.11395600
vt 0.82280500 0.11395600
vt 0.82280500 0.11395600
vt 0.82280500 0.20208200
vt 0.82280500 0.20208200
vt 0.81014300 0.20208200
vt 0.81014300 0.20208200
vt 0.81014300 0.20208200
vt 0.18846100 0.00000000
vt 0.18846100 0.00000000
vt 0.18846100 0.00000000
vt 0.15194100 0.00000000
vt 0.15194100 0.00000000
vt 0.15194100 0.00000000
vt 0.18846100 0.06073700
vt 0.18846100 0.06073700
vt 0.17933100 0.06073700
vt 0.17020100 0.06073700
vt 0.16107100 0.06073700
vt 0.15194100 0.06073700
vt 0.15194100 0.06073700
vt 0.15194100 0.06073700
vt 0.18846100 0.12147500
vt 0.18846100 0.12147500
vt 0.17933100 0.12147500
vt 0.17020100 0.12147500
vt 0.16107100 0.12147500
vt 0.15194100 0.12147500
vt 0.15194100 0.12147500
vt 0.15194100 0.12147500
vt 0.18846100 0.18221200
vt 0.18846100 0.18221200
vt 0.17933100 0.18221200
vt 0.17020100 0.18221200
vt 0.16107100 0.18221200
vt 0.15194100 0.18221200
vt 0.15194100 0.18221200
vt 0.18846100 0.24294900
vt 0.18846100 0.24294900
vt 0.18846100 0.24294900
vt 0.15194100 0.24294900
vt 0.15194100 0.24294900
vt 0.15194100 0.24294900
vt 0.17628800 0.24294900
vt 0.17628800 0.24294900
vt 0.16411400 0.24294900
vt 0.16411400 0.24294900
vt 0.16411400 0.00000000
vt 0.16411400 0.00000000
vt 0.17628800 0.00000000
vt 0.17628800 0.00000000
vt 0.43043000 0.11395600
vt 0.43043000 0.11395600
vt 0.43043000 0.11395600
vt 0.39244400 0.11395600
vt 0.39244400 0.11395600
vt 0.39244400 0.11395600
vt 0.43043000 0.13420900
vt 0.43043000 0.13420900
vt 0.42093300 0.13420900
vt 0.41143700 0.13420900
vt 0.40194100 0.13420900
vt 0.39244400 0.13420900
vt 0.39244400 0.13420900
vt 0.43043000 0.15446300
vt 0.43043000 0.15446300
vt 0.42093300 0.15446300
vt 0.41143700 0.15446300
vt 0.40194100 0.15446300
vt 0.39244400 0.15446300
vt 0.39244400 0.15446300
vt 0.43043000 0.17471700
vt 0.43043000 0.17471700
vt 0.42093300 0.17471700
vt 0.41143700 0.17471700
vt 0.40194100 0.17471700
vt 0.39244400 0.17471700
vt 0.39244400 0.17471700
vt 0.43043000 0.19497100
vt 0.43043000 0.19497100
vt 0.43043000 0.19497100
vt 0.39244400 0.19497100
vt 0.39244400 0.19497100
vt 0.39244400 0.19497100
vt 0.41776800 0.19497100
vt 0.41776800 0.19497100
vt 0.41776800 0.19497100
vt 0.40510600 0.19497100
vt 0.40510600 0.19497100
vt 0.40510600 0.19497100
vt 0.40510600 0.11395600
vt 0.40510600 0.11395600
vt 0.41776800 0.11395600
vt 0.41776800 0.11395600
vt 0.18992600 0.07597000
vt 0.18992600 0.07597000
vt 0.18992600 0.07597000
vt 0.18992600 0.11249100
vt 0.18992600 0.11249100
vt 0.18992600 0.11249100
vt 0.29119500 0.07597000
vt 0.29119500 0.07597000
vt 0.29119500 0.08510000
vt 0.29119500 0.09423100
vt 0.29119500 0.10336100
vt 0.29119500 0.11249100
vt 0.29119500 0.11249100
vt 0.29119500 0.11249100
vt 0.39246400 0.07597000
vt 0.39246400 0.07597000
vt 0.39246400 0.08510000
vt 0.39246400 0.09423100
vt 0.39246400 0.10336100
vt 0.39246400 0.11249100
vt 0.39246400 0.11249100
vt 0.39246400 0.11249100
vt 0.49373200 0.07597000
vt 0.49373200 0.07597000
vt 0.49373200 0.08510000
vt 0.49373200 0.09423100
vt 0.49373200 0.10336100
vt 0.49373200 0.11249100
vt 0.49373200 0.11249100
vt 0.59500100 0.07597000
vt 0.59500100 0.07597000
vt 0.59500100 0.07597000
vt 0.59500100 0.11249100
vt 0.59500100 0.11249100
vt 0.59500100 0.11249100
vt 0.18992600 0.10031700
vt 0.18992600 0.10031700
vt 0.18992600 0.10031700
vt 0.18992600 0.08814400
vt 0.18992600 0.08814400
vt 0.59500100 0.08814400
vt 0.59500100 0.08814400
vt 0.59500100 0.10031700
vt 0.59500100 0.10031700
vt 0.59500100 0.10031700
vt 0.63294800 0.11395600
vt 0.63294800 0.11395600
vt 0.63294800 0.11395600
vt 0.59496300 0.11395600
vt 0.59496300 0.11395600
vt 0.59496300 0.11395600
vt 0.63294800 0.13420900
vt 0.63294800 0.13420900
vt 0.62345200 0.13420900
vt 0.61395600 0.13420900
vt 0.60445900 0.13420900
vt 0.59496300 0.13420900
vt 0.59496300 0.13420900
vt 0.63294800 0.15446300
vt 0.63294800 0.15446300
vt 0.62345200 0.15446300
vt 0.61395600 0.15446300
vt 0.60445900 0.15446300
vt 0.59496300 0.15446300
vt 0.59496300 0.15446300
vt 0.63294800 0.17471700
vt 0.63294800 0.17471700
vt 0.62345200 0.17471700
vt 0.61395600 0.17471700
vt 0.60445900 0.17471700
vt 0.59496300 0.17471700
vt 0.59496300 0.17471700
vt 0.63294800 0.19497100
vt 0.63294800 0.19497100
vt 0.63294800 0.19497100
vt 0.59496300 0.19497100
vt 0.59496300 0.19497100
vt 0.59496300 0.19497100
vt 0.60762500 0.11395600
vt 0.60762500 0.11395600
vt 0.60762500 0.11395600
vt 0.62028600 0.11395600
vt 0.62028600 0.11395600
vt 0.62028600 0.19497100
vt 0.62028600 0.19497100
vt 0.60762500 0.19497100
vt 0.60762500 0.19497100
vt 0.18992600 0.03798500
vt 0.18992600 0.07450600
vt 0.19983100 0.03798500
vt 0.19983100 0.07450600
vt 0.20973600 0.03798500
vt 0.20973600 0.07450600
vt 0.21964100 0.03798500
vt 0.21964100 0.07450600
vt 0.22954600 0.03798500
vt 0.22954600 0.07450600
vt 0.23945100 0.03798500
vt 0.23945100 0.07450600
vt 0.24935600 0.03798500
vt 0.24935600 0.07450600
vt 0.25926100 0.03798500
vt 0.25926100 0.07450600
vt 0.26916600 0.03798500
vt 0.26916600 0.07450600
vt 0.27907100 0.03798500
vt 0.27907100 0.07450600
vt 0.28897600 0.03798500
vt 0.28897600 0.07450600
vt 0.29888100 0.03798500
vt 0.29888100 0.07450600
vt 0.30878600 0.03798500
vt 0.30878600 0.07450600
vt 0.31869100 0.03798500
vt 0.31869100 0.07450600
vt 0.32859600 0.03798500
vt 0.32859600 0.07450600
vt 0.33850100 0.03798500
vt 0.33850100 0.07450600
vt 0.34840600 0.03798500
vt 0.34840600 0.07450600
vt 0.18992600 0.06233200
vt 0.18992600 0.05015900
vt 0.34840600 0.05624500
vt 0.11249100 0.00000000
vt 0.11249100 0.00000000
vt 0.11249100 0.00000000
vt 0.09423100 0.00000000
vt 0.09423100 0.00000000
vt 0.07597000 0.00000000
vt 0.07597000 0.00000000
vt 0.07597000 0.00000000
vt 0.11249100 0.05064900
vt 0.11249100 0.05064900
vt 0.10336100 0.05064900
vt 0.09423100 0.05064900
vt 0.08510000 0.05064900
vt 0.07597000 0.05064900
vt 0.07597000 0.05064900
vt 0.11249100 0.10129800
vt 0.11249100 0.10129800
vt 0.10336100 0.10129800
vt 0.09423100 0.10129800
vt 0.08510000 0.10129800
vt 0.07597000 0.10129800
vt 0.07597000 0.10129800
vt 0.11249100 0.15194600
vt 0.11249100 0.15194600
vt 0.10336100 0.15194600
vt 0.09423100 0.15194600
vt 0.08510000 0.15194600
vt 0.07597000 0.15194600
vt 0.07597000 0.15194600
vt 0.11249100 0.20259500
vt 0.11249100 0.20259500
vt 0.11249100 0.20259500
vt 0.09423100 0.20259500
vt 0.09423100 0.20259500
vt 0.07597000 0.20259500
vt 0.07597000 0.20259500
vt 0.07597000 0.20259500
vt 0.18992600 0.00000000
vt 0.18992600 0.03652000
vt 0.19983000 0.00000000
vt 0.19983000 0.03652000
vt 0.20973400 0.00000000
vt 0.20973400 0.03652000
vt 0.21963900 0.00000000
vt 0.21963900 0.03652000
vt 0.22954300 0.00000000
vt 0.22954300 0.03652000
vt 0.23944700 0.00000000
vt 0.23944700 0.03652000
vt 0.24935100 0.00000000
vt 0.24935100 0.03652000
vt 0.25925600 0.00000000
vt 0.25925600 0.03652000
vt 0.26916000 0.00000000
vt 0.26916000 0.03652000
vt 0.27906400 0.00000000
vt 0.27906400 0.03652000
vt 0.28896800 0.00000000
vt 0.28896800 0.03652000
vt 0.29887200 0.00000000
vt 0.29887200 0.03652000
vt 0.30877700 0.00000000
vt 0.30877700 0.03652000
vt 0.31868100 0.00000000
vt 0.31868100 0.03652000
vt 0.32858500 0.00000000
vt 0.32858500 0.03652000
vt 0.33848900 0.00000000
vt 0.33848900 0.03652000
vt 0.34839400 0.00000000
vt 0.34839400 0.03652000
vt 0.34839400 0.01217300
vt 0.34839400 0.02434700
vt 0.18992600 0.01826000
vt 0.18992600 0.62383100
vt 0.18992600 0.62383100
vt 0.18992600 0.62383100
vt 0.18992600 0.70450200
vt 0.18992600 0.70450200
vt 0.18992600 0.70450200
vt 0.18992600 0.68433400
vt 0.18992600 0.68433400
vt 0.18992600 0.68433400
vt 0.18992600 0.66416600
vt 0.18992600 0.66416600
vt 0.18992600 0.64399900
vt 0.18992600 0.64399900
vt 0.39207800 0.62383100
vt 0.39207800 0.62383100
vt 0.59423100 0.62383100
vt 0.59423100 0.62383100
vt 0.79638300 0.62383100
vt 0.79638300 0.62383100
vt 0.99853500 0.62383100
vt 0.99853500 0.62383100
vt 0.99853500 0.62383100
vt 0.99853500 0.66423800
vt 0.99853500 0.66423800
vt 0.99853500 0.70464500
vt 0.99853500 0.70464500
vt 0.99853500 0.74505100
vt 0.99853500 0.74505100
vt 0.99853500 0.78545800
vt 0.99853500 0.78545800
vt 0.99853500 0.78545800
vt 0.99853500 0.78545800
vt 0.99759700 0.80398800
vt 0.99759700 0.80398800
vt 0.99759700 0.80398800
vt 0.99759700 0.80398800
vt 0.99484500 0.82198300
vt 0.99484500 0.82198300
vt 0.99484500 0.82198300
vt 0.99484500 0.82198300
vt 0.99484500 0.82198300
vt 0.99036900 0.83935100
vt 0.99036900 0.83935100
vt 0.99036900 0.83935100
vt 0.99036900 0.83935100
vt 0.99036900 0.83935100
vt 0.98426000 0.85600100
vt 0.98426000 0.85600100
vt 0.98426000 0.85600100
vt 0.98426000 0.85600100
vt 0.98426000 0.85600100
vt 0.97661100 0.87184300
vt 0.97661100 0.87184300
vt 0.97661100 0.87184300
vt 0.97661100 0.87184300
vt 0.97661100 0.87184300
vt 0.96751200 0.88678500
vt 0.96751200 0.88678500
vt 0.96751200 0.88678500
vt 0.95705500 0.90073600
vt 0.95705500 0.90073600
vt 0.95705500 0.90073600
vt 0.94533100 0.91360500
vt 0.94533100 0.91360500
vt 0.94533100 0.91360500
vt 0.93243200 0.92530100
vt 0.93243200 0.92530100
vt 0.93243200 0.92530100
vt 0.91844800 0.93573300
vt 0.91844800 0.93573300
vt 0.91844800 0.93573300
vt 0.90347100 0.94481000
vt 0.90347100 0.94481000
vt 0.90347100 0.94481000
vt 0.88759200 0.95244000
vt 0.88759200 0.95244000
vt 0.88759200 0.95244000
vt 0.87090300 0.95853400
vt 0.87090300 0.95853400
vt 0.87090300 0.95853400
vt 0.87090300 0.95853400
vt 0.85349500 0.96299900
vt 0.85349500 0.96299900
vt 0.85349500 0.96299900
vt 0.85349500 0.96299900
vt 0.83545900 0.96574500
vt 0.83545900 0.96574500
vt 0.83545900 0.96574500
vt 0.81688700 0.96668000
vt 0.81688700 0.96668000
vt 0.81688700 0.96668000
vt 0.81688700 0.96668000
vt 0.81688700 0.96668000
vt 0.76412200 0.96668000
vt 0.76412200 0.96668000
vt 0.71135800 0.96668000
vt 0.71135800 0.96668000
vt 0.65859400 0.96668000
vt 0.65859400 0.96668000
vt 0.60583000 0.96668000
vt 0.60583000 0.96668000
vt 0.60583000 0.96668000
vt 0.58809900 0.96578700
vt 0.58809900 0.96578700
vt 0.58809900 0.96578700
vt 0.57088200 0.96316600
vt 0.57088200 0.96316600
vt 0.57088200 0.96316600
vt 0.55426400 0.95890300
vt 0.55426400 0.95890300
vt 0.55426400 0.95890300
vt 0.53833200 0.95308700
vt 0.53833200 0.95308700
vt 0.53833200 0.95308700
vt 0.52317500 0.94580200
vt 0.52317500 0.94580200
vt 0.52317500 0.94580200
vt 0.52317500 0.94580200
vt 0.50887900 0.93713800
vt 0.50887900 0.93713800
vt 0.50887900 0.93713800
vt 0.50887900 0.93713800
vt 0.49553100 0.92718000
vt 0.49553100 0.92718000
vt 0.49553100 0.92718000
vt 0.48321800 0.91601600
vt 0.48321800 0.91601600
vt 0.48321800 0.91601600
vt 0.47202700 0.90373300
vt 0.47202700 0.90373300
vt 0.47202700 0.90373300
vt 0.47202700 0.90373300
vt 0.46204600 0.89041700
vt 0.46204600 0.89041700
vt 0.46204600 0.89041700
vt 0.45336200 0.87615500
vt 0.45336200 0.87615500
vt 0.45336200 0.87615500
vt 0.45336200 0.87615500
vt 0.44606100 0.86103600
vt 0.44606100 0.86103600
vt 0.44606100 0.86103600
vt 0.44606100 0.86103600
vt 0.44023100 0.84514400
vt 0.44023100 0.84514400
vt 0.44023100 0.84514400
vt 0.43595800 0.82856900
vt 0.43595800 0.82856900
vt 0.43595800 0.82856900
vt 0.43595800 0.82856900
vt 0.43595800 0.82856900
vt 0.43333100 0.81139600
vt 0.43333100 0.81139600
vt 0.43333100 0.81139600
vt 0.43333100 0.81139600
vt 0.43243600 0.79371200
vt 0.43243600 0.79371200
vt 0.43243600 0.79371200
vt 0.43243600 0.79371200
vt 0.43243600 0.77140900
vt 0.43243600 0.77140900
vt 0.43243600 0.77140900
vt 0.43243600 0.74910700
vt 0.43243600 0.74910700
vt 0.43243600 0.74910700
vt 0.43243600 0.74910700
vt 0.43243600 0.72680400
vt 0.43243600 0.72680400
vt 0.43243600 0.72680400
vt 0.43243600 0.70450200
vt 0.43243600 0.70450200
vt 0.43243600 0.70450200
vt 0.37180900 0.70450200
vt 0.37180900 0.70450200
vt 0.37180900 0.70450200
vt 0.31118100 0.70450200
vt 0.31118100 0.70450200
vt 0.31118100 0.70450200
vt 0.25055300 0.70450200
vt 0.25055300 0.70450200
vt 0.91764700 0.78517200
vt 0.91764700 0.78517200
vt 0.91764700 0.78517200
vt 0.91764700 0.78517200
vt 0.91764700 0.76500400
vt 0.91764700 0.76500400
vt 0.91764700 0.76500400
vt 0.91764700 0.74483700
vt 0.91764700 0.74483700
vt 0.91764700 0.72466900
vt 0.91764700 0.72466900
vt 0.91764700 0.70450200
vt 0.91764700 0.70450200
vt 0.91764700 0.70450200
vt 0.81656200 0.70450200
vt 0.81656200 0.70450200
vt 0.71547600 0.70450200
vt 0.71547600 0.70450200
vt 0.61439000 0.70450200
vt 0.61439000 0.70450200
vt 0.51330500 0.70450200
vt 0.51330500 0.70450200
vt 0.51330500 0.70450200
vt 0.51330500 0.72466900
vt 0.51330500 0.72466900
vt 0.51330500 0.72466900
vt 0.51330500 0.74483700
vt 0.51330500 0.74483700
vt 0.51330500 0.74483700
vt 0.51330500 0.76500400
vt 0.51330500 0.76500400
vt 0.51330500 0.76500400
vt 0.51330500 0.78517200
vt 0.51330500 0.78517200
vt 0.51330500 0.78517200
vt 0.51384000 0.79527900
vt 0.51384000 0.79527900
vt 0.51384000 0.79527900
vt 0.51540900 0.80514100
vt 0.51540900 0.80514100
vt 0.51540900 0.80514100
vt 0.51540900 0.80514100
vt 0.51540900 0.80514100
vt 0.51795500 0.81470100
vt 0.51795500 0.81470100
vt 0.51795500 0.81470100
vt 0.51795500 0.81470100
vt 0.52142200 0.82390300
vt 0.52142200 0.82390300
vt 0.52142200 0.82390300
vt 0.52142200 0.82390300
vt 0.52575300 0.83269200
vt 0.52575300 0.83269200
vt 0.52575300 0.83269200
vt 0.53089300 0.84101100
vt 0.53089300 0.84101100
vt 0.53089300 0.84101100
vt 0.53678500 0.84880300
vt 0.53678500 0.84880300
vt 0.53678500 0.84880300
vt 0.53678500 0.84880300
vt 0.54337200 0.85601400
vt 0.54337200 0.85601400
vt 0.54337200 0.85601400
vt 0.54337200 0.85601400
vt 0.54337200 0.85601400
vt 0.55060000 0.86258600
vt 0.55060000 0.86258600
vt 0.55060000 0.86258600
vt 0.55060000 0.86258600
vt 0.55841000 0.86846400
vt 0.55841000 0.86846400
vt 0.55841000 0.86846400
vt 0.56674800 0.87359100
vt 0.56674800 0.87359100
vt 0.56674800 0.87359100
vt 0.56674800 0.87359100
vt 0.57555600 0.87791300
vt 0.57555600 0.87791300
vt 0.57555600 0.87791300
vt 0.57555600 0.87791300
vt 0.58477900 0.88137100
vt 0.58477900 0.88137100
vt 0.58477900 0.88137100
vt 0.59436000 0.88391100
vt 0.59436000 0.88391100
vt 0.59436000 0.88391100
vt 0.59436000 0.88391100
vt 0.60424300 0.88547600
vt 0.60424300 0.88547600
vt 0.60424300 0.88547600
vt 0.60424300 0.88547600
vt 0.60424300 0.88547600
vt 0.61437100 0.88601000
vt 0.61437100 0.88601000
vt 0.61437100 0.88601000
vt 0.61437100 0.88601000
vt 0.66492800 0.88601000
vt 0.66492800 0.88601000
vt 0.71548600 0.88601000
vt 0.71548600 0.88601000
vt 0.76604300 0.88601000
vt 0.76604300 0.88601000
vt 0.81660000 0.88601000
vt 0.81660000 0.88601000
vt 0.81660000 0.88601000
vt 0.82672800 0.88547600
vt 0.82672800 0.88547600
vt 0.82672800 0.88547600
vt 0.83661100 0.88391100
vt 0.83661100 0.88391100
vt 0.83661100 0.88391100
vt 0.84619100 0.88137100
vt 0.84619100 0.88137100
vt 0.84619100 0.88137100
vt 0.85541200 0.87791300
vt 0.85541200 0.87791300
vt 0.85541200 0.87791300
vt 0.86421900 0.87359100
vt 0.86421900 0.87359100
vt 0.86421900 0.87359100
vt 0.87255500 0.86846400
vt 0.87255500 0.86846400
vt 0.87255500 0.86846400
vt 0.88036400 0.86258600
vt 0.88036400 0.86258600
vt 0.88036400 0.86258600
vt 0.88036400 0.86258600
vt 0.88758900 0.85601400
vt 0.88758900 0.85601400
vt 0.88758900 0.85601400
vt 0.88758900 0.85601400
vt 0.88758900 0.85601400
vt 0.89417500 0.84880300
vt 0.89417500 0.84880300
vt 0.89417500 0.84880300
vt 0.90006500 0.84101100
vt 0.90006500 0.84101100
vt 0.90006500 0.84101100
vt 0.90006500 0.84101100
vt 0.90520300 0.83269200
vt 0.90520300 0.83269200
vt 0.90520300 0.83269200
vt 0.90520300 0.83269200
vt 0.90953300 0.82390300
vt 0.90953300 0.82390300
vt 0.90953300 0.82390300
vt 0.90953300 0.82390300
vt 0.90953300 0.82390300
vt 0.91299900 0.81470100
vt 0.91299900 0.81470100
vt 0.91299900 0.81470100
vt 0.91299900 0.81470100
vt 0.91554400 0.80514100
vt 0.91554400 0.80514100
vt 0.91554400 0.80514100
vt 0.91554400 0.80514100
vt 0.91554400 0.80514100
vt 0.91711200 0.79527900
vt 0.91711200 0.79527900
vt 0.91711200 0.79527900
vt 0.91711200 0.79527900
vt 0.18992600 0.27951700
vt 0.18992600 0.27951700
vt 0.18992600 0.27951700
vt 0.18992600 0.36018800
vt 0.18992600 0.36018800
vt 0.18992600 0.36018800
vt 0.18992600 0.34002000
vt 0.18992600 0.34002000
vt 0.18992600 0.34002000
vt 0.18992600 0.31985200
vt 0.18992600 0.31985200
vt 0.18992600 0.31985200
vt 0.18992600 0.29968500
vt 0.18992600 0.29968500
vt 0.39207800 0.27951700
vt 0.39207800 0.27951700
vt 0.59423100 0.27951700
vt 0.59423100 0.27951700
vt 0.79638300 0.27951700
vt 0.79638300 0.27951700
vt 0.99853500 0.27951700
vt 0.99853500 0.27951700
vt 0.99853500 0.27951700
vt 0.99853500 0.31992400
vt 0.99853500 0.31992400
vt 0.99853500 0.36033100
vt 0.99853500 0.36033100
vt 0.99853500 0.36033100
vt 0.99853500 0.40073700
vt 0.99853500 0.40073700
vt 0.99853500 0.44114400
vt 0.99853500 0.44114400
vt 0.99853500 0.44114400
vt 0.99853500 0.44114400
vt 0.99759700 0.45967400
vt 0.99759700 0.45967400
vt 0.99759700 0.45967400
vt 0.99759700 0.45967400
vt 0.99484500 0.47766900
vt 0.99484500 0.47766900
vt 0.99484500 0.47766900
vt 0.99484500 0.47766900
vt 0.99036900 0.49503700
vt 0.99036900 0.49503700
vt 0.99036900 0.49503700
vt 0.99036900 0.49503700
vt 0.99036900 0.49503700
vt 0.98426000 0.51168700
vt 0.98426000 0.51168700
vt 0.98426000 0.51168700
vt 0.98426000 0.51168700
vt 0.97661100 0.52752900
vt 0.97661100 0.52752900
vt 0.97661100 0.52752900
vt 0.96751200 0.54247100
vt 0.96751200 0.54247100
vt 0.96751200 0.54247100
vt 0.95705500 0.55642200
vt 0.95705500 0.55642200
vt 0.95705500 0.55642200
vt 0.95705500 0.55642200
vt 0.94533100 0.56929100
vt 0.94533100 0.56929100
vt 0.94533100 0.56929100
vt 0.94533100 0.56929100
vt 0.93243200 0.58098700
vt 0.93243200 0.58098700
vt 0.93243200 0.58098700
vt 0.93243200 0.58098700
vt 0.91844800 0.59141900
vt 0.91844800 0.59141900
vt 0.91844800 0.59141900
vt 0.91844800 0.59141900
vt 0.90347100 0.60049600
vt 0.90347100 0.60049600
vt 0.90347100 0.60049600
vt 0.88759200 0.60812600
vt 0.88759200 0.60812600
vt 0.88759200 0.60812600
vt 0.87090300 0.61422000
vt 0.87090300 0.61422000
vt 0.87090300 0.61422000
vt 0.87090300 0.61422000
vt 0.85349500 0.61868500
vt 0.85349500 0.61868500
vt 0.85349500 0.61868500
vt 0.85349500 0.61868500
vt 0.83545900 0.62143100
vt 0.83545900 0.62143100
vt 0.83545900 0.62143100
vt 0.81688700 0.62236600
vt 0.81688700 0.62236600
vt 0.81688700 0.62236600
vt 0.81688700 0.62236600
vt 0.81688700 0.62236600
vt 0.76412200 0.62236600
vt 0.76412200 0.62236600
vt 0.71135800 0.62236600
vt 0.71135800 0.62236600
vt 0.71135800 0.62236600
vt 0.65859400 0.62236600
vt 0.65859400 0.62236600
vt 0.65859400 0.62236600
vt 0.60583000 0.62236600
vt 0.60583000 0.62236600
vt 0.60583000 0.62236600
vt 0.60583000 0.62236600
vt 0.58809900 0.62147300
vt 0.58809900 0.62147300
vt 0.58809900 0.62147300
vt 0.57088200 0.61885200
vt 0.57088200 0.61885200
vt 0.57088200 0.61885200
vt 0.57088200 0.61885200
vt 0.55426400 0.61458900
vt 0.55426400 0.61458900
vt 0.55426400 0.61458900
vt 0.55426400 0.61458900
vt 0.53833200 0.60877300
vt 0.53833200 0.60877300
vt 0.53833200 0.60877300
vt 0.52317500 0.60148800
vt 0.52317500 0.60148800
vt 0.52317500 0.60148800
vt 0.52317500 0.60148800
vt 0.50887900 0.59282400
vt 0.50887900 0.59282400
vt 0.50887900 0.59282400
vt 0.49553100 0.58286600
vt 0.49553100 0.58286600
vt 0.49553100 0.58286600
vt 0.49553100 0.58286600
vt 0.48321800 0.57170200
vt 0.48321800 0.57170200
vt 0.48321800 0.57170200
vt 0.48321800 0.57170200
vt 0.47202700 0.55941800
vt 0.47202700 0.55941800
vt 0.47202700 0.55941800
vt 0.47202700 0.55941800
vt 0.46204600 0.54610300
vt 0.46204600 0.54610300
vt 0.46204600 0.54610300
vt 0.45336200 0.53184100
vt 0.45336200 0.53184100
vt 0.45336200 0.53184100
vt 0.44606100 0.51672200
vt 0.44606100 0.51672200
vt 0.44606100 0.51672200
vt 0.44606100 0.51672200
vt 0.44023100 0.50083000
vt 0.44023100 0.50083000
vt 0.44023100 0.50083000
vt 0.43595800 0.48425500
vt 0.43595800 0.48425500
vt 0.43595800 0.48425500
vt 0.43595800 0.48425500
vt 0.43333100 0.46708100
vt 0.43333100 0.46708100
vt 0.43333100 0.46708100
vt 0.43333100 0.46708100
vt 0.43243600 0.44939800
vt 0.43243600 0.44939800
vt 0.43243600 0.44939800
vt 0.43243600 0.44939800
vt 0.43243600 0.44939800
vt 0.43243600 0.42709500
vt 0.43243600 0.42709500
vt 0.43243600 0.40479300
vt 0.43243600 0.40479300
vt 0.43243600 0.38249000
vt 0.43243600 0.38249000
vt 0.43243600 0.36018800
vt 0.43243600 0.36018800
vt 0.43243600 0.36018800
vt 0.37180900 0.36018800
vt 0.37180900 0.36018800
vt 0.37180900 0.36018800
vt 0.31118100 0.36018800
vt 0.31118100 0.36018800
vt 0.31118100 0.36018800
vt 0.25055300 0.36018800
vt 0.25055300 0.36018800
vt 0.25055300 0.36018800
vt 0.91764700 0.44085800
vt 0.91764700 0.44085800
vt 0.91764700 0.44085800
vt 0.91764700 0.42069000
vt 0.91764700 0.42069000
vt 0.91764700 0.42069000
vt 0.91764700 0.40052300
vt 0.91764700 0.40052300
vt 0.91764700 0.40052300
vt 0.91764700 0.38035500
vt 0.91764700 0.38035500
vt 0.91764700 0.38035500
vt 0.91764700 0.38035500
vt 0.91764700 0.36018800
vt 0.91764700 0.36018800
vt 0.91764700 0.36018800
vt 0.91764700 0.36018800
vt 0.81656200 0.36018800
vt 0.81656200 0.36018800
vt 0.71547600 0.36018800
vt 0.71547600 0.36018800
vt 0.71547600 0.36018800
vt 0.61439000 0.36018800
vt 0.61439000 0.36018800
vt 0.61439000 0.36018800
vt 0.51330500 0.36018800
vt 0.51330500 0.36018800
vt 0.51330500 0.36018800
vt 0.51330500 0.38035500
vt 0.51330500 0.38035500
vt 0.51330500 0.38035500
vt 0.51330500 0.40052300
vt 0.51330500 0.40052300
vt 0.51330500 0.40052300
vt 0.51330500 0.42069000
vt 0.51330500 0.42069000
vt 0.51330500 0.42069000
vt 0.51330500 0.44085800
vt 0.51330500 0.44085800
vt 0.51330500 0.44085800
vt 0.51330500 0.44085800
vt 0.51384000 0.45096500
vt 0.51384000 0.45096500
vt 0.51384000 0.45096500
vt 0.51384000 0.45096500
vt 0.51540900 0.46082700
vt 0.51540900 0.46082700
vt 0.51540900 0.46082700
vt 0.51540900 0.46082700
vt 0.51795500 0.47038700
vt 0.51795500 0.47038700
vt 0.51795500 0.47038700
vt 0.51795500 0.47038700
vt 0.51795500 0.47038700
vt 0.52142200 0.47958900
vt 0.52142200 0.47958900
vt 0.52142200 0.47958900
vt 0.52142200 0.47958900
vt 0.52575300 0.48837800
vt 0.52575300 0.48837800
vt 0.52575300 0.48837800
vt 0.53089300 0.49669700
vt 0.53089300 0.49669700
vt 0.53089300 0.49669700
vt 0.53089300 0.49669700
vt 0.53678500 0.50448900
vt 0.53678500 0.50448900
vt 0.53678500 0.50448900
vt 0.53678500 0.50448900
vt 0.54337200 0.51170000
vt 0.54337200 0.51170000
vt 0.54337200 0.51170000
vt 0.55060000 0.51827200
vt 0.55060000 0.51827200
vt 0.55060000 0.51827200
vt 0.55841000 0.52415000
vt 0.55841000 0.52415000
vt 0.55841000 0.52415000
vt 0.56674800 0.52927700
vt 0.56674800 0.52927700
vt 0.56674800 0.52927700
vt 0.56674800 0.52927700
vt 0.57555600 0.53359900
vt 0.57555600 0.53359900
vt 0.57555600 0.53359900
vt 0.57555600 0.53359900
vt 0.58477900 0.53705700
vt 0.58477900 0.53705700
vt 0.58477900 0.53705700
vt 0.59436000 0.53959700
vt 0.59436000 0.53959700
vt 0.59436000 0.53959700
vt 0.59436000 0.53959700
vt 0.60424300 0.54116200
vt 0.60424300 0.54116200
vt 0.60424300 0.54116200
vt 0.60424300 0.54116200
vt 0.61437100 0.54169600
vt 0.61437100 0.54169600
vt 0.61437100 0.54169600
vt 0.61437100 0.54169600
vt 0.66492800 0.54169600
vt 0.66492800 0.54169600
vt 0.71548600 0.54169600
vt 0.71548600 0.54169600
vt 0.71548600 0.54169600
vt 0.76604300 0.54169600
vt 0.76604300 0.54169600
vt 0.76604300 0.54169600
vt 0.81660000 0.54169600
vt 0.81660000 0.54169600
vt 0.81660000 0.54169600
vt 0.82672800 0.54116200
vt 0.82672800 0.54116200
vt 0.82672800 0.54116200
vt 0.82672800 0.54116200
vt 0.83661100 0.53959700
vt 0.83661100 0.53959700
vt 0.83661100 0.53959700
vt 0.83661100 0.53959700
vt 0.83661100 0.53959700
vt 0.84619100 0.53705700
vt 0.84619100 0.53705700
vt 0.84619100 0.53705700
vt 0.84619100 0.53705700
vt 0.85541200 0.53359900
vt 0.85541200 0.53359900
vt 0.85541200 0.53359900
vt 0.85541200 0.53359900
vt 0.86421900 0.52927700
vt 0.86421900 0.52927700
vt 0.86421900 0.52927700
vt 0.87255500 0.52415000
vt 0.87255500 0.52415000
vt 0.87255500 0.52415000
vt 0.88036400 0.51827200
vt 0.88036400 0.51827200
vt 0.88036400 0.51827200
vt 0.88758900 0.51170000
vt 0.88758900 0.51170000
vt 0.88758900 0.51170000
vt 0.89417500 0.50448900
vt 0.89417500 0.50448900
vt 0.89417500 0.50448900
vt 0.89417500 0.50448900
vt 0.90006500 0.49669700
vt 0.90006500 0.49669700
vt 0.90006500 0.49669700
vt 0.90006500 0.49669700
vt 0.90520300 0.48837800
vt 0.90520300 0.48837800
vt 0.90520300 0.48837800
vt 0.90520300 0.48837800
vt 0.90953300 0.47958900
vt 0.90953300 0.47958900
vt 0.90953300 0.47958900
vt 0.90953300 0.47958900
vt 0.91299900 0.47038700
vt 0.91299900 0.47038700
vt 0.91299900 0.47038700
vt 0.91554400 0.46082700
vt 0.91554400 0.46082700
vt 0.91554400 0.46082700
vt 0.91554400 0.46082700
vt 0.91554400 0.46082700
vt 0.91711200 0.45096500
vt 0.91711200 0.45096500
vt 0.91711200 0.45096500
vt 0.91711200 0.45096500
vt 0.91711200 0.45096500
vt 0.22791100 0.11395600
vt 0.22791100 0.11395600
vt 0.22791100 0.11395600
vt 0.18992600 0.11395600
vt 0.18992600 0.11395600
vt 0.18992600 0.11395600
vt 0.22791100 0.13420900
vt 0.22791100 0.13420900
vt 0.21841500 0.13420900
vt 0.20891900 0.13420900
vt 0.19942200 0.13420900
vt 0.18992600 0.13420900
vt 0.18992600 0.13420900
vt 0.22791100 0.15446300
vt 0.22791100 0.15446300
vt 0.21841500 0.15446300
vt 0.20891900 0.15446300
vt 0.19942200 0.15446300
vt 0.18992600 0.15446300
vt 0.18992600 0.15446300
vt 0.22791100 0.17471700
vt 0.22791100 0.17471700
vt 0.21841500 0.17471700
vt 0.20891900 0.17471700
vt 0.19942200 0.17471700
vt 0.18992600 0.17471700
vt 0.18992600 0.17471700
vt 0.22791100 0.19497100
vt 0.22791100 0.19497100
vt 0.22791100 0.19497100
vt 0.18992600 0.19497100
vt 0.18992600 0.19497100
vt 0.18992600 0.19497100
vt 0.21524900 0.19497100
vt 0.21524900 0.19497100
vt 0.20258800 0.19497100
vt 0.20258800 0.19497100
vt 0.20258800 0.11395600
vt 0.20258800 0.11395600
vt 0.21524900 0.11395600
vt 0.21524900 0.11395600
vt 0.03652000 0.00000000
vt 0.03652000 0.00000000
vt 0.03652000 0.00000000
vt 0.00000000 0.00000000
vt 0.00000000 0.00000000
vt 0.00000000 0.00000000
vt 0.03652000 0.20251900
vt 0.03652000 0.20251900
vt 0.02739000 0.20251900
vt 0.01826000 0.20251900
vt 0.00913000 0.20251900
vt 0.00000000 0.20251900
vt 0.00000000 0.20251900
vt 0.03652000 0.40503700
vt 0.03652000 0.40503700
vt 0.02739000 0.40503700
vt 0.01826000 0.40503700
vt 0.00913000 0.40503700
vt 0.00000000 0.40503700
vt 0.00000000 0.40503700
vt 0.03652000 0.60755600
vt 0.03652000 0.60755600
vt 0.02739000 0.60755600
vt 0.01826000 0.60755600
vt 0.00913000 0.60755600
vt 0.00000000 0.60755600
vt 0.00000000 0.60755600
vt 0.03652000 0.81007400
vt 0.03652000 0.81007400
vt 0.03652000 0.81007400
vt 0.01826000 0.81007400
vt 0.01826000 0.81007400
vt 0.01826000 0.81007400
vt 0.00000000 0.81007400
vt 0.00000000 0.81007400
vt 0.00000000 0.81007400
vt 0.01217300 0.00000000
vt 0.01217300 0.00000000
vt 0.02434700 0.00000000
vt 0.02434700 0.00000000
vt 0.07450600 0.00000000
vt 0.07450600 0.00000000
vt 0.07450600 0.00000000
vt 0.05624500 0.00000000
vt 0.05624500 0.00000000
vt 0.05624500 0.00000000
vt 0.03798500 0.00000000
vt 0.03798500 0.00000000
vt 0.03798500 0.00000000
vt 0.07450600 0.04057900
vt 0.07450600 0.04057900
vt 0.06537500 0.04057900
vt 0.05624500 0.04057900
vt 0.04711500 0.04057900
vt 0.03798500 0.04057900
vt 0.03798500 0.04057900
vt 0.07450600 0.08115900
vt 0.07450600 0.08115900
vt 0.06537500 0.08115900
vt 0.05624500 0.08115900
vt 0.04711500 0.08115900
vt 0.03798500 0.08115900
vt 0.03798500 0.08115900
vt 0.03798500 0.08115900
vt 0.07450600 0.12173800
vt 0.07450600 0.12173800
vt 0.06537500 0.12173800
vt 0.05624500 0.12173800
vt 0.04711500 0.12173800
vt 0.03798500 0.12173800
vt 0.03798500 0.12173800
vt 0.03798500 0.12173800
vt 0.07450600 0.16231700
vt 0.07450600 0.16231700
vt 0.07450600 0.16231700
vt 0.05624500 0.16231700
vt 0.05624500 0.16231700
vt 0.05624500 0.16231700
vt 0.03798500 0.16231700
vt 0.03798500 0.16231700
vt 0.03798500 0.16231700
vt 0.18992600 0.24153200
vt 0.18992600 0.27805200
vt 0.20778800 0.24153200
vt 0.20778800 0.27805200
vt 0.22565000 0.24153200
vt 0.22565000 0.27805200
vt 0.24351200 0.24153200
vt 0.24351200 0.27805200
vt 0.26137400 0.24153200
vt 0.26137400 0.27805200
vt 0.27923600 0.24153200
vt 0.27923600 0.27805200
vt 0.29709800 0.24153200
vt 0.29709800 0.27805200
vt 0.31496000 0.24153200
vt 0.31496000 0.27805200
vt 0.33282200 0.24153200
vt 0.33282200 0.27805200
vt 0.35068400 0.24153200
vt 0.35068400 0.27805200
vt 0.36854600 0.24153200
vt 0.36854600 0.27805200
vt 0.38640800 0.24153200
vt 0.38640800 0.27805200
vt 0.40427000 0.24153200
vt 0.40427000 0.27805200
vt 0.42213200 0.24153200
vt 0.42213200 0.27805200
vt 0.43999400 0.24153200
vt 0.43999400 0.27805200
vt 0.45785600 0.24153200
vt 0.45785600 0.27805200
vt 0.47571800 0.24153200
vt 0.47571800 0.27805200
vt 0.18992600 0.25979200
vt 0.47571800 0.25979200
vt 0.15047600 0.00000000
vt 0.15047600 0.00000000
vt 0.15047600 0.00000000
vt 0.13221600 0.00000000
vt 0.13221600 0.00000000
vt 0.11395600 0.00000000
vt 0.11395600 0.00000000
vt 0.11395600 0.00000000
vt 0.15047600 0.05286000
vt 0.15047600 0.05286000
vt 0.14134600 0.05286000
vt 0.13221600 0.05286000
vt 0.12308600 0.05286000
vt 0.11395600 0.05286000
vt 0.11395600 0.05286000
vt 0.11395600 0.05286000
vt 0.15047600 0.10572000
vt 0.15047600 0.10572000
vt 0.14134600 0.10572000
vt 0.13221600 0.10572000
vt 0.12308600 0.10572000
vt 0.11395600 0.10572000
vt 0.11395600 0.10572000
vt 0.11395600 0.10572000
vt 0.15047600 0.15858000
vt 0.15047600 0.15858000
vt 0.14134600 0.15858000
vt 0.13221600 0.15858000
vt 0.12308600 0.15858000
vt 0.11395600 0.15858000
vt 0.11395600 0.15858000
vt 0.11395600 0.15858000
vt 0.15047600 0.21143900
vt 0.15047600 0.21143900
vt 0.15047600 0.21143900
vt 0.13221600 0.21143900
vt 0.13221600 0.21143900
vt 0.11395600 0.21143900
vt 0.11395600 0.21143900
vt 0.11395600 0.21143900
vt 0.18992600 0.20354700
vt 0.18992600 0.24006700
vt 0.20697500 0.20354700
vt 0.20697500 0.24006700
vt 0.22402400 0.20354700
vt 0.22402400 0.24006700
vt 0.24107400 0.20354700
vt 0.24107400 0.24006700
vt 0.25812300 0.20354700
vt 0.25812300 0.24006700
vt 0.27517200 0.20354700
vt 0.27517200 0.24006700
vt 0.29222200 0.20354700
vt 0.29222200 0.24006700
vt 0.30927100 0.20354700
vt 0.30927100 0.24006700
vt 0.32632000 0.20354700
vt 0.32632000 0.24006700
vt 0.34336900 0.20354700
vt 0.34336900 0.24006700
vt 0.36041900 0.20354700
vt 0.36041900 0.24006700
vt 0.37746800 0.20354700
vt 0.37746800 0.24006700
vt 0.39451700 0.20354700
vt 0.39451700 0.24006700
vt 0.41156700 0.20354700
vt 0.41156700 0.24006700
vt 0.42861600 0.20354700
vt 0.42861600 0.24006700
vt 0.44566500 0.20354700
vt 0.44566500 0.24006700
vt 0.46271400 0.20354700
vt 0.46271400 0.24006700
vt 0.18992600 0.22180700
vt 0.46271400 0.21572000
vt 0.46271400 0.22789400
vt 0.83546700 0.11395600
vt 0.83546700 0.11395600
vt 0.83546700 0.11395600
vt 0.79748100 0.11395600
vt 0.79748100 0.11395600
vt 0.79748100 0.11395600
vt 0.79748100 0.11395600
vt 0.83546700 0.13598700
vt 0.83546700 0.13598700
vt 0.83546700 0.13598700
vt 0.82597000 0.13598700
vt 0.82597000 0.13598700
vt 0.81647400 0.13598700
vt 0.81647400 0.13598700
vt 0.80697800 0.13598700
vt 0.80697800 0.13598700
vt 0.79748100 0.13598700
vt 0.79748100 0.13598700
vt 0.79748100 0.13598700
vt 0.79748100 0.13598700
vt 0.83546700 0.15801900
vt 0.83546700 0.15801900
vt 0.82597000 0.15801900
vt 0.81647400 0.15801900
vt 0.80697800 0.15801900
vt 0.79748100 0.15801900
vt 0.79748100 0.15801900
vt 0.83546700 0.18005000
vt 0.83546700 0.18005000
vt 0.82597000 0.18005000
vt 0.81647400 0.18005000
vt 0.80697800 0.18005000
vt 0.79748100 0.18005000
vt 0.79748100 0.18005000
vt 0.83546700 0.20208200
vt 0.83546700 0.20208200
vt 0.83546700 0.20208200
vt 0.79748100 0.20208200
vt 0.79748100 0.20208200
vt 0.79748100 0.20208200
vt 0.81014300 0.11395600
vt 0.81014300 0.11395600
vt 0.81014300 0.11395600
vt 0.82280500 0.11395600
vt 0.82280500 0.11395600
vt 0.82280500 0.11395600
vt 0.82280500 0.20208200
vt 0.82280500 0.20208200
vt 0.81014300 0.20208200
vt 0.81014300 0.20208200
vt 0.81014300 0.20208200
vt 0.18846100 0.00000000
vt 0.18846100 0.00000000
vt 0.18846100 0.00000000
vt 0.15194100 0.00000000
vt 0.15194100 0.00000000
vt 0.15194100 0.00000000
vt 0.18846100 0.06073700
vt 0.18846100 0.06073700
vt 0.17933100 0.06073700
vt 0.17020100 0.06073700
vt 0.16107100 0.06073700
vt 0.15194100 0.06073700
vt 0.15194100 0.06073700
vt 0.15194100 0.06073700
vt 0.18846100 0.12147500
vt 0.18846100 0.12147500
vt 0.17933100 0.12147500
vt 0.17020100 0.12147500
vt 0.16107100 0.12147500
vt 0.15194100 0.12147500
vt 0.15194100 0.12147500
vt 0.15194100 0.12147500
vt 0.18846100 0.18221200
vt 0.18846100 0.18221200
vt 0.17933100 0.18221200
vt 0.17020100 0.18221200
vt 0.16107100 0.18221200
vt 0.15194100 0.18221200
vt 0.15194100 0.18221200
vt 0.18846100 0.24294900
vt 0.18846100 0.24294900
vt 0.18846100 0.24294900
vt 0.15194100 0.24294900
vt 0.15194100 0.24294900
vt 0.15194100 0.24294900
vt 0.17628800 0.24294900
vt 0.17628800 0.24294900
vt 0.16411400 0.24294900
vt 0.16411400 0.24294900
vt 0.16411400 0.00000000
vt 0.16411400 0.00000000
vt 0.17628800 0.00000000
vt 0.17628800 0.00000000
vt 0.43043000 0.11395600
vt 0.43043000 0.11395600
vt 0.43043000 0.11395600
vt 0.39244400 0.11395600
vt 0.39244400 0.11395600
vt 0.39244400 0.11395600
vt 0.43043000 0.13420900
vt 0.43043000 0.13420900
vt 0.42093300 0.13420900
vt 0.41143700 0.13420900
vt 0.40194100 0.13420900
vt 0.39244400 0.13420900
vt 0.39244400 0.13420900
vt 0.43043000 0.15446300
vt 0.43043000 0.15446300
vt 0.42093300 0.15446300
vt 0.41143700 0.15446300
vt 0.40194100 0.15446300
vt 0.39244400 0.15446300
vt 0.39244400 0.15446300
vt 0.43043000 0.17471700
vt 0.43043000 0.17471700
vt 0.42093300 0.17471700
vt 0.41143700 0.17471700
vt 0.40194100 0.17471700
vt 0.39244400 0.17471700
vt 0.39244400 0.17471700
vt 0.43043000 0.19497100
vt 0.43043000 0.19497100
vt 0.43043000 0.19497100
vt 0.39244400 0.19497100
vt 0.39244400 0.19497100
vt 0.39244400 0.19497100
vt 0.41776800 0.19497100
vt 0.41776800 0.19497100
vt 0.41776800 0.19497100
vt 0.40510600 0.19497100
vt 0.40510600 0.19497100
vt 0.40510600 0.19497100
vt 0.40510600 0.11395600
vt 0.40510600 0.11395600
vt 0.41776800 0.11395600
vt 0.41776800 0.11395600
vt 0.18992600 0.07597000
vt 0.18992600 0.07597000
vt 0.18992600 0.07597000
vt 0.18992600 0.11249100
vt 0.18992600 0.11249100
vt 0.18992600 0.11249100
vt 0.29119500 0.07597000
vt 0.29119500 0.07597000
vt 0.29119500 0.08510000
vt 0.29119500 0.09423100
vt 0.29119500 0.10336100
vt 0.29119500 0.11249100
vt 0.29119500 0.11249100
vt 0.29119500 0.11249100
vt 0.39246400 0.07597000
vt 0.39246400 0.07597000
vt 0.39246400 0.08510000
vt 0.39246400 0.09423100
vt 0.39246400 0.10336100
vt 0.39246400 0.11249100
vt 0.39246400 0.11249100
vt 0.39246400 0.11249100
vt 0.49373200 0.07597000
vt 0.49373200 0.07597000
vt 0.49373200 0.08510000
vt 0.49373200 0.09423100
vt 0.49373200 0.10336100
vt 0.49373200 0.11249100
vt 0.49373200 0.11249100
vt 0.59500100 0.07597000
vt 0.59500100 0.07597000
vt 0.59500100 0.07597000
vt 0.59500100 0.11249100
vt 0.59500100 0.11249100
vt 0.59500100 0.11249100
vt 0.18992600 0.10031700
vt 0.18992600 0.10031700
vt 0.18992600 0.10031700
vt 0.18992600 0.08814400
vt 0.18992600 0.08814400
vt 0.59500100 0.08814400
vt 0.59500100 0.08814400
vt 0.59500100 0.10031700
vt 0.59500100 0.10031700
vt 0.59500100 0.10031700
vt 0.63294800 0.11395600
vt 0.63294800 0.11395600
vt 0.63294800 0.11395600
vt 0.59496300 0.11395600
vt 0.59496300 0.11395600
vt 0.59496300 0.11395600
vt 0.63294800 0.13420900
vt 0.63294800 0.13420900
vt 0.62345200 0.13420900
vt 0.61395600 0.13420900
vt 0.60445900 0.13420900
vt 0.59496300 0.13420900
vt 0.59496300 0.13420900
vt 0.63294800 0.15446300
vt 0.63294800 0.15446300
vt 0.62345200 0.15446300
vt 0.61395600 0.15446300
vt 0.60445900 0.15446300
vt 0.59496300 0.15446300
vt 0.59496300 0.15446300
vt 0.63294800 0.17471700
vt 0.63294800 0.17471700
vt 0.62345200 0.17471700
vt 0.61395600 0.17471700
vt 0.60445900 0.17471700
vt 0.59496300 0.17471700
vt 0.59496300 0.17471700
vt 0.63294800 0.19497100
vt 0.63294800 0.19497100
vt 0.63294800 0.19497100
vt 0.59496300 0.19497100
vt 0.59496300 0.19497100
vt 0.59496300 0.19497100
vt 0.60762500 0.11395600
vt 0.60762500 0.11395600
vt 0.60762500 0.11395600
vt 0.62028600 0.11395600
vt 0.62028600 0.11395600
vt 0.62028600 0.19497100
vt 0.62028600 0.19497100
vt 0.60762500 0.19497100
vt 0.60762500 0.19497100
vt 0.18992600 0.03798500
vt 0.18992600 0.07450600
vt 0.19983100 0.03798500
vt 0.19983100 0.07450600
vt 0.20973600 0.03798500
vt 0.20973600 0.07450600
vt 0.21964100 0.03798500
vt 0.21964100 0.07450600
vt 0.22954600 0.03798500
vt 0.22954600 0.07450600
vt 0.23945100 0.03798500
vt 0.23945100 0.07450600
vt 0.24935600 0.03798500
vt 0.24935600 0.07450600
vt 0.25926100 0.03798500
vt 0.25926100 0.07450600
vt 0.26916600 0.03798500
vt 0.26916600 0.07450600
vt 0.27907100 0.03798500
vt 0.27907100 0.07450600
vt 0.28897600 0.03798500
vt 0.28897600 0.07450600
vt 0.29888100 0.03798500
vt 0.29888100 0.07450600
vt 0.30878600 0.03798500
vt 0.30878600 0.07450600
vt 0.31869100 0.03798500
vt 0.31869100 0.07450600
vt 0.32859600 0.03798500
vt 0.32859600 0.07450600
vt 0.33850100 0.03798500
vt 0.33850100 0.07450600
vt 0.34840600 0.03798500
vt 0.34840600 0.07450600
vt 0.18992600 0.06233200
vt 0.18992600 0.05015900
vt 0.34840600 0.05624500
vt 0.11249100 0.00000000
vt 0.11249100 0.00000000
vt 0.11249100 0.00000000
vt 0.09423100 0.00000000
vt 0.09423100 0.00000000
vt 0.07597000 0.00000000
vt 0.07597000 0.00000000
vt 0.07597000 0.00000000
vt 0.11249100 0.05064900
vt 0.11249100 0.05064900
vt 0.10336100 0.05064900
vt 0.09423100 0.05064900
vt 0.08510000 0.05064900
vt 0.07597000 0.05064900
vt 0.07597000 0.05064900
vt 0.11249100 0.10129800
vt 0.11249100 0.10129800
vt 0.10336100 0.10129800
vt 0.09423100 0.10129800
vt 0.08510000 0.10129800
vt 0.07597000 0.10129800
vt 0.07597000 0.10129800
vt 0.11249100 0.15194600
vt 0.11249100 0.15194600
vt 0.10336100 0.15194600
vt 0.09423100 0.15194600
vt 0.08510000 0.15194600
vt 0.07597000 0.15194600
vt 0.07597000 0.15194600
vt 0.11249100 0.20259500
vt 0.11249100 0.20259500
vt 0.11249100 0.20259500
vt 0.09423100 0.20259500
vt 0.09423100 0.20259500
vt 0.07597000 0.20259500
vt 0.07597000 0.20259500
vt 0.07597000 0.20259500
vt 0.18992600 0.00000000
vt 0.18992600 0.03652000
vt 0.19983000 0.00000000
vt 0.19983000 0.03652000
vt 0.20973400 0.00000000
vt 0.20973400 0.03652000
vt 0.21963900 0.00000000
vt 0.21963900 0.03652000
vt 0.22954300 0.00000000
vt 0.22954300 0.03652000
vt 0.23944700 0.00000000
vt 0.23944700 0.03652000
vt 0.24935100 0.00000000
vt 0.24935100 0.03652000
vt 0.25925600 0.00000000
vt 0.25925600 0.03652000
vt 0.26916000 0.00000000
vt 0.26916000 0.03652000
vt 0.27906400 0.00000000
vt 0.27906400 0.03652000
vt 0.28896800 0.00000000
vt 0.28896800 0.03652000
vt 0.29887200 0.00000000
vt 0.29887200 0.03652000
vt 0.30877700 0.00000000
vt 0.30877700 0.03652000
vt 0.31868100 0.00000000
vt 0.31868100 0.03652000
vt 0.32858500 0.00000000
vt 0.32858500 0.03652000
vt 0.33848900 0.00000000
vt 0.33848900 0.03652000
vt 0.34839400 0.00000000
vt 0.34839400 0.03652000
vt 0.34839400 0.01217300
vt 0.34839400 0.02434700
vt 0.18992600 0.01826000
vt 0.18992600 0.62383100
vt 0.18992600 0.62383100
vt 0.18992600 0.62383100
vt 0.18992600 0.70450200
vt 0.18992600 0.70450200
vt 0.18992600 0.70450200
vt 0.18992600 0.68433400
vt 0.18992600 0.68433400
vt 0.18992600 0.68433400
vt 0.18992600 0.68433400
vt 0.18992600 0.66416600
vt 0.18992600 0.66416600
vt 0.18992600 0.64399900
vt 0.18992600 0.64399900
vt 0.39207800 0.62383100
vt 0.39207800 0.62383100
vt 0.59423100 0.62383100
vt 0.59423100 0.62383100
vt 0.79638300 0.62383100
vt 0.79638300 0.62383100
vt 0.99853500 0.62383100
vt 0.99853500 0.62383100
vt 0.99853500 0.62383100
vt 0.99853500 0.66423800
vt 0.99853500 0.66423800
vt 0.99853500 0.70464500
vt 0.99853500 0.70464500
vt 0.99853500 0.74505100
vt 0.99853500 0.74505100
vt 0.99853500 0.74505100
vt 0.99853500 0.78545800
vt 0.99853500 0.78545800
vt 0.99853500 0.78545800
vt 0.99853500 0.78545800
vt 0.99759700 0.80398800
vt 0.99759700 0.80398800
vt 0.99759700 0.80398800
vt 0.99759700 0.80398800
vt 0.99484500 0.82198300
vt 0.99484500 0.82198300
vt 0.99484500 0.82198300
vt 0.99484500 0.82198300
vt 0.99036900 0.83935100
vt 0.99036900 0.83935100
vt 0.99036900 0.83935100
vt 0.98426000 0.85600100
vt 0.98426000 0.85600100
vt 0.98426000 0.85600100
vt 0.98426000 0.85600100
vt 0.97661100 0.87184300
vt 0.97661100 0.87184300
vt 0.97661100 0.87184300
vt 0.96751200 0.88678500
vt 0.96751200 0.88678500
vt 0.96751200 0.88678500
vt 0.96751200 0.88678500
vt 0.96751200 0.88678500
vt 0.95705500 0.90073600
vt 0.95705500 0.90073600
vt 0.95705500 0.90073600
vt 0.94533100 0.91360500
vt 0.94533100 0.91360500
vt 0.94533100 0.91360500
vt 0.93243200 0.92530100
vt 0.93243200 0.92530100
vt 0.93243200 0.92530100
vt 0.91844800 0.93573300
vt 0.91844800 0.93573300
vt 0.91844800 0.93573300
vt 0.90347100 0.94481000
vt 0.90347100 0.94481000
vt 0.90347100 0.94481000
vt 0.88759200 0.95244000
vt 0.88759200 0.95244000
vt 0.88759200 0.95244000
vt 0.87090300 0.95853400
vt 0.87090300 0.95853400
vt 0.87090300 0.95853400
vt 0.87090300 0.95853400
vt 0.85349500 0.96299900
vt 0.85349500 0.96299900
vt 0.85349500 0.96299900
vt 0.85349500 0.96299900
vt 0.83545900 0.96574500
vt 0.83545900 0.96574500
vt 0.83545900 0.96574500
vt 0.81688700 0.96668000
vt 0.81688700 0.96668000
vt 0.81688700 0.96668000
vt 0.81688700 0.96668000
vt 0.81688700 0.96668000
vt 0.76412200 0.96668000
vt 0.76412200 0.96668000
vt 0.71135800 0.96668000
vt 0.71135800 0.96668000
vt 0.65859400 0.96668000
vt 0.65859400 0.96668000
vt 0.60583000 0.96668000
vt 0.60583000 0.96668000
vt 0.60583000 0.96668000
vt 0.58809900 0.96578700
vt 0.58809900 0.96578700
vt 0.58809900 0.96578700
vt 0.57088200 0.96316600
vt 0.57088200 0.96316600
vt 0.57088200 0.96316600
vt 0.55426400 0.95890300
vt 0.55426400 0.95890300
vt 0.55426400 0.95890300
vt 0.53833200 0.95308700
vt 0.53833200 0.95308700
vt 0.53833200 0.95308700
vt 0.52317500 0.94580200
vt 0.52317500 0.94580200
vt 0.52317500 0.94580200
vt 0.50887900 0.93713800
vt 0.50887900 0.93713800
vt 0.50887900 0.93713800
vt 0.50887900 0.93713800
vt 0.49553100 0.92718000
vt 0.49553100 0.92718000
vt 0.49553100 0.92718000
vt 0.48321800 0.91601600
vt 0.48321800 0.91601600
vt 0.48321800 0.91601600
vt 0.47202700 0.90373300
vt 0.47202700 0.90373300
vt 0.47202700 0.90373300
vt 0.47202700 0.90373300
vt 0.47202700 0.90373300
vt 0.46204600 0.89041700
vt 0.46204600 0.89041700
vt 0.46204600 0.89041700
vt 0.46204600 0.89041700
vt 0.45336200 0.87615500
vt 0.45336200 0.87615500
vt 0.45336200 0.87615500
vt 0.44606100 0.86103600
vt 0.44606100 0.86103600
vt 0.44606100 0.86103600
vt 0.44606100 0.86103600
vt 0.44606100 0.86103600
vt 0.44023100 0.84514400
vt 0.44023100 0.84514400
vt 0.44023100 0.84514400
vt 0.43595800 0.82856900
vt 0.43595800 0.82856900
vt 0.43595800 0.82856900
vt 0.43595800 0.82856900
vt 0.43595800 0.82856900
vt 0.43333100 0.81139600
vt 0.43333100 0.81139600
vt 0.43333100 0.81139600
vt 0.43333100 0.81139600
vt 0.43243600 0.79371200
vt 0.43243600 0.79371200
vt 0.43243600 0.79371200
vt 0.43243600 0.79371200
vt 0.43243600 0.77140900
vt 0.43243600 0.77140900
vt 0.43243600 0.77140900
vt 0.43243600 0.77140900
vt 0.43243600 0.74910700
vt 0.43243600 0.74910700
vt 0.43243600 0.74910700
vt 0.43243600 0.72680400
vt 0.43243600 0.72680400
vt 0.43243600 0.70450200
vt 0.43243600 0.70450200
vt 0.43243600 0.70450200
vt 0.37180900 0.70450200
vt 0.37180900 0.70450200
vt 0.37180900 0.70450200
vt 0.31118100 0.70450200
vt 0.31118100 0.70450200
vt 0.31118100 0.70450200
vt 0.25055300 0.70450200
vt 0.25055300 0.70450200
vt 0.25055300 0.70450200
vt 0.91764700 0.78517200
vt 0.91764700 0.78517200
vt 0.91764700 0.78517200
vt 0.91764700 0.78517200
vt 0.91764700 0.76500400
vt 0.91764700 0.76500400
vt 0.91764700 0.76500400
vt 0.91764700 0.76500400
vt 0.91764700 0.74483700
vt 0.91764700 0.74483700
vt 0.91764700 0.74483700
vt 0.91764700 0.72466900
vt 0.91764700 0.72466900
vt 0.91764700 0.70450200
vt 0.91764700 0.70450200
vt 0.91764700 0.70450200
vt 0.81656200 0.70450200
vt 0.81656200 0.70450200
vt 0.71547600 0.70450200
vt 0.71547600 0.70450200
vt 0.61439000 0.70450200
vt 0.61439000 0.70450200
vt 0.51330500 0.70450200
vt 0.51330500 0.70450200
vt 0.51330500 0.70450200
vt 0.51330500 0.72466900
vt 0.51330500 0.72466900
vt 0.51330500 0.74483700
vt 0.51330500 0.74483700
vt 0.51330500 0.76500400
vt 0.51330500 0.76500400
vt 0.51330500 0.76500400
vt 0.51330500 0.78517200
vt 0.51330500 0.78517200
vt 0.51330500 0.78517200
vt 0.51330500 0.78517200
vt 0.51330500 0.78517200
vt 0.51384000 0.79527900
vt 0.51384000 0.79527900
vt 0.51384000 0.79527900
vt 0.51384000 0.79527900
vt 0.51540900 0.80514100
vt 0.51540900 0.80514100
vt 0.51540900 0.80514100
vt 0.51795500 0.81470100
vt 0.51795500 0.81470100
vt 0.51795500 0.81470100
vt 0.51795500 0.81470100
vt 0.52142200 0.82390300
vt 0.52142200 0.82390300
vt 0.52142200 0.82390300
vt 0.52142200 0.82390300
vt 0.52575300 0.83269200
vt 0.52575300 0.83269200
vt 0.52575300 0.83269200
vt 0.52575300 0.83269200
vt 0.53089300 0.84101100
vt 0.53089300 0.84101100
vt 0.53089300 0.84101100
vt 0.53089300 0.84101100
vt 0.53678500 0.84880300
vt 0.53678500 0.84880300
vt 0.53678500 0.84880300
vt 0.53678500 0.84880300
vt 0.54337200 0.85601400
vt 0.54337200 0.85601400
vt 0.54337200 0.85601400
vt 0.54337200 0.85601400
vt 0.55060000 0.86258600
vt 0.55060000 0.86258600
vt 0.55060000 0.86258600
vt 0.55841000 0.86846400
vt 0.55841000 0.86846400
vt 0.55841000 0.86846400
vt 0.56674800 0.87359100
vt 0.56674800 0.87359100
vt 0.56674800 0.87359100
vt 0.56674800 0.87359100
vt 0.56674800 0.87359100
vt 0.57555600 0.87791300
vt 0.57555600 0.87791300
vt 0.57555600 0.87791300
vt 0.57555600 0.87791300
vt 0.58477900 0.88137100
vt 0.58477900 0.88137100
vt 0.58477900 0.88137100
vt 0.59436000 0.88391100
vt 0.59436000 0.88391100
vt 0.59436000 0.88391100
vt 0.59436000 0.88391100
vt 0.60424300 0.88547600
vt 0.60424300 0.88547600
vt 0.60424300 0.88547600
vt 0.60424300 0.88547600
vt 0.61437100 0.88601000
vt 0.61437100 0.88601000
vt 0.61437100 0.88601000
vt 0.66492800 0.88601000
vt 0.66492800 0.88601000
vt 0.71548600 0.88601000
vt 0.71548600 0.88601000
vt 0.76604300 0.88601000
vt 0.76604300 0.88601000
vt 0.81660000 0.88601000
vt 0.81660000 0.88601000
vt 0.81660000 0.88601000
vt 0.82672800 0.88547600
vt 0.82672800 0.88547600
vt 0.82672800 0.88547600
vt 0.83661100 0.88391100
vt 0.83661100 0.88391100
vt 0.83661100 0.88391100
vt 0.84619100 0.88137100
vt 0.84619100 0.88137100
vt 0.84619100 0.88137100
vt 0.85541200 0.87791300
vt 0.85541200 0.87791300
vt 0.85541200 0.87791300
vt 0.86421900 0.87359100
vt 0.86421900 0.87359100
vt 0.86421900 0.87359100
vt 0.86421900 0.87359100
vt 0.87255500 0.86846400
vt 0.87255500 0.86846400
vt 0.87255500 0.86846400
vt 0.87255500 0.86846400
vt 0.88036400 0.86258600
vt 0.88036400 0.86258600
vt 0.88036400 0.86258600
vt 0.88036400 0.86258600
vt 0.88758900 0.85601400
vt 0.88758900 0.85601400
vt 0.88758900 0.85601400
vt 0.88758900 0.85601400
vt 0.89417500 0.84880300
vt 0.89417500 0.84880300
vt 0.89417500 0.84880300
vt 0.89417500 0.84880300
vt 0.90006500 0.84101100
vt 0.90006500 0.84101100
vt 0.90006500 0.84101100
vt 0.90520300 0.83269200
vt 0.90520300 0.83269200
vt 0.90520300 0.83269200
vt 0.90953300 0.82390300
vt 0.90953300 0.82390300
vt 0.90953300 0.82390300
vt 0.91299900 0.81470100
vt 0.91299900 0.81470100
vt 0.91299900 0.81470100
vt 0.91554400 0.80514100
vt 0.91554400 0.80514100
vt 0.91554400 0.80514100
vt 0.91554400 0.80514100
vt 0.91711200 0.79527900
vt 0.91711200 0.79527900
vt 0.91711200 0.79527900
vt 0.18992600 0.27951700
vt 0.18992600 0.27951700
vt 0.18992600 0.27951700
vt 0.18992600 0.36018800
vt 0.18992600 0.36018800
vt 0.18992600 0.36018800
vt 0.18992600 0.34002000
vt 0.18992600 0.34002000
vt 0.18992600 0.34002000
vt 0.18992600 0.34002000
vt 0.18992600 0.31985200
vt 0.18992600 0.31985200
vt 0.18992600 0.31985200
vt 0.18992600 0.29968500
vt 0.18992600 0.29968500
vt 0.39207800 0.27951700
vt 0.39207800 0.27951700
vt 0.59423100 0.27951700
vt 0.59423100 0.27951700
vt 0.79638300 0.27951700
vt 0.79638300 0.27951700
vt 0.99853500 0.27951700
vt 0.99853500 0.27951700
vt 0.99853500 0.27951700
vt 0.99853500 0.31992400
vt 0.99853500 0.31992400
vt 0.99853500 0.36033100
vt 0.99853500 0.36033100
vt 0.99853500 0.36033100
vt 0.99853500 0.40073700
vt 0.99853500 0.40073700
vt 0.99853500 0.44114400
vt 0.99853500 0.44114400
vt 0.99853500 0.44114400
vt 0.99759700 0.45967400
vt 0.99759700 0.45967400
vt 0.99759700 0.45967400
vt 0.99484500 0.47766900
vt 0.99484500 0.47766900
vt 0.99484500 0.47766900
vt 0.99484500 0.47766900
vt 0.99484500 0.47766900
vt 0.99036900 0.49503700
vt 0.99036900 0.49503700
vt 0.99036900 0.49503700
vt 0.99036900 0.49503700
vt 0.99036900 0.49503700
vt 0.98426000 0.51168700
vt 0.98426000 0.51168700
vt 0.98426000 0.51168700
vt 0.98426000 0.51168700
vt 0.98426000 0.51168700
vt 0.97661100 0.52752900
vt 0.97661100 0.52752900
vt 0.97661100 0.52752900
vt 0.96751200 0.54247100
vt 0.96751200 0.54247100
vt 0.96751200 0.54247100
vt 0.95705500 0.55642200
vt 0.95705500 0.55642200
vt 0.95705500 0.55642200
vt 0.94533100 0.56929100
vt 0.94533100 0.56929100
vt 0.94533100 0.56929100
vt 0.93243200 0.58098700
vt 0.93243200 0.58098700
vt 0.93243200 0.58098700
vt 0.93243200 0.58098700
vt 0.91844800 0.59141900
vt 0.91844800 0.59141900
vt 0.91844800 0.59141900
vt 0.91844800 0.59141900
vt 0.90347100 0.60049600
vt 0.90347100 0.60049600
vt 0.90347100 0.60049600
vt 0.88759200 0.60812600
vt 0.88759200 0.60812600
vt 0.88759200 0.60812600
vt 0.87090300 0.61422000
vt 0.87090300 0.61422000
vt 0.87090300 0.61422000
vt 0.85349500 0.61868500
vt 0.85349500 0.61868500
vt 0.85349500 0.61868500
vt 0.85349500 0.61868500
vt 0.83545900 0.62143100
vt 0.83545900 0.62143100
vt 0.83545900 0.62143100
vt 0.81688700 0.62236600
vt 0.81688700 0.62236600
vt 0.81688700 0.62236600
vt 0.81688700 0.62236600
vt 0.76412200 0.62236600
vt 0.76412200 0.62236600
vt 0.71135800 0.62236600
vt 0.71135800 0.62236600
vt 0.71135800 0.62236600
vt 0.65859400 0.62236600
vt 0.65859400 0.62236600
vt 0.65859400 0.62236600
vt 0.60583000 0.62236600
vt 0.60583000 0.62236600
vt 0.60583000 0.62236600
vt 0.58809900 0.62147300
vt 0.58809900 0.62147300
vt 0.58809900 0.62147300
vt 0.57088200 0.61885200
vt 0.57088200 0.61885200
vt 0.57088200 0.61885200
vt 0.55426400 0.61458900
vt 0.55426400 0.61458900
vt 0.55426400 0.61458900
vt 0.53833200 0.60877300
vt 0.53833200 0.60877300
vt 0.53833200 0.60877300
vt 0.52317500 0.60148800
vt 0.52317500 0.60148800
vt 0.52317500 0.60148800
vt 0.52317500 0.60148800
vt 0.50887900 0.59282400
vt 0.50887900 0.59282400
vt 0.50887900 0.59282400
vt 0.50887900 0.59282400
vt 0.50887900 0.59282400
vt 0.49553100 0.58286600
vt 0.49553100 0.58286600
vt 0.49553100 0.58286600
vt 0.48321800 0.57170200
vt 0.48321800 0.57170200
vt 0.48321800 0.57170200
vt 0.47202700 0.55941800
vt 0.47202700 0.55941800
vt 0.47202700 0.55941800
vt 0.46204600 0.54610300
vt 0.46204600 0.54610300
vt 0.46204600 0.54610300
vt 0.45336200 0.53184100
vt 0.45336200 0.53184100
vt 0.45336200 0.53184100
vt 0.44606100 0.51672200
vt 0.44606100 0.51672200
vt 0.44606100 0.51672200
vt 0.44606100 0.51672200
vt 0.44023100 0.50083000
vt 0.44023100 0.50083000
vt 0.44023100 0.50083000
vt 0.44023100 0.50083000
vt 0.43595800 0.48425500
vt 0.43595800 0.48425500
vt 0.43595800 0.48425500
vt 0.43333100 0.46708100
vt 0.43333100 0.46708100
vt 0.43333100 0.46708100
vt 0.43243600 0.44939800
vt 0.43243600 0.44939800
vt 0.43243600 0.44939800
vt 0.43243600 0.42709500
vt 0.43243600 0.42709500
vt 0.43243600 0.40479300
vt 0.43243600 0.40479300
vt 0.43243600 0.38249000
vt 0.43243600 0.38249000
vt 0.43243600 0.36018800
vt 0.43243600 0.36018800
vt 0.43243600 0.36018800
vt 0.37180900 0.36018800
vt 0.37180900 0.36018800
vt 0.37180900 0.36018800
vt 0.31118100 0.36018800
vt 0.31118100 0.36018800
vt 0.31118100 0.36018800
vt 0.25055300 0.36018800
vt 0.25055300 0.36018800
vt 0.25055300 0.36018800
vt 0.25055300 0.36018800
vt 0.91764700 0.44085800
vt 0.91764700 0.44085800
vt 0.91764700 0.44085800
vt 0.91764700 0.42069000
vt 0.91764700 0.42069000
vt 0.91764700 0.42069000
vt 0.91764700 0.40052300
vt 0.91764700 0.40052300
vt 0.91764700 0.40052300
vt 0.91764700 0.38035500
vt 0.91764700 0.38035500
vt 0.91764700 0.38035500
vt 0.91764700 0.38035500
vt 0.91764700 0.36018800
vt 0.91764700 0.36018800
vt 0.91764700 0.36018800
vt 0.91764700 0.36018800
vt 0.81656200 0.36018800
vt 0.81656200 0.36018800
vt 0.71547600 0.36018800
vt 0.71547600 0.36018800
vt 0.71547600 0.36018800
vt 0.61439000 0.36018800
vt 0.61439000 0.36018800
vt 0.61439000 0.36018800
vt 0.51330500 0.36018800
vt 0.51330500 0.36018800
vt 0.51330500 0.36018800
vt 0.51330500 0.38035500
vt 0.51330500 0.38035500
vt 0.51330500 0.38035500
vt 0.51330500 0.40052300
vt 0.51330500 0.40052300
vt 0.51330500 0.40052300
vt 0.51330500 0.42069000
vt 0.51330500 0.42069000
vt 0.51330500 0.42069000
vt 0.51330500 0.44085800
vt 0.51330500 0.44085800
vt 0.51330500 0.44085800
vt 0.51384000 0.45096500
vt 0.51384000 0.45096500
vt 0.51384000 0.45096500
vt 0.51540900 0.46082700
vt 0.51540900 0.46082700
vt 0.51540900 0.46082700
vt 0.51795500 0.47038700
vt 0.51795500 0.47038700
vt 0.51795500 0.47038700
vt 0.52142200 0.47958900
vt 0.52142200 0.47958900
vt 0.52142200 0.47958900
vt 0.52575300 0.48837800
vt 0.52575300 0.48837800
vt 0.52575300 0.48837800
vt 0.53089300 0.49669700
vt 0.53089300 0.49669700
vt 0.53089300 0.49669700
vt 0.53089300 0.49669700
vt 0.53678500 0.50448900
vt 0.53678500 0.50448900
vt 0.53678500 0.50448900
vt 0.54337200 0.51170000
vt 0.54337200 0.51170000
vt 0.54337200 0.51170000
vt 0.55060000 0.51827200
vt 0.55060000 0.51827200
vt 0.55060000 0.51827200
vt 0.55841000 0.52415000
vt 0.55841000 0.52415000
vt 0.55841000 0.52415000
vt 0.56674800 0.52927700
vt 0.56674800 0.52927700
vt 0.56674800 0.52927700
vt 0.57555600 0.53359900
vt 0.57555600 0.53359900
vt 0.57555600 0.53359900
vt 0.58477900 0.53705700
vt 0.58477900 0.53705700
vt 0.58477900 0.53705700
vt 0.59436000 0.53959700
vt 0.59436000 0.53959700
vt 0.59436000 0.53959700
vt 0.59436000 0.53959700
vt 0.60424300 0.54116200
vt 0.60424300 0.54116200
vt 0.60424300 0.54116200
vt 0.60424300 0.54116200
vt 0.60424300 0.54116200
vt 0.61437100 0.54169600
vt 0.61437100 0.54169600
vt 0.61437100 0.54169600
vt 0.66492800 0.54169600
vt 0.66492800 0.54169600
vt 0.71548600 0.54169600
vt 0.71548600 0.54169600
vt 0.71548600 0.54169600
vt 0.76604300 0.54169600
vt 0.76604300 0.54169600
vt 0.76604300 0.54169600
vt 0.81660000 0.54169600
vt 0.81660000 0.54169600
vt 0.81660000 0.54169600
vt 0.82672800 0.54116200
vt 0.82672800 0.54116200
vt 0.82672800 0.54116200
vt 0.82672800 0.54116200
vt 0.83661100 0.53959700
vt 0.83661100 0.53959700
vt 0.83661100 0.53959700
vt 0.83661100 0.53959700
vt 0.83661100 0.53959700
vt 0.84619100 0.53705700
vt 0.84619100 0.53705700
vt 0.84619100 0.53705700
vt 0.84619100 0.53705700
vt 0.85541200 0.53359900
vt 0.85541200 0.53359900
vt 0.85541200 0.53359900
vt 0.86421900 0.52927700
vt 0.86421900 0.52927700
vt 0.86421900 0.52927700
vt 0.87255500 0.52415000
vt 0.87255500 0.52415000
vt 0.87255500 0.52415000
vt 0.88036400 0.51827200
vt 0.88036400 0.51827200
vt 0.88036400 0.51827200
vt 0.88758900 0.51170000
vt 0.88758900 0.51170000
vt 0.88758900 0.51170000
vt 0.88758900 0.51170000
vt 0.89417500 0.50448900
vt 0.89417500 0.50448900
vt 0.89417500 0.50448900
vt 0.89417500 0.50448900
vt 0.90006500 0.49669700
vt 0.90006500 0.49669700
vt 0.90006500 0.49669700
vt 0.90006500 0.49669700
vt 0.90520300 0.48837800
vt 0.90520300 0.48837800
vt 0.90520300 0.48837800
vt 0.90520300 0.48837800
vt 0.90953300 0.47958900
vt 0.90953300 0.47958900
vt 0.90953300 0.47958900
vt 0.90953300 0.47958900
vt 0.91299900 0.47038700
vt 0.91299900 0.47038700
vt 0.91299900 0.47038700
vt 0.91299900 0.47038700
vt 0.91554400 0.46082700
vt 0.91554400 0.46082700
vt 0.91554400 0.46082700
vt 0.91554400 0.46082700
vt 0.91711200 0.45096500
vt 0.91711200 0.45096500
vt 0.91711200 0.45096500
f 17/17/17 10/10/10 9/9/9
f 18/18/18 11/11/11 10/10/10
f 24/24/24 17/17/17 16/16/16
f 25/25/25 18/18/18 17/17/17
f 7/7/7 9/9/9 2/2/2
f 15/15/15 16/16/16 9/9/9
f 16/16/16 15/15/15 22/22/22
f 39/39/39 40/40/40 10/10/10
f 6/6/6 39/39/39 11/11/11
f 39/39/39 10/10/10 11/11/11
f 13/13/13 11/11/11 18/18/18
f 23/23/23 22/22/22 29/29/29
f 24/24/24 23/23/23 35/35/35
f 36/36/36 24/24/24 35/35/35
f 19/19/19 18/18/18 25/25/25
f 26/26/26 25/25/25 32/32/32
f 25/25/25 24/24/24 36/36/36
f 58/58/58 51/51/51 50/50/50
f 59/59/59 52/52/52 51/51/51
f 65/65/65 58/58/58 57/57/57
f 66/66/66 59/59/59 58/58/58
f 81/81/81 44/44/44 50/50/50
f 50/50/50 49/49/49 56/56/56
f 51/51/51 81/81/81 50/50/50
f 45/45/45 78/78/78 52/52/52
f 78/78/78 51/51/51 52/52/52
f 54/54/54 52/52/52 59/59/59
f 51/51/51 78/78/78 81/81/81
f 62/62/62 64/64/64 57/57/57
f 74/74/74 65/65/65 64/64/64
f 62/62/62 70/70/70 64/64/64
f 70/70/70 74/74/74 64/64/64
f 60/60/60 59/59/59 66/66/66
f 68/68/68 66/66/66 75/75/75
f 74/74/74 75/75/75 66/66/66
f 66/66/66 65/65/65 74/74/74
f 101/101/101 94/94/94 93/93/93
f 102/102/102 95/95/95 94/94/94
f 109/109/109 101/101/101 100/100/100
f 110/110/110 102/102/102 101/101/101
f 93/93/93 83/83/83 92/92/92
f 98/98/98 100/100/100 93/93/93
f 100/100/100 98/98/98 106/106/106
f 85/85/85 83/83/83 93/93/93
f 90/90/90 85/85/85 95/95/95
f 85/85/85 94/94/94 95/95/95
f 97/97/97 95/95/95 102/102/102
f 94/94/94 85/85/85 93/93/93
f 114/114/114 108/108/108 106/106/106
f 109/109/109 108/108/108 117/117/117
f 114/114/114 117/117/117 108/108/108
f 110/110/110 109/109/109 117/117/117
f 103/103/103 102/102/102 110/110/110
f 112/112/112 110/110/110 122/122/122
f 117/117/117 122/122/122 110/110/110
f 157/157/157 123/123/123 125/125/125
f 129/129/129 130/130/130 128/128/128
f 127/127/127 128/128/128 126/126/126
f 133/133/133 134/134/134 132/132/132
f 137/137/137 138/138/138 136/136/136
f 138/138/138 137/137/137 139/139/139
f 135/135/135 136/136/136 134/134/134
f 131/131/131 132/132/132 130/130/130
f 126/126/126 124/124/124 157/157/157
f 125/125/125 126/126/126 157/157/157
f 143/143/143 144/144/144 142/142/142
f 147/147/147 148/148/148 146/146/146
f 145/145/145 146/146/146 144/144/144
f 151/151/151 152/152/152 150/150/150
f 158/158/158 153/153/153 155/155/155
f 153/153/153 154/154/154 152/152/152
f 149/149/149 150/150/150 148/148/148
f 154/154/154 153/153/153 158/158/158
f 141/141/141 142/142/142 140/140/140
f 158/158/158 156/156/156 154/154/154
f 178/178/178 170/170/170 169/169/169
f 179/179/179 171/171/171 170/170/170
f 186/186/186 178/178/178 177/177/177
f 187/187/187 179/179/179 178/178/178
f 169/169/169 161/161/161 167/167/167
f 175/175/175 177/177/177 169/169/169
f 177/177/177 175/175/175 184/184/184
f 163/163/163 161/161/161 169/169/169
f 171/171/171 166/166/166 163/163/163
f 163/163/163 170/170/170 171/171/171
f 173/173/173 171/171/171 179/179/179
f 166/166/166 171/171/171 173/173/173
f 170/170/170 163/163/163 169/169/169
f 193/193/193 185/185/185 184/184/184
f 186/186/186 185/185/185 194/194/194
f 193/193/193 194/194/194 185/185/185
f 187/187/187 186/186/186 194/194/194
f 181/181/181 179/179/179 187/187/187
f 188/188/188 187/187/187 197/197/197
f 194/194/194 197/197/197 187/187/187
f 233/233/233 199/199/199 201/201/201
f 205/205/205 206/206/206 204/204/204
f 203/203/203 204/204/204 202/202/202
f 209/209/209 210/210/210 208/208/208
f 213/213/213 214/214/214 212/212/212
f 214/214/214 213/213/213 215/215/215
f 211/211/211 212/212/212 210/210/210
f 207/207/207 208/208/208 206/206/206
f 202/202/202 200/200/200 233/233/233
f 201/201/201 202/202/202 233/233/233
f 219/219/219 220/220/220 218/218/218
f 223/223/223 224/224/224 222/222/222
f 221/221/221 222/222/222 220/220/220
f 227/227/227 228/228/228 226/226/226
f 234/234/234 229/229/229 231/231/231
f 229/229/229 230/230/230 228/228/228
f 225/225/225 226/226/226 224/224/224
f 235/235/235 229/229/229 234/234/234
f 217/217/217 218/218/218 216/216/216
f 235/235/235 232/232/232 230/230/230
f 230/230/230 229/229/229 235/235/235
f 253/253/253 245/245/245 244/244/244
f 254/254/254 246/246/246 245/245/245
f 260/260/260 253/253/253 252/252/252
f 261/261/261 254/254/254 253/253/253
f 243/243/243 244/244/244 238/238/238
f 250/250/250 252/252/252 244/244/244
f 252/252/252 250/250/250 258/258/258
f 270/270/270 273/273/273 245/245/245
f 239/239/239 270/270/270 246/246/246
f 270/270/270 245/245/245 246/246/246
f 247/247/247 246/246/246 254/254/254
f 259/259/259 258/258/258 266/266/266
f 260/260/260 259/259/259 274/274/274
f 277/277/277 260/260/260 274/274/274
f 256/256/256 254/254/254 261/261/261
f 262/262/262 261/261/261 269/269/269
f 261/261/261 260/260/260 277/277/277
f 296/296/296 288/288/288 287/287/287
f 297/297/297 289/289/289 288/288/288
f 304/304/304 296/296/296 295/295/295
f 305/305/305 297/297/297 296/296/296
f 286/286/286 287/287/287 280/280/280
f 294/294/294 295/295/295 287/287/287
f 295/295/295 294/294/294 301/301/301
f 318/318/318 320/320/320 288/288/288
f 284/284/284 318/318/318 289/289/289
f 318/318/318 288/288/288 289/289/289
f 291/291/291 289/289/289 297/297/297
f 303/303/303 301/301/301 310/310/310
f 304/304/304 303/303/303 314/314/314
f 317/317/317 304/304/304 314/314/314
f 300/300/300 297/297/297 305/305/305
f 307/307/307 305/305/305 312/312/312
f 305/305/305 304/304/304 317/317/317
f 338/338/338 331/331/331 330/330/330
f 339/339/339 332/332/332 331/331/331
f 345/345/345 338/338/338 337/337/337
f 346/346/346 339/339/339 338/338/338
f 328/328/328 330/330/330 323/323/323
f 335/335/335 337/337/337 330/330/330
f 337/337/337 335/335/335 342/342/342
f 361/361/361 363/363/363 331/331/331
f 326/326/326 361/361/361 332/332/332
f 361/361/361 331/331/331 332/332/332
f 334/334/334 332/332/332 339/339/339
f 344/344/344 342/342/342 349/349/349
f 345/345/345 344/344/344 355/355/355
f 359/359/359 345/345/345 355/355/355
f 340/340/340 339/339/339 346/346/346
f 347/347/347 346/346/346 354/354/354
f 346/346/346 345/345/345 359/359/359
f 382/382/382 374/374/374 373/373/373
f 383/383/383 375/375/375 374/374/374
f 390/390/390 382/382/382 381/381/381
f 391/391/391 383/383/383 382/382/382
f 371/371/371 373/373/373 365/365/365
f 380/380/380 381/381/381 373/373/373
f 381/381/381 380/380/380 388/388/388
f 402/402/402 404/404/404 374/374/374
f 368/368/368 402/402/402 375/375/375
f 402/402/402 374/374/374 375/375/375
f 378/378/378 375/375/375 383/383/383
f 389/389/389 388/388/388 396/396/396
f 390/390/390 389/389/389 406/406/406
f 408/408/408 390/390/390 406/406/406
f 386/386/386 383/383/383 391/391/391
f 392/392/392 391/391/391 398/398/398
f 391/391/391 390/390/390 408/408/408
f 426/426/426 419/419/419 418/418/418
f 427/427/427 420/420/420 419/419/419
f 433/433/433 426/426/426 425/425/425
f 434/434/434 427/427/427 426/426/426
f 417/417/417 418/418/418 412/412/412
f 424/424/424 425/425/425 418/418/418
f 425/425/425 424/424/424 430/430/430
f 444/444/444 446/446/446 419/419/419
f 413/413/413 444/444/444 420/420/420
f 444/444/444 419/419/419 420/420/420
f 422/422/422 420/420/420 427/427/427
f 432/432/432 430/430/430 439/439/439
f 433/433/433 432/432/432 449/449/449
f 451/451/451 433/433/433 449/449/449
f 429/429/429 427/427/427 434/434/434
f 436/436/436 434/434/434 440/440/440
f 434/434/434 433/433/433 451/451/451
f 487/487/487 452/452/452 454/454/454
f 456/456/456 457/457/457 455/455/455
f 487/487/487 454/454/454 486/486/486
f 458/458/458 459/459/459 457/457/457
f 462/462/462 463/463/463 461/461/461
f 464/464/464 465/465/465 463/463/463
f 460/460/460 461/461/461 459/459/459
f 466/466/466 467/467/467 465/465/465
f 455/455/455 453/453/453 486/486/486
f 454/454/454 455/455/455 486/486/486
f 467/467/467 466/466/466 468/468/468
f 470/470/470 471/471/471 469/469/469
f 474/474/474 475/475/475 473/473/473
f 472/472/472 473/473/473 471/471/471
f 478/478/478 479/479/479 477/477/477
f 482/482/482 483/483/483 481/481/481
f 488/488/488 482/482/482 484/484/484
f 480/480/480 481/481/481 479/479/479
f 476/476/476 477/477/477 475/475/475
f 488/488/488 485/485/485 483/483/483
f 483/483/483 482/482/482 488/488/488
f 507/507/507 500/500/500 499/499/499
f 508/508/508 501/501/501 500/500/500
f 514/514/514 507/507/507 506/506/506
f 515/515/515 508/508/508 507/507/507
f 499/499/499 491/491/491 497/497/497
f 504/504/504 506/506/506 499/499/499
f 506/506/506 504/504/504 511/511/511
f 493/493/493 491/491/491 499/499/499
f 501/501/501 495/495/495 493/493/493
f 493/493/493 500/500/500 501/501/501
f 503/503/503 501/501/501 508/508/508
f 495/495/495 501/501/501 503/503/503
f 500/500/500 493/493/493 499/499/499
f 518/518/518 513/513/513 511/511/511
f 514/514/514 513/513/513 521/521/521
f 518/518/518 521/521/521 513/513/513
f 515/515/515 514/514/514 521/521/521
f 510/510/510 508/508/508 515/515/515
f 516/516/516 515/515/515 524/524/524
f 521/521/521 524/524/524 515/515/515
f 562/562/562 526/526/526 528/528/528
f 532/532/532 533/533/533 531/531/531
f 530/530/530 531/531/531 529/529/529
f 536/536/536 537/537/537 535/535/535
f 540/540/540 541/541/541 539/539/539
f 541/541/541 540/540/540 542/542/542
f 538/538/538 539/539/539 537/537/537
f 534/534/534 535/535/535 533/533/533
f 529/529/529 527/527/527 562/562/562
f 528/528/528 529/529/529 562/562/562
f 546/546/546 547/547/547 545/545/545
f 550/550/550 551/551/551 549/549/549
f 548/548/548 549/549/549 547/547/547
f 554/554/554 555/555/555 553/553/553
f 560/560/560 556/556/556 558/558/558
f 556/556/556 557/557/557 555/555/555
f 552/552/552 553/553/553 551/551/551
f 561/561/561 556/556/556 560/560/560
f 544/544/544 545/545/545 543/543/543
f 561/561/561 559/559/559 557/557/557
f 557/557/557 556/556/556 561/561/561
f 576/576/576 563/563/563 575/575/575
f 576/576/576 575/575/575 572/572/572
f 742/742/742 572/572/572 571/571/571
f 576/576/576 572/572/572 740/740/740
f 736/736/736 576/576/576 740/740/740
f 740/740/740 572/572/572 742/742/742
f 571/571/571 567/567/567 742/742/742
f 731/731/731 768/768/768 734/734/734
f 724/724/724 772/772/772 728/728/728
f 728/728/728 769/769/769 731/731/731
f 734/734/734 576/576/576 736/736/736
f 734/734/734 765/765/765 576/576/576
f 721/721/721 777/777/777 724/724/724
f 578/578/578 576/576/576 765/765/765
f 712/712/712 789/789/789 715/715/715
f 719/719/719 715/715/715 785/785/785
f 721/721/721 781/781/781 780/780/780
f 710/710/710 792/792/792 786/786/786
f 716/716/716 786/786/786 782/782/782
f 780/780/780 777/777/777 721/721/721
f 796/796/796 791/791/791 713/713/713
f 806/806/806 705/705/705 701/701/701
f 706/706/706 705/705/705 798/798/798
f 705/705/705 800/800/800 798/798/798
f 706/706/706 798/798/798 796/796/796
f 796/796/796 713/713/713 706/706/706
f 813/813/813 701/701/701 696/696/696
f 689/689/689 821/821/821 693/693/693
f 696/696/696 693/693/693 819/819/819
f 829/829/829 686/686/686 681/681/681
f 681/681/681 677/677/677 833/833/833
f 829/829/829 689/689/689 686/686/686
f 677/677/677 674/674/674 836/836/836
f 803/803/803 704/704/704 805/805/805
f 813/813/813 696/696/696 819/819/819
f 809/809/809 701/701/701 813/813/813
f 826/826/826 689/689/689 829/829/829
f 821/821/821 689/689/689 826/826/826
f 816/816/816 691/691/691 820/820/820
f 667/667/667 664/664/664 668/668/668
f 671/671/671 668/668/668 664/664/664
f 836/836/836 674/674/674 671/671/671
f 661/661/661 836/836/836 664/664/664
f 836/836/836 671/671/671 664/664/664
f 839/839/839 834/834/834 679/679/679
f 683/683/683 831/831/831 828/828/828
f 807/807/807 699/699/699 811/811/811
f 765/765/765 762/762/762 578/578/578
f 762/762/762 759/759/759 578/578/578
f 581/581/581 578/578/578 759/759/759
f 757/757/757 581/581/581 759/759/759
f 581/581/581 757/757/757 755/755/755
f 755/755/755 586/586/586 581/581/581
f 609/609/609 880/880/880 877/877/877
f 609/609/609 877/877/877 875/875/875
f 600/600/600 899/899/899 895/895/895
f 606/606/606 891/891/891 885/885/885
f 888/888/888 601/601/601 893/893/893
f 605/605/605 884/884/884 880/880/880
f 896/896/896 596/596/596 903/903/903
f 590/590/590 753/753/753 751/751/751
f 584/584/584 581/581/581 586/586/586
f 588/588/588 586/586/586 755/755/755
f 755/755/755 753/753/753 588/588/588
f 753/753/753 590/590/590 588/588/588
f 747/747/747 590/590/590 751/751/751
f 613/613/613 606/606/606 881/881/881
f 748/748/748 744/744/744 594/594/594
f 743/743/743 901/901/901 591/591/591
f 601/601/601 595/595/595 898/898/898
f 608/608/608 599/599/599 889/889/889
f 595/595/595 591/591/591 901/901/901
f 591/591/591 590/590/590 747/747/747
f 614/614/614 612/612/612 874/874/874
f 845/845/845 843/843/843 656/656/656
f 848/848/848 845/845/845 651/651/651
f 852/852/852 850/850/850 631/631/631
f 850/850/850 848/848/848 636/636/636
f 848/848/848 651/651/651 641/641/641
f 658/658/658 840/840/840 661/661/661
f 840/840/840 836/836/836 661/661/661
f 658/658/658 843/843/843 840/840/840
f 655/655/655 649/649/649 645/645/645
f 658/658/658 656/656/656 843/843/843
f 656/656/656 651/651/651 845/845/845
f 647/647/647 643/643/643 652/652/652
f 628/628/628 856/856/856 852/852/852
f 620/620/620 866/866/866 863/863/863
f 863/863/863 858/858/858 623/623/623
f 620/620/620 616/616/616 869/869/869
f 873/873/873 868/868/868 615/615/615
f 866/866/866 620/620/620 869/869/869
f 620/620/620 863/863/863 623/623/623
f 848/848/848 641/641/641 638/638/638
f 848/848/848 638/638/638 636/636/636
f 852/852/852 631/631/631 628/628/628
f 850/850/850 636/636/636 631/631/631
f 856/856/856 628/628/628 626/626/626
f 626/626/626 623/623/623 858/858/858
f 626/626/626 858/858/858 856/856/856
f 920/920/920 917/917/917 907/907/907
f 920/920/920 915/915/915 917/917/917
f 1088/1088/1088 911/911/911 915/915/915
f 920/920/920 1083/1083/1083 915/915/915
f 1081/1081/1081 1083/1083/1083 920/920/920
f 1083/1083/1083 1088/1088/1088 915/915/915
f 911/911/911 1088/1088/1088 908/908/908
f 1076/1076/1076 1079/1079/1079 1117/1117/1117
f 1071/1071/1071 1074/1074/1074 1123/1123/1123
f 1074/1074/1074 1076/1076/1076 1122/1122/1122
f 1079/1079/1079 1081/1081/1081 920/920/920
f 1079/1079/1079 920/920/920 1115/1115/1115
f 1066/1066/1066 1071/1071/1071 1126/1126/1126
f 921/921/921 1115/1115/1115 920/920/920
f 1058/1058/1058 1064/1064/1064 1138/1138/1138
f 1066/1066/1066 1135/1135/1135 1064/1064/1064
f 1067/1067/1067 1130/1130/1130 1134/1134/1134
f 1059/1059/1059 1139/1139/1139 1143/1143/1143
f 1065/1065/1065 1134/1134/1134 1140/1140/1140
f 1132/1132/1132 1068/1068/1068 1128/1128/1128
f 1148/1148/1148 1058/1058/1058 1145/1145/1145
f 1160/1160/1160 1049/1049/1049 1053/1053/1053
f 1055/1055/1055 1150/1150/1150 1053/1053/1053
f 1051/1051/1051 1153/1153/1153 1156/1156/1156
f 1055/1055/1055 1148/1148/1148 1150/1150/1150
f 1148/1148/1148 1055/1055/1055 1058/1058/1058
f 1165/1165/1165 1047/1047/1047 1049/1049/1049
f 1038/1038/1038 1041/1041/1041 1171/1171/1171
f 1047/1047/1047 1169/1169/1169 1041/1041/1041
f 1180/1180/1180 1031/1031/1031 1035/1035/1035
f 1031/1031/1031 1184/1184/1184 1027/1027/1027
f 1181/1181/1181 1036/1036/1036 1040/1040/1040
f 1027/1027/1027 1187/1187/1187 1024/1024/1024
f 1157/1157/1157 1160/1160/1160 1053/1053/1053
f 1165/1165/1165 1169/1169/1169 1047/1047/1047
f 1162/1162/1162 1165/1165/1165 1049/1049/1049
f 1176/1176/1176 1180/1180/1180 1038/1038/1038
f 1171/1171/1171 1176/1176/1176 1038/1038/1038
f 1167/1167/1167 1173/1173/1173 1044/1044/1044
f 1012/1012/1012 1016/1016/1016 1008/1008/1008
f 1022/1022/1022 1009/1009/1009 1015/1015/1015
f 1187/1187/1187 1020/1020/1020 1024/1024/1024
f 1006/1006/1006 1008/1008/1008 1187/1187/1187
f 1187/1187/1187 1008/1008/1008 1020/1020/1020
f 1188/1188/1188 1026/1026/1026 1182/1182/1182
f 1031/1031/1031 1180/1180/1180 1184/1184/1184
f 1160/1160/1160 1162/1162/1162 1049/1049/1049
f 1115/1115/1115 921/921/921 1112/1112/1112
f 1112/1112/1112 921/921/921 1109/1109/1109
f 924/924/924 1109/1109/1109 921/921/921
f 1107/1107/1107 1109/1109/1109 924/924/924
f 924/924/924 1105/1105/1105 1107/1107/1107
f 1105/1105/1105 924/924/924 928/928/928
f 952/952/952 1233/1233/1233 1237/1237/1237
f 955/955/955 1227/1227/1227 1232/1232/1232
f 944/944/944 1247/1247/1247 1251/1251/1251
f 948/948/948 1241/1241/1241 1245/1245/1245
f 1242/1242/1242 1247/1247/1247 944/944/944
f 949/949/949 1237/1237/1237 1238/1238/1238
f 1250/1250/1250 1258/1258/1258 941/941/941
f 933/933/933 1097/1097/1097 1101/1101/1101
f 926/926/926 928/928/928 924/924/924
f 932/932/932 1105/1105/1105 928/928/928
f 1103/1103/1103 931/931/931 1099/1099/1099
f 1101/1101/1101 932/932/932 933/933/933
f 1094/1094/1094 1097/1097/1097 933/933/933
f 955/955/955 1235/1235/1235 950/950/950
f 1094/1094/1094 938/938/938 1090/1090/1090
f 1090/1090/1090 938/938/938 1255/1255/1255
f 946/946/946 1249/1249/1249 939/939/939
f 950/950/950 1242/1242/1242 944/944/944
f 939/939/939 1256/1256/1256 935/935/935
f 938/938/938 1094/1094/1094 933/933/933
f 958/958/958 1227/1227/1227 955/955/955
f 1196/1196/1196 1001/1001/1001 1192/1192/1192
f 1200/1200/1200 996/996/996 1196/1196/1196
f 1208/1208/1208 976/976/976 1204/1204/1204
f 1201/1201/1201 978/978/978 1200/1200/1200
f 1200/1200/1200 984/984/984 996/996/996
f 1003/1003/1003 1006/1006/1006 1190/1190/1190
f 1190/1190/1190 1006/1006/1006 1187/1187/1187
f 1003/1003/1003 1190/1190/1190 1192/1192/1192
f 998/998/998 989/989/989 992/992/992
f 1003/1003/1003 1192/1192/1192 1001/1001/1001
f 1001/1001/1001 1196/1196/1196 996/996/996
f 991/991/991 999/999/999 987/987/987
f 973/973/973 1206/1206/1206 1211/1211/1211
f 959/959/959 1218/1218/1218 1223/1223/1223
f 1218/1218/1218 963/963/963 1216/1216/1216
f 959/959/959 1224/1224/1224 958/958/958
f 1227/1227/1227 958/958/958 1224/1224/1224
f 1223/1223/1223 1224/1224/1224 959/959/959
f 959/959/959 963/963/963 1218/1218/1218
f 1200/1200/1200 981/981/981 984/984/984
f 1200/1200/1200 978/978/978 981/981/981
f 1209/1209/1209 970/970/970 977/977/977
f 1201/1201/1201 977/977/977 978/978/978
f 1213/1213/1213 968/968/968 970/970/970
f 967/967/967 1215/1215/1215 964/964/964
f 968/968/968 1213/1213/1213 1216/1216/1216
f 17/17/17 9/9/9 16/16/16
f 18/18/18 10/10/10 17/17/17
f 24/24/24 16/16/16 23/23/23
f 25/25/25 17/17/17 24/24/24
f 9/9/9 40/40/40 2/2/2
f 15/15/15 9/9/9 7/7/7
f 16/16/16 22/22/22 23/23/23
f 40/40/40 9/9/9 10/10/10
f 6/6/6 11/11/11 13/13/13
f 13/13/13 18/18/18 19/19/19
f 23/23/23 29/29/29 35/35/35
f 19/19/19 25/25/25 26/26/26
f 25/25/25 36/36/36 32/32/32
f 58/58/58 50/50/50 57/57/57
f 59/59/59 51/51/51 58/58/58
f 65/65/65 57/57/57 64/64/64
f 66/66/66 58/58/58 65/65/65
f 44/44/44 49/49/49 50/50/50
f 50/50/50 56/56/56 57/57/57
f 45/45/45 52/52/52 54/54/54
f 54/54/54 59/59/59 60/60/60
f 62/62/62 57/57/57 56/56/56
f 60/60/60 66/66/66 68/68/68
f 101/101/101 93/93/93 100/100/100
f 102/102/102 94/94/94 101/101/101
f 109/109/109 100/100/100 108/108/108
f 110/110/110 101/101/101 109/109/109
f 98/98/98 93/93/93 92/92/92
f 100/100/100 106/106/106 108/108/108
f 90/90/90 95/95/95 97/97/97
f 97/97/97 102/102/102 103/103/103
f 103/103/103 110/110/110 112/112/112
f 129/129/129 128/128/128 127/127/127
f 127/127/127 126/126/126 125/125/125
f 133/133/133 132/132/132 131/131/131
f 137/137/137 136/136/136 135/135/135
f 138/138/138 139/139/139 140/140/140
f 135/135/135 134/134/134 133/133/133
f 131/131/131 130/130/130 129/129/129
f 143/143/143 142/142/142 141/141/141
f 147/147/147 146/146/146 145/145/145
f 145/145/145 144/144/144 143/143/143
f 151/151/151 150/150/150 149/149/149
f 153/153/153 152/152/152 151/151/151
f 149/149/149 148/148/148 147/147/147
f 141/141/141 140/140/140 139/139/139
f 178/178/178 169/169/169 177/177/177
f 179/179/179 170/170/170 178/178/178
f 186/186/186 177/177/177 185/185/185
f 187/187/187 178/178/178 186/186/186
f 175/175/175 169/169/169 167/167/167
f 177/177/177 184/184/184 185/185/185
f 173/173/173 179/179/179 181/181/181
f 181/181/181 187/187/187 188/188/188
f 205/205/205 204/204/204 203/203/203
f 203/203/203 202/202/202 201/201/201
f 209/209/209 208/208/208 207/207/207
f 213/213/213 212/212/212 211/211/211
f 214/214/214 215/215/215 216/216/216
f 211/211/211 210/210/210 209/209/209
f 207/207/207 206/206/206 205/205/205
f 219/219/219 218/218/218 217/217/217
f 223/223/223 222/222/222 221/221/221
f 221/221/221 220/220/220 219/219/219
f 227/227/227 226/226/226 225/225/225
f 229/229/229 228/228/228 227/227/227
f 225/225/225 224/224/224 223/223/223
f 217/217/217 216/216/216 215/215/215
f 253/253/253 244/244/244 252/252/252
f 254/254/254 245/245/245 253/253/253
f 260/260/260 252/252/252 259/259/259
f 261/261/261 253/253/253 260/260/260
f 244/244/244 273/273/273 238/238/238
f 250/250/250 244/244/244 243/243/243
f 252/252/252 258/258/258 259/259/259
f 273/273/273 244/244/244 245/245/245
f 239/239/239 246/246/246 247/247/247
f 247/247/247 254/254/254 256/256/256
f 259/259/259 266/266/266 274/274/274
f 256/256/256 261/261/261 262/262/262
f 261/261/261 277/277/277 269/269/269
f 296/296/296 287/287/287 295/295/295
f 297/297/297 288/288/288 296/296/296
f 304/304/304 295/295/295 303/303/303
f 305/305/305 296/296/296 304/304/304
f 287/287/287 320/320/320 280/280/280
f 294/294/294 287/287/287 286/286/286
f 295/295/295 301/301/301 303/303/303
f 320/320/320 287/287/287 288/288/288
f 284/284/284 289/289/289 291/291/291
f 291/291/291 297/297/297 300/300/300
f 303/303/303 310/310/310 314/314/314
f 300/300/300 305/305/305 307/307/307
f 305/305/305 317/317/317 312/312/312
f 338/338/338 330/330/330 337/337/337
f 339/339/339 331/331/331 338/338/338
f 345/345/345 337/337/337 344/344/344
f 346/346/346 338/338/338 345/345/345
f 330/330/330 363/363/363 323/323/323
f 335/335/335 330/330/330 328/328/328
f 337/337/337 342/342/342 344/344/344
f 363/363/363 330/330/330 331/331/331
f 326/326/326 332/332/332 334/334/334
f 334/334/334 339/339/339 340/340/340
f 344/344/344 349/349/349 355/355/355
f 340/340/340 346/346/346 347/347/347
f 346/346/346 359/359/359 354/354/354
f 382/382/382 373/373/373 381/381/381
f 383/383/383 374/374/374 382/382/382
f 390/390/390 381/381/381 389/389/389
f 391/391/391 382/382/382 390/390/390
f 373/373/373 404/404/404 365/365/365
f 380/380/380 373/373/373 371/371/371
f 381/381/381 388/388/388 389/389/389
f 404/404/404 373/373/373 374/374/374
f 368/368/368 375/375/375 378/378/378
f 378/378/378 383/383/383 386/386/386
f 389/389/389 396/396/396 406/406/406
f 386/386/386 391/391/391 392/392/392
f 391/391/391 408/408/408 398/398/398
f 426/426/426 418/418/418 425/425/425
f 427/427/427 419/419/419 426/426/426
f 433/433/433 425/425/425 432/432/432
f 434/434/434 426/426/426 433/433/433
f 418/418/418 446/446/446 412/412/412
f 424/424/424 418/418/418 417/417/417
f 425/425/425 430/430/430 432/432/432
f 446/446/446 418/418/418 419/419/419
f 413/413/413 420/420/420 422/422/422
f 422/422/422 427/427/427 429/429/429
f 432/432/432 439/439/439 449/449/449
f 429/429/429 434/434/434 436/436/436
f 434/434/434 451/451/451 440/440/440
f 456/456/456 455/455/455 454/454/454
f 458/458/458 457/457/457 456/456/456
f 462/462/462 461/461/461 460/460/460
f 464/464/464 463/463/463 462/462/462
f 460/460/460 459/459/459 458/458/458
f 466/466/466 465/465/465 464/464/464
f 467/467/467 468/468/468 469/469/469
f 470/470/470 469/469/469 468/468/468
f 474/474/474 473/473/473 472/472/472
f 472/472/472 471/471/471 470/470/470
f 478/478/478 477/477/477 476/476/476
f 482/482/482 481/481/481 480/480/480
f 480/480/480 479/479/479 478/478/478
f 476/476/476 475/475/475 474/474/474
f 507/507/507 499/499/499 506/506/506
f 508/508/508 500/500/500 507/507/507
f 514/514/514 506/506/506 513/513/513
f 515/515/515 507/507/507 514/514/514
f 504/504/504 499/499/499 497/497/497
f 506/506/506 511/511/511 513/513/513
f 503/503/503 508/508/508 510/510/510
f 510/510/510 515/515/515 516/516/516
f 532/532/532 531/531/531 530/530/530
f 530/530/530 529/529/529 528/528/528
f 536/536/536 535/535/535 534/534/534
f 540/540/540 539/539/539 538/538/538
f 541/541/541 542/542/542 543/543/543
f 538/538/538 537/537/537 536/536/536
f 534/534/534 533/533/533 532/532/532
f 546/546/546 545/545/545 544/544/544
f 550/550/550 549/549/549 548/548/548
f 548/548/548 547/547/547 546/546/546
f 554/554/554 553/553/553 552/552/552
f 556/556/556 555/555/555 554/554/554
f 552/552/552 551/551/551 550/550/550
f 544/544/544 543/543/543 542/542/542
f 768/768/768 765/765/765 734/734/734
f 773/773/773 771/771/771 725/725/725
f 771/771/771 766/766/766 729/729/729
f 777/777/777 772/772/772 724/724/724
f 1079/1079/1079 1115/1115/1115 1117/1117/1117
f 1074/1074/1074 1122/1122/1122 1123/1123/1123
f 1076/1076/1076 1117/1117/1117 1122/1122/1122
f 1071/1071/1071 1123/1123/1123 1126/1126/1126
f 1275/1275/1275 1267/1267/1267 1268/1268/1268
f 1276/1276/1276 1268/1268/1268 1269/1269/1269
f 1282/1282/1282 1274/1274/1274 1275/1275/1275
f 1283/1283/1283 1275/1275/1275 1276/1276/1276
f 1266/1266/1266 1259/1259/1259 1267/1267/1267
f 1273/1273/1273 1267/1267/1267 1274/1274/1274
f 1274/1274/1274 1280/1280/1280 1273/1273/1273
f 1297/1297/1297 1268/1268/1268 1299/1299/1299
f 1263/1263/1263 1269/1269/1269 1297/1297/1297
f 1297/1297/1297 1269/1269/1269 1268/1268/1268
f 1270/1270/1270 1276/1276/1276 1269/1269/1269
f 1281/1281/1281 1287/1287/1287 1280/1280/1280
f 1282/1282/1282 1293/1293/1293 1281/1281/1281
f 1294/1294/1294 1293/1293/1293 1282/1282/1282
f 1277/1277/1277 1283/1283/1283 1276/1276/1276
f 1285/1285/1285 1290/1290/1290 1283/1283/1283
f 1283/1283/1283 1294/1294/1294 1282/1282/1282
f 1316/1316/1316 1308/1308/1308 1309/1309/1309
f 1317/1317/1317 1309/1309/1309 1310/1310/1310
f 1323/1323/1323 1315/1315/1315 1316/1316/1316
f 1324/1324/1324 1316/1316/1316 1317/1317/1317
f 1339/1339/1339 1308/1308/1308 1301/1301/1301
f 1308/1308/1308 1314/1314/1314 1306/1306/1306
f 1309/1309/1309 1308/1308/1308 1339/1339/1339
f 1303/1303/1303 1310/1310/1310 1336/1336/1336
f 1336/1336/1336 1310/1310/1310 1309/1309/1309
f 1312/1312/1312 1317/1317/1317 1310/1310/1310
f 1309/1309/1309 1339/1339/1339 1336/1336/1336
f 1321/1321/1321 1315/1315/1315 1322/1322/1322
f 1330/1330/1330 1322/1322/1322 1323/1323/1323
f 1321/1321/1321 1322/1322/1322 1327/1327/1327
f 1327/1327/1327 1322/1322/1322 1330/1330/1330
f 1318/1318/1318 1324/1324/1324 1317/1317/1317
f 1326/1326/1326 1335/1335/1335 1324/1324/1324
f 1330/1330/1330 1324/1324/1324 1335/1335/1335
f 1324/1324/1324 1330/1330/1330 1323/1323/1323
f 1359/1359/1359 1351/1351/1351 1352/1352/1352
f 1360/1360/1360 1352/1352/1352 1353/1353/1353
f 1367/1367/1367 1358/1358/1358 1359/1359/1359
f 1368/1368/1368 1359/1359/1359 1360/1360/1360
f 1351/1351/1351 1349/1349/1349 1341/1341/1341
f 1356/1356/1356 1351/1351/1351 1358/1358/1358
f 1358/1358/1358 1364/1364/1364 1356/1356/1356
f 1344/1344/1344 1351/1351/1351 1341/1341/1341
f 1347/1347/1347 1353/1353/1353 1344/1344/1344
f 1344/1344/1344 1353/1353/1353 1352/1352/1352
f 1354/1354/1354 1360/1360/1360 1353/1353/1353
f 1352/1352/1352 1351/1351/1351 1344/1344/1344
f 1374/1374/1374 1364/1364/1364 1366/1366/1366
f 1367/1367/1367 1375/1375/1375 1366/1366/1366
f 1374/1374/1374 1366/1366/1366 1375/1375/1375
f 1368/1368/1368 1375/1375/1375 1367/1367/1367
f 1361/1361/1361 1368/1368/1368 1360/1360/1360
f 1370/1370/1370 1378/1378/1378 1368/1368/1368
f 1375/1375/1375 1368/1368/1368 1378/1378/1378
f 1415/1415/1415 1383/1383/1383 1381/1381/1381
f 1387/1387/1387 1386/1386/1386 1388/1388/1388
f 1385/1385/1385 1384/1384/1384 1386/1386/1386
f 1391/1391/1391 1390/1390/1390 1392/1392/1392
f 1395/1395/1395 1394/1394/1394 1396/1396/1396
f 1396/1396/1396 1397/1397/1397 1395/1395/1395
f 1393/1393/1393 1392/1392/1392 1394/1394/1394
f 1389/1389/1389 1388/1388/1388 1390/1390/1390
f 1384/1384/1384 1415/1415/1415 1382/1382/1382
f 1383/1383/1383 1415/1415/1415 1384/1384/1384
f 1401/1401/1401 1400/1400/1400 1402/1402/1402
f 1405/1405/1405 1404/1404/1404 1406/1406/1406
f 1403/1403/1403 1402/1402/1402 1404/1404/1404
f 1409/1409/1409 1408/1408/1408 1410/1410/1410
f 1416/1416/1416 1413/1413/1413 1411/1411/1411
f 1411/1411/1411 1410/1410/1410 1412/1412/1412
f 1407/1407/1407 1406/1406/1406 1408/1408/1408
f 1412/1412/1412 1416/1416/1416 1411/1411/1411
f 1399/1399/1399 1398/1398/1398 1400/1400/1400
f 1416/1416/1416 1412/1412/1412 1414/1414/1414
f 1436/1436/1436 1427/1427/1427 1428/1428/1428
f 1437/1437/1437 1428/1428/1428 1429/1429/1429
f 1444/1444/1444 1435/1435/1435 1436/1436/1436
f 1445/1445/1445 1436/1436/1436 1437/1437/1437
f 1427/1427/1427 1425/1425/1425 1418/1418/1418
f 1433/1433/1433 1427/1427/1427 1435/1435/1435
f 1435/1435/1435 1442/1442/1442 1433/1433/1433
f 1421/1421/1421 1427/1427/1427 1418/1418/1418
f 1429/1429/1429 1421/1421/1421 1424/1424/1424
f 1421/1421/1421 1429/1429/1429 1428/1428/1428
f 1430/1430/1430 1437/1437/1437 1429/1429/1429
f 1424/1424/1424 1430/1430/1430 1429/1429/1429
f 1428/1428/1428 1427/1427/1427 1421/1421/1421
f 1451/1451/1451 1442/1442/1442 1443/1443/1443
f 1444/1444/1444 1452/1452/1452 1443/1443/1443
f 1451/1451/1451 1443/1443/1443 1452/1452/1452
f 1445/1445/1445 1452/1452/1452 1444/1444/1444
f 1440/1440/1440 1445/1445/1445 1437/1437/1437
f 1446/1446/1446 1456/1456/1456 1445/1445/1445
f 1452/1452/1452 1445/1445/1445 1456/1456/1456
f 1491/1491/1491 1459/1459/1459 1457/1457/1457
f 1463/1463/1463 1462/1462/1462 1464/1464/1464
f 1461/1461/1461 1460/1460/1460 1462/1462/1462
f 1467/1467/1467 1466/1466/1466 1468/1468/1468
f 1471/1471/1471 1470/1470/1470 1472/1472/1472
f 1472/1472/1472 1473/1473/1473 1471/1471/1471
f 1469/1469/1469 1468/1468/1468 1470/1470/1470
f 1465/1465/1465 1464/1464/1464 1466/1466/1466
f 1460/1460/1460 1491/1491/1491 1458/1458/1458
f 1459/1459/1459 1491/1491/1491 1460/1460/1460
f 1477/1477/1477 1476/1476/1476 1478/1478/1478
f 1481/1481/1481 1480/1480/1480 1482/1482/1482
f 1479/1479/1479 1478/1478/1478 1480/1480/1480
f 1485/1485/1485 1484/1484/1484 1486/1486/1486
f 1492/1492/1492 1489/1489/1489 1487/1487/1487
f 1487/1487/1487 1486/1486/1486 1488/1488/1488
f 1483/1483/1483 1482/1482/1482 1484/1484/1484
f 1493/1493/1493 1492/1492/1492 1487/1487/1487
f 1475/1475/1475 1474/1474/1474 1476/1476/1476
f 1493/1493/1493 1488/1488/1488 1490/1490/1490
f 1488/1488/1488 1493/1493/1493 1487/1487/1487
f 1517/1517/1517 1504/1504/1504 1507/1507/1507
f 1518/1518/1518 1507/1507/1507 1509/1509/1509
f 1524/1524/1524 1516/1516/1516 1517/1517/1517
f 1525/1525/1525 1517/1517/1517 1518/1518/1518
f 1502/1502/1502 1495/1495/1495 1505/1505/1505
f 1515/1515/1515 1504/1504/1504 1516/1516/1516
f 1516/1516/1516 1522/1522/1522 1515/1515/1515
f 1535/1535/1535 1506/1506/1506 1538/1538/1538
f 1498/1498/1498 1509/1509/1509 1534/1534/1534
f 1535/1535/1535 1508/1508/1508 1506/1506/1506
f 1511/1511/1511 1518/1518/1518 1509/1509/1509
f 1523/1523/1523 1528/1528/1528 1522/1522/1522
f 1524/1524/1524 1540/1540/1540 1523/1523/1523
f 1542/1542/1542 1540/1540/1540 1524/1524/1524
f 1519/1519/1519 1525/1525/1525 1518/1518/1518
f 1526/1526/1526 1533/1533/1533 1525/1525/1525
f 1525/1525/1525 1542/1542/1542 1524/1524/1524
f 1562/1562/1562 1553/1553/1553 1554/1554/1554
f 1563/1563/1563 1554/1554/1554 1555/1555/1555
f 1570/1570/1570 1561/1561/1561 1562/1562/1562
f 1571/1571/1571 1562/1562/1562 1563/1563/1563
f 1551/1551/1551 1547/1547/1547 1553/1553/1553
f 1559/1559/1559 1553/1553/1553 1561/1561/1561
f 1561/1561/1561 1568/1568/1568 1559/1559/1559
f 1584/1584/1584 1554/1554/1554 1587/1587/1587
f 1549/1549/1549 1555/1555/1555 1584/1584/1584
f 1584/1584/1584 1555/1555/1555 1554/1554/1554
f 1558/1558/1558 1563/1563/1563 1555/1555/1555
f 1569/1569/1569 1574/1574/1574 1568/1568/1568
f 1570/1570/1570 1581/1581/1581 1569/1569/1569
f 1583/1583/1583 1581/1581/1581 1570/1570/1570
f 1566/1566/1566 1571/1571/1571 1563/1563/1563
f 1573/1573/1573 1579/1579/1579 1571/1571/1571
f 1571/1571/1571 1583/1583/1583 1570/1570/1570
f 1604/1604/1604 1596/1596/1596 1597/1597/1597
f 1605/1605/1605 1597/1597/1597 1598/1598/1598
f 1611/1611/1611 1603/1603/1603 1604/1604/1604
f 1612/1612/1612 1604/1604/1604 1605/1605/1605
f 1594/1594/1594 1590/1590/1590 1596/1596/1596
f 1602/1602/1602 1596/1596/1596 1603/1603/1603
f 1603/1603/1603 1609/1609/1609 1602/1602/1602
f 1628/1628/1628 1597/1597/1597 1629/1629/1629
f 1592/1592/1592 1598/1598/1598 1628/1628/1628
f 1628/1628/1628 1598/1598/1598 1597/1597/1597
f 1599/1599/1599 1605/1605/1605 1598/1598/1598
f 1610/1610/1610 1617/1617/1617 1609/1609/1609
f 1611/1611/1611 1623/1623/1623 1610/1610/1610
f 1625/1625/1625 1623/1623/1623 1611/1611/1611
f 1606/1606/1606 1612/1612/1612 1605/1605/1605
f 1614/1614/1614 1618/1618/1618 1612/1612/1612
f 1612/1612/1612 1625/1625/1625 1611/1611/1611
f 1648/1648/1648 1639/1639/1639 1640/1640/1640
f 1649/1649/1649 1640/1640/1640 1641/1641/1641
f 1656/1656/1656 1647/1647/1647 1648/1648/1648
f 1657/1657/1657 1648/1648/1648 1649/1649/1649
f 1638/1638/1638 1631/1631/1631 1639/1639/1639
f 1646/1646/1646 1639/1639/1639 1647/1647/1647
f 1647/1647/1647 1653/1653/1653 1646/1646/1646
f 1666/1666/1666 1640/1640/1640 1669/1669/1669
f 1634/1634/1634 1641/1641/1641 1666/1666/1666
f 1666/1666/1666 1641/1641/1641 1640/1640/1640
f 1644/1644/1644 1649/1649/1649 1641/1641/1641
f 1655/1655/1655 1661/1661/1661 1653/1653/1653
f 1656/1656/1656 1671/1671/1671 1655/1655/1655
f 1674/1674/1674 1671/1671/1671 1656/1656/1656
f 1651/1651/1651 1657/1657/1657 1649/1649/1649
f 1658/1658/1658 1665/1665/1665 1657/1657/1657
f 1657/1657/1657 1674/1674/1674 1656/1656/1656
f 1692/1692/1692 1684/1684/1684 1685/1685/1685
f 1693/1693/1693 1685/1685/1685 1686/1686/1686
f 1699/1699/1699 1691/1691/1691 1692/1692/1692
f 1700/1700/1700 1692/1692/1692 1693/1693/1693
f 1683/1683/1683 1676/1676/1676 1684/1684/1684
f 1690/1690/1690 1684/1684/1684 1691/1691/1691
f 1691/1691/1691 1697/1697/1697 1690/1690/1690
f 1710/1710/1710 1685/1685/1685 1712/1712/1712
f 1680/1680/1680 1686/1686/1686 1710/1710/1710
f 1710/1710/1710 1686/1686/1686 1685/1685/1685
f 1688/1688/1688 1693/1693/1693 1686/1686/1686
f 1698/1698/1698 1705/1705/1705 1697/1697/1697
f 1699/1699/1699 1714/1714/1714 1698/1698/1698
f 1716/1716/1716 1714/1714/1714 1699/1699/1699
f 1694/1694/1694 1700/1700/1700 1693/1693/1693
f 1702/1702/1702 1707/1707/1707 1700/1700/1700
f 1700/1700/1700 1716/1716/1716 1699/1699/1699
f 1753/1753/1753 1720/1720/1720 1718/1718/1718
f 1722/1722/1722 1721/1721/1721 1723/1723/1723
f 1753/1753/1753 1752/1752/1752 1720/1720/1720
f 1724/1724/1724 1723/1723/1723 1725/1725/1725
f 1728/1728/1728 1727/1727/1727 1729/1729/1729
f 1730/1730/1730 1729/1729/1729 1731/1731/1731
f 1726/1726/1726 1725/1725/1725 1727/1727/1727
f 1732/1732/1732 1731/1731/1731 1733/1733/1733
f 1721/1721/1721 1752/1752/1752 1719/1719/1719
f 1720/1720/1720 1752/1752/1752 1721/1721/1721
f 1733/1733/1733 1734/1734/1734 1732/1732/1732
f 1736/1736/1736 1735/1735/1735 1737/1737/1737
f 1740/1740/1740 1739/1739/1739 1741/1741/1741
f 1738/1738/1738 1737/1737/1737 1739/1739/1739
f 1744/1744/1744 1743/1743/1743 1745/1745/1745
f 1748/1748/1748 1747/1747/1747 1749/1749/1749
f 1754/1754/1754 1750/1750/1750 1748/1748/1748
f 1746/1746/1746 1745/1745/1745 1747/1747/1747
f 1742/1742/1742 1741/1741/1741 1743/1743/1743
f 1754/1754/1754 1749/1749/1749 1751/1751/1751
f 1749/1749/1749 1754/1754/1754 1748/1748/1748
f 1773/1773/1773 1765/1765/1765 1766/1766/1766
f 1774/1774/1774 1766/1766/1766 1767/1767/1767
f 1780/1780/1780 1772/1772/1772 1773/1773/1773
f 1781/1781/1781 1773/1773/1773 1774/1774/1774
f 1765/1765/1765 1764/1764/1764 1757/1757/1757
f 1770/1770/1770 1765/1765/1765 1772/1772/1772
f 1772/1772/1772 1777/1777/1777 1770/1770/1770
f 1759/1759/1759 1765/1765/1765 1757/1757/1757
f 1767/1767/1767 1759/1759/1759 1762/1762/1762
f 1759/1759/1759 1767/1767/1767 1766/1766/1766
f 1768/1768/1768 1774/1774/1774 1767/1767/1767
f 1762/1762/1762 1768/1768/1768 1767/1767/1767
f 1766/1766/1766 1765/1765/1765 1759/1759/1759
f 1784/1784/1784 1777/1777/1777 1779/1779/1779
f 1780/1780/1780 1788/1788/1788 1779/1779/1779
f 1784/1784/1784 1779/1779/1779 1788/1788/1788
f 1781/1781/1781 1788/1788/1788 1780/1780/1780
f 1776/1776/1776 1781/1781/1781 1774/1774/1774
f 1782/1782/1782 1791/1791/1791 1781/1781/1781
f 1788/1788/1788 1781/1781/1781 1791/1791/1791
f 1828/1828/1828 1794/1794/1794 1792/1792/1792
f 1798/1798/1798 1797/1797/1797 1799/1799/1799
f 1796/1796/1796 1795/1795/1795 1797/1797/1797
f 1802/1802/1802 1801/1801/1801 1803/1803/1803
f 1806/1806/1806 1805/1805/1805 1807/1807/1807
f 1807/1807/1807 1808/1808/1808 1806/1806/1806
f 1804/1804/1804 1803/1803/1803 1805/1805/1805
f 1800/1800/1800 1799/1799/1799 1801/1801/1801
f 1795/1795/1795 1828/1828/1828 1793/1793/1793
f 1794/1794/1794 1828/1828/1828 1795/1795/1795
f 1812/1812/1812 1811/1811/1811 1813/1813/1813
f 1816/1816/1816 1815/1815/1815 1817/1817/1817
f 1814/1814/1814 1813/1813/1813 1815/1815/1815
f 1820/1820/1820 1819/1819/1819 1821/1821/1821
f 1826/1826/1826 1824/1824/1824 1822/1822/1822
f 1822/1822/1822 1821/1821/1821 1823/1823/1823
f 1818/1818/1818 1817/1817/1817 1819/1819/1819
f 1827/1827/1827 1826/1826/1826 1822/1822/1822
f 1810/1810/1810 1809/1809/1809 1811/1811/1811
f 1827/1827/1827 1823/1823/1823 1825/1825/1825
f 1823/1823/1823 1827/1827/1827 1822/1822/1822
f 1844/1844/1844 1841/1841/1841 1829/1829/1829
f 1844/1844/1844 1839/1839/1839 1841/1841/1841
f 2005/2005/2005 1835/1835/1835 1839/1839/1839
f 1844/1844/1844 2002/2002/2002 1839/1839/1839
f 2001/2001/2001 2002/2002/2002 1844/1844/1844
f 2002/2002/2002 2005/2005/2005 1839/1839/1839
f 1836/1836/1836 2007/2007/2007 1834/1834/1834
f 1995/1995/1995 1997/1997/1997 2033/2033/2033
f 1990/1990/1990 1992/1992/1992 2037/2037/2037
f 1992/1992/1992 1995/1995/1995 2035/2035/2035
f 1997/1997/1997 2001/2001/2001 1844/1844/1844
f 1997/1997/1997 1844/1844/1844 2032/2032/2032
f 1983/1983/1983 1990/1990/1990 2042/2042/2042
f 1845/1845/1845 2032/2032/2032 1844/1844/1844
f 1977/1977/1977 1982/1982/1982 2054/2054/2054
f 1983/1983/1983 2049/2049/2049 1979/1979/1979
f 1983/1983/1983 2047/2047/2047 2049/2049/2049
f 1974/1974/1974 2053/2053/2053 2057/2057/2057
f 1979/1979/1979 2049/2049/2049 2053/2053/2053
f 2045/2045/2045 1984/1984/1984 2044/2044/2044
f 2063/2063/2063 1976/1976/1976 2059/2059/2059
f 2074/2074/2074 1965/1965/1965 1969/1969/1969
f 1972/1972/1972 2067/2067/2067 1969/1969/1969
f 1968/1968/1968 2066/2066/2066 2068/2068/2068
f 1972/1972/1972 2062/2062/2062 2067/2067/2067
f 2062/2062/2062 1972/1972/1972 1974/1974/1974
f 2081/2081/2081 1961/1961/1961 1965/1965/1965
f 1951/1951/1951 1955/1955/1955 2090/2090/2090
f 1959/1959/1959 2082/2082/2082 1958/1958/1958
f 2097/2097/2097 1946/1946/1946 1949/1949/1949
f 1946/1946/1946 2101/2101/2101 1941/1941/1941
f 2097/2097/2097 1949/1949/1949 1951/1951/1951
f 1941/1941/1941 2103/2103/2103 1938/1938/1938
f 2071/2071/2071 2072/2072/2072 1966/1966/1966
f 2081/2081/2081 2086/2086/2086 1961/1961/1961
f 2078/2078/2078 2081/2081/2081 1965/1965/1965
f 2092/2092/2092 2097/2097/2097 1951/1951/1951
f 2090/2090/2090 2092/2092/2092 1951/1951/1951
f 2085/2085/2085 2089/2089/2089 1956/1956/1956
f 1929/1929/1929 1932/1932/1932 1926/1926/1926
f 1935/1935/1935 1926/1926/1926 1932/1932/1932
f 2103/2103/2103 1935/1935/1935 1938/1938/1938
f 1924/1924/1924 1926/1926/1926 2103/2103/2103
f 2103/2103/2103 1926/1926/1926 1935/1935/1935
f 2103/2103/2103 1941/1941/1941 2101/2101/2101
f 1944/1944/1944 2096/2096/2096 2100/2100/2100
f 2074/2074/2074 2078/2078/2078 1965/1965/1965
f 2032/2032/2032 1845/1845/1845 2029/2029/2029
f 2029/2029/2029 1845/1845/1845 2027/2027/2027
f 1848/1848/1848 2027/2027/2027 1845/1845/1845
f 2025/2025/2025 2027/2027/2027 1848/1848/1848
f 1848/1848/1848 2022/2022/2022 2025/2025/2025
f 2022/2022/2022 1848/1848/1848 1853/1853/1853
f 1877/1877/1877 2142/2142/2142 2148/2148/2148
f 1876/1876/1876 2138/2138/2138 2143/2143/2143
f 1867/1867/1867 2156/2156/2156 2159/2159/2159
f 1872/1872/1872 2149/2149/2149 2153/2153/2153
f 2153/2153/2153 2156/2156/2156 1867/1867/1867
f 1872/1872/1872 2148/2148/2148 2149/2149/2149
f 2159/2159/2159 2163/2163/2163 1864/1864/1864
f 1858/1858/1858 2017/2017/2017 2019/2019/2019
f 1849/1849/1849 1853/1853/1853 1848/1848/1848
f 1854/1854/1854 2022/2022/2022 1853/1853/1853
f 2022/2022/2022 1854/1854/1854 2019/2019/2019
f 2019/2019/2019 1854/1854/1854 1858/1858/1858
f 2012/2012/2012 2018/2018/2018 1857/1857/1857
f 1877/1877/1877 2148/2148/2148 1872/1872/1872
f 2014/2014/2014 1861/1861/1861 2010/2010/2010
f 2011/2011/2011 1859/1859/1859 2163/2163/2163
f 1870/1870/1870 2161/2161/2161 1863/1863/1863
f 1872/1872/1872 2153/2153/2153 1867/1867/1867
f 1864/1864/1864 2163/2163/2163 1859/1859/1859
f 1859/1859/1859 2015/2015/2015 1858/1858/1858
f 1878/1878/1878 2141/2141/2141 1877/1877/1877
f 2110/2110/2110 1921/1921/1921 2108/2108/2108
f 2113/2113/2113 1919/1919/1919 2110/2110/2110
f 2119/2119/2119 1897/1897/1897 2115/2115/2115
f 2115/2115/2115 1900/1900/1900 2113/2113/2113
f 2113/2113/2113 1904/1904/1904 1919/1919/1919
f 1923/1923/1923 1924/1924/1924 2106/2106/2106
f 2106/2106/2106 1924/1924/1924 2103/2103/2103
f 1923/1923/1923 2106/2106/2106 2108/2108/2108
f 1917/1917/1917 1910/1910/1910 1913/1913/1913
f 1923/1923/1923 2108/2108/2108 1921/1921/1921
f 1921/1921/1921 2110/2110/2110 1919/1919/1919
f 1908/1908/1908 1916/1916/1916 1905/1905/1905
f 1892/1892/1892 2119/2119/2119 2122/2122/2122
f 1883/1883/1883 2129/2129/2129 2132/2132/2132
f 2128/2128/2128 1888/1888/1888 2125/2125/2125
f 1882/1882/1882 2135/2135/2135 1878/1878/1878
f 2141/2141/2141 1878/1878/1878 2135/2135/2135
f 2130/2130/2130 2137/2137/2137 1884/1884/1884
f 1882/1882/1882 1888/1888/1888 2128/2128/2128
f 2113/2113/2113 1903/1903/1903 1904/1904/1904
f 2113/2113/2113 1900/1900/1900 1903/1903/1903
f 2119/2119/2119 1892/1892/1892 1897/1897/1897
f 2115/2115/2115 1897/1897/1897 1900/1900/1900
f 2122/2122/2122 1891/1891/1891 1892/1892/1892
f 1891/1891/1891 2125/2125/2125 1888/1888/1888
f 1891/1891/1891 2122/2122/2122 2125/2125/2125
f 2180/2180/2180 2167/2167/2167 2179/2179/2179
f 2180/2180/2180 2179/2179/2179 2177/2177/2177
f 2338/2338/2338 2177/2177/2177 2172/2172/2172
f 2180/2180/2180 2177/2177/2177 2335/2335/2335
f 2332/2332/2332 2180/2180/2180 2335/2335/2335
f 2335/2335/2335 2177/2177/2177 2338/2338/2338
f 2171/2171/2171 2170/2170/2170 2337/2337/2337
f 2326/2326/2326 2368/2368/2368 2328/2328/2328
f 2322/2322/2322 2374/2374/2374 2324/2324/2324
f 2324/2324/2324 2372/2372/2372 2326/2326/2326
f 2328/2328/2328 2180/2180/2180 2332/2332/2332
f 2328/2328/2328 2366/2366/2366 2180/2180/2180
f 2320/2320/2320 2378/2378/2378 2322/2322/2322
f 2183/2183/2183 2180/2180/2180 2366/2366/2366
f 2312/2312/2312 2387/2387/2387 2315/2315/2315
f 2320/2320/2320 2315/2315/2315 2383/2383/2383
f 2320/2320/2320 2383/2383/2383 2380/2380/2380
f 2312/2312/2312 2390/2390/2390 2387/2387/2387
f 2315/2315/2315 2387/2387/2387 2383/2383/2383
f 2380/2380/2380 2378/2378/2378 2320/2320/2320
f 2394/2394/2394 2390/2390/2390 2312/2312/2312
f 2404/2404/2404 2304/2304/2304 2301/2301/2301
f 2311/2311/2311 2306/2306/2306 2398/2398/2398
f 2304/2304/2304 2400/2400/2400 2396/2396/2396
f 2309/2309/2309 2396/2396/2396 2394/2394/2394
f 2394/2394/2394 2312/2312/2312 2309/2309/2309
f 2408/2408/2408 2301/2301/2301 2298/2298/2298
f 2292/2292/2292 2414/2414/2414 2296/2296/2296
f 2298/2298/2298 2296/2296/2296 2412/2412/2412
f 2423/2423/2423 2289/2289/2289 2288/2288/2288
f 2284/2284/2284 2281/2281/2281 2425/2425/2425
f 2423/2423/2423 2292/2292/2292 2289/2289/2289
f 2280/2280/2280 2279/2279/2279 2431/2431/2431
f 2400/2400/2400 2304/2304/2304 2404/2404/2404
f 2408/2408/2408 2298/2298/2298 2412/2412/2412
f 2406/2406/2406 2301/2301/2301 2408/2408/2408
f 2418/2418/2418 2292/2292/2292 2423/2423/2423
f 2414/2414/2414 2292/2292/2292 2418/2418/2418
f 2412/2412/2412 2296/2296/2296 2414/2414/2414
f 2269/2269/2269 2265/2265/2265 2272/2272/2272
f 2275/2275/2275 2272/2272/2272 2265/2265/2265
f 2431/2431/2431 2279/2279/2279 2275/2275/2275
f 2264/2264/2264 2431/2431/2431 2265/2265/2265
f 2431/2431/2431 2275/2275/2275 2265/2265/2265
f 2431/2431/2431 2427/2427/2427 2280/2280/2280
f 2286/2286/2286 2424/2424/2424 2420/2420/2420
f 2404/2404/2404 2301/2301/2301 2406/2406/2406
f 2366/2366/2366 2364/2364/2364 2183/2183/2183
f 2364/2364/2364 2360/2360/2360 2183/2183/2183
f 2184/2184/2184 2183/2183/2183 2360/2360/2360
f 2357/2357/2357 2184/2184/2184 2360/2360/2360
f 2184/2184/2184 2357/2357/2357 2353/2353/2353
f 2353/2353/2353 2189/2189/2189 2184/2184/2184
f 2212/2212/2212 2476/2476/2476 2474/2474/2474
f 2215/2215/2215 2475/2475/2475 2470/2470/2470
f 2204/2204/2204 2492/2492/2492 2489/2489/2489
f 2210/2210/2210 2484/2484/2484 2482/2482/2482
f 2484/2484/2484 2203/2203/2203 2491/2491/2491
f 2208/2208/2208 2483/2483/2483 2477/2477/2477
f 2493/2493/2493 2199/2199/2199 2497/2497/2497
f 2194/2194/2194 2352/2352/2352 2346/2346/2346
f 2187/2187/2187 2184/2184/2184 2189/2189/2189
f 2192/2192/2192 2189/2189/2189 2353/2353/2353
f 2355/2355/2355 2350/2350/2350 2193/2193/2193
f 2352/2352/2352 2194/2194/2194 2192/2192/2192
f 2344/2344/2344 2194/2194/2194 2346/2346/2346
f 2216/2216/2216 2208/2208/2208 2477/2477/2477
f 2344/2344/2344 2342/2342/2342 2198/2198/2198
f 2342/2342/2342 2497/2497/2497 2198/2198/2198
f 2202/2202/2202 2199/2199/2199 2493/2493/2493
f 2207/2207/2207 2204/2204/2204 2485/2485/2485
f 2199/2199/2199 2198/2198/2198 2497/2497/2497
f 2198/2198/2198 2194/2194/2194 2344/2344/2344
f 2219/2219/2219 2216/2216/2216 2468/2468/2468
f 2438/2438/2438 2436/2436/2436 2258/2258/2258
f 2442/2442/2442 2438/2438/2438 2255/2255/2255
f 2451/2451/2451 2446/2446/2446 2236/2236/2236
f 2444/2444/2444 2442/2442/2442 2239/2239/2239
f 2442/2442/2442 2255/2255/2255 2244/2244/2244
f 2259/2259/2259 2433/2433/2433 2264/2264/2264
f 2433/2433/2433 2431/2431/2431 2264/2264/2264
f 2259/2259/2259 2436/2436/2436 2433/2433/2433
f 2254/2254/2254 2251/2251/2251 2249/2249/2249
f 2259/2259/2259 2258/2258/2258 2436/2436/2436
f 2258/2258/2258 2255/2255/2255 2438/2438/2438
f 2246/2246/2246 2244/2244/2244 2255/2255/2255
f 2229/2229/2229 2453/2453/2453 2448/2448/2448
f 2221/2221/2221 2462/2462/2462 2459/2459/2459
f 2459/2459/2459 2458/2458/2458 2225/2225/2225
f 2221/2221/2221 2219/2219/2219 2466/2466/2466
f 2468/2468/2468 2466/2466/2466 2219/2219/2219
f 2462/2462/2462 2221/2221/2221 2466/2466/2466
f 2221/2221/2221 2459/2459/2459 2225/2225/2225
f 2442/2442/2442 2244/2244/2244 2241/2241/2241
f 2442/2442/2442 2241/2241/2241 2239/2239/2239
f 2449/2449/2449 2233/2233/2233 2232/2232/2232
f 2444/2444/2444 2239/2239/2239 2233/2233/2233
f 2452/2452/2452 2232/2232/2232 2228/2228/2228
f 2228/2228/2228 2225/2225/2225 2458/2458/2458
f 2228/2228/2228 2458/2458/2458 2452/2452/2452
f 1275/1275/1275 1274/1274/1274 1267/1267/1267
f 1276/1276/1276 1275/1275/1275 1268/1268/1268
f 1282/1282/1282 1281/1281/1281 1274/1274/1274
f 1283/1283/1283 1282/1282/1282 1275/1275/1275
f 1267/1267/1267 1259/1259/1259 1299/1299/1299
f 1273/1273/1273 1266/1266/1266 1267/1267/1267
f 1274/1274/1274 1281/1281/1281 1280/1280/1280
f 1299/1299/1299 1268/1268/1268 1267/1267/1267
f 1263/1263/1263 1270/1270/1270 1269/1269/1269
f 1270/1270/1270 1277/1277/1277 1276/1276/1276
f 1281/1281/1281 1293/1293/1293 1287/1287/1287
f 1277/1277/1277 1285/1285/1285 1283/1283/1283
f 1283/1283/1283 1290/1290/1290 1294/1294/1294
f 1316/1316/1316 1315/1315/1315 1308/1308/1308
f 1317/1317/1317 1316/1316/1316 1309/1309/1309
f 1323/1323/1323 1322/1322/1322 1315/1315/1315
f 1324/1324/1324 1323/1323/1323 1316/1316/1316
f 1301/1301/1301 1308/1308/1308 1306/1306/1306
f 1308/1308/1308 1315/1315/1315 1314/1314/1314
f 1303/1303/1303 1312/1312/1312 1310/1310/1310
f 1312/1312/1312 1318/1318/1318 1317/1317/1317
f 1321/1321/1321 1314/1314/1314 1315/1315/1315
f 1318/1318/1318 1326/1326/1326 1324/1324/1324
f 1359/1359/1359 1358/1358/1358 1351/1351/1351
f 1360/1360/1360 1359/1359/1359 1352/1352/1352
f 1367/1367/1367 1366/1366/1366 1358/1358/1358
f 1368/1368/1368 1367/1367/1367 1359/1359/1359
f 1356/1356/1356 1349/1349/1349 1351/1351/1351
f 1358/1358/1358 1366/1366/1366 1364/1364/1364
f 1347/1347/1347 1354/1354/1354 1353/1353/1353
f 1354/1354/1354 1361/1361/1361 1360/1360/1360
f 1361/1361/1361 1370/1370/1370 1368/1368/1368
f 1387/1387/1387 1385/1385/1385 1386/1386/1386
f 1385/1385/1385 1383/1383/1383 1384/1384/1384
f 1391/1391/1391 1389/1389/1389 1390/1390/1390
f 1395/1395/1395 1393/1393/1393 1394/1394/1394
f 1396/1396/1396 1398/1398/1398 1397/1397/1397
f 1393/1393/1393 1391/1391/1391 1392/1392/1392
f 1389/1389/1389 1387/1387/1387 1388/1388/1388
f 1401/1401/1401 1399/1399/1399 1400/1400/1400
f 1405/1405/1405 1403/1403/1403 1404/1404/1404
f 1403/1403/1403 1401/1401/1401 1402/1402/1402
f 1409/1409/1409 1407/1407/1407 1408/1408/1408
f 1411/1411/1411 1409/1409/1409 1410/1410/1410
f 1407/1407/1407 1405/1405/1405 1406/1406/1406
f 1399/1399/1399 1397/1397/1397 1398/1398/1398
f 1436/1436/1436 1435/1435/1435 1427/1427/1427
f 1437/1437/1437 1436/1436/1436 1428/1428/1428
f 1444/1444/1444 1443/1443/1443 1435/1435/1435
f 1445/1445/1445 1444/1444/1444 1436/1436/1436
f 1433/1433/1433 1425/1425/1425 1427/1427/1427
f 1435/1435/1435 1443/1443/1443 1442/1442/1442
f 1430/1430/1430 1440/1440/1440 1437/1437/1437
f 1440/1440/1440 1446/1446/1446 1445/1445/1445
f 1463/1463/1463 1461/1461/1461 1462/1462/1462
f 1461/1461/1461 1459/1459/1459 1460/1460/1460
f 1467/1467/1467 1465/1465/1465 1466/1466/1466
f 1471/1471/1471 1469/1469/1469 1470/1470/1470
f 1472/1472/1472 1474/1474/1474 1473/1473/1473
f 1469/1469/1469 1467/1467/1467 1468/1468/1468
f 1465/1465/1465 1463/1463/1463 1464/1464/1464
f 1477/1477/1477 1475/1475/1475 1476/1476/1476
f 1481/1481/1481 1479/1479/1479 1480/1480/1480
f 1479/1479/1479 1477/1477/1477 1478/1478/1478
f 1485/1485/1485 1483/1483/1483 1484/1484/1484
f 1487/1487/1487 1485/1485/1485 1486/1486/1486
f 1483/1483/1483 1481/1481/1481 1482/1482/1482
f 1475/1475/1475 1473/1473/1473 1474/1474/1474
f 1517/1517/1517 1516/1516/1516 1504/1504/1504
f 1518/1518/1518 1517/1517/1517 1507/1507/1507
f 1524/1524/1524 1523/1523/1523 1516/1516/1516
f 1525/1525/1525 1524/1524/1524 1517/1517/1517
f 1505/1505/1505 1495/1495/1495 1538/1538/1538
f 1515/1515/1515 1501/1501/1501 1504/1504/1504
f 1516/1516/1516 1523/1523/1523 1522/1522/1522
f 1539/1539/1539 1507/1507/1507 1504/1504/1504
f 1497/1497/1497 1510/1510/1510 1508/1508/1508
f 1511/1511/1511 1519/1519/1519 1518/1518/1518
f 1523/1523/1523 1540/1540/1540 1528/1528/1528
f 1519/1519/1519 1526/1526/1526 1525/1525/1525
f 1525/1525/1525 1533/1533/1533 1542/1542/1542
f 1562/1562/1562 1561/1561/1561 1553/1553/1553
f 1563/1563/1563 1562/1562/1562 1554/1554/1554
f 1570/1570/1570 1569/1569/1569 1561/1561/1561
f 1571/1571/1571 1570/1570/1570 1562/1562/1562
f 1553/1553/1553 1547/1547/1547 1587/1587/1587
f 1559/1559/1559 1551/1551/1551 1553/1553/1553
f 1561/1561/1561 1569/1569/1569 1568/1568/1568
f 1587/1587/1587 1554/1554/1554 1553/1553/1553
f 1549/1549/1549 1558/1558/1558 1555/1555/1555
f 1558/1558/1558 1566/1566/1566 1563/1563/1563
f 1569/1569/1569 1581/1581/1581 1574/1574/1574
f 1566/1566/1566 1573/1573/1573 1571/1571/1571
f 1571/1571/1571 1579/1579/1579 1583/1583/1583
f 1604/1604/1604 1603/1603/1603 1596/1596/1596
f 1605/1605/1605 1604/1604/1604 1597/1597/1597
f 1611/1611/1611 1610/1610/1610 1603/1603/1603
f 1612/1612/1612 1611/1611/1611 1604/1604/1604
f 1596/1596/1596 1590/1590/1590 1629/1629/1629
f 1602/1602/1602 1594/1594/1594 1596/1596/1596
f 1603/1603/1603 1610/1610/1610 1609/1609/1609
f 1629/1629/1629 1597/1597/1597 1596/1596/1596
f 1592/1592/1592 1599/1599/1599 1598/1598/1598
f 1599/1599/1599 1606/1606/1606 1605/1605/1605
f 1610/1610/1610 1623/1623/1623 1617/1617/1617
f 1606/1606/1606 1614/1614/1614 1612/1612/1612
f 1612/1612/1612 1618/1618/1618 1625/1625/1625
f 1648/1648/1648 1647/1647/1647 1639/1639/1639
f 1649/1649/1649 1648/1648/1648 1640/1640/1640
f 1656/1656/1656 1655/1655/1655 1647/1647/1647
f 1657/1657/1657 1656/1656/1656 1648/1648/1648
f 1639/1639/1639 1631/1631/1631 1669/1669/1669
f 1646/1646/1646 1638/1638/1638 1639/1639/1639
f 1647/1647/1647 1655/1655/1655 1653/1653/1653
f 1669/1669/1669 1640/1640/1640 1639/1639/1639
f 1634/1634/1634 1644/1644/1644 1641/1641/1641
f 1644/1644/1644 1651/1651/1651 1649/1649/1649
f 1655/1655/1655 1671/1671/1671 1661/1661/1661
f 1651/1651/1651 1658/1658/1658 1657/1657/1657
f 1657/1657/1657 1665/1665/1665 1674/1674/1674
f 1692/1692/1692 1691/1691/1691 1684/1684/1684
f 1693/1693/1693 1692/1692/1692 1685/1685/1685
f 1699/1699/1699 1698/1698/1698 1691/1691/1691
f 1700/1700/1700 1699/1699/1699 1692/1692/1692
f 1684/1684/1684 1676/1676/1676 1712/1712/1712
f 1690/1690/1690 1683/1683/1683 1684/1684/1684
f 1691/1691/1691 1698/1698/1698 1697/1697/1697
f 1712/1712/1712 1685/1685/1685 1684/1684/1684
f 1680/1680/1680 1688/1688/1688 1686/1686/1686
f 1688/1688/1688 1694/1694/1694 1693/1693/1693
f 1698/1698/1698 1714/1714/1714 1705/1705/1705
f 1694/1694/1694 1702/1702/1702 1700/1700/1700
f 1700/1700/1700 1707/1707/1707 1716/1716/1716
f 1722/1722/1722 1720/1720/1720 1721/1721/1721
f 1724/1724/1724 1722/1722/1722 1723/1723/1723
f 1728/1728/1728 1726/1726/1726 1727/1727/1727
f 1730/1730/1730 1728/1728/1728 1729/1729/1729
f 1726/1726/1726 1724/1724/1724 1725/1725/1725
f 1732/1732/1732 1730/1730/1730 1731/1731/1731
f 1733/1733/1733 1735/1735/1735 1734/1734/1734
f 1736/1736/1736 1734/1734/1734 1735/1735/1735
f 1740/1740/1740 1738/1738/1738 1739/1739/1739
f 1738/1738/1738 1736/1736/1736 1737/1737/1737
f 1744/1744/1744 1742/1742/1742 1743/1743/1743
f 1748/1748/1748 1746/1746/1746 1747/1747/1747
f 1746/1746/1746 1744/1744/1744 1745/1745/1745
f 1742/1742/1742 1740/1740/1740 1741/1741/1741
f 1773/1773/1773 1772/1772/1772 1765/1765/1765
f 1774/1774/1774 1773/1773/1773 1766/1766/1766
f 1780/1780/1780 1779/1779/1779 1772/1772/1772
f 1781/1781/1781 1780/1780/1780 1773/1773/1773
f 1770/1770/1770 1764/1764/1764 1765/1765/1765
f 1772/1772/1772 1779/1779/1779 1777/1777/1777
f 1768/1768/1768 1776/1776/1776 1774/1774/1774
f 1776/1776/1776 1782/1782/1782 1781/1781/1781
f 1798/1798/1798 1796/1796/1796 1797/1797/1797
f 1796/1796/1796 1794/1794/1794 1795/1795/1795
f 1802/1802/1802 1800/1800/1800 1801/1801/1801
f 1806/1806/1806 1804/1804/1804 1805/1805/1805
f 1807/1807/1807 1809/1809/1809 1808/1808/1808
f 1804/1804/1804 1802/1802/1802 1803/1803/1803
f 1800/1800/1800 1798/1798/1798 1799/1799/1799
f 1812/1812/1812 1810/1810/1810 1811/1811/1811
f 1816/1816/1816 1814/1814/1814 1815/1815/1815
f 1814/1814/1814 1812/1812/1812 1813/1813/1813
f 1820/1820/1820 1818/1818/1818 1819/1819/1819
f 1822/1822/1822 1820/1820/1820 1821/1821/1821
f 1818/1818/1818 1816/1816/1816 1817/1817/1817
f 1810/1810/1810 1808/1808/1808 1809/1809/1809
f 2033/2033/2033 1997/1997/1997 2032/2032/2032
f 2037/2037/2037 1992/1992/1992 2035/2035/2035
f 2035/2035/2035 1995/1995/1995 2033/2033/2033
f 2040/2040/2040 1987/1987/1987 2039/2039/2039
f 2328/2328/2328 2368/2368/2368 2366/2366/2366
f 2324/2324/2324 2374/2374/2374 2372/2372/2372
f 2326/2326/2326 2372/2372/2372 2368/2368/2368
f 2322/2322/2322 2378/2378/2378 2374/2374/2374
f 8/8/8 3/3/3 1261/1261/1261
f 1261/1261/1261 1265/1265/1265 8/8/8
f 969/969/969 962/962/962 2224/2224/2224
f 2224/2224/2224 2226/2226/2226 969/969/969
f 1042/1042/1042 1037/1037/1037 2293/2293/2293
f 2293/2293/2293 2295/2295/2295 1042/1042/1042
f 27/27/27 33/33/33 1291/1291/1291
f 1291/1291/1291 1284/1284/1284 27/27/27
f 1092/1092/1092 1091/1091/1091 2340/2340/2340
f 2340/2340/2340 2343/2343/2343 1092/1092/1092
f 1/1/1 41/41/41 1298/1298/1298
f 1298/1298/1298 1260/1260/1260 1/1/1
f 468/468/468 466/466/466 1732/1732/1732
f 1732/1732/1732 1734/1734/1734 468/468/468
f 717/717/717 720/720/720 1986/1986/1986
f 1986/1986/1986 1981/1981/1981 717/717/717
f 484/484/484 482/482/482 1748/1748/1748
f 1748/1748/1748 1750/1750/1750 484/484/484
f 99/99/99 91/91/91 1350/1350/1350
f 1350/1350/1350 1357/1357/1357 99/99/99
f 121/121/121 119/119/119 1377/1377/1377
f 1377/1377/1377 1379/1379/1379 121/121/121
f 551/551/551 553/553/553 1819/1819/1819
f 1819/1819/1819 1817/1817/1817 551/551/551
f 139/139/139 137/137/137 1395/1395/1395
f 1395/1395/1395 1397/1397/1397 139/139/139
f 532/532/532 530/530/530 1796/1796/1796
f 1796/1796/1796 1798/1798/1798 532/532/532
f 155/155/155 153/153/153 1411/1411/1411
f 1411/1411/1411 1413/1413/1413 155/155/155
f 483/483/483 485/485/485 1751/1751/1751
f 1751/1751/1751 1749/1749/1749 483/483/483
f 482/482/482 480/480/480 1746/1746/1746
f 1746/1746/1746 1748/1748/1748 482/482/482
f 204/204/204 206/206/206 1464/1464/1464
f 1464/1464/1464 1462/1462/1462 204/204/204
f 220/220/220 222/222/222 1480/1480/1480
f 1480/1480/1480 1478/1478/1478 220/220/220
f 242/242/242 236/236/236 1494/1494/1494
f 1494/1494/1494 1503/1503/1503 242/242/242
f 435/435/435 442/442/442 1706/1706/1706
f 1706/1706/1706 1701/1701/1701 435/435/435
f 263/263/263 267/267/267 1532/1532/1532
f 1532/1532/1532 1527/1527/1527 263/263/263
f 630/630/630 633/633/633 1895/1895/1895
f 1895/1895/1895 1894/1894/1894 630/630/630
f 237/237/237 272/272/272 1537/1537/1537
f 1537/1537/1537 1496/1496/1496 237/237/237
f 817/817/817 823/823/823 2087/2087/2087
f 2087/2087/2087 2084/2084/2084 817/817/817
f 867/867/867 871/871/871 2139/2139/2139
f 2139/2139/2139 2136/2136/2136 867/867/867
f 1023/1023/1023 1021/1021/1021 2276/2276/2276
f 2276/2276/2276 2277/2277/2277 1023/1023/1023
f 927/927/927 923/923/923 2185/2185/2185
f 2185/2185/2185 2186/2186/2186 927/927/927
f 982/982/982 979/979/979 2237/2237/2237
f 2237/2237/2237 2242/2242/2242 982/982/982
f 384/384/384 393/393/393 1659/1659/1659
f 1659/1659/1659 1650/1650/1650 384/384/384
f 695/695/695 698/698/698 1963/1963/1963
f 1963/1963/1963 1962/1962/1962 695/695/695
f 761/761/761 763/763/763 2030/2030/2030
f 2030/2030/2030 2028/2028/2028 761/761/761
f 1045/1045/1045 1043/1043/1043 2297/2297/2297
f 2297/2297/2297 2300/2300/2300 1045/1045/1045
f 34/34/34 30/30/30 1288/1288/1288
f 1288/1288/1288 1292/1292/1292 34/34/34
f 1096/1096/1096 1093/1093/1093 2345/2345/2345
f 2345/2345/2345 2348/2348/2348 1096/1096/1096
f 38/38/38 5/5/5 1262/1262/1262
f 1262/1262/1262 1296/1296/1296 38/38/38
f 1151/1151/1151 1147/1147/1147 2393/2393/2393
f 2393/2393/2393 2397/2397/2397 1151/1151/1151
f 529/529/529 531/531/531 1797/1797/1797
f 1797/1797/1797 1795/1795/1795 529/529/529
f 1205/1205/1205 1203/1203/1203 2443/2443/2443
f 2443/2443/2443 2450/2450/2450 1205/1205/1205
f 512/512/512 505/505/505 1771/1771/1771
f 1771/1771/1771 1778/1778/1778 512/512/512
f 138/138/138 140/140/140 1398/1398/1398
f 1398/1398/1398 1396/1396/1396 138/138/138
f 545/545/545 547/547/547 1813/1813/1813
f 1813/1813/1813 1811/1811/1811 545/545/545
f 154/154/154 156/156/156 1414/1414/1414
f 1414/1414/1414 1412/1412/1412 154/154/154
f 603/603/603 604/604/604 1871/1871/1871
f 1871/1871/1871 1868/1868/1868 603/603/603
f 207/207/207 205/205/205 1463/1463/1463
f 1463/1463/1463 1465/1465/1465 207/207/207
f 659/659/659 660/660/660 1925/1925/1925
f 1925/1925/1925 1922/1922/1922 659/659/659
f 223/223/223 221/221/221 1479/1479/1479
f 1479/1479/1479 1481/1481/1481 223/223/223
f 133/133/133 131/131/131 1389/1389/1389
f 1389/1389/1389 1391/1391/1391 133/133/133
f 129/129/129 127/127/127 1385/1385/1385
f 1385/1385/1385 1387/1387/1387 129/129/129
f 709/709/709 714/714/714 1980/1980/1980
f 1980/1980/1980 1975/1975/1975 709/709/709
f 241/241/241 249/249/249 1513/1513/1513
f 1513/1513/1513 1500/1500/1500 241/241/241
f 1007/1007/1007 1004/1004/1004 2261/2261/2261
f 2261/2261/2261 2263/2263/2263 1007/1007/1007
f 505/505/505 498/498/498 1763/1763/1763
f 1763/1763/1763 1771/1771/1771 505/505/505
f 760/760/760 761/761/761 2028/2028/2028
f 2028/2028/2028 2026/2026/2026 760/760/760
f 271/271/271 240/240/240 1499/1499/1499
f 1499/1499/1499 1536/1536/1536 271/271/271
f 275/275/275 265/265/265 1529/1529/1529
f 1529/1529/1529 1541/1541/1541 275/275/275
f 872/872/872 878/878/878 2145/2145/2145
f 2145/2145/2145 2140/2140/2140 872/872/872
f 814/814/814 818/818/818 2083/2083/2083
f 2083/2083/2083 2080/2080/2080 814/814/814
f 750/750/750 752/752/752 2020/2020/2020
f 2020/2020/2020 2016/2016/2016 750/750/750
f 865/865/865 870/870/870 2134/2134/2134
f 2134/2134/2134 2133/2133/2133 865/865/865
f 692/692/692 697/697/697 1960/1960/1960
f 1960/1960/1960 1957/1957/1957 692/692/692
f 360/360/360 357/357/357 1621/1621/1621
f 1621/1621/1621 1624/1624/1624 360/360/360
f 980/980/980 974/974/974 2234/2234/2234
f 2234/2234/2234 2238/2238/2238 980/980/980
f 395/395/395 387/387/387 1654/1654/1654
f 1654/1654/1654 1660/1660/1660 395/395/395
f 1034/1034/1034 1030/1030/1030 2285/2285/2285
f 2285/2285/2285 2291/2291/2291 1034/1034/1034
f 14/14/14 8/8/8 1265/1265/1265
f 1265/1265/1265 1272/1272/1272 14/14/14
f 431/431/431 423/423/423 1689/1689/1689
f 1689/1689/1689 1696/1696/1696 431/431/431
f 1087/1087/1087 1085/1085/1085 2334/2334/2334
f 2334/2334/2334 2336/2336/2336 1087/1087/1087
f 31/31/31 37/37/37 1295/1295/1295
f 1295/1295/1295 1289/1289/1289 31/31/31
f 454/454/454 452/452/452 1718/1718/1718
f 1718/1718/1718 1720/1720/1720 454/454/454
f 453/453/453 455/455/455 1721/1721/1721
f 1721/1721/1721 1719/1719/1719 453/453/453
f 1142/1142/1142 1137/1137/1137 2385/2385/2385
f 2385/2385/2385 2386/2386/2386 1142/1142/1142
f 470/470/470 468/468/468 1734/1734/1734
f 1734/1734/1734 1736/1736/1736 470/470/470
f 61/61/61 67/67/67 1325/1325/1325
f 1325/1325/1325 1319/1319/1319 61/61/61
f 1195/1195/1195 1193/1193/1193 2434/2434/2434
f 2434/2434/2434 2439/2439/2439 1195/1195/1195
f 452/452/452 487/487/487 1753/1753/1753
f 1753/1753/1753 1718/1718/1718 452/452/452
f 315/315/315 309/309/309 1575/1575/1575
f 1575/1575/1575 1580/1580/1580 315/315/315
f 459/459/459 461/461/461 1727/1727/1727
f 1727/1727/1727 1725/1725/1725 459/459/459
f 1257/1257/1257 1252/1252/1252 2495/2495/2495
f 2495/2495/2495 2496/2496/2496 1257/1257/1257
f 125/125/125 123/123/123 1381/1381/1381
f 1381/1381/1381 1383/1383/1383 125/125/125
f 672/672/672 675/675/675 1940/1940/1940
f 1940/1940/1940 1936/1936/1936 672/672/672
f 534/534/534 532/532/532 1798/1798/1798
f 1798/1798/1798 1800/1800/1800 534/534/534
f 123/123/123 157/157/157 1415/1415/1415
f 1415/1415/1415 1381/1381/1381 123/123/123
f 158/158/158 155/155/155 1413/1413/1413
f 1413/1413/1413 1416/1416/1416 158/158/158
f 145/145/145 143/143/143 1401/1401/1401
f 1401/1401/1401 1403/1403/1403 145/145/145
f 568/568/568 569/569/569 1837/1837/1837
f 1837/1837/1837 1832/1832/1832 568/568/568
f 180/180/180 190/190/190 1448/1448/1448
f 1448/1448/1448 1438/1438/1438 180/180/180
f 1202/1202/1202 1198/1198/1198 2441/2441/2441
f 2441/2441/2441 2445/2445/2445 1202/1202/1202
f 206/206/206 208/208/208 1466/1466/1466
f 1466/1466/1466 1464/1464/1464 206/206/206
f 929/929/929 925/925/925 2188/2188/2188
f 2188/2188/2188 2190/2190/2190 929/929/929
f 1002/1002/1002 1000/1000/1000 2257/2257/2257
f 2257/2257/2257 2260/2260/2260 1002/1002/1002
f 222/222/222 224/224/224 1482/1482/1482
f 1482/1482/1482 1480/1480/1480 222/222/222
f 539/539/539 541/541/541 1807/1807/1807
f 1807/1807/1807 1805/1805/1805 539/539/539
f 722/722/722 726/726/726 1993/1993/1993
f 1993/1993/1993 1989/1989/1989 722/722/722
f 251/251/251 242/242/242 1503/1503/1503
f 1503/1503/1503 1514/1514/1514 251/251/251
f 741/741/741 566/566/566 1833/1833/1833
f 1833/1833/1833 2006/2006/2006 741/741/741
f 767/767/767 770/770/770 2036/2036/2036
f 2036/2036/2036 2034/2034/2034 767/767/767
f 624/624/624 625/625/625 1890/1890/1890
f 1890/1890/1890 1887/1887/1887 624/624/624
f 824/824/824 830/830/830 2094/2094/2094
f 2094/2094/2094 2093/2093/2093 824/824/824
f 298/298/298 306/306/306 1572/1572/1572
f 1572/1572/1572 1564/1564/1564 298/298/298
f 876/876/876 879/879/879 2147/2147/2147
f 2147/2147/2147 2144/2144/2144 876/876/876
f 469/469/469 471/471/471 1737/1737/1737
f 1737/1737/1737 1735/1735/1735 469/469/469
f 988/988/988 986/986/986 2243/2243/2243
f 2243/2243/2243 2248/2248/2248 988/988/988
f 1039/1039/1039 1033/1033/1033 2290/2290/2290
f 2290/2290/2290 2294/2294/2294 1039/1039/1039
f 37/37/37 34/34/34 1292/1292/1292
f 1292/1292/1292 1295/1295/1295 37/37/37
f 1144/1144/1144 1141/1141/1141 2388/2388/2388
f 2388/2388/2388 2391/2391/2391 1144/1144/1144
f 69/69/69 63/63/63 1320/1320/1320
f 1320/1320/1320 1329/1329/1329 69/69/69
f 1199/1199/1199 1197/1197/1197 2437/2437/2437
f 2437/2437/2437 2440/2440/2440 1199/1199/1199
f 124/124/124 126/126/126 1384/1384/1384
f 1384/1384/1384 1382/1382/1382 124/124/124
f 1111/1111/1111 1110/1110/1110 2361/2361/2361
f 2361/2361/2361 2363/2363/2363 1111/1111/1111
f 140/140/140 142/142/142 1400/1400/1400
f 1400/1400/1400 1398/1398/1398 140/140/140
f 1194/1194/1194 1191/1191/1191 2432/2432/2432
f 2432/2432/2432 2435/2435/2435 1194/1194/1194
f 157/157/157 124/124/124 1382/1382/1382
f 1382/1382/1382 1415/1415/1415 157/157/157
f 156/156/156 158/158/158 1416/1416/1416
f 1416/1416/1416 1414/1414/1414 156/156/156
f 574/574/574 564/564/564 1831/1831/1831
f 1831/1831/1831 1842/1842/1842 574/574/574
f 565/565/565 577/577/577 1843/1843/1843
f 1843/1843/1843 1830/1830/1830 565/565/565
f 192/192/192 183/183/183 1441/1441/1441
f 1441/1441/1441 1449/1449/1449 192/192/192
f 610/610/610 618/618/618 1880/1880/1880
f 1880/1880/1880 1874/1874/1874 610/610/610
f 209/209/209 207/207/207 1465/1465/1465
f 1465/1465/1465 1467/1467/1467 209/209/209
f 527/527/527 529/529/529 1795/1795/1795
f 1795/1795/1795 1793/1793/1793 527/527/527
f 663/663/663 665/665/665 1931/1931/1931
f 1931/1931/1931 1927/1927/1927 663/663/663
f 718/718/718 723/723/723 1988/1988/1988
f 1988/1988/1988 1985/1985/1985 718/718/718
f 764/764/764 767/767/767 2034/2034/2034
f 2034/2034/2034 2031/2031/2031 764/764/764
f 272/272/272 271/271/271 1536/1536/1536
f 1536/1536/1536 1537/1537/1537 272/272/272
f 822/822/822 825/825/825 2091/2091/2091
f 2091/2091/2091 2088/2088/2088 822/822/822
f 308/308/308 302/302/302 1567/1567/1567
f 1567/1567/1567 1576/1576/1576 308/308/308
f 141/141/141 139/139/139 1397/1397/1397
f 1397/1397/1397 1399/1399/1399 141/141/141
f 364/364/364 362/362/362 1627/1627/1627
f 1627/1627/1627 1630/1630/1630 364/364/364
f 985/985/985 983/983/983 2240/2240/2240
f 2240/2240/2240 2245/2245/2245 985/985/985
f 1057/1057/1057 1052/1052/1052 2305/2305/2305
f 2305/2305/2305 2308/2308/2308 1057/1057/1057
f 1106/1106/1106 1104/1104/1104 2354/2354/2354
f 2354/2354/2354 2358/2358/2358 1106/1106/1106
f 1161/1161/1161 1158/1158/1158 2403/2403/2403
f 2403/2403/2403 2405/2405/2405 1161/1161/1161
f 1253/1253/1253 1248/1248/1248 2488/2488/2488
f 2488/2488/2488 2494/2494/2494 1253/1253/1253
f 1219/1219/1219 1217/1217/1217 2456/2456/2456
f 2456/2456/2456 2461/2461/2461 1219/1219/1219
f 96/96/96 104/104/104 1362/1362/1362
f 1362/1362/1362 1355/1355/1355 96/96/96
f 519/519/519 512/512/512 1778/1778/1778
f 1778/1778/1778 1785/1785/1785 519/519/519
f 536/536/536 534/534/534 1800/1800/1800
f 1800/1800/1800 1802/1802/1802 536/536/536
f 552/552/552 550/550/550 1816/1816/1816
f 1816/1816/1816 1818/1818/1818 552/552/552
f 421/421/421 428/428/428 1695/1695/1695
f 1695/1695/1695 1687/1687/1687 421/421/421
f 573/573/573 574/574/574 1842/1842/1842
f 1842/1842/1842 1840/1840/1840 573/573/573
f 208/208/208 210/210/210 1468/1468/1468
f 1468/1468/1468 1466/1466/1466 208/208/208
f 224/224/224 226/226/226 1484/1484/1484
f 1484/1484/1484 1482/1482/1482 224/224/224
f 463/463/463 465/465/465 1731/1731/1731
f 1731/1731/1731 1729/1729/1729 463/463/463
f 730/730/730 733/733/733 1998/1998/1998
f 1998/1998/1998 1994/1994/1994 730/730/730
f 448/448/448 437/437/437 1703/1703/1703
f 1703/1703/1703 1715/1715/1715 448/448/448
f 441/441/441 450/450/450 1717/1717/1717
f 1717/1717/1717 1708/1708/1708 441/441/441
f 886/886/886 887/887/887 2154/2154/2154
f 2154/2154/2154 2150/2150/2150 886/886/886
f 333/333/333 341/341/341 1607/1607/1607
f 1607/1607/1607 1600/1600/1600 333/333/333
f 936/936/936 934/934/934 2195/2195/2195
f 2195/2195/2195 2196/2196/2196 936/936/936
f 997/997/997 993/993/993 2252/2252/2252
f 2252/2252/2252 2256/2256/2256 997/997/997
f 1159/1159/1159 1155/1155/1155 2399/2399/2399
f 2399/2399/2399 2402/2402/2402 1159/1159/1159
f 41/41/41 38/38/38 1296/1296/1296
f 1296/1296/1296 1298/1298/1298 41/41/41
f 1108/1108/1108 1106/1106/1106 2358/2358/2358
f 2358/2358/2358 2359/2359/2359 1108/1108/1108
f 541/541/541 543/543/543 1809/1809/1809
f 1809/1809/1809 1807/1807/1807 541/541/541
f 838/838/838 841/841/841 2105/2105/2105
f 2105/2105/2105 2104/2104/2104 838/838/838
f 4/4/4 12/12/12 1271/1271/1271
f 1271/1271/1271 1264/1264/1264 4/4/4
f 1166/1166/1166 1163/1163/1163 2407/2407/2407
f 2407/2407/2407 2409/2409/2409 1166/1166/1166
f 774/774/774 775/775/775 2041/2041/2041
f 2041/2041/2041 2038/2038/2038 774/774/774
f 486/486/486 453/453/453 1719/1719/1719
f 1719/1719/1719 1752/1752/1752 486/486/486
f 485/485/485 488/488/488 1754/1754/1754
f 1754/1754/1754 1751/1751/1751 485/485/485
f 1222/1222/1222 1220/1220/1220 2460/2460/2460
f 2460/2460/2460 2464/2464/2464 1222/1222/1222
f 107/107/107 99/99/99 1357/1357/1357
f 1357/1357/1357 1365/1365/1365 107/107/107
f 657/657/657 659/659/659 1922/1922/1922
f 1922/1922/1922 1920/1920/1920 657/657/657
f 126/126/126 128/128/128 1386/1386/1386
f 1386/1386/1386 1384/1384/1384 126/126/126
f 509/509/509 517/517/517 1783/1783/1783
f 1783/1783/1783 1775/1775/1775 509/509/509
f 142/142/142 144/144/144 1402/1402/1402
f 1402/1402/1402 1400/1400/1400 142/142/142
f 533/533/533 535/535/535 1801/1801/1801
f 1801/1801/1801 1799/1799/1799 533/533/533
f 549/549/549 551/551/551 1817/1817/1817
f 1817/1817/1817 1815/1815/1815 549/549/549
f 570/570/570 573/573/573 1840/1840/1840
f 1840/1840/1840 1838/1838/1838 570/570/570
f 464/464/464 462/462/462 1728/1728/1728
f 1728/1728/1728 1730/1730/1730 464/464/464
f 621/621/621 622/622/622 1886/1886/1886
f 1886/1886/1886 1885/1885/1885 621/621/621
f 211/211/211 209/209/209 1467/1467/1467
f 1467/1467/1467 1469/1469/1469 211/211/211
f 669/669/669 673/673/673 1937/1937/1937
f 1937/1937/1937 1934/1934/1934 669/669/669
f 227/227/227 225/225/225 1483/1483/1483
f 1483/1483/1483 1485/1485/1485 227/227/227
f 727/727/727 730/730/730 1994/1994/1994
f 1994/1994/1994 1991/1991/1991 727/727/727
f 278/278/278 275/275/275 1541/1541/1541
f 1541/1541/1541 1543/1543/1543 278/278/278
f 827/827/827 832/832/832 2098/2098/2098
f 2098/2098/2098 2095/2095/2095 827/827/827
f 882/882/882 883/883/883 2151/2151/2151
f 2151/2151/2151 2146/2146/2146 882/882/882
f 343/343/343 336/336/336 1601/1601/1601
f 1601/1601/1601 1608/1608/1608 343/343/343
f 934/934/934 930/930/930 2191/2191/2191
f 2191/2191/2191 2195/2195/2195 934/934/934
f 372/372/372 367/367/367 1632/1632/1632
f 1632/1632/1632 1637/1637/1637 372/372/372
f 994/994/994 990/990/990 2247/2247/2247
f 2247/2247/2247 2250/2250/2250 994/994/994
f 393/393/393 399/399/399 1663/1663/1663
f 1663/1663/1663 1659/1659/1659 393/393/393
f 366/366/366 403/403/403 1670/1670/1670
f 1670/1670/1670 1633/1633/1633 366/366/366
f 835/835/835 837/837/837 2102/2102/2102
f 2102/2102/2102 2099/2099/2099 835/835/835
f 428/428/428 435/435/435 1701/1701/1701
f 1701/1701/1701 1695/1695/1695 428/428/428
f 1098/1098/1098 1095/1095/1095 2347/2347/2347
f 2347/2347/2347 2351/2351/2351 1098/1098/1098
f 1154/1154/1154 1152/1152/1152 2395/2395/2395
f 2395/2395/2395 2401/2401/2401 1154/1154/1154
f 1212/1212/1212 1207/1207/1207 2447/2447/2447
f 2447/2447/2447 2454/2454/2454 1212/1212/1212
f 457/457/457 459/459/459 1725/1725/1725
f 1725/1725/1725 1723/1723/1723 457/457/457
f 480/480/480 478/478/478 1744/1744/1744
f 1744/1744/1744 1746/1746/1746 480/480/480
f 475/475/475 477/477/477 1743/1743/1743
f 1743/1743/1743 1741/1741/1741 475/475/475
f 356/356/356 351/351/351 1615/1615/1615
f 1615/1615/1615 1622/1622/1622 356/356/356
f 160/160/160 162/162/162 1420/1420/1420
f 1420/1420/1420 1417/1417/1417 160/160/160
f 168/168/168 159/159/159 1419/1419/1419
f 1419/1419/1419 1426/1426/1426 168/168/168
f 577/577/577 579/579/579 1846/1846/1846
f 1846/1846/1846 1843/1843/1843 577/577/577
f 225/225/225 223/223/223 1481/1481/1481
f 1481/1481/1481 1483/1483/1483 225/225/225
f 210/210/210 212/212/212 1470/1470/1470
f 1470/1470/1470 1468/1468/1468 210/210/210
f 226/226/226 228/228/228 1486/1486/1486
f 1486/1486/1486 1484/1484/1484 226/226/226
f 149/149/149 147/147/147 1405/1405/1405
f 1405/1405/1405 1407/1407/1407 149/149/149
f 538/538/538 536/536/536 1802/1802/1802
f 1802/1802/1802 1804/1804/1804 538/538/538
f 598/598/598 602/602/602 1869/1869/1869
f 1869/1869/1869 1865/1865/1865 598/598/598
f 248/248/248 255/255/255 1520/1520/1520
f 1520/1520/1520 1512/1512/1512 248/248/248
f 555/555/555 557/557/557 1823/1823/1823
f 1823/1823/1823 1821/1821/1821 555/555/555
f 778/778/778 783/783/783 2051/2051/2051
f 2051/2051/2051 2048/2048/2048 778/778/778
f 841/841/841 842/842/842 2107/2107/2107
f 2107/2107/2107 2105/2105/2105 841/841/841
f 894/894/894 897/897/897 2160/2160/2160
f 2160/2160/2160 2155/2155/2155 894/894/894
f 758/758/758 760/760/760 2026/2026/2026
f 2026/2026/2026 2024/2024/2024 758/758/758
f 945/945/945 940/940/940 2201/2201/2201
f 2201/2201/2201 2205/2205/2205 945/945/945
f 369/369/369 377/377/377 1643/1643/1643
f 1643/1643/1643 1635/1635/1635 369/369/369
f 634/634/634 637/637/637 1901/1901/1901
f 1901/1901/1901 1899/1899/1899 634/634/634
f 401/401/401 370/370/370 1636/1636/1636
f 1636/1636/1636 1667/1667/1667 401/401/401
f 405/405/405 394/394/394 1662/1662/1662
f 1662/1662/1662 1672/1672/1672 405/405/405
f 1054/1054/1054 1050/1050/1050 2303/2303/2303
f 2303/2303/2303 2307/2307/2307 1054/1054/1054
f 21/21/21 14/14/14 1272/1272/1272
f 1272/1272/1272 1279/1279/1279 21/21/21
f 550/550/550 548/548/548 1814/1814/1814
f 1814/1814/1814 1816/1816/1816 550/550/550
f 1102/1102/1102 1100/1100/1100 2349/2349/2349
f 2349/2349/2349 2356/2356/2356 1102/1102/1102
f 455/455/455 457/457/457 1723/1723/1723
f 1723/1723/1723 1721/1721/1721 455/455/455
f 48/48/48 42/42/42 1302/1302/1302
f 1302/1302/1302 1307/1307/1307 48/48/48
f 473/473/473 475/475/475 1741/1741/1741
f 1741/1741/1741 1739/1739/1739 473/473/473
f 471/471/471 473/473/473 1739/1739/1739
f 1739/1739/1739 1737/1737/1737 471/471/471
f 67/67/67 76/76/76 1333/1333/1333
f 1333/1333/1333 1325/1325/1325 67/67/67
f 43/43/43 80/80/80 1338/1338/1338
f 1338/1338/1338 1300/1300/1300 43/43/43
f 458/458/458 456/456/456 1722/1722/1722
f 1722/1722/1722 1724/1724/1724 458/458/458
f 1214/1214/1214 1210/1210/1210 2455/2455/2455
f 2455/2455/2455 2457/2457/2457 1214/1214/1214
f 313/313/313 316/316/316 1582/1582/1582
f 1582/1582/1582 1577/1577/1577 313/313/313
f 128/128/128 130/130/130 1388/1388/1388
f 1388/1388/1388 1386/1386/1386 128/128/128
f 144/144/144 146/146/146 1404/1404/1404
f 1404/1404/1404 1402/1402/1402 144/144/144
f 162/162/162 165/165/165 1422/1422/1422
f 1422/1422/1422 1420/1420/1420 162/162/162
f 189/189/189 196/196/196 1454/1454/1454
f 1454/1454/1454 1447/1447/1447 189/189/189
f 127/127/127 125/125/125 1383/1383/1383
f 1383/1383/1383 1385/1385/1385 127/127/127
f 1124/1124/1124 1120/1120/1120 2371/2371/2371
f 2371/2371/2371 2375/2375/2375 1124/1124/1124
f 488/488/488 484/484/484 1750/1750/1750
f 1750/1750/1750 1754/1754/1754 488/488/488
f 627/627/627 629/629/629 1893/1893/1893
f 1893/1893/1893 1889/1889/1889 627/627/627
f 213/213/213 211/211/211 1469/1469/1469
f 1469/1469/1469 1471/1471/1471 213/213/213
f 676/676/676 678/678/678 1943/1943/1943
f 1943/1943/1943 1939/1939/1939 676/676/676
f 229/229/229 227/227/227 1485/1485/1485
f 1485/1485/1485 1487/1487/1487 229/229/229
f 543/543/543 545/545/545 1811/1811/1811
f 1811/1811/1811 1809/1809/1809 543/543/543
f 732/732/732 735/735/735 2000/2000/2000
f 2000/2000/2000 1996/1996/1996 732/732/732
f 257/257/257 251/251/251 1514/1514/1514
f 1514/1514/1514 1521/1521/1521 257/257/257
f 776/776/776 779/779/779 2046/2046/2046
f 2046/2046/2046 2043/2043/2043 776/776/776
f 285/285/285 279/279/279 1546/1546/1546
f 1546/1546/1546 1552/1552/1552 285/285/285
f 685/685/685 688/688/688 1952/1952/1952
f 1952/1952/1952 1950/1950/1950 685/685/685
f 306/306/306 311/311/311 1578/1578/1578
f 1578/1578/1578 1572/1572/1572 306/306/306
f 890/890/890 892/892/892 2157/2157/2157
f 2157/2157/2157 2152/2152/2152 890/890/890
f 942/942/942 937/937/937 2197/2197/2197
f 2197/2197/2197 2200/2200/2200 942/942/942
f 379/379/379 372/372/372 1637/1637/1637
f 1637/1637/1637 1645/1645/1645 379/379/379
f 1000/1000/1000 995/995/995 2253/2253/2253
f 2253/2253/2253 2257/2257/2257 1000/1000/1000
f 397/397/397 409/409/409 1675/1675/1675
f 1675/1675/1675 1664/1664/1664 397/397/397
f 460/460/460 458/458/458 1724/1724/1724
f 1724/1724/1724 1726/1726/1726 460/460/460
f 46/46/46 53/53/53 1311/1311/1311
f 1311/1311/1311 1304/1304/1304 46/46/46
f 72/72/72 71/71/71 1328/1328/1328
f 1328/1328/1328 1331/1331/1331 72/72/72
f 79/79/79 47/47/47 1305/1305/1305
f 1305/1305/1305 1337/1337/1337 79/79/79
f 492/492/492 496/496/496 1761/1761/1761
f 1761/1761/1761 1758/1758/1758 492/492/492
f 650/650/650 653/653/653 1915/1915/1915
f 1915/1915/1915 1912/1912/1912 650/650/650
f 474/474/474 472/472/472 1738/1738/1738
f 1738/1738/1738 1740/1740/1740 474/474/474
f 131/131/131 129/129/129 1387/1387/1387
f 1387/1387/1387 1389/1389/1389 131/131/131
f 517/517/517 523/523/523 1789/1789/1789
f 1789/1789/1789 1783/1783/1783 517/517/517
f 143/143/143 141/141/141 1399/1399/1399
f 1399/1399/1399 1401/1401/1401 143/143/143
f 540/540/540 538/538/538 1804/1804/1804
f 1804/1804/1804 1806/1806/1806 540/540/540
f 556/556/556 554/554/554 1820/1820/1820
f 1820/1820/1820 1822/1822/1822 556/556/556
f 164/164/164 172/172/172 1432/1432/1432
f 1432/1432/1432 1423/1423/1423 164/164/164
f 923/923/923 922/922/922 2182/2182/2182
f 2182/2182/2182 2185/2185/2185 923/923/923
f 1072/1072/1072 1069/1069/1069 2318/2318/2318
f 2318/2318/2318 2321/2321/2321 1072/1072/1072
f 195/195/195 191/191/191 1450/1450/1450
f 1450/1450/1450 1453/1453/1453 195/195/195
f 580/580/580 583/583/583 1851/1851/1851
f 1851/1851/1851 1847/1847/1847 580/580/580
f 862/862/862 864/864/864 2131/2131/2131
f 2131/2131/2131 2126/2126/2126 862/862/862
f 212/212/212 214/214/214 1472/1472/1472
f 1472/1472/1472 1470/1470/1470 212/212/212
f 531/531/531 533/533/533 1799/1799/1799
f 1799/1799/1799 1797/1797/1797 531/531/531
f 228/228/228 230/230/230 1488/1488/1488
f 1488/1488/1488 1486/1486/1486 228/228/228
f 788/788/788 793/793/793 2056/2056/2056
f 2056/2056/2056 2052/2052/2052 788/788/788
f 282/282/282 292/292/292 1556/1556/1556
f 1556/1556/1556 1548/1548/1548 282/282/282
f 844/844/844 846/846/846 2112/2112/2112
f 2112/2112/2112 2109/2109/2109 844/844/844
f 319/319/319 283/283/283 1550/1550/1550
f 1550/1550/1550 1585/1585/1585 319/319/319
f 467/467/467 469/469/469 1735/1735/1735
f 1735/1735/1735 1733/1733/1733 467/467/467
f 450/450/450 448/448/448 1715/1715/1715
f 1715/1715/1715 1717/1717/1717 450/450/450
f 954/954/954 947/947/947 2209/2209/2209
f 2209/2209/2209 2213/2213/2213 954/954/954
f 403/403/403 400/400/400 1668/1668/1668
f 1668/1668/1668 1670/1670/1670 403/403/403
f 1010/1010/1010 1005/1005/1005 2262/2262/2262
f 2262/2262/2262 2266/2266/2266 1010/1010/1010
f 1149/1149/1149 1146/1146/1146 2389/2389/2389
f 2389/2389/2389 2392/2392/2392 1149/1149/1149
f 1073/1073/1073 1072/1072/1072 2321/2321/2321
f 2321/2321/2321 2323/2323/2323 1073/1073/1073
f 438/438/438 431/431/431 1696/1696/1696
f 1696/1696/1696 1704/1704/1704 438/438/438
f 910/910/910 1086/1086/1086 2339/2339/2339
f 2339/2339/2339 2169/2169/2169 910/910/910
f 1121/1121/1121 1118/1118/1118 2370/2370/2370
f 2370/2370/2370 2373/2373/2373 1121/1121/1121
f 55/55/55 48/48/48 1307/1307/1307
f 1307/1307/1307 1313/1313/1313 55/55/55
f 1084/1084/1084 1082/1082/1082 2331/2331/2331
f 2331/2331/2331 2333/2333/2333 1084/1084/1084
f 77/77/77 73/73/73 1332/1332/1332
f 1332/1332/1332 1334/1334/1334 77/77/77
f 607/607/607 611/611/611 1875/1875/1875
f 1875/1875/1875 1873/1873/1873 607/607/607
f 80/80/80 79/79/79 1337/1337/1337
f 1337/1337/1337 1338/1338/1338 80/80/80
f 489/489/489 492/492/492 1758/1758/1758
f 1758/1758/1758 1755/1755/1755 489/489/489
f 498/498/498 490/490/490 1756/1756/1756
f 1756/1756/1756 1763/1763/1763 498/498/498
f 105/105/105 113/113/113 1369/1369/1369
f 1369/1369/1369 1363/1363/1363 105/105/105
f 1119/1119/1119 1116/1116/1116 2367/2367/2367
f 2367/2367/2367 2369/2369/2369 1119/1119/1119
f 130/130/130 132/132/132 1390/1390/1390
f 1390/1390/1390 1388/1388/1388 130/130/130
f 1060/1060/1060 1056/1056/1056 2310/2310/2310
f 2310/2310/2310 2313/2313/2313 1060/1060/1060
f 922/922/922 919/919/919 2181/2181/2181
f 2181/2181/2181 2182/2182/2182 922/922/922
f 146/146/146 148/148/148 1406/1406/1406
f 1406/1406/1406 1404/1404/1404 146/146/146
f 1089/1089/1089 1254/1254/1254 2498/2498/2498
f 2498/2498/2498 2341/2341/2341 1089/1089/1089
f 176/176/176 168/168/168 1426/1426/1426
f 1426/1426/1426 1434/1434/1434 176/176/176
f 592/592/592 597/597/597 1866/1866/1866
f 1866/1866/1866 1860/1860/1860 592/592/592
f 666/666/666 670/670/670 1933/1933/1933
f 1933/1933/1933 1930/1930/1930 666/666/666
f 198/198/198 195/195/195 1453/1453/1453
f 1453/1453/1453 1455/1455/1455 198/198/198
f 632/632/632 635/635/635 1898/1898/1898
f 1898/1898/1898 1896/1896/1896 632/632/632
f 215/215/215 213/213/213 1471/1471/1471
f 1471/1471/1471 1473/1473/1473 215/215/215
f 537/537/537 539/539/539 1805/1805/1805
f 1805/1805/1805 1803/1803/1803 537/537/537
f 682/682/682 687/687/687 1948/1948/1948
f 1948/1948/1948 1945/1945/1945 682/682/682
f 231/231/231 229/229/229 1487/1487/1487
f 1487/1487/1487 1489/1489/1489 231/231/231
f 738/738/738 741/741/741 2006/2006/2006
f 2006/2006/2006 2004/2004/2004 738/738/738
f 784/784/784 787/787/787 2055/2055/2055
f 2055/2055/2055 2050/2050/2050 784/784/784
f 293/293/293 285/285/285 1552/1552/1552
f 1552/1552/1552 1560/1560/1560 293/293/293
f 842/842/842 844/844/844 2109/2109/2109
f 2109/2109/2109 2107/2107/2107 842/842/842
f 900/900/900 904/904/904 2162/2162/2162
f 2162/2162/2162 2158/2158/2158 900/900/900
f 341/341/341 348/348/348 1613/1613/1613
f 1613/1613/1613 1607/1607/1607 341/341/341
f 951/951/951 943/943/943 2206/2206/2206
f 2206/2206/2206 2211/2211/2211 951/951/951
f 137/137/137 135/135/135 1393/1393/1393
f 1393/1393/1393 1395/1395/1395 137/137/137
f 1062/1062/1062 1061/1061/1061 2314/2314/2314
f 2314/2314/2314 2316/2316/2316 1062/1062/1062
f 1177/1177/1177 1174/1174/1174 2415/2415/2415
f 2415/2415/2415 2417/2417/2417 1177/1177/1177
f 462/462/462 460/460/460 1726/1726/1726
f 1726/1726/1726 1728/1728/1728 462/462/462
f 1170/1170/1170 1164/1164/1164 2410/2410/2410
f 2410/2410/2410 2411/2411/2411 1170/1170/1170
f 478/478/478 476/476/476 1742/1742/1742
f 1742/1742/1742 1744/1744/1744 478/478/478
f 770/770/770 774/774/774 2038/2038/2038
f 2038/2038/2038 2036/2036/2036 770/770/770
f 1226/1226/1226 1221/1221/1221 2463/2463/2463
f 2463/2463/2463 2467/2467/2467 1226/1226/1226
f 919/919/919 906/906/906 2165/2165/2165
f 2165/2165/2165 2181/2181/2181 919/919/919
f 116/116/116 107/107/107 1365/1365/1365
f 1365/1365/1365 1372/1372/1372 116/116/116
f 525/525/525 522/522/522 1787/1787/1787
f 1787/1787/1787 1790/1790/1790 525/525/525
f 589/589/589 593/593/593 1862/1862/1862
f 1862/1862/1862 1856/1856/1856 589/589/589
f 542/542/542 540/540/540 1806/1806/1806
f 1806/1806/1806 1808/1808/1808 542/542/542
f 553/553/553 555/555/555 1821/1821/1821
f 1821/1821/1821 1819/1819/1819 553/553/553
f 558/558/558 556/556/556 1822/1822/1822
f 1822/1822/1822 1824/1824/1824 558/558/558
f 585/585/585 587/587/587 1855/1855/1855
f 1855/1855/1855 1852/1852/1852 585/585/585
f 640/640/640 646/646/646 1909/1909/1909
f 1909/1909/1909 1907/1907/1907 640/640/640
f 230/230/230 232/232/232 1490/1490/1490
f 1490/1490/1490 1488/1488/1488 230/230/230
f 749/749/749 750/750/750 2016/2016/2016
f 2016/2016/2016 2013/2013/2013 749/749/749
f 336/336/336 329/329/329 1595/1595/1595
f 1595/1595/1595 1601/1601/1601 336/336/336
f 494/494/494 502/502/502 1769/1769/1769
f 1769/1769/1769 1760/1760/1760 494/494/494
f 795/795/795 797/797/797 2064/2064/2064
f 2064/2064/2064 2060/2060/2060 795/795/795
f 476/476/476 474/474/474 1740/1740/1740
f 1740/1740/1740 1742/1742/1742 476/476/476
f 316/316/316 315/315/315 1580/1580/1580
f 1580/1580/1580 1582/1582/1582 316/316/316
f 851/851/851 854/854/854 2117/2117/2117
f 2117/2117/2117 2114/2114/2114 851/851/851
f 153/153/153 151/151/151 1409/1409/1409
f 1409/1409/1409 1411/1411/1411 153/153/153
f 913/913/913 909/909/909 2168/2168/2168
f 2168/2168/2168 2174/2174/2174 913/913/913
f 350/350/350 343/343/343 1608/1608/1608
f 1608/1608/1608 1616/1616/1616 350/350/350
f 1230/1230/1230 1228/1228/1228 2471/2471/2471
f 2471/2471/2471 2472/2472/2472 1230/1230/1230
f 961/961/961 956/956/956 2217/2217/2217
f 2217/2217/2217 2222/2222/2222 961/961/961
f 407/407/407 405/405/405 1672/1672/1672
f 1672/1672/1672 1673/1673/1673 407/407/407
f 1018/1018/1018 1014/1014/1014 2268/2268/2268
f 2268/2268/2268 2273/2273/2273 1018/1018/1018
f 1070/1070/1070 1063/1063/1063 2317/2317/2317
f 2317/2317/2317 2319/2319/2319 1070/1070/1070
f 20/20/20 27/27/27 1284/1284/1284
f 1284/1284/1284 1278/1278/1278 20/20/20
f 1114/1114/1114 1113/1113/1113 2362/2362/2362
f 2362/2362/2362 2365/2365/2365 1114/1114/1114
f 579/579/579 580/580/580 1847/1847/1847
f 1847/1847/1847 1846/1846/1846 579/579/579
f 1172/1172/1172 1168/1168/1168 2413/2413/2413
f 2413/2413/2413 2416/2416/2416 1172/1172/1172
f 1229/1229/1229 1225/1225/1225 2465/2465/2465
f 2465/2465/2465 2469/2469/2469 1229/1229/1229
f 554/554/554 552/552/552 1818/1818/1818
f 1818/1818/1818 1820/1820/1820 554/554/554
f 522/522/522 520/520/520 1786/1786/1786
f 1786/1786/1786 1787/1787/1787 522/522/522
f 132/132/132 134/134/134 1392/1392/1392
f 1392/1392/1392 1390/1390/1390 132/132/132
f 477/477/477 479/479/479 1745/1745/1745
f 1745/1745/1745 1743/1743/1743 477/477/477
f 526/526/526 562/562/562 1828/1828/1828
f 1828/1828/1828 1792/1792/1792 526/526/526
f 660/660/660 662/662/662 1928/1928/1928
f 1928/1928/1928 1925/1925/1925 660/660/660
f 148/148/148 150/150/150 1408/1408/1408
f 1408/1408/1408 1406/1406/1406 148/148/148
f 353/353/353 358/358/358 1626/1626/1626
f 1626/1626/1626 1620/1620/1620 353/353/353
f 582/582/582 585/585/585 1852/1852/1852
f 1852/1852/1852 1850/1850/1850 582/582/582
f 201/201/201 199/199/199 1457/1457/1457
f 1457/1457/1457 1459/1459/1459 201/201/201
f 639/639/639 642/642/642 1906/1906/1906
f 1906/1906/1906 1902/1902/1902 639/639/639
f 217/217/217 215/215/215 1473/1473/1473
f 1473/1473/1473 1475/1475/1475 217/217/217
f 690/690/690 694/694/694 1954/1954/1954
f 1954/1954/1954 1953/1953/1953 690/690/690
f 199/199/199 233/233/233 1491/1491/1491
f 1491/1491/1491 1457/1457/1457 199/199/199
f 234/234/234 231/231/231 1489/1489/1489
f 1489/1489/1489 1492/1492/1492 234/234/234
f 746/746/746 749/749/749 2013/2013/2013
f 2013/2013/2013 2008/2008/2008 746/746/746
f 617/617/617 619/619/619 1881/1881/1881
f 1881/1881/1881 1879/1879/1879 617/617/617
f 255/255/255 263/263/263 1527/1527/1527
f 1527/1527/1527 1520/1520/1520 255/255/255
f 559/559/559 561/561/561 1827/1827/1827
f 1827/1827/1827 1825/1825/1825 559/559/559
f 790/790/790 794/794/794 2061/2061/2061
f 2061/2061/2061 2058/2058/2058 790/790/790
f 1078/1078/1078 1075/1075/1075 2325/2325/2325
f 2325/2325/2325 2327/2327/2327 1078/1078/1078
f 847/847/847 849/849/849 2116/2116/2116
f 2116/2116/2116 2111/2111/2111 847/847/847
f 902/902/902 745/745/745 2009/2009/2009
f 2009/2009/2009 2164/2164/2164 902/902/902
f 905/905/905 918/918/918 2178/2178/2178
f 2178/2178/2178 2166/2166/2166 905/905/905
f 957/957/957 953/953/953 2214/2214/2214
f 2214/2214/2214 2218/2218/2218 957/957/957
f 376/376/376 385/385/385 1652/1652/1652
f 1652/1652/1652 1642/1642/1642 376/376/376
f 1013/1013/1013 1011/1011/1011 2267/2267/2267
f 2267/2267/2267 2270/2270/2270 1013/1013/1013
f 415/415/415 421/421/421 1687/1687/1687
f 1687/1687/1687 1681/1681/1681 415/415/415
f 445/445/445 414/414/414 1679/1679/1679
f 1679/1679/1679 1709/1709/1709 445/445/445
f 547/547/547 549/549/549 1815/1815/1815
f 1815/1815/1815 1813/1813/1813 547/547/547
f 28/28/28 21/21/21 1279/1279/1279
f 1279/1279/1279 1286/1286/1286 28/28/28
f 1131/1131/1131 1129/1129/1129 2379/2379/2379
f 2379/2379/2379 2381/2381/2381 1131/1131/1131
f 1191/1191/1191 1186/1186/1186 2430/2430/2430
f 2430/2430/2430 2432/2432/2432 1191/1191/1191
f 1246/1246/1246 1243/1243/1243 2486/2486/2486
f 2486/2486/2486 2490/2490/2490 1246/1246/1246
f 135/135/135 133/133/133 1391/1391/1391
f 1391/1391/1391 1393/1393/1393 135/135/135
f 528/528/528 526/526/526 1792/1792/1792
f 1792/1792/1792 1794/1794/1794 528/528/528
f 151/151/151 149/149/149 1407/1407/1407
f 1407/1407/1407 1409/1409/1409 151/151/151
f 544/544/544 542/542/542 1808/1808/1808
f 1808/1808/1808 1810/1810/1810 544/544/544
f 560/560/560 558/558/558 1824/1824/1824
f 1824/1824/1824 1826/1826/1826 560/560/560
f 200/200/200 202/202/202 1460/1460/1460
f 1460/1460/1460 1458/1458/1458 200/200/200
f 147/147/147 145/145/145 1403/1403/1403
f 1403/1403/1403 1405/1405/1405 147/147/147
f 216/216/216 218/218/218 1476/1476/1476
f 1476/1476/1476 1474/1474/1474 216/216/216
f 233/233/233 200/200/200 1458/1458/1458
f 1458/1458/1458 1491/1491/1491 233/233/233
f 700/700/700 703/703/703 1967/1967/1967
f 1967/1967/1967 1964/1964/1964 700/700/700
f 232/232/232 235/235/235 1493/1493/1493
f 1493/1493/1493 1490/1490/1490 232/232/232
f 752/752/752 754/754/754 2021/2021/2021
f 2021/2021/2021 2020/2020/2020 752/752/752
f 264/264/264 257/257/257 1521/1521/1521
f 1521/1521/1521 1530/1530/1530 264/264/264
f 321/321/321 319/319/319 1585/1585/1585
f 1585/1585/1585 1586/1586/1586 321/321/321
f 857/857/857 860/860/860 2123/2123/2123
f 2123/2123/2123 2121/2121/2121 857/857/857
f 918/918/918 916/916/916 2175/2175/2175
f 2175/2175/2175 2178/2178/2178 918/918/918
f 53/53/53 61/61/61 1319/1319/1319
f 1319/1319/1319 1311/1311/1311 53/53/53
f 387/387/387 379/379/379 1645/1645/1645
f 1645/1645/1645 1654/1654/1654 387/387/387
f 548/548/548 546/546/546 1812/1812/1812
f 1812/1812/1812 1814/1814/1814 548/548/548
f 416/416/416 410/410/410 1677/1677/1677
f 1677/1677/1677 1682/1682/1682 416/416/416
f 1032/1032/1032 1029/1029/1029 2283/2283/2283
f 2283/2283/2283 2287/2287/2287 1032/1032/1032
f 456/456/456 454/454/454 1720/1720/1720
f 1720/1720/1720 1722/1722/1722 456/456/456
f 461/461/461 463/463/463 1729/1729/1729
f 1729/1729/1729 1727/1727/1727 461/461/461
f 1136/1136/1136 1133/1133/1133 2382/2382/2382
f 2382/2382/2382 2384/2384/2384 1136/1136/1136
f 82/82/82 87/87/87 1343/1343/1343
f 1343/1343/1343 1342/1342/1342 82/82/82
f 91/91/91 84/84/84 1340/1340/1340
f 1340/1340/1340 1350/1350/1350 91/91/91
f 134/134/134 136/136/136 1394/1394/1394
f 1394/1394/1394 1392/1392/1392 134/134/134
f 150/150/150 152/152/152 1410/1410/1410
f 1410/1410/1410 1408/1408/1408 150/150/150
f 1189/1189/1189 1183/1183/1183 2428/2428/2428
f 2428/2428/2428 2429/2429/2429 1189/1189/1189
f 557/557/557 559/559/559 1825/1825/1825
f 1825/1825/1825 1823/1823/1823 557/557/557
f 174/174/174 182/182/182 1439/1439/1439
f 1439/1439/1439 1431/1431/1431 174/174/174
f 214/214/214 216/216/216 1474/1474/1474
f 1474/1474/1474 1472/1472/1472 214/214/214
f 587/587/587 589/589/589 1856/1856/1856
f 1856/1856/1856 1855/1855/1855 587/587/587
f 203/203/203 201/201/201 1459/1459/1459
f 1459/1459/1459 1461/1461/1461 203/203/203
f 930/930/930 929/929/929 2190/2190/2190
f 2190/2190/2190 2191/2191/2191 930/930/930
f 644/644/644 648/648/648 1914/1914/1914
f 1914/1914/1914 1911/1911/1911 644/644/644
f 219/219/219 217/217/217 1475/1475/1475
f 1475/1475/1475 1477/1477/1477 219/219/219
f 535/535/535 537/537/537 1803/1803/1803
f 1803/1803/1803 1801/1801/1801 535/535/535
f 802/802/802 804/804/804 2073/2073/2073
f 2073/2073/2073 2069/2069/2069 802/802/802
f 680/680/680 684/684/684 1947/1947/1947
f 1947/1947/1947 1942/1942/1942 680/680/680
f 799/799/799 801/801/801 2070/2070/2070
f 2070/2070/2070 2065/2065/2065 799/799/799
f 290/290/290 299/299/299 1565/1565/1565
f 1565/1565/1565 1557/1557/1557 290/290/290
f 853/853/853 855/855/855 2120/2120/2120
f 2120/2120/2120 2118/2118/2118 853/853/853
f 914/914/914 912/912/912 2173/2173/2173
f 2173/2173/2173 2176/2176/2176 914/914/914
f 472/472/472 470/470/470 1736/1736/1736
f 1736/1736/1736 1738/1738/1738 472/472/472
f 965/965/965 960/960/960 2220/2220/2220
f 2220/2220/2220 2223/2223/2223 965/965/965
f 1019/1019/1019 1017/1017/1017 2271/2271/2271
f 2271/2271/2271 2274/2274/2274 1019/1019/1019
f 1075/1075/1075 1073/1073/1073 2323/2323/2323
f 2323/2323/2323 2325/2325/2325 1075/1075/1075
f 447/447/447 443/443/443 1711/1711/1711
f 1711/1711/1711 1713/1713/1713 447/447/447
f 466/466/466 464/464/464 1730/1730/1730
f 1730/1730/1730 1732/1732/1732 466/466/466
f 63/63/63 55/55/55 1313/1313/1313
f 1313/1313/1313 1320/1320/1320 63/63/63
f 1185/1185/1185 1179/1179/1179 2421/2421/2421
f 2421/2421/2421 2426/2426/2426 1185/1185/1185
f 86/86/86 88/88/88 1346/1346/1346
f 1346/1346/1346 1345/1345/1345 86/86/86
f 1240/1240/1240 1234/1234/1234 2479/2479/2479
f 2479/2479/2479 2481/2481/2481 1240/1240/1240
f 111/111/111 120/120/120 1380/1380/1380
f 1380/1380/1380 1371/1371/1371 111/111/111
f 502/502/502 509/509/509 1775/1775/1775
f 1775/1775/1775 1769/1769/1769 502/502/502
f 1048/1048/1048 1046/1046/1046 2299/2299/2299
f 2299/2299/2299 2302/2302/2302 1048/1048/1048
f 530/530/530 528/528/528 1794/1794/1794
f 1794/1794/1794 1796/1796/1796 530/530/530
f 411/411/411 447/447/447 1713/1713/1713
f 1713/1713/1713 1678/1678/1678 411/411/411
f 546/546/546 544/544/544 1810/1810/1810
f 1810/1810/1810 1812/1812/1812 546/546/546
f 12/12/12 20/20/20 1278/1278/1278
f 1278/1278/1278 1271/1271/1271 12/12/12
f 561/561/561 560/560/560 1826/1826/1826
f 1826/1826/1826 1827/1827/1827 561/561/561
f 183/183/183 176/176/176 1434/1434/1434
f 1434/1434/1434 1441/1441/1441 183/183/183
f 737/737/737 739/739/739 2003/2003/2003
f 2003/2003/2003 1999/1999/1999 737/737/737
f 202/202/202 204/204/204 1462/1462/1462
f 1462/1462/1462 1460/1460/1460 202/202/202
f 218/218/218 220/220/220 1478/1478/1478
f 1478/1478/1478 1476/1476/1476 218/218/218
f 235/235/235 234/234/234 1492/1492/1492
f 1492/1492/1492 1493/1493/1493 235/235/235
f 707/707/707 711/711/711 1978/1978/1978
f 1978/1978/1978 1971/1971/1971 707/707/707
f 487/487/487 486/486/486 1752/1752/1752
f 1752/1752/1752 1753/1753/1753 487/487/487
f 465/465/465 467/467/467 1733/1733/1733
f 1733/1733/1733 1731/1731/1731 465/465/465
f 812/812/812 815/815/815 2079/2079/2079
f 2079/2079/2079 2077/2077/2077 812/812/812
f 302/302/302 293/293/293 1560/1560/1560
f 1560/1560/1560 1567/1567/1567 302/302/302
f 329/329/329 322/322/322 1589/1589/1589
f 1589/1589/1589 1595/1595/1595 329/329/329
f 348/348/348 352/352/352 1619/1619/1619
f 1619/1619/1619 1613/1613/1613 348/348/348
f 324/324/324 364/364/364 1630/1630/1630
f 1630/1630/1630 1588/1588/1588 324/324/324
f 975/975/975 972/972/972 2231/2231/2231
f 2231/2231/2231 2235/2235/2235 975/975/975
f 423/423/423 416/416/416 1682/1682/1682
f 1682/1682/1682 1689/1689/1689 423/423/423
f 1127/1127/1127 1125/1125/1125 2376/2376/2376
f 2376/2376/2376 2377/2377/2377 1127/1127/1127
f 1178/1178/1178 1175/1175/1175 2419/2419/2419
f 2419/2419/2419 2422/2422/2422 1178/1178/1178
f 479/479/479 481/481/481 1747/1747/1747
f 1747/1747/1747 1745/1745/1745 479/479/479
f 89/89/89 96/96/96 1355/1355/1355
f 1355/1355/1355 1348/1348/1348 89/89/89
f 1244/1244/1244 1239/1239/1239 2480/2480/2480
f 2480/2480/2480 2487/2487/2487 1244/1244/1244
f 118/118/118 115/115/115 1373/1373/1373
f 1373/1373/1373 1376/1376/1376 118/118/118
f 136/136/136 138/138/138 1396/1396/1396
f 1396/1396/1396 1394/1394/1394 136/136/136
f 152/152/152 154/154/154 1412/1412/1412
f 1412/1412/1412 1410/1410/1410 152/152/152
f 562/562/562 527/527/527 1793/1793/1793
f 1793/1793/1793 1828/1828/1828 562/562/562
f 205/205/205 203/203/203 1461/1461/1461
f 1461/1461/1461 1463/1463/1463 205/205/205
f 481/481/481 483/483/483 1749/1749/1749
f 1749/1749/1749 1747/1747/1747 481/481/481
f 654/654/654 657/657/657 1920/1920/1920
f 1920/1920/1920 1918/1918/1918 654/654/654
f 221/221/221 219/219/219 1477/1477/1477
f 1477/1477/1477 1479/1479/1479 221/221/221
f 702/702/702 708/708/708 1973/1973/1973
f 1973/1973/1973 1970/1970/1970 702/702/702
f 756/756/756 758/758/758 2024/2024/2024
f 2024/2024/2024 2023/2023/2023 756/756/756
f 808/808/808 810/810/810 2076/2076/2076
f 2076/2076/2076 2075/2075/2075 808/808/808
f 859/859/859 861/861/861 2127/2127/2127
f 2127/2127/2127 2124/2124/2124 859/859/859
f 327/327/327 333/333/333 1600/1600/1600
f 1600/1600/1600 1591/1591/1591 327/327/327
f 1080/1080/1080 1077/1077/1077 2329/2329/2329
f 2329/2329/2329 2330/2330/2330 1080/1080/1080
f 268/268/268 276/276/276 1544/1544/1544
f 1544/1544/1544 1531/1531/1531 268/268/268
f 362/362/362 325/325/325 1593/1593/1593
f 1593/1593/1593 1627/1627/1627 362/362/362
f 281/281/281 321/321/321 1586/1586/1586
f 1586/1586/1586 1545/1545/1545 281/281/281
f 971/971/971 966/966/966 2227/2227/2227
f 2227/2227/2227 2230/2230/2230 971/971/971
f 1236/1236/1236 1231/1231/1231 2473/2473/2473
f 2473/2473/2473 2478/2478/2478 1236/1236/1236
f 1028/1028/1028 1025/1025/1025 2278/2278/2278
f 2278/2278/2278 2282/2282/2282 1028/1028/1028

