mtllib material.mtl
usemtl Material-塑胶__3_
v -0.01551000 -0.12543200 -0.00155300
v -0.01551000 -0.12493200 -0.00155300
v -0.01612900 -0.12543200 -0.00291100
v -0.01612900 -0.12493200 -0.00291100
v -0.02374700 -0.12493500 -0.00216800
v -0.02382900 -0.12543200 -0.00229200
v -0.02242600 -0.12543200 -0.00131000
v -0.02442200 -0.12493200 -0.00369200
v -0.02442200 -0.12543200 -0.00369200
v -0.02437300 -0.12493200 -0.00522800
v -0.02434100 -0.12542800 -0.00537500
v -0.02341400 -0.12493200 -0.00664700
v -0.02341400 -0.12543200 -0.00664700
v -0.02210900 -0.12493300 -0.00741000
v -0.02207100 -0.12543200 -0.00739100
v -0.01625500 -0.12543200 -0.00609900
v -0.01625500 -0.12543200 -0.00609900
v -0.02205200 -0.12543000 -0.00591100
v -0.02207100 -0.12543200 -0.00739100
v -0.02207100 -0.12543200 -0.00739100
v -0.02341400 -0.12543200 -0.00664700
v -0.02292600 -0.12543200 -0.00479400
v -0.02292600 -0.12543200 -0.00479400
v -0.02434100 -0.12542800 -0.00537500
v -0.01563900 -0.12542200 -0.00759900
v -0.01563900 -0.12542200 -0.00759900
v -0.01383700 -0.12543200 -0.00561900
v -0.01383700 -0.12543200 -0.00561900
v -0.01526000 -0.12543100 -0.00512900
v -0.01526000 -0.12543100 -0.00512900
v -0.02442200 -0.12543200 -0.00369200
v -0.02442200 -0.12543200 -0.00369200
v -0.02442200 -0.12543200 -0.00369200
v -0.02284100 -0.12543200 -0.00351300
v -0.02284100 -0.12543200 -0.00351300
v -0.02284100 -0.12543200 -0.00351300
v -0.02382900 -0.12543200 -0.00229200
v -0.02382900 -0.12543200 -0.00229200
v -0.02382900 -0.12543200 -0.00229200
v -0.02190700 -0.12543200 -0.00271000
v -0.02190700 -0.12543200 -0.00271000
v -0.02242600 -0.12543200 -0.00131000
v -0.01424200 -0.12542800 -0.00250500
v -0.01518900 -0.12543300 -0.00384900
v -0.01367400 -0.12543200 -0.00408200
v -0.01367400 -0.12543200 -0.00408200
v -0.01612900 -0.12543200 -0.00291100
v -0.01551000 -0.12543200 -0.00155300
v -0.01612900 -0.12543200 -0.00291100
v -0.01612900 -0.12493200 -0.00291100
v -0.01523300 -0.12494300 -0.00368900
v -0.01518900 -0.12543300 -0.00384900
v -0.01523800 -0.12493200 -0.00505300
v -0.01619300 -0.12493200 -0.00612500
v -0.01625500 -0.12543200 -0.00609900
v -0.01526000 -0.12543100 -0.00512900
v -0.01388200 -0.12493200 -0.00576600
v -0.01383700 -0.12543200 -0.00561900
v -0.01563900 -0.12542200 -0.00759900
v -0.01416700 -0.12493200 -0.00263700
v -0.01424200 -0.12542800 -0.00250500
v -0.01367400 -0.12543200 -0.00408200
v -0.01551000 -0.12493200 -0.00155300
v -0.01551000 -0.12543200 -0.00155300
v -0.01367400 -0.12493200 -0.00408200
v -0.01619300 -0.12493200 -0.00612500
v -0.02205200 -0.12543000 -0.00591100
v -0.01625500 -0.12543200 -0.00609900
v -0.02199100 -0.12493200 -0.00589000
v -0.02290800 -0.12493500 -0.00487200
v -0.02292600 -0.12543200 -0.00479400
v -0.02205200 -0.12543000 -0.00591100
v -0.02190700 -0.12543200 -0.00271000
v -0.02289200 -0.12494000 -0.00346900
v -0.02190700 -0.12493200 -0.00271000
v -0.02284100 -0.12543200 -0.00351300
v -0.02242600 -0.12493200 -0.00131000
v -0.02190700 -0.12543200 -0.00271000
v -0.02190700 -0.12493200 -0.00271000
v -0.02242600 -0.12543200 -0.00131000
v -0.02298600 -0.12543100 -0.03874900
v -0.01737400 -0.12543100 -0.03893400
v -0.02292700 -0.12493200 -0.03875600
v -0.01724500 -0.12493800 -0.03891700
v -0.02298600 -0.12543100 -0.03874900
v -0.02298600 -0.12543100 -0.03874900
v -0.02481700 -0.12543200 -0.03925400
v -0.02333700 -0.12542800 -0.04022900
v -0.02399200 -0.12543200 -0.03794800
v -0.02568200 -0.12542500 -0.03767000
v -0.02415400 -0.12543000 -0.03668200
v -0.01726300 -0.12543200 -0.04040200
v -0.01726300 -0.12543200 -0.04040200
v -0.01737400 -0.12543100 -0.03893400
v -0.01737400 -0.12543100 -0.03893400
v -0.01529000 -0.12543300 -0.03905900
v -0.01634100 -0.12543000 -0.03768400
v -0.01481300 -0.12542500 -0.03669700
v -0.02315700 -0.12543200 -0.03546200
v -0.02315700 -0.12543200 -0.03546200
v -0.02520500 -0.12543300 -0.03530800
v -0.02520500 -0.12543300 -0.03530800
v -0.01715800 -0.12543000 -0.03413800
v -0.02323200 -0.12543200 -0.03396500
v -0.02323200 -0.12543200 -0.03396500
v -0.01650400 -0.12543200 -0.03641700
v -0.01567800 -0.12543200 -0.03511300
v -0.01752100 -0.12543100 -0.03561000
v -0.01752100 -0.12543100 -0.03561000
v -0.01715800 -0.12543000 -0.03413800
v -0.01704900 -0.12493200 -0.03418000
v -0.02312700 -0.12493300 -0.03393200
v -0.02511800 -0.12493400 -0.03514300
v -0.02520500 -0.12543300 -0.03530800
v -0.02323200 -0.12543200 -0.03396500
v -0.02568700 -0.12493200 -0.03749100
v -0.02568200 -0.12542500 -0.03767000
v -0.02481700 -0.12493200 -0.03925400
v -0.02481700 -0.12543200 -0.03925400
v -0.02344500 -0.12493200 -0.04018700
v -0.02333700 -0.12542800 -0.04022900
v -0.01736800 -0.12493300 -0.04043500
v -0.01726300 -0.12543200 -0.04040200
v -0.02333700 -0.12542800 -0.04022900
v -0.02399200 -0.12543200 -0.03794800
v -0.02395300 -0.12494200 -0.03803900
v -0.02416300 -0.12493200 -0.03677600
v -0.02298600 -0.12543100 -0.03874900
v -0.02322900 -0.12493300 -0.03542600
v -0.02315700 -0.12543200 -0.03546200
v -0.02415400 -0.12543000 -0.03668200
v -0.01752100 -0.12543100 -0.03561000
v -0.02315700 -0.12543200 -0.03546200
v -0.02322900 -0.12493300 -0.03542600
v -0.01650400 -0.12543200 -0.03641700
v -0.01654200 -0.12493300 -0.03632900
v -0.01633200 -0.12493200 -0.03759100
v -0.01752100 -0.12543100 -0.03561000
v -0.01724500 -0.12493800 -0.03891700
v -0.01737400 -0.12543100 -0.03893400
v -0.01634100 -0.12543000 -0.03768400
v -0.01537600 -0.12494100 -0.03922400
v -0.01529000 -0.12543300 -0.03905900
v -0.01726300 -0.12543200 -0.04040200
v -0.01480800 -0.12493200 -0.03687600
v -0.01481300 -0.12542500 -0.03669700
v -0.01567800 -0.12493200 -0.03511300
v -0.01567800 -0.12543200 -0.03511300
v -0.01704900 -0.12493200 -0.03418000
v -0.01715800 -0.12543000 -0.03413800
v -0.02241000 -0.12543100 -0.02309000
v -0.02241000 -0.12543100 -0.02309000
v -0.02241000 -0.12543100 -0.02309000
v -0.02425300 -0.12543200 -0.02358800
v -0.02425300 -0.12543200 -0.02358800
v -0.02277200 -0.12543000 -0.02456300
v -0.01677400 -0.12543200 -0.02323800
v -0.01677400 -0.12543200 -0.02323800
v -0.02342700 -0.12543200 -0.02228400
v -0.02342700 -0.12543200 -0.02228400
v -0.02511700 -0.12542500 -0.02200400
v -0.02359000 -0.12543000 -0.02101600
v -0.02359000 -0.12543000 -0.02101600
v -0.01669900 -0.12543200 -0.02473600
v -0.01669900 -0.12543200 -0.02473600
v -0.01472600 -0.12543300 -0.02339300
v -0.01577600 -0.12543000 -0.02201800
v -0.01424900 -0.12542500 -0.02103100
v -0.02259200 -0.12543200 -0.01979600
v -0.02259200 -0.12543200 -0.01979600
v -0.02463800 -0.12543300 -0.01963500
v -0.02463800 -0.12543300 -0.01963500
v -0.01657900 -0.12543200 -0.01850300
v -0.01657900 -0.12543200 -0.01850300
v -0.02261400 -0.12542900 -0.01826600
v -0.02261400 -0.12542900 -0.01826600
v -0.01593900 -0.12543200 -0.02075100
v -0.01511300 -0.12543200 -0.01944700
v -0.01695700 -0.12543100 -0.01994400
v -0.01695700 -0.12543100 -0.01994400
v -0.02455100 -0.12494100 -0.01947100
v -0.02463800 -0.12543300 -0.01963500
v -0.02261400 -0.12542900 -0.01826600
v -0.02512200 -0.12493200 -0.02182500
v -0.02511700 -0.12542500 -0.02200400
v -0.02425300 -0.12493200 -0.02358800
v -0.02425300 -0.12543200 -0.02358800
v -0.02288100 -0.12493200 -0.02452100
v -0.02277200 -0.12543000 -0.02456300
v -0.02277200 -0.12543000 -0.02456300
v -0.02288100 -0.12493200 -0.02452100
v -0.01680300 -0.12493300 -0.02476900
v -0.01669900 -0.12543200 -0.02473600
v -0.02342700 -0.12543200 -0.02228400
v -0.02338900 -0.12493300 -0.02237200
v -0.02359900 -0.12493200 -0.02111000
v -0.02241000 -0.12543100 -0.02309000
v -0.02266400 -0.12493300 -0.01975900
v -0.02259200 -0.12543200 -0.01979600
v -0.02359000 -0.12543000 -0.02101600
v -0.02266400 -0.12493300 -0.01975900
v -0.01695700 -0.12543100 -0.01994400
v -0.02259200 -0.12543200 -0.01979600
v -0.01698300 -0.12493200 -0.01995400
v -0.01593900 -0.12543200 -0.02075100
v -0.01597700 -0.12493300 -0.02066300
v -0.01576700 -0.12493200 -0.02192500
v -0.01695700 -0.12543100 -0.01994400
v -0.01670200 -0.12493300 -0.02327500
v -0.01677400 -0.12543200 -0.02323800
v -0.01577600 -0.12543000 -0.02201800
v -0.01481200 -0.12493600 -0.02355800
v -0.01472600 -0.12543300 -0.02339300
v -0.01669900 -0.12543200 -0.02473600
v -0.01424400 -0.12493200 -0.02120900
v -0.01424900 -0.12542500 -0.02103100
v -0.01511300 -0.12493200 -0.01944700
v -0.01511300 -0.12543200 -0.01944700
v -0.01653800 -0.12493300 -0.01847500
v -0.01657900 -0.12543200 -0.01850300
v -0.01677400 -0.12543200 -0.02323800
v -0.01670200 -0.12493300 -0.02327500
v -0.02241000 -0.12543100 -0.02309000
v -0.02238400 -0.12493200 -0.02308000
v -0.02977600 -0.12543200 -0.03217100
v -0.02977600 -0.12493200 -0.03217100
v -0.01485700 -0.12493200 -0.03270900
v -0.01485700 -0.12543200 -0.03270900
v -0.02972200 -0.12543200 -0.03067900
v -0.02972200 -0.12493200 -0.03067900
v -0.02977600 -0.12493200 -0.03217100
v -0.02524800 -0.12543200 -0.03084100
v -0.02524800 -0.12543200 -0.03084100
v -0.02972200 -0.12543200 -0.03067900
v -0.02977600 -0.12543200 -0.03217100
v -0.02977600 -0.12543200 -0.03217100
v -0.02351700 -0.12542800 -0.02845700
v -0.02508600 -0.12542900 -0.02832600
v -0.02375600 -0.12543200 -0.03089400
v -0.02375600 -0.12543200 -0.03089400
v -0.01629600 -0.12543200 -0.03116300
v -0.01485700 -0.12543200 -0.03270900
v -0.01480700 -0.12543200 -0.02876000
v -0.01480700 -0.12543200 -0.02876000
v -0.01630300 -0.12543100 -0.02887200
v -0.01630300 -0.12543100 -0.02887200
v -0.02217800 -0.12543200 -0.02760200
v -0.02217800 -0.12543200 -0.02760200
v -0.02416000 -0.12543200 -0.02695300
v -0.02275700 -0.12543200 -0.02614700
v -0.02275700 -0.12543200 -0.02614700
v -0.01755800 -0.12543100 -0.02777900
v -0.01755800 -0.12543100 -0.02777900
v -0.01563600 -0.12543200 -0.02732500
v -0.01563600 -0.12543200 -0.02732500
v -0.01719700 -0.12542800 -0.02629700
v -0.01629600 -0.12493200 -0.03116300
v -0.02375600 -0.12543200 -0.03089400
v -0.01629600 -0.12543200 -0.03116300
v -0.02375600 -0.12493200 -0.03089400
v -0.01485700 -0.12543200 -0.03270900
v -0.01485700 -0.12493200 -0.03270900
v -0.01476300 -0.12493200 -0.02888600
v -0.02524800 -0.12543200 -0.03084100
v -0.02524800 -0.12493200 -0.03084100
v -0.02972200 -0.12493200 -0.03067900
v -0.02375600 -0.12543200 -0.03089400
v -0.02375600 -0.12493200 -0.03089400
v -0.02358400 -0.12493200 -0.02861000
v -0.01480700 -0.12543200 -0.02876000
v -0.01476300 -0.12493200 -0.02888600
v -0.01563600 -0.12493200 -0.02732500
v -0.01707400 -0.12493200 -0.02634500
v -0.01719700 -0.12542800 -0.02629700
v -0.01563600 -0.12543200 -0.02732500
v -0.01719700 -0.12542800 -0.02629700
v -0.01707400 -0.12493200 -0.02634500
v -0.02264600 -0.12493400 -0.02611000
v -0.02275700 -0.12543200 -0.02614700
v -0.02264600 -0.12493400 -0.02611000
v -0.02416000 -0.12493200 -0.02695300
v -0.02502600 -0.12493200 -0.02819900
v -0.02508600 -0.12542900 -0.02832600
v -0.02416000 -0.12543200 -0.02695300
v -0.02508600 -0.12542900 -0.02832600
v -0.02502600 -0.12493200 -0.02819900
v -0.02524800 -0.12493200 -0.03084100
v -0.02224900 -0.12493600 -0.02760700
v -0.02217800 -0.12543200 -0.02760200
v -0.02351700 -0.12542800 -0.02845700
v -0.02217800 -0.12543200 -0.02760200
v -0.02224900 -0.12493600 -0.02760700
v -0.01762600 -0.12493200 -0.02776900
v -0.01755800 -0.12543100 -0.02777900
v -0.01762600 -0.12493200 -0.02776900
v -0.01635900 -0.12493300 -0.02871400
v -0.01630300 -0.12543100 -0.02887200
v -0.01635900 -0.12493300 -0.02871400
v -0.01629600 -0.12493200 -0.03116300
v -0.01963100 -0.12542300 0.00017200
v -0.02171600 -0.12543300 0.00113500
v -0.02204200 -0.12543200 -0.00036600
v -0.02382300 -0.12543200 0.00087200
v -0.02382300 -0.12543200 0.00087200
v -0.02422900 -0.12543200 0.00261900
v -0.02422900 -0.12543200 0.00261900
v -0.02257100 -0.12543200 0.00177400
v -0.02257100 -0.12543200 0.00177400
v -0.02054000 -0.12543200 0.00145900
v -0.01601000 -0.12543200 0.00069000
v -0.01551800 -0.12543200 -0.00069800
v -0.01392800 -0.12543200 0.00038400
v -0.01525500 -0.12543200 0.00119700
v -0.01729200 -0.12543200 0.00328000
v -0.01342200 -0.12543200 0.00194300
v -0.01495800 -0.12543800 0.00259300
v -0.01819000 -0.12542300 0.00456800
v -0.02263700 -0.12543300 0.00307500
v -0.02378600 -0.12543200 0.00409200
v -0.02244900 -0.12543200 0.00536300
v -0.02165500 -0.12543200 0.00409400
v -0.01383200 -0.12542600 0.00370800
v -0.01577900 -0.12543300 0.00507900
v -0.01610400 -0.12543300 0.00357800
v -0.02244900 -0.12493200 0.00536300
v -0.02165500 -0.12543200 0.00409400
v -0.02165500 -0.12493200 0.00409400
v -0.02165500 -0.12493200 0.00409400
v -0.02244900 -0.12543200 0.00536300
v -0.02244900 -0.12543200 0.00536300
v -0.01402000 -0.12493700 0.00024000
v -0.01392800 -0.12543200 0.00038400
v -0.01551800 -0.12543200 -0.00069800
v -0.01342200 -0.12493200 0.00194300
v -0.01342200 -0.12543200 0.00194300
v -0.01376400 -0.12493200 0.00355600
v -0.01558900 -0.12493200 0.00505400
v -0.01577900 -0.12543300 0.00507900
v -0.01383200 -0.12542600 0.00370800
v -0.01806200 -0.12493200 0.00464000
v -0.01819000 -0.12542300 0.00456800
v -0.01577900 -0.12543300 0.00507900
v -0.02048500 -0.12493300 0.00148100
v -0.02054000 -0.12543200 0.00145900
v -0.02171600 -0.12543300 0.00113500
v -0.02054000 -0.12543200 0.00145900
v -0.02189900 -0.12493300 0.00111900
v -0.02048500 -0.12493300 0.00148100
v -0.02257100 -0.12543200 0.00177400
v -0.02273800 -0.12492600 0.00224000
v -0.02263700 -0.12543300 0.00307500
v -0.02263700 -0.12543300 0.00307500
v -0.02273800 -0.12492600 0.00224000
v -0.02246400 -0.12493400 0.00334900
v -0.02165500 -0.12543200 0.00409400
v -0.02165500 -0.12493200 0.00409400
v -0.02391800 -0.12493700 0.00099300
v -0.02382300 -0.12543200 0.00087200
v -0.02422900 -0.12543200 0.00261900
v -0.02222000 -0.12493700 -0.00034500
v -0.02204200 -0.12543200 -0.00036600
v -0.01976400 -0.12493200 0.00009800
v -0.01963100 -0.12542300 0.00017200
v -0.02204200 -0.12543200 -0.00036600
v -0.01702900 -0.12493100 0.00357700
v -0.01729200 -0.12543200 0.00328000
v -0.01610400 -0.12543300 0.00357800
v -0.01729200 -0.12543200 0.00328000
v -0.01702900 -0.12493100 0.00357700
v -0.01516100 -0.12493100 0.00299700
v -0.01610400 -0.12543300 0.00357800
v -0.01702900 -0.12493100 0.00357700
v -0.01495800 -0.12543800 0.00259300
v -0.01497900 -0.12493000 0.00164100
v -0.01497900 -0.12493000 0.00164100
v -0.01525500 -0.12543200 0.00119700
v -0.01495800 -0.12543800 0.00259300
v -0.01592600 -0.12493100 0.00066600
v -0.01601000 -0.12543200 0.00069000
v -0.01551800 -0.12493200 -0.00069800
v -0.01601000 -0.12543200 0.00069000
v -0.01592600 -0.12493100 0.00066600
v -0.01551800 -0.12543200 -0.00069800
v -0.02370700 -0.12493200 0.00423400
v -0.02378600 -0.12543200 0.00409200
v -0.02244900 -0.12543200 0.00536300
v -0.02422900 -0.12493200 0.00261900
v -0.02422900 -0.12543200 0.00261900
v -0.03110800 -0.12543200 -0.06909900
v -0.03110800 -0.12493200 -0.06909900
v -0.02812400 -0.12493200 -0.06920700
v -0.02781500 -0.12543200 -0.06062700
v -0.02781500 -0.12493200 -0.06062700
v -0.03079900 -0.12493200 -0.06052000
v -0.02812400 -0.12543200 -0.06920700
v -0.02812400 -0.12493200 -0.06920700
v -0.02781500 -0.12493200 -0.06062700
v -0.03079900 -0.12543200 -0.06052000
v -0.03079900 -0.12493200 -0.06052000
v -0.03110800 -0.12493200 -0.06909900
v -0.02812400 -0.12543200 -0.06920700
v -0.02781500 -0.12543200 -0.06062700
v -0.03079900 -0.12543200 -0.06052000
v -0.02694500 -0.12543200 -0.04684000
v -0.02694500 -0.12493200 -0.04684000
v -0.02875500 -0.12493200 -0.04829900
v -0.01543500 -0.12543200 -0.04874800
v -0.01543500 -0.12493200 -0.04874800
v -0.01538200 -0.12493200 -0.04725600
v -0.01543500 -0.12493200 -0.04874800
v -0.01543500 -0.12543200 -0.04874800
v -0.02849000 -0.12543200 -0.04827800
v -0.02321500 -0.12543200 -0.04697400
v -0.02321500 -0.12493200 -0.04697400
v -0.02694500 -0.12493200 -0.04684000
v -0.02694500 -0.12543200 -0.04684000
v -0.02865600 -0.12493200 -0.04378100
v -0.02862600 -0.12542700 -0.04364900
v -0.02886300 -0.12543200 -0.04826400
v -0.02886300 -0.12543200 -0.04826400
v -0.02250000 -0.12493500 -0.04234900
v -0.02261200 -0.12543200 -0.04225600
v -0.02176700 -0.12543200 -0.04377600
v -0.02414900 -0.12493300 -0.04137800
v -0.02414800 -0.12543200 -0.04140600
v -0.01523900 -0.12543200 -0.04328900
v -0.01523900 -0.12493200 -0.04328900
v -0.01518000 -0.12493200 -0.04166100
v -0.02172300 -0.12543200 -0.04702800
v -0.02172300 -0.12493200 -0.04702800
v -0.02166200 -0.12493200 -0.04535100
v -0.02321500 -0.12543200 -0.04697400
v -0.02694500 -0.12543200 -0.04684000
v -0.02849000 -0.12543200 -0.04827800
v -0.03011500 -0.12543200 -0.04364300
v -0.03035500 -0.12543200 -0.04821100
v -0.02886300 -0.12543200 -0.04826400
v -0.02862600 -0.12542700 -0.04364900
v -0.01543500 -0.12543200 -0.04874800
v -0.02176700 -0.12543200 -0.04377600
v -0.02176700 -0.12543200 -0.04377600
v -0.02314000 -0.12543100 -0.04428000
v -0.02314000 -0.12543100 -0.04428000
v -0.02166200 -0.12543200 -0.04535100
v -0.02166200 -0.12543200 -0.04535100
v -0.02172300 -0.12543200 -0.04702800
v -0.01538200 -0.12543200 -0.04725600
v -0.02726200 -0.12543100 -0.04273300
v -0.02726200 -0.12543100 -0.04273300
v -0.02913600 -0.12543200 -0.04213900
v -0.02913600 -0.12543200 -0.04213900
v -0.02414800 -0.12543200 -0.04140600
v -0.02758900 -0.12542900 -0.04125100
v -0.02758900 -0.12542900 -0.04125100
v -0.02402800 -0.12543000 -0.04295300
v -0.02261200 -0.12543200 -0.04225600
v -0.02261200 -0.12543200 -0.04225600
v -0.01523900 -0.12543200 -0.04328900
v -0.01518000 -0.12543200 -0.04166100
v -0.03035500 -0.12543200 -0.04821100
v -0.03035500 -0.12493200 -0.04821100
v -0.02875500 -0.12493200 -0.04829900
v -0.02733500 -0.12493200 -0.04275800
v -0.02726200 -0.12543100 -0.04273300
v -0.02862600 -0.12542700 -0.04364900
v -0.02726200 -0.12543100 -0.04273300
v -0.02733500 -0.12493200 -0.04275800
v -0.02417800 -0.12493200 -0.04289500
v -0.02316400 -0.12493200 -0.04421300
v -0.02314000 -0.12543100 -0.04428000
v -0.02402800 -0.12543000 -0.04295300
v -0.02314000 -0.12543100 -0.04428000
v -0.02316400 -0.12493200 -0.04421300
v -0.02321500 -0.12493200 -0.04697400
v -0.02758900 -0.12542900 -0.04125100
v -0.02759100 -0.12493200 -0.04129600
v -0.02913600 -0.12493200 -0.04213900
v -0.03015000 -0.12493200 -0.04361600
v -0.03011500 -0.12543200 -0.04364300
v -0.02913600 -0.12543200 -0.04213900
v -0.02465700 -0.12543200 -0.01442900
v -0.02471000 -0.12543200 -0.01592100
v -0.02321700 -0.12543200 -0.01597400
v -0.02918600 -0.12543200 -0.01575900
v -0.02913300 -0.12543200 -0.01426700
v -0.02327000 -0.12543200 -0.01746600
v -0.02476400 -0.12543200 -0.01741300
v -0.01647900 -0.12542900 -0.01618400
v -0.01442800 -0.12541900 -0.01475900
v -0.01685400 -0.12543200 -0.01470200
v -0.02316300 -0.12543200 -0.01448200
v -0.02306900 -0.12543200 -0.01187100
v -0.02456200 -0.12543200 -0.01181800
v -0.01576200 -0.12542600 -0.01400600
v -0.01561000 -0.12543200 -0.01214000
v -0.01411800 -0.12543200 -0.01219400
v -0.02913300 -0.12543200 -0.01426700
v -0.02913300 -0.12493200 -0.01426700
v -0.02918600 -0.12493200 -0.01575900
v -0.02918600 -0.12543200 -0.01575900
v -0.02471000 -0.12543200 -0.01592100
v -0.02471000 -0.12493200 -0.01592100
v -0.02476400 -0.12493200 -0.01741300
v -0.02321700 -0.12493200 -0.01597400
v -0.02321700 -0.12543200 -0.01597400
v -0.02327000 -0.12543200 -0.01746600
v -0.01659400 -0.12493200 -0.01619100
v -0.01647900 -0.12542900 -0.01618400
v -0.02321700 -0.12543200 -0.01597400
v -0.01411800 -0.12543200 -0.01219400
v -0.01411800 -0.12493200 -0.01219400
v -0.01561000 -0.12493200 -0.01214000
v -0.02465700 -0.12543200 -0.01442900
v -0.02465700 -0.12493200 -0.01442900
v -0.02913300 -0.12493200 -0.01426700
v -0.02913300 -0.12543200 -0.01426700
v -0.02456200 -0.12493200 -0.01181800
v -0.02456200 -0.12543200 -0.01181800
v -0.02306900 -0.12543200 -0.01187100
v -0.02316300 -0.12543200 -0.01448200
v -0.02316300 -0.12493200 -0.01448200
v -0.02306900 -0.12493200 -0.01187100
v -0.02476400 -0.12543200 -0.01741300
v -0.02476400 -0.12493200 -0.01741300
v -0.02327000 -0.12493200 -0.01746600
v -0.02918600 -0.12543200 -0.01575900
v -0.02918600 -0.12493200 -0.01575900
v -0.02471000 -0.12493200 -0.01592100
v -0.02471000 -0.12543200 -0.01592100
v -0.01680300 -0.12493200 -0.01470000
v -0.01685400 -0.12543200 -0.01470200
v -0.01576200 -0.12542600 -0.01400600
v -0.02316300 -0.12493200 -0.01448200
v -0.02316300 -0.12493200 -0.01448200
v -0.02316300 -0.12543200 -0.01448200
v -0.01685400 -0.12543200 -0.01470200
v -0.01685400 -0.12543200 -0.01470200
v -0.01647900 -0.12542900 -0.01618400
v -0.01659400 -0.12493200 -0.01619100
v -0.01460700 -0.12493200 -0.01497800
v -0.01442800 -0.12541900 -0.01475900
v -0.01460700 -0.12493200 -0.01497800
v -0.01411800 -0.12493200 -0.01219400
v -0.02456200 -0.12543200 -0.01181800
v -0.02456200 -0.12493200 -0.01181800
v -0.02465700 -0.12493200 -0.01442900
v -0.01561000 -0.12543200 -0.01214000
v -0.01561000 -0.12493200 -0.01214000
v -0.01576200 -0.12542600 -0.01400600
v -0.01581400 -0.12493200 -0.01398600
v -0.01573100 -0.12543200 -0.05695400
v -0.01573100 -0.12543200 -0.05695400
v -0.01573100 -0.12493200 -0.05695400
v -0.02049200 -0.12493200 -0.05677500
v -0.02049200 -0.12493200 -0.05677500
v -0.02758200 -0.12493200 -0.05474400
v -0.02757100 -0.12543100 -0.05466900
v -0.02776900 -0.12543200 -0.05950800
v -0.01583800 -0.12543200 -0.05993800
v -0.01583800 -0.12493200 -0.05993800
v -0.01573100 -0.12493200 -0.05695400
v -0.03075800 -0.12543200 -0.05940100
v -0.03075800 -0.12493200 -0.05940100
v -0.02767800 -0.12493200 -0.05954300
v -0.02343800 -0.12493200 -0.05072000
v -0.02343800 -0.12543200 -0.05072000
v -0.02187400 -0.12543200 -0.05184700
v -0.02187400 -0.12493200 -0.05184700
v -0.02069500 -0.12543300 -0.05379200
v -0.02538700 -0.12493200 -0.05025700
v -0.02538700 -0.12543200 -0.05025700
v -0.02897500 -0.12493200 -0.05156300
v -0.02897500 -0.12543200 -0.05156300
v -0.02732300 -0.12543200 -0.05056400
v -0.03040600 -0.12493200 -0.05361200
v -0.03048900 -0.12542700 -0.05380300
v -0.02732300 -0.12493200 -0.05056400
v -0.03048900 -0.12542700 -0.05380300
v -0.03040600 -0.12493200 -0.05361200
v -0.03075800 -0.12493200 -0.05940100
v -0.02757100 -0.12543100 -0.05466900
v -0.02758200 -0.12493200 -0.05474400
v -0.02669800 -0.12493200 -0.05351900
v -0.02515300 -0.12493200 -0.05327200
v -0.02504100 -0.12543100 -0.05328600
v -0.02658600 -0.12543200 -0.05347200
v -0.02504100 -0.12543100 -0.05328600
v -0.02515300 -0.12493200 -0.05327200
v -0.02370300 -0.12492800 -0.05420600
v -0.02359200 -0.12542900 -0.05436100
v -0.02370300 -0.12492800 -0.05420600
v -0.02356400 -0.12493200 -0.05667200
v -0.01583800 -0.12493200 -0.05993800
v -0.01583800 -0.12543200 -0.05993800
v -0.02740100 -0.12543200 -0.05952200
v -0.02757100 -0.12543100 -0.05466900
v -0.02757100 -0.12543100 -0.05466900
v -0.03048900 -0.12542700 -0.05380300
v -0.03075800 -0.12543200 -0.05940100
v -0.03075800 -0.12543200 -0.05940100
v -0.02776900 -0.12543200 -0.05950800
v -0.01583800 -0.12543200 -0.05993800
v -0.02058000 -0.12543200 -0.05677900
v -0.02058000 -0.12543200 -0.05677900
v -0.02740100 -0.12543200 -0.05952200
v -0.02356400 -0.12543200 -0.05667200
v -0.02359200 -0.12542900 -0.05436100
v -0.02359200 -0.12542900 -0.05436100
v -0.01573100 -0.12543200 -0.05695400
v -0.02658600 -0.12543200 -0.05347200
v -0.02897500 -0.12543200 -0.05156300
v -0.02504100 -0.12543100 -0.05328600
v -0.02504100 -0.12543100 -0.05328600
v -0.02504100 -0.12543100 -0.05328600
v -0.02732300 -0.12543200 -0.05056400
v -0.02343800 -0.12543200 -0.05072000
v -0.02343800 -0.12543200 -0.05072000
v -0.02538700 -0.12543200 -0.05025700
v -0.02538700 -0.12543200 -0.05025700
v -0.02069500 -0.12543300 -0.05379200
v -0.02069500 -0.12543300 -0.05379200
v -0.02187400 -0.12543200 -0.05184700
v -0.02187400 -0.12543200 -0.05184700
v -0.02579800 -0.12543200 -0.08759100
v -0.02579800 -0.12493200 -0.08759100
v -0.02851700 -0.12493200 -0.09048100
v -0.02868100 -0.12543000 -0.08577600
v -0.02868100 -0.12543000 -0.08577600
v -0.02868100 -0.12543000 -0.08577600
v -0.02868100 -0.12543000 -0.08577600
v -0.03187400 -0.12543200 -0.09036000
v -0.02889600 -0.12543200 -0.09046700
v -0.02889600 -0.12543200 -0.09046700
v -0.03173700 -0.12543200 -0.08657300
v -0.03173700 -0.12543200 -0.08657300
v -0.03173700 -0.12543200 -0.08657300
v -0.01977100 -0.12543200 -0.08780600
v -0.02851700 -0.12543200 -0.09048100
v -0.01695300 -0.12543200 -0.09089700
v -0.01681700 -0.12543200 -0.08711000
v -0.02579800 -0.12543200 -0.08759100
v -0.02692900 -0.12543200 -0.08355100
v -0.02692900 -0.12543200 -0.08355100
v -0.02692900 -0.12543200 -0.08355100
v -0.03111200 -0.12543200 -0.08398100
v -0.03111200 -0.12543200 -0.08398100
v -0.02958800 -0.12543200 -0.08190600
v -0.02958800 -0.12543200 -0.08190600
v -0.02958800 -0.12543200 -0.08190600
v -0.02408000 -0.12543100 -0.08308800
v -0.02408000 -0.12543100 -0.08308800
v -0.02408000 -0.12543100 -0.08308800
v -0.02740000 -0.12543200 -0.08056200
v -0.02740000 -0.12543200 -0.08056200
v -0.02740000 -0.12543200 -0.08056200
v -0.02408200 -0.12543000 -0.08007900
v -0.02408200 -0.12543000 -0.08007900
v -0.01723600 -0.12543200 -0.08452800
v -0.02133500 -0.12542900 -0.08378500
v -0.02004700 -0.12543200 -0.08559300
v -0.01858600 -0.12543200 -0.08234100
v -0.02066500 -0.12543200 -0.08082400
v -0.02066500 -0.12543200 -0.08082400
v -0.02868100 -0.12543000 -0.08577600
v -0.02864300 -0.12493200 -0.08580000
v -0.02712400 -0.12493500 -0.08363900
v -0.02429100 -0.12493200 -0.08309500
v -0.02408000 -0.12543100 -0.08308800
v -0.02692900 -0.12543200 -0.08355100
v -0.02152200 -0.12493200 -0.08369300
v -0.02133500 -0.12542900 -0.08378500
v -0.02408000 -0.12543100 -0.08308800
v -0.01973600 -0.12493200 -0.08780500
v -0.01977100 -0.12543200 -0.08780600
v -0.02004700 -0.12543200 -0.08559300
v -0.02004700 -0.12493200 -0.08559300
v -0.01723600 -0.12493200 -0.08452800
v -0.01723600 -0.12543200 -0.08452800
v -0.01681700 -0.12543200 -0.08711000
v -0.01858600 -0.12493200 -0.08234100
v -0.02391500 -0.12493200 -0.08009900
v -0.02408200 -0.12543000 -0.08007900
v -0.02066500 -0.12543200 -0.08082400
v -0.02066500 -0.12493200 -0.08082400
v -0.01858600 -0.12543200 -0.08234100
v -0.02740000 -0.12493200 -0.08056200
v -0.02740000 -0.12543200 -0.08056200
v -0.02408200 -0.12543000 -0.08007900
v -0.02958800 -0.12493200 -0.08190600
v -0.03173700 -0.12493200 -0.08657300
v -0.03173700 -0.12543200 -0.08657300
v -0.03111200 -0.12543200 -0.08398100
v -0.03111200 -0.12493200 -0.08398100
v -0.02958800 -0.12543200 -0.08190600
v -0.03173700 -0.12543200 -0.08657300
v -0.03173700 -0.12493200 -0.08657300
v -0.03187400 -0.12493200 -0.09036000
v -0.03187400 -0.12543200 -0.09036000
v -0.01977100 -0.12543200 -0.08780600
v -0.01977100 -0.12543200 -0.08780600
v -0.01973600 -0.12493200 -0.08780500
v -0.02579800 -0.12493200 -0.08759100
v -0.02579800 -0.12493200 -0.08759100
v -0.02579800 -0.12543200 -0.08759100
v -0.03187400 -0.12543200 -0.09036000
v -0.03187400 -0.12493200 -0.09036000
v -0.02889600 -0.12493200 -0.09046700
v -0.01681700 -0.12493200 -0.08711000
v -0.01681700 -0.12543200 -0.08711000
v -0.01695300 -0.12543200 -0.09089700
v -0.02450900 -0.12493200 -0.01032600
v -0.01406500 -0.12493200 -0.01070200
v -0.02450900 -0.12543200 -0.01032600
v -0.01406500 -0.12543200 -0.01070200
v -0.02445500 -0.12543200 -0.00883400
v -0.02445500 -0.12493200 -0.00883400
v -0.02450900 -0.12493200 -0.01032600
v -0.01406500 -0.12543200 -0.01070200
v -0.01401100 -0.12543200 -0.00921000
v -0.02450900 -0.12543200 -0.01032600
v -0.01401100 -0.12493200 -0.00921000
v -0.02445500 -0.12493200 -0.00883400
v -0.01401100 -0.12543200 -0.00921000
v -0.02445500 -0.12543200 -0.00883400
v -0.01406500 -0.12543200 -0.01070200
v -0.01406500 -0.12493200 -0.01070200
v -0.01401100 -0.12493200 -0.00921000
v -0.01587800 -0.12543200 -0.06105700
v -0.01587800 -0.12493200 -0.06105700
v -0.01886300 -0.12493200 -0.06095000
v -0.01618700 -0.12493200 -0.06963700
v -0.01587800 -0.12493200 -0.06105700
v -0.01587800 -0.12543200 -0.06105700
v -0.01618700 -0.12543200 -0.06963700
v -0.01618700 -0.12493200 -0.06963700
v -0.01618700 -0.12493200 -0.06963700
v -0.01618700 -0.12543200 -0.06963700
v -0.02178200 -0.12543200 -0.06943500
v -0.02178200 -0.12543200 -0.06943500
v -0.01886300 -0.12543200 -0.06095000
v -0.01886300 -0.12493200 -0.06095000
v -0.01906400 -0.12493200 -0.06654500
v -0.01906400 -0.12543200 -0.06654500
v -0.02178200 -0.12543200 -0.06943500
v -0.01618700 -0.12543200 -0.06963700
v -0.01587800 -0.12543200 -0.06105700
v -0.01886300 -0.12543200 -0.06095000
v -0.01906400 -0.12543200 -0.06654500
v -0.01906400 -0.12493200 -0.06654500
v -0.01906400 -0.12493200 -0.06654500
v -0.02178200 -0.12493200 -0.06943500
v -0.02184700 -0.12543200 -0.06084200
v -0.02184700 -0.12493200 -0.06084200
v -0.02483000 -0.12493200 -0.06073500
v -0.02215600 -0.12493200 -0.06942200
v -0.02184700 -0.12493200 -0.06084200
v -0.02184700 -0.12543200 -0.06084200
v -0.02215600 -0.12493200 -0.06942200
v -0.02215600 -0.12493200 -0.06942200
v -0.02215600 -0.12543200 -0.06942200
v -0.02775100 -0.12543200 -0.06922000
v -0.02775100 -0.12543200 -0.06922000
v -0.02503100 -0.12543200 -0.06633000
v -0.02503100 -0.12493200 -0.06633000
v -0.02503100 -0.12493200 -0.06633000
v -0.02775100 -0.12493200 -0.06922000
v -0.02483000 -0.12543200 -0.06073500
v -0.02483000 -0.12493200 -0.06073500
v -0.02503100 -0.12493200 -0.06633000
v -0.02503100 -0.12543200 -0.06633000
v -0.02775100 -0.12543200 -0.06922000
v -0.02215600 -0.12543200 -0.06942200
v -0.02184700 -0.12543200 -0.06084200
v -0.02483000 -0.12543200 -0.06073500
v -0.02219600 -0.12543200 -0.07054000
v -0.02219600 -0.12493200 -0.07054000
v -0.02517900 -0.12493200 -0.07043300
v -0.02250500 -0.12543200 -0.07911900
v -0.02250500 -0.12493200 -0.07911900
v -0.02219600 -0.12493200 -0.07054000
v -0.02810000 -0.12543200 -0.07891800
v -0.02810000 -0.12493200 -0.07891800
v -0.02250500 -0.12493200 -0.07911900
v -0.02538100 -0.12543200 -0.07602800
v -0.02538100 -0.12493200 -0.07602800
v -0.02810000 -0.12493200 -0.07891800
v -0.02517900 -0.12543200 -0.07043300
v -0.02517900 -0.12493200 -0.07043300
v -0.02538100 -0.12493200 -0.07602800
v -0.02538100 -0.12543200 -0.07602800
v -0.02810000 -0.12543200 -0.07891800
v -0.02250500 -0.12543200 -0.07911900
v -0.02219600 -0.12543200 -0.07054000
v -0.02517900 -0.12543200 -0.07043300
v -0.01622800 -0.12543200 -0.07075500
v -0.01622800 -0.12493200 -0.07075500
v -0.01921200 -0.12493200 -0.07064800
v -0.01653700 -0.12493200 -0.07933400
v -0.01622800 -0.12493200 -0.07075500
v -0.01653700 -0.12543200 -0.07933400
v -0.01622800 -0.12543200 -0.07075500
v -0.02213200 -0.12543200 -0.07913300
v -0.02213200 -0.12493200 -0.07913300
v -0.01653700 -0.12493200 -0.07933400
v -0.01941400 -0.12543200 -0.07624300
v -0.01941400 -0.12543200 -0.07624300
v -0.01941400 -0.12493200 -0.07624300
v -0.02213200 -0.12493200 -0.07913300
v -0.02213200 -0.12493200 -0.07913300
v -0.01921200 -0.12543200 -0.07064800
v -0.01921200 -0.12493200 -0.07064800
v -0.01941400 -0.12493200 -0.07624300
v -0.01941400 -0.12543200 -0.07624300
v -0.02213200 -0.12543200 -0.07913300
v -0.01653700 -0.12543200 -0.07933400
v -0.01622800 -0.12543200 -0.07075500
v -0.01921200 -0.12543200 -0.07064800
v -0.02816400 -0.12543200 -0.07032500
v -0.02816400 -0.12493200 -0.07032500
v -0.03114800 -0.12493200 -0.07021800
v -0.02847300 -0.12543200 -0.07890400
v -0.02847300 -0.12493200 -0.07890400
v -0.02816400 -0.12493200 -0.07032500
v -0.03145700 -0.12543200 -0.07879700
v -0.03145700 -0.12493200 -0.07879700
v -0.02847300 -0.12493200 -0.07890400
v -0.03114800 -0.12543200 -0.07021800
v -0.03114800 -0.12493200 -0.07021800
v -0.03145700 -0.12493200 -0.07879700
v -0.02847300 -0.12543200 -0.07890400
v -0.02816400 -0.12543200 -0.07032500
v -0.03145700 -0.12543200 -0.07879700
v -0.02684700 -0.12493200 -0.00889900
v -0.02687100 -0.12542600 -0.00884500
v -0.02683100 -0.12542000 -0.01017700
v -0.02752200 -0.12493200 -0.00835000
v -0.02758700 -0.12543000 -0.00832500
v -0.02815600 -0.12493200 -0.01056700
v -0.02809100 -0.12543000 -0.01059200
v -0.02882600 -0.12499300 -0.01004500
v -0.02700500 -0.12493100 -0.01031300
v -0.02683100 -0.12542000 -0.01017700
v -0.02897300 -0.12543100 -0.00920600
v -0.02897300 -0.12543100 -0.00920600
v -0.02882600 -0.12499300 -0.01004500
v -0.02809100 -0.12543000 -0.01059200
v -0.02683100 -0.12542000 -0.01017700
v -0.02758700 -0.12543000 -0.00832500
v -0.02882100 -0.12493300 -0.00872300
v -0.02687100 -0.12542600 -0.00884500
v -0.04851200 -0.11235300 -0.00089700
v -0.04837000 -0.11254900 -0.00424000
v -0.04809000 -0.11312000 -0.00718200
v -0.04607100 -0.11479800 0.00235000
v -0.04663400 -0.11482400 -0.01476300
v -0.04548700 -0.11490900 0.00685000
v -0.04838000 -0.10971100 -0.00416700
v -0.04837000 -0.11254900 -0.00424000
v -0.04851200 -0.11235300 -0.00089700
v -0.04809000 -0.11312000 -0.00718200
v -0.04840200 -0.11242800 0.00291000
v -0.04850200 -0.10942400 0.00059600
v -0.04793200 -0.11034400 -0.00847300
v -0.04742100 -0.11384100 -0.01146400
v -0.04729900 -0.11102700 -0.01191300
v -0.04671100 -0.11180200 -0.01461000
v -0.04568100 -0.11293200 -0.01810600
v -0.04623100 -0.11493100 -0.01635000
v -0.04742100 -0.11384100 -0.01146400
v -0.04663400 -0.11482400 -0.01476300
v -0.04663400 -0.11482400 -0.01476300
v -0.04809000 -0.11312000 -0.00718200
v -0.04809000 -0.11312000 -0.00718200
v -0.04607100 -0.11479800 0.00235000
v -0.04607100 -0.11479800 0.00235000
v -0.04840200 -0.11242800 0.00291000
v -0.04840200 -0.11242800 0.00291000
v -0.04851200 -0.11235300 -0.00089700
v -0.04497100 -0.11293200 0.00162000
v -0.04568100 -0.11293200 -0.01810600
v -0.04547700 -0.10942100 -0.01243900
v -0.04497100 -0.10693200 0.00162000
v -0.04558200 -0.11105500 -0.01534100
v -0.04524300 -0.10695200 -0.00613700
v -0.04538300 -0.10823700 -0.00982500
v -0.04547700 -0.10942100 -0.01243900
v -0.04729900 -0.11102700 -0.01191300
v -0.04538300 -0.10823700 -0.00982500
v -0.04585800 -0.10693400 -0.00241800
v -0.04838000 -0.10971100 -0.00416700
v -0.04850200 -0.10942400 0.00059600
v -0.04597000 -0.10693200 0.00165600
v -0.04524300 -0.10695200 -0.00613700
v -0.04671100 -0.11180200 -0.01461000
v -0.04558200 -0.11105500 -0.01534100
v -0.04568100 -0.11293200 -0.01810600
v -0.04793200 -0.11034400 -0.00847300
v 0.04474000 -0.10993200 0.00483300
v 0.04484700 -0.10843200 -0.00370400
v 0.04484700 -0.11143200 -0.00370400
v 0.04339100 -0.10693200 -0.01192700
v 0.04339100 -0.11293200 -0.01192700
v 0.04474000 -0.11293200 0.00483300
v 0.03983700 -0.11293200 0.02092900
v 0.02947900 -0.11293200 0.03399900
v 0.02947900 -0.10993200 0.03399900
v 0.04474000 -0.10693200 0.00483300
v 0.03983700 -0.10693200 0.02092900
v 0.01485700 -0.11293200 0.04247700
v 0.01485700 -0.10693200 0.04247700
v 0.02947900 -0.10693200 0.03399900
v -0.00155900 -0.10693200 0.04497300
v -0.01806400 -0.11293200 0.04121500
v -0.01806400 -0.10693200 0.04121500
v -0.03179200 -0.11293200 0.03184800
v -0.04391200 -0.11143200 0.00983600
v -0.04129100 -0.11293200 0.01788900
v -0.04497100 -0.11293200 0.00162000
v -0.04129100 -0.10693200 0.01788900
v -0.03179200 -0.10693200 0.03184800
v -0.04391200 -0.10843200 0.00983600
v -0.04497100 -0.10693200 0.00162000
v 0.04250400 -0.11353800 -0.02383500
v 0.04014200 -0.11480000 -0.02793500
v 0.04110000 -0.11415400 -0.02637600
v 0.04490900 -0.11489900 -0.00979900
v 0.04014200 -0.11480000 -0.02793500
v 0.04459800 -0.11466300 -0.01232300
v 0.04399700 -0.11284200 -0.02067200
v 0.04441300 -0.10988200 -0.01967400
v 0.04536400 -0.11259600 -0.01726400
v 0.04533000 -0.10960100 -0.01728100
v 0.03919400 -0.11493100 -0.02947100
v 0.03815900 -0.11293200 -0.03096000
v 0.04021800 -0.11179000 -0.02789000
v 0.04014200 -0.11480000 -0.02793500
v 0.04250400 -0.11353800 -0.02383500
v 0.04316100 -0.11033900 -0.02248400
v 0.04695300 -0.11239300 -0.01221400
v 0.04641600 -0.10940600 -0.01405100
v 0.04730200 -0.10950000 -0.01076500
v 0.04161100 -0.11101800 -0.02545300
v 0.04110000 -0.11415400 -0.02637600
v 0.04536400 -0.11259600 -0.01726400
v 0.04459800 -0.11466300 -0.01232300
v 0.04014200 -0.11480000 -0.02793500
v 0.04695300 -0.11239300 -0.01221400
v 0.04250400 -0.11353800 -0.02383500
v 0.04399700 -0.11284200 -0.02067200
v 0.03889200 -0.11105500 -0.02829200
v 0.03889200 -0.11105500 -0.02829200
v 0.03815900 -0.11293200 -0.03096000
v 0.04339100 -0.11293200 -0.01192700
v 0.04339100 -0.11293200 -0.01192700
v 0.04339100 -0.10693200 -0.01192700
v 0.03965900 -0.10942400 -0.02550400
v 0.03965900 -0.10942400 -0.02550400
v 0.04032400 -0.10828200 -0.02308400
v 0.04131700 -0.10695200 -0.01942700
v 0.04441300 -0.10988200 -0.01967400
v 0.04298400 -0.10693400 -0.01614400
v 0.04533000 -0.10960100 -0.01728100
v 0.03965900 -0.10942400 -0.02550400
v 0.04032400 -0.10828200 -0.02308400
v 0.04161100 -0.11101800 -0.02545300
v 0.04316100 -0.11033900 -0.02248400
v 0.04641600 -0.10940600 -0.01405100
v 0.04435500 -0.10693200 -0.01219200
v 0.04131700 -0.10695200 -0.01942700
v 0.04021800 -0.11179000 -0.02789000
v 0.03815900 -0.11293200 -0.03096000
v 0.03889200 -0.11105500 -0.02829200
v 0.04846400 -0.11293200 -0.21907200
v 0.04929400 -0.11039500 -0.22282500
v 0.04929400 -0.11039500 -0.22282500
v 0.05272500 -0.11293200 -0.23833600
v 0.05272500 -0.11293200 -0.23833600
v 0.05272500 -0.11293200 -0.23833600
v 0.05272500 -0.10693200 -0.23833600
v 0.04997700 -0.10878200 -0.22591300
v 0.04997700 -0.10878200 -0.22591300
v 0.05104000 -0.10695300 -0.23075600
v 0.05738100 -0.10946900 -0.24607100
v 0.05572500 -0.10820100 -0.24220300
v 0.05671900 -0.10912000 -0.24262000
v 0.05626100 -0.10942200 -0.23823300
v 0.05611200 -0.10813500 -0.24685900
v 0.05747500 -0.10941200 -0.25103500
v 0.05710900 -0.10946500 -0.25667100
v 0.05595800 -0.10820500 -0.25592600
v 0.05563100 -0.10941700 -0.26449400
v 0.05523600 -0.10817700 -0.26058900
v 0.05656200 -0.10942600 -0.26025700
v 0.04914500 -0.10825700 -0.27751700
v 0.05126500 -0.10943600 -0.27601200
v 0.04925900 -0.10942600 -0.27960500
v 0.05114900 -0.10830400 -0.27369200
v 0.05339200 -0.10945700 -0.27137100
v 0.05279400 -0.10815800 -0.26933400
v 0.05490700 -0.10946300 -0.26701800
v 0.04664500 -0.10817000 -0.28141100
v 0.04718600 -0.10949900 -0.28287900
v 0.04120300 -0.10821700 -0.28834200
v 0.04453400 -0.10940300 -0.28634300
v 0.04035400 -0.10944300 -0.29094800
v 0.03753200 -0.10944400 -0.29354000
v 0.03782200 -0.10819300 -0.29164900
v 0.02655800 -0.10815900 -0.29955600
v 0.03115700 -0.10944700 -0.29833900
v 0.02693700 -0.10944100 -0.30078600
v 0.01825600 -0.10814200 -0.30315900
v 0.02265400 -0.10944900 -0.30286100
v 0.01797500 -0.10942700 -0.30460000
v 0.01471600 -0.10946000 -0.30556600
v 0.01378300 -0.10821000 -0.30456200
v 0.00331700 -0.10947100 -0.30740800
v 0.00507900 -0.10817100 -0.30600700
v 0.00769600 -0.10943200 -0.30695600
v 0.00858400 -0.10693500 -0.30433100
v 0.01141400 -0.10944600 -0.30634500
v -0.00850300 -0.10817500 -0.30559300
v -0.00744000 -0.10945100 -0.30700500
v -0.01076000 -0.10944900 -0.30647500
v -0.00383900 -0.10815800 -0.30609200
v -0.00386900 -0.10944100 -0.30736000
v -0.02179000 -0.10818900 -0.30186200
v -0.02186500 -0.10946000 -0.30320300
v -0.02641200 -0.10939500 -0.30104500
v -0.02979600 -0.10820800 -0.29773800
v -0.03053200 -0.10946500 -0.29875000
v -0.01733700 -0.10824900 -0.30358100
v -0.01691700 -0.10943800 -0.30494200
v -0.03367900 -0.10822900 -0.29510900
v -0.03442500 -0.10947100 -0.29604000
v -0.03716300 -0.10907500 -0.29342500
v -0.04022600 -0.10813600 -0.28924700
v -0.03926400 -0.10945400 -0.29199000
v -0.04173500 -0.10942500 -0.28952400
v -0.04549100 -0.10942200 -0.28514400
v -0.04336400 -0.10819400 -0.28584300
v -0.04619000 -0.10841000 -0.28249700
v -0.04854600 -0.10948600 -0.28084600
v -0.04851700 -0.10817700 -0.27844700
v -0.05069100 -0.10946000 -0.27712700
v -0.05252200 -0.10823800 -0.27028800
v -0.05165200 -0.10901300 -0.27434200
v -0.05346600 -0.10946300 -0.27112700
v -0.05460300 -0.10944300 -0.26798600
v -0.05557400 -0.10946100 -0.26472000
v -0.05397800 -0.10816700 -0.26576300
v 0.05476800 -0.10693200 -0.24494900
v 0.05496900 -0.10693200 -0.25185800
v 0.05277700 -0.10693200 -0.26547900
v 0.05430200 -0.10693200 -0.25873800
v 0.03512200 -0.10943400 -0.29550700
v 0.03063800 -0.10817800 -0.29716600
v 0.00032300 -0.10902000 -0.30709800
v 0.04726400 -0.10693200 -0.27812600
v 0.05041900 -0.10693200 -0.27197600
v 0.05365800 -0.10693200 -0.23787900
v 0.04336300 -0.10693200 -0.28383200
v 0.03877800 -0.10693200 -0.28900400
v 0.03358000 -0.10693200 -0.29355900
v 0.02785100 -0.10693200 -0.29742700
v 0.02168300 -0.10693200 -0.30054600
v 0.01517200 -0.10693200 -0.30286600
v 0.00153900 -0.10693200 -0.30497800
v -0.00536900 -0.10693200 -0.30473700
v -0.01349200 -0.10942800 -0.30587400
v -0.05585000 -0.10821600 -0.25696600
v -0.05637100 -0.10941800 -0.26124900
v -0.05699100 -0.10942000 -0.25751300
v -0.05741500 -0.10950900 -0.25326900
v -0.05625300 -0.10823300 -0.25236100
v -0.05746800 -0.10942400 -0.24868700
v -0.01882200 -0.10693200 -0.30167900
v -0.01219200 -0.10693200 -0.30363200
v -0.02515500 -0.10693200 -0.29891000
v -0.03653600 -0.10693200 -0.29111100
v -0.03109100 -0.10693200 -0.29536900
v -0.04140300 -0.10693200 -0.28620400
v -0.04561700 -0.10693200 -0.28072600
v -0.05182900 -0.10693200 -0.26840700
v -0.04911100 -0.10693200 -0.27476200
v -0.05372800 -0.10693200 -0.26176100
v -0.05477900 -0.10693200 -0.25492900
v -0.05496500 -0.10693200 -0.24786600
v 0.05259700 -0.10693200 -0.23435000
v 0.05462600 -0.10969200 -0.23209500
v 0.05554700 -0.10948000 -0.23516200
v 0.04997700 -0.10878200 -0.22591300
v 0.05129900 -0.11123100 -0.22403100
v 0.05273000 -0.11046100 -0.22709700
v 0.05365800 -0.10693200 -0.23787900
v 0.05626100 -0.10942200 -0.23823300
v 0.05104000 -0.10695300 -0.23075600
v 0.05369400 -0.11006000 -0.22945500
v 0.04929400 -0.11039500 -0.22282500
v 0.04846400 -0.11293200 -0.21907200
v 0.04993700 -0.11201100 -0.22153100
v -0.05347000 -0.10993200 -0.25754600
v -0.05392700 -0.10993200 -0.25281200
v -0.05392700 -0.11143200 -0.25281200
v -0.05347000 -0.11143200 -0.25754600
v -0.05309800 -0.11293200 -0.25982600
v -0.05020900 -0.11293200 -0.26987700
v -0.05400700 -0.11293300 -0.24943600
v -0.04159400 -0.10693200 -0.28443800
v -0.04519800 -0.11293200 -0.27954900
v -0.03818400 -0.11293200 -0.28818400
v -0.02954900 -0.11293200 -0.29519800
v -0.01987700 -0.11293200 -0.30020900
v -0.02073900 -0.10693200 -0.29985900
v -0.00982600 -0.11293200 -0.30309800
v -0.03210600 -0.10693200 -0.29341900
v -0.04864700 -0.10693200 -0.27344100
v -0.05285300 -0.10693200 -0.26107300
v -0.05396500 -0.10693200 -0.24805600
v 0.00489900 -0.10693200 -0.30377700
v -0.00000000 -0.11293200 -0.30400000
v 0.00982600 -0.11293200 -0.30309800
v 0.01987700 -0.11293200 -0.30020900
v 0.02954900 -0.11293200 -0.29519800
v 0.02940800 -0.10693200 -0.29529000
v 0.01767100 -0.10693200 -0.30102700
v 0.03818400 -0.11293200 -0.28818400
v 0.04519800 -0.11293200 -0.27954900
v 0.03942400 -0.10693200 -0.28690200
v 0.05208200 -0.10693200 -0.26426400
v 0.05020900 -0.11293200 -0.26987700
v 0.05309800 -0.11293200 -0.25982600
v 0.05400000 -0.11293200 -0.25000000
v 0.05398300 -0.10693200 -0.25133900
v 0.04713200 -0.10693200 -0.27635500
v -0.00815900 -0.10693200 -0.30338000
v 0.05272500 -0.10693200 -0.23833600
v 0.01767100 -0.10693200 -0.30102700
v 0.02168300 -0.10693200 -0.30054600
v 0.01517200 -0.10693200 -0.30286600
v 0.02940800 -0.10693200 -0.29529000
v 0.00489900 -0.10693200 -0.30377700
v 0.00858400 -0.10693500 -0.30433100
v 0.00153900 -0.10693200 -0.30497800
v -0.00815900 -0.10693200 -0.30338000
v 0.03942400 -0.10693200 -0.28690200
v 0.04336300 -0.10693200 -0.28383200
v 0.03877800 -0.10693200 -0.28900400
v 0.03358000 -0.10693200 -0.29355900
v 0.02785100 -0.10693200 -0.29742700
v -0.01219200 -0.10693200 -0.30363200
v -0.00536900 -0.10693200 -0.30473700
v -0.02073900 -0.10693200 -0.29985900
v -0.02515500 -0.10693200 -0.29891000
v -0.01882200 -0.10693200 -0.30167900
v -0.03210600 -0.10693200 -0.29341900
v -0.03653600 -0.10693200 -0.29111100
v -0.03109100 -0.10693200 -0.29536900
v -0.04159400 -0.10693200 -0.28443800
v -0.04561700 -0.10693200 -0.28072600
v -0.04140300 -0.10693200 -0.28620400
v -0.04864700 -0.10693200 -0.27344100
v 0.04713200 -0.10693200 -0.27635500
v 0.05430200 -0.10693200 -0.25873800
v 0.05277700 -0.10693200 -0.26547900
v 0.05208200 -0.10693200 -0.26426400
v 0.05398300 -0.10693200 -0.25133900
v 0.05041900 -0.10693200 -0.27197600
v 0.04726400 -0.10693200 -0.27812600
v 0.05496900 -0.10693200 -0.25185800
v 0.05476800 -0.10693200 -0.24494900
v 0.05476800 -0.10693200 -0.24494900
v 0.05272500 -0.10693200 -0.23833600
v 0.05272500 -0.10693200 -0.23833600
v 0.05272500 -0.10693200 -0.23833600
v 0.05365800 -0.10693200 -0.23787900
v 0.05365800 -0.10693200 -0.23787900
v 0.05104000 -0.10695300 -0.23075600
v 0.05259700 -0.10693200 -0.23435000
v 0.05259700 -0.10693200 -0.23435000
v -0.04911100 -0.10693200 -0.27476200
v -0.05182900 -0.10693200 -0.26840700
v -0.05372800 -0.10693200 -0.26176100
v -0.05285300 -0.10693200 -0.26107300
v -0.05477900 -0.10693200 -0.25492900
v -0.05477900 -0.10693200 -0.25492900
v -0.05450200 -0.10692700 -0.24369100
v -0.05367300 -0.10696700 -0.24021900
v -0.05396500 -0.10693200 -0.24805600
v -0.05396500 -0.10693200 -0.24805600
v -0.05496500 -0.10693200 -0.24786600
v -0.05496500 -0.10693200 -0.24786600
v -0.05637100 -0.10941800 -0.26124900
v -0.05636000 -0.11230300 -0.26136000
v -0.05699100 -0.10942000 -0.25751300
v -0.05741500 -0.10950900 -0.25326900
v -0.05727100 -0.11246100 -0.25493100
v -0.05748400 -0.11199000 -0.25143500
v -0.05693900 -0.11197700 -0.25806900
v -0.05346600 -0.10946300 -0.27112700
v -0.05354800 -0.11200700 -0.27095900
v -0.05452700 -0.11243500 -0.26821600
v -0.05460300 -0.10944300 -0.26798600
v -0.05557400 -0.10946100 -0.26472000
v -0.05579500 -0.11244200 -0.26383100
v -0.05225900 -0.10986200 -0.27399900
v -0.05229700 -0.11242700 -0.27386300
v -0.04549100 -0.10942200 -0.28514400
v -0.04643000 -0.11227600 -0.28394300
v -0.04854600 -0.10948600 -0.28084600
v -0.04911100 -0.11241300 -0.27987300
v -0.05077100 -0.11241500 -0.27696200
v -0.05069100 -0.10946000 -0.27712700
v -0.04348000 -0.10988300 -0.28763700
v -0.04251600 -0.11236900 -0.28873700
v -0.03668300 -0.10987000 -0.29428700
v -0.03627900 -0.11243700 -0.29458000
v -0.03934400 -0.11243600 -0.29191600
v -0.03926400 -0.10945400 -0.29199000
v -0.02641200 -0.10939500 -0.30104500
v -0.02635700 -0.11241400 -0.30109200
v -0.03053200 -0.10946500 -0.29875000
v -0.03039800 -0.11241200 -0.29881600
v -0.03428500 -0.11202500 -0.29616600
v -0.03442500 -0.10947100 -0.29604000
v -0.01349200 -0.10942800 -0.30587400
v -0.01365600 -0.11240600 -0.30584300
v -0.01691700 -0.10943800 -0.30494200
v -0.02186500 -0.10946000 -0.30320300
v -0.02341500 -0.11198300 -0.30252400
v -0.02039800 -0.11241000 -0.30374900
v -0.01725800 -0.11242900 -0.30483100
v -0.00076200 -0.10989100 -0.30750400
v -0.00087900 -0.11231200 -0.30748500
v -0.00386900 -0.10944100 -0.30736000
v -0.01076000 -0.10944900 -0.30647500
v -0.01060400 -0.11244000 -0.30649600
v -0.00744000 -0.10945100 -0.30700500
v -0.00604400 -0.11238300 -0.30718700
v 0.00331700 -0.10947100 -0.30740800
v 0.00164100 -0.11240400 -0.30747000
v 0.00540400 -0.11244500 -0.30723000
v 0.01141400 -0.10944600 -0.30634500
v 0.01165200 -0.11244800 -0.30629900
v 0.00823800 -0.11196300 -0.30691400
v 0.00769600 -0.10943200 -0.30695600
v 0.01797500 -0.10942700 -0.30460000
v 0.01823600 -0.11229000 -0.30452800
v 0.01500000 -0.11198900 -0.30551500
v 0.01471600 -0.10946000 -0.30556600
v 0.02265400 -0.10944900 -0.30286100
v 0.02150100 -0.11247100 -0.30330000
v 0.03512200 -0.10943400 -0.29550700
v 0.03524100 -0.11242700 -0.29541800
v 0.03172600 -0.11240000 -0.29796700
v 0.02693700 -0.10944100 -0.30078600
v 0.02765000 -0.11244900 -0.30039500
v 0.02418300 -0.11199200 -0.30217200
v 0.03115700 -0.10944700 -0.29833900
v 0.03753200 -0.10944400 -0.29354000
v 0.03769600 -0.11201400 -0.29342500
v 0.04035400 -0.10944300 -0.29094800
v 0.04036600 -0.11241700 -0.29092800
v 0.04453400 -0.10940300 -0.28634300
v 0.04575300 -0.11240300 -0.28482700
v 0.04337800 -0.11245800 -0.28769700
v 0.04243600 -0.10981500 -0.28881200
v 0.04718600 -0.10949900 -0.28287900
v 0.04842700 -0.11243500 -0.28096200
v 0.05126500 -0.10943600 -0.27601200
v 0.05213100 -0.11241700 -0.27426800
v 0.04974200 -0.11197100 -0.27885900
v 0.04925900 -0.10942600 -0.27960500
v 0.05490700 -0.10946300 -0.26701800
v 0.05493000 -0.11241300 -0.26696900
v 0.05381400 -0.11241300 -0.27022700
v 0.05563100 -0.10941700 -0.26449400
v 0.05583100 -0.11241000 -0.26371800
v 0.05747500 -0.10941200 -0.25103500
v 0.05749800 -0.11241700 -0.24951300
v 0.05736000 -0.10988700 -0.25405200
v 0.05710900 -0.10946500 -0.25667100
v 0.05697200 -0.11243700 -0.25765700
v 0.05653800 -0.11239700 -0.26039200
v 0.05656200 -0.10942600 -0.26025700
v 0.05735500 -0.11245000 -0.25371500
v 0.05738100 -0.10946900 -0.24607100
v 0.05724600 -0.11244000 -0.24462600
v 0.05678300 -0.10983800 -0.24092300
v 0.05651900 -0.11241800 -0.23953300
v -0.05746800 -0.10942400 -0.24868700
v -0.05746400 -0.11243000 -0.24811500
v 0.05596300 -0.11242600 -0.23678800
v 0.05626100 -0.10942200 -0.23823300
v 0.05480600 -0.11493200 -0.24554700
v 0.05724600 -0.11244000 -0.24462600
v 0.05566500 -0.11364900 -0.24172500
v 0.05487800 -0.11489200 -0.25402400
v 0.05735500 -0.11245000 -0.25371500
v 0.05505900 -0.11486000 -0.24971900
v 0.05749800 -0.11241700 -0.24951300
v 0.05484300 -0.11457300 -0.25762200
v 0.05697200 -0.11243700 -0.25765700
v 0.05025600 -0.11488100 -0.27246900
v 0.05213100 -0.11241700 -0.27426800
v 0.05282800 -0.11365900 -0.26936100
v 0.04833800 -0.11486900 -0.27634700
v 0.05046200 -0.11254700 -0.27730200
v 0.04700700 -0.11456900 -0.27926100
v 0.04842700 -0.11243500 -0.28096200
v 0.03380100 -0.11459600 -0.29382800
v 0.03524100 -0.11242700 -0.29541800
v 0.03659500 -0.11488700 -0.29110600
v 0.04222200 -0.11487400 -0.28532700
v 0.04337800 -0.11245800 -0.28769700
v 0.04540500 -0.11368600 -0.28318300
v 0.03824600 -0.11277700 -0.29249300
v 0.04025300 -0.11376500 -0.28916000
v 0.02123600 -0.11487900 -0.30079600
v 0.02150100 -0.11247100 -0.30330000
v 0.02407800 -0.11362400 -0.30089000
v 0.03088700 -0.11488100 -0.29556800
v 0.03172600 -0.11240000 -0.29796700
v 0.01176600 -0.11488300 -0.30377900
v 0.01287600 -0.11335200 -0.30509300
v 0.01640900 -0.11488400 -0.30253200
v 0.01670100 -0.11276400 -0.30468900
v 0.00551200 -0.11487800 -0.30476900
v 0.00540400 -0.11244500 -0.30723000
v 0.00891700 -0.11371200 -0.30550100
v -0.01110600 -0.11487700 -0.30392500
v -0.01060400 -0.11244000 -0.30649600
v -0.00676000 -0.11363500 -0.30588200
v -0.00250300 -0.11489300 -0.30497700
v -0.00272200 -0.11281600 -0.30706100
v 0.00128200 -0.11484300 -0.30507100
v 0.00164100 -0.11240400 -0.30747000
v -0.03481400 -0.11488800 -0.29262200
v -0.03627900 -0.11243700 -0.29458000
v -0.03131300 -0.11488600 -0.29525900
v -0.03834100 -0.11488400 -0.28951000
v -0.03934400 -0.11243600 -0.29191600
v -0.03314300 -0.11280700 -0.29654000
v -0.02897800 -0.11452100 -0.29723300
v -0.03039800 -0.11241200 -0.29881600
v -0.02635700 -0.11241400 -0.30109200
v -0.04278800 -0.11486400 -0.28466500
v -0.04456900 -0.11276600 -0.28581300
v -0.04127000 -0.11388700 -0.28791400
v -0.04251600 -0.11236900 -0.28873700
v -0.04508700 -0.11488300 -0.28152300
v -0.04695300 -0.11279800 -0.28258000
v -0.05338100 -0.11485800 -0.26350000
v -0.05579500 -0.11244200 -0.26383100
v -0.05208800 -0.11489000 -0.26779200
v -0.05452700 -0.11243500 -0.26821600
v -0.05221100 -0.11355500 -0.27124700
v -0.05423700 -0.11487800 -0.25943200
v -0.05635200 -0.11277800 -0.25958900
v 0.05381400 -0.11241300 -0.27022700
v 0.05493000 -0.11241300 -0.26696900
v 0.05583100 -0.11241000 -0.26371800
v 0.05285800 -0.11488000 -0.26536500
v 0.05651900 -0.11241800 -0.23953300
v 0.05596300 -0.11242600 -0.23678800
v 0.05425300 -0.11445800 -0.26166600
v 0.05653800 -0.11239700 -0.26039200
v 0.04575300 -0.11240300 -0.28482700
v 0.04036600 -0.11241700 -0.29092800
v 0.01165200 -0.11244800 -0.30629900
v 0.02765000 -0.11244900 -0.30039500
v 0.05154600 -0.11487600 -0.26924800
v 0.05422300 -0.11482400 -0.24006200
v 0.04498200 -0.11488400 -0.28168700
v 0.03976800 -0.11488300 -0.28801400
v 0.02696800 -0.11488100 -0.29799500
v -0.01465400 -0.11354400 -0.30444200
v -0.01725800 -0.11242900 -0.30483100
v -0.01365600 -0.11240600 -0.30584300
v -0.00604400 -0.11238300 -0.30718700
v -0.01851100 -0.11362500 -0.30316900
v -0.02039800 -0.11241000 -0.30374900
v -0.02296100 -0.11292000 -0.30218900
v -0.05229700 -0.11242700 -0.27386300
v -0.05077100 -0.11241500 -0.27696200
v -0.04955900 -0.11487400 -0.27400800
v -0.04911100 -0.11241300 -0.27987300
v -0.04742000 -0.11487600 -0.27796100
v -0.05746400 -0.11243000 -0.24811500
v -0.05727100 -0.11246100 -0.25493100
v -0.05624600 -0.11364800 -0.25185900
v -0.00651300 -0.11487900 -0.30464200
v -0.02095300 -0.11488000 -0.30089500
v -0.01591900 -0.11487900 -0.30270200
v -0.02539300 -0.11488600 -0.29885000
v -0.05477000 -0.11491300 -0.25507500
v -0.05512900 -0.11481600 -0.24993800
v 0.05050900 -0.11485800 -0.22349000
v 0.05050900 -0.11485800 -0.22349000
v 0.05422300 -0.11482400 -0.24006200
v 0.05309600 -0.11331200 -0.22796200
v 0.05309600 -0.11331200 -0.22796200
v 0.05129100 -0.11415100 -0.22398000
v 0.05454100 -0.11270900 -0.23174000
v 0.05596300 -0.11242600 -0.23678800
v 0.04846400 -0.11293200 -0.21907200
v 0.04967900 -0.11390300 -0.22102500
v 0.04993700 -0.11201100 -0.22153100
v 0.05129100 -0.11415100 -0.22398000
v 0.05129900 -0.11123100 -0.22403100
v 0.05454100 -0.11270900 -0.23174000
v 0.05596300 -0.11242600 -0.23678800
v 0.05554700 -0.10948000 -0.23516200
v 0.05369400 -0.11006000 -0.22945500
v 0.05309600 -0.11331200 -0.22796200
v 0.05273000 -0.11046100 -0.22709700
v 0.05462600 -0.10969200 -0.23209500
v 0.05626100 -0.10942200 -0.23823300
v 0.04851700 -0.11449200 -0.21930900
v -0.03195700 -0.13392400 -0.17513700
v -0.03384700 -0.13235800 -0.17365500
v -0.03104900 -0.13496900 -0.17629400
v -0.03514600 -0.13072700 -0.17087700
v -0.03619300 -0.12988300 -0.17001000
v -0.03653200 -0.12926200 -0.16839900
v -0.03769700 -0.12824400 -0.16630500
v -0.03134100 -0.13497900 -0.17688800
v -0.02947000 -0.13672900 -0.17817200
v -0.02927000 -0.13649300 -0.17775600
v -0.04022700 -0.12505500 -0.15376300
v -0.04077400 -0.12464700 -0.15174800
v -0.04019900 -0.12540500 -0.15684400
v 0.02343900 -0.11293200 -0.08451100
v 0.02346800 -0.11452000 -0.08440400
v 0.02270500 -0.11495100 -0.08739300
v 0.02223400 -0.11293200 -0.09087100
v 0.02215200 -0.11494900 -0.09119300
v 0.02196100 -0.11494600 -0.09473800
v 0.02207000 -0.11293200 -0.09734100
v 0.02204600 -0.11495500 -0.09772300
v 0.02295300 -0.11293200 -0.10375300
v 0.02258200 -0.11455300 -0.10207800
v -0.01253300 -0.12982000 -0.16721700
v -0.03653200 -0.12926200 -0.16839900
v -0.03514600 -0.13072700 -0.17087700
v -0.00756300 -0.12811500 -0.16323000
v -0.03769700 -0.12824400 -0.16630500
v 0.01641700 -0.13579400 -0.17288700
v -0.03195700 -0.13392400 -0.17513700
v -0.03104900 -0.13496900 -0.17629400
v 0.01885400 -0.13269800 -0.16890700
v 0.01957600 -0.13166000 -0.16734900
v -0.03328000 -0.13256600 -0.17348700
v 0.01796400 -0.13390100 -0.17056100
v 0.02140400 -0.12923900 -0.16308500
v 0.02051600 -0.13067900 -0.16573000
v 0.02203300 -0.12798800 -0.16025700
v -0.00945300 -0.12513500 -0.15173500
v -0.02465700 -0.12498200 -0.15110400
v -0.04022700 -0.12505500 -0.15376300
v -0.04019900 -0.12540500 -0.15684400
v -0.03956900 -0.12616300 -0.16045400
v -0.00907300 -0.12573700 -0.15567800
v -0.03863000 -0.12722300 -0.16383000
v -0.00839900 -0.12673500 -0.15952300
v 0.02268500 -0.12633700 -0.15542100
v 0.02273200 -0.12560100 -0.15218300
v 0.02239000 -0.12727900 -0.15841600
v 0.00674200 -0.12538400 -0.15225400
v 0.02248800 -0.12513500 -0.14892600
v -0.02927000 -0.13649300 -0.17775600
v 0.02169200 -0.12493300 -0.14624600
v -0.00932100 -0.12493200 -0.14769200
v -0.04006300 -0.12493200 -0.15124900
v 0.04310900 -0.11521600 -0.01187900
v 0.04310900 -0.11521600 -0.01187900
v 0.03402100 -0.12464500 -0.00936400
v 0.03402100 -0.12464500 -0.00936400
v 0.02315600 -0.11522500 -0.08443400
v 0.03857100 -0.11993000 -0.01060200
v 0.01861800 -0.11993200 -0.08318600
v 0.01407900 -0.12463900 -0.08193800
v 0.01885400 -0.13269800 -0.16890700
v 0.01922500 -0.13272200 -0.16928800
v 0.01957600 -0.13166000 -0.16734900
v 0.01796400 -0.13390100 -0.17056100
v 0.01641700 -0.13579400 -0.17288700
v 0.01743100 -0.13519900 -0.17262700
v 0.02169200 -0.12493300 -0.14624600
v 0.02248800 -0.12513500 -0.14892600
v 0.02223900 -0.12481600 -0.14630100
v 0.01603200 -0.13668400 -0.17396700
v 0.01307700 -0.12481800 -0.10490800
v 0.02169200 -0.12493300 -0.14624600
v 0.02223900 -0.12481600 -0.14630100
v 0.01307700 -0.12481800 -0.10490800
v 0.01245200 -0.12483300 -0.10114600
v 0.01173500 -0.12493200 -0.10076600
v 0.01259200 -0.12463400 -0.08973900
v 0.01262100 -0.12493100 -0.08706200
v 0.01206900 -0.12493100 -0.09212900
v 0.01356400 -0.12484500 -0.08273800
v 0.01301400 -0.12493200 -0.08318100
v 0.01356400 -0.12484500 -0.08273800
v 0.01407900 -0.12463900 -0.08193800
v 0.03402100 -0.12464500 -0.00936400
v 0.03410200 -0.12484600 -0.00798400
v 0.01301400 -0.12493200 -0.08318100
v 0.03465800 -0.12493200 -0.00453900
v -0.04022700 -0.12505500 -0.15376300
v -0.04046300 -0.12485300 -0.15169000
v -0.04077400 -0.12464700 -0.15174800
v -0.04006300 -0.12493200 -0.15124900
v -0.03486000 -0.12485200 0.00385300
v -0.03527000 -0.12463900 0.00127100
v -0.04077400 -0.12464700 -0.15174800
v -0.04046300 -0.12485300 -0.15169000
v 0.02295300 -0.11293200 -0.10375300
v 0.04851700 -0.11449200 -0.21930900
v 0.04846400 -0.11293200 -0.21907200
v 0.02258200 -0.11455300 -0.10207800
v 0.05738100 -0.10946900 -0.24607100
v 0.05671900 -0.10912000 -0.24262000
v 0.05626100 -0.10942200 -0.23823300
v 0.05678300 -0.10983800 -0.24092300
v 0.05747500 -0.10941200 -0.25103500
v 0.05736000 -0.10988700 -0.25405200
v 0.05710900 -0.10946500 -0.25667100
v 0.00331700 -0.10947100 -0.30740800
v -0.00386900 -0.10944100 -0.30736000
v 0.00032300 -0.10902000 -0.30709800
v -0.03442500 -0.10947100 -0.29604000
v -0.03926400 -0.10945400 -0.29199000
v -0.03716300 -0.10907500 -0.29342500
v -0.05069100 -0.10946000 -0.27712700
v -0.05225900 -0.10986200 -0.27399900
v -0.05346600 -0.10946300 -0.27112700
v -0.05165200 -0.10901300 -0.27434200
v 0.05480600 -0.11493200 -0.24554700
v 0.05422300 -0.11482400 -0.24006200
v 0.05050900 -0.11485800 -0.22349000
v -0.02539300 -0.11488600 -0.29885000
v -0.03131300 -0.11488600 -0.29525900
v -0.02897800 -0.11452100 -0.29723300
v 0.03380100 -0.11459600 -0.29382800
v 0.03659500 -0.11488700 -0.29110600
v 0.03088700 -0.11488100 -0.29556800
v 0.04833800 -0.11486900 -0.27634700
v 0.04498200 -0.11488400 -0.28168700
v 0.04700700 -0.11456900 -0.27926100
v 0.05285800 -0.11488000 -0.26536500
v 0.05425300 -0.11445800 -0.26166600
v 0.05399100 -0.11489900 -0.26003400
v 0.05484300 -0.11457300 -0.25762200
v 0.05487800 -0.11489200 -0.25402400
v 0.05046200 -0.11254700 -0.27730200
v 0.04974200 -0.11197100 -0.27885900
v 0.05213100 -0.11241700 -0.27426800
v 0.03769600 -0.11201400 -0.29342500
v 0.04036600 -0.11241700 -0.29092800
v 0.03524100 -0.11242700 -0.29541800
v 0.04842700 -0.11243500 -0.28096200
v 0.03824600 -0.11277700 -0.29249300
v 0.02150100 -0.11247100 -0.30330000
v 0.02150100 -0.11247100 -0.30330000
v 0.02418300 -0.11199200 -0.30217200
v 0.02765000 -0.11244900 -0.30039500
v 0.01823600 -0.11229000 -0.30452800
v 0.01670100 -0.11276400 -0.30468900
v 0.01500000 -0.11198900 -0.30551500
v 0.01165200 -0.11244800 -0.30629900
v 0.01165200 -0.11244800 -0.30629900
v -0.00087900 -0.11231200 -0.30748500
v -0.00272200 -0.11281600 -0.30706100
v -0.00604400 -0.11238300 -0.30718700
v 0.00164100 -0.11240400 -0.30747000
v -0.02039800 -0.11241000 -0.30374900
v -0.02296100 -0.11292000 -0.30218900
v -0.02635700 -0.11241400 -0.30109200
v -0.02341500 -0.11198300 -0.30252400
v -0.05727100 -0.11246100 -0.25493100
v -0.05746400 -0.11243000 -0.24811500
v -0.05748400 -0.11199000 -0.25143500
v -0.04251600 -0.11236900 -0.28873700
v -0.04456900 -0.11276600 -0.28581300
v -0.04643000 -0.11227600 -0.28394300
v -0.04695300 -0.11279800 -0.28258000
v -0.04911100 -0.11241300 -0.27987300
v -0.05354800 -0.11200700 -0.27095900
v -0.05229700 -0.11242700 -0.27386300
v -0.05452700 -0.11243500 -0.26821600
v -0.05636000 -0.11230300 -0.26136000
v -0.05579500 -0.11244200 -0.26383100
v -0.05635200 -0.11277800 -0.25958900
v -0.05693900 -0.11197700 -0.25806900
v 0.02254000 -0.11490800 -0.10225200
v 0.02213400 -0.11517900 -0.10069100
v 0.02269700 -0.11520200 -0.10385000
v 0.02204600 -0.11495500 -0.09772300
v 0.02258200 -0.11455300 -0.10207800
v 0.02270500 -0.11495100 -0.08739300
v 0.02351400 -0.11491000 -0.08393900
v 0.02315600 -0.11522500 -0.08443400
v 0.02346800 -0.11452000 -0.08440400
v -0.04568200 -0.11452500 -0.01812400
v -0.04568200 -0.11452500 -0.01812400
v -0.04568100 -0.11293200 -0.01810600
v -0.05325400 -0.11293200 -0.22833000
v -0.05325400 -0.11293200 -0.22833000
v -0.05325300 -0.11453200 -0.22830800
v 0.02351400 -0.11491000 -0.08393900
v 0.04310900 -0.11521600 -0.01187900
v 0.02315600 -0.11522500 -0.08443400
v 0.03801200 -0.11492600 -0.03117700
v 0.04407400 -0.11493400 -0.00905000
v 0.02343900 -0.11293200 -0.08451100
v 0.03815900 -0.11293200 -0.03096000
v 0.03815900 -0.11293200 -0.03096000
v 0.03815300 -0.11455700 -0.03098100
v 0.02346800 -0.11452000 -0.08440400
v 0.02346800 -0.11452000 -0.08440400
v 0.04041200 -0.10903100 0.02611200
v 0.03899400 -0.10945100 0.02882600
v 0.04226500 -0.10945600 0.02375100
v 0.04069400 -0.10985000 0.02639600
v 0.01577800 -0.10941700 0.04584700
v 0.01016200 -0.10944200 0.04741600
v 0.01359700 -0.10987200 0.04656500
v 0.00427900 -0.10958800 0.04830500
v 0.00600200 -0.10914100 0.04784500
v 0.00155600 -0.10943500 0.04846600
v -0.01195900 -0.10943300 0.04699200
v -0.01704200 -0.10945300 0.04539800
v -0.01447400 -0.10990400 0.04629400
v 0.00730600 -0.10983500 0.04795400
v 0.04801600 -0.11205000 -0.00689500
v 0.04695300 -0.11239300 -0.01221400
v 0.04730200 -0.10950000 -0.01076500
v 0.04828600 -0.11241800 -0.00446700
v 0.04800900 -0.10942400 -0.00671100
v 0.04763800 -0.11241900 0.00901300
v 0.04812700 -0.11241200 0.00593000
v 0.04804000 -0.10941900 0.00652700
v 0.04684600 -0.11242200 0.01253200
v 0.04727700 -0.10946600 0.01083400
v 0.04842500 -0.11242700 0.00238400
v 0.04846500 -0.11244300 -0.00104800
v 0.04848100 -0.10947300 -0.00189800
v 0.04841800 -0.10945300 0.00262200
v 0.04594700 -0.10944100 0.01550700
v 0.04248000 -0.11243000 0.02337400
v 0.04397600 -0.11242700 0.02040500
v 0.04419800 -0.10948600 0.02002400
v 0.04563500 -0.11240300 0.01642300
v 0.03913100 -0.11240600 0.02862800
v 0.04071500 -0.11200500 0.02636900
v 0.04069400 -0.10985000 0.02639600
v 0.04226500 -0.10945600 0.02375100
v 0.03394400 -0.10949300 0.03467800
v 0.03700900 -0.11240200 0.03132400
v 0.03688200 -0.10946000 0.03148000
v 0.03899400 -0.10945100 0.02882600
v 0.02468100 -0.11240800 0.04174000
v 0.02754000 -0.11238700 0.03990400
v 0.02761500 -0.10949500 0.03986600
v 0.03257600 -0.11244500 0.03591900
v 0.03484500 -0.11196500 0.03374600
v 0.03015300 -0.11199000 0.03799200
v 0.03061100 -0.10942300 0.03759200
v 0.02197100 -0.11240600 0.04322500
v 0.02525000 -0.10945700 0.04140300
v 0.01925300 -0.11201500 0.04452000
v 0.02233800 -0.10943200 0.04303200
v 0.01323100 -0.11241100 0.04664800
v 0.01659000 -0.11239700 0.04555500
v 0.01577800 -0.10941700 0.04584700
v 0.01927200 -0.10944700 0.04449200
v 0.00016600 -0.11237600 0.04851000
v 0.00423900 -0.11197200 0.04832100
v 0.00427900 -0.10958800 0.04830500
v 0.00749300 -0.11243500 0.04791200
v 0.01056000 -0.11202100 0.04734600
v 0.01016200 -0.10944200 0.04741600
v 0.01359700 -0.10987200 0.04656500
v 0.00730600 -0.10983500 0.04795400
v -0.00458800 -0.11244500 0.04825800
v -0.00371100 -0.10947900 0.04838300
v -0.01154500 -0.11242000 0.04709600
v -0.00803800 -0.11242500 0.04781400
v -0.00815500 -0.10945500 0.04779900
v -0.02075700 -0.11239700 0.04383100
v -0.01780000 -0.11242700 0.04510400
v -0.01704200 -0.10945300 0.04539800
v -0.02447600 -0.11240000 0.04188700
v -0.02074500 -0.10943300 0.04382700
v -0.01462100 -0.11243200 0.04621100
v -0.01447400 -0.10990400 0.04629400
v -0.01195900 -0.10943300 0.04699200
v -0.03100900 -0.11201000 0.03729800
v -0.02831100 -0.11241600 0.03936000
v -0.02860200 -0.10945400 0.03915500
v -0.03345100 -0.11245000 0.03510000
v -0.03087300 -0.10948600 0.03739300
v -0.02509000 -0.10948000 0.04152400
v -0.03934300 -0.11242400 0.02834700
v -0.03648500 -0.11239200 0.03196900
v -0.03703700 -0.10945400 0.03132400
v -0.03380500 -0.10940800 0.03475000
v -0.04175400 -0.11239700 0.02471000
v -0.03930100 -0.10946700 0.02840000
v -0.04399500 -0.11243100 0.02038900
v -0.04302900 -0.10944800 0.02234100
v -0.04641900 -0.10944000 0.01401300
v -0.04547700 -0.11240400 0.01681200
v -0.04479800 -0.10943000 0.01858700
v -0.04714100 -0.11242100 0.01132100
v -0.04642800 -0.11201200 0.01406500
v -0.04795200 -0.11238500 0.00731700
v -0.04756700 -0.10946800 0.00954000
v -0.04826100 -0.10943200 0.00467500
v -0.04840200 -0.11242800 0.00291000
v -0.04850200 -0.10942400 0.00059600
v 0.04828600 -0.11241800 -0.00446700
v 0.04695300 -0.11239300 -0.01221400
v 0.04801600 -0.11205000 -0.00689500
v 0.04732800 -0.11278800 -0.00892600
v 0.03913100 -0.11240600 0.02862800
v 0.04248000 -0.11243000 0.02337400
v 0.04071500 -0.11200500 0.02636900
v 0.04044300 -0.11280600 0.02610300
v 0.03700900 -0.11240200 0.03132400
v 0.03257600 -0.11244500 0.03591900
v 0.03545300 -0.11280400 0.03257000
v 0.03484500 -0.11196500 0.03374600
v 0.02754000 -0.11238700 0.03990400
v 0.02928100 -0.11287100 0.03812400
v 0.02197100 -0.11240600 0.04322500
v 0.01659000 -0.11239700 0.04555500
v 0.01880700 -0.11281800 0.04430300
v 0.01056000 -0.11202100 0.04734600
v 0.00749300 -0.11243500 0.04791200
v 0.01323100 -0.11241100 0.04664800
v 0.01925300 -0.11201500 0.04452000
v 0.03015300 -0.11199000 0.03799200
v 0.00016600 -0.11237600 0.04851000
v 0.00329900 -0.11281400 0.04802000
v 0.00423900 -0.11197200 0.04832100
v -0.02831100 -0.11241600 0.03936000
v -0.03345100 -0.11245000 0.03510000
v -0.03059700 -0.11281500 0.03714800
v -0.03100900 -0.11201000 0.03729800
v -0.04547700 -0.11240400 0.01681200
v -0.04714100 -0.11242100 0.01132100
v -0.04616500 -0.11284400 0.01349400
v -0.04642800 -0.11201200 0.01406500
v 0.03861000 -0.11487300 0.02512100
v 0.04143500 -0.11387500 0.02229800
v 0.04044300 -0.11280600 0.02610300
v 0.04334000 -0.11366700 0.01883200
v 0.04248000 -0.11243000 0.02337400
v 0.03747300 -0.11357800 0.02894200
v 0.02562100 -0.11370300 0.03967600
v 0.02831700 -0.11487800 0.03632500
v 0.02928100 -0.11287100 0.03812400
v 0.03198300 -0.11362900 0.03483900
v 0.03463700 -0.11388000 0.03184000
v 0.03545300 -0.11280400 0.03257000
v 0.01894300 -0.11486200 0.04201600
v 0.02213400 -0.11366000 0.04175800
v 0.01880700 -0.11281800 0.04430300
v -0.02351300 -0.11404500 0.04056200
v -0.02023300 -0.11356800 0.04281400
v -0.02447600 -0.11240000 0.04188700
v -0.02711600 -0.11361000 0.03877900
v -0.03565600 -0.11385600 0.03073100
v -0.03285100 -0.11397900 0.03354300
v -0.03345100 -0.11245000 0.03510000
v -0.02901200 -0.11485600 0.03578000
v -0.03059700 -0.11281500 0.03714800
v -0.04229200 -0.11377400 0.02085200
v -0.03932200 -0.11487300 0.02397700
v -0.04175400 -0.11239700 0.02471000
v -0.04631000 -0.11366600 0.00942300
v -0.04436500 -0.11487600 0.01241100
v -0.04616500 -0.11284400 0.01349400
v -0.04402700 -0.11368400 0.01713500
v 0.04727400 -0.11364200 -0.00072400
v 0.04846500 -0.11244300 -0.00104800
v 0.04842500 -0.11242700 0.00238400
v 0.04721700 -0.11358800 0.00333200
v 0.04812700 -0.11241200 0.00593000
v 0.04676100 -0.11359500 0.00731700
v 0.04763800 -0.11241900 0.00901300
v 0.04595700 -0.11361100 0.01123300
v 0.04684600 -0.11242200 0.01253200
v 0.04828600 -0.11241800 -0.00446700
v 0.04563500 -0.11240300 0.01642300
v 0.04472500 -0.11372300 0.01507800
v 0.04397600 -0.11242700 0.02040500
v 0.04624700 -0.11388000 -0.00864200
v 0.04695300 -0.11239300 -0.01221400
v 0.04732800 -0.11278800 -0.00892600
v 0.03913100 -0.11240600 0.02862800
v 0.03700900 -0.11240200 0.03132400
v 0.02754000 -0.11238700 0.03990400
v 0.02468100 -0.11240800 0.04174000
v 0.02197100 -0.11240600 0.04322500
v 0.03257600 -0.11244500 0.03591900
v 0.01483400 -0.11344800 0.04510200
v 0.01659000 -0.11239700 0.04555500
v 0.01323100 -0.11241100 0.04664800
v 0.01098500 -0.11359300 0.04604400
v 0.00749300 -0.11243500 0.04791200
v 0.00715400 -0.11364400 0.04674000
v 0.04490900 -0.11489900 -0.00979900
v 0.04459800 -0.11466300 -0.01232300
v 0.04583800 -0.11485600 -0.00498800
v 0.04573800 -0.11488300 0.00515900
v 0.04503000 -0.11488000 0.00959200
v 0.04602600 -0.11488800 0.00087200
v 0.04264200 -0.11486500 0.01740800
v 0.04120200 -0.11488200 0.02050600
v 0.04389300 -0.11488300 0.01388000
v 0.03568200 -0.11488300 0.02908300
v 0.03203800 -0.11487900 0.03307600
v 0.02422800 -0.11489400 0.03911800
v 0.01556000 -0.11489300 0.04330400
v 0.01201600 -0.11486200 0.04445600
v 0.00868600 -0.11488800 0.04520200
v 0.00329900 -0.11281400 0.04802000
v -0.00072400 -0.11337400 0.04754300
v 0.00016600 -0.11237600 0.04851000
v -0.00458800 -0.11244500 0.04825800
v -0.00873700 -0.11361600 0.04649500
v -0.00803800 -0.11242500 0.04781400
v -0.01154500 -0.11242000 0.04709600
v -0.01264400 -0.11365800 0.04554100
v -0.01462100 -0.11243200 0.04621100
v -0.01649500 -0.11360400 0.04435000
v -0.01780000 -0.11242700 0.04510400
v -0.02075700 -0.11239700 0.04383100
v -0.02831100 -0.11241600 0.03936000
v -0.04399500 -0.11243100 0.02038900
v -0.04547700 -0.11240400 0.01681200
v -0.03839600 -0.11352000 0.02779900
v -0.03648500 -0.11239200 0.03196900
v -0.03934300 -0.11242400 0.02834700
v -0.04714100 -0.11242100 0.01132100
v -0.04795200 -0.11238500 0.00731700
v -0.04692400 -0.11366900 0.00561500
v -0.04840200 -0.11242800 0.00291000
v 0.00364500 -0.11488300 0.04590200
v 0.00010900 -0.11487800 0.04603300
v -0.00451700 -0.11485800 0.04587700
v -0.00944700 -0.11488600 0.04504300
v -0.01443400 -0.11488500 0.04372700
v -0.01932000 -0.11487700 0.04181900
v -0.02463300 -0.11489200 0.03887300
v -0.03135500 -0.11488200 0.03369600
v -0.03447900 -0.11488700 0.03048000
v -0.03716300 -0.11485400 0.02724800
v -0.04148500 -0.11488000 0.02000400
v -0.04312500 -0.11489400 0.01599000
v -0.04548700 -0.11490900 0.00685000
v -0.04607100 -0.11479800 0.00235000
v 0.03695400 -0.10803700 0.02921300
v 0.04041200 -0.10903100 0.02611200
v 0.03950500 -0.10803500 0.02565300
v -0.03703700 -0.10945400 0.03132400
v -0.03380500 -0.10940800 0.03475000
v -0.03623600 -0.10803500 0.03009400
v -0.03889900 -0.10803500 0.02656700
v 0.04646700 -0.10810800 -0.00815900
v 0.04435500 -0.10693200 -0.01219200
v 0.04693900 -0.10803200 -0.00385700
v 0.04573400 -0.10693200 0.00494000
v 0.04718000 -0.10811100 0.00051000
v 0.04641600 -0.10940600 -0.01405100
v 0.04800900 -0.10942400 -0.00671100
v 0.04726100 -0.10846900 0.00509900
v 0.04616300 -0.10807200 0.00954000
v 0.04503800 -0.10803100 0.01377900
v 0.04841800 -0.10945300 0.00262200
v 0.04072200 -0.10693200 0.02139400
v 0.04848100 -0.10947300 -0.00189800
v 0.04730200 -0.10950000 -0.01076500
v 0.04804000 -0.10941900 0.00652700
v 0.04195100 -0.10833100 0.02205400
v 0.04362800 -0.10808200 0.01788500
v 0.03013500 -0.10693200 0.03475500
v 0.03419200 -0.10809500 0.03248500
v 0.02734900 -0.10806900 0.03839500
v 0.03113700 -0.10846900 0.03591700
v 0.01518800 -0.10693200 0.04342000
v 0.02363700 -0.10802900 0.04073000
v 0.01577800 -0.10941700 0.04584700
v 0.01971900 -0.10807700 0.04281700
v 0.01131000 -0.10809100 0.04578700
v 0.04727700 -0.10946600 0.01083400
v 0.04594700 -0.10944100 0.01550700
v 0.04226500 -0.10945600 0.02375100
v 0.03899400 -0.10945100 0.02882600
v 0.04419800 -0.10948600 0.02002400
v 0.03394400 -0.10949300 0.03467800
v 0.02525000 -0.10945700 0.04140300
v 0.01927200 -0.10944700 0.04449200
v 0.02233800 -0.10943200 0.04303200
v 0.00707600 -0.10802900 0.04655800
v 0.01016200 -0.10944200 0.04741600
v 0.03061100 -0.10942300 0.03759200
v 0.03688200 -0.10946000 0.03148000
v 0.02761500 -0.10949500 0.03986600
v 0.00600200 -0.10914100 0.04784500
v 0.00288300 -0.10810000 0.04707800
v -0.00159400 -0.10693200 0.04597200
v -0.00611000 -0.10806700 0.04673500
v -0.01038200 -0.10803300 0.04594100
v -0.01846500 -0.10693200 0.04213100
v -0.01470400 -0.10808900 0.04480700
v -0.00165100 -0.10858700 0.04762700
v -0.00371100 -0.10947900 0.04838300
v -0.01908800 -0.10847000 0.04353600
v -0.02292200 -0.10806900 0.04118900
v 0.00155600 -0.10943500 0.04846600
v -0.00815500 -0.10945500 0.04779900
v -0.01195900 -0.10943300 0.04699200
v -0.02660000 -0.10803100 0.03886700
v -0.03249800 -0.10693200 0.03255600
v -0.03006400 -0.10808500 0.03633100
v -0.04220900 -0.10693200 0.01828700
v -0.04126300 -0.10806800 0.02278700
v -0.04597000 -0.10693200 0.00165600
v -0.04594700 -0.10803000 0.01033300
v -0.04479800 -0.10943000 0.01858700
v -0.04481300 -0.10805400 0.01455100
v -0.04676700 -0.10809500 0.00611400
v -0.01704200 -0.10945300 0.04539800
v -0.02074500 -0.10943300 0.04382700
v -0.02860200 -0.10945400 0.03915500
v -0.02509000 -0.10948000 0.04152400
v -0.03930100 -0.10946700 0.02840000
v -0.04302900 -0.10944800 0.02234100
v -0.04641900 -0.10944000 0.01401300
v -0.04132600 -0.10944700 0.02535800
v -0.04850200 -0.10942400 0.00059600
v -0.04756700 -0.10946800 0.00954000
v -0.03087300 -0.10948600 0.03739300
v -0.04826100 -0.10943200 0.00467500
v 0.04583800 -0.11485600 -0.00498800
v 0.04494900 -0.11494000 -0.00211300
v 0.04490900 -0.11489900 -0.00979900
v 0.04602600 -0.11488800 0.00087200
v 0.04407400 -0.11493400 -0.00905000
v 0.03801200 -0.11492600 -0.03117700
v 0.03919400 -0.11493100 -0.02947100
v 0.04489800 -0.11494800 0.00274900
v 0.04573800 -0.11488300 0.00515900
v 0.04441800 -0.11494200 0.00721300
v 0.04503000 -0.11488000 0.00959200
v 0.04318600 -0.11494100 0.01264300
v 0.04389300 -0.11488300 0.01388000
v 0.04154700 -0.11494000 0.01727500
v 0.04264200 -0.11486500 0.01740800
v 0.04120200 -0.11488200 0.02050600
v 0.03992300 -0.11494000 0.02072000
v -0.04436500 -0.11487600 0.01241100
v -0.04548700 -0.11490900 0.00685000
v -0.04411500 -0.11493800 0.00881200
v -0.04475800 -0.11493400 0.00465700
v -0.04623100 -0.11493100 -0.01635000
v -0.04560600 -0.11491900 -0.01835000
v -0.04283100 -0.11494200 0.01380300
v -0.03769500 -0.11493800 0.02456900
v -0.04148500 -0.11488000 0.02000400
v -0.04117900 -0.11493900 0.01811400
v -0.03932200 -0.11487300 0.02397700
v 0.03827700 -0.11495700 0.02360700
v 0.03861000 -0.11487300 0.02512100
v -0.03577800 -0.11493800 0.02726200
v -0.03716300 -0.11485400 0.02724800
v 0.03557400 -0.11493900 0.02757200
v -0.04312500 -0.11489400 0.01599000
v 0.03568200 -0.11488300 0.02908300
v 0.03203800 -0.11487900 0.03307600
v 0.03174300 -0.11494300 0.03188300
v 0.02816600 -0.11493900 0.03510800
v 0.02831700 -0.11487800 0.03632500
v 0.02422800 -0.11489400 0.03911800
v 0.02070100 -0.11493400 0.03996300
v 0.01894300 -0.11486200 0.04201600
v 0.01556000 -0.11489300 0.04330400
v 0.01372400 -0.11493300 0.04284300
v 0.01201600 -0.11486200 0.04445600
v 0.00663700 -0.11493600 0.04450900
v 0.00868600 -0.11488800 0.04520200
v 0.00364500 -0.11488300 0.04590200
v -0.00035000 -0.11493800 0.04498300
v 0.00010900 -0.11487800 0.04603300
v -0.02463300 -0.11489200 0.03887300
v -0.02882600 -0.11494000 0.03454800
v -0.02613000 -0.11494400 0.03660100
v -0.02901200 -0.11485600 0.03578000
v -0.01932000 -0.11487700 0.04181900
v -0.02067000 -0.11493600 0.03996000
v -0.03447900 -0.11488700 0.03048000
v -0.03190500 -0.11494400 0.03171000
v -0.03135500 -0.11488200 0.03369600
v -0.01195600 -0.11494000 0.04338900
v -0.00450300 -0.11493800 0.04476500
v -0.00944700 -0.11488600 0.04504300
v -0.00451700 -0.11485800 0.04587700
v -0.01443400 -0.11488500 0.04372700
v -0.01690900 -0.11493800 0.04169700
v 0.04879800 -0.11492100 -0.22097400
v 0.04851700 -0.11449200 -0.21930900
v 0.02254000 -0.11490800 -0.10225200
v 0.05334000 -0.11493500 -0.24162000
v 0.04867500 -0.11522500 -0.22138500
v 0.05261400 -0.11527800 -0.23944600
v 0.02852900 -0.11522500 -0.13031700
v -0.05396800 -0.11493600 -0.25186400
v -0.05368800 -0.11522200 -0.24845400
v -0.05316400 -0.11492000 -0.22810200
v -0.04568200 -0.11452500 -0.01812400
v -0.05325300 -0.11453200 -0.22830800
v -0.04560600 -0.11491900 -0.01835000
v -0.04468600 -0.11521800 0.00156900
v -0.04475800 -0.11493400 0.00465700
v -0.05245100 -0.11493800 -0.26281400
v -0.05299800 -0.11514900 -0.25919000
v -0.05367100 -0.11493800 -0.25580700
v -0.04847300 -0.11493700 -0.27377600
v -0.04966900 -0.11516100 -0.27061800
v -0.05123600 -0.11493900 -0.26702300
v 0.00086400 -0.11494000 -0.30397700
v -0.00238800 -0.11516100 -0.30372100
v -0.00596600 -0.11493900 -0.30366200
v 0.02360600 -0.11493700 -0.29855500
v 0.02360600 -0.11493700 -0.29855500
v 0.02009500 -0.11516600 -0.29988100
v 0.01640100 -0.11493800 -0.30144600
v 0.03879600 -0.11493900 -0.28755000
v 0.03579500 -0.11515100 -0.29015300
v 0.03338300 -0.11493600 -0.29243000
v 0.04935900 -0.11494100 -0.27186000
v 0.04766100 -0.11515600 -0.27491700
v 0.04601300 -0.11493900 -0.27825400
v 0.05351900 -0.11494000 -0.25707800
v 0.05271000 -0.11515700 -0.26068900
v 0.05206200 -0.11493600 -0.26433400
v 0.05398600 -0.11494000 -0.24974400
v 0.05363600 -0.11519800 -0.25349200
v -0.02140600 -0.11493300 -0.29957200
v -0.02095300 -0.11488000 -0.30089500
v -0.01756000 -0.11494600 -0.30105000
v -0.01591900 -0.11487900 -0.30270200
v -0.01362100 -0.11494000 -0.30224500
v -0.03131300 -0.11488600 -0.29525900
v -0.02539300 -0.11488600 -0.29885000
v -0.02778400 -0.11493700 -0.29628400
v -0.01110600 -0.11487700 -0.30392500
v -0.00651300 -0.11487900 -0.30464200
v -0.00995300 -0.11493500 -0.30306300
v -0.00250300 -0.11489300 -0.30497700
v -0.00596600 -0.11493900 -0.30366200
v 0.00086400 -0.11494000 -0.30397700
v -0.04508700 -0.11488300 -0.28152300
v -0.04278800 -0.11486400 -0.28466500
v -0.04217100 -0.11493500 -0.28371100
v -0.03834100 -0.11488400 -0.28951000
v -0.03744200 -0.11494200 -0.28890100
v -0.04459000 -0.11494600 -0.28043200
v -0.04669200 -0.11493600 -0.27710300
v -0.04742000 -0.11487600 -0.27796100
v -0.03372300 -0.11493700 -0.29217600
v -0.03481400 -0.11488800 -0.29262200
v 0.00470800 -0.11493900 -0.30378700
v 0.00128200 -0.11484300 -0.30507100
v 0.00551200 -0.11487800 -0.30476900
v 0.01176600 -0.11488300 -0.30377900
v 0.00899500 -0.11494000 -0.30323700
v 0.01262100 -0.11493600 -0.30248700
v 0.01640900 -0.11488400 -0.30253200
v 0.01640100 -0.11493800 -0.30144600
v 0.02123600 -0.11487900 -0.30079600
v 0.02360600 -0.11493700 -0.29855500
v 0.02696800 -0.11488100 -0.29799500
v 0.02997100 -0.11493900 -0.29491400
v 0.03088700 -0.11488100 -0.29556800
v 0.03338300 -0.11493600 -0.29243000
v 0.03659500 -0.11488700 -0.29110600
v 0.03976800 -0.11488300 -0.28801400
v 0.03879600 -0.11493900 -0.28755000
v 0.04135200 -0.11494200 -0.28469800
v 0.04222200 -0.11487400 -0.28532700
v 0.04359000 -0.11493700 -0.28186200
v 0.04498200 -0.11488400 -0.28168700
v 0.04601300 -0.11493900 -0.27825400
v -0.05338100 -0.11485800 -0.26350000
v -0.05208800 -0.11489000 -0.26779200
v -0.05245100 -0.11493800 -0.26281400
v -0.05423700 -0.11487800 -0.25943200
v -0.05123600 -0.11493900 -0.26702300
v -0.05477000 -0.11491300 -0.25507500
v -0.05367100 -0.11493800 -0.25580700
v -0.04955900 -0.11487400 -0.27400800
v -0.04847300 -0.11493700 -0.27377600
v 0.04833800 -0.11486900 -0.27634700
v -0.05396800 -0.11493600 -0.25186400
v -0.05391800 -0.11493100 -0.23001300
v -0.05316400 -0.11492000 -0.22810200
v 0.05025600 -0.11488100 -0.27246900
v 0.04935900 -0.11494100 -0.27186000
v 0.05073000 -0.11494300 -0.26847200
v 0.05154600 -0.11487600 -0.26924800
v 0.05285800 -0.11488000 -0.26536500
v 0.05206200 -0.11493600 -0.26433400
v 0.05399100 -0.11489900 -0.26003400
v 0.05487800 -0.11489200 -0.25402400
v 0.05351900 -0.11494000 -0.25707800
v 0.05398600 -0.11494000 -0.24974400
v 0.04879800 -0.11492100 -0.22097400
v 0.05334000 -0.11493500 -0.24162000
v 0.05480600 -0.11493200 -0.24554700
v 0.05050900 -0.11485800 -0.22349000
v 0.05505900 -0.11486000 -0.24971900
v 0.05382200 -0.11494300 -0.24569400
v -0.02536700 -0.13305900 -0.21957600
v -0.02259700 -0.13484400 -0.21799700
v -0.02671900 -0.13410600 -0.21889500
v -0.01767000 -0.13712100 -0.21607400
v -0.02272500 -0.13828500 -0.21572100
v -0.02469400 -0.13623800 -0.21725400
v -0.02880000 -0.13194200 -0.22081600
v -0.03028300 -0.13044700 -0.22236100
v -0.02590600 -0.13155800 -0.22089400
v -0.02583200 -0.13059500 -0.22179100
v -0.03161200 -0.12907600 -0.22388900
v -0.03362500 -0.12700600 -0.22651300
v -0.02913000 -0.12773100 -0.22521100
v -0.03356400 -0.12380900 -0.23164300
v -0.03564400 -0.12496700 -0.22972800
v -0.03690400 -0.12372800 -0.23211800
v -0.03159700 -0.12555900 -0.22840400
v -0.03818500 -0.12246400 -0.23504400
v -0.03497700 -0.12288200 -0.23380300
v -0.03921500 -0.12148400 -0.23800600
v -0.03747100 -0.12118400 -0.23883900
v -0.02206700 -0.13373800 -0.21875700
v -0.03999100 -0.12076500 -0.24093400
v -0.03871400 -0.12037400 -0.24318000
v -0.04062200 -0.12023500 -0.24432000
v -0.03920900 -0.12009100 -0.24605700
v -0.03943400 -0.12001700 -0.24896900
v -0.04092400 -0.12003300 -0.24742600
v -0.04093300 -0.12001700 -0.25299600
v 0.03983700 -0.10693200 0.02092900
v 0.04072200 -0.10693200 0.02139400
v 0.04573400 -0.10693200 0.00494000
v 0.02947900 -0.10693200 0.03399900
v 0.04474000 -0.10693200 0.00483300
v 0.03013500 -0.10693200 0.03475500
v 0.01485700 -0.10693200 0.04247700
v 0.01518800 -0.10693200 0.04342000
v -0.00159400 -0.10693200 0.04597200
v 0.04435500 -0.10693200 -0.01219200
v 0.04435500 -0.10693200 -0.01219200
v 0.04298400 -0.10693400 -0.01614400
v 0.04298400 -0.10693400 -0.01614400
v 0.04339100 -0.10693200 -0.01192700
v 0.04339100 -0.10693200 -0.01192700
v 0.04131700 -0.10695200 -0.01942700
v -0.01846500 -0.10693200 0.04213100
v -0.00155900 -0.10693200 0.04497300
v -0.01806400 -0.10693200 0.04121500
v -0.03179200 -0.10693200 0.03184800
v -0.03249800 -0.10693200 0.03255600
v -0.04220900 -0.10693200 0.01828700
v -0.04129100 -0.10693200 0.01788900
v -0.04497100 -0.10693200 0.00162000
v -0.04497100 -0.10693200 0.00162000
v -0.04585800 -0.10693400 -0.00241800
v -0.04585800 -0.10693400 -0.00241800
v -0.04597000 -0.10693200 0.00165600
v -0.04597000 -0.10693200 0.00165600
v -0.04524300 -0.10695200 -0.00613700
v 0.03801200 -0.11492600 -0.03117700
v 0.03815300 -0.11455700 -0.03098100
v 0.03919400 -0.11493100 -0.02947100
v -0.04560600 -0.11491900 -0.01835000
v -0.04623100 -0.11493100 -0.01635000
v -0.04568200 -0.11452500 -0.01812400
v -0.01762600 -0.12493200 -0.02776900
v -0.01762600 -0.12493200 -0.02776900
v -0.02224900 -0.12493600 -0.02760700
v -0.02358400 -0.12493200 -0.02861000
v -0.02358400 -0.12493200 -0.02861000
v -0.02358400 -0.12493200 -0.02861000
v -0.01635900 -0.12493300 -0.02871400
v -0.01635900 -0.12493300 -0.02871400
v -0.02375600 -0.12493200 -0.03089400
v -0.02375600 -0.12493200 -0.03089400
v -0.01629600 -0.12493200 -0.03116300
v -0.01670200 -0.12493300 -0.02327500
v -0.01576700 -0.12493200 -0.02192500
v -0.02266400 -0.12493300 -0.01975900
v -0.01698300 -0.12493200 -0.01995400
v -0.01597700 -0.12493300 -0.02066300
v -0.02338900 -0.12493300 -0.02237200
v -0.02359900 -0.12493200 -0.02111000
v -0.02238400 -0.12493200 -0.02308000
v -0.02292700 -0.12493200 -0.03875600
v -0.02292700 -0.12493200 -0.03875600
v -0.02292700 -0.12493200 -0.03875600
v -0.01633200 -0.12493200 -0.03759100
v -0.02322900 -0.12493300 -0.03542600
v -0.02322900 -0.12493300 -0.03542600
v -0.02322900 -0.12493300 -0.03542600
v -0.01754700 -0.12493200 -0.03562000
v -0.01654200 -0.12493300 -0.03632900
v -0.01654200 -0.12493300 -0.03632900
v -0.02395300 -0.12494200 -0.03803900
v -0.02416300 -0.12493200 -0.03677600
v -0.02416300 -0.12493200 -0.03677600
v -0.01724500 -0.12493800 -0.03891700
v -0.01806400 -0.11293200 0.04121500
v -0.00155900 -0.11293200 0.04497300
v 0.02223400 -0.11293200 -0.09087100
v 0.01485700 -0.11293200 0.04247700
v 0.02343900 -0.11293200 -0.08451100
v -0.03179200 -0.11293200 0.03184800
v -0.04568100 -0.11293200 -0.01810600
v -0.04129100 -0.11293200 0.01788900
v -0.04497100 -0.11293200 0.00162000
v 0.02207000 -0.11293200 -0.09734100
v -0.05325400 -0.11293200 -0.22833000
v -0.02954900 -0.11293200 -0.29519800
v 0.03815900 -0.11293200 -0.03096000
v 0.02947900 -0.11293200 0.03399900
v 0.03983700 -0.11293200 0.02092900
v 0.04474000 -0.11293200 0.00483300
v 0.04339100 -0.11293200 -0.01192700
v 0.02295300 -0.11293200 -0.10375300
v 0.04846400 -0.11293200 -0.21907200
v 0.01987700 -0.11293200 -0.30020900
v -0.05400700 -0.11293300 -0.24943600
v -0.05020900 -0.11293200 -0.26987700
v -0.05309800 -0.11293200 -0.25982600
v -0.04519800 -0.11293200 -0.27954900
v -0.03818400 -0.11293200 -0.28818400
v -0.00982600 -0.11293200 -0.30309800
v -0.01987700 -0.11293200 -0.30020900
v -0.00000000 -0.11293200 -0.30400000
v 0.05272500 -0.11293200 -0.23833600
v 0.05020900 -0.11293200 -0.26987700
v 0.04519800 -0.11293200 -0.27954900
v 0.05400000 -0.11293200 -0.25000000
v 0.05309800 -0.11293200 -0.25982600
v 0.02954900 -0.11293200 -0.29519800
v 0.03818400 -0.11293200 -0.28818400
v 0.00982600 -0.11293200 -0.30309800
v 0.01652900 -0.12043200 -0.09393600
v 0.01652700 -0.12044900 -0.09674200
v 0.01937600 -0.11757800 -0.09402300
v 0.01627600 -0.12089300 -0.09964400
v 0.01956000 -0.11757800 -0.09922300
v 0.01567500 -0.12228500 -0.08533600
v 0.01516800 -0.12228500 -0.08816100
v 0.01925400 -0.11862700 -0.08610600
v 0.01895900 -0.11844100 -0.08882100
v 0.01577700 -0.12134500 -0.09103200
v 0.01952100 -0.11757800 -0.09142800
v 0.01988800 -0.11757800 -0.10179300
v 0.02269700 -0.11520200 -0.10385000
v 0.02213400 -0.11517900 -0.10069100
v 0.02204600 -0.11495500 -0.09772300
v 0.01938900 -0.11757800 -0.09662900
v 0.02196100 -0.11494600 -0.09473800
v 0.01807100 -0.11993200 -0.10483300
v 0.02215200 -0.11494900 -0.09119300
v 0.02270500 -0.11495100 -0.08739300
v 0.02315600 -0.11522500 -0.08443400
v 0.01861800 -0.11993200 -0.08318600
v 0.01307700 -0.12481800 -0.10490800
v 0.01523900 -0.12228500 -0.10253100
v 0.01245200 -0.12483300 -0.10114600
v 0.01206900 -0.12493100 -0.09212900
v 0.01198300 -0.12493200 -0.09545700
v 0.01217900 -0.12483200 -0.09809400
v 0.01259200 -0.12463400 -0.08973900
v 0.01262100 -0.12493100 -0.08706200
v 0.01356400 -0.12484500 -0.08273800
v 0.01407900 -0.12463900 -0.08193800
v -0.01213100 -0.15483500 -0.19520600
v -0.01213100 -0.15483500 -0.19520600
v -0.01213100 -0.15483500 -0.19520600
v -0.02069400 -0.14676300 -0.20886900
v -0.02069400 -0.14676300 -0.20886900
v -0.01751000 -0.14989100 -0.20737900
v -0.01751000 -0.14989100 -0.20737900
v -0.01212600 -0.15519400 -0.20553400
v -0.03677000 -0.13118400 -0.22219000
v -0.03677000 -0.13118400 -0.22219000
v -0.03677000 -0.13118400 -0.22219000
v -0.03384100 -0.13399300 -0.21889400
v -0.03384100 -0.13399300 -0.21889400
v -0.03384100 -0.13399300 -0.21889400
v -0.03384700 -0.13235800 -0.17365500
v -0.03384700 -0.13235800 -0.17365500
v -0.03384700 -0.13235800 -0.17365500
v -0.03082700 -0.13690600 -0.21618800
v -0.03082700 -0.13690600 -0.21618800
v -0.02791500 -0.13973600 -0.21398100
v -0.02791500 -0.13973600 -0.21398100
v -0.03134100 -0.13497900 -0.17688800
v -0.03134100 -0.13497900 -0.17688800
v -0.03134100 -0.13497900 -0.17688800
v -0.03134100 -0.13497900 -0.17688800
v -0.03134100 -0.13497900 -0.17688800
v -0.04137100 -0.12683900 -0.22921600
v -0.04137100 -0.12683900 -0.22921600
v -0.03926400 -0.12881700 -0.22566600
v -0.03926400 -0.12881700 -0.22566600
v -0.03926400 -0.12881700 -0.22566600
v -0.03863000 -0.12722300 -0.16383000
v -0.03863000 -0.12722300 -0.16383000
v -0.03863000 -0.12722300 -0.16383000
v -0.03619300 -0.12988300 -0.17001000
v -0.03619300 -0.12988300 -0.17001000
v -0.03619300 -0.12988300 -0.17001000
v -0.02456100 -0.14301600 -0.21196900
v -0.02456100 -0.14301600 -0.21196900
v -0.02456100 -0.14301600 -0.21196900
v -0.02120600 -0.14618700 -0.21023400
v -0.03769700 -0.12824400 -0.16630500
v -0.03769700 -0.12824400 -0.16630500
v -0.03956900 -0.12616300 -0.16045400
v -0.04328700 -0.12507500 -0.23339000
v -0.04328700 -0.12507500 -0.23339000
v -0.04328700 -0.12507500 -0.23339000
v -0.04019900 -0.12540500 -0.15684400
v -0.04019900 -0.12540500 -0.15684400
v -0.04019900 -0.12540500 -0.15684400
v -0.05368800 -0.11522200 -0.24845400
v -0.05368800 -0.11522200 -0.24845400
v -0.05368800 -0.11522200 -0.24845400
v -0.05368800 -0.11522200 -0.24845400
v -0.05368800 -0.11522200 -0.24845400
v -0.05368800 -0.11522200 -0.24845400
v -0.04479900 -0.12372000 -0.23777200
v -0.04479900 -0.12372000 -0.23777200
v -0.04591900 -0.12277800 -0.24270600
v -0.04591900 -0.12277800 -0.24270600
v -0.05129300 -0.11763500 -0.24920900
v -0.04633200 -0.12257400 -0.24882200
v -0.04077400 -0.12464700 -0.15174800
v -0.04077400 -0.12464700 -0.15174800
v -0.03527000 -0.12463900 0.00127100
v -0.04468600 -0.11521800 0.00156900
v -0.03994300 -0.11996300 0.00143900
v -0.02422900 -0.12493200 0.00261900
v -0.02422900 -0.12493200 0.00261900
v -0.02422900 -0.12493200 0.00261900
v -0.02422900 -0.12493200 0.00261900
v -0.03350600 -0.12493200 0.00863100
v -0.03350600 -0.12493200 0.00863100
v -0.03350600 -0.12493200 0.00863100
v -0.02882100 -0.12493300 -0.00872300
v -0.02882100 -0.12493300 -0.00872300
v -0.02882100 -0.12493300 -0.00872300
v -0.02882100 -0.12493300 -0.00872300
v -0.02501200 -0.12493200 0.02395400
v -0.02820800 -0.12493200 0.02001300
v -0.02820800 -0.12493200 0.02001300
v -0.02370700 -0.12493200 0.00423400
v -0.02370700 -0.12493200 0.00423400
v -0.02370700 -0.12493200 0.00423400
v -0.02370700 -0.12493200 0.00423400
v -0.03093600 -0.12492800 0.01634500
v -0.03093600 -0.12492800 0.01634500
v -0.03261200 -0.12483000 0.01301600
v -0.02913300 -0.12493200 -0.01426700
v -0.02913300 -0.12493200 -0.01426700
v -0.02913300 -0.12493200 -0.01426700
v -0.02882600 -0.12499300 -0.01004500
v -0.02684700 -0.12493200 -0.00889900
v -0.02684700 -0.12493200 -0.00889900
v -0.02437300 -0.12493200 -0.00522800
v -0.02442200 -0.12493200 -0.00369200
v -0.02752200 -0.12493200 -0.00835000
v -0.02752200 -0.12493200 -0.00835000
v -0.02391800 -0.12493700 0.00099300
v -0.02445500 -0.12493200 -0.00883400
v -0.02700500 -0.12493100 -0.01031300
v -0.02700500 -0.12493100 -0.01031300
v -0.02700500 -0.12493100 -0.01031300
v -0.03445200 -0.12493200 0.00444700
v -0.03445200 -0.12493200 0.00444700
v -0.03445200 -0.12493200 0.00444700
v -0.03445200 -0.12493200 0.00444700
v -0.02244900 -0.12493200 0.00536300
v -0.02244900 -0.12493200 0.00536300
v -0.02090100 -0.12493200 0.02758400
v -0.02090100 -0.12493200 0.02758400
v -0.02189900 -0.12493300 0.00111900
v -0.02246400 -0.12493400 0.00334900
v -0.02273800 -0.12492600 0.00224000
v -0.01806200 -0.12493200 0.00464000
v -0.01806200 -0.12493200 0.00464000
v -0.01806200 -0.12493200 0.00464000
v -0.02165500 -0.12493200 0.00409400
v -0.02165500 -0.12493200 0.00409400
v -0.02048500 -0.12493300 0.00148100
v -0.02048500 -0.12493300 0.00148100
v -0.02374700 -0.12493500 -0.00216800
v -0.02222000 -0.12493700 -0.00034500
v -0.02242600 -0.12493200 -0.00131000
v -0.02341400 -0.12493200 -0.00664700
v -0.02190700 -0.12493200 -0.00271000
v -0.02190700 -0.12493200 -0.00271000
v -0.02289200 -0.12494000 -0.00346900
v -0.02199100 -0.12493200 -0.00589000
v -0.02199100 -0.12493200 -0.00589000
v -0.02199100 -0.12493200 -0.00589000
v -0.01976400 -0.12493200 0.00009800
v -0.01976400 -0.12493200 0.00009800
v -0.01976400 -0.12493200 0.00009800
v -0.01976400 -0.12493200 0.00009800
v -0.02290800 -0.12493500 -0.00487200
v -0.01619300 -0.12493200 -0.00612500
v -0.01619300 -0.12493200 -0.00612500
v -0.01619300 -0.12493200 -0.00612500
v -0.01619300 -0.12493200 -0.00612500
v -0.02450900 -0.12493200 -0.01032600
v -0.02450900 -0.12493200 -0.01032600
v -0.02450900 -0.12493200 -0.01032600
v -0.02918600 -0.12493200 -0.01575900
v -0.02815600 -0.12493200 -0.01056700
v -0.02815600 -0.12493200 -0.01056700
v -0.02456200 -0.12493200 -0.01181800
v -0.02456200 -0.12493200 -0.01181800
v -0.02456200 -0.12493200 -0.01181800
v -0.02972200 -0.12493200 -0.03067900
v -0.02977600 -0.12493200 -0.03217100
v -0.02977600 -0.12493200 -0.03217100
v -0.02977600 -0.12493200 -0.03217100
v -0.02471000 -0.12493200 -0.01592100
v -0.03015000 -0.12493200 -0.04361600
v -0.03015000 -0.12493200 -0.04361600
v -0.03015000 -0.12493200 -0.04361600
v -0.02306900 -0.12493200 -0.01187100
v -0.02306900 -0.12493200 -0.01187100
v -0.02465700 -0.12493200 -0.01442900
v -0.02465700 -0.12493200 -0.01442900
v -0.02476400 -0.12493200 -0.01741300
v -0.02512200 -0.12493200 -0.02182500
v -0.02455100 -0.12494100 -0.01947100
v -0.01406500 -0.12493200 -0.01070200
v -0.01406500 -0.12493200 -0.01070200
v -0.01406500 -0.12493200 -0.01070200
v -0.02327000 -0.12493200 -0.01746600
v -0.02258100 -0.12493200 -0.01829500
v -0.02321700 -0.12493200 -0.01597400
v -0.02316300 -0.12493200 -0.01448200
v -0.01680300 -0.12493200 -0.01470000
v -0.01680300 -0.12493200 -0.01470000
v -0.01561000 -0.12493200 -0.01214000
v -0.01561000 -0.12493200 -0.01214000
v -0.02425300 -0.12493200 -0.02358800
v -0.02502600 -0.12493200 -0.02819900
v -0.02524800 -0.12493200 -0.03084100
v -0.02416000 -0.12493200 -0.02695300
v -0.02511800 -0.12493400 -0.03514300
v -0.02568700 -0.12493200 -0.03749100
v -0.02414900 -0.12493300 -0.04137800
v -0.02481700 -0.12493200 -0.03925400
v -0.02759100 -0.12493200 -0.04129600
v -0.02264600 -0.12493400 -0.02611000
v -0.02288100 -0.12493200 -0.02452100
v -0.02312700 -0.12493300 -0.03393200
v -0.02312700 -0.12493300 -0.03393200
v -0.01485700 -0.12493200 -0.03270900
v -0.01485700 -0.12493200 -0.03270900
v -0.01485700 -0.12493200 -0.03270900
v -0.01680300 -0.12493300 -0.02476900
v -0.02344500 -0.12493200 -0.04018700
v -0.02344500 -0.12493200 -0.04018700
v -0.02344500 -0.12493200 -0.04018700
v -0.01558900 -0.12493200 0.00505400
v -0.01558900 -0.12493200 0.00505400
v -0.01674400 -0.12493000 0.03072800
v -0.01674400 -0.12493000 0.03072800
v -0.01376400 -0.12493200 0.00355600
v -0.01376400 -0.12493200 0.00355600
v -0.01376400 -0.12493200 0.00355600
v -0.01376400 -0.12493200 0.00355600
v -0.01019000 -0.12492900 0.03348200
v -0.01019000 -0.12492900 0.03348200
v -0.01702900 -0.12493100 0.00357700
v -0.01702900 -0.12493100 0.00357700
v -0.01702900 -0.12493100 0.00357700
v -0.01702900 -0.12493100 0.00357700
v -0.01592600 -0.12493100 0.00066600
v -0.01592600 -0.12493100 0.00066600
v -0.01516100 -0.12493100 0.00299700
v -0.01516100 -0.12493100 0.00299700
v -0.01612900 -0.12493200 -0.00291100
v -0.01612900 -0.12493200 -0.00291100
v -0.01551800 -0.12493200 -0.00069800
v -0.01497900 -0.12493000 0.00164100
v -0.01523800 -0.12493200 -0.00505300
v -0.01523300 -0.12494300 -0.00368900
v -0.01551000 -0.12493200 -0.00155300
v -0.01402000 -0.12493700 0.00024000
v -0.01416700 -0.12493200 -0.00263700
v -0.01367400 -0.12493200 -0.00408200
v -0.01367400 -0.12493200 -0.00408200
v 0.00668500 -0.12493100 0.03434000
v 0.00668500 -0.12493100 0.03434000
v 0.00668500 -0.12493100 0.03434000
v 0.00668500 -0.12493100 0.03434000
v -0.01388200 -0.12493200 -0.00576600
v -0.01388200 -0.12493200 -0.00576600
v -0.01388200 -0.12493200 -0.00576600
v -0.01388200 -0.12493200 -0.00576600
v -0.01342200 -0.12493200 0.00194300
v -0.01342200 -0.12493200 0.00194300
v -0.00025800 -0.12493200 0.03456000
v -0.00025800 -0.12493200 0.03456000
v -0.00680700 -0.12492900 0.03432400
v -0.00680700 -0.12492900 0.03432400
v -0.00680700 -0.12492900 0.03432400
v 0.01194200 -0.12493200 0.03246400
v 0.01194200 -0.12493200 0.03246400
v -0.01424400 -0.12493200 -0.02120900
v -0.01424400 -0.12493200 -0.02120900
v 0.03465800 -0.12493200 -0.00453900
v 0.03465800 -0.12493200 -0.00453900
v 0.03465800 -0.12493200 -0.00453900
v 0.01631800 -0.12493000 0.03095500
v 0.01631800 -0.12493000 0.03095500
v 0.02156300 -0.12486100 0.02765400
v 0.01907600 -0.12488800 0.02938200
v 0.02871800 -0.12493100 0.01998000
v 0.02871800 -0.12493100 0.01998000
v 0.03427900 -0.12492500 0.00707500
v 0.03245300 -0.12480500 0.01346200
v 0.03070200 -0.12484700 0.01700700
v 0.03465800 -0.12493200 -0.00453900
v 0.03509000 -0.12485200 -0.00016600
v 0.03493300 -0.12481100 0.00363200
v -0.02210900 -0.12493300 -0.00741000
v -0.02210900 -0.12493300 -0.00741000
v -0.01401100 -0.12493200 -0.00921000
v -0.01401100 -0.12493200 -0.00921000
v -0.01401100 -0.12493200 -0.00921000
v -0.01573600 -0.12493200 -0.00753900
v -0.01460700 -0.12493200 -0.01497800
v -0.01460700 -0.12493200 -0.01497800
v -0.01460700 -0.12493200 -0.01497800
v -0.01659400 -0.12493200 -0.01619100
v -0.01653800 -0.12493300 -0.01847500
v -0.01581400 -0.12493200 -0.01398600
v -0.01707400 -0.12493200 -0.02634500
v -0.01563600 -0.12493200 -0.02732500
v -0.01481200 -0.12493600 -0.02355800
v -0.01476300 -0.12493200 -0.02888600
v -0.01511300 -0.12493200 -0.01944700
v -0.01511300 -0.12493200 -0.01944700
v -0.01704900 -0.12493200 -0.03418000
v -0.01704900 -0.12493200 -0.03418000
v -0.01411800 -0.12493200 -0.01219400
v -0.01411800 -0.12493200 -0.01219400
v -0.01480800 -0.12493200 -0.03687600
v 0.01301400 -0.12493200 -0.08318100
v 0.01301400 -0.12493200 -0.08318100
v -0.01537600 -0.12494100 -0.03922400
v -0.01518000 -0.12493200 -0.04166100
v -0.01518000 -0.12493200 -0.04166100
v -0.01567800 -0.12493200 -0.03511300
v -0.01567800 -0.12493200 -0.03511300
v -0.01736800 -0.12493300 -0.04043500
v -0.01736800 -0.12493300 -0.04043500
v -0.01736800 -0.12493300 -0.04043500
v -0.03035500 -0.12493200 -0.04821100
v -0.03035500 -0.12493200 -0.04821100
v -0.03040600 -0.12493200 -0.05361200
v -0.03075800 -0.12493200 -0.05940100
v -0.02913600 -0.12493200 -0.04213900
v -0.02913600 -0.12493200 -0.04213900
v -0.02694500 -0.12493200 -0.04684000
v -0.02694500 -0.12493200 -0.04684000
v -0.02694500 -0.12493200 -0.04684000
v -0.02694500 -0.12493200 -0.04684000
v -0.02865600 -0.12493200 -0.04378100
v -0.02865600 -0.12493200 -0.04378100
v -0.02875500 -0.12493200 -0.04829900
v -0.02875500 -0.12493200 -0.04829900
v -0.02897500 -0.12493200 -0.05156300
v -0.02732300 -0.12493200 -0.05056400
v -0.02733500 -0.12493200 -0.04275800
v -0.02733500 -0.12493200 -0.04275800
v -0.02538700 -0.12493200 -0.05025700
v -0.02417800 -0.12493200 -0.04289500
v -0.02417800 -0.12493200 -0.04289500
v -0.01543500 -0.12493200 -0.04874800
v -0.02781500 -0.12493200 -0.06062700
v -0.02767800 -0.12493200 -0.05954300
v -0.03079900 -0.12493200 -0.06052000
v -0.03114800 -0.12493200 -0.07021800
v -0.02816400 -0.12493200 -0.07032500
v -0.02812400 -0.12493200 -0.06920700
v -0.03110800 -0.12493200 -0.06909900
v -0.03145700 -0.12493200 -0.07879700
v -0.02775100 -0.12493200 -0.06922000
v -0.02669800 -0.12493200 -0.05351900
v -0.02669800 -0.12493200 -0.05351900
v -0.02758200 -0.12493200 -0.05474400
v -0.02758200 -0.12493200 -0.05474400
v -0.02356400 -0.12493200 -0.05667200
v -0.02356400 -0.12493200 -0.05667200
v -0.02356400 -0.12493200 -0.05667200
v -0.02517900 -0.12493200 -0.07043300
v -0.02483000 -0.12493200 -0.06073500
v -0.02503100 -0.12493200 -0.06633000
v -0.02847300 -0.12493200 -0.07890400
v -0.02958800 -0.12493200 -0.08190600
v -0.02810000 -0.12493200 -0.07891800
v -0.04006300 -0.12493200 -0.15124900
v -0.03173700 -0.12493200 -0.08657300
v -0.03187400 -0.12493200 -0.09036000
v -0.03111200 -0.12493200 -0.08398100
v -0.02889600 -0.12493200 -0.09046700
v -0.02740000 -0.12493200 -0.08056200
v -0.02538100 -0.12493200 -0.07602800
v -0.02712400 -0.12493500 -0.08363900
v -0.02712400 -0.12493500 -0.08363900
v -0.02712400 -0.12493500 -0.08363900
v -0.02864300 -0.12493200 -0.08580000
v -0.02851700 -0.12493200 -0.09048100
v -0.02851700 -0.12493200 -0.09048100
v -0.02391500 -0.12493200 -0.08009900
v -0.02391500 -0.12493200 -0.08009900
v -0.02250000 -0.12493500 -0.04234900
v -0.02250000 -0.12493500 -0.04234900
v -0.02321500 -0.12493200 -0.04697400
v -0.02321500 -0.12493200 -0.04697400
v -0.02316400 -0.12493200 -0.04421300
v -0.02176700 -0.12493200 -0.04377600
v -0.02176700 -0.12493200 -0.04377600
v -0.02176700 -0.12493200 -0.04377600
v -0.02343800 -0.12493200 -0.05072000
v -0.02515300 -0.12493200 -0.05327200
v -0.02515300 -0.12493200 -0.05327200
v -0.02370300 -0.12492800 -0.05420600
v -0.02184700 -0.12493200 -0.06084200
v -0.02187400 -0.12493200 -0.05184700
v -0.02085200 -0.12493200 -0.05347000
v -0.01886300 -0.12493200 -0.06095000
v -0.01583800 -0.12493200 -0.05993800
v -0.02049200 -0.12493200 -0.05677500
v -0.02178200 -0.12493200 -0.06943500
v -0.01906400 -0.12493200 -0.06654500
v -0.01523900 -0.12493200 -0.04328900
v -0.02172300 -0.12493200 -0.04702800
v -0.01538200 -0.12493200 -0.04725600
v -0.02166200 -0.12493200 -0.04535100
v -0.01573100 -0.12493200 -0.05695400
v -0.01921200 -0.12493200 -0.07064800
v -0.01618700 -0.12493200 -0.06963700
v -0.01587800 -0.12493200 -0.06105700
v -0.02215600 -0.12493200 -0.06942200
v -0.02219600 -0.12493200 -0.07054000
v -0.02250500 -0.12493200 -0.07911900
v -0.02250500 -0.12493200 -0.07911900
v -0.01622800 -0.12493200 -0.07075500
v -0.01622800 -0.12493200 -0.07075500
v -0.01941400 -0.12493200 -0.07624300
v 0.01262100 -0.12493100 -0.08706200
v 0.01262100 -0.12493100 -0.08706200
v -0.02213200 -0.12493200 -0.07913300
v -0.02213200 -0.12493200 -0.07913300
v -0.01653700 -0.12493200 -0.07933400
v -0.02066500 -0.12493200 -0.08082400
v -0.01858600 -0.12493200 -0.08234100
v -0.01723600 -0.12493200 -0.08452800
v -0.02579800 -0.12493200 -0.08759100
v -0.02579800 -0.12493200 -0.08759100
v -0.02579800 -0.12493200 -0.08759100
v -0.02579800 -0.12493200 -0.08759100
v -0.02429100 -0.12493200 -0.08309500
v -0.02429100 -0.12493200 -0.08309500
v -0.02152200 -0.12493200 -0.08369300
v -0.02152200 -0.12493200 -0.08369300
v -0.02152200 -0.12493200 -0.08369300
v -0.01973600 -0.12493200 -0.08780500
v -0.01973600 -0.12493200 -0.08780500
v -0.02004700 -0.12493200 -0.08559300
v -0.01695300 -0.12493200 -0.09089700
v -0.01695300 -0.12493200 -0.09089700
v 0.01206900 -0.12493100 -0.09212900
v 0.01206900 -0.12493100 -0.09212900
v -0.01681700 -0.12493200 -0.08711000
v 0.01198300 -0.12493200 -0.09545700
v 0.01198300 -0.12493200 -0.09545700
v 0.01198300 -0.12493200 -0.09545700
v -0.00932100 -0.12493200 -0.14769200
v -0.00932100 -0.12493200 -0.14769200
v 0.01173500 -0.12493200 -0.10076600
v 0.01173500 -0.12493200 -0.10076600
v 0.02169200 -0.12493300 -0.14624600
v -0.01674400 -0.12493000 0.03072800
v -0.01019000 -0.12492900 0.03348200
v -0.01353700 -0.12482700 0.03237600
v 0.02465500 -0.12482400 0.02500400
v 0.02156300 -0.12486100 0.02765400
v 0.02871800 -0.12493100 0.01998000
v 0.04433600 -0.11519400 -0.00609000
v 0.04407400 -0.11493400 -0.00905000
v 0.04494900 -0.11494000 -0.00211300
v 0.01649200 -0.11516400 0.04163500
v 0.02070100 -0.11493400 0.03996300
v 0.01372400 -0.11493300 0.04284300
v 0.01372400 -0.11493300 0.04284300
v 0.01062600 -0.11521700 0.04344900
v 0.00663700 -0.11493600 0.04450900
v -0.03362200 -0.11531100 0.02935200
v -0.03190500 -0.11494400 0.03171000
v -0.03577800 -0.11493800 0.02726200
v -0.04117900 -0.11493900 0.01811400
v -0.03942000 -0.11518200 0.02120200
v -0.03769500 -0.11493800 0.02456900
v 0.04185400 -0.11757500 -0.00645400
v 0.04407400 -0.11493400 -0.00905000
v 0.04433600 -0.11519400 -0.00609000
v 0.04152500 -0.11736400 -0.00939200
v 0.04246400 -0.11737000 -0.00317600
v 0.03672100 -0.12303900 -0.00337200
v 0.03509000 -0.12485200 -0.00016600
v 0.03500100 -0.12482900 -0.00202600
v 0.03991500 -0.11999300 -0.00137700
v 0.03465800 -0.12493200 -0.00453900
v 0.03690800 -0.12255500 -0.00563400
v 0.03648900 -0.12259200 -0.00784600
v 0.03410200 -0.12484600 -0.00798400
v 0.03402100 -0.12464500 -0.00936400
v 0.03857100 -0.11993000 -0.01060200
v 0.04494900 -0.11494000 -0.00211300
v 0.04310900 -0.11521600 -0.01187900
v -0.03458700 -0.12461900 0.00717200
v -0.03486000 -0.12485200 0.00385300
v -0.03366100 -0.12482900 0.00991800
v -0.03261200 -0.12483000 0.01301600
v -0.03350600 -0.12493200 0.00863100
v -0.03093600 -0.12492800 0.01634500
v -0.02820800 -0.12493200 0.02001300
v -0.02946300 -0.12481700 0.01912700
v -0.02741900 -0.12482400 0.02191300
v -0.02518000 -0.12481300 0.02450000
v -0.02501200 -0.12493200 0.02395400
v -0.02259900 -0.12482400 0.02685600
v -0.01985800 -0.12481300 0.02898100
v -0.02090100 -0.12493200 0.02758400
v -0.01674400 -0.12493000 0.03072800
v -0.03445200 -0.12493200 0.00444700
v -0.00009500 -0.12481300 0.03512000
v -0.00353800 -0.12482200 0.03493500
v -0.00025800 -0.12493200 0.03456000
v 0.00335600 -0.12481700 0.03495900
v 0.01335500 -0.12481900 0.03247500
v 0.01011000 -0.12482400 0.03362400
v 0.01194200 -0.12493200 0.03246400
v 0.02707600 -0.12480900 0.02237900
v 0.02465500 -0.12482400 0.02500400
v 0.02871800 -0.12493100 0.01998000
v 0.03352400 -0.12484900 0.01035100
v 0.03245300 -0.12480500 0.01346200
v 0.03427900 -0.12492500 0.00707500
v -0.03889600 -0.11996300 0.00920400
v -0.03960300 -0.11996300 0.00534600
v -0.03661900 -0.12230300 0.00866600
v -0.04216400 -0.11660100 0.01001600
v -0.04411500 -0.11493800 0.00881200
v -0.04211400 -0.11728200 0.00683200
v -0.04475800 -0.11493400 0.00465700
v -0.04254500 -0.11726500 0.00329800
v -0.03635400 -0.11996200 0.01661600
v -0.03780600 -0.11996200 0.01297200
v -0.03422500 -0.12230200 0.01564300
v -0.03966000 -0.11730200 0.01565200
v -0.03809000 -0.11744000 0.01887200
v -0.04117900 -0.11493900 0.01811400
v -0.04067000 -0.11759600 0.01175900
v -0.04283100 -0.11494200 0.01380300
v -0.03263800 -0.11969800 0.02353200
v -0.03455000 -0.11996100 0.02009900
v -0.03051500 -0.12230100 0.02202000
v -0.03252700 -0.12230200 0.01892200
v -0.03577800 -0.11493800 0.02726200
v -0.03769500 -0.11493800 0.02456900
v -0.03611300 -0.11748400 0.02234500
v -0.03942000 -0.11518200 0.02120200
v -0.02723100 -0.11995700 0.02926600
v -0.02996700 -0.11995900 0.02645500
v -0.02563500 -0.12229900 0.02755100
v -0.02821200 -0.12230000 0.02490600
v -0.03032800 -0.11759300 0.02954500
v -0.03190500 -0.11494400 0.03171000
v -0.03362200 -0.11531100 0.02935200
v -0.02807700 -0.11743200 0.03192900
v -0.03307600 -0.11759400 0.02642900
v -0.02099900 -0.11995500 0.03401800
v -0.02423100 -0.11995600 0.03179500
v -0.01976900 -0.12229700 0.03202400
v -0.02281200 -0.12229800 0.02993200
v -0.02589900 -0.11687500 0.03440200
v -0.02882600 -0.11494000 0.03454800
v -0.02358500 -0.11730800 0.03552300
v -0.01395800 -0.11995200 0.03746000
v -0.01756400 -0.11995300 0.03591200
v -0.01653400 -0.12229600 0.03380700
v -0.01514300 -0.11653700 0.04067300
v -0.01690900 -0.11493800 0.04169700
v -0.01759300 -0.11736000 0.03878100
v -0.02044700 -0.11759000 0.03707800
v -0.02067000 -0.11493600 0.03996000
v -0.02309200 -0.11517700 0.03835300
v -0.00638300 -0.11994800 0.03947100
v -0.01022100 -0.11995000 0.03865300
v -0.00600900 -0.12229200 0.03715700
v -0.00962100 -0.12229400 0.03638800
v -0.01282100 -0.11758700 0.04035700
v -0.01195600 -0.11494000 0.04338900
v -0.00901300 -0.11712200 0.04185600
v -0.00745000 -0.11522000 0.04410000
v 0.00144000 -0.11994500 0.03996200
v -0.00248400 -0.11994600 0.03990800
v 0.00135600 -0.12229000 0.03761800
v -0.00233800 -0.12229100 0.03756800
v 0.00022400 -0.11747300 0.04247200
v -0.00035000 -0.11493800 0.04498300
v -0.00271600 -0.11647300 0.04338200
v -0.00470200 -0.11758500 0.04208500
v -0.00450300 -0.11493800 0.04476500
v 0.00920900 -0.11994100 0.03891600
v 0.00535000 -0.11994300 0.03963000
v 0.00866900 -0.12228700 0.03663300
v 0.00503600 -0.12228800 0.03730500
v 0.00433700 -0.11744800 0.04227900
v 0.00793600 -0.11724600 0.04194700
v 0.00663700 -0.11493600 0.04450900
v 0.00265100 -0.11524300 0.04462400
v 0.01062600 -0.11521700 0.04344900
v 0.01662600 -0.11993800 0.03637600
v 0.01298000 -0.11993900 0.03782800
v 0.01565000 -0.12228500 0.03424100
v 0.01221800 -0.12228600 0.03560900
v 0.01279200 -0.11731300 0.04066800
v 0.01661200 -0.11729400 0.03929100
v 0.01649200 -0.11516400 0.04163500
v 0.02340500 -0.11993500 0.03243600
v 0.02011200 -0.11993600 0.03457200
v 0.02203200 -0.12228200 0.03053300
v 0.01893100 -0.12228300 0.03254300
v 0.02557400 -0.11640400 0.03523400
v 0.02430400 -0.11517000 0.03760100
v 0.02250200 -0.11728700 0.03624700
v 0.01947600 -0.11757700 0.03761200
v 0.02070100 -0.11493400 0.03996300
v 0.02928600 -0.11993200 0.02724900
v 0.02646600 -0.11993300 0.02997900
v 0.02756800 -0.12228000 0.02565000
v 0.03194600 -0.11634200 0.02967300
v 0.03174300 -0.11494300 0.03188300
v 0.02915400 -0.11734800 0.03105500
v 0.02643900 -0.11757500 0.03309000
v 0.02816600 -0.11493900 0.03510800
v 0.03403900 -0.11992900 0.02101200
v 0.03181600 -0.11993000 0.02424700
v 0.03204000 -0.12227800 0.01977800
v 0.02994800 -0.12227900 0.02282300
v 0.03239100 -0.11757200 0.02729900
v 0.03557400 -0.11493900 0.02757200
v 0.03520300 -0.11726400 0.02411900
v 0.03827700 -0.11495700 0.02360700
v 0.03748800 -0.11992800 0.01396900
v 0.03593600 -0.11992800 0.01757500
v 0.03528600 -0.12227700 0.01314800
v 0.03382600 -0.12227800 0.01654300
v 0.03992300 -0.11494000 0.02072000
v 0.03709500 -0.11757100 0.02045600
v 0.03869100 -0.11741900 0.01764900
v 0.04070800 -0.11635600 0.01558700
v 0.03949200 -0.11992600 0.00638700
v 0.03867600 -0.11992700 0.01022700
v 0.03640500 -0.12227600 0.00962600
v 0.04037500 -0.11756900 0.01282700
v 0.04318600 -0.11494100 0.01264300
v 0.04224500 -0.11635100 0.01076000
v 0.04171100 -0.11748900 0.00791000
v 0.03992900 -0.11992600 0.00248600
v 0.03758400 -0.12227600 0.00233900
v 0.04238700 -0.11730300 0.00457500
v 0.04441800 -0.11494200 0.00721300
v 0.04489800 -0.11494800 0.00274900
v -0.03731700 -0.12247400 0.00323200
v -0.03527000 -0.12463900 0.00127100
v -0.03486000 -0.12485200 0.00385300
v -0.03614200 -0.12345300 0.00487100
v -0.03458700 -0.12461900 0.00717200
v -0.03994300 -0.11996300 0.00143900
v -0.04468600 -0.11521800 0.00156900
v -0.03559200 -0.12230300 0.01221300
v -0.03366100 -0.12482900 0.00991800
v -0.03261200 -0.12483000 0.01301600
v -0.03093600 -0.12492800 0.01634500
v -0.02946300 -0.12481700 0.01912700
v -0.02741900 -0.12482400 0.02191300
v -0.02518000 -0.12481300 0.02450000
v -0.02259900 -0.12482400 0.02685600
v -0.01985800 -0.12481300 0.02898100
v -0.01674400 -0.12493000 0.03072800
v -0.01353700 -0.12482700 0.03237600
v -0.01313900 -0.12229500 0.03526200
v -0.01019000 -0.12492900 0.03348200
v -0.00680700 -0.12492900 0.03432400
v -0.00353800 -0.12482200 0.03493500
v -0.00009500 -0.12481300 0.03512000
v -0.02613000 -0.11494400 0.03660100
v 0.00335600 -0.12481700 0.03495900
v 0.00668500 -0.12493100 0.03434000
v 0.01011000 -0.12482400 0.03362400
v 0.01335500 -0.12481900 0.03247500
v 0.01631800 -0.12493000 0.03095500
v 0.01907600 -0.12488800 0.02938200
v 0.02156300 -0.12486100 0.02765400
v 0.02490900 -0.12228100 0.02821600
v 0.02465500 -0.12482400 0.02500400
v 0.02707600 -0.12480900 0.02237900
v 0.01372400 -0.11493300 0.04284300
v 0.02871800 -0.12493100 0.01998000
v 0.03070200 -0.12484700 0.01700700
v 0.03245300 -0.12480500 0.01346200
v 0.03352400 -0.12484900 0.01035100
v 0.03427900 -0.12492500 0.00707500
v 0.03717200 -0.12227600 0.00601200
v 0.03493300 -0.12481100 0.00363200
v 0.03509000 -0.12485200 -0.00016600
v 0.03991500 -0.11999300 -0.00137700
v 0.04275200 -0.11718200 0.00075900
v 0.04246400 -0.11737000 -0.00317600
v 0.04494900 -0.11494000 -0.00211300
v 0.04154700 -0.11494000 0.01727500
v 0.04867500 -0.11522500 -0.22138500
v 0.04867500 -0.11522500 -0.22138500
v 0.04867500 -0.11522500 -0.22138500
v 0.04867500 -0.11522500 -0.22138500
v 0.04867500 -0.11522500 -0.22138500
v 0.04867500 -0.11522500 -0.22138500
v 0.02852900 -0.11522500 -0.13031700
v 0.02852900 -0.11522500 -0.13031700
v 0.02852900 -0.11522500 -0.13031700
v 0.01928400 -0.13541700 -0.18200800
v 0.01928400 -0.13541700 -0.18200800
v 0.01928400 -0.13541700 -0.18200800
v 0.01928400 -0.13541700 -0.18200800
v 0.01928400 -0.13541700 -0.18200800
v 0.01295400 -0.14672900 -0.20576800
v 0.01295400 -0.14672900 -0.20576800
v 0.01743100 -0.13519900 -0.17262700
v 0.01743100 -0.13519900 -0.17262700
v 0.00197600 -0.15490100 -0.19397700
v 0.00197600 -0.15490100 -0.19397700
v 0.00830700 -0.15102100 -0.20466100
v 0.00830700 -0.15102100 -0.20466100
v 0.02223900 -0.12481600 -0.14630100
v 0.02223900 -0.12481600 -0.14630100
v 0.02269700 -0.11520200 -0.10385000
v 0.02248800 -0.12513500 -0.14892600
v 0.02248800 -0.12513500 -0.14892600
v 0.02273200 -0.12560100 -0.15218300
v 0.02273200 -0.12560100 -0.15218300
v 0.02195400 -0.13885000 -0.20998200
v 0.02195400 -0.13885000 -0.20998200
v 0.01785900 -0.14243900 -0.20807600
v 0.01785900 -0.14243900 -0.20807600
v 0.02268500 -0.12633700 -0.15542100
v 0.02239000 -0.12727900 -0.15841600
v 0.02239000 -0.12727900 -0.15841600
v 0.02203300 -0.12798800 -0.16025700
v 0.02203300 -0.12798800 -0.16025700
v 0.02140400 -0.12923900 -0.16308500
v 0.02140400 -0.12923900 -0.16308500
v 0.02051600 -0.13067900 -0.16573000
v 0.02051600 -0.13067900 -0.16573000
v 0.01922500 -0.13272200 -0.16928800
v 0.01922500 -0.13272200 -0.16928800
v 0.01307700 -0.12481800 -0.10490800
v 0.01807100 -0.11993200 -0.10483300
v 0.01807100 -0.11993200 -0.10483300
v 0.02613700 -0.13528200 -0.21236300
v 0.02613700 -0.13528200 -0.21236300
v 0.02972000 -0.13234100 -0.21498300
v 0.03316800 -0.12963200 -0.21801700
v 0.03316800 -0.12963200 -0.21801700
v 0.04438300 -0.12267900 -0.23650000
v 0.04438300 -0.12267900 -0.23650000
v 0.04326200 -0.12302900 -0.23305900
v 0.04326200 -0.12302900 -0.23305900
v 0.04856500 -0.11883900 -0.23761900
v 0.05261400 -0.11527800 -0.23944600
v 0.03613700 -0.12744100 -0.22129300
v 0.03613700 -0.12744100 -0.22129300
v 0.03906100 -0.12542500 -0.22517900
v 0.03906100 -0.12542500 -0.22517900
v 0.04147900 -0.12393300 -0.22918100
v 0.04147900 -0.12393300 -0.22918100
v 0.01357700 -0.14630000 -0.20693500
v 0.00467100 -0.15141700 -0.20305100
v 0.00547300 -0.15251900 -0.20432400
v 0.00242700 -0.15355000 -0.20283600
v 0.00899600 -0.14909700 -0.20488000
v 0.00849200 -0.14781000 -0.20369500
v 0.01039700 -0.14604300 -0.20412600
v 0.00230600 -0.15539300 -0.20403500
v 0.01218800 -0.14604300 -0.20564400
v -0.01736600 -0.14869300 -0.20738400
v -0.01672000 -0.14781000 -0.20599100
v -0.01308400 -0.15141700 -0.20466800
v -0.01362400 -0.15253500 -0.20605900
v -0.01109500 -0.15336700 -0.20411200
v -0.01851600 -0.14604300 -0.20676000
v -0.01130400 -0.15486500 -0.20539900
v -0.02000600 -0.14604300 -0.20858100
v 0.00899600 -0.14909700 -0.20488000
v 0.00830700 -0.15102100 -0.20466100
v 0.00547300 -0.15251900 -0.20432400
v 0.01295400 -0.14672900 -0.20576800
v 0.01218800 -0.14604300 -0.20564400
v 0.01285600 -0.14604200 -0.20583400
v 0.00075900 -0.15644600 -0.20395800
v 0.00230600 -0.15539300 -0.20403500
v 0.00252800 -0.15599000 -0.20402600
v 0.00041700 -0.15594400 -0.20398800
v 0.00397400 -0.15512300 -0.20412700
v -0.00869400 -0.15645800 -0.19601100
v 0.00044300 -0.15595700 -0.19459400
v 0.00044300 -0.15595700 -0.19459400
v 0.00044300 -0.15595700 -0.19459400
v -0.01028600 -0.15604300 -0.19565900
v -0.00101400 -0.15645500 -0.19535800
v -0.02927000 -0.13649300 -0.17775600
v -0.02927000 -0.13649300 -0.17775600
v 0.01641700 -0.13579400 -0.17288700
v -0.00273800 -0.15646600 -0.20400700
v 0.00075900 -0.15644600 -0.20395800
v -0.00101400 -0.15645500 -0.19535800
v -0.00869400 -0.15645800 -0.19601100
v -0.00912600 -0.15645500 -0.20479500
v 0.00252800 -0.15599000 -0.20402600
v 0.00044300 -0.15595700 -0.19459400
v -0.00101400 -0.15645500 -0.19535800
v 0.00127500 -0.15546300 -0.19418200
v 0.00397400 -0.15512300 -0.20412700
v 0.00197600 -0.15490100 -0.19397700
v -0.00869400 -0.15645800 -0.19601100
v -0.01028600 -0.15604300 -0.19565900
v -0.00912600 -0.15645500 -0.20479500
v -0.01066600 -0.15603100 -0.20520400
v -0.01132000 -0.15549000 -0.19536100
v -0.01212600 -0.15519400 -0.20553400
v -0.01213100 -0.15483500 -0.19520600
v -0.02709800 -0.13756600 -0.21636500
v -0.02588700 -0.14127400 -0.21326000
v -0.02904100 -0.13819300 -0.21551000
v -0.02266400 -0.14034700 -0.21475400
v -0.03462800 -0.13292600 -0.22055300
v -0.03018600 -0.13442700 -0.21904800
v -0.03191300 -0.13555000 -0.21782500
v -0.03332100 -0.13155400 -0.22207000
v -0.03411200 -0.12806800 -0.22620800
v -0.03885300 -0.12887300 -0.22613000
v -0.03577300 -0.12605100 -0.22921600
v -0.03841100 -0.12631000 -0.22975300
v -0.04025700 -0.12754000 -0.22846800
v -0.03693700 -0.13070900 -0.22339000
v -0.04369300 -0.12437400 -0.23621800
v -0.03993300 -0.12439700 -0.23370300
v -0.04199600 -0.12594900 -0.23185200
v -0.04192900 -0.12297600 -0.23849800
v -0.03740500 -0.12440900 -0.23235700
v -0.04117600 -0.12093700 -0.24561300
v -0.04304200 -0.12208900 -0.24325700
v -0.04559500 -0.12269800 -0.24595100
v -0.04521500 -0.12306700 -0.24239500
v -0.04239500 -0.12241400 -0.24081100
v -0.04468500 -0.12353100 -0.23978000
v -0.02336300 -0.13874200 -0.21591300
v -0.02503200 -0.13669100 -0.21736800
v -0.03024800 -0.13158600 -0.22184800
v -0.02768800 -0.13406900 -0.21948400
v -0.03254300 -0.12922900 -0.22457100
v -0.03992900 -0.12191100 -0.23932600
v -0.03883500 -0.12301000 -0.23565700
v -0.04054900 -0.12139100 -0.24188700
v -0.02142000 -0.14429600 -0.21179300
v -0.02456100 -0.14301600 -0.21196900
v -0.02120600 -0.14618700 -0.21023400
v -0.02135900 -0.14203400 -0.21331600
v -0.04571700 -0.12261800 -0.24957600
v -0.04144800 -0.12084600 -0.25001300
v -0.00273800 -0.15646600 -0.20400700
v 0.00041700 -0.15594400 -0.20398800
v 0.00075900 -0.15644600 -0.20395800
v -0.00912600 -0.15645500 -0.20479500
v -0.00421700 -0.15597700 -0.20417000
v -0.00930300 -0.15588500 -0.20492200
v -0.01066600 -0.15603100 -0.20520400
v -0.01212600 -0.15519400 -0.20553400
v -0.01130400 -0.15486500 -0.20539900
v -0.01362400 -0.15253500 -0.20605900
v -0.01751000 -0.14989100 -0.20737900
v -0.01736600 -0.14869300 -0.20738400
v -0.02069400 -0.14676300 -0.20886900
v -0.02000600 -0.14604300 -0.20858100
v -0.02058900 -0.14603900 -0.20889500
v 0.01641700 -0.13579400 -0.17288700
v 0.00044300 -0.15595700 -0.19459400
v 0.01603200 -0.13668400 -0.17396700
v 0.00127500 -0.15546300 -0.19418200
v 0.00197600 -0.15490100 -0.19397700
v 0.01743100 -0.13519900 -0.17262700
v -0.01132000 -0.15549000 -0.19536100
v -0.01028600 -0.15604300 -0.19565900
v -0.02927000 -0.13649300 -0.17775600
v -0.02947000 -0.13672900 -0.17817200
v -0.01213100 -0.15483500 -0.19520600
v -0.03134100 -0.13497900 -0.17688800
v -0.04016000 -0.12102200 -0.24133700
v -0.04054900 -0.12139100 -0.24188700
v -0.04117600 -0.12093700 -0.24561300
v -0.03992900 -0.12191100 -0.23932600
v -0.03859700 -0.12251000 -0.23583200
v -0.03883500 -0.12301000 -0.23565700
v -0.03635900 -0.12466300 -0.23090000
v -0.03740500 -0.12440900 -0.23235700
v -0.03577300 -0.12605100 -0.22921600
v -0.03432600 -0.12691000 -0.22738800
v -0.03411200 -0.12806800 -0.22620800
v -0.03161200 -0.12907600 -0.22388900
v -0.03254300 -0.12922900 -0.22457100
v -0.03028300 -0.13044700 -0.22236100
v -0.03024800 -0.13158600 -0.22184800
v -0.02671900 -0.13410600 -0.21889500
v -0.02768800 -0.13406900 -0.21948400
v -0.02503200 -0.13669100 -0.21736800
v -0.04108100 -0.12034200 -0.25022900
v -0.04082500 -0.12040400 -0.24573000
v -0.04092400 -0.12003300 -0.24742600
v -0.04062200 -0.12023500 -0.24432000
v -0.03999100 -0.12076500 -0.24093400
v -0.03921500 -0.12148400 -0.23800600
v -0.03818500 -0.12246400 -0.23504400
v -0.03690400 -0.12372800 -0.23211800
v -0.03564400 -0.12496700 -0.22972800
v -0.03362500 -0.12700600 -0.22651300
v -0.02880000 -0.13194200 -0.22081600
v -0.02469400 -0.13623800 -0.21725400
v -0.02272500 -0.13828500 -0.21572100
v 0.04312200 -0.12306900 -0.23420100
v 0.04401300 -0.12272100 -0.23736900
v 0.04438300 -0.12267900 -0.23650000
v 0.04326200 -0.12302900 -0.23305900
v 0.04147900 -0.12393300 -0.22918100
v 0.04181800 -0.12367800 -0.23109500
v 0.03613700 -0.12744100 -0.22129300
v 0.03671600 -0.12673700 -0.22294100
v 0.03906100 -0.12542500 -0.22517900
v 0.03316800 -0.12963200 -0.21801700
v 0.03468800 -0.12819000 -0.22048900
v 0.02972000 -0.13234100 -0.21498300
v 0.03161100 -0.13051600 -0.21733700
v 0.02613700 -0.13528200 -0.21236300
v 0.02815100 -0.13330900 -0.21447300
v 0.02195400 -0.13885000 -0.20998200
v 0.02441900 -0.13641300 -0.21196000
v 0.01785900 -0.14243900 -0.20807600
v 0.01990400 -0.14041700 -0.20952200
v 0.01622500 -0.14374800 -0.20805100
v 0.01357700 -0.14630000 -0.20693500
v 0.04488300 -0.12259100 -0.23844600
v -0.02217300 -0.13984500 -0.21488600
v -0.02266400 -0.14034700 -0.21475400
v -0.02336300 -0.13874200 -0.21591300
v -0.02142000 -0.14429600 -0.21179300
v -0.02135900 -0.14203400 -0.21331600
v -0.02083100 -0.14418900 -0.21149900
v -0.02044500 -0.14463600 -0.21022000
v -0.02096500 -0.14157200 -0.21294900
v -0.02120600 -0.14618700 -0.21023400
v -0.02069400 -0.14676300 -0.20886900
v -0.02058900 -0.14603900 -0.20889500
v -0.02503200 -0.13669100 -0.21736800
v -0.02272500 -0.13828500 -0.21572100
v -0.02061400 -0.14331500 -0.21142600
v -0.02190000 -0.13953800 -0.21466100
v 0.01520900 -0.14118500 -0.21072900
v 0.01411000 -0.14183000 -0.20992600
v 0.01567100 -0.13973300 -0.21163100
v 0.01447800 -0.14292200 -0.20957400
v 0.01333600 -0.14469800 -0.20791800
v 0.01419000 -0.14445200 -0.20843500
v 0.01357700 -0.14630000 -0.20693500
v 0.01472100 -0.14020600 -0.21080100
v 0.01578700 -0.13861200 -0.21197500
v 0.01385500 -0.14184000 -0.20954800
v 0.01330500 -0.14331900 -0.20833400
v 0.01294600 -0.14490400 -0.20692900
v 0.01285600 -0.14604200 -0.20583400
v 0.01295400 -0.14672900 -0.20576800
v 0.01285600 -0.14604200 -0.20583400
v 0.01285600 -0.14604200 -0.20583400
v 0.01285600 -0.14604200 -0.20583400
v -0.01128800 -0.14604300 -0.20610100
v -0.01128800 -0.14604300 -0.20610100
v -0.02000600 -0.14604300 -0.20858100
v -0.02000600 -0.14604300 -0.20858100
v -0.01851600 -0.14604300 -0.20676000
v -0.02058900 -0.14603900 -0.20889500
v 0.01039700 -0.14604300 -0.20412600
v 0.00316900 -0.14604300 -0.20478400
v 0.00316900 -0.14604300 -0.20478400
v 0.00316900 -0.14604300 -0.20478400
v 0.01218800 -0.14604300 -0.20564400
v 0.01218800 -0.14604300 -0.20564400
v 0.00041700 -0.15594400 -0.20398800
v -0.00022900 -0.15487000 -0.20289600
v 0.00084000 -0.15459800 -0.20285300
v 0.00242700 -0.15355000 -0.20283600
v 0.00230600 -0.15539300 -0.20403500
v -0.01007500 -0.15426300 -0.20391900
v -0.01130400 -0.15486500 -0.20539900
v -0.01109500 -0.15336700 -0.20411200
v -0.00930300 -0.15588500 -0.20492200
v -0.00855800 -0.15483600 -0.20364900
v -0.00625200 -0.15498900 -0.20342300
v -0.00227100 -0.15497600 -0.20306400
v -0.00421700 -0.15597700 -0.20417000
v -0.00022900 -0.15487000 -0.20289600
v 0.00041700 -0.15594400 -0.20398800
v -0.00930300 -0.15588500 -0.20492200
v -0.00855800 -0.15483600 -0.20364900
v -0.00418200 -0.15046700 -0.20410100
v -0.00422600 -0.15272200 -0.20361100
v -0.00799300 -0.15272200 -0.20395500
v -0.00742400 -0.15386400 -0.20370100
v -0.00901400 -0.15386400 -0.20384600
v 0.00075000 -0.15046700 -0.20365100
v -0.00046000 -0.15272200 -0.20326800
v 0.00142400 -0.15272200 -0.20309700
v 0.00052500 -0.15386300 -0.20297700
v -0.00855800 -0.15483600 -0.20364900
v -0.01007500 -0.15426300 -0.20391900
v -0.01109500 -0.15336700 -0.20411200
v -0.00625200 -0.15498900 -0.20342300
v -0.00911400 -0.15046600 -0.20455000
v -0.01308400 -0.15141700 -0.20466800
v -0.01672000 -0.14781000 -0.20599100
v -0.00987600 -0.15272200 -0.20412600
v -0.01851600 -0.14604300 -0.20676000
v -0.01128800 -0.14604300 -0.20610100
v -0.00227100 -0.15497600 -0.20306400
v -0.00106500 -0.15386300 -0.20312100
v -0.00022900 -0.15487000 -0.20289600
v 0.00084000 -0.15459800 -0.20285300
v 0.00242700 -0.15355000 -0.20283600
v 0.00316900 -0.14604300 -0.20478400
v 0.00849200 -0.14781000 -0.20369500
v 0.00467100 -0.15141700 -0.20305100
v 0.01039700 -0.14604300 -0.20412600
v -0.02791500 -0.13973600 -0.21398100
v -0.02904100 -0.13819300 -0.21551000
v -0.02588700 -0.14127400 -0.21326000
v -0.03384100 -0.13399300 -0.21889400
v -0.03462800 -0.13292600 -0.22055300
v -0.03191300 -0.13555000 -0.21782500
v -0.03677000 -0.13118400 -0.22219000
v -0.03693700 -0.13070900 -0.22339000
v -0.03926400 -0.12881700 -0.22566600
v -0.03885300 -0.12887300 -0.22613000
v -0.04137100 -0.12683900 -0.22921600
v -0.04025700 -0.12754000 -0.22846800
v -0.04199600 -0.12594900 -0.23185200
v -0.04328700 -0.12507500 -0.23339000
v -0.04369300 -0.12437400 -0.23621800
v -0.04479900 -0.12372000 -0.23777200
v -0.04468500 -0.12353100 -0.23978000
v -0.04591900 -0.12277800 -0.24270600
v -0.04521500 -0.12306700 -0.24239500
v -0.04559500 -0.12269800 -0.24595100
v -0.04093300 -0.12001700 -0.25299600
v -0.04092400 -0.12003300 -0.24742600
v -0.04108100 -0.12034200 -0.25022900
v -0.04117600 -0.12093700 -0.24561300
v -0.04144800 -0.12084600 -0.25001300
v 0.05129100 -0.11415100 -0.22398000
v 0.04851700 -0.11449200 -0.21930900
v 0.05050900 -0.11485800 -0.22349000
v 0.04879800 -0.11492100 -0.22097400
v 0.04967900 -0.11390300 -0.22102500
v -0.05665200 -0.10995500 -0.24018100
v -0.05450200 -0.10692700 -0.24369100
v -0.05724900 -0.10950300 -0.24452500
v -0.05345800 -0.10942400 -0.23398400
v -0.05354800 -0.10828200 -0.23649300
v -0.05524200 -0.11111500 -0.23409400
v -0.05496500 -0.10693200 -0.24786600
v -0.05746800 -0.10942400 -0.24868700
v -0.05367300 -0.10696700 -0.24021900
v -0.05432100 -0.11194700 -0.23117800
v -0.05325400 -0.11293200 -0.22833000
v -0.05335400 -0.11105500 -0.23109500
v -0.05601700 -0.11046500 -0.23705900
v -0.05400700 -0.11293300 -0.24943600
v -0.05400700 -0.11293300 -0.24943600
v -0.05345800 -0.10942400 -0.23398400
v -0.05335400 -0.11105500 -0.23109500
v -0.05335400 -0.11105500 -0.23109500
v -0.05354800 -0.10828200 -0.23649300
v -0.05354800 -0.10828200 -0.23649300
v -0.05396500 -0.10693200 -0.24805600
v -0.05367300 -0.10696700 -0.24021900
v -0.05325400 -0.11293200 -0.22833000
v -0.05565500 -0.11378500 -0.23559700
v -0.05565500 -0.11378500 -0.23559700
v -0.05512900 -0.11481600 -0.24993800
v -0.05512900 -0.11481600 -0.24993800
v -0.05448200 -0.11478700 -0.23163200
v -0.05721100 -0.11253000 -0.24435300
v -0.05721100 -0.11253000 -0.24435300
v -0.05746400 -0.11243000 -0.24811500
v -0.05683400 -0.11280600 -0.24133000
v -0.05631700 -0.11304400 -0.23839300
v -0.05665200 -0.10995500 -0.24018100
v -0.05683400 -0.11280600 -0.24133000
v -0.05724900 -0.10950300 -0.24452500
v -0.05391800 -0.11493100 -0.23001300
v -0.05325400 -0.11293200 -0.22833000
v -0.05432100 -0.11194700 -0.23117800
v -0.05448200 -0.11478700 -0.23163200
v -0.05524200 -0.11111500 -0.23409400
v -0.05721100 -0.11253000 -0.24435300
v -0.05601700 -0.11046500 -0.23705900
v -0.05565500 -0.11378500 -0.23559700
v -0.05325300 -0.11453200 -0.22830800
v -0.05746400 -0.11243000 -0.24811500
v -0.05746800 -0.10942400 -0.24868700
v -0.05512900 -0.11481600 -0.24993800
v -0.05477000 -0.11491300 -0.25507500
v -0.05391800 -0.11493100 -0.23001300
v -0.05631700 -0.11304400 -0.23839300
v -0.05683400 -0.11280600 -0.24133000
v -0.05565500 -0.11378500 -0.23559700
v -0.05316400 -0.11492000 -0.22810200
v -0.05325300 -0.11453200 -0.22830800
v -0.05391800 -0.11493100 -0.23001300
v -0.04083600 -0.12052900 -0.25484200
v -0.04108100 -0.12034200 -0.25022900
v -0.04144800 -0.12084600 -0.25001300
v -0.04018200 -0.12044500 -0.25860900
v -0.04133500 -0.12094800 -0.25523800
v -0.03942600 -0.12003200 -0.26125300
v -0.03947000 -0.12074600 -0.26216800
v -0.03639800 -0.12046900 -0.26912400
v -0.03813300 -0.12068800 -0.26562400
v -0.03676600 -0.12085600 -0.26917200
v -0.03201300 -0.12037800 -0.27576200
v -0.03465500 -0.12069200 -0.27231500
v -0.03269900 -0.12072600 -0.27521600
v -0.03062700 -0.12083200 -0.27787700
v -0.02895000 -0.12045500 -0.27917200
v -0.02561900 -0.12042100 -0.28214800
v -0.02638300 -0.12076500 -0.28179800
v -0.02176500 -0.12060200 -0.28494800
v -0.02316300 -0.12086700 -0.28439500
v -0.01597800 -0.12038400 -0.28786800
v -0.02067900 -0.12004400 -0.28539100
v -0.01863900 -0.12073800 -0.28683400
v -0.01170200 -0.12046300 -0.28940300
v -0.01218800 -0.12089100 -0.28967800
v -0.00722200 -0.12047500 -0.29049000
v -0.00874500 -0.12091100 -0.29059700
v -0.00148000 -0.12030400 -0.29106300
v -0.00522600 -0.12089200 -0.29117100
v 0.00658800 -0.12003200 -0.29036700
v 0.00238300 -0.12066600 -0.29114200
v 0.00511400 -0.12077300 -0.29100200
v 0.01978000 -0.12006400 -0.28588300
v 0.01678500 -0.12064400 -0.28761500
v 0.01957400 -0.12075400 -0.28638200
v 0.02410500 -0.12039100 -0.28329900
v 0.02231400 -0.12076300 -0.28475600
v 0.02864600 -0.12063400 -0.27961100
v 0.02710500 -0.12084100 -0.28132700
v 0.04001400 -0.12062300 -0.24025100
v 0.03948000 -0.12006300 -0.23877500
v 0.04092700 -0.12066100 -0.24520300
v 0.02031600 -0.13493800 -0.21429200
v 0.02387800 -0.13173100 -0.21654800
v 0.02078000 -0.13504600 -0.21429000
v -0.04045600 -0.12002100 -0.25671400
v -0.04093300 -0.12001700 -0.25299600
v -0.03801000 -0.12002100 -0.26544100
v -0.03406100 -0.12002000 -0.27287000
v -0.03149800 -0.12002100 -0.27627700
v -0.02861900 -0.12002100 -0.27939000
v -0.02528200 -0.12002100 -0.28229900
v -0.02259300 -0.12002100 -0.28422700
v -0.03632500 -0.12002100 -0.26903800
v -0.01902000 -0.12002100 -0.28633200
v -0.01595300 -0.12002000 -0.28775800
v -0.01392500 -0.12002100 -0.28857500
v -0.01068200 -0.12002100 -0.28958400
v -0.01204200 -0.12002100 -0.28919200
v -0.00408500 -0.12001900 -0.29078500
v 0.01082300 -0.12063800 -0.28974600
v 0.00804500 -0.12002300 -0.28997900
v 0.01370100 -0.12064700 -0.28882400
v 0.01286000 -0.12002100 -0.28893100
v 0.01856100 -0.12002200 -0.28657700
v 0.02102600 -0.12002100 -0.28519700
v 0.01664100 -0.12002300 -0.28748900
v 0.02528600 -0.12002100 -0.28228300
v 0.02700400 -0.12002100 -0.28085700
v 0.00516500 -0.12002000 -0.29064800
v -0.00717500 -0.12002400 -0.29038400
v -0.00925600 -0.12002200 -0.28996000
v -0.00320400 -0.12002900 -0.29092600
v -0.00519800 -0.12002100 -0.29066900
v 0.00226500 -0.12002000 -0.29091200
v 0.01158400 -0.12002100 -0.28932900
v 0.01029600 -0.12002100 -0.28968600
v 0.02279800 -0.12002100 -0.28407300
v 0.03437700 -0.12065700 -0.27272200
v 0.03614700 -0.12105600 -0.27112600
v 0.03679400 -0.12065600 -0.26854800
v 0.03065200 -0.12002900 -0.27722300
v 0.03257400 -0.12002100 -0.27490500
v 0.03974600 -0.12065000 -0.26080200
v 0.03870600 -0.12060100 -0.26401000
v 0.03996400 -0.12106500 -0.26251600
v 0.03472300 -0.12002100 -0.27186300
v 0.04108700 -0.12066100 -0.25315300
v 0.04144400 -0.12107600 -0.25619000
v 0.04166700 -0.12103200 -0.25360800
v 0.04121100 -0.12068300 -0.24941600
v 0.04188500 -0.12105900 -0.24993400
v 0.04172900 -0.12103000 -0.24727600
v 0.04071700 -0.12103800 -0.25963200
v 0.04055800 -0.12061700 -0.25706800
v 0.04143400 -0.12106200 -0.24390900
v 0.04091600 -0.12105700 -0.24131200
v 0.03642100 -0.12218900 -0.23078800
v 0.03789700 -0.12215300 -0.23227600
v 0.03673800 -0.12275300 -0.23014700
v 0.03503400 -0.12318700 -0.22823300
v 0.02726700 -0.12898400 -0.21915800
v 0.03035300 -0.12684700 -0.22189700
v 0.02803200 -0.12927700 -0.21909200
v 0.03780000 -0.12140100 -0.23366100
v 0.03307000 -0.12448000 -0.22541400
v 0.03245400 -0.12580600 -0.22364900
v 0.02061400 -0.13610700 -0.21345000
v 0.01866400 -0.13783000 -0.21248200
v 0.02314600 -0.13303100 -0.21569700
v 0.01567100 -0.13973300 -0.21163100
v 0.03985700 -0.12002100 -0.25983100
v 0.04070100 -0.12002100 -0.25507000
v 0.04095800 -0.12002100 -0.24756900
v 0.03831100 -0.12002100 -0.26467900
v 0.03678500 -0.12002100 -0.26813700
v 0.04098400 -0.12002100 -0.25162200
v 0.04052100 -0.12001900 -0.24364900
v 0.03904200 -0.12076800 -0.23708100
v 0.03799500 -0.12062700 -0.23453600
v 0.03658200 -0.12138300 -0.23147600
v 0.03529300 -0.12218200 -0.22914100
v 0.03352900 -0.12340000 -0.22634700
v 0.03091300 -0.12582600 -0.22289400
v 0.02932300 -0.12661000 -0.22134100
v 0.02676800 -0.12873700 -0.21890100
v 0.02212100 -0.13273900 -0.21550400
v 0.03143100 -0.12493700 -0.22366300
v 0.02407100 -0.13104500 -0.21681100
v 0.01936600 -0.13530700 -0.21384700
v 0.01578700 -0.13861200 -0.21197500
v -0.04574400 -0.12266000 -0.25400200
v -0.04440800 -0.12221500 -0.25487800
v -0.04531800 -0.12249300 -0.25166400
v -0.04368900 -0.12181600 -0.25164600
v -0.04357600 -0.12186600 -0.25476300
v -0.04225900 -0.12131100 -0.25453600
v -0.04178700 -0.12102500 -0.25145300
v -0.04501400 -0.12260900 -0.25751300
v -0.04408300 -0.12232600 -0.25863100
v -0.04413300 -0.12259000 -0.26160800
v -0.04284800 -0.12209800 -0.26163100
v -0.04194900 -0.12170000 -0.26128400
v -0.04127300 -0.12140800 -0.26099000
v -0.04142100 -0.12117500 -0.25786600
v -0.04033300 -0.12082900 -0.25934600
v -0.04133500 -0.12094800 -0.25523800
v -0.04236600 -0.12234000 -0.26509600
v -0.04131300 -0.12243500 -0.26837000
v -0.04061900 -0.12209700 -0.26792600
v -0.04001000 -0.12180000 -0.26752800
v -0.03920800 -0.12140900 -0.26698100
v -0.03979000 -0.12116600 -0.26390600
v -0.03947000 -0.12074600 -0.26216800
v -0.03813300 -0.12068800 -0.26562400
v -0.03961400 -0.12234200 -0.27130400
v -0.03750200 -0.12213100 -0.27386100
v -0.03694000 -0.12179500 -0.27328900
v -0.03625800 -0.12140500 -0.27259100
v -0.03739800 -0.12117500 -0.26949100
v -0.03676600 -0.12085600 -0.26917200
v -0.03465500 -0.12069200 -0.27231500
v -0.03594400 -0.12233900 -0.27702600
v -0.03476300 -0.12266000 -0.27992400
v -0.03346800 -0.12209600 -0.27916600
v -0.03304800 -0.12179300 -0.27853500
v -0.03247900 -0.12138800 -0.27766600
v -0.03415700 -0.12116000 -0.27464500
v -0.03146600 -0.12234300 -0.28214300
v -0.02982600 -0.12260800 -0.28459400
v -0.02870900 -0.12209400 -0.28385600
v -0.02841400 -0.12178900 -0.28313800
v -0.02805400 -0.12140300 -0.28222000
v -0.02794100 -0.12088200 -0.28068300
v -0.03009300 -0.12116400 -0.27949600
v -0.02625500 -0.12233900 -0.28650700
v -0.02423100 -0.12265800 -0.28893300
v -0.02329900 -0.12209200 -0.28777600
v -0.02314300 -0.12178400 -0.28699300
v -0.02297400 -0.12140000 -0.28601000
v -0.02543800 -0.12116200 -0.28358700
v -0.02316300 -0.12086700 -0.28439500
v -0.02047200 -0.12233600 -0.29003200
v -0.01740400 -0.12243100 -0.29170000
v -0.01737600 -0.12209000 -0.29081900
v -0.01737200 -0.12178000 -0.29000800
v -0.01740500 -0.12139700 -0.28899200
v -0.02022300 -0.12115900 -0.28695500
v -0.01743500 -0.12106700 -0.28811200
v -0.01423500 -0.12233900 -0.29263500
v -0.01155500 -0.12259600 -0.29416000
v -0.01102900 -0.12208700 -0.29297500
v -0.01118400 -0.12177400 -0.29215200
v -0.01142100 -0.12139200 -0.29113900
v -0.01455000 -0.12115100 -0.28950500
v -0.01218800 -0.12089100 -0.28967800
v -0.00775200 -0.12234000 -0.29429700
v -0.00430800 -0.12244400 -0.29502500
v -0.00474100 -0.12208400 -0.29410400
v -0.00505000 -0.12175800 -0.29327600
v -0.00548100 -0.12138800 -0.29233000
v -0.00870300 -0.12114600 -0.29118700
v -0.00522600 -0.12089200 -0.29117100
v -0.00083000 -0.12232100 -0.29492400
v -0.00212800 -0.12265500 -0.29583700
v 0.00222800 -0.12211300 -0.29433600
v 0.00175700 -0.12175900 -0.29353400
v 0.00112200 -0.12138200 -0.29265400
v -0.00264200 -0.12116300 -0.29205500
v 0.00019900 -0.12102600 -0.29181700
v -0.00124700 -0.12073500 -0.29126600
v 0.00598100 -0.12233700 -0.29456300
v 0.00947000 -0.12242000 -0.29416800
v 0.00885200 -0.12207500 -0.29343900
v 0.00822700 -0.12174500 -0.29275000
v 0.00742100 -0.12137600 -0.29200100
v 0.00384000 -0.12113200 -0.29188600
v 0.00671000 -0.12106800 -0.29137200
v 0.01262800 -0.12233800 -0.29315200
v 0.01602900 -0.12241800 -0.29222600
v 0.01527000 -0.12207000 -0.29160400
v 0.01471400 -0.12183100 -0.29119200
v 0.01355100 -0.12136900 -0.29042400
v 0.00992900 -0.12112800 -0.29086500
v 0.01270900 -0.12106700 -0.28993600
v 0.01897600 -0.12233400 -0.29075200
v 0.02199200 -0.12258400 -0.28994300
v 0.02133800 -0.12206400 -0.28882300
v 0.02069900 -0.12182300 -0.28851000
v 0.02004500 -0.12158800 -0.28821900
v 0.01414000 -0.12159600 -0.29079800
v 0.01937600 -0.12136100 -0.28795400
v 0.01581200 -0.12111400 -0.28893200
v 0.01843400 -0.12106400 -0.28763300
v 0.02489200 -0.12233300 -0.28742500
v 0.02785800 -0.12240500 -0.28547700
v 0.02690300 -0.12205700 -0.28514800
v 0.02620100 -0.12181500 -0.28495000
v 0.02548700 -0.12157900 -0.28478200
v 0.02476300 -0.12135300 -0.28464500
v 0.02137500 -0.12111100 -0.28616300
v 0.02375100 -0.12106200 -0.28451700
v 0.03019800 -0.12233300 -0.28327300
v 0.03290600 -0.12240900 -0.28090500
v 0.03185200 -0.12205000 -0.28073700
v 0.03110100 -0.12180600 -0.28066000
v 0.03034300 -0.12156900 -0.28061700
v 0.02958000 -0.12134400 -0.28061100
v 0.02643000 -0.12109400 -0.28259500
v 0.02852800 -0.12105800 -0.28067200
v 0.03487200 -0.12233000 -0.27834200
v 0.03714400 -0.12240100 -0.27561400
v 0.03606600 -0.12204300 -0.27562600
v 0.03529100 -0.12179600 -0.27568200
v 0.03451600 -0.12155800 -0.27577600
v 0.03374300 -0.12133400 -0.27591300
v 0.03091600 -0.12109100 -0.27837200
v 0.03267400 -0.12105500 -0.27618400
v 0.03875000 -0.12232700 -0.27274300
v 0.04061000 -0.12239600 -0.26963200
v 0.03952400 -0.12203300 -0.26983300
v 0.03874800 -0.12178400 -0.27002900
v 0.03798000 -0.12154500 -0.27026800
v 0.03722200 -0.12132200 -0.27055200
v 0.03478700 -0.12108700 -0.27345000
v 0.03614700 -0.12105600 -0.27112600
v 0.04175800 -0.12233000 -0.26660100
v 0.04309300 -0.12239100 -0.26327200
v 0.04203200 -0.12202700 -0.26366500
v 0.04128000 -0.12177500 -0.26400000
v 0.04054300 -0.12153600 -0.26438100
v 0.03982800 -0.12131400 -0.26480800
v 0.03778600 -0.12106700 -0.26810800
v 0.03893000 -0.12105000 -0.26543800
v 0.04376400 -0.12232400 -0.26012600
v 0.04459500 -0.12238800 -0.25661300
v 0.04358300 -0.12201700 -0.25719300
v 0.04287900 -0.12176300 -0.25766500
v 0.04220000 -0.12152300 -0.25818200
v 0.04155300 -0.12130200 -0.25874500
v 0.03996400 -0.12106500 -0.26251600
v 0.04071700 -0.12103800 -0.25963200
v 0.04479100 -0.12232500 -0.25341800
v 0.04506400 -0.12238200 -0.24980900
v 0.04414300 -0.12201000 -0.25056600
v 0.04351000 -0.12175400 -0.25116700
v 0.04291400 -0.12151300 -0.25181100
v 0.04235900 -0.12129300 -0.25249900
v 0.04144400 -0.12107600 -0.25619000
v 0.04166700 -0.12103200 -0.25360800
v 0.04475600 -0.12231700 -0.24650500
v 0.04443300 -0.12236200 -0.24280100
v 0.04365000 -0.12199100 -0.24373300
v 0.04312000 -0.12173400 -0.24445500
v 0.04263600 -0.12149400 -0.24521600
v 0.04220600 -0.12127700 -0.24601500
v 0.04188500 -0.12105900 -0.24993400
v 0.04172900 -0.12103000 -0.24727600
v 0.04370600 -0.12232200 -0.23982000
v 0.04291300 -0.12257500 -0.23641200
v 0.04226600 -0.12216200 -0.23747000
v 0.04184200 -0.12187000 -0.23829000
v 0.04147600 -0.12159600 -0.23914200
v 0.04117300 -0.12134400 -0.24002600
v 0.04143400 -0.12106200 -0.24390900
v 0.04091600 -0.12105700 -0.24131200
v 0.04170700 -0.12294300 -0.23347200
v 0.04035400 -0.12371900 -0.23019500
v 0.03986900 -0.12315000 -0.23133900
v 0.03957500 -0.12273600 -0.23222400
v 0.03934900 -0.12233500 -0.23313600
v 0.03920000 -0.12195500 -0.23407100
v 0.04005800 -0.12119500 -0.23793700
v 0.03915700 -0.12149400 -0.23537100
v 0.03885900 -0.12448700 -0.22769600
v 0.03716100 -0.12568900 -0.22487000
v 0.03683700 -0.12496700 -0.22606500
v 0.03666800 -0.12443100 -0.22698100
v 0.03657900 -0.12390400 -0.22791400
v 0.03657600 -0.12339500 -0.22886100
v 0.03789700 -0.12215300 -0.23227600
v 0.03673800 -0.12275300 -0.23014700
v 0.03524600 -0.12691200 -0.22250200
v 0.03305600 -0.12862500 -0.21987100
v 0.03290600 -0.12774400 -0.22108000
v 0.03287100 -0.12707900 -0.22200300
v 0.03292400 -0.12642100 -0.22292900
v 0.03307300 -0.12577600 -0.22385400
v 0.03498100 -0.12390600 -0.22719900
v 0.03245400 -0.12580600 -0.22364900
v 0.03103300 -0.13009900 -0.21798800
v 0.02871100 -0.13202400 -0.21590800
v 0.02871600 -0.13101100 -0.21709700
v 0.02880200 -0.13023000 -0.21800600
v 0.02898300 -0.12945200 -0.21890400
v 0.02926700 -0.12868700 -0.21978700
v 0.03035300 -0.12684700 -0.22189700
v 0.02657000 -0.13372100 -0.21436900
v 0.02409600 -0.13585800 -0.21270000
v 0.02425200 -0.13470700 -0.21385400
v 0.02445500 -0.13381300 -0.21473200
v 0.02475700 -0.13292400 -0.21558600
v 0.02516700 -0.13204900 -0.21641000
v 0.02803200 -0.12927700 -0.21909200
v 0.02726700 -0.12898400 -0.21915800
v 0.02182800 -0.13778000 -0.21144600
v 0.01817500 -0.14113700 -0.20960300
v 0.01950200 -0.13912100 -0.21099000
v 0.01983300 -0.13804500 -0.21189200
v 0.02020100 -0.13705500 -0.21270000
v 0.02061400 -0.13610700 -0.21345000
v 0.02314600 -0.13303100 -0.21569700
v 0.01698600 -0.14147600 -0.20981200
v 0.01756800 -0.14002300 -0.21089400
v 0.01795000 -0.13906300 -0.21161200
v 0.01866400 -0.13783000 -0.21248200
v -0.04397500 -0.12265900 -0.26325100
v -0.04288800 -0.12265900 -0.26640000
v -0.04131300 -0.12265900 -0.27011000
v -0.03942500 -0.12265900 -0.27349000
v -0.03732800 -0.12264800 -0.27665000
v -0.04144800 -0.12084600 -0.25001300
v -0.04571700 -0.12261800 -0.24957600
v -0.03292200 -0.12266000 -0.28202000
v -0.02764000 -0.12265600 -0.28662000
v -0.01910100 -0.12266000 -0.29179000
v -0.01558600 -0.12262000 -0.29293300
v -0.02231500 -0.12266200 -0.29010500
v -0.00937600 -0.12266000 -0.29499900
v -0.00558600 -0.12265400 -0.29557000
v 0.00108500 -0.12266000 -0.29589500
v 0.00461200 -0.12266100 -0.29570900
v 0.00843400 -0.12265900 -0.29511300
v 0.01179300 -0.12265800 -0.29437500
v 0.01493300 -0.12265800 -0.29339600
v 0.01821400 -0.12262600 -0.29196000
v -0.04144800 -0.12084600 -0.25001300
v -0.03269900 -0.12072600 -0.27521600
v -0.03062700 -0.12083200 -0.27787700
v -0.04083600 -0.12052900 -0.25484200
v -0.02638300 -0.12076500 -0.28179800
v -0.02176500 -0.12060200 -0.28494800
v -0.01863900 -0.12073800 -0.28683400
v -0.01554000 -0.12075800 -0.28827300
v 0.00238300 -0.12066600 -0.29114200
v 0.00799200 -0.12076000 -0.29053100
v 0.01082300 -0.12063800 -0.28974600
v 0.00511400 -0.12077300 -0.29100200
v -0.00874500 -0.12091100 -0.29059700
v 0.01370100 -0.12064700 -0.28882400
v 0.01678500 -0.12064400 -0.28761500
v 0.02443300 -0.12265900 -0.28887100
v 0.02687000 -0.12266100 -0.28720400
v 0.02954000 -0.12265900 -0.28509000
v 0.03237300 -0.12262800 -0.28233300
v 0.03500400 -0.12265900 -0.27968300
v 0.03712700 -0.12266000 -0.27700000
v 0.03900100 -0.12265700 -0.27422200
v 0.04066800 -0.12265900 -0.27126900
v 0.04210600 -0.12263300 -0.26796700
v 0.04336000 -0.12262500 -0.26457900
v 0.04448400 -0.12266200 -0.26138200
v 0.04518400 -0.12265900 -0.25812300
v 0.04562500 -0.12266000 -0.25500000
v 0.04590000 -0.12266200 -0.25157100
v 0.04583500 -0.12265700 -0.24759800
v 0.04556600 -0.12265700 -0.24466300
v 0.04472000 -0.12260900 -0.24054600
v 0.04401300 -0.12272100 -0.23736900
v 0.04312200 -0.12306900 -0.23420100
v 0.04181800 -0.12367800 -0.23109500
v 0.04044500 -0.12441400 -0.22845500
v 0.03857000 -0.12548300 -0.22555600
v 0.03671600 -0.12673700 -0.22294100
v 0.03468800 -0.12819000 -0.22048900
v 0.03161100 -0.13051600 -0.21733700
v 0.02815100 -0.13330900 -0.21447300
v 0.02441900 -0.13641300 -0.21196000
v 0.01990400 -0.14041700 -0.20952200
v 0.01622500 -0.14374800 -0.20805100
v 0.01357700 -0.14630000 -0.20693500
v 0.01419000 -0.14445200 -0.20843500
v 0.01447800 -0.14292200 -0.20957400
v 0.01520900 -0.14118500 -0.21072900
v 0.01957400 -0.12075400 -0.28638200
v 0.02231400 -0.12076300 -0.28475600
v 0.02455700 -0.12074200 -0.28320900
v 0.02710500 -0.12084100 -0.28132700
v 0.02864600 -0.12063400 -0.27961100
v 0.03187300 -0.12074400 -0.27626200
v 0.03187300 -0.12074400 -0.27626200
v 0.03679400 -0.12065600 -0.26854800
v 0.03679400 -0.12065600 -0.26854800
v 0.03974600 -0.12065000 -0.26080200
v 0.04055800 -0.12061700 -0.25706800
v 0.04108700 -0.12066100 -0.25315300
v 0.03437700 -0.12065700 -0.27272200
v 0.03870600 -0.12060100 -0.26401000
v 0.04121100 -0.12068300 -0.24941600
v 0.04092700 -0.12066100 -0.24520300
v 0.04001400 -0.12062300 -0.24025100
v 0.03780000 -0.12140100 -0.23366100
v 0.04092700 -0.12066100 -0.24520300
v 0.03904200 -0.12076800 -0.23708100
v 0.03904200 -0.12076800 -0.23708100
v 0.03307000 -0.12448000 -0.22541400
v 0.03503400 -0.12318700 -0.22823300
v -0.04635700 -0.12247100 -0.25341900
v -0.04574400 -0.12266000 -0.25400200
v -0.04633200 -0.12257400 -0.24882200
v -0.04571700 -0.12261800 -0.24957600
v -0.04521000 -0.12258900 -0.26003000
v -0.04581700 -0.12248400 -0.25742300
v -0.04501400 -0.12260900 -0.25751300
v -0.04413300 -0.12259000 -0.26160800
v -0.04288800 -0.12265900 -0.26640000
v -0.04397500 -0.12265900 -0.26325100
v -0.04439500 -0.12247600 -0.26370600
v -0.04131300 -0.12265900 -0.27011000
v -0.04329300 -0.12247700 -0.26684400
v -0.03942500 -0.12265900 -0.27349000
v -0.04187500 -0.12248200 -0.27011800
v -0.03863800 -0.12255400 -0.27562100
v -0.04025700 -0.12247000 -0.27321100
v -0.03732800 -0.12264800 -0.27665000
v -0.03476300 -0.12266000 -0.27992400
v -0.03684500 -0.12246200 -0.27833600
v -0.03292200 -0.12266000 -0.28202000
v -0.03438800 -0.12246100 -0.28126700
v -0.02982500 -0.12255800 -0.28550600
v -0.03228700 -0.12247200 -0.28340400
v -0.02764000 -0.12265600 -0.28662000
v -0.02982600 -0.12260800 -0.28459400
v -0.02423100 -0.12265800 -0.28893300
v -0.02685200 -0.12246700 -0.28793000
v -0.02231500 -0.12266200 -0.29010500
v -0.02414900 -0.12247000 -0.28969400
v -0.01910100 -0.12266000 -0.29179000
v -0.02148100 -0.12247500 -0.29119900
v -0.01558600 -0.12262000 -0.29293300
v -0.01469500 -0.12257100 -0.29392300
v -0.01155500 -0.12259600 -0.29416000
v -0.00937600 -0.12266000 -0.29499900
v -0.01201200 -0.12245300 -0.29491000
v -0.00558600 -0.12265400 -0.29557000
v -0.00836400 -0.12246800 -0.29571400
v -0.00212800 -0.12265500 -0.29583700
v -0.00520200 -0.12247700 -0.29616300
v 0.00108500 -0.12266000 -0.29589500
v -0.00215000 -0.12247700 -0.29641300
v 0.00461200 -0.12266100 -0.29570900
v 0.00145500 -0.12246100 -0.29645700
v 0.00843400 -0.12265900 -0.29511300
v 0.00702400 -0.12248300 -0.29591000
v 0.01179300 -0.12265800 -0.29437500
v 0.00992300 -0.12247200 -0.29539200
v 0.01493300 -0.12265800 -0.29339600
v 0.01370800 -0.12246300 -0.29441300
v 0.01720200 -0.12255000 -0.29306500
v 0.01821400 -0.12262600 -0.29196000
v 0.02199200 -0.12258400 -0.28994300
v 0.02041900 -0.12257300 -0.29160100
v 0.02443300 -0.12265900 -0.28887100
v 0.02306500 -0.12247100 -0.29033800
v 0.02687000 -0.12266100 -0.28720400
v 0.02539600 -0.12248100 -0.28888900
v 0.02954000 -0.12265900 -0.28509000
v 0.02804400 -0.12246900 -0.28703800
v 0.03237300 -0.12262800 -0.28233300
v 0.03162200 -0.12254700 -0.28391700
v 0.03500400 -0.12265900 -0.27968300
v 0.03395100 -0.12254500 -0.28160600
v 0.03712700 -0.12266000 -0.27700000
v 0.03588900 -0.12247500 -0.27949100
v 0.03900100 -0.12265700 -0.27422200
v 0.03790400 -0.12247900 -0.27686900
v 0.04066800 -0.12265900 -0.27126900
v 0.03955200 -0.12249000 -0.27433400
v 0.04260900 -0.12254600 -0.26833200
v 0.04109900 -0.12247700 -0.27166600
v 0.04336000 -0.12262500 -0.26457900
v 0.04210600 -0.12263300 -0.26796700
v 0.04388400 -0.12255700 -0.26497200
v 0.04448400 -0.12266200 -0.26138200
v 0.04518400 -0.12265900 -0.25812300
v 0.04514600 -0.12246900 -0.26103600
v 0.04562500 -0.12266000 -0.25500000
v 0.04579500 -0.12247400 -0.25784900
v 0.04590000 -0.12266200 -0.25157100
v 0.04612200 -0.12247200 -0.25556200
v 0.04583500 -0.12265700 -0.24759800
v 0.04643000 -0.12248300 -0.24831400
v 0.04556600 -0.12265700 -0.24466300
v 0.04556900 -0.12254500 -0.24165200
v 0.04617600 -0.12246500 -0.24481800
v 0.04472000 -0.12260900 -0.24054600
v 0.04488300 -0.12259100 -0.23844600
v -0.04559500 -0.12269800 -0.24595100
v -0.04591900 -0.12277800 -0.24270600
v -0.04531800 -0.12249300 -0.25166400
v 0.05049400 -0.11805900 -0.24412200
v 0.04930700 -0.11877800 -0.24105300
v 0.04794700 -0.12055200 -0.24391100
v 0.05334000 -0.11493500 -0.24162000
v 0.05078300 -0.11811400 -0.25129900
v 0.05084000 -0.11802000 -0.24771800
v 0.04834800 -0.12056000 -0.25071100
v 0.04828000 -0.12056100 -0.24730200
v 0.05382200 -0.11494300 -0.24569400
v 0.05398600 -0.11494000 -0.24974400
v 0.05067100 -0.11798200 -0.25512700
v 0.04816200 -0.12056000 -0.25429700
v 0.05363600 -0.11519800 -0.25349200
v 0.05142100 -0.11685700 -0.25813200
v 0.05351900 -0.11494000 -0.25707800
v 0.04836800 -0.11985200 -0.25819700
v 0.05271000 -0.11515700 -0.26068900
v 0.05072100 -0.11683800 -0.26181900
v 0.04762500 -0.11989200 -0.26161000
v 0.05206200 -0.11493600 -0.26433400
v 0.04973300 -0.11685000 -0.26541900
v 0.04656800 -0.12000600 -0.26494000
v 0.05073000 -0.11494300 -0.26847200
v 0.04845900 -0.11691800 -0.26885900
v 0.04537900 -0.12000100 -0.26824900
v 0.04935900 -0.11494100 -0.27186000
v 0.04706400 -0.11684800 -0.27227800
v 0.04394800 -0.12001100 -0.27144300
v 0.04766100 -0.11515600 -0.27491700
v 0.04535600 -0.11686500 -0.27554400
v 0.04232500 -0.11997700 -0.27456500
v 0.04601300 -0.11493900 -0.27825400
v 0.04343400 -0.11683900 -0.27874200
v 0.04049000 -0.11994300 -0.27754600
v 0.04359000 -0.11493700 -0.28186200
v 0.04126200 -0.11687900 -0.28171500
v 0.03843200 -0.11996500 -0.28031700
v 0.04135200 -0.11494200 -0.28469800
v 0.03898500 -0.11686800 -0.28449200
v 0.03622500 -0.11993900 -0.28296200
v 0.03879600 -0.11493900 -0.28755000
v 0.03644600 -0.11684500 -0.28719900
v 0.03378200 -0.11989300 -0.28552300
v 0.03579500 -0.11515100 -0.29015300
v 0.03365200 -0.11688300 -0.28968800
v 0.03102100 -0.12007100 -0.28770500
v 0.03338300 -0.11493600 -0.29243000
v 0.03076800 -0.11687700 -0.29197000
v 0.02824300 -0.12000200 -0.28993300
v 0.02997100 -0.11493900 -0.29491400
v 0.02767000 -0.11687200 -0.29408700
v 0.02531900 -0.11994700 -0.29191800
v 0.02647000 -0.11516700 -0.29680200
v 0.02447600 -0.11685100 -0.29596300
v 0.02226200 -0.11991000 -0.29366200
v 0.02360600 -0.11493700 -0.29855500
v 0.02115100 -0.11687600 -0.29755700
v 0.01908600 -0.11997700 -0.29506900
v 0.02009500 -0.11516600 -0.29988100
v 0.01776400 -0.11687000 -0.29893000
v 0.01591200 -0.12000400 -0.29625600
v 0.01640100 -0.11493800 -0.30144600
v 0.01437500 -0.11687000 -0.30003200
v 0.01263900 -0.12004000 -0.29722000
v 0.01262100 -0.11493600 -0.30248700
v 0.01080100 -0.11686800 -0.30092500
v 0.00912200 -0.11997700 -0.29808700
v 0.00899500 -0.11494000 -0.30323700
v 0.00697400 -0.11689200 -0.30156600
v 0.00555000 -0.11984700 -0.29876100
v 0.00470800 -0.11493900 -0.30378700
v 0.00325200 -0.11689300 -0.30193200
v 0.00206300 -0.11990700 -0.29897300
v 0.00086400 -0.11494000 -0.30397700
v -0.00044900 -0.11683700 -0.30208900
v -0.00144400 -0.11996100 -0.29894000
v -0.00238800 -0.11516100 -0.30372100
v -0.00412200 -0.11690600 -0.30185800
v -0.00495800 -0.11987300 -0.29879900
v -0.00596600 -0.11493900 -0.30366200
v -0.00778200 -0.11688200 -0.30146100
v -0.00842800 -0.11989200 -0.29830300
v -0.00995300 -0.11493500 -0.30306300
v -0.01140100 -0.11688700 -0.30077700
v -0.01183500 -0.11995700 -0.29751500
v -0.01362100 -0.11494000 -0.30224500
v -0.01500200 -0.11685100 -0.29987000
v -0.01525800 -0.11989500 -0.29658300
v -0.01756000 -0.11494600 -0.30105000
v -0.01850000 -0.11687200 -0.29865200
v -0.01843600 -0.11996700 -0.29533700
v -0.02140600 -0.11493300 -0.29957200
v -0.02182600 -0.11688800 -0.29724100
v -0.02160600 -0.11996300 -0.29393700
v -0.02462800 -0.11520000 -0.29777000
v -0.02505900 -0.11689900 -0.29559800
v -0.02467700 -0.11990500 -0.29235600
v -0.02778400 -0.11493700 -0.29628400
v -0.02962800 -0.11527000 -0.29475900
v -0.02759000 -0.11989100 -0.29053600
v -0.03122100 -0.11690700 -0.29161300
v -0.03047600 -0.11997300 -0.28831000
v -0.03372300 -0.11493700 -0.29217600
v -0.03423700 -0.11686000 -0.28923200
v -0.03327600 -0.11991000 -0.28599300
v -0.03744200 -0.11494200 -0.28890100
v -0.03694200 -0.11689900 -0.28664300
v -0.03577400 -0.11988700 -0.28354400
v -0.03983700 -0.11515800 -0.28612900
v -0.03947200 -0.11688600 -0.28392100
v -0.03801800 -0.11996800 -0.28084800
v -0.04217100 -0.11493500 -0.28371100
v -0.04179700 -0.11685700 -0.28106100
v -0.04018300 -0.11992000 -0.27805300
v -0.04459000 -0.11494600 -0.28043200
v -0.04386400 -0.11689000 -0.27800500
v -0.04210900 -0.11987800 -0.27515400
v -0.04669200 -0.11493600 -0.27710300
v -0.04575000 -0.11689200 -0.27480100
v -0.04376100 -0.11992800 -0.27204600
v -0.04847300 -0.11493700 -0.27377600
v -0.04742700 -0.11685100 -0.27152200
v -0.04523500 -0.11991800 -0.26886100
v -0.04966900 -0.11516100 -0.27061800
v -0.04878900 -0.11689600 -0.26809300
v -0.04646400 -0.11992100 -0.26558100
v -0.05123600 -0.11493900 -0.26702300
v -0.05000400 -0.11685000 -0.26456500
v -0.04746100 -0.11992400 -0.26219700
v -0.05245100 -0.11493800 -0.26281400
v -0.05088400 -0.11687600 -0.26096100
v -0.04821200 -0.11990200 -0.25877100
v -0.05299800 -0.11514900 -0.25919000
v -0.05158600 -0.11682100 -0.25734000
v -0.04876800 -0.11986500 -0.25533000
v -0.05367100 -0.11493800 -0.25580700
v -0.05186900 -0.11693400 -0.25366100
v -0.04864700 -0.12024900 -0.25173200
v -0.05396800 -0.11493600 -0.25186400
v 0.04740200 -0.12055500 -0.24054600
v 0.04438300 -0.12267900 -0.23650000
v 0.04488300 -0.12259100 -0.23844600
v 0.04556900 -0.12254500 -0.24165200
v 0.04617600 -0.12246500 -0.24481800
v 0.04643000 -0.12248300 -0.24831400
v 0.04640500 -0.12247900 -0.25229800
v 0.04856500 -0.11883900 -0.23761900
v 0.04612200 -0.12247200 -0.25556200
v 0.04514600 -0.12246900 -0.26103600
v 0.04579500 -0.12247400 -0.25784900
v 0.04388400 -0.12255700 -0.26497200
v 0.04109900 -0.12247700 -0.27166600
v 0.04260900 -0.12254600 -0.26833200
v 0.05261400 -0.11527800 -0.23944600
v 0.03955200 -0.12249000 -0.27433400
v 0.03790400 -0.12247900 -0.27686900
v 0.03588900 -0.12247500 -0.27949100
v 0.03395100 -0.12254500 -0.28160600
v 0.03162200 -0.12254700 -0.28391700
v 0.02804400 -0.12246900 -0.28703800
v 0.02539600 -0.12248100 -0.28888900
v 0.02306500 -0.12247100 -0.29033800
v 0.02041900 -0.12257300 -0.29160100
v 0.01720200 -0.12255000 -0.29306500
v 0.01370800 -0.12246300 -0.29441300
v 0.00992300 -0.12247200 -0.29539200
v 0.00702400 -0.12248300 -0.29591000
v 0.00473300 -0.12246700 -0.29622400
v 0.00145500 -0.12246100 -0.29645700
v -0.00215000 -0.12247700 -0.29641300
v -0.00836400 -0.12246800 -0.29571400
v -0.00520200 -0.12247700 -0.29616300
v -0.01201200 -0.12245300 -0.29491000
v -0.01469500 -0.12257100 -0.29392300
v -0.02148100 -0.12247500 -0.29119900
v -0.01846300 -0.12247600 -0.29262200
v -0.02414900 -0.12247000 -0.28969400
v -0.02982500 -0.12255800 -0.28550600
v -0.02685200 -0.12246700 -0.28793000
v -0.03228700 -0.12247200 -0.28340400
v -0.03438800 -0.12246100 -0.28126700
v -0.03684500 -0.12246200 -0.27833600
v -0.03863800 -0.12255400 -0.27562100
v -0.04025700 -0.12247000 -0.27321100
v -0.04187500 -0.12248200 -0.27011800
v -0.04329300 -0.12247700 -0.26684400
v -0.04439500 -0.12247600 -0.26370600
v -0.04521000 -0.12258900 -0.26003000
v -0.04581700 -0.12248400 -0.25742300
v -0.04635700 -0.12247100 -0.25341900
v -0.04633200 -0.12257400 -0.24882200
v -0.05129300 -0.11763500 -0.24920900
v -0.05368800 -0.11522200 -0.24845400
v -0.03995000 -0.11731800 -0.24509500
v -0.04009700 -0.11731800 -0.25350800
v -0.04009700 -0.11531800 -0.25350800
v -0.03937200 -0.11531800 -0.24163700
v -0.03539000 -0.11531800 -0.23082700
v -0.03805700 -0.11731800 -0.23689600
v -0.02865600 -0.11531800 -0.22173600
v -0.01965900 -0.11531800 -0.21487800
v -0.02308600 -0.11731800 -0.21702900
v -0.03450100 -0.11731800 -0.22927000
v -0.00910800 -0.11531800 -0.21079400
v -0.01572700 -0.11731800 -0.21295000
v 0.00070200 -0.11731800 -0.20975600
v -0.00768000 -0.11731800 -0.21049000
v 0.00258700 -0.11531800 -0.20983300
v 0.00905400 -0.11731800 -0.21078200
v 0.01396200 -0.11531800 -0.21224900
v 0.02395600 -0.11531800 -0.21765600
v 0.01701000 -0.11731800 -0.21352100
v 0.03201100 -0.11531800 -0.22560000
v 0.03753700 -0.11531800 -0.23547200
v 0.03520300 -0.11731800 -0.23048600
v 0.03037700 -0.11731800 -0.22359400
v 0.04009700 -0.11531800 -0.24649200
v 0.03849100 -0.11731800 -0.23823200
v 0.04009700 -0.11531800 -0.24649200
v 0.03937200 -0.11531800 -0.25836300
v 0.04015200 -0.11731800 -0.25280800
v 0.03921800 -0.11731800 -0.25905400
v 0.03539000 -0.11531800 -0.26917300
v 0.03731900 -0.11731800 -0.26507800
v 0.02865600 -0.11531800 -0.27826400
v 0.01965900 -0.11531800 -0.28512200
v 0.02643100 -0.11729900 -0.28035200
v 0.03083300 -0.11731800 -0.27587200
v 0.00910800 -0.11531800 -0.28920600
v 0.01570700 -0.11731300 -0.28705700
v 0.03452300 -0.11730200 -0.27068700
v 0.02118000 -0.11730000 -0.28422600
v 0.00973700 -0.11731800 -0.28905400
v 0.00350800 -0.11731800 -0.29009700
v -0.00905400 -0.11731800 -0.28921800
v -0.00280800 -0.11731800 -0.29015200
v -0.00258700 -0.11531800 -0.29016700
v -0.01396200 -0.11531800 -0.28775100
v -0.02395600 -0.11531800 -0.28234400
v -0.02072400 -0.11730100 -0.28450000
v -0.03201100 -0.11531800 -0.27440000
v -0.03753700 -0.11531800 -0.26452800
v -0.03413400 -0.11731800 -0.27132900
v -0.03037700 -0.11731800 -0.27640600
v -0.04009700 -0.11531800 -0.25350800
v -0.03905400 -0.11731800 -0.25973700
v -0.01507800 -0.11731800 -0.28731900
v -0.02587200 -0.11731800 -0.28083300
v -0.03705000 -0.11731800 -0.26572700
v -0.03753700 -0.11531800 -0.26452800
v -0.03201100 -0.11531800 -0.27440000
v -0.00258700 -0.11531800 -0.29016700
v -0.03937200 -0.11531800 -0.24163700
v -0.04009700 -0.11531800 -0.25350800
v 0.01965900 -0.11531800 -0.28512200
v 0.00910800 -0.11531800 -0.28920600
v -0.03539000 -0.11531800 -0.23082700
v 0.02865600 -0.11531800 -0.27826400
v -0.02395600 -0.11531800 -0.28234400
v -0.01396200 -0.11531800 -0.28775100
v 0.03539000 -0.11531800 -0.26917300
v -0.01965900 -0.11531800 -0.21487800
v -0.02865600 -0.11531800 -0.22173600
v 0.03937200 -0.11531800 -0.25836300
v 0.00258700 -0.11531800 -0.20983300
v -0.00910800 -0.11531800 -0.21079400
v 0.03753700 -0.11531800 -0.23547200
v 0.04009700 -0.11531800 -0.24649200
v 0.03201100 -0.11531800 -0.22560000
v 0.01396200 -0.11531800 -0.21224900
v 0.02395600 -0.11531800 -0.21765600
v 0.00317200 -0.14021900 -0.21184200
v -0.00318800 -0.14026900 -0.21238800
v -0.00022000 -0.13991800 -0.21212500
v 0.00262900 -0.13209200 -0.21184100
v 0.00317200 -0.14021900 -0.21184200
v -0.00022000 -0.13991800 -0.21212500
v -0.00331200 -0.13186800 -0.21214500
v -0.00318800 -0.14026900 -0.21238800
v -0.00333400 -0.12381800 -0.21189600
v 0.00239500 -0.12381800 -0.21182500
v -0.00318800 -0.14026900 -0.21238800
v -0.00974700 -0.14027600 -0.21296900
v -0.00921600 -0.13209200 -0.21287700
v -0.00898800 -0.12381800 -0.21282100
v -0.00333400 -0.12381800 -0.21189600
v -0.00331200 -0.13186800 -0.21214500
v 0.00458500 -0.12002100 -0.29070100
v 0.00458500 -0.12002100 -0.29070100
v 0.00458500 -0.12002100 -0.29070100
v 0.00458500 -0.12002100 -0.29070100
v 0.00342500 -0.12001400 -0.29080700
v 0.00516500 -0.12002000 -0.29064800
v 0.00516500 -0.12002000 -0.29064800
v 0.00516500 -0.12002000 -0.29064800
v 0.00544100 -0.12002100 -0.29047000
v 0.00544100 -0.12002100 -0.29047000
v 0.00544100 -0.12002100 -0.29047000
v 0.00544100 -0.12002100 -0.29047000
v 0.00628300 -0.12002100 -0.29013900
v 0.00628300 -0.12002100 -0.29013900
v 0.00628300 -0.12002100 -0.29013900
v 0.00658800 -0.12003200 -0.29036700
v 0.00658800 -0.12003200 -0.29036700
v 0.00710800 -0.12002100 -0.28970800
v 0.00710800 -0.12002100 -0.28970800
v 0.00804500 -0.12002300 -0.28997900
v 0.00804500 -0.12002300 -0.28997900
v 0.00804500 -0.12002300 -0.28997900
v 0.00791600 -0.12002100 -0.28918000
v 0.00941700 -0.12002100 -0.28949800
v 0.00941700 -0.12002100 -0.28949800
v 0.00941700 -0.12002100 -0.28949800
v 0.00870400 -0.12002100 -0.28855500
v 0.01079100 -0.12002100 -0.28891800
v 0.00454700 -0.12002100 -0.29029700
v 0.00428100 -0.12002100 -0.29057600
v 0.00428100 -0.12002100 -0.29057600
v 0.00428100 -0.12002100 -0.29057600
v 0.00480000 -0.12002100 -0.28991900
v 0.00504200 -0.12002100 -0.28944100
v 0.00504200 -0.12002100 -0.28944100
v 0.00312100 -0.12002100 -0.29068200
v 0.00312100 -0.12002100 -0.29068200
v 0.00312100 -0.12002100 -0.29068200
v 0.00342500 -0.12001400 -0.29080700
v 0.00342500 -0.12001400 -0.29080700
v 0.00281000 -0.12002100 -0.29045500
v 0.00281000 -0.12002100 -0.29045500
v 0.00249200 -0.12002100 -0.29012900
v 0.00216700 -0.12002100 -0.28970300
v 0.00196200 -0.12002100 -0.29078700
v 0.00196200 -0.12002100 -0.29078700
v 0.00196200 -0.12002100 -0.29078700
v 0.00284500 -0.12002100 -0.29086000
v 0.00284500 -0.12002100 -0.29086000
v 0.00284500 -0.12002100 -0.29086000
v 0.00284500 -0.12002100 -0.29086000
v 0.00107400 -0.12002100 -0.29061300
v 0.00107400 -0.12002100 -0.29061300
v 0.00107400 -0.12002100 -0.29061300
v 0.00018300 -0.12002100 -0.29033900
v -0.00070700 -0.12002100 -0.28996500
v 0.00226500 -0.12002000 -0.29091200
v 0.00226500 -0.12002000 -0.29091200
v 0.00226500 -0.12002000 -0.29091200
v 0.00342500 -0.12001400 -0.29080700
v 0.00080200 -0.12001800 -0.29089300
v 0.00080200 -0.12001800 -0.29089300
v 0.00080200 -0.12001800 -0.29089300
v 0.00080200 -0.12001800 -0.29089300
v -0.00066300 -0.12002100 -0.29077200
v -0.00066300 -0.12002100 -0.29077200
v -0.00066300 -0.12002100 -0.29077200
v -0.00066300 -0.12002100 -0.29077200
v -0.00212500 -0.12002100 -0.29054900
v -0.00212500 -0.12002100 -0.29054900
v -0.00358100 -0.12002100 -0.29022700
v -0.00358100 -0.12002100 -0.29022700
v -0.00502700 -0.12002100 -0.28980600
v -0.00502700 -0.12002100 -0.28980600
v -0.00502700 -0.12002100 -0.28980600
v -0.00159400 -0.12002100 -0.28949300
v -0.00159400 -0.12002100 -0.28949300
v 0.01158400 -0.12002100 -0.28932900
v 0.01286000 -0.12002100 -0.28893100
v 0.01286000 -0.12002100 -0.28893100
v 0.01029600 -0.12002100 -0.28968600
v 0.01029600 -0.12002100 -0.28968600
v 0.01664100 -0.12002300 -0.28748900
v 0.01664100 -0.12002300 -0.28748900
v 0.01664100 -0.12002300 -0.28748900
v 0.01213600 -0.12002100 -0.28824200
v 0.01213600 -0.12002100 -0.28824200
v 0.01213600 -0.12002100 -0.28824200
v 0.01476200 -0.12002200 -0.28827600
v 0.01476200 -0.12002200 -0.28827600
v 0.01345100 -0.12002100 -0.28747200
v 0.01345100 -0.12002100 -0.28747200
v 0.01856100 -0.12002200 -0.28657700
v 0.01856100 -0.12002200 -0.28657700
v 0.01563000 -0.12000900 -0.28619400
v 0.01563000 -0.12000900 -0.28619400
v 0.01978000 -0.12006400 -0.28588300
v 0.01978000 -0.12006400 -0.28588300
v 0.02102600 -0.12002100 -0.28519700
v 0.02102600 -0.12002100 -0.28519700
v 0.02054300 -0.12002000 -0.28366900
v 0.02054300 -0.12002000 -0.28366900
v 0.02279800 -0.12002100 -0.28407300
v 0.02279800 -0.12002100 -0.28407300
v 0.02279800 -0.12002100 -0.28407300
v 0.02279800 -0.12002100 -0.28407300
v 0.02528600 -0.12002100 -0.28228300
v 0.02528600 -0.12002100 -0.28228300
v 0.01822900 -0.12002000 -0.28496500
v 0.01822900 -0.12002000 -0.28496500
v 0.01822900 -0.12002000 -0.28496500
v 0.02429900 -0.12002100 -0.28107000
v 0.02429900 -0.12002100 -0.28107000
v 0.02429900 -0.12002100 -0.28107000
v 0.02429900 -0.12002100 -0.28107000
v 0.02700400 -0.12002100 -0.28085700
v 0.02700400 -0.12002100 -0.28085700
v 0.02700400 -0.12002100 -0.28085700
v 0.02861300 -0.12002100 -0.27937000
v 0.02861300 -0.12002100 -0.27937000
v 0.00651800 -0.12002100 -0.28887600
v 0.00343600 -0.12002100 -0.28926800
v 0.00956000 -0.12002100 -0.28824200
v 0.03065200 -0.12002900 -0.27722300
v 0.03257400 -0.12002100 -0.27490500
v 0.03257400 -0.12002100 -0.27490500
v 0.03043200 -0.12002100 -0.27512200
v 0.03043200 -0.12002100 -0.27512200
v 0.02760400 -0.12002100 -0.27816500
v 0.02760400 -0.12002100 -0.27816500
v 0.02760400 -0.12002100 -0.27816500
v 0.03472300 -0.12002100 -0.27186300
v 0.03472300 -0.12002100 -0.27186300
v 0.03678500 -0.12002100 -0.26813700
v 0.03678500 -0.12002100 -0.26813700
v 0.03678500 -0.12002100 -0.26813700
v 0.03334400 -0.12002000 -0.27106100
v 0.03334400 -0.12002000 -0.27106100
v 0.03334400 -0.12002000 -0.27106100
v 0.03831100 -0.12002100 -0.26467900
v 0.03831100 -0.12002100 -0.26467900
v 0.03831100 -0.12002100 -0.26467900
v 0.03553600 -0.12001700 -0.26715900
v 0.03553600 -0.12001700 -0.26715900
v 0.03985700 -0.12002100 -0.25983100
v 0.03985700 -0.12002100 -0.25983100
v 0.03985700 -0.12002100 -0.25983100
v 0.03706600 -0.12002000 -0.26351800
v 0.03706600 -0.12002000 -0.26351800
v 0.04070100 -0.12002100 -0.25507000
v 0.04070100 -0.12002100 -0.25507000
v 0.03843400 -0.12002000 -0.25879900
v 0.03843400 -0.12002000 -0.25879900
v 0.04098400 -0.12002100 -0.25162200
v 0.04098400 -0.12002100 -0.25162200
v 0.03913700 -0.12001500 -0.25489400
v 0.03943700 -0.12002000 -0.25105200
v 0.03943700 -0.12002000 -0.25105200
v 0.04095800 -0.12002100 -0.24756900
v 0.04095800 -0.12002100 -0.24756900
v 0.04052100 -0.12001900 -0.24364900
v 0.03925800 -0.12002100 -0.24639700
v 0.03925800 -0.12002100 -0.24639700
v 0.03861600 -0.12001600 -0.24193900
v 0.00040200 -0.12002100 -0.28941600
v -0.00408500 -0.12001900 -0.29078500
v -0.00320400 -0.12002900 -0.29092600
v -0.00320400 -0.12002900 -0.29092600
v -0.00320400 -0.12002900 -0.29092600
v -0.00148000 -0.12030400 -0.29106300
v -0.00148000 -0.12030400 -0.29106300
v -0.00717500 -0.12002400 -0.29038400
v -0.00717500 -0.12002400 -0.29038400
v -0.00717500 -0.12002400 -0.29038400
v -0.00519800 -0.12002100 -0.29066900
v -0.00519800 -0.12002100 -0.29066900
v -0.00263400 -0.12002100 -0.28933000
v -0.00263400 -0.12002100 -0.28933000
v -0.00645900 -0.12002100 -0.28928600
v -0.00645900 -0.12002100 -0.28928600
v -0.00645900 -0.12002100 -0.28928600
v -0.00881300 -0.12002200 -0.28843800
v -0.00881300 -0.12002200 -0.28843800
v -0.01068200 -0.12002100 -0.28958400
v -0.01068200 -0.12002100 -0.28958400
v -0.00925600 -0.12002200 -0.28996000
v -0.00925600 -0.12002200 -0.28996000
v -0.01204200 -0.12002100 -0.28919200
v -0.01204200 -0.12002100 -0.28919200
v -0.01139900 -0.12002000 -0.28773600
v -0.01139900 -0.12002000 -0.28773600
v -0.01392500 -0.12002100 -0.28857500
v -0.01392500 -0.12002100 -0.28857500
v -0.01392500 -0.12002100 -0.28857500
v -0.01831200 -0.12002100 -0.28494200
v -0.01831200 -0.12002100 -0.28494200
v -0.01831200 -0.12002100 -0.28494200
v -0.02219900 -0.12002000 -0.28260400
v -0.02219900 -0.12002000 -0.28260400
v -0.02219900 -0.12002000 -0.28260400
v -0.02259300 -0.12002100 -0.28422700
v -0.02259300 -0.12002100 -0.28422700
v -0.01399300 -0.12002100 -0.28687200
v -0.01595300 -0.12002000 -0.28775800
v -0.01595300 -0.12002000 -0.28775800
v -0.01595300 -0.12002000 -0.28775800
v -0.01902000 -0.12002100 -0.28633200
v -0.01902000 -0.12002100 -0.28633200
v -0.02067900 -0.12004400 -0.28539100
v -0.02528200 -0.12002100 -0.28229900
v -0.02528200 -0.12002100 -0.28229900
v -0.02528200 -0.12002100 -0.28229900
v -0.02545700 -0.12002100 -0.28013800
v -0.02545700 -0.12002100 -0.28013800
v -0.02545700 -0.12002100 -0.28013800
v -0.02861900 -0.12002100 -0.27939000
v -0.02861900 -0.12002100 -0.27939000
v -0.02902400 -0.12002000 -0.27670900
v -0.02902400 -0.12002000 -0.27670900
v -0.03149800 -0.12002100 -0.27627700
v -0.03149800 -0.12002100 -0.27627700
v -0.03149800 -0.12002100 -0.27627700
v -0.03175600 -0.12002100 -0.27335800
v -0.03175600 -0.12002100 -0.27335800
v -0.03175600 -0.12002100 -0.27335800
v -0.03406100 -0.12002000 -0.27287000
v -0.03406100 -0.12002000 -0.27287000
v -0.03415100 -0.12001500 -0.26976200
v -0.03608600 -0.12002000 -0.26588900
v -0.03608600 -0.12002000 -0.26588900
v -0.03632500 -0.12002100 -0.26903800
v -0.03928100 -0.12002000 -0.25333600
v -0.03928100 -0.12002000 -0.25333600
v -0.03943400 -0.12001700 -0.24896900
v -0.04093300 -0.12001700 -0.25299600
v -0.04093300 -0.12001700 -0.25299600
v -0.03860600 -0.12002000 -0.25813500
v -0.03860600 -0.12002000 -0.25813500
v -0.04045600 -0.12002100 -0.25671400
v -0.04045600 -0.12002100 -0.25671400
v -0.03801000 -0.12002100 -0.26544100
v -0.03801000 -0.12002100 -0.26544100
v -0.03759200 -0.12002100 -0.26189600
v -0.03759200 -0.12002100 -0.26189600
v -0.03942600 -0.12003200 -0.26125300
v 0.02212100 -0.13273900 -0.21550400
v 0.01873100 -0.13369400 -0.21506900
v 0.01966600 -0.13173300 -0.21657900
v 0.02407100 -0.13104500 -0.21681100
v 0.01936600 -0.13530700 -0.21384700
v 0.01605800 -0.13374000 -0.21528400
v 0.01124100 -0.13712400 -0.21343800
v 0.01578700 -0.13861200 -0.21197500
v 0.02034100 -0.13054700 -0.21760500
v 0.02417200 -0.12773100 -0.22035600
v 0.02676800 -0.12873700 -0.21890100
v 0.02728600 -0.12548000 -0.22316700
v 0.02932300 -0.12661000 -0.22134100
v 0.02970000 -0.12380800 -0.22588400
v 0.03143100 -0.12493700 -0.22366300
v 0.03115400 -0.12303900 -0.22739600
v 0.03352900 -0.12340000 -0.22634700
v 0.03469600 -0.12125800 -0.23201600
v 0.03529300 -0.12218200 -0.22914100
v 0.03656400 -0.12047000 -0.23559500
v 0.03781400 -0.12009900 -0.23891300
v 0.03948000 -0.12006300 -0.23877500
v 0.03861600 -0.12001600 -0.24193900
v 0.03799500 -0.12062700 -0.23453600
v 0.03658200 -0.12138300 -0.23147600
v 0.03948000 -0.12006300 -0.23877500
v 0.03861600 -0.12001600 -0.24193900
v 0.04052100 -0.12001900 -0.24364900
v 0.00469900 -0.14407500 -0.20843800
v 0.00637300 -0.14262000 -0.20957500
v 0.01294600 -0.14490400 -0.20692900
v 0.00719000 -0.13903700 -0.21239600
v 0.01084100 -0.14021200 -0.21115000
v 0.00317200 -0.14021900 -0.21184200
v 0.00826700 -0.14125700 -0.21053800
v -0.01002800 -0.14440200 -0.20948800
v -0.00366200 -0.14340800 -0.20979600
v -0.00747200 -0.14163100 -0.21166600
v 0.00070000 -0.14163700 -0.21091700
v -0.00318800 -0.14026900 -0.21238800
v -0.01359000 -0.14265500 -0.21136200
v -0.00974700 -0.14027600 -0.21296900
v -0.01546300 -0.14128200 -0.21267800
v -0.02044500 -0.14463600 -0.21022000
v -0.01777300 -0.14019200 -0.21377200
v -0.01367000 -0.13912000 -0.21423200
v 0.01385500 -0.14184000 -0.20954800
v 0.01330500 -0.14331900 -0.20833400
v 0.01472100 -0.14020600 -0.21080100
v 0.01578700 -0.13861200 -0.21197500
v 0.01285600 -0.14604200 -0.20583400
v -0.02058900 -0.14603900 -0.20889500
v -0.02096500 -0.14157200 -0.21294900
v -0.02061400 -0.14331500 -0.21142600
v -0.02272500 -0.13828500 -0.21572100
v -0.01767000 -0.13712100 -0.21607400
v -0.01791500 -0.13842900 -0.21515100
v -0.02190000 -0.13953800 -0.21466100
v 0.03781400 -0.12009900 -0.23891300
v 0.03904500 -0.11894300 -0.24254800
v 0.03861600 -0.12001600 -0.24193900
v 0.03475800 -0.11997600 -0.23138400
v 0.03674700 -0.11894300 -0.23484200
v 0.03656400 -0.12047000 -0.23559500
v 0.02493100 -0.12056800 -0.21968500
v 0.03033300 -0.12056800 -0.22509000
v 0.02461400 -0.12219300 -0.22007100
v 0.03071900 -0.11894300 -0.22477300
v 0.02524900 -0.11894300 -0.21929900
v -0.03619100 -0.12056800 -0.23480800
v -0.03430200 -0.12145300 -0.23149600
v -0.03497700 -0.12288200 -0.23380300
v -0.03031500 -0.12056800 -0.22506900
v -0.02992900 -0.12219300 -0.22538600
v -0.03499100 -0.11894300 -0.23113900
v -0.03070100 -0.11894300 -0.22475100
v -0.03782100 -0.11959400 -0.23845100
v -0.03974800 -0.11894300 -0.24961500
v -0.03920900 -0.12009100 -0.24605700
v -0.03943400 -0.12001700 -0.24896900
v 0.03469600 -0.12125800 -0.23201600
v 0.02994600 -0.12219300 -0.22540800
v 0.03115400 -0.12303900 -0.22739600
v 0.02970000 -0.12380800 -0.22588400
v 0.02396400 -0.12381800 -0.22018700
v 0.01718200 -0.12381800 -0.21582600
v 0.00982400 -0.12381800 -0.21303300
v -0.00342100 -0.12056800 -0.21089900
v 0.00239500 -0.12381800 -0.21182500
v -0.00898800 -0.12381800 -0.21282100
v -0.00333400 -0.12381800 -0.21189600
v 0.00905400 -0.11731800 -0.21078200
v 0.03925800 -0.12002100 -0.24639700
v 0.04009700 -0.11731800 -0.24649200
v 0.03849100 -0.11731800 -0.23823200
v 0.03520300 -0.11731800 -0.23048600
v 0.03037700 -0.11731800 -0.22359400
v 0.01701000 -0.11731800 -0.21352100
v 0.02422300 -0.11731800 -0.21785500
v 0.00070200 -0.11731800 -0.20975600
v -0.00768000 -0.11731800 -0.21049000
v -0.01856000 -0.12056800 -0.21541600
v -0.01615400 -0.12381800 -0.21532900
v -0.02296500 -0.12381800 -0.21941100
v -0.02891300 -0.12381800 -0.22495800
v -0.03356400 -0.12380900 -0.23164300
v -0.03747100 -0.12118400 -0.23883900
v -0.03871400 -0.12037400 -0.24318000
v -0.03888600 -0.11904200 -0.24190700
v -0.03450100 -0.11731800 -0.22927000
v -0.03805700 -0.11731800 -0.23689600
v -0.02308600 -0.11731800 -0.21702900
v -0.01572700 -0.11731800 -0.21295000
v -0.02943700 -0.11731800 -0.22255000
v -0.03995000 -0.11731800 -0.24509500
v -0.03928100 -0.12002000 -0.25333600
v -0.04009700 -0.11731800 -0.25350800
v -0.03860600 -0.12002000 -0.25813500
v -0.03759200 -0.12002100 -0.26189600
v -0.03797800 -0.11867000 -0.26201900
v -0.03906500 -0.11867000 -0.25779200
v -0.03608600 -0.12002000 -0.26588900
v -0.03415100 -0.12001500 -0.26976200
v -0.03175600 -0.12002100 -0.27335800
v -0.03234400 -0.11867000 -0.27325100
v -0.02545700 -0.12002100 -0.28013800
v -0.02219900 -0.12002000 -0.28260400
v -0.02367900 -0.11867000 -0.28203300
v -0.02685900 -0.11867000 -0.27941700
v -0.02902400 -0.12002000 -0.27670900
v -0.01659700 -0.11867000 -0.28621200
v -0.02072400 -0.11730100 -0.28450000
v -0.01831200 -0.12002100 -0.28494200
v -0.01399300 -0.12002100 -0.28687200
v -0.01275500 -0.11869300 -0.28772900
v 0.01254100 -0.11943800 -0.28758600
v 0.01563000 -0.12000900 -0.28619400
v 0.01570700 -0.11731300 -0.28705700
v 0.02054300 -0.12002000 -0.28366900
v 0.02429900 -0.12002100 -0.28107000
v 0.02327600 -0.11867000 -0.28232700
v 0.02118000 -0.11730000 -0.28422600
v 0.01822900 -0.12002000 -0.28496500
v 0.02760400 -0.12002100 -0.27816500
v 0.03043200 -0.12002100 -0.27512200
v 0.02941700 -0.11867000 -0.27685900
v 0.02643100 -0.11729900 -0.28035200
v 0.03203300 -0.11867000 -0.27367900
v 0.03334400 -0.12002000 -0.27106100
v 0.03452300 -0.11730200 -0.27068700
v 0.03773200 -0.11867000 -0.26277000
v 0.03553600 -0.12001700 -0.26715900
v 0.03706600 -0.12002000 -0.26351800
v 0.03843400 -0.12002000 -0.25879900
v 0.03982900 -0.11867000 -0.25064300
v 0.03913700 -0.12001500 -0.25489400
v 0.03943700 -0.12002000 -0.25105200
v -0.01139900 -0.12002000 -0.28773600
v -0.00881300 -0.12002200 -0.28843800
v -0.00263400 -0.12002100 -0.28933000
v -0.00519600 -0.11946700 -0.28926900
v -0.03905400 -0.11731800 -0.25973700
v -0.03928100 -0.12002000 -0.25333600
v -0.04009700 -0.11731800 -0.25350800
v -0.03705000 -0.11731800 -0.26572700
v -0.03037700 -0.11731800 -0.27640600
v -0.03413400 -0.11731800 -0.27132900
v -0.02587200 -0.11731800 -0.28083300
v -0.01507800 -0.11731800 -0.28731900
v -0.00905400 -0.11731800 -0.28921800
v -0.00047600 -0.11907000 -0.28969900
v -0.00280800 -0.11731800 -0.29015200
v 0.00350800 -0.11731800 -0.29009700
v 0.00040200 -0.12002100 -0.28941600
v 0.00956000 -0.12002100 -0.28824200
v 0.00651800 -0.12002100 -0.28887600
v 0.00809900 -0.11906300 -0.28886800
v 0.00343600 -0.12002100 -0.28926800
v 0.00973700 -0.11731800 -0.28905400
v 0.03083300 -0.11731800 -0.27587200
v 0.03731900 -0.11731800 -0.26507800
v 0.03921800 -0.11731800 -0.25905400
v 0.04015200 -0.11731800 -0.25280800
v 0.04009700 -0.11731800 -0.24649200
v 0.03925800 -0.12002100 -0.24639700
v 0.01124100 -0.13712400 -0.21343800
v 0.01578700 -0.13861200 -0.21197500
v 0.00719000 -0.13903700 -0.21239600
v 0.00262900 -0.13209200 -0.21184100
v 0.00317200 -0.14021900 -0.21184200
v 0.02396400 -0.12381800 -0.22018700
v 0.02728600 -0.12548000 -0.22316700
v 0.02417200 -0.12773100 -0.22035600
v 0.02970000 -0.12380800 -0.22588400
v 0.01718200 -0.12381800 -0.21582600
v 0.01605800 -0.13374000 -0.21528400
v 0.00982400 -0.12381800 -0.21303300
v 0.02034100 -0.13054700 -0.21760500
v 0.00239500 -0.12381800 -0.21182500
v -0.01767000 -0.13712100 -0.21607400
v -0.01367000 -0.13912000 -0.21423200
v -0.01791500 -0.13842900 -0.21515100
v -0.00921600 -0.13209200 -0.21287700
v -0.00974700 -0.14027600 -0.21296900
v -0.02206700 -0.13373800 -0.21875700
v -0.01615400 -0.12381800 -0.21532900
v -0.00898800 -0.12381800 -0.21282100
v -0.02583200 -0.13059500 -0.22179100
v -0.02296500 -0.12381800 -0.21941100
v -0.02913000 -0.12773100 -0.22521100
v -0.02891300 -0.12381800 -0.22495800
v -0.03159700 -0.12555900 -0.22840400
v -0.03356400 -0.12380900 -0.23164300
v -0.02242600 -0.12493200 -0.00131000
v -0.02207100 -0.12543200 -0.00739100
v -0.02210900 -0.12493300 -0.00741000
v -0.01563900 -0.12542200 -0.00759900
v -0.01573600 -0.12493200 -0.00753900
v -0.01573600 -0.12493200 -0.00753900
v -0.02199100 -0.12493200 -0.00589000
v -0.02323200 -0.12543200 -0.03396500
v -0.02312700 -0.12493300 -0.03393200
v -0.02344500 -0.12493200 -0.04018700
v -0.02292700 -0.12493200 -0.03875600
v -0.01754700 -0.12493200 -0.03562000
v -0.01754700 -0.12493200 -0.03562000
v -0.01736800 -0.12493300 -0.04043500
v -0.01657900 -0.12543200 -0.01850300
v -0.01653800 -0.12493300 -0.01847500
v -0.02261400 -0.12542900 -0.01826600
v -0.02258100 -0.12493200 -0.01829500
v -0.02258100 -0.12493200 -0.01829500
v -0.02238400 -0.12493200 -0.02308000
v -0.01698300 -0.12493200 -0.01995400
v -0.01680300 -0.12493300 -0.02476900
v -0.02977600 -0.12543200 -0.03217100
v -0.01480700 -0.12543200 -0.02876000
v -0.02972200 -0.12543200 -0.03067900
v -0.02351700 -0.12542800 -0.02845700
v -0.02275700 -0.12543200 -0.02614700
v -0.02524800 -0.12543200 -0.03084100
v -0.02358400 -0.12493200 -0.02861000
v -0.01755800 -0.12543100 -0.02777900
v -0.01630300 -0.12543100 -0.02887200
v -0.01629600 -0.12543200 -0.03116300
v -0.01551800 -0.12493200 -0.00069800
v -0.01558900 -0.12493200 0.00505400
v -0.02171600 -0.12543300 0.00113500
v -0.02189900 -0.12493300 0.00111900
v -0.02422900 -0.12493200 0.00261900
v -0.02222000 -0.12493700 -0.00034500
v -0.02244900 -0.12493200 0.00536300
v -0.02812400 -0.12543200 -0.06920700
v -0.03079900 -0.12543200 -0.06052000
v -0.02781500 -0.12543200 -0.06062700
v -0.03110800 -0.12543200 -0.06909900
v -0.03110800 -0.12543200 -0.06909900
v -0.02849000 -0.12543200 -0.04827800
v -0.01538200 -0.12543200 -0.04725600
v -0.02172300 -0.12493200 -0.04702800
v -0.01538200 -0.12543200 -0.04725600
v -0.01538200 -0.12493200 -0.04725600
v -0.02172300 -0.12543200 -0.04702800
v -0.02875500 -0.12493200 -0.04829900
v -0.02875500 -0.12493200 -0.04829900
v -0.02176700 -0.12493200 -0.04377600
v -0.01518000 -0.12543200 -0.04166100
v -0.02166200 -0.12543200 -0.04535100
v -0.02166200 -0.12493200 -0.04535100
v -0.01523900 -0.12543200 -0.04328900
v -0.01523900 -0.12493200 -0.04328900
v -0.02166200 -0.12543200 -0.04535100
v -0.02886300 -0.12543200 -0.04826400
v -0.02865600 -0.12493200 -0.04378100
v -0.02402800 -0.12543000 -0.04295300
v -0.02417800 -0.12493200 -0.04289500
v -0.02321500 -0.12543200 -0.04697400
v -0.02414800 -0.12543200 -0.04140600
v -0.02414900 -0.12493300 -0.04137800
v -0.02758900 -0.12542900 -0.04125100
v -0.02759100 -0.12493200 -0.04129600
v -0.03011500 -0.12543200 -0.04364300
v -0.03015000 -0.12493200 -0.04361600
v -0.03035500 -0.12543200 -0.04821100
v -0.03035500 -0.12493200 -0.04821100
v -0.02176700 -0.12493200 -0.04377600
v -0.01518000 -0.12543200 -0.04166100
v -0.01518000 -0.12493200 -0.04166100
v -0.01518000 -0.12493200 -0.04166100
v -0.02176700 -0.12543200 -0.04377600
v -0.02176700 -0.12543200 -0.04377600
v -0.02476400 -0.12543200 -0.01741300
v -0.02327000 -0.12493200 -0.01746600
v -0.02321700 -0.12493200 -0.01597400
v -0.01561000 -0.12543200 -0.01214000
v -0.02306900 -0.12493200 -0.01187100
v -0.02306900 -0.12543200 -0.01187100
v -0.02327000 -0.12543200 -0.01746600
v -0.01581400 -0.12493200 -0.01398600
v -0.01680300 -0.12493200 -0.01470000
v -0.01442800 -0.12541900 -0.01475900
v -0.01411800 -0.12543200 -0.01219400
v -0.02465700 -0.12543200 -0.01442900
v -0.02058000 -0.12543200 -0.05677900
v -0.02767800 -0.12493200 -0.05954300
v -0.01573100 -0.12543200 -0.05695400
v -0.02058000 -0.12543200 -0.05677900
v -0.02049200 -0.12493200 -0.05677500
v -0.02069500 -0.12543300 -0.05379200
v -0.02776900 -0.12543200 -0.05950800
v -0.02085200 -0.12493200 -0.05347000
v -0.02049200 -0.12493200 -0.05677500
v -0.03075800 -0.12543200 -0.05940100
v -0.02359200 -0.12542900 -0.05436100
v -0.02356400 -0.12543200 -0.05667200
v -0.02767800 -0.12493200 -0.05954300
v -0.02356400 -0.12543200 -0.05667200
v -0.02356400 -0.12493200 -0.05667200
v -0.02740100 -0.12543200 -0.05952200
v -0.02767800 -0.12493200 -0.05954300
v -0.02851700 -0.12543200 -0.09048100
v -0.02851700 -0.12493200 -0.09048100
v -0.01695300 -0.12543200 -0.09089700
v -0.01695300 -0.12493200 -0.09089700
v -0.02851700 -0.12543200 -0.09048100
v -0.02429100 -0.12493200 -0.08309500
v -0.01681700 -0.12493200 -0.08711000
v -0.02391500 -0.12493200 -0.08009900
v -0.02889600 -0.12543200 -0.09046700
v -0.02889600 -0.12493200 -0.09046700
v -0.02868100 -0.12543000 -0.08577600
v -0.02864300 -0.12493200 -0.08580000
v -0.02889600 -0.12543200 -0.09046700
v -0.01695300 -0.12493200 -0.09089700
v -0.02450900 -0.12543200 -0.01032600
v -0.02445500 -0.12543200 -0.00883400
v -0.01401100 -0.12543200 -0.00921000
v -0.01886300 -0.12543200 -0.06095000
v -0.02178200 -0.12493200 -0.06943500
v -0.01906400 -0.12543200 -0.06654500
v -0.02178200 -0.12543200 -0.06943500
v -0.02178200 -0.12543200 -0.06943500
v -0.02483000 -0.12543200 -0.06073500
v -0.02215600 -0.12543200 -0.06942200
v -0.02775100 -0.12493200 -0.06922000
v -0.02775100 -0.12543200 -0.06922000
v -0.02775100 -0.12543200 -0.06922000
v -0.02503100 -0.12543200 -0.06633000
v -0.02517900 -0.12543200 -0.07043300
v -0.02219600 -0.12543200 -0.07054000
v -0.02250500 -0.12543200 -0.07911900
v -0.02810000 -0.12543200 -0.07891800
v -0.02538100 -0.12543200 -0.07602800
v -0.01921200 -0.12543200 -0.07064800
v -0.01653700 -0.12543200 -0.07933400
v -0.02213200 -0.12543200 -0.07913300
v -0.01941400 -0.12543200 -0.07624300
v -0.03114800 -0.12543200 -0.07021800
v -0.02816400 -0.12543200 -0.07032500
v -0.02847300 -0.12543200 -0.07890400
v -0.03145700 -0.12543200 -0.07879700
v -0.03114800 -0.12543200 -0.07021800
v -0.02700500 -0.12493100 -0.01031300
v -0.02882100 -0.12493300 -0.00872300
v -0.02897300 -0.12543100 -0.00920600
v -0.04623100 -0.11493100 -0.01635000
v -0.04663400 -0.11482400 -0.01476300
v -0.04568200 -0.11452500 -0.01812400
v -0.00155900 -0.11293200 0.04497300
v 0.03919400 -0.11493100 -0.02947100
v 0.03815300 -0.11455700 -0.03098100
v 0.05272500 -0.11293200 -0.23833600
v -0.04173500 -0.10942500 -0.28952400
v 0.05339200 -0.10945700 -0.27137100
v -0.03328000 -0.13256600 -0.17348700
v -0.03439000 -0.13151400 -0.17206100
v -0.03439000 -0.13151400 -0.17206100
v 0.02051600 -0.13067900 -0.16573000
v 0.01173500 -0.12493200 -0.10076600
v 0.01217900 -0.12483200 -0.09809400
v 0.01198300 -0.12493200 -0.09545700
v -0.04006300 -0.12493200 -0.15124900
v -0.03445200 -0.12493200 0.00444700
v 0.04453400 -0.10940300 -0.28634300
v 0.04243600 -0.10981500 -0.28881200
v 0.04035400 -0.10944300 -0.29094800
v -0.00076200 -0.10989100 -0.30750400
v -0.03668300 -0.10987000 -0.29428700
v -0.04173500 -0.10942500 -0.28952400
v -0.04348000 -0.10988300 -0.28763700
v -0.04549100 -0.10942200 -0.28514400
v 0.00540400 -0.11244500 -0.30723000
v 0.00823800 -0.11196300 -0.30691400
v -0.03039800 -0.11241200 -0.29881600
v -0.03627900 -0.11243700 -0.29458000
v -0.03428500 -0.11202500 -0.29616600
v -0.03314300 -0.11280700 -0.29654000
v 0.03815300 -0.11455700 -0.03098100
v 0.02346800 -0.11452000 -0.08440400
v 0.00155600 -0.10943500 0.04846600
v -0.04132600 -0.10944700 0.02535800
v 0.02258200 -0.11455300 -0.10207800
v 0.02269700 -0.11520200 -0.10385000
v -0.03744200 -0.11494200 -0.28890100
v -0.03983700 -0.11515800 -0.28612900
v -0.04217100 -0.11493500 -0.28371100
v -0.02778400 -0.11493700 -0.29628400
v -0.02778400 -0.11493700 -0.29628400
v -0.02962800 -0.11527000 -0.29475900
v -0.03372300 -0.11493700 -0.29217600
v -0.02140600 -0.11493300 -0.29957200
v -0.02462800 -0.11520000 -0.29777000
v 0.02997100 -0.11493900 -0.29491400
v 0.02647000 -0.11516700 -0.29680200
v 0.02816600 -0.11493900 0.03510800
v 0.02070100 -0.11493400 0.03996300
v 0.02430400 -0.11517000 0.03760100
v 0.00663700 -0.11493600 0.04450900
v -0.00035000 -0.11493800 0.04498300
v 0.00265100 -0.11524300 0.04462400
v -0.00450300 -0.11493800 0.04476500
v -0.01195600 -0.11494000 0.04338900
v -0.00745000 -0.11522000 0.04410000
v -0.02067000 -0.11493600 0.03996000
v -0.02613000 -0.11494400 0.03660100
v -0.02309200 -0.11517700 0.03835300
v -0.00680700 -0.12492900 0.03432400
v 0.00668500 -0.12493100 0.03434000
v 0.00668500 -0.12493100 0.03434000
v 0.01631800 -0.12493000 0.03095500
v 0.03509000 -0.12485200 -0.00016600
v 0.03465800 -0.12493200 -0.00453900
v 0.03500100 -0.12482900 -0.00202600
v 0.00397400 -0.15512300 -0.20412700
v 0.00075900 -0.15644600 -0.20395800
v 0.04044500 -0.12441400 -0.22845500
v 0.03857000 -0.12548300 -0.22555600
v -0.02456100 -0.14301600 -0.21196900
v -0.03082700 -0.13690600 -0.21618800
v -0.05448200 -0.11478700 -0.23163200
v -0.04033300 -0.12082900 -0.25934600
v -0.02794100 -0.12088200 -0.28068300
v -0.01554000 -0.12075800 -0.28827300
v -0.00124700 -0.12073500 -0.29126600
v 0.00799200 -0.12076000 -0.29053100
v 0.02455700 -0.12074200 -0.28320900
v 0.03187300 -0.12074400 -0.27626200
v 0.00342500 -0.12001400 -0.29080700
v 0.01476200 -0.12002200 -0.28827600
v 0.02861300 -0.12002100 -0.27937000
v 0.01567100 -0.13973300 -0.21163100
v -0.01846300 -0.12247600 -0.29262200
v 0.00473300 -0.12246700 -0.29622400
v 0.04640500 -0.12247900 -0.25229800
v 0.04401300 -0.12272100 -0.23736900
v -0.02943700 -0.11731800 -0.22255000
v 0.02422300 -0.11731800 -0.21785500
v 0.04009700 -0.11731800 -0.24649200
v 0.04009700 -0.11731800 -0.24649200
v -0.04009700 -0.11731800 -0.25350800
v -0.00148000 -0.12030400 -0.29106300
vn -0.91010000 0.00000000 0.41440000
vn -0.91010000 0.00000000 0.41440000
vn -0.91010000 0.00000000 0.41440000
vn -0.91010000 0.00000000 0.41440000
vn -0.75650000 -0.00000000 0.65400000
vn -0.78550000 -0.00000000 0.61880000
vn -0.35410000 0.00000000 0.93520000
vn -0.98300000 0.00000000 0.18360000
vn -0.98300000 0.00000000 0.18360000
vn -0.95550000 0.00000000 -0.29500000
vn -0.94040000 -0.00000000 -0.34000000
vn -0.66570000 0.00000000 -0.74630000
vn -0.66570000 0.00000000 -0.74630000
vn -0.25150000 0.00000000 -0.96790000
vn -0.24190000 0.00000000 -0.97030000
vn -0.00000000 -1.00000000 0.00000000
vn -0.00000000 -1.00000000 0.00010000
vn -0.00000000 -1.00000000 0.00000000
vn -0.00000000 -1.00000000 0.00000000
vn -0.00000000 -1.00000000 0.00010000
vn -0.00000000 -1.00000000 0.00000000
vn -0.00000000 -1.00000000 0.00000000
vn 0.00010000 -1.00000000 0.00010000
vn -0.00000000 -1.00000000 0.00000000
vn -0.00000000 -1.00000000 0.00000000
vn -0.00000000 -1.00000000 0.00010000
vn -0.00000000 -1.00000000 0.00000000
vn -0.00010000 -1.00000000 -0.00000000
vn -0.00000000 -1.00000000 0.00000000
vn -0.00010000 -1.00000000 -0.00000000
vn 0.00010000 -1.00000000 -0.00000000
vn 0.00010000 -1.00000000 0.00010000
vn -0.00000000 -1.00000000 0.00000000
vn 0.00000000 -1.00000000 -0.00010000
vn 0.00010000 -1.00000000 -0.00000000
vn 0.00010000 -1.00000000 0.00010000
vn 0.00000000 -1.00000000 -0.00010000
vn 0.00010000 -1.00000000 -0.00000000
vn -0.00000000 -1.00000000 0.00000000
vn -0.00000000 -1.00000000 0.00000000
vn 0.00000000 -1.00000000 -0.00010000
vn -0.00000000 -1.00000000 0.00000000
vn -0.00000000 -1.00000000 0.00000000
vn -0.00000000 -1.00000000 0.00000000
vn -0.00010000 -1.00000000 -0.00000000
vn -0.00000000 -1.00000000 0.00000000
vn -0.00000000 -1.00000000 0.00000000
vn -0.00000000 -1.00000000 0.00000000
vn -0.41470000 0.00000000 -0.91000000
vn -0.41470000 -0.00270000 -0.90990000
vn -0.90500000 0.00000000 -0.42530000
vn -0.94100000 0.00000000 -0.33840000
vn -0.93300000 -0.00000000 0.36000000
vn -0.36110000 -0.00000000 0.93250000
vn -0.33440000 0.00000000 0.94240000
vn -0.91500000 -0.00000000 0.40360000
vn 0.91170000 -0.00000000 -0.41080000
vn 0.93040000 -0.00000000 -0.36640000
vn 0.36330000 0.00000000 -0.93170000
vn 0.82720000 0.00000000 0.56190000
vn 0.80000000 -0.00000000 0.59990000
vn 0.99380000 -0.00000000 0.11160000
vn 0.41540000 -0.00000000 0.90960000
vn 0.41540000 0.00000000 0.90970000
vn 0.99380000 0.00000000 0.11150000
vn 0.03600000 0.00000000 0.99940000
vn 0.03600000 0.00000000 0.99940000
vn 0.03600000 0.00000000 0.99940000
vn 0.03600000 0.00000000 0.99940000
vn 0.93770000 -0.00000000 0.34750000
vn 0.95310000 0.00000000 0.30270000
vn 0.42530000 -0.00000000 0.90500000
vn 0.35830000 -0.00000000 -0.93360000
vn 0.89220000 0.00000000 -0.45160000
vn 0.35840000 -0.00000000 -0.93360000
vn 0.89570000 -0.00000000 -0.44460000
vn 0.93760000 0.00000000 0.34770000
vn 0.93760000 0.00000000 0.34770000
vn 0.93760000 0.00000000 0.34770000
vn 0.93760000 0.00000000 0.34770000
vn 0.03600000 0.00000000 0.99940000
vn 0.03600000 0.00000000 0.99940000
vn 0.03600000 0.00000000 0.99940000
vn 0.03600000 0.00000000 0.99940000
vn 0.00000000 -1.00000000 0.00020000
vn -0.00000000 -1.00000000 0.00000000
vn -0.00000000 -1.00000000 0.00000000
vn -0.00000000 -1.00000000 0.00000000
vn -0.00000000 -1.00000000 0.00000000
vn -0.00000000 -1.00000000 0.00000000
vn -0.00000000 -1.00000000 0.00000000
vn -0.00000000 -1.00000000 0.00000000
vn 0.00000000 -1.00000000 0.00020000
vn -0.00000000 -1.00000000 0.00000000
vn 0.00000000 -1.00000000 0.00020000
vn -0.00000000 -1.00000000 0.00000000
vn -0.00000000 -1.00000000 0.00000000
vn -0.00000000 -1.00000000 0.00000000
vn 0.00010000 -1.00000000 -0.00000000
vn -0.00000000 -1.00000000 0.00000000
vn 0.00010000 -1.00000000 -0.00000000
vn -0.00000000 -1.00000000 0.00000000
vn -0.00000000 -1.00000000 0.00000000
vn 0.00010000 -1.00000000 -0.00000000
vn -0.00000000 -1.00000000 0.00000000
vn -0.00000000 -1.00000000 0.00000000
vn -0.00000000 -1.00000000 0.00000000
vn 0.00010000 -1.00000000 -0.00000000
vn -0.00000000 -1.00000000 0.00000000
vn 0.03600000 0.00000000 0.99940000
vn 0.03600000 0.00000000 0.99940000
vn 0.03600000 0.00000000 0.99940000
vn -0.80120000 -0.00000000 0.59840000
vn -0.83440000 -0.00000000 0.55110000
vn -0.23510000 0.00000000 0.97200000
vn -0.99270000 -0.00000000 -0.12070000
vn -0.98460000 -0.00000000 -0.17510000
vn -0.73500000 -0.00000000 -0.67810000
vn -0.73500000 -0.00000000 -0.67810000
vn -0.30110000 0.00000000 -0.95360000
vn -0.26690000 0.00000000 -0.96370000
vn -0.03600000 -0.00000000 -0.99940000
vn -0.03600000 -0.00000000 -0.99940000
vn -0.03600000 -0.00000000 -0.99940000
vn 0.87160000 -0.00000000 0.49020000
vn 0.84160000 0.00000000 0.54010000
vn 0.98150000 0.00000000 -0.19160000
vn 0.29280000 -0.00000000 0.95620000
vn 0.41890000 0.00000000 -0.90800000
vn 0.39170000 0.00000000 -0.92010000
vn 0.96950000 -0.00000000 -0.24490000
vn -0.03600000 -0.00000000 -0.99940000
vn -0.03600000 -0.00000000 -0.99940000
vn -0.03600000 -0.00000000 -0.99940000
vn -0.87100000 0.00000000 -0.49130000
vn -0.84200000 -0.00000000 -0.53950000
vn -0.98150000 0.00000000 0.19160000
vn -0.28530000 -0.00000000 -0.95850000
vn -0.43320000 0.00000000 0.90130000
vn -0.36910000 0.00000000 0.92940000
vn -0.96950000 0.00000000 0.24490000
vn 0.80130000 0.00000000 -0.59830000
vn 0.83440000 -0.00000000 -0.55110000
vn 0.23520000 0.00000000 -0.97200000
vn 0.99270000 -0.00000000 0.12070000
vn 0.98460000 -0.00000000 0.17510000
vn 0.73500000 0.00000000 0.67810000
vn 0.73500000 0.00000000 0.67810000
vn 0.30120000 -0.00000000 0.95360000
vn 0.26700000 0.00000000 0.96370000
vn -0.00000000 -1.00000000 0.00000000
vn 0.00010000 -1.00000000 -0.00010000
vn -0.00010000 -1.00000000 -0.00000000
vn 0.00010000 -1.00000000 -0.00010000
vn -0.00000000 -1.00000000 0.00000000
vn -0.00000000 -1.00000000 0.00000000
vn -0.00000000 -1.00000000 0.00000000
vn -0.00010000 -1.00000000 -0.00000000
vn -0.00000000 -1.00000000 0.00000000
vn 0.00010000 -1.00000000 -0.00010000
vn -0.00000000 -1.00000000 0.00000000
vn 0.00000000 -1.00000000 -0.00010000
vn -0.00000000 -1.00000000 0.00000000
vn -0.00010000 -1.00000000 -0.00000000
vn -0.00000000 -1.00000000 0.00000000
vn -0.00000000 -1.00000000 0.00000000
vn -0.00000000 -1.00000000 0.00000000
vn -0.00000000 -1.00000000 0.00000000
vn -0.00000000 -1.00000000 0.00000000
vn 0.00000000 -1.00000000 -0.00010000
vn -0.00000000 -1.00000000 0.00000000
vn 0.00000000 -1.00000000 -0.00010000
vn -0.00000000 -1.00000000 0.00000000
vn 0.00010000 -1.00000000 0.00010000
vn -0.00000000 -1.00000000 0.00000000
vn 0.00010000 -1.00000000 0.00010000
vn -0.00000000 -1.00000000 0.00000000
vn -0.00000000 -1.00000000 0.00000000
vn 0.00010000 -1.00000000 0.00010000
vn -0.00000000 -1.00000000 0.00000000
vn -0.80010000 0.00000000 0.59980000
vn -0.83310000 0.00000000 0.55300000
vn -0.21680000 -0.00000000 0.97620000
vn -0.99270000 -0.00000000 -0.12070000
vn -0.98460000 -0.00000000 -0.17510000
vn -0.73500000 -0.00000000 -0.67810000
vn -0.73500000 -0.00000000 -0.67810000
vn -0.30120000 -0.00000000 -0.95360000
vn -0.26700000 0.00000000 -0.96370000
vn -0.03600000 -0.00000000 -0.99940000
vn -0.03600000 -0.00000000 -0.99940000
vn -0.03600000 -0.00000000 -0.99940000
vn -0.03600000 -0.00000000 -0.99940000
vn 0.87100000 -0.00000000 0.49140000
vn 0.84200000 0.00000000 0.53950000
vn 0.98150000 0.00000000 -0.19160000
vn 0.28520000 -0.00000000 0.95850000
vn 0.41890000 0.00000000 -0.90800000
vn 0.39170000 0.00000000 -0.92010000
vn 0.96950000 0.00000000 -0.24500000
vn -0.03600000 -0.00000000 -0.99940000
vn -0.03600000 -0.00000000 -0.99940000
vn -0.03600000 -0.00000000 -0.99940000
vn -0.03600000 -0.00000000 -0.99940000
vn -0.87100000 0.00000000 -0.49130000
vn -0.84200000 -0.00000000 -0.53940000
vn -0.98150000 0.00000000 0.19160000
vn -0.28530000 -0.00000000 -0.95840000
vn -0.41880000 0.00000000 0.90810000
vn -0.39160000 -0.00000000 0.92010000
vn -0.96950000 0.00000000 0.24490000
vn 0.80120000 -0.00000000 -0.59840000
vn 0.83440000 0.00000000 -0.55120000
vn 0.23510000 0.00000000 -0.97200000
vn 0.99270000 -0.00000000 0.12070000
vn 0.98460000 -0.00000000 0.17510000
vn 0.73500000 0.00000000 0.67810000
vn 0.73500000 0.00000000 0.67810000
vn 0.28260000 -0.00000000 0.95920000
vn 0.27330000 0.00000000 0.96190000
vn 0.03600000 0.00000000 0.99940000
vn 0.03600000 0.00000000 0.99940000
vn 0.03600000 0.00000000 0.99940000
vn 0.03600000 0.00000000 0.99940000
vn -0.03600000 -0.00000000 -0.99940000
vn -0.03600000 -0.00000000 -0.99940000
vn -0.03600000 -0.00000000 -0.99940000
vn -0.03600000 -0.00000000 -0.99940000
vn -0.99940000 0.00000000 0.03600000
vn -0.99940000 0.00000000 0.03600000
vn -0.99940000 0.00000000 0.03600000
vn 0.00000000 -1.00000000 -0.00010000
vn -0.00000000 -1.00000000 0.00000000
vn -0.00000000 -1.00000000 0.00000000
vn 0.00000000 -1.00000000 -0.00010000
vn -0.00000000 -1.00000000 0.00000000
vn -0.00000000 -1.00000000 0.00000000
vn -0.00000000 -1.00000000 0.00000000
vn -0.00000000 -1.00000000 0.00000000
vn 0.00000000 -1.00000000 -0.00010000
vn -0.00000000 -1.00000000 0.00000000
vn -0.00000000 -1.00000000 0.00000000
vn 0.00010000 -1.00000000 -0.00000000
vn -0.00000000 -1.00000000 0.00000000
vn -0.00000000 -1.00000000 0.00000000
vn 0.00010000 -1.00000000 -0.00000000
vn -0.00000000 -1.00000000 0.00000000
vn 0.00010000 -1.00000000 0.00010000
vn -0.00000000 -1.00000000 0.00000000
vn -0.00000000 -1.00000000 0.00000000
vn 0.00010000 -1.00000000 0.00010000
vn -0.00000000 -1.00000000 0.00000000
vn 0.00010000 -1.00000000 0.00010000
vn 0.00010000 -1.00000000 -0.00000000
vn -0.00000000 -1.00000000 0.00000000
vn -0.00000000 -1.00000000 0.00000000
vn 0.03600000 0.00000000 0.99940000
vn 0.03600000 0.00000000 0.99940000
vn 0.03600000 0.00000000 0.99940000
vn 0.03600000 0.00000000 0.99940000
vn 0.99940000 0.00000000 -0.03600000
vn 0.99940000 0.00000000 -0.03600000
vn 0.99940000 0.00000000 -0.03600000
vn 0.03600000 0.00000000 0.99940000
vn 0.03600000 0.00000000 0.99940000
vn 0.03600000 0.00000000 0.99940000
vn 0.99940000 0.00000000 -0.03600000
vn 0.99940000 0.00000000 -0.03600000
vn 0.99940000 0.00000000 -0.03600000
vn 0.96820000 0.00000000 0.25020000
vn 0.97710000 0.00000000 0.21280000
vn 0.73500000 0.00000000 0.67810000
vn 0.30500000 -0.00000000 0.95230000
vn 0.26820000 -0.00000000 0.96340000
vn 0.73500000 0.00000000 0.67810000
vn 0.03600000 0.00000000 0.99940000
vn 0.03600000 0.00000000 0.99940000
vn 0.03600000 0.00000000 0.99940000
vn -0.23980000 0.00000000 0.97080000
vn -0.20540000 -0.00000000 0.97870000
vn -0.67810000 -0.00000000 0.73490000
vn -0.93840000 -0.00000000 0.34560000
vn -0.95220000 -0.00000000 0.30550000
vn -0.67810000 -0.00000000 0.73490000
vn -0.99940000 0.00000000 0.03600000
vn -0.99940000 0.00000000 0.03600000
vn -0.99940000 0.00000000 0.03600000
vn 0.23100000 -0.00000000 -0.97300000
vn 0.19270000 0.00000000 -0.98130000
vn 0.84630000 0.00000000 -0.53270000
vn -0.03600000 -0.00000000 -0.99940000
vn -0.03600000 -0.00000000 -0.99940000
vn -0.03600000 -0.00000000 -0.99940000
vn -0.30280000 0.00000000 -0.95310000
vn -0.26650000 0.00000000 -0.96380000
vn -0.88210000 -0.00000000 -0.47110000
vn -0.99940000 0.00000000 0.03600000
vn -0.99940000 0.00000000 0.03600000
vn -0.99940000 0.00000000 0.03600000
vn -0.00000000 -1.00000000 0.00000000
vn -0.00000000 -1.00000000 0.00000000
vn -0.00000000 -1.00000000 0.00000000
vn -0.00000000 -1.00000000 0.00000000
vn 0.00010000 -1.00000000 -0.00000000
vn -0.00000000 -1.00000000 0.00000000
vn 0.00010000 -1.00000000 -0.00000000
vn -0.00000000 -1.00000000 0.00000000
vn 0.00010000 -1.00000000 -0.00000000
vn -0.00000000 -1.00000000 0.00000000
vn -0.00000000 -1.00000000 0.00000000
vn -0.00000000 -1.00000000 0.00000000
vn -0.00000000 -1.00000000 0.00000000
vn -0.00000000 -1.00000000 0.00000000
vn -0.00000000 -1.00000000 0.00000000
vn -0.00000000 -1.00000000 0.00000000
vn -0.00000000 -1.00000000 0.00000000
vn -0.00000000 -1.00000000 0.00000000
vn -0.00000000 -1.00000000 0.00000000
vn -0.00000000 -1.00000000 0.00000000
vn -0.00000000 -1.00000000 0.00000000
vn -0.00000000 -1.00000000 0.00000000
vn -0.00000000 -1.00000000 0.00000000
vn -0.00000000 -1.00000000 0.00000000
vn -0.00000000 -1.00000000 0.00000000
vn 0.84790000 0.00000000 0.53020000
vn 0.84780000 0.00000000 0.53020000
vn 0.84780000 0.00000000 0.53020000
vn 0.84790000 0.00000000 0.53020000
vn 0.84780000 0.00000000 0.53020000
vn 0.84790000 0.00000000 0.53020000
vn 0.75780000 -0.00000000 -0.65250000
vn 0.79660000 0.00000000 -0.60450000
vn 0.33200000 -0.00000000 -0.94330000
vn 0.99940000 0.00000000 -0.03600000
vn 0.99940000 0.00000000 -0.03600000
vn 0.87130000 -0.00000000 0.49080000
vn 0.27950000 0.00000000 0.96010000
vn 0.22210000 0.00000000 0.97500000
vn 0.84330000 -0.00000000 0.53740000
vn -0.58780000 -0.00000000 0.80900000
vn -0.63880000 0.00000000 0.76940000
vn 0.21880000 0.00000000 0.97580000
vn -0.93930000 0.00000000 0.34320000
vn -0.94130000 0.00000000 0.33770000
vn 0.19590000 -0.00000000 0.98060000
vn -0.63250000 -0.00000000 0.77460000
vn 0.29010000 -0.00000000 0.95700000
vn -0.64940000 -0.00000000 0.76040000
vn 0.87270000 0.00000000 0.48820000
vn 0.98850000 0.00000000 0.15150000
vn 0.95060000 -0.00000000 -0.31030000
vn 0.91460000 0.00000000 -0.40420000
vn 0.98780000 -0.00000000 0.15550000
vn 0.81830000 -0.00000000 -0.57490000
vn 0.53800000 -0.00000000 -0.84290000
vn 0.53800000 -0.00000000 -0.84290000
vn -0.87340000 -0.00000000 -0.48700000
vn -0.84330000 -0.00000000 -0.53750000
vn -0.99940000 0.00000000 0.03600000
vn -0.26250000 -0.00000000 -0.96490000
vn -0.21020000 0.00000000 -0.97770000
vn 0.58930000 -0.00000000 -0.80790000
vn 0.63640000 -0.00000000 -0.77130000
vn -0.21230000 0.00000000 -0.97720000
vn 0.96120000 0.00000000 -0.27580000
vn 0.94480000 -0.00000000 -0.32760000
vn -0.21060000 0.00010000 -0.97760000
vn 0.62730000 -0.00000000 -0.77880000
vn 0.39800000 -0.00000000 -0.91740000
vn -0.80440000 -0.00000000 -0.59410000
vn -0.23620000 -0.00000000 -0.97170000
vn 0.24690000 -0.00000000 -0.96900000
vn -0.93440000 0.00000000 -0.35610000
vn -0.96990000 0.00000000 0.24350000
vn -0.93990000 0.00000000 0.34140000
vn -0.75050000 -0.00000000 0.66080000
vn -0.95440000 0.00000000 -0.29870000
vn -0.37300000 -0.00000000 0.92780000
vn -0.35500000 -0.00000000 0.93490000
vn -0.94260000 0.00000000 -0.33380000
vn -0.94260000 0.00000000 -0.33380000
vn -0.94260000 0.00000000 -0.33380000
vn -0.94260000 0.00000000 -0.33380000
vn -0.81730000 -0.00000000 0.57620000
vn -0.84230000 -0.00000000 0.53910000
vn -0.52840000 -0.00000000 0.84900000
vn -0.99940000 0.00000000 0.03600000
vn -0.99940000 0.00000000 0.03600000
vn -0.03600000 -0.00000000 -0.99940000
vn -0.03600000 -0.00000000 -0.99940000
vn -0.03600000 -0.00000000 -0.99940000
vn 0.03600000 0.00000000 0.99940000
vn 0.03600000 0.00000000 0.99940000
vn 0.03600000 0.00000000 0.99940000
vn 0.99940000 0.00000000 -0.03600000
vn 0.99940000 0.00000000 -0.03600000
vn 0.99940000 0.00000000 -0.03600000
vn -0.99940000 0.00000000 0.03600000
vn -0.99940000 0.00000000 0.03600000
vn -0.99940000 0.00000000 0.03600000
vn -0.00000000 -1.00000000 0.00000000
vn -0.00000000 -1.00000000 0.00000000
vn -0.00000000 -1.00000000 0.00000000
vn -0.68120000 0.00000000 0.73210000
vn -0.68120000 0.00000000 0.73210000
vn -0.68120000 0.00000000 0.73210000
vn 0.99940000 0.00000000 -0.03600000
vn 0.99940000 0.00000000 -0.03600000
vn 0.99940000 0.00000000 -0.03600000
vn -0.03600000 -0.00000000 -0.99940000
vn -0.03600000 -0.00000000 -0.99940000
vn -0.03600000 -0.00000000 -0.99940000
vn 0.03600000 0.00000000 0.99940000
vn 0.03600000 0.00000000 0.99940000
vn 0.03600000 0.00000000 0.99940000
vn 0.03600000 0.00000000 0.99940000
vn 0.99940000 0.00000000 -0.03600000
vn 0.99940000 0.00000000 -0.03600000
vn 0.99940000 0.00010000 -0.03530000
vn 0.99940000 0.00000000 -0.03600000
vn 0.73280000 0.00000000 0.68050000
vn 0.70370000 -0.00000000 0.71050000
vn 0.96280000 0.00000000 0.27000000
vn 0.25620000 -0.00000000 0.96660000
vn 0.25870000 0.00000000 0.96590000
vn 0.99940000 0.00000000 -0.03600000
vn 0.99940000 0.00000000 -0.03600000
vn 0.99940000 0.00000000 -0.03600000
vn 0.99940000 0.00000000 -0.03600000
vn 0.99940000 0.00000000 -0.03600000
vn 0.99940000 0.00000000 -0.03600000
vn -0.00000000 -1.00000000 0.00000000
vn -0.00000000 -1.00000000 0.00000000
vn -0.00000000 -1.00000000 0.00000000
vn -0.00000000 -1.00000000 0.00000000
vn -0.00000000 -1.00000000 0.00000000
vn -0.00000000 -1.00000000 0.00000000
vn -0.00000000 -1.00000000 0.00000000
vn -0.00000000 -1.00000000 0.00000000
vn -0.00000000 -1.00000000 0.00000000
vn -0.00010000 -1.00000000 -0.00000000
vn -0.00000000 -1.00000000 0.00000000
vn -0.00010000 -1.00000000 -0.00000000
vn -0.00000000 -1.00000000 0.00000000
vn -0.00010000 -1.00000000 -0.00000000
vn -0.00000000 -1.00000000 0.00000000
vn -0.00000000 -1.00000000 0.00000000
vn -0.00000000 -1.00000000 0.00000000
vn -0.00000000 -1.00000000 0.00010000
vn -0.00000000 -1.00000000 0.00010000
vn -0.00000000 -1.00000000 0.00000000
vn -0.00000000 -1.00000000 0.00000000
vn -0.00000000 -1.00000000 0.00010000
vn -0.00000000 -1.00000000 0.00000000
vn -0.00000000 -1.00000000 0.00000000
vn -0.00000000 -1.00000000 0.00000000
vn -0.00010000 -1.00000000 -0.00000000
vn -0.00000000 -1.00000000 0.00000000
vn -0.00000000 -1.00000000 0.00000000
vn -0.03600000 -0.00000000 -0.99940000
vn -0.03600000 -0.00000000 -0.99940000
vn -0.03600000 -0.00000000 -0.99940000
vn 0.24530000 0.00000000 -0.96940000
vn 0.20570000 0.00000000 -0.97860000
vn 0.87440000 0.00000000 -0.48530000
vn -0.03600000 -0.00000000 -0.99940000
vn -0.03600000 -0.00000000 -0.99940000
vn -0.03600000 -0.00000000 -0.99940000
vn -0.96720000 -0.00000000 -0.25390000
vn -0.97590000 0.00000000 -0.21840000
vn -0.50950000 0.00000000 -0.86040000
vn -0.99940000 0.00000000 0.03600000
vn -0.99940000 0.00000000 0.03600000
vn -0.99940000 0.00000000 0.03600000
vn -0.21950000 0.00000000 0.97560000
vn -0.22280000 0.00000000 0.97490000
vn -0.67810000 -0.00000000 0.73490000
vn -0.95550000 0.00000000 0.29500000
vn -0.95670000 0.00000000 0.29100000
vn -0.67810000 -0.00000000 0.73500000
vn -0.00000000 -1.00000000 0.00000000
vn -0.00000000 -1.00000000 0.00000000
vn -0.00000000 -1.00000000 0.00000000
vn -0.00000000 -1.00000000 0.00000000
vn -0.00000000 -1.00000000 0.00000000
vn -0.00000000 -1.00000000 0.00000000
vn -0.00000000 -1.00000000 0.00000000
vn -0.00000000 -1.00000000 0.00000000
vn -0.00000000 -1.00000000 0.00000000
vn -0.00000000 -1.00000000 0.00000000
vn -0.00000000 -1.00000000 0.00000000
vn -0.00000000 -1.00000000 0.00000000
vn -0.00000000 -1.00000000 0.00000000
vn -0.00000000 -1.00000000 0.00000000
vn -0.00000000 -1.00000000 0.00000000
vn -0.00000000 -1.00000000 0.00000000
vn -0.99940000 0.00000000 0.03600000
vn -0.99940000 0.00000000 0.03600000
vn -0.99940000 0.00000000 0.03600000
vn -0.99940000 0.00000000 0.03600000
vn -0.99940000 0.00000000 0.03600000
vn -0.99940000 0.00000000 0.03600000
vn -0.99940000 0.00000000 0.03600000
vn 0.99940000 0.00000000 -0.03600000
vn 0.99940000 0.00000000 -0.03600000
vn 0.99940000 0.00000000 -0.03600000
vn -0.03600000 -0.00000000 -0.99940000
vn -0.03600000 -0.00000000 -0.99940000
vn -0.03600000 -0.00000000 -0.99940000
vn 0.03600000 0.00000000 0.99940000
vn 0.03600000 0.00000000 0.99940000
vn 0.03600000 0.00000000 0.99940000
vn 0.03600000 0.00000000 0.99940000
vn 0.03600000 0.00000000 0.99940000
vn 0.03600000 0.00000000 0.99940000
vn 0.03600000 0.00000000 0.99940000
vn 0.03600000 0.00000000 0.99940000
vn 0.03600000 0.00000000 0.99940000
vn 0.03600000 0.00000000 0.99940000
vn 0.99940000 0.00000000 -0.03600000
vn 0.99940000 0.00000000 -0.03600000
vn 0.99940000 0.00000000 -0.03600000
vn -0.03600000 -0.00000000 -0.99940000
vn -0.03600000 -0.00000000 -0.99940000
vn -0.03600000 -0.00000000 -0.99940000
vn -0.03600000 -0.00000000 -0.99940000
vn -0.03600000 -0.00000000 -0.99940000
vn -0.03600000 -0.00000000 -0.99940000
vn -0.03600000 -0.00000000 -0.99940000
vn -0.22460000 0.00000000 0.97450000
vn -0.19230000 -0.00000000 0.98130000
vn -0.85830000 0.00000000 0.51320000
vn 0.03600000 0.00000000 0.99940000
vn 0.03590000 0.00000000 0.99940000
vn 0.03590000 0.00000000 0.99940000
vn 0.03590000 0.00000000 0.99940000
vn 0.03600000 0.00000000 0.99940000
vn 0.22020000 0.00000000 -0.97550000
vn 0.18390000 0.00000000 -0.98290000
vn 0.81310000 0.00000000 -0.58220000
vn 0.99940000 0.00000000 -0.03600000
vn 0.99940000 0.00000000 -0.03600000
vn 0.99940000 0.00000000 -0.03600000
vn -0.99940000 0.00000000 0.03600000
vn -0.99940000 0.00000000 0.03600000
vn -0.99940000 0.00000000 0.03600000
vn -0.99940000 0.00000000 0.03600000
vn -0.99940000 0.00000000 0.03600000
vn -0.99940000 0.00000000 0.03600000
vn -0.99940000 0.00000000 0.03600000
vn 0.03600000 0.00000000 0.99940000
vn 0.03610000 0.00000000 0.99930000
vn 0.03610000 0.00000000 0.99930000
vn 0.03610000 0.00000000 0.99930000
vn 0.03600000 0.00000000 0.99940000
vn 0.99940000 0.00000000 -0.03600000
vn 0.99940000 0.00000000 -0.03600000
vn 0.99940000 0.00000000 -0.03600000
vn 0.99940000 0.00000000 -0.03600000
vn 0.99940000 0.00000000 -0.03600000
vn 0.99940000 0.00000000 -0.03600000
vn -0.03600000 -0.00000000 -0.99940000
vn -0.03600000 -0.00000000 -0.99940000
vn -0.03600000 -0.00000000 -0.99940000
vn 0.41910000 0.00000000 0.90790000
vn 0.41910000 0.00000000 0.90790000
vn 0.72840000 -0.00000000 0.68520000
vn 0.72830000 0.00000000 0.68520000
vn 0.95820000 -0.00000000 0.28610000
vn 0.03600000 0.00000000 0.99940000
vn 0.03600000 0.00000000 0.99940000
vn -0.67120000 -0.00000000 0.74130000
vn -0.67120000 -0.00000000 0.74130000
vn -0.34470000 0.00000000 0.93870000
vn -0.94490000 0.00000000 0.32730000
vn -0.95760000 -0.00000000 0.28820000
vn -0.34460000 0.00000000 0.93870000
vn -0.99940000 0.00000000 0.03600000
vn -0.99940000 0.00000000 0.03600000
vn -0.99940000 0.00000000 0.03600000
vn 0.95190000 0.00000000 -0.30630000
vn 0.96320000 0.00000000 -0.26870000
vn 0.52870000 -0.00000000 -0.84880000
vn -0.18950000 -0.00000000 -0.98190000
vn -0.23530000 0.00000000 -0.97190000
vn 0.47970000 -0.00000000 -0.87740000
vn -0.24540000 -0.00000000 -0.96940000
vn -0.19580000 -0.00000000 -0.98060000
vn -0.84890000 0.00000000 -0.52850000
vn -0.99940000 0.00000000 0.03600000
vn -0.99940000 0.00000000 0.03600000
vn -0.99940000 0.00000000 0.03600000
vn -0.03600000 -0.00000000 -0.99940000
vn -0.03600000 -0.00000000 -0.99940000
vn -0.03600000 -0.00000000 -0.99940000
vn -0.00000000 -1.00000000 0.00010000
vn -0.00000000 -1.00000000 0.00000000
vn -0.00000000 -1.00000000 0.00000000
vn -0.00000000 -1.00000000 0.00000000
vn -0.00000000 -1.00000000 0.00010000
vn -0.00000000 -1.00000000 0.00010000
vn -0.00000000 -1.00000000 0.00000000
vn -0.00000000 -1.00000000 0.00000000
vn 0.00010000 -1.00000000 -0.00000000
vn -0.00000000 -1.00000000 0.00000000
vn -0.00000000 -1.00000000 0.00000000
vn -0.00000000 -1.00000000 0.00000000
vn 0.00010000 -1.00000000 -0.00000000
vn -0.00000000 -1.00000000 0.00000000
vn -0.00000000 -1.00000000 0.00000000
vn -0.00000000 -1.00000000 0.00000000
vn -0.00010000 -1.00000000 -0.00020000
vn -0.00000000 -1.00000000 0.00010000
vn -0.00000000 -1.00000000 0.00000000
vn -0.00000000 -1.00000000 0.00000000
vn -0.00010000 -1.00000000 -0.00020000
vn -0.00000000 -1.00000000 0.00010000
vn -0.00000000 -1.00000000 0.00000000
vn -0.00000000 -1.00000000 0.00010000
vn 0.00010000 -1.00000000 -0.00000000
vn -0.00000000 -1.00000000 0.00000000
vn -0.00010000 -1.00000000 -0.00020000
vn -0.00000000 -1.00000000 0.00000000
vn -0.72840000 0.00000000 0.68520000
vn -0.72840000 0.00000000 0.68520000
vn -0.72840000 0.00000000 0.68520000
vn -0.00020000 -1.00000000 -0.00020000
vn -0.00010000 -1.00000000 -0.00010000
vn 0.00010000 -1.00000000 -0.00010000
vn 0.00050000 -1.00000000 -0.00010000
vn -0.00000000 -1.00000000 0.00000000
vn -0.00010000 -1.00000000 -0.00010000
vn -0.00000000 -1.00000000 0.00000000
vn 0.00050000 -1.00000000 -0.00010000
vn -0.00010000 -1.00000000 -0.00010000
vn -0.00000000 -1.00000000 0.00000000
vn -0.00000000 -1.00000000 0.00000000
vn -0.00000000 -1.00000000 0.00000000
vn -0.00000000 -1.00000000 0.00000000
vn -0.00000000 -1.00000000 0.00000000
vn -0.00000000 -1.00000000 0.00000000
vn -0.00020000 -1.00000000 -0.00020000
vn 0.00030000 -1.00000000 0.00010000
vn -0.00010000 -1.00000000 0.00010000
vn 0.00010000 -1.00000000 -0.00010000
vn 0.00050000 -1.00000000 -0.00010000
vn 0.00010000 -1.00000000 -0.00010000
vn -0.00020000 -1.00000000 -0.00020000
vn -0.00010000 -1.00000000 0.00010000
vn 0.00030000 -1.00000000 0.00010000
vn -0.00010000 -1.00000000 0.00010000
vn -0.00000000 -1.00000000 0.00000000
vn 0.00030000 -1.00000000 0.00010000
vn -0.00000000 -1.00000000 0.00000000
vn -0.00010000 -1.00000000 0.00010000
vn -0.00000000 -1.00000000 0.00000000
vn -0.00010000 -1.00000000 0.00010000
vn -0.00000000 -1.00000000 0.00000000
vn -0.00000000 -1.00000000 0.00000000
vn -0.00000000 -1.00000000 0.00000000
vn -0.00000000 -1.00000000 0.00000000
vn -0.00010000 -1.00000000 0.00010000
vn -0.00000000 -1.00000000 0.00000000
vn 0.95580000 -0.00000000 -0.29400000
vn 0.95680000 -0.00000000 -0.29090000
vn 0.54490000 0.00000000 -0.83850000
vn -0.18750000 0.00000000 -0.98230000
vn -0.23600000 0.00000000 -0.97180000
vn 0.49690000 0.00000000 -0.86780000
vn -0.52750000 -0.00000000 -0.84950000
vn -0.57300000 0.00000000 -0.81950000
vn 0.13760000 -0.00000000 -0.99050000
vn -0.97500000 -0.00000000 0.22220000
vn -0.97530000 0.00000000 0.22090000
vn -0.93320000 0.00000000 -0.35950000
vn -0.93320000 0.00000000 -0.35950000
vn 0.93610000 0.00000000 0.35170000
vn 0.93610000 0.00000000 0.35170000
vn 0.99940000 0.00000000 -0.03600000
vn 0.73420000 0.00000000 0.67900000
vn -0.06710000 0.00000000 0.99770000
vn -0.09040000 -0.00000000 0.99590000
vn 0.42160000 -0.00000000 0.90680000
vn 0.42160000 -0.00000000 0.90680000
vn 0.73430000 0.00000000 0.67890000
vn -0.34830000 -0.00000000 0.93740000
vn -0.34830000 -0.00000000 0.93740000
vn 0.14880000 0.00000000 0.98890000
vn -0.67730000 0.00000000 0.73570000
vn -0.99940000 0.00000000 0.03600000
vn -0.99940000 0.00000000 0.03600000
vn -0.90520000 0.00000000 0.42500000
vn -0.90520000 0.00000000 0.42500000
vn -0.67730000 0.00000000 0.73570000
vn -0.99940000 0.00000000 0.03600000
vn -0.99940000 0.00000000 0.03600000
vn -0.99940000 0.00000000 0.03600000
vn -0.99940000 0.00000000 0.03600000
vn 0.03590000 0.00000000 0.99940000
vn 0.03610000 0.00000000 0.99930000
vn 0.03590000 0.00000000 0.99940000
vn 0.03610000 0.00000000 0.99930000
vn 0.03590000 0.00000000 0.99940000
vn 0.03610000 0.00000000 0.99930000
vn -0.03600000 -0.00000000 -0.99940000
vn -0.03600000 -0.00000000 -0.99940000
vn -0.03600000 -0.00000000 -0.99940000
vn 0.99940000 0.00000000 -0.03600000
vn 0.99940000 0.00000000 -0.03600000
vn 0.99940000 0.00000000 -0.03600000
vn -0.03600000 -0.00000000 -0.99940000
vn -0.03600000 -0.00000000 -0.99940000
vn -0.03600000 -0.00000000 -0.99940000
vn -0.03600000 -0.00000000 -0.99940000
vn -0.99940000 0.00000000 0.03600000
vn -0.99940000 0.00000000 0.03600000
vn -0.99940000 0.00000000 0.03600000
vn -0.00000000 -1.00000000 0.00000000
vn -0.00000000 -1.00000000 0.00000000
vn -0.00000000 -1.00000000 0.00000000
vn 0.03600000 0.00000000 0.99940000
vn 0.03600000 0.00000000 0.99940000
vn 0.03600000 0.00000000 0.99940000
vn 0.03600000 0.00000000 0.99940000
vn 0.99940000 0.00000000 -0.03600000
vn 0.99940000 0.00000000 -0.03600000
vn 0.99940000 0.00000000 -0.03600000
vn 0.03600000 0.00000000 0.99940000
vn 0.03600000 0.00000000 0.99940000
vn 0.03600000 0.00000000 0.99940000
vn 0.99940000 0.00000000 -0.03600000
vn 0.99940000 0.00000000 -0.03600000
vn 0.99940000 0.00000000 -0.03600000
vn 0.99940000 0.00000000 -0.03600000
vn -0.03600000 -0.00000000 -0.99940000
vn -0.03610000 0.00020000 -0.99930000
vn -0.03600000 -0.00000000 -0.99940000
vn -0.03600000 -0.00000000 -0.99940000
vn -0.03600000 -0.00020000 -0.99940000
vn -0.99940000 0.00000000 0.03600000
vn -0.99940000 0.00000000 0.03600000
vn -0.99940000 0.00000000 0.03600000
vn -0.00000000 -1.00000000 0.00000000
vn -0.00000000 -1.00000000 0.00000000
vn -0.00000000 -1.00000000 0.00000000
vn -0.00000000 -1.00000000 0.00000000
vn -0.00000000 -1.00000000 0.00000000
vn -0.72840000 0.00000000 0.68520000
vn -0.72840000 0.00000000 0.68520000
vn -0.72840000 0.00000000 0.68510000
vn -0.72840000 0.00000000 0.68510000
vn 0.03600000 0.00000000 0.99940000
vn 0.03600000 0.00000000 0.99940000
vn 0.03600000 0.00000000 0.99940000
vn 0.99940000 0.00000000 -0.03600000
vn 0.99940000 0.00000000 -0.03600000
vn 0.99940000 0.00000000 -0.03600000
vn -0.03600000 -0.00000000 -0.99940000
vn -0.03610000 0.00020000 -0.99930000
vn -0.03600000 -0.00000000 -0.99940000
vn -0.03600000 -0.00010000 -0.99940000
vn -0.03600000 -0.00000000 -0.99940000
vn -0.72830000 0.00000000 0.68530000
vn -0.72830000 0.00000000 0.68530000
vn -0.72830000 0.00000000 0.68520000
vn -0.72830000 0.00000000 0.68520000
vn -0.99940000 0.00000000 0.03600000
vn -0.99940000 0.00000000 0.03600000
vn -0.99940000 0.00000000 0.03600000
vn -0.00000000 -1.00000000 0.00000000
vn -0.00000000 -1.00000000 0.00000000
vn -0.00000000 -1.00000000 0.00000000
vn -0.00000000 -1.00000000 0.00000000
vn -0.00000000 -1.00000000 0.00000000
vn 0.03600000 0.00000000 0.99940000
vn 0.03600000 0.00000000 0.99940000
vn 0.03600000 0.00000000 0.99940000
vn 0.99940000 0.00000000 -0.03600000
vn 0.99940000 0.00000000 -0.03600000
vn 0.99940000 0.00000000 -0.03600000
vn -0.03600000 -0.00000000 -0.99940000
vn -0.03600000 -0.00000000 -0.99940000
vn -0.03600000 -0.00000000 -0.99940000
vn -0.72830000 0.00000000 0.68530000
vn -0.72830000 0.00000000 0.68530000
vn -0.72830000 0.00000000 0.68530000
vn -0.99940000 0.00000000 0.03600000
vn -0.99940000 0.00000000 0.03600000
vn -0.99940000 0.00000000 0.03600000
vn -0.00000000 -1.00000000 0.00000000
vn -0.00000000 -1.00000000 0.00000000
vn -0.00000000 -1.00000000 0.00000000
vn -0.00000000 -1.00000000 0.00000000
vn -0.00000000 -1.00000000 0.00000000
vn 0.03600000 0.00000000 0.99940000
vn 0.03600000 0.00000000 0.99940000
vn 0.03600000 0.00000000 0.99940000
vn 0.99940000 0.00000000 -0.03600000
vn 0.99940000 0.00000000 -0.03600000
vn 0.99940000 0.00000000 -0.03600000
vn 0.99940000 0.00000000 -0.03600000
vn -0.03600000 -0.00000000 -0.99940000
vn -0.03600000 -0.00000000 -0.99940000
vn -0.03600000 -0.00000000 -0.99940000
vn -0.72840000 0.00000000 0.68520000
vn -0.72840000 0.00000000 0.68510000
vn -0.72840000 0.00000000 0.68510000
vn -0.72840000 0.00000000 0.68510000
vn -0.72840000 0.00000000 0.68520000
vn -0.99940000 0.00000000 0.03600000
vn -0.99940000 0.00000000 0.03600000
vn -0.99940000 0.00000000 0.03600000
vn -0.00000000 -1.00000000 0.00000000
vn -0.00000000 -1.00000000 0.00000000
vn -0.00000000 -1.00000000 0.00000000
vn -0.00000000 -1.00000000 0.00000000
vn -0.00000000 -1.00000000 0.00000000
vn 0.03600000 0.00000000 0.99940000
vn 0.03600000 0.00000000 0.99940000
vn 0.03600000 0.00000000 0.99940000
vn 0.99940000 0.00000000 -0.03600000
vn 0.99940000 0.00000000 -0.03600000
vn 0.99940000 0.00000000 -0.03600000
vn -0.03600000 -0.00000000 -0.99940000
vn -0.03600000 -0.00000000 -0.99940000
vn -0.03600000 -0.00000000 -0.99940000
vn -0.99940000 0.00000000 0.03600000
vn -0.99940000 0.00000000 0.03600000
vn -0.99940000 0.00000000 0.03600000
vn -0.00000000 -1.00000000 0.00000000
vn -0.00000000 -1.00000000 0.00000000
vn -0.00000000 -1.00000000 0.00000000
vn 0.87090000 -0.00000000 0.49140000
vn 0.84420000 0.00000000 0.53610000
vn 0.87350000 -0.00000000 -0.48680000
vn 0.27590000 -0.00000000 0.96120000
vn 0.21640000 0.00000000 0.97630000
vn -0.27590000 0.00000000 -0.96120000
vn -0.21640000 0.00000000 -0.97630000
vn -0.85940000 -0.00000000 -0.51140000
vn 0.67880000 0.00000000 -0.73430000
vn 0.79180000 0.00000000 -0.61080000
vn -0.00000000 -1.00000000 0.00000000
vn -0.00000000 -1.00000000 0.00010000
vn -0.00000000 -1.00000000 0.00000000
vn -0.00000000 -1.00000000 0.00000000
vn -0.00000000 -1.00000000 0.00000000
vn -0.00000000 -1.00000000 0.00000000
vn -0.00000000 -1.00000000 0.00000000
vn -0.00000000 -1.00000000 0.00000000
vn -0.94930000 -0.31440000 -0.00080000
vn -0.97500000 -0.21790000 -0.04430000
vn -0.90780000 -0.41680000 -0.04640000
vn -0.52680000 -0.84980000 0.01900000
vn -0.47720000 -0.87860000 0.01720000
vn -0.12220000 -0.99250000 0.00440000
vn -0.99780000 -0.00000000 -0.06680000
vn -0.99770000 0.00000000 -0.06810000
vn -1.00000000 0.00010000 -0.01000000
vn -0.99290000 0.00000000 -0.11930000
vn -0.99840000 0.00000000 0.05620000
vn -0.99990000 0.00000000 0.01600000
vn -0.98990000 0.00000000 -0.14170000
vn -0.98100000 -0.00000000 -0.19380000
vn -0.97950000 0.00000000 -0.20160000
vn -0.96860000 0.00000000 -0.24840000
vn -0.95100000 -0.00000000 -0.30930000
vn -0.96040000 0.00000000 -0.27870000
vn -0.70670000 -0.70710000 0.02550000
vn -0.70670000 -0.70710000 0.02540000
vn -0.70660000 -0.70710000 0.02540000
vn -0.70670000 -0.70710000 0.02550000
vn -0.70660000 -0.70710000 0.02540000
vn -0.70670000 -0.70710000 0.02550000
vn -0.70660000 -0.70710000 0.02540000
vn -0.70660000 -0.70710000 0.02550000
vn -0.70670000 -0.70710000 0.02550000
vn -0.70660000 -0.70710000 0.02550000
vn 0.99940000 0.00000000 -0.03600000
vn 0.99940000 0.00000000 -0.03600000
vn 0.99940000 0.00000000 -0.03600000
vn 0.99940000 0.00000000 -0.03600000
vn 0.99940000 0.00000000 -0.03600000
vn 0.99940000 0.00000000 -0.03600000
vn 0.99940000 0.00000000 -0.03600000
vn -0.67760000 0.66600000 -0.31190000
vn -0.67980000 0.66850000 -0.30160000
vn -0.68910000 0.67960000 -0.25160000
vn -0.70670000 0.70360000 -0.07440000
vn -0.70440000 0.69970000 -0.11930000
vn -0.70740000 0.70680000 -0.00290000
vn -0.70670000 0.70710000 0.02550000
vn -0.70070000 0.69440000 -0.16410000
vn -0.66590000 0.65240000 -0.36180000
vn -0.66200000 0.64800000 -0.37680000
vn -0.64410000 0.62800000 -0.43680000
vn -0.69370000 0.68520000 -0.22210000
vn -0.99420000 0.00000000 -0.10740000
vn -0.99660000 -0.00000000 0.08230000
vn -0.99660000 -0.00000000 0.08230000
vn -0.96420000 0.00000000 0.26500000
vn -0.96420000 -0.00000000 0.26510000
vn -0.99420000 0.00000000 -0.10740000
vn -0.88530000 0.00000000 -0.46510000
vn -0.65500000 0.00000000 -0.75560000
vn -0.65510000 0.00000000 -0.75550000
vn -0.99420000 0.00000000 -0.10740000
vn -0.88530000 0.00000000 -0.46510000
vn -0.33010000 0.00000000 -0.94390000
vn -0.33010000 0.00000000 -0.94390000
vn -0.65500000 0.00000000 -0.75560000
vn 0.03470000 0.00000000 -0.99940000
vn 0.40140000 0.00000000 -0.91590000
vn 0.40140000 0.00000000 -0.91590000
vn 0.70650000 0.00000000 -0.70770000
vn 0.97580000 -0.00000000 -0.21860000
vn 0.91760000 0.00000000 -0.39750000
vn 0.99940000 0.00000000 -0.03600000
vn 0.91760000 0.00000000 -0.39750000
vn 0.70650000 0.00000000 -0.70770000
vn 0.97580000 -0.00000000 -0.21860000
vn 0.99940000 0.00000000 -0.03600000
vn 0.87350000 -0.29640000 -0.38610000
vn 0.82140000 -0.43480000 -0.36910000
vn 0.86450000 -0.27730000 -0.41930000
vn 0.29940000 -0.95060000 -0.08230000
vn 0.49630000 -0.85740000 -0.13640000
vn 0.65810000 -0.73090000 -0.18090000
vn 0.91610000 -0.00010000 -0.40110000
vn 0.92350000 0.00000000 -0.38370000
vn 0.93980000 0.00000000 -0.34170000
vn 0.93960000 -0.00000000 -0.34220000
vn 0.83250000 0.00000000 -0.55400000
vn 0.81460000 -0.00000000 -0.58000000
vn 0.85020000 -0.00000000 -0.52640000
vn 0.84950000 -0.00000000 -0.52760000
vn 0.89000000 0.00000000 -0.45600000
vn 0.90160000 0.00000000 -0.43260000
vn 0.96720000 -0.00000000 -0.25390000
vn 0.95830000 -0.00000000 -0.28590000
vn 0.97350000 0.00000000 -0.22870000
vn 0.87490000 -0.00000000 -0.48430000
vn 0.86590000 0.00000000 -0.50030000
vn 0.68180000 -0.70710000 -0.18740000
vn 0.68180000 -0.70710000 -0.18740000
vn 0.68180000 -0.70710000 -0.18740000
vn 0.68180000 -0.70710000 -0.18740000
vn 0.68180000 -0.70710000 -0.18740000
vn 0.68180000 -0.70710000 -0.18740000
vn -0.96420000 0.00000000 0.26500000
vn -0.96420000 -0.00000000 0.26510000
vn -0.96420000 0.00000000 0.26500000
vn -0.96420000 -0.00000000 0.26510000
vn -0.96420000 0.00000000 0.26500000
vn -0.96420000 0.00000000 0.26500000
vn -0.96420000 0.00000000 0.26500000
vn -0.96420000 -0.00000000 0.26510000
vn -0.96420000 0.00000000 0.26500000
vn -0.96420000 0.00000000 0.26500000
vn 0.62460000 0.69610000 -0.35400000
vn 0.65110000 0.70340000 -0.28520000
vn 0.64720000 0.70250000 -0.29610000
vn 0.55290000 0.66590000 -0.50080000
vn 0.58080000 0.67900000 -0.44900000
vn 0.55930000 0.66900000 -0.48940000
vn 0.59480000 0.68500000 -0.42070000
vn 0.67340000 0.70680000 -0.21690000
vn 0.68180000 0.70710000 -0.18740000
vn 0.61910000 0.69430000 -0.36690000
vn 0.52760000 0.65280000 -0.54370000
vn 0.48370000 0.62800000 -0.60960000
vn 0.51870000 0.64800000 -0.55780000
vn -0.97640000 -0.00010000 -0.21600000
vn -0.97640000 -0.00010000 -0.21600000
vn -0.97640000 -0.00020000 -0.21590000
vn -0.97640000 -0.00010000 -0.21600000
vn -0.97640000 0.00000000 -0.21600000
vn -0.97640000 -0.00020000 -0.21590000
vn -0.97640000 0.00000000 -0.21600000
vn -0.97640000 0.00000000 -0.21600000
vn -0.97640000 -0.00020000 -0.21590000
vn -0.97640000 0.00000000 -0.21600000
vn 0.70560000 0.70700000 0.04820000
vn 0.70030000 0.70710000 0.09790000
vn 0.70120000 0.70710000 0.09120000
vn 0.69220000 0.70710000 0.14480000
vn 0.70600000 0.70710000 0.03950000
vn 0.70720000 0.70690000 -0.01260000
vn 0.70240000 0.70700000 -0.08210000
vn 0.70310000 0.70710000 -0.07450000
vn 0.68450000 0.70690000 -0.17810000
vn 0.69440000 0.70710000 -0.13310000
vn 0.69590000 0.70690000 -0.12630000
vn 0.61700000 0.70710000 -0.34540000
vn 0.63070000 0.70700000 -0.32000000
vn 0.60610000 0.70700000 -0.36430000
vn 0.64160000 0.70710000 -0.29720000
vn 0.65670000 0.70690000 -0.26280000
vn 0.66400000 0.70710000 -0.24320000
vn 0.67560000 0.70700000 -0.20920000
vn 0.58650000 0.70710000 -0.39490000
vn 0.58020000 0.70700000 -0.40430000
vn 0.51760000 0.70710000 -0.48170000
vn 0.54790000 0.70690000 -0.44740000
vn 0.49640000 0.70700000 -0.50370000
vn 0.46180000 0.70700000 -0.53560000
vn 0.47540000 0.70710000 -0.52350000
vn 0.33400000 0.70710000 -0.62320000
vn 0.38330000 0.70690000 -0.59450000
vn 0.33150000 0.70700000 -0.62480000
vn 0.22970000 0.70710000 -0.66870000
vn 0.27850000 0.70700000 -0.65010000
vn 0.22130000 0.70700000 -0.67180000
vn 0.18110000 0.70700000 -0.68360000
vn 0.17320000 0.70710000 -0.68560000
vn 0.04080000 0.70700000 -0.70610000
vn 0.06390000 0.70710000 -0.70420000
vn 0.09470000 0.70710000 -0.70080000
vn 0.11040000 0.70720000 -0.69830000
vn 0.14030000 0.70700000 -0.69310000
vn -0.10690000 0.70710000 -0.69900000
vn -0.09160000 0.70710000 -0.70120000
vn -0.13230000 0.70700000 -0.69470000
vn -0.04830000 0.70710000 -0.70540000
vn -0.04770000 0.70700000 -0.70560000
vn -0.27390000 0.70710000 -0.65190000
vn -0.26900000 0.70700000 -0.65410000
vn -0.32520000 0.70710000 -0.62790000
vn -0.37440000 0.70710000 -0.59980000
vn -0.37520000 0.70700000 -0.59950000
vn -0.21770000 0.70710000 -0.67270000
vn -0.20820000 0.70700000 -0.67590000
vn -0.42300000 0.70720000 -0.56650000
vn -0.42350000 0.70700000 -0.56630000
vn -0.45970000 0.70700000 -0.53740000
vn -0.50610000 0.70710000 -0.49380000
vn -0.48290000 0.70710000 -0.51660000
vn -0.51340000 0.70700000 -0.48640000
vn -0.55980000 0.70680000 -0.43250000
vn -0.54500000 0.70710000 -0.45050000
vn -0.57830000 0.70710000 -0.40690000
vn -0.59690000 0.70700000 -0.37920000
vn -0.61000000 0.70710000 -0.35770000
vn -0.62360000 0.70690000 -0.33360000
vn -0.65960000 0.70710000 -0.25480000
vn -0.63980000 0.70700000 -0.30130000
vn -0.65760000 0.70710000 -0.25990000
vn -0.67170000 0.70700000 -0.22120000
vn -0.68360000 0.70710000 -0.18100000
vn -0.67870000 0.70710000 -0.19820000
vn 0.70410000 0.70710000 0.06490000
vn 0.70670000 0.70710000 -0.02390000
vn 0.67850000 0.70710000 -0.19900000
vn 0.69810000 0.70710000 -0.11230000
vn 0.43210000 0.70700000 -0.55990000
vn 0.38520000 0.70710000 -0.59300000
vn 0.00390000 0.70700000 -0.70720000
vn 0.60770000 0.70710000 -0.36160000
vn 0.64820000 0.70710000 -0.28250000
vn 0.68980000 0.70700000 0.15580000
vn 0.55750000 0.70710000 -0.43490000
vn 0.49860000 0.70710000 -0.50150000
vn 0.43170000 0.70710000 -0.56000000
vn 0.35810000 0.70710000 -0.60970000
vn 0.27880000 0.70710000 -0.64980000
vn 0.19510000 0.70710000 -0.67970000
vn 0.01980000 0.70710000 -0.70680000
vn -0.06900000 0.70710000 -0.70380000
vn -0.16610000 0.70700000 -0.68740000
vn -0.70160000 0.70710000 -0.08750000
vn -0.69360000 0.70700000 -0.13820000
vn -0.70130000 0.70690000 -0.09260000
vn -0.70600000 0.70700000 -0.04030000
vn -0.70650000 0.70710000 -0.02980000
vn -0.70690000 0.70710000 0.01610000
vn -0.24200000 0.70710000 -0.66440000
vn -0.15670000 0.70710000 -0.68950000
vn -0.32340000 0.70710000 -0.62880000
vn -0.46970000 0.70710000 -0.52850000
vn -0.39970000 0.70710000 -0.58330000
vn -0.53230000 0.70710000 -0.46550000
vn -0.58650000 0.70710000 -0.39500000
vn -0.66630000 0.70710000 -0.23660000
vn -0.63140000 0.70710000 -0.31830000
vn -0.69070000 0.70710000 -0.15120000
vn -0.70420000 0.70710000 -0.06340000
vn -0.70660000 0.70710000 0.02740000
vn 0.66640000 0.70390000 0.24590000
vn 0.65370000 0.70020000 0.28710000
vn 0.67590000 0.70580000 0.21220000
vn 0.59130000 0.67340000 0.44380000
vn 0.57540000 0.66480000 0.47640000
vn 0.60840000 0.68180000 0.40620000
vn 0.68910000 0.70710000 0.15860000
vn 0.69380000 0.70700000 0.13680000
vn 0.63710000 0.69430000 0.33480000
vn 0.63110000 0.69190000 0.35060000
vn 0.55830000 0.65500000 0.50920000
vn 0.51400000 0.62810000 0.58420000
vn 0.54560000 0.64760000 0.53190000
vn 0.99020000 0.00000000 0.13970000
vn 0.99860000 0.00000000 0.05210000
vn 0.99860000 0.00000000 0.05210000
vn 0.99020000 0.00000000 0.13970000
vn 0.98330000 -0.00000000 0.18200000
vn 0.92980000 -0.00000000 0.36810000
vn 0.99990000 0.00000000 -0.01040000
vn 0.77030000 -0.00000000 0.63770000
vn 0.83700000 0.00000000 0.54720000
vn 0.70710000 -0.00000000 0.70710000
vn 0.54720000 0.00000000 0.83700000
vn 0.36810000 -0.00000000 0.92980000
vn 0.38410000 0.00000000 0.92330000
vn 0.18200000 -0.00000000 0.98330000
vn 0.59460000 -0.00000000 0.80410000
vn 0.90090000 -0.00000000 0.43410000
vn 0.97880000 -0.00000000 0.20500000
vn 0.99940000 0.00000000 -0.03600000
vn -0.09070000 -0.00000000 0.99590000
vn 0.00000000 -0.00000000 1.00000000
vn -0.18200000 0.00000000 0.98330000
vn -0.36810000 -0.00000000 0.92980000
vn -0.54720000 0.00000000 0.83700000
vn -0.54460000 -0.00000000 0.83870000
vn -0.32720000 -0.00000000 0.94490000
vn -0.70710000 -0.00000000 0.70710000
vn -0.83700000 0.00000000 0.54720000
vn -0.73010000 -0.00000000 0.68340000
vn -0.96450000 -0.00000000 0.26420000
vn -0.92980000 -0.00000000 0.36810000
vn -0.98330000 0.00000000 0.18200000
vn -1.00000000 0.00000000 0.00000000
vn -0.99970000 0.00000000 0.02480000
vn -0.87280000 -0.00000000 0.48800000
vn 0.15110000 -0.00000000 0.98850000
vn -0.97640000 0.00000000 -0.21600000
vn 0.00000000 1.00000000 0.00000000
vn 0.00000000 1.00000000 0.00000000
vn 0.00000000 1.00000000 0.00000000
vn 0.00000000 1.00000000 0.00000000
vn 0.00000000 1.00000000 0.00000000
vn 0.00000000 1.00000000 0.00000000
vn 0.00000000 1.00000000 0.00000000
vn 0.00000000 1.00000000 0.00000000
vn 0.00000000 1.00000000 0.00000000
vn 0.00000000 1.00000000 0.00000000
vn 0.00000000 1.00000000 0.00000000
vn 0.00000000 1.00000000 0.00000000
vn 0.00000000 1.00000000 0.00000000
vn 0.00000000 1.00000000 0.00000000
vn 0.00000000 1.00000000 0.00000000
vn 0.00000000 1.00000000 0.00000000
vn 0.00000000 1.00000000 0.00000000
vn 0.00000000 1.00000000 0.00000000
vn 0.00000000 1.00000000 0.00000000
vn 0.00000000 1.00000000 0.00000000
vn 0.00000000 1.00000000 0.00000000
vn 0.00000000 1.00000000 0.00000000
vn 0.00000000 1.00000000 0.00000000
vn 0.00000000 1.00000000 0.00000000
vn 0.00000000 1.00000000 0.00000000
vn 0.00000000 1.00000000 0.00000000
vn 0.00000000 1.00000000 0.00000000
vn 0.00000000 1.00000000 0.00000000
vn 0.00000000 1.00000000 0.00000000
vn 0.00000000 1.00000000 0.00000000
vn 0.00000000 1.00000000 0.00000000
vn 0.00000000 1.00000000 0.00000000
vn 0.00000000 1.00000000 0.00000000
vn -0.00020000 1.00000000 -0.00010000
vn 0.00000000 1.00000000 0.00000000
vn 0.00010000 1.00000000 0.00010000
vn 0.00000000 1.00000000 0.00000000
vn -0.00020000 1.00000000 -0.00010000
vn 0.00010000 1.00000000 0.00010000
vn -0.00020000 1.00000000 -0.00010000
vn 0.00000000 1.00000000 0.00000000
vn 0.00000000 1.00000000 0.00000000
vn 0.00010000 1.00000000 0.00010000
vn 0.00000000 1.00000000 0.00000000
vn 0.00000000 1.00000000 0.00000000
vn 0.00000000 1.00000000 0.00000000
vn 0.00000000 1.00000000 0.00000000
vn 0.00000000 1.00000000 0.00000000
vn 0.00010000 1.00000000 -0.00000000
vn 0.00000000 1.00000000 0.00000000
vn 0.00000000 1.00000000 0.00000000
vn 0.00000000 1.00000000 0.00000000
vn 0.00010000 1.00000000 -0.00000000
vn 0.00010000 1.00000000 -0.00000000
vn 0.00000000 1.00000000 0.00000000
vn -0.98070000 -0.00000000 -0.19570000
vn -0.98030000 -0.00000000 -0.19760000
vn -0.99140000 -0.00000000 -0.13070000
vn -0.99840000 0.00000000 -0.05690000
vn -0.99630000 -0.00000000 -0.08580000
vn -0.99970000 -0.00000000 -0.02500000
vn -0.99010000 -0.00000000 -0.14030000
vn -0.93000000 -0.00000000 -0.36750000
vn -0.93120000 -0.00000000 -0.36450000
vn -0.94850000 0.00000000 -0.31690000
vn -0.94980000 0.00000000 -0.31280000
vn -0.96670000 -0.00000000 -0.25600000
vn -0.97060000 -0.00000000 -0.24070000
vn -0.90880000 -0.00000000 -0.41730000
vn -0.90980000 -0.00000000 -0.41510000
vn -0.79140000 0.00000000 -0.61140000
vn -0.80730000 0.00010000 -0.59020000
vn -0.84400000 -0.00000000 -0.53630000
vn -0.85440000 -0.00000000 -0.51970000
vn -0.88320000 0.00000000 -0.46900000
vn -0.88170000 0.00000000 -0.47180000
vn -0.75610000 -0.00000000 -0.65450000
vn -0.73920000 0.00000000 -0.67350000
vn -0.63790000 -0.00000000 -0.77010000
vn -0.63120000 0.00000000 -0.77560000
vn -0.68440000 -0.00000000 -0.72910000
vn -0.68300000 -0.00000000 -0.73040000
vn -0.45960000 0.00000000 -0.88810000
vn -0.45850000 -0.00000000 -0.88870000
vn -0.53080000 -0.00000000 -0.84750000
vn -0.52860000 -0.00000000 -0.84890000
vn -0.59620000 0.00000000 -0.80280000
vn -0.59880000 0.00000000 -0.80090000
vn -0.23480000 0.00000000 -0.97210000
vn -0.23760000 -0.00000000 -0.97140000
vn -0.29430000 -0.00000000 -0.95570000
vn -0.38010000 0.00000000 -0.92490000
vn -0.40720000 0.00000000 -0.91330000
vn -0.35480000 -0.00000000 -0.93490000
vn -0.30020000 -0.00000000 -0.95390000
vn -0.01330000 -0.00000000 -0.99990000
vn -0.01530000 -0.00000000 -0.99990000
vn -0.06730000 -0.00000000 -0.99770000
vn -0.18720000 0.00000000 -0.98230000
vn -0.18450000 -0.00000000 -0.98280000
vn -0.12940000 0.00000000 -0.99160000
vn -0.10510000 0.00000000 -0.99450000
vn 0.05770000 0.00000000 -0.99830000
vn 0.02860000 0.00000000 -0.99960000
vn 0.09400000 0.00000000 -0.99560000
vn 0.19850000 -0.00000000 -0.98010000
vn 0.20270000 -0.00000000 -0.97920000
vn 0.14320000 0.00000000 -0.98970000
vn 0.13390000 0.00000000 -0.99100000
vn 0.31270000 0.00000000 -0.94980000
vn 0.31720000 -0.00000000 -0.94840000
vn 0.26080000 -0.00000000 -0.96540000
vn 0.25600000 -0.00000000 -0.96670000
vn 0.39390000 0.00000000 -0.91920000
vn 0.37410000 0.00000000 -0.92740000
vn 0.61100000 -0.00000000 -0.79160000
vn 0.61300000 -0.00000000 -0.79010000
vn 0.55170000 -0.00000000 -0.83410000
vn 0.46860000 0.00000000 -0.88340000
vn 0.48100000 0.00000000 -0.87670000
vn 0.42060000 0.00000000 -0.90730000
vn 0.54170000 0.00000000 -0.84050000
vn 0.65290000 -0.00000000 -0.75740000
vn 0.65550000 -0.00000000 -0.75520000
vn 0.70190000 0.00000000 -0.71230000
vn 0.70220000 -0.00000000 -0.71200000
vn 0.77480000 0.00000000 -0.63230000
vn 0.79570000 -0.00000000 -0.60570000
vn 0.75480000 -0.00000000 -0.65600000
vn 0.73790000 0.00000000 -0.67490000
vn 0.82050000 0.00000000 -0.57170000
vn 0.84250000 0.00000000 -0.53870000
vn 0.89180000 0.00000000 -0.45250000
vn 0.90660000 0.00000000 -0.42200000
vn 0.86500000 -0.00000000 -0.50180000
vn 0.85710000 -0.00000000 -0.51510000
vn 0.95520000 0.00000000 -0.29610000
vn 0.95540000 0.00000000 -0.29520000
vn 0.93610000 -0.00000000 -0.35180000
vn 0.96770000 0.00000000 -0.25210000
vn 0.97110000 0.00000000 -0.23860000
vn 0.99980000 -0.00000000 -0.01800000
vn 1.00000000 -0.00010000 0.00840000
vn 0.99750000 -0.00000000 -0.07050000
vn 0.99320000 -0.00000000 -0.11600000
vn 0.99110000 -0.00000000 -0.13320000
vn 0.98350000 0.00000000 -0.18080000
vn 0.98390000 0.00000000 -0.17840000
vn 0.99790000 -0.00000000 -0.06470000
vn 0.99770000 -0.00000000 0.06830000
vn 0.99560000 0.00000000 0.09350000
vn 0.98750000 0.00000000 0.15790000
vn 0.98330000 -0.00000000 0.18210000
vn -0.99970000 -0.00000000 0.02290000
vn -0.99950000 -0.00000000 0.03280000
vn 0.97320000 -0.00000000 0.22980000
vn 0.97880000 0.00000000 0.20470000
vn 0.70490000 -0.70700000 0.05720000
vn 0.70420000 -0.70690000 0.06630000
vn 0.69940000 -0.70720000 0.10400000
vn 0.70520000 -0.70710000 -0.05180000
vn 0.70570000 -0.70710000 -0.04580000
vn 0.70710000 -0.70710000 0.00350000
vn 0.70720000 -0.70700000 0.00610000
vn 0.70040000 -0.70710000 -0.09730000
vn 0.70080000 -0.70710000 -0.09430000
vn 0.64560000 -0.70700000 -0.28870000
vn 0.64110000 -0.70700000 -0.29860000
vn 0.66390000 -0.70720000 -0.24320000
vn 0.62090000 -0.70700000 -0.33840000
vn 0.62190000 -0.70710000 -0.33660000
vn 0.60030000 -0.70710000 -0.37370000
vn 0.59580000 -0.70710000 -0.38090000
vn 0.43190000 -0.70700000 -0.56000000
vn 0.43350000 -0.70700000 -0.55870000
vn 0.47010000 -0.70710000 -0.52820000
vn 0.54230000 -0.70700000 -0.45380000
vn 0.53370000 -0.70700000 -0.46400000
vn 0.57090000 -0.70710000 -0.41720000
vn 0.47310000 -0.70710000 -0.52560000
vn 0.50680000 -0.70720000 -0.49300000
vn 0.27280000 -0.70690000 -0.65260000
vn 0.26480000 -0.70690000 -0.65590000
vn 0.30240000 -0.70720000 -0.63910000
vn 0.39660000 -0.70700000 -0.58550000
vn 0.39010000 -0.70700000 -0.58990000
vn 0.15110000 -0.70690000 -0.69100000
vn 0.16090000 -0.70710000 -0.68850000
vn 0.21090000 -0.70710000 -0.67490000
vn 0.20650000 -0.70710000 -0.67630000
vn 0.07080000 -0.70700000 -0.70360000
vn 0.06660000 -0.70700000 -0.70410000
vn 0.11220000 -0.70710000 -0.69810000
vn -0.14250000 -0.70700000 -0.69270000
vn -0.13050000 -0.70700000 -0.69500000
vn -0.08490000 -0.70710000 -0.70200000
vn -0.03230000 -0.70700000 -0.70650000
vn -0.03370000 -0.70710000 -0.70630000
vn 0.01650000 -0.70710000 -0.70690000
vn 0.02020000 -0.70700000 -0.70690000
vn -0.44750000 -0.70700000 -0.54760000
vn -0.44640000 -0.70710000 -0.54840000
vn -0.40260000 -0.70700000 -0.58140000
vn -0.49260000 -0.70690000 -0.50760000
vn -0.48400000 -0.70710000 -0.51550000
vn -0.41020000 -0.70710000 -0.57600000
vn -0.36980000 -0.70710000 -0.60270000
vn -0.37400000 -0.70700000 -0.60030000
vn -0.32400000 -0.70710000 -0.62850000
vn -0.54950000 -0.70700000 -0.44510000
vn -0.55120000 -0.70710000 -0.44300000
vn -0.52070000 -0.70710000 -0.47840000
vn -0.52280000 -0.70700000 -0.47630000
vn -0.57940000 -0.70710000 -0.40530000
vn -0.58100000 -0.70700000 -0.40320000
vn -0.68560000 -0.70710000 -0.17320000
vn -0.68640000 -0.70700000 -0.17000000
vn -0.66930000 -0.70700000 -0.22840000
vn -0.67090000 -0.70690000 -0.22410000
vn -0.65490000 -0.70720000 -0.26650000
vn -0.69680000 -0.70700000 -0.12110000
vn -0.69710000 -0.70710000 -0.11850000
vn 0.66210000 -0.70690000 -0.24880000
vn 0.67570000 -0.70700000 -0.20870000
vn 0.68680000 -0.70700000 -0.16880000
vn 0.67900000 -0.70710000 -0.19740000
vn 0.69540000 -0.70700000 0.12890000
vn 0.68840000 -0.70690000 0.16270000
vn 0.69130000 -0.70710000 -0.14850000
vn 0.69560000 -0.70700000 -0.12780000
vn 0.56280000 -0.70690000 -0.42840000
vn 0.49660000 -0.70700000 -0.50360000
vn 0.14340000 -0.70680000 -0.69270000
vn 0.34000000 -0.70700000 -0.62010000
vn 0.66250000 -0.70710000 -0.24730000
vn 0.69550000 -0.70710000 0.12770000
vn 0.57830000 -0.70690000 -0.40740000
vn 0.51120000 -0.70700000 -0.48860000
vn 0.34640000 -0.70690000 -0.61670000
vn -0.18380000 -0.70710000 -0.68280000
vn -0.21230000 -0.70700000 -0.67460000
vn -0.16780000 -0.70710000 -0.68690000
vn -0.07430000 -0.70700000 -0.70330000
vn -0.23250000 -0.70720000 -0.66770000
vn -0.25090000 -0.70700000 -0.66120000
vn -0.28480000 -0.70720000 -0.64710000
vn -0.64340000 -0.70700000 -0.29360000
vn -0.62460000 -0.70700000 -0.33170000
vn -0.63640000 -0.70710000 -0.30830000
vn -0.60430000 -0.70690000 -0.36760000
vn -0.60900000 -0.70720000 -0.35920000
vn -0.70690000 -0.70700000 0.02320000
vn -0.70470000 -0.70690000 -0.06040000
vn -0.70670000 -0.70720000 -0.02330000
vn -0.08370000 -0.70690000 -0.70230000
vn -0.26910000 -0.70700000 -0.65400000
vn -0.20460000 -0.70690000 -0.67710000
vn -0.32620000 -0.70690000 -0.62760000
vn -0.70420000 -0.70700000 -0.06520000
vn -0.70710000 -0.70710000 0.00090000
vn 0.69040000 -0.70710000 0.15270000
vn 0.69040000 -0.70710000 0.15280000
vn 0.69040000 -0.70710000 0.15270000
vn 0.69040000 -0.70710000 0.15280000
vn 0.69040000 -0.70710000 0.15270000
vn 0.69040000 -0.70710000 0.15280000
vn 0.69040000 -0.70710000 0.15270000
vn 0.69040000 -0.70710000 0.15270000
vn 0.84300000 0.00000000 0.53800000
vn 0.86380000 -0.00000000 0.50380000
vn 0.86870000 -0.00000000 0.49530000
vn 0.89180000 0.00000000 0.45240000
vn 0.89220000 0.00000000 0.45160000
vn 0.94830000 -0.00020000 0.31750000
vn 0.97320000 -0.00000000 0.22980000
vn 0.96610000 0.00000000 0.25810000
vn 0.93400000 0.00000000 0.35740000
vn 0.92360000 0.00000000 0.38330000
vn 0.91720000 -0.00000000 0.39840000
vn 0.95030000 0.00000000 0.31150000
vn 0.97880000 -0.00000000 0.20480000
vn 0.84510000 0.00000000 0.53460000
vn -0.19600000 -0.81590000 0.54390000
vn -0.58170000 -0.79370000 0.17810000
vn -0.26940000 -0.81110000 0.51920000
vn -0.26130000 -0.87900000 0.39870000
vn -0.62310000 -0.77440000 0.10960000
vn -0.26310000 -0.90150000 0.34350000
vn -0.39680000 -0.88690000 0.23660000
vn -0.67030000 -0.73740000 0.08260000
vn -0.43340000 -0.79990000 0.41510000
vn -0.08430000 -0.72010000 0.68870000
vn -0.13090000 -0.98640000 0.09900000
vn -0.44770000 -0.89280000 0.05030000
vn -0.41170000 -0.90690000 0.08990000
vn 0.96420000 0.00000000 -0.26510000
vn 0.96350000 0.00000000 -0.26770000
vn 0.98120000 -0.00000000 -0.19280000
vn 0.99440000 0.00000000 -0.10610000
vn 0.99520000 0.00000000 -0.09790000
vn 1.00000000 0.00000000 -0.00940000
vn 0.99840000 -0.00000000 0.05570000
vn 0.99790000 -0.00000000 0.06520000
vn 0.97640000 0.00000000 0.21600000
vn 0.98480000 -0.00000000 0.17390000
vn -0.04340000 -0.87790000 0.47690000
vn -0.04120000 -0.89120000 0.45170000
vn -0.04710000 -0.85500000 0.51650000
vn -0.03540000 -0.92050000 0.38920000
vn -0.03620000 -0.91700000 0.39730000
vn -0.06220000 -0.72820000 0.68250000
vn -0.05730000 -0.77510000 0.62920000
vn -0.06010000 -0.74890000 0.66000000
vn -0.05370000 -0.80580000 0.58970000
vn -0.05040000 -0.83190000 0.55270000
vn -0.05330000 -0.80900000 0.58530000
vn -0.05730000 -0.77570000 0.62860000
vn -0.04110000 -0.89170000 0.45070000
vn -0.04690000 -0.85620000 0.51460000
vn -0.03480000 -0.92340000 0.38230000
vn -0.00940000 -0.99490000 0.10010000
vn -0.00460000 -0.99870000 0.05000000
vn -0.00740000 -0.99670000 0.08070000
vn -0.01430000 -0.98750000 0.15710000
vn -0.02260000 -0.96850000 0.24790000
vn -0.01810000 -0.97990000 0.19860000
vn -0.03040000 -0.94220000 0.33370000
vn -0.02680000 -0.95500000 0.29540000
vn -0.02400000 -0.96430000 0.26380000
vn -0.01670000 -0.98280000 0.18370000
vn -0.03070000 -0.94090000 0.33730000
vn -0.01360000 -0.98870000 0.14940000
vn -0.00930000 -0.99470000 0.10240000
vn -0.06380000 -0.71100000 0.70030000
vn -0.00310000 -0.99940000 0.03420000
vn -0.00000000 -1.00000000 0.00000000
vn -0.00170000 -0.99980000 0.01870000
vn 0.68160000 -0.70710000 -0.18840000
vn 0.68180000 -0.70710000 -0.18740000
vn 0.68160000 -0.70710000 -0.18840000
vn 0.68180000 -0.70710000 -0.18740000
vn 0.68180000 -0.70710000 -0.18740000
vn 0.68160000 -0.70710000 -0.18840000
vn 0.68180000 -0.70710000 -0.18740000
vn 0.68180000 -0.70710000 -0.18740000
vn 0.13170000 -0.84230000 0.52260000
vn 0.54900000 -0.78740000 0.28020000
vn 0.12500000 -0.86270000 0.49000000
vn 0.12040000 -0.82000000 0.55960000
vn 0.07510000 -0.77530000 0.62720000
vn 0.61540000 -0.75250000 0.23430000
vn 0.03390000 -0.99850000 0.04330000
vn 0.36810000 -0.91920000 0.13970000
vn 0.52080000 -0.84400000 0.12800000
vn 0.34070000 -0.80050000 0.49310000
vn 0.49450000 -0.86220000 0.10940000
vn 0.00440000 -1.00000000 0.00100000
vn 0.49850000 -0.85990000 0.11020000
vn 0.51600000 -0.85120000 0.09560000
vn 0.47410000 -0.87850000 0.05860000
vn -0.15260000 -0.98810000 -0.01760000
vn 0.70750000 -0.70250000 -0.07770000
vn 0.35250000 -0.93390000 -0.05960000
vn 0.37680000 -0.92610000 -0.01710000
vn 0.42150000 -0.90000000 -0.11100000
vn 0.00590000 -1.00000000 -0.00500000
vn 0.40380000 -0.90810000 -0.11100000
vn 0.68180000 -0.70710000 -0.18740000
vn 0.67570000 -0.71340000 -0.18580000
vn 0.39560000 -0.91200000 -0.10870000
vn 0.00900000 -1.00000000 -0.00250000
vn 0.03720000 -0.99930000 -0.01020000
vn -0.22130000 -0.97290000 0.06720000
vn -0.40410000 -0.91430000 0.02890000
vn -0.71670000 -0.69700000 0.02100000
vn -0.01060000 -0.99970000 0.02060000
vn -0.39080000 -0.92040000 0.01410000
vn -0.70670000 -0.70710000 0.02550000
vn -0.69900000 -0.71470000 0.02520000
vn -0.38980000 -0.92080000 0.01400000
vn 0.97640000 -0.00020000 0.21600000
vn 0.97640000 -0.00020000 0.21600000
vn 0.97640000 -0.00020000 0.21600000
vn 0.97640000 -0.00020000 0.21600000
vn 0.93200000 0.35720000 0.06200000
vn 0.68450000 0.72370000 0.08810000
vn 0.88710000 0.42220000 0.18630000
vn 0.98750000 0.00980000 0.15710000
vn 0.91420000 0.40500000 -0.01490000
vn 0.99670000 -0.03970000 -0.07060000
vn 0.92250000 0.37060000 -0.10770000
vn 0.05300000 0.36330000 -0.93020000
vn -0.06120000 0.39170000 -0.91810000
vn 0.00430000 0.80540000 -0.59270000
vn -0.55710000 0.35940000 -0.74870000
vn -0.63470000 0.37170000 -0.67750000
vn -0.42080000 0.76920000 -0.48090000
vn -0.82080000 0.36580000 -0.43880000
vn -0.90870000 -0.01560000 -0.41720000
vn -0.86240000 0.37380000 -0.34140000
vn -0.52860000 0.81220000 -0.24680000
vn -0.09880000 -0.99490000 -0.02190000
vn 0.47720000 -0.87240000 0.10560000
vn 0.42940000 -0.89810000 0.09500000
vn -0.19670000 -0.90530000 -0.37650000
vn -0.22600000 -0.91890000 -0.32330000
vn -0.42310000 -0.59830000 -0.68050000
vn 0.45790000 -0.66290000 -0.59240000
vn 0.26330000 -0.91960000 -0.29160000
vn 0.22360000 -0.91570000 -0.33390000
vn 0.37550000 -0.90450000 -0.20210000
vn 0.32240000 -0.91830000 -0.22980000
vn 0.65210000 -0.64120000 -0.40440000
vn 0.38860000 -0.91440000 -0.11320000
vn 0.83160000 -0.52620000 -0.17770000
vn 0.30830000 -0.94950000 -0.05780000
vn 0.76310000 -0.63760000 -0.10570000
vn 0.37370000 -0.92730000 -0.02280000
vn 0.75090000 -0.52090000 -0.40600000
vn 0.86400000 0.04490000 -0.50140000
vn 0.84400000 -0.36450000 -0.39350000
vn 0.65570000 0.00290000 -0.75500000
vn 0.64910000 -0.38580000 -0.65560000
vn 0.56120000 -0.39630000 -0.72660000
vn 0.77620000 -0.38820000 -0.49690000
vn 0.43960000 -0.75280000 -0.48990000
vn 0.33730000 -0.42490000 -0.84000000
vn 0.33730000 -0.42500000 -0.84000000
vn 0.42040000 0.02450000 -0.90700000
vn 0.43570000 -0.42560000 -0.79310000
vn 0.30590000 -0.26860000 -0.91340000
vn 0.19650000 -0.74210000 -0.64080000
vn 0.26130000 0.02760000 -0.96490000
vn 0.18420000 -0.41270000 -0.89210000
vn 0.18430000 -0.41270000 -0.89210000
vn -0.01410000 -0.29040000 -0.95680000
vn -0.02980000 -0.78800000 -0.61490000
vn -0.09780000 -0.34690000 -0.93280000
vn 0.02550000 -0.36150000 -0.93200000
vn -0.32810000 -0.37580000 -0.86670000
vn -0.19870000 -0.86510000 -0.46050000
vn -0.42510000 -0.38170000 -0.82080000
vn -0.40690000 0.03310000 -0.91290000
vn -0.89720000 -0.43490000 -0.07700000
vn -0.91760000 -0.39640000 0.03050000
vn -0.99940000 0.02530000 -0.02510000
vn -0.69670000 -0.33360000 -0.63510000
vn -0.51760000 -0.74860000 -0.41440000
vn -0.78130000 -0.24840000 -0.57260000
vn -0.52450000 -0.76990000 -0.36360000
vn -0.79150000 -0.37800000 -0.48020000
vn -0.93100000 0.00970000 -0.36480000
vn -0.83880000 -0.38620000 -0.38380000
vn -0.86700000 -0.40590000 -0.28910000
vn -0.94040000 -0.28260000 -0.18930000
vn -0.89150000 -0.39650000 -0.21900000
vn -0.64590000 -0.75540000 -0.11040000
vn -0.98930000 0.03950000 -0.14040000
vn 0.90430000 -0.39410000 0.16380000
vn 0.74160000 -0.66220000 0.10770000
vn 0.71140000 -0.68480000 0.15820000
vn 0.90810000 -0.41480000 0.05800000
vn 0.98380000 -0.04830000 0.17240000
vn 0.90100000 -0.39610000 -0.17710000
vn 0.88560000 -0.38730000 -0.25660000
vn 0.68150000 -0.70740000 -0.18730000
vn 0.96350000 -0.00190000 -0.26760000
vn -0.99940000 -0.00010000 0.03600000
vn -0.99940000 0.00010000 0.03600000
vn -0.99940000 -0.00010000 0.03600000
vn -0.99940000 0.00010000 0.03600000
vn -0.99940000 -0.00010000 0.03600000
vn -0.99940000 0.00010000 0.03600000
vn 0.88700000 -0.39220000 -0.24380000
vn 0.69030000 -0.69820000 -0.18970000
vn 0.68150000 -0.70750000 -0.18730000
vn 0.88070000 -0.40710000 -0.24210000
vn 0.87370000 -0.42310000 -0.24010000
vn 0.96420000 -0.00010000 -0.26500000
vn 0.96420000 -0.00000000 -0.26500000
vn 0.96420000 -0.00010000 -0.26500000
vn 0.96420000 -0.00000000 -0.26500000
vn 0.96420000 -0.00000000 -0.26500000
vn 0.96420000 -0.00010000 -0.26500000
vn 0.50340000 0.79950000 0.32780000
vn 0.74280000 0.38420000 0.54830000
vn 0.80640000 0.37740000 0.45530000
vn 0.83890000 -0.00260000 0.54430000
vn 0.29840000 0.41310000 0.86040000
vn 0.19110000 0.39790000 0.89730000
vn 0.28060000 -0.02470000 0.95950000
vn 0.08580000 0.25520000 0.96310000
vn 0.08820000 0.70510000 0.70360000
vn 0.03180000 0.39110000 0.91980000
vn -0.22690000 0.39810000 0.88890000
vn -0.32540000 0.37870000 0.86640000
vn -0.29780000 -0.05540000 0.95300000
vn 0.15070000 0.01200000 0.98850000
vn 0.98980000 0.00000000 -0.14220000
vn 0.96780000 -0.00000000 -0.25170000
vn 0.97510000 0.00000000 -0.22190000
vn 0.99580000 0.00000000 -0.09210000
vn 0.99040000 -0.00000000 -0.13840000
vn 0.98260000 -0.00000000 0.18590000
vn 0.99250000 0.00000000 0.12220000
vn 0.99090000 -0.00000000 0.13460000
vn 0.96600000 -0.00000000 0.25850000
vn 0.97470000 -0.00000000 0.22340000
vn 0.99880000 -0.00000000 0.04910000
vn 0.99980000 -0.00000000 -0.02160000
vn 0.99920000 -0.00000000 -0.03910000
vn 0.99850000 0.00000000 0.05410000
vn 0.94750000 0.00000000 0.31980000
vn 0.87610000 0.00000000 0.48210000
vn 0.90710000 -0.00000000 0.42090000
vn 0.91090000 0.00000000 0.41270000
vn 0.94090000 0.00000000 0.33860000
vn 0.80710000 -0.00000000 0.59050000
vn 0.83940000 0.00000000 0.54360000
vn 0.83900000 0.00000000 0.54420000
vn 0.87180000 0.00000000 0.48990000
vn 0.69950000 0.00000000 0.71470000
vn 0.76330000 -0.00000000 0.64600000
vn 0.76060000 0.00000000 0.64920000
vn 0.80410000 -0.00000000 0.59450000
vn 0.50900000 -0.00000000 0.86080000
vn 0.56800000 0.00000000 0.82300000
vn 0.56940000 0.00000000 0.82200000
vn 0.67180000 -0.00000000 0.74080000
vn 0.71830000 -0.00000000 0.69570000
vn 0.62170000 0.00000000 0.78330000
vn 0.63140000 0.00000000 0.77540000
vn 0.45310000 0.00000000 0.89140000
vn 0.52060000 -0.00000000 0.85380000
vn 0.39690000 -0.00000000 0.91780000
vn 0.46070000 0.00000000 0.88760000
vn 0.27290000 -0.00000000 0.96200000
vn 0.34220000 0.00000000 0.93960000
vn 0.32550000 -0.00000000 0.94560000
vn 0.39750000 -0.00000000 0.91760000
vn 0.00340000 0.00000000 1.00000000
vn 0.08730000 -0.00000000 0.99620000
vn 0.08820000 0.00000000 0.99610000
vn 0.15450000 -0.00000000 0.98800000
vn 0.21770000 0.00000000 0.97600000
vn 0.20960000 0.00000000 0.97780000
vn 0.28030000 0.00000000 0.95990000
vn 0.15060000 -0.00000000 0.98860000
vn -0.09470000 -0.00000000 0.99550000
vn -0.07650000 0.00000000 0.99710000
vn -0.23810000 -0.00000000 0.97120000
vn -0.16580000 -0.00000000 0.98620000
vn -0.16820000 -0.00000000 0.98580000
vn -0.42800000 0.00000000 0.90380000
vn -0.36690000 -0.00010000 0.93020000
vn -0.35150000 -0.00000000 0.93620000
vn -0.50440000 -0.00000000 0.86340000
vn -0.42780000 -0.00000000 0.90390000
vn -0.30170000 -0.00000000 0.95340000
vn -0.29840000 0.00000000 0.95440000
vn -0.24660000 -0.00000000 0.96910000
vn -0.63930000 0.00010000 0.76890000
vn -0.58390000 -0.00000000 0.81180000
vn -0.58980000 0.00000000 0.80750000
vn -0.68990000 0.00000000 0.72390000
vn -0.63670000 0.00000000 0.77110000
vn -0.51720000 0.00000000 0.85590000
vn -0.81130000 -0.00000000 0.58460000
vn -0.75210000 0.00000000 0.65910000
vn -0.76350000 0.00000000 0.64580000
vn -0.69730000 -0.00000000 0.71680000
vn -0.86060000 0.00000000 0.50930000
vn -0.81050000 -0.00000000 0.58570000
vn -0.90730000 0.00000000 0.42050000
vn -0.88750000 0.00000000 0.46080000
vn -0.95730000 -0.00000000 0.28900000
vn -0.93800000 0.00000000 0.34680000
vn -0.92370000 0.00000000 0.38320000
vn -0.97240000 -0.00000000 0.23350000
vn -0.95700000 0.00000000 0.28990000
vn -0.98860000 0.00000000 0.15080000
vn -0.98050000 -0.00010000 0.19660000
vn -0.99530000 -0.00000000 0.09640000
vn -0.99820000 -0.00000000 0.06000000
vn -0.99990000 -0.00000000 0.01230000
vn 0.91610000 -0.39200000 -0.08420000
vn 0.89560000 -0.37840000 -0.23410000
vn 0.98920000 -0.03410000 -0.14240000
vn 0.63700000 -0.76090000 -0.12320000
vn 0.74720000 -0.37790000 0.54670000
vn 0.80730000 -0.38760000 0.44510000
vn 0.83920000 0.01130000 0.54370000
vn 0.52590000 -0.77890000 0.34170000
vn 0.71040000 -0.36490000 0.60180000
vn 0.60900000 -0.42360000 0.67060000
vn 0.46610000 -0.77450000 0.42760000
vn 0.71760000 0.05130000 0.69460000
vn 0.52990000 -0.36160000 0.76710000
vn 0.33970000 -0.83170000 0.43930000
vn 0.41890000 -0.37790000 0.82560000
vn 0.31910000 -0.36880000 0.87310000
vn 0.24130000 -0.78480000 0.57090000
vn 0.21790000 -0.00470000 0.97600000
vn 0.14080000 -0.41490000 0.89890000
vn 0.25310000 -0.38170000 0.88900000
vn 0.39700000 0.00120000 0.91780000
vn 0.62120000 0.02620000 0.78320000
vn 0.00240000 -0.34980000 0.93680000
vn 0.04250000 -0.78150000 0.62240000
vn 0.08700000 0.04400000 0.99520000
vn -0.53780000 -0.38320000 0.75100000
vn -0.62910000 -0.41830000 0.65510000
vn -0.39330000 -0.78730000 0.47480000
vn -0.63940000 0.00580000 0.76880000
vn -0.86970000 -0.37550000 0.32020000
vn -0.89660000 -0.38640000 0.21620000
vn -0.56520000 -0.80820000 0.16540000
vn -0.95700000 0.00510000 0.28990000
vn 0.59280000 -0.70690000 0.38580000
vn 0.62260000 -0.70710000 0.33510000
vn 0.59420000 -0.70710000 0.38350000
vn 0.64850000 -0.70720000 0.28170000
vn 0.61960000 -0.70690000 0.34120000
vn 0.55950000 -0.70720000 0.43230000
vn 0.38360000 -0.70720000 0.59390000
vn 0.43490000 -0.70690000 0.55780000
vn 0.43070000 -0.70710000 0.56090000
vn 0.47810000 -0.70720000 0.52080000
vn 0.52060000 -0.70710000 0.47850000
vn 0.52080000 -0.70700000 0.47840000
vn 0.29060000 -0.70680000 0.64500000
vn 0.33120000 -0.70720000 0.62470000
vn 0.27630000 -0.70700000 0.65100000
vn -0.35460000 -0.70710000 0.61180000
vn -0.30210000 -0.70720000 0.63930000
vn -0.35690000 -0.70690000 0.61060000
vn -0.40520000 -0.70720000 0.57940000
vn -0.53560000 -0.70710000 0.46160000
vn -0.49470000 -0.70710000 0.50520000
vn -0.48780000 -0.70690000 0.51230000
vn -0.44540000 -0.70700000 0.54930000
vn -0.44950000 -0.70710000 0.54590000
vn -0.63420000 -0.70720000 0.31260000
vn -0.60380000 -0.70700000 0.36810000
vn -0.60860000 -0.70700000 0.36020000
vn -0.69290000 -0.70710000 0.14100000
vn -0.68120000 -0.70680000 0.19070000
vn -0.67880000 -0.70700000 0.19830000
vn -0.65890000 -0.70720000 0.25640000
vn 0.70690000 -0.70720000 -0.01080000
vn 0.70720000 -0.70690000 -0.01520000
vn 0.70640000 -0.70700000 0.03490000
vn 0.70530000 -0.70720000 0.04970000
vn 0.70190000 -0.70700000 0.08660000
vn 0.69850000 -0.70720000 0.10930000
vn 0.69490000 -0.70700000 0.13140000
vn 0.68680000 -0.70720000 0.16800000
vn 0.68330000 -0.70690000 0.18270000
vn 0.70420000 -0.70710000 -0.06500000
vn 0.66550000 -0.70700000 0.23940000
vn 0.67000000 -0.70720000 0.22580000
vn 0.64160000 -0.70690000 0.29780000
vn 0.69500000 -0.70720000 -0.13000000
vn 0.68440000 -0.70710000 -0.17810000
vn 0.69500000 -0.70700000 -0.13110000
vn 0.57080000 -0.70700000 0.41760000
vn 0.53990000 -0.70690000 0.45700000
vn 0.40180000 -0.70700000 0.58200000
vn 0.36000000 -0.70700000 0.60870000
vn 0.32050000 -0.70690000 0.63050000
vn 0.47530000 -0.70680000 0.52400000
vn 0.22090000 -0.70720000 0.67160000
vn 0.24210000 -0.70690000 0.66460000
vn 0.19300000 -0.70700000 0.68040000
vn 0.16410000 -0.70720000 0.68770000
vn 0.10920000 -0.70670000 0.69900000
vn 0.10690000 -0.70720000 0.69890000
vn 0.69100000 -0.70700000 -0.15060000
vn 0.68160000 -0.70710000 -0.18830000
vn 0.70340000 -0.70670000 -0.07640000
vn 0.70280000 -0.70700000 0.07920000
vn 0.69180000 -0.70690000 0.14730000
vn 0.70720000 -0.70690000 0.01340000
vn 0.65480000 -0.70700000 0.26720000
vn 0.63310000 -0.70700000 0.31500000
vn 0.67440000 -0.70700000 0.21320000
vn 0.54820000 -0.70700000 0.44680000
vn 0.49230000 -0.70680000 0.50800000
vn 0.37230000 -0.70690000 0.60140000
vn 0.23910000 -0.70690000 0.66560000
vn 0.18460000 -0.70700000 0.68270000
vn 0.13350000 -0.70700000 0.69450000
vn 0.04840000 -0.70700000 0.70550000
vn -0.01080000 -0.70720000 0.70700000
vn 0.00250000 -0.70700000 0.70720000
vn -0.06690000 -0.70700000 0.70400000
vn -0.13060000 -0.70720000 0.69490000
vn -0.11740000 -0.70700000 0.69740000
vn -0.16850000 -0.70700000 0.68690000
vn -0.18910000 -0.70720000 0.68130000
vn -0.21330000 -0.70700000 0.67430000
vn -0.24650000 -0.70720000 0.66270000
vn -0.25960000 -0.70690000 0.65790000
vn -0.30270000 -0.70690000 0.63920000
vn -0.41300000 -0.70700000 0.57420000
vn -0.64180000 -0.70680000 0.29750000
vn -0.66330000 -0.70700000 0.24530000
vn -0.57270000 -0.70720000 0.41470000
vn -0.53190000 -0.70690000 0.46630000
vn -0.57400000 -0.70680000 0.41350000
vn -0.68770000 -0.70690000 0.16520000
vn -0.69910000 -0.70700000 0.10660000
vn -0.70200000 -0.70720000 0.08400000
vn -0.70580000 -0.70710000 0.04250000
vn 0.05590000 -0.70700000 0.70500000
vn 0.00180000 -0.70700000 0.70720000
vn -0.06930000 -0.70680000 0.70410000
vn -0.14520000 -0.70690000 0.69220000
vn -0.22170000 -0.70690000 0.67170000
vn -0.29680000 -0.70680000 0.64220000
vn -0.37860000 -0.70690000 0.59750000
vn -0.48190000 -0.70690000 0.51780000
vn -0.52980000 -0.70690000 0.46860000
vn -0.57030000 -0.70690000 0.41840000
vn -0.63730000 -0.70680000 0.30710000
vn -0.66310000 -0.70700000 0.24580000
vn -0.69940000 -0.70700000 0.10540000
vn -0.70620000 -0.70710000 0.03600000
vn 0.55470000 0.70710000 0.43850000
vn 0.59400000 0.70700000 0.38380000
vn 0.59310000 0.70710000 0.38510000
vn -0.54010000 0.70680000 0.45690000
vn -0.49310000 0.70690000 0.50710000
vn -0.54400000 0.70710000 0.45180000
vn -0.58390000 0.70720000 0.39880000
vn 0.69650000 0.70710000 -0.12220000
vn 0.68180000 0.70710000 -0.18740000
vn 0.70470000 0.70710000 -0.05790000
vn 0.70300000 0.70710000 0.07590000
vn 0.70700000 0.70710000 0.00760000
vn 0.67720000 0.70650000 -0.20550000
vn 0.70040000 0.70700000 -0.09800000
vn 0.70300000 0.70710000 0.07590000
vn 0.69240000 0.70720000 0.14310000
vn 0.67610000 0.70720000 0.20690000
vn 0.70620000 0.70700000 0.03820000
vn 0.62600000 0.70710000 0.32890000
vn 0.70680000 0.70690000 -0.02760000
vn 0.68960000 0.70690000 -0.15720000
vn 0.70090000 0.70690000 0.09500000
vn 0.62590000 0.70710000 0.32900000
vn 0.65420000 0.70710000 0.26820000
vn 0.46320000 0.70710000 0.53420000
vn 0.51270000 0.70710000 0.48700000
vn 0.41020000 0.70720000 0.57590000
vn 0.46320000 0.70710000 0.53420000
vn 0.23350000 0.70710000 0.66750000
vn 0.35490000 0.70720000 0.61150000
vn 0.23010000 0.70690000 0.66880000
vn 0.29580000 0.70710000 0.64220000
vn 0.16950000 0.70710000 0.68640000
vn 0.68950000 0.70690000 0.15780000
vn 0.67030000 0.70680000 0.22610000
vn 0.61660000 0.70690000 0.34650000
vn 0.56870000 0.70690000 0.42050000
vn 0.64420000 0.70700000 0.29180000
vn 0.49470000 0.70700000 0.50540000
vn 0.36810000 0.70700000 0.60390000
vn 0.28120000 0.70700000 0.64890000
vn 0.32580000 0.70700000 0.62760000
vn 0.10620000 0.70710000 0.69900000
vn 0.14830000 0.70680000 0.69170000
vn 0.44670000 0.70690000 0.54840000
vn 0.53790000 0.70700000 0.45910000
vn 0.40260000 0.70700000 0.58140000
vn 0.08810000 0.70700000 0.70170000
vn 0.04330000 0.70710000 0.70580000
vn -0.02450000 0.70710000 0.70670000
vn -0.09170000 0.70710000 0.70110000
vn -0.15580000 0.70710000 0.68970000
vn -0.28380000 0.70710000 0.64770000
vn -0.22040000 0.70710000 0.67180000
vn -0.02450000 0.70710000 0.70670000
vn -0.05400000 0.70690000 0.70530000
vn -0.28390000 0.70710000 0.64760000
vn -0.34380000 0.70720000 0.61780000
vn 0.02270000 0.70690000 0.70690000
vn -0.11890000 0.70700000 0.69720000
vn -0.17440000 0.70680000 0.68550000
vn -0.39930000 0.70720000 0.58350000
vn -0.49960000 0.70710000 0.50040000
vn -0.45070000 0.70710000 0.54480000
vn -0.64880000 0.70710000 0.28110000
vn -0.61890000 0.70720000 0.34180000
vn -0.70670000 0.70710000 0.02550000
vn -0.68980000 0.70720000 0.15520000
vn -0.65340000 0.70690000 0.27080000
vn -0.67250000 0.70720000 0.21840000
vn -0.70110000 0.70710000 0.09170000
vn -0.24850000 0.70700000 0.66220000
vn -0.30260000 0.70690000 0.63940000
vn -0.41710000 0.70700000 0.57110000
vn -0.36570000 0.70700000 0.60540000
vn -0.57330000 0.70690000 0.41430000
vn -0.62760000 0.70700000 0.32600000
vn -0.67700000 0.70700000 0.20460000
vn -0.60280000 0.70690000 0.36990000
vn -0.70760000 0.70660000 0.00820000
vn -0.69350000 0.70690000 0.13930000
vn -0.45020000 0.70710000 0.54530000
vn -0.70410000 0.70680000 0.06810000
vn -0.00000000 -1.00000000 0.00000000
vn -0.00000000 -1.00000000 0.00000000
vn -0.00000000 -1.00000000 0.00000000
vn -0.00000000 -1.00000000 0.00000000
vn -0.00000000 -1.00000000 0.00000000
vn -0.00000000 -1.00000000 0.00000000
vn -0.00000000 -1.00000000 0.00000000
vn -0.00000000 -1.00000000 0.00000000
vn -0.00000000 -1.00000000 0.00000000
vn -0.00000000 -1.00000000 0.00000000
vn -0.00000000 -1.00000000 0.00000000
vn -0.00000000 -1.00000000 0.00000000
vn -0.00000000 -1.00000000 0.00000000
vn -0.00000000 -1.00000000 0.00000000
vn -0.00000000 -1.00000000 0.00000000
vn -0.00000000 -1.00000000 0.00000000
vn -0.00000000 -1.00000000 0.00000000
vn -0.00000000 -1.00000000 0.00000000
vn -0.00000000 -1.00000000 0.00000000
vn -0.00000000 -1.00000000 0.00000000
vn -0.00000000 -1.00000000 0.00000000
vn -0.00000000 -1.00000000 0.00000000
vn -0.00000000 -1.00000000 0.00000000
vn -0.00000000 -1.00000000 0.00000000
vn -0.00000000 -1.00000000 0.00000000
vn -0.00000000 -1.00000000 0.00000000
vn -0.00000000 -1.00000000 0.00000000
vn -0.00000000 -1.00000000 0.00000000
vn -0.00000000 -1.00000000 0.00000000
vn -0.00000000 -1.00000000 0.00000000
vn -0.00000000 -1.00000000 0.00000000
vn -0.00000000 -1.00000000 0.00000000
vn -0.00000000 -1.00000000 0.00000000
vn -0.00000000 -1.00000000 0.00000000
vn -0.00000000 -1.00000000 0.00000000
vn -0.00000000 -1.00000000 0.00000000
vn -0.00000000 -1.00000000 0.00000000
vn -0.00000000 -1.00000000 0.00000000
vn -0.00000000 -1.00000000 0.00000000
vn -0.00000000 -1.00000000 0.00000000
vn -0.00000000 -1.00000000 0.00000000
vn -0.00000000 -1.00000000 0.00000000
vn -0.00000000 -1.00000000 0.00000000
vn -0.00000000 -1.00000000 0.00000000
vn -0.00000000 -1.00000000 0.00000000
vn -0.00000000 -1.00000000 0.00000000
vn -0.00000000 -1.00000000 0.00000000
vn -0.00000000 -1.00000000 0.00000000
vn -0.00000000 -1.00000000 0.00000000
vn -0.00000000 -1.00000000 0.00000000
vn -0.00000000 -1.00000000 0.00000000
vn -0.00000000 -1.00000000 0.00000000
vn -0.00000000 -1.00000000 0.00000000
vn -0.00000000 -1.00000000 0.00000000
vn -0.00000000 -1.00000000 0.00000000
vn -0.00000000 -1.00000000 0.00000000
vn -0.00000000 -1.00000000 0.00000000
vn -0.00000000 -1.00000000 0.00000000
vn -0.00000000 -1.00000000 0.00000000
vn -0.00000000 -1.00000000 0.00000000
vn -0.00000000 -1.00000000 0.00000000
vn -0.00000000 -1.00000000 0.00000000
vn -0.00000000 -1.00000000 0.00000000
vn -0.00000000 -1.00000000 0.00000000
vn -0.00000000 -1.00000000 0.00000000
vn 0.89360000 -0.40310000 0.19770000
vn 0.97610000 0.02450000 0.21590000
vn 0.89890000 -0.39050000 0.19880000
vn 0.88310000 -0.42660000 0.19540000
vn 0.69040000 -0.70710000 0.15270000
vn 0.63860000 -0.75640000 0.14130000
vn 0.69040000 -0.70710000 0.15270000
vn -0.89760000 -0.43960000 0.03230000
vn -0.70890000 -0.70490000 0.02550000
vn -0.91550000 -0.40110000 0.03300000
vn -0.99930000 -0.00690000 0.03600000
vn -0.99930000 -0.01410000 0.03600000
vn -0.91560000 -0.40070000 0.03300000
vn -0.71330000 -0.70040000 0.02570000
vn -0.90540000 -0.42330000 0.03260000
vn -0.89450000 -0.39000000 -0.21860000
vn -0.76910000 -0.62500000 -0.13340000
vn -0.91080000 -0.40090000 -0.09840000
vn -0.82580000 -0.39440000 -0.40310000
vn -0.70940000 -0.63980000 -0.29550000
vn -0.86360000 -0.41430000 -0.28730000
vn 0.01350000 -0.39420000 -0.91890000
vn -0.03470000 -0.63930000 -0.76820000
vn -0.10190000 -0.39160000 -0.91450000
vn 0.40030000 -0.40450000 -0.82220000
vn 0.40030000 -0.40450000 -0.82230000
vn 0.28650000 -0.64040000 -0.71260000
vn 0.27820000 -0.39590000 -0.87520000
vn 0.65910000 -0.39650000 -0.63910000
vn 0.51670000 -0.62950000 -0.58030000
vn 0.56780000 -0.39830000 -0.72040000
vn 0.83900000 -0.39630000 -0.37290000
vn 0.68400000 -0.63540000 -0.35830000
vn 0.78430000 -0.39080000 -0.48180000
vn 0.90700000 -0.40390000 -0.11960000
vn 0.75570000 -0.63650000 -0.15410000
vn 0.88300000 -0.40110000 -0.24380000
vn 0.91720000 -0.39830000 0.00300000
vn 0.73780000 -0.67320000 -0.04860000
vn -0.00000000 -1.00000000 0.00000000
vn -0.00000000 -1.00000000 0.00000000
vn -0.00000000 -1.00000000 0.00000000
vn -0.00000000 -1.00000000 0.00000000
vn -0.00000000 -1.00000000 0.00000000
vn -0.00000000 -1.00000000 0.00000000
vn -0.00000000 -1.00000000 0.00000000
vn -0.00000000 -1.00000000 0.00000000
vn -0.00000000 -1.00000000 0.00000000
vn -0.00000000 -1.00000000 0.00000000
vn -0.00000000 -1.00000000 0.00000000
vn -0.00000000 -1.00000000 0.00000000
vn -0.00000000 -1.00000000 0.00000000
vn -0.00000000 -1.00000000 0.00000000
vn -0.00000000 -1.00000000 0.00000000
vn -0.00000000 -1.00000000 0.00000000
vn -0.00000000 -1.00000000 0.00000000
vn -0.00000000 -1.00000000 0.00000000
vn -0.00000000 -1.00000000 0.00000000
vn -0.00000000 -1.00000000 0.00000000
vn -0.00000000 -1.00000000 0.00000000
vn -0.00000000 -1.00000000 0.00000000
vn -0.00000000 -1.00000000 0.00000000
vn -0.00000000 -1.00000000 0.00000000
vn -0.00000000 -1.00000000 0.00000000
vn -0.00000000 -1.00000000 0.00000000
vn -0.00000000 -1.00000000 0.00000000
vn -0.00000000 -1.00000000 0.00000000
vn -0.00000000 -1.00000000 0.00000000
vn -0.00000000 -1.00000000 0.00000000
vn -0.00000000 -1.00000000 0.00000000
vn -0.00000000 -1.00000000 0.00000000
vn -0.00000000 -1.00000000 0.00000000
vn -0.00000000 -1.00000000 0.00000000
vn -0.00000000 -1.00000000 0.00000000
vn -0.00000000 -1.00000000 0.00000000
vn -0.00000000 -1.00000000 0.00000000
vn -0.00000000 -1.00000000 0.00000000
vn -0.00000000 -1.00000000 0.00000000
vn -0.00000000 -1.00000000 0.00000000
vn -0.00000000 -1.00000000 0.00000000
vn -0.00000000 -1.00000000 0.00000000
vn -0.00000000 -1.00000000 0.00000000
vn -0.00000000 -1.00000000 0.00000000
vn -0.00000000 -1.00000000 0.00000000
vn -0.00000000 -1.00000000 0.00000000
vn -0.00000000 -1.00000000 0.00000000
vn -0.00000000 -1.00000000 0.00000000
vn -0.00000000 -1.00000000 0.00000000
vn -0.00000000 -1.00000000 0.00000000
vn -0.00000000 -1.00000000 0.00000000
vn -0.00000000 -1.00000000 0.00000000
vn -0.00000000 -1.00000000 0.00000000
vn -0.00000000 -1.00000000 0.00000000
vn -0.00000000 -1.00000000 0.00000000
vn -0.00000000 -1.00000000 0.00000000
vn -0.00000000 -1.00000000 0.00000000
vn -0.00000000 -1.00000000 0.00000000
vn -0.00000000 -1.00000000 0.00000000
vn -0.00000000 -1.00000000 0.00000000
vn -0.00000000 -1.00000000 0.00000000
vn -0.00000000 -1.00000000 0.00000000
vn -0.00000000 -1.00000000 0.00000000
vn -0.00000000 -1.00000000 0.00000000
vn -0.00000000 -1.00000000 0.00000000
vn -0.00000000 -1.00000000 0.00000000
vn -0.00000000 -1.00000000 0.00000000
vn -0.00000000 -1.00000000 0.00000000
vn -0.00000000 -1.00000000 0.00000000
vn -0.00000000 -1.00000000 0.00000000
vn -0.00000000 -1.00000000 0.00000000
vn -0.00000000 -1.00000000 0.00000000
vn -0.00000000 -1.00000000 0.00000000
vn -0.00000000 -1.00000000 0.00000000
vn -0.00000000 -1.00000000 0.00000000
vn 0.07100000 -0.62210000 -0.77970000
vn 0.07440000 -0.57240000 -0.81660000
vn 0.07310000 -0.59270000 -0.80210000
vn 0.07800000 -0.51040000 -0.85640000
vn 0.07970000 -0.47730000 -0.87510000
vn 0.07670000 -0.53410000 -0.84190000
vn 0.06870000 -0.65360000 -0.75370000
vn 0.06510000 -0.69700000 -0.71420000
vn 0.06780000 -0.66460000 -0.74410000
vn 0.06550000 -0.69240000 -0.71850000
vn 0.06130000 -0.73660000 -0.67360000
vn 0.05490000 -0.79640000 -0.60230000
vn 0.05730000 -0.77560000 -0.62860000
vn 0.04120000 -0.89110000 -0.45190000
vn 0.04680000 -0.85690000 -0.51340000
vn 0.04070000 -0.89360000 -0.44700000
vn 0.04930000 -0.83930000 -0.54150000
vn 0.03330000 -0.93010000 -0.36580000
vn 0.03580000 -0.91870000 -0.39340000
vn 0.02580000 -0.95870000 -0.28330000
vn 0.02320000 -0.96680000 -0.25470000
vn 0.07230000 -0.60320000 -0.79430000
vn 0.01840000 -0.97910000 -0.20240000
vn 0.01250000 -0.99040000 -0.13760000
vn 0.01010000 -0.99370000 -0.11120000
vn 0.00560000 -0.99810000 -0.06120000
vn -0.00120000 -0.99990000 0.01320000
vn 0.00260000 -0.99960000 -0.02820000
vn -0.00980000 -0.99420000 0.10700000
vn 0.00000000 1.00000000 0.00000000
vn 0.00000000 1.00000000 0.00000000
vn 0.00000000 1.00000000 0.00000000
vn 0.00000000 1.00000000 0.00000000
vn 0.00000000 1.00000000 0.00000000
vn 0.00000000 1.00000000 0.00000000
vn 0.00000000 1.00000000 0.00000000
vn 0.00000000 1.00000000 0.00000000
vn 0.00000000 1.00000000 0.00000000
vn 0.00000000 1.00000000 0.00010000
vn 0.00000000 1.00000000 0.00000000
vn 0.00000000 1.00000000 0.00000000
vn 0.00000000 1.00000000 0.00010000
vn 0.00000000 1.00000000 0.00000000
vn 0.00000000 1.00000000 0.00010000
vn 0.00000000 1.00000000 0.00000000
vn 0.00000000 1.00000000 0.00000000
vn 0.00000000 1.00000000 0.00000000
vn 0.00000000 1.00000000 0.00000000
vn 0.00000000 1.00000000 0.00000000
vn 0.00000000 1.00000000 0.00000000
vn 0.00000000 1.00000000 0.00000000
vn 0.00000000 1.00000000 0.00000000
vn 0.00000000 1.00000000 0.00010000
vn 0.00000000 1.00000000 0.00000000
vn 0.00000000 1.00000000 0.00000000
vn 0.00000000 1.00000000 0.00010000
vn 0.00000000 1.00000000 0.00000000
vn 0.00000000 1.00000000 0.00010000
vn 0.00000000 1.00000000 0.00000000
vn 0.81450000 0.00000000 -0.58020000
vn 0.81450000 0.00000000 -0.58020000
vn 0.81450000 0.00000000 -0.58020000
vn -0.95090000 -0.00000000 -0.30950000
vn -0.95090000 -0.00000000 -0.30950000
vn -0.95090000 -0.00000000 -0.30950000
vn -0.00000000 -1.00000000 0.00000000
vn -0.00000000 -1.00000000 0.00010000
vn -0.00000000 -1.00000000 0.00000000
vn -0.00000000 -1.00000000 0.00010000
vn -0.00010000 -1.00000000 -0.00000000
vn -0.00000000 -1.00000000 0.00000000
vn -0.00000000 -1.00000000 0.00010000
vn -0.00010000 -1.00000000 -0.00000000
vn -0.00000000 -1.00000000 0.00010000
vn -0.00010000 -1.00000000 -0.00000000
vn -0.00000000 -1.00000000 0.00010000
vn -0.00000000 -1.00000000 0.00000000
vn -0.00000000 -1.00000000 0.00000000
vn -0.00000000 -1.00000000 0.00000000
vn -0.00000000 -1.00000000 0.00000000
vn -0.00000000 -1.00000000 0.00000000
vn -0.00000000 -1.00000000 0.00000000
vn -0.00000000 -1.00000000 0.00000000
vn -0.00000000 -1.00000000 0.00000000
vn -0.00000000 -1.00000000 0.00000000
vn 0.00000000 -1.00000000 -0.00010000
vn -0.00010000 -1.00000000 -0.00000000
vn -0.00000000 -1.00000000 0.00000000
vn -0.00010000 -1.00000000 -0.00000000
vn 0.00000000 -1.00000000 -0.00010000
vn -0.00000000 -1.00000000 0.00000000
vn -0.00000000 -1.00000000 0.00000000
vn 0.00000000 -1.00000000 -0.00010000
vn -0.00000000 -1.00000000 0.00000000
vn -0.00000000 -1.00000000 0.00000000
vn -0.00010000 -1.00000000 -0.00000000
vn -0.00000000 -1.00000000 0.00000000
vn -0.00000000 -1.00000000 0.00000000
vn 0.00000000 1.00000000 0.00000000
vn 0.00000000 1.00000000 0.00000000
vn 0.00000000 1.00000000 0.00000000
vn 0.00000000 1.00000000 0.00000000
vn 0.00000000 1.00000000 0.00000000
vn 0.00000000 1.00000000 0.00000000
vn 0.00000000 1.00000000 0.00000000
vn 0.00000000 1.00000000 0.00000000
vn 0.00000000 1.00000000 0.00000000
vn 0.00000000 1.00000000 0.00000000
vn 0.00000000 1.00000000 0.00000000
vn 0.00000000 1.00000000 0.00000000
vn 0.00000000 1.00000000 0.00000000
vn 0.00000000 1.00000000 0.00000000
vn 0.00000000 1.00000000 0.00000000
vn 0.00000000 1.00000000 0.00000000
vn 0.00000000 1.00000000 0.00000000
vn 0.00000000 1.00000000 0.00000000
vn 0.00000000 1.00000000 0.00000000
vn 0.00000000 1.00000000 0.00000000
vn 0.00000000 1.00000000 0.00000000
vn 0.00000000 1.00000000 0.00000000
vn 0.00000000 1.00000000 0.00000000
vn 0.00000000 1.00000000 0.00000000
vn 0.00000000 1.00000000 0.00000000
vn 0.00000000 1.00000000 0.00000000
vn 0.00000000 1.00000000 0.00000000
vn 0.00000000 1.00000000 0.00000000
vn 0.00000000 1.00000000 0.00000000
vn 0.00000000 1.00000000 0.00000000
vn 0.00000000 1.00000000 0.00000000
vn 0.00000000 1.00000000 0.00000000
vn 0.00000000 1.00000000 0.00000000
vn 0.00000000 1.00000000 0.00000000
vn 0.00000000 1.00000000 0.00000000
vn 0.00000000 1.00000000 0.00000000
vn 0.70680000 -0.70710000 -0.01830000
vn 0.70660000 -0.70720000 0.02520000
vn 0.70690000 -0.70710000 -0.01810000
vn 0.70360000 -0.70710000 0.06950000
vn 0.70380000 -0.70710000 0.06820000
vn 0.69190000 -0.70710000 -0.14600000
vn 0.69940000 -0.70710000 -0.10380000
vn 0.69200000 -0.70710000 -0.14550000
vn 0.69970000 -0.70710000 -0.10200000
vn 0.70440000 -0.70710000 -0.06200000
vn 0.70450000 -0.70710000 -0.06110000
vn 0.69840000 -0.70710000 0.11080000
vn 0.69030000 -0.70710000 0.15340000
vn 0.70040000 -0.70700000 0.09790000
vn 0.70560000 -0.70720000 0.04600000
vn 0.70670000 -0.70710000 0.02510000
vn 0.70720000 -0.70700000 -0.00640000
vn 0.69040000 -0.70710000 0.15270000
vn 0.70390000 -0.70690000 -0.06920000
vn 0.69400000 -0.70700000 -0.13620000
vn 0.68180000 -0.70710000 -0.18740000
vn 0.68180000 -0.70710000 -0.18740000
vn 0.69340000 -0.70710000 0.13850000
vn 0.69830000 -0.70710000 0.11080000
vn 0.70190000 -0.70710000 0.08550000
vn 0.70590000 -0.70710000 -0.04230000
vn 0.70710000 -0.70710000 0.00490000
vn 0.70580000 -0.70710000 0.04220000
vn 0.70300000 -0.70710000 -0.07640000
vn 0.69800000 -0.70700000 -0.11350000
vn 0.68530000 -0.70690000 -0.17520000
vn 0.68180000 -0.70710000 -0.18740000
vn -0.70670000 -0.70710000 0.02540000
vn -0.70660000 -0.70710000 0.02540000
vn -0.70670000 -0.70710000 0.02510000
vn -0.70660000 -0.70710000 0.02540000
vn -0.70670000 -0.70710000 0.02510000
vn -0.70660000 -0.70710000 0.02540000
vn -0.70670000 -0.70710000 0.02510000
vn -0.70660000 -0.70710000 0.02540000
vn -0.70660000 -0.70710000 0.02550000
vn -0.70670000 -0.70710000 0.02550000
vn -0.70660000 -0.70720000 0.02550000
vn -0.70660000 -0.70710000 0.02550000
vn -0.70650000 -0.70720000 0.02540000
vn -0.70670000 -0.70710000 0.02550000
vn -0.70670000 -0.70710000 0.02550000
vn -0.70660000 -0.70710000 0.02550000
vn -0.70660000 -0.70720000 0.02550000
vn -0.70650000 -0.70730000 0.02540000
vn -0.70650000 -0.70720000 0.02540000
vn -0.70650000 -0.70730000 0.02540000
vn -0.70680000 -0.70700000 0.02540000
vn -0.70650000 -0.70730000 0.02540000
vn -0.70670000 -0.70710000 0.02540000
vn -0.70680000 -0.70700000 0.02540000
vn -0.70650000 -0.70720000 0.02540000
vn -0.70670000 -0.70710000 0.02550000
vn -0.70670000 -0.70710000 0.02550000
vn -0.70660000 -0.70720000 0.02550000
vn -0.70690000 -0.70690000 0.02550000
vn -0.70670000 -0.70710000 0.02550000
vn -0.70650000 -0.70720000 0.02550000
vn -0.70650000 -0.70720000 0.02550000
vn -0.70670000 -0.70710000 0.02550000
vn -0.70660000 -0.70720000 0.02550000
vn -0.70670000 -0.70710000 0.02550000
vn -0.70690000 -0.70690000 0.02550000
vn -0.70660000 -0.70720000 0.02550000
vn -0.70670000 -0.70710000 0.02540000
vn -0.70660000 -0.70710000 0.02540000
vn -0.70680000 -0.70700000 0.02540000
vn -0.70660000 -0.70710000 0.02540000
vn -0.70690000 -0.70690000 0.02550000
vn -0.70650000 -0.70720000 0.02550000
vn -0.70660000 -0.70720000 0.02550000
vn -0.70630000 -0.70740000 0.02500000
vn -0.70660000 -0.70720000 0.02550000
vn -0.70670000 -0.70710000 0.02550000
vn -0.70670000 -0.70710000 0.02550000
vn -0.70660000 -0.70720000 0.02550000
vn -0.70650000 -0.70720000 0.02540000
vn -0.70660000 -0.70710000 0.02550000
vn -0.70660000 -0.70720000 0.02540000
vn -0.70630000 -0.70740000 0.02500000
vn -0.70660000 -0.70710000 0.02540000
vn -0.70650000 -0.70720000 0.02540000
vn -0.70670000 -0.70710000 0.02550000
vn -0.70660000 -0.70720000 0.02540000
vn -0.70630000 -0.70740000 0.02500000
vn -0.70660000 -0.70720000 0.02540000
vn -0.70660000 -0.70710000 0.02540000
vn -0.70660000 -0.70710000 0.02540000
vn -0.70660000 -0.70710000 0.02540000
vn -0.70660000 -0.70710000 0.02550000
vn -0.70650000 -0.70720000 0.02540000
vn -0.70660000 -0.70710000 0.02550000
vn -0.70660000 -0.70710000 0.02550000
vn -0.70660000 -0.70710000 0.02550000
vn -0.00000000 -1.00000000 0.00000000
vn -0.00010000 -1.00000000 -0.00010000
vn -0.00000000 -1.00000000 0.00010000
vn -0.00010000 -1.00000000 -0.00000000
vn -0.00010000 -1.00000000 -0.00010000
vn 0.00000000 -1.00000000 -0.00010000
vn -0.00000000 -1.00000000 0.00000000
vn -0.00000000 -1.00000000 0.00010000
vn -0.00010000 -1.00000000 -0.00000000
vn 0.00000000 -1.00000000 -0.00010000
vn -0.00000000 -1.00000000 0.00000000
vn -0.00000000 -1.00000000 0.00000000
vn -0.00000000 -1.00000000 0.00000000
vn 0.00020000 -1.00000000 0.00010000
vn -0.00000000 -1.00000000 0.00000000
vn 0.00020000 -1.00000000 0.00010000
vn 0.00000000 -1.00000000 -0.00010000
vn -0.00010000 -1.00000000 -0.00010000
vn -0.00000000 -1.00000000 0.00000000
vn 0.00000000 -1.00000000 -0.00010000
vn -0.00000000 -1.00000000 0.00000000
vn -0.00000000 -1.00000000 0.00000000
vn 0.00020000 -1.00000000 -0.00000000
vn -0.00000000 -1.00000000 0.00010000
vn -0.00000000 -1.00000000 0.00000000
vn -0.00000000 -1.00000000 0.00010000
vn -0.00000000 -1.00000000 0.00000000
vn -0.00000000 -1.00000000 0.00000000
vn -0.00000000 -1.00000000 0.00000000
vn -0.00000000 -1.00000000 0.00000000
vn -0.00010000 -1.00000000 -0.00000000
vn -0.00000000 -1.00000000 0.00000000
vn -0.00000000 -1.00000000 0.00000000
vn 0.00020000 -1.00000000 -0.00000000
vn -0.00000000 -1.00000000 0.00010000
vn -0.00010000 -1.00000000 -0.00000000
vn 0.00020000 -1.00000000 -0.00000000
vn -0.00000000 -1.00000000 0.00010000
vn 0.00010000 -1.00000000 -0.00000000
vn -0.00000000 -1.00000000 0.00000000
vn -0.00000000 -1.00000000 0.00000000
vn 0.00020000 -1.00000000 0.00010000
vn -0.00000000 -1.00000000 0.00000000
vn 0.00010000 -1.00000000 -0.00000000
vn -0.00000000 -1.00000000 0.00000000
vn -0.00000000 -1.00000000 0.00000000
vn -0.00000000 -1.00000000 0.00000000
vn -0.00000000 -1.00000000 0.00010000
vn -0.00000000 -1.00000000 0.00000000
vn 0.00010000 -1.00000000 -0.00000000
vn -0.00000000 -1.00000000 0.00010000
vn -0.00000000 -1.00000000 0.00000000
vn -0.00000000 -1.00000000 0.00000000
vn -0.00000000 -1.00000000 0.00010000
vn -0.00000000 -1.00000000 0.00000000
vn -0.00000000 -1.00000000 0.00000000
vn -0.00000000 -1.00000000 0.00000000
vn -0.00000000 -1.00000000 0.00000000
vn -0.00000000 -1.00000000 0.00000000
vn 0.00010000 -1.00000000 -0.00000000
vn -0.00000000 -1.00000000 0.00000000
vn 0.00010000 -1.00000000 -0.00000000
vn -0.00000000 -1.00000000 0.00000000
vn -0.00010000 -1.00000000 -0.00000000
vn -0.00010000 -1.00000000 -0.00000000
vn 0.00010000 -1.00000000 -0.00000000
vn -0.00000000 -1.00000000 0.00010000
vn -0.00000000 -1.00000000 0.00000000
vn -0.00000000 -1.00000000 0.00000000
vn 0.00020000 -1.00000000 0.00010000
vn -0.00000000 -1.00000000 0.00010000
vn -0.00000000 -1.00000000 0.00000000
vn -0.00010000 -1.00000000 -0.00000000
vn -0.00010000 -1.00000000 -0.00000000
vn -0.00000000 -1.00000000 0.00010000
vn -0.00000000 -1.00000000 0.00000000
vn -0.00000000 -1.00000000 0.00000000
vn 0.00020000 -1.00000000 -0.00000000
vn -0.00000000 -1.00000000 0.00000000
vn -0.00010000 -1.00000000 -0.00000000
vn -0.00000000 -1.00000000 0.00000000
vn 0.00020000 -1.00000000 -0.00000000
vn -0.00000000 -1.00000000 0.00000000
vn -0.00000000 -1.00000000 0.00000000
vn -0.00010000 -1.00000000 -0.00000000
vn 0.00020000 -1.00000000 -0.00000000
vn -0.00000000 -1.00000000 0.00000000
vn -0.00010000 -1.00000000 -0.00000000
vn 0.00020000 -1.00000000 -0.00000000
vn 0.00010000 -1.00000000 -0.00000000
vn -0.00000000 -1.00000000 0.00010000
vn -0.00000000 -1.00000000 0.00000000
vn 0.00020000 -1.00000000 -0.00000000
vn -0.00000000 -1.00000000 0.00010000
vn -0.00000000 -1.00000000 0.00000000
vn -0.00000000 -1.00000000 0.00000000
vn -0.00000000 -1.00000000 0.00000000
vn -0.00000000 -1.00000000 0.00000000
vn 0.00020000 -1.00000000 -0.00010000
vn -0.00030000 -1.00000000 0.00030000
vn -0.00000000 -1.00000000 0.00000000
vn -0.00000000 -1.00000000 0.00000000
vn -0.00000000 -1.00000000 0.00000000
vn -0.00000000 -1.00000000 0.00000000
vn -0.00000000 -1.00000000 0.00010000
vn -0.00000000 -1.00000000 0.00000000
vn -0.00000000 -1.00000000 0.00010000
vn -0.00000000 -1.00000000 0.00000000
vn -0.00000000 -1.00000000 0.00000000
vn -0.00000000 -1.00000000 0.00000000
vn -0.00000000 -1.00000000 0.00000000
vn -0.00000000 -1.00000000 0.00000000
vn -0.00000000 -1.00000000 0.00000000
vn -0.00000000 -1.00000000 0.00000000
vn -0.00000000 -1.00000000 0.00000000
vn -0.00000000 -1.00000000 0.00000000
vn -0.00000000 -1.00000000 0.00000000
vn -0.00000000 -1.00000000 0.00000000
vn -0.00000000 -1.00000000 0.00000000
vn -0.00000000 -1.00000000 0.00000000
vn -0.00000000 -1.00000000 0.00010000
vn -0.00000000 -1.00000000 0.00010000
vn -0.00000000 -1.00000000 0.00000000
vn -0.00010000 -1.00000000 -0.00000000
vn -0.00000000 -1.00000000 0.00000000
vn -0.00010000 -1.00000000 -0.00010000
vn 0.00010000 -1.00000000 -0.00010000
vn -0.00000000 -1.00000000 0.00000000
vn 0.00010000 -1.00000000 -0.00000000
vn -0.00000000 -1.00000000 0.00000000
vn -0.00000000 -1.00000000 0.00000000
vn 0.00010000 -1.00000000 0.00010000
vn 0.00020000 -1.00000000 -0.00000000
vn -0.00010000 -1.00000000 0.00010000
vn 0.00010000 -1.00000000 0.00010000
vn -0.00000000 -1.00000000 0.00000000
vn -0.00010000 -1.00000000 0.00010000
vn 0.00010000 -1.00000000 0.00010000
vn -0.00000000 -1.00000000 0.00000000
vn -0.00010000 -1.00000000 -0.00010000
vn -0.00000000 -1.00000000 0.00010000
vn 0.00020000 -1.00000000 0.00010000
vn -0.00000000 -1.00000000 0.00000000
vn -0.00010000 -1.00000000 -0.00010000
vn -0.00010000 -1.00000000 -0.00010000
vn -0.00000000 -1.00000000 0.00000000
vn 0.00020000 -1.00000000 0.00010000
vn -0.00000000 -1.00000000 0.00000000
vn -0.00000000 -1.00000000 0.00000000
vn -0.00000000 -1.00000000 0.00000000
vn -0.00000000 -1.00000000 0.00000000
vn -0.00000000 -1.00000000 0.00000000
vn -0.00000000 -1.00000000 0.00000000
vn -0.00000000 -1.00000000 0.00000000
vn -0.00000000 -1.00000000 0.00000000
vn -0.00000000 -1.00000000 0.00000000
vn 0.00020000 -1.00000000 -0.00010000
vn 0.00030000 -1.00000000 -0.00010000
vn -0.00000000 -1.00000000 0.00000000
vn 0.00020000 -1.00000000 -0.00010000
vn -0.00020000 -1.00000000 -0.00010000
vn -0.00000000 -1.00000000 0.00000000
vn 0.00020000 -1.00000000 -0.00010000
vn -0.00030000 -1.00000000 0.00030000
vn -0.00010000 -1.00000000 0.00010000
vn 0.00020000 -1.00000000 -0.00000000
vn -0.00000000 -1.00000000 0.00000000
vn 0.00020000 -1.00000000 -0.00010000
vn -0.00000000 -1.00000000 0.00000000
vn -0.00010000 -1.00000000 0.00010000
vn 0.00020000 -1.00000000 -0.00000000
vn -0.00000000 -1.00000000 0.00000000
vn -0.00010000 -1.00000000 -0.00000000
vn -0.00020000 -1.00000000 -0.00010000
vn -0.00000000 -1.00000000 0.00000000
vn 0.00010000 -1.00000000 -0.00000000
vn -0.00020000 -1.00000000 -0.00010000
vn -0.00000000 -1.00000000 0.00000000
vn -0.00010000 -1.00000000 -0.00000000
vn -0.00010000 -1.00000000 -0.00000000
vn -0.00000000 -1.00000000 0.00000000
vn -0.00000000 -1.00000000 0.00000000
vn -0.00000000 -1.00000000 0.00000000
vn -0.00010000 -1.00000000 -0.00000000
vn -0.00000000 -1.00000000 0.00000000
vn -0.00000000 -1.00000000 0.00000000
vn -0.00000000 -1.00000000 0.00000000
vn -0.00000000 -1.00000000 0.00000000
vn -0.00000000 -1.00000000 0.00000000
vn -0.00000000 -1.00000000 0.00000000
vn -0.00000000 -1.00000000 0.00000000
vn -0.00000000 -1.00000000 0.00000000
vn -0.00010000 -1.00000000 0.00010000
vn -0.00010000 -1.00000000 0.00010000
vn -0.00000000 -1.00000000 0.00000000
vn -0.00030000 -1.00000000 0.00030000
vn -0.00010000 -1.00000000 0.00010000
vn 0.00010000 -1.00000000 -0.00000000
vn -0.00000000 -1.00000000 0.00000000
vn 0.00030000 -1.00000000 -0.00010000
vn -0.00000000 -1.00000000 0.00000000
vn -0.00000000 -1.00000000 0.00000000
vn -0.00000000 -1.00000000 0.00000000
vn -0.00000000 -1.00000000 0.00000000
vn -0.00000000 -1.00000000 0.00000000
vn -0.00000000 -1.00000000 0.00000000
vn -0.00000000 -1.00000000 0.00000000
vn 0.00010000 -1.00000000 -0.00000000
vn -0.00000000 -1.00000000 0.00000000
vn -0.00010000 -1.00000000 -0.00000000
vn -0.00000000 -1.00000000 0.00010000
vn -0.00000000 -1.00000000 0.00000000
vn 0.00030000 -1.00000000 -0.00010000
vn -0.00000000 -1.00000000 0.00000000
vn 0.00010000 -1.00000000 0.00010000
vn -0.00000000 -1.00000000 0.00000000
vn -0.00000000 -1.00000000 0.00000000
vn -0.00000000 -1.00000000 0.00010000
vn -0.00000000 -1.00000000 0.00000000
vn -0.00000000 -1.00000000 0.00000000
vn -0.00010000 -1.00000000 -0.00000000
vn -0.00010000 -1.00000000 -0.00010000
vn -0.00000000 -1.00000000 0.00000000
vn -0.00000000 -1.00000000 0.00010000
vn -0.00000000 -1.00000000 0.00000000
vn 0.00010000 -1.00000000 -0.00000000
vn -0.00000000 -1.00000000 0.00000000
vn -0.00000000 -1.00000000 0.00000000
vn -0.00000000 -1.00000000 0.00000000
vn -0.00010000 -1.00000000 -0.00000000
vn -0.00000000 -1.00000000 0.00000000
vn -0.00010000 -1.00000000 -0.00000000
vn 0.00000000 -1.00000000 -0.00010000
vn 0.00010000 -1.00000000 -0.00010000
vn -0.00000000 -1.00000000 0.00000000
vn 0.00010000 -1.00000000 -0.00010000
vn 0.00010000 -1.00000000 -0.00010000
vn -0.00000000 -1.00000000 0.00000000
vn -0.00000000 -1.00000000 0.00000000
vn -0.00000000 -1.00000000 0.00000000
vn -0.00000000 -1.00000000 0.00000000
vn -0.00010000 -1.00000000 -0.00000000
vn -0.00000000 -1.00000000 0.00000000
vn 0.00000000 -1.00000000 -0.00010000
vn -0.00010000 -1.00000000 -0.00000000
vn -0.00000000 -1.00000000 0.00000000
vn -0.00000000 -1.00000000 0.00000000
vn -0.00000000 -1.00000000 0.00000000
vn -0.00000000 -1.00000000 0.00000000
vn -0.00000000 -1.00000000 0.00000000
vn -0.00000000 -1.00000000 0.00000000
vn -0.00000000 -1.00000000 0.00000000
vn -0.00000000 -1.00000000 0.00000000
vn -0.00000000 -1.00000000 0.00000000
vn -0.00000000 -1.00000000 0.00000000
vn -0.00000000 -1.00000000 0.00010000
vn 0.00010000 -1.00000000 -0.00000000
vn -0.00000000 -1.00000000 0.00000000
vn -0.00000000 -1.00000000 0.00010000
vn 0.00010000 -1.00000000 -0.00000000
vn -0.00000000 -1.00000000 0.00000000
vn -0.00000000 -1.00000000 0.00010000
vn -0.00000000 -1.00000000 0.00000000
vn -0.00000000 -1.00000000 0.00000000
vn -0.00000000 -1.00000000 0.00000000
vn -0.00000000 -1.00000000 0.00000000
vn -0.00000000 -1.00000000 0.00000000
vn -0.00000000 -1.00000000 0.00000000
vn -0.00000000 -1.00000000 0.00000000
vn -0.00000000 -1.00000000 0.00000000
vn -0.00000000 -1.00000000 0.00000000
vn -0.00000000 -1.00000000 0.00000000
vn -0.00000000 -1.00000000 0.00000000
vn -0.00000000 -1.00000000 0.00000000
vn -0.00000000 -1.00000000 0.00000000
vn -0.00010000 -1.00000000 0.00010000
vn -0.00010000 -1.00000000 -0.00000000
vn -0.00000000 -1.00000000 0.00000000
vn -0.00000000 -1.00000000 0.00000000
vn -0.00000000 -1.00000000 0.00000000
vn -0.00010000 -1.00000000 0.00010000
vn -0.00000000 -1.00000000 0.00010000
vn -0.00000000 -1.00000000 0.00000000
vn 0.00010000 -1.00000000 -0.00010000
vn -0.00000000 -1.00000000 0.00000000
vn -0.00010000 -1.00000000 -0.00000000
vn 0.00000000 -1.00000000 -0.00010000
vn -0.00010000 -1.00000000 -0.00000000
vn 0.00010000 -1.00000000 -0.00010000
vn -0.00000000 -1.00000000 0.00010000
vn -0.00010000 -1.00000000 -0.00010000
vn -0.00000000 -1.00000000 0.00000000
vn 0.00010000 -1.00000000 -0.00000000
vn -0.00000000 -1.00000000 0.00000000
vn -0.00000000 -1.00000000 0.00000000
vn -0.00000000 -1.00000000 0.00000000
vn -0.00000000 -1.00000000 0.00000000
vn -0.00000000 -1.00000000 0.00000000
vn -0.00000000 -1.00000000 0.00000000
vn -0.00000000 -1.00000000 0.00000000
vn -0.00000000 -1.00000000 0.00000000
vn -0.00000000 -1.00000000 0.00000000
vn -0.00000000 -1.00000000 0.00000000
vn -0.00000000 -1.00000000 0.00000000
vn -0.00000000 -1.00000000 0.00000000
vn -0.00000000 -1.00000000 0.00000000
vn -0.00000000 -1.00000000 0.00000000
vn -0.00000000 -1.00000000 0.00000000
vn -0.00000000 -1.00000000 0.00000000
vn -0.00000000 -1.00000000 0.00000000
vn -0.00000000 -1.00000000 0.00000000
vn -0.00000000 -1.00000000 0.00000000
vn -0.00000000 -1.00000000 0.00000000
vn -0.00000000 -1.00000000 0.00010000
vn -0.00000000 -1.00000000 0.00000000
vn -0.00000000 -1.00000000 0.00000000
vn 0.00010000 -1.00000000 0.00010000
vn -0.00000000 -1.00000000 0.00000000
vn 0.00010000 -1.00000000 0.00010000
vn -0.00000000 -1.00000000 0.00000000
vn -0.00000000 -1.00000000 0.00000000
vn -0.00000000 -1.00000000 0.00010000
vn -0.00000000 -1.00000000 0.00000000
vn -0.00000000 -1.00000000 0.00000000
vn -0.00000000 -1.00000000 0.00000000
vn -0.00000000 -1.00000000 0.00000000
vn -0.00010000 -1.00000000 0.00010000
vn -0.00010000 -1.00000000 -0.00000000
vn 0.00010000 -1.00000000 -0.00000000
vn -0.00010000 -1.00000000 0.00020000
vn -0.00010000 -1.00000000 -0.00000000
vn 0.00010000 -1.00000000 -0.00000000
vn 0.00020000 -1.00000000 0.00030000
vn 0.00010000 -1.00000000 -0.00000000
vn -0.00010000 -1.00000000 0.00020000
vn -0.00010000 -1.00000000 0.00020000
vn 0.00020000 -1.00000000 0.00030000
vn 0.00020000 -1.00000000 0.00030000
vn -0.00000000 -1.00000000 0.00000000
vn 0.00010000 -1.00000000 0.00030000
vn -0.00000000 -1.00000000 0.00000000
vn 0.00010000 -1.00000000 0.00030000
vn -0.00000000 -1.00000000 0.00000000
vn 0.00020000 -1.00000000 -0.00010000
vn -0.00000000 -1.00000000 0.00000000
vn 0.00010000 -1.00000000 0.00030000
vn -0.00000000 -1.00000000 0.00000000
vn 0.00020000 -1.00000000 -0.00010000
vn -0.00000000 -1.00000000 0.00000000
vn 0.00020000 -1.00000000 -0.00010000
vn -0.00000000 -1.00000000 0.00000000
vn -0.00000000 -1.00000000 0.00010000
vn -0.00000000 -1.00000000 0.00010000
vn -0.00000000 -1.00000000 0.00010000
vn -0.00000000 -1.00000000 0.00000000
vn -0.00000000 -1.00000000 0.00000000
vn -0.00000000 -1.00000000 0.00000000
vn 0.73340000 -0.67250000 -0.09870000
vn 0.90620000 -0.37900000 -0.18750000
vn 0.91730000 -0.39590000 -0.04200000
vn 0.28300000 -0.63630000 0.71760000
vn 0.41990000 -0.41200000 0.80870000
vn 0.27940000 -0.40440000 0.87080000
vn 0.27940000 -0.40450000 0.87080000
vn 0.17090000 -0.69650000 0.69690000
vn 0.13540000 -0.41180000 0.90120000
vn -0.46300000 -0.78810000 0.40570000
vn -0.65070000 -0.40080000 0.64500000
vn -0.72980000 -0.39720000 0.55650000
vn -0.83880000 -0.39860000 0.37090000
vn -0.66120000 -0.66040000 0.35590000
vn -0.77050000 -0.39200000 0.50270000
vn 0.69670000 -0.70930000 -0.10740000
vn 0.69260000 -0.70710000 -0.14250000
vn 0.70020000 -0.70750000 -0.09610000
vn 0.68930000 -0.70790000 -0.15440000
vn 0.70420000 -0.70790000 -0.05440000
vn 0.70240000 -0.70780000 -0.07580000
vn 0.70800000 -0.70620000 0.00270000
vn 0.70550000 -0.70680000 -0.05200000
vn 0.70680000 -0.70700000 -0.02460000
vn 0.70150000 -0.70610000 -0.09640000
vn 0.69740000 -0.70870000 -0.10650000
vn 0.69240000 -0.70810000 -0.13860000
vn 0.69200000 -0.70660000 -0.14800000
vn 0.68180000 -0.70710000 -0.18770000
vn 0.68180000 -0.70710000 -0.18740000
vn 0.70670000 -0.70680000 -0.03290000
vn 0.68170000 -0.70710000 -0.18790000
vn -0.71180000 -0.68620000 0.14970000
vn -0.40790000 -0.91180000 0.04640000
vn -0.46780000 -0.87350000 0.13460000
vn -0.45720000 -0.87000000 0.18480000
vn 0.00860000 -1.00000000 -0.00110000
vn -0.30340000 -0.93820000 0.16630000
vn -0.00000000 -1.00000000 0.00000000
vn -0.43440000 -0.85340000 0.28820000
vn -0.38580000 -0.86920000 0.30920000
vn -0.37090000 -0.85320000 0.36680000
vn 0.00540000 -1.00000000 -0.00620000
vn -0.31710000 -0.86970000 0.37820000
vn -0.29020000 -0.85480000 0.43020000
vn -0.00290000 -1.00000000 0.00430000
vn -0.17390000 -0.93490000 0.30930000
vn -0.14630000 -0.98900000 0.02080000
vn 0.00190000 -0.86080000 0.50890000
vn -0.04910000 -0.85810000 0.51110000
vn -0.00160000 -0.99650000 -0.08340000
vn 0.05150000 -0.85510000 0.51580000
vn 0.19390000 -0.86880000 0.45560000
vn 0.14970000 -0.86100000 0.48620000
vn -0.00460000 -0.99990000 -0.01410000
vn 0.40780000 -0.84760000 0.33960000
vn 0.35250000 -0.86330000 0.36120000
vn 0.27500000 -0.94350000 0.18480000
vn 0.47800000 -0.86560000 0.14910000
vn 0.47740000 -0.85630000 0.19710000
vn 0.13760000 -0.99030000 -0.01810000
vn -0.68810000 -0.70710000 0.16310000
vn -0.69990000 -0.70760000 0.09710000
vn -0.68810000 -0.70700000 0.16330000
vn -0.68810000 -0.70700000 0.16340000
vn -0.69330000 -0.70720000 0.13870000
vn -0.69780000 -0.70740000 0.11260000
vn -0.70320000 -0.70720000 0.07320000
vn -0.70500000 -0.70710000 0.05480000
vn -0.64320000 -0.70710000 0.29380000
vn -0.66880000 -0.70710000 0.22950000
vn -0.64320000 -0.70710000 0.29380000
vn -0.65790000 -0.70700000 0.25930000
vn -0.63370000 -0.70700000 0.31380000
vn -0.64740000 -0.70700000 0.28460000
vn -0.67930000 -0.70710000 0.19650000
vn -0.67330000 -0.70690000 0.21690000
vn -0.57360000 -0.70710000 0.41340000
vn -0.61110000 -0.70710000 0.35580000
vn -0.57340000 -0.70710000 0.41380000
vn -0.61110000 -0.70710000 0.35580000
vn -0.56250000 -0.70700000 0.42860000
vn -0.59250000 -0.70700000 0.38620000
vn -0.60140000 -0.70700000 0.37220000
vn -0.62270000 -0.70700000 0.33510000
vn -0.48140000 -0.70710000 0.51780000
vn -0.53020000 -0.70710000 0.46780000
vn -0.48150000 -0.70710000 0.51790000
vn -0.53020000 -0.70710000 0.46780000
vn -0.50660000 -0.70710000 0.49330000
vn -0.50170000 -0.70700000 0.49840000
vn -0.53300000 -0.70700000 0.46490000
vn -0.46700000 -0.70700000 0.53110000
vn -0.55250000 -0.70710000 0.44130000
vn -0.37130000 -0.70710000 0.60170000
vn -0.42860000 -0.70710000 0.56240000
vn -0.37130000 -0.70700000 0.60190000
vn -0.42860000 -0.70710000 0.56240000
vn -0.42530000 -0.70710000 0.56500000
vn -0.45310000 -0.70690000 0.54310000
vn -0.39100000 -0.70710000 0.58920000
vn -0.25080000 -0.70740000 0.66080000
vn -0.30940000 -0.70720000 0.63570000
vn -0.30880000 -0.70720000 0.63600000
vn -0.24750000 -0.70740000 0.66210000
vn -0.26550000 -0.70750000 0.65490000
vn -0.29120000 -0.70740000 0.64410000
vn -0.34140000 -0.70710000 0.61920000
vn -0.32490000 -0.70700000 0.62820000
vn -0.36490000 -0.70700000 0.60580000
vn -0.11290000 -0.70710000 0.69800000
vn -0.18120000 -0.70720000 0.68340000
vn -0.11280000 -0.70710000 0.69810000
vn -0.18150000 -0.70710000 0.68350000
vn -0.21410000 -0.70710000 0.67390000
vn -0.18780000 -0.70680000 0.68200000
vn -0.14890000 -0.70700000 0.69130000
vn -0.11810000 -0.70700000 0.69730000
vn 0.02520000 -0.70710000 0.70660000
vn -0.04390000 -0.70710000 0.70570000
vn 0.02520000 -0.70700000 0.70670000
vn -0.04390000 -0.70710000 0.70580000
vn 0.00360000 -0.70700000 0.70720000
vn -0.00560000 -0.70710000 0.70710000
vn -0.04420000 -0.70700000 0.70580000
vn -0.07850000 -0.70710000 0.70270000
vn -0.07060000 -0.70700000 0.70370000
vn 0.16280000 -0.70720000 0.68800000
vn 0.09480000 -0.70710000 0.70070000
vn 0.16280000 -0.70710000 0.68810000
vn 0.09480000 -0.70710000 0.70070000
vn 0.07250000 -0.70700000 0.70350000
vn 0.13170000 -0.70710000 0.69480000
vn 0.10450000 -0.70690000 0.69950000
vn 0.04180000 -0.70700000 0.70600000
vn 0.16790000 -0.70700000 0.68700000
vn 0.29410000 -0.70710000 0.64310000
vn 0.22930000 -0.70710000 0.66890000
vn 0.29410000 -0.70700000 0.64320000
vn 0.22920000 -0.70710000 0.66890000
vn 0.21220000 -0.70700000 0.67460000
vn 0.27560000 -0.70700000 0.65130000
vn 0.26040000 -0.70690000 0.65760000
vn 0.41340000 -0.70700000 0.57370000
vn 0.35560000 -0.70710000 0.61120000
vn 0.41320000 -0.70700000 0.57390000
vn 0.35560000 -0.70700000 0.61130000
vn 0.41560000 -0.70690000 0.57230000
vn 0.38380000 -0.70700000 0.59400000
vn 0.37270000 -0.70700000 0.60110000
vn 0.32530000 -0.70710000 0.62790000
vn 0.32550000 -0.70690000 0.62800000
vn 0.51780000 -0.70690000 0.48170000
vn 0.46640000 -0.70780000 0.53060000
vn 0.51800000 -0.70700000 0.48160000
vn 0.51810000 -0.70690000 0.48150000
vn 0.49910000 -0.70700000 0.50110000
vn 0.48270000 -0.70740000 0.51630000
vn 0.44240000 -0.70740000 0.55120000
vn 0.44230000 -0.70740000 0.55130000
vn 0.60170000 -0.70710000 0.37140000
vn 0.56260000 -0.70710000 0.42830000
vn 0.60170000 -0.70700000 0.37150000
vn 0.56270000 -0.70710000 0.42830000
vn 0.54080000 -0.70710000 0.45560000
vn 0.55920000 -0.70680000 0.43320000
vn 0.58360000 -0.70690000 0.39970000
vn 0.60190000 -0.70700000 0.37130000
vn 0.66260000 -0.70710000 0.24680000
vn 0.63510000 -0.70710000 0.31090000
vn 0.66260000 -0.70710000 0.24680000
vn 0.63510000 -0.70710000 0.31090000
vn 0.62760000 -0.70710000 0.32590000
vn 0.61910000 -0.70710000 0.34160000
vn 0.64320000 -0.70700000 0.29400000
vn 0.66040000 -0.70700000 0.25300000
vn 0.69800000 -0.70710000 0.11290000
vn 0.68370000 -0.70710000 0.18050000
vn 0.68380000 -0.70700000 0.18050000
vn 0.67390000 -0.70710000 0.21390000
vn 0.67890000 -0.70690000 0.19820000
vn 0.68540000 -0.70700000 0.17420000
vn 0.69490000 -0.70700000 0.13150000
vn 0.70570000 -0.70710000 0.04410000
vn 0.70580000 -0.70710000 0.04410000
vn 0.70310000 -0.70710000 0.07590000
vn 0.69820000 -0.70680000 0.11350000
vn 0.70590000 -0.70700000 0.04330000
vn -0.70430000 -0.70720000 0.06290000
vn -0.70670000 -0.70710000 0.02390000
vn -0.70210000 -0.70730000 0.08300000
vn -0.69960000 -0.70760000 0.09930000
vn -0.69330000 -0.70720000 0.13870000
vn -0.70670000 -0.70710000 0.02470000
vn -0.70670000 -0.70710000 0.02480000
vn -0.66890000 -0.70710000 0.22950000
vn -0.67820000 -0.70710000 0.20000000
vn -0.65700000 -0.70690000 0.26200000
vn -0.62520000 -0.70710000 0.33040000
vn -0.59320000 -0.70690000 0.38530000
vn -0.55250000 -0.70710000 0.44130000
vn -0.50690000 -0.70690000 0.49320000
vn -0.45520000 -0.70710000 0.54110000
vn -0.39980000 -0.70690000 0.58350000
vn -0.33800000 -0.70700000 0.62120000
vn -0.27330000 -0.70740000 0.65180000
vn -0.25320000 -0.70740000 0.65990000
vn -0.20570000 -0.70690000 0.67670000
vn -0.13770000 -0.70690000 0.69370000
vn -0.07130000 -0.70700000 0.70360000
vn -0.00230000 -0.70690000 0.70730000
vn -0.41090000 -0.70710000 0.57550000
vn 0.06760000 -0.70700000 0.70400000
vn 0.13520000 -0.70700000 0.69420000
vn 0.20330000 -0.70700000 0.67740000
vn 0.26870000 -0.70690000 0.65420000
vn 0.32990000 -0.70700000 0.62560000
vn 0.38470000 -0.70710000 0.59330000
vn 0.44000000 -0.70720000 0.55340000
vn 0.46580000 -0.70770000 0.53120000
vn 0.49230000 -0.70710000 0.50750000
vn 0.54550000 -0.70700000 0.45020000
vn 0.21570000 -0.70700000 0.67350000
vn 0.58070000 -0.70710000 0.40340000
vn 0.61870000 -0.70690000 0.34290000
vn 0.65310000 -0.70700000 0.27130000
vn 0.67580000 -0.70700000 0.20840000
vn 0.69260000 -0.70700000 0.14300000
vn 0.69810000 -0.70710000 0.11290000
vn 0.70340000 -0.70700000 0.07340000
vn 0.70720000 -0.70700000 -0.00310000
vn 0.70660000 -0.70720000 -0.02510000
vn 0.70710000 -0.70700000 0.01270000
vn 0.70570000 -0.70650000 -0.05360000
vn 0.70670000 -0.70670000 -0.03450000
vn 0.65310000 -0.70690000 0.27160000
vn 0.69050000 -0.70700000 0.15280000
vn 0.69040000 -0.70720000 0.15270000
vn 0.69040000 -0.70710000 0.15270000
vn 0.69030000 -0.70730000 0.15250000
vn 0.69060000 -0.70690000 0.15260000
vn 0.69030000 -0.70720000 0.15280000
vn 0.69040000 -0.70710000 0.15270000
vn 0.69040000 -0.70720000 0.15280000
vn 0.69030000 -0.70720000 0.15270000
vn 0.69040000 -0.70720000 0.15270000
vn 0.69040000 -0.70710000 0.15270000
vn 0.69040000 -0.70710000 0.15280000
vn 0.69020000 -0.70730000 0.15270000
vn 0.69030000 -0.70720000 0.15280000
vn 0.69040000 -0.70710000 0.15280000
vn 0.69040000 -0.70710000 0.15270000
vn 0.69040000 -0.70720000 0.15270000
vn 0.69040000 -0.70710000 0.15280000
vn 0.69040000 -0.70710000 0.15280000
vn 0.69040000 -0.70710000 0.15270000
vn 0.69040000 -0.70710000 0.15280000
vn 0.69040000 -0.70710000 0.15270000
vn 0.69030000 -0.70720000 0.15270000
vn 0.69040000 -0.70710000 0.15270000
vn 0.69040000 -0.70710000 0.15270000
vn 0.69040000 -0.70710000 0.15270000
vn 0.69040000 -0.70720000 0.15280000
vn 0.69040000 -0.70710000 0.15270000
vn 0.69040000 -0.70720000 0.15280000
vn 0.69020000 -0.70730000 0.15270000
vn 0.69040000 -0.70710000 0.15270000
vn 0.69040000 -0.70710000 0.15280000
vn 0.69040000 -0.70710000 0.15270000
vn 0.69040000 -0.70710000 0.15270000
vn 0.69030000 -0.70720000 0.15280000
vn 0.69040000 -0.70710000 0.15270000
vn 0.69040000 -0.70710000 0.15270000
vn 0.69030000 -0.70720000 0.15280000
vn 0.69040000 -0.70710000 0.15280000
vn 0.69040000 -0.70710000 0.15270000
vn 0.69040000 -0.70710000 0.15270000
vn 0.69040000 -0.70710000 0.15280000
vn 0.69040000 -0.70710000 0.15270000
vn 0.69040000 -0.70720000 0.15270000
vn 0.69040000 -0.70710000 0.15270000
vn 0.69030000 -0.70720000 0.15270000
vn 0.69040000 -0.70710000 0.15270000
vn 0.69020000 -0.70730000 0.15270000
vn 0.69040000 -0.70710000 0.15270000
vn 0.69040000 -0.70710000 0.15270000
vn 0.69040000 -0.70710000 0.15270000
vn 0.69030000 -0.70730000 0.15250000
vn 0.69060000 -0.70690000 0.15260000
vn 0.69030000 -0.70720000 0.15280000
vn 0.69060000 -0.70690000 0.15260000
vn 0.69040000 -0.70720000 0.15270000
vn 0.69030000 -0.70720000 0.15280000
vn 0.69030000 -0.70720000 0.15280000
vn 0.69050000 -0.70700000 0.15280000
vn 0.69030000 -0.70730000 0.15250000
vn 0.69050000 -0.70700000 0.15280000
vn 0.69040000 -0.70710000 0.15270000
vn 0.69040000 -0.70720000 0.15270000
vn 0.69040000 -0.70710000 0.15270000
vn 0.69040000 -0.70710000 0.15280000
vn -0.51570000 0.44980000 -0.72920000
vn -0.52240000 0.44330000 -0.72840000
vn -0.49200000 0.45600000 -0.74160000
vn -0.55960000 0.43450000 -0.70570000
vn -0.55510000 0.44050000 -0.70550000
vn -0.57430000 0.43610000 -0.69280000
vn -0.48880000 0.45170000 -0.74630000
vn -0.59240000 0.42740000 -0.68300000
vn 0.68140000 0.43380000 -0.58950000
vn 0.67350000 0.44050000 -0.59360000
vn 0.63900000 0.44980000 -0.62400000
vn 0.64520000 0.44340000 -0.62220000
vn 0.61980000 0.45550000 -0.63900000
vn 0.69000000 0.43610000 -0.57760000
vn 0.62230000 0.44970000 -0.64070000
vn 0.70610000 0.42740000 -0.56460000
vn -0.19550000 -0.00000000 -0.98070000
vn -0.18020000 0.00000000 -0.98360000
vn -0.11900000 -0.00000000 -0.99290000
vn -0.28110000 0.00000000 -0.95970000
vn -0.26500000 -0.00000000 -0.96430000
vn -0.27940000 -0.00000000 -0.96020000
vn -0.01650000 0.00000000 -0.99990000
vn -0.05010000 0.00000000 -0.99870000
vn -0.05490000 0.00000000 -0.99850000
vn -0.00910000 -0.00000000 -1.00000000
vn -0.08630000 -0.00000000 -0.99630000
vn -0.06420000 -0.70710000 0.70420000
vn -0.06410000 -0.70710000 0.70420000
vn -0.06420000 -0.70710000 0.70420000
vn -0.06420000 -0.70720000 0.70410000
vn -0.06420000 -0.70710000 0.70420000
vn -0.06420000 -0.70710000 0.70420000
vn -0.06420000 -0.70720000 0.70410000
vn -0.06420000 -0.70710000 0.70420000
vn -0.06420000 -0.70720000 0.70410000
vn -0.00000000 -1.00000000 0.00000000
vn -0.00000000 -1.00000000 0.00000000
vn -0.00000000 -1.00000000 0.00000000
vn -0.00000000 -1.00000000 0.00000000
vn -0.00000000 -1.00000000 0.00000000
vn 0.39160000 -0.91600000 0.08660000
vn 0.39400000 -0.91490000 0.08720000
vn 0.13500000 -0.99040000 0.02990000
vn 0.54060000 -0.83280000 0.11960000
vn 0.61810000 -0.77410000 0.13670000
vn 0.65850000 -0.73830000 0.14570000
vn -0.10850000 -0.99410000 0.00390000
vn -0.37480000 -0.92700000 0.01360000
vn -0.12750000 -0.99180000 0.00460000
vn -0.38070000 -0.92460000 0.01370000
vn -0.54870000 -0.83580000 0.01980000
vn -0.61970000 -0.78450000 0.02230000
vn -0.68540000 -0.72780000 0.02470000
vn -0.09890000 -0.66720000 -0.73820000
vn -0.14860000 -0.64790000 -0.74710000
vn -0.08640000 -0.67660000 -0.73130000
vn -0.17240000 -0.63030000 -0.75700000
vn 0.03780000 -0.73790000 -0.67390000
vn -0.02940000 -0.70100000 -0.71250000
vn -0.02590000 -0.70630000 -0.70740000
vn 0.04460000 -0.73910000 -0.67210000
vn 0.11190000 -0.77230000 -0.62540000
vn 0.14990000 -0.79700000 -0.58510000
vn 0.17010000 -0.80400000 -0.56980000
vn 0.19690000 -0.82130000 -0.53540000
vn 0.19170000 -0.82000000 -0.53930000
vn 0.09720000 -0.76900000 -0.63180000
vn 0.30430000 -0.88210000 -0.35950000
vn 0.25910000 -0.85620000 -0.44700000
vn 0.24610000 -0.84990000 -0.46600000
vn 0.32190000 -0.89250000 -0.31580000
vn 0.22750000 -0.83690000 -0.49780000
vn 0.37480000 -0.92070000 -0.10870000
vn 0.36300000 -0.91520000 -0.17490000
vn 0.37740000 -0.92210000 -0.08540000
vn 0.36040000 -0.91330000 -0.18960000
vn 0.34430000 -0.90510000 -0.24940000
vn 0.34020000 -0.90280000 -0.26300000
vn -0.15030000 -0.63860000 -0.75470000
vn -0.11160000 -0.65620000 -0.74620000
vn 0.00940000 -0.71660000 -0.69740000
vn -0.05260000 -0.68520000 -0.72650000
vn 0.07290000 -0.75060000 -0.65670000
vn 0.32580000 -0.89370000 -0.30850000
vn 0.27980000 -0.86630000 -0.41390000
vn 0.35040000 -0.90800000 -0.22980000
vn -0.21920000 -0.61380000 -0.75840000
vn -0.17700000 -0.63610000 -0.75110000
vn -0.23530000 -0.61050000 -0.75630000
vn -0.20660000 -0.61280000 -0.76270000
vn 0.38460000 -0.92270000 0.02590000
vn 0.38510000 -0.92230000 0.03390000
vn 0.05940000 0.00000000 -0.99820000
vn -0.00900000 -0.00000000 -1.00000000
vn -0.01650000 0.00000000 -0.99990000
vn 0.19780000 -0.00000000 -0.98020000
vn 0.09160000 -0.00000000 -0.99580000
vn 0.20210000 0.00000000 -0.97940000
vn 0.23160000 -0.00000000 -0.97280000
vn 0.26320000 -0.00000000 -0.96470000
vn 0.24570000 -0.00000000 -0.96930000
vn 0.29620000 -0.00000000 -0.95510000
vn 0.38000000 -0.00000000 -0.92500000
vn 0.37740000 0.00000000 -0.92610000
vn 0.44940000 -0.00000000 -0.89330000
vn 0.43490000 -0.00000000 -0.90050000
vn 0.44780000 -0.00000000 -0.89410000
vn 0.05350000 -0.75060000 0.65850000
vn -0.03210000 -0.72020000 0.69300000
vn 0.33890000 -0.79970000 0.49560000
vn 0.34920000 -0.79980000 0.48830000
vn 0.67290000 -0.71840000 0.17610000
vn 0.59430000 -0.75760000 0.26990000
vn -0.43690000 -0.79980000 0.41170000
vn -0.04470000 -0.69790000 0.71480000
vn -0.08510000 -0.71660000 0.69230000
vn -0.43310000 -0.79980000 0.41560000
vn -0.69730000 -0.71540000 0.04450000
vn -0.64860000 -0.74950000 0.13300000
vn 0.90390000 -0.33910000 -0.26060000
vn 0.59840000 -0.75980000 -0.25420000
vn 0.59720000 -0.79240000 -0.12420000
vn 0.59130000 -0.73120000 -0.34010000
vn 0.83480000 -0.34370000 -0.43010000
vn 0.50330000 -0.73670000 -0.45170000
vn 0.77430000 -0.29230000 -0.56130000
vn 0.44400000 -0.71210000 -0.54380000
vn 0.36700000 -0.69370000 -0.61980000
vn 0.62010000 -0.39900000 -0.67550000
vn 0.09100000 -0.78040000 -0.61860000
vn 0.75580000 -0.03220000 -0.65400000
vn 0.30220000 -0.61430000 -0.72890000
vn 0.71450000 -0.04950000 -0.69790000
vn 0.21730000 -0.59350000 -0.77490000
vn 0.64570000 -0.00800000 -0.76360000
vn 0.23590000 -0.49940000 -0.83360000
vn 0.23320000 -0.42060000 -0.87680000
vn 0.93700000 -0.34900000 0.01690000
vn 0.94970000 -0.28930000 -0.11990000
vn 0.99790000 0.00320000 -0.06450000
vn 0.99030000 -0.00100000 -0.13860000
vn 0.97580000 0.00580000 -0.21870000
vn 0.95600000 0.00270000 -0.29320000
vn 0.93110000 0.00520000 -0.36460000
vn 0.89960000 -0.00240000 -0.43680000
vn 0.87100000 0.00150000 -0.49130000
vn 0.82090000 0.00170000 -0.57110000
vn 0.70570000 0.00670000 -0.70850000
vn 0.59360000 -0.01170000 -0.80470000
vn 0.56310000 0.01650000 -0.82630000
vn 0.08540000 -0.98940000 -0.11770000
vn -0.07770000 -0.99270000 -0.09230000
vn 0.48180000 -0.87320000 0.07370000
vn 0.56740000 -0.81890000 0.08660000
vn 0.57490000 -0.81600000 0.06080000
vn 0.11570000 -0.97690000 -0.17980000
vn 0.53030000 -0.84540000 -0.06400000
vn 0.09320000 -0.90600000 -0.41290000
vn 0.50960000 -0.85980000 -0.03170000
vn 0.55330000 -0.82890000 -0.08210000
vn 0.13610000 -0.87940000 -0.45630000
vn 0.57590000 -0.81180000 -0.09660000
vn 0.19510000 -0.83850000 -0.50880000
vn 0.60310000 -0.79190000 -0.09580000
vn 0.26480000 -0.80470000 -0.53130000
vn 0.62550000 -0.77430000 -0.09620000
vn 0.31900000 -0.76290000 -0.56230000
vn 0.66730000 -0.74480000 -0.00130000
vn 0.44220000 -0.74580000 -0.49830000
vn 0.49450000 -0.72680000 -0.47670000
vn 0.62670000 -0.74850000 -0.21680000
vn 0.42530000 -0.90090000 0.08700000
vn 0.55220000 -0.29090000 -0.78130000
vn -0.00640000 -0.60050000 -0.79960000
vn 0.14410000 -0.50030000 -0.85380000
vn 0.14290000 -0.59820000 -0.78850000
vn 0.55220000 -0.40380000 -0.72940000
vn 0.70610000 -0.40070000 -0.58380000
vn 0.99990000 -0.00220000 -0.01600000
vn 0.93900000 0.00330000 -0.34390000
vn 0.33140000 -0.62610000 -0.70580000
vn 0.93090000 -0.31680000 -0.18200000
vn 0.98790000 -0.00270000 0.15490000
vn 0.11440000 -0.44230000 -0.88960000
vn 0.70790000 -0.01180000 -0.70620000
vn 0.98760000 0.00140000 -0.15690000
vn 0.82760000 0.00110000 -0.56130000
vn -0.06470000 -0.52120000 -0.85100000
vn -0.68140000 -0.20500000 -0.70260000
vn -0.30380000 -0.35050000 -0.88590000
vn -0.08570000 -0.55790000 -0.82550000
vn -0.65680000 -0.38280000 -0.64970000
vn 0.06150000 -0.61640000 -0.78500000
vn -0.28980000 -0.60660000 -0.74030000
vn -0.76610000 -0.00220000 -0.64270000
vn -0.64150000 0.02220000 -0.76680000
vn -0.87420000 0.00080000 -0.48550000
vn -0.94260000 0.00050000 -0.33390000
vn -0.98740000 0.00180000 -0.15790000
vn -0.99980000 0.00030000 -0.02100000
vn -0.90970000 -0.28700000 -0.30020000
vn 0.00000000 -1.00000000 -0.00020000
vn -0.00000000 -1.00000000 0.00000000
vn 0.00000000 -1.00000000 -0.00010000
vn 0.00000000 -1.00000000 -0.00020000
vn -0.00000000 -1.00000000 0.00000000
vn 0.00000000 -1.00000000 -0.00010000
vn -0.00000000 -1.00000000 0.00000000
vn -0.00000000 -1.00000000 0.00000000
vn 0.00000000 -1.00000000 -0.00010000
vn -0.00000000 -1.00000000 0.00000000
vn -0.00000000 -1.00000000 0.00000000
vn 0.00000000 -1.00000000 -0.00010000
vn 0.00000000 -1.00000000 -0.00020000
vn -0.00000000 -1.00000000 0.00000000
vn 0.00000000 -1.00000000 -0.00010000
vn -0.09360000 0.69260000 -0.71530000
vn -0.04960000 0.70530000 -0.70720000
vn -0.22830000 0.65270000 -0.72240000
vn -0.49550000 0.48240000 -0.72230000
vn -0.35000000 0.58410000 -0.73230000
vn 0.47960000 0.58600000 -0.65310000
vn 0.56490000 0.51390000 -0.64560000
vn 0.64310000 0.44410000 -0.62380000
vn 0.30340000 0.67120000 -0.67630000
vn 0.22170000 0.69740000 -0.68150000
vn 0.09430000 0.70690000 -0.70100000
vn 0.03420000 0.70710000 -0.70630000
vn 0.06470000 0.70690000 -0.70440000
vn 0.00330000 0.70710000 -0.70710000
vn -0.00630000 0.70690000 -0.70730000
vn 0.14300000 0.70670000 -0.69290000
vn 0.12860000 0.70700000 -0.69540000
vn 0.08810000 -0.23890000 -0.96700000
vn 0.08910000 -0.18680000 -0.97830000
vn 0.08910000 -0.18670000 -0.97840000
vn 0.08950000 -0.16050000 -0.98300000
vn 0.08950000 -0.16050000 -0.98300000
vn 0.08810000 -0.23890000 -0.96700000
vn 0.08910000 -0.18670000 -0.97840000
vn 0.08910000 -0.18670000 -0.97840000
vn 0.08960000 -0.16050000 -0.98300000
vn 0.08980000 -0.13830000 -0.98630000
vn 0.08970000 -0.15150000 -0.98440000
vn 0.08940000 -0.17180000 -0.98110000
vn 0.08990000 -0.13490000 -0.98680000
vn 0.08810000 -0.23890000 -0.96700000
vn 0.08860000 -0.21660000 -0.97220000
vn 0.08650000 -0.30140000 -0.94960000
vn 0.08910000 -0.18660000 -0.97840000
vn 0.08520000 -0.34360000 -0.93530000
vn 0.08520000 -0.34360000 -0.93520000
vn 0.08990000 -0.13520000 -0.98670000
vn 0.08950000 -0.16050000 -0.98300000
vn 0.08990000 -0.13760000 -0.98640000
vn 0.08980000 -0.14380000 -0.98550000
vn 0.08950000 -0.16760000 -0.98180000
vn 0.08520000 -0.34360000 -0.93520000
vn 0.08650000 -0.30140000 -0.94960000
vn 0.08860000 -0.21660000 -0.97220000
vn 0.08520000 -0.34360000 -0.93520000
vn -0.58870000 -0.77440000 -0.23170000
vn -0.22360000 -0.73830000 -0.63630000
vn -0.27070000 -0.70950000 -0.65060000
vn -0.62980000 -0.76910000 -0.10890000
vn -0.24620000 -0.82970000 -0.50100000
vn -0.27300000 -0.79730000 -0.53840000
vn -0.61880000 -0.77920000 -0.09970000
vn -0.18110000 -0.85850000 -0.47990000
vn -0.59870000 -0.79530000 -0.09540000
vn -0.14080000 -0.88310000 -0.44760000
vn -0.59400000 -0.80060000 -0.07890000
vn -0.11090000 -0.90370000 -0.41350000
vn -0.09920000 -0.93250000 -0.34730000
vn -0.58280000 -0.81010000 -0.06340000
vn -0.04600000 -0.96070000 -0.27380000
vn -0.57510000 -0.81710000 -0.04000000
vn -0.02230000 -0.98110000 -0.19200000
vn -0.59560000 -0.80320000 -0.01220000
vn 0.00530000 -0.99090000 -0.13440000
vn 0.10340000 -0.99220000 -0.06950000
vn 0.99640000 0.04710000 0.07120000
vn 0.99800000 -0.00800000 -0.06260000
vn 0.94630000 -0.32330000 0.00320000
vn 0.60190000 -0.79600000 -0.06420000
vn 0.57320000 -0.81940000 0.00000000
vn 0.86240000 -0.24460000 0.44320000
vn 0.71770000 -0.53060000 0.45100000
vn 0.44070000 -0.86830000 0.22760000
vn 0.22960000 -0.96340000 0.13840000
vn 0.86330000 0.02820000 0.50390000
vn -0.68700000 0.69430000 0.21440000
vn -0.69880000 0.70310000 0.13180000
vn -0.70110000 0.70460000 0.10910000
vn -0.65330000 0.66590000 0.36020000
vn -0.66850000 0.67900000 0.30330000
vn -0.65450000 0.66690000 0.35640000
vn -0.70650000 0.70710000 0.02920000
vn -0.70720000 0.70700000 0.00690000
vn -0.68680000 0.69400000 0.21600000
vn -0.63390000 0.64870000 0.42100000
vn -0.61100000 0.62800000 0.48190000
vn -0.63310000 0.64800000 0.42340000
vn -0.67210000 0.68210000 0.28820000
vn 0.99940000 0.00010000 -0.03590000
vn 0.99940000 0.00000000 -0.03600000
vn 0.99940000 0.00010000 -0.03590000
vn 0.99940000 0.00010000 -0.03590000
vn 0.99940000 0.00000000 -0.03600000
vn 0.99940000 0.00010000 -0.03590000
vn 0.99940000 0.00000000 -0.03600000
vn 0.99940000 0.00000000 -0.03600000
vn 0.99940000 0.00000000 -0.03600000
vn 0.99940000 0.00000000 -0.03600000
vn -0.70670000 -0.70710000 0.02540000
vn -0.70660000 -0.70710000 0.02550000
vn -0.70670000 -0.70710000 0.02540000
vn -0.70660000 -0.70710000 0.02550000
vn -0.70660000 -0.70710000 0.02550000
vn -0.70660000 -0.70710000 0.02550000
vn -0.70670000 -0.70710000 0.02540000
vn -0.70660000 -0.70710000 0.02550000
vn -0.70670000 -0.70710000 0.02540000
vn -0.97940000 -0.00000000 0.20190000
vn -0.98530000 0.00000000 0.17080000
vn -0.98860000 0.00000000 0.15080000
vn -0.99550000 -0.00000000 0.09520000
vn -0.93770000 0.00000000 0.34760000
vn -0.92620000 -0.00000000 0.37690000
vn -0.94490000 0.00000000 0.32740000
vn -0.94760000 -0.00000000 0.31950000
vn -0.96090000 -0.00000000 0.27670000
vn -0.99520000 -0.00000000 0.09820000
vn -0.97430000 0.00000000 0.22510000
vn -0.96810000 -0.00000000 0.25060000
vn -0.92610000 -0.00000000 0.37720000
vn -0.99950000 -0.00000000 0.03280000
vn -0.99970000 -0.00000000 0.02290000
vn -0.49640000 -0.86790000 0.01790000
vn 0.02130000 -0.99980000 -0.00080000
vn -0.01670000 -0.99990000 0.00060000
vn -0.95790000 -0.24200000 0.15430000
vn -0.91130000 -0.40080000 0.09420000
vn -0.89490000 -0.42490000 0.13660000
vn -0.92620000 0.00000000 0.37710000
vn -0.92620000 0.00000000 0.37710000
vn -0.92620000 0.00000000 0.37710000
vn 0.86540000 -0.49040000 0.10290000
vn 0.94620000 -0.32360000 0.00750000
vn 0.59570000 -0.80320000 -0.00980000
vn 0.88880000 -0.41800000 0.18810000
vn 0.41670000 -0.90800000 0.04260000
vn 0.96090000 -0.02110000 0.27610000
vn 0.67650000 -0.70660000 0.20750000
vn 0.79420000 -0.44200000 0.41700000
vn 0.71720000 -0.63150000 0.29470000
vn 0.49770000 -0.82660000 0.26290000
vn 0.72730000 -0.35500000 0.58740000
vn 0.65000000 -0.63770000 0.41330000
vn 0.57270000 -0.69040000 0.44210000
vn 0.44090000 -0.80350000 0.40000000
vn 0.63670000 -0.42950000 0.64040000
vn 0.57110000 -0.39750000 0.71820000
vn 0.43640000 -0.72740000 0.52960000
vn 0.43760000 -0.55950000 0.70380000
vn 0.30600000 -0.83540000 0.45660000
vn 0.36130000 -0.36340000 0.85870000
vn 0.50130000 -0.03800000 0.86450000
vn 0.32450000 -0.69770000 0.63870000
vn 0.25640000 -0.43820000 0.86160000
vn 0.14800000 -0.85570000 0.49590000
vn 0.15700000 -0.45030000 0.87890000
vn 0.10080000 -0.86940000 0.48370000
vn 0.03730000 -0.29400000 0.95510000
vn 0.06940000 -0.85360000 0.51630000
vn -0.16070000 -0.02000000 0.98680000
vn -0.04470000 -0.61870000 0.78440000
vn -0.08450000 -0.73290000 0.67510000
vn -0.48390000 -0.06550000 0.87260000
vn -0.32570000 -0.59400000 0.73560000
vn -0.32780000 -0.72060000 0.61100000
vn -0.54560000 -0.37160000 0.75120000
vn -0.37410000 -0.72110000 0.58310000
vn -0.56570000 -0.58180000 0.58440000
vn -0.38170000 -0.81160000 0.44240000
vn -0.79620000 -0.57110000 -0.19950000
vn -0.96190000 -0.02200000 -0.27240000
vn -0.78820000 -0.60850000 -0.09200000
vn -0.24770000 -0.29940000 -0.92140000
vn -0.34650000 -0.31850000 -0.88230000
vn 0.03240000 -0.56050000 -0.82750000
vn 0.98640000 0.00480000 0.16400000
vn 0.99740000 -0.00100000 0.07250000
vn 0.92620000 -0.00050000 0.37700000
vn 0.83040000 0.00110000 0.55710000
vn 0.76750000 -0.00160000 0.64110000
vn 0.69710000 -0.00110000 0.71700000
vn 0.61510000 -0.00370000 0.78840000
vn 0.55060000 -0.00530000 0.83470000
vn 0.88590000 -0.00060000 0.46390000
vn 0.46350000 -0.00570000 0.88610000
vn 0.38880000 -0.00040000 0.92130000
vn 0.33890000 -0.00800000 0.94080000
vn 0.26040000 -0.00690000 0.96550000
vn 0.29390000 -0.00710000 0.95580000
vn 0.09970000 -0.00640000 0.99500000
vn -0.21210000 -0.58890000 0.77990000
vn -0.19620000 0.02020000 0.98030000
vn -0.26770000 -0.59430000 0.75840000
vn -0.31340000 -0.01250000 0.94950000
vn -0.45270000 -0.01550000 0.89150000
vn -0.51300000 -0.01340000 0.85830000
vn -0.40500000 -0.01540000 0.91420000
vn -0.61660000 -0.01300000 0.78710000
vn -0.65810000 -0.01040000 0.75280000
vn -0.12620000 -0.00600000 0.99200000
vn 0.17470000 -0.01420000 0.98450000
vn 0.22570000 -0.01070000 0.97410000
vn 0.07810000 -0.02880000 0.99650000
vn 0.12650000 -0.00880000 0.99190000
vn -0.05530000 -0.00560000 0.99850000
vn -0.28230000 -0.01230000 0.95930000
vn -0.25100000 -0.01210000 0.96790000
vn -0.55610000 -0.01240000 0.83110000
vn -0.66490000 -0.60580000 0.43700000
vn -0.15540000 -0.98420000 0.08470000
vn -0.70460000 -0.61280000 0.35780000
vn -0.74960000 -0.02720000 0.66140000
vn -0.79430000 -0.01540000 0.60730000
vn -0.76510000 -0.60890000 0.20950000
vn -0.77880000 -0.55990000 0.28300000
vn -0.15840000 -0.98650000 0.04040000
vn -0.84570000 -0.01700000 0.53350000
vn -0.78940000 -0.61070000 0.06260000
vn -0.13940000 -0.98990000 0.02710000
vn -0.20850000 -0.97780000 0.01860000
vn -0.76620000 -0.64250000 -0.01150000
vn -0.15370000 -0.98810000 0.00750000
vn -0.21500000 -0.97640000 -0.01820000
vn -0.19220000 -0.98020000 0.04660000
vn -0.80420000 -0.57780000 0.13950000
vn -0.15680000 -0.98730000 -0.02660000
vn -0.23090000 -0.97140000 -0.05480000
vn -0.64370000 -0.56190000 -0.51960000
vn -0.08960000 -0.95320000 -0.28860000
vn -0.11960000 -0.92010000 -0.37300000
vn -0.53250000 -0.61030000 -0.58650000
vn -0.35870000 -0.43620000 -0.82530000
vn -0.24760000 -0.65430000 -0.71450000
vn 0.17240000 -0.81120000 -0.55880000
vn -0.70180000 -0.56830000 -0.42960000
vn -0.50460000 -0.54200000 -0.67200000
vn 0.08190000 -0.87760000 -0.47230000
vn 0.52590000 -0.77570000 -0.34880000
vn 0.53220000 -0.75850000 -0.37600000
vn 0.02500000 -0.62140000 -0.78310000
vn 0.11350000 -0.47720000 -0.87150000
vn -0.97060000 -0.01580000 0.24030000
vn -0.99220000 -0.01490000 0.12370000
vn -0.99820000 -0.01490000 -0.05880000
vn -0.93360000 -0.01580000 0.35790000
vn -0.89640000 -0.01570000 0.44300000
vn -0.99910000 -0.01580000 0.03960000
vn -0.98790000 -0.00930000 -0.15490000
vn -0.80020000 -0.50530000 -0.32300000
vn -0.92220000 -0.03930000 -0.38460000
vn -0.88670000 -0.03630000 -0.46090000
vn -0.84990000 -0.05870000 -0.52370000
vn -0.80550000 -0.04960000 -0.59050000
vn -0.56680000 -0.35610000 -0.74290000
vn -0.70230000 -0.03240000 -0.71120000
vn -0.63380000 -0.03940000 -0.77250000
vn -0.54590000 0.00840000 -0.83780000
vn -0.75570000 -0.03230000 -0.65410000
vn -0.57790000 -0.01570000 -0.81590000
vn -0.46150000 -0.01330000 -0.88710000
vn -0.40090000 0.02780000 -0.91570000
vn 0.38090000 -0.92390000 0.03560000
vn 0.38060000 -0.92360000 0.04510000
vn 0.38250000 -0.92380000 0.01430000
vn 0.38250000 -0.92380000 0.01480000
vn 0.38080000 -0.92360000 0.04420000
vn 0.38100000 -0.92360000 0.04200000
vn 0.38260000 -0.92380000 0.01380000
vn 0.37970000 -0.92280000 0.06540000
vn 0.37820000 -0.92290000 0.07170000
vn 0.37120000 -0.92370000 0.09490000
vn 0.36980000 -0.92370000 0.09960000
vn 0.37000000 -0.92370000 0.09920000
vn 0.37020000 -0.92370000 0.09850000
vn 0.37840000 -0.92290000 0.07070000
vn 0.37350000 -0.92350000 0.08680000
vn 0.38130000 -0.92320000 0.04880000
vn 0.36020000 -0.92400000 0.12850000
vn 0.34940000 -0.92400000 0.15530000
vn 0.35010000 -0.92390000 0.15450000
vn 0.35070000 -0.92380000 0.15360000
vn 0.35130000 -0.92380000 0.15220000
vn 0.36140000 -0.92380000 0.12620000
vn 0.36560000 -0.92390000 0.11280000
vn 0.35400000 -0.92390000 0.14510000
vn 0.33670000 -0.92400000 0.18110000
vn 0.32270000 -0.92390000 0.20540000
vn 0.32390000 -0.92380000 0.20420000
vn 0.32500000 -0.92380000 0.20260000
vn 0.33950000 -0.92380000 0.17690000
vn 0.33950000 -0.92380000 0.17690000
vn 0.32140000 -0.92400000 0.20710000
vn 0.30530000 -0.92410000 0.22970000
vn 0.28890000 -0.92450000 0.24860000
vn 0.28840000 -0.92390000 0.25130000
vn 0.28990000 -0.92370000 0.25030000
vn 0.29170000 -0.92370000 0.24840000
vn 0.31050000 -0.92380000 0.22400000
vn 0.26710000 -0.92420000 0.27280000
vn 0.24860000 -0.92470000 0.28830000
vn 0.24730000 -0.92400000 0.29180000
vn 0.24940000 -0.92370000 0.29080000
vn 0.25160000 -0.92360000 0.28910000
vn 0.25740000 -0.92400000 0.28290000
vn 0.27350000 -0.92380000 0.26800000
vn 0.22260000 -0.92440000 0.30970000
vn 0.20060000 -0.92520000 0.32220000
vn 0.20070000 -0.92400000 0.32550000
vn 0.20330000 -0.92360000 0.32500000
vn 0.20630000 -0.92350000 0.32340000
vn 0.23130000 -0.92370000 0.30540000
vn 0.21370000 -0.92390000 0.31730000
vn 0.17340000 -0.92450000 0.33940000
vn 0.14160000 -0.92500000 0.35270000
vn 0.14590000 -0.92400000 0.35340000
vn 0.15000000 -0.92340000 0.35320000
vn 0.15510000 -0.92310000 0.35190000
vn 0.18390000 -0.92360000 0.33630000
vn 0.15940000 -0.92320000 0.34980000
vn 0.12460000 -0.92350000 0.36270000
vn 0.09730000 -0.92550000 0.36610000
vn 0.09450000 -0.92420000 0.37020000
vn 0.09800000 -0.92350000 0.37080000
vn 0.10240000 -0.92330000 0.37010000
vn 0.13250000 -0.92300000 0.36120000
vn 0.11290000 -0.92400000 0.36540000
vn 0.06550000 -0.92490000 0.37460000
vn 0.03600000 -0.92540000 0.37730000
vn 0.04070000 -0.92410000 0.37990000
vn 0.04440000 -0.92340000 0.38130000
vn 0.04930000 -0.92320000 0.38130000
vn 0.07930000 -0.92340000 0.37540000
vn 0.04820000 -0.92390000 0.37950000
vn 0.00690000 -0.92500000 0.37990000
vn 0.01750000 -0.92660000 0.37570000
vn -0.01930000 -0.92420000 0.38140000
vn -0.01550000 -0.92330000 0.38380000
vn -0.01010000 -0.92300000 0.38470000
vn 0.02410000 -0.92330000 0.38340000
vn -0.00180000 -0.92350000 0.38360000
vn 0.01160000 -0.92430000 0.38150000
vn -0.05060000 -0.92530000 0.37580000
vn -0.07930000 -0.92590000 0.36940000
vn -0.07640000 -0.92430000 0.37400000
vn -0.07270000 -0.92320000 0.37740000
vn -0.06710000 -0.92280000 0.37930000
vn -0.03520000 -0.92320000 0.38270000
vn -0.06150000 -0.92330000 0.37920000
vn -0.10640000 -0.92560000 0.36330000
vn -0.13390000 -0.92620000 0.35250000
vn -0.13160000 -0.92430000 0.35820000
vn -0.12920000 -0.92340000 0.36150000
vn -0.12260000 -0.92260000 0.36570000
vn -0.09080000 -0.92300000 0.37390000
vn -0.11660000 -0.92310000 0.36640000
vn -0.15970000 -0.92580000 0.34260000
vn -0.18030000 -0.92750000 0.32740000
vn -0.18380000 -0.92440000 0.33420000
vn -0.18190000 -0.92340000 0.33810000
vn -0.17920000 -0.92270000 0.34140000
vn -0.12620000 -0.92290000 0.36390000
vn -0.17560000 -0.92240000 0.34390000
vn -0.14500000 -0.92290000 0.35680000
vn -0.16930000 -0.92300000 0.34570000
vn -0.20850000 -0.92580000 0.31520000
vn -0.23510000 -0.92670000 0.29320000
vn -0.23420000 -0.92420000 0.30150000
vn -0.23260000 -0.92280000 0.30710000
vn -0.23010000 -0.92180000 0.31210000
vn -0.22670000 -0.92110000 0.31650000
vn -0.19610000 -0.92260000 0.33220000
vn -0.22020000 -0.92110000 0.32110000
vn -0.25270000 -0.92490000 0.28410000
vn -0.27320000 -0.92760000 0.25480000
vn -0.27400000 -0.92510000 0.26280000
vn -0.27340000 -0.92370000 0.26830000
vn -0.27180000 -0.92270000 0.27340000
vn -0.26880000 -0.92220000 0.27810000
vn -0.24360000 -0.92240000 0.29980000
vn -0.26270000 -0.92230000 0.28350000
vn -0.29160000 -0.92670000 0.23710000
vn -0.30810000 -0.92740000 0.21230000
vn -0.31040000 -0.92470000 0.22050000
vn -0.31080000 -0.92320000 0.22620000
vn -0.30990000 -0.92210000 0.23150000
vn -0.30760000 -0.92170000 0.23640000
vn -0.28530000 -0.92200000 0.26180000
vn -0.30160000 -0.92220000 0.24190000
vn -0.32430000 -0.92660000 0.19030000
vn -0.33730000 -0.92720000 0.16300000
vn -0.34080000 -0.92450000 0.17100000
vn -0.34190000 -0.92300000 0.17670000
vn -0.34150000 -0.92200000 0.18220000
vn -0.33960000 -0.92170000 0.18750000
vn -0.32060000 -0.92220000 0.21630000
vn -0.33280000 -0.92270000 0.19460000
vn -0.34890000 -0.92690000 0.13850000
vn -0.35610000 -0.92800000 0.10940000
vn -0.36140000 -0.92500000 0.11700000
vn -0.36400000 -0.92330000 0.12290000
vn -0.36510000 -0.92200000 0.12890000
vn -0.36470000 -0.92130000 0.13510000
vn -0.34850000 -0.92230000 0.16680000
vn -0.36110000 -0.92150000 0.14290000
vn -0.36420000 -0.92750000 0.08420000
vn -0.36830000 -0.92810000 0.05460000
vn -0.37520000 -0.92490000 0.06190000
vn -0.37880000 -0.92300000 0.06770000
vn -0.38100000 -0.92160000 0.07380000
vn -0.38150000 -0.92090000 0.08030000
vn -0.37160000 -0.92110000 0.11640000
vn -0.37830000 -0.92140000 0.08950000
vn -0.37190000 -0.92780000 0.02800000
vn -0.36990000 -0.92910000 -0.00180000
vn -0.37850000 -0.92560000 0.00430000
vn -0.38370000 -0.92340000 0.00960000
vn -0.38770000 -0.92170000 0.01560000
vn -0.39030000 -0.92040000 0.02240000
vn -0.38560000 -0.92090000 0.05720000
vn -0.39100000 -0.91980000 0.03360000
vn -0.37050000 -0.92840000 -0.02890000
vn -0.36500000 -0.92920000 -0.05900000
vn -0.37500000 -0.92550000 -0.05390000
vn -0.38120000 -0.92320000 -0.04940000
vn -0.38640000 -0.92130000 -0.04380000
vn -0.39020000 -0.92000000 -0.03730000
vn -0.39430000 -0.91900000 -0.00020000
vn -0.39290000 -0.91920000 -0.02580000
vn -0.34330000 -0.93400000 -0.09850000
vn -0.29290000 -0.93780000 -0.18650000
vn -0.31530000 -0.93360000 -0.17010000
vn -0.33520000 -0.92910000 -0.15650000
vn -0.35900000 -0.92250000 -0.14160000
vn -0.38920000 -0.91250000 -0.12560000
vn -0.39280000 -0.91740000 -0.06360000
vn -0.44500000 -0.88970000 -0.10240000
vn -0.25690000 -0.92760000 -0.27120000
vn -0.21660000 -0.90770000 -0.35950000
vn -0.24600000 -0.90620000 -0.34400000
vn -0.27190000 -0.90330000 -0.33170000
vn -0.30270000 -0.89810000 -0.31900000
vn -0.34110000 -0.88870000 -0.30630000
vn -0.44420000 -0.87130000 -0.20880000
vn -0.41460000 -0.86230000 -0.29090000
vn -0.17330000 -0.88750000 -0.42690000
vn -0.11820000 -0.86370000 -0.48990000
vn -0.14450000 -0.86470000 -0.48100000
vn -0.16880000 -0.86440000 -0.47360000
vn -0.19900000 -0.86220000 -0.46580000
vn -0.23900000 -0.85580000 -0.45870000
vn -0.34490000 -0.85610000 -0.38490000
vn -0.32190000 -0.83120000 -0.45340000
vn -0.06820000 -0.83800000 -0.54140000
vn -0.00550000 -0.80890000 -0.58790000
vn -0.03000000 -0.81070000 -0.58470000
vn -0.05320000 -0.81130000 -0.58220000
vn -0.08260000 -0.81040000 -0.58000000
vn -0.12270000 -0.80550000 -0.57980000
vn -0.25340000 -0.80870000 -0.53080000
vn -0.16000000 -0.77290000 -0.61400000
vn 0.04600000 -0.78550000 -0.61720000
vn 0.10090000 -0.75850000 -0.64380000
vn 0.07530000 -0.75960000 -0.64600000
vn 0.05130000 -0.75970000 -0.64830000
vn 0.02120000 -0.75810000 -0.65180000
vn -0.02020000 -0.75170000 -0.65920000
vn -0.18470000 -0.69670000 -0.69310000
vn 0.14410000 -0.73450000 -0.66310000
vn 0.19380000 -0.70830000 -0.67880000
vn 0.17080000 -0.70960000 -0.68350000
vn 0.14940000 -0.71010000 -0.68800000
vn 0.12300000 -0.70940000 -0.69400000
vn 0.08680000 -0.70460000 -0.70420000
vn -0.04100000 -0.71080000 -0.70220000
vn -0.12480000 -0.63380000 -0.76340000
vn 0.23580000 -0.68630000 -0.68810000
vn 0.29830000 -0.65280000 -0.69630000
vn 0.26450000 -0.66430000 -0.69910000
vn 0.24470000 -0.66560000 -0.70500000
vn 0.22300000 -0.66560000 -0.71220000
vn 0.19770000 -0.66350000 -0.72160000
vn 0.04540000 -0.63340000 -0.77250000
vn 0.30330000 -0.64120000 -0.70490000
vn 0.27850000 -0.64430000 -0.71230000
vn 0.25950000 -0.64460000 -0.71910000
vn 0.22960000 -0.64420000 -0.72960000
vn 0.36630000 -0.92400000 0.10990000
vn 0.35710000 -0.92400000 0.13660000
vn 0.34360000 -0.92410000 0.16720000
vn 0.32800000 -0.92430000 0.19530000
vn 0.31040000 -0.92440000 0.22170000
vn 0.38260000 -0.92390000 -0.00030000
vn 0.38250000 -0.92390000 -0.00370000
vn 0.27300000 -0.92470000 0.26540000
vn 0.22880000 -0.92500000 0.30330000
vn 0.15490000 -0.92600000 0.34420000
vn 0.13000000 -0.92440000 0.35870000
vn 0.18440000 -0.92540000 0.33120000
vn 0.07770000 -0.92620000 0.36900000
vn 0.04570000 -0.92640000 0.37370000
vn -0.00870000 -0.92700000 0.37510000
vn -0.03760000 -0.92720000 0.37280000
vn -0.06880000 -0.92740000 0.36770000
vn -0.09600000 -0.92760000 0.36100000
vn -0.12130000 -0.92780000 0.35270000
vn -0.14870000 -0.92770000 0.34240000
vn 0.38210000 -0.92410000 -0.00050000
vn 0.30280000 -0.92400000 0.23350000
vn 0.28280000 -0.92400000 0.25740000
vn 0.38100000 -0.92350000 0.04430000
vn 0.24400000 -0.92410000 0.29410000
vn 0.20190000 -0.92420000 0.32430000
vn 0.17280000 -0.92410000 0.34080000
vn 0.14510000 -0.92270000 0.35730000
vn -0.02210000 -0.92450000 0.38040000
vn -0.07380000 -0.92430000 0.37440000
vn -0.10000000 -0.92470000 0.36740000
vn -0.04720000 -0.92440000 0.37860000
vn 0.08040000 -0.92410000 0.37370000
vn -0.12670000 -0.92480000 0.35880000
vn -0.15500000 -0.92470000 0.34760000
vn -0.19750000 -0.92850000 0.31440000
vn -0.21910000 -0.92980000 0.29570000
vn -0.23930000 -0.92740000 0.28770000
vn -0.26090000 -0.92860000 0.26390000
vn -0.28070000 -0.92980000 0.23780000
vn -0.29730000 -0.92990000 0.21630000
vn -0.31240000 -0.93000000 0.19390000
vn -0.32620000 -0.92980000 0.17060000
vn -0.33950000 -0.92940000 0.14490000
vn -0.34820000 -0.93010000 0.11710000
vn -0.35310000 -0.93120000 0.09040000
vn -0.35900000 -0.93110000 0.06450000
vn -0.36260000 -0.93110000 0.03990000
vn -0.36250000 -0.93190000 0.01260000
vn -0.36020000 -0.93270000 -0.01900000
vn -0.35980000 -0.93210000 -0.04220000
vn -0.35710000 -0.93130000 -0.07200000
vn -0.29760000 -0.94300000 -0.14920000
vn -0.25910000 -0.93660000 -0.23600000
vn -0.21720000 -0.92200000 -0.32050000
vn -0.18770000 -0.90040000 -0.39260000
vn -0.13400000 -0.87680000 -0.46190000
vn -0.08100000 -0.85170000 -0.51770000
vn -0.02800000 -0.82480000 -0.56480000
vn 0.05270000 -0.78840000 -0.61290000
vn 0.13100000 -0.75010000 -0.64820000
vn 0.20250000 -0.71000000 -0.67450000
vn 0.28320000 -0.66850000 -0.68770000
vn 0.33800000 -0.63460000 -0.69500000
vn 0.37200000 -0.60740000 -0.70190000
vn 0.34320000 -0.61430000 -0.71060000
vn 0.31810000 -0.61550000 -0.72110000
vn 0.28950000 -0.61810000 -0.73090000
vn -0.18060000 -0.92450000 0.33560000
vn -0.20710000 -0.92380000 0.32190000
vn -0.22840000 -0.92420000 0.30600000
vn -0.24860000 -0.92450000 0.28890000
vn -0.26590000 -0.92390000 0.27520000
vn -0.29300000 -0.92520000 0.24120000
vn -0.29400000 -0.92470000 0.24200000
vn -0.33440000 -0.92730000 0.16850000
vn -0.33810000 -0.92540000 0.17110000
vn -0.36490000 -0.92580000 0.09910000
vn -0.37190000 -0.92600000 0.06510000
vn -0.38730000 -0.92150000 0.02930000
vn -0.31400000 -0.92650000 0.20730000
vn -0.35850000 -0.92440000 0.13010000
vn -0.37900000 -0.92540000 -0.00670000
vn -0.38120000 -0.92350000 -0.04360000
vn -0.73510000 -0.65630000 -0.17000000
vn -0.61500000 -0.67010000 -0.41560000
vn -0.56320000 -0.82500000 -0.04780000
vn -0.71910000 -0.62150000 -0.31090000
vn -0.68990000 -0.65340000 -0.31140000
vn -0.60520000 -0.41920000 -0.67680000
vn -0.61770000 -0.50940000 -0.59910000
vn -0.55910000 -0.82800000 -0.04200000
vn 0.01050000 -0.99990000 -0.00000000
vn -0.42460000 -0.90530000 0.01050000
vn 0.17110000 -0.98520000 -0.00070000
vn -0.39570000 -0.91510000 -0.07700000
vn -0.53370000 -0.84100000 -0.08920000
vn 0.21010000 -0.97700000 0.03570000
vn 0.26870000 -0.96130000 0.06060000
vn -0.01940000 -0.99980000 -0.00930000
vn -0.02650000 -0.99960000 -0.01210000
vn -0.53510000 -0.82820000 -0.16670000
vn -0.02630000 -0.99950000 -0.01720000
vn -0.51290000 -0.83470000 -0.20040000
vn -0.00090000 -1.00000000 -0.00410000
vn -0.48470000 -0.84300000 -0.23320000
vn -0.37420000 -0.89420000 -0.24570000
vn -0.49190000 -0.82230000 -0.28610000
vn 0.02010000 -0.99960000 0.01960000
vn 0.01970000 -0.99970000 0.01300000
vn -0.45600000 -0.81870000 -0.34910000
vn -0.02210000 -0.99960000 -0.01980000
vn -0.42640000 -0.81800000 -0.38600000
vn -0.28210000 -0.90020000 -0.33160000
vn -0.38820000 -0.82930000 -0.40190000
vn -0.00390000 -1.00000000 0.00200000
vn 0.13760000 -0.97790000 0.15740000
vn 0.02220000 -0.99940000 0.02750000
vn -0.32900000 -0.82300000 -0.46310000
vn -0.00600000 -0.99990000 -0.01150000
vn -0.29290000 -0.82480000 -0.48360000
vn -0.01420000 -0.99950000 -0.02880000
vn -0.26130000 -0.82520000 -0.50090000
vn 0.06250000 -0.98280000 0.17390000
vn -0.13440000 -0.90790000 -0.39700000
vn 0.07460000 -0.96570000 0.24860000
vn -0.00860000 -0.99840000 -0.05550000
vn -0.15510000 -0.81450000 -0.55900000
vn -0.00290000 -0.99990000 -0.01640000
vn -0.10100000 -0.82020000 -0.56320000
vn 0.00390000 -1.00000000 0.00270000
vn -0.06100000 -0.83580000 -0.54570000
vn 0.00070000 -0.99970000 -0.02500000
vn -0.02460000 -0.82800000 -0.56010000
vn 0.00500000 -0.99940000 -0.03360000
vn 0.01670000 -0.81950000 -0.57280000
vn -0.00040000 -1.00000000 -0.00420000
vn 0.08200000 -0.84110000 -0.53460000
vn 0.00410000 -0.99980000 -0.01710000
vn 0.12100000 -0.82200000 -0.55640000
vn 0.00370000 -1.00000000 -0.00010000
vn 0.16540000 -0.82230000 -0.54440000
vn 0.17080000 -0.88690000 -0.42920000
vn -0.06140000 -0.98860000 0.13760000
vn -0.12880000 -0.96140000 0.24330000
vn 0.18210000 -0.91240000 -0.36650000
vn 0.00720000 -0.99990000 -0.01290000
vn 0.28570000 -0.81720000 -0.50050000
vn 0.00780000 -0.99990000 -0.00640000
vn 0.29630000 -0.83950000 -0.45550000
vn 0.00570000 -1.00000000 -0.00580000
vn 0.34690000 -0.82570000 -0.44480000
vn -0.10020000 -0.99000000 0.09960000
vn 0.30940000 -0.88960000 -0.33600000
vn 0.00290000 -1.00000000 -0.00420000
vn 0.34370000 -0.88120000 -0.32470000
vn 0.00920000 -0.99990000 -0.00530000
vn 0.42870000 -0.83220000 -0.35170000
vn 0.00780000 -1.00000000 -0.00530000
vn 0.45920000 -0.82640000 -0.32590000
vn 0.00330000 -1.00000000 -0.00050000
vn 0.45050000 -0.84880000 -0.27660000
vn 0.44080000 -0.87660000 -0.19290000
vn 0.49310000 -0.83070000 -0.25840000
vn -0.14020000 -0.98900000 0.04670000
vn -0.11270000 -0.99250000 0.04770000
vn 0.41230000 -0.89970000 -0.14350000
vn 0.01800000 -0.99980000 -0.00380000
vn 0.01260000 -0.99990000 -0.00220000
vn 0.55540000 -0.82060000 -0.13500000
vn 0.00690000 -1.00000000 0.00240000
vn 0.54810000 -0.83120000 -0.09320000
vn 0.02130000 -0.99980000 -0.00040000
vn 0.55520000 -0.82910000 -0.06600000
vn 0.00520000 -1.00000000 -0.00170000
vn 0.53730000 -0.84320000 0.01810000
vn -0.00270000 -1.00000000 0.00760000
vn 0.43880000 -0.89520000 0.07770000
vn 0.56610000 -0.82090000 0.07540000
vn -0.16030000 -0.98640000 -0.03650000
vn 0.40460000 -0.91200000 0.06740000
vn 0.18320000 -0.98310000 -0.00430000
vn -0.20840000 -0.97680000 0.04920000
vn 0.52490000 -0.85100000 0.01740000
vn 0.69920000 -0.70990000 0.08430000
vn 0.69390000 -0.71020000 0.11910000
vn 0.70310000 -0.70440000 0.09670000
vn 0.69220000 -0.71340000 0.10900000
vn 0.70580000 -0.70820000 -0.01790000
vn 0.70560000 -0.70790000 0.03320000
vn 0.70940000 -0.70470000 -0.01070000
vn 0.70880000 -0.70420000 0.03970000
vn 0.69770000 -0.71430000 0.05560000
vn 0.70220000 -0.71200000 0.00260000
vn 0.70240000 -0.70820000 -0.07060000
vn 0.70680000 -0.70470000 -0.06270000
vn 0.70110000 -0.71160000 -0.04590000
vn 0.69610000 -0.70950000 -0.10970000
vn 0.69630000 -0.71180000 -0.09230000
vn 0.69850000 -0.70580000 -0.11810000
vn 0.68900000 -0.71120000 -0.13950000
vn 0.68630000 -0.70950000 -0.15990000
vn 0.68800000 -0.70590000 -0.16800000
vn 0.67760000 -0.71130000 -0.18680000
vn 0.67310000 -0.70940000 -0.20890000
vn 0.67440000 -0.70590000 -0.21660000
vn 0.66050000 -0.71110000 -0.24100000
vn 0.65700000 -0.70920000 -0.25570000
vn 0.65710000 -0.70590000 -0.26430000
vn 0.64290000 -0.71090000 -0.28500000
vn 0.63730000 -0.70910000 -0.30150000
vn 0.63680000 -0.70580000 -0.31020000
vn 0.62360000 -0.71050000 -0.32590000
vn 0.61450000 -0.70910000 -0.34580000
vn 0.61260000 -0.70600000 -0.35540000
vn 0.59980000 -0.71050000 -0.36810000
vn 0.58820000 -0.70890000 -0.38920000
vn 0.58510000 -0.70620000 -0.39860000
vn 0.56780000 -0.71040000 -0.41580000
vn 0.55930000 -0.70880000 -0.42990000
vn 0.55580000 -0.70620000 -0.43850000
vn 0.53920000 -0.71020000 -0.45260000
vn 0.52840000 -0.70880000 -0.46740000
vn 0.52360000 -0.70630000 -0.47650000
vn 0.50590000 -0.71000000 -0.48990000
vn 0.49370000 -0.70870000 -0.50390000
vn 0.48650000 -0.70670000 -0.51360000
vn 0.46870000 -0.70980000 -0.52590000
vn 0.45420000 -0.70980000 -0.53840000
vn 0.44780000 -0.70800000 -0.54600000
vn 0.43430000 -0.71140000 -0.55250000
vn 0.41860000 -0.70930000 -0.56720000
vn 0.41040000 -0.70610000 -0.57700000
vn 0.39060000 -0.70980000 -0.58610000
vn 0.37570000 -0.70850000 -0.59740000
vn 0.36600000 -0.70640000 -0.60580000
vn 0.34700000 -0.70920000 -0.61370000
vn 0.33130000 -0.70860000 -0.62300000
vn 0.32140000 -0.70650000 -0.63050000
vn 0.30810000 -0.70920000 -0.63410000
vn 0.28700000 -0.70820000 -0.64500000
vn 0.27600000 -0.70650000 -0.65170000
vn 0.26360000 -0.70890000 -0.65420000
vn 0.24110000 -0.70810000 -0.66360000
vn 0.23020000 -0.70660000 -0.66910000
vn 0.21420000 -0.70890000 -0.67200000
vn 0.19500000 -0.70810000 -0.67870000
vn 0.18280000 -0.70660000 -0.68360000
vn 0.16470000 -0.70880000 -0.68590000
vn 0.14660000 -0.70800000 -0.69080000
vn 0.13180000 -0.70650000 -0.69530000
vn 0.11750000 -0.70860000 -0.69580000
vn 0.09480000 -0.70780000 -0.70000000
vn 0.08000000 -0.70670000 -0.70300000
vn 0.06140000 -0.70850000 -0.70310000
vn 0.04410000 -0.70780000 -0.70500000
vn 0.02960000 -0.70680000 -0.70680000
vn 0.01110000 -0.70840000 -0.70570000
vn -0.00600000 -0.70780000 -0.70640000
vn -0.02060000 -0.70650000 -0.70740000
vn -0.03140000 -0.70810000 -0.70540000
vn -0.05590000 -0.70780000 -0.70420000
vn -0.07170000 -0.70680000 -0.70380000
vn -0.07800000 -0.70820000 -0.70170000
vn -0.10560000 -0.70770000 -0.69860000
vn -0.12140000 -0.70680000 -0.69690000
vn -0.13020000 -0.70810000 -0.69400000
vn -0.15480000 -0.70750000 -0.68950000
vn -0.17050000 -0.70680000 -0.68650000
vn -0.17810000 -0.70790000 -0.68350000
vn -0.20410000 -0.70760000 -0.67650000
vn -0.22720000 -0.70850000 -0.66820000
vn -0.22950000 -0.70870000 -0.66710000
vn -0.25070000 -0.70910000 -0.65900000
vn -0.26310000 -0.70790000 -0.65550000
vn -0.27980000 -0.70910000 -0.64730000
vn -0.29480000 -0.70790000 -0.64180000
vn -0.31130000 -0.70690000 -0.63510000
vn -0.32410000 -0.70760000 -0.62800000
vn -0.34040000 -0.70740000 -0.61940000
vn -0.35620000 -0.70700000 -0.61100000
vn -0.36360000 -0.70770000 -0.60570000
vn -0.39020000 -0.70750000 -0.58920000
vn -0.39800000 -0.70710000 -0.58450000
vn -0.42420000 -0.70730000 -0.56540000
vn -0.44030000 -0.70700000 -0.55340000
vn -0.44140000 -0.70740000 -0.55210000
vn -0.46470000 -0.70730000 -0.53280000
vn -0.47950000 -0.70730000 -0.51950000
vn -0.49010000 -0.70730000 -0.50940000
vn -0.50180000 -0.70730000 -0.49780000
vn -0.51590000 -0.70690000 -0.48380000
vn -0.52380000 -0.70740000 -0.47460000
vn -0.53630000 -0.70740000 -0.46040000
vn -0.54930000 -0.70710000 -0.44530000
vn -0.55230000 -0.70730000 -0.44120000
vn -0.56760000 -0.70710000 -0.42170000
vn -0.57990000 -0.70700000 -0.40480000
vn -0.58400000 -0.70720000 -0.39850000
vn -0.59590000 -0.70720000 -0.38060000
vn -0.60670000 -0.70720000 -0.36310000
vn -0.61140000 -0.70720000 -0.35500000
vn -0.62150000 -0.70710000 -0.33720000
vn -0.63160000 -0.70690000 -0.31840000
vn -0.63480000 -0.70720000 -0.31140000
vn -0.64390000 -0.70720000 -0.29210000
vn -0.65260000 -0.70720000 -0.27200000
vn -0.65320000 -0.70710000 -0.27070000
vn -0.66310000 -0.70720000 -0.24540000
vn -0.67040000 -0.70720000 -0.22460000
vn -0.67100000 -0.70710000 -0.22300000
vn -0.67900000 -0.70710000 -0.19760000
vn -0.68520000 -0.70720000 -0.17430000
vn -0.68680000 -0.70720000 -0.16770000
vn -0.69060000 -0.70820000 -0.14690000
vn -0.69440000 -0.70880000 -0.12460000
vn -0.69510000 -0.70870000 -0.12060000
vn -0.69860000 -0.70840000 -0.10090000
vn -0.70210000 -0.70740000 -0.08150000
vn -0.70270000 -0.70740000 -0.07590000
vn -0.70550000 -0.70700000 -0.04930000
vn -0.70660000 -0.70710000 -0.02490000
vn -0.70690000 -0.70690000 -0.02440000
vn 0.69430000 -0.70830000 0.12750000
vn 0.69000000 -0.70730000 0.15360000
vn 0.69170000 -0.70660000 0.14940000
vn 0.69930000 -0.70370000 0.12580000
vn 0.70980000 -0.69830000 0.09260000
vn 0.71200000 -0.70180000 0.02260000
vn 0.71180000 -0.70160000 -0.03500000
vn 0.69040000 -0.70720000 0.15210000
vn 0.70730000 -0.70180000 -0.08490000
vn 0.69140000 -0.70230000 -0.16950000
vn 0.70190000 -0.70210000 -0.12040000
vn 0.67360000 -0.70240000 -0.23000000
vn 0.62930000 -0.70300000 -0.33130000
vn 0.65370000 -0.70270000 -0.28100000
vn 0.69050000 -0.70990000 0.13840000
vn 0.60540000 -0.70330000 -0.37270000
vn 0.57980000 -0.70340000 -0.41110000
vn 0.54870000 -0.70370000 -0.45130000
vn 0.52010000 -0.70360000 -0.48420000
vn 0.47560000 -0.70660000 -0.52400000
vn 0.43800000 -0.70310000 -0.56010000
vn 0.38810000 -0.70440000 -0.59430000
vn 0.35220000 -0.70450000 -0.61610000
vn 0.31250000 -0.70470000 -0.63700000
vn 0.26310000 -0.70480000 -0.65880000
vn 0.20920000 -0.70500000 -0.67760000
vn 0.15160000 -0.70530000 -0.69260000
vn 0.10730000 -0.70540000 -0.70060000
vn 0.07200000 -0.70550000 -0.70510000
vn 0.02200000 -0.70550000 -0.70830000
vn -0.03290000 -0.70570000 -0.70770000
vn -0.12840000 -0.70600000 -0.69640000
vn -0.07940000 -0.70580000 -0.70390000
vn -0.18470000 -0.70610000 -0.68360000
vn -0.23050000 -0.70820000 -0.66730000
vn -0.32850000 -0.70630000 -0.62710000
vn -0.27340000 -0.70620000 -0.65310000
vn -0.36750000 -0.70650000 -0.60480000
vn -0.45510000 -0.70650000 -0.54200000
vn -0.40910000 -0.70650000 -0.57750000
vn -0.49160000 -0.70680000 -0.50880000
vn -0.52380000 -0.70670000 -0.47560000
vn -0.56100000 -0.70670000 -0.43110000
vn -0.58940000 -0.70690000 -0.39090000
vn -0.61280000 -0.70680000 -0.35340000
vn -0.63760000 -0.70690000 -0.30610000
vn -0.65910000 -0.70700000 -0.25620000
vn -0.67580000 -0.70690000 -0.20860000
vn -0.69130000 -0.70800000 -0.14460000
vn -0.69580000 -0.70860000 -0.11680000
vn -0.70540000 -0.70680000 -0.05360000
vn -0.70680000 -0.70710000 0.01830000
vn -0.70700000 -0.70720000 0.01080000
vn -0.70680000 -0.70710000 0.02030000
vn 0.99250000 0.00000000 -0.12190000
vn 0.99620000 -0.00000000 0.08710000
vn 0.99620000 0.00000000 0.08720000
vn 0.97820000 -0.00000000 -0.20780000
vn 0.87930000 0.00000000 -0.47630000
vn 0.94550000 -0.00000000 -0.32560000
vn 0.71200000 -0.00000000 -0.70220000
vn 0.48840000 -0.00000000 -0.87260000
vn 0.57360000 0.00000000 -0.81920000
vn 0.85720000 -0.00000000 -0.51500000
vn 0.22630000 0.00000000 -0.97410000
vn 0.39070000 -0.00000000 -0.92050000
vn -0.01750000 0.00000000 -0.99980000
vn 0.19080000 -0.00000000 -0.98160000
vn -0.06430000 0.00000000 -0.99790000
vn -0.22490000 -0.00000000 -0.97440000
vn -0.34690000 0.00000000 -0.93790000
vn -0.59520000 -0.00000000 -0.80360000
vn -0.42260000 -0.00000000 -0.90630000
vn -0.79530000 0.00000000 -0.60620000
vn -0.93260000 0.00000000 -0.36090000
vn -0.87460000 -0.00000000 -0.48480000
vn -0.75470000 0.00000000 -0.65610000
vn -0.99620000 0.00000000 -0.08720000
vn -0.95630000 0.00000000 -0.29240000
vn -0.99620000 0.00000000 -0.08710000
vn -0.97820000 0.00000000 0.20780000
vn -0.99760000 0.00000000 0.06980000
vn -0.97440000 -0.00000000 0.22500000
vn -0.87930000 -0.00000000 0.47640000
vn -0.92720000 0.00000000 0.37460000
vn -0.71200000 0.00000000 0.70220000
vn -0.48840000 0.00000000 0.87260000
vn -0.65670000 -0.00000000 0.75410000
vn -0.76600000 -0.00000000 0.64280000
vn -0.22630000 0.00000000 0.97410000
vn -0.39030000 0.00000000 0.92070000
vn -0.85780000 0.00000000 0.51400000
vn -0.52620000 0.00000000 0.85030000
vn -0.24190000 -0.00000000 0.97030000
vn -0.08720000 -0.00000000 0.99620000
vn 0.22490000 -0.00000000 0.97440000
vn 0.06980000 0.00000000 0.99760000
vn 0.06430000 0.00000000 0.99790000
vn 0.34690000 -0.00000000 0.93790000
vn 0.59520000 0.00000000 0.80360000
vn 0.51490000 0.00000000 0.85720000
vn 0.79530000 -0.00000000 0.60620000
vn 0.93260000 -0.00000000 0.36090000
vn 0.84800000 0.00000000 0.52990000
vn 0.75470000 -0.00000000 0.65610000
vn 0.99620000 0.00000000 0.08720000
vn 0.97030000 0.00000000 0.24190000
vn 0.37460000 0.00000000 0.92720000
vn 0.64280000 -0.00000000 0.76600000
vn 0.92050000 -0.00000000 0.39070000
vn -0.00000000 -1.00000000 0.00000000
vn -0.00000000 -1.00000000 0.00000000
vn -0.00000000 -1.00000000 0.00000000
vn -0.00000000 -1.00000000 0.00000000
vn -0.00000000 -1.00000000 0.00000000
vn -0.00000000 -1.00000000 0.00000000
vn -0.00000000 -1.00000000 0.00000000
vn -0.00000000 -1.00000000 0.00000000
vn -0.00000000 -1.00000000 0.00000000
vn -0.00000000 -1.00000000 0.00000000
vn -0.00000000 -1.00000000 0.00000000
vn -0.00000000 -1.00000000 0.00000000
vn -0.00000000 -1.00000000 0.00000000
vn -0.00000000 -1.00000000 0.00000000
vn -0.00000000 -1.00000000 0.00000000
vn -0.00000000 -1.00000000 0.00000000
vn -0.00000000 -1.00000000 0.00000000
vn -0.00000000 -1.00000000 0.00000000
vn -0.00000000 -1.00000000 0.00000000
vn -0.00000000 -1.00000000 0.00000000
vn -0.00000000 -1.00000000 0.00000000
vn -0.00000000 -1.00000000 0.00000000
vn 0.08710000 0.00000000 -0.99620000
vn 0.08720000 0.00000000 -0.99620000
vn 0.08720000 0.00000000 -0.99620000
vn 0.01610000 0.00240000 -0.99990000
vn 0.08990000 0.00240000 -0.99600000
vn 0.08710000 0.02450000 -0.99590000
vn 0.08710000 0.03100000 -0.99570000
vn 0.08720000 0.03080000 -0.99570000
vn 0.08710000 0.03090000 -0.99570000
vn -0.06260000 0.00020000 -0.99800000
vn 0.08490000 0.03160000 -0.99590000
vn 0.08390000 0.00320000 -0.99650000
vn 0.15780000 0.00240000 -0.98750000
vn 0.23500000 0.00020000 -0.97200000
vn 0.08710000 0.03100000 -0.99570000
vn 0.08710000 0.03100000 -0.99570000
vn -0.00000000 -1.00000000 0.00000000
vn 0.00000000 -1.00000000 0.00040000
vn 0.00000000 -1.00000000 -0.00010000
vn -0.00030000 -1.00000000 0.00310000
vn -0.00130000 -0.99990000 0.01310000
vn -0.00040000 -1.00000000 0.00380000
vn 0.00000000 -1.00000000 0.00040000
vn 0.00000000 -1.00000000 0.00020000
vn 0.00000000 -1.00000000 -0.00010000
vn -0.00000000 -1.00000000 0.00000000
vn 0.00000000 -1.00000000 0.00020000
vn 0.00000000 -1.00000000 0.00040000
vn 0.00000000 -1.00000000 -0.00010000
vn -0.00000000 -1.00000000 0.00000000
vn -0.00000000 -1.00000000 0.00010000
vn 0.00000000 -1.00000000 0.00020000
vn 0.00000000 -1.00000000 -0.00010000
vn -0.00000000 -1.00000000 0.00000000
vn -0.00000000 -1.00000000 0.00010000
vn 0.00000000 -1.00000000 -0.00010000
vn -0.00000000 -1.00000000 0.00010000
vn -0.00000000 -1.00000000 0.00000000
vn -0.00000000 -1.00000000 0.00000000
vn 0.00000000 -1.00000000 -0.00010000
vn -0.00000000 -1.00000000 0.00000000
vn -0.00000000 -1.00000000 0.00010000
vn -0.00000000 -1.00000000 0.00000000
vn -0.00000000 -1.00000000 0.00000000
vn -0.00000000 -1.00000000 0.00000000
vn -0.00000000 -1.00000000 0.00010000
vn -0.00000000 -1.00000000 0.00000000
vn 0.00000000 -1.00000000 -0.00010000
vn -0.00000000 -1.00000000 0.00000000
vn -0.00000000 -1.00000000 0.00000000
vn -0.00000000 -1.00000000 0.00010000
vn -0.00000000 -1.00000000 0.00000000
vn -0.00000000 -1.00000000 0.00010000
vn 0.00000000 -1.00000000 -0.00010000
vn -0.00000000 -1.00000000 0.00010000
vn 0.00000000 -1.00000000 0.00020000
vn -0.00000000 -1.00000000 0.00010000
vn -0.00000000 -1.00000000 0.00000000
vn -0.00000000 -1.00000000 0.00000000
vn -0.00000000 -1.00000000 0.00000000
vn -0.00000000 -1.00000000 0.00000000
vn -0.00000000 -1.00000000 0.00010000
vn 0.00000000 -1.00000000 -0.00010000
vn 0.00000000 -1.00000000 -0.00010000
vn -0.00000000 -1.00000000 0.00000000
vn 0.00030000 -1.00000000 -0.00340000
vn -0.00000000 -1.00000000 0.00010000
vn -0.00000000 -1.00000000 0.00010000
vn -0.00000000 -1.00000000 0.00000000
vn 0.00000000 -1.00000000 -0.00010000
vn -0.00000000 -1.00000000 0.00000000
vn -0.00000000 -1.00000000 0.00000000
vn -0.00000000 -1.00000000 0.00010000
vn 0.00040000 -1.00000000 -0.00340000
vn 0.00000000 -1.00000000 0.00020000
vn -0.00030000 -1.00000000 0.00310000
vn -0.00010000 -1.00000000 0.00010000
vn 0.00000000 -1.00000000 -0.00010000
vn -0.00000000 -1.00000000 0.00000000
vn -0.00000000 -1.00000000 0.00010000
vn -0.00000000 -1.00000000 0.00000000
vn 0.00000000 -1.00000000 -0.00010000
vn 0.00010000 -1.00000000 -0.00000000
vn 0.00000000 -1.00000000 0.00020000
vn -0.00000000 -1.00000000 0.00000000
vn 0.00000000 -1.00000000 0.00020000
vn 0.00000000 -1.00000000 -0.00010000
vn -0.00000000 -1.00000000 0.00000000
vn -0.00000000 -1.00000000 0.00000000
vn -0.00000000 -1.00000000 0.00010000
vn 0.00000000 -1.00000000 -0.00010000
vn -0.00000000 -1.00000000 0.00010000
vn -0.00000000 -1.00000000 0.00000000
vn -0.00000000 -1.00000000 0.00010000
vn -0.00000000 -1.00000000 0.00010000
vn -0.00000000 -1.00000000 0.00000000
vn -0.00000000 -1.00000000 0.00010000
vn 0.00000000 -1.00000000 -0.00010000
vn -0.00010000 -1.00000000 -0.00000000
vn 0.00000000 -1.00000000 -0.00010000
vn -0.00000000 -1.00000000 0.00000000
vn -0.00010000 -1.00000000 -0.00000000
vn 0.00000000 -1.00000000 -0.00010000
vn -0.00000000 -1.00000000 0.00000000
vn -0.00010000 -1.00000000 -0.00000000
vn -0.00000000 -1.00000000 0.00000000
vn -0.00000000 -1.00000000 0.00000000
vn 0.00000000 -1.00000000 -0.00010000
vn -0.00000000 -1.00000000 0.00010000
vn -0.00000000 -1.00000000 0.00000000
vn -0.00000000 -1.00000000 0.00000000
vn -0.00000000 -1.00000000 0.00010000
vn -0.00000000 -1.00000000 0.00010000
vn -0.00000000 -1.00000000 0.00000000
vn -0.00000000 -1.00000000 0.00000000
vn -0.00000000 -1.00000000 0.00010000
vn -0.00020000 -1.00000000 0.00000000
vn -0.00020000 -1.00000000 -0.00010000
vn -0.00020000 -1.00000000 0.00000000
vn -0.00020000 -1.00000000 -0.00010000
vn -0.00000000 -1.00000000 0.00010000
vn 0.00020000 -1.00000000 -0.00010000
vn 0.00020000 -1.00000000 -0.00010000
vn 0.00000000 -1.00000000 0.00020000
vn -0.00020000 -1.00000000 -0.00010000
vn -0.00000000 -1.00000000 0.00010000
vn -0.00000000 -1.00000000 0.00000000
vn 0.00000000 -1.00000000 0.00020000
vn 0.00020000 -1.00000000 -0.00010000
vn 0.00010000 -1.00000000 -0.00020000
vn -0.00020000 -1.00000000 0.00000000
vn 0.00000000 -1.00000000 0.00020000
vn 0.00010000 -1.00000000 -0.00020000
vn 0.00000000 -1.00000000 -0.00010000
vn -0.00000000 -1.00000000 0.00000000
vn 0.00000000 -1.00000000 -0.00010000
vn -0.00000000 -1.00000000 0.00000000
vn -0.00000000 -1.00000000 0.00000000
vn -0.00000000 -1.00000000 0.00000000
vn -0.00000000 -1.00000000 0.00000000
vn -0.00010000 -1.00000000 0.00020000
vn -0.00000000 -1.00000000 0.00000000
vn -0.00010000 -1.00000000 0.00020000
vn -0.00000000 -1.00000000 0.00000000
vn 0.00000000 -1.00000000 -0.00010000
vn -0.00000000 -1.00000000 0.00000000
vn 0.00010000 -1.00000000 -0.00020000
vn -0.00010000 -1.00000000 0.00010000
vn -0.00000000 -1.00000000 0.00000000
vn -0.00000000 -1.00000000 0.00000000
vn 0.00010000 -1.00000000 -0.00000000
vn -0.00010000 -1.00000000 0.00010000
vn -0.00000000 -1.00000000 0.00000000
vn -0.00010000 -1.00000000 0.00010000
vn -0.00010000 -1.00000000 0.00020000
vn -0.00030000 -1.00000000 0.00010000
vn 0.00010000 -1.00000000 -0.00000000
vn -0.00000000 -1.00000000 0.00000000
vn 0.00010000 -1.00000000 -0.00000000
vn -0.00000000 -1.00000000 0.00000000
vn 0.00010000 -1.00000000 -0.00000000
vn -0.00030000 -1.00000000 0.00010000
vn -0.00000000 -1.00000000 0.00000000
vn -0.00030000 -1.00000000 0.00010000
vn -0.00000000 -1.00000000 0.00000000
vn -0.00000000 -1.00000000 0.00000000
vn 0.00010000 -1.00000000 -0.00000000
vn -0.00000000 -1.00000000 0.00000000
vn 0.00010000 -1.00000000 -0.00000000
vn -0.00000000 -1.00000000 0.00000000
vn -0.00010000 -1.00000000 -0.00000000
vn -0.00000000 -1.00000000 0.00000000
vn -0.00000000 -1.00000000 0.00000000
vn -0.00010000 -1.00000000 -0.00000000
vn -0.00010000 -1.00000000 -0.00000000
vn -0.00000000 -1.00000000 0.00010000
vn -0.00000000 -1.00000000 0.00000000
vn -0.00010000 -1.00000000 -0.00000000
vn -0.00000000 -1.00000000 0.00000000
vn -0.00000000 -1.00000000 0.00000000
vn -0.00000000 -1.00000000 0.00000000
vn -0.00000000 -1.00000000 0.00000000
vn 0.00000000 -1.00000000 0.00020000
vn -0.00000000 -1.00000000 0.00000000
vn 0.00010000 -1.00000000 -0.00000000
vn -0.00000000 -1.00000000 0.00000000
vn -0.00000000 -1.00000000 0.00010000
vn 0.00000000 -1.00000000 -0.00010000
vn -0.00000000 -1.00000000 0.00010000
vn -0.00000000 -1.00000000 0.00000000
vn 0.00000000 -1.00000000 -0.00010000
vn -0.00000000 -1.00000000 0.00000000
vn -0.00000000 -1.00000000 0.00010000
vn -0.00000000 -1.00000000 0.00000000
vn -0.00000000 -1.00000000 0.00010000
vn 0.00000000 -1.00000000 -0.00010000
vn -0.00000000 -1.00000000 0.00000000
vn -0.00000000 -1.00000000 0.00010000
vn -0.00000000 -1.00000000 0.00000000
vn -0.00000000 -1.00000000 0.00000000
vn -0.00000000 -1.00000000 0.00010000
vn 0.00000000 -1.00000000 -0.00010000
vn -0.00000000 -1.00000000 0.00010000
vn -0.00000000 -1.00000000 0.00000000
vn -0.00000000 -1.00000000 0.00010000
vn -0.00000000 -1.00000000 0.00000000
vn 0.00000000 -1.00000000 -0.00010000
vn -0.00000000 -1.00000000 0.00010000
vn 0.00000000 -1.00000000 -0.00010000
vn -0.00000000 -1.00000000 0.00000000
vn 0.00030000 -1.00000000 -0.00000000
vn 0.00000000 -1.00000000 -0.00010000
vn -0.00000000 -1.00000000 0.00000000
vn 0.00020000 -1.00000000 0.00020000
vn -0.00000000 -1.00000000 0.00000000
vn 0.00000000 -1.00000000 -0.00010000
vn 0.00000000 -1.00000000 -0.00010000
vn -0.00000000 -1.00000000 0.00000000
vn -0.00000000 -1.00000000 0.00000000
vn -0.00000000 -1.00000000 0.00000000
vn 0.00000000 -1.00000000 -0.00010000
vn 0.00030000 -1.00000000 -0.00000000
vn 0.00030000 -1.00000000 -0.00000000
vn -0.00000000 -1.00000000 0.00000000
vn -0.00000000 -1.00000000 0.00000000
vn 0.00020000 -1.00000000 0.00020000
vn -0.00000000 -1.00000000 0.00000000
vn 0.00010000 -1.00000000 0.00010000
vn 0.00020000 -1.00000000 0.00020000
vn 0.00010000 -1.00000000 0.00010000
vn -0.00000000 -1.00000000 0.00000000
vn 0.00010000 -1.00000000 0.00010000
vn -0.00000000 -1.00000000 0.00000000
vn -0.00010000 -1.00000000 -0.00000000
vn -0.00000000 -1.00000000 0.00000000
vn -0.00040000 -1.00000000 -0.00000000
vn -0.00010000 -1.00000000 -0.00000000
vn -0.00000000 -1.00000000 0.00000000
vn -0.00040000 -1.00000000 -0.00000000
vn -0.00010000 -1.00000000 -0.00000000
vn -0.00000000 -1.00000000 0.00000000
vn -0.00040000 -1.00000000 -0.00000000
vn -0.00000000 -1.00000000 0.00000000
vn -0.00000000 -1.00000000 0.00000000
vn -0.00000000 -1.00000000 0.00000000
vn -0.00010000 -1.00000000 -0.00000000
vn -0.00000000 -1.00000000 0.00000000
vn 0.00010000 -1.00000000 0.00010000
vn -0.00000000 -1.00000000 0.00010000
vn 0.00000000 -1.00000000 -0.00070000
vn 0.00010000 -1.00000000 -0.00000000
vn -0.00000000 -1.00000000 0.00000000
vn -0.00000000 -1.00000000 0.00010000
vn -0.00000000 -1.00000000 0.00000000
vn 0.00010000 -1.00000000 0.00020000
vn 0.00000000 -1.00000000 0.00020000
vn -0.00000000 -1.00000000 0.00000000
vn -0.00010000 -1.00000000 -0.00000000
vn -0.00010000 -1.00000000 -0.00000000
vn -0.00000000 -1.00000000 0.00000000
vn -0.00000000 -1.00000000 0.00000000
vn 0.07040000 -0.63110000 -0.77250000
vn 0.07230000 -0.60440000 -0.79340000
vn 0.06820000 -0.65940000 -0.74870000
vn 0.06660000 -0.67930000 -0.73090000
vn 0.07520000 -0.55960000 -0.82540000
vn 0.07240000 -0.60320000 -0.79430000
vn 0.07800000 -0.51020000 -0.85650000
vn 0.08020000 -0.46720000 -0.88050000
vn 0.06540000 -0.69330000 -0.71770000
vn 0.05720000 -0.77570000 -0.62850000
vn 0.06040000 -0.74580000 -0.66340000
vn 0.04900000 -0.84160000 -0.53780000
vn 0.05340000 -0.80850000 -0.58600000
vn 0.04120000 -0.89110000 -0.45200000
vn 0.04670000 -0.85760000 -0.51220000
vn 0.03680000 -0.91390000 -0.40420000
vn 0.03900000 -0.90290000 -0.42820000
vn 0.02380000 -0.96480000 -0.26180000
vn 0.03120000 -0.93890000 -0.34280000
vn 0.01440000 -0.98740000 -0.15740000
vn 0.00590000 -0.99790000 -0.06430000
vn 0.00580000 -0.99800000 -0.06370000
vn -0.00160000 -0.99980000 0.01760000
vn 0.01670000 -0.98300000 -0.18300000
vn 0.02480000 -0.96180000 -0.27270000
vn -0.00080000 -1.00000000 0.00840000
vn -0.00010000 -1.00000000 0.00040000
vn 0.00040000 -1.00000000 -0.00420000
vn 0.06740000 -0.66960000 -0.73970000
vn 0.06900000 -0.64910000 -0.75760000
vn 0.06630000 -0.68230000 -0.72810000
vn 0.07220000 -0.60620000 -0.79200000
vn 0.07110000 -0.62030000 -0.78120000
vn 0.07110000 -0.62050000 -0.78100000
vn 0.07020000 -0.63270000 -0.77120000
vn 0.06700000 -0.67420000 -0.73550000
vn 0.06820000 -0.66000000 -0.74820000
vn 0.06990000 -0.63700000 -0.76770000
vn 0.06990000 -0.63710000 -0.76760000
vn 0.07110000 -0.62110000 -0.78050000
vn 0.06910000 -0.64980000 -0.75700000
vn 0.07110000 -0.62120000 -0.78040000
vn 0.07020000 -0.63300000 -0.77100000
vn 0.06670000 -0.67800000 -0.73200000
vn 0.07130000 -0.62050000 -0.78100000
vn 0.07210000 -0.60740000 -0.79110000
vn 0.06970000 -0.63960000 -0.76550000
vn 0.06830000 -0.65850000 -0.74950000
vn 0.07110000 -0.62030000 -0.78110000
vn 0.07250000 -0.60080000 -0.79610000
vn 0.06450000 -0.70330000 -0.70800000
vn 0.06460000 -0.70250000 -0.70880000
vn 0.07000000 -0.63630000 -0.76830000
vn 0.06830000 -0.65840000 -0.74950000
vn 0.07290000 -0.59600000 -0.79970000
vn 0.07430000 -0.57340000 -0.81590000
vn 0.07270000 -0.59820000 -0.79800000
vn 0.07170000 -0.61260000 -0.78720000
vn -0.91720000 0.29400000 -0.26900000
vn -0.93880000 0.29410000 -0.17920000
vn -0.93570000 0.29390000 -0.19540000
vn -0.84250000 0.29410000 -0.45130000
vn -0.88360000 0.29410000 -0.36450000
vn -0.88930000 0.29400000 -0.35040000
vn -0.60710000 0.29410000 -0.73820000
vn -0.73870000 0.29410000 -0.60650000
vn -0.60710000 0.29420000 -0.73820000
vn -0.73860000 0.29410000 -0.60660000
vn -0.60710000 0.29410000 -0.73820000
vn 0.88130000 0.29410000 -0.36990000
vn 0.84120000 0.29410000 -0.45380000
vn 0.86740000 0.29400000 -0.40150000
vn 0.73820000 0.29410000 -0.60710000
vn 0.73820000 0.29410000 -0.60710000
vn 0.84130000 0.29410000 -0.45350000
vn 0.73820000 0.29410000 -0.60710000
vn 0.91410000 0.29410000 -0.27920000
vn 0.95570000 0.29410000 -0.00920000
vn 0.95100000 0.29400000 -0.09570000
vn 0.95550000 0.29390000 -0.02510000
vn -0.84870000 0.29380000 -0.43980000
vn -0.73860000 0.29410000 -0.60660000
vn -0.77360000 0.29410000 -0.56130000
vn -0.74200000 0.29410000 -0.60250000
vn -0.59880000 0.29410000 -0.74500000
vn -0.42930000 0.29410000 -0.85390000
vn -0.24550000 0.29410000 -0.92370000
vn 0.08330000 0.29410000 -0.95210000
vn -0.05980000 0.29410000 -0.95390000
vn 0.22460000 0.29410000 -0.92900000
vn 0.08330000 0.29410000 -0.95210000
vn -0.21500000 0.29410000 -0.93130000
vn -0.95180000 0.29410000 -0.08730000
vn -0.95210000 0.29410000 -0.08330000
vn -0.91400000 0.29410000 -0.27940000
vn -0.83590000 0.29410000 -0.46340000
vn -0.72130000 0.29410000 -0.62710000
vn -0.40390000 0.29410000 -0.86620000
vn -0.57520000 0.29410000 -0.76330000
vn -0.01670000 0.29410000 -0.95560000
vn 0.18240000 0.29410000 -0.93820000
vn 0.45200000 0.29410000 -0.84220000
vn 0.40370000 0.29410000 -0.86640000
vn 0.57380000 0.29410000 -0.76430000
vn 0.72250000 0.29410000 -0.62570000
vn 0.83860000 0.29410000 -0.45860000
vn 0.91610000 0.29380000 -0.27270000
vn 0.94130000 0.29410000 -0.16580000
vn 0.93570000 0.29410000 -0.19470000
vn 0.81930000 0.29410000 -0.49230000
vn 0.90370000 0.29410000 -0.31120000
vn 0.54820000 0.29410000 -0.78290000
vn 0.37350000 0.29410000 -0.87980000
vn 0.69900000 0.29410000 -0.65180000
vn 0.94870000 0.29410000 -0.11650000
vn 0.95240000 0.29410000 0.08090000
vn 0.95210000 0.29410000 0.08330000
vn 0.93530000 0.29380000 0.19720000
vn 0.91120000 0.29400000 0.28850000
vn 0.91120000 0.29410000 0.28840000
vn 0.93730000 0.29410000 0.18700000
vn 0.87480000 0.29400000 0.38510000
vn 0.82740000 0.29390000 0.47860000
vn 0.76990000 0.29410000 0.56630000
vn 0.77610000 0.29410000 0.55790000
vn 0.61680000 0.29390000 0.73020000
vn 0.53790000 0.29390000 0.79010000
vn 0.56810000 0.29410000 0.76860000
vn 0.64450000 0.29410000 0.70580000
vn 0.70340000 0.29390000 0.64720000
vn 0.39820000 0.29410000 0.86890000
vn 0.49220000 0.29420000 0.81930000
vn 0.44370000 0.29390000 0.84660000
vn 0.33920000 0.29400000 0.89360000
vn 0.30610000 0.29410000 0.90540000
vn -0.30250000 0.29390000 0.90670000
vn -0.37890000 0.29410000 0.87750000
vn -0.37290000 0.29410000 0.88000000
vn -0.49790000 0.29390000 0.81590000
vn -0.58880000 0.29390000 0.75290000
vn -0.55850000 0.29410000 0.77560000
vn -0.50310000 0.29410000 0.81270000
vn -0.44180000 0.29400000 0.84760000
vn -0.66900000 0.29400000 0.68260000
vn -0.73720000 0.29380000 0.60850000
vn -0.70580000 0.29410000 0.64450000
vn -0.62760000 0.29410000 0.72080000
vn -0.76860000 0.29410000 0.56810000
vn -0.80810000 0.29400000 0.51050000
vn -0.81980000 0.29420000 0.49130000
vn -0.90530000 0.29410000 0.30640000
vn -0.86080000 0.29380000 0.41550000
vn -0.89800000 0.29380000 0.32750000
vn -0.93170000 0.29400000 0.21330000
vn -0.95570000 0.29410000 0.01540000
vn -0.94840000 0.29390000 0.11870000
vn -0.95550000 0.29390000 0.02560000
vn 0.27640000 0.29410000 0.91490000
vn 0.21370000 0.29400000 0.93160000
vn 0.06390000 0.29410000 0.95360000
vn 0.12530000 0.29400000 0.94760000
vn 0.92740000 0.29410000 0.23120000
vn 0.95240000 0.29400000 0.08090000
vn 0.95210000 0.29410000 0.08330000
vn 0.87980000 0.29410000 0.37350000
vn 0.72130000 0.29410000 0.62700000
vn 0.81060000 0.29410000 0.50650000
vn 0.61440000 0.29410000 0.73220000
vn 0.35800000 0.29410000 0.88620000
vn 0.21500000 0.29410000 0.93130000
vn 0.01150000 0.29410000 0.95570000
vn 0.06670000 0.29410000 0.95340000
vn -0.08330000 0.29410000 0.95210000
vn -0.00980000 0.29410000 0.95570000
vn -0.23180000 0.29410000 0.92720000
vn -0.15800000 0.29400000 0.94260000
vn -0.19490000 0.29420000 0.93570000
vn -0.08330000 0.29410000 0.95210000
vn -0.23120000 0.29410000 0.92740000
vn -0.73220000 0.29410000 0.61440000
vn -0.88620000 0.29410000 0.35800000
vn -0.93130000 0.29410000 0.21500000
vn -0.95350000 0.29410000 0.06670000
vn -0.95210000 0.29410000 -0.08330000
vn -0.95180000 0.29400000 -0.08730000
vn -0.29380000 -0.00000000 -0.95590000
vn -0.39080000 0.00050000 -0.92050000
vn -0.18780000 -0.00010000 -0.98220000
vn -0.06860000 -0.00000000 -0.99760000
vn -0.08290000 -0.00020000 -0.99660000
vn -0.62650000 0.00000000 -0.77940000
vn -0.71300000 0.00010000 -0.70110000
vn -0.63200000 0.00000000 -0.77500000
vn -0.77630000 0.00010000 -0.63030000
vn -0.44920000 -0.00000000 -0.89340000
vn -0.41980000 -0.00000000 -0.90760000
vn -0.25690000 0.00010000 -0.96650000
vn -0.53180000 0.00000000 -0.84690000
vn -0.06260000 0.00020000 -0.99800000
vn 0.46190000 -0.00000000 -0.88690000
vn 0.35700000 -0.00010000 -0.93410000
vn 0.45750000 0.00020000 -0.88920000
vn 0.24080000 -0.00000000 -0.97060000
vn 0.25460000 -0.00020000 -0.96710000
vn 0.57690000 -0.00000000 -0.81680000
vn 0.42230000 0.00000000 -0.90640000
vn 0.23500000 0.00020000 -0.97200000
vn 0.67540000 -0.00000000 -0.73750000
vn 0.60040000 -0.00000000 -0.79970000
vn 0.76160000 0.00000000 -0.64810000
vn 0.75590000 0.00000000 -0.65470000
vn 0.82560000 0.00010000 -0.56430000
vn 0.87740000 0.00010000 -0.47980000
vn -0.35410000 0.00000000 0.93520000
vn -0.03540000 0.00010000 -0.99940000
vn -0.03600000 -0.00000000 -0.99940000
vn -0.03600000 -0.00000000 -0.99940000
vn -0.03600000 -0.00000000 -0.99940000
vn 0.34270000 0.00000000 -0.93950000
vn 0.40040000 0.00000000 0.91630000
vn 0.03600000 0.00000000 0.99940000
vn -0.20240000 -0.00000000 0.97930000
vn -0.03600000 -0.00000000 -0.99940000
vn 0.26040000 -0.00000000 0.96550000
vn -0.03600000 -0.00000000 -0.99940000
vn -0.27320000 -0.00000000 -0.96200000
vn 0.20240000 0.00000000 -0.97930000
vn 0.03600000 0.00000000 0.99940000
vn 0.03600000 0.00000000 0.99940000
vn 0.03600000 0.00000000 0.99940000
vn 0.03600000 0.00000000 0.99940000
vn -0.20930000 0.00000000 0.97790000
vn 0.27310000 -0.00000000 0.96200000
vn -0.27320000 -0.00000000 -0.96200000
vn 0.20250000 0.00000000 -0.97930000
vn -0.99940000 0.00000000 0.03600000
vn 0.99940000 0.00000000 -0.03600000
vn 0.03600000 0.00000000 0.99940000
vn 0.99940000 0.00000000 -0.03600000
vn 0.03600000 0.00000000 0.99940000
vn -0.99940000 0.00000000 0.03600000
vn 0.88750000 0.00000000 -0.46080000
vn -0.03600000 -0.00000000 -0.99940000
vn -0.91830000 0.00000000 -0.39580000
vn -0.99940000 0.00000000 0.03600000
vn 0.33200000 -0.00000000 -0.94330000
vn 0.27190000 0.00000000 0.96230000
vn 0.21470000 0.00000000 0.97670000
vn 0.34130000 0.00000000 0.93990000
vn -0.99940000 0.00000000 0.03600000
vn -0.26270000 -0.00000000 -0.96490000
vn -0.52840000 -0.00000000 0.84900000
vn -0.03600000 -0.00000000 -0.99940000
vn 0.03600000 0.00000000 0.99940000
vn 0.99940000 0.00000000 -0.03600000
vn -0.99940000 0.00000000 0.03600000
vn -0.00000000 -1.00000000 0.00000000
vn -0.68120000 0.00000000 0.73210000
vn 0.99940000 0.00000000 -0.03600000
vn 0.03600000 0.00000000 0.99940000
vn 0.03600000 0.00000000 0.99940000
vn 0.03600000 0.00000000 0.99940000
vn 0.03600000 0.00000000 0.99940000
vn -0.03600000 -0.00000000 -0.99940000
vn 0.99940000 0.00000000 -0.03600000
vn 0.96290000 0.00000000 0.27000000
vn 0.99940000 0.00000000 -0.03600000
vn 0.30570000 0.00000000 -0.95210000
vn 0.30570000 0.00000000 -0.95210000
vn 0.30570000 0.00000000 -0.95210000
vn 0.30570000 0.00000000 -0.95210000
vn 0.99940000 0.00000000 -0.03600000
vn -0.03600000 -0.00000000 -0.99940000
vn 0.90540000 -0.00000000 -0.42450000
vn -0.03600000 -0.00000000 -0.99940000
vn -0.43840000 0.00000000 -0.89880000
vn -0.99940000 0.00000000 0.03600000
vn 0.03600000 0.00000000 0.99940000
vn 0.03600000 0.00000000 0.99940000
vn 0.03600000 0.00000000 0.99940000
vn 0.03600000 0.00000000 0.99940000
vn -0.99940000 0.00000000 0.03600000
vn -0.99940000 0.00000000 0.03600000
vn -0.99940000 0.00000000 0.03600000
vn -0.99940000 0.00000000 0.03600000
vn -0.30570000 0.00000000 0.95210000
vn -0.30560000 0.00000000 0.95210000
vn -0.30570000 0.00000000 0.95210000
vn -0.30560000 0.00000000 0.95210000
vn -0.30560000 0.00000000 0.95210000
vn -0.30570000 0.00000000 0.95210000
vn -0.99940000 0.00000000 0.03600000
vn 0.99940000 0.00000000 -0.03600000
vn -0.03600000 -0.00000000 -0.99940000
vn 0.03600000 0.00000000 0.99940000
vn 0.03600000 0.00000000 0.99940000
vn 0.99940000 0.00000000 -0.03600000
vn -0.03600000 -0.00000000 -0.99940000
vn -0.85610000 -0.00000000 0.51680000
vn 0.03600000 0.00000000 0.99940000
vn 0.86060000 0.00000000 -0.50930000
vn 0.99940000 0.00000000 -0.03600000
vn -0.99940000 0.00000000 0.03600000
vn 0.03600000 0.00000000 0.99940000
vn 0.99940000 0.00000000 -0.03600000
vn 0.99940000 0.00000000 -0.03600000
vn 0.99940000 0.00000000 -0.03600000
vn 0.99940000 0.00000000 -0.03600000
vn 0.99940000 0.00000000 -0.03600000
vn -0.03600000 -0.00000000 -0.99940000
vn 0.93330000 0.00000000 0.35900000
vn 0.95850000 0.00000000 -0.28500000
vn -0.99940000 0.00000000 0.03600000
vn -0.89270000 -0.00000000 -0.45070000
vn -0.99940000 0.00010000 0.03600000
vn -0.03600000 -0.00000000 -0.99940000
vn -0.59620000 0.00000000 0.80290000
vn -0.59620000 0.00000000 0.80290000
vn -0.59620000 0.00000000 0.80290000
vn -0.59620000 0.00000000 0.80290000
vn -0.03600000 -0.00000000 -0.99940000
vn -0.03600000 -0.00000000 -0.99940000
vn -0.03600000 -0.00000000 -0.99940000
vn -0.03600000 -0.00000000 -0.99940000
vn -0.72840000 0.00000000 0.68520000
vn 0.18510000 -0.00000000 -0.98270000
vn 0.99940000 0.00000000 -0.03600000
vn 0.17110000 0.00000000 0.98530000
vn 0.99940000 0.00000000 -0.03600000
vn 0.99940000 0.00000000 -0.03600000
vn 0.99940000 0.00000000 -0.03600000
vn 0.99940000 0.00000000 -0.03600000
vn -0.03600000 -0.00000000 -0.99940000
vn 0.99940000 0.00000000 -0.03600000
vn -0.99940000 0.00000000 0.03600000
vn -0.00000000 -1.00000000 0.00000000
vn 0.99940000 0.00000000 -0.03600000
vn 0.03600000 0.00000000 0.99940000
vn -0.03600000 -0.00020000 -0.99940000
vn -0.99940000 0.00000000 0.03600000
vn -0.72840000 0.00000000 0.68520000
vn -0.72840000 0.00000000 0.68510000
vn 0.03600000 0.00000000 0.99940000
vn 0.99940000 0.00000000 -0.03600000
vn -0.03600000 -0.00010000 -0.99940000
vn -0.72830000 0.00000000 0.68520000
vn -0.72830000 0.00000000 0.68530000
vn -0.99940000 0.00000000 0.03600000
vn 0.03600000 0.00000000 0.99940000
vn 0.99940000 0.00000000 -0.03600000
vn -0.03600000 -0.00000000 -0.99940000
vn -0.72830000 0.00000000 0.68530000
vn -0.99940000 0.00000000 0.03600000
vn 0.03600000 0.00000000 0.99940000
vn -0.03600000 -0.00000000 -0.99940000
vn -0.72840000 0.00000000 0.68520000
vn -0.99940000 0.00000000 0.03600000
vn 0.03600000 0.00000000 0.99940000
vn 0.99940000 0.00000000 -0.03600000
vn -0.03600000 -0.00000000 -0.99940000
vn -0.99940000 0.00000000 0.03600000
vn -0.00000000 -1.00000000 0.00000000
vn 0.83870000 -0.00000000 -0.54460000
vn -0.79870000 0.00000000 0.60170000
vn -0.97630000 0.00000000 0.21640000
vn -0.02640000 -0.99970000 0.00100000
vn -0.96790000 -0.00000000 -0.25120000
vn -0.95090000 0.00000000 -0.30960000
vn 0.03470000 0.00000000 -0.99940000
vn 0.01690000 -0.99980000 -0.00460000
vn 0.81440000 -0.00000000 -0.58030000
vn -0.97640000 0.00000000 -0.21600000
vn -0.72610000 -0.00000000 -0.68760000
vn 0.92840000 0.00010000 -0.37160000
vn -0.19450000 -0.84130000 0.50440000
vn -0.26300000 -0.86600000 0.42520000
vn -0.04990000 -0.83530000 0.54750000
vn 0.33080000 -0.86500000 0.37730000
vn 0.10230000 -0.99450000 0.02260000
vn 0.48840000 -0.87210000 0.02920000
vn 0.38740000 -0.92190000 0.00700000
vn -0.00650000 -1.00000000 0.00020000
vn -0.00380000 -1.00000000 0.00010000
vn 0.70820000 0.40490000 -0.57840000
vn 0.73740000 0.03210000 -0.67470000
vn 0.64510000 0.39250000 -0.65560000
vn -0.01320000 -0.04330000 -0.99900000
vn -0.63810000 -0.02290000 -0.76960000
vn -0.66480000 0.39900000 -0.63160000
vn -0.75570000 -0.03610000 -0.65390000
vn -0.71900000 0.41810000 -0.55520000
vn 0.08590000 -0.40420000 -0.91060000
vn 0.14250000 0.05220000 -0.98840000
vn -0.48730000 -0.38200000 -0.78530000
vn -0.57810000 -0.40610000 -0.70780000
vn -0.59610000 -0.00840000 -0.80280000
vn -0.36420000 -0.77750000 -0.51270000
vn 0.96350000 -0.03900000 -0.26480000
vn 0.96420000 -0.00240000 -0.26500000
vn 0.03210000 -0.00000000 0.99950000
vn -0.85230000 -0.00000000 0.52300000
vn 0.97580000 -0.03440000 0.21590000
vn 0.71210000 -0.68420000 0.15750000
vn -0.63570000 -0.39780000 -0.66150000
vn -0.57160000 -0.63540000 -0.51910000
vn -0.71700000 -0.39650000 -0.57330000
vn -0.47210000 -0.39470000 -0.78820000
vn -0.47220000 -0.39480000 -0.78820000
vn -0.36130000 -0.75320000 -0.54970000
vn -0.57470000 -0.39380000 -0.71730000
vn -0.36480000 -0.39810000 -0.84170000
vn -0.33750000 -0.67790000 -0.65320000
vn 0.51210000 -0.38610000 -0.76730000
vn 0.37640000 -0.64660000 -0.66350000
vn 0.57400000 -0.40110000 0.71390000
vn 0.41950000 -0.41570000 0.80700000
vn 0.41380000 -0.64800000 0.63950000
vn 0.13370000 -0.44920000 0.88340000
vn -0.00620000 -0.39670000 0.91790000
vn 0.04120000 -0.72780000 0.68460000
vn -0.09150000 -0.41400000 0.90560000
vn -0.24410000 -0.39840000 0.88410000
vn -0.11700000 -0.70090000 0.70360000
vn -0.42350000 -0.39730000 0.81410000
vn -0.53080000 -0.40210000 0.74600000
vn -0.38940000 -0.65450000 0.64800000
vn -0.06370000 -0.93650000 0.34480000
vn 0.06500000 -0.94690000 0.31490000
vn 0.06500000 -0.94690000 0.31480000
vn 0.16650000 -0.92910000 0.33020000
vn 0.48990000 -0.87170000 -0.00780000
vn 0.37690000 -0.92490000 -0.05090000
vn 0.46860000 -0.88280000 -0.03320000
vn 0.69040000 -0.70710000 0.15270000
vn 0.11480000 -0.99310000 0.02540000
vn 0.11200000 -0.96290000 -0.24550000
vn 0.05160000 -0.92980000 -0.36440000
vn -0.54510000 -0.76240000 -0.34870000
vn -0.59870000 -0.78020000 -0.18120000
vn -0.51560000 -0.85660000 0.01860000
vn 0.58180000 -0.80250000 0.13210000
vn 0.34910000 -0.85150000 0.39120000
vn 0.25970000 -0.72250000 0.64080000
vn 0.02470000 -0.69430000 0.71920000
vn -0.13390000 -0.72510000 0.67550000
vn -0.42010000 -0.70900000 0.56640000
vn -0.54110000 -0.71230000 0.44710000
vn -0.08370000 0.00330000 0.99650000
vn -0.35970000 -0.01680000 0.93290000
vn -0.69780000 -0.01640000 0.71610000
vn 0.25420000 -0.60790000 -0.75230000
vn -0.21360000 -0.83530000 -0.50670000
vn 0.05880000 -0.82130000 -0.56740000
vn 0.56140000 -0.82710000 -0.02810000
vn -0.10440000 -0.99010000 -0.09380000
vn 0.73140000 -0.00000000 -0.68200000
vn -0.60180000 -0.00000000 -0.79860000
vn -0.99620000 0.00000000 -0.08720000
vn -0.99620000 0.00000000 -0.08710000
vn 0.99620000 0.00000000 0.08720000
vn 0.00000000 -1.00000000 -0.00010000
vt 0.57483300 0.62365600
vt 0.57483300 0.62297800
vt 0.58171100 0.62365600
vt 0.58171100 0.62297800
vt 0.54839300 0.62299500
vt 0.54845600 0.62365600
vt 0.54769400 0.62365600
vt 0.54912100 0.62297800
vt 0.54912100 0.62365600
vt 0.54966500 0.62297800
vt 0.54971100 0.62363700
vt 0.55023100 0.62297800
vt 0.55023100 0.62365600
vt 0.55072900 0.62299100
vt 0.55073700 0.62365600
vt 0.39529000 0.56926700
vt 0.39529000 0.56926700
vt 0.39525600 0.56140900
vt 0.39285100 0.56145500
vt 0.39285100 0.56145500
vt 0.39398100 0.55960000
vt 0.39702000 0.56017000
vt 0.39702000 0.56017000
vt 0.39599200 0.55828300
vt 0.39288900 0.57017500
vt 0.39288900 0.57017500
vt 0.39621200 0.57251800
vt 0.39621200 0.57251800
vt 0.39692300 0.57056700
vt 0.39692300 0.57056700
vt 0.39872100 0.55809100
vt 0.39872100 0.55809100
vt 0.39872100 0.55809100
vt 0.39910400 0.56022400
vt 0.39910400 0.56022400
vt 0.39910400 0.56022400
vt 0.40103000 0.55882500
vt 0.40103000 0.55882500
vt 0.40103000 0.55882500
vt 0.40046400 0.56144900
vt 0.40046400 0.56144900
vt 0.40270700 0.56067800
vt 0.40124600 0.57181700
vt 0.39900700 0.57060000
vt 0.39871700 0.57266400
vt 0.39871700 0.57266400
vt 0.40047500 0.56928200
vt 0.40271800 0.57005400
vt 0.51365400 0.62365600
vt 0.51365400 0.62297800
vt 0.51465200 0.62301500
vt 0.51478000 0.62366100
vt 0.51562200 0.62297800
vt 0.51651500 0.62299400
vt 0.51653400 0.62365400
vt 0.51566800 0.62365100
vt 0.57281100 0.62299200
vt 0.57285800 0.62365600
vt 0.57197500 0.62360100
vt 0.57406800 0.62297800
vt 0.57413200 0.62363700
vt 0.57340400 0.62365600
vt 0.57483300 0.62297800
vt 0.57483300 0.62365600
vt 0.57340400 0.62297800
vt 0.51372000 0.62297900
vt 0.54073000 0.62365300
vt 0.51401000 0.62365600
vt 0.54045300 0.62297700
vt 0.53879000 0.62298600
vt 0.53883600 0.62365600
vt 0.53795400 0.62363900
vt 0.54081600 0.62365600
vt 0.53976100 0.62300100
vt 0.54081600 0.62297800
vt 0.53975900 0.62365500
vt 0.54769400 0.62297800
vt 0.54081600 0.62365600
vt 0.54081600 0.62297800
vt 0.54769400 0.62365600
vt 0.54479500 0.62365500
vt 0.51892200 0.62365500
vt 0.54452300 0.62297800
vt 0.51833200 0.62298900
vt 0.34186000 0.56174500
vt 0.34186000 0.56174500
vt 0.34093100 0.55929000
vt 0.33943400 0.56134300
vt 0.34310200 0.56034400
vt 0.34345400 0.55804300
vt 0.34514700 0.56006300
vt 0.33950900 0.56957600
vt 0.33950900 0.56957600
vt 0.34188800 0.56935400
vt 0.34188800 0.56935400
vt 0.34180500 0.57218100
vt 0.34397700 0.57069200
vt 0.34567000 0.57271200
vt 0.34718800 0.56135400
vt 0.34718800 0.56135400
vt 0.34731900 0.55857400
vt 0.34731900 0.55857400
vt 0.34969000 0.56941200
vt 0.34961500 0.56117900
vt 0.34961500 0.56117900
vt 0.34602700 0.57040900
vt 0.34819300 0.57146400
vt 0.34727700 0.56899300
vt 0.34727700 0.56899300
vt 0.49322300 0.62365300
vt 0.49271500 0.62297800
vt 0.52074300 0.62298100
vt 0.51826800 0.62300500
vt 0.51832500 0.62366000
vt 0.51753300 0.62365600
vt 0.51904400 0.62297800
vt 0.51909700 0.62362400
vt 0.51969400 0.62297800
vt 0.51969400 0.62365600
vt 0.52024300 0.62297900
vt 0.52028000 0.62362100
vt 0.54463100 0.62298100
vt 0.54510600 0.62365600
vt 0.51711100 0.62365100
vt 0.54383800 0.62365700
vt 0.54378000 0.62299900
vt 0.54455700 0.62297800
vt 0.54303200 0.62365000
vt 0.54557900 0.62300400
vt 0.54559400 0.62365400
vt 0.54461000 0.62364600
vt 0.56864900 0.62365500
vt 0.54267400 0.62365700
vt 0.54233600 0.62298100
vt 0.56774700 0.62365700
vt 0.56769100 0.62298700
vt 0.56846800 0.62297800
vt 0.56693400 0.62364900
vt 0.56947000 0.62300900
vt 0.56953300 0.62365200
vt 0.56852000 0.62364600
vt 0.49438000 0.62301300
vt 0.49443700 0.62366000
vt 0.49364500 0.62365600
vt 0.49515600 0.62297800
vt 0.49520900 0.62362400
vt 0.49580600 0.62297800
vt 0.49580600 0.62365600
vt 0.49635500 0.62297800
vt 0.49639200 0.62362300
vt 0.36732900 0.56176200
vt 0.36732900 0.56176200
vt 0.36732900 0.56176200
vt 0.36641200 0.55929000
vt 0.36641200 0.55929000
vt 0.36491600 0.56134300
vt 0.36741800 0.56940000
vt 0.36741800 0.56940000
vt 0.36858000 0.56034500
vt 0.36858000 0.56034500
vt 0.36893500 0.55804300
vt 0.37062900 0.56006300
vt 0.37062900 0.56006300
vt 0.36499000 0.56957600
vt 0.36499000 0.56957600
vt 0.36728600 0.57218100
vt 0.36945900 0.57069200
vt 0.37115100 0.57271200
vt 0.37266900 0.56135400
vt 0.37266900 0.56135400
vt 0.37281100 0.55857600
vt 0.37281100 0.55857600
vt 0.37512100 0.56943300
vt 0.37512100 0.56943300
vt 0.37515400 0.56125100
vt 0.37515400 0.56125100
vt 0.37150800 0.57040900
vt 0.37367400 0.57146400
vt 0.37275800 0.56899300
vt 0.37275800 0.56899300
vt 0.51826600 0.62301600
vt 0.51832300 0.62366200
vt 0.51751200 0.62363500
vt 0.51904400 0.62297800
vt 0.51909700 0.62362400
vt 0.51969400 0.62297800
vt 0.51969400 0.62365600
vt 0.52024300 0.62297800
vt 0.52028000 0.62362300
vt 0.51711100 0.62365300
vt 0.51660300 0.62297800
vt 0.54463100 0.62298200
vt 0.54510600 0.62365600
vt 0.54383700 0.62365700
vt 0.54378100 0.62298700
vt 0.54455700 0.62297800
vt 0.54302400 0.62364900
vt 0.54557900 0.62300400
vt 0.54559500 0.62365400
vt 0.54461000 0.62364600
vt 0.54233600 0.62298200
vt 0.56864900 0.62365500
vt 0.54267500 0.62365700
vt 0.56853000 0.62297800
vt 0.56774700 0.62365700
vt 0.56769100 0.62298700
vt 0.56846800 0.62297800
vt 0.56693400 0.62364900
vt 0.56948900 0.62300400
vt 0.56950500 0.62365400
vt 0.56852000 0.62364600
vt 0.49438000 0.62300700
vt 0.49443700 0.62366000
vt 0.49364500 0.62365600
vt 0.49515600 0.62297800
vt 0.49520900 0.62362400
vt 0.49580600 0.62297800
vt 0.49580600 0.62365600
vt 0.49637700 0.62299800
vt 0.49638400 0.62365600
vt 0.51876300 0.62365700
vt 0.51842500 0.62298200
vt 0.54473800 0.62365500
vt 0.54462000 0.62297800
vt 0.64080100 0.62365600
vt 0.64080100 0.62297800
vt 0.70958400 0.62297800
vt 0.70958400 0.62365600
vt 0.63392200 0.62365600
vt 0.63392200 0.62297800
vt 0.64080100 0.62297800
vt 0.35457300 0.55829700
vt 0.35457300 0.55829700
vt 0.35457300 0.55223100
vt 0.35214600 0.55223100
vt 0.35214600 0.55223100
vt 0.35854600 0.56052400
vt 0.35866700 0.55839300
vt 0.35457300 0.56032000
vt 0.35457300 0.56032000
vt 0.35457300 0.57043500
vt 0.35214600 0.57245800
vt 0.35856400 0.57233400
vt 0.35856400 0.57233400
vt 0.35829400 0.57031400
vt 0.35829400 0.57031400
vt 0.36001300 0.56229600
vt 0.36001300 0.56229600
vt 0.36095100 0.55958100
vt 0.36234400 0.56144100
vt 0.36234400 0.56144100
vt 0.35999600 0.56856100
vt 0.35999600 0.56856100
vt 0.36084700 0.57114100
vt 0.36084700 0.57114100
vt 0.36242500 0.56897600
vt 0.72499200 0.62297800
vt 0.75938600 0.62365600
vt 0.72499200 0.62365600
vt 0.75938600 0.62297800
vt 0.57069900 0.62365600
vt 0.57069900 0.62297800
vt 0.58831900 0.62298100
vt 0.61329300 0.62365600
vt 0.61329300 0.62297800
vt 0.63392200 0.62297800
vt 0.75938600 0.62365600
vt 0.75938600 0.62297800
vt 0.76994000 0.62298100
vt 0.58477100 0.62365500
vt 0.58473100 0.62300200
vt 0.58529000 0.62297800
vt 0.58583400 0.62297800
vt 0.58587400 0.62361800
vt 0.58529000 0.62365600
vt 0.58249700 0.62365000
vt 0.58191900 0.62297800
vt 0.60761800 0.62298300
vt 0.60433800 0.62365600
vt 0.60430100 0.62300600
vt 0.60486900 0.62297800
vt 0.60536700 0.62297800
vt 0.60541200 0.62363600
vt 0.60486900 0.62365600
vt 0.60168400 0.62364800
vt 0.60109100 0.62297800
vt 0.61329300 0.62297800
vt 0.76763300 0.62299100
vt 0.76766900 0.62365600
vt 0.76678000 0.62363300
vt 0.76601300 0.62365600
vt 0.76568700 0.62298500
vt 0.78700200 0.62297800
vt 0.78535400 0.62364800
vt 0.78531900 0.62297800
vt 0.78620300 0.62299700
vt 0.78304200 0.62365100
vt 0.78231900 0.62298400
vt 0.79359800 0.62297800
vt 0.40527900 0.56439000
vt 0.40672100 0.56151900
vt 0.40426400 0.56115100
vt 0.40617100 0.55867900
vt 0.40617100 0.55867900
vt 0.40898500 0.55804400
vt 0.40898500 0.55804400
vt 0.40770900 0.56033100
vt 0.40770900 0.56033100
vt 0.40731700 0.56309600
vt 0.40633200 0.56926800
vt 0.40410600 0.57000200
vt 0.40595700 0.57210300
vt 0.40720000 0.57026600
vt 0.41046500 0.56740600
vt 0.40851900 0.57271100
vt 0.40948400 0.57059900
vt 0.41250400 0.56612600
vt 0.40981900 0.56017800
vt 0.41140300 0.55857200
vt 0.41354700 0.56032000
vt 0.41153100 0.56145800
vt 0.41136200 0.57207000
vt 0.41347600 0.56936700
vt 0.41101800 0.56899900
vt 0.51197900 0.62297800
vt 0.50507800 0.62365600
vt 0.50507800 0.62297800
vt 0.50507800 0.62297800
vt 0.51197900 0.62365600
vt 0.51197900 0.62365600
vt 0.49642300 0.62300500
vt 0.49645500 0.62365600
vt 0.49532600 0.62365600
vt 0.49695100 0.62297800
vt 0.49695100 0.62365600
vt 0.49751000 0.62297800
vt 0.49833700 0.62300100
vt 0.49839500 0.62365900
vt 0.49756600 0.62362800
vt 0.49916400 0.62297500
vt 0.49919900 0.62362200
vt 0.49838800 0.62365700
vt 0.50091900 0.62298200
vt 0.50094100 0.62365500
vt 0.50202900 0.62365700
vt 0.50105800 0.62365600
vt 0.50217100 0.62298700
vt 0.50102200 0.62298800
vt 0.50293300 0.62365900
vt 0.50326700 0.62296600
vt 0.50376500 0.62369300
vt 0.50380400 0.62365900
vt 0.50323100 0.62297000
vt 0.50404000 0.62298300
vt 0.50507800 0.62365600
vt 0.50507800 0.62297800
vt 0.48099500 0.62300300
vt 0.48105100 0.62365600
vt 0.48041300 0.62365600
vt 0.48180400 0.62300600
vt 0.48186000 0.62365600
vt 0.48259500 0.62297500
vt 0.48262100 0.62362200
vt 0.48186600 0.62365600
vt 0.48463500 0.62298600
vt 0.48445100 0.62365400
vt 0.48549900 0.62365700
vt 0.48456900 0.62365600
vt 0.48482900 0.62297000
vt 0.48627400 0.62297700
vt 0.48549800 0.62366200
vt 0.48487000 0.62289200
vt 0.48654900 0.62367600
vt 0.48713000 0.62297500
vt 0.48714500 0.62297300
vt 0.48747300 0.62365600
vt 0.48656500 0.62372200
vt 0.48834200 0.62297000
vt 0.48854100 0.62365600
vt 0.49532600 0.62297800
vt 0.48854100 0.62365600
vt 0.48877100 0.62297700
vt 0.49532600 0.62365600
vt 0.47987500 0.62299000
vt 0.47990800 0.62365600
vt 0.47878800 0.62365600
vt 0.48041300 0.62297800
vt 0.48041300 0.62365600
vt 0.59340500 0.62365600
vt 0.59340500 0.62297800
vt 0.60716300 0.62297800
vt 0.64671900 0.62365600
vt 0.64671900 0.62297800
vt 0.66047700 0.62297800
vt 0.60716300 0.62365600
vt 0.60716300 0.62297800
vt 0.64671900 0.62297800
vt 0.55385000 0.62365600
vt 0.55385000 0.62297800
vt 0.59340500 0.62297800
vt 0.29208200 0.55627400
vt 0.30603700 0.55627400
vt 0.30603700 0.55222800
vt 0.89396600 0.62365600
vt 0.89396600 0.62297800
vt 0.90465300 0.62297800
vt 0.96388500 0.62365600
vt 0.96388500 0.62297800
vt 0.97076400 0.62297800
vt 0.96388500 0.62297800
vt 0.96388500 0.62365600
vt 0.90369500 0.62365600
vt 0.87676900 0.62365600
vt 0.87676900 0.62297800
vt 0.89396600 0.62297800
vt 0.89396600 0.62365600
vt 0.85811700 0.62297900
vt 0.85873000 0.62364600
vt 0.83743900 0.62365600
vt 0.83743900 0.62365600
vt 0.80242400 0.62299300
vt 0.80247800 0.62365600
vt 0.80180600 0.62365600
vt 0.80315600 0.62298600
vt 0.80315100 0.62365600
vt 0.76242600 0.62365600
vt 0.76242600 0.62297800
vt 0.76993100 0.62297800
vt 0.72361100 0.62365600
vt 0.72361100 0.62297800
vt 0.73134200 0.62297800
vt 0.32848500 0.56183700
vt 0.32848500 0.55678000
vt 0.32605800 0.55475700
vt 0.33349200 0.55233100
vt 0.32605800 0.55222800
vt 0.32605800 0.55425100
vt 0.33356900 0.55434700
vt 0.32605800 0.57245800
vt 0.33376500 0.56364200
vt 0.33376500 0.56364200
vt 0.33286500 0.56180700
vt 0.33286500 0.56180700
vt 0.33121200 0.56386000
vt 0.33121200 0.56386000
vt 0.32848500 0.56386000
vt 0.32848500 0.57245800
vt 0.33513700 0.55615000
vt 0.33513700 0.55615000
vt 0.33599200 0.55358400
vt 0.33599200 0.55358400
vt 0.33747500 0.56030200
vt 0.33752500 0.55563400
vt 0.33752500 0.55563400
vt 0.33496800 0.56054000
vt 0.33618400 0.56242300
vt 0.33618400 0.56242300
vt 0.33493800 0.57245800
vt 0.33758500 0.57245800
vt 0.83056000 0.62365600
vt 0.83056000 0.62297800
vt 0.83794300 0.62297800
vt 0.85605800 0.62297800
vt 0.85610000 0.62364500
vt 0.85517100 0.62362800
vt 0.85428100 0.62365500
vt 0.85394700 0.62297800
vt 0.86850500 0.62297900
vt 0.86625700 0.62297800
vt 0.86629400 0.62364500
vt 0.86541000 0.62363400
vt 0.86435100 0.62365300
vt 0.86404800 0.62297800
vt 0.87676900 0.62297800
vt 0.81208900 0.62363600
vt 0.81209600 0.62297800
vt 0.81264300 0.62297800
vt 0.81320000 0.62299700
vt 0.81320100 0.62365600
vt 0.81264300 0.62365600
vt 0.38126700 0.55829700
vt 0.37884100 0.55829700
vt 0.37884100 0.56032200
vt 0.37884100 0.55222800
vt 0.38126700 0.55222800
vt 0.37641400 0.56032200
vt 0.37641400 0.55829700
vt 0.37889400 0.56945600
vt 0.38132900 0.57216300
vt 0.38127900 0.56887600
vt 0.38126700 0.56032200
vt 0.38551400 0.56032200
vt 0.38551400 0.55829700
vt 0.38247400 0.57032000
vt 0.38551400 0.57043500
vt 0.38551400 0.57245900
vt 0.62252200 0.62365600
vt 0.62252200 0.62297800
vt 0.62940100 0.62297800
vt 0.62940100 0.62365600
vt 0.65003800 0.62365600
vt 0.65003800 0.62297800
vt 0.65691700 0.62297800
vt 0.67068300 0.62297800
vt 0.67068300 0.62365600
vt 0.66380400 0.62365600
vt 0.70121500 0.62297800
vt 0.70174200 0.62365000
vt 0.67068300 0.62365600
vt 0.70500300 0.62365600
vt 0.70500300 0.62297800
vt 0.71188600 0.62297800
vt 0.77718500 0.62365600
vt 0.77718500 0.62297800
vt 0.79782200 0.62297800
vt 0.79782200 0.62365600
vt 0.76514700 0.62297800
vt 0.76514700 0.62365600
vt 0.75826000 0.62365600
vt 0.74622200 0.62365600
vt 0.74622200 0.62297800
vt 0.75826000 0.62297800
vt 0.65691700 0.62365600
vt 0.65691700 0.62297800
vt 0.66380400 0.62297800
vt 0.62940100 0.62365600
vt 0.62940100 0.62297800
vt 0.65003800 0.62297800
vt 0.65003800 0.62365600
vt 0.71843300 0.62298400
vt 0.71846400 0.62365600
vt 0.71755700 0.62363600
vt 0.74622200 0.62297800
vt 0.74622200 0.62297800
vt 0.74622200 0.62365600
vt 0.71713700 0.62365600
vt 0.71713700 0.62365600
vt 0.69846100 0.62363600
vt 0.69842500 0.62297800
vt 0.69924100 0.62297500
vt 0.69310100 0.62361800
vt 0.69204300 0.62295300
vt 0.70500300 0.62297800
vt 0.76514700 0.62365600
vt 0.76514700 0.62297800
vt 0.77718500 0.62297800
vt 0.71188600 0.62365600
vt 0.71188600 0.62297800
vt 0.72051200 0.62364300
vt 0.72043000 0.62297400
vt 0.72717000 0.62365600
vt 0.72717000 0.62365600
vt 0.72717000 0.62297800
vt 0.74912400 0.62297800
vt 0.74912400 0.62297800
vt 0.63050300 0.62297800
vt 0.63084900 0.62365400
vt 0.60853400 0.62365600
vt 0.71341200 0.62365600
vt 0.71341200 0.62297800
vt 0.72717000 0.62297800
vt 0.77925000 0.62365600
vt 0.77925000 0.62297800
vt 0.79345600 0.62297800
vt 0.75710200 0.62297800
vt 0.75710200 0.62365600
vt 0.75669400 0.62365600
vt 0.75669400 0.62297800
vt 0.75621400 0.62365800
vt 0.75750900 0.62297800
vt 0.75750900 0.62365600
vt 0.75831500 0.62297800
vt 0.75831500 0.62365600
vt 0.75790700 0.62365600
vt 0.75884200 0.62297800
vt 0.75888400 0.62359500
vt 0.75790700 0.62297800
vt 0.75343000 0.62364400
vt 0.75253800 0.62297800
vt 0.77925000 0.62297800
vt 0.62872900 0.62364700
vt 0.62869300 0.62297800
vt 0.62948000 0.62298900
vt 0.63026300 0.62297800
vt 0.63031700 0.62364000
vt 0.62953800 0.62365800
vt 0.63031100 0.62364700
vt 0.63025900 0.62297800
vt 0.63115100 0.62297100
vt 0.62742400 0.62364200
vt 0.62672400 0.62296100
vt 0.63807600 0.62297800
vt 0.71341200 0.62297800
vt 0.71341200 0.62365600
vt 0.66010000 0.62365600
vt 0.31573000 0.55631300
vt 0.31573000 0.55631300
vt 0.31696500 0.55232000
vt 0.30785700 0.55222800
vt 0.30785700 0.55222800
vt 0.30785700 0.55628100
vt 0.30785700 0.57245800
vt 0.31271100 0.56588300
vt 0.31271100 0.56588300
vt 0.30785700 0.55678000
vt 0.31271100 0.56183700
vt 0.31646300 0.56168600
vt 0.31646300 0.56168600
vt 0.31271100 0.57245800
vt 0.31773200 0.55758900
vt 0.32069400 0.55426100
vt 0.31812500 0.55967200
vt 0.31812500 0.55967200
vt 0.31812500 0.55967200
vt 0.32241300 0.55644900
vt 0.32238600 0.56171700
vt 0.32238600 0.56171700
vt 0.32302500 0.55905600
vt 0.32302500 0.55905600
vt 0.31755600 0.56558200
vt 0.31755600 0.56558200
vt 0.32064700 0.56389000
vt 0.32064700 0.56389000
vt 0.72568400 0.62365600
vt 0.72568400 0.62297800
vt 0.74396500 0.62297800
vt 0.26513500 0.55632700
vt 0.26513500 0.55632700
vt 0.26513500 0.55632700
vt 0.26513500 0.55632700
vt 0.25750100 0.55222800
vt 0.25750100 0.55626500
vt 0.25750100 0.55626500
vt 0.26366200 0.55222800
vt 0.26366200 0.55222800
vt 0.26366200 0.55222800
vt 0.26235900 0.56849300
vt 0.25750100 0.55678000
vt 0.25750100 0.57245900
vt 0.26366200 0.57245900
vt 0.26235500 0.56032000
vt 0.26885100 0.55859100
vt 0.26885100 0.55859100
vt 0.26885100 0.55859100
vt 0.26790700 0.55294900
vt 0.26790700 0.55294900
vt 0.27136800 0.55491000
vt 0.27136800 0.55491000
vt 0.27136800 0.55491000
vt 0.26977000 0.56242600
vt 0.26977000 0.56242600
vt 0.26977000 0.56242600
vt 0.27367800 0.55780800
vt 0.27367800 0.55780800
vt 0.27367800 0.55780800
vt 0.27465700 0.56227800
vt 0.27465700 0.56227800
vt 0.26783200 0.57176500
vt 0.26879900 0.56617800
vt 0.26593700 0.56801000
vt 0.27130400 0.56983000
vt 0.27364800 0.56694100
vt 0.27364800 0.56694100
vt 0.68482200 0.62363400
vt 0.68482200 0.62297800
vt 0.68556300 0.62301500
vt 0.68635500 0.62297800
vt 0.68641200 0.62364300
vt 0.68561900 0.62365900
vt 0.69362400 0.62297600
vt 0.69367900 0.62362300
vt 0.69290100 0.62365200
vt 0.69492300 0.62298100
vt 0.69492100 0.62365600
vt 0.69430800 0.62365600
vt 0.69430800 0.62297800
vt 0.62616700 0.62297800
vt 0.62616700 0.62365600
vt 0.62576600 0.62365600
vt 0.62657400 0.62297800
vt 0.62749400 0.62297800
vt 0.62751900 0.62364700
vt 0.62698300 0.62365600
vt 0.62698300 0.62297800
vt 0.62657400 0.62365600
vt 0.63497400 0.62297800
vt 0.63497400 0.62365600
vt 0.63446000 0.62365200
vt 0.63538200 0.62297800
vt 0.63619900 0.62297800
vt 0.63619900 0.62365600
vt 0.63579000 0.62365600
vt 0.63579000 0.62297800
vt 0.63538200 0.62365600
vt 0.63619900 0.62365600
vt 0.63619900 0.62297800
vt 0.65366100 0.62297800
vt 0.65366100 0.62365600
vt 0.69789300 0.62365600
vt 0.69789300 0.62365600
vt 0.69773300 0.62297900
vt 0.72568400 0.62297800
vt 0.72568400 0.62297800
vt 0.72568400 0.62365600
vt 0.65366100 0.62365600
vt 0.65366100 0.62297800
vt 0.66738800 0.62297800
vt 0.62576600 0.62297800
vt 0.62576600 0.62365600
vt 0.60830400 0.62365600
vt 0.61919700 0.62297800
vt 0.66734900 0.62297800
vt 0.61919700 0.62365600
vt 0.66734900 0.62365600
vt 0.61231800 0.62365600
vt 0.61231800 0.62297800
vt 0.61919700 0.62297800
vt 0.38794100 0.57245800
vt 0.39036800 0.57245800
vt 0.38794100 0.55829700
vt 0.56416500 0.62297800
vt 0.61231800 0.62297800
vt 0.56416500 0.62365600
vt 0.61231800 0.62365600
vt 0.55728600 0.62365600
vt 0.55728600 0.62297800
vt 0.56416500 0.62297800
vt 0.67984900 0.62365600
vt 0.67984800 0.62297800
vt 0.69361000 0.62297800
vt 0.64029300 0.62297800
vt 0.67984800 0.62297800
vt 0.67984800 0.62365600
vt 0.64029300 0.62365600
vt 0.64029300 0.62297800
vt 0.64029300 0.62297800
vt 0.64029300 0.62365600
vt 0.61449600 0.62365600
vt 0.61449600 0.62365600
vt 0.57041700 0.62365600
vt 0.57041700 0.62297800
vt 0.59621600 0.62297800
vt 0.29693600 0.56841200
vt 0.29208300 0.56487200
vt 0.29208300 0.57245800
vt 0.30603700 0.57245800
vt 0.30603700 0.56841200
vt 0.59621600 0.62365600
vt 0.59621600 0.62297800
vt 0.59621600 0.62297800
vt 0.61449500 0.62297800
vt 0.67983700 0.62365600
vt 0.67983700 0.62297800
vt 0.69358800 0.62297800
vt 0.64028100 0.62297800
vt 0.67983700 0.62297800
vt 0.67983700 0.62365600
vt 0.64028100 0.62297800
vt 0.64028100 0.62297800
vt 0.64028100 0.62365600
vt 0.61448900 0.62365600
vt 0.61448900 0.62365600
vt 0.59620700 0.62365600
vt 0.59620700 0.62297800
vt 0.59620700 0.62297800
vt 0.61448800 0.62297800
vt 0.57040600 0.62365600
vt 0.57040600 0.62297800
vt 0.59620700 0.62297800
vt 0.29693600 0.56032100
vt 0.29208300 0.55678000
vt 0.29208300 0.56436500
vt 0.30603700 0.56436500
vt 0.30603700 0.56032100
vt 0.67983400 0.62365600
vt 0.67983400 0.62297800
vt 0.69358700 0.62297800
vt 0.64028000 0.62365600
vt 0.64028000 0.62297800
vt 0.67983400 0.62297800
vt 0.61448500 0.62365600
vt 0.61448500 0.62297800
vt 0.64028000 0.62297800
vt 0.59620400 0.62365600
vt 0.59620400 0.62297800
vt 0.61448500 0.62297800
vt 0.57040500 0.62365600
vt 0.57040500 0.62297800
vt 0.59620400 0.62297800
vt 0.28116200 0.56032100
vt 0.27630900 0.55678000
vt 0.27630900 0.56436600
vt 0.29026300 0.56436600
vt 0.29026300 0.56032100
vt 0.67984000 0.62365600
vt 0.67984000 0.62297800
vt 0.69360200 0.62297800
vt 0.64028600 0.62297800
vt 0.67984000 0.62297800
vt 0.64028600 0.62365600
vt 0.67984000 0.62365600
vt 0.61448900 0.62365600
vt 0.61448900 0.62297800
vt 0.64028600 0.62297800
vt 0.59621000 0.62365600
vt 0.59621000 0.62365600
vt 0.59621000 0.62297800
vt 0.61448900 0.62297800
vt 0.61448900 0.62297800
vt 0.57041200 0.62365600
vt 0.57041200 0.62297800
vt 0.59621000 0.62297800
vt 0.28116200 0.56841200
vt 0.27630900 0.56487200
vt 0.27630900 0.57245800
vt 0.29026300 0.57245800
vt 0.29026300 0.56841200
vt 0.64671200 0.62365600
vt 0.64671200 0.62297800
vt 0.66047000 0.62297800
vt 0.60715800 0.62365600
vt 0.60715800 0.62297800
vt 0.64671200 0.62297800
vt 0.59340100 0.62365600
vt 0.59340100 0.62297800
vt 0.60715800 0.62297800
vt 0.55384600 0.62365600
vt 0.55384600 0.62297800
vt 0.59340100 0.62297800
vt 0.27630900 0.55627400
vt 0.29026300 0.55627400
vt 0.27630900 0.55222800
vt 0.44778500 0.62297800
vt 0.44783800 0.62364500
vt 0.44661500 0.62361300
vt 0.44860500 0.62297800
vt 0.44866100 0.62365000
vt 0.45185600 0.62297800
vt 0.45191200 0.62365000
vt 0.45106000 0.62306100
vt 0.45292800 0.62297900
vt 0.45311900 0.62359600
vt 0.38949800 0.55219800
vt 0.38949800 0.55219800
vt 0.38813900 0.55243100
vt 0.38729800 0.55346000
vt 0.38804600 0.55514600
vt 0.39101100 0.55403200
vt 0.39030100 0.55237500
vt 0.39020800 0.55502600
vt 0.47373100 0.62369100
vt 0.46825000 0.62384800
vt 0.46334100 0.62352900
vt 0.45397600 0.65084900
vt 0.45407000 0.62764900
vt 0.45468300 0.65697000
vt 0.45048800 0.50543000
vt 0.44742900 0.50549400
vt 0.44735700 0.50315300
vt 0.44721500 0.50775200
vt 0.44721000 0.50071400
vt 0.45048200 0.50217800
vt 0.45045000 0.50884800
vt 0.44734000 0.51176400
vt 0.45051700 0.51226400
vt 0.45043500 0.51526200
vt 0.45046400 0.51996200
vt 0.44764300 0.51753400
vt 0.55310600 0.30443300
vt 0.55079800 0.30881300
vt 0.55079800 0.30881300
vt 0.55505300 0.29870600
vt 0.55505300 0.29870600
vt 0.55159800 0.28562200
vt 0.55159800 0.28562200
vt 0.55704100 0.28509300
vt 0.55704100 0.28509300
vt 0.55694700 0.29025300
vt 0.44722200 0.96150500
vt 0.44722200 0.93476000
vt 0.45293000 0.94244400
vt 0.45697500 0.96150500
vt 0.45027200 0.93850900
vt 0.45694300 0.95098800
vt 0.45485400 0.94598700
vt 0.33419100 0.51274800
vt 0.33023100 0.51222600
vt 0.33555200 0.51006800
vt 0.33619700 0.50412000
vt 0.33018100 0.50541500
vt 0.33017400 0.50218300
vt 0.33590200 0.50145800
vt 0.33703700 0.50683300
vt 0.33012600 0.51530100
vt 0.33231200 0.51618700
vt 0.33015600 0.51991400
vt 0.33014600 0.50886700
vt 0.47690600 0.62704300
vt 0.46206400 0.62907600
vt 0.46206400 0.62501100
vt 0.44722200 0.63110800
vt 0.44722200 0.62297800
vt 0.47690600 0.62297800
vt 0.50635400 0.62297800
vt 0.53603800 0.62297800
vt 0.53603800 0.62704300
vt 0.47690600 0.63110800
vt 0.50635400 0.63110800
vt 0.56548600 0.62297800
vt 0.56548600 0.63110800
vt 0.53603800 0.63110800
vt 0.59512800 0.63110800
vt 0.62461800 0.62297800
vt 0.62461800 0.63110800
vt 0.65420400 0.62297800
vt 0.69847500 0.62501100
vt 0.68375000 0.62297800
vt 0.71319900 0.62297800
vt 0.68375000 0.63110800
vt 0.65420400 0.63110800
vt 0.69847500 0.62907600
vt 0.71319900 0.63110800
vt 0.45863900 0.62372800
vt 0.45061600 0.62350000
vt 0.45378100 0.62376000
vt 0.45437100 0.65324000
vt 0.45399900 0.62783200
vt 0.45366100 0.64983100
vt 0.44742000 0.50725000
vt 0.45046900 0.50640600
vt 0.44722800 0.50450300
vt 0.45049700 0.50454700
vt 0.44765200 0.51756900
vt 0.45046400 0.51996200
vt 0.45043100 0.51519800
vt 0.44721300 0.51534100
vt 0.44731400 0.51028300
vt 0.45047700 0.50891400
vt 0.44722700 0.50101100
vt 0.45050200 0.50224100
vt 0.45036600 0.50007800
vt 0.45049700 0.51215300
vt 0.44737500 0.51326100
vt 0.55642500 0.29292600
vt 0.55188600 0.28664700
vt 0.55087600 0.30863100
vt 0.55710000 0.28576900
vt 0.55388800 0.30248800
vt 0.55553400 0.29785400
vt 0.45027200 0.93850900
vt 0.45027200 0.93850900
vt 0.44722200 0.93476000
vt 0.44722200 0.96150500
vt 0.44722200 0.96150500
vt 0.45697500 0.96150500
vt 0.45292400 0.94242700
vt 0.45292400 0.94242700
vt 0.45478100 0.94582800
vt 0.45694200 0.95096200
vt 0.33016700 0.50641300
vt 0.33621500 0.50419300
vt 0.33020200 0.50453700
vt 0.33418700 0.51275700
vt 0.33550000 0.51017900
vt 0.33020600 0.51213000
vt 0.33017400 0.50890900
vt 0.33020800 0.50224600
vt 0.33590200 0.50145800
vt 0.33704200 0.50684700
vt 0.33012100 0.51523800
vt 0.33015600 0.51991400
vt 0.33231200 0.51618700
vt 0.41515300 0.62297800
vt 0.42140100 0.62641500
vt 0.42140100 0.62641500
vt 0.44722200 0.62297800
vt 0.44722200 0.62297800
vt 0.44722200 0.62297800
vt 0.44722200 0.63110800
vt 0.42654000 0.62860100
vt 0.42654000 0.62860100
vt 0.43460000 0.63108000
vt 0.44701700 0.63306700
vt 0.44968500 0.62832600
vt 0.44771400 0.62897000
vt 0.44709300 0.62376900
vt 0.44982800 0.63388300
vt 0.44711400 0.63877500
vt 0.44703100 0.64524400
vt 0.44967800 0.64453700
vt 0.44710500 0.65428900
vt 0.44973900 0.65002700
vt 0.44710200 0.64938500
vt 0.44956800 0.67117400
vt 0.44707900 0.66843800
vt 0.44709400 0.67322700
vt 0.44946600 0.66607200
vt 0.44703800 0.66256100
vt 0.44977900 0.66061300
vt 0.44704800 0.65728000
vt 0.44975400 0.67671200
vt 0.44698200 0.67780300
vt 0.44965300 0.68734200
vt 0.44713200 0.68299000
vt 0.44706200 0.69023100
vt 0.44706900 0.69464500
vt 0.44970400 0.69293500
vt 0.44977800 0.70903700
vt 0.44706000 0.70376100
vt 0.44708000 0.70930700
vt 0.44981400 0.71961100
vt 0.44703900 0.71474900
vt 0.44709800 0.72044200
vt 0.44704600 0.72436800
vt 0.44966900 0.72513400
vt 0.44702500 0.73795800
vt 0.44975100 0.73572100
vt 0.44708400 0.73273300
vt 0.45238800 0.73121500
vt 0.44706200 0.72831800
vt 0.44974400 0.75195000
vt 0.44704800 0.75050800
vt 0.44705700 0.75435400
vt 0.44978100 0.74642700
vt 0.44707500 0.74637100
vt 0.44971300 0.76807200
vt 0.44702400 0.76757300
vt 0.44714200 0.77330300
vt 0.44967300 0.77861400
vt 0.44701600 0.77868900
vt 0.44958400 0.76252800
vt 0.44707900 0.76160000
vt 0.44962800 0.78415700
vt 0.44702800 0.78420700
vt 0.44781500 0.78862900
vt 0.44982700 0.79475800
vt 0.44704600 0.79162400
vt 0.44710200 0.79576200
vt 0.44711600 0.80251300
vt 0.44970300 0.80030500
vt 0.44924000 0.80546700
vt 0.44698800 0.80859400
vt 0.44973900 0.81093200
vt 0.44705300 0.81350200
vt 0.44960800 0.82152700
vt 0.44794200 0.81684300
vt 0.44703700 0.82101500
vt 0.44706500 0.82482600
vt 0.44703200 0.82870900
vt 0.44976100 0.82705500
vt 0.45240900 0.63148000
vt 0.45240900 0.63982100
vt 0.45240900 0.65629900
vt 0.45240900 0.64807300
vt 0.44707900 0.69821100
vt 0.44973600 0.70353900
vt 0.44793000 0.74148300
vt 0.45240900 0.67294200
vt 0.45240900 0.66456700
vt 0.45241200 0.62268000
vt 0.45240900 0.68148000
vt 0.45240900 0.68993500
vt 0.45240900 0.69824700
vt 0.45240900 0.70648600
vt 0.45240900 0.71471700
vt 0.45240900 0.72300500
vt 0.45240900 0.73996800
vt 0.45240900 0.74838100
vt 0.44709300 0.75755500
vt 0.44965500 0.83761800
vt 0.44710400 0.83280100
vt 0.44712100 0.83712500
vt 0.44696700 0.84210300
vt 0.44961600 0.84311100
vt 0.44707800 0.84750400
vt 0.45240900 0.76490000
vt 0.45240900 0.75666900
vt 0.45240900 0.77313900
vt 0.45240900 0.78990600
vt 0.45240900 0.78145200
vt 0.45240900 0.79844400
vt 0.45240900 0.80681900
vt 0.45240900 0.82331400
vt 0.45240900 0.81508700
vt 0.45240900 0.83156500
vt 0.45240900 0.83990700
vt 0.45241000 0.84859500
vt 0.45227300 0.53043400
vt 0.45461200 0.52542500
vt 0.45040100 0.52540200
vt 0.46468900 0.52936700
vt 0.46712600 0.52539400
vt 0.46201200 0.52542800
vt 0.44753000 0.53017200
vt 0.44637800 0.52542500
vt 0.45744700 0.53112700
vt 0.45843200 0.52539900
vt 0.46981000 0.52782000
vt 0.47674500 0.52539100
vt 0.47176500 0.52540400
vt 0.59740500 0.62785600
vt 0.58967200 0.62785600
vt 0.58967200 0.62582400
vt 0.59740500 0.62582400
vt 0.60116100 0.62379100
vt 0.61818700 0.62379100
vt 0.58418200 0.62378800
vt 0.64580100 0.63192100
vt 0.63592300 0.62379100
vt 0.65403800 0.62379100
vt 0.67215200 0.62379100
vt 0.68988800 0.62379100
vt 0.68837600 0.63192100
vt 0.70691500 0.62379100
vt 0.66708800 0.63192100
vt 0.62451400 0.63192100
vt 0.60322600 0.63192100
vt 0.58193900 0.63192100
vt 0.73095100 0.63192100
vt 0.72297600 0.62379100
vt 0.73903700 0.62379100
vt 0.75606400 0.62379100
vt 0.77380000 0.62379100
vt 0.77352600 0.63192100
vt 0.75223800 0.63192100
vt 0.79191400 0.62379100
vt 0.81002900 0.62379100
vt 0.79481300 0.63192100
vt 0.83738800 0.63192100
vt 0.82776500 0.62379100
vt 0.84479200 0.62379100
vt 0.86085300 0.62379100
vt 0.85867500 0.63192100
vt 0.81610100 0.63192100
vt 0.70966300 0.63192100
vt 0.87996300 0.63192100
vt 0.50492400 0.44462300
vt 0.50570600 0.43918700
vt 0.50193400 0.44800900
vt 0.51424900 0.42872000
vt 0.50045300 0.46192800
vt 0.49955300 0.45693600
vt 0.49850000 0.46648200
vt 0.50109900 0.47962200
vt 0.52788300 0.41514800
vt 0.53287300 0.40981000
vt 0.52446700 0.41602400
vt 0.51706200 0.42306700
vt 0.51077500 0.43082900
vt 0.50069000 0.48508700
vt 0.49889200 0.47584200
vt 0.50682300 0.49666800
vt 0.50836400 0.50265200
vt 0.50386400 0.49407100
vt 0.51729000 0.51207000
vt 0.52104100 0.51807200
vt 0.51412000 0.51069500
vt 0.53188800 0.52492600
vt 0.53792300 0.53037800
vt 0.52901700 0.52466800
vt 0.54976300 0.53448300
vt 0.54502800 0.40470300
vt 0.57366300 0.39498900
vt 0.56270500 0.39705500
vt 0.56468000 0.39799700
vt 0.58568900 0.39542000
vt 0.55214400 0.40025000
vt 0.54214800 0.40452400
vt 0.58484600 0.39408500
vt 0.59607600 0.39435700
vt 0.59607600 0.39435700
vt 0.60682500 0.39712500
vt 0.60682500 0.39712500
vt 0.60682500 0.39712500
vt 0.60756800 0.39586100
vt 0.60756800 0.39586100
vt 0.61914700 0.39940800
vt 0.61330500 0.39729900
vt 0.61330500 0.39729900
vt 0.54761700 0.53511100
vt 0.55794700 0.53879400
vt 0.56874900 0.54136700
vt 0.56986800 0.54018100
vt 0.57985400 0.54279100
vt 0.57985400 0.54279100
vt 0.59812000 0.54241600
vt 0.60376400 0.54129300
vt 0.59102600 0.54168900
vt 0.59102600 0.54168900
vt 0.59133400 0.54304400
vt 0.59133400 0.54304400
vt 0.61244600 0.62679400
vt 0.61262500 0.62288600
vt 0.60628700 0.62679200
vt 0.59935200 0.62667100
vt 0.60206300 0.62267200
vt 0.59636900 0.62331000
vt 0.60719200 0.62332800
vt 0.62920800 0.62673400
vt 0.62890500 0.62328700
vt 0.62416900 0.62270700
vt 0.62377600 0.62676100
vt 0.61823600 0.62673700
vt 0.61674700 0.62269700
vt 0.63427300 0.62619300
vt 0.63404700 0.62271800
vt 0.65551400 0.62678900
vt 0.65303700 0.62292200
vt 0.64694000 0.62670400
vt 0.64511200 0.62273700
vt 0.63966300 0.62273500
vt 0.63996200 0.62673700
vt 0.66072100 0.62616400
vt 0.66309800 0.62279700
vt 0.67619500 0.62618300
vt 0.67700400 0.62270400
vt 0.67040000 0.62270700
vt 0.67057700 0.62674600
vt 0.69622000 0.62682600
vt 0.69633400 0.62273600
vt 0.68855200 0.62673100
vt 0.68879400 0.62273800
vt 0.68114600 0.62326200
vt 0.68084200 0.62672200
vt 0.71870400 0.62678000
vt 0.71843300 0.62274700
vt 0.71293100 0.62676700
vt 0.70440400 0.62673700
vt 0.70165400 0.62331900
vt 0.70694800 0.62274200
vt 0.71234900 0.62271500
vt 0.73961100 0.62615400
vt 0.73942000 0.62287400
vt 0.73455500 0.62676300
vt 0.72325200 0.62675200
vt 0.72350800 0.62270100
vt 0.72871800 0.62675100
vt 0.73100800 0.62277700
vt 0.74624400 0.62672200
vt 0.74351800 0.62274900
vt 0.74964800 0.62269400
vt 0.75952900 0.62675600
vt 0.75992300 0.62269000
vt 0.75428400 0.62334700
vt 0.75340300 0.62677500
vt 0.77057400 0.62678300
vt 0.77101400 0.62290400
vt 0.76551400 0.62331100
vt 0.76504600 0.62673800
vt 0.77869200 0.62675200
vt 0.77668500 0.62265900
vt 0.80228200 0.62677300
vt 0.80252400 0.62271900
vt 0.79546500 0.62275500
vt 0.78643000 0.62676400
vt 0.78775100 0.62268900
vt 0.78141700 0.62330800
vt 0.79436100 0.62675600
vt 0.80734200 0.62675900
vt 0.80766600 0.62327800
vt 0.81357200 0.62676100
vt 0.81360900 0.62273100
vt 0.82368900 0.62681500
vt 0.82685100 0.62275100
vt 0.82079300 0.62267600
vt 0.81842200 0.62625700
vt 0.83078300 0.62668600
vt 0.83449500 0.62270800
vt 0.84377500 0.62677000
vt 0.84694100 0.62273200
vt 0.83852800 0.62333600
vt 0.83708400 0.62678400
vt 0.85957100 0.62673300
vt 0.85965800 0.62273800
vt 0.85405900 0.62273800
vt 0.86384100 0.62679600
vt 0.86514300 0.62274100
vt 0.88597900 0.62680200
vt 0.88845300 0.62273200
vt 0.88107100 0.62615900
vt 0.87679400 0.62673100
vt 0.87517600 0.62270500
vt 0.87067300 0.62275900
vt 0.87089500 0.62678300
vt 0.88161600 0.62268700
vt 0.89405100 0.62672500
vt 0.89641100 0.62270000
vt 0.90247800 0.62622600
vt 0.90477700 0.62273100
vt 0.59190100 0.62678600
vt 0.59097200 0.62271500
vt 0.90933100 0.62272100
vt 0.90693200 0.62678100
vt 0.45829700 0.62732700
vt 0.45726200 0.62286300
vt 0.45293700 0.62500600
vt 0.47054700 0.62724500
vt 0.46987900 0.62288000
vt 0.46435600 0.62718800
vt 0.46407700 0.62283300
vt 0.47564100 0.62665700
vt 0.47529500 0.62285800
vt 0.49786700 0.62722200
vt 0.49908900 0.62283400
vt 0.49238900 0.62502600
vt 0.50412100 0.62720900
vt 0.50388500 0.62305200
vt 0.50877200 0.62664800
vt 0.50974600 0.62286400
vt 0.53750100 0.62669800
vt 0.53726800 0.62284600
vt 0.53194500 0.62723700
vt 0.52018500 0.62721500
vt 0.52171000 0.62289700
vt 0.51482900 0.62507500
vt 0.53149600 0.62344700
vt 0.52621400 0.62521600
vt 0.55800700 0.62723400
vt 0.55896500 0.62291700
vt 0.55438900 0.62496400
vt 0.54233900 0.62721700
vt 0.54321300 0.62281000
vt 0.57233400 0.62724400
vt 0.57120400 0.62447800
vt 0.56535600 0.62723000
vt 0.56587500 0.62342400
vt 0.58166400 0.62722500
vt 0.58215700 0.62287200
vt 0.57685600 0.62512100
vt 0.60597600 0.62721800
vt 0.60461400 0.62286800
vt 0.59945300 0.62498300
vt 0.59349600 0.62725100
vt 0.59365700 0.62351500
vt 0.58794300 0.62714500
vt 0.58751800 0.62282900
vt 0.64410800 0.62724500
vt 0.64396300 0.62286000
vt 0.63772000 0.62724400
vt 0.65106200 0.62723800
vt 0.64970900 0.62285400
vt 0.63877600 0.62350000
vt 0.63331800 0.62656600
vt 0.63385100 0.62282700
vt 0.62742300 0.62282600
vt 0.66074500 0.62719500
vt 0.66105600 0.62342700
vt 0.65573100 0.62543300
vt 0.65606900 0.62277900
vt 0.66635600 0.62724100
vt 0.66665500 0.62348400
vt 0.69492600 0.62718500
vt 0.69528800 0.62286900
vt 0.68852200 0.62724100
vt 0.68903200 0.62287100
vt 0.68400100 0.62484100
vt 0.70087900 0.62722400
vt 0.70117400 0.62344900
vt 0.49303200 0.62284700
vt 0.48831200 0.62283300
vt 0.48371300 0.62283200
vt 0.48700400 0.62721300
vt 0.45004400 0.62285700
vt 0.44604300 0.62286000
vt 0.48141200 0.62643600
vt 0.47906600 0.62282900
vt 0.51642700 0.62284000
vt 0.52787600 0.62285100
vt 0.57323300 0.62289800
vt 0.54971100 0.62287800
vt 0.49286700 0.62723900
vt 0.45018100 0.62709600
vt 0.51340600 0.62727000
vt 0.52550900 0.62725900
vt 0.54890400 0.62723500
vt 0.61069700 0.62482100
vt 0.61399400 0.62286100
vt 0.60886200 0.62282800
vt 0.59825600 0.62280100
vt 0.61635600 0.62496500
vt 0.61852400 0.62283200
vt 0.62259700 0.62369800
vt 0.68073000 0.62286000
vt 0.67601900 0.62283700
vt 0.67893000 0.62720000
vt 0.67142500 0.62285200
vt 0.67249500 0.62719700
vt 0.71739000 0.62285700
vt 0.70778700 0.62289900
vt 0.71202700 0.62500500
vt 0.59931900 0.62725300
vt 0.62069500 0.62723600
vt 0.61309600 0.62723400
vt 0.62768800 0.62724100
vt 0.70724700 0.62729700
vt 0.71481700 0.62708000
vt 0.39596400 0.55435400
vt 0.39596400 0.55435400
vt 0.42228300 0.54740900
vt 0.40253900 0.54952200
vt 0.40253900 0.54952200
vt 0.39650300 0.55284700
vt 0.40833400 0.54680700
vt 0.41625700 0.54415700
vt 0.45046300 0.59834300
vt 0.44859500 0.60171400
vt 0.45046500 0.60250900
vt 0.44730000 0.60634500
vt 0.45046400 0.60639000
vt 0.44723400 0.61642500
vt 0.44722800 0.62212400
vt 0.45047200 0.62032800
vt 0.45046900 0.61363400
vt 0.44722200 0.61175900
vt 0.45049700 0.61063400
vt 0.45049500 0.61681000
vt 0.45047500 0.62368100
vt 0.44869200 0.59867400
vt 0.45457700 0.62415000
vt 0.45894100 0.62332500
vt 0.45179300 0.62402100
vt 0.46447000 0.62400700
vt 0.46693600 0.62321200
vt 0.46973900 0.62399100
vt 0.47409100 0.62371300
vt 0.45148400 0.62309100
vt 0.44725200 0.62370000
vt 0.44763300 0.62437100
vt 0.49724800 0.62419900
vt 0.50088400 0.62356500
vt 0.49183900 0.62365100
vt 0.53191200 0.62534200
vt 0.53173100 0.62319000
vt 0.53674200 0.62260500
vt 0.54244400 0.62534200
vt 0.54297900 0.62261000
vt 0.54874600 0.62261200
vt 0.55297700 0.62534200
vt 0.55359300 0.62260000
vt 0.56350900 0.62534200
vt 0.56072400 0.62314500
vt 0.72114700 0.68164500
vt 0.72300700 0.71417400
vt 0.71816600 0.71260800
vt 0.72750700 0.67444800
vt 0.72693400 0.71548800
vt 0.70451700 0.64327700
vt 0.70914600 0.70882800
vt 0.70651600 0.70774500
vt 0.71241500 0.63949900
vt 0.71536100 0.63833400
vt 0.71276300 0.71041100
vt 0.70920400 0.64090300
vt 0.72307700 0.63534100
vt 0.71831100 0.63686600
vt 0.72799900 0.63414500
vt 0.74707900 0.67558400
vt 0.75035200 0.69602400
vt 0.74834100 0.71736100
vt 0.74331700 0.71770100
vt 0.73725700 0.71729600
vt 0.74056200 0.67555700
vt 0.73139600 0.71644300
vt 0.73403200 0.67512000
vt 0.73618600 0.63267100
vt 0.74155500 0.63221000
vt 0.73114500 0.63343700
vt 0.74382500 0.65379500
vt 0.74691600 0.63213900
vt 0.70290500 0.70552400
vt 0.75138300 0.63288300
vt 0.75361500 0.67491000
vt 0.75239100 0.71683100
vt 0.33557700 0.54169900
vt 0.33557700 0.54169900
vt 0.32769800 0.55853200
vt 0.32769800 0.55853200
vt 0.44957100 0.57865800
vt 0.33160700 0.55010400
vt 0.44565100 0.58706400
vt 0.44173000 0.59547100
vt 0.49174000 0.62401400
vt 0.49199900 0.62328100
vt 0.48855700 0.62402900
vt 0.49521300 0.62403100
vt 0.50033400 0.62410500
vt 0.49887800 0.62314200
vt 0.44965000 0.62424700
vt 0.45450600 0.62364300
vt 0.44990700 0.62334200
vt 0.50244400 0.62366700
vt 0.44890700 0.68395100
vt 0.44976800 0.62674000
vt 0.44890100 0.62650800
vt 0.44888200 0.62378400
vt 0.45513500 0.62369600
vt 0.45588900 0.62274500
vt 0.47393600 0.62411100
vt 0.47831200 0.62350100
vt 0.46994100 0.62353100
vt 0.48558300 0.62362200
vt 0.48466400 0.62298600
vt 0.45417900 0.63224200
vt 0.45360600 0.63347200
vt 0.45362000 0.73545400
vt 0.45419400 0.73728700
vt 0.45486700 0.63146600
vt 0.45482200 0.74198700
vt 0.45020200 0.62379100
vt 0.45365000 0.62350700
vt 0.45356800 0.62295500
vt 0.45438200 0.62409000
vt 0.44912300 0.64007500
vt 0.44849900 0.64359300
vt 0.44851700 0.85106500
vt 0.44912500 0.85097200
vt 0.44722200 0.62297800
vt 0.44975800 0.46261600
vt 0.44722200 0.46294400
vt 0.44985800 0.62530300
vt 0.46113300 0.62358000
vt 0.45545300 0.62294300
vt 0.44830800 0.62347700
vt 0.45274500 0.62408700
vt 0.46924700 0.62350400
vt 0.47418500 0.62416000
vt 0.47848500 0.62355900
vt 0.60909300 0.62357000
vt 0.62080200 0.62352500
vt 0.61396100 0.62274500
vt 0.67454400 0.62357700
vt 0.68486600 0.62355700
vt 0.68071200 0.62283600
vt 0.71552700 0.62356700
vt 0.72124200 0.62412500
vt 0.72630400 0.62355500
vt 0.72031100 0.62273300
vt 0.45505000 0.61504900
vt 0.45404700 0.62247500
vt 0.45413800 0.64548600
vt 0.54861700 0.62360700
vt 0.53728400 0.62356200
vt 0.54222300 0.62432700
vt 0.65090700 0.62419400
vt 0.65721600 0.62355700
vt 0.64539000 0.62357600
vt 0.68820100 0.62361000
vt 0.67791700 0.62356300
vt 0.68303500 0.62423900
vt 0.70768200 0.62357600
vt 0.71407700 0.62446500
vt 0.71658600 0.62343100
vt 0.72066300 0.62424400
vt 0.72648700 0.62352900
vt 0.51402500 0.62376700
vt 0.51679500 0.62291200
vt 0.50838100 0.62351300
vt 0.54771100 0.62297400
vt 0.54177700 0.62354300
vt 0.55282100 0.62356100
vt 0.52080300 0.62355000
vt 0.54603800 0.62420100
vt 0.57874100 0.62360800
vt 0.57874100 0.62360800
vt 0.57401500 0.62294200
vt 0.56765300 0.62360900
vt 0.58438200 0.62336100
vt 0.58683800 0.62417700
vt 0.58987200 0.62293800
vt 0.59546100 0.62358900
vt 0.59546100 0.62358900
vt 0.61592000 0.62339500
vt 0.61895400 0.62428500
vt 0.62435500 0.62348200
vt 0.61181500 0.62350600
vt 0.64841600 0.62352900
vt 0.65329300 0.62451600
vt 0.65908100 0.62353800
vt 0.65374100 0.62292900
vt 0.75350800 0.62362500
vt 0.76455100 0.62356400
vt 0.75918500 0.62294100
vt 0.69236200 0.62346400
vt 0.69813500 0.62419100
vt 0.70239000 0.62332900
vt 0.70469400 0.62424100
vt 0.71034100 0.62353300
vt 0.72660400 0.62296400
vt 0.72146800 0.62354500
vt 0.73131500 0.62357800
vt 0.74288700 0.62338400
vt 0.73873700 0.62356200
vt 0.74574200 0.62420700
vt 0.74835400 0.62292000
vt 0.44976000 0.62352200
vt 0.45237100 0.62306700
vt 0.44715900 0.62302400
vt 0.45721700 0.62349000
vt 0.45002900 0.62403300
vt 0.47420200 0.62352000
vt 0.48000400 0.62353200
vt 0.47907000 0.62297700
vt 0.47925300 0.62409800
vt 0.44656000 0.64974900
vt 0.44656000 0.64974900
vt 0.44397200 0.64972400
vt 0.44397200 0.93476000
vt 0.44397200 0.93476000
vt 0.44657200 0.93472900
vt 0.45298400 0.63407500
vt 0.45358500 0.73526000
vt 0.45360600 0.63330000
vt 0.45301100 0.70821600
vt 0.45303900 0.73930300
vt 0.45079900 0.61277800
vt 0.45079900 0.53752500
vt 0.45079900 0.53752500
vt 0.44815700 0.53755500
vt 0.44821700 0.61262700
vt 0.44821700 0.61262700
vt 0.51358400 0.63649000
vt 0.51867800 0.63722400
vt 0.50860600 0.63723200
vt 0.51373300 0.63776100
vt 0.56588000 0.63717800
vt 0.57543700 0.63720100
vt 0.56962400 0.63779200
vt 0.58535900 0.63741300
vt 0.58242500 0.63669700
vt 0.58985800 0.63721400
vt 0.61187000 0.63720100
vt 0.62041500 0.63723000
vt 0.61605500 0.63783500
vt 0.58028800 0.63774100
vt 0.45730500 0.64074400
vt 0.44834800 0.64120700
vt 0.45082400 0.63728800
vt 0.46129100 0.64124300
vt 0.45760100 0.63718600
vt 0.48307200 0.64124300
vt 0.47807200 0.64123400
vt 0.47903700 0.63717900
vt 0.48885900 0.64124700
vt 0.48604600 0.63724200
vt 0.47236300 0.64125400
vt 0.46683800 0.64127500
vt 0.46546900 0.63725200
vt 0.47274700 0.63722500
vt 0.49386100 0.63720900
vt 0.50789700 0.64125800
vt 0.50243400 0.64125400
vt 0.50171000 0.63726900
vt 0.49542200 0.64122000
vt 0.51827300 0.64122500
vt 0.51367800 0.64068200
vt 0.51373300 0.63776300
vt 0.50861100 0.63723000
vt 0.53131900 0.63727900
vt 0.52392100 0.64122000
vt 0.52425200 0.63723600
vt 0.51867300 0.63722300
vt 0.55005900 0.64122800
vt 0.54461600 0.64120000
vt 0.54448200 0.63728200
vt 0.53429400 0.64127700
vt 0.52921600 0.64062800
vt 0.53942400 0.64066200
vt 0.53844900 0.63718400
vt 0.55501600 0.64122500
vt 0.54900000 0.63723100
vt 0.55986100 0.64069600
vt 0.55435100 0.63719700
vt 0.57023800 0.64123200
vt 0.56448100 0.64121300
vt 0.56588100 0.63717600
vt 0.55981400 0.63721800
vt 0.59212600 0.64118600
vt 0.58542700 0.64063800
vt 0.58535800 0.63740700
vt 0.57996900 0.64126400
vt 0.57477800 0.64070400
vt 0.57544700 0.63721000
vt 0.56962500 0.63779300
vt 0.58028800 0.63774300
vt 0.59984600 0.64127900
vt 0.59842400 0.63726000
vt 0.61119000 0.64124400
vt 0.60544700 0.64125000
vt 0.60563800 0.63722800
vt 0.62690000 0.64121200
vt 0.62171900 0.64125400
vt 0.62041400 0.63722500
vt 0.63369600 0.64121700
vt 0.62688600 0.63719900
vt 0.61631900 0.64126100
vt 0.61605500 0.63783500
vt 0.61187300 0.63719900
vt 0.64688800 0.64068900
vt 0.64123700 0.64123800
vt 0.64182500 0.63722600
vt 0.65235300 0.64128500
vt 0.64661200 0.63727100
vt 0.63486000 0.63726200
vt 0.66698200 0.64125000
vt 0.65951100 0.64120700
vt 0.66089100 0.63722800
vt 0.65317300 0.63716500
vt 0.67400000 0.64121300
vt 0.66687400 0.63724400
vt 0.68179700 0.64125900
vt 0.67830900 0.63721800
vt 0.69276000 0.63720700
vt 0.68800800 0.64122300
vt 0.68495800 0.63719300
vt 0.69726800 0.64124500
vt 0.69268400 0.64069100
vt 0.70392400 0.64119800
vt 0.70023700 0.63724500
vt 0.70831000 0.63719700
vt 0.71125300 0.64125500
vt 0.71511300 0.63718400
vt 0.46129800 0.64124600
vt 0.44836400 0.64122600
vt 0.45730900 0.64074600
vt 0.45382300 0.64187700
vt 0.51827800 0.64122300
vt 0.50788700 0.64124100
vt 0.51367800 0.64068300
vt 0.51354100 0.64192100
vt 0.52392400 0.64120600
vt 0.53430500 0.64129400
vt 0.52714200 0.64190800
vt 0.52921600 0.64062800
vt 0.54461700 0.64120000
vt 0.54066800 0.64205000
vt 0.55501100 0.64122300
vt 0.56448000 0.64121000
vt 0.56038500 0.64193100
vt 0.57477700 0.64070500
vt 0.57997500 0.64128200
vt 0.57023500 0.64123100
vt 0.55986000 0.64069800
vt 0.53942400 0.64066300
vt 0.59213600 0.64118400
vt 0.58694000 0.64192400
vt 0.58542500 0.64063800
vt 0.64123300 0.64123100
vt 0.65235500 0.64128700
vt 0.64650900 0.64193700
vt 0.64688800 0.64069100
vt 0.68800500 0.64122100
vt 0.69726600 0.64123700
vt 0.69345000 0.64198800
vt 0.69268300 0.64069200
vt 0.51385700 0.64590500
vt 0.50715300 0.64396700
vt 0.51354700 0.64191800
vt 0.50049300 0.64357000
vt 0.50791700 0.64124500
vt 0.52036500 0.64339400
vt 0.54700000 0.64362700
vt 0.54010100 0.64591000
vt 0.54067000 0.64204400
vt 0.53382200 0.64349600
vt 0.52716200 0.64397700
vt 0.52713900 0.64191300
vt 0.55867600 0.64587900
vt 0.55368000 0.64355600
vt 0.56039000 0.64193900
vt 0.63342300 0.64429500
vt 0.62683500 0.64337900
vt 0.63370700 0.64118100
vt 0.64017700 0.64345500
vt 0.66014600 0.64393100
vt 0.65343200 0.64416600
vt 0.65232800 0.64126200
vt 0.64589100 0.64587600
vt 0.64650900 0.64193700
vt 0.67993100 0.64376800
vt 0.67297600 0.64589700
vt 0.67399800 0.64116900
vt 0.70002500 0.64356500
vt 0.69433800 0.64591200
vt 0.69345600 0.64199300
vt 0.68667600 0.64359700
vt 0.46732700 0.64352000
vt 0.46686300 0.64126600
vt 0.47238300 0.64123000
vt 0.47401400 0.64341700
vt 0.47808100 0.64120900
vt 0.48061000 0.64342700
vt 0.48306000 0.64121600
vt 0.48717500 0.64346100
vt 0.48884200 0.64122100
vt 0.46130600 0.64119900
vt 0.49541200 0.64119100
vt 0.49382900 0.64367700
vt 0.50243800 0.64124600
vt 0.45394100 0.64397800
vt 0.44833500 0.64116000
vt 0.45381500 0.64188200
vt 0.51827700 0.64120400
vt 0.52393700 0.64121900
vt 0.54460300 0.64119100
vt 0.55005200 0.64119800
vt 0.55501500 0.64120900
vt 0.53429600 0.64126000
vt 0.56696400 0.64314500
vt 0.56447200 0.64121200
vt 0.57023400 0.64121200
vt 0.57359600 0.64342200
vt 0.57998000 0.64125900
vt 0.58023800 0.64351900
vt 0.45156300 0.64601100
vt 0.44711800 0.64548100
vt 0.46004400 0.64586600
vt 0.47726600 0.64593300
vt 0.48484600 0.64593200
vt 0.47001500 0.64594900
vt 0.49872100 0.64589200
vt 0.50459400 0.64593400
vt 0.49234600 0.64592900
vt 0.52245700 0.64593100
vt 0.53172100 0.64593500
vt 0.54848500 0.64597500
vt 0.56481900 0.64596700
vt 0.57121400 0.64588900
vt 0.57715000 0.64593700
vt 0.58694100 0.64193100
vt 0.59359100 0.64300800
vt 0.59212300 0.64115800
vt 0.59984500 0.64124900
vt 0.60694900 0.64346700
vt 0.60546600 0.64122700
vt 0.61120200 0.64121800
vt 0.61355100 0.64355100
vt 0.61631100 0.64124100
vt 0.62017600 0.64344900
vt 0.62170600 0.64123000
vt 0.62689100 0.64119400
vt 0.64122800 0.64122500
vt 0.68178600 0.64124500
vt 0.68799400 0.64120700
vt 0.66679400 0.64328700
vt 0.65948700 0.64118100
vt 0.66699200 0.64124400
vt 0.69725500 0.64123600
vt 0.70393200 0.64116600
vt 0.70650900 0.64356700
vt 0.71124100 0.64120500
vt 0.58610500 0.64592200
vt 0.59219700 0.64592400
vt 0.60010900 0.64587100
vt 0.60858200 0.64595200
vt 0.61728000 0.64593200
vt 0.62616200 0.64592000
vt 0.63654300 0.64596700
vt 0.65140500 0.64594800
vt 0.65914500 0.64595100
vt 0.66631600 0.64587100
vt 0.68062400 0.64593000
vt 0.68793500 0.64597600
vt 0.70407400 0.64598700
vt 0.71198400 0.64574400
vt 0.52125500 0.63458600
vt 0.51359300 0.63648600
vt 0.51377500 0.63457800
vt 0.66088100 0.63723600
vt 0.65316400 0.63718500
vt 0.66159100 0.63457800
vt 0.66894400 0.63458500
vt 0.45482800 0.63472300
vt 0.44722200 0.63246400
vt 0.46209800 0.63457500
vt 0.47690600 0.63246400
vt 0.46936200 0.63473000
vt 0.44509700 0.63715300
vt 0.45760100 0.63720600
vt 0.47690200 0.63541000
vt 0.48438200 0.63465300
vt 0.49162800 0.63457600
vt 0.47273700 0.63724700
vt 0.50635400 0.63246400
vt 0.46547400 0.63728100
vt 0.45080600 0.63729900
vt 0.47901800 0.63719400
vt 0.50637600 0.63514400
vt 0.49884800 0.63467400
vt 0.53603800 0.63246400
vt 0.52845000 0.63469600
vt 0.54346200 0.63465200
vt 0.53603700 0.63540900
vt 0.56548600 0.63246400
vt 0.55069200 0.63456800
vt 0.56588200 0.63720000
vt 0.55802400 0.63465800
vt 0.57297000 0.63469400
vt 0.48602200 0.63726800
vt 0.49384800 0.63722200
vt 0.50861000 0.63723600
vt 0.51867700 0.63724600
vt 0.50170200 0.63731300
vt 0.53131000 0.63732500
vt 0.54902100 0.63725800
vt 0.55980000 0.63723900
vt 0.55435100 0.63722300
vt 0.58031900 0.63456900
vt 0.57543200 0.63722200
vt 0.53843600 0.63719700
vt 0.52425100 0.63726400
vt 0.54448900 0.63730200
vt 0.58241700 0.63669500
vt 0.58752300 0.63470300
vt 0.59512800 0.63246400
vt 0.60260100 0.63464300
vt 0.60977600 0.63457800
vt 0.62461800 0.63246400
vt 0.61714000 0.63468700
vt 0.59512800 0.63563600
vt 0.59841600 0.63729500
vt 0.62462300 0.63541200
vt 0.63204900 0.63464800
vt 0.58985200 0.63722300
vt 0.60562900 0.63725100
vt 0.61186400 0.63721100
vt 0.63936700 0.63457500
vt 0.65420400 0.63246400
vt 0.64669600 0.63468200
vt 0.68375000 0.63246400
vt 0.67631400 0.63464700
vt 0.71319900 0.63246400
vt 0.69840700 0.63457100
vt 0.68498700 0.63722300
vt 0.69113700 0.63461500
vt 0.70563000 0.63469900
vt 0.62040600 0.63724800
vt 0.62687500 0.63721100
vt 0.64181200 0.63724700
vt 0.63485200 0.63729800
vt 0.66687700 0.63725300
vt 0.67829100 0.63724100
vt 0.69273600 0.63723300
vt 0.67275900 0.63723800
vt 0.71516800 0.63718400
vt 0.70021800 0.63727300
vt 0.64660400 0.63729300
vt 0.70830900 0.63719900
vt 0.48767200 0.61502000
vt 0.49229000 0.61636600
vt 0.47980200 0.61604500
vt 0.49720200 0.61505300
vt 0.48097000 0.61721200
vt 0.44467100 0.62434200
vt 0.44751200 0.62282400
vt 0.50018400 0.61667200
vt 0.50414900 0.61565300
vt 0.50740700 0.61754100
vt 0.51131000 0.61682600
vt 0.51615600 0.61947400
vt 0.51820900 0.61857500
vt 0.52358500 0.62191900
vt 0.52386600 0.62044200
vt 0.52881300 0.62254200
vt 0.52908600 0.62428600
vt 0.51065700 0.73801700
vt 0.50155700 0.73926400
vt 0.50482500 0.73750100
vt 0.49803700 0.73817000
vt 0.46382800 0.73913900
vt 0.46061600 0.73819600
vt 0.51300800 0.73600700
vt 0.53079600 0.72957700
vt 0.52315900 0.73448700
vt 0.52010700 0.73397900
vt 0.52974000 0.73175200
vt 0.53367900 0.62665700
vt 0.53615900 0.62627700
vt 0.53528300 0.72711200
vt 0.53518100 0.72898900
vt 0.53996200 0.63051000
vt 0.51654300 0.73651200
vt 0.54242300 0.63043500
vt 0.54869700 0.63556300
vt 0.54674000 0.63590700
vt 0.55177000 0.64090800
vt 0.55375700 0.64076200
vt 0.55805400 0.64643600
vt 0.55922000 0.65125400
vt 0.56245400 0.65373300
vt 0.56434700 0.65837700
vt 0.56348900 0.66084100
vt 0.56601100 0.66323200
vt 0.56578200 0.67051900
vt 0.56702800 0.66777700
vt 0.56787000 0.67463800
vt 0.56614200 0.68000400
vt 0.56787700 0.67943300
vt 0.55479700 0.71258800
vt 0.54752500 0.71805400
vt 0.55101800 0.71450300
vt 0.54951700 0.71836700
vt 0.55989300 0.70553700
vt 0.55679400 0.70727300
vt 0.54058700 0.72551200
vt 0.54273500 0.72208500
vt 0.54599400 0.72143800
vt 0.56287300 0.69564100
vt 0.56554400 0.68561600
vt 0.56570800 0.69232400
vt 0.56735400 0.68569000
vt 0.56327900 0.69901400
vt 0.55983600 0.70226500
vt 0.45300400 0.67042300
vt 0.45228800 0.67270800
vt 0.45298100 0.83517700
vt 0.45304600 0.64178000
vt 0.45360600 0.66991500
vt 0.45372800 0.64486800
vt 0.45360600 0.79629500
vt 0.45158800 0.65631600
vt 0.45105700 0.66094800
vt 0.45165800 0.68853200
vt 0.45231800 0.97322900
vt 0.45230600 0.68824900
vt 0.45165900 0.97292800
vt 0.45106800 0.99994500
vt 0.45161800 1.00412300
vt 0.47137300 0.62777700
vt 0.46542400 0.62815100
vt 0.45982100 0.62779400
vt 0.49034200 0.62778400
vt 0.48485500 0.62817700
vt 0.47848300 0.62781400
vt 0.58943100 0.62778400
vt 0.58413400 0.62817600
vt 0.57832300 0.62778000
vt 0.62767900 0.62780000
vt 0.62767900 0.62780000
vt 0.62158500 0.62817900
vt 0.61507000 0.62778700
vt 0.65828300 0.62778700
vt 0.65182700 0.62815900
vt 0.64644000 0.62779000
vt 0.68914300 0.62778700
vt 0.68346100 0.62816900
vt 0.67741600 0.62777900
vt 0.71415100 0.62779800
vt 0.70814100 0.62817100
vt 0.70213200 0.62779500
vt 0.72609300 0.62779000
vt 0.71997700 0.62823800
vt 0.33581500 0.67030400
vt 0.33369200 0.67098100
vt 0.33364000 0.67558300
vt 0.33104900 0.67788500
vt 0.33192800 0.68097600
vt 0.34224100 0.65667700
vt 0.33675300 0.66486800
vt 0.34078300 0.66150700
vt 0.32934500 0.68446300
vt 0.32844800 0.69071700
vt 0.33081500 0.68598200
vt 0.32814000 0.69616400
vt 0.33007400 0.69141000
vt 0.32996200 0.70067400
vt 0.36374700 0.63735600
vt 0.35877700 0.64062200
vt 0.36036500 0.64141100
vt 0.35116800 0.64688000
vt 0.35221000 0.64806900
vt 0.36555000 0.63797600
vt 0.37083500 0.63496800
vt 0.36939800 0.63402200
vt 0.34710900 0.65326400
vt 0.34631900 0.65180800
vt 0.33049700 0.70587000
vt 0.32820600 0.70129300
vt 0.32894700 0.70700700
vt 0.33092100 0.71542700
vt 0.33164100 0.71164800
vt 0.33307100 0.71652200
vt 0.33321900 0.72165400
vt 0.33498400 0.72158900
vt 0.33632100 0.72810500
vt 0.34010200 0.73120500
vt 0.34120600 0.73573100
vt 0.34638800 0.73964600
vt 0.34537800 0.74091900
vt 0.35062300 0.74414600
vt 0.35296100 0.74843100
vt 0.35816900 0.75257700
vt 0.35886700 0.75123700
vt 0.36364900 0.75456000
vt 0.36267800 0.75576800
vt 0.36838700 0.75745100
vt 0.36875200 0.75932800
vt 0.37438900 0.76055600
vt 0.39253900 0.62524400
vt 0.38564300 0.62720500
vt 0.39370900 0.62647200
vt 0.39909800 0.62388700
vt 0.38694300 0.62832200
vt 0.40614400 0.62295500
vt 0.40502000 0.62447800
vt 0.37569300 0.63093300
vt 0.37613500 0.63239300
vt 0.37762200 0.76361300
vt 0.41140700 0.62388400
vt 0.44690400 0.62288500
vt 0.45005300 0.62381400
vt 0.38403400 0.76602100
vt 0.38497200 0.76477500
vt 0.39055600 0.76646600
vt 0.38934200 0.76761100
vt 0.39572700 0.76919800
vt 0.39735600 0.76806800
vt 0.40445200 0.77047000
vt 0.41426700 0.77137900
vt 0.40922800 0.76968800
vt 0.42116900 0.76996200
vt 0.46759900 0.76153300
vt 0.43432800 0.76869100
vt 0.42803500 0.77086800
vt 0.46361200 0.76397400
vt 0.42127100 0.77141500
vt 0.42773700 0.76954200
vt 0.45348400 0.63159000
vt 0.45706900 0.62770100
vt 0.44723200 0.62929200
vt 0.46695800 0.62290000
vt 0.44707400 0.62038000
vt 0.44717300 0.62473800
vt 0.44725500 0.63409400
vt 0.44719900 0.63760300
vt 0.45540800 0.63497400
vt 0.45758000 0.63722500
vt 0.44719500 0.64092600
vt 0.44724900 0.64625300
vt 0.45544600 0.64434900
vt 0.45340100 0.65582700
vt 0.44726600 0.65211200
vt 0.44722200 0.65611500
vt 0.45419200 0.65034000
vt 0.44725400 0.66078700
vt 0.45235300 0.65921700
vt 0.44723300 0.66525000
vt 0.45079200 0.66675000
vt 0.46098200 0.63010200
vt 0.44724400 0.66946200
vt 0.45013500 0.67284400
vt 0.44722000 0.67421700
vt 0.44988100 0.67681100
vt 0.44978300 0.68076400
vt 0.44721900 0.67848100
vt 0.44759800 0.68604200
vt 0.52714200 0.71775400
vt 0.52600000 0.71678900
vt 0.51011700 0.73597000
vt 0.54963300 0.70514100
vt 0.51160400 0.73651700
vt 0.54899200 0.70389600
vt 0.57646200 0.70021200
vt 0.57641700 0.69885800
vt 0.60366700 0.70246800
vt 0.50379800 0.75865500
vt 0.50379800 0.75865500
vt 0.50397100 0.76432100
vt 0.50397100 0.76432100
vt 0.50542200 0.75871000
vt 0.50542200 0.75871000
vt 0.50493300 0.76924500
vt 0.62789900 0.71436700
vt 0.60312000 0.70374400
vt 0.62682600 0.71538500
vt 0.64346400 0.73312600
vt 0.64490700 0.73250300
vt 0.65290400 0.75491900
vt 0.65128700 0.75505500
vt 0.64895600 0.77757300
vt 0.64895600 0.77757300
vt 0.64833600 0.78315100
vt 0.64833600 0.78315100
vt 0.65052100 0.77793800
vt 0.65052100 0.77793800
vt 0.64554900 0.78770000
vt 0.44840400 0.52032900
vt 0.44871400 0.52000000
vt 0.44762600 0.51750200
vt 0.44841000 0.52031900
vt 0.44761600 0.51746500
vt 0.44874800 0.51999500
vt 0.53443700 0.56846900
vt 0.53443700 0.56846900
vt 0.53444400 0.56220000
vt 0.53615100 0.56044100
vt 0.53615100 0.56044100
vt 0.53615100 0.56044100
vt 0.53589700 0.57022900
vt 0.53589700 0.57022900
vt 0.53987200 0.56032000
vt 0.53987200 0.56032000
vt 0.53987200 0.57043500
vt 0.52708200 0.56950000
vt 0.52483400 0.57070000
vt 0.52172000 0.56125500
vt 0.52170400 0.56895800
vt 0.52279700 0.57035400
vt 0.52600600 0.56040100
vt 0.52396900 0.56005500
vt 0.52709800 0.56179700
vt 0.55259400 0.56182500
vt 0.55259400 0.56182500
vt 0.55259400 0.56182500
vt 0.55031500 0.57070000
vt 0.54720200 0.56125500
vt 0.54720200 0.56125500
vt 0.54720200 0.56125500
vt 0.54718600 0.56895800
vt 0.54827800 0.57035400
vt 0.54827800 0.57035400
vt 0.55148900 0.56040200
vt 0.54945000 0.56005500
vt 0.54945000 0.56005500
vt 0.55252200 0.56952800
vt 0.00707000 0.65748200
vt 0.00000000 0.67964700
vt 0.21927300 0.71849200
vt 0.00309500 0.70199900
vt 0.20887300 0.71981400
vt 0.02309000 0.63935000
vt 0.10504800 0.62297800
vt 0.04632000 0.62716700
vt 0.07296300 0.62297800
vt 0.22979400 0.71858700
vt 0.44698200 0.62297800
vt 0.55421500 0.65833900
vt 0.12102200 0.73713400
vt 0.01600900 0.72221200
vt 0.03663500 0.73687500
vt 0.06249500 0.74429900
vt 0.08979900 0.74329000
vt 0.24015800 0.72009400
vt 0.42599100 0.76026400
vt 0.55946200 0.72551200
vt 0.48131000 0.62298900
vt 0.51429300 0.62912900
vt 0.49813500 0.62472600
vt 0.52971100 0.63638600
vt 0.54332700 0.64630500
vt 0.56589500 0.68543200
vt 0.56178900 0.67168100
vt 0.56678400 0.69878200
vt 0.45703400 0.76697400
vt 0.50841700 0.76510500
vt 0.52442200 0.75879200
vt 0.47590600 0.76926900
vt 0.49192000 0.76852800
vt 0.55075700 0.73836500
vt 0.53885800 0.74971500
vt 0.56474500 0.71204300
vt 0.45986200 0.63618000
vt 0.45990100 0.63286000
vt 0.45330600 0.63616300
vt 0.46092300 0.62946800
vt 0.45330600 0.62957100
vt 0.46412600 0.64602900
vt 0.46412600 0.64274000
vt 0.45571600 0.64598600
vt 0.45528700 0.64260100
vt 0.46196500 0.63951800
vt 0.45330600 0.63945200
vt 0.45330600 0.62627400
vt 0.44784300 0.62292800
vt 0.44779000 0.62727800
vt 0.44730400 0.63126400
vt 0.45330600 0.63286700
vt 0.44727900 0.63527200
vt 0.45871600 0.62297800
vt 0.44727000 0.64006700
vt 0.44729000 0.64525300
vt 0.44789700 0.64931700
vt 0.45871600 0.64931700
vt 0.46996900 0.62410200
vt 0.46412600 0.62627400
vt 0.46999800 0.62824200
vt 0.47023300 0.63801000
vt 0.47023700 0.63441100
vt 0.46999600 0.63156800
vt 0.46952600 0.64062300
vt 0.47024200 0.64349200
vt 0.47007700 0.64833600
vt 0.46953700 0.64931700
vt 0.46870900 0.32277100
vt 0.46870900 0.32277100
vt 0.46870900 0.32277100
vt 0.48783300 0.30425100
vt 0.48783300 0.30425100
vt 0.48057500 0.30627100
vt 0.48057500 0.30627100
vt 0.46829200 0.30877200
vt 0.52421200 0.28619500
vt 0.52421200 0.28619500
vt 0.52421200 0.28619500
vt 0.51761800 0.29066300
vt 0.51761800 0.29066300
vt 0.51761800 0.29066300
vt 0.51950400 0.35198200
vt 0.51950400 0.35198200
vt 0.51950400 0.35198200
vt 0.51080600 0.29433100
vt 0.51080600 0.29433100
vt 0.50420600 0.29732300
vt 0.50420600 0.29732300
vt 0.51361100 0.34759900
vt 0.51361100 0.34759900
vt 0.51361100 0.34759900
vt 0.51361100 0.34759900
vt 0.51361100 0.34759900
vt 0.53449600 0.27667200
vt 0.53449600 0.27667200
vt 0.52980000 0.28148400
vt 0.52980000 0.28148400
vt 0.52980000 0.28148400
vt 0.53090200 0.36529800
vt 0.53090200 0.36529800
vt 0.53090200 0.36529800
vt 0.52504400 0.35692200
vt 0.52504400 0.35692200
vt 0.52504400 0.35692200
vt 0.49658000 0.30004900
vt 0.49658000 0.30004900
vt 0.49658000 0.30004900
vt 0.48907600 0.30240100
vt 0.52865700 0.36194400
vt 0.52865700 0.36194400
vt 0.53320100 0.36987400
vt 0.53872600 0.27101500
vt 0.53872600 0.27101500
vt 0.53872600 0.27101500
vt 0.53479500 0.37476700
vt 0.53479500 0.37476700
vt 0.53479500 0.37476700
vt 0.56200500 0.25059700
vt 0.56200500 0.25059700
vt 0.56200500 0.25059700
vt 0.56200500 0.25059700
vt 0.56200500 0.25059700
vt 0.56200500 0.25059700
vt 0.54202000 0.26507500
vt 0.54202000 0.26507500
vt 0.54439100 0.25838800
vt 0.54439100 0.25838800
vt 0.55647800 0.24957300
vt 0.54510000 0.25009900
vt 0.53632900 0.38167500
vt 0.53632900 0.38167500
vt 0.53000900 0.58908000
vt 0.55166000 0.58948400
vt 0.54075300 0.58930800
vt 0.48546000 0.55804400
vt 0.48546000 0.55804400
vt 0.48546000 0.55804400
vt 0.48546000 0.55804400
vt 0.47623700 0.54518900
vt 0.47623700 0.54518900
vt 0.47623700 0.54518900
vt 0.50415300 0.55237900
vt 0.50415300 0.55237900
vt 0.50415300 0.55237900
vt 0.50415300 0.55237900
vt 0.45085000 0.55594400
vt 0.45743800 0.55180900
vt 0.45743800 0.55180900
vt 0.48280600 0.55867200
vt 0.48280600 0.55867200
vt 0.48280600 0.55867200
vt 0.48280600 0.55867200
vt 0.46355600 0.54829200
vt 0.46355600 0.54829200
vt 0.46906000 0.54618300
vt 0.51317700 0.55222800
vt 0.51317700 0.55222800
vt 0.51317700 0.55222800
vt 0.50630100 0.55243700
vt 0.50432400 0.55506100
vt 0.50432400 0.55506100
vt 0.49821500 0.55823200
vt 0.49572300 0.55809100
vt 0.50347100 0.55412100
vt 0.50347100 0.55412100
vt 0.48808300 0.55854500
vt 0.50407700 0.55829700
vt 0.50663000 0.55491700
vt 0.50663000 0.55491700
vt 0.50663000 0.55491700
vt 0.48308900 0.54411200
vt 0.48308900 0.54411200
vt 0.48308900 0.54411200
vt 0.48308900 0.54411200
vt 0.48089800 0.56032000
vt 0.48089800 0.56032000
vt 0.44471100 0.56133300
vt 0.44471100 0.56133300
vt 0.48776000 0.56127300
vt 0.48417100 0.56039900
vt 0.48598800 0.56008100
vt 0.48181700 0.56629700
vt 0.48181700 0.56629700
vt 0.48181700 0.56629700
vt 0.48291400 0.56145800
vt 0.48291400 0.56145800
vt 0.48709000 0.56317000
vt 0.48709000 0.56317000
vt 0.49320900 0.55893100
vt 0.49015700 0.56090900
vt 0.49173800 0.56067800
vt 0.50046400 0.55960000
vt 0.49398100 0.56144900
vt 0.49398100 0.56144900
vt 0.49527100 0.56015200
vt 0.49915200 0.56149100
vt 0.49915200 0.56149100
vt 0.49915200 0.56149100
vt 0.48929400 0.56421300
vt 0.48929400 0.56421300
vt 0.48929400 0.56421300
vt 0.48929400 0.56421300
vt 0.49755100 0.56019800
vt 0.49919300 0.56935200
vt 0.49919300 0.56935200
vt 0.49919300 0.56935200
vt 0.49919300 0.56935200
vt 0.50650400 0.55829700
vt 0.50650400 0.55829700
vt 0.50650400 0.55829700
vt 0.51560400 0.55222800
vt 0.50710900 0.55337000
vt 0.50710900 0.55337000
vt 0.50893100 0.55829700
vt 0.50893100 0.55829700
vt 0.50893100 0.55829700
vt 0.53987200 0.55223100
vt 0.54229900 0.55223100
vt 0.54229900 0.55223100
vt 0.54229900 0.55223100
vt 0.51560400 0.55829700
vt 0.56091200 0.55228300
vt 0.56091200 0.55228300
vt 0.56091200 0.55228300
vt 0.50893100 0.56032200
vt 0.50893100 0.56032200
vt 0.51317700 0.55829700
vt 0.51317700 0.55829700
vt 0.51803100 0.55829700
vt 0.52522000 0.55802700
vt 0.52136300 0.55868500
vt 0.50650400 0.57245800
vt 0.50650400 0.57245800
vt 0.50650400 0.57245800
vt 0.51803100 0.56032200
vt 0.51933700 0.56129600
vt 0.51560400 0.56032200
vt 0.51317700 0.56032200
vt 0.51315900 0.56894400
vt 0.51315900 0.56894400
vt 0.50893100 0.57043500
vt 0.50893100 0.57043500
vt 0.52803300 0.55929000
vt 0.53556700 0.55846800
vt 0.53987200 0.55829700
vt 0.53349300 0.55958100
vt 0.54685300 0.55868200
vt 0.55070100 0.55802700
vt 0.55692500 0.56029900
vt 0.55351400 0.55929000
vt 0.55699300 0.55563400
vt 0.53203600 0.56158900
vt 0.52946800 0.56119300
vt 0.54477000 0.56131900
vt 0.54477000 0.56131900
vt 0.54229900 0.57245800
vt 0.54229900 0.57245800
vt 0.54229900 0.57245800
vt 0.52951400 0.56943600
vt 0.55495000 0.56119400
vt 0.55495000 0.56119400
vt 0.55495000 0.56119400
vt 0.48099900 0.56962600
vt 0.48099900 0.56962600
vt 0.43936100 0.56680800
vt 0.43936100 0.56680800
vt 0.48332500 0.57217000
vt 0.48332500 0.57217000
vt 0.48332500 0.57217000
vt 0.48332500 0.57217000
vt 0.43450500 0.57555000
vt 0.43450500 0.57555000
vt 0.48348200 0.56774700
vt 0.48348200 0.56774700
vt 0.48348200 0.56774700
vt 0.48348200 0.56774700
vt 0.48814600 0.56938200
vt 0.48814600 0.56938200
vt 0.48431500 0.57030500
vt 0.48431500 0.57030500
vt 0.49397000 0.56928200
vt 0.49397000 0.56928200
vt 0.49033900 0.57000200
vt 0.48650700 0.57061800
vt 0.49739600 0.57059300
vt 0.49518100 0.57053300
vt 0.49172700 0.57005400
vt 0.48872800 0.57198500
vt 0.49340900 0.57192600
vt 0.49572800 0.57266400
vt 0.49572800 0.57266400
vt 0.43212300 0.59835900
vt 0.43212300 0.59835900
vt 0.43212300 0.59835900
vt 0.43212300 0.59835900
vt 0.49847500 0.57246500
vt 0.49847500 0.57246500
vt 0.49847500 0.57246500
vt 0.49847500 0.57246500
vt 0.48592600 0.57271100
vt 0.48592600 0.57271100
vt 0.43217200 0.58894500
vt 0.43217200 0.58894500
vt 0.43293800 0.58008900
vt 0.43293800 0.58008900
vt 0.43293800 0.58008900
vt 0.43486200 0.60556800
vt 0.43486200 0.60556800
vt 0.52358300 0.57272800
vt 0.52358300 0.57272800
vt 0.49364200 0.63813300
vt 0.49364200 0.63813300
vt 0.49364200 0.63813300
vt 0.43705900 0.61156700
vt 0.43705900 0.61156700
vt 0.44211200 0.61883100
vt 0.43945100 0.61537900
vt 0.45416100 0.62889400
vt 0.45416100 0.62889400
vt 0.47479800 0.63705200
vt 0.46452500 0.63427600
vt 0.45887200 0.63172900
vt 0.49364200 0.63813100
vt 0.48651300 0.63850600
vt 0.48035200 0.63811400
vt 0.50162800 0.56140400
vt 0.50162800 0.56140400
vt 0.50407700 0.57245800
vt 0.50407700 0.57245800
vt 0.50407700 0.57245800
vt 0.50146300 0.57004100
vt 0.51348100 0.57193200
vt 0.51348100 0.57193200
vt 0.51348100 0.57193200
vt 0.51556800 0.56930100
vt 0.51927600 0.56948700
vt 0.51194100 0.57024900
vt 0.53209200 0.56914700
vt 0.53359800 0.57114100
vt 0.52743100 0.57207300
vt 0.53608300 0.57239900
vt 0.52077000 0.57146400
vt 0.52077000 0.57146400
vt 0.54481600 0.56956200
vt 0.54481600 0.56956200
vt 0.50893100 0.57245900
vt 0.50893100 0.57245900
vt 0.54906400 0.57272800
vt 0.62265500 0.61266100
vt 0.62265500 0.61266100
vt 0.55291200 0.57207300
vt 0.55686000 0.57245800
vt 0.55686000 0.57245800
vt 0.54625200 0.57146400
vt 0.54625200 0.57146400
vt 0.55499600 0.56943600
vt 0.55499600 0.56943600
vt 0.55499600 0.56943600
vt 0.56838700 0.55222800
vt 0.56838700 0.55222800
vt 0.57716400 0.55242300
vt 0.58658800 0.55222800
vt 0.55845300 0.55358400
vt 0.55845300 0.55358400
vt 0.56596000 0.55678000
vt 0.56596000 0.55678000
vt 0.56596000 0.55678000
vt 0.56596000 0.55678000
vt 0.56109200 0.55431400
vt 0.56109200 0.55431400
vt 0.56843600 0.55440000
vt 0.56843600 0.55440000
vt 0.57375100 0.55426100
vt 0.57203200 0.55644900
vt 0.55935400 0.55605200
vt 0.55935400 0.55605200
vt 0.57142000 0.55905600
vt 0.55939100 0.56033300
vt 0.55939100 0.56033300
vt 0.56838700 0.57245800
vt 0.58840800 0.55627400
vt 0.58663900 0.55640600
vt 0.58840800 0.55222800
vt 0.60418200 0.55222800
vt 0.60418200 0.55627400
vt 0.60236300 0.55627400
vt 0.60236300 0.55222800
vt 0.61813600 0.55222800
vt 0.60236200 0.55678000
vt 0.57679600 0.55743900
vt 0.57679600 0.55743900
vt 0.57883700 0.55630200
vt 0.57883700 0.55630200
vt 0.58173400 0.56183700
vt 0.58173400 0.56183700
vt 0.58173400 0.56183700
vt 0.60418200 0.56032100
vt 0.58840800 0.56032100
vt 0.59750900 0.56032100
vt 0.61813600 0.55627400
vt 0.62307700 0.55491000
vt 0.61813600 0.55678000
vt 0.73633200 0.54410900
vt 0.63078300 0.55222800
vt 0.63694400 0.55222800
vt 0.62653800 0.55294900
vt 0.63694400 0.55626500
vt 0.62076700 0.55780800
vt 0.61328300 0.56032100
vt 0.62574900 0.55833200
vt 0.62574900 0.55833200
vt 0.62574900 0.55833200
vt 0.62934700 0.55638100
vt 0.63694400 0.55678000
vt 0.63694400 0.55678000
vt 0.61981000 0.56250500
vt 0.61981000 0.56250500
vt 0.55840600 0.56257900
vt 0.55840600 0.56257900
vt 0.56596000 0.56183700
vt 0.56596000 0.56183700
vt 0.56147300 0.56177100
vt 0.56068000 0.56364200
vt 0.56068000 0.56364200
vt 0.56068000 0.56364200
vt 0.57205900 0.56171700
vt 0.57630400 0.55951900
vt 0.57630400 0.55951900
vt 0.57773700 0.56152900
vt 0.58840800 0.56436500
vt 0.57379800 0.56389000
vt 0.57637400 0.56535300
vt 0.58840800 0.56841200
vt 0.58658800 0.57245800
vt 0.58172200 0.56600200
vt 0.60236200 0.56487200
vt 0.59750900 0.56841200
vt 0.55950700 0.57245800
vt 0.56596000 0.56386000
vt 0.56596000 0.57245800
vt 0.56323300 0.56386000
vt 0.58173400 0.57245800
vt 0.60418200 0.56841200
vt 0.60236200 0.57245800
vt 0.58840800 0.57245800
vt 0.60236200 0.56436500
vt 0.60418200 0.56436600
vt 0.61813600 0.56436600
vt 0.61813600 0.56436600
vt 0.60418200 0.57245800
vt 0.60418200 0.57245800
vt 0.61328300 0.56841200
vt 0.62898300 0.61231700
vt 0.62898300 0.61231700
vt 0.61813600 0.56487200
vt 0.61813600 0.56487200
vt 0.61813600 0.57245800
vt 0.62079700 0.56694100
vt 0.62314100 0.56983000
vt 0.62661300 0.57176500
vt 0.63209000 0.56032000
vt 0.63209000 0.56032000
vt 0.63209000 0.56032000
vt 0.63209000 0.56032000
vt 0.62469800 0.56214200
vt 0.62469800 0.56214200
vt 0.62550800 0.56592000
vt 0.62550800 0.56592000
vt 0.62550800 0.56592000
vt 0.63208200 0.56854000
vt 0.63208200 0.56854000
vt 0.62850800 0.56801000
vt 0.63694400 0.57245900
vt 0.63694400 0.57245900
vt 0.63724600 0.61181700
vt 0.63724600 0.61181700
vt 0.63078300 0.57245900
vt 0.64265700 0.61186400
vt 0.64265700 0.61186400
vt 0.64265700 0.61186400
vt 0.72875500 0.58556400
vt 0.72875500 0.58556400
vt 0.65129500 0.61178700
vt 0.65129500 0.61178700
vt 0.72459100 0.62748800
vt 0.43819600 0.62026400
vt 0.44885200 0.62399100
vt 0.44340300 0.62251000
vt 0.44746900 0.62380100
vt 0.44243700 0.62738700
vt 0.45407200 0.61699200
vt 0.45681800 0.62304600
vt 0.45202100 0.62354800
vt 0.46335800 0.62352000
vt 0.55419800 0.62311500
vt 0.54685000 0.62349400
vt 0.55912100 0.62350600
vt 0.55912100 0.62350600
vt 0.56427300 0.62299800
vt 0.57098500 0.62349400
vt 0.64431700 0.62278700
vt 0.63959800 0.62351300
vt 0.64916200 0.62351800
vt 0.66655600 0.62351600
vt 0.66075400 0.62307100
vt 0.65456400 0.62352700
vt 0.46345500 0.83284600
vt 0.46950900 0.83608200
vt 0.46892900 0.83176600
vt 0.46394300 0.83735200
vt 0.46393300 0.82781700
vt 0.45088700 0.82915100
vt 0.44668300 0.82316100
vt 0.44674300 0.82695900
vt 0.45790500 0.82520000
vt 0.44652600 0.83155700
vt 0.45200500 0.83280300
vt 0.45192900 0.83650400
vt 0.44668600 0.83759700
vt 0.44720800 0.84042500
vt 0.45804700 0.84040300
vt 0.46951600 0.82596600
vt 0.46888300 0.84044600
vt 0.45399200 0.62293700
vt 0.44863100 0.62347000
vt 0.45866700 0.62334900
vt 0.46395200 0.62334100
vt 0.45670500 0.62405400
vt 0.46998000 0.62355800
vt 0.47743200 0.62404200
vt 0.47508100 0.62329100
vt 0.48067800 0.62333600
vt 0.48620900 0.62329300
vt 0.48576600 0.62405500
vt 0.49186800 0.62333800
vt 0.49747400 0.62329800
vt 0.49477100 0.62403700
vt 0.50327400 0.62354500
vt 0.44967700 0.62383900
vt 0.53143800 0.62331400
vt 0.52586100 0.62330500
vt 0.53117300 0.62416700
vt 0.53702900 0.62329900
vt 0.55374300 0.62333600
vt 0.54817900 0.62331300
vt 0.55161200 0.62406400
vt 0.58158200 0.62327900
vt 0.57580100 0.62332300
vt 0.58628000 0.62358300
vt 0.60380000 0.62332800
vt 0.59847000 0.62330600
vt 0.60921100 0.62386800
vt 0.45998900 0.63201800
vt 0.45360600 0.63201800
vt 0.45998900 0.62749800
vt 0.46004400 0.63840300
vt 0.45771800 0.64154000
vt 0.45531900 0.63711400
vt 0.45163100 0.64155500
vt 0.44989500 0.63714600
vt 0.47275500 0.63201800
vt 0.46637200 0.63201800
vt 0.47275500 0.62749800
vt 0.46931200 0.63707600
vt 0.47477600 0.63681300
vt 0.47183800 0.64153700
vt 0.46318000 0.63651800
vt 0.46513900 0.64153700
vt 0.48548700 0.63252500
vt 0.47913800 0.63201800
vt 0.48552100 0.62749800
vt 0.47913800 0.62749800
vt 0.48721800 0.64153800
vt 0.48242300 0.64154600
vt 0.48089000 0.63672800
vt 0.47696000 0.64109400
vt 0.49828700 0.63201800
vt 0.49190400 0.63201800
vt 0.49828700 0.62749800
vt 0.49190400 0.62749800
vt 0.49509600 0.63651800
vt 0.49573600 0.64153100
vt 0.49153500 0.64085000
vt 0.50009600 0.63682300
vt 0.48871300 0.63651800
vt 0.51105400 0.63201800
vt 0.50467100 0.63201800
vt 0.51105400 0.62749800
vt 0.50467100 0.62749800
vt 0.50506200 0.63787500
vt 0.50179200 0.64153800
vt 0.50891300 0.63705400
vt 0.52382000 0.63201800
vt 0.51743700 0.63201800
vt 0.51743700 0.62749800
vt 0.52383900 0.63851400
vt 0.52198400 0.64154400
vt 0.51930300 0.63695200
vt 0.51424500 0.63651800
vt 0.51598200 0.64154700
vt 0.51176400 0.64110300
vt 0.53658600 0.63201800
vt 0.53020300 0.63201800
vt 0.53658600 0.62749800
vt 0.53020300 0.62749800
vt 0.52701100 0.63651800
vt 0.52953300 0.64154400
vt 0.53322000 0.63740000
vt 0.53611000 0.64102000
vt 0.54935200 0.63201800
vt 0.54296900 0.63201800
vt 0.54935200 0.62749800
vt 0.54296900 0.62749800
vt 0.54736800 0.63672700
vt 0.54651200 0.64154900
vt 0.54294700 0.63863000
vt 0.53977800 0.63651800
vt 0.54050500 0.64154300
vt 0.56211900 0.63201800
vt 0.55573500 0.63201800
vt 0.56211900 0.62749800
vt 0.55573500 0.62749800
vt 0.55367400 0.63677200
vt 0.55917900 0.63715400
vt 0.55663200 0.64155500
vt 0.55085900 0.64097400
vt 0.56259400 0.64102500
vt 0.57488500 0.63201800
vt 0.56850200 0.63201800
vt 0.57488500 0.62749800
vt 0.56850200 0.62749800
vt 0.56684800 0.63702200
vt 0.57303900 0.63705800
vt 0.57153800 0.64112900
vt 0.58765100 0.63201800
vt 0.58126800 0.63201800
vt 0.58765100 0.62749800
vt 0.58126800 0.62749800
vt 0.58783900 0.63874800
vt 0.58431600 0.64111800
vt 0.58311400 0.63707000
vt 0.57807600 0.63651800
vt 0.57808600 0.64155200
vt 0.60041700 0.63201800
vt 0.59403400 0.63201800
vt 0.60041700 0.62749800
vt 0.60047800 0.63886500
vt 0.59794700 0.64153700
vt 0.59600500 0.63694600
vt 0.59084200 0.63651800
vt 0.59095500 0.64155000
vt 0.61318400 0.63201800
vt 0.60680000 0.63201800
vt 0.61318400 0.62749800
vt 0.60680000 0.62749800
vt 0.60360900 0.63651800
vt 0.60626600 0.64154300
vt 0.61008400 0.63710400
vt 0.61320200 0.64150800
vt 0.62595000 0.63201800
vt 0.61956700 0.63201800
vt 0.62595000 0.62749800
vt 0.61956700 0.62749800
vt 0.61801900 0.64153900
vt 0.61637500 0.63651800
vt 0.62129800 0.63680600
vt 0.62536000 0.63883200
vt 0.63871600 0.63201800
vt 0.63233300 0.63201800
vt 0.63233300 0.62749800
vt 0.62914100 0.63651800
vt 0.63064600 0.64154500
vt 0.63293100 0.63884200
vt 0.63697500 0.63667000
vt 0.64509900 0.63201800
vt 0.64509900 0.62749800
vt 0.64216000 0.63702400
vt 0.63866500 0.64153900
vt 0.64517000 0.64152800
vt 0.45049200 0.62716600
vt 0.44722300 0.62297800
vt 0.45202700 0.62255200
vt 0.45359100 0.62527100
vt 0.45815500 0.62301900
vt 0.44722200 0.63201800
vt 0.44716200 0.64103000
vt 0.46637200 0.62749800
vt 0.46349800 0.62259500
vt 0.46957100 0.62259700
vt 0.47646800 0.62240000
vt 0.48231800 0.62262300
vt 0.48871700 0.62261000
vt 0.49505800 0.62263100
vt 0.50152600 0.62261000
vt 0.50795500 0.62263100
vt 0.51456100 0.62239700
vt 0.52125100 0.62260300
vt 0.52382000 0.62749800
vt 0.52777900 0.62240200
vt 0.53426300 0.62239300
vt 0.54043400 0.62261800
vt 0.54682400 0.62263000
vt 0.50670300 0.64153400
vt 0.55321800 0.62262900
vt 0.55950100 0.62238800
vt 0.56598600 0.62261500
vt 0.57236600 0.62261900
vt 0.57854100 0.62240000
vt 0.58445000 0.62248500
vt 0.59009100 0.62254300
vt 0.59403400 0.62749800
vt 0.59761100 0.62261200
vt 0.60421800 0.62264300
vt 0.56717700 0.64155800
vt 0.60962900 0.62240100
vt 0.61625500 0.62256800
vt 0.62355700 0.62265600
vt 0.62966100 0.62256500
vt 0.63589400 0.62241600
vt 0.63871600 0.62749800
vt 0.64239800 0.62263700
vt 0.64941600 0.62257100
vt 0.65140500 0.63189500
vt 0.64797500 0.63725600
vt 0.65399900 0.63685000
vt 0.65226900 0.64151700
vt 0.62353100 0.64154500
vt 0.36196300 0.54417700
vt 0.36196300 0.54417700
vt 0.36196300 0.54417700
vt 0.36196300 0.54417700
vt 0.36196300 0.54417700
vt 0.36196300 0.54417700
vt 0.21727200 0.58191200
vt 0.21727200 0.58191200
vt 0.21727200 0.58191200
vt 0.30632900 0.59922900
vt 0.30632900 0.59922900
vt 0.30632900 0.59922900
vt 0.30632900 0.59922900
vt 0.30632900 0.59922900
vt 0.34796300 0.61108400
vt 0.34796300 0.61108400
vt 0.29135100 0.60269900
vt 0.29135100 0.60269900
vt 0.33203300 0.63164700
vt 0.33203300 0.63164700
vt 0.34767600 0.61978300
vt 0.34767600 0.61978300
vt 0.24595900 0.59369100
vt 0.24595900 0.59369100
vt 0.17521300 0.59283600
vt 0.25024000 0.59322100
vt 0.25024000 0.59322100
vt 0.25557400 0.59276400
vt 0.25557400 0.59276400
vt 0.35195300 0.59422600
vt 0.35195300 0.59422600
vt 0.35015700 0.60189800
vt 0.35015700 0.60189800
vt 0.26097100 0.59284400
vt 0.26605300 0.59340200
vt 0.26605300 0.59340200
vt 0.26922200 0.59403800
vt 0.26922200 0.59403800
vt 0.27414400 0.59523800
vt 0.27414400 0.59523800
vt 0.27884100 0.59690400
vt 0.27884100 0.59690400
vt 0.28519500 0.59933500
vt 0.28519500 0.59933500
vt 0.18019500 0.61084900
vt 0.17839800 0.60150200
vt 0.17839800 0.60150200
vt 0.35451300 0.58639300
vt 0.35451300 0.58639300
vt 0.35766500 0.57967400
vt 0.36155700 0.57321700
vt 0.36155700 0.57321700
vt 0.38853700 0.55221600
vt 0.38853700 0.55221600
vt 0.38318900 0.55431400
vt 0.38318900 0.55431400
vt 0.38899600 0.54438400
vt 0.39067700 0.53679800
vt 0.36601000 0.56765700
vt 0.36601000 0.56765700
vt 0.37149100 0.56218000
vt 0.37149100 0.56218000
vt 0.37733800 0.55765400
vt 0.37733800 0.55765400
vt 0.34966900 0.60985000
vt 0.44722000 0.62659700
vt 0.45029800 0.62653200
vt 0.44720200 0.62248400
vt 0.45030700 0.63329900
vt 0.44722200 0.63375700
vt 0.44722200 0.63735000
vt 0.45009000 0.62072700
vt 0.45029400 0.63954200
vt 0.45025200 0.63175500
vt 0.44722200 0.63208200
vt 0.44722900 0.63924200
vt 0.45028800 0.63934400
vt 0.44721800 0.64299600
vt 0.44722200 0.62848900
vt 0.45026700 0.64388000
vt 0.45030000 0.62629300
vt 0.66741100 0.63416500
vt 0.66857500 0.63155800
vt 0.67320600 0.62952800
vt 0.66081600 0.63737200
vt 0.66207200 0.63830300
vt 0.66094400 0.63830300
vt 0.68089100 0.62420500
vt 0.67837600 0.62563300
vt 0.67801600 0.62482400
vt 0.68144600 0.62488600
vt 0.67566300 0.62599900
vt 0.49783700 0.62349400
vt 0.48311900 0.62612100
vt 0.48311900 0.62612100
vt 0.48311900 0.62612100
vt 0.50047600 0.62408900
vt 0.48540600 0.62478600
vt 0.53407700 0.65825400
vt 0.53407700 0.65825400
vt 0.46022200 0.66754200
vt 0.45303100 0.62492600
vt 0.44734700 0.62499300
vt 0.45022800 0.63664500
vt 0.46271200 0.63576100
vt 0.46341400 0.62385800
vt 0.45555300 0.63928600
vt 0.45555700 0.62619700
vt 0.45510700 0.62678100
vt 0.45583600 0.62589600
vt 0.45599700 0.63984300
vt 0.45608600 0.62582900
vt 0.45505900 0.63747000
vt 0.45550700 0.63786900
vt 0.45508900 0.62555400
vt 0.45551700 0.62492500
vt 0.45582700 0.63822100
vt 0.45597000 0.62440700
vt 0.45611100 0.63839200
vt 0.45171900 0.65472300
vt 0.44793100 0.64855800
vt 0.44792700 0.65527800
vt 0.45429700 0.64736200
vt 0.44766500 0.66779500
vt 0.45178200 0.66186700
vt 0.44767600 0.66145100
vt 0.45143900 0.66909700
vt 0.45512000 0.67612100
vt 0.44770900 0.67875800
vt 0.45558800 0.68174200
vt 0.45178800 0.68387900
vt 0.44770900 0.68288200
vt 0.44768000 0.67359800
vt 0.44770600 0.69522300
vt 0.45238900 0.69036400
vt 0.44767300 0.68849600
vt 0.45181100 0.69791000
vt 0.45560000 0.68736000
vt 0.45554900 0.70802300
vt 0.45170100 0.70488500
vt 0.44786000 0.70892900
vt 0.44772000 0.70403500
vt 0.45201100 0.70131300
vt 0.44768200 0.70036100
vt 0.45560700 0.65010700
vt 0.45604900 0.65433500
vt 0.45568000 0.66645000
vt 0.45589400 0.66038300
vt 0.45568400 0.67252600
vt 0.45568300 0.69862700
vt 0.45559500 0.69289800
vt 0.45563300 0.70249700
vt 0.45014200 0.64109700
vt 0.44711900 0.64519100
vt 0.44730000 0.63848600
vt 0.45384200 0.64364800
vt 0.44800500 0.71393300
vt 0.45555200 0.71430800
vt 0.68657000 0.62417500
vt 0.68144700 0.62488800
vt 0.68089000 0.62420500
vt 0.69702000 0.62419300
vt 0.68898500 0.62484200
vt 0.69734300 0.62496600
vt 0.69960200 0.62476800
vt 0.70203000 0.62590400
vt 0.70068300 0.62634800
vt 0.70460400 0.62950700
vt 0.71127400 0.63308700
vt 0.71105800 0.63471100
vt 0.71697900 0.63732800
vt 0.71576900 0.63830300
vt 0.71684300 0.63831100
vt 0.44808900 0.62560100
vt 0.44792900 0.67120800
vt 0.44862700 0.62751600
vt 0.44864900 0.66991400
vt 0.44939800 0.66882900
vt 0.44918500 0.62424200
vt 0.44893900 0.62628700
vt 0.44810100 0.62480300
vt 0.44818700 0.66898200
vt 0.44892900 0.66863800
vt 0.44968900 0.62757400
vt 0.44951400 0.67249000
vt 0.45962800 0.62423300
vt 0.45872800 0.62343000
vt 0.45241700 0.62337000
vt 0.46314800 0.62347100
vt 0.46930300 0.62419400
vt 0.46968600 0.62339000
vt 0.47883700 0.62425400
vt 0.47602500 0.62338400
vt 0.48238600 0.62335200
vt 0.48640400 0.62401300
vt 0.48890100 0.62292700
vt 0.49446400 0.62473300
vt 0.49304700 0.62344100
vt 0.49844800 0.62471200
vt 0.50002900 0.62341400
vt 0.50843300 0.62477000
vt 0.50695800 0.62360400
vt 0.51390200 0.62375600
vt 0.44483800 0.62423000
vt 0.45222200 0.62432500
vt 0.44942000 0.62479400
vt 0.45453100 0.62478800
vt 0.46023700 0.62479900
vt 0.46529300 0.62479300
vt 0.47065000 0.62479600
vt 0.47624600 0.62478500
vt 0.48105200 0.62479600
vt 0.48807900 0.62479300
vt 0.50267600 0.62480300
vt 0.51387100 0.62476000
vt 0.51907300 0.62482100
vt 0.45429900 0.62365000
vt 0.44880900 0.62343700
vt 0.44999100 0.62436000
vt 0.45593900 0.62450400
vt 0.46307200 0.62449600
vt 0.45999300 0.62364800
vt 0.47966900 0.62430500
vt 0.47672400 0.62340200
vt 0.47105200 0.62432100
vt 0.48770000 0.62430400
vt 0.48249000 0.62339100
vt 0.49646300 0.62429800
vt 0.49071400 0.62336600
vt 0.50519500 0.62431500
vt 0.49948600 0.62337900
vt 0.51494600 0.62431600
vt 0.50849300 0.62334400
vt 0.52440800 0.62448700
vt 0.51919300 0.62349900
vt 0.52774500 0.62353800
vt 0.53406200 0.62407100
vt 0.44670300 0.62427400
vt 0.45328600 0.62552900
vt 0.45372200 0.62348400
vt 0.45015500 0.62419700
vt 0.46248100 0.62389000
vt 0.45794400 0.62508300
vt 0.46270200 0.62530600
vt 0.46460700 0.62696500
vt 0.45785500 0.62697800
vt 0.46658800 0.62419800
vt 0.46869000 0.62588700
vt 0.46774700 0.62696900
vt 0.44504600 0.62446400
vt 0.45029400 0.62695800
vt 0.46167800 0.62698100
vt 0.45327000 0.62697900
vt 0.45578400 0.62573200
vt 0.45795800 0.62391800
vt 0.45285100 0.62475100
vt 0.45952100 0.62583400
vt 0.46386400 0.62452200
vt 0.46278200 0.62623600
vt 0.46688600 0.62557600
vt 0.45478500 0.62299300
vt 0.45113500 0.62285400
vt 0.45843400 0.62297100
vt 0.46168600 0.62296700
vt 0.46519600 0.62298100
vt 0.46777000 0.62297600
vt 0.46868000 0.62399100
vt 0.50081800 0.62264000
vt 0.50081800 0.62264000
vt 0.50081800 0.62264000
vt 0.46169600 0.62524800
vt 0.46169600 0.62524800
vt 0.44721700 0.62297400
vt 0.44721700 0.62297400
vt 0.44989800 0.62524800
vt 0.44622800 0.62262100
vt 0.49709000 0.62524800
vt 0.48529200 0.62524800
vt 0.48529200 0.62524800
vt 0.48529200 0.62524800
vt 0.49976600 0.62297900
vt 0.49976600 0.62297900
vt 0.45067700 0.62390000
vt 0.44809600 0.62312700
vt 0.44785300 0.62489200
vt 0.44710600 0.62803800
vt 0.45068400 0.62666200
vt 0.44764800 0.62552400
vt 0.45067300 0.62397000
vt 0.44717400 0.62328100
vt 0.45068500 0.62712800
vt 0.44802300 0.62827700
vt 0.44981200 0.63164200
vt 0.44985100 0.62612300
vt 0.44754700 0.62892200
vt 0.45010100 0.62329200
vt 0.44758400 0.62240400
vt 0.44762900 0.63616400
vt 0.45016700 0.63482600
vt 0.47476800 0.62848000
vt 0.47476800 0.62408400
vt 0.46096700 0.62408400
vt 0.46096700 0.62188700
vt 0.45406700 0.62188700
vt 0.48856900 0.62848000
vt 0.48856900 0.62408400
vt 0.49547000 0.62408400
vt 0.49547000 0.62188700
vt 0.45264400 0.62002600
vt 0.44776600 0.62113300
vt 0.44722000 0.62283800
vt 0.46422200 0.61973600
vt 0.46096700 0.62848000
vt 0.44715800 0.62660500
vt 0.44722200 0.63376600
vt 0.45406700 0.62408400
vt 0.44722200 0.63736200
vt 0.46099700 0.63736300
vt 0.48528600 0.61976000
vt 0.48856900 0.62188700
vt 0.49562100 0.61996300
vt 0.49984600 0.62048600
vt 0.50230400 0.62248200
vt 0.48854200 0.63736400
vt 0.50231400 0.63376800
vt 0.50235900 0.62660700
vt 0.50231400 0.63736500
vt 0.46460700 0.62426800
vt 0.46850000 0.62329800
vt 0.46038400 0.62328900
vt 0.48036700 0.62449900
vt 0.48375000 0.62355700
vt 0.47601000 0.62351500
vt 0.48896900 0.62450200
vt 0.49085900 0.62351800
vt 0.49693400 0.62448300
vt 0.49712700 0.62351600
vt 0.50437100 0.62449500
vt 0.50211700 0.62352100
vt 0.50894200 0.62356600
vt 0.51239400 0.62449200
vt 0.51708500 0.62355100
vt 0.52023300 0.62449800
vt 0.52339400 0.62355800
vt 0.52865700 0.62456100
vt 0.52791900 0.62354200
vt 0.53388000 0.62340000
vt 0.45524100 0.62290200
vt 0.44611000 0.62299100
vt 0.45070500 0.62349800
vt 0.44319200 0.62441200
vt 0.45035700 0.62444800
vt 0.45653000 0.62342900
vt 0.44767700 0.62396500
vt 0.45522300 0.62479300
vt 0.45025000 0.62519700
vt 0.45105000 0.62292700
vt 0.33016400 0.50685000
vt 0.33626000 0.50431100
vt 0.33017700 0.50365700
vt 0.33418700 0.51275800
vt 0.33550000 0.51017900
vt 0.33019900 0.51255300
vt 0.33589500 0.50155300
vt 0.33018900 0.50097400
vt 0.33702200 0.50689000
vt 0.33018000 0.51599500
vt 0.33015600 0.51991400
vt 0.33231200 0.51618700
vt 0.33017900 0.50952900
vt 0.44722100 0.96337600
vt 0.44722100 0.96337600
vt 0.45292400 0.94242600
vt 0.45027200 0.93850900
vt 0.45027200 0.93850900
vt 0.45478100 0.94582800
vt 0.45478100 0.94582800
vt 0.45697500 0.96150500
vt 0.45691800 0.95087900
vt 0.44722200 0.93476000
vt 0.55338300 0.30338900
vt 0.55338300 0.30338900
vt 0.55159400 0.28395200
vt 0.55159400 0.28395200
vt 0.55088400 0.30876400
vt 0.55661400 0.29152200
vt 0.55661400 0.29152200
vt 0.55702000 0.28642200
vt 0.55586300 0.29561900
vt 0.44741900 0.50832500
vt 0.45046700 0.50684300
vt 0.44722100 0.50596300
vt 0.45048500 0.50366600
vt 0.44765300 0.51757400
vt 0.45046400 0.51996200
vt 0.45047900 0.51602300
vt 0.44724100 0.51541000
vt 0.45050100 0.51258300
vt 0.44723200 0.50379800
vt 0.45048200 0.50954800
vt 0.44721300 0.51098200
vt 0.44874200 0.52000000
vt 0.44720800 0.50133000
vt 0.45047100 0.50097500
vt 0.45403000 0.65251900
vt 0.45492700 0.65945800
vt 0.45485500 0.62548000
vt 0.46227300 0.62381200
vt 0.46716400 0.62355300
vt 0.45743500 0.62351400
vt 0.44840500 0.52030600
vt 0.44874200 0.52000000
vt 0.44762700 0.51750700
vt 0.45464700 0.62121100
vt 0.44710000 0.62184200
vt 0.44673000 0.61982300
vt 0.46088600 0.62149400
vt 0.45518300 0.61906100
vt 0.46535300 0.62294000
vt 0.46681700 0.62032200
vt 0.47919000 0.62141000
vt 0.47284500 0.62062300
vt 0.47905100 0.61968600
vt 0.49218400 0.62173100
vt 0.48514700 0.62060500
vt 0.49086200 0.62039200
vt 0.49637100 0.61982400
vt 0.49968600 0.62145700
vt 0.50697500 0.62157700
vt 0.50574700 0.62021300
vt 0.51479900 0.62093800
vt 0.51250400 0.61962400
vt 0.52532200 0.62170600
vt 0.51654100 0.62289600
vt 0.52079400 0.62035300
vt 0.53276500 0.62143100
vt 0.53233900 0.61948000
vt 0.54029900 0.62138300
vt 0.53812200 0.61938300
vt 0.54965800 0.62198100
vt 0.54388100 0.61948400
vt 0.56279100 0.62300600
vt 0.55611300 0.62067000
vt 0.56063400 0.62017600
vt 0.58573400 0.62283300
vt 0.58039900 0.62079000
vt 0.58545600 0.62023800
vt 0.59414800 0.62168400
vt 0.59064300 0.62022600
vt 0.60384300 0.62082900
vt 0.60030500 0.61974200
vt 0.67373300 0.62088600
vt 0.67576400 0.62297200
vt 0.66556000 0.62073200
vt 0.73425200 0.62145400
vt 0.72560900 0.62147400
vt 0.73387000 0.61990500
vt 0.45774500 0.62298100
vt 0.45162000 0.62297500
vt 0.47257800 0.62298000
vt 0.48634000 0.62299100
vt 0.49330700 0.62298200
vt 0.50023600 0.62298600
vt 0.50747000 0.62298300
vt 0.51287600 0.62297900
vt 0.47906900 0.62298300
vt 0.51965400 0.62297900
vt 0.52518100 0.62300000
vt 0.52875600 0.62297500
vt 0.53430700 0.62298300
vt 0.53199400 0.62298000
vt 0.54527700 0.62299000
vt 0.57006700 0.62080700
vt 0.56524600 0.62310900
vt 0.57500100 0.62077800
vt 0.57334100 0.62298000
vt 0.58342900 0.62297200
vt 0.58804300 0.62298300
vt 0.57995700 0.62297000
vt 0.59648200 0.62298700
vt 0.60013100 0.62298000
vt 0.56043100 0.62299800
vt 0.54018800 0.62295900
vt 0.53671700 0.62297000
vt 0.54673700 0.62291200
vt 0.54344900 0.62298000
vt 0.55567000 0.62299800
vt 0.57115700 0.62298000
vt 0.56897300 0.62298000
vt 0.59147300 0.62298700
vt 0.61849800 0.62073900
vt 0.62270900 0.61808300
vt 0.62636200 0.62073300
vt 0.60854800 0.62296200
vt 0.61347200 0.62298300
vt 0.63989600 0.62076200
vt 0.63435200 0.62094800
vt 0.63790700 0.61803200
vt 0.61955800 0.62297600
vt 0.65257900 0.62072800
vt 0.64836000 0.61794500
vt 0.65247100 0.61823300
vt 0.65871100 0.62060900
vt 0.65843000 0.61800700
vt 0.66267900 0.61826200
vt 0.64265300 0.61818600
vt 0.64610500 0.62088600
vt 0.66816900 0.61803000
vt 0.67236500 0.61831500
vt 0.69058000 0.62084500
vt 0.68790100 0.61804600
vt 0.69187100 0.61832800
vt 0.69564800 0.62051100
vt 0.71734500 0.62100400
vt 0.70988500 0.61990700
vt 0.71704900 0.61812700
vt 0.68520900 0.62085600
vt 0.70161000 0.62074300
vt 0.70539200 0.61797000
vt 0.73571100 0.61677300
vt 0.74015700 0.61696300
vt 0.72834100 0.61957400
vt 0.74594800 0.62002900
vt 0.64100300 0.62298300
vt 0.64890300 0.62298200
vt 0.66117800 0.62298000
vt 0.63269100 0.62298100
vt 0.62651600 0.62298100
vt 0.65455700 0.62297800
vt 0.66762300 0.62298100
vt 0.67910700 0.62115000
vt 0.68316300 0.62295200
vt 0.68880300 0.62298200
vt 0.69335800 0.62292000
vt 0.69911200 0.62294200
vt 0.70734600 0.62153500
vt 0.71102200 0.62298400
vt 0.71776400 0.62292800
vt 0.72922200 0.62309800
vt 0.70521000 0.62300100
vt 0.72448900 0.62299900
vt 0.73594700 0.62293500
vt 0.74447100 0.62307200
vt 0.45576800 -0.00137800
vt 0.45742100 0.00303600
vt 0.45228800 0.00056900
vt 0.45242300 0.00659300
vt 0.45745500 0.00615000
vt 0.45745900 0.01109200
vt 0.45232500 0.01365400
vt 0.46124400 -0.00053800
vt 0.46327500 0.00205900
vt 0.46762100 -0.00040500
vt 0.46837800 0.00408100
vt 0.46840600 0.00762900
vt 0.46834500 0.01029500
vt 0.46325300 0.01233400
vt 0.46628900 0.01524100
vt 0.45890000 0.01428500
vt 0.47367900 0.00193900
vt 0.47894800 0.00107400
vt 0.47895600 0.00408100
vt 0.47894300 0.00672900
vt 0.47892700 0.01024200
vt 0.47390600 0.01241100
vt 0.47147600 0.01573500
vt 0.47800100 0.01603400
vt 0.48424800 0.00192100
vt 0.48954300 0.00385600
vt 0.48951700 0.00676400
vt 0.48951600 0.01025800
vt 0.48424400 0.01231000
vt 0.48453700 0.01510100
vt 0.49128700 0.01604000
vt 0.49482900 0.00194400
vt 0.49910700 -0.00120700
vt 0.50011100 0.00408100
vt 0.50009500 0.00676800
vt 0.50010900 0.01044100
vt 0.49462300 0.01248800
vt 0.50540700 0.00190800
vt 0.50951100 -0.00054100
vt 0.51068800 0.00408100
vt 0.51067500 0.00678500
vt 0.51068800 0.01023200
vt 0.50991700 0.01489800
vt 0.50539200 0.01240800
vt 0.51598500 0.00194000
vt 0.52020100 -0.00115900
vt 0.52126600 0.00408100
vt 0.52125400 0.00681000
vt 0.52126600 0.01023200
vt 0.51594200 0.01240900
vt 0.52048000 0.01503300
vt 0.52652500 0.00194500
vt 0.53179100 0.00108500
vt 0.53181000 0.00408100
vt 0.53180300 0.00680800
vt 0.53181000 0.01023200
vt 0.52651400 0.01241400
vt 0.53184900 0.01323100
vt 0.53703300 0.00190300
vt 0.54123800 -0.00042200
vt 0.54242100 0.00408100
vt 0.54241300 0.00682500
vt 0.54242100 0.01023200
vt 0.53711700 0.01246200
vt 0.54172400 0.01486300
vt 0.54744300 0.00188800
vt 0.55269600 0.00097100
vt 0.55253500 0.00408100
vt 0.55254700 0.00692500
vt 0.55253500 0.01023200
vt 0.54748800 0.01248200
vt 0.55410400 0.01488100
vt 0.55829400 0.00202300
vt 0.55568000 -0.00121100
vt 0.56351900 0.00388700
vt 0.56357800 0.00686200
vt 0.56357600 0.01023200
vt 0.55786600 0.01230100
vt 0.56312700 0.01358100
vt 0.56138400 0.01586300
vt 0.56886900 0.00187400
vt 0.57413200 0.00114100
vt 0.57415400 0.00408100
vt 0.57416900 0.00692600
vt 0.57415400 0.01023200
vt 0.56898500 0.01255300
vt 0.57417900 0.01314000
vt 0.57943200 0.00184600
vt 0.58471100 0.00114600
vt 0.58473100 0.00408100
vt 0.58473100 0.00612700
vt 0.58473100 0.01023200
vt 0.57951500 0.01254500
vt 0.58475100 0.01312100
vt 0.58999000 0.00185000
vt 0.59413400 -0.00025600
vt 0.59530900 0.00408100
vt 0.59530900 0.00612700
vt 0.59530900 0.00817800
vt 0.58473100 0.00817800
vt 0.59530900 0.01023200
vt 0.59012300 0.01264100
vt 0.59532400 0.01310200
vt 0.60054500 0.00184000
vt 0.60586900 0.00121200
vt 0.60588600 0.00408100
vt 0.60588600 0.00612700
vt 0.60588600 0.00817800
vt 0.60588600 0.01023200
vt 0.60073600 0.01264200
vt 0.60588600 0.01308300
vt 0.61101700 0.00180600
vt 0.61639400 0.00116500
vt 0.61639800 0.00408100
vt 0.61639800 0.00612700
vt 0.61639800 0.00817800
vt 0.61639800 0.01023200
vt 0.61136500 0.01275700
vt 0.61640000 0.01308000
vt 0.62159000 0.00180700
vt 0.62690100 0.00121100
vt 0.62690900 0.00408100
vt 0.62690900 0.00612700
vt 0.62690900 0.00817800
vt 0.62690900 0.01023200
vt 0.62189300 0.01273300
vt 0.62690200 0.01311000
vt 0.63218500 0.00179300
vt 0.63761100 0.00122400
vt 0.63761900 0.00408100
vt 0.63761900 0.00612700
vt 0.63761900 0.00817800
vt 0.63761900 0.01023200
vt 0.63259500 0.01270800
vt 0.63741600 0.01307600
vt 0.64280800 0.00174000
vt 0.64819600 0.00124900
vt 0.64819600 0.00408100
vt 0.64819600 0.00612700
vt 0.64819600 0.00817800
vt 0.64819600 0.01023200
vt 0.64318300 0.01288500
vt 0.64821900 0.01297000
vt 0.65336100 0.00175300
vt 0.65877200 0.00124300
vt 0.65877400 0.00408100
vt 0.65877400 0.00612700
vt 0.65877400 0.00817800
vt 0.65877400 0.01023200
vt 0.65350100 0.01292400
vt 0.65872300 0.01309300
vt 0.66390900 0.00171200
vt 0.66935300 0.00126700
vt 0.66935100 0.00408100
vt 0.66935100 0.00612700
vt 0.66935100 0.00817800
vt 0.66935100 0.01023200
vt 0.66450800 0.01271700
vt 0.66920200 0.01310100
vt 0.67468800 0.00174900
vt 0.68028300 0.00130300
vt 0.68026000 0.00408100
vt 0.68026000 0.00612700
vt 0.68026000 0.00817800
vt 0.68026000 0.01023200
vt 0.67528900 0.01276100
vt 0.68005300 0.01304500
vt 0.68522800 0.00174800
vt 0.69049200 0.00132600
vt 0.69047400 0.00408100
vt 0.69047400 0.00612700
vt 0.69047400 0.00817800
vt 0.69047400 0.01023200
vt 0.68560600 0.01269600
vt 0.69029600 0.01291300
vt 0.69561900 0.00168900
vt 0.70109800 0.00134900
vt 0.70108400 0.00408100
vt 0.70108400 0.00612700
vt 0.70108400 0.00817800
vt 0.70108400 0.01023200
vt 0.69617500 0.01278700
vt 0.70097300 0.01291700
vt 0.70592300 0.00166300
vt 0.71122600 0.00137400
vt 0.71119900 0.00408100
vt 0.71119900 0.00612700
vt 0.71119900 0.00817800
vt 0.71119900 0.01023200
vt 0.70653900 0.01257600
vt 0.71111700 0.01294800
vt 0.71647700 0.00166300
vt 0.72228200 0.00141300
vt 0.72223700 0.00408100
vt 0.72223700 0.00612700
vt 0.72223700 0.00817800
vt 0.72223700 0.01023200
vt 0.71718100 0.01277200
vt 0.72491300 0.01229000
vt 0.72727300 0.00163100
vt 0.73286600 0.00146300
vt 0.73281600 0.00408100
vt 0.73281600 0.00612700
vt 0.73281600 0.00817800
vt 0.73281600 0.01023200
vt 0.73236400 0.01498100
vt 0.73783300 0.00161400
vt 0.74346300 0.00149800
vt 0.74339300 0.00408100
vt 0.74339300 0.00612700
vt 0.74339300 0.00817800
vt 0.74339300 0.01023200
vt 0.73722600 0.01223300
vt 0.74229800 0.01677100
vt 0.74853200 0.00157800
vt 0.75654100 0.00128700
vt 0.75401200 0.00332000
vt 0.75391500 0.00544600
vt 0.75395700 0.00751300
vt 0.75421800 0.00967400
vt 0.75120700 0.01418800
vt 0.75953200 0.00304000
vt 0.75914100 0.00555500
vt 0.75921300 0.00748600
vt 0.75897600 0.00977800
vt 0.47003200 -0.00141300
vt 0.47508500 -0.00137500
vt 0.48117900 -0.00144300
vt 0.48706000 -0.00129400
vt 0.49281800 -0.00118100
vt 0.44984700 0.01502500
vt 0.44906400 -0.00075000
vt 0.50332400 -0.00138700
vt 0.51396000 -0.00123000
vt 0.52906400 -0.00141900
vt 0.53478800 -0.00067700
vt 0.52359300 -0.00130400
vt 0.54456900 -0.00148300
vt 0.55042400 -0.00129200
vt 0.56052600 -0.00131800
vt 0.56586900 -0.00135800
vt 0.57176000 -0.00123400
vt 0.57697500 -0.00125000
vt 0.58195400 -0.00120900
vt 0.58750800 -0.00071700
vt 0.44993100 0.01556800
vt 0.49738400 0.01579800
vt 0.50319500 0.01523000
vt 0.45840200 0.01655400
vt 0.51337200 0.01564900
vt 0.52342100 0.01645000
vt 0.52963600 0.01582900
vt 0.53559900 0.01574900
vt 0.56794100 0.01630300
vt 0.57766700 0.01581500
vt 0.58308900 0.01644100
vt 0.57252200 0.01573200
vt 0.54789300 0.01479800
vt 0.58847200 0.01655500
vt 0.59428300 0.01654500
vt 0.59794300 -0.00120900
vt 0.60241700 -0.00116800
vt 0.60755900 -0.00119600
vt 0.61370900 -0.00070800
vt 0.61924900 -0.00113200
vt 0.62443100 -0.00116200
vt 0.62950700 -0.00114800
vt 0.63466200 -0.00110500
vt 0.64025500 -0.00073800
vt 0.64576800 -0.00065100
vt 0.65074600 -0.00112800
vt 0.65581800 -0.00108900
vt 0.66060600 -0.00105500
vt 0.66578700 -0.00111400
vt 0.67184900 -0.00102400
vt 0.67632400 -0.00099700
vt 0.68286700 -0.00057900
vt 0.68775100 -0.00074600
vt 0.69262200 -0.00110000
vt 0.69781600 -0.00107400
vt 0.70250500 -0.00096300
vt 0.70815000 -0.00064100
vt 0.71339600 -0.00062100
vt 0.71874100 -0.00057900
vt 0.72634700 -0.00052400
vt 0.73441200 -0.00052100
vt 0.74278200 -0.00045500
vt 0.75258000 -0.00061600
vt 0.76040500 -0.00066800
vt 0.76582900 -0.00119300
vt 0.76530700 0.00194900
vt 0.76589500 0.00514500
vt 0.76625500 0.00860700
vt 0.59935600 0.01590000
vt 0.60496200 0.01594200
vt 0.60983300 0.01607400
vt 0.61501300 0.01537200
vt 0.61977500 0.01676500
vt 0.62797000 0.01662500
vt 0.62760100 0.01623100
vt 0.64420600 0.01705500
vt 0.64463300 0.01745900
vt 0.65909400 0.01735800
vt 0.66608400 0.01772500
vt 0.67311900 0.01762700
vt 0.63552400 0.01669100
vt 0.65307300 0.01729600
vt 0.67938500 0.01728500
vt 0.68711700 0.01773400
vt 0.69615400 0.01779500
vt 0.70871600 0.01807200
vt 0.68755600 0.01801500
vt 0.70245700 0.01840400
vt 0.70275800 0.01863000
vt 0.72680300 0.01845800
vt 0.71988500 0.01786500
vt 0.45543200 0.62328100
vt 0.45644800 0.62420700
vt 0.44801300 0.62350700
vt 0.44922500 0.62443800
vt 0.46626900 0.62353900
vt 0.46193600 0.62331400
vt 0.46229500 0.62450900
vt 0.46915400 0.62461300
vt 0.47724800 0.62415800
vt 0.47181600 0.62414600
vt 0.47232500 0.62327800
vt 0.48381500 0.62414100
vt 0.47768400 0.62329700
vt 0.49012800 0.62418600
vt 0.48343500 0.62332100
vt 0.49374300 0.62346800
vt 0.48905600 0.62326100
vt 0.49633200 0.62422600
vt 0.50310900 0.62423300
vt 0.49898500 0.62325200
vt 0.50766400 0.62414500
vt 0.50514700 0.62324800
vt 0.51519800 0.62348900
vt 0.50997300 0.62327900
vt 0.51910200 0.62418900
vt 0.51423200 0.62450900
vt 0.52581200 0.62425300
vt 0.52137800 0.62326000
vt 0.52948300 0.62417300
vt 0.52657400 0.62326600
vt 0.53540300 0.62414000
vt 0.53151300 0.62326700
vt 0.54142500 0.62446600
vt 0.54331600 0.62351500
vt 0.54832000 0.62460300
vt 0.55210800 0.62410500
vt 0.54792100 0.62323700
vt 0.55835800 0.62416400
vt 0.55393300 0.62325200
vt 0.56400700 0.62419800
vt 0.55908200 0.62329600
vt 0.56925500 0.62415500
vt 0.56401500 0.62327300
vt 0.57501100 0.62414000
vt 0.56982600 0.62325000
vt 0.58132200 0.62418600
vt 0.57884600 0.62331000
vt 0.58693000 0.62416400
vt 0.58359200 0.62325500
vt 0.59228700 0.62419000
vt 0.58989400 0.62325700
vt 0.59592800 0.62343700
vt 0.59814400 0.62441600
vt 0.60515300 0.62463700
vt 0.60163200 0.62352800
vt 0.60949000 0.62416900
vt 0.60636100 0.62324200
vt 0.61430000 0.62417800
vt 0.61078300 0.62330300
vt 0.61985900 0.62418100
vt 0.61598600 0.62326600
vt 0.62631900 0.62440300
vt 0.62364400 0.62344900
vt 0.63241500 0.62418500
vt 0.62894600 0.62341900
vt 0.63799300 0.62417800
vt 0.63356300 0.62328100
vt 0.64345800 0.62417800
vt 0.63889300 0.62326500
vt 0.64898800 0.62419100
vt 0.64376600 0.62333000
vt 0.65464500 0.62340400
vt 0.64873500 0.62327800
vt 0.66078300 0.62441400
vt 0.65487200 0.62437500
vt 0.66044700 0.62348500
vt 0.66630800 0.62416700
vt 0.67174500 0.62417400
vt 0.66710400 0.62324800
vt 0.67688300 0.62418400
vt 0.67234500 0.62327800
vt 0.68249700 0.62416300
vt 0.67606500 0.62327200
vt 0.68898000 0.62418400
vt 0.68776600 0.62331300
vt 0.69377800 0.62419800
vt 0.69861600 0.62346200
vt 0.69341100 0.62324800
vt 0.70065100 0.62444000
vt 0.70392700 0.62352600
vt 0.44330300 0.62446400
vt 0.43809200 0.62387400
vt 0.45266200 0.62505100
vt 0.45756600 0.70303700
vt 0.45294100 0.70157300
vt 0.45865900 0.69794500
vt 0.45211400 0.70941000
vt 0.46915500 0.70293700
vt 0.46333500 0.70312900
vt 0.47009600 0.69794500
vt 0.46437800 0.69794500
vt 0.45838700 0.70938600
vt 0.46457800 0.70939500
vt 0.47521900 0.70320300
vt 0.47612000 0.69794500
vt 0.47047500 0.70888400
vt 0.47906900 0.70550000
vt 0.47578300 0.70939500
vt 0.48201600 0.69938900
vt 0.48155700 0.70896700
vt 0.48496300 0.70553800
vt 0.48783400 0.69930800
vt 0.48706600 0.70940500
vt 0.49084900 0.70551400
vt 0.49370500 0.69907600
vt 0.49371200 0.70938700
vt 0.49666600 0.70537500
vt 0.49954200 0.69908700
vt 0.49928600 0.70939400
vt 0.50243900 0.70551700
vt 0.50536400 0.69906400
vt 0.50473000 0.70896700
vt 0.50825000 0.70548300
vt 0.51118500 0.69913600
vt 0.51028900 0.70939800
vt 0.51411000 0.70553700
vt 0.51697600 0.69920400
vt 0.51693200 0.70940000
vt 0.51992900 0.70545500
vt 0.52271800 0.69915900
vt 0.52243900 0.70939000
vt 0.52557500 0.70547700
vt 0.52842000 0.69921200
vt 0.52827900 0.70939700
vt 0.53140700 0.70552300
vt 0.53426600 0.69930600
vt 0.53444900 0.70897800
vt 0.53731800 0.70544600
vt 0.54019500 0.69894300
vt 0.53939300 0.70940400
vt 0.54310400 0.70545800
vt 0.54607400 0.69908300
vt 0.54584400 0.70939500
vt 0.54901000 0.70546800
vt 0.55191500 0.69919500
vt 0.55201300 0.70894500
vt 0.55483200 0.70551200
vt 0.55773400 0.69927200
vt 0.55702200 0.70940200
vt 0.56064700 0.70546200
vt 0.56352900 0.69913500
vt 0.56284100 0.70894900
vt 0.56640000 0.70547200
vt 0.56916900 0.69907900
vt 0.56887900 0.70940200
vt 0.57201100 0.70547200
vt 0.57485300 0.69900700
vt 0.57486700 0.70940000
vt 0.57780900 0.70547600
vt 0.58084100 0.69913600
vt 0.58051100 0.70939200
vt 0.58393200 0.70542800
vt 0.58681400 0.69940000
vt 0.58710700 0.70939700
vt 0.58982100 0.70542600
vt 0.59262800 0.69927800
vt 0.59298400 0.70939500
vt 0.59563100 0.70554000
vt 0.59846400 0.69916600
vt 0.59801500 0.70895900
vt 0.60144800 0.70539800
vt 0.60426300 0.69934700
vt 0.60340000 0.70939800
vt 0.60723700 0.70544900
vt 0.61008000 0.69930900
vt 0.60955200 0.70940500
vt 0.61303800 0.70543900
vt 0.61589900 0.69917600
vt 0.61528400 0.70939700
vt 0.61887500 0.70551200
vt 0.62176300 0.69930300
vt 0.62157500 0.70938100
vt 0.62471100 0.70547000
vt 0.62744500 0.69915600
vt 0.62786500 0.70941300
vt 0.63040400 0.70543700
vt 0.63319500 0.69916300
vt 0.63355300 0.70887900
vt 0.63611700 0.70541300
vt 0.63891000 0.69928100
vt 0.63880900 0.70940100
vt 0.64251000 0.70873700
vt 0.64460000 0.69931000
vt 0.64768400 0.70539800
vt 0.65066200 0.69914400
vt 0.64982000 0.70940400
vt 0.65372700 0.70549300
vt 0.65667800 0.69927200
vt 0.65739600 0.70939000
vt 0.65962700 0.70541400
vt 0.66247400 0.69931700
vt 0.66301900 0.70896400
vt 0.66547900 0.70544000
vt 0.66830300 0.69915300
vt 0.66810000 0.70940500
vt 0.67127600 0.70550000
vt 0.67416000 0.69925100
vt 0.67432000 0.70938000
vt 0.67708800 0.70543300
vt 0.67992600 0.69933700
vt 0.68033200 0.70940400
vt 0.68294400 0.70542700
vt 0.68576500 0.69923500
vt 0.68608900 0.70940200
vt 0.68873800 0.70551200
vt 0.69158400 0.69925400
vt 0.69124700 0.70895800
vt 0.69454900 0.70541900
vt 0.69739300 0.69925000
vt 0.69721500 0.70939400
vt 0.70042000 0.70551500
vt 0.70324300 0.69924300
vt 0.70391200 0.70940000
vt 0.70626400 0.70546100
vt 0.70905800 0.69928700
vt 0.70951000 0.70898200
vt 0.71206400 0.70557200
vt 0.71483300 0.69936400
vt 0.71475400 0.70940000
vt 0.71787400 0.70534200
vt 0.72078400 0.69858000
vt 0.72079300 0.70940900
vt 0.45294100 0.69794500
vt 0.44672400 0.69387000
vt 0.45024200 0.69380200
vt 0.45591500 0.69384400
vt 0.46143100 0.69404500
vt 0.46753000 0.69401300
vt 0.47442000 0.69402300
vt 0.44722200 0.70157300
vt 0.48010900 0.69403600
vt 0.48977400 0.69404200
vt 0.48412400 0.69403400
vt 0.49701100 0.69384300
vt 0.50953600 0.69402800
vt 0.50323900 0.69387500
vt 0.44886100 0.70872400
vt 0.51491300 0.69399900
vt 0.52014800 0.69402300
vt 0.52589000 0.69403000
vt 0.53093600 0.69387500
vt 0.53662700 0.69387500
vt 0.54480400 0.69404200
vt 0.55042300 0.69401800
vt 0.55518300 0.69403800
vt 0.56034400 0.69381500
vt 0.56648200 0.69386200
vt 0.57291800 0.69405600
vt 0.57969800 0.69403700
vt 0.58482900 0.69401500
vt 0.58884200 0.69404800
vt 0.59454800 0.69405900
vt 0.60081400 0.69402700
vt 0.61166900 0.69404600
vt 0.60612300 0.69402600
vt 0.61814200 0.69407600
vt 0.62314700 0.69381600
vt 0.63582200 0.69403000
vt 0.63002400 0.69402900
vt 0.64112900 0.69404300
vt 0.65341700 0.69384700
vt 0.64673800 0.69404800
vt 0.65900800 0.69403800
vt 0.66422100 0.69406000
vt 0.67085100 0.69405800
vt 0.67650800 0.69385900
vt 0.68154900 0.69404100
vt 0.68760800 0.69401400
vt 0.69378700 0.69402700
vt 0.69956500 0.69402900
vt 0.70611000 0.69377600
vt 0.71075700 0.69401300
vt 0.71775100 0.69403500
vt 0.72575300 0.69382900
vt 0.72489400 0.70392100
vt 0.72599400 0.70883400
vt 0.56369400 0.62595900
vt 0.54999200 0.62595900
vt 0.54999200 0.62324900
vt 0.56939400 0.62324900
vt 0.58818500 0.62324900
vt 0.57739700 0.62595900
vt 0.60663500 0.62324900
vt 0.62508500 0.62324900
vt 0.61850500 0.62595900
vt 0.59109900 0.62595900
vt 0.64353600 0.62324900
vt 0.63220700 0.62595900
vt 0.65961200 0.62595900
vt 0.64591000 0.62595900
vt 0.66267900 0.62324900
vt 0.67331500 0.62595900
vt 0.68164700 0.62324900
vt 0.70017900 0.62324900
vt 0.68701700 0.62595900
vt 0.71863000 0.62324900
vt 0.73708000 0.62324900
vt 0.72812500 0.62595900
vt 0.71442300 0.62595900
vt 0.75553000 0.62324900
vt 0.74182800 0.62595900
vt 0.54999200 0.62324900
vt 0.56939400 0.62324900
vt 0.56026900 0.62595900
vt 0.57054600 0.62595900
vt 0.58818500 0.62324900
vt 0.58082300 0.62595900
vt 0.60663500 0.62324900
vt 0.62508500 0.62324900
vt 0.61159700 0.62593200
vt 0.60137600 0.62595900
vt 0.64353600 0.62324900
vt 0.63224100 0.62595200
vt 0.59102000 0.62593600
vt 0.62221500 0.62593300
vt 0.64248400 0.62595900
vt 0.65276100 0.62595900
vt 0.67331500 0.62595900
vt 0.66303800 0.62595900
vt 0.66267900 0.62324900
vt 0.68164700 0.62324900
vt 0.70017900 0.62324900
vt 0.69386000 0.62593600
vt 0.71863000 0.62324900
vt 0.73708000 0.62324900
vt 0.72469900 0.62595900
vt 0.71442300 0.62595900
vt 0.75553000 0.62324900
vt 0.74525300 0.62595900
vt 0.68359200 0.62595900
vt 0.70414600 0.62595900
vt 0.73497600 0.62595900
vt 0.43408500 0.63370500
vt 0.42504700 0.64705500
vt 0.42802100 0.69221900
vt 0.46431800 0.61545500
vt 0.44722200 0.62297800
vt 0.45382500 0.71441400
vt 0.43923900 0.70507900
vt 0.48269300 0.61244800
vt 0.47095200 0.71999700
vt 0.42082300 0.66197400
vt 0.42176300 0.67735100
vt 0.48926500 0.72138700
vt 0.51813300 0.61942000
vt 0.50100700 0.61383700
vt 0.50764100 0.71837900
vt 0.54393700 0.64161500
vt 0.53271900 0.62875500
vt 0.53787300 0.70013000
vt 0.52473600 0.71085600
vt 0.54691100 0.68678000
vt 0.55019600 0.65648400
vt 0.55113500 0.67186000
vt 0.45776500 0.62834800
vt 0.44738900 0.62828000
vt 0.45223300 0.62875500
vt 0.46031500 0.79915500
vt 0.44672000 0.79864400
vt 0.44722200 0.80418600
vt 0.46031500 0.80921600
vt 0.44665200 0.80904900
vt 0.47340700 0.80921600
vt 0.47340700 0.79915500
vt 0.44664000 0.80903800
vt 0.44662400 0.81978100
vt 0.46031500 0.81927800
vt 0.47340700 0.81927800
vt 0.47340700 0.80921600
vt 0.46031500 0.80921600
vt 0.48532300 0.62574600
vt 0.48532300 0.62574600
vt 0.48532300 0.62574600
vt 0.48532300 0.62574600
vt 0.52291500 0.62571700
vt 0.46627300 0.62574600
vt 0.46627300 0.62574600
vt 0.46627300 0.62574600
vt 0.48532400 0.62850200
vt 0.48532400 0.62850200
vt 0.48532400 0.62850200
vt 0.48532400 0.62850200
vt 0.48532400 0.63126000
vt 0.48532400 0.63126000
vt 0.48532400 0.63126000
vt 0.46644400 0.62850200
vt 0.46644400 0.62850200
vt 0.48532400 0.63402900
vt 0.48532400 0.63402900
vt 0.46598800 0.63125700
vt 0.46598800 0.63125700
vt 0.46598800 0.63125700
vt 0.48532400 0.63680800
vt 0.46627300 0.63402900
vt 0.46627300 0.63402900
vt 0.46627300 0.63402900
vt 0.48532400 0.63958600
vt 0.46627300 0.63680800
vt 0.50437400 0.63126000
vt 0.50437400 0.62850200
vt 0.50437400 0.62850200
vt 0.50437400 0.62850200
vt 0.50437400 0.63402900
vt 0.50437400 0.63680800
vt 0.50437400 0.63680800
vt 0.52342500 0.62850200
vt 0.52342500 0.62850200
vt 0.52342500 0.62850200
vt 0.52341900 0.62574700
vt 0.52341900 0.62574700
vt 0.52342500 0.63126000
vt 0.52342500 0.63126000
vt 0.52342500 0.63402900
vt 0.52342500 0.63680800
vt 0.54247600 0.62850200
vt 0.54247600 0.62850200
vt 0.54247600 0.62850200
vt 0.54247600 0.62574600
vt 0.54247600 0.62574600
vt 0.54247600 0.62574600
vt 0.54247600 0.62574600
vt 0.54247600 0.63126000
vt 0.54247600 0.63126000
vt 0.54247600 0.63126000
vt 0.54247600 0.63402900
vt 0.54247600 0.63680800
vt 0.56152600 0.62574500
vt 0.56152600 0.62574500
vt 0.56152600 0.62574500
vt 0.52359200 0.62572900
vt 0.56153500 0.62850200
vt 0.56153500 0.62850200
vt 0.56153500 0.62850200
vt 0.56153500 0.62850200
vt 0.56152600 0.63126000
vt 0.56152600 0.63126000
vt 0.56152600 0.63126000
vt 0.56152600 0.63126000
vt 0.56152600 0.63402900
vt 0.56152600 0.63402900
vt 0.56152600 0.63680800
vt 0.56152600 0.63680800
vt 0.56152600 0.63958600
vt 0.56152600 0.63958600
vt 0.56152600 0.63958600
vt 0.54247600 0.63958600
vt 0.54247600 0.63958600
vt 0.44722200 0.63383000
vt 0.44722200 0.63564900
vt 0.44722200 0.63564900
vt 0.44722200 0.63201800
vt 0.44722200 0.63201800
vt 0.44708600 0.64111900
vt 0.44708600 0.64111900
vt 0.44708600 0.64111900
vt 0.46627300 0.63958600
vt 0.46627300 0.63958600
vt 0.46627300 0.63958600
vt 0.44682900 0.63829100
vt 0.44682900 0.63829100
vt 0.46627300 0.64235900
vt 0.46627300 0.64235900
vt 0.44711200 0.64400800
vt 0.44711200 0.64400800
vt 0.46471900 0.64626900
vt 0.46471900 0.64626900
vt 0.44749900 0.64603400
vt 0.44749900 0.64603400
vt 0.44727500 0.64787700
vt 0.44727500 0.64787700
vt 0.45783400 0.65239600
vt 0.45783400 0.65239600
vt 0.44728700 0.65072000
vt 0.44728700 0.65072000
vt 0.44728700 0.65072000
vt 0.44728700 0.65072000
vt 0.44729500 0.65487100
vt 0.44729500 0.65487100
vt 0.46054100 0.64934500
vt 0.46054100 0.64934500
vt 0.46054100 0.64934500
vt 0.45484900 0.65800200
vt 0.45484900 0.65800200
vt 0.45484900 0.65800200
vt 0.45484900 0.65800200
vt 0.44723300 0.65791100
vt 0.44723300 0.65791100
vt 0.44723300 0.65791100
vt 0.44724400 0.66089500
vt 0.44724400 0.66089500
vt 0.49695200 0.63901500
vt 0.51473200 0.63847200
vt 0.48237900 0.64064000
vt 0.44731200 0.66493100
vt 0.44724800 0.66897200
vt 0.44724800 0.66897200
vt 0.45199700 0.66895700
vt 0.45199700 0.66895700
vt 0.45309900 0.66360300
vt 0.45309900 0.66360300
vt 0.45309900 0.66360300
vt 0.44717700 0.67402300
vt 0.44717700 0.67402300
vt 0.44721700 0.67983700
vt 0.44721700 0.67983700
vt 0.44721700 0.67983700
vt 0.45112400 0.67556700
vt 0.45112400 0.67556700
vt 0.45112400 0.67556700
vt 0.44721000 0.68494100
vt 0.44721000 0.68494100
vt 0.44721000 0.68494100
vt 0.45057800 0.68155000
vt 0.45057800 0.68155000
vt 0.44718900 0.69181900
vt 0.44718900 0.69181900
vt 0.44718900 0.69181900
vt 0.45030500 0.68683100
vt 0.45030500 0.68683100
vt 0.44722700 0.69839100
vt 0.44722700 0.69839100
vt 0.45006600 0.69346500
vt 0.45006600 0.69346500
vt 0.44721500 0.70304800
vt 0.44721500 0.70304800
vt 0.44989800 0.69882600
vt 0.44981100 0.70401100
vt 0.44981100 0.70401100
vt 0.44721300 0.70854200
vt 0.44721300 0.70854200
vt 0.44720800 0.71389700
vt 0.44980600 0.71033700
vt 0.44980600 0.71033700
vt 0.44988100 0.71644200
vt 0.53196600 0.63909400
vt 0.58006700 0.63364000
vt 0.58295000 0.63199800
vt 0.58295000 0.63199800
vt 0.58295000 0.63199800
vt 0.59276600 0.62857600
vt 0.59276600 0.62857600
vt 0.58076800 0.63774000
vt 0.58076800 0.63774000
vt 0.58076800 0.63774000
vt 0.58057700 0.63507800
vt 0.58057700 0.63507800
vt 0.54597900 0.64073500
vt 0.54597900 0.64073500
vt 0.56152600 0.64235900
vt 0.56152600 0.64235900
vt 0.56152600 0.64235900
vt 0.56312000 0.64620800
vt 0.56312000 0.64620800
vt 0.58052600 0.64271200
vt 0.58052600 0.64271200
vt 0.58073600 0.64063800
vt 0.58073600 0.64063800
vt 0.58057700 0.64461800
vt 0.58057700 0.64461800
vt 0.56692000 0.64913000
vt 0.56692000 0.64913000
vt 0.58060200 0.64727200
vt 0.58060200 0.64727200
vt 0.58060200 0.64727200
vt 0.57298800 0.65802200
vt 0.57298800 0.65802200
vt 0.57298800 0.65802200
vt 0.57476200 0.66380300
vt 0.57476200 0.66380300
vt 0.57476200 0.66380300
vt 0.58058800 0.66048000
vt 0.58058800 0.66048000
vt 0.56982000 0.65224700
vt 0.58040000 0.65030000
vt 0.58040000 0.65030000
vt 0.58040000 0.65030000
vt 0.58058100 0.65482800
vt 0.58058100 0.65482800
vt 0.58049700 0.65746700
vt 0.58053500 0.66497300
vt 0.58053500 0.66497300
vt 0.58053500 0.66497300
vt 0.57579500 0.66908900
vt 0.57579500 0.66908900
vt 0.57579500 0.66908900
vt 0.58051500 0.67095900
vt 0.58051500 0.67095900
vt 0.57669000 0.67562000
vt 0.57669000 0.67562000
vt 0.58057100 0.67672600
vt 0.58057100 0.67672600
vt 0.58057100 0.67672600
vt 0.57710500 0.68144000
vt 0.57710500 0.68144000
vt 0.57710500 0.68144000
vt 0.58056100 0.68252900
vt 0.58056100 0.68252900
vt 0.57751400 0.68718300
vt 0.57772300 0.69303100
vt 0.57772300 0.69303100
vt 0.58055300 0.68853000
vt 0.57799900 0.71062000
vt 0.57799900 0.71062000
vt 0.57790600 0.71654100
vt 0.58063300 0.71128400
vt 0.58063300 0.71128400
vt 0.57799300 0.70404000
vt 0.57799300 0.70404000
vt 0.58056700 0.70619200
vt 0.58056700 0.70619200
vt 0.58057200 0.69391800
vt 0.58057200 0.69391800
vt 0.57788100 0.69880200
vt 0.57788100 0.69880200
vt 0.58051900 0.69991200
vt 0.57929800 0.63229400
vt 0.57290000 0.63019400
vt 0.57028200 0.63456600
vt 0.57942100 0.63616100
vt 0.57946500 0.62670300
vt 0.56567700 0.63009700
vt 0.55969400 0.62289000
vt 0.57957000 0.61966300
vt 0.56911800 0.63731200
vt 0.57121600 0.64434900
vt 0.57947500 0.64172700
vt 0.57251000 0.65057500
vt 0.57942500 0.64736500
vt 0.57327200 0.65583200
vt 0.57939600 0.65219700
vt 0.57412700 0.65859600
vt 0.57947500 0.65722500
vt 0.57583100 0.66637300
vt 0.57940900 0.66203200
vt 0.57646700 0.67181400
vt 0.57677600 0.67663500
vt 0.57947700 0.67666700
vt 0.57686400 0.68088000
vt 0.57945100 0.67048300
vt 0.57943400 0.66580600
vt 0.44731300 0.72060600
vt 0.44977200 0.71644000
vt 0.44726900 0.71389700
vt 0.46408300 0.62708200
vt 0.46130100 0.62975900
vt 0.44723600 0.62555100
vt 0.46219700 0.63646100
vt 0.45442600 0.63421400
vt 0.46865700 0.63419800
vt 0.45845300 0.63226400
vt 0.49359000 0.62648200
vt 0.48094300 0.62831000
vt 0.48857200 0.63157300
vt 0.47277800 0.63156200
vt 0.48049600 0.63410900
vt 0.50062300 0.62969400
vt 0.49273300 0.63408800
vt 0.50382900 0.63221800
vt 0.51451200 0.62605100
vt 0.50761800 0.63425200
vt 0.49939100 0.63630000
vt 0.44722700 0.63118700
vt 0.44723000 0.62847500
vt 0.44721500 0.63422200
vt 0.44741000 0.63732000
vt 0.44720600 0.62340400
vt 0.51461400 0.62342100
vt 0.51460600 0.63168400
vt 0.51464800 0.62848200
vt 0.51459700 0.63799200
vt 0.50456500 0.64043800
vt 0.50643900 0.63767600
vt 0.51466200 0.63549200
vt 0.57451700 0.80448800
vt 0.56756000 0.80612500
vt 0.56880400 0.80460400
vt 0.58937900 0.80466000
vt 0.58214400 0.80612500
vt 0.58099900 0.80396000
vt 0.61750300 0.80382100
vt 0.60346900 0.80382100
vt 0.61750300 0.80151700
vt 0.60346900 0.80612500
vt 0.61750300 0.80612500
vt 0.75147900 0.80382100
vt 0.74447900 0.80256600
vt 0.74887600 0.80054200
vt 0.73054900 0.80382100
vt 0.73054900 0.80151700
vt 0.74450200 0.80612500
vt 0.73054900 0.80612500
vt 0.75874700 0.80520200
vt 0.77938500 0.80612500
vt 0.77286200 0.80449800
vt 0.77819400 0.80460300
vt 0.58839200 0.80284400
vt 0.60346900 0.80151700
vt 0.59916100 0.80031900
vt 0.60306900 0.79923000
vt 0.61830900 0.79921300
vt 0.63350700 0.79921300
vt 0.64834100 0.79921300
vt 0.67331500 0.80382100
vt 0.66252500 0.79921300
vt 0.68410500 0.79921300
vt 0.67331500 0.79921300
vt 0.65070600 0.80842800
vt 0.56057300 0.80459800
vt 0.56026900 0.80842800
vt 0.57534200 0.80842800
vt 0.59041400 0.80842800
vt 0.60548700 0.80842800
vt 0.63563300 0.80842800
vt 0.62056000 0.80842800
vt 0.66577900 0.80842800
vt 0.68085200 0.80842800
vt 0.70248200 0.80382100
vt 0.69841400 0.79921300
vt 0.71338100 0.79921300
vt 0.72871300 0.79921300
vt 0.74406400 0.79922800
vt 0.75925900 0.80294700
vt 0.76753100 0.80409500
vt 0.76531800 0.80598400
vt 0.74114300 0.80842800
vt 0.75621600 0.80842800
vt 0.71099700 0.80842800
vt 0.69592400 0.80842800
vt 0.72607000 0.80842800
vt 0.77128900 0.80842800
vt 0.78618000 0.80459900
vt 0.78636100 0.80842800
vt 0.56894200 0.80460000
vt 0.57605200 0.80459800
vt 0.57604700 0.80651300
vt 0.56815800 0.80651300
vt 0.58383200 0.80459900
vt 0.59172800 0.80460700
vt 0.59962700 0.80459800
vt 0.59884400 0.80651300
vt 0.61656100 0.80459800
vt 0.62401600 0.80459900
vt 0.62122300 0.80651300
vt 0.61378200 0.80651300
vt 0.60751500 0.80460000
vt 0.63610700 0.80651300
vt 0.62810400 0.80845300
vt 0.63229600 0.80459700
vt 0.64092600 0.80459800
vt 0.64357300 0.80647900
vt 0.69021000 0.80542300
vt 0.69637200 0.80461300
vt 0.69588000 0.80843600
vt 0.70646700 0.80459800
vt 0.71480000 0.80459700
vt 0.71194500 0.80651300
vt 0.70692600 0.80845400
vt 0.70161700 0.80460000
vt 0.72283500 0.80459800
vt 0.73041600 0.80459700
vt 0.72682800 0.80651300
vt 0.71859400 0.80845600
vt 0.73427000 0.80651300
vt 0.73953500 0.80459900
vt 0.74122700 0.80845200
vt 0.75659500 0.80651300
vt 0.74771700 0.80460500
vt 0.75491200 0.80459800
vt 0.76388300 0.80459900
vt 0.77892000 0.80651300
vt 0.77112200 0.80460800
vt 0.77815400 0.80459900
vt 0.64591900 0.80459900
vt 0.65080900 0.80459600
vt 0.66222300 0.80459700
vt 0.65757100 0.80538200
vt 0.57157300 0.80842800
vt 0.56008700 0.80459700
vt 0.56026900 0.80842800
vt 0.58287800 0.80842800
vt 0.60548700 0.80842800
vt 0.59418300 0.80842800
vt 0.61679200 0.80842800
vt 0.63940100 0.80842800
vt 0.65070600 0.80842800
vt 0.66617100 0.80594400
vt 0.66201000 0.80842800
vt 0.67331500 0.80842800
vt 0.66776900 0.80459700
vt 0.68466400 0.80459700
vt 0.67899000 0.80459700
vt 0.68181400 0.80595400
vt 0.67331500 0.80459700
vt 0.68462000 0.80842800
vt 0.72983800 0.80842800
vt 0.75244700 0.80842800
vt 0.76375200 0.80842800
vt 0.77505700 0.80842800
vt 0.78636100 0.80842800
vt 0.78666500 0.80459500
vt 0.45195400 0.78446300
vt 0.44854400 0.77605300
vt 0.44875900 0.79150900
vt 0.46031500 0.79915500
vt 0.44674300 0.79858600
vt 0.47340700 0.76162100
vt 0.47077500 0.75469100
vt 0.46720700 0.76112500
vt 0.47342500 0.74910600
vt 0.47340700 0.77413200
vt 0.45754600 0.77607900
vt 0.47340700 0.78664400
vt 0.46271200 0.76841000
vt 0.47340700 0.79915500
vt 0.45195900 0.83443400
vt 0.44861900 0.82702600
vt 0.44945100 0.83475700
vt 0.46031500 0.81927800
vt 0.44664600 0.81983800
vt 0.45754700 0.84279300
vt 0.47340700 0.83189600
vt 0.47340700 0.81927800
vt 0.46263300 0.85039400
vt 0.47340700 0.84451500
vt 0.46720500 0.85773000
vt 0.47340700 0.85713300
vt 0.47065000 0.86391800
vt 0.47342300 0.86974300
vt 0.54769400 0.62297800
vt 0.54792700 0.62365600
vt 0.54775200 0.62297900
vt 0.57757900 0.62364000
vt 0.57712300 0.62297500
vt 0.57196300 0.62298200
vt 0.53793500 0.62297900
vt 0.52121800 0.62365600
vt 0.51749800 0.62300500
vt 0.51660400 0.62297800
vt 0.54300000 0.62297800
vt 0.56853000 0.62297800
vt 0.56692400 0.62297800
vt 0.49361000 0.62300500
vt 0.49315200 0.62365600
vt 0.49296700 0.62298000
vt 0.52097600 0.62365000
vt 0.52081900 0.62297800
vt 0.51750700 0.62297800
vt 0.54301400 0.62297800
vt 0.56692400 0.62297800
vt 0.49361000 0.62300600
vt 0.64080100 0.62365600
vt 0.58889100 0.62365500
vt 0.63392200 0.62365600
vt 0.77065800 0.62364600
vt 0.60812000 0.62365600
vt 0.61329300 0.62365600
vt 0.76669600 0.62298100
vt 0.78731700 0.62365400
vt 0.78628700 0.62365100
vt 0.79359800 0.62365600
vt 0.49532600 0.62297800
vt 0.49832700 0.62303000
vt 0.50205500 0.62366200
vt 0.50219800 0.62298500
vt 0.48041300 0.62297800
vt 0.48181100 0.62303100
vt 0.47878800 0.62297800
vt 0.60716300 0.62365600
vt 0.66047700 0.62365600
vt 0.64671900 0.62365600
vt 0.59340500 0.62365600
vt 0.29208200 0.55222800
vt 0.90369400 0.62365600
vt 0.97076400 0.62365600
vt 1.00000000 0.62297800
vt 0.97076400 0.62365600
vt 0.97076400 0.62297800
vt 1.00000000 0.62365600
vt 0.90247900 0.62297800
vt 0.83730400 0.62297800
vt 0.80180600 0.62297800
vt 0.76993100 0.62365600
vt 0.73134200 0.62365600
vt 0.73134200 0.62297800
vt 0.76242600 0.62365600
vt 0.76242600 0.62297800
vt 0.73134200 0.62365600
vt 0.83743900 0.62365600
vt 0.85510900 0.62298300
vt 0.86921000 0.62365100
vt 0.86533100 0.62298400
vt 0.87676900 0.62365600
vt 0.79995500 0.62365600
vt 0.79996500 0.62298100
vt 0.81582500 0.62365100
vt 0.81582100 0.62297800
vt 0.80948700 0.62365600
vt 0.80937000 0.62298100
vt 0.83056000 0.62365600
vt 0.83056000 0.62297800
vt 0.80180600 0.62297800
vt 0.76993100 0.62365600
vt 0.76993100 0.62297800
vt 0.76993100 0.62297800
vt 0.80180600 0.62365600
vt 0.80180600 0.62365600
vt 0.65691700 0.62365600
vt 0.66380400 0.62297800
vt 0.67068300 0.62297800
vt 0.71188600 0.62365600
vt 0.75826000 0.62297800
vt 0.75826000 0.62365600
vt 0.66380400 0.62365600
vt 0.71757400 0.62297800
vt 0.71690300 0.62297900
vt 0.69933700 0.62355700
vt 0.70500300 0.62365600
vt 0.77718500 0.62365600
vt 0.74952600 0.62365600
vt 0.60839100 0.62297800
vt 0.72717000 0.62365600
vt 0.74952600 0.62365600
vt 0.74956100 0.62297800
vt 0.76326100 0.62370800
vt 0.79303000 0.62365600
vt 0.75628700 0.62297800
vt 0.75560300 0.62297800
vt 0.77925000 0.62365600
vt 0.63124700 0.62359900
vt 0.63807600 0.62365600
vt 0.65882900 0.62297800
vt 0.63807600 0.62365600
vt 0.63807600 0.62297800
vt 0.66010000 0.62365600
vt 0.66118300 0.62297800
vt 0.74396500 0.62365600
vt 0.74396500 0.62297800
vt 0.79728000 0.62365600
vt 0.79728000 0.62297800
vt 0.74396500 0.62365600
vt 0.69284600 0.62297800
vt 0.62576600 0.62297800
vt 0.63443500 0.62297800
vt 0.66738800 0.62365600
vt 0.66738800 0.62297800
vt 0.68902700 0.62365100
vt 0.68892200 0.62297800
vt 0.66738800 0.62365600
vt 0.60830400 0.62297800
vt 0.61919700 0.62365600
vt 0.39036800 0.55829700
vt 0.56416500 0.62365600
vt 0.69361000 0.62365600
vt 0.61449500 0.62297800
vt 0.59621600 0.62365600
vt 0.61449400 0.62365600
vt 0.61449400 0.62365600
vt 0.69358800 0.62365600
vt 0.64028100 0.62365600
vt 0.61448900 0.62297800
vt 0.61448700 0.62365600
vt 0.61448700 0.62365600
vt 0.59620700 0.62365600
vt 0.69358700 0.62365600
vt 0.67983400 0.62365600
vt 0.64028000 0.62365600
vt 0.61448500 0.62365600
vt 0.59620400 0.62365600
vt 0.69360200 0.62365600
vt 0.64028600 0.62365600
vt 0.61448900 0.62365600
vt 0.59621000 0.62365600
vt 0.66047000 0.62365600
vt 0.64671200 0.62365600
vt 0.60715800 0.62365600
vt 0.59340100 0.62365600
vt 0.29026300 0.55222800
vt 0.44651700 0.62294200
vt 0.44984700 0.62296700
vt 0.45028700 0.62365100
vt 0.45483900 0.62552000
vt 0.44723100 0.51551100
vt 0.44874800 0.51999400
vt 0.59512800 0.62297800
vt 0.45485300 0.62548500
vt 0.44871400 0.51999900
vt 0.87996300 0.62379100
vt 0.66490100 0.62678500
vt 0.85207800 0.62674200
vt 0.45852000 0.62414200
vt 0.46186100 0.62400900
vt 0.71577000 0.71173400
vt 0.48521700 0.62368300
vt 0.44960400 0.68982500
vt 0.46016400 0.62371700
vt 0.46449100 0.62355300
vt 0.44976500 0.85035500
vt 0.44976900 0.63925200
vt 0.53163000 0.62350300
vt 0.53693300 0.62405500
vt 0.54180700 0.62352500
vt 0.61572900 0.62416500
vt 0.67921300 0.62413500
vt 0.69057000 0.62351500
vt 0.69473800 0.62415500
vt 0.69991300 0.62348300
vt 0.60572000 0.62357500
vt 0.60110100 0.62290000
vt 0.66658000 0.62353900
vt 0.67839400 0.62357600
vt 0.67423600 0.62299000
vt 0.67236800 0.62425900
vt 0.45239300 0.70852300
vt 0.45233300 0.63345100
vt 0.58985100 0.63720100
vt 0.67275300 0.63721700
vt 0.45238600 0.83539600
vt 0.45355400 0.83301800
vt 0.52087500 0.62778900
vt 0.51492700 0.62816900
vt 0.50947200 0.62778700
vt 0.54064900 0.62778400
vt 0.54064900 0.62778400
vt 0.53678100 0.62840400
vt 0.52892200 0.62778300
vt 0.55231000 0.62778900
vt 0.54631300 0.62824800
vt 0.63958900 0.62777000
vt 0.63312700 0.62818900
vt 0.53231500 0.62351100
vt 0.54688000 0.62348800
vt 0.53983500 0.62309400
vt 0.57093800 0.62343200
vt 0.58238000 0.62351900
vt 0.57743900 0.62293000
vt 0.58918700 0.62349100
vt 0.60148200 0.62351500
vt 0.59408500 0.62298900
vt 0.61679400 0.62351800
vt 0.62721200 0.62351000
vt 0.62150500 0.62308100
vt 0.52046800 0.62355600
vt 0.54251000 0.62359700
vt 0.54251000 0.62359700
vt 0.55916200 0.62352700
vt 0.62106900 0.62334600
vt 0.62819900 0.62353200
vt 0.62408700 0.62338400
vt 0.34823600 0.62788700
vt 0.45507400 0.63867800
vt 0.46504800 0.62359000
vt 0.47101900 0.62340900
vt 0.45627100 0.62401800
vt 0.47216300 0.62436200
vt 0.45399600 0.62769900
vt 0.46203100 0.61983600
vt 0.50270100 0.61951700
vt 0.52636700 0.62023400
vt 0.55023800 0.62036200
vt 0.56537200 0.62021600
vt 0.59506700 0.62029500
vt 0.61152300 0.62029700
vt 0.55757100 0.62303100
vt 0.57663000 0.62296500
vt 0.60371000 0.62298100
vt 0.76901600 0.01343600
vt 0.53688900 0.62329500
vt 0.57511800 0.62325400
vt 0.68134700 0.62326600
vt 0.70599200 0.62437700
vt 0.60480200 0.62595900
vt 0.70072000 0.62595900
vt 0.75553000 0.62595900
vt 0.54999200 0.62595900
vt 0.75553000 0.62595900
vt 0.59678100 0.63019800
f 2/2/2 4/4/4 3/3/3
f 5/5/5 6/6/6 7/7/7
f 8/8/8 9/9/9 6/6/6
f 10/10/10 11/11/11 9/9/9
f 12/12/12 13/13/13 11/11/11
f 13/13/13 12/12/12 14/14/14
f 16/16/16 18/18/18 19/19/19
f 18/18/18 21/21/21 19/19/19
f 24/24/24 21/21/21 22/22/22
f 26/26/26 17/17/17 20/20/20
f 25/25/25 27/27/27 16/16/16
f 16/16/16 27/27/27 29/29/29
f 23/23/23 36/36/36 32/32/32
f 40/40/40 42/42/42 39/39/39
f 31/31/31 35/35/35 38/38/38
f 43/43/43 44/44/44 46/46/46
f 30/30/30 28/28/28 45/45/45
f 43/43/43 48/48/48 47/47/47
f 49/49/49 50/50/50 51/51/51
f 52/52/52 51/51/51 53/53/53
f 51/51/51 52/52/52 49/49/49
f 54/54/54 55/55/55 56/56/56
f 57/57/57 58/58/58 59/59/59
f 60/60/60 61/61/61 62/62/62
f 63/63/63 64/64/64 61/61/61
f 65/65/65 62/62/62 58/58/58
f 66/66/66 67/67/67 68/68/68
f 69/69/69 67/67/67 66/66/66
f 70/70/70 71/71/71 72/72/72
f 73/73/73 74/74/74 75/75/75
f 74/74/74 73/73/73 76/76/76
f 74/74/74 76/76/76 71/71/71
f 77/77/77 80/80/80 78/78/78
f 81/81/81 82/82/82 83/83/83
f 82/82/82 84/84/84 83/83/83
f 86/86/86 89/89/89 87/87/87
f 90/90/90 89/89/89 91/91/91
f 87/87/87 89/89/89 90/90/90
f 92/92/92 86/86/86 88/88/88
f 94/94/94 92/92/92 96/96/96
f 85/85/85 93/93/93 95/95/95
f 97/97/97 94/94/94 96/96/96
f 98/98/98 97/97/97 96/96/96
f 100/100/100 102/102/102 91/91/91
f 90/90/90 91/91/91 102/102/102
f 99/99/99 108/108/108 104/104/104
f 101/101/101 99/99/99 104/104/104
f 97/97/97 98/98/98 106/106/106
f 98/98/98 107/107/107 106/106/106
f 109/109/109 106/106/106 107/107/107
f 110/110/110 111/111/111 112/112/112
f 113/113/113 114/114/114 115/115/115
f 116/116/116 117/117/117 114/114/114
f 118/118/118 119/119/119 117/117/117
f 120/120/120 121/121/121 119/119/119
f 122/122/122 123/123/123 124/124/124
f 125/125/125 126/126/126 127/127/127
f 126/126/126 125/125/125 128/128/128
f 129/129/129 130/130/130 131/131/131
f 132/132/132 133/133/133 134/134/134
f 135/135/135 136/136/136 137/137/137
f 136/136/136 135/135/135 138/138/138
f 139/139/139 140/140/140 141/141/141
f 142/142/142 143/143/143 144/144/144
f 145/145/145 146/146/146 143/143/143
f 147/147/147 148/148/148 146/146/146
f 149/149/149 150/150/150 148/148/148
f 152/152/152 160/160/160 154/154/154
f 156/156/156 165/165/165 151/151/151
f 161/161/161 159/159/159 163/163/163
f 155/155/155 159/159/159 161/161/161
f 157/157/157 165/165/165 166/166/166
f 167/167/167 157/157/157 166/166/166
f 168/168/168 167/167/167 166/166/166
f 170/170/170 172/172/172 162/162/162
f 161/161/161 163/163/163 171/171/171
f 169/169/169 180/180/180 175/175/175
f 171/171/171 169/169/169 175/175/175
f 167/167/167 168/168/168 177/177/177
f 168/168/168 178/178/178 177/177/177
f 180/180/180 177/177/177 178/178/178
f 181/181/181 182/182/182 183/183/183
f 184/184/184 185/185/185 182/182/182
f 186/186/186 187/187/187 185/185/185
f 188/188/188 189/189/189 187/187/187
f 190/190/190 191/191/191 192/192/192
f 192/192/192 193/193/193 190/190/190
f 194/194/194 195/195/195 196/196/196
f 195/195/195 194/194/194 197/197/197
f 198/198/198 199/199/199 200/200/200
f 201/201/201 202/202/202 203/203/203
f 204/204/204 202/202/202 201/201/201
f 205/205/205 206/206/206 207/207/207
f 206/206/206 205/205/205 208/208/208
f 209/209/209 210/210/210 211/211/211
f 212/212/212 213/213/213 214/214/214
f 215/215/215 216/216/216 213/213/213
f 217/217/217 218/218/218 216/216/216
f 219/219/219 220/220/220 218/218/218
f 221/221/221 222/222/222 223/223/223
f 224/224/224 223/223/223 222/222/222
f 227/227/227 228/228/228 225/225/225
f 231/231/231 4672/4672/4672 230/230/230
f 233/233/233 234/234/234 236/236/236
f 233/233/233 239/239/239 238/238/238
f 240/240/240 232/232/232 235/235/235
f 241/241/241 236/236/236 242/242/242
f 236/236/236 241/241/241 239/239/239
f 244/244/244 245/245/245 241/241/241
f 242/242/242 244/244/244 241/241/241
f 247/247/247 249/249/249 237/237/237
f 247/247/247 250/250/250 249/249/249
f 253/253/253 251/251/251 248/248/248
f 254/254/254 246/246/246 243/243/243
f 255/255/255 256/256/256 252/252/252
f 256/256/256 250/250/250 252/252/252
f 257/257/257 260/260/260 259/259/259
f 261/261/261 262/262/262 263/263/263
f 266/266/266 4674/4674/4674 264/264/264
f 267/267/267 268/268/268 269/269/269
f 270/270/270 271/271/271 272/272/272
f 273/273/273 274/274/274 275/275/275
f 276/276/276 277/277/277 278/278/278
f 279/279/279 280/280/280 281/281/281
f 282/282/282 283/283/283 284/284/284
f 285/285/285 286/286/286 287/287/287
f 288/288/288 289/289/289 290/290/290
f 291/291/291 292/292/292 293/293/293
f 294/294/294 295/295/295 296/296/296
f 297/297/297 298/298/298 299/299/299
f 300/300/300 301/301/301 302/302/302
f 301/301/301 303/303/303 302/302/302
f 307/307/307 318/318/318 305/305/305
f 307/307/307 303/303/303 301/301/301
f 309/309/309 301/301/301 300/300/300
f 312/312/312 313/313/313 311/311/311
f 309/309/309 300/300/300 314/314/314
f 315/315/315 316/316/316 313/313/313
f 317/317/317 309/309/309 314/314/314
f 318/318/318 319/319/319 305/305/305
f 319/319/319 318/318/318 321/321/321
f 322/322/322 316/316/316 315/315/315
f 323/323/323 317/317/317 324/324/324
f 317/317/317 314/314/314 324/324/324
f 322/322/322 323/323/323 324/324/324
f 316/316/316 322/322/322 324/324/324
f 325/325/325 330/330/330 328/328/328
f 331/331/331 332/332/332 333/333/333
f 334/334/334 335/335/335 332/332/332
f 335/335/335 334/334/334 336/336/336
f 337/337/337 338/338/338 339/339/339
f 340/340/340 341/341/341 342/342/342
f 343/343/343 344/344/344 341/341/341
f 346/346/346 348/348/348 345/345/345
f 349/349/349 350/350/350 351/351/351
f 352/352/352 353/353/353 354/354/354
f 355/355/355 354/354/354 356/356/356
f 354/354/354 355/355/355 352/352/352
f 357/357/357 358/358/358 359/359/359
f 360/360/360 361/361/361 358/358/358
f 362/362/362 363/363/363 364/364/364
f 365/365/365 366/366/366 363/363/363
f 367/367/367 368/368/368 369/369/369
f 370/370/370 371/371/371 372/372/372
f 373/373/373 370/370/370 374/374/374
f 375/375/375 376/376/376 377/377/377
f 376/376/376 375/375/375 378/378/378
f 378/378/378 379/379/379 376/376/376
f 380/380/380 381/381/381 382/382/382
f 381/381/381 380/380/380 383/383/383
f 384/384/384 385/385/385 386/386/386
f 387/387/387 388/388/388 385/385/385
f 391/391/391 4689/4689/4689 389/389/389
f 394/394/394 4690/4690/4690 392/392/392
f 397/397/397 4691/4691/4691 395/395/395
f 400/400/400 4692/4692/4692 398/398/398
f 403/403/403 4693/4693/4693 401/401/401
f 404/404/404 405/405/405 406/406/406
f 409/409/409 4695/4695/4695 407/407/407
f 410/410/410 411/411/411 412/412/412
f 415/415/415 416/416/416 413/413/413
f 417/417/417 418/418/418 420/420/420
f 421/421/421 422/422/422 423/423/423
f 424/424/424 425/425/425 422/422/422
f 428/428/428 4703/4703/4703 426/426/426
f 431/431/431 4708/4708/4708 430/430/430
f 432/432/432 433/433/433 434/434/434
f 437/437/437 438/438/438 435/435/435
f 439/439/439 432/432/432 434/434/434
f 441/441/441 443/443/443 445/445/445
f 439/439/439 446/446/446 432/432/432
f 432/432/432 446/446/446 444/444/444
f 439/439/439 447/447/447 446/446/446
f 444/444/444 442/442/442 432/432/432
f 449/449/449 453/453/453 450/450/450
f 435/435/435 438/438/438 451/451/451
f 454/454/454 448/448/448 452/452/452
f 455/455/455 442/442/442 456/456/456
f 444/444/444 458/458/458 440/440/440
f 440/440/440 458/458/458 459/459/459
f 456/456/456 452/452/452 455/455/455
f 462/462/462 4709/4709/4709 461/461/461
f 463/463/463 464/464/464 465/465/465
f 466/466/466 467/467/467 468/468/468
f 469/469/469 470/470/470 471/471/471
f 472/472/472 473/473/473 474/474/474
f 477/477/477 480/480/480 476/476/476
f 478/478/478 479/479/479 480/480/480
f 483/483/483 491/491/491 482/482/482
f 481/481/481 485/485/485 484/484/484
f 486/486/486 483/483/483 487/487/487
f 488/488/488 489/489/489 490/490/490
f 490/490/490 483/483/483 488/488/488
f 483/483/483 490/490/490 491/491/491
f 492/492/492 493/493/493 481/481/481
f 489/489/489 494/494/494 490/490/490
f 489/489/489 496/496/496 494/494/494
f 499/499/499 500/500/500 498/498/498
f 503/503/503 4728/4728/4728 502/502/502
f 506/506/506 4729/4729/4729 505/505/505
f 507/507/507 508/508/508 509/509/509
f 512/512/512 4731/4731/4731 510/510/510
f 515/515/515 516/516/516 513/513/513
f 519/519/519 4732/4732/4732 517/517/517
f 522/522/522 4733/4733/4733 521/521/521
f 525/525/525 4734/4734/4734 523/523/523
f 528/528/528 529/529/529 526/526/526
f 530/530/530 531/531/531 532/532/532
f 534/534/534 535/535/535 536/536/536
f 538/538/538 539/539/539 540/540/540
f 541/541/541 542/542/542 543/543/543
f 546/546/546 4739/4739/4739 544/544/544
f 547/547/547 548/548/548 549/549/549
f 548/548/548 550/550/550 549/549/549
f 552/552/552 553/553/553 554/554/554
f 556/556/556 557/557/557 558/558/558
f 561/561/561 4742/4742/4742 560/560/560
f 564/564/564 4746/4746/4746 563/563/563
f 567/567/567 568/568/568 565/565/565
f 569/569/569 4747/4747/4747 567/567/567
f 566/566/566 565/565/565 570/570/570
f 574/574/574 577/577/577 572/572/572
f 575/575/575 576/576/576 573/573/573
f 571/571/571 570/570/570 577/577/577
f 578/578/578 579/579/579 580/580/580
f 581/581/581 582/582/582 583/583/583
f 584/584/584 585/585/585 586/586/586
f 587/587/587 588/588/588 589/589/589
f 590/590/590 591/591/591 592/592/592
f 593/593/593 594/594/594 595/595/595
f 600/600/600 601/601/601 596/596/596
f 602/602/602 603/603/603 605/605/605
f 604/604/604 620/620/620 608/608/608
f 603/603/603 602/602/602 609/609/609
f 603/603/603 606/606/606 605/605/605
f 610/610/610 611/611/611 597/597/597
f 614/614/614 618/618/618 610/610/610
f 617/617/617 619/619/619 613/613/613
f 611/611/611 610/610/610 615/615/615
f 614/614/614 607/607/607 623/623/623
f 623/623/623 607/607/607 621/621/621
f 626/626/626 4761/4761/4761 625/625/625
f 628/628/628 635/635/635 632/632/632
f 637/637/637 638/638/638 639/639/639
f 637/637/637 639/639/639 640/640/640
f 641/641/641 638/638/638 637/637/637
f 642/642/642 648/648/648 627/627/627
f 634/634/634 630/630/630 646/646/646
f 652/652/652 656/656/656 654/654/654
f 649/649/649 644/644/644 655/655/655
f 658/658/658 661/661/661 660/660/660
f 660/660/660 637/637/637 640/640/640
f 652/652/652 659/659/659 663/663/663
f 661/661/661 663/663/663 659/659/659
f 664/664/664 665/665/665 666/666/666
f 667/667/667 668/668/668 669/669/669
f 670/670/670 671/671/671 672/672/672
f 675/675/675 676/676/676 674/674/674
f 676/676/676 675/675/675 671/671/671
f 679/679/679 4763/4763/4763 677/677/677
f 680/680/680 685/685/685 678/678/678
f 681/681/681 682/682/682 683/683/683
f 685/685/685 680/680/680 684/684/684
f 686/686/686 687/687/687 688/688/688
f 689/689/689 694/694/694 687/687/687
f 692/692/692 693/693/693 690/690/690
f 694/694/694 689/689/689 693/693/693
f 697/697/697 698/698/698 695/695/695
f 699/699/699 701/701/701 703/703/703
f 702/702/702 704/704/704 700/700/700
f 707/707/707 4769/4769/4769 705/705/705
f 710/710/710 4770/4770/4770 708/708/708
f 712/712/712 714/714/714 713/713/713
f 717/717/717 4771/4771/4771 716/716/716
f 719/719/719 4772/4772/4772 720/720/720
f 722/722/722 724/724/724 721/721/721
f 727/727/727 4773/4773/4773 725/725/725
f 730/730/730 4774/4774/4774 728/728/728
f 733/733/733 734/734/734 731/731/731
f 739/739/739 4775/4775/4775 736/736/736
f 742/742/742 4776/4776/4776 740/740/740
f 743/743/743 744/744/744 745/745/745
f 746/746/746 747/747/747 743/743/743
f 745/745/745 746/746/746 743/743/743
f 751/751/751 4778/4778/4778 750/750/750
f 754/754/754 4779/4779/4779 753/753/753
f 757/757/757 4780/4780/4780 755/755/755
f 761/761/761 4781/4781/4781 759/759/759
f 766/766/766 4782/4782/4782 765/765/765
f 769/769/769 4784/4784/4784 767/767/767
f 770/770/770 771/771/771 772/772/772
f 773/773/773 774/774/774 770/770/770
f 772/772/772 773/773/773 770/770/770
f 777/777/777 4785/4785/4785 775/775/775
f 780/780/780 4786/4786/4786 778/778/778
f 783/783/783 4787/4787/4787 781/781/781
f 786/786/786 4788/4788/4788 784/784/784
f 789/789/789 4789/4789/4789 787/787/787
f 790/790/790 791/791/791 792/792/792
f 793/793/793 794/794/794 790/790/790
f 792/792/792 793/793/793 790/790/790
f 797/797/797 4790/4790/4790 795/795/795
f 799/799/799 801/801/801 800/800/800
f 804/804/804 4791/4791/4791 802/802/802
f 809/809/809 4792/4792/4792 805/805/805
f 812/812/812 4793/4793/4793 810/810/810
f 813/813/813 814/814/814 815/815/815
f 816/816/816 817/817/817 813/813/813
f 815/815/815 816/816/816 813/813/813
f 820/820/820 4794/4794/4794 818/818/818
f 823/823/823 4795/4795/4795 821/821/821
f 826/826/826 4796/4796/4796 824/824/824
f 829/829/829 4797/4797/4797 827/827/827
f 831/831/831 4798/4798/4798 832/832/832
f 833/833/833 834/834/834 835/835/835
f 836/836/836 837/837/837 834/834/834
f 838/838/838 839/839/839 840/840/840
f 841/841/841 842/842/842 839/839/839
f 843/843/843 845/845/845 846/846/846
f 847/847/847 848/848/848 846/846/846
f 844/844/844 848/848/848 849/849/849
f 848/848/848 847/847/847 850/850/850
f 851/851/851 852/852/852 853/853/853
f 854/854/854 855/855/855 856/856/856
f 857/857/857 858/858/858 859/859/859
f 857/857/857 863/863/863 860/860/860
f 859/859/859 861/861/861 862/862/862
f 863/863/863 865/865/865 864/864/864
f 862/862/862 857/857/857 859/859/859
f 866/866/866 4803/4803/4803 864/864/864
f 866/866/866 867/867/867 868/868/868
f 869/869/869 870/870/870 872/872/872
f 875/875/875 873/873/873 871/871/871
f 873/873/873 876/876/876 878/878/878
f 872/872/872 874/874/874 877/877/877
f 879/879/879 880/880/880 881/881/881
f 879/879/879 881/881/881 882/882/882
f 883/883/883 881/881/881 880/880/880
f 884/884/884 881/881/881 885/885/885
f 882/882/882 881/881/881 884/884/884
f 887/887/887 897/897/897 888/888/888
f 889/889/889 890/890/890 891/891/891
f 889/889/889 891/891/891 892/892/892
f 893/893/893 890/890/890 889/889/889
f 886/886/886 895/895/895 894/894/894
f 894/894/894 895/895/895 896/896/896
f 893/893/893 888/888/888 897/897/897
f 898/898/898 899/899/899 900/900/900
f 900/900/900 899/899/899 902/902/902
f 903/903/903 900/900/900 902/902/902
f 898/898/898 903/903/903 904/904/904
f 904/904/904 905/905/905 906/906/906
f 900/900/900 903/903/903 898/898/898
f 901/901/901 899/899/899 907/907/907
f 898/898/898 907/907/907 899/899/899
f 908/908/908 907/907/907 898/898/898
f 911/911/911 906/906/906 910/910/910
f 906/906/906 911/911/911 908/908/908
f 909/909/909 4805/4805/4805 912/912/912
f 906/906/906 898/898/898 904/904/904
f 898/898/898 906/906/906 908/908/908
f 912/912/912 4805/4805/4805 914/914/914
f 915/915/915 920/920/920 914/914/914
f 916/916/916 917/917/917 918/918/918
f 916/916/916 921/921/921 919/919/919
f 919/919/919 920/920/920 917/917/917
f 918/918/918 922/922/922 921/921/921
f 922/922/922 919/919/919 921/921/921
f 923/923/923 924/924/924 925/925/925
f 926/926/926 927/927/927 928/928/928
f 930/930/930 932/932/932 931/931/931
f 933/933/933 934/934/934 935/935/935
f 933/933/933 935/935/935 936/936/936
f 937/937/937 938/938/938 929/929/929
f 939/939/939 940/940/940 941/941/941
f 940/940/940 931/931/931 932/932/932
f 930/930/930 929/929/929 938/938/938
f 937/937/937 942/942/942 938/938/938
f 937/937/937 943/943/943 942/942/942
f 944/944/944 945/945/945 946/946/946
f 944/944/944 947/947/947 945/945/945
f 948/948/948 944/944/944 946/946/946
f 944/944/944 948/948/948 949/949/949
f 950/950/950 952/952/952 954/954/954
f 955/955/955 956/956/956 954/954/954
f 955/955/955 958/958/958 956/956/956
f 958/958/958 955/955/955 959/959/959
f 951/951/951 953/953/953 957/957/957
f 960/960/960 969/969/969 961/961/961
f 964/964/964 966/966/966 965/965/965
f 961/961/961 968/968/968 967/967/967
f 970/970/970 972/972/972 963/963/963
f 970/970/970 971/971/971 972/972/972
f 966/966/966 964/964/964 969/969/969
f 973/973/973 974/974/974 976/976/976
f 979/979/979 977/977/977 980/980/980
f 975/975/975 981/981/981 978/978/978
f 980/980/980 982/982/982 979/979/979
f 983/983/983 984/984/984 985/985/985
f 985/985/985 984/984/984 986/986/986
f 987/987/987 983/983/983 988/988/988
f 989/989/989 990/990/990 988/988/988
f 991/991/991 992/992/992 993/993/993
f 994/994/994 995/995/995 996/996/996
f 995/995/995 997/997/997 998/998/998
f 998/998/998 999/999/999 1000/1000/1000
f 993/993/993 990/990/990 989/989/989
f 1001/1001/1001 996/996/996 1002/1002/1002
f 1003/1003/1003 1004/1004/1004 1005/1005/1005
f 1006/1006/1006 1007/1007/1007 1005/1005/1005
f 1008/1008/1008 1056/1056/1056 1009/1009/1009
f 1011/1011/1011 1012/1012/1012 1013/1013/1013
f 1014/1014/1014 1015/1015/1015 1013/1013/1013
f 1016/1016/1016 1017/1017/1017 1018/1018/1018
f 1018/1018/1018 1019/1019/1019 1020/1020/1020
f 1021/1021/1021 1022/1022/1022 1023/1023/1023
f 1022/1022/1022 1024/1024/1024 1025/1025/1025
f 1026/1026/1026 1027/1027/1027 1028/1028/1028
f 1029/1029/1029 1028/1028/1028 1030/1030/1030
f 1027/1027/1027 1031/1031/1031 1032/1032/1032
f 1033/1033/1033 1029/1029/1029 1030/1030/1030
f 1035/1035/1035 1033/1033/1033 1034/1034/1034
f 1036/1036/1036 1037/1037/1037 1038/1038/1038
f 1039/1039/1039 1040/1040/1040 1038/1038/1038
f 1041/1041/1041 1039/1039/1039 1042/1042/1042
f 1043/1043/1043 1042/1042/1042 1044/1044/1044
f 1045/1045/1045 1046/1046/1046 1047/1047/1047
f 1045/1045/1045 1047/1047/1047 1048/1048/1048
f 1049/1049/1049 1050/1050/1050 1048/1048/1048
f 1020/1020/1020 1015/1015/1015 1014/1014/1014
f 997/997/997 1059/1059/1059 998/998/998
f 999/999/999 1053/1053/1053 1000/1000/1000
f 992/992/992 1054/1054/1054 993/993/993
f 984/984/984 983/983/983 1051/1051/1051
f 1052/1052/1052 988/988/988 990/990/990
f 988/988/988 1052/1052/1052 987/987/987
f 991/991/991 1053/1053/1053 992/992/992
f 997/997/997 995/995/995 994/994/994
f 1004/1004/1004 1061/1061/1061 1002/1002/1002
f 1055/1055/1055 1063/1063/1063 1006/1006/1006
f 1056/1056/1056 1063/1063/1063 1055/1055/1055
f 1007/1007/1007 1062/1062/1062 1005/1005/1005
f 1015/1015/1015 1020/1020/1020 1019/1019/1019
f 1015/1015/1015 1066/1066/1066 1013/1013/1013
f 1057/1057/1057 1067/1067/1067 1016/1016/1016
f 1021/1021/1021 1068/1068/1068 1022/1022/1022
f 1057/1057/1057 1025/1025/1025 1024/1024/1024
f 1019/1019/1019 1018/1018/1018 1017/1017/1017
f 1012/1012/1012 1065/1065/1065 1008/1008/1008
f 1001/1001/1001 1058/1058/1058 996/996/996
f 994/994/994 1058/1058/1058 1059/1059/1059
f 1060/1060/1060 984/984/984 1051/1051/1051
f 1003/1003/1003 1062/1062/1062 1061/1061/1061
f 1052/1052/1052 990/990/990 1054/1054/1054
f 1053/1053/1053 999/999/999 1059/1059/1059
f 1001/1001/1001 1061/1061/1061 1058/1058/1058
f 1062/1062/1062 1007/1007/1007 1063/1063/1063
f 1064/1064/1064 1056/1056/1056 1008/1008/1008
f 1065/1065/1065 1012/1012/1012 1011/1011/1011
f 1065/1065/1065 1011/1011/1011 1066/1066/1066
f 1063/1063/1063 1056/1056/1056 1064/1064/1064
f 984/984/984 1060/1060/1060 986/986/986
f 1024/1024/1024 1068/1068/1068 1067/1067/1067
f 1069/1069/1069 1032/1032/1032 1031/1031/1031
f 1026/1026/1026 1076/1076/1076 1027/1027/1027
f 1040/1040/1040 1081/1081/1081 1038/1038/1038
f 1043/1043/1043 1082/1082/1082 1042/1042/1042
f 1046/1046/1046 1084/1084/1084 1044/1044/1044
f 1040/1040/1040 1039/1039/1039 1041/1041/1041
f 1036/1036/1036 1079/1079/1079 1037/1037/1037
f 1070/1070/1070 1071/1071/1071 1072/1072/1072
f 1074/1074/1074 1070/1070/1070 1073/1073/1073
f 1075/1075/1075 1074/1074/1074 1073/1073/1073
f 1071/1071/1071 1085/1085/1085 1049/1049/1049
f 1050/1050/1050 1083/1083/1083 1048/1048/1048
f 1069/1069/1069 1077/1077/1077 1023/1023/1023
f 1031/1031/1031 1076/1076/1076 1077/1077/1077
f 1078/1078/1078 1028/1028/1028 1029/1029/1029
f 1035/1035/1035 1079/1079/1079 1033/1033/1033
f 1033/1033/1033 1080/1080/1080 1029/1029/1029
f 1028/1028/1028 1078/1078/1078 1026/1026/1026
f 1078/1078/1078 1029/1029/1029 1080/1080/1080
f 1076/1076/1076 1026/1026/1026 1078/1078/1078
f 1036/1036/1036 1081/1081/1081 1079/1079/1079
f 1077/1077/1077 1068/1068/1068 1021/1021/1021
f 1041/1041/1041 1082/1082/1082 1040/1040/1040
f 1045/1045/1045 1083/1083/1083 1084/1084/1084
f 1070/1070/1070 1086/1086/1086 1085/1085/1085
f 1083/1083/1083 1050/1050/1050 1085/1085/1085
f 1086/1086/1086 1070/1070/1070 1074/1074/1074
f 1074/1074/1074 1087/1087/1087 1086/1086/1086
f 1075/1075/1075 1087/1087/1087 1074/1074/1074
f 1082/1082/1082 1043/1043/1043 1084/1084/1084
f 1088/1088/1088 1089/1089/1089 1090/1090/1090
f 1091/1091/1091 1092/1092/1092 1093/1093/1093
f 1094/1094/1094 1088/1088/1088 1090/1090/1090
f 1096/1096/1096 1097/1097/1097 1089/1089/1089
f 1096/1096/1096 1091/1091/1091 1097/1097/1097
f 1098/1098/1098 1099/1099/1099 1100/1100/1100
f 1092/1092/1092 1098/1098/1098 1100/1100/1100
f 1103/1103/1103 1104/1104/1104 1101/1101/1101
f 1104/1104/1104 1105/1105/1105 1106/1106/1106
f 1107/1107/1107 1105/1105/1105 1103/1103/1103
f 1108/1108/1108 1109/1109/1109 1110/1110/1110
f 1111/1111/1111 1112/1112/1112 1113/1113/1113
f 1112/1112/1112 1114/1114/1114 1113/1113/1113
f 1110/1110/1110 1111/1111/1111 1115/1115/1115
f 1116/1116/1116 1106/1106/1106 1109/1109/1109
f 1117/1117/1117 1118/1118/1118 1102/1102/1102
f 1102/1102/1102 1118/1118/1118 1107/1107/1107
f 1104/1104/1104 1106/1106/1106 1101/1101/1101
f 1103/1103/1103 1102/1102/1102 1107/1107/1107
f 1101/1101/1101 1116/1116/1116 1117/1117/1117
f 1108/1108/1108 1116/1116/1116 1109/1109/1109
f 1101/1101/1101 1106/1106/1106 1116/1116/1116
f 1119/1119/1119 1120/1120/1120 1121/1121/1121
f 1122/1122/1122 1123/1123/1123 1124/1124/1124
f 1121/1121/1121 1122/1122/1122 1125/1125/1125
f 1126/1126/1126 1127/1127/1127 1128/1128/1128
f 1129/1129/1129 1130/1130/1130 1131/1131/1131
f 1131/1131/1131 1132/1132/1132 1133/1133/1133
f 1134/1134/1134 1127/1127/1127 1130/1130/1130
f 1123/1123/1123 1126/1126/1126 1124/1124/1124
f 1119/1119/1119 1135/1135/1135 1120/1120/1120
f 1134/1134/1134 1130/1130/1130 1129/1129/1129
f 1132/1132/1132 4808/4808/4808 1136/1136/1136
f 1137/1137/1137 1138/1138/1138 1139/1139/1139
f 1140/1140/1140 1138/1138/1138 1137/1137/1137
f 1141/1141/1141 1137/1137/1137 1139/1139/1139
f 1141/1141/1141 1142/1142/1142 1143/1143/1143
f 1139/1139/1139 1142/1142/1142 1141/1141/1141
f 1141/1141/1141 1143/1143/1143 1144/1144/1144
f 1145/1145/1145 1146/1146/1146 1147/1147/1147
f 1148/1148/1148 1145/1145/1145 1147/1147/1147
f 1140/1140/1140 1148/1148/1148 1149/1149/1149
f 1145/1145/1145 1148/1148/1148 1140/1140/1140
f 1138/1138/1138 1140/1140/1140 1149/1149/1149
f 1150/1150/1150 1144/1144/1144 1151/1151/1151
f 1144/1144/1144 1143/1143/1143 1151/1151/1151
f 1152/1152/1152 1144/1144/1144 1150/1150/1150
f 1153/1153/1153 1152/1152/1152 1154/1154/1154
f 1150/1150/1150 1154/1154/1154 1152/1152/1152
f 1155/1155/1155 1152/1152/1152 1153/1153/1153
f 1156/1156/1156 1155/1155/1155 1157/1157/1157
f 1153/1153/1153 1157/1157/1157 1155/1155/1155
f 1158/1158/1158 1155/1155/1155 1156/1156/1156
f 1159/1159/1159 1158/1158/1158 1160/1160/1160
f 1156/1156/1156 1160/1160/1160 1158/1158/1158
f 1158/1158/1158 1159/1159/1159 1161/1161/1161
f 1146/1146/1146 1145/1145/1145 1162/1162/1162
f 1163/1163/1163 1164/1164/1164 1165/1165/1165
f 1163/1163/1163 1165/1165/1165 1166/1166/1166
f 1167/1167/1167 1168/1168/1168 1162/1162/1162
f 1164/1164/1164 1167/1167/1167 1165/1165/1165
f 1162/1162/1162 1165/1165/1165 1167/1167/1167
f 1169/1169/1169 1163/1163/1163 1166/1166/1166
f 1171/1171/1171 1166/1166/1166 1173/1173/1173
f 1169/1169/1169 1166/1166/1166 1171/1171/1171
f 1176/1176/1176 1170/1170/1170 1174/1174/1174
f 1177/1177/1177 1178/1178/1178 1173/1173/1173
f 1175/1175/1175 1172/1172/1172 1179/1179/1179
f 1161/1161/1161 1159/1159/1159 1180/1180/1180
f 1181/1181/1181 1161/1161/1161 1180/1180/1180
f 1182/1182/1182 1183/1183/1183 1181/1181/1181
f 1161/1161/1161 1181/1181/1181 1183/1183/1183
f 1184/1184/1184 1183/1183/1183 1182/1182/1182
f 1186/1186/1186 1187/1187/1187 1188/1188/1188
f 1185/1185/1185 1190/1190/1190 1189/1189/1189
f 1186/1186/1186 1188/1188/1188 1191/1191/1191
f 1183/1183/1183 1184/1184/1184 1188/1188/1188
f 1162/1162/1162 1168/1168/1168 1146/1146/1146
f 1193/1193/1193 1198/1198/1198 1192/1192/1192
f 1195/1195/1195 1196/1196/1196 1197/1197/1197
f 1194/1194/1194 1198/1198/1198 1196/1196/1196
f 1201/1201/1201 1202/1202/1202 1200/1200/1200
f 1201/1201/1201 1204/1204/1204 1203/1203/1203
f 1193/1193/1193 1192/1192/1192 1204/1204/1204
f 1200/1200/1200 1199/1199/1199 1205/1205/1205
f 1207/1207/1207 1208/1208/1208 1209/1209/1209
f 1211/1211/1211 1212/1212/1212 1210/1210/1210
f 1206/1206/1206 1205/1205/1205 1211/1211/1211
f 1209/1209/1209 1208/1208/1208 1210/1210/1210
f 1213/1213/1213 1214/1214/1214 1208/1208/1208
f 1217/1217/1217 1218/1218/1218 1215/1215/1215
f 1214/1214/1214 4809/4809/4809 1217/1217/1217
f 1220/1220/1220 1222/1222/1222 1219/1219/1219
f 1223/1223/1223 1224/1224/1224 1221/1221/1221
f 1216/1216/1216 1215/1215/1215 1223/1223/1223
f 1226/1226/1226 1231/1231/1231 1227/1227/1227
f 1220/1220/1220 1219/1219/1219 1229/1229/1229
f 1228/1228/1228 1230/1230/1230 1229/1229/1229
f 1227/1227/1227 1231/1231/1231 1230/1230/1230
f 1232/1232/1232 1233/1233/1233 1234/1234/1234
f 1226/1226/1226 1225/1225/1225 1235/1235/1235
f 1237/1237/1237 1238/1238/1238 1236/1236/1236
f 1233/1233/1233 1232/1232/1232 1240/1240/1240
f 1239/1239/1239 1241/1241/1241 1240/1240/1240
f 1244/1244/1244 1245/1245/1245 1242/1242/1242
f 1245/1245/1245 1244/1244/1244 1241/1241/1241
f 1248/1248/1248 1249/1249/1249 1246/1246/1246
f 1243/1243/1243 1242/1242/1242 1249/1249/1249
f 1247/1247/1247 1246/1246/1246 1251/1251/1251
f 1254/1254/1254 1258/1258/1258 1252/1252/1252
f 1255/1255/1255 1256/1256/1256 1257/1257/1257
f 1256/1256/1256 1255/1255/1255 1258/1258/1258
f 1253/1253/1253 1252/1252/1252 1260/1260/1260
f 1260/1260/1260 1259/1259/1259 1261/1261/1261
f 1263/1263/1263 1264/1264/1264 1265/1265/1265
f 1266/1266/1266 1265/1265/1265 1262/1262/1262
f 1267/1267/1267 1268/1268/1268 1264/1264/1264
f 1269/1269/1269 1270/1270/1270 1271/1271/1271
f 1272/1272/1272 1271/1271/1271 1268/1268/1268
f 1273/1273/1273 1274/1274/1274 1275/1275/1275
f 1274/1274/1274 1273/1273/1273 1276/1276/1276
f 1279/1279/1279 1285/1285/1285 1278/1278/1278
f 1283/1283/1283 1284/1284/1284 1282/1282/1282
f 1277/1277/1277 1276/1276/1276 1284/1284/1284
f 1282/1282/1282 1281/1281/1281 1285/1285/1285
f 1286/1286/1286 1287/1287/1287 1279/1279/1279
f 1288/1288/1288 1289/1289/1289 1287/1287/1287
f 1195/1195/1195 1197/1197/1197 1290/1290/1290
f 1291/1291/1291 1290/1290/1290 1197/1197/1197
f 1288/1288/1288 1293/1293/1293 1289/1289/1289
f 1294/1294/1294 1295/1295/1295 1296/1296/1296
f 1298/1298/1298 1300/1300/1300 1299/1299/1299
f 1295/1295/1295 1294/1294/1294 1300/1300/1300
f 1302/1302/1302 1298/1298/1298 1297/1297/1297
f 1304/1304/1304 1359/1359/1359 1303/1303/1303
f 1307/1307/1307 1304/1304/1304 1306/1306/1306
f 1307/1307/1307 1306/1306/1306 1308/1308/1308
f 1311/1311/1311 1316/1316/1316 1310/1310/1310
f 1314/1314/1314 1367/1367/1367 1313/1313/1313
f 1312/1312/1312 1316/1316/1316 1317/1317/1317
f 1318/1318/1318 1319/1319/1319 1320/1320/1320
f 1311/1311/1311 1310/1310/1310 1321/1321/1321
f 1323/1323/1323 1324/1324/1324 1325/1325/1325
f 1319/1319/1319 1318/1318/1318 1325/1325/1325
f 1327/1327/1327 1328/1328/1328 1329/1329/1329
f 1332/1332/1332 1391/1391/1391 1330/1330/1330
f 1334/1334/1334 1336/1336/1336 1335/1335/1335
f 1328/1328/1328 1327/1327/1327 1335/1335/1335
f 1338/1338/1338 1342/1342/1342 1337/1337/1337
f 1341/1341/1341 1338/1338/1338 1337/1337/1337
f 1342/1342/1342 1344/1344/1344 1339/1339/1339
f 1345/1345/1345 1394/1394/1394 1343/1343/1343
f 1347/1347/1347 1349/1349/1349 1348/1348/1348
f 1341/1341/1341 1340/1340/1340 1348/1348/1348
f 1347/1347/1347 1346/1346/1346 1350/1350/1350
f 1353/1353/1353 1355/1355/1355 1352/1352/1352
f 1354/1354/1354 1355/1355/1355 1356/1356/1356
f 1358/1358/1358 1353/1353/1353 1357/1357/1357
f 1305/1305/1305 1359/1359/1359 1360/1360/1360
f 1361/1361/1361 1365/1365/1365 1362/1362/1362
f 1295/1295/1295 1363/1363/1363 1296/1296/1296
f 1364/1364/1364 1372/1372/1372 1363/1363/1363
f 1302/1302/1302 1301/1301/1301 1366/1366/1366
f 1366/1366/1366 1365/1365/1365 1361/1361/1361
f 1362/1362/1362 1371/1371/1371 1305/1305/1305
f 1309/1309/1309 1315/1315/1315 1367/1367/1367
f 1368/1368/1368 1314/1314/1314 1317/1317/1317
f 1317/1317/1317 1316/1316/1316 1368/1368/1368
f 1324/1324/1324 1369/1369/1369 1326/1326/1326
f 1319/1319/1319 1370/1370/1370 1320/1320/1320
f 1369/1369/1369 1329/1329/1329 1328/1328/1328
f 1324/1324/1324 1323/1323/1323 1369/1369/1369
f 1371/1371/1371 1303/1303/1303 1305/1305/1305
f 1296/1296/1296 1372/1372/1372 1294/1294/1294
f 1315/1315/1315 1309/1309/1309 1373/1373/1373
f 1313/1313/1313 1315/1315/1315 1373/1373/1373
f 1312/1312/1312 1317/1317/1317 1374/1374/1374
f 1317/1317/1317 1314/1314/1314 1374/1374/1374
f 1320/1320/1320 1370/1370/1370 1375/1375/1375
f 1327/1327/1327 1329/1329/1329 1323/1323/1323
f 1370/1370/1370 1322/1322/1322 1375/1375/1375
f 1318/1318/1318 1320/1320/1320 1375/1375/1375
f 1376/1376/1376 1377/1377/1377 1378/1378/1378
f 1332/1332/1332 1331/1331/1331 1379/1379/1379
f 1334/1334/1334 1332/1332/1332 1379/1379/1379
f 1331/1331/1331 1330/1330/1330 1378/1378/1378
f 1376/1376/1376 1393/1393/1393 1377/1377/1377
f 1381/1381/1381 1377/1377/1377 1380/1380/1380
f 1380/1380/1380 1392/1392/1392 1381/1381/1381
f 1383/1383/1383 1384/1384/1384 1385/1385/1385
f 1384/1384/1384 1386/1386/1386 1387/1387/1387
f 1383/1383/1383 1356/1356/1356 1355/1355/1355
f 1351/1351/1351 1350/1350/1350 1386/1386/1386
f 1356/1356/1356 1383/1383/1383 1385/1385/1385
f 1387/1387/1387 1385/1385/1385 1384/1384/1384
f 1388/1388/1388 1389/1389/1389 1390/1390/1390
f 1332/1332/1332 1334/1334/1334 1333/1333/1333
f 1393/1393/1393 1392/1392/1392 1380/1380/1380
f 1394/1394/1394 1345/1345/1345 1382/1382/1382
f 1382/1382/1382 1392/1392/1392 1394/1394/1394
f 1330/1330/1330 1393/1393/1393 1376/1376/1376
f 1395/1395/1395 1396/1396/1396 1390/1390/1390
f 1389/1389/1389 1395/1395/1395 1390/1390/1390
f 1389/1389/1389 1358/1358/1358 1395/1395/1395
f 1340/1340/1340 1346/1346/1346 1348/1348/1348
f 1356/1356/1356 1385/1385/1385 1354/1354/1354
f 1396/1396/1396 1388/1388/1388 1390/1390/1390
f 1397/1397/1397 1399/1399/1399 1401/1401/1401
f 1400/1400/1400 1402/1402/1402 1398/1398/1398
f 1403/1403/1403 1399/1399/1399 1404/1404/1404
f 1403/1403/1403 1401/1401/1401 1399/1399/1399
f 1405/1405/1405 1406/1406/1406 1407/1407/1407
f 1409/1409/1409 1407/1407/1407 1408/1408/1408
f 1410/1410/1410 1411/1411/1411 1412/1412/1412
f 1413/1413/1413 1414/1414/1414 1410/1410/1410
f 1415/1415/1415 1409/1409/1409 1414/1414/1414
f 1414/1414/1414 1413/1413/1413 1415/1415/1415
f 1413/1413/1413 1410/1410/1410 1416/1416/1416
f 1416/1416/1416 1410/1410/1410 1412/1412/1412
f 1417/1417/1417 1412/1412/1412 1411/1411/1411
f 1405/1405/1405 1418/1418/1418 1406/1406/1406
f 1419/1419/1419 1420/1420/1420 1421/1421/1421
f 1422/1422/1422 1423/1423/1423 1420/1420/1420
f 1424/1424/1424 1425/1425/1425 1423/1423/1423
f 1421/1421/1421 1426/1426/1426 1427/1427/1427
f 1421/1421/1421 1427/1427/1427 1428/1428/1428
f 1429/1429/1429 1430/1430/1430 1431/1431/1431
f 1432/1432/1432 1433/1433/1433 1434/1434/1434
f 1432/1432/1432 1434/1434/1434 1435/1435/1435
f 1436/1436/1436 1435/1435/1435 1434/1434/1434
f 1437/1437/1437 1435/1435/1435 1436/1436/1436
f 1438/1438/1438 1437/1437/1437 1439/1439/1439
f 1440/1440/1440 1438/1438/1438 1441/1441/1441
f 1439/1439/1439 1441/1441/1441 1438/1438/1438
f 1435/1435/1435 1437/1437/1437 1438/1438/1438
f 1442/1442/1442 1443/1443/1443 1444/1444/1444
f 1445/1445/1445 1446/1446/1446 1443/1443/1443
f 1443/1443/1443 1442/1442/1442 1445/1445/1445
f 1447/1447/1447 1448/1448/1448 1449/1449/1449
f 1450/1450/1450 1451/1451/1451 1452/1452/1452
f 1450/1450/1450 1452/1452/1452 1448/1448/1448
f 1450/1450/1450 1448/1448/1448 1453/1453/1453
f 1445/1445/1445 1442/1442/1442 1454/1454/1454
f 1454/1454/1454 1442/1442/1442 1455/1455/1455
f 1454/1454/1454 1456/1456/1456 1445/1445/1445
f 1457/1457/1457 1458/1458/1458 1459/1459/1459
f 1460/1460/1460 1461/1461/1461 1462/1462/1462
f 1460/1460/1460 1462/1462/1462 1457/1457/1457
f 1464/1464/1464 1462/1462/1462 1463/1463/1463
f 1445/1445/1445 1464/1464/1464 1446/1446/1446
f 1466/1466/1466 1468/1468/1468 1465/1465/1465
f 1462/1462/1462 1464/1464/1464 1465/1465/1465
f 1464/1464/1464 1445/1445/1445 1467/1467/1467
f 1467/1467/1467 1465/1465/1465 1464/1464/1464
f 1467/1467/1467 1445/1445/1445 1456/1456/1456
f 1469/1469/1469 1471/1471/1471 1468/1468/1468
f 1457/1457/1457 1462/1462/1462 1468/1468/1468
f 1468/1468/1468 1466/1466/1466 1469/1469/1469
f 1470/1470/1470 1447/1447/1447 1449/1449/1449
f 1471/1471/1471 1472/1472/1472 1457/1457/1457
f 1457/1457/1457 1472/1472/1472 1458/1458/1458
f 1459/1459/1459 1458/1458/1458 1473/1473/1473
f 1472/1472/1472 1473/1473/1473 1458/1458/1458
f 1477/1477/1477 1480/1480/1480 1475/1475/1475
f 1479/1479/1479 1476/1476/1476 1474/1474/1474
f 1481/1481/1481 1480/1480/1480 1477/1477/1477
f 1482/1482/1482 1483/1483/1483 1484/1484/1484
f 1485/1485/1485 1483/1483/1483 1482/1482/1482
f 1486/1486/1486 1487/1487/1487 1485/1485/1485
f 1488/1488/1488 1489/1489/1489 1490/1490/1490
f 1486/1486/1486 1491/1491/1491 1487/1487/1487
f 1492/1492/1492 1493/1493/1493 1494/1494/1494
f 1495/1495/1495 1496/1496/1496 1497/1497/1497
f 1498/1498/1498 1499/1499/1499 1500/1500/1500
f 1501/1501/1501 1502/1502/1502 1499/1499/1499
f 1503/1503/1503 1504/1504/1504 1505/1505/1505
f 1505/1505/1505 1506/1506/1506 1503/1503/1503
f 1506/1506/1506 1507/1507/1507 1503/1503/1503
f 1506/1506/1506 1508/1508/1508 1507/1507/1507
f 1509/1509/1509 1510/1510/1510 1511/1511/1511
f 1509/1509/1509 1512/1512/1512 1510/1510/1510
f 1515/1515/1515 1516/1516/1516 1514/1514/1514
f 1517/1517/1517 1518/1518/1518 1519/1519/1519
f 1517/1517/1517 1520/1520/1520 1518/1518/1518
f 1521/1521/1521 1522/1522/1522 1523/1523/1523
f 1523/1523/1523 1524/1524/1524 1521/1521/1521
f 1525/1525/1525 1526/1526/1526 1527/1527/1527
f 1528/1528/1528 1529/1529/1529 1530/1530/1530
f 1531/1531/1531 1532/1532/1532 1533/1533/1533
f 1534/1534/1534 1535/1535/1535 1536/1536/1536
f 1536/1536/1536 1537/1537/1537 1534/1534/1534
f 1538/1538/1538 1539/1539/1539 1540/1540/1540
f 1541/1541/1541 1542/1542/1542 1543/1543/1543
f 1544/1544/1544 1545/1545/1545 1546/1546/1546
f 1547/1547/1547 1548/1548/1548 1549/1549/1549
f 1550/1550/1550 1551/1551/1551 1552/1552/1552
f 1553/1553/1553 1554/1554/1554 1552/1552/1552
f 1553/1553/1553 1552/1552/1552 1551/1551/1551
f 1555/1555/1555 1556/1556/1556 1557/1557/1557
f 1558/1558/1558 1559/1559/1559 1560/1560/1560
f 1555/1555/1555 1561/1561/1561 1556/1556/1556
f 1559/1559/1559 1562/1562/1562 1560/1560/1560
f 1563/1563/1563 1565/1565/1565 1566/1566/1566
f 1567/1567/1567 1564/1564/1564 1568/1568/1568
f 1569/1569/1569 1567/1567/1567 1570/1570/1570
f 1567/1567/1567 1568/1568/1568 1570/1570/1570
f 1572/1572/1572 1573/1573/1573 1574/1574/1574
f 1572/1572/1572 1575/1575/1575 1573/1573/1573
f 1576/1576/1576 1577/1577/1577 1578/1578/1578
f 1578/1578/1578 1579/1579/1579 1576/1576/1576
f 1580/1580/1580 1581/1581/1581 1582/1582/1582
f 1583/1583/1583 1584/1584/1584 1585/1585/1585
f 1585/1585/1585 1584/1584/1584 1586/1586/1586
f 1585/1585/1585 1586/1586/1586 1587/1587/1587
f 1588/1588/1588 1589/1589/1589 1590/1590/1590
f 1591/1591/1591 1592/1592/1592 1593/1593/1593
f 1594/1594/1594 1591/1591/1591 1580/1580/1580
f 1591/1591/1591 1593/1593/1593 1580/1580/1580
f 1595/1595/1595 1596/1596/1596 1597/1597/1597
f 1595/1595/1595 1598/1598/1598 1596/1596/1596
f 1595/1595/1595 1599/1599/1599 1598/1598/1598
f 1600/1600/1600 1601/1601/1601 1602/1602/1602
f 1600/1600/1600 1603/1603/1603 1601/1601/1601
f 1604/1604/1604 1606/1606/1606 1608/1608/1608
f 1607/1607/1607 1609/1609/1609 1605/1605/1605
f 1610/1610/1610 1611/1611/1611 1612/1612/1612
f 1613/1613/1613 1614/1614/1614 1611/1611/1611
f 1618/1618/1618 1619/1619/1619 1616/1616/1616
f 1621/1621/1621 1622/1622/1622 1623/1623/1623
f 1623/1623/1623 1622/1622/1622 1624/1624/1624
f 1625/1625/1625 1626/1626/1626 1627/1627/1627
f 1628/1628/1628 1629/1629/1629 1630/1630/1630
f 1631/1631/1631 1632/1632/1632 1633/1633/1633
f 1626/1626/1626 1628/1628/1628 1634/1634/1634
f 1629/1629/1629 1628/1628/1628 1626/1626/1626
f 1635/1635/1635 1636/1636/1636 1637/1637/1637
f 1638/1638/1638 1635/1635/1635 1639/1639/1639
f 1640/1640/1640 1641/1641/1641 1642/1642/1642
f 1643/1643/1643 1640/1640/1640 1644/1644/1644
f 1647/1647/1647 1648/1648/1648 1646/1646/1646
f 1648/1648/1648 1642/1642/1642 1641/1641/1641
f 1649/1649/1649 1643/1643/1643 1644/1644/1644
f 1652/1652/1652 1657/1657/1657 1650/1650/1650
f 1653/1653/1653 1649/1649/1649 1652/1652/1652
f 1656/1656/1656 1661/1661/1661 1654/1654/1654
f 1656/1656/1656 1655/1655/1655 1657/1657/1657
f 1658/1658/1658 1666/1666/1666 1660/1660/1660
f 1661/1661/1661 1660/1660/1660 1659/1659/1659
f 1664/1664/1664 1670/1670/1670 1663/1663/1663
f 1665/1665/1665 1666/1666/1666 1658/1658/1658
f 1658/1658/1658 1668/1668/1668 1665/1665/1665
f 1664/1664/1664 1663/1663/1663 1667/1667/1667
f 1670/1670/1670 1672/1672/1672 1662/1662/1662
f 1672/1672/1672 1676/1676/1676 1669/1669/1669
f 1675/1675/1675 1683/1683/1683 1673/1673/1673
f 1676/1676/1676 1675/1675/1675 1674/1674/1674
f 1679/1679/1679 4836/4836/4836 1678/1678/1678
f 1682/1682/1682 1684/1684/1684 1681/1681/1681
f 1682/1682/1682 1681/1681/1681 1683/1683/1683
f 1679/1679/1679 1678/1678/1678 1684/1684/1684
f 1685/1685/1685 1677/1677/1677 1686/1686/1686
f 1689/1689/1689 1697/1697/1697 1687/1687/1687
f 1686/1686/1686 1689/1689/1689 1685/1685/1685
f 1692/1692/1692 1694/1694/1694 1691/1691/1691
f 1694/1694/1694 1703/1703/1703 1693/1693/1693
f 1696/1696/1696 1692/1692/1692 1695/1695/1695
f 1696/1696/1696 1695/1695/1695 1687/1687/1687
f 1700/1700/1700 1702/1702/1702 1698/1698/1698
f 1702/1702/1702 1707/1707/1707 1701/1701/1701
f 1703/1703/1703 1700/1700/1700 1699/1699/1699
f 1706/1706/1706 1709/1709/1709 1704/1704/1704
f 1707/1707/1707 1706/1706/1706 1705/1705/1705
f 1709/1709/1709 4837/4837/4837 1704/1704/1704
f 1710/1710/1710 1708/1708/1708 1711/1711/1711
f 1712/1712/1712 1713/1713/1713 1714/1714/1714
f 1713/1713/1713 1710/1710/1710 1714/1714/1714
f 1715/1715/1715 1716/1716/1716 1712/1712/1712
f 1717/1717/1717 1715/1715/1715 1718/1718/1718
f 1719/1719/1719 1717/1717/1717 1718/1718/1718
f 1720/1720/1720 1717/1717/1717 1719/1719/1719
f 1720/1720/1720 1719/1719/1719 1721/1721/1721
f 1722/1722/1722 1723/1723/1723 1724/1724/1724
f 1723/1723/1723 1722/1722/1722 1725/1725/1725
f 1726/1726/1726 1727/1727/1727 1728/1728/1728
f 1727/1727/1727 1726/1726/1726 1729/1729/1729
f 1730/1730/1730 1731/1731/1731 1732/1732/1732
f 1731/1731/1731 1730/1730/1730 1733/1733/1733
f 1731/1731/1731 1734/1734/1734 1735/1735/1735
f 1736/1736/1736 1737/1737/1737 1738/1738/1738
f 1739/1739/1739 1740/1740/1740 1741/1741/1741
f 1737/1737/1737 1736/1736/1736 1742/1742/1742
f 1734/1734/1734 1731/1731/1731 1743/1743/1743
f 1740/1740/1740 1744/1744/1744 1745/1745/1745
f 1744/1744/1744 1740/1740/1740 1746/1746/1746
f 1747/1747/1747 1748/1748/1748 1749/1749/1749
f 1748/1748/1748 1747/1747/1747 1750/1750/1750
f 1751/1751/1751 1752/1752/1752 1753/1753/1753
f 1754/1754/1754 1752/1752/1752 1751/1751/1751
f 1755/1755/1755 1756/1756/1756 1757/1757/1757
f 1758/1758/1758 1798/1798/1798 1756/1756/1756
f 1760/1760/1760 1755/1755/1755 1757/1757/1757
f 1761/1761/1761 1762/1762/1762 1763/1763/1763
f 1764/1764/1764 1765/1765/1765 1766/1766/1766
f 1768/1768/1768 1806/1806/1806 1767/1767/1767
f 1771/1771/1771 1840/1840/1840 1772/1772/1772
f 1773/1773/1773 1770/1770/1770 1772/1772/1772
f 1776/1776/1776 1845/1845/1845 1775/1775/1775
f 1775/1775/1775 1858/1858/1858 1778/1778/1778
f 1779/1779/1779 1780/1780/1780 1781/1781/1781
f 1784/1784/1784 1847/1847/1847 1783/1783/1783
f 1783/1783/1783 1862/1862/1862 1784/1784/1784
f 1786/1786/1786 1787/1787/1787 1788/1788/1788
f 1789/1789/1789 1788/1788/1788 1790/1790/1790
f 1791/1791/1791 1790/1790/1790 1792/1792/1792
f 1793/1793/1793 1792/1792/1792 1794/1794/1794
f 1795/1795/1795 1787/1787/1787 1786/1786/1786
f 1796/1796/1796 1797/1797/1797 1794/1794/1794
f 1789/1789/1789 1819/1819/1819 1788/1788/1788
f 1793/1793/1793 1818/1818/1818 1792/1792/1792
f 1797/1797/1797 1822/1822/1822 1793/1793/1793
f 1791/1791/1791 1817/1817/1817 1790/1790/1790
f 1758/1758/1758 1796/1796/1796 1798/1798/1798
f 1758/1758/1758 1820/1820/1820 1796/1796/1796
f 1799/1799/1799 1800/1800/1800 1801/1801/1801
f 1760/1760/1760 1802/1802/1802 1803/1803/1803
f 1761/1761/1761 1763/1763/1763 1804/1804/1804
f 1761/1761/1761 1804/1804/1804 1805/1805/1805
f 1768/1768/1768 1805/1805/1805 1806/1806/1806
f 1760/1760/1760 1757/1757/1757 1802/1802/1802
f 1764/1764/1764 1766/1766/1766 1807/1807/1807
f 1766/1766/1766 1765/1765/1765 1803/1803/1803
f 1763/1763/1763 1762/1762/1762 1764/1764/1764
f 1768/1768/1768 1825/1825/1825 1805/1805/1805
f 1808/1808/1808 1809/1809/1809 1810/1810/1810
f 1811/1811/1811 1827/1827/1827 1810/1810/1810
f 1812/1812/1812 1811/1811/1811 1810/1810/1810
f 1811/1811/1811 1812/1812/1812 1813/1813/1813
f 1769/1769/1769 1809/1809/1809 1808/1808/1808
f 1815/1815/1815 1800/1800/1800 1814/1814/1814
f 1799/1799/1799 1801/1801/1801 1816/1816/1816
f 1799/1799/1799 1816/1816/1816 1814/1814/1814
f 1819/1819/1819 1816/1816/1816 1786/1786/1786
f 1758/1758/1758 1756/1756/1756 1821/1821/1821
f 1786/1786/1786 1816/1816/1816 1795/1795/1795
f 1789/1789/1789 1817/1817/1817 1819/1819/1819
f 1791/1791/1791 1818/1818/1818 1817/1817/1817
f 1797/1797/1797 1820/1820/1820 1822/1822/1822
f 1758/1758/1758 1821/1821/1821 1820/1820/1820
f 1756/1756/1756 1755/1755/1755 1821/1821/1821
f 1760/1760/1760 1765/1765/1765 1823/1823/1823
f 1760/1760/1760 1823/1823/1823 1755/1755/1755
f 1765/1765/1765 1824/1824/1824 1823/1823/1823
f 1767/1767/1767 1769/1769/1769 1826/1826/1826
f 1811/1811/1811 1813/1813/1813 1828/1828/1828
f 1764/1764/1764 1824/1824/1824 1765/1765/1765
f 1764/1764/1764 1762/1762/1762 1824/1824/1824
f 1768/1768/1768 1767/1767/1767 1825/1825/1825
f 1808/1808/1808 1827/1827/1827 1826/1826/1826
f 1811/1811/1811 1828/1828/1828 1827/1827/1827
f 1813/1813/1813 1812/1812/1812 1829/1829/1829
f 1830/1830/1830 1831/1831/1831 1832/1832/1832
f 1833/1833/1833 1834/1834/1834 1835/1835/1835
f 1836/1836/1836 1835/1835/1835 1837/1837/1837
f 1838/1838/1838 1837/1837/1837 1839/1839/1839
f 1830/1830/1830 1829/1829/1829 1831/1831/1831
f 1840/1840/1840 1771/1771/1771 1839/1839/1839
f 1833/1833/1833 1853/1853/1853 1832/1832/1832
f 1838/1838/1838 1855/1855/1855 1837/1837/1837
f 1771/1771/1771 1856/1856/1856 1838/1838/1838
f 1836/1836/1836 1854/1854/1854 1835/1835/1835
f 1773/1773/1773 1772/1772/1772 1841/1841/1841
f 1778/1778/1778 1777/1777/1777 1773/1773/1773
f 1779/1779/1779 1781/1781/1781 1842/1842/1842
f 1785/1785/1785 1842/1842/1842 1843/1843/1843
f 1844/1844/1844 1774/1774/1774 1846/1846/1846
f 1781/1781/1781 1780/1780/1780 1844/1844/1844
f 1785/1785/1785 1861/1861/1861 1842/1842/1842
f 1784/1784/1784 1785/1785/1785 1843/1843/1843
f 1782/1782/1782 1847/1847/1847 1848/1848/1848
f 1849/1849/1849 1863/1863/1863 1848/1848/1848
f 1850/1850/1850 1849/1849/1849 1848/1848/1848
f 1851/1851/1851 1828/1828/1828 1813/1813/1813
f 1851/1851/1851 1829/1829/1829 1852/1852/1852
f 1852/1852/1852 1830/1830/1830 1853/1853/1853
f 1771/1771/1771 1770/1770/1770 1856/1856/1856
f 1770/1770/1770 1773/1773/1773 1857/1857/1857
f 1830/1830/1830 1832/1832/1832 1853/1853/1853
f 1836/1836/1836 1855/1855/1855 1854/1854/1854
f 1777/1777/1777 1857/1857/1857 1773/1773/1773
f 1775/1775/1775 1774/1774/1774 1859/1859/1859
f 1859/1859/1859 1774/1774/1774 1860/1860/1860
f 1780/1780/1780 1779/1779/1779 1861/1861/1861
f 1844/1844/1844 1780/1780/1780 1860/1860/1860
f 1774/1774/1774 1844/1844/1844 1860/1860/1860
f 1862/1862/1862 1861/1861/1861 1785/1785/1785
f 1864/1864/1864 1863/1863/1863 1849/1849/1849
f 1863/1863/1863 1783/1783/1783 1782/1782/1782
f 1864/1864/1864 1849/1849/1849 1850/1850/1850
f 1865/1865/1865 1901/1901/1901 1867/1867/1867
f 1869/1869/1869 1927/1927/1927 1868/1868/1868
f 1871/1871/1871 1940/1940/1940 1870/1870/1870
f 1872/1872/1872 1873/1873/1873 1874/1874/1874
f 1875/1875/1875 1876/1876/1876 1874/1874/1874
f 1872/1872/1872 1885/1885/1885 1873/1873/1873
f 1872/1872/1872 1874/1874/1874 1878/1878/1878
f 1875/1875/1875 1874/1874/1874 1873/1873/1873
f 1879/1879/1879 1875/1875/1875 1880/1880/1880
f 1881/1881/1881 1880/1880/1880 1875/1875/1875
f 1876/1876/1876 1879/1879/1879 1882/1882/1882
f 1881/1881/1881 1875/1875/1875 1883/1883/1883
f 1875/1875/1875 1879/1879/1879 1876/1876/1876
f 1874/1874/1874 1876/1876/1876 1884/1884/1884
f 1878/1878/1878 1885/1885/1885 1872/1872/1872
f 1874/1874/1874 1884/1884/1884 1878/1878/1878
f 1882/1882/1882 1884/1884/1884 1876/1876/1876
f 1879/1879/1879 1880/1880/1880 1886/1886/1886
f 1887/1887/1887 1888/1888/1888 1883/1883/1883
f 1867/1867/1867 1887/1887/1887 1883/1883/1883
f 1883/1883/1883 1865/1865/1865 1867/1867/1867
f 1865/1865/1865 1889/1889/1889 1890/1890/1890
f 1889/1889/1889 1865/1865/1865 1883/1883/1883
f 1891/1891/1891 1892/1892/1892 1889/1889/1889
f 1893/1893/1893 1894/1894/1894 1889/1889/1889
f 1890/1890/1890 1889/1889/1889 1892/1892/1892
f 1889/1889/1889 1894/1894/1894 1891/1891/1891
f 1895/1895/1895 1905/1905/1905 1893/1893/1893
f 1896/1896/1896 1894/1894/1894 1893/1893/1893
f 1895/1895/1895 1893/1893/1893 1897/1897/1897
f 1880/1880/1880 1881/1881/1881 1898/1898/1898
f 1881/1881/1881 1888/1888/1888 1899/1899/1899
f 1887/1887/1887 1867/1867/1867 1900/1900/1900
f 1888/1888/1888 1887/1887/1887 1902/1902/1902
f 1890/1890/1890 1892/1892/1892 1903/1903/1903
f 1891/1891/1891 1894/1894/1894 1904/1904/1904
f 1894/1894/1894 1896/1896/1896 1906/1906/1906
f 1897/1897/1897 1907/1907/1907 1908/1908/1908
f 1892/1892/1892 1891/1891/1891 1909/1909/1909
f 1865/1865/1865 1890/1890/1890 1910/1910/1910
f 1897/1897/1897 1893/1893/1893 1907/1907/1907
f 1883/1883/1883 1888/1888/1888 1881/1881/1881
f 1879/1879/1879 1886/1886/1886 1882/1882/1882
f 1880/1880/1880 1898/1898/1898 1886/1886/1886
f 1881/1881/1881 1899/1899/1899 1898/1898/1898
f 1888/1888/1888 1902/1902/1902 1899/1899/1899
f 1887/1887/1887 1900/1900/1900 1902/1902/1902
f 1910/1910/1910 1901/1901/1901 1865/1865/1865
f 1909/1909/1909 1903/1903/1903 1892/1892/1892
f 1891/1891/1891 1911/1911/1911 1909/1909/1909
f 1906/1906/1906 1904/1904/1904 1894/1894/1894
f 1904/1904/1904 1911/1911/1911 1891/1891/1891
f 1896/1896/1896 1905/1905/1905 1906/1906/1906
f 1897/1897/1897 1908/1908/1908 1895/1895/1895
f 1908/1908/1908 1907/1907/1907 1912/1912/1912
f 1903/1903/1903 1910/1910/1910 1890/1890/1890
f 1913/1913/1913 1907/1907/1907 1914/1914/1914
f 1893/1893/1893 1914/1914/1914 1907/1907/1907
f 1907/1907/1907 1913/1913/1913 1912/1912/1912
f 1915/1915/1915 1914/1914/1914 1916/1916/1916
f 1917/1917/1917 1916/1916/1916 1914/1914/1914
f 1918/1918/1918 1916/1916/1916 1917/1917/1917
f 1919/1919/1919 1915/1915/1915 1920/1920/1920
f 1917/1917/1917 1921/1921/1921 1918/1918/1918
f 1921/1921/1921 1917/1917/1917 1922/1922/1922
f 1913/1913/1913 1919/1919/1919 1923/1923/1923
f 1923/1923/1923 1912/1912/1912 1913/1913/1913
f 1919/1919/1919 1920/1920/1920 1923/1923/1923
f 1915/1915/1915 1916/1916/1916 1924/1924/1924
f 1924/1924/1924 1920/1920/1920 1915/1915/1915
f 1916/1916/1916 1918/1918/1918 1925/1925/1925
f 1922/1922/1922 1917/1917/1917 1926/1926/1926
f 1927/1927/1927 1926/1926/1926 1917/1917/1917
f 1928/1928/1928 1926/1926/1926 1927/1927/1927
f 1927/1927/1927 1869/1869/1869 1928/1928/1928
f 1870/1870/1870 1927/1927/1927 1871/1871/1871
f 1929/1929/1929 1930/1930/1930 1871/1871/1871
f 1927/1927/1927 1929/1929/1929 1871/1871/1871
f 1931/1931/1931 1932/1932/1932 1929/1929/1929
f 1933/1933/1933 1941/1941/1941 1929/1929/1929
f 1929/1929/1929 1932/1932/1932 1934/1934/1934
f 1934/1934/1934 1933/1933/1933 1929/1929/1929
f 1932/1932/1932 1931/1931/1931 1935/1935/1935
f 1918/1918/1918 1921/1921/1921 1936/1936/1936
f 1921/1921/1921 1922/1922/1922 1937/1937/1937
f 1926/1926/1926 1928/1928/1928 1938/1938/1938
f 1922/1922/1922 1926/1926/1926 1939/1939/1939
f 1934/1934/1934 1932/1932/1932 1942/1942/1942
f 1871/1871/1871 1930/1930/1930 1943/1943/1943
f 1944/1944/1944 1947/1947/1947 1931/1931/1931
f 1932/1932/1932 1935/1935/1935 1945/1945/1945
f 1916/1916/1916 1925/1925/1925 1924/1924/1924
f 1937/1937/1937 1936/1936/1936 1921/1921/1921
f 1936/1936/1936 1925/1925/1925 1918/1918/1918
f 1938/1938/1938 1939/1939/1939 1926/1926/1926
f 1928/1928/1928 1869/1869/1869 1946/1946/1946
f 1939/1939/1939 1937/1937/1937 1922/1922/1922
f 1941/1941/1941 1943/1943/1943 1930/1930/1930
f 1943/1943/1943 1940/1940/1940 1871/1871/1871
f 1934/1934/1934 1942/1942/1942 1933/1933/1933
f 1935/1935/1935 1947/1947/1947 1945/1945/1945
f 1949/1949/1949 1952/1952/1952 1948/1948/1948
f 1951/1951/1951 1949/1949/1949 1948/1948/1948
f 1953/1953/1953 1954/1954/1954 1952/1952/1952
f 1950/1950/1950 1952/1952/1952 1954/1954/1954
f 1949/1949/1949 1951/1951/1951 1955/1955/1955
f 1956/1956/1956 1957/1957/1957 1951/1951/1951
f 1951/1951/1951 1957/1957/1957 1955/1955/1955
f 1958/1958/1958 1957/1957/1957 1956/1956/1956
f 1959/1959/1959 1957/1957/1957 1958/1958/1958
f 1959/1959/1959 1958/1958/1958 1960/1960/1960
f 1959/1959/1959 1960/1960/1960 1961/1961/1961
f 1962/1962/1962 1961/1961/1961 1960/1960/1960
f 1963/1963/1963 1964/1964/1964 1961/1961/1961
f 1961/1961/1961 1962/1962/1962 1963/1963/1963
f 1965/1965/1965 1966/1966/1966 1967/1967/1967
f 1968/1968/1968 1967/1967/1967 1966/1966/1966
f 1969/1969/1969 1970/1970/1970 1968/1968/1968
f 1969/1969/1969 1968/1968/1968 1966/1966/1966
f 1965/1965/1965 1967/1967/1967 1971/1971/1971
f 1972/1972/1972 1973/1973/1973 1974/1974/1974
f 1973/1973/1973 1972/1972/1972 1975/1975/1975
f 1976/1976/1976 1964/1964/1964 1977/1977/1977
f 1978/1978/1978 1979/1979/1979 1972/1972/1972
f 1976/1976/1976 1977/1977/1977 1980/1980/1980
f 1971/1971/1971 1981/1981/1981 1965/1965/1965
f 1981/1981/1981 1971/1971/1971 1974/1974/1974
f 1973/1973/1973 1981/1981/1981 1974/1974/1974
f 1964/1964/1964 1963/1963/1963 1977/1977/1977
f 1982/1982/1982 1980/1980/1980 1977/1977/1977
f 1983/1983/1983 1984/1984/1984 1982/1982/1982
f 1984/1984/1984 1983/1983/1983 1985/1985/1985
f 1987/1987/1987 1985/1985/1985 1986/1986/1986
f 1987/1987/1987 1988/1988/1988 1985/1985/1985
f 1987/1987/1987 1989/1989/1989 1988/1988/1988
f 1990/1990/1990 1991/1991/1991 1988/1988/1988
f 1989/1989/1989 1990/1990/1990 1988/1988/1988
f 1990/1990/1990 1992/1992/1992 1991/1991/1991
f 1993/1993/1993 1991/1991/1991 1994/1994/1994
f 1992/1992/1992 1994/1994/1994 1991/1991/1991
f 1995/1995/1995 1993/1993/1993 1994/1994/1994
f 1995/1995/1995 1996/1996/1996 1993/1993/1993
f 1995/1995/1995 1997/1997/1997 1996/1996/1996
f 1998/1998/1998 1999/1999/1999 2000/2000/2000
f 1998/1998/1998 2001/2001/2001 1999/1999/1999
f 2002/2002/2002 1998/1998/1998 2003/2003/2003
f 2003/2003/2003 1998/1998/1998 2000/2000/2000
f 2004/2004/2004 1978/1978/1978 2005/2005/2005
f 1979/1979/1979 1978/1978/1978 2004/2004/2004
f 2001/2001/2001 2006/2006/2006 1999/1999/1999
f 2006/2006/2006 2004/2004/2004 2005/2005/2005
f 2006/2006/2006 2005/2005/2005 1999/1999/1999
f 2007/2007/2007 2008/2008/2008 2009/2009/2009
f 1997/1997/1997 2010/2010/2010 1996/1996/1996
f 2010/2010/2010 2009/2009/2009 2008/2008/2008
f 2011/2011/2011 2002/2002/2002 2012/2012/2012
f 2012/2012/2012 2002/2002/2002 2003/2003/2003
f 2007/2007/2007 2009/2009/2009 2011/2011/2011
f 2007/2007/2007 2011/2011/2011 2012/2012/2012
f 2013/2013/2013 2014/2014/2014 2015/2015/2015
f 2016/2016/2016 2013/2013/2013 2017/2017/2017
f 2018/2018/2018 2016/2016/2016 2017/2017/2017
f 2017/2017/2017 2013/2013/2013 2019/2019/2019
f 2020/2020/2020 2021/2021/2021 2022/2022/2022
f 2022/2022/2022 2023/2023/2023 2024/2024/2024
f 2025/2025/2025 2021/2021/2021 2026/2026/2026
f 2026/2026/2026 2027/2027/2027 2025/2025/2025
f 2028/2028/2028 2029/2029/2029 2030/2030/2030
f 2031/2031/2031 2032/2032/2032 2033/2033/2033
f 2034/2034/2034 2035/2035/2035 2036/2036/2036
f 2038/2038/2038 2039/2039/2039 2040/2040/2040
f 2041/2041/2041 2042/2042/2042 2043/2043/2043
f 2044/2044/2044 2045/2045/2045 2046/2046/2046
f 2047/2047/2047 2048/2048/2048 2049/2049/2049
f 2050/2050/2050 2051/2051/2051 2047/2047/2047
f 2052/2052/2052 2053/2053/2053 2054/2054/2054
f 2054/2054/2054 2055/2055/2055 2056/2056/2056
f 2053/2053/2053 2055/2055/2055 2054/2054/2054
f 2057/2057/2057 2058/2058/2058 2059/2059/2059
f 2058/2058/2058 2053/2053/2053 2052/2052/2052
f 2058/2058/2058 2052/2052/2052 2059/2059/2059
f 2060/2060/2060 2061/2061/2061 2062/2062/2062
f 2061/2061/2061 2063/2063/2063 2064/2064/2064
f 2065/2065/2065 2064/2064/2064 2063/2063/2063
f 2055/2055/2055 2060/2060/2060 2056/2056/2056
f 2062/2062/2062 2061/2061/2061 2064/2064/2064
f 2060/2060/2060 2062/2062/2062 2056/2056/2056
f 2066/2066/2066 2067/2067/2067 2068/2068/2068
f 2068/2068/2068 2067/2067/2067 2069/2069/2069
f 2070/2070/2070 2068/2068/2068 2069/2069/2069
f 2071/2071/2071 2072/2072/2072 2073/2073/2073
f 2068/2068/2068 2071/2071/2071 2066/2066/2066
f 2073/2073/2073 2066/2066/2066 2071/2071/2071
f 2057/2057/2057 2074/2074/2074 2075/2075/2075
f 2074/2074/2074 2057/2057/2057 2059/2059/2059
f 2075/2075/2075 2070/2070/2070 2069/2069/2069
f 2074/2074/2074 2070/2070/2070 2075/2075/2075
f 2076/2076/2076 2065/2065/2065 2063/2063/2063
f 2076/2076/2076 2077/2077/2077 2078/2078/2078
f 2076/2076/2076 2063/2063/2063 2077/2077/2077
f 2078/2078/2078 2079/2079/2079 2080/2080/2080
f 2076/2076/2076 2078/2078/2078 2080/2080/2080
f 2079/2079/2079 2081/2081/2081 2080/2080/2080
f 2082/2082/2082 2081/2081/2081 2079/2079/2079
f 2081/2081/2081 2082/2082/2082 2083/2083/2083
f 2083/2083/2083 2082/2082/2082 2084/2084/2084
f 2084/2084/2084 2085/2085/2085 2083/2083/2083
f 2085/2085/2085 2084/2084/2084 2086/2086/2086
f 2087/2087/2087 2085/2085/2085 2086/2086/2086
f 2088/2088/2088 2087/2087/2087 2086/2086/2086
f 2089/2089/2089 2087/2087/2087 2088/2088/2088
f 2088/2088/2088 2090/2090/2090 2089/2089/2089
f 2091/2091/2091 2092/2092/2092 2090/2090/2090
f 2092/2092/2092 2089/2089/2089 2090/2090/2090
f 2093/2093/2093 2092/2092/2092 2091/2091/2091
f 2091/2091/2091 2094/2094/2094 2093/2093/2093
f 2095/2095/2095 2093/2093/2093 2094/2094/2094
f 2094/2094/2094 2096/2096/2096 2095/2095/2095
f 2096/2096/2096 2097/2097/2097 2095/2095/2095
f 2099/2099/2099 2102/2102/2102 2098/2098/2098
f 2101/2101/2101 2098/2098/2098 2100/2100/2100
f 2103/2103/2103 2101/2101/2101 2104/2104/2104
f 2100/2100/2100 2104/2104/2104 2101/2101/2101
f 2105/2105/2105 2073/2073/2073 2072/2072/2072
f 2072/2072/2072 2106/2106/2106 2105/2105/2105
f 2096/2096/2096 2107/2107/2107 2097/2097/2097
f 2099/2099/2099 2105/2105/2105 2106/2106/2106
f 2106/2106/2106 2102/2102/2102 2099/2099/2099
f 2103/2103/2103 2108/2108/2108 2109/2109/2109
f 2103/2103/2103 2104/2104/2104 2108/2108/2108
f 2108/2108/2108 2110/2110/2110 2109/2109/2109
f 2111/2111/2111 2097/2097/2097 2107/2107/2107
f 2112/2112/2112 2097/2097/2097 2111/2111/2111
f 2113/2113/2113 2112/2112/2112 2114/2114/2114
f 2111/2111/2111 2114/2114/2114 2112/2112/2112
f 2115/2115/2115 2113/2113/2113 2114/2114/2114
f 2113/2113/2113 2115/2115/2115 2116/2116/2116
f 2116/2116/2116 2115/2115/2115 2117/2117/2117
f 2117/2117/2117 2118/2118/2118 2119/2119/2119
f 2116/2116/2116 2117/2117/2117 2119/2119/2119
f 2118/2118/2118 2120/2120/2120 2119/2119/2119
f 2123/2123/2123 2124/2124/2124 2122/2122/2122
f 2125/2125/2125 2123/2123/2123 2126/2126/2126
f 2118/2118/2118 2125/2125/2125 2120/2120/2120
f 2126/2126/2126 2123/2123/2123 2122/2122/2122
f 2128/2128/2128 2132/2132/2132 2127/2127/2127
f 2132/2132/2132 2128/2128/2128 2131/2131/2131
f 2133/2133/2133 2135/2135/2135 2129/2129/2129
f 2134/2134/2134 2136/2136/2136 2133/2133/2133
f 2137/2137/2137 2139/2139/2139 2134/2134/2134
f 2138/2138/2138 2139/2139/2139 2137/2137/2137
f 2142/2142/2142 2145/2145/2145 2140/2140/2140
f 2141/2141/2141 2143/2143/2143 2138/2138/2138
f 2144/2144/2144 2145/2145/2145 2142/2142/2142
f 2146/2146/2146 2147/2147/2147 2144/2144/2144
f 2139/2139/2139 2138/2138/2138 2143/2143/2143
f 2143/2143/2143 2141/2141/2141 2140/2140/2140
f 2148/2148/2148 2128/2128/2128 2127/2127/2127
f 2130/2130/2130 2128/2128/2128 2148/2148/2148
f 2135/2135/2135 2148/2148/2148 2127/2127/2127
f 2148/2148/2148 2135/2135/2135 2136/2136/2136
f 2147/2147/2147 2146/2146/2146 2149/2149/2149
f 2150/2150/2150 2149/2149/2149 2151/2151/2151
f 2151/2151/2151 2152/2152/2152 2150/2150/2150
f 2150/2150/2150 2147/2147/2147 2149/2149/2149
f 2153/2153/2153 2152/2152/2152 2154/2154/2154
f 2153/2153/2153 2154/2154/2154 2155/2155/2155
f 2152/2152/2152 2151/2151/2151 2154/2154/2154
f 2144/2144/2144 2147/2147/2147 2145/2145/2145
f 2156/2156/2156 2157/2157/2157 2158/2158/2158
f 2159/2159/2159 2157/2157/2157 2156/2156/2156
f 2156/2156/2156 2158/2158/2158 2160/2160/2160
f 2161/2161/2161 2162/2162/2162 2163/2163/2163
f 2164/2164/2164 2163/2163/2163 2162/2162/2162
f 2157/2157/2157 2159/2159/2159 2161/2161/2161
f 2162/2162/2162 2161/2161/2161 2159/2159/2159
f 2165/2165/2165 2168/2168/2168 2170/2170/2170
f 2166/2166/2166 2169/2169/2169 2160/2160/2160
f 2167/2167/2167 2171/2171/2171 2169/2169/2169
f 2160/2160/2160 2158/2158/2158 2166/2166/2166
f 2172/2172/2172 2173/2173/2173 2174/2174/2174
f 2162/2162/2162 2173/2173/2173 2164/2164/2164
f 2164/2164/2164 2173/2173/2173 2172/2172/2172
f 2174/2174/2174 2175/2175/2175 2176/2176/2176
f 2176/2176/2176 2175/2175/2175 2177/2177/2177
f 2176/2176/2176 2172/2172/2172 2174/2174/2174
f 2177/2177/2177 2175/2175/2175 2178/2178/2178
f 2180/2180/2180 2177/2177/2177 2178/2178/2178
f 2179/2179/2179 2182/2182/2182 2184/2184/2184
f 2180/2180/2180 2183/2183/2183 2177/2177/2177
f 2185/2185/2185 2181/2181/2181 2180/2180/2180
f 2186/2186/2186 2187/2187/2187 2188/2188/2188
f 2189/2189/2189 2190/2190/2190 2191/2191/2191
f 2192/2192/2192 2194/2194/2194 2197/2197/2197
f 2198/2198/2198 2193/2193/2193 2195/2195/2195
f 2200/2200/2200 2202/2202/2202 2198/2198/2198
f 2203/2203/2203 2204/2204/2204 2205/2205/2205
f 2206/2206/2206 2205/2205/2205 2207/2207/2207
f 2207/2207/2207 2205/2205/2205 2204/2204/2204
f 2208/2208/2208 2203/2203/2203 2209/2209/2209
f 2208/2208/2208 2210/2210/2210 2203/2203/2203
f 2209/2209/2209 2203/2203/2203 2205/2205/2205
f 2214/2214/2214 2220/2220/2220 2211/2211/2211
f 2218/2218/2218 2217/2217/2217 2220/2220/2220
f 2221/2221/2221 2211/2211/2211 2223/2223/2223
f 2211/2211/2211 2224/2224/2224 2214/2214/2214
f 2222/2222/2222 2213/2213/2213 2215/2215/2215
f 2227/2227/2227 2231/2231/2231 2226/2226/2226
f 2228/2228/2228 2229/2229/2229 2226/2226/2226
f 2230/2230/2230 2225/2225/2225 2231/2231/2231
f 2232/2232/2232 2231/2231/2231 2233/2233/2233
f 2231/2231/2231 2234/2234/2234 2235/2235/2235
f 2231/2231/2231 2232/2232/2232 2230/2230/2230
f 2234/2234/2234 2242/2242/2242 2235/2235/2235
f 2237/2237/2237 2238/2238/2238 2239/2239/2239
f 2240/2240/2240 2241/2241/2241 2239/2239/2239
f 2237/2237/2237 2239/2239/2239 2241/2241/2241
f 2237/2237/2237 2229/2229/2229 2238/2238/2238
f 2231/2231/2231 2227/2227/2227 2234/2234/2234
f 2242/2242/2242 2243/2243/2243 2244/2244/2244
f 2228/2228/2228 2238/2238/2238 2229/2229/2229
f 2229/2229/2229 2227/2227/2227 2226/2226/2226
f 2245/2245/2245 2246/2246/2246 2247/2247/2247
f 2235/2235/2235 2248/2248/2248 2246/2246/2246
f 2249/2249/2249 2235/2235/2235 2236/2236/2236
f 2250/2250/2250 2251/2251/2251 2242/2242/2242
f 2242/2242/2242 2251/2251/2251 2236/2236/2236
f 2248/2248/2248 2235/2235/2235 2249/2249/2249
f 2250/2250/2250 2242/2242/2242 2252/2252/2252
f 2253/2253/2253 2254/2254/2254 2255/2255/2255
f 2256/2256/2256 2257/2257/2257 2253/2253/2253
f 2254/2254/2254 2253/2253/2253 2257/2257/2257
f 2255/2255/2255 2243/2243/2243 2253/2253/2253
f 2258/2258/2258 2244/2244/2244 2243/2243/2243
f 2243/2243/2243 2255/2255/2255 2259/2259/2259
f 2243/2243/2243 2259/2259/2259 2258/2258/2258
f 2244/2244/2244 2260/2260/2260 2242/2242/2242
f 2242/2242/2242 2260/2260/2260 2252/2252/2252
f 2235/2235/2235 2246/2246/2246 2245/2245/2245
f 2262/2262/2262 2276/2276/2276 2261/2261/2261
f 2265/2265/2265 2276/2276/2276 2262/2262/2262
f 2267/2267/2267 2269/2269/2269 2268/2268/2268
f 2270/2270/2270 2261/2261/2261 2271/2271/2271
f 2272/2272/2272 2273/2273/2273 2274/2274/2274
f 2275/2275/2275 2276/2276/2276 2265/2265/2265
f 2276/2276/2276 2275/2275/2275 2277/2277/2277
f 2272/2272/2272 2274/2274/2274 2265/2265/2265
f 2278/2278/2278 2273/2273/2273 2272/2272/2272
f 2280/2280/2280 2268/2268/2268 2269/2269/2269
f 2271/2271/2271 2279/2279/2279 2269/2269/2269
f 2268/2268/2268 2280/2280/2280 2281/2281/2281
f 2281/2281/2281 2282/2282/2282 2268/2268/2268
f 2263/2263/2263 2277/2277/2277 2279/2279/2279
f 2283/2283/2283 2278/2278/2278 2284/2284/2284
f 2284/2284/2284 2285/2285/2285 2283/2283/2283
f 2261/2261/2261 2270/2270/2270 2286/2286/2286
f 2262/2262/2262 2287/2287/2287 2288/2288/2288
f 2264/2264/2264 2288/2288/2288 2285/2285/2285
f 2270/2270/2270 2289/2289/2289 2286/2286/2286
f 2267/2267/2267 2290/2290/2290 2289/2289/2289
f 2266/2266/2266 2291/2291/2291 2290/2290/2290
f 2292/2292/2292 2266/2266/2266 2282/2282/2282
f 2266/2266/2266 2292/2292/2292 2291/2291/2291
f 2272/2272/2272 2264/2264/2264 2278/2278/2278
f 2295/2295/2295 2297/2297/2297 2299/2299/2299
f 2294/2294/2294 2298/2298/2298 2300/2300/2300
f 2301/2301/2301 2304/2304/2304 2308/2308/2308
f 2310/2310/2310 2312/2312/2312 2314/2314/2314
f 2317/2317/2317 2305/2305/2305 2311/2311/2311
f 2319/2319/2319 2322/2322/2322 2325/2325/2325
f 2327/2327/2327 2322/2322/2322 2302/2302/2302
f 2296/2296/2296 2331/2331/2331 2333/2333/2333
f 2296/2296/2296 2294/2294/2294 2331/2331/2331
f 2313/2313/2313 2332/2332/2332 2316/2316/2316
f 2315/2315/2315 2330/2330/2330 2293/2293/2293
f 2306/2306/2306 2318/2318/2318 2307/2307/2307
f 2303/2303/2303 2309/2309/2309 2329/2329/2329
f 2334/2334/2334 2321/2321/2321 2328/2328/2328
f 2324/2324/2324 2323/2323/2323 2335/2335/2335
f 2320/2320/2320 2326/2326/2326 2336/2336/2336
f 2338/2338/2338 2336/2336/2336 2341/2341/2341
f 2337/2337/2337 2345/2345/2345 2350/2350/2350
f 2320/2320/2320 2336/2336/2336 2338/2338/2338
f 2340/2340/2340 2348/2348/2348 2339/2339/2339
f 2352/2352/2352 2353/2353/2353 2354/2354/2354
f 2351/2351/2351 2349/2349/2349 2344/2344/2344
f 2342/2342/2342 2356/2356/2356 2347/2347/2347
f 2352/2352/2352 2346/2346/2346 2353/2353/2353
f 2357/2357/2357 2358/2358/2358 2355/2355/2355
f 2358/2358/2358 2357/2357/2357 2359/2359/2359
f 2366/2366/2366 2399/2399/2399 2360/2360/2360
f 2375/2375/2375 2401/2401/2401 2373/2373/2373
f 2378/2378/2378 2380/2380/2380 2366/2366/2366
f 2374/2374/2374 2372/2372/2372 2378/2378/2378
f 2361/2361/2361 2377/2377/2377 2364/2364/2364
f 2381/2381/2381 2384/2384/2384 2369/2369/2369
f 2388/2388/2388 2389/2389/2389 2387/2387/2387
f 2389/2389/2389 2388/2388/2388 2360/2360/2360
f 2391/2391/2391 2360/2360/2360 2388/2388/2388
f 2363/2363/2363 2368/2368/2368 2390/2390/2390
f 2392/2392/2392 2387/2387/2387 2386/2386/2386
f 2394/2394/2394 2434/2434/2434 2385/2385/2385
f 2400/2400/2400 2402/2402/2402 2371/2371/2371
f 2404/2404/2404 2405/2405/2405 2406/2406/2406
f 2402/2402/2402 2400/2400/2400 2408/2408/2408
f 2408/2408/2408 2400/2400/2400 2411/2411/2411
f 2404/2404/2404 2412/2412/2412 2405/2405/2405
f 2391/2391/2391 2414/2414/2414 2415/2415/2415
f 2415/2415/2415 2414/2414/2414 2416/2416/2416
f 2417/2417/2417 2387/2387/2387 2392/2392/2392
f 2414/2414/2414 2391/2391/2391 2388/2388/2388
f 2415/2415/2415 2416/2416/2416 2418/2418/2418
f 2420/2420/2420 2422/2422/2422 2418/2418/2418
f 2425/2425/2425 2419/2419/2419 2421/2421/2421
f 2422/2422/2422 2420/2420/2420 2428/2428/2428
f 2432/2432/2432 2424/2424/2424 2423/2423/2423
f 2415/2415/2415 2418/2418/2418 2427/2427/2427
f 2399/2399/2399 2381/2381/2381 2370/2370/2370
f 2399/2399/2399 2436/2436/2436 2381/2381/2381
f 2438/2438/2438 2384/2384/2384 2381/2381/2381
f 2382/2382/2382 2393/2393/2393 2437/2437/2437
f 2383/2383/2383 2453/2453/2453 2394/2394/2394
f 2442/2442/2442 2436/2436/2436 2399/2399/2399
f 2442/2442/2442 2399/2399/2399 2443/2443/2443
f 2442/2442/2442 2446/2446/2446 2436/2436/2436
f 2448/2448/2448 2445/2445/2445 2396/2396/2396
f 2440/2440/2440 2451/2451/2451 2435/2435/2435
f 2433/2433/2433 2395/2395/2395 2439/2439/2439
f 2454/2454/2454 2446/2446/2446 2455/2455/2455
f 2454/2454/2454 2455/2455/2455 2456/2456/2456
f 2442/2442/2442 2455/2455/2455 2446/2446/2446
f 2457/2457/2457 2435/2435/2435 2451/2451/2451
f 2460/2460/2460 2461/2461/2461 2462/2462/2462
f 2463/2463/2463 2465/2465/2465 2451/2451/2451
f 2456/2456/2456 2461/2461/2461 2454/2454/2454
f 2450/2450/2450 2464/2464/2464 2466/2466/2466
f 2468/2468/2468 2455/2455/2455 2469/2469/2469
f 2470/2470/2470 2469/2469/2469 2442/2442/2442
f 2469/2469/2469 2471/2471/2471 2468/2468/2468
f 2472/2472/2472 2443/2443/2443 2473/2473/2473
f 2473/2473/2473 2474/2474/2474 2475/2475/2475
f 2443/2443/2443 2476/2476/2476 2473/2473/2473
f 2477/2477/2477 2478/2478/2478 2471/2471/2471
f 2471/2471/2471 2478/2478/2478 2468/2468/2468
f 2479/2479/2479 2443/2443/2443 2472/2472/2472
f 2443/2443/2443 2479/2479/2479 2482/2482/2482
f 2478/2478/2478 2477/2477/2477 2484/2484/2484
f 2474/2474/2474 2487/2487/2487 2475/2475/2475
f 2442/2442/2442 2469/2469/2469 2455/2455/2455
f 2490/2490/2490 2402/2402/2402 2489/2489/2489
f 2407/2407/2407 2410/2410/2410 2413/2413/2413
f 2494/2494/2494 2497/2497/2497 2491/2491/2491
f 2489/2489/2489 2495/2495/2495 2490/2490/2490
f 2499/2499/2499 2503/2503/2503 2504/2504/2504
f 2507/2507/2507 2508/2508/2508 2502/2502/2502
f 2502/2502/2502 2498/2498/2498 2507/2507/2507
f 2509/2509/2509 2505/2505/2505 2502/2502/2502
f 2431/2431/2431 2510/2510/2510 2511/2511/2511
f 2512/2512/2512 2513/2513/2513 2508/2508/2508
f 2507/2507/2507 2431/2431/2431 2511/2511/2511
f 2507/2507/2507 2512/2512/2512 2508/2508/2508
f 2426/2426/2426 2430/2430/2430 2500/2500/2500
f 2513/2513/2513 2512/2512/2512 2514/2514/2514
f 2515/2515/2515 2513/2513/2513 2514/2514/2514
f 2518/2518/2518 2515/2515/2515 2521/2521/2521
f 2522/2522/2522 2458/2458/2458 2519/2519/2519
f 2429/2429/2429 2506/2506/2506 2501/2501/2501
f 2515/2515/2515 2526/2526/2526 2513/2513/2513
f 2528/2528/2528 2526/2526/2526 2515/2515/2515
f 2493/2493/2493 2529/2529/2529 2496/2496/2496
f 2528/2528/2528 2531/2531/2531 2526/2526/2526
f 2516/2516/2516 2519/2519/2519 2527/2527/2527
f 2534/2534/2534 2537/2537/2537 2518/2518/2518
f 2538/2538/2538 2539/2539/2539 2532/2532/2532
f 2541/2541/2541 2542/2542/2542 2544/2544/2544
f 2540/2540/2540 2544/2544/2544 2542/2542/2542
f 2543/2543/2543 2539/2539/2539 2538/2538/2538
f 2537/2537/2537 2545/2545/2545 2544/2544/2544
f 2546/2546/2546 2547/2547/2547 2545/2545/2545
f 2547/2547/2547 2544/2544/2544 2545/2545/2545
f 2548/2548/2548 2549/2549/2549 2545/2545/2545
f 2550/2550/2550 2545/2545/2545 2549/2549/2549
f 2525/2525/2525 2530/2530/2530 2492/2492/2492
f 2467/2467/2467 2457/2457/2457 2451/2451/2451
f 2552/2552/2552 2553/2553/2553 2556/2556/2556
f 2392/2392/2392 2554/2554/2554 2551/2551/2551
f 2558/2558/2558 2560/2560/2560 2561/2561/2561
f 2465/2465/2465 2562/2562/2562 2467/2467/2467
f 2561/2561/2561 2560/2560/2560 2461/2461/2461
f 2484/2484/2484 2477/2477/2477 2563/2563/2563
f 2564/2564/2564 2484/2484/2484 2563/2563/2563
f 2564/2564/2564 2565/2565/2565 2484/2484/2484
f 2564/2564/2564 2566/2566/2566 2565/2565/2565
f 2568/2568/2568 2558/2558/2558 2561/2561/2561
f 2480/2480/2480 2570/2570/2570 2481/2481/2481
f 2551/2551/2551 2417/2417/2417 2392/2392/2392
f 2553/2553/2553 2524/2524/2524 2556/2556/2556
f 2523/2523/2523 2555/2555/2555 2459/2459/2459
f 2467/2467/2467 2571/2571/2571 2457/2457/2457
f 2457/2457/2457 2571/2571/2571 2518/2518/2518
f 2535/2535/2535 2557/2557/2557 2567/2567/2567
f 2517/2517/2517 2572/2572/2572 2559/2559/2559
f 2518/2518/2518 2558/2558/2558 2534/2534/2534
f 2573/2573/2573 2566/2566/2566 2482/2482/2482
f 2575/2575/2575 2534/2534/2534 2566/2566/2566
f 2566/2566/2566 2573/2573/2573 2575/2575/2575
f 2576/2576/2576 2578/2578/2578 2573/2573/2573
f 2579/2579/2579 2573/2573/2573 2482/2482/2482
f 2566/2566/2566 2534/2534/2534 2565/2565/2565
f 2580/2580/2580 2483/2483/2483 2569/2569/2569
f 2578/2578/2578 2576/2576/2576 2582/2582/2582
f 2585/2585/2585 2449/2449/2449 2398/2398/2398
f 2584/2584/2584 2399/2399/2399 2586/2586/2586
f 2587/2587/2587 2586/2586/2586 2399/2399/2399
f 2447/2447/2447 2589/2589/2589 2444/2444/2444
f 2593/2593/2593 2595/2595/2595 2596/2596/2596
f 2584/2584/2584 2598/2598/2598 2597/2597/2597
f 2599/2599/2599 2597/2597/2597 2598/2598/2598
f 2476/2476/2476 2474/2474/2474 2473/2473/2473
f 2600/2600/2600 2594/2594/2594 2590/2590/2590
f 2602/2602/2602 2597/2597/2597 2599/2599/2599
f 2592/2592/2592 2646/2646/2646 2603/2603/2603
f 2605/2605/2605 2597/2597/2597 2602/2602/2602
f 2588/2588/2588 2476/2476/2476 2443/2443/2443
f 2587/2587/2587 2608/2608/2608 2606/2606/2606
f 2598/2598/2598 2584/2584/2584 2586/2586/2586
f 2608/2608/2608 2587/2587/2587 2399/2399/2399
f 2611/2611/2611 2612/2612/2612 2609/2609/2609
f 2612/2612/2612 2608/2608/2608 2399/2399/2399
f 2609/2609/2609 2612/2612/2612 2399/2399/2399
f 2609/2609/2609 2399/2399/2399 2613/2613/2613
f 2614/2614/2614 2606/2606/2606 2611/2611/2611
f 2607/2607/2607 2620/2620/2620 2617/2617/2617
f 2610/2610/2610 2622/2622/2622 2614/2614/2614
f 2623/2623/2623 2607/2607/2607 2606/2606/2606
f 2606/2606/2606 2614/2614/2614 2624/2624/2624
f 2610/2610/2610 2614/2614/2614 2611/2611/2611
f 2625/2625/2625 2613/2613/2613 2626/2626/2626
f 2610/2610/2610 2625/2625/2625 2627/2627/2627
f 2399/2399/2399 2628/2628/2628 2613/2613/2613
f 2613/2613/2613 2628/2628/2628 2629/2629/2629
f 2630/2630/2630 2629/2629/2629 2628/2628/2628
f 2631/2631/2631 2613/2613/2613 2629/2629/2629
f 2628/2628/2628 2632/2632/2632 2630/2630/2630
f 2625/2625/2625 2633/2633/2633 2627/2627/2627
f 2627/2627/2627 2634/2634/2634 2610/2610/2610
f 2637/2637/2637 2638/2638/2638 2639/2639/2639
f 2625/2625/2625 2626/2626/2626 2633/2633/2633
f 2639/2639/2639 2638/2638/2638 2632/2632/2632
f 2628/2628/2628 2706/2706/2706 2632/2632/2632
f 2642/2642/2642 2627/2627/2627 2633/2633/2633
f 2626/2626/2626 2613/2613/2613 2631/2631/2631
f 2474/2474/2474 2644/2644/2644 2487/2487/2487
f 2645/2645/2645 2647/2647/2647 2604/2604/2604
f 2648/2648/2648 2486/2486/2486 2643/2643/2643
f 2581/2581/2581 2485/2485/2485 2650/2650/2650
f 2651/2651/2651 2605/2605/2605 2602/2602/2602
f 2653/2653/2653 2620/2620/2620 2654/2654/2654
f 2607/2607/2607 2623/2623/2623 2655/2655/2655
f 2624/2624/2624 2623/2623/2623 2606/2606/2606
f 2652/2652/2652 2616/2616/2616 2619/2619/2619
f 2656/2656/2656 2605/2605/2605 2651/2651/2651
f 2656/2656/2656 2657/2657/2657 2605/2605/2605
f 2658/2658/2658 2659/2659/2659 2607/2607/2607
f 2655/2655/2655 2658/2658/2658 2607/2607/2607
f 2660/2660/2660 2667/2667/2667 2657/2657/2657
f 2661/2661/2661 2662/2662/2662 2655/2655/2655
f 2577/2577/2577 2583/2583/2583 2649/2649/2649
f 2573/2573/2573 2578/2578/2578 2663/2663/2663
f 2664/2664/2664 2665/2665/2665 2666/2666/2666
f 2665/2665/2665 2663/2663/2663 2666/2666/2666
f 2575/2575/2575 2573/2573/2573 2663/2663/2663
f 2575/2575/2575 2663/2663/2663 2665/2665/2665
f 2534/2534/2534 2575/2575/2575 2537/2537/2537
f 2605/2605/2605 2667/2667/2667 2575/2575/2575
f 2575/2575/2575 2665/2665/2665 2605/2605/2605
f 2661/2661/2661 2668/2668/2668 2669/2669/2669
f 2670/2670/2670 2575/2575/2575 2659/2659/2659
f 2658/2658/2658 2655/2655/2655 2662/2662/2662
f 2659/2659/2659 2658/2658/2658 2670/2670/2670
f 2667/2667/2667 2659/2659/2659 2575/2575/2575
f 2575/2575/2575 2670/2670/2670 2669/2669/2669
f 2634/2634/2634 2622/2622/2622 2610/2610/2610
f 2661/2661/2661 2671/2671/2671 2672/2672/2672
f 2622/2622/2622 2672/2672/2672 2671/2671/2671
f 2614/2614/2614 2622/2622/2622 2671/2671/2671
f 2627/2627/2627 2642/2642/2642 2674/2674/2674
f 2669/2669/2669 2668/2668/2668 2675/2675/2675
f 2668/2668/2668 2661/2661/2661 2672/2672/2672
f 2672/2672/2672 2677/2677/2677 2668/2668/2668
f 2678/2678/2678 2574/2574/2574 2676/2676/2676
f 2681/2681/2681 2673/2673/2673 2641/2641/2641
f 2680/2680/2680 2677/2677/2677 2672/2672/2672
f 2682/2682/2682 2683/2683/2683 2684/2684/2684
f 2685/2685/2685 2682/2682/2682 2684/2684/2684
f 2680/2680/2680 2642/2642/2642 2683/2683/2683
f 2683/2683/2683 2682/2682/2682 2680/2680/2680
f 2680/2680/2680 2672/2672/2672 2674/2674/2674
f 2682/2682/2682 2679/2679/2679 2675/2675/2675
f 2655/2655/2655 2671/2671/2671 2661/2661/2661
f 2636/2636/2636 2687/2687/2687 2690/2690/2690
f 2640/2640/2640 2686/2686/2686 2635/2635/2635
f 2694/2694/2694 2689/2689/2689 2695/2695/2695
f 2697/2697/2697 2692/2692/2692 2696/2696/2696
f 2688/2688/2688 2693/2693/2693 2691/2691/2691
f 2698/2698/2698 2700/2700/2700 2702/2702/2702
f 2700/2700/2700 2679/2679/2679 2702/2702/2702
f 2702/2702/2702 2682/2682/2682 2685/2685/2685
f 2701/2701/2701 2699/2699/2699 2705/2705/2705
f 2706/2706/2706 2704/2704/2704 2698/2698/2698
f 2706/2706/2706 2698/2698/2698 2639/2639/2639
f 2709/2709/2709 2703/2703/2703 2707/2707/2707
f 2706/2706/2706 2710/2710/2710 2708/2708/2708
f 2711/2711/2711 2712/2712/2712 2713/2713/2713
f 2714/2714/2714 2715/2715/2715 2716/2716/2716
f 2717/2717/2717 2718/2718/2718 2719/2719/2719
f 2720/2720/2720 2721/2721/2721 2723/2723/2723
f 2724/2724/2724 2722/2722/2722 2725/2725/2725
f 2726/2726/2726 2727/2727/2727 2728/2728/2728
f 2729/2729/2729 2730/2730/2730 2731/2731/2731
f 2732/2732/2732 2735/2735/2735 2733/2733/2733
f 2734/2734/2734 2747/2747/2747 2736/2736/2736
f 2737/2737/2737 2738/2738/2738 2739/2739/2739
f 2740/2740/2740 2738/2738/2738 2737/2737/2737
f 2739/2739/2739 2741/2741/2741 2737/2737/2737
f 2737/2737/2737 2741/2741/2741 2742/2742/2742
f 2737/2737/2737 2742/2742/2742 2740/2740/2740
f 2740/2740/2740 2732/2732/2732 2736/2736/2736
f 2743/2743/2743 2742/2742/2742 2744/2744/2744
f 2744/2744/2744 2745/2745/2745 2743/2743/2743
f 2742/2742/2742 2746/2746/2746 2732/2732/2732
f 2743/2743/2743 2745/2745/2745 2746/2746/2746
f 2746/2746/2746 2742/2742/2742 2743/2743/2743
f 2746/2746/2746 2735/2735/2735 2732/2732/2732
f 2735/2735/2735 2748/2748/2748 2733/2733/2733
f 2746/2746/2746 2748/2748/2748 2735/2735/2735
f 2749/2749/2749 2750/2750/2750 2751/2751/2751
f 2752/2752/2752 2751/2751/2751 2753/2753/2753
f 2753/2753/2753 2751/2751/2751 2750/2750/2750
f 2754/2754/2754 2755/2755/2755 2756/2756/2756
f 2757/2757/2757 2756/2756/2756 2755/2755/2755
f 2758/2758/2758 2757/2757/2757 2759/2759/2759
f 2760/2760/2760 2758/2758/2758 2759/2759/2759
f 2761/2761/2761 2760/2760/2760 2762/2762/2762
f 2762/2762/2762 2763/2763/2763 2761/2761/2761
f 2750/2750/2750 2764/2764/2764 2753/2753/2753
f 2765/2765/2765 2766/2766/2766 2767/2767/2767
f 2768/2768/2768 2765/2765/2765 2767/2767/2767
f 2769/2769/2769 2770/2770/2770 2771/2771/2771
f 2772/2772/2772 2773/2773/2773 2774/2774/2774
f 2775/2775/2775 2776/2776/2776 2777/2777/2777
f 2779/2779/2779 2908/2908/2908 2780/2780/2780
f 2781/2781/2781 2782/2782/2782 2783/2783/2783
f 2783/2783/2783 2784/2784/2784 2785/2785/2785
f 2783/2783/2783 2779/2779/2779 2778/2778/2778
f 2787/2787/2787 2912/2912/2912 2788/2788/2788
f 2780/2780/2780 2912/2912/2912 2787/2787/2787
f 2790/2790/2790 2801/2801/2801 2791/2791/2791
f 2792/2792/2792 2793/2793/2793 2781/2781/2781
f 2792/2792/2792 2781/2781/2781 2778/2778/2778
f 2787/2787/2787 2789/2789/2789 2792/2792/2792
f 2778/2778/2778 2787/2787/2787 2792/2792/2792
f 2789/2789/2789 2787/2787/2787 2786/2786/2786
f 2795/2795/2795 2797/2797/2797 2796/2796/2796
f 2786/2786/2786 2788/2788/2788 2797/2797/2797
f 2799/2799/2799 2800/2800/2800 2798/2798/2798
f 2800/2800/2800 2799/2799/2799 2801/2801/2801
f 2790/2790/2790 2786/2786/2786 2795/2795/2795
f 2795/2795/2795 2794/2794/2794 2800/2800/2800
f 2803/2803/2803 2805/2805/2805 2804/2804/2804
f 2794/2794/2794 2796/2796/2796 2803/2803/2803
f 2806/2806/2806 2807/2807/2807 2808/2808/2808
f 2809/2809/2809 2816/2816/2816 2807/2807/2807
f 2794/2794/2794 2810/2810/2810 2798/2798/2798
f 2808/2808/2808 2798/2798/2798 2810/2810/2810
f 2803/2803/2803 2806/2806/2806 2810/2810/2810
f 2794/2794/2794 2803/2803/2803 2810/2810/2810
f 2802/2802/2802 2809/2809/2809 2806/2806/2806
f 2803/2803/2803 2802/2802/2802 2806/2806/2806
f 2812/2812/2812 2814/2814/2814 2813/2813/2813
f 2802/2802/2802 2804/2804/2804 2814/2814/2814
f 2809/2809/2809 2815/2815/2815 2816/2816/2816
f 2809/2809/2809 2802/2802/2802 2812/2812/2812
f 2812/2812/2812 2811/2811/2811 2817/2817/2817
f 2820/2820/2820 2923/2923/2923 2818/2818/2818
f 2811/2811/2811 2813/2813/2813 2820/2820/2820
f 2821/2821/2821 2822/2822/2822 2823/2823/2823
f 2824/2824/2824 2825/2825/2825 2826/2826/2826
f 2817/2817/2817 2824/2824/2824 2826/2826/2826
f 2824/2824/2824 2823/2823/2823 2825/2825/2825
f 2824/2824/2824 2817/2817/2817 2811/2811/2811
f 2819/2819/2819 2823/2823/2823 2824/2824/2824
f 2811/2811/2811 2819/2819/2819 2824/2824/2824
f 2818/2818/2818 2831/2831/2831 2821/2821/2821
f 2819/2819/2819 2818/2818/2818 2823/2823/2823
f 2828/2828/2828 2830/2830/2830 2829/2829/2829
f 2818/2818/2818 2923/2923/2923 2830/2830/2830
f 2831/2831/2831 2832/2832/2832 2821/2821/2821
f 2828/2828/2828 2833/2833/2833 2831/2831/2831
f 2818/2818/2818 2828/2828/2828 2831/2831/2831
f 2827/2827/2827 2842/2842/2842 2833/2833/2833
f 2828/2828/2828 2827/2827/2827 2833/2833/2833
f 2836/2836/2836 2838/2838/2838 2837/2837/2837
f 2827/2827/2827 2829/2829/2829 2838/2838/2838
f 2839/2839/2839 2840/2840/2840 2841/2841/2841
f 2842/2842/2842 2843/2843/2843 2834/2834/2834
f 2841/2841/2841 2843/2843/2843 2842/2842/2842
f 2836/2836/2836 2839/2839/2839 2841/2841/2841
f 2827/2827/2827 2836/2836/2836 2842/2842/2842
f 2836/2836/2836 2835/2835/2835 2839/2839/2839
f 2845/2845/2845 2847/2847/2847 2846/2846/2846
f 2835/2835/2835 2837/2837/2837 2847/2847/2847
f 2850/2850/2850 2851/2851/2851 2848/2848/2848
f 2839/2839/2839 2848/2848/2848 2851/2851/2851
f 2835/2835/2835 2845/2845/2845 2848/2848/2848
f 2845/2845/2845 2844/2844/2844 2849/2849/2849
f 2844/2844/2844 2857/2857/2857 2849/2849/2849
f 2854/2854/2854 2856/2856/2856 2855/2855/2855
f 2844/2844/2844 2846/2846/2846 2856/2856/2856
f 2859/2859/2859 2939/2939/2939 2857/2857/2857
f 2844/2844/2844 2854/2854/2854 2857/2857/2857
f 2854/2854/2854 2853/2853/2853 2858/2858/2858
f 2861/2861/2861 2863/2863/2863 2862/2862/2862
f 2853/2853/2853 2855/2855/2855 2863/2863/2863
f 2864/2864/2864 2865/2865/2865 2866/2866/2866
f 2868/2868/2868 2859/2859/2859 2858/2858/2858
f 2866/2866/2866 2865/2865/2865 2868/2868/2868
f 2867/2867/2867 2858/2858/2858 2853/2853/2853
f 2861/2861/2861 2866/2866/2866 2867/2867/2867
f 2853/2853/2853 2861/2861/2861 2867/2867/2867
f 2860/2860/2860 2875/2875/2875 2864/2864/2864
f 2861/2861/2861 2860/2860/2860 2866/2866/2866
f 2870/2870/2870 2936/2936/2936 2871/2871/2871
f 2862/2862/2862 2936/2936/2936 2870/2870/2870
f 2872/2872/2872 2873/2873/2873 2874/2874/2874
f 2875/2875/2875 2876/2876/2876 2864/2864/2864
f 2874/2874/2874 2873/2873/2873 2876/2876/2876
f 2870/2870/2870 2874/2874/2874 2875/2875/2875
f 2860/2860/2860 2870/2870/2870 2875/2875/2875
f 2869/2869/2869 2881/2881/2881 2874/2874/2874
f 2870/2870/2870 2869/2869/2869 2874/2874/2874
f 2878/2878/2878 2880/2880/2880 2879/2879/2879
f 2869/2869/2869 2871/2871/2871 2880/2880/2880
f 2881/2881/2881 2882/2882/2882 2872/2872/2872
f 2878/2878/2878 2883/2883/2883 2881/2881/2881
f 2869/2869/2869 2878/2878/2878 2881/2881/2881
f 2877/2877/2877 2890/2890/2890 2883/2883/2883
f 2878/2878/2878 2877/2877/2877 2883/2883/2883
f 2886/2886/2886 2888/2888/2888 2887/2887/2887
f 2877/2877/2877 2879/2879/2879 2888/2888/2888
f 2889/2889/2889 2884/2884/2884 2890/2890/2890
f 2891/2891/2891 2952/2952/2952 2889/2889/2889
f 2886/2886/2886 2891/2891/2891 2890/2890/2890
f 2877/2877/2877 2886/2886/2886 2890/2890/2890
f 2885/2885/2885 2896/2896/2896 2892/2892/2892
f 2886/2886/2886 2885/2885/2885 2891/2891/2891
f 2895/2895/2895 2945/2945/2945 2893/2893/2893
f 2887/2887/2887 2895/2895/2895 2894/2894/2894
f 2896/2896/2896 2897/2897/2897 2892/2892/2892
f 2898/2898/2898 2897/2897/2897 2896/2896/2896
f 2894/2894/2894 2899/2899/2899 2898/2898/2898
f 2885/2885/2885 2894/2894/2894 2896/2896/2896
f 2894/2894/2894 2893/2893/2893 2899/2899/2899
f 2893/2893/2893 2945/2945/2945 2901/2901/2901
f 2899/2899/2899 2902/2902/2902 2903/2903/2903
f 2893/2893/2893 2900/2900/2900 2902/2902/2902
f 2900/2900/2900 2949/2949/2949 2902/2902/2902
f 2905/2905/2905 2906/2906/2906 2907/2907/2907
f 2908/2908/2908 2905/2905/2905 2907/2907/2907
f 2909/2909/2909 2908/2908/2908 2907/2907/2907
f 2909/2909/2909 2780/2780/2780 2908/2908/2908
f 2779/2779/2779 2783/2783/2783 2785/2785/2785
f 2906/2906/2906 2905/2905/2905 2910/2910/2910
f 2779/2779/2779 2910/2910/2910 2905/2905/2905
f 2911/2911/2911 2910/2910/2910 2785/2785/2785
f 2905/2905/2905 2908/2908/2908 2779/2779/2779
f 2914/2914/2914 2788/2788/2788 2912/2912/2912
f 2797/2797/2797 2915/2915/2915 2916/2916/2916
f 2915/2915/2915 2797/2797/2797 2788/2788/2788
f 2780/2780/2780 2909/2909/2909 2913/2913/2913
f 2805/2805/2805 2917/2917/2917 2918/2918/2918
f 2796/2796/2796 2916/2916/2916 2917/2917/2917
f 2916/2916/2916 2796/2796/2796 2797/2797/2797
f 2911/2911/2911 2785/2785/2785 2784/2784/2784
f 2919/2919/2919 2814/2814/2814 2804/2804/2804
f 2921/2921/2921 2820/2820/2820 2813/2813/2813
f 2920/2920/2920 2813/2813/2813 2814/2814/2814
f 2918/2918/2918 2804/2804/2804 2805/2805/2805
f 2922/2922/2922 2923/2923/2923 2820/2820/2820
f 2924/2924/2924 2830/2830/2830 2923/2923/2923
f 2925/2925/2925 2829/2829/2829 2830/2830/2830
f 2926/2926/2926 2838/2838/2838 2829/2829/2829
f 2927/2927/2927 2837/2837/2837 2838/2838/2838
f 2817/2817/2817 2826/2826/2826 2928/2928/2928
f 2783/2783/2783 2782/2782/2782 2784/2784/2784
f 2791/2791/2791 2793/2793/2793 2789/2789/2789
f 2815/2815/2815 2928/2928/2928 2816/2816/2816
f 2837/2837/2837 2927/2927/2927 2929/2929/2929
f 2930/2930/2930 2846/2846/2846 2847/2847/2847
f 2931/2931/2931 2856/2856/2856 2846/2846/2846
f 2933/2933/2933 2863/2863/2863 2855/2855/2855
f 2862/2862/2862 2863/2863/2863 2934/2934/2934
f 2936/2936/2936 2862/2862/2862 2935/2935/2935
f 2863/2863/2863 2933/2933/2933 2934/2934/2934
f 2856/2856/2856 2931/2931/2931 2932/2932/2932
f 2937/2937/2937 2871/2871/2871 2936/2936/2936
f 2938/2938/2938 2880/2880/2880 2871/2871/2871
f 2852/2852/2852 2857/2857/2857 2939/2939/2939
f 2880/2880/2880 2938/2938/2938 2940/2940/2940
f 2942/2942/2942 2887/2887/2887 2888/2888/2888
f 2879/2879/2879 2880/2880/2880 2940/2940/2940
f 2888/2888/2888 2879/2879/2879 2941/2941/2941
f 2887/2887/2887 2942/2942/2942 2943/2943/2943
f 2944/2944/2944 2945/2945/2945 2895/2895/2895
f 2945/2945/2945 2944/2944/2944 2946/2946/2946
f 2947/2947/2947 2901/2901/2901 2946/2946/2946
f 2947/2947/2947 2948/2948/2948 2901/2901/2901
f 2948/2948/2948 2950/2950/2950 2949/2949/2949
f 2900/2900/2900 2901/2901/2901 2948/2948/2948
f 2950/2950/2950 2951/2951/2951 2949/2949/2949
f 2891/2891/2891 2892/2892/2892 2952/2952/2952
f 2898/2898/2898 2899/2899/2899 2903/2903/2903
f 2876/2876/2876 2865/2865/2865 2864/2864/2864
f 2872/2872/2872 2882/2882/2882 2873/2873/2873
f 2898/2898/2898 2903/2903/2903 2897/2897/2897
f 2955/2955/2955 2959/2959/2959 2963/2963/2963
f 2968/2968/2968 2963/2963/2963 2972/2972/2972
f 2971/2971/2971 2973/2973/2973 2967/2967/2967
f 2977/2977/2977 2999/2999/2999 2959/2959/2959
f 2979/2979/2979 2981/2981/2981 2960/2960/2960
f 2983/2983/2983 2963/2963/2963 2985/2985/2985
f 2978/2978/2978 2959/2959/2959 2976/2976/2976
f 2980/2980/2980 2986/2986/2986 2959/2959/2959
f 2986/2986/2986 2988/2988/2988 2959/2959/2959
f 2959/2959/2959 2988/2988/2988 2963/2963/2963
f 2990/2990/2990 2966/2966/2966 2987/2987/2987
f 2992/2992/2992 2963/2963/2963 2989/2989/2989
f 2964/2964/2964 2991/2991/2991 2994/2994/2994
f 2993/2993/2993 2995/2995/2995 2963/2963/2963
f 2997/2997/2997 2976/2976/2976 2999/2999/2999
f 2962/2962/2962 2996/2996/2996 2969/2969/2969
f 3001/3001/3001 2955/2955/2955 2963/2963/2963
f 2955/2955/2955 3002/3002/3002 3003/3003/3003
f 3002/3002/3002 2955/2955/2955 3001/3001/3001
f 3005/3005/3005 2957/2957/2957 3007/3007/3007
f 3009/3009/3009 3010/3010/3010 2958/2958/2958
f 3009/3009/3009 2958/2958/2958 3006/3006/3006
f 2956/2956/2956 3004/3004/3004 3012/3012/3012
f 2953/2953/2953 3011/3011/3011 3013/3013/3013
f 2954/2954/2954 3015/3015/3015 3008/3008/3008
f 2955/2955/2955 3014/3014/3014 3016/3016/3016
f 2965/2965/2965 2982/2982/2982 3000/3000/3000
f 2967/2967/2967 3017/3017/3017 2984/2984/2984
f 3018/3018/3018 3019/3019/3019 3020/3020/3020
f 3021/3021/3021 3018/3018/3018 3022/3022/3022
f 3021/3021/3021 3022/3022/3022 3023/3023/3023
f 3020/3020/3020 3019/3019/3019 3024/3024/3024
f 3025/3025/3025 3021/3021/3021 3023/3023/3023
f 3021/3021/3021 3019/3019/3019 3018/3018/3018
f 3028/3028/3028 3029/3029/3029 3027/3027/3027
f 3029/3029/3029 3028/3028/3028 3030/3030/3030
f 3026/3026/3026 3031/3031/3031 3027/3027/3027
f 3030/3030/3030 3032/3032/3032 3029/3029/3029
f 3033/3033/3033 3031/3031/3031 3026/3026/3026
f 3034/3034/3034 3035/3035/3035 3036/3036/3036
f 3037/3037/3037 3038/3038/3038 3039/3039/3039
f 3038/3038/3038 3037/3037/3037 3035/3035/3035
f 3038/3038/3038 3035/3035/3035 3034/3034/3034
f 3040/3040/3040 3041/3041/3041 3042/3042/3042
f 3041/3041/3041 3040/3040/3040 3043/3043/3043
f 3044/3044/3044 3041/3041/3041 3036/3036/3036
f 3044/3044/3044 3036/3036/3036 3035/3035/3035
f 3041/3041/3041 3044/3044/3044 3042/3042/3042
f 3045/3045/3045 3046/3046/3046 3049/3049/3049
f 3050/3050/3050 3047/3047/3047 3045/3045/3045
f 3051/3051/3051 3048/3048/3048 3053/3053/3053
f 3049/3049/3049 3047/3047/3047 3052/3052/3052
f 3054/3054/3054 3055/3055/3055 3056/3056/3056
f 3057/3057/3057 3058/3058/3058 3054/3054/3054
f 3059/3059/3059 3060/3060/3060 3061/3061/3061
f 3059/3059/3059 3062/3062/3062 3060/3060/3060
f 3062/3062/3062 3063/3063/3063 3064/3064/3064
f 3065/3065/3065 3066/3066/3066 3067/3067/3067
f 3067/3067/3067 3066/3066/3066 3068/3068/3068
f 3069/3069/3069 3068/3068/3068 3066/3066/3066
f 3069/3069/3069 3070/3070/3070 3068/3068/3068
f 3069/3069/3069 3071/3071/3071 3070/3070/3070
f 3072/3072/3072 3073/3073/3073 3074/3074/3074
f 3073/3073/3073 3072/3072/3072 3075/3075/3075
f 3076/3076/3076 3077/3077/3077 3078/3078/3078
f 3079/3079/3079 3099/3099/3099 3076/3076/3076
f 3077/3077/3077 3072/3072/3072 3074/3074/3074
f 3081/3081/3081 3083/3083/3083 3082/3082/3082
f 3083/3083/3083 3081/3081/3081 3084/3084/3084
f 3080/3080/3080 3085/3085/3085 3081/3081/3081
f 3085/3085/3085 3079/3079/3079 3076/3076/3076
f 3086/3086/3086 3087/3087/3087 3088/3088/3088
f 3089/3089/3089 3087/3087/3087 3086/3086/3086
f 3088/3088/3088 3087/3087/3087 3083/3083/3083
f 3091/3091/3091 3092/3092/3092 3093/3093/3093
f 3095/3095/3095 3096/3096/3096 3094/3094/3094
f 3089/3089/3089 3096/3096/3096 3095/3095/3095
f 3097/3097/3097 3072/3072/3072 3098/3098/3098
f 3075/3075/3075 3072/3072/3072 3097/3097/3097
f 3077/3077/3077 3099/3099/3099 3100/3100/3100
f 3072/3072/3072 3100/3100/3100 3098/3098/3098
f 3077/3077/3077 3100/3100/3100 3072/3072/3072
f 3101/3101/3101 3085/3085/3085 3080/3080/3080
f 3085/3085/3085 3101/3101/3101 3079/3079/3079
f 3079/3079/3079 3101/3101/3101 3099/3099/3099
f 3102/3102/3102 3103/3103/3103 3089/3089/3089
f 3089/3089/3089 3103/3103/3103 3087/3087/3087
f 3087/3087/3087 3103/3103/3103 3090/3090/3090
f 3083/3083/3083 3090/3090/3090 3082/3082/3082
f 3092/3092/3092 3091/3091/3091 3104/3104/3104
f 3104/3104/3104 3095/3095/3095 3092/3092/3092
f 3095/3095/3095 3104/3104/3104 3102/3102/3102
f 3105/3105/3105 3106/3106/3106 3073/3073/3073
f 3106/3106/3106 3105/3105/3105 3107/3107/3107
f 3108/3108/3108 3105/3105/3105 3075/3075/3075
f 3105/3105/3105 3073/3073/3073 3075/3075/3075
f 3086/3086/3086 3096/3096/3096 3089/3089/3089
f 3109/3109/3109 3110/3110/3110 3093/3093/3093
f 3111/3111/3111 3112/3112/3112 3113/3113/3113
f 3114/3114/3114 3115/3115/3115 3111/3111/3111
f 3116/3116/3116 3114/3114/3114 3117/3117/3117
f 3115/3115/3115 3112/3112/3112 3111/3111/3111
f 3114/3114/3114 3116/3116/3116 3115/3115/3115
f 3116/3116/3116 3118/3118/3118 3119/3119/3119
f 3118/3118/3118 3116/3116/3116 3117/3117/3117
f 3119/3119/3119 3118/3118/3118 3120/3120/3120
f 3120/3120/3120 3121/3121/3121 3122/3122/3122
f 3118/3118/3118 3121/3121/3121 3120/3120/3120
f 3122/3122/3122 3121/3121/3121 3123/3123/3123
f 3124/3124/3124 3122/3122/3122 3123/3123/3123
f 3125/3125/3125 3124/3124/3124 3123/3123/3123
f 3126/3126/3126 3127/3127/3127 3128/3128/3128
f 3129/3129/3129 3128/3128/3128 3127/3127/3127
f 3129/3129/3129 3130/3130/3130 3128/3128/3128
f 3131/3131/3131 3128/3128/3128 3130/3130/3130
f 3132/3132/3132 3133/3133/3133 3134/3134/3134
f 3135/3135/3135 3132/3132/3132 3134/3134/3134
f 3135/3135/3135 3136/3136/3136 3132/3132/3132
f 3135/3135/3135 3137/3137/3137 3136/3136/3136
f 3138/3138/3138 3139/3139/3139 3140/3140/3140
f 3138/3138/3138 3141/3141/3141 3139/3139/3139
f 3142/3142/3142 3143/3143/3143 3141/3141/3141
f 3144/3144/3144 3145/3145/3145 3143/3143/3143
f 3144/3144/3144 3146/3146/3146 3145/3145/3145
f 3147/3147/3147 3148/3148/3148 3146/3146/3146
f 3149/3149/3149 3150/3150/3150 3147/3147/3147
f 3151/3151/3151 3152/3152/3152 3150/3150/3150
f 3153/3153/3153 3154/3154/3154 3151/3151/3151
f 3153/3153/3153 3155/3155/3155 3154/3154/3154
f 3140/3140/3140 3156/3156/3156 3157/3157/3157
f 3157/3157/3157 3156/3156/3156 3158/3158/3158
f 3159/3159/3159 3157/3157/3157 3158/3158/3158
f 3157/3157/3157 3159/3159/3159 3138/3138/3138
f 3160/3160/3160 3138/3138/3138 3159/3159/3159
f 3161/3161/3161 3142/3142/3142 3138/3138/3138
f 3142/3142/3142 3161/3161/3161 3162/3162/3162
f 3138/3138/3138 3160/3160/3160 3161/3161/3161
f 3163/3163/3163 3144/3144/3144 3142/3142/3142
f 3142/3142/3142 3162/3162/3162 3163/3163/3163
f 3164/3164/3164 3147/3147/3147 3144/3144/3144
f 3165/3165/3165 3149/3149/3149 3147/3147/3147
f 3164/3164/3164 3165/3165/3165 3147/3147/3147
f 3144/3144/3144 3163/3163/3163 3164/3164/3164
f 3166/3166/3166 3153/3153/3153 3151/3151/3151
f 3155/3155/3155 3153/3153/3153 3167/3167/3167
f 3167/3167/3167 3168/3168/3168 3155/3155/3155
f 3169/3169/3169 3170/3170/3170 3171/3171/3171
f 3169/3169/3169 3171/3171/3171 3172/3172/3172
f 3173/3173/3173 3174/3174/3174 3172/3172/3172
f 3175/3175/3175 3176/3176/3176 3177/3177/3177
f 3178/3178/3178 3179/3179/3179 3175/3175/3175
f 3180/3180/3180 3181/3181/3181 3178/3178/3178
f 3182/3182/3182 3183/3183/3183 3180/3180/3180
f 3184/3184/3184 3185/3185/3185 3182/3182/3182
f 3186/3186/3186 3187/3187/3187 3184/3184/3184
f 3188/3188/3188 3186/3186/3186 3189/3189/3189
f 3171/3171/3171 3170/3170/3170 3190/3190/3190
f 3191/3191/3191 3192/3192/3192 3193/3193/3193
f 3194/3194/3194 3195/3195/3195 3196/3196/3196
f 3197/3197/3197 3196/3196/3196 3198/3198/3198
f 3199/3199/3199 3194/3194/3194 3196/3196/3196
f 3196/3196/3196 3200/3200/3200 3199/3199/3199
f 3196/3196/3196 3197/3197/3197 3200/3200/3200
f 3200/3200/3200 3197/3197/3197 3201/3201/3201
f 3202/3202/3202 3203/3203/3203 3193/3193/3193
f 3198/3198/3198 3204/3204/3204 3197/3197/3197
f 3198/3198/3198 3195/3195/3195 3191/3191/3191
f 3206/3206/3206 3207/3207/3207 3208/3208/3208
f 3209/3209/3209 3210/3210/3210 3207/3207/3207
f 3209/3209/3209 3211/3211/3211 3210/3210/3210
f 3212/3212/3212 3210/3210/3210 3211/3211/3211
f 3208/3208/3208 3213/3213/3213 3214/3214/3214
f 3207/3207/3207 3215/3215/3215 3213/3213/3213
f 3207/3207/3207 3216/3216/3216 3215/3215/3215
f 3208/3208/3208 3207/3207/3207 3213/3213/3213
f 3210/3210/3210 3216/3216/3216 3207/3207/3207
f 3216/3216/3216 3210/3210/3210 3217/3217/3217
f 3218/3218/3218 3217/3217/3217 3219/3219/3219
f 3210/3210/3210 3212/3212/3212 3219/3219/3219
f 3221/3221/3221 3224/3224/3224 3226/3226/3226
f 3226/3226/3226 3224/3224/3224 3227/3227/3227
f 3228/3228/3228 3222/3222/3222 3225/3225/3225
f 3229/3229/3229 3230/3230/3230 3233/3233/3233
f 3222/3222/3222 3234/3234/3234 3231/3231/3231
f 3223/3223/3223 3220/3220/3220 3232/3232/3232
f 3235/3235/3235 3236/3236/3236 3237/3237/3237
f 3238/3238/3238 3239/3239/3239 3237/3237/3237
f 3235/3235/3235 3237/3237/3237 3239/3239/3239
f 3240/3240/3240 3241/3241/3241 3242/3242/3242
f 3241/3241/3241 3240/3240/3240 3243/3243/3243
f 3244/3244/3244 3243/3243/3243 3240/3240/3240
f 3245/3245/3245 3246/3246/3246 3247/3247/3247
f 3248/3248/3248 3249/3249/3249 3247/3247/3247
f 3250/3250/3250 3251/3251/3251 3247/3247/3247
f 3248/3248/3248 3247/3247/3247 3246/3246/3246
f 3252/3252/3252 3253/3253/3253 3254/3254/3254
f 3255/3255/3255 3261/3261/3261 3256/3256/3256
f 3257/3257/3257 3258/3258/3258 3252/3252/3252
f 3259/3259/3259 3260/3260/3260 3258/3258/3258
f 3261/3261/3261 3262/3262/3262 3256/3256/3256
f 3263/3263/3263 3268/3268/3268 3262/3262/3262
f 3264/3264/3264 3261/3261/3261 3255/3255/3255
f 3264/3264/3264 3255/3255/3255 3253/3253/3253
f 3267/3267/3267 3270/3270/3270 3266/3266/3266
f 3266/3266/3266 3268/3268/3268 3263/3263/3263
f 3265/3265/3265 3254/3254/3254 3268/3268/3268
f 3269/3269/3269 3270/3270/3270 3267/3267/3267
f 3265/3265/3265 3270/3270/3270 3252/3252/3252
f 3268/3268/3268 3266/3266/3266 3265/3265/3265
f 3254/3254/3254 3253/3253/3253 3255/3255/3255
f 3253/3253/3253 3271/3271/3271 3264/3264/3264
f 3272/3272/3272 3273/3273/3273 3271/3271/3271
f 3272/3272/3272 3258/3258/3258 3260/3260/3260
f 3274/3274/3274 3273/3273/3273 3260/3260/3260
f 3253/3253/3253 3258/3258/3258 3272/3272/3272
f 3260/3260/3260 3259/3259/3259 3275/3275/3275
f 3270/3270/3270 3276/3276/3276 3252/3252/3252
f 3257/3257/3257 3252/3252/3252 3276/3276/3276
f 3277/3277/3277 3278/3278/3278 3276/3276/3276
f 3257/3257/3257 3259/3259/3259 3258/3258/3258
f 3278/3278/3278 3275/3275/3275 3259/3259/3259
f 3277/3277/3277 3276/3276/3276 3279/3279/3279
f 3257/3257/3257 3278/3278/3278 3259/3259/3259
f 3272/3272/3272 3271/3271/3271 3253/3253/3253
f 3280/3280/3280 3281/3281/3281 3282/3282/3282
f 3283/3283/3283 3284/3284/3284 3285/3285/3285
f 3286/3286/3286 3287/3287/3287 3284/3284/3284
f 3288/3288/3288 3289/3289/3289 3287/3287/3287
f 3290/3290/3290 3291/3291/3291 3289/3289/3289
f 3290/3290/3290 3292/3292/3292 3291/3291/3291
f 3293/3293/3293 3294/3294/3294 3292/3292/3292
f 3295/3295/3295 3296/3296/3296 3294/3294/3294
f 3297/3297/3297 3298/3298/3298 3296/3296/3296
f 3297/3297/3297 3299/3299/3299 3298/3298/3298
f 3300/3300/3300 3301/3301/3301 3302/3302/3302
f 3303/3303/3303 3304/3304/3304 3302/3302/3302
f 3305/3305/3305 3306/3306/3306 3307/3307/3307
f 3307/3307/3307 3306/3306/3306 3308/3308/3308
f 3306/3306/3306 3305/3305/3305 3309/3309/3309
f 3310/3310/3310 3318/3318/3318 3311/3311/3311
f 3314/3314/3314 3322/3322/3322 3315/3315/3315
f 3312/3312/3312 3311/3311/3311 3316/3316/3316
f 3319/3319/3319 3321/3321/3321 3315/3315/3315
f 3319/3319/3319 3320/3320/3320 3321/3321/3321
f 3322/3322/3322 3314/3314/3314 3310/3310/3310
f 3323/3323/3323 3325/3325/3325 3326/3326/3326
f 3323/3323/3323 3328/3328/3328 3325/3325/3325
f 3330/3330/3330 3331/3331/3331 3329/3329/3329
f 3329/3329/3329 3324/3324/3324 3330/3330/3330
f 3332/3332/3332 3324/3324/3324 3327/3327/3327
f 3334/3334/3334 3336/3336/3336 3337/3337/3337
f 3336/3336/3336 3338/3338/3338 3340/3340/3340
f 3339/3339/3339 3335/3335/3335 3341/3341/3341
f 3341/3341/3341 3335/3335/3335 3333/3333/3333
f 3342/3342/3342 3352/3352/3352 3343/3343/3343
f 3345/3345/3345 3351/3351/3351 3344/3344/3344
f 3348/3348/3348 3349/3349/3349 3346/3346/3346
f 3350/3350/3350 3353/3353/3353 3349/3349/3349
f 3353/3353/3353 3350/3350/3350 3352/3352/3352
f 3354/3354/3354 3347/3347/3347 3346/3346/3346
f 3355/3355/3355 3351/3351/3351 3345/3345/3345
f 3357/3357/3357 3358/3358/3358 3359/3359/3359
f 3360/3360/3360 3361/3361/3361 3362/3362/3362
f 3363/3363/3363 3364/3364/3364 3365/3365/3365
f 3366/3366/3366 3367/3367/3367 3368/3368/3368
f 3369/3369/3369 3366/3366/3366 3370/3370/3370
f 3371/3371/3371 3369/3369/3369 3372/3372/3372
f 3373/3373/3373 3374/3374/3374 3375/3375/3375
f 3376/3376/3376 3377/3377/3377 3378/3378/3378
f 3376/3376/3376 3378/3378/3378 3379/3379/3379
f 3380/3380/3380 3376/3376/3376 3379/3379/3379
f 3381/3381/3381 3380/3380/3380 3382/3382/3382
f 3383/3383/3383 3381/3381/3381 3384/3384/3384
f 3385/3385/3385 3386/3386/3386 3387/3387/3387
f 3388/3388/3388 3385/3385/3385 3389/3389/3389
f 3390/3390/3390 3388/3388/3388 3391/3391/3391
f 3392/3392/3392 3390/3390/3390 3393/3393/3393
f 3394/3394/3394 3395/3395/3395 3396/3396/3396
f 3397/3397/3397 3398/3398/3398 3399/3399/3399
f 3400/3400/3400 3397/3397/3397 3401/3401/3401
f 3402/3402/3402 3400/3400/3400 3403/3403/3403
f 3404/3404/3404 3405/3405/3405 3406/3406/3406
f 3407/3407/3407 3408/3408/3408 3409/3409/3409
f 3366/3366/3366 3369/3369/3369 3410/3410/3410
f 3367/3367/3367 3366/3366/3366 3411/3411/3411
f 3410/3410/3410 3369/3369/3369 3371/3371/3371
f 3371/3371/3371 3374/3374/3374 3412/3412/3412
f 3373/3373/3373 3418/3418/3418 3374/3374/3374
f 3373/3373/3373 3377/3377/3377 3413/3413/3413
f 3377/3377/3377 3376/3376/3376 3413/3413/3413
f 3376/3376/3376 3380/3380/3380 3414/3414/3414
f 3380/3380/3380 3381/3381/3381 3415/3415/3415
f 3381/3381/3381 3383/3383/3383 3416/3416/3416
f 3383/3383/3383 3386/3386/3386 3417/3417/3417
f 3376/3376/3376 3414/3414/3414 3413/3413/3413
f 3386/3386/3386 3385/3385/3385 3419/3419/3419
f 3419/3419/3419 3385/3385/3385 3420/3420/3420
f 3385/3385/3385 3388/3388/3388 3421/3421/3421
f 3388/3388/3388 3390/3390/3390 3422/3422/3422
f 3385/3385/3385 3421/3421/3421 3420/3420/3420
f 3388/3388/3388 3423/3423/3423 3421/3421/3421
f 3390/3390/3390 3392/3392/3392 3424/3424/3424
f 3394/3394/3394 3425/3425/3425 3426/3426/3426
f 3425/3425/3425 3427/3427/3427 3428/3428/3428
f 3398/3398/3398 3397/3397/3397 3429/3429/3429
f 3397/3397/3397 3400/3400/3400 3430/3430/3430
f 3427/3427/3427 3398/3398/3398 3431/3431/3431
f 3432/3432/3432 3400/3400/3400 3433/3433/3433
f 3395/3395/3395 3394/3394/3394 3434/3434/3434
f 3435/3435/3435 3436/3436/3436 3390/3390/3390
f 3437/3437/3437 3424/3424/3424 3392/3392/3392
f 3438/3438/3438 3435/3435/3435 3390/3390/3390
f 3395/3395/3395 3439/3439/3439 3392/3392/3392
f 3425/3425/3425 3440/3440/3440 3441/3441/3441
f 3400/3400/3400 3432/3432/3432 3442/3442/3442
f 3443/3443/3443 3444/3444/3444 3445/3445/3445
f 3446/3446/3446 3443/3443/3443 3447/3447/3447
f 3448/3448/3448 3449/3449/3449 3450/3450/3450
f 3443/3443/3443 3445/3445/3445 3451/3451/3451
f 3452/3452/3452 3453/3453/3453 3454/3454/3454
f 3455/3455/3455 3456/3456/3456 3457/3457/3457
f 3448/3448/3448 3458/3458/3458 3459/3459/3459
f 3452/3452/3452 3459/3459/3459 3453/3453/3453
f 3406/3406/3406 3455/3455/3455 3457/3457/3457
f 3433/3433/3433 3400/3400/3400 3402/3402/3402
f 3406/3406/3406 3460/3460/3460 3461/3461/3461
f 3462/3462/3462 3463/3463/3463 3464/3464/3464
f 3462/3462/3462 3464/3464/3464 3465/3465/3465
f 3466/3466/3466 3467/3467/3467 3468/3468/3468
f 3469/3469/3469 3463/3463/3463 3462/3462/3462
f 3470/3470/3470 3471/3471/3471 3467/3467/3467
f 3409/3409/3409 3472/3472/3472 3473/3473/3473
f 3409/3409/3409 3474/3474/3474 3472/3472/3472
f 3407/3407/3407 3409/3409/3409 3475/3475/3475
f 3473/3473/3473 3475/3475/3475 3409/3409/3409
f 3451/3451/3451 3447/3447/3447 3443/3443/3443
f 3448/3448/3448 3459/3459/3459 3476/3476/3476
f 3449/3449/3449 3448/3448/3448 3476/3476/3476
f 3459/3459/3459 3452/3452/3452 3477/3477/3477
f 3452/3452/3452 3455/3455/3455 3478/3478/3478
f 3455/3455/3455 3406/3406/3406 3478/3478/3478
f 3445/3445/3445 3449/3449/3449 3479/3479/3479
f 3480/3480/3480 3451/3451/3451 3445/3445/3445
f 3452/3452/3452 3478/3478/3478 3481/3481/3481
f 3406/3406/3406 3482/3482/3482 3478/3478/3478
f 3406/3406/3406 3405/3405/3405 3482/3482/3482
f 3405/3405/3405 3404/3404/3404 3483/3483/3483
f 3469/3469/3469 3484/3484/3484 3483/3483/3483
f 3485/3485/3485 3469/3469/3469 3462/3462/3462
f 3486/3486/3486 3470/3470/3470 3487/3487/3487
f 3470/3470/3470 3488/3488/3488 3487/3487/3487
f 3488/3488/3488 3466/3466/3466 3489/3489/3489
f 3485/3485/3485 3484/3484/3484 3469/3469/3469
f 3466/3466/3466 3408/3408/3408 3490/3490/3490
f 3408/3408/3408 3407/3407/3407 3491/3491/3491
f 3488/3488/3488 3489/3489/3489 3492/3492/3492
f 3466/3466/3466 3490/3490/3490 3489/3489/3489
f 3408/3408/3408 3493/3493/3493 3490/3490/3490
f 3407/3407/3407 3494/3494/3494 3491/3491/3491
f 3407/3407/3407 3495/3495/3495 3494/3494/3494
f 3495/3495/3495 3407/3407/3407 3475/3475/3475
f 3497/3497/3497 3499/3499/3499 3496/3496/3496
f 3501/3501/3501 3502/3502/3502 3499/3499/3499
f 3497/3497/3497 3496/3496/3496 3503/3503/3503
f 3504/3504/3504 3497/3497/3497 3503/3503/3503
f 3504/3504/3504 3505/3505/3505 3506/3506/3506
f 3506/3506/3506 3500/3500/3500 3504/3504/3504
f 3506/3506/3506 3507/3507/3507 3500/3500/3500
f 3507/3507/3507 3508/3508/3508 3500/3500/3500
f 3509/3509/3509 3501/3501/3501 3508/3508/3508
f 3508/3508/3508 3510/3510/3510 3509/3509/3509
f 3501/3501/3501 3509/3509/3509 3511/3511/3511
f 3512/3512/3512 3722/3722/3722 3514/3514/3514
f 3506/3506/3506 3505/3505/3505 3512/3512/3512
f 3514/3514/3514 3515/3515/3515 3512/3512/3512
f 3515/3515/3515 3507/3507/3507 3506/3506/3506
f 3516/3516/3516 3508/3508/3508 3507/3507/3507
f 3508/3508/3508 3516/3516/3516 3517/3517/3517
f 3508/3508/3508 3517/3517/3517 3518/3518/3518
f 3516/3516/3516 3519/3519/3519 3517/3517/3517
f 3514/3514/3514 3513/3513/3513 3520/3520/3520
f 3521/3521/3521 3514/3514/3514 3520/3520/3520
f 3522/3522/3522 3523/3523/3523 3514/3514/3514
f 3523/3523/3523 3516/3516/3516 3515/3515/3515
f 3516/3516/3516 3523/3523/3523 3524/3524/3524
f 3525/3525/3525 3519/3519/3519 3516/3516/3516
f 3516/3516/3516 3524/3524/3524 3525/3525/3525
f 3523/3523/3523 3526/3526/3526 3525/3525/3525
f 3524/3524/3524 3523/3523/3523 3525/3525/3525
f 3527/3527/3527 3528/3528/3528 3529/3529/3529
f 3529/3529/3529 3521/3521/3521 3527/3527/3527
f 3530/3530/3530 3531/3531/3531 3521/3521/3521
f 3531/3531/3531 3523/3523/3523 3522/3522/3522
f 3523/3523/3523 3531/3531/3531 3532/3532/3532
f 3523/3523/3523 3532/3532/3532 3526/3526/3526
f 3533/3533/3533 3534/3534/3534 3535/3535/3535
f 3528/3528/3528 3728/3728/3728 3529/3529/3529
f 3535/3535/3535 3529/3529/3529 3533/3533/3533
f 3536/3536/3536 3537/3537/3537 3529/3529/3529
f 3537/3537/3537 3531/3531/3531 3530/3530/3530
f 3537/3537/3537 3538/3538/3538 3539/3539/3539
f 3531/3531/3531 3537/3537/3537 3539/3539/3539
f 3540/3540/3540 3541/3541/3541 3542/3542/3542
f 3534/3534/3534 3729/3729/3729 3535/3535/3535
f 3542/3542/3542 3535/3535/3535 3540/3540/3540
f 3543/3543/3543 3544/3544/3544 3535/3535/3535
f 3544/3544/3544 3537/3537/3537 3536/3536/3536
f 3545/3545/3545 3538/3538/3538 3537/3537/3537
f 3544/3544/3544 3546/3546/3546 3545/3545/3545
f 3537/3537/3537 3544/3544/3544 3545/3545/3545
f 3547/3547/3547 3548/3548/3548 3549/3549/3549
f 3541/3541/3541 3732/3732/3732 3542/3542/3542
f 3549/3549/3549 3542/3542/3542 3547/3547/3547
f 3550/3550/3550 3551/3551/3551 3542/3542/3542
f 3551/3551/3551 3544/3544/3544 3543/3543/3543
f 3552/3552/3552 3546/3546/3546 3544/3544/3544
f 3551/3551/3551 3553/3553/3553 3552/3552/3552
f 3544/3544/3544 3551/3551/3551 3552/3552/3552
f 3554/3554/3554 3555/3555/3555 3556/3556/3556
f 3549/3549/3549 3548/3548/3548 3554/3554/3554
f 3556/3556/3556 3549/3549/3549 3554/3554/3554
f 3557/3557/3557 3558/3558/3558 3549/3549/3549
f 3558/3558/3558 3551/3551/3551 3550/3550/3550
f 3559/3559/3559 3553/3553/3553 3551/3551/3551
f 3558/3558/3558 3560/3560/3560 3559/3559/3559
f 3551/3551/3551 3558/3558/3558 3559/3559/3559
f 3561/3561/3561 3562/3562/3562 3563/3563/3563
f 3556/3556/3556 3555/3555/3555 3561/3561/3561
f 3563/3563/3563 3556/3556/3556 3561/3561/3561
f 3564/3564/3564 3565/3565/3565 3556/3556/3556
f 3565/3565/3565 3558/3558/3558 3557/3557/3557
f 3566/3566/3566 3753/3753/3753 3558/3558/3558
f 3565/3565/3565 3567/3567/3567 3566/3566/3566
f 3558/3558/3558 3565/3565/3565 3566/3566/3566
f 3568/3568/3568 3562/3562/3562 3569/3569/3569
f 3563/3563/3563 3562/3562/3562 3568/3568/3568
f 3570/3570/3570 3563/3563/3563 3568/3568/3568
f 3571/3571/3571 3572/3572/3572 3563/3563/3563
f 3572/3572/3572 3565/3565/3565 3564/3564/3564
f 3573/3573/3573 3567/3567/3567 3565/3565/3565
f 3572/3572/3572 3574/3574/3574 3573/3573/3573
f 3565/3565/3565 3572/3572/3572 3573/3573/3573
f 3574/3574/3574 3575/3575/3575 3573/3573/3573
f 3576/3576/3576 3737/3737/3737 3578/3578/3578
f 3578/3578/3578 3570/3570/3570 3576/3576/3576
f 3579/3579/3579 3580/3580/3580 3570/3570/3570
f 3580/3580/3580 3572/3572/3572 3571/3571/3571
f 3581/3581/3581 3574/3574/3574 3572/3572/3572
f 3580/3580/3580 3582/3582/3582 3581/3581/3581
f 3572/3572/3572 3580/3580/3580 3581/3581/3581
f 3583/3583/3583 3739/3739/3739 3585/3585/3585
f 3578/3578/3578 3577/3577/3577 3583/3583/3583
f 3585/3585/3585 3578/3578/3578 3583/3583/3583
f 3586/3586/3586 3595/3595/3595 3578/3578/3578
f 3587/3587/3587 3580/3580/3580 3579/3579/3579
f 3588/3588/3588 3582/3582/3582 3580/3580/3580
f 3587/3587/3587 3589/3589/3589 3588/3588/3588
f 3580/3580/3580 3587/3587/3587 3588/3588/3588
f 3590/3590/3590 3591/3591/3591 3592/3592/3592
f 3585/3585/3585 3584/3584/3584 3590/3590/3590
f 3592/3592/3592 3585/3585/3585 3590/3590/3590
f 3593/3593/3593 3594/3594/3594 3585/3585/3585
f 3594/3594/3594 3596/3596/3596 3586/3586/3586
f 3596/3596/3596 3587/3587/3587 3595/3595/3595
f 3597/3597/3597 3589/3589/3589 3587/3587/3587
f 3596/3596/3596 3598/3598/3598 3597/3597/3597
f 3587/3587/3587 3596/3596/3596 3597/3597/3597
f 3599/3599/3599 3757/3757/3757 3601/3601/3601
f 3591/3591/3591 3756/3756/3756 3592/3592/3592
f 3601/3601/3601 3592/3592/3592 3599/3599/3599
f 3602/3602/3602 3603/3603/3603 3592/3592/3592
f 3603/3603/3603 3604/3604/3604 3593/3593/3593
f 3604/3604/3604 3596/3596/3596 3594/3594/3594
f 3605/3605/3605 3598/3598/3598 3596/3596/3596
f 3604/3604/3604 3606/3606/3606 3605/3605/3605
f 3596/3596/3596 3604/3604/3604 3605/3605/3605
f 3607/3607/3607 3608/3608/3608 3609/3609/3609
f 3601/3601/3601 3600/3600/3600 3607/3607/3607
f 3609/3609/3609 3601/3601/3601 3607/3607/3607
f 3610/3610/3610 3611/3611/3611 3601/3601/3601
f 3611/3611/3611 3612/3612/3612 3602/3602/3602
f 3612/3612/3612 3604/3604/3604 3603/3603/3603
f 3613/3613/3613 3606/3606/3606 3604/3604/3604
f 3612/3612/3612 3614/3614/3614 3613/3613/3613
f 3604/3604/3604 3612/3612/3612 3613/3613/3613
f 3615/3615/3615 3761/3761/3761 3617/3617/3617
f 3609/3609/3609 3608/3608/3608 3615/3615/3615
f 3617/3617/3617 3609/3609/3609 3615/3615/3615
f 3618/3618/3618 3619/3619/3619 3609/3609/3609
f 3619/3619/3619 3620/3620/3620 3610/3610/3610
f 3620/3620/3620 3612/3612/3612 3611/3611/3611
f 3621/3621/3621 3614/3614/3614 3612/3612/3612
f 3620/3620/3620 3622/3622/3622 3621/3621/3621
f 3612/3612/3612 3620/3620/3620 3621/3621/3621
f 3623/3623/3623 3763/3763/3763 3625/3625/3625
f 3617/3617/3617 3616/3616/3616 3623/3623/3623
f 3625/3625/3625 3617/3617/3617 3623/3623/3623
f 3626/3626/3626 3627/3627/3627 3617/3617/3617
f 3627/3627/3627 3628/3628/3628 3618/3618/3618
f 3628/3628/3628 3620/3620/3620 3619/3619/3619
f 3629/3629/3629 3622/3622/3622 3620/3620/3620
f 3628/3628/3628 3630/3630/3630 3629/3629/3629
f 3620/3620/3620 3628/3628/3628 3629/3629/3629
f 3631/3631/3631 3632/3632/3632 3633/3633/3633
f 3625/3625/3625 3624/3624/3624 3631/3631/3631
f 3633/3633/3633 3625/3625/3625 3631/3631/3631
f 3634/3634/3634 3635/3635/3635 3625/3625/3625
f 3635/3635/3635 3636/3636/3636 3626/3626/3626
f 3636/3636/3636 3628/3628/3628 3627/3627/3627
f 3637/3637/3637 3630/3630/3630 3628/3628/3628
f 3636/3636/3636 3638/3638/3638 3637/3637/3637
f 3628/3628/3628 3636/3636/3636 3637/3637/3637
f 3639/3639/3639 3640/3640/3640 3641/3641/3641
f 3633/3633/3633 3632/3632/3632 3639/3639/3639
f 3641/3641/3641 3633/3633/3633 3639/3639/3639
f 3642/3642/3642 3643/3643/3643 3633/3633/3633
f 3643/3643/3643 3644/3644/3644 3634/3634/3634
f 3644/3644/3644 3636/3636/3636 3635/3635/3635
f 3645/3645/3645 3638/3638/3638 3636/3636/3636
f 3644/3644/3644 3646/3646/3646 3645/3645/3645
f 3636/3636/3636 3644/3644/3644 3645/3645/3645
f 3647/3647/3647 3648/3648/3648 3649/3649/3649
f 3641/3641/3641 3640/3640/3640 3647/3647/3647
f 3649/3649/3649 3641/3641/3641 3647/3647/3647
f 3650/3650/3650 3651/3651/3651 3641/3641/3641
f 3651/3651/3651 3652/3652/3652 3642/3642/3642
f 3652/3652/3652 3644/3644/3644 3643/3643/3643
f 3653/3653/3653 3646/3646/3646 3644/3644/3644
f 3652/3652/3652 3654/3654/3654 3653/3653/3653
f 3644/3644/3644 3652/3652/3652 3653/3653/3653
f 3655/3655/3655 3771/3771/3771 3657/3657/3657
f 3649/3649/3649 3648/3648/3648 3655/3655/3655
f 3657/3657/3657 3649/3649/3649 3655/3655/3655
f 3658/3658/3658 3659/3659/3659 3649/3649/3649
f 3659/3659/3659 3660/3660/3660 3650/3650/3650
f 3660/3660/3660 3652/3652/3652 3651/3651/3651
f 3661/3661/3661 3654/3654/3654 3652/3652/3652
f 3660/3660/3660 3662/3662/3662 3661/3661/3661
f 3652/3652/3652 3660/3660/3660 3661/3661/3661
f 3663/3663/3663 3664/3664/3664 3665/3665/3665
f 3657/3657/3657 3656/3656/3656 3663/3663/3663
f 3665/3665/3665 3657/3657/3657 3663/3663/3663
f 3666/3666/3666 3658/3658/3658 3657/3657/3657
f 3667/3667/3667 3659/3659/3659 3658/3658/3658
f 3668/3668/3668 3660/3660/3660 3659/3659/3659
f 3669/3669/3669 3662/3662/3662 3660/3660/3660
f 3668/3668/3668 3670/3670/3670 3669/3669/3669
f 3660/3660/3660 3668/3668/3668 3669/3669/3669
f 3671/3671/3671 3672/3672/3672 3673/3673/3673
f 3665/3665/3665 3664/3664/3664 3671/3671/3671
f 3673/3673/3673 3665/3665/3665 3671/3671/3671
f 3674/3674/3674 3666/3666/3666 3665/3665/3665
f 3675/3675/3675 3667/3667/3667 3666/3666/3666
f 3676/3676/3676 3668/3668/3668 3667/3667/3667
f 3677/3677/3677 3670/3670/3670 3668/3668/3668
f 3676/3676/3676 3678/3678/3678 3677/3677/3677
f 3668/3668/3668 3676/3676/3676 3677/3677/3677
f 3679/3679/3679 3680/3680/3680 3681/3681/3681
f 3673/3673/3673 3672/3672/3672 3679/3679/3679
f 3681/3681/3681 3673/3673/3673 3679/3679/3679
f 3682/3682/3682 3674/3674/3674 3673/3673/3673
f 3683/3683/3683 3675/3675/3675 3674/3674/3674
f 3684/3684/3684 3676/3676/3676 3675/3675/3675
f 3685/3685/3685 3678/3678/3678 3676/3676/3676
f 3684/3684/3684 3686/3686/3686 3685/3685/3685
f 3676/3676/3676 3684/3684/3684 3685/3685/3685
f 3687/3687/3687 3688/3688/3688 3689/3689/3689
f 3681/3681/3681 3680/3680/3680 3687/3687/3687
f 3689/3689/3689 3681/3681/3681 3687/3687/3687
f 3690/3690/3690 3682/3682/3682 3681/3681/3681
f 3691/3691/3691 3683/3683/3683 3682/3682/3682
f 3692/3692/3692 3684/3684/3684 3683/3683/3683
f 3693/3693/3693 3686/3686/3686 3684/3684/3684
f 3692/3692/3692 3694/3694/3694 3693/3693/3693
f 3684/3684/3684 3692/3692/3692 3693/3693/3693
f 3695/3695/3695 3780/3780/3780 3697/3697/3697
f 3689/3689/3689 3688/3688/3688 3695/3695/3695
f 3697/3697/3697 3689/3689/3689 3695/3695/3695
f 3698/3698/3698 3690/3690/3690 3689/3689/3689
f 3699/3699/3699 3691/3691/3691 3690/3690/3690
f 3700/3700/3700 3692/3692/3692 3691/3691/3691
f 3700/3700/3700 3701/3701/3701 3694/3694/3694
f 3692/3692/3692 3700/3700/3700 3694/3694/3694
f 3702/3702/3702 3703/3703/3703 3704/3704/3704
f 3697/3697/3697 3696/3696/3696 3702/3702/3702
f 3704/3704/3704 3697/3697/3697 3702/3702/3702
f 3705/3705/3705 3698/3698/3698 3697/3697/3697
f 3706/3706/3706 3699/3699/3699 3698/3698/3698
f 3707/3707/3707 3700/3700/3700 3699/3699/3699
f 3708/3708/3708 3701/3701/3701 3700/3700/3700
f 3707/3707/3707 3709/3709/3709 3708/3708/3708
f 3700/3700/3700 3707/3707/3707 3708/3708/3708
f 3710/3710/3710 3711/3711/3711 3712/3712/3712
f 3704/3704/3704 3703/3703/3703 3710/3710/3710
f 3710/3710/3710 3712/3712/3712 3704/3704/3704
f 3704/3704/3704 3712/3712/3712 3713/3713/3713
f 3705/3705/3705 3704/3704/3704 3713/3713/3713
f 3705/3705/3705 3713/3713/3713 3714/3714/3714
f 3706/3706/3706 3705/3705/3705 3714/3714/3714
f 3706/3706/3706 3714/3714/3714 3715/3715/3715
f 3707/3707/3707 3706/3706/3706 3715/3715/3715
f 3716/3716/3716 3709/3709/3709 3707/3707/3707
f 3715/3715/3715 3716/3716/3716 3707/3707/3707
f 3717/3717/3717 3712/3712/3712 3711/3711/3711
f 3718/3718/3718 3719/3719/3719 3712/3712/3712
f 3719/3719/3719 3714/3714/3714 3713/3713/3713
f 3720/3720/3720 3715/3715/3715 3714/3714/3714
f 3512/3512/3512 3721/3721/3721 3722/3722/3722
f 3513/3513/3513 3722/3722/3722 3723/3723/3723
f 3520/3520/3520 3723/3723/3723 3724/3724/3724
f 3521/3521/3521 3724/3724/3724 3725/3725/3725
f 3527/3527/3527 3725/3725/3725 3528/3528/3528
f 3726/3726/3726 3727/3727/3727 3499/3499/3499
f 3513/3513/3513 3723/3723/3723 3520/3520/3520
f 3721/3721/3721 3512/3512/3512 3505/3505/3505
f 3504/3504/3504 3503/3503/3503 3505/3505/3505
f 3521/3521/3521 3520/3520/3520 3724/3724/3724
f 3521/3521/3521 3725/3725/3725 3527/3527/3527
f 3533/3533/3533 3728/3728/3728 3534/3534/3534
f 3540/3540/3540 3729/3729/3729 3541/3541/3541
f 3548/3548/3548 3730/3730/3730 3731/3731/3731
f 3547/3547/3547 3732/3732/3732 3730/3730/3730
f 3554/3554/3554 3731/3731/3731 3555/3555/3555
f 3561/3561/3561 3733/3733/3733 3734/3734/3734
f 3562/3562/3562 3734/3734/3734 3569/3569/3569
f 3562/3562/3562 3561/3561/3561 3734/3734/3734
f 3568/3568/3568 3569/3569/3569 3735/3735/3735
f 3570/3570/3570 3568/3568/3568 3735/3735/3735
f 3736/3736/3736 3570/3570/3570 3735/3735/3735
f 3547/3547/3547 3730/3730/3730 3548/3548/3548
f 3548/3548/3548 3731/3731/3731 3554/3554/3554
f 3733/3733/3733 3561/3561/3561 3555/3555/3555
f 3576/3576/3576 3570/3570/3570 3736/3736/3736
f 3576/3576/3576 3736/3736/3736 3737/3737/3737
f 3577/3577/3577 3737/3737/3737 3738/3738/3738
f 3583/3583/3583 3738/3738/3738 3739/3739/3739
f 3584/3584/3584 3739/3739/3739 3740/3740/3740
f 3583/3583/3583 3577/3577/3577 3738/3738/3738
f 3590/3590/3590 3584/3584/3584 3740/3740/3740
f 3590/3590/3590 3740/3740/3740 3591/3591/3591
f 3502/3502/3502 3511/3511/3511 3741/3741/3741
f 3742/3742/3742 3532/3532/3532 3531/3531/3531
f 3531/3531/3531 3539/3539/3539 3743/3743/3743
f 3511/3511/3511 3744/3744/3744 3741/3741/3741
f 3518/3518/3518 3510/3510/3510 3508/3508/3508
f 3539/3539/3539 3538/3538/3538 3743/3743/3743
f 3743/3743/3743 3742/3742/3742 3531/3531/3531
f 3546/3546/3546 3745/3745/3745 3545/3545/3545
f 3546/3546/3546 3552/3552/3552 3746/3746/3746
f 3538/3538/3538 3545/3545/3545 3745/3745/3745
f 3747/3747/3747 3746/3746/3746 3552/3552/3552
f 3552/3552/3552 3553/3553/3553 3747/3747/3747
f 3553/3553/3553 3559/3559/3559 3748/3748/3748
f 3560/3560/3560 3748/3748/3748 3559/3559/3559
f 3749/3749/3749 3574/3574/3574 3581/3581/3581
f 3582/3582/3582 3588/3588/3588 3750/3750/3750
f 3588/3588/3588 3589/3589/3589 3751/3751/3751
f 3581/3581/3581 3582/3582/3582 3752/3752/3752
f 3748/3748/3748 3747/3747/3747 3553/3553/3553
f 3567/3567/3567 3753/3753/3753 3566/3566/3566
f 3573/3573/3573 3575/3575/3575 3567/3567/3567
f 3589/3589/3589 3597/3597/3597 3754/3754/3754
f 3574/3574/3574 3749/3749/3749 3575/3575/3575
f 3581/3581/3581 3752/3752/3752 3749/3749/3749
f 3582/3582/3582 3750/3750/3750 3752/3752/3752
f 3754/3754/3754 3751/3751/3751 3589/3589/3589
f 3597/3597/3597 3755/3755/3755 3754/3754/3754
f 3751/3751/3751 3750/3750/3750 3588/3588/3588
f 3597/3597/3597 3598/3598/3598 3755/3755/3755
f 3599/3599/3599 3756/3756/3756 3757/3757/3757
f 3600/3600/3600 3757/3757/3757 3758/3758/3758
f 3607/3607/3607 3758/3758/3758 3759/3759/3759
f 3608/3608/3608 3759/3759/3759 3760/3760/3760
f 3615/3615/3615 3760/3760/3760 3761/3761/3761
f 3623/3623/3623 3762/3762/3762 3763/3763/3763
f 3616/3616/3616 3761/3761/3761 3762/3762/3762
f 3624/3624/3624 3763/3763/3763 3764/3764/3764
f 3631/3631/3631 3764/3764/3764 3765/3765/3765
f 3632/3632/3632 3765/3765/3765 3766/3766/3766
f 3767/3767/3767 3639/3639/3639 3766/3766/3766
f 3768/3768/3768 3640/3640/3640 3767/3767/3767
f 3607/3607/3607 3600/3600/3600 3758/3758/3758
f 3615/3615/3615 3608/3608/3608 3760/3760/3760
f 3607/3607/3607 3759/3759/3759 3608/3608/3608
f 3631/3631/3631 3624/3624/3624 3764/3764/3764
f 3766/3766/3766 3639/3639/3639 3632/3632/3632
f 3767/3767/3767 3640/3640/3640 3639/3639/3639
f 3631/3631/3631 3765/3765/3765 3632/3632/3632
f 3616/3616/3616 3762/3762/3762 3623/3623/3623
f 3647/3647/3647 3768/3768/3768 3769/3769/3769
f 3648/3648/3648 3769/3769/3769 3770/3770/3770
f 3648/3648/3648 3647/3647/3647 3769/3769/3769
f 3655/3655/3655 3648/3648/3648 3770/3770/3770
f 3655/3655/3655 3770/3770/3770 3771/3771/3771
f 3656/3656/3656 3771/3771/3771 3772/3772/3772
f 3663/3663/3663 3656/3656/3656 3772/3772/3772
f 3640/3640/3640 3768/3768/3768 3647/3647/3647
f 3663/3663/3663 3772/3772/3772 3773/3773/3773
f 3664/3664/3664 3773/3773/3773 3774/3774/3774
f 3671/3671/3671 3774/3774/3774 3775/3775/3775
f 3672/3672/3672 3775/3775/3775 3776/3776/3776
f 3680/3680/3680 3777/3777/3777 3778/3778/3778
f 3679/3679/3679 3776/3776/3776 3777/3777/3777
f 3687/3687/3687 3778/3778/3778 3779/3779/3779
f 3688/3688/3688 3779/3779/3779 3780/3780/3780
f 3696/3696/3696 3780/3780/3780 3781/3781/3781
f 3702/3702/3702 3781/3781/3781 3782/3782/3782
f 3663/3663/3663 3773/3773/3773 3664/3664/3664
f 3783/3783/3783 3710/3710/3710 3782/3782/3782
f 3711/3711/3711 3710/3710/3710 3783/3783/3783
f 3671/3671/3671 3664/3664/3664 3774/3774/3774
f 3672/3672/3672 3671/3671/3671 3775/3775/3775
f 3680/3680/3680 3679/3679/3679 3777/3777/3777
f 3687/3687/3687 3680/3680/3680 3778/3778/3778
f 3672/3672/3672 3776/3776/3776 3679/3679/3679
f 3695/3695/3695 3688/3688/3688 3780/3780/3780
f 3703/3703/3703 3702/3702/3702 3782/3782/3782
f 3782/3782/3782 3710/3710/3710 3703/3703/3703
f 3696/3696/3696 3781/3781/3781 3702/3702/3702
f 3687/3687/3687 3779/3779/3779 3688/3688/3688
f 3784/3784/3784 3711/3711/3711 3783/3783/3783
f 3784/3784/3784 3785/3785/3785 3786/3786/3786
f 3786/3786/3786 3717/3717/3717 3784/3784/3784
f 3787/3787/3787 3719/3719/3719 3718/3718/3718
f 3718/3718/3718 3717/3717/3717 3787/3787/3787
f 3787/3787/3787 3788/3788/3788 3719/3719/3719
f 3789/3789/3789 3755/3755/3755 3598/3598/3598
f 3605/3605/3605 3789/3789/3789 3598/3598/3598
f 3606/3606/3606 3790/3790/3790 3605/3605/3605
f 3605/3605/3605 3790/3790/3790 3789/3789/3789
f 3606/3606/3606 3613/3613/3613 3791/3791/3791
f 3791/3791/3791 3790/3790/3790 3606/3606/3606
f 3613/3613/3613 3792/3792/3792 3791/3791/3791
f 3613/3613/3613 3614/3614/3614 3792/3792/3792
f 3614/3614/3614 3621/3621/3621 3793/3793/3793
f 3622/3622/3622 3629/3629/3629 3794/3794/3794
f 3621/3621/3621 3622/3622/3622 3795/3795/3795
f 3630/3630/3630 3637/3637/3637 3796/3796/3796
f 3637/3637/3637 3638/3638/3638 3797/3797/3797
f 3645/3645/3645 3646/3646/3646 3798/3798/3798
f 3646/3646/3646 3653/3653/3653 3799/3799/3799
f 3795/3795/3795 3793/3793/3793 3621/3621/3621
f 3654/3654/3654 3661/3661/3661 3800/3800/3800
f 3792/3792/3792 3614/3614/3614 3793/3793/3793
f 3629/3629/3629 3801/3801/3801 3794/3794/3794
f 3638/3638/3638 3802/3802/3802 3797/3797/3797
f 3803/3803/3803 3800/3800/3800 3661/3661/3661
f 3662/3662/3662 3669/3669/3669 3804/3804/3804
f 3677/3677/3677 3805/3805/3805 3670/3670/3670
f 3678/3678/3678 3685/3685/3685 3806/3806/3806
f 3807/3807/3807 3670/3670/3670 3805/3805/3805
f 3677/3677/3677 3808/3808/3808 3805/3805/3805
f 3678/3678/3678 3809/3809/3809 3677/3677/3677
f 3806/3806/3806 3809/3809/3809 3678/3678/3678
f 3720/3720/3720 3719/3719/3719 3788/3788/3788
f 3693/3693/3693 3694/3694/3694 3810/3810/3810
f 3810/3810/3810 3811/3811/3811 3693/3693/3693
f 3811/3811/3811 3686/3686/3686 3693/3693/3693
f 3812/3812/3812 3813/3813/3813 3814/3814/3814
f 3815/3815/3815 3814/3814/3814 3813/3813/3813
f 3816/3816/3816 3813/3813/3813 3817/3817/3817
f 3818/3818/3818 3813/3813/3813 3816/3816/3816
f 3819/3819/3819 3818/3818/3818 3816/3816/3816
f 3820/3820/3820 3821/3821/3821 3822/3822/3822
f 3823/3823/3823 3820/3820/3820 3824/3824/3824
f 3826/3826/3826 3828/3828/3828 3823/3823/3823
f 3827/3827/3827 3825/3825/3825 3828/3828/3828
f 3829/3829/3829 3825/3825/3825 3827/3827/3827
f 3830/3830/3830 3829/3829/3829 3831/3831/3831
f 3832/3832/3832 3830/3830/3830 3833/3833/3833
f 3834/3834/3834 3832/3832/3832 3835/3835/3835
f 3836/3836/3836 3837/3837/3837 3834/3834/3834
f 3838/3838/3838 3836/3836/3836 3839/3839/3839
f 3840/3840/3840 3838/3838/3838 3841/3841/3841
f 3842/3842/3842 3840/3840/3840 3843/3843/3843
f 3844/3844/3844 3842/3842/3842 3845/3845/3845
f 3846/3846/3846 3844/3844/3844 3845/3845/3845
f 3847/3847/3847 3845/3845/3845 3848/3848/3848
f 3849/3849/3849 3847/3847/3847 3850/3850/3850
f 3851/3851/3851 3849/3849/3849 3852/3852/3852
f 3853/3853/3853 3851/3851/3851 3854/3854/3854
f 3855/3855/3855 3853/3853/3853 3856/3856/3856
f 3857/3857/3857 3855/3855/3855 3858/3858/3858
f 3859/3859/3859 3857/3857/3857 3860/3860/3860
f 3861/3861/3861 3859/3859/3859 3862/3862/3862
f 3863/3863/3863 3861/3861/3861 3862/3862/3862
f 3864/3864/3864 3861/3861/3861 3863/3863/3863
f 3865/3865/3865 3864/3864/3864 3866/3866/3866
f 3867/3867/3867 3866/3866/3866 3868/3868/3868
f 3867/3867/3867 3865/3865/3865 3866/3866/3866
f 3869/3869/3869 3867/3867/3867 3870/3870/3870
f 3871/3871/3871 3869/3869/3869 3872/3872/3872
f 3873/3873/3873 3871/3871/3871 3874/3874/3874
f 3875/3875/3875 3873/3873/3873 3876/3876/3876
f 3877/3877/3877 3875/3875/3875 3878/3878/3878
f 3879/3879/3879 3877/3877/3877 3880/3880/3880
f 3881/3881/3881 3879/3879/3879 3882/3882/3882
f 3883/3883/3883 3881/3881/3881 3884/3884/3884
f 3885/3885/3885 3886/3886/3886 3887/3887/3887
f 3888/3888/3888 3885/3885/3885 3887/3887/3887
f 3889/3889/3889 3888/3888/3888 3890/3890/3890
f 3891/3891/3891 3889/3889/3889 3892/3892/3892
f 3894/3894/3894 4890/4890/4890 3891/3891/3891
f 3895/3895/3895 3893/3893/3893 3896/3896/3896
f 3896/3896/3896 3899/3899/3899 3895/3895/3895
f 3898/3898/3898 3897/3897/3897 3899/3899/3899
f 3900/3900/3900 3897/3897/3897 3898/3898/3898
f 3900/3900/3900 3898/3898/3898 3901/3901/3901
f 3902/3902/3902 3903/3903/3903 3814/3814/3814
f 3815/3815/3815 3902/3902/3902 3814/3814/3814
f 3904/3904/3904 3815/3815/3815 3813/3813/3813
f 3906/3906/3906 4044/4044/4044 3907/3907/3907
f 3908/3908/3908 4058/4058/4058 3906/3906/3906
f 3910/3910/3910 3912/3912/3912 3911/3911/3911
f 3905/3905/3905 3907/3907/3907 3912/3912/3912
f 3910/3910/3910 3913/3913/3913 3905/3905/3905
f 3914/3914/3914 3913/3913/3913 3910/3910/3910
f 3909/3909/3909 3911/3911/3911 3916/3916/3916
f 3915/3915/3915 3917/3917/3917 3909/3909/3909
f 3919/3919/3919 3917/3917/3917 3915/3915/3915
f 3920/3920/3920 3922/3922/3922 3918/3918/3918
f 3915/3915/3915 3920/3920/3920 3918/3918/3918
f 3923/3923/3923 3925/3925/3925 3922/3922/3922
f 3920/3920/3920 3923/3923/3923 3922/3922/3922
f 3926/3926/3926 3927/3927/3927 3925/3925/3925
f 3923/3923/3923 3926/3926/3926 3925/3925/3925
f 3928/3928/3928 3927/3927/3927 3926/3926/3926
f 3929/3929/3929 3931/3931/3931 3928/3928/3928
f 3926/3926/3926 3929/3929/3929 3928/3928/3928
f 3932/3932/3932 3934/3934/3934 3931/3931/3931
f 3929/3929/3929 3932/3932/3932 3931/3931/3931
f 3935/3935/3935 3937/3937/3937 3934/3934/3934
f 3932/3932/3932 3935/3935/3935 3934/3934/3934
f 3938/3938/3938 3940/3940/3940 3937/3937/3937
f 3935/3935/3935 3938/3938/3938 3937/3937/3937
f 3941/3941/3941 3942/3942/3942 3940/3940/3940
f 3938/3938/3938 3941/3941/3941 3940/3940/3940
f 3943/3943/3943 3942/3942/3942 3941/3941/3941
f 3944/3944/3944 3946/3946/3946 3943/3943/3943
f 3941/3941/3941 3944/3944/3944 3943/3943/3943
f 3947/3947/3947 3949/3949/3949 3946/3946/3946
f 3944/3944/3944 3947/3947/3947 3946/3946/3946
f 3950/3950/3950 3951/3951/3951 3949/3949/3949
f 3947/3947/3947 3950/3950/3950 3949/3949/3949
f 3952/3952/3952 3951/3951/3951 3950/3950/3950
f 3953/3953/3953 3955/3955/3955 3952/3952/3952
f 3950/3950/3950 3953/3953/3953 3952/3952/3952
f 3956/3956/3956 3958/3958/3958 3955/3955/3955
f 3953/3953/3953 3956/3956/3956 3955/3955/3955
f 3959/3959/3959 3961/3961/3961 3958/3958/3958
f 3956/3956/3956 3959/3959/3959 3958/3958/3958
f 3962/3962/3962 3964/3964/3964 3961/3961/3961
f 3959/3959/3959 3962/3962/3962 3961/3961/3961
f 3965/3965/3965 3966/3966/3966 3964/3964/3964
f 3962/3962/3962 3965/3965/3965 3964/3964/3964
f 3967/3967/3967 3966/3966/3966 3965/3965/3965
f 3968/3968/3968 3970/3970/3970 3967/3967/3967
f 3965/3965/3965 3968/3968/3968 3967/3967/3967
f 3971/3971/3971 3973/3973/3973 3970/3970/3970
f 3968/3968/3968 3971/3971/3971 3970/3970/3970
f 3974/3974/3974 3976/3976/3976 3973/3973/3973
f 3971/3971/3971 3974/3974/3974 3973/3973/3973
f 3977/3977/3977 3979/3979/3979 3976/3976/3976
f 3974/3974/3974 3977/3977/3977 3976/3976/3976
f 3980/3980/3980 3982/3982/3982 3979/3979/3979
f 3977/3977/3977 3980/3980/3980 3979/3979/3979
f 3983/3983/3983 3985/3985/3985 3982/3982/3982
f 3980/3980/3980 3983/3983/3983 3982/3982/3982
f 3986/3986/3986 3988/3988/3988 3985/3985/3985
f 3983/3983/3983 3986/3986/3986 3985/3985/3985
f 3989/3989/3989 3991/3991/3991 3988/3988/3988
f 3986/3986/3986 3989/3989/3989 3988/3988/3988
f 3992/3992/3992 3994/3994/3994 3991/3991/3991
f 3989/3989/3989 3992/3992/3992 3991/3991/3991
f 3995/3995/3995 3997/3997/3997 3994/3994/3994
f 3992/3992/3992 3995/3995/3995 3994/3994/3994
f 3998/3998/3998 4000/4000/4000 3997/3997/3997
f 3995/3995/3995 3998/3998/3998 3997/3997/3997
f 4001/4001/4001 4002/4002/4002 4000/4000/4000
f 3998/3998/3998 4001/4001/4001 4000/4000/4000
f 4001/4001/4001 4004/4004/4004 4003/4003/4003
f 4005/4005/4005 4003/4003/4003 4004/4004/4004
f 4006/4006/4006 4008/4008/4008 4005/4005/4005
f 4004/4004/4004 4006/4006/4006 4005/4005/4005
f 4009/4009/4009 4011/4011/4011 4008/4008/4008
f 4006/4006/4006 4009/4009/4009 4008/4008/4008
f 4012/4012/4012 4014/4014/4014 4011/4011/4011
f 4009/4009/4009 4012/4012/4012 4011/4011/4011
f 4015/4015/4015 4017/4017/4017 4014/4014/4014
f 4012/4012/4012 4015/4015/4015 4014/4014/4014
f 4018/4018/4018 4020/4020/4020 4017/4017/4017
f 4015/4015/4015 4018/4018/4018 4017/4017/4017
f 4021/4021/4021 4023/4023/4023 4020/4020/4020
f 4018/4018/4018 4021/4021/4021 4020/4020/4020
f 4024/4024/4024 4026/4026/4026 4023/4023/4023
f 4021/4021/4021 4024/4024/4024 4023/4023/4023
f 4027/4027/4027 4029/4029/4029 4026/4026/4026
f 4024/4024/4024 4027/4027/4027 4026/4026/4026
f 4030/4030/4030 4032/4032/4032 4029/4029/4029
f 4027/4027/4027 4030/4030/4030 4029/4029/4029
f 4033/4033/4033 4035/4035/4035 4032/4032/4032
f 4030/4030/4030 4033/4033/4033 4032/4032/4032
f 4036/4036/4036 4038/4038/4038 4035/4035/4035
f 4033/4033/4033 4036/4036/4036 4035/4035/4035
f 4039/4039/4039 4041/4041/4041 4038/4038/4038
f 4036/4036/4036 4039/4039/4039 4038/4038/4038
f 4042/4042/4042 4096/4096/4096 4041/4041/4041
f 4039/4039/4039 4042/4042/4042 4041/4041/4041
f 4044/4044/4044 4045/4045/4045 4046/4046/4046
f 4044/4044/4044 4046/4046/4046 4047/4047/4047
f 3907/3907/3907 4044/4044/4044 4047/4047/4047
f 3912/3912/3912 3907/3907/3907 4048/4048/4048
f 3911/3911/3911 3912/3912/3912 4049/4049/4049
f 4050/4050/4050 3911/3911/3911 4049/4049/4049
f 4051/4051/4051 4045/4045/4045 4044/4044/4044
f 4052/4052/4052 3916/3916/3916 4050/4050/4050
f 3923/3923/3923 3920/3920/3920 4054/4054/4054
f 3920/3920/3920 3916/3916/3916 4052/4052/4052
f 3926/3926/3926 3923/3923/3923 4053/4053/4053
f 3932/3932/3932 3929/3929/3929 4057/4057/4057
f 3929/3929/3929 3926/3926/3926 4055/4055/4055
f 4058/4058/4058 4051/4051/4051 3906/3906/3906
f 3906/3906/3906 4051/4051/4051 4044/4044/4044
f 4050/4050/4050 3916/3916/3916 3911/3911/3911
f 4056/4056/4056 4059/4059/4059 3935/3935/3935
f 3928/3928/3928 3930/3930/3930 3927/3927/3927
f 4059/4059/4059 4060/4060/4060 3938/3938/3938
f 3944/3944/3944 3941/3941/3941 4061/4061/4061
f 3941/3941/3941 3938/3938/3938 4060/4060/4060
f 3947/3947/3947 3944/3944/3944 4062/4062/4062
f 3950/3950/3950 4063/4063/4063 4064/4064/4064
f 3953/3953/3953 4064/4064/4064 4065/4065/4065
f 3956/3956/3956 3953/3953/3953 4065/4065/4065
f 3962/3962/3962 3959/3959/3959 4067/4067/4067
f 3959/3959/3959 3956/3956/3956 4066/4066/4066
f 3965/3965/3965 3962/3962/3962 4068/4068/4068
f 4070/4070/4070 3971/3971/3971 3968/3968/3968
f 3953/3953/3953 3950/3950/3950 4064/4064/4064
f 3947/3947/3947 4063/4063/4063 3950/3950/3950
f 4071/4071/4071 4072/4072/4072 3974/3974/3974
f 4069/4069/4069 3968/3968/3968 3965/3965/3965
f 3955/3955/3955 3957/3957/3957 3954/3954/3954
f 3917/3917/3917 3914/3914/3914 3909/3909/3909
f 3919/3919/3919 3918/3918/3918 3921/3921/3921
f 3924/3924/3924 3925/3925/3925 3927/3927/3927
f 3936/3936/3936 3937/3937/3937 3939/3939/3939
f 3948/3948/3948 3945/3945/3945 3946/3946/3946
f 3967/3967/3967 3969/3969/3969 3966/3966/3966
f 3966/3966/3966 3963/3963/3963 3964/3964/3964
f 3973/3973/3973 3975/3975/3975 3972/3972/3972
f 3977/3977/3977 3974/3974/3974 4072/4072/4072
f 3980/3980/3980 3977/3977/3977 4073/4073/4073
f 3986/3986/3986 3983/3983/3983 4076/4076/4076
f 3983/3983/3983 3980/3980/3980 4074/4074/4074
f 3989/3989/3989 3986/3986/3986 4075/4075/4075
f 3992/3992/3992 3989/3989/3989 4077/4077/4077
f 3998/3998/3998 3995/3995/3995 4080/4080/4080
f 3995/3995/3995 3992/3992/3992 4078/4078/4078
f 4001/4001/4001 3998/3998/3998 4079/4079/4079
f 4006/4006/4006 4004/4004/4004 4083/4083/4083
f 4004/4004/4004 4001/4001/4001 4081/4081/4081
f 3976/3976/3976 3978/3978/3978 3975/3975/3975
f 3981/3981/3981 3982/3982/3982 3984/3984/3984
f 4000/4000/4000 4002/4002/4002 3999/3999/3999
f 4003/4003/4003 4005/4005/4005 4007/4007/4007
f 4082/4082/4082 4084/4084/4084 4009/4009/4009
f 4012/4012/4012 4009/4009/4009 4084/4084/4084
f 4015/4015/4015 4012/4012/4012 4085/4085/4085
f 4018/4018/4018 4015/4015/4015 4086/4086/4086
f 4021/4021/4021 4018/4018/4018 4087/4087/4087
f 4024/4024/4024 4021/4021/4021 4088/4088/4088
f 4030/4030/4030 4027/4027/4027 4090/4090/4090
f 4033/4033/4033 4030/4030/4030 4091/4091/4091
f 4039/4039/4039 4036/4036/4036 4093/4093/4093
f 4042/4042/4042 4094/4094/4094 4095/4095/4095
f 4036/4036/4036 4033/4033/4033 4092/4092/4092
f 4027/4027/4027 4024/4024/4024 4089/4089/4089
f 4020/4020/4020 4022/4022/4022 4019/4019/4019
f 4011/4011/4011 4013/4013/4013 4010/4010/4010
f 4094/4094/4094 4042/4042/4042 4039/4039/4039
f 4096/4096/4096 4042/4042/4042 4095/4095/4095
f 3978/3978/3978 3979/3979/3979 3981/3981/3981
f 3999/3999/3999 3996/3996/3996 3997/3997/3997
f 4010/4010/4010 4007/4007/4007 4008/4008/4008
f 4016/4016/4016 4013/4013/4013 4014/4014/4014
f 4019/4019/4019 4016/4016/4016 4017/4017/4017
f 4040/4040/4040 4041/4041/4041 4043/4043/4043
f 4025/4025/4025 4022/4022/4022 4023/4023/4023
f 4028/4028/4028 4025/4025/4025 4026/4026/4026
f 4031/4031/4031 4032/4032/4032 4034/4034/4034
f 4037/4037/4037 4034/4034/4034 4035/4035/4035
f 4040/4040/4040 4037/4037/4037 4038/4038/4038
f 4097/4097/4097 4043/4043/4043 4096/4096/4096
f 4098/4098/4098 4099/4099/4099 4100/4100/4100
f 4101/4101/4101 4102/4102/4102 4103/4103/4103
f 4104/4104/4104 4105/4105/4105 4106/4106/4106
f 4102/4102/4102 4104/4104/4104 4107/4107/4107
f 4105/4105/4105 4108/4108/4108 4109/4109/4109
f 4101/4101/4101 4103/4103/4103 4098/4098/4098
f 4109/4109/4109 4106/4106/4106 4105/4105/4105
f 4110/4110/4110 4111/4111/4111 4108/4108/4108
f 4112/4112/4112 4113/4113/4113 4110/4110/4110
f 4112/4112/4112 4114/4114/4114 4113/4113/4113
f 4114/4114/4114 4115/4115/4115 4116/4116/4116
f 4117/4117/4117 4118/4118/4118 4119/4119/4119
f 4115/4115/4115 4117/4117/4117 4120/4120/4120
f 4118/4118/4118 4121/4121/4121 4122/4122/4122
f 4114/4114/4114 4116/4116/4116 4113/4113/4113
f 4122/4122/4122 4119/4119/4119 4118/4118/4118
f 4123/4123/4123 4124/4124/4124 4125/4125/4125
f 4126/4126/4126 4125/4125/4125 4124/4124/4124
f 4124/4124/4124 4127/4127/4127 4128/4128/4128
f 4129/4129/4129 4130/4130/4130 4131/4131/4131
f 4127/4127/4127 4129/4129/4129 4132/4132/4132
f 4130/4130/4130 4133/4133/4133 4134/4134/4134
f 4135/4135/4135 4128/4128/4128 4127/4127/4127
f 4134/4134/4134 4136/4136/4136 4130/4130/4130
f 4131/4131/4131 4132/4132/4132 4129/4129/4129
f 4137/4137/4137 4133/4133/4133 4138/4138/4138
f 4139/4139/4139 4140/4140/4140 4141/4141/4141
f 4141/4141/4141 4140/4140/4140 4138/4138/4138
f 4142/4142/4142 4139/4139/4139 4141/4141/4141
f 4133/4133/4133 4141/4141/4141 4138/4138/4138
f 4142/4142/4142 4143/4143/4143 4144/4144/4144
f 4145/4145/4145 4146/4146/4146 4147/4147/4147
f 4143/4143/4143 4145/4145/4145 4148/4148/4148
f 4146/4146/4146 4149/4149/4149 4150/4150/4150
f 4142/4142/4142 4151/4151/4151 4139/4139/4139
f 4143/4143/4143 4152/4152/4152 4144/4144/4144
f 4145/4145/4145 4147/4147/4147 4148/4148/4148
f 4146/4146/4146 4150/4150/4150 4153/4153/4153
f 4154/4154/4154 4155/4155/4155 4156/4156/4156
f 4157/4157/4157 4158/4158/4158 4159/4159/4159
f 4160/4160/4160 4158/4158/4158 4154/4154/4154
f 4161/4161/4161 4157/4157/4157 4162/4162/4162
f 4163/4163/4163 4164/4164/4164 4155/4155/4155
f 4164/4164/4164 4156/4156/4156 4155/4155/4155
f 4154/4154/4154 4156/4156/4156 4160/4160/4160
f 4160/4160/4160 4159/4159/4159 4158/4158/4158
f 4159/4159/4159 4162/4162/4162 4157/4157/4157
f 4165/4165/4165 4167/4167/4167 4162/4162/4162
f 4166/4166/4166 4167/4167/4167 4168/4168/4168
f 4169/4169/4169 4170/4170/4170 4171/4171/4171
f 4172/4172/4172 4170/4170/4170 4166/4166/4166
f 4173/4173/4173 4174/4174/4174 4169/4169/4169
f 4168/4168/4168 4172/4172/4172 4166/4166/4166
f 4167/4167/4167 4165/4165/4165 4168/4168/4168
f 4171/4171/4171 4173/4173/4173 4169/4169/4169
f 4170/4170/4170 4172/4172/4172 4171/4171/4171
f 4173/4173/4173 4175/4175/4175 4174/4174/4174
f 4176/4176/4176 4177/4177/4177 4178/4178/4178
f 4179/4179/4179 4180/4180/4180 4181/4181/4181
f 4182/4182/4182 4181/4181/4181 4183/4183/4183
f 4181/4181/4181 4182/4182/4182 4185/4185/4185
f 4185/4185/4185 4179/4179/4179 4181/4181/4181
f 4188/4188/4188 4191/4191/4191 4186/4186/4186
f 4191/4191/4191 4188/4188/4188 4189/4189/4189
f 4195/4195/4195 4196/4196/4196 4197/4197/4197
f 4203/4203/4203 4193/4193/4193 4198/4198/4198
f 4204/4204/4204 4200/4200/4200 4208/4208/4208
f 4210/4210/4210 4206/4206/4206 4212/4212/4212
f 4214/4214/4214 4209/4209/4209 4216/4216/4216
f 4218/4218/4218 4214/4214/4214 4219/4219/4219
f 4220/4220/4220 4222/4222/4222 4201/4201/4201
f 4224/4224/4224 4220/4220/4220 4205/4205/4205
f 4224/4224/4224 4205/4205/4205 4225/4225/4225
f 4229/4229/4229 4230/4230/4230 4223/4223/4223
f 4232/4232/4232 4228/4228/4228 4221/4221/4221
f 4234/4234/4234 4233/4233/4233 4224/4224/4224
f 4235/4235/4235 4234/4234/4234 4225/4225/4225
f 4238/4238/4238 4239/4239/4239 4229/4229/4229
f 4243/4243/4243 4237/4237/4237 4232/4232/4232
f 4234/4234/4234 4235/4235/4235 4244/4244/4244
f 4247/4247/4247 4246/4246/4246 4235/4235/4235
f 4249/4249/4249 4251/4251/4251 4241/4241/4241
f 4255/4255/4255 4250/4250/4250 4237/4237/4237
f 4257/4257/4257 4253/4253/4253 4245/4245/4245
f 4260/4260/4260 4256/4256/4256 4246/4246/4246
f 4263/4263/4263 4260/4260/4260 4247/4247/4247
f 4264/4264/4264 4263/4263/4263 4268/4268/4268
f 4217/4217/4217 4269/4269/4269 4270/4270/4270
f 4269/4269/4269 4217/4217/4217 4272/4272/4272
f 4274/4274/4274 4277/4277/4277 4280/4280/4280
f 4282/4282/4282 4276/4276/4276 4285/4285/4285
f 4287/4287/4287 4284/4284/4284 4288/4288/4288
f 4281/4281/4281 4219/4219/4219 4271/4271/4271
f 4286/4286/4286 4289/4289/4289 4290/4290/4290
f 4298/4298/4298 4304/4304/4304 4297/4297/4297
f 4296/4296/4296 4301/4301/4301 4291/4291/4291
f 4303/4303/4303 4299/4299/4299 4307/4307/4307
f 4311/4311/4311 4320/4320/4320 4309/4309/4309
f 4281/4281/4281 4279/4279/4279 4219/4219/4219
f 4216/4216/4216 4271/4271/4271 4219/4219/4219
f 4283/4283/4283 4278/4278/4278 4275/4275/4275
f 4302/4302/4302 4286/4286/4286 4290/4290/4290
f 4225/4225/4225 4214/4214/4214 4312/4312/4312
f 4225/4225/4225 4313/4313/4313 4235/4235/4235
f 4313/4313/4313 4225/4225/4225 4312/4312/4312
f 4282/4282/4282 4285/4285/4285 4286/4286/4286
f 4314/4314/4314 4279/4279/4279 4282/4282/4282
f 4312/4312/4312 4218/4218/4218 4314/4314/4314
f 4279/4279/4279 4314/4314/4314 4218/4218/4218
f 4218/4218/4218 4312/4312/4312 4214/4214/4214
f 4314/4314/4314 4282/4282/4282 4286/4286/4286
f 4315/4315/4315 4317/4317/4317 4319/4319/4319
f 4315/4315/4315 4319/4319/4319 4321/4321/4321
f 4310/4310/4310 4315/4315/4315 4321/4321/4321
f 4295/4295/4295 4293/4293/4293 4300/4300/4300
f 4324/4324/4324 4328/4328/4328 4317/4317/4317
f 4325/4325/4325 4335/4335/4335 4328/4328/4328
f 4332/4332/4332 4334/4334/4334 4326/4326/4326
f 4337/4337/4337 4339/4339/4339 4331/4331/4331
f 4342/4342/4342 4344/4344/4344 4336/4336/4336
f 4341/4341/4341 4345/4345/4345 4347/4347/4347
f 4343/4343/4343 4341/4341/4341 4347/4347/4347
f 4348/4348/4348 4347/4347/4347 4345/4345/4345
f 4340/4340/4340 4338/4338/4338 4343/4343/4343
f 4335/4335/4335 4333/4333/4333 4340/4340/4340
f 4350/4350/4350 4349/4349/4349 4346/4346/4346
f 4351/4351/4351 4352/4352/4352 4354/4354/4354
f 4348/4348/4348 4350/4350/4350 4353/4353/4353
f 4355/4355/4355 4354/4354/4354 4352/4352/4352
f 4356/4356/4356 4235/4235/4235 4313/4313/4313
f 4260/4260/4260 4357/4357/4357 4359/4359/4359
f 4258/4258/4258 4360/4360/4360 4361/4361/4361
f 4262/4262/4262 4363/4363/4363 4366/4366/4366
f 4268/4268/4268 4247/4247/4247 4356/4356/4356
f 4247/4247/4247 4235/4235/4235 4356/4356/4356
f 4369/4369/4369 4268/4268/4268 4356/4356/4356
f 4372/4372/4372 4264/4264/4264 4369/4369/4369
f 4267/4267/4267 4368/4368/4368 4265/4265/4265
f 4369/4369/4369 4374/4374/4374 4372/4372/4372
f 4370/4370/4370 4376/4376/4376 4378/4378/4378
f 4265/4265/4265 4378/4378/4378 4364/4364/4364
f 4374/4374/4374 4379/4379/4379 4372/4372/4372
f 4374/4374/4374 4381/4381/4381 4385/4385/4385
f 4387/4387/4387 4391/4391/4391 4392/4392/4392
f 4394/4394/4394 4395/4395/4395 4381/4381/4381
f 4398/4398/4398 4397/4397/4397 4386/4386/4386
f 4260/4260/4260 4367/4367/4367 4357/4357/4357
f 4372/4372/4372 4379/4379/4379 4375/4375/4375
f 4382/4382/4382 4396/4396/4396 4384/4384/4384
f 4373/4373/4373 4383/4383/4383 4380/4380/4380
f 4388/4388/4388 4400/4400/4400 4399/4399/4399
f 4390/4390/4390 4402/4402/4402 4393/4393/4393
f 4388/4388/4388 4393/4393/4393 4400/4400/4400
f 4404/4404/4404 4401/4401/4401 4389/4389/4389
f 4407/4407/4407 4403/4403/4403 4405/4405/4405
f 4410/4410/4410 4408/4408/4408 4406/4406/4406
f 4410/4410/4410 4413/4413/4413 4408/4408/4408
f 4415/4415/4415 4412/4412/4412 4409/4409/4409
f 4418/4418/4418 4416/4416/4416 4419/4419/4419
f 4420/4420/4420 4422/4422/4422 4419/4419/4419
f 4424/4424/4424 4425/4425/4425 4427/4427/4427
f 4429/4429/4429 4423/4423/4423 4430/4430/4430
f 4433/4433/4433 4421/4421/4421 4434/4434/4434
f 4436/4436/4436 4435/4435/4435 4428/4428/4428
f 4417/4417/4417 4411/4411/4411 4414/4414/4414
f 4420/4420/4420 4432/4432/4432 4422/4422/4422
f 4419/4419/4419 4422/4422/4422 4418/4418/4418
f 4435/4435/4435 4436/4436/4436 4432/4432/4432
f 4428/4428/4428 4431/4431/4431 4436/4436/4436
f 4424/4424/4424 4426/4426/4426 4431/4431/4431
f 4437/4437/4437 4438/4438/4438 4439/4439/4439
f 4439/4439/4439 4445/4445/4445 4437/4437/4437
f 4441/4441/4441 4442/4442/4442 4438/4438/4438
f 4441/4441/4441 4444/4444/4444 4442/4442/4442
f 4442/4442/4442 4439/4439/4439 4438/4438/4438
f 4438/4438/4438 4437/4437/4437 4441/4441/4441
f 4442/4442/4442 4445/4445/4445 4439/4439/4439
f 4447/4447/4447 4440/4440/4440 4446/4446/4446
f 4449/4449/4449 4447/4447/4447 4446/4446/4446
f 4451/4451/4451 4449/4449/4449 4448/4448/4448
f 4453/4453/4453 4451/4451/4451 4450/4450/4450
f 4454/4454/4454 4455/4455/4455 4452/4452/4452
f 4456/4456/4456 4457/4457/4457 4458/4458/4458
f 4459/4459/4459 4458/4458/4458 4457/4457/4457
f 4460/4460/4460 4461/4461/4461 4454/4454/4454
f 4452/4452/4452 4455/4455/4455 4453/4453/4453
f 4454/4454/4454 4461/4461/4461 4455/4455/4455
f 4456/4456/4456 4458/4458/4458 4460/4460/4460
f 4462/4462/4462 4463/4463/4463 4464/4464/4464
f 4465/4465/4465 4466/4466/4466 4467/4467/4467
f 4468/4468/4468 4469/4469/4469 4470/4470/4470
f 4470/4470/4470 4469/4469/4469 4471/4471/4471
f 4465/4465/4465 4467/4467/4467 4472/4472/4472
f 4473/4473/4473 4475/4475/4475 4465/4465/4465
f 4472/4472/4472 4473/4473/4473 4465/4465/4465
f 4473/4473/4473 4474/4474/4474 4475/4475/4475
f 4476/4476/4476 4470/4470/4470 4475/4475/4475
f 4471/4471/4471 4466/4466/4466 4470/4470/4470
f 4472/4472/4472 4477/4477/4477 4473/4473/4473
f 4477/4477/4477 4474/4474/4474 4473/4473/4473
f 4478/4478/4478 4476/4476/4476 4474/4474/4474
f 4474/4474/4474 4477/4477/4477 4478/4478/4478
f 4480/4480/4480 4477/4477/4477 4472/4472/4472
f 4481/4481/4481 4482/4482/4482 4478/4478/4478
f 4481/4481/4481 4478/4478/4478 4479/4479/4479
f 4466/4466/4466 4471/4471/4471 4484/4484/4484
f 4485/4485/4485 4483/4483/4483 4469/4469/4469
f 4468/4468/4468 4485/4485/4485 4469/4469/4469
f 4486/4486/4486 4485/4485/4485 4468/4468/4468
f 4467/4467/4467 4487/4487/4487 4472/4472/4472
f 4487/4487/4487 4488/4488/4488 4472/4472/4472
f 4488/4488/4488 4480/4480/4480 4472/4472/4472
f 4481/4481/4481 4479/4479/4479 4489/4489/4489
f 4477/4477/4477 4490/4490/4490 4479/4479/4479
f 4491/4491/4491 4492/4492/4492 4493/4493/4493
f 4482/4482/4482 4481/4481/4481 4494/4494/4494
f 4494/4494/4494 4491/4491/4491 4493/4493/4493
f 4489/4489/4489 4494/4494/4494 4481/4481/4481
f 4495/4495/4495 4496/4496/4496 4497/4497/4497
f 4500/4500/4500 4517/4517/4517 4499/4499/4499
f 4502/4502/4502 4518/4518/4518 4503/4503/4503
f 4504/4504/4504 4532/4532/4532 4498/4498/4498
f 4502/4502/4502 4501/4501/4501 4505/4505/4505
f 4506/4506/4506 4507/4507/4507 4508/4508/4508
f 4509/4509/4509 4510/4510/4510 4507/4507/4507
f 4509/4509/4509 4507/4507/4507 4511/4511/4511
f 4511/4511/4511 4507/4507/4507 4506/4506/4506
f 4506/4506/4506 4513/4513/4513 4511/4511/4511
f 4514/4514/4514 4515/4515/4515 4516/4516/4516
f 4517/4517/4517 4518/4518/4518 4498/4498/4498
f 4518/4518/4518 4517/4517/4517 4519/4519/4519
f 4520/4520/4520 4521/4521/4521 4503/4503/4503
f 4501/4501/4501 4522/4522/4522 4523/4523/4523
f 4524/4524/4524 4523/4523/4523 4525/4525/4525
f 4503/4503/4503 4521/4521/4521 4522/4522/4522
f 4503/4503/4503 4522/4522/4522 4501/4501/4501
f 4501/4501/4501 4523/4523/4523 4524/4524/4524
f 4526/4526/4526 4524/4524/4524 4527/4527/4527
f 4525/4525/4525 4527/4527/4527 4524/4524/4524
f 4520/4520/4520 4518/4518/4518 4519/4519/4519
f 4501/4501/4501 4524/4524/4524 4528/4528/4528
f 4497/4497/4497 4496/4496/4496 4529/4529/4529
f 4530/4530/4530 4529/4529/4529 4496/4496/4496
f 4531/4531/4531 4530/4530/4530 4496/4496/4496
f 4495/4495/4495 4500/4500/4500 4499/4499/4499
f 4504/4504/4504 4505/4505/4505 4533/4533/4533
f 4532/4532/4532 4499/4499/4499 4498/4498/4498
f 4501/4501/4501 4534/4534/4534 4505/4505/4505
f 4534/4534/4534 4535/4535/4535 4505/4505/4505
f 4528/4528/4528 4524/4524/4524 4536/4536/4536
f 4531/4531/4531 4499/4499/4499 4532/4532/4532
f 4536/4536/4536 4524/4524/4524 4537/4537/4537
f 4538/4538/4538 4526/4526/4526 4539/4539/4539
f 4510/4510/4510 4540/4540/4540 4541/4541/4541
f 4541/4541/4541 4542/4542/4542 4510/4510/4510
f 4538/4538/4538 4539/4539/4539 4540/4540/4540
f 4509/4509/4509 4538/4538/4538 4510/4510/4510
f 4540/4540/4540 4510/4510/4510 4538/4538/4538
f 4509/4509/4509 4512/4512/4512 4538/4538/4538
f 4507/4507/4507 4542/4542/4542 4508/4508/4508
f 4524/4524/4524 4538/4538/4538 4537/4537/4537
f 4543/4543/4543 4506/4506/4506 4508/4508/4508
f 4513/4513/4513 4506/4506/4506 4543/4543/4543
f 4543/4543/4543 4544/4544/4544 4545/4545/4545
f 4513/4513/4513 4543/4543/4543 4545/4545/4545
f 4515/4515/4515 4551/4551/4551 4544/4544/4544
f 4512/4512/4512 4511/4511/4511 4546/4546/4546
f 4545/4545/4545 4547/4547/4547 4513/4513/4513
f 4511/4511/4511 4513/4513/4513 4547/4547/4547
f 4548/4548/4548 4549/4549/4549 4538/4538/4538
f 4550/4550/4550 4548/4548/4548 4512/4512/4512
f 4548/4548/4548 4538/4538/4538 4512/4512/4512
f 4514/4514/4514 4551/4551/4551 4515/4515/4515
f 4547/4547/4547 4545/4545/4545 4551/4551/4551
f 4516/4516/4516 4552/4552/4552 4514/4514/4514
f 4553/4553/4553 4514/4514/4514 4552/4552/4552
f 4551/4551/4551 4514/4514/4514 4553/4553/4553
f 4526/4526/4526 4538/4538/4538 4524/4524/4524
f 4554/4554/4554 4555/4555/4555 4556/4556/4556
f 4556/4556/4556 4598/4598/4598 4554/4554/4554
f 4558/4558/4558 4601/4601/4601 4556/4556/4556
f 4559/4559/4559 4560/4560/4560 4561/4561/4561
f 4562/4562/4562 4563/4563/4563 4564/4564/4564
f 4564/4564/4564 4565/4565/4565 4562/4562/4562
f 4566/4566/4566 4562/4562/4562 4565/4565/4565
f 4567/4567/4567 4568/4568/4568 4569/4569/4569
f 4563/4563/4563 4569/4569/4569 4568/4568/4568
f 4568/4568/4568 4564/4564/4564 4563/4563/4563
f 4567/4567/4567 4569/4569/4569 4570/4570/4570
f 4571/4571/4571 4605/4605/4605 4570/4570/4570
f 4572/4572/4572 4573/4573/4573 4574/4574/4574
f 4575/4575/4575 4576/4576/4576 4577/4577/4577
f 4577/4577/4577 4578/4578/4578 4575/4575/4575
f 4579/4579/4579 4575/4575/4575 4578/4578/4578
f 4574/4574/4574 4573/4573/4573 4579/4579/4579
f 4578/4578/4578 4574/4574/4574 4579/4579/4579
f 4580/4580/4580 4581/4581/4581 4582/4582/4582
f 4582/4582/4582 4583/4583/4583 4580/4580/4580
f 4576/4576/4576 4580/4580/4580 4583/4583/4583
f 4583/4583/4583 4577/4577/4577 4576/4576/4576
f 4584/4584/4584 4581/4581/4581 4585/4585/4585
f 4586/4586/4586 4584/4584/4584 4585/4585/4585
f 4584/4584/4584 4582/4582/4582 4581/4581/4581
f 4587/4587/4587 4588/4588/4588 4589/4589/4589
f 4586/4586/4586 4585/4585/4585 4588/4588/4588
f 4590/4590/4590 4587/4587/4587 4589/4589/4589
f 4591/4591/4591 4619/4619/4619 4593/4593/4593
f 4571/4571/4571 4570/4570/4570 4594/4594/4594
f 4595/4595/4595 4596/4596/4596 4597/4597/4597
f 4599/4599/4599 4557/4557/4557 4600/4600/4600
f 4558/4558/4558 4559/4559/4559 4601/4601/4601
f 4598/4598/4598 4600/4600/4600 4557/4557/4557
f 4601/4601/4601 4598/4598/4598 4556/4556/4556
f 4561/4561/4561 4560/4560/4560 4602/4602/4602
f 4566/4566/4566 4565/4565/4565 4602/4602/4602
f 4561/4561/4561 4602/4602/4602 4603/4603/4603
f 4564/4564/4564 4604/4604/4604 4565/4565/4565
f 4559/4559/4559 4561/4561/4561 4603/4603/4603
f 4554/4554/4554 4557/4557/4557 4599/4599/4599
f 4595/4595/4595 4606/4606/4606 4594/4594/4594
f 4606/4606/4606 4605/4605/4605 4571/4571/4571
f 4604/4604/4604 4564/4564/4564 4568/4568/4568
f 4595/4595/4595 4597/4597/4597 4606/4606/4606
f 4607/4607/4607 4608/4608/4608 4597/4597/4597
f 4609/4609/4609 4608/4608/4608 4607/4607/4607
f 4607/4607/4607 4597/4597/4597 4596/4596/4596
f 4607/4607/4607 4596/4596/4596 4610/4610/4610
f 4572/4572/4572 4611/4611/4611 4573/4573/4573
f 4612/4612/4612 4613/4613/4613 4614/4614/4614
f 4607/4607/4607 4614/4614/4614 4613/4613/4613
f 4611/4611/4611 4613/4613/4613 4612/4612/4612
f 4613/4613/4613 4611/4611/4611 4572/4572/4572
f 4615/4615/4615 4613/4613/4613 4572/4572/4572
f 4607/4607/4607 4613/4613/4613 4609/4609/4609
f 4574/4574/4574 4615/4615/4615 4572/4572/4572
f 4584/4584/4584 4616/4616/4616 4582/4582/4582
f 4586/4586/4586 4616/4616/4616 4584/4584/4584
f 4578/4578/4578 4577/4577/4577 4583/4583/4583
f 4617/4617/4617 4588/4588/4588 4587/4587/4587
f 4618/4618/4618 4617/4617/4617 4587/4587/4587
f 4619/4619/4619 4618/4618/4618 4592/4592/4592
f 4620/4620/4620 4619/4619/4619 4591/4591/4591
f 4621/4621/4621 4591/4591/4591 4593/4593/4593
f 4621/4621/4621 4620/4620/4620 4591/4591/4591
f 4607/4607/4607 4610/4610/4610 4614/4614/4614
f 4622/4622/4622 4623/4623/4623 4624/4624/4624
f 4625/4625/4625 4624/4624/4624 4626/4626/4626
f 4627/4627/4627 4628/4628/4628 4629/4629/4629
f 4628/4628/4628 4627/4627/4627 4630/4630/4630
f 4629/4629/4629 4634/4634/4634 4627/4627/4627
f 4625/4625/4625 4632/4632/4632 4622/4622/4622
f 4633/4633/4633 4632/4632/4632 4625/4625/4625
f 4624/4624/4624 4625/4625/4625 4622/4622/4622
f 4633/4633/4633 4631/4631/4631 4634/4634/4634
f 4633/4633/4633 4625/4625/4625 4635/4635/4635
f 4634/4634/4634 4632/4632/4632 4633/4633/4633
f 4636/4636/4636 4637/4637/4637 4638/4638/4638
f 4637/4637/4637 4639/4639/4639 4640/4640/4640
f 4641/4641/4641 4639/4639/4639 4636/4636/4636
f 4637/4637/4637 4636/4636/4636 4639/4639/4639
f 4642/4642/4642 4639/4639/4639 4641/4641/4641
f 4639/4639/4639 4642/4642/4642 4643/4643/4643
f 4644/4644/4644 4642/4642/4642 4641/4641/4641
f 4645/4645/4645 4642/4642/4642 4644/4644/4644
f 4646/4646/4646 4647/4647/4647 4644/4644/4644
f 4647/4647/4647 4646/4646/4646 4648/4648/4648
f 4649/4649/4649 4647/4647/4647 4648/4648/4648
f 5/5/5 7/7/7 4650/4650/4650
f 8/8/8 6/6/6 5/5/5
f 10/10/10 9/9/9 8/8/8
f 12/12/12 11/11/11 10/10/10
f 52/52/52 53/53/53 56/56/56
f 54/54/54 56/56/56 53/53/53
f 4651/4651/4651 4652/4652/4652 4653/4653/4653
f 4654/4654/4654 4653/4653/4653 4652/4652/4652
f 57/57/57 59/59/59 4655/4655/4655
f 60/60/60 62/62/62 65/65/65
f 63/63/63 61/61/61 60/60/60
f 65/65/65 58/58/58 57/57/57
f 70/70/70 72/72/72 4656/4656/4656
f 74/74/74 71/71/71 70/70/70
f 110/110/110 112/112/112 4657/4657/4657
f 113/113/113 115/115/115 4658/4658/4658
f 116/116/116 114/114/114 113/113/113
f 118/118/118 117/117/117 116/116/116
f 120/120/120 119/119/119 118/118/118
f 122/122/122 124/124/124 4659/4659/4659
f 125/125/125 127/127/127 131/131/131
f 126/126/126 128/128/128 4660/4660/4660
f 129/129/129 131/131/131 127/127/127
f 132/132/132 134/134/134 4661/4661/4661
f 135/135/135 137/137/137 141/141/141
f 136/136/136 138/138/138 4662/4662/4662
f 139/139/139 141/141/141 137/137/137
f 142/142/142 144/144/144 4663/4663/4663
f 145/145/145 143/143/143 142/142/142
f 147/147/147 146/146/146 145/145/145
f 149/149/149 148/148/148 147/147/147
f 4664/4664/4664 4665/4665/4665 4666/4666/4666
f 4667/4667/4667 4666/4666/4666 4665/4665/4665
f 181/181/181 183/183/183 4668/4668/4668
f 184/184/184 182/182/182 181/181/181
f 186/186/186 185/185/185 184/184/184
f 188/188/188 187/187/187 186/186/186
f 194/194/194 196/196/196 200/200/200
f 195/195/195 197/197/197 4669/4669/4669
f 198/198/198 200/200/200 196/196/196
f 205/205/205 207/207/207 211/211/211
f 206/206/206 208/208/208 4670/4670/4670
f 209/209/209 211/211/211 207/207/207
f 212/212/212 214/214/214 4671/4671/4671
f 215/215/215 213/213/213 212/212/212
f 217/217/217 216/216/216 215/215/215
f 219/219/219 218/218/218 217/217/217
f 261/261/261 263/263/263 4673/4673/4673
f 267/267/267 269/269/269 4675/4675/4675
f 270/270/270 272/272/272 275/275/275
f 273/273/273 275/275/275 272/272/272
f 276/276/276 278/278/278 4676/4676/4676
f 279/279/279 281/281/281 284/284/284
f 282/282/282 284/284/284 281/281/281
f 285/285/285 287/287/287 4677/4677/4677
f 288/288/288 290/290/290 4678/4678/4678
f 291/291/291 293/293/293 4679/4679/4679
f 294/294/294 296/296/296 4680/4680/4680
f 297/297/297 299/299/299 4681/4681/4681
f 331/331/331 333/333/333 4682/4682/4682
f 334/334/334 332/332/332 331/331/331
f 335/335/335 336/336/336 339/339/339
f 337/337/337 339/339/339 336/336/336
f 340/340/340 342/342/342 4683/4683/4683
f 343/343/343 341/341/341 340/340/340
f 4684/4684/4684 4685/4685/4685 349/349/349
f 350/350/350 349/349/349 4685/4685/4685
f 357/357/357 359/359/359 4686/4686/4686
f 360/360/360 358/358/358 357/357/357
f 362/362/362 364/364/364 4687/4687/4687
f 365/365/365 363/363/363 362/362/362
f 371/371/371 370/370/370 373/373/373
f 384/384/384 386/386/386 4688/4688/4688
f 387/387/387 385/385/385 384/384/384
f 404/404/404 406/406/406 4694/4694/4694
f 4696/4696/4696 4699/4699/4699 4697/4697/4697
f 410/410/410 412/412/412 4700/4700/4700
f 417/417/417 419/419/419 4701/4701/4701
f 421/421/421 423/423/423 4702/4702/4702
f 424/424/424 422/422/422 421/421/421
f 4705/4705/4705 4707/4707/4707 4704/4704/4704
f 463/463/463 465/465/465 4710/4710/4710
f 466/466/466 468/468/468 4711/4711/4711
f 469/469/469 471/471/471 4712/4712/4712
f 472/472/472 474/474/474 4713/4713/4713
f 4714/4714/4714 4715/4715/4715 4716/4716/4716
f 4717/4717/4717 4716/4716/4716 4715/4715/4715
f 478/478/478 480/480/480 477/477/477
f 4719/4719/4719 4721/4721/4721 4718/4718/4718
f 4722/4722/4722 4727/4727/4727 4724/4724/4724
f 507/507/507 509/509/509 4730/4730/4730
f 530/530/530 532/532/532 4735/4735/4735
f 533/533/533 537/537/537 4736/4736/4736
f 538/538/538 540/540/540 4737/4737/4737
f 541/541/541 543/543/543 4738/4738/4738
f 551/551/551 555/555/555 4740/4740/4740
f 556/556/556 558/558/558 4741/4741/4741
f 4743/4743/4743 4744/4744/4744 4745/4745/4745
f 4747/4747/4747 569/569/569 4748/4748/4748
f 575/575/575 573/573/573 572/572/572
f 578/578/578 580/580/580 4749/4749/4749
f 581/581/581 583/583/583 586/586/586
f 584/584/584 586/586/586 583/583/583
f 587/587/587 589/589/589 4750/4750/4750
f 590/590/590 592/592/592 4751/4751/4751
f 593/593/593 595/595/595 4752/4752/4752
f 4753/4753/4753 4754/4754/4754 4755/4755/4755
f 4756/4756/4756 4755/4755/4755 4754/4754/4754
f 4758/4758/4758 4760/4760/4760 4757/4757/4757
f 664/664/664 666/666/666 669/669/669
f 667/667/667 669/669/669 666/666/666
f 670/670/670 672/672/672 4762/4762/4762
f 676/676/676 671/671/671 670/670/670
f 681/681/681 683/683/683 684/684/684
f 686/686/686 688/688/688 4764/4764/4764
f 4766/4766/4766 4768/4768/4768 4765/4765/4765
f 833/833/833 835/835/835 4799/4799/4799
f 836/836/836 834/834/834 833/833/833
f 4800/4800/4800 837/837/837 836/836/836
f 841/841/841 839/839/839 838/838/838
f 840/840/840 4801/4801/4801 4800/4800/4800
f 855/855/855 4802/4802/4802 856/856/856
f 868/868/868 4803/4803/4803 866/866/866
f 4804/4804/4804 868/868/868 867/867/867
f 909/909/909 906/906/906 905/905/905
f 926/926/926 4806/4806/4806 927/927/927
f 940/940/940 939/939/939 931/931/931
f 935/935/935 943/943/943 936/936/936
f 934/934/934 933/933/933 4807/4807/4807
f 1052/1052/1052 1051/1051/1051 987/987/987
f 1053/1053/1053 1054/1054/1054 992/992/992
f 994/994/994 1059/1059/1059 997/997/997
f 1003/1003/1003 1061/1061/1061 1004/1004/1004
f 1019/1019/1019 1066/1066/1066 1015/1015/1015
f 1065/1065/1065 1064/1064/1064 1008/1008/1008
f 1019/1019/1019 1017/1017/1017 1067/1067/1067
f 1024/1024/1024 1067/1067/1067 1057/1057/1057
f 1031/1031/1031 1077/1077/1077 1069/1069/1069
f 1079/1079/1079 1080/1080/1080 1033/1033/1033
f 1082/1082/1082 1081/1081/1081 1040/1040/1040
f 1045/1045/1045 1084/1084/1084 1046/1046/1046
f 1070/1070/1070 1085/1085/1085 1071/1071/1071
f 1098/1098/1098 1092/1092/1092 1091/1091/1091
f 1105/1105/1105 1104/1104/1104 1103/1103/1103
f 1111/1111/1111 1113/1113/1113 1115/1115/1115
f 1114/1114/1114 1135/1135/1135 1113/1113/1113
f 1110/1110/1110 1115/1115/1115 1108/1108/1108
f 1117/1117/1117 1102/1102/1102 1101/1101/1101
f 1122/1122/1122 1124/1124/1124 1125/1125/1125
f 1121/1121/1121 1125/1125/1125 1119/1119/1119
f 1127/1127/1127 1134/1134/1134 1128/1128/1128
f 1131/1131/1131 1133/1133/1133 1129/1129/1129
f 1126/1126/1126 1128/1128/1128 1124/1124/1124
f 1135/1135/1135 1114/1114/1114 1120/1120/1120
f 1194/1194/1194 1196/1196/1196 1195/1195/1195
f 1213/1213/1213 1208/1208/1208 1207/1207/1207
f 4809/4809/4809 1214/1214/1214 1213/1213/1213
f 1227/1227/1227 1230/1230/1230 1228/1228/1228
f 1237/1237/1237 1236/1236/1236 1235/1235/1235
f 1233/1233/1233 1238/1238/1238 1234/1234/1234
f 1234/1234/1234 1238/1238/1238 1237/1237/1237
f 1245/1245/1245 1241/1241/1241 1239/1239/1239
f 1257/1257/1257 1251/1251/1251 1250/1250/1250
f 1255/1255/1255 1257/1257/1257 1250/1250/1250
f 1263/1263/1263 1265/1265/1265 1266/1266/1266
f 1266/1266/1266 1262/1262/1262 1261/1261/1261
f 1267/1267/1267 1264/1264/1264 1263/1263/1263
f 1269/1269/1269 1271/1271/1271 1272/1272/1272
f 1272/1272/1272 1268/1268/1268 1267/1267/1267
f 1273/1273/1273 1275/1275/1275 4810/4810/4810
f 1275/1275/1275 1270/1270/1270 4810/4810/4810
f 4810/4810/4810 1270/1270/1270 1269/1269/1269
f 1286/1286/1286 1279/1279/1279 1278/1278/1278
f 1288/1288/1288 1287/1287/1287 1286/1286/1286
f 1324/1324/1324 1326/1326/1326 1325/1325/1325
f 1420/1420/1420 1426/1426/1426 1421/1421/1421
f 4811/4811/4811 1420/1420/1420 1419/1419/1419
f 4812/4812/4812 1420/1420/1420 4811/4811/4811
f 1422/1422/1422 1420/1420/1420 4812/4812/4812
f 1424/1424/1424 1423/1423/1423 1422/1422/1422
f 4813/4813/4813 1451/1451/1451 1444/1444/1444
f 4813/4813/4813 1452/1452/1452 1451/1451/1451
f 1448/1448/1448 1447/1447/1447 1453/1453/1453
f 1444/1444/1444 1451/1451/1451 1455/1455/1455
f 1483/1483/1483 4814/4814/4814 1484/1484/1484
f 1487/1487/1487 1483/1483/1483 1485/1485/1485
f 4815/4815/4815 1493/1493/1493 1492/1492/1492
f 1497/1497/1497 1496/1496/1496 4816/4816/4816
f 4816/4816/4816 4817/4817/4817 1497/1497/1497
f 4818/4818/4818 4819/4819/4819 1513/1513/1513
f 1516/1516/1516 4818/4818/4818 1513/1513/1513
f 4820/4820/4820 4821/4821/4821 4822/4822/4822
f 1528/1528/1528 4823/4823/4823 1529/1529/1529
f 1531/1531/1531 4824/4824/4824 1532/1532/1532
f 4825/4825/4825 4826/4826/4826 4827/4827/4827
f 1571/1571/1571 4828/4828/4828 4829/4829/4829
f 4830/4830/4830 4831/4831/4831 4832/4832/4832
f 4830/4830/4830 4833/4833/4833 4831/4831/4831
f 4834/4834/4834 1613/1613/1613 4835/4835/4835
f 1613/1613/1613 1610/1610/1610 4835/4835/4835
f 1613/1613/1613 1611/1611/1611 1610/1610/1610
f 1646/1646/1646 1638/1638/1638 1647/1647/1647
f 1635/1635/1635 1637/1637/1637 1639/1639/1639
f 1638/1638/1638 1639/1639/1639 1647/1647/1647
f 1640/1640/1640 1642/1642/1642 1644/1644/1644
f 1653/1653/1653 1643/1643/1643 1649/1649/1649
f 1677/1677/1677 4836/4836/4836 1686/1686/1686
f 1716/1716/1716 1713/1713/1713 1712/1712/1712
f 1710/1710/1710 1711/1711/1711 1714/1714/1714
f 1708/1708/1708 4837/4837/4837 1711/1711/1711
f 1715/1715/1715 1712/1712/1712 1718/1718/1718
f 1756/1756/1756 1759/1759/1759 1757/1757/1757
f 1851/1851/1851 1813/1813/1813 1829/1829/1829
f 1775/1775/1775 1778/1778/1778 1776/1776/1776
f 1793/1793/1793 1822/1822/1822 1818/1818/1818
f 1761/1761/1761 1825/1825/1825 1762/1762/1762
f 1833/1833/1833 1854/1854/1854 1853/1853/1853
f 1770/1770/1770 1857/1857/1857 1856/1856/1856
f 1838/1838/1838 1856/1856/1856 1855/1855/1855
f 1775/1775/1775 1859/1859/1859 1858/1858/1858
f 1919/1919/1919 1913/1913/1913 1914/1914/1914
f 1919/1919/1919 1914/1914/1914 1915/1915/1915
f 1928/1928/1928 1946/1946/1946 1938/1938/1938
f 1932/1932/1932 1945/1945/1945 1942/1942/1942
f 4838/4838/4838 2015/2015/2015 2014/2014/2014
f 4839/4839/4839 2019/2019/2019 2015/2015/2015
f 2025/2025/2025 2022/2022/2022 2021/2021/2021
f 2025/2025/2025 2023/2023/2023 2022/2022/2022
f 4840/4840/4840 4841/4841/4841 4842/4842/4842
f 4843/4843/4843 4845/4845/4845 4846/4846/4846
f 4847/4847/4847 4848/4848/4848 4844/4844/4844
f 4849/4849/4849 4850/4850/4850 2037/2037/2037
f 2264/2264/2264 2272/2272/2272 2265/2265/2265
f 2261/2261/2261 2263/2263/2263 2271/2271/2271
f 2267/2267/2267 2270/2270/2270 2269/2269/2269
f 2264/2264/2264 2285/2285/2285 2284/2284/2284
f 2262/2262/2262 2288/2288/2288 2264/2264/2264
f 2261/2261/2261 2287/2287/2287 2262/2262/2262
f 2267/2267/2267 2289/2289/2289 2270/2270/2270
f 2266/2266/2266 2290/2290/2290 2267/2267/2267
f 2266/2266/2266 2268/2268/2268 2282/2282/2282
f 4851/4851/4851 4852/4852/4852 4853/4853/4853
f 4854/4854/4854 4855/4855/4855 4856/4856/4856
f 4857/4857/4857 4858/4858/4858 4859/4859/4859
f 4860/4860/4860 4861/4861/4861 4862/4862/4862
f 2757/2757/2757 2755/2755/2755 2759/2759/2759
f 2760/2760/2760 2759/2759/2759 2762/2762/2762
f 2766/2766/2766 4863/4863/4863 2767/2767/2767
f 2768/2768/2768 2767/2767/2767 4864/4864/4864
f 2770/2770/2770 4865/4865/4865 2771/2771/2771
f 2769/2769/2769 2771/2771/2771 4866/4866/4866
f 4867/4867/4867 4868/4868/4868 4869/4869/4869
f 2781/2781/2781 2793/2793/2793 2782/2782/2782
f 2823/2823/2823 2822/2822/2822 2825/2825/2825
f 2821/2821/2821 2832/2832/2832 2822/2822/2822
f 2841/2841/2841 2840/2840/2840 2843/2843/2843
f 2833/2833/2833 2834/2834/2834 2832/2832/2832
f 2839/2839/2839 2851/2851/2851 2840/2840/2840
f 2849/2849/2849 2852/2852/2852 2850/2850/2850
f 2883/2883/2883 2884/2884/2884 2882/2882/2882
f 2892/2892/2892 2897/2897/2897 2952/2952/2952
f 2902/2902/2902 2904/2904/2904 2903/2903/2903
f 2949/2949/2949 2951/2951/2951 2904/2904/2904
f 2974/2974/2974 2972/2972/2972 4870/4870/4870
f 2985/2985/2985 2963/2963/2963 2968/2968/2968
f 4871/4871/4871 3059/3059/3059 3061/3061/3061
f 3059/3059/3059 3063/3063/3063 3062/3062/3062
f 3083/3083/3083 3084/3084/3084 3088/3088/3088
f 3092/3092/3092 3094/3094/3094 3093/3093/3093
f 3138/3138/3138 3140/3140/3140 3157/3157/3157
f 3142/3142/3142 3141/3141/3141 3138/3138/3138
f 3144/3144/3144 3143/3143/3143 3142/3142/3142
f 3147/3147/3147 3146/3146/3146 3144/3144/3144
f 3150/3150/3150 3148/3148/3148 3147/3147/3147
f 3151/3151/3151 3150/3150/3150 3149/3149/3149
f 3154/3154/3154 3152/3152/3152 3151/3151/3151
f 3174/3174/3174 3169/3169/3169 3172/3172/3172
f 4872/4872/4872 3174/3174/3174 3173/3173/3173
f 3177/3177/3177 4872/4872/4872 3173/3173/3173
f 4873/4873/4873 4872/4872/4872 3177/3177/3177
f 3176/3176/3176 4873/4873/4873 3177/3177/3177
f 3179/3179/3179 3176/3176/3176 3175/3175/3175
f 3181/3181/3181 3179/3179/3179 3178/3178/3178
f 3183/3183/3183 3181/3181/3181 3180/3180/3180
f 3185/3185/3185 3183/3183/3183 3182/3182/3182
f 3187/3187/3187 3185/3185/3185 3184/3184/3184
f 3188/3188/3188 3187/3187/3187 3186/3186/3186
f 3191/3191/3191 3193/3193/3193 3203/3203/3203
f 3195/3195/3195 3192/3192/3192 3191/3191/3191
f 3196/3196/3196 3195/3195/3195 3198/3198/3198
f 3203/3203/3203 3205/3205/3205 3191/3191/3191
f 3209/3209/3209 3207/3207/3207 3206/3206/3206
f 3210/3210/3210 3219/3219/3219 3217/3217/3217
f 3245/3245/3245 3247/3247/3247 3251/3251/3251
f 3252/3252/3252 3254/3254/3254 3265/3265/3265
f 3254/3254/3254 3256/3256/3256 3268/3268/3268
f 3258/3258/3258 3253/3253/3253 3252/3252/3252
f 3280/3280/3280 3282/3282/3282 4874/4874/4874
f 4875/4875/4875 3281/3281/3281 3280/3280/3280
f 3285/3285/3285 3281/3281/3281 4875/4875/4875
f 3283/3283/3283 3285/3285/3285 4875/4875/4875
f 3286/3286/3286 3284/3284/3284 3283/3283/3283
f 3288/3288/3288 3287/3287/3287 3286/3286/3286
f 3290/3290/3290 3289/3289/3289 3288/3288/3288
f 3293/3293/3293 3292/3292/3292 3290/3290/3290
f 3295/3295/3295 3294/3294/3294 3293/3293/3293
f 3297/3297/3297 3296/3296/3296 3295/3295/3295
f 3357/3357/3357 3359/3359/3359 4876/4876/4876
f 3369/3369/3369 3370/3370/3370 4877/4877/4877
f 3369/3369/3369 4877/4877/4877 3372/3372/3372
f 3371/3371/3371 3372/3372/3372 3374/3374/3374
f 3373/3373/3373 3375/3375/3375 3377/3377/3377
f 3380/3380/3380 3379/3379/3379 4878/4878/4878
f 3380/3380/3380 4878/4878/4878 3382/3382/3382
f 3381/3381/3381 3382/3382/3382 3384/3384/3384
f 3386/3386/3386 3383/3383/3383 3387/3387/3387
f 3385/3385/3385 3387/3387/3387 4879/4879/4879
f 3385/3385/3385 4879/4879/4879 3389/3389/3389
f 3388/3388/3388 3389/3389/3389 3391/3391/3391
f 3390/3390/3390 3391/3391/3391 3393/3393/3393
f 3392/3392/3392 3393/3393/3393 4880/4880/4880
f 3392/3392/3392 4880/4880/4880 3395/3395/3395
f 3394/3394/3394 3396/3396/3396 4881/4881/4881
f 3394/3394/3394 4881/4881/4881 3425/3425/3425
f 3397/3397/3397 3399/3399/3399 3401/3401/3401
f 3400/3400/3400 3401/3401/3401 4882/4882/4882
f 3400/3400/3400 4882/4882/4882 3403/3403/3403
f 3446/3446/3446 3402/3402/3402 4883/4883/4883
f 3446/3446/3446 4883/4883/4883 3443/3443/3443
f 3486/3486/3486 3462/3462/3462 3465/3465/3465
f 3486/3486/3486 3465/3465/3465 3470/3470/3470
f 3488/3488/3488 3470/3470/3470 3467/3467/3467
f 3488/3488/3488 3467/3467/3467 3466/3466/3466
f 3408/3408/3408 3466/3466/3466 3474/3474/3474
f 3408/3408/3408 3474/3474/3474 3409/3409/3409
f 3366/3366/3366 3410/3410/3410 3411/3411/3411
f 3373/3373/3373 3413/3413/3413 3418/3418/3418
f 3380/3380/3380 3415/3415/3415 3414/3414/3414
f 3383/3383/3383 3417/3417/3417 3416/3416/3416
f 3381/3381/3381 3416/3416/3416 3415/3415/3415
f 3388/3388/3388 3422/3422/3422 3423/3423/3423
f 3390/3390/3390 3436/3436/3436 3422/3422/3422
f 3390/3390/3390 3424/3424/3424 3438/3438/3438
f 3395/3395/3395 4884/4884/4884 3439/3439/3439
f 3425/3425/3425 3428/3428/3428 3440/3440/3440
f 3427/3427/3427 4885/4885/4885 3428/3428/3428
f 3425/3425/3425 3441/3441/3441 3426/3426/3426
f 3398/3398/3398 3429/3429/3429 3431/3431/3431
f 3400/3400/3400 3442/3442/3442 3430/3430/3430
f 3427/3427/3427 3431/3431/3431 4885/4885/4885
f 3395/3395/3395 3434/3434/3434 4884/4884/4884
f 3402/3402/3402 4886/4886/4886 3433/3433/3433
f 3402/3402/3402 3446/3446/3446 4886/4886/4886
f 3445/3445/3445 3479/3479/3479 3480/3480/3480
f 3449/3449/3449 3476/3476/3476 3479/3479/3479
f 3452/3452/3452 3481/3481/3481 3477/3477/3477
f 3459/3459/3459 3477/3477/3477 3476/3476/3476
f 3483/3483/3483 3484/3484/3484 3405/3405/3405
f 3462/3462/3462 3486/3486/3486 3485/3485/3485
f 3488/3488/3488 3492/3492/3492 3487/3487/3487
f 3408/3408/3408 3491/3491/3491 3493/3493/3493
f 3500/3500/3500 3499/3499/3499 3497/3497/3497
f 3511/3511/3511 3502/3502/3502 3501/3501/3501
f 3510/3510/3510 3511/3511/3511 3509/3509/3509
f 3516/3516/3516 3507/3507/3507 3515/3515/3515
f 3522/3522/3522 3514/3514/3514 3521/3521/3521
f 3530/3530/3530 3521/3521/3521 3529/3529/3529
f 3536/3536/3536 3529/3529/3529 3535/3535/3535
f 3543/3543/3543 3535/3535/3535 3542/3542/3542
f 3550/3550/3550 3542/3542/3542 3549/3549/3549
f 3557/3557/3557 3549/3549/3549 3556/3556/3556
f 3564/3564/3564 3556/3556/3556 3563/3563/3563
f 3571/3571/3571 3563/3563/3563 3570/3570/3570
f 3579/3579/3579 3570/3570/3570 3578/3578/3578
f 3586/3586/3586 3578/3578/3578 3585/3585/3585
f 3587/3587/3587 3579/3579/3579 3595/3595/3595
f 3593/3593/3593 3585/3585/3585 3592/3592/3592
f 3602/3602/3602 3592/3592/3592 3601/3601/3601
f 3610/3610/3610 3601/3601/3601 3609/3609/3609
f 3618/3618/3618 3609/3609/3609 3617/3617/3617
f 3626/3626/3626 3617/3617/3617 3625/3625/3625
f 3634/3634/3634 3625/3625/3625 3633/3633/3633
f 3642/3642/3642 3633/3633/3633 3641/3641/3641
f 3650/3650/3650 3641/3641/3641 3649/3649/3649
f 3658/3658/3658 3649/3649/3649 3657/3657/3657
f 3666/3666/3666 3657/3657/3657 3665/3665/3665
f 3667/3667/3667 3658/3658/3658 3666/3666/3666
f 3668/3668/3668 3659/3659/3659 3667/3667/3667
f 3674/3674/3674 3665/3665/3665 3673/3673/3673
f 3675/3675/3675 3666/3666/3666 3674/3674/3674
f 3676/3676/3676 3667/3667/3667 3675/3675/3675
f 3682/3682/3682 3673/3673/3673 3681/3681/3681
f 3683/3683/3683 3674/3674/3674 3682/3682/3682
f 3684/3684/3684 3675/3675/3675 3683/3683/3683
f 3690/3690/3690 3681/3681/3681 3689/3689/3689
f 3691/3691/3691 3682/3682/3682 3690/3690/3690
f 3692/3692/3692 3683/3683/3683 3691/3691/3691
f 3698/3698/3698 3689/3689/3689 3697/3697/3697
f 3699/3699/3699 3690/3690/3690 3698/3698/3698
f 3700/3700/3700 3691/3691/3691 3699/3699/3699
f 3705/3705/3705 3697/3697/3697 3704/3704/3704
f 3706/3706/3706 3698/3698/3698 3705/3705/3705
f 3707/3707/3707 3699/3699/3699 3706/3706/3706
f 3718/3718/3718 3712/3712/3712 3717/3717/3717
f 3720/3720/3720 3714/3714/3714 3719/3719/3719
f 3727/3727/3727 3498/3498/3498 3499/3499/3499
f 3726/3726/3726 3499/3499/3499 3502/3502/3502
f 3517/3517/3517 3519/3519/3519 3518/3518/3518
f 3532/3532/3532 3742/3742/3742 3526/3526/3526
f 3717/3717/3717 3786/3786/3786 3787/3787/3787
f 3638/3638/3638 3645/3645/3645 3802/3802/3802
f 3629/3629/3629 3630/3630/3630 3801/3801/3801
f 3720/3720/3720 3788/3788/3788 4887/4887/4887
f 3813/3813/3813 3812/3812/3812 3817/3817/3817
f 3821/3821/3821 3816/3816/3816 3822/3822/3822
f 3819/3819/3819 3816/3816/3816 3821/3821/3821
f 3820/3820/3820 3822/3822/3822 3824/3824/3824
f 3823/3823/3823 3824/3824/3824 3826/3826/3826
f 3829/3829/3829 3827/3827/3827 3831/3831/3831
f 3830/3830/3830 3831/3831/3831 3833/3833/3833
f 3832/3832/3832 3833/3833/3833 3835/3835/3835
f 3837/3837/3837 3832/3832/3832 3834/3834/3834
f 3836/3836/3836 3834/3834/3834 3839/3839/3839
f 3838/3838/3838 3839/3839/3839 3841/3841/3841
f 3840/3840/3840 3841/3841/3841 3843/3843/3843
f 3842/3842/3842 3843/3843/3843 4888/4888/4888
f 3842/3842/3842 4888/4888/4888 3845/3845/3845
f 3846/3846/3846 3845/3845/3845 3847/3847/3847
f 3847/3847/3847 3848/3848/3848 3850/3850/3850
f 3849/3849/3849 3850/3850/3850 3852/3852/3852
f 3851/3851/3851 3852/3852/3852 3854/3854/3854
f 3853/3853/3853 3854/3854/3854 3856/3856/3856
f 3855/3855/3855 3856/3856/3856 4889/4889/4889
f 3855/3855/3855 4889/4889/4889 3858/3858/3858
f 3857/3857/3857 3858/3858/3858 3860/3860/3860
f 3859/3859/3859 3860/3860/3860 3862/3862/3862
f 3864/3864/3864 3863/3863/3863 3866/3866/3866
f 3867/3867/3867 3868/3868/3868 3870/3870/3870
f 3869/3869/3869 3870/3870/3870 3872/3872/3872
f 3871/3871/3871 3872/3872/3872 3874/3874/3874
f 3873/3873/3873 3874/3874/3874 3876/3876/3876
f 3875/3875/3875 3876/3876/3876 3878/3878/3878
f 3877/3877/3877 3878/3878/3878 3880/3880/3880
f 3879/3879/3879 3880/3880/3880 3882/3882/3882
f 3881/3881/3881 3882/3882/3882 3884/3884/3884
f 3886/3886/3886 3881/3881/3881 3883/3883/3883
f 3886/3886/3886 3883/3883/3883 3887/3887/3887
f 3888/3888/3888 3887/3887/3887 3890/3890/3890
f 3889/3889/3889 3890/3890/3890 3892/3892/3892
f 3891/3891/3891 3892/3892/3892 3894/3894/3894
f 3893/3893/3893 4890/4890/4890 3896/3896/3896
f 4891/4891/4891 3900/3900/3900 3901/3901/3901
f 3915/3915/3915 3916/3916/3916 3920/3920/3920
f 3905/3905/3905 3913/3913/3913 3908/3908/3908
f 3922/3922/3922 3924/3924/3924 3921/3921/3921
f 3931/3931/3931 3933/3933/3933 3930/3930/3930
f 3934/3934/3934 3936/3936/3936 3933/3933/3933
f 3940/3940/3940 3942/3942/3942 3939/3939/3939
f 3943/3943/3943 3945/3945/3945 3942/3942/3942
f 3949/3949/3949 3951/3951/3951 3948/3948/3948
f 3952/3952/3952 3954/3954/3954 3951/3951/3951
f 3971/3971/3971 4070/4070/4070 4071/4071/4071
f 3958/3958/3958 3960/3960/3960 3957/3957/3957
f 3961/3961/3961 3963/3963/3963 3960/3960/3960
f 3970/3970/3970 3972/3972/3972 3969/3969/3969
f 3991/3991/3991 3993/3993/3993 3990/3990/3990
f 3988/3988/3988 3990/3990/3990 3987/3987/3987
f 3985/3985/3985 3987/3987/3987 3984/3984/3984
f 3994/3994/3994 3996/3996/3996 3993/3993/3993
f 4029/4029/4029 4031/4031/4031 4028/4028/4028
f 4098/4098/4098 4100/4100/4100 4101/4101/4101
f 4102/4102/4102 4107/4107/4107 4103/4103/4103
f 4104/4104/4104 4106/4106/4106 4892/4892/4892
f 4104/4104/4104 4892/4892/4892 4107/4107/4107
f 4108/4108/4108 4111/4111/4111 4109/4109/4109
f 4110/4110/4110 4108/4108/4108 4112/4112/4112
f 4115/4115/4115 4893/4893/4893 4116/4116/4116
f 4117/4117/4117 4119/4119/4119 4120/4120/4120
f 4115/4115/4115 4120/4120/4120 4893/4893/4893
f 4121/4121/4121 4894/4894/4894 4122/4122/4122
f 4123/4123/4123 4125/4125/4125 4895/4895/4895
f 4124/4124/4124 4128/4128/4128 4126/4126/4126
f 4130/4130/4130 4136/4136/4136 4131/4131/4131
f 4127/4127/4127 4132/4132/4132 4135/4135/4135
f 4133/4133/4133 4137/4137/4137 4134/4134/4134
f 4142/4142/4142 4144/4144/4144 4151/4151/4151
f 4146/4146/4146 4153/4153/4153 4147/4147/4147
f 4143/4143/4143 4148/4148/4148 4152/4152/4152
f 4149/4149/4149 4896/4896/4896 4150/4150/4150
f 4202/4202/4202 4199/4199/4199 4207/4207/4207
f 4204/4204/4204 4208/4208/4208 4211/4211/4211
f 4209/4209/4209 4213/4213/4213 4216/4216/4216
f 4214/4214/4214 4216/4216/4216 4219/4219/4219
f 4218/4218/4218 4219/4219/4219 4279/4279/4279
f 4223/4223/4223 4194/4194/4194 4200/4200/4200
f 4220/4220/4220 4201/4201/4201 4205/4205/4205
f 4225/4225/4225 4209/4209/4209 4214/4214/4214
f 4231/4231/4231 4192/4192/4192 4222/4222/4222
f 4233/4233/4233 4222/4222/4222 4220/4220/4220
f 4233/4233/4233 4220/4220/4220 4224/4224/4224
f 4234/4234/4234 4224/4224/4224 4225/4225/4225
f 4240/4240/4240 4231/4231/4231 4227/4227/4227
f 4236/4236/4236 4227/4227/4227 4233/4233/4233
f 4244/4244/4244 4233/4233/4233 4234/4234/4234
f 4250/4250/4250 4242/4242/4242 4237/4237/4237
f 4254/4254/4254 4236/4236/4236 4244/4244/4244
f 4256/4256/4256 4244/4244/4244 4246/4246/4246
f 4260/4260/4260 4246/4246/4246 4247/4247/4247
f 4263/4263/4263 4247/4247/4247 4268/4268/4268
f 4215/4215/4215 4211/4211/4211 4273/4273/4273
f 4254/4254/4254 4897/4897/4897 4248/4248/4248
f 4261/4261/4261 4358/4358/4358 4259/4259/4259
f 4256/4256/4256 4362/4362/4362 4252/4252/4252
f 4263/4263/4263 4367/4367/4367 4260/4260/4260
f 4371/4371/4371 4377/4377/4377 4266/4266/4266
f 4264/4264/4264 4365/4365/4365 4263/4263/4263
f 4476/4476/4476 4475/4475/4475 4474/4474/4474
f 4466/4466/4466 4484/4484/4484 4467/4467/4467
f 4483/4483/4483 4471/4471/4471 4469/4469/4469
f 4477/4477/4477 4480/4480/4480 4490/4490/4490
f 4494/4494/4494 4493/4493/4493 4482/4482/4482
f 4520/4520/4520 4503/4503/4503 4518/4518/4518
f 4501/4501/4501 4528/4528/4528 4534/4534/4534
f 4531/4531/4531 4496/4496/4496 4495/4495/4495
f 4504/4504/4504 4533/4533/4533 4532/4532/4532
f 4505/4505/4505 4535/4535/4535 4533/4533/4533
f 4542/4542/4542 4507/4507/4507 4510/4510/4510
f 4538/4538/4538 4549/4549/4549 4537/4537/4537
f 4512/4512/4512 4546/4546/4546 4550/4550/4550
f 4511/4511/4511 4547/4547/4547 4546/4546/4546
f 4559/4559/4559 4603/4603/4603 4601/4601/4601
f 4565/4565/4565 4604/4604/4604 4602/4602/4602
f 4567/4567/4567 4605/4605/4605 4568/4568/4568
f 4597/4597/4597 4608/4608/4608 4606/4606/4606
f 4613/4613/4613 4615/4615/4615 4609/4609/4609
f 4582/4582/4582 4616/4616/4616 4583/4583/4583
f 4588/4588/4588 4617/4617/4617 4586/4586/4586
f 4618/4618/4618 4587/4587/4587 4590/4590/4590
f 4618/4618/4618 4590/4590/4590 4592/4592/4592
f 2/2/2 3/3/3 1/1/1
f 13/13/13 14/14/14 15/15/15
f 21/21/21 18/18/18 22/22/22
f 22/22/22 33/33/33 24/24/24
f 41/41/41 37/37/37 34/34/34
f 29/29/29 46/46/46 44/44/44
f 43/43/43 47/47/47 44/44/44
f 77/77/77 78/78/78 79/79/79
f 86/86/86 87/87/87 88/88/88
f 109/109/109 103/103/103 105/105/105
f 109/109/109 107/107/107 103/103/103
f 151/151/151 155/155/155 156/156/156
f 164/164/164 158/158/158 153/153/153
f 179/179/179 174/174/174 176/176/176
f 180/180/180 178/178/178 173/173/173
f 227/227/227 225/225/225 226/226/226
f 4672/4672/4672 229/229/229 230/230/230
f 239/239/239 237/237/237 238/238/238
f 249/249/249 238/238/238 237/237/237
f 255/255/255 252/252/252 245/245/245
f 260/260/260 258/258/258 259/259/259
f 266/266/266 264/264/264 265/265/265
f 308/308/308 306/306/306 304/304/304
f 313/313/313 310/310/310 311/311/311
f 315/315/315 313/313/313 312/312/312
f 319/319/319 321/321/321 320/320/320
f 329/329/329 326/326/326 327/327/327
f 348/348/348 347/347/347 345/345/345
f 391/391/391 389/389/389 390/390/390
f 394/394/394 392/392/392 393/393/393
f 397/397/397 395/395/395 396/396/396
f 400/400/400 398/398/398 399/399/399
f 403/403/403 401/401/401 402/402/402
f 409/409/409 407/407/407 408/408/408
f 415/415/415 413/413/413 414/414/414
f 428/428/428 426/426/426 427/427/427
f 4708/4708/4708 429/429/429 430/430/430
f 437/437/437 435/435/435 436/436/436
f 448/448/448 451/451/451 438/438/438
f 448/448/448 455/455/455 452/452/452
f 443/443/443 441/441/441 457/457/457
f 4709/4709/4709 460/460/460 461/461/461
f 480/480/480 475/475/475 476/476/476
f 491/491/491 481/481/481 482/482/482
f 481/481/481 484/484/484 482/482/482
f 483/483/483 482/482/482 487/487/487
f 492/492/492 481/481/481 491/491/491
f 496/496/496 495/495/495 494/494/494
f 500/500/500 497/497/497 498/498/498
f 4728/4728/4728 501/501/501 502/502/502
f 4729/4729/4729 504/504/504 505/505/505
f 512/512/512 510/510/510 511/511/511
f 515/515/515 513/513/513 514/514/514
f 519/519/519 517/517/517 518/518/518
f 4733/4733/4733 520/520/520 521/521/521
f 525/525/525 523/523/523 524/524/524
f 528/528/528 526/526/526 527/527/527
f 546/546/546 544/544/544 545/545/545
f 4742/4742/4742 559/559/559 560/560/560
f 4746/4746/4746 562/562/562 563/563/563
f 567/567/567 565/565/565 566/566/566
f 4747/4747/4747 568/568/568 567/567/567
f 566/566/566 570/570/570 571/571/571
f 574/574/574 572/572/572 573/573/573
f 571/571/571 577/577/577 574/574/574
f 599/599/599 597/597/597 598/598/598
f 603/603/603 607/607/607 606/606/606
f 611/611/611 598/598/598 597/597/597
f 618/618/618 615/615/615 610/610/610
f 612/612/612 622/622/622 616/616/616
f 4761/4761/4761 624/624/624 625/625/625
f 636/636/636 631/631/631 633/633/633
f 647/647/647 645/645/645 629/629/629
f 650/650/650 653/653/653 643/643/643
f 661/661/661 659/659/659 660/660/660
f 660/660/660 640/640/640 658/658/658
f 651/651/651 662/662/662 657/657/657
f 676/676/676 673/673/673 674/674/674
f 679/679/679 677/677/677 678/678/678
f 680/680/680 678/678/678 677/677/677
f 685/685/685 684/684/684 683/683/683
f 689/689/689 687/687/687 686/686/686
f 692/692/692 690/690/690 691/691/691
f 694/694/694 693/693/693 692/692/692
f 697/697/697 695/695/695 696/696/696
f 707/707/707 705/705/705 706/706/706
f 710/710/710 708/708/708 709/709/709
f 712/712/712 713/713/713 711/711/711
f 4771/4771/4771 715/715/715 716/716/716
f 719/719/719 720/720/720 718/718/718
f 724/724/724 723/723/723 721/721/721
f 727/727/727 725/725/725 726/726/726
f 730/730/730 728/728/728 729/729/729
f 733/733/733 731/731/731 732/732/732
f 738/738/738 735/735/735 737/737/737
f 742/742/742 740/740/740 741/741/741
f 4777/4777/4777 748/748/748 749/749/749
f 4779/4779/4779 752/752/752 753/753/753
f 757/757/757 755/755/755 756/756/756
f 762/762/762 758/758/758 760/760/760
f 4783/4783/4783 763/763/763 764/764/764
f 769/769/769 767/767/767 768/768/768
f 777/777/777 775/775/775 776/776/776
f 780/780/780 778/778/778 779/779/779
f 783/783/783 781/781/781 782/782/782
f 786/786/786 784/784/784 785/785/785
f 789/789/789 787/787/787 788/788/788
f 797/797/797 795/795/795 796/796/796
f 799/799/799 800/800/800 798/798/798
f 804/804/804 802/802/802 803/803/803
f 808/808/808 806/806/806 807/807/807
f 812/812/812 810/810/810 811/811/811
f 820/820/820 818/818/818 819/819/819
f 823/823/823 821/821/821 822/822/822
f 826/826/826 824/824/824 825/825/825
f 829/829/829 827/827/827 828/828/828
f 831/831/831 832/832/832 830/830/830
f 848/848/848 843/843/843 846/846/846
f 857/857/857 860/860/860 858/858/858
f 863/863/863 864/864/864 860/860/860
f 866/866/866 864/864/864 865/865/865
f 887/887/887 888/888/888 886/886/886
f 886/886/886 894/894/894 887/887/887
f 893/893/893 897/897/897 890/890/890
f 899/899/899 901/901/901 902/902/902
f 906/906/906 909/909/909 910/910/910
f 909/909/909 912/912/912 910/910/910
f 4805/4805/4805 913/913/913 914/914/914
f 915/915/915 914/914/914 913/913/913
f 916/916/916 919/919/919 917/917/917
f 920/920/920 915/915/915 917/917/917
f 918/918/918 921/921/921 916/916/916
f 930/930/930 931/931/931 929/929/929
f 943/943/943 935/935/935 942/942/942
f 960/960/960 961/961/961 962/962/962
f 964/964/964 965/965/965 963/963/963
f 961/961/961 967/967/967 962/962/962
f 970/970/970 963/963/963 965/965/965
f 966/966/966 969/969/969 960/960/960
f 1008/1008/1008 1009/1009/1009 1010/1010/1010
f 1033/1033/1033 1030/1030/1030 1034/1034/1034
f 1059/1059/1059 999/999/999 998/998/998
f 1053/1053/1053 991/991/991 1000/1000/1000
f 1054/1054/1054 990/990/990 993/993/993
f 983/983/983 987/987/987 1051/1051/1051
f 1061/1061/1061 1001/1001/1001 1002/1002/1002
f 1063/1063/1063 1007/1007/1007 1006/1006/1006
f 1056/1056/1056 1055/1055/1055 1009/1009/1009
f 1062/1062/1062 1003/1003/1003 1005/1005/1005
f 1066/1066/1066 1011/1011/1011 1013/1013/1013
f 1067/1067/1067 1017/1017/1017 1016/1016/1016
f 1068/1068/1068 1024/1024/1024 1022/1022/1022
f 1012/1012/1012 1008/1008/1008 1010/1010/1010
f 1058/1058/1058 994/994/994 996/996/996
f 1076/1076/1076 1031/1031/1031 1027/1027/1027
f 1081/1081/1081 1036/1036/1036 1038/1038/1038
f 1082/1082/1082 1041/1041/1041 1042/1042/1042
f 1084/1084/1084 1043/1043/1043 1044/1044/1044
f 1079/1079/1079 1035/1035/1035 1037/1037/1037
f 1070/1070/1070 1072/1072/1072 1073/1073/1073
f 1085/1085/1085 1050/1050/1050 1049/1049/1049
f 1083/1083/1083 1045/1045/1045 1048/1048/1048
f 1077/1077/1077 1021/1021/1021 1023/1023/1023
f 1094/1094/1094 1090/1090/1090 1095/1095/1095
f 1096/1096/1096 1089/1089/1089 1088/1088/1088
f 1091/1091/1091 1093/1093/1093 1097/1097/1097
f 1103/1103/1103 1101/1101/1101 1102/1102/1102
f 1132/1132/1132 1136/1136/1136 1133/1133/1133
f 1198/1198/1198 1194/1194/1194 1192/1192/1192
f 1202/1202/1202 1199/1199/1199 1200/1200/1200
f 1201/1201/1201 1203/1203/1203 1202/1202/1202
f 1192/1192/1192 1203/1203/1203 1204/1204/1204
f 1200/1200/1200 1205/1205/1205 1206/1206/1206
f 1212/1212/1212 1209/1209/1209 1210/1210/1210
f 1205/1205/1205 1212/1212/1212 1211/1211/1211
f 1217/1217/1217 1215/1215/1215 1216/1216/1216
f 4809/4809/4809 1218/1218/1218 1217/1217/1217
f 1222/1222/1222 1221/1221/1221 1219/1219/1219
f 1223/1223/1223 1221/1221/1221 1222/1222/1222
f 1215/1215/1215 1224/1224/1224 1223/1223/1223
f 1226/1226/1226 1227/1227/1227 1225/1225/1225
f 1219/1219/1219 1228/1228/1228 1229/1229/1229
f 1226/1226/1226 1235/1235/1235 1236/1236/1236
f 1232/1232/1232 1239/1239/1239 1240/1240/1240
f 1244/1244/1244 1242/1242/1242 1243/1243/1243
f 1248/1248/1248 1246/1246/1246 1247/1247/1247
f 1243/1243/1243 1249/1249/1249 1248/1248/1248
f 1246/1246/1246 1250/1250/1250 1251/1251/1251
f 1254/1254/1254 1252/1252/1252 1253/1253/1253
f 1256/1256/1256 1258/1258/1258 1254/1254/1254
f 1252/1252/1252 1259/1259/1259 1260/1260/1260
f 1260/1260/1260 1261/1261/1261 1262/1262/1262
f 1274/1274/1274 1276/1276/1276 1277/1277/1277
f 1285/1285/1285 1280/1280/1280 1278/1278/1278
f 1284/1284/1284 1281/1281/1281 1282/1282/1282
f 1277/1277/1277 1284/1284/1284 1283/1283/1283
f 1281/1281/1281 1280/1280/1280 1285/1285/1285
f 1293/1293/1293 1292/1292/1292 1289/1289/1289
f 1298/1298/1298 1299/1299/1299 1297/1297/1297
f 1294/1294/1294 1299/1299/1299 1300/1300/1300
f 1302/1302/1302 1297/1297/1297 1301/1301/1301
f 1359/1359/1359 1305/1305/1305 1303/1303/1303
f 1304/1304/1304 1303/1303/1303 1306/1306/1306
f 1307/1307/1307 1308/1308/1308 1309/1309/1309
f 1316/1316/1316 1312/1312/1312 1310/1310/1310
f 1367/1367/1367 1315/1315/1315 1313/1313/1313
f 1311/1311/1311 1321/1321/1321 1322/1322/1322
f 1319/1319/1319 1325/1325/1325 1326/1326/1326
f 1332/1332/1332 1330/1330/1330 1331/1331/1331
f 1334/1334/1334 1335/1335/1335 1333/1333/1333
f 1328/1328/1328 1335/1335/1335 1336/1336/1336
f 1342/1342/1342 1339/1339/1339 1337/1337/1337
f 1341/1341/1341 1337/1337/1337 1340/1340/1340
f 1344/1344/1344 1343/1343/1343 1339/1339/1339
f 1345/1345/1345 1343/1343/1343 1344/1344/1344
f 1347/1347/1347 1348/1348/1348 1346/1346/1346
f 1341/1341/1341 1348/1348/1348 1349/1349/1349
f 1347/1347/1347 1350/1350/1350 1351/1351/1351
f 1355/1355/1355 1354/1354/1354 1352/1352/1352
f 1353/1353/1353 1352/1352/1352 1357/1357/1357
f 1361/1361/1361 1362/1362/1362 1360/1360/1360
f 1372/1372/1372 1296/1296/1296 1363/1363/1363
f 1301/1301/1301 1365/1365/1365 1366/1366/1366
f 1362/1362/1362 1305/1305/1305 1360/1360/1360
f 1323/1323/1323 1329/1329/1329 1369/1369/1369
f 1309/1309/1309 1308/1308/1308 1373/1373/1373
f 1314/1314/1314 1313/1313/1313 1374/1374/1374
f 1322/1322/1322 1321/1321/1321 1375/1375/1375
f 1330/1330/1330 1376/1376/1376 1378/1378/1378
f 1393/1393/1393 1380/1380/1380 1377/1377/1377
f 1392/1392/1392 1382/1382/1382 1381/1381/1381
f 1350/1350/1350 1387/1387/1387 1386/1386/1386
f 1332/1332/1332 1333/1333/1333 1391/1391/1391
f 1358/1358/1358 1357/1357/1357 1395/1395/1395
f 1407/1407/1407 1406/1406/1406 1408/1408/1408
f 1409/1409/1409 1408/1408/1408 1414/1414/1414
f 1442/1442/1442 1444/1444/1444 1455/1455/1455
f 1460/1460/1460 1457/1457/1457 1459/1459/1459
f 1462/1462/1462 1461/1461/1461 1463/1463/1463
f 1464/1464/1464 1463/1463/1463 1446/1446/1446
f 1468/1468/1468 1462/1462/1462 1465/1465/1465
f 1471/1471/1471 1457/1457/1457 1468/1468/1468
f 1480/1480/1480 1478/1478/1478 1475/1475/1475
f 1516/1516/1516 1513/1513/1513 1514/1514/1514
f 1620/1620/1620 1615/1615/1615 1617/1617/1617
f 1648/1648/1648 1645/1645/1645 1646/1646/1646
f 1648/1648/1648 1641/1641/1641 1645/1645/1645
f 1652/1652/1652 1650/1650/1650 1651/1651/1651
f 1653/1653/1653 1652/1652/1652 1651/1651/1651
f 1656/1656/1656 1654/1654/1654 1655/1655/1655
f 1655/1655/1655 1650/1650/1650 1657/1657/1657
f 1666/1666/1666 1659/1659/1659 1660/1660/1660
f 1661/1661/1661 1659/1659/1659 1654/1654/1654
f 1670/1670/1670 1662/1662/1662 1663/1663/1663
f 1668/1668/1668 1667/1667/1667 1665/1665/1665
f 1664/1664/1664 1667/1667/1667 1668/1668/1668
f 1672/1672/1672 1669/1669/1669 1662/1662/1662
f 1676/1676/1676 1671/1671/1671 1669/1669/1669
f 1675/1675/1675 1673/1673/1673 1674/1674/1674
f 1676/1676/1676 1674/1674/1674 1671/1671/1671
f 4836/4836/4836 1677/1677/1677 1678/1678/1678
f 1684/1684/1684 1680/1680/1680 1681/1681/1681
f 1681/1681/1681 1673/1673/1673 1683/1683/1683
f 1678/1678/1678 1680/1680/1680 1684/1684/1684
f 1689/1689/1689 1687/1687/1687 1688/1688/1688
f 1689/1689/1689 1688/1688/1688 1685/1685/1685
f 1694/1694/1694 1690/1690/1690 1691/1691/1691
f 1694/1694/1694 1693/1693/1693 1690/1690/1690
f 1692/1692/1692 1691/1691/1691 1695/1695/1695
f 1696/1696/1696 1687/1687/1687 1697/1697/1697
f 1700/1700/1700 1698/1698/1698 1699/1699/1699
f 1702/1702/1702 1701/1701/1701 1698/1698/1698
f 1703/1703/1703 1699/1699/1699 1693/1693/1693
f 1706/1706/1706 1704/1704/1704 1705/1705/1705
f 1707/1707/1707 1705/1705/1705 1701/1701/1701
f 4837/4837/4837 1708/1708/1708 1704/1704/1704
f 1798/1798/1798 1759/1759/1759 1756/1756/1756
f 1806/1806/1806 1769/1769/1769 1767/1767/1767
f 1771/1771/1771 1772/1772/1772 1770/1770/1770
f 1845/1845/1845 1774/1774/1774 1775/1775/1775
f 1858/1858/1858 1777/1777/1777 1778/1778/1778
f 1847/1847/1847 1782/1782/1782 1783/1783/1783
f 1862/1862/1862 1785/1785/1785 1784/1784/1784
f 1819/1819/1819 1786/1786/1786 1788/1788/1788
f 1818/1818/1818 1791/1791/1791 1792/1792/1792
f 1797/1797/1797 1793/1793/1793 1794/1794/1794
f 1817/1817/1817 1789/1789/1789 1790/1790/1790
f 1820/1820/1820 1797/1797/1797 1796/1796/1796
f 1765/1765/1765 1760/1760/1760 1803/1803/1803
f 1763/1763/1763 1764/1764/1764 1807/1807/1807
f 1825/1825/1825 1761/1761/1761 1805/1805/1805
f 1827/1827/1827 1808/1808/1808 1810/1810/1810
f 1800/1800/1800 1799/1799/1799 1814/1814/1814
f 1801/1801/1801 1795/1795/1795 1816/1816/1816
f 1769/1769/1769 1808/1808/1808 1826/1826/1826
f 1833/1833/1833 1832/1832/1832 1834/1834/1834
f 1855/1855/1855 1836/1836/1836 1837/1837/1837
f 1771/1771/1771 1838/1838/1838 1839/1839/1839
f 1854/1854/1854 1833/1833/1833 1835/1835/1835
f 1778/1778/1778 1773/1773/1773 1841/1841/1841
f 1774/1774/1774 1845/1845/1845 1846/1846/1846
f 1781/1781/1781 1844/1844/1844 1846/1846/1846
f 1861/1861/1861 1779/1779/1779 1842/1842/1842
f 1863/1863/1863 1782/1782/1782 1848/1848/1848
f 1829/1829/1829 1830/1830/1830 1852/1852/1852
f 1901/1901/1901 1866/1866/1866 1867/1867/1867
f 1927/1927/1927 1870/1870/1870 1868/1868/1868
f 1940/1940/1940 1868/1868/1868 1870/1870/1870
f 1885/1885/1885 1877/1877/1877 1873/1873/1873
f 1905/1905/1905 1896/1896/1896 1893/1893/1893
f 1867/1867/1867 1866/1866/1866 1900/1900/1900
f 1941/1941/1941 1930/1930/1930 1929/1929/1929
f 1947/1947/1947 1935/1935/1935 1931/1931/1931
f 1952/1952/1952 1950/1950/1950 1948/1948/1948
f 1979/1979/1979 1975/1975/1975 1972/1972/1972
f 1984/1984/1984 1980/1980/1980 1982/1982/1982
f 1983/1983/1983 1986/1986/1986 1985/1985/1985
f 2010/2010/2010 2008/2008/2008 1996/1996/1996
f 2013/2013/2013 2015/2015/2015 2019/2019/2019
f 2102/2102/2102 2100/2100/2100 2098/2098/2098
f 2124/2124/2124 2121/2121/2121 2122/2122/2122
f 2125/2125/2125 2126/2126/2126 2120/2120/2120
f 2132/2132/2132 2129/2129/2129 2127/2127/2127
f 2128/2128/2128 2130/2130/2130 2131/2131/2131
f 2135/2135/2135 2127/2127/2127 2129/2129/2129
f 2136/2136/2136 2135/2135/2135 2133/2133/2133
f 2139/2139/2139 2136/2136/2136 2134/2134/2134
f 2142/2142/2142 2140/2140/2140 2141/2141/2141
f 2201/2201/2201 2199/2199/2199 2196/2196/2196
f 2219/2219/2219 2216/2216/2216 2212/2212/2212
f 2231/2231/2231 2225/2225/2225 2226/2226/2226
f 2242/2242/2242 2236/2236/2236 2235/2235/2235
f 2276/2276/2276 2263/2263/2263 2261/2261/2261
f 2265/2265/2265 2262/2262/2262 2264/2264/2264
f 2267/2267/2267 2268/2268/2268 2266/2266/2266
f 2270/2270/2270 2271/2271/2271 2269/2269/2269
f 2275/2275/2275 2265/2265/2265 2274/2274/2274
f 2276/2276/2276 2277/2277/2277 2263/2263/2263
f 2280/2280/2280 2269/2269/2269 2279/2279/2279
f 2263/2263/2263 2279/2279/2279 2271/2271/2271
f 2261/2261/2261 2286/2286/2286 2287/2287/2287
f 2264/2264/2264 2284/2284/2284 2278/2278/2278
f 2358/2358/2358 2343/2343/2343 2355/2355/2355
f 2397/2397/2397 2367/2367/2367 2362/2362/2362
f 2400/2400/2400 2371/2371/2371 2372/2372/2372
f 2376/2376/2376 2379/2379/2379 2365/2365/2365
f 2389/2389/2389 2386/2386/2386 2387/2387/2387
f 2435/2435/2435 2392/2392/2392 2386/2386/2386
f 2412/2412/2412 2411/2411/2411 2405/2405/2405
f 2452/2452/2452 2441/2441/2441 2393/2393/2393
f 2461/2461/2461 2460/2460/2460 2454/2454/2454
f 2403/2403/2403 2409/2409/2409 2488/2488/2488
f 2536/2536/2536 2533/2533/2533 2520/2520/2520
f 2560/2560/2560 2462/2462/2462 2461/2461/2461
f 2591/2591/2591 2604/2604/2604 2601/2601/2601
f 2587/2587/2587 2606/2606/2606 2607/2607/2607
f 2611/2611/2611 2609/2609/2609 2610/2610/2610
f 2621/2621/2621 2615/2615/2615 2618/2618/2618
f 2706/2706/2706 2639/2639/2639 2632/2632/2632
f 2667/2667/2667 2605/2605/2605 2657/2657/2657
f 2575/2575/2575 2669/2669/2669 2675/2675/2675
f 2679/2679/2679 2682/2682/2682 2702/2702/2702
f 2732/2732/2732 2733/2733/2733 2734/2734/2734
f 2734/2734/2734 2736/2736/2736 2732/2732/2732
f 2742/2742/2742 2741/2741/2741 2744/2744/2744
f 2742/2742/2742 2732/2732/2732 2740/2740/2740
f 2779/2779/2779 2780/2780/2780 2778/2778/2778
f 2783/2783/2783 2778/2778/2778 2781/2781/2781
f 2787/2787/2787 2788/2788/2788 2786/2786/2786
f 2780/2780/2780 2787/2787/2787 2778/2778/2778
f 2790/2790/2790 2791/2791/2791 2789/2789/2789
f 2789/2789/2789 2793/2793/2793 2792/2792/2792
f 2789/2789/2789 2786/2786/2786 2790/2790/2790
f 2795/2795/2795 2796/2796/2796 2794/2794/2794
f 2786/2786/2786 2797/2797/2797 2795/2795/2795
f 2800/2800/2800 2794/2794/2794 2798/2798/2798
f 2800/2800/2800 2801/2801/2801 2790/2790/2790
f 2790/2790/2790 2795/2795/2795 2800/2800/2800
f 2803/2803/2803 2804/2804/2804 2802/2802/2802
f 2796/2796/2796 2805/2805/2805 2803/2803/2803
f 2809/2809/2809 2807/2807/2807 2806/2806/2806
f 2806/2806/2806 2808/2808/2808 2810/2810/2810
f 2812/2812/2812 2813/2813/2813 2811/2811/2811
f 2802/2802/2802 2814/2814/2814 2812/2812/2812
f 2809/2809/2809 2812/2812/2812 2815/2815/2815
f 2812/2812/2812 2817/2817/2817 2815/2815/2815
f 2820/2820/2820 2818/2818/2818 2819/2819/2819
f 2811/2811/2811 2820/2820/2820 2819/2819/2819
f 2818/2818/2818 2821/2821/2821 2823/2823/2823
f 2828/2828/2828 2829/2829/2829 2827/2827/2827
f 2818/2818/2818 2830/2830/2830 2828/2828/2828
f 2833/2833/2833 2832/2832/2832 2831/2831/2831
f 2842/2842/2842 2834/2834/2834 2833/2833/2833
f 2836/2836/2836 2837/2837/2837 2835/2835/2835
f 2827/2827/2827 2838/2838/2838 2836/2836/2836
f 2836/2836/2836 2841/2841/2841 2842/2842/2842
f 2845/2845/2845 2846/2846/2846 2844/2844/2844
f 2835/2835/2835 2847/2847/2847 2845/2845/2845
f 2850/2850/2850 2848/2848/2848 2849/2849/2849
f 2835/2835/2835 2848/2848/2848 2839/2839/2839
f 2845/2845/2845 2849/2849/2849 2848/2848/2848
f 2857/2857/2857 2852/2852/2852 2849/2849/2849
f 2854/2854/2854 2855/2855/2855 2853/2853/2853
f 2844/2844/2844 2856/2856/2856 2854/2854/2854
f 2859/2859/2859 2857/2857/2857 2858/2858/2858
f 2854/2854/2854 2858/2858/2858 2857/2857/2857
f 2861/2861/2861 2862/2862/2862 2860/2860/2860
f 2853/2853/2853 2863/2863/2863 2861/2861/2861
f 2868/2868/2868 2858/2858/2858 2867/2867/2867
f 2866/2866/2866 2868/2868/2868 2867/2867/2867
f 2860/2860/2860 2864/2864/2864 2866/2866/2866
f 2870/2870/2870 2871/2871/2871 2869/2869/2869
f 2862/2862/2862 2870/2870/2870 2860/2860/2860
f 2874/2874/2874 2876/2876/2876 2875/2875/2875
f 2881/2881/2881 2872/2872/2872 2874/2874/2874
f 2878/2878/2878 2879/2879/2879 2877/2877/2877
f 2869/2869/2869 2880/2880/2880 2878/2878/2878
f 2883/2883/2883 2882/2882/2882 2881/2881/2881
f 2890/2890/2890 2884/2884/2884 2883/2883/2883
f 2886/2886/2886 2887/2887/2887 2885/2885/2885
f 2877/2877/2877 2888/2888/2888 2886/2886/2886
f 2891/2891/2891 2889/2889/2889 2890/2890/2890
f 2885/2885/2885 2892/2892/2892 2891/2891/2891
f 2895/2895/2895 2893/2893/2893 2894/2894/2894
f 2887/2887/2887 2894/2894/2894 2885/2885/2885
f 2894/2894/2894 2898/2898/2898 2896/2896/2896
f 2893/2893/2893 2901/2901/2901 2900/2900/2900
f 2893/2893/2893 2902/2902/2902 2899/2899/2899
f 2949/2949/2949 2904/2904/2904 2902/2902/2902
f 2779/2779/2779 2785/2785/2785 2910/2910/2910
f 2914/2914/2914 2912/2912/2912 2913/2913/2913
f 2915/2915/2915 2788/2788/2788 2914/2914/2914
f 2780/2780/2780 2913/2913/2913 2912/2912/2912
f 2796/2796/2796 2917/2917/2917 2805/2805/2805
f 2919/2919/2919 2804/2804/2804 2918/2918/2918
f 2921/2921/2921 2813/2813/2813 2920/2920/2920
f 2920/2920/2920 2814/2814/2814 2919/2919/2919
f 2922/2922/2922 2820/2820/2820 2921/2921/2921
f 2924/2924/2924 2923/2923/2923 2922/2922/2922
f 2925/2925/2925 2830/2830/2830 2924/2924/2924
f 2926/2926/2926 2829/2829/2829 2925/2925/2925
f 2927/2927/2927 2838/2838/2838 2926/2926/2926
f 2817/2817/2817 2928/2928/2928 2815/2815/2815
f 2837/2837/2837 2929/2929/2929 2847/2847/2847
f 2930/2930/2930 2847/2847/2847 2929/2929/2929
f 2931/2931/2931 2846/2846/2846 2930/2930/2930
f 2933/2933/2933 2855/2855/2855 2932/2932/2932
f 2862/2862/2862 2934/2934/2934 2935/2935/2935
f 2936/2936/2936 2935/2935/2935 2937/2937/2937
f 2856/2856/2856 2932/2932/2932 2855/2855/2855
f 2938/2938/2938 2871/2871/2871 2937/2937/2937
f 2942/2942/2942 2888/2888/2888 2941/2941/2941
f 2879/2879/2879 2940/2940/2940 2941/2941/2941
f 2887/2887/2887 2943/2943/2943 2895/2895/2895
f 2944/2944/2944 2895/2895/2895 2943/2943/2943
f 2945/2945/2945 2946/2946/2946 2901/2901/2901
f 2948/2948/2948 2949/2949/2949 2900/2900/2900
f 2964/2964/2964 2970/2970/2970 2971/2971/2971
f 2998/2998/2998 2975/2975/2975 2961/2961/2961
f 3029/3029/3029 3026/3026/3026 3027/3027/3027
f 3057/3057/3057 3054/3054/3054 3056/3056/3056
f 3099/3099/3099 3077/3077/3077 3076/3076/3076
f 3077/3077/3077 3074/3074/3074 3078/3078/3078
f 3081/3081/3081 3082/3082/3082 3080/3080/3080
f 3087/3087/3087 3090/3090/3090 3083/3083/3083
f 3095/3095/3095 3094/3094/3094 3092/3092/3092
f 3095/3095/3095 3102/3102/3102 3089/3089/3089
f 3110/3110/3110 3091/3091/3091 3093/3093/3093
f 3198/3198/3198 3191/3191/3191 3205/3205/3205
f 3255/3255/3255 3256/3256/3256 3254/3254/3254
f 3268/3268/3268 3256/3256/3256 3262/3262/3262
f 3270/3270/3270 3265/3265/3265 3266/3266/3266
f 3272/3272/3272 3260/3260/3260 3273/3273/3273
f 3260/3260/3260 3275/3275/3275 3274/3274/3274
f 3278/3278/3278 3257/3257/3257 3276/3276/3276
f 3310/3310/3310 3311/3311/3311 3312/3312/3312
f 3314/3314/3314 3315/3315/3315 3313/3313/3313
f 3312/3312/3312 3316/3316/3316 3317/3317/3317
f 3321/3321/3321 3313/3313/3313 3315/3315/3315
f 3314/3314/3314 3318/3318/3318 3310/3310/3310
f 3342/3342/3342 3343/3343/3343 3344/3344/3344
f 3345/3345/3345 3344/3344/3344 3343/3343/3343
f 3348/3348/3348 3346/3346/3346 3347/3347/3347
f 3350/3350/3350 3349/3349/3349 3348/3348/3348
f 3353/3353/3353 3352/3352/3352 3342/3342/3342
f 3355/3355/3355 3345/3345/3345 3356/3356/3356
f 3418/3418/3418 3412/3412/3412 3374/3374/3374
f 3499/3499/3499 3498/3498/3498 3496/3496/3496
f 3501/3501/3501 3499/3499/3499 3500/3500/3500
f 3500/3500/3500 3497/3497/3497 3504/3504/3504
f 3508/3508/3508 3501/3501/3501 3500/3500/3500
f 3722/3722/3722 3513/3513/3513 3514/3514/3514
f 3515/3515/3515 3506/3506/3506 3512/3512/3512
f 3523/3523/3523 3515/3515/3515 3514/3514/3514
f 3531/3531/3531 3522/3522/3522 3521/3521/3521
f 3728/3728/3728 3533/3533/3533 3529/3529/3529
f 3537/3537/3537 3530/3530/3530 3529/3529/3529
f 3729/3729/3729 3540/3540/3540 3535/3535/3535
f 3544/3544/3544 3536/3536/3536 3535/3535/3535
f 3732/3732/3732 3547/3547/3547 3542/3542/3542
f 3551/3551/3551 3543/3543/3543 3542/3542/3542
f 3558/3558/3558 3550/3550/3550 3549/3549/3549
f 3565/3565/3565 3557/3557/3557 3556/3556/3556
f 3753/3753/3753 3560/3560/3560 3558/3558/3558
f 3572/3572/3572 3564/3564/3564 3563/3563/3563
f 3737/3737/3737 3577/3577/3577 3578/3578/3578
f 3580/3580/3580 3571/3571/3571 3570/3570/3570
f 3739/3739/3739 3584/3584/3584 3585/3585/3585
f 3595/3595/3595 3579/3579/3579 3578/3578/3578
f 3594/3594/3594 3586/3586/3586 3585/3585/3585
f 3596/3596/3596 3595/3595/3595 3586/3586/3586
f 3757/3757/3757 3600/3600/3600 3601/3601/3601
f 3756/3756/3756 3599/3599/3599 3592/3592/3592
f 3603/3603/3603 3593/3593/3593 3592/3592/3592
f 3604/3604/3604 3594/3594/3594 3593/3593/3593
f 3611/3611/3611 3602/3602/3602 3601/3601/3601
f 3612/3612/3612 3603/3603/3603 3602/3602/3602
f 3761/3761/3761 3616/3616/3616 3617/3617/3617
f 3619/3619/3619 3610/3610/3610 3609/3609/3609
f 3620/3620/3620 3611/3611/3611 3610/3610/3610
f 3763/3763/3763 3624/3624/3624 3625/3625/3625
f 3627/3627/3627 3618/3618/3618 3617/3617/3617
f 3628/3628/3628 3619/3619/3619 3618/3618/3618
f 3635/3635/3635 3626/3626/3626 3625/3625/3625
f 3636/3636/3636 3627/3627/3627 3626/3626/3626
f 3643/3643/3643 3634/3634/3634 3633/3633/3633
f 3644/3644/3644 3635/3635/3635 3634/3634/3634
f 3651/3651/3651 3642/3642/3642 3641/3641/3641
f 3652/3652/3652 3643/3643/3643 3642/3642/3642
f 3771/3771/3771 3656/3656/3656 3657/3657/3657
f 3659/3659/3659 3650/3650/3650 3649/3649/3649
f 3660/3660/3660 3651/3651/3651 3650/3650/3650
f 3780/3780/3780 3696/3696/3696 3697/3697/3697
f 3719/3719/3719 3713/3713/3713 3712/3712/3712
f 3717/3717/3717 3711/3711/3711 3784/3784/3784
f 3828/3828/3828 3825/3825/3825 3823/3823/3823
f 4890/4890/4890 3893/3893/3893 3891/3891/3891
f 3899/3899/3899 3897/3897/3897 3895/3895/3895
f 3906/3906/3906 3907/3907/3907 3905/3905/3905
f 3908/3908/3908 3906/3906/3906 3905/3905/3905
f 3910/3910/3910 3911/3911/3911 3909/3909/3909
f 3905/3905/3905 3912/3912/3912 3910/3910/3910
f 3914/3914/3914 3910/3910/3910 3909/3909/3909
f 3909/3909/3909 3916/3916/3916 3915/3915/3915
f 3919/3919/3919 3915/3915/3915 3918/3918/3918
f 3922/3922/3922 3921/3921/3921 3918/3918/3918
f 3925/3925/3925 3924/3924/3924 3922/3922/3922
f 3931/3931/3931 3930/3930/3930 3928/3928/3928
f 3934/3934/3934 3933/3933/3933 3931/3931/3931
f 3937/3937/3937 3936/3936/3936 3934/3934/3934
f 3940/3940/3940 3939/3939/3939 3937/3937/3937
f 3946/3946/3946 3945/3945/3945 3943/3943/3943
f 3949/3949/3949 3948/3948/3948 3946/3946/3946
f 3955/3955/3955 3954/3954/3954 3952/3952/3952
f 3958/3958/3958 3957/3957/3957 3955/3955/3955
f 3961/3961/3961 3960/3960/3960 3958/3958/3958
f 3964/3964/3964 3963/3963/3963 3961/3961/3961
f 3970/3970/3970 3969/3969/3969 3967/3967/3967
f 3973/3973/3973 3972/3972/3972 3970/3970/3970
f 3976/3976/3976 3975/3975/3975 3973/3973/3973
f 3979/3979/3979 3978/3978/3978 3976/3976/3976
f 3982/3982/3982 3981/3981/3981 3979/3979/3979
f 3985/3985/3985 3984/3984/3984 3982/3982/3982
f 3988/3988/3988 3987/3987/3987 3985/3985/3985
f 3991/3991/3991 3990/3990/3990 3988/3988/3988
f 3994/3994/3994 3993/3993/3993 3991/3991/3991
f 3997/3997/3997 3996/3996/3996 3994/3994/3994
f 4000/4000/4000 3999/3999/3999 3997/3997/3997
f 4001/4001/4001 4003/4003/4003 4002/4002/4002
f 4008/4008/4008 4007/4007/4007 4005/4005/4005
f 4011/4011/4011 4010/4010/4010 4008/4008/4008
f 4014/4014/4014 4013/4013/4013 4011/4011/4011
f 4017/4017/4017 4016/4016/4016 4014/4014/4014
f 4020/4020/4020 4019/4019/4019 4017/4017/4017
f 4023/4023/4023 4022/4022/4022 4020/4020/4020
f 4026/4026/4026 4025/4025/4025 4023/4023/4023
f 4029/4029/4029 4028/4028/4028 4026/4026/4026
f 4032/4032/4032 4031/4031/4031 4029/4029/4029
f 4035/4035/4035 4034/4034/4034 4032/4032/4032
f 4038/4038/4038 4037/4037/4037 4035/4035/4035
f 4041/4041/4041 4040/4040/4040 4038/4038/4038
f 4096/4096/4096 4043/4043/4043 4041/4041/4041
f 3907/3907/3907 4047/4047/4047 4048/4048/4048
f 3912/3912/3912 4048/4048/4048 4049/4049/4049
f 3923/3923/3923 4054/4054/4054 4053/4053/4053
f 3920/3920/3920 4052/4052/4052 4054/4054/4054
f 3926/3926/3926 4053/4053/4053 4055/4055/4055
f 3932/3932/3932 4057/4057/4057 4056/4056/4056
f 3929/3929/3929 4055/4055/4055 4057/4057/4057
f 4056/4056/4056 3935/3935/3935 3932/3932/3932
f 4059/4059/4059 3938/3938/3938 3935/3935/3935
f 3944/3944/3944 4061/4061/4061 4062/4062/4062
f 3941/3941/3941 4060/4060/4060 4061/4061/4061
f 3947/3947/3947 4062/4062/4062 4063/4063/4063
f 3956/3956/3956 4065/4065/4065 4066/4066/4066
f 3962/3962/3962 4067/4067/4067 4068/4068/4068
f 3959/3959/3959 4066/4066/4066 4067/4067/4067
f 3965/3965/3965 4068/4068/4068 4069/4069/4069
f 4070/4070/4070 3968/3968/3968 4069/4069/4069
f 4071/4071/4071 3974/3974/3974 3971/3971/3971
f 3977/3977/3977 4072/4072/4072 4073/4073/4073
f 3980/3980/3980 4073/4073/4073 4074/4074/4074
f 3986/3986/3986 4076/4076/4076 4075/4075/4075
f 3983/3983/3983 4074/4074/4074 4076/4076/4076
f 3989/3989/3989 4075/4075/4075 4077/4077/4077
f 3992/3992/3992 4077/4077/4077 4078/4078/4078
f 3998/3998/3998 4080/4080/4080 4079/4079/4079
f 3995/3995/3995 4078/4078/4078 4080/4080/4080
f 4001/4001/4001 4079/4079/4079 4081/4081/4081
f 4006/4006/4006 4083/4083/4083 4082/4082/4082
f 4004/4004/4004 4081/4081/4081 4083/4083/4083
f 4082/4082/4082 4009/4009/4009 4006/4006/4006
f 4012/4012/4012 4084/4084/4084 4085/4085/4085
f 4015/4015/4015 4085/4085/4085 4086/4086/4086
f 4018/4018/4018 4086/4086/4086 4087/4087/4087
f 4021/4021/4021 4087/4087/4087 4088/4088/4088
f 4024/4024/4024 4088/4088/4088 4089/4089/4089
f 4030/4030/4030 4090/4090/4090 4091/4091/4091
f 4033/4033/4033 4091/4091/4091 4092/4092/4092
f 4039/4039/4039 4093/4093/4093 4094/4094/4094
f 4036/4036/4036 4092/4092/4092 4093/4093/4093
f 4027/4027/4027 4089/4089/4089 4090/4090/4090
f 4167/4167/4167 4161/4161/4161 4162/4162/4162
f 4182/4182/4182 4184/4184/4184 4185/4185/4185
f 4188/4188/4188 4186/4186/4186 4187/4187/4187
f 4191/4191/4191 4189/4189/4189 4190/4190/4190
f 4206/4206/4206 4210/4210/4210 4226/4226/4226
f 4235/4235/4235 4246/4246/4246 4244/4244/4244
f 4306/4306/4306 4292/4292/4292 4294/4294/4294
f 4322/4322/4322 4305/4305/4305 4308/4308/4308
f 4330/4330/4330 4318/4318/4318 4316/4316/4316
f 4327/4327/4327 4329/4329/4329 4323/4323/4323
f 4395/4395/4395 4394/4394/4394 4388/4388/4388
f 4445/4445/4445 4440/4440/4440 4437/4437/4437
f 4444/4444/4444 4443/4443/4443 4442/4442/4442
f 4440/4440/4440 4445/4445/4445 4446/4446/4446
f 4449/4449/4449 4446/4446/4446 4448/4448/4448
f 4451/4451/4451 4448/4448/4448 4450/4450/4450
f 4453/4453/4453 4450/4450/4450 4452/4452/4452
f 4460/4460/4460 4454/4454/4454 4456/4456/4456
f 4475/4475/4475 4466/4466/4466 4465/4465/4465
f 4466/4466/4466 4475/4475/4475 4470/4470/4470
f 4477/4477/4477 4479/4479/4479 4478/4478/4478
f 4471/4471/4471 4483/4483/4483 4484/4484/4484
f 4490/4490/4490 4489/4489/4489 4479/4479/4479
f 4517/4517/4517 4498/4498/4498 4499/4499/4499
f 4502/4502/4502 4503/4503/4503 4501/4501/4501
f 4504/4504/4504 4498/4498/4498 4502/4502/4502
f 4502/4502/4502 4505/4505/4505 4504/4504/4504
f 4509/4509/4509 4511/4511/4511 4512/4512/4512
f 4518/4518/4518 4502/4502/4502 4498/4498/4498
f 4495/4495/4495 4499/4499/4499 4531/4531/4531
f 4551/4551/4551 4545/4545/4545 4544/4544/4544
f 4598/4598/4598 4557/4557/4557 4554/4554/4554
f 4558/4558/4558 4556/4556/4556 4555/4555/4555
f 4605/4605/4605 4567/4567/4567 4570/4570/4570
f 4619/4619/4619 4592/4592/4592 4593/4593/4593
f 4560/4560/4560 4566/4566/4566 4602/4602/4602
f 4606/4606/4606 4571/4571/4571 4594/4594/4594
f 4634/4634/4634 4631/4631/4631 4627/4627/4627
f 4647/4647/4647 4645/4645/4645 4644/4644/4644
f 4696/4696/4696 4697/4697/4697 4698/4698/4698
f 4707/4707/4707 4706/4706/4706 4704/4704/4704
f 4721/4721/4721 4720/4720/4720 4718/4718/4718
f 4726/4726/4726 4723/4723/4723 4725/4725/4725
f 4760/4760/4760 4759/4759/4759 4757/4757/4757
f 4768/4768/4768 4767/4767/4767 4765/4765/4765

