mtllib material.mtl
usemtl Material-7011油漆.016
v -0.06873600 -0.01574700 0.07900000
v -0.06873600 -0.01574700 0.07970000
v -0.06849800 -0.01573500 0.07900000
v -0.06849800 -0.01573500 0.07970000
v -0.06826700 -0.01570000 0.07900000
v -0.06826700 -0.01570000 0.07970000
v -0.06804300 -0.01564200 0.07900000
v -0.06804300 -0.01564200 0.07970000
v -0.06782900 -0.01556400 0.07900000
v -0.06782900 -0.01556400 0.07970000
v -0.06762500 -0.01546500 0.07900000
v -0.06762500 -0.01546500 0.07970000
v -0.06743300 -0.01534900 0.07900000
v -0.06743300 -0.01534900 0.07970000
v -0.06725300 -0.01521400 0.07900000
v -0.06725300 -0.01521400 0.07970000
v -0.06708700 -0.01506400 0.07900000
v -0.06708700 -0.01506400 0.07970000
v -0.06693700 -0.01489800 0.07900000
v -0.06693700 -0.01489800 0.07970000
v -0.06680300 -0.01471800 0.07900000
v -0.06680300 -0.01471800 0.07970000
v -0.06668600 -0.01452600 0.07900000
v -0.06668600 -0.01452600 0.07970000
v -0.06658700 -0.01432200 0.07900000
v -0.06658700 -0.01432200 0.07970000
v -0.06650900 -0.01410800 0.07900000
v -0.06650900 -0.01410800 0.07970000
v -0.06645200 -0.01388500 0.07900000
v -0.06645200 -0.01388500 0.07970000
v -0.06641600 -0.01365300 0.07900000
v -0.06641600 -0.01365300 0.07970000
v -0.06640400 -0.01341500 0.07900000
v -0.06640400 -0.01341500 0.07970000
v -0.06641600 -0.01317600 0.07900000
v -0.06641600 -0.01317600 0.07970000
v -0.06645200 -0.01294400 0.07900000
v -0.06645200 -0.01294400 0.07970000
v -0.06650900 -0.01272000 0.07900000
v -0.06650900 -0.01272000 0.07970000
v -0.06658700 -0.01250600 0.07900000
v -0.06658700 -0.01250600 0.07970000
v -0.06668600 -0.01230200 0.07900000
v -0.06668600 -0.01230200 0.07970000
v -0.06680300 -0.01210900 0.07900000
v -0.06680300 -0.01210900 0.07970000
v -0.06693700 -0.01193000 0.07900000
v -0.06693700 -0.01193000 0.07970000
v -0.06708700 -0.01176400 0.07900000
v -0.06708700 -0.01176400 0.07970000
v -0.06725300 -0.01161300 0.07900000
v -0.06725300 -0.01161300 0.07970000
v -0.06743300 -0.01147900 0.07900000
v -0.06743300 -0.01147900 0.07970000
v -0.06762500 -0.01136200 0.07900000
v -0.06762500 -0.01136200 0.07970000
v -0.06782900 -0.01126400 0.07900000
v -0.06782900 -0.01126400 0.07970000
v -0.06804300 -0.01118500 0.07900000
v -0.06804300 -0.01118500 0.07970000
v -0.06826700 -0.01112800 0.07900000
v -0.06826700 -0.01112800 0.07970000
v -0.06849800 -0.01109200 0.07900000
v -0.06849800 -0.01109200 0.07970000
v -0.06873700 -0.01108000 0.07900000
v -0.06873700 -0.01108000 0.07970000
v -0.06897500 -0.01109200 0.07900000
v -0.06897500 -0.01109200 0.07970000
v -0.06920700 -0.01112800 0.07900000
v -0.06920700 -0.01112800 0.07970000
v -0.06943000 -0.01118500 0.07900000
v -0.06943000 -0.01118500 0.07970000
v -0.06964500 -0.01126400 0.07900000
v -0.06964500 -0.01126400 0.07970000
v -0.06984900 -0.01136200 0.07900000
v -0.06984900 -0.01136200 0.07970000
v -0.07004100 -0.01147900 0.07900000
v -0.07004100 -0.01147900 0.07970000
v -0.07022100 -0.01161300 0.07900000
v -0.07022100 -0.01161300 0.07970000
v -0.07038700 -0.01176400 0.07900000
v -0.07038700 -0.01176400 0.07970000
v -0.07053700 -0.01193000 0.07900000
v -0.07053700 -0.01193000 0.07970000
v -0.07067200 -0.01210900 0.07900000
v -0.07067200 -0.01210900 0.07970000
v -0.07078900 -0.01230200 0.07900000
v -0.07078900 -0.01230200 0.07970000
v -0.07088700 -0.01250600 0.07900000
v -0.07088700 -0.01250600 0.07970000
v -0.07096600 -0.01272000 0.07900000
v -0.07096600 -0.01272000 0.07970000
v -0.07102300 -0.01294400 0.07900000
v -0.07102300 -0.01294400 0.07970000
v -0.07105900 -0.01317600 0.07900000
v -0.07105900 -0.01317600 0.07970000
v -0.07107100 -0.01341500 0.07900000
v -0.07107100 -0.01341500 0.07970000
v -0.07105900 -0.01365300 0.07900000
v -0.07105900 -0.01365300 0.07970000
v -0.07102300 -0.01388500 0.07900000
v -0.07102300 -0.01388500 0.07970000
v -0.07096600 -0.01410800 0.07900000
v -0.07096600 -0.01410800 0.07970000
v -0.07088700 -0.01432200 0.07900000
v -0.07088700 -0.01432200 0.07970000
v -0.07078900 -0.01452600 0.07900000
v -0.07078900 -0.01452600 0.07970000
v -0.07067200 -0.01471800 0.07900000
v -0.07067200 -0.01471800 0.07970000
v -0.07053700 -0.01489800 0.07900000
v -0.07053700 -0.01489800 0.07970000
v -0.07038700 -0.01506400 0.07900000
v -0.07038700 -0.01506400 0.07970000
v -0.07022100 -0.01521400 0.07900000
v -0.07022100 -0.01521400 0.07970000
v -0.07004100 -0.01534900 0.07900000
v -0.07004100 -0.01534900 0.07970000
v -0.06984900 -0.01546500 0.07900000
v -0.06984900 -0.01546500 0.07970000
v -0.06964500 -0.01556400 0.07900000
v -0.06964500 -0.01556400 0.07970000
v -0.06943000 -0.01564200 0.07900000
v -0.06943000 -0.01564200 0.07970000
v -0.06920700 -0.01570000 0.07900000
v -0.06920700 -0.01570000 0.07970000
v -0.06897500 -0.01573500 0.07900000
v -0.06897500 -0.01573500 0.07970000
v -0.06873700 -0.01574700 0.07900000
v -0.06873700 -0.01574700 0.07970000
v -0.06873700 -0.01574600 0.07899900
v -0.06873700 -0.01574600 0.07899900
v -0.06873700 -0.01574600 0.07899900
v -0.06873700 -0.01574600 0.07899900
v -0.06849800 -0.01573400 0.07899900
v -0.06849800 -0.01573400 0.07899900
v -0.06849800 -0.01573400 0.07899900
v -0.06826700 -0.01569900 0.07899900
v -0.06826700 -0.01569900 0.07899900
v -0.06826700 -0.01569900 0.07899900
v -0.06826700 -0.01569900 0.07899900
v -0.06826700 -0.01569900 0.07899900
v -0.06804300 -0.01564200 0.07899900
v -0.06804300 -0.01564200 0.07899900
v -0.06804300 -0.01564200 0.07899900
v -0.06782900 -0.01556300 0.07899900
v -0.06782900 -0.01556300 0.07899900
v -0.06782900 -0.01556300 0.07899900
v -0.06782900 -0.01556300 0.07899900
v -0.06762500 -0.01546500 0.07899900
v -0.06762500 -0.01546500 0.07899900
v -0.06762500 -0.01546500 0.07899900
v -0.06762500 -0.01546500 0.07899900
v -0.06743300 -0.01534800 0.07899900
v -0.06743300 -0.01534800 0.07899900
v -0.06743300 -0.01534800 0.07899900
v -0.06725300 -0.01521400 0.07899900
v -0.06725300 -0.01521400 0.07899900
v -0.06725300 -0.01521400 0.07899900
v -0.06725300 -0.01521400 0.07899900
v -0.06708800 -0.01506300 0.07899900
v -0.06708800 -0.01506300 0.07899900
v -0.06708800 -0.01506300 0.07899900
v -0.06708800 -0.01506300 0.07899900
v -0.06708800 -0.01506300 0.07899900
v -0.06693700 -0.01489800 0.07899900
v -0.06693700 -0.01489800 0.07899900
v -0.06693700 -0.01489800 0.07899900
v -0.06693700 -0.01489800 0.07899900
v -0.06680300 -0.01471800 0.07899900
v -0.06680300 -0.01471800 0.07899900
v -0.06680300 -0.01471800 0.07899900
v -0.06680300 -0.01471800 0.07899900
v -0.06668600 -0.01452600 0.07899900
v -0.06668600 -0.01452600 0.07899900
v -0.06668600 -0.01452600 0.07899900
v -0.06668600 -0.01452600 0.07899900
v -0.06668600 -0.01452600 0.07899900
v -0.06658800 -0.01432200 0.07899900
v -0.06658800 -0.01432200 0.07899900
v -0.06658800 -0.01432200 0.07899900
v -0.06658800 -0.01432200 0.07899900
v -0.06651000 -0.01410800 0.07899900
v -0.06651000 -0.01410800 0.07899900
v -0.06651000 -0.01410800 0.07899900
v -0.06645200 -0.01388400 0.07899900
v -0.06645200 -0.01388400 0.07899900
v -0.06645200 -0.01388400 0.07899900
v -0.06645200 -0.01388400 0.07899900
v -0.06645200 -0.01388400 0.07899900
v -0.06641700 -0.01365300 0.07899900
v -0.06641700 -0.01365300 0.07899900
v -0.06641700 -0.01365300 0.07899900
v -0.06641700 -0.01365300 0.07899900
v -0.06641700 -0.01365300 0.07899900
v -0.06640500 -0.01341500 0.07899900
v -0.06640500 -0.01341500 0.07899900
v -0.06640500 -0.01341500 0.07899900
v -0.06640500 -0.01341500 0.07899900
v -0.06640500 -0.01341500 0.07899900
v -0.06641700 -0.01317600 0.07899900
v -0.06641700 -0.01317600 0.07899900
v -0.06641700 -0.01317600 0.07899900
v -0.06641700 -0.01317600 0.07899900
v -0.06645200 -0.01294400 0.07899900
v -0.06645200 -0.01294400 0.07899900
v -0.06645200 -0.01294400 0.07899900
v -0.06645200 -0.01294400 0.07899900
v -0.06651000 -0.01272000 0.07899900
v -0.06651000 -0.01272000 0.07899900
v -0.06651000 -0.01272000 0.07899900
v -0.06658800 -0.01250600 0.07899900
v -0.06658800 -0.01250600 0.07899900
v -0.06658800 -0.01250600 0.07899900
v -0.06658800 -0.01250600 0.07899900
v -0.06668600 -0.01230200 0.07899900
v -0.06668600 -0.01230200 0.07899900
v -0.06668600 -0.01230200 0.07899900
v -0.06668600 -0.01230200 0.07899900
v -0.06680300 -0.01211000 0.07899900
v -0.06680300 -0.01211000 0.07899900
v -0.06680300 -0.01211000 0.07899900
v -0.06680300 -0.01211000 0.07899900
v -0.06693700 -0.01193000 0.07899900
v -0.06693700 -0.01193000 0.07899900
v -0.06693700 -0.01193000 0.07899900
v -0.06693700 -0.01193000 0.07899900
v -0.06708800 -0.01176400 0.07899900
v -0.06708800 -0.01176400 0.07899900
v -0.06708800 -0.01176400 0.07899900
v -0.06708800 -0.01176400 0.07899900
v -0.06725300 -0.01161400 0.07899900
v -0.06725300 -0.01161400 0.07899900
v -0.06725300 -0.01161400 0.07899900
v -0.06743300 -0.01147900 0.07899900
v -0.06743300 -0.01147900 0.07899900
v -0.06743300 -0.01147900 0.07899900
v -0.06743300 -0.01147900 0.07899900
v -0.06762500 -0.01136200 0.07899900
v -0.06762500 -0.01136200 0.07899900
v -0.06762500 -0.01136200 0.07899900
v -0.06762500 -0.01136200 0.07899900
v -0.06782900 -0.01126400 0.07899900
v -0.06782900 -0.01126400 0.07899900
v -0.06782900 -0.01126400 0.07899900
v -0.06782900 -0.01126400 0.07899900
v -0.06804300 -0.01118600 0.07899900
v -0.06804300 -0.01118600 0.07899900
v -0.06804300 -0.01118600 0.07899900
v -0.06826700 -0.01112800 0.07899900
v -0.06826700 -0.01112800 0.07899900
v -0.06826700 -0.01112800 0.07899900
v -0.06826700 -0.01112800 0.07899900
v -0.06849800 -0.01109300 0.07899900
v -0.06849800 -0.01109300 0.07899900
v -0.06849800 -0.01109300 0.07899900
v -0.06849800 -0.01109300 0.07899900
v -0.06873700 -0.01108100 0.07899900
v -0.06873700 -0.01108100 0.07899900
v -0.06873700 -0.01108100 0.07899900
v -0.06897500 -0.01109300 0.07899900
v -0.06897500 -0.01109300 0.07899900
v -0.06897500 -0.01109300 0.07899900
v -0.06897500 -0.01109300 0.07899900
v -0.06920600 -0.01112800 0.07899900
v -0.06920600 -0.01112800 0.07899900
v -0.06920600 -0.01112800 0.07899900
v -0.06920600 -0.01112800 0.07899900
v -0.06943000 -0.01118600 0.07899900
v -0.06943000 -0.01118600 0.07899900
v -0.06943000 -0.01118600 0.07899900
v -0.06964400 -0.01126400 0.07899900
v -0.06964400 -0.01126400 0.07899900
v -0.06964400 -0.01126400 0.07899900
v -0.06964400 -0.01126400 0.07899900
v -0.06984800 -0.01136200 0.07899900
v -0.06984800 -0.01136200 0.07899900
v -0.06984800 -0.01136200 0.07899900
v -0.06984800 -0.01136200 0.07899900
v -0.07004100 -0.01147900 0.07899900
v -0.07004100 -0.01147900 0.07899900
v -0.07004100 -0.01147900 0.07899900
v -0.07004100 -0.01147900 0.07899900
v -0.07022000 -0.01161400 0.07899900
v -0.07022000 -0.01161400 0.07899900
v -0.07022000 -0.01161400 0.07899900
v -0.07038600 -0.01176400 0.07899900
v -0.07038600 -0.01176400 0.07899900
v -0.07038600 -0.01176400 0.07899900
v -0.07053700 -0.01193000 0.07899900
v -0.07053700 -0.01193000 0.07899900
v -0.07053700 -0.01193000 0.07899900
v -0.07067100 -0.01211000 0.07899900
v -0.07067100 -0.01211000 0.07899900
v -0.07067100 -0.01211000 0.07899900
v -0.07078800 -0.01230200 0.07899900
v -0.07078800 -0.01230200 0.07899900
v -0.07078800 -0.01230200 0.07899900
v -0.07078800 -0.01230200 0.07899900
v -0.07088700 -0.01250600 0.07899900
v -0.07088700 -0.01250600 0.07899900
v -0.07088700 -0.01250600 0.07899900
v -0.07088700 -0.01250600 0.07899900
v -0.07096500 -0.01272000 0.07899900
v -0.07096500 -0.01272000 0.07899900
v -0.07096500 -0.01272000 0.07899900
v -0.07102300 -0.01294400 0.07899900
v -0.07102300 -0.01294400 0.07899900
v -0.07102300 -0.01294400 0.07899900
v -0.07102300 -0.01294400 0.07899900
v -0.07105800 -0.01317600 0.07899900
v -0.07105800 -0.01317600 0.07899900
v -0.07105800 -0.01317600 0.07899900
v -0.07107000 -0.01341500 0.07899900
v -0.07107000 -0.01341500 0.07899900
v -0.07107000 -0.01341500 0.07899900
v -0.07107000 -0.01341500 0.07899900
v -0.07107000 -0.01341500 0.07899900
v -0.07105800 -0.01365300 0.07899900
v -0.07105800 -0.01365300 0.07899900
v -0.07105800 -0.01365300 0.07899900
v -0.07105800 -0.01365300 0.07899900
v -0.07102300 -0.01388400 0.07899900
v -0.07102300 -0.01388400 0.07899900
v -0.07102300 -0.01388400 0.07899900
v -0.07102300 -0.01388400 0.07899900
v -0.07096500 -0.01410800 0.07899900
v -0.07096500 -0.01410800 0.07899900
v -0.07096500 -0.01410800 0.07899900
v -0.07088700 -0.01432200 0.07899900
v -0.07088700 -0.01432200 0.07899900
v -0.07088700 -0.01432200 0.07899900
v -0.07088700 -0.01432200 0.07899900
v -0.07078800 -0.01452600 0.07899900
v -0.07078800 -0.01452600 0.07899900
v -0.07078800 -0.01452600 0.07899900
v -0.07078800 -0.01452600 0.07899900
v -0.07067100 -0.01471800 0.07899900
v -0.07067100 -0.01471800 0.07899900
v -0.07067100 -0.01471800 0.07899900
v -0.07067100 -0.01471800 0.07899900
v -0.07067100 -0.01471800 0.07899900
v -0.07053700 -0.01489800 0.07899900
v -0.07053700 -0.01489800 0.07899900
v -0.07053700 -0.01489800 0.07899900
v -0.07053700 -0.01489800 0.07899900
v -0.07038600 -0.01506300 0.07899900
v -0.07038600 -0.01506300 0.07899900
v -0.07038600 -0.01506300 0.07899900
v -0.07038600 -0.01506300 0.07899900
v -0.07022000 -0.01521400 0.07899900
v -0.07022000 -0.01521400 0.07899900
v -0.07022000 -0.01521400 0.07899900
v -0.07004100 -0.01534800 0.07899900
v -0.07004100 -0.01534800 0.07899900
v -0.07004100 -0.01534800 0.07899900
v -0.06984800 -0.01546500 0.07899900
v -0.06984800 -0.01546500 0.07899900
v -0.06984800 -0.01546500 0.07899900
v -0.06984800 -0.01546500 0.07899900
v -0.06964400 -0.01556300 0.07899900
v -0.06964400 -0.01556300 0.07899900
v -0.06964400 -0.01556300 0.07899900
v -0.06964400 -0.01556300 0.07899900
v -0.06943000 -0.01564200 0.07899900
v -0.06943000 -0.01564200 0.07899900
v -0.06943000 -0.01564200 0.07899900
v -0.06920600 -0.01569900 0.07899900
v -0.06920600 -0.01569900 0.07899900
v -0.06920600 -0.01569900 0.07899900
v -0.06920600 -0.01569900 0.07899900
v -0.06920600 -0.01569900 0.07899900
v -0.06897500 -0.01573400 0.07899900
v -0.06897500 -0.01573400 0.07899900
v -0.06897500 -0.01573400 0.07899900
v -0.06873700 -0.01574600 0.07970000
v -0.06873700 -0.01574600 0.07970000
v -0.06873700 -0.01574600 0.07970000
v -0.06849800 -0.01573400 0.07970000
v -0.06849800 -0.01573400 0.07970000
v -0.06849800 -0.01573400 0.07970000
v -0.06849800 -0.01573400 0.07970000
v -0.06849800 -0.01573400 0.07970000
v -0.06826700 -0.01569900 0.07970000
v -0.06826700 -0.01569900 0.07970000
v -0.06826700 -0.01569900 0.07970000
v -0.06826700 -0.01569900 0.07970000
v -0.06826700 -0.01569900 0.07970000
v -0.06804300 -0.01564200 0.07970000
v -0.06804300 -0.01564200 0.07970000
v -0.06804300 -0.01564200 0.07970000
v -0.06782900 -0.01556300 0.07970000
v -0.06782900 -0.01556300 0.07970000
v -0.06782900 -0.01556300 0.07970000
v -0.06782900 -0.01556300 0.07970000
v -0.06762500 -0.01546500 0.07970000
v -0.06762500 -0.01546500 0.07970000
v -0.06762500 -0.01546500 0.07970000
v -0.06762500 -0.01546500 0.07970000
v -0.06762500 -0.01546500 0.07970000
v -0.06743300 -0.01534800 0.07970000
v -0.06743300 -0.01534800 0.07970000
v -0.06743300 -0.01534800 0.07970000
v -0.06743300 -0.01534800 0.07970000
v -0.06725300 -0.01521400 0.07970000
v -0.06725300 -0.01521400 0.07970000
v -0.06725300 -0.01521400 0.07970000
v -0.06725300 -0.01521400 0.07970000
v -0.06708800 -0.01506300 0.07970000
v -0.06708800 -0.01506300 0.07970000
v -0.06708800 -0.01506300 0.07970000
v -0.06693700 -0.01489800 0.07970000
v -0.06693700 -0.01489800 0.07970000
v -0.06693700 -0.01489800 0.07970000
v -0.06680300 -0.01471800 0.07970000
v -0.06680300 -0.01471800 0.07970000
v -0.06680300 -0.01471800 0.07970000
v -0.06668600 -0.01452600 0.07970000
v -0.06668600 -0.01452600 0.07970000
v -0.06668600 -0.01452600 0.07970000
v -0.06658800 -0.01432200 0.07970000
v -0.06658800 -0.01432200 0.07970000
v -0.06658800 -0.01432200 0.07970000
v -0.06658800 -0.01432200 0.07970000
v -0.06651000 -0.01410800 0.07970000
v -0.06651000 -0.01410800 0.07970000
v -0.06651000 -0.01410800 0.07970000
v -0.06645200 -0.01388400 0.07970000
v -0.06645200 -0.01388400 0.07970000
v -0.06645200 -0.01388400 0.07970000
v -0.06645200 -0.01388400 0.07970000
v -0.06641700 -0.01365300 0.07970000
v -0.06641700 -0.01365300 0.07970000
v -0.06641700 -0.01365300 0.07970000
v -0.06640500 -0.01341500 0.07970000
v -0.06640500 -0.01341500 0.07970000
v -0.06640500 -0.01341500 0.07970000
v -0.06640500 -0.01341500 0.07970000
v -0.06641700 -0.01317600 0.07970000
v -0.06641700 -0.01317600 0.07970000
v -0.06641700 -0.01317600 0.07970000
v -0.06641700 -0.01317600 0.07970000
v -0.06641700 -0.01317600 0.07970000
v -0.06641700 -0.01317600 0.07970000
v -0.06645200 -0.01294400 0.07970000
v -0.06645200 -0.01294400 0.07970000
v -0.06645200 -0.01294400 0.07970000
v -0.06645200 -0.01294400 0.07970000
v -0.06645200 -0.01294400 0.07970000
v -0.06651000 -0.01272000 0.07970000
v -0.06651000 -0.01272000 0.07970000
v -0.06651000 -0.01272000 0.07970000
v -0.06658800 -0.01250600 0.07970000
v -0.06658800 -0.01250600 0.07970000
v -0.06658800 -0.01250600 0.07970000
v -0.06658800 -0.01250600 0.07970000
v -0.06668600 -0.01230200 0.07970000
v -0.06668600 -0.01230200 0.07970000
v -0.06668600 -0.01230200 0.07970000
v -0.06668600 -0.01230200 0.07970000
v -0.06668600 -0.01230200 0.07970000
v -0.06680300 -0.01211000 0.07970000
v -0.06680300 -0.01211000 0.07970000
v -0.06680300 -0.01211000 0.07970000
v -0.06680300 -0.01211000 0.07970000
v -0.06693700 -0.01193000 0.07970000
v -0.06693700 -0.01193000 0.07970000
v -0.06693700 -0.01193000 0.07970000
v -0.06693700 -0.01193000 0.07970000
v -0.06693700 -0.01193000 0.07970000
v -0.06708800 -0.01176400 0.07970000
v -0.06708800 -0.01176400 0.07970000
v -0.06708800 -0.01176400 0.07970000
v -0.06708800 -0.01176400 0.07970000
v -0.06725300 -0.01161400 0.07970000
v -0.06725300 -0.01161400 0.07970000
v -0.06725300 -0.01161400 0.07970000
v -0.06725300 -0.01161400 0.07970000
v -0.06743300 -0.01147900 0.07970000
v -0.06743300 -0.01147900 0.07970000
v -0.06743300 -0.01147900 0.07970000
v -0.06762500 -0.01136200 0.07970000
v -0.06762500 -0.01136200 0.07970000
v -0.06762500 -0.01136200 0.07970000
v -0.06782900 -0.01126400 0.07970000
v -0.06782900 -0.01126400 0.07970000
v -0.06782900 -0.01126400 0.07970000
v -0.06804300 -0.01118600 0.07970000
v -0.06804300 -0.01118600 0.07970000
v -0.06804300 -0.01118600 0.07970000
v -0.06826700 -0.01112800 0.07970000
v -0.06826700 -0.01112800 0.07970000
v -0.06826700 -0.01112800 0.07970000
v -0.06849800 -0.01109300 0.07970000
v -0.06849800 -0.01109300 0.07970000
v -0.06849800 -0.01109300 0.07970000
v -0.06873700 -0.01108100 0.07970000
v -0.06873700 -0.01108100 0.07970000
v -0.06873700 -0.01108100 0.07970000
v -0.06873700 -0.01108100 0.07970000
v -0.06873700 -0.01108100 0.07970000
v -0.06897500 -0.01109300 0.07970000
v -0.06897500 -0.01109300 0.07970000
v -0.06897500 -0.01109300 0.07970000
v -0.06897500 -0.01109300 0.07970000
v -0.06920600 -0.01112800 0.07970000
v -0.06920600 -0.01112800 0.07970000
v -0.06920600 -0.01112800 0.07970000
v -0.06943000 -0.01118600 0.07970000
v -0.06943000 -0.01118600 0.07970000
v -0.06943000 -0.01118600 0.07970000
v -0.06964400 -0.01126400 0.07970000
v -0.06964400 -0.01126400 0.07970000
v -0.06964400 -0.01126400 0.07970000
v -0.06984800 -0.01136200 0.07970000
v -0.06984800 -0.01136200 0.07970000
v -0.06984800 -0.01136200 0.07970000
v -0.07004100 -0.01147900 0.07970000
v -0.07004100 -0.01147900 0.07970000
v -0.07004100 -0.01147900 0.07970000
v -0.07004100 -0.01147900 0.07970000
v -0.07004100 -0.01147900 0.07970000
v -0.07022000 -0.01161400 0.07970000
v -0.07022000 -0.01161400 0.07970000
v -0.07022000 -0.01161400 0.07970000
v -0.07022000 -0.01161400 0.07970000
v -0.07038600 -0.01176400 0.07970000
v -0.07038600 -0.01176400 0.07970000
v -0.07038600 -0.01176400 0.07970000
v -0.07038600 -0.01176400 0.07970000
v -0.07053700 -0.01193000 0.07970000
v -0.07053700 -0.01193000 0.07970000
v -0.07053700 -0.01193000 0.07970000
v -0.07053700 -0.01193000 0.07970000
v -0.07067100 -0.01211000 0.07970000
v -0.07067100 -0.01211000 0.07970000
v -0.07067100 -0.01211000 0.07970000
v -0.07067100 -0.01211000 0.07970000
v -0.07078800 -0.01230200 0.07970000
v -0.07078800 -0.01230200 0.07970000
v -0.07078800 -0.01230200 0.07970000
v -0.07078800 -0.01230200 0.07970000
v -0.07088700 -0.01250600 0.07970000
v -0.07088700 -0.01250600 0.07970000
v -0.07088700 -0.01250600 0.07970000
v -0.07088700 -0.01250600 0.07970000
v -0.07096500 -0.01272000 0.07970000
v -0.07096500 -0.01272000 0.07970000
v -0.07096500 -0.01272000 0.07970000
v -0.07102300 -0.01294400 0.07970000
v -0.07102300 -0.01294400 0.07970000
v -0.07102300 -0.01294400 0.07970000
v -0.07102300 -0.01294400 0.07970000
v -0.07102300 -0.01294400 0.07970000
v -0.07105800 -0.01317600 0.07970000
v -0.07105800 -0.01317600 0.07970000
v -0.07105800 -0.01317600 0.07970000
v -0.07105800 -0.01317600 0.07970000
v -0.07105800 -0.01317600 0.07970000
v -0.07107000 -0.01341500 0.07970000
v -0.07107000 -0.01341500 0.07970000
v -0.07107000 -0.01341500 0.07970000
v -0.07107000 -0.01341500 0.07970000
v -0.07105800 -0.01365300 0.07970000
v -0.07105800 -0.01365300 0.07970000
v -0.07105800 -0.01365300 0.07970000
v -0.07105800 -0.01365300 0.07970000
v -0.07102300 -0.01388400 0.07970000
v -0.07102300 -0.01388400 0.07970000
v -0.07102300 -0.01388400 0.07970000
v -0.07102300 -0.01388400 0.07970000
v -0.07096500 -0.01410800 0.07970000
v -0.07096500 -0.01410800 0.07970000
v -0.07096500 -0.01410800 0.07970000
v -0.07088700 -0.01432200 0.07970000
v -0.07088700 -0.01432200 0.07970000
v -0.07088700 -0.01432200 0.07970000
v -0.07088700 -0.01432200 0.07970000
v -0.07078800 -0.01452600 0.07970000
v -0.07078800 -0.01452600 0.07970000
v -0.07078800 -0.01452600 0.07970000
v -0.07067100 -0.01471800 0.07970000
v -0.07067100 -0.01471800 0.07970000
v -0.07067100 -0.01471800 0.07970000
v -0.07067100 -0.01471800 0.07970000
v -0.07053700 -0.01489800 0.07970000
v -0.07053700 -0.01489800 0.07970000
v -0.07053700 -0.01489800 0.07970000
v -0.07038600 -0.01506300 0.07970000
v -0.07038600 -0.01506300 0.07970000
v -0.07038600 -0.01506300 0.07970000
v -0.07038600 -0.01506300 0.07970000
v -0.07022000 -0.01521400 0.07970000
v -0.07022000 -0.01521400 0.07970000
v -0.07022000 -0.01521400 0.07970000
v -0.07004100 -0.01534800 0.07970000
v -0.07004100 -0.01534800 0.07970000
v -0.07004100 -0.01534800 0.07970000
v -0.06984800 -0.01546500 0.07970000
v -0.06984800 -0.01546500 0.07970000
v -0.06984800 -0.01546500 0.07970000
v -0.06984800 -0.01546500 0.07970000
v -0.06984800 -0.01546500 0.07970000
v -0.06964400 -0.01556300 0.07970000
v -0.06964400 -0.01556300 0.07970000
v -0.06964400 -0.01556300 0.07970000
v -0.06964400 -0.01556300 0.07970000
v -0.06943000 -0.01564200 0.07970000
v -0.06943000 -0.01564200 0.07970000
v -0.06943000 -0.01564200 0.07970000
v -0.06920600 -0.01569900 0.07970000
v -0.06920600 -0.01569900 0.07970000
v -0.06920600 -0.01569900 0.07970000
v -0.06920600 -0.01569900 0.07970000
v -0.06920600 -0.01569900 0.07970000
v -0.06897500 -0.01573400 0.07970000
v -0.06897500 -0.01573400 0.07970000
v -0.06897500 -0.01573400 0.07970000
v -0.06897500 -0.01573400 0.07970000
v -0.06873700 -0.01574600 0.07900000
v -0.06873700 -0.01574600 0.07970000
v -0.06849800 -0.01573400 0.07900000
v -0.06849800 -0.01573400 0.07970000
v -0.06826700 -0.01569900 0.07900000
v -0.06826700 -0.01569900 0.07970000
v -0.06804300 -0.01564100 0.07900000
v -0.06804300 -0.01564100 0.07970000
v -0.06782900 -0.01556300 0.07900000
v -0.06782900 -0.01556300 0.07970000
v -0.06762500 -0.01546400 0.07900000
v -0.06762500 -0.01546400 0.07970000
v -0.06743300 -0.01534800 0.07900000
v -0.06743300 -0.01534800 0.07970000
v -0.06725400 -0.01521300 0.07900000
v -0.06725400 -0.01521300 0.07970000
v -0.06708800 -0.01506300 0.07900000
v -0.06708800 -0.01506300 0.07970000
v -0.06693800 -0.01489700 0.07900000
v -0.06693800 -0.01489700 0.07970000
v -0.06680300 -0.01471800 0.07900000
v -0.06680300 -0.01471800 0.07970000
v -0.06668700 -0.01452600 0.07900000
v -0.06668700 -0.01452600 0.07970000
v -0.06658800 -0.01432200 0.07900000
v -0.06658800 -0.01432200 0.07970000
v -0.06651000 -0.01410800 0.07900000
v -0.06651000 -0.01410800 0.07970000
v -0.06645300 -0.01388400 0.07900000
v -0.06645300 -0.01388400 0.07970000
v -0.06641700 -0.01365300 0.07900000
v -0.06641700 -0.01365300 0.07970000
v -0.06640500 -0.01341500 0.07900000
v -0.06640500 -0.01341500 0.07970000
v -0.06641700 -0.01317600 0.07900000
v -0.06641700 -0.01317600 0.07970000
v -0.06645300 -0.01294400 0.07900000
v -0.06645300 -0.01294400 0.07970000
v -0.06651000 -0.01272100 0.07900000
v -0.06651000 -0.01272100 0.07970000
v -0.06658800 -0.01250600 0.07900000
v -0.06658800 -0.01250600 0.07970000
v -0.06668700 -0.01230200 0.07900000
v -0.06668700 -0.01230200 0.07970000
v -0.06680300 -0.01211000 0.07900000
v -0.06680300 -0.01211000 0.07970000
v -0.06693800 -0.01193000 0.07900000
v -0.06693800 -0.01193000 0.07970000
v -0.06708800 -0.01176500 0.07900000
v -0.06708800 -0.01176500 0.07970000
v -0.06725400 -0.01161400 0.07900000
v -0.06725400 -0.01161400 0.07970000
v -0.06743300 -0.01148000 0.07900000
v -0.06743300 -0.01148000 0.07970000
v -0.06762500 -0.01136300 0.07900000
v -0.06762500 -0.01136300 0.07970000
v -0.06782900 -0.01126500 0.07900000
v -0.06782900 -0.01126500 0.07970000
v -0.06804300 -0.01118600 0.07900000
v -0.06804300 -0.01118600 0.07970000
v -0.06826700 -0.01112900 0.07900000
v -0.06826700 -0.01112900 0.07970000
v -0.06849800 -0.01109300 0.07900000
v -0.06849800 -0.01109300 0.07970000
v -0.06873700 -0.01108100 0.07900000
v -0.06873700 -0.01108100 0.07970000
v -0.06897500 -0.01109300 0.07900000
v -0.06897500 -0.01109300 0.07970000
v -0.06920600 -0.01112900 0.07900000
v -0.06920600 -0.01112900 0.07970000
v -0.06943000 -0.01118600 0.07900000
v -0.06943000 -0.01118600 0.07970000
v -0.06964400 -0.01126500 0.07900000
v -0.06964400 -0.01126500 0.07970000
v -0.06984800 -0.01136300 0.07900000
v -0.06984800 -0.01136300 0.07970000
v -0.07004000 -0.01148000 0.07900000
v -0.07004000 -0.01148000 0.07970000
v -0.07022000 -0.01161400 0.07900000
v -0.07022000 -0.01161400 0.07970000
v -0.07038600 -0.01176500 0.07900000
v -0.07038600 -0.01176500 0.07970000
v -0.07053600 -0.01193000 0.07900000
v -0.07053600 -0.01193000 0.07970000
v -0.07067100 -0.01211000 0.07900000
v -0.07067100 -0.01211000 0.07970000
v -0.07078800 -0.01230200 0.07900000
v -0.07078800 -0.01230200 0.07970000
v -0.07088600 -0.01250600 0.07900000
v -0.07088600 -0.01250600 0.07970000
v -0.07096500 -0.01272100 0.07900000
v -0.07096500 -0.01272100 0.07970000
v -0.07102200 -0.01294400 0.07900000
v -0.07102200 -0.01294400 0.07970000
v -0.07105800 -0.01317600 0.07900000
v -0.07105800 -0.01317600 0.07970000
v -0.07107000 -0.01341500 0.07900000
v -0.07107000 -0.01341500 0.07970000
v -0.07105800 -0.01365300 0.07900000
v -0.07105800 -0.01365300 0.07970000
v -0.07102200 -0.01388400 0.07900000
v -0.07102200 -0.01388400 0.07970000
v -0.07096500 -0.01410800 0.07900000
v -0.07096500 -0.01410800 0.07970000
v -0.07088600 -0.01432200 0.07900000
v -0.07088600 -0.01432200 0.07970000
v -0.07078800 -0.01452600 0.07900000
v -0.07078800 -0.01452600 0.07970000
v -0.07067100 -0.01471800 0.07900000
v -0.07067100 -0.01471800 0.07970000
v -0.07053600 -0.01489700 0.07900000
v -0.07053600 -0.01489700 0.07970000
v -0.07038600 -0.01506300 0.07900000
v -0.07038600 -0.01506300 0.07970000
v -0.07022000 -0.01521300 0.07900000
v -0.07022000 -0.01521300 0.07970000
v -0.07004000 -0.01534800 0.07900000
v -0.07004000 -0.01534800 0.07970000
v -0.06984800 -0.01546400 0.07900000
v -0.06984800 -0.01546400 0.07970000
v -0.06964400 -0.01556300 0.07900000
v -0.06964400 -0.01556300 0.07970000
v -0.06943000 -0.01564100 0.07900000
v -0.06943000 -0.01564100 0.07970000
v -0.06920600 -0.01569900 0.07900000
v -0.06920600 -0.01569900 0.07970000
v -0.06897500 -0.01573400 0.07900000
v -0.06897500 -0.01573400 0.07970000
v -0.06873600 -0.01574600 0.07900000
v -0.06873600 -0.01574600 0.07970000
v -0.06873700 -0.01574600 0.07900000
v -0.06873700 -0.01574600 0.07900000
v -0.06873700 -0.01574600 0.07900000
v -0.06849800 -0.01573400 0.07900000
v -0.06849800 -0.01573400 0.07900000
v -0.06849800 -0.01573400 0.07900000
v -0.06826700 -0.01569900 0.07900000
v -0.06826700 -0.01569900 0.07900000
v -0.06826700 -0.01569900 0.07900000
v -0.06826700 -0.01569900 0.07900000
v -0.06804300 -0.01564200 0.07900000
v -0.06804300 -0.01564200 0.07900000
v -0.06804300 -0.01564200 0.07900000
v -0.06782900 -0.01556300 0.07900000
v -0.06782900 -0.01556300 0.07900000
v -0.06782900 -0.01556300 0.07900000
v -0.06782900 -0.01556300 0.07900000
v -0.06762500 -0.01546500 0.07900000
v -0.06762500 -0.01546500 0.07900000
v -0.06762500 -0.01546500 0.07900000
v -0.06762500 -0.01546500 0.07900000
v -0.06743300 -0.01534800 0.07900000
v -0.06743300 -0.01534800 0.07900000
v -0.06743300 -0.01534800 0.07900000
v -0.06725300 -0.01521400 0.07900000
v -0.06725300 -0.01521400 0.07900000
v -0.06725300 -0.01521400 0.07900000
v -0.06708800 -0.01506300 0.07900000
v -0.06708800 -0.01506300 0.07900000
v -0.06708800 -0.01506300 0.07900000
v -0.06708800 -0.01506300 0.07900000
v -0.06693700 -0.01489800 0.07900000
v -0.06693700 -0.01489800 0.07900000
v -0.06693700 -0.01489800 0.07900000
v -0.06693700 -0.01489800 0.07900000
v -0.06680300 -0.01471800 0.07900000
v -0.06680300 -0.01471800 0.07900000
v -0.06680300 -0.01471800 0.07900000
v -0.06680300 -0.01471800 0.07900000
v -0.06668600 -0.01452600 0.07900000
v -0.06668600 -0.01452600 0.07900000
v -0.06668600 -0.01452600 0.07900000
v -0.06668600 -0.01452600 0.07900000
v -0.06668600 -0.01452600 0.07900000
v -0.06658800 -0.01432200 0.07900000
v -0.06658800 -0.01432200 0.07900000
v -0.06658800 -0.01432200 0.07900000
v -0.06658800 -0.01432200 0.07900000
v -0.06651000 -0.01410800 0.07900000
v -0.06651000 -0.01410800 0.07900000
v -0.06651000 -0.01410800 0.07900000
v -0.06645200 -0.01388400 0.07900000
v -0.06645200 -0.01388400 0.07900000
v -0.06645200 -0.01388400 0.07900000
v -0.06645200 -0.01388400 0.07900000
v -0.06645200 -0.01388400 0.07900000
v -0.06641700 -0.01365300 0.07900000
v -0.06641700 -0.01365300 0.07900000
v -0.06641700 -0.01365300 0.07900000
v -0.06641700 -0.01365300 0.07900000
v -0.06640500 -0.01341500 0.07900000
v -0.06640500 -0.01341500 0.07900000
v -0.06640500 -0.01341500 0.07900000
v -0.06640500 -0.01341500 0.07900000
v -0.06640500 -0.01341500 0.07900000
v -0.06641700 -0.01317600 0.07900000
v -0.06641700 -0.01317600 0.07900000
v -0.06641700 -0.01317600 0.07900000
v -0.06641700 -0.01317600 0.07900000
v -0.06645200 -0.01294400 0.07900000
v -0.06645200 -0.01294400 0.07900000
v -0.06645200 -0.01294400 0.07900000
v -0.06645200 -0.01294400 0.07900000
v -0.06645200 -0.01294400 0.07900000
v -0.06651000 -0.01272000 0.07900000
v -0.06651000 -0.01272000 0.07900000
v -0.06651000 -0.01272000 0.07900000
v -0.06658800 -0.01250600 0.07900000
v -0.06658800 -0.01250600 0.07900000
v -0.06658800 -0.01250600 0.07900000
v -0.06658800 -0.01250600 0.07900000
v -0.06668600 -0.01230200 0.07900000
v -0.06668600 -0.01230200 0.07900000
v -0.06668600 -0.01230200 0.07900000
v -0.06668600 -0.01230200 0.07900000
v -0.06680300 -0.01211000 0.07900000
v -0.06680300 -0.01211000 0.07900000
v -0.06680300 -0.01211000 0.07900000
v -0.06680300 -0.01211000 0.07900000
v -0.06693700 -0.01193000 0.07900000
v -0.06693700 -0.01193000 0.07900000
v -0.06693700 -0.01193000 0.07900000
v -0.06693700 -0.01193000 0.07900000
v -0.06693700 -0.01193000 0.07900000
v -0.06708800 -0.01176400 0.07900000
v -0.06708800 -0.01176400 0.07900000
v -0.06708800 -0.01176400 0.07900000
v -0.06708800 -0.01176400 0.07900000
v -0.06725300 -0.01161400 0.07900000
v -0.06725300 -0.01161400 0.07900000
v -0.06725300 -0.01161400 0.07900000
v -0.06725300 -0.01161400 0.07900000
v -0.06725300 -0.01161400 0.07900000
v -0.06743300 -0.01147900 0.07900000
v -0.06743300 -0.01147900 0.07900000
v -0.06743300 -0.01147900 0.07900000
v -0.06743300 -0.01147900 0.07900000
v -0.06762500 -0.01136200 0.07900000
v -0.06762500 -0.01136200 0.07900000
v -0.06762500 -0.01136200 0.07900000
v -0.06782900 -0.01126400 0.07900000
v -0.06782900 -0.01126400 0.07900000
v -0.06782900 -0.01126400 0.07900000
v -0.06804300 -0.01118600 0.07900000
v -0.06804300 -0.01118600 0.07900000
v -0.06804300 -0.01118600 0.07900000
v -0.06826700 -0.01112800 0.07900000
v -0.06826700 -0.01112800 0.07900000
v -0.06826700 -0.01112800 0.07900000
v -0.06849800 -0.01109300 0.07900000
v -0.06849800 -0.01109300 0.07900000
v -0.06849800 -0.01109300 0.07900000
v -0.06849800 -0.01109300 0.07900000
v -0.06849800 -0.01109300 0.07900000
v -0.06873700 -0.01108100 0.07900000
v -0.06873700 -0.01108100 0.07900000
v -0.06873700 -0.01108100 0.07900000
v -0.06873700 -0.01108100 0.07900000
v -0.06897500 -0.01109300 0.07900000
v -0.06897500 -0.01109300 0.07900000
v -0.06897500 -0.01109300 0.07900000
v -0.06920600 -0.01112800 0.07900000
v -0.06920600 -0.01112800 0.07900000
v -0.06920600 -0.01112800 0.07900000
v -0.06943000 -0.01118600 0.07900000
v -0.06943000 -0.01118600 0.07900000
v -0.06943000 -0.01118600 0.07900000
v -0.06964400 -0.01126400 0.07900000
v -0.06964400 -0.01126400 0.07900000
v -0.06964400 -0.01126400 0.07900000
v -0.06984800 -0.01136200 0.07900000
v -0.06984800 -0.01136200 0.07900000
v -0.06984800 -0.01136200 0.07900000
v -0.07004100 -0.01147900 0.07900000
v -0.07004100 -0.01147900 0.07900000
v -0.07004100 -0.01147900 0.07900000
v -0.07022000 -0.01161400 0.07900000
v -0.07022000 -0.01161400 0.07900000
v -0.07022000 -0.01161400 0.07900000
v -0.07038600 -0.01176400 0.07900000
v -0.07038600 -0.01176400 0.07900000
v -0.07038600 -0.01176400 0.07900000
v -0.07038600 -0.01176400 0.07900000
v -0.07038600 -0.01176400 0.07900000
v -0.07053700 -0.01193000 0.07900000
v -0.07053700 -0.01193000 0.07900000
v -0.07053700 -0.01193000 0.07900000
v -0.07053700 -0.01193000 0.07900000
v -0.07067100 -0.01211000 0.07900000
v -0.07067100 -0.01211000 0.07900000
v -0.07067100 -0.01211000 0.07900000
v -0.07067100 -0.01211000 0.07900000
v -0.07078800 -0.01230200 0.07900000
v -0.07078800 -0.01230200 0.07900000
v -0.07078800 -0.01230200 0.07900000
v -0.07078800 -0.01230200 0.07900000
v -0.07078800 -0.01230200 0.07900000
v -0.07088700 -0.01250600 0.07900000
v -0.07088700 -0.01250600 0.07900000
v -0.07088700 -0.01250600 0.07900000
v -0.07088700 -0.01250600 0.07900000
v -0.07096500 -0.01272000 0.07900000
v -0.07096500 -0.01272000 0.07900000
v -0.07096500 -0.01272000 0.07900000
v -0.07102300 -0.01294400 0.07900000
v -0.07102300 -0.01294400 0.07900000
v -0.07102300 -0.01294400 0.07900000
v -0.07102300 -0.01294400 0.07900000
v -0.07102300 -0.01294400 0.07900000
v -0.07105800 -0.01317600 0.07900000
v -0.07105800 -0.01317600 0.07900000
v -0.07105800 -0.01317600 0.07900000
v -0.07105800 -0.01317600 0.07900000
v -0.07107000 -0.01341500 0.07900000
v -0.07107000 -0.01341500 0.07900000
v -0.07107000 -0.01341500 0.07900000
v -0.07107000 -0.01341500 0.07900000
v -0.07105800 -0.01365300 0.07900000
v -0.07105800 -0.01365300 0.07900000
v -0.07105800 -0.01365300 0.07900000
v -0.07105800 -0.01365300 0.07900000
v -0.07102300 -0.01388400 0.07900000
v -0.07102300 -0.01388400 0.07900000
v -0.07102300 -0.01388400 0.07900000
v -0.07102300 -0.01388400 0.07900000
v -0.07102300 -0.01388400 0.07900000
v -0.07096500 -0.01410800 0.07900000
v -0.07096500 -0.01410800 0.07900000
v -0.07096500 -0.01410800 0.07900000
v -0.07088700 -0.01432200 0.07900000
v -0.07088700 -0.01432200 0.07900000
v -0.07088700 -0.01432200 0.07900000
v -0.07088700 -0.01432200 0.07900000
v -0.07078800 -0.01452600 0.07900000
v -0.07078800 -0.01452600 0.07900000
v -0.07078800 -0.01452600 0.07900000
v -0.07078800 -0.01452600 0.07900000
v -0.07078800 -0.01452600 0.07900000
v -0.07067100 -0.01471800 0.07900000
v -0.07067100 -0.01471800 0.07900000
v -0.07067100 -0.01471800 0.07900000
v -0.07067100 -0.01471800 0.07900000
v -0.07053700 -0.01489800 0.07900000
v -0.07053700 -0.01489800 0.07900000
v -0.07053700 -0.01489800 0.07900000
v -0.07053700 -0.01489800 0.07900000
v -0.07038600 -0.01506300 0.07900000
v -0.07038600 -0.01506300 0.07900000
v -0.07038600 -0.01506300 0.07900000
v -0.07038600 -0.01506300 0.07900000
v -0.07038600 -0.01506300 0.07900000
v -0.07022000 -0.01521400 0.07900000
v -0.07022000 -0.01521400 0.07900000
v -0.07022000 -0.01521400 0.07900000
v -0.07022000 -0.01521400 0.07900000
v -0.07004100 -0.01534800 0.07900000
v -0.07004100 -0.01534800 0.07900000
v -0.07004100 -0.01534800 0.07900000
v -0.06984800 -0.01546500 0.07900000
v -0.06984800 -0.01546500 0.07900000
v -0.06984800 -0.01546500 0.07900000
v -0.06984800 -0.01546500 0.07900000
v -0.06964400 -0.01556300 0.07900000
v -0.06964400 -0.01556300 0.07900000
v -0.06964400 -0.01556300 0.07900000
v -0.06964400 -0.01556300 0.07900000
v -0.06943000 -0.01564200 0.07900000
v -0.06943000 -0.01564200 0.07900000
v -0.06943000 -0.01564200 0.07900000
v -0.06920600 -0.01569900 0.07900000
v -0.06920600 -0.01569900 0.07900000
v -0.06920600 -0.01569900 0.07900000
v -0.06920600 -0.01569900 0.07900000
v -0.06897500 -0.01573400 0.07900000
v -0.06897500 -0.01573400 0.07900000
v -0.06897500 -0.01573400 0.07900000
v -0.06873700 -0.01574600 0.07969900
v -0.06873700 -0.01574600 0.07969900
v -0.06873700 -0.01574600 0.07969900
v -0.06849800 -0.01573400 0.07969900
v -0.06849800 -0.01573400 0.07969900
v -0.06849800 -0.01573400 0.07969900
v -0.06849800 -0.01573400 0.07969900
v -0.06826700 -0.01569900 0.07969900
v -0.06826700 -0.01569900 0.07969900
v -0.06826700 -0.01569900 0.07969900
v -0.06826700 -0.01569900 0.07969900
v -0.06826700 -0.01569900 0.07969900
v -0.06804300 -0.01564200 0.07969900
v -0.06804300 -0.01564200 0.07969900
v -0.06804300 -0.01564200 0.07969900
v -0.06782900 -0.01556300 0.07969900
v -0.06782900 -0.01556300 0.07969900
v -0.06782900 -0.01556300 0.07969900
v -0.06782900 -0.01556300 0.07969900
v -0.06762500 -0.01546500 0.07969900
v -0.06762500 -0.01546500 0.07969900
v -0.06762500 -0.01546500 0.07969900
v -0.06762500 -0.01546500 0.07969900
v -0.06762500 -0.01546500 0.07969900
v -0.06743300 -0.01534800 0.07969900
v -0.06743300 -0.01534800 0.07969900
v -0.06743300 -0.01534800 0.07969900
v -0.06743300 -0.01534800 0.07969900
v -0.06725300 -0.01521400 0.07969900
v -0.06725300 -0.01521400 0.07969900
v -0.06725300 -0.01521400 0.07969900
v -0.06708800 -0.01506300 0.07969900
v -0.06708800 -0.01506300 0.07969900
v -0.06708800 -0.01506300 0.07969900
v -0.06693700 -0.01489800 0.07969900
v -0.06693700 -0.01489800 0.07969900
v -0.06693700 -0.01489800 0.07969900
v -0.06680300 -0.01471800 0.07969900
v -0.06680300 -0.01471800 0.07969900
v -0.06680300 -0.01471800 0.07969900
v -0.06668600 -0.01452600 0.07969900
v -0.06668600 -0.01452600 0.07969900
v -0.06668600 -0.01452600 0.07969900
v -0.06668600 -0.01452600 0.07969900
v -0.06658800 -0.01432200 0.07969900
v -0.06658800 -0.01432200 0.07969900
v -0.06658800 -0.01432200 0.07969900
v -0.06658800 -0.01432200 0.07969900
v -0.06651000 -0.01410800 0.07969900
v -0.06651000 -0.01410800 0.07969900
v -0.06651000 -0.01410800 0.07969900
v -0.06645200 -0.01388400 0.07969900
v -0.06645200 -0.01388400 0.07969900
v -0.06645200 -0.01388400 0.07969900
v -0.06645200 -0.01388400 0.07969900
v -0.06645200 -0.01388400 0.07969900
v -0.06641700 -0.01365300 0.07969900
v -0.06641700 -0.01365300 0.07969900
v -0.06641700 -0.01365300 0.07969900
v -0.06641700 -0.01365300 0.07969900
v -0.06640500 -0.01341500 0.07969900
v -0.06640500 -0.01341500 0.07969900
v -0.06640500 -0.01341500 0.07969900
v -0.06641700 -0.01317600 0.07969900
v -0.06641700 -0.01317600 0.07969900
v -0.06641700 -0.01317600 0.07969900
v -0.06641700 -0.01317600 0.07969900
v -0.06641700 -0.01317600 0.07969900
v -0.06645200 -0.01294400 0.07969900
v -0.06645200 -0.01294400 0.07969900
v -0.06645200 -0.01294400 0.07969900
v -0.06645200 -0.01294400 0.07969900
v -0.06645200 -0.01294400 0.07969900
v -0.06651000 -0.01272000 0.07969900
v -0.06651000 -0.01272000 0.07969900
v -0.06651000 -0.01272000 0.07969900
v -0.06658800 -0.01250600 0.07969900
v -0.06658800 -0.01250600 0.07969900
v -0.06658800 -0.01250600 0.07969900
v -0.06658800 -0.01250600 0.07969900
v -0.06668600 -0.01230200 0.07969900
v -0.06668600 -0.01230200 0.07969900
v -0.06668600 -0.01230200 0.07969900
v -0.06668600 -0.01230200 0.07969900
v -0.06668600 -0.01230200 0.07969900
v -0.06680300 -0.01211000 0.07969900
v -0.06680300 -0.01211000 0.07969900
v -0.06680300 -0.01211000 0.07969900
v -0.06680300 -0.01211000 0.07969900
v -0.06693700 -0.01193000 0.07969900
v -0.06693700 -0.01193000 0.07969900
v -0.06693700 -0.01193000 0.07969900
v -0.06693700 -0.01193000 0.07969900
v -0.06708800 -0.01176400 0.07969900
v -0.06708800 -0.01176400 0.07969900
v -0.06708800 -0.01176400 0.07969900
v -0.06725300 -0.01161400 0.07969900
v -0.06725300 -0.01161400 0.07969900
v -0.06725300 -0.01161400 0.07969900
v -0.06725300 -0.01161400 0.07969900
v -0.06743300 -0.01147900 0.07969900
v -0.06743300 -0.01147900 0.07969900
v -0.06743300 -0.01147900 0.07969900
v -0.06762500 -0.01136200 0.07969900
v -0.06762500 -0.01136200 0.07969900
v -0.06762500 -0.01136200 0.07969900
v -0.06782900 -0.01126400 0.07969900
v -0.06782900 -0.01126400 0.07969900
v -0.06782900 -0.01126400 0.07969900
v -0.06782900 -0.01126400 0.07969900
v -0.06804300 -0.01118600 0.07969900
v -0.06804300 -0.01118600 0.07969900
v -0.06804300 -0.01118600 0.07969900
v -0.06826700 -0.01112800 0.07969900
v -0.06826700 -0.01112800 0.07969900
v -0.06826700 -0.01112800 0.07969900
v -0.06826700 -0.01112800 0.07969900
v -0.06849800 -0.01109300 0.07969900
v -0.06849800 -0.01109300 0.07969900
v -0.06849800 -0.01109300 0.07969900
v -0.06849800 -0.01109300 0.07969900
v -0.06873700 -0.01108100 0.07969900
v -0.06873700 -0.01108100 0.07969900
v -0.06873700 -0.01108100 0.07969900
v -0.06873700 -0.01108100 0.07969900
v -0.06897500 -0.01109300 0.07969900
v -0.06897500 -0.01109300 0.07969900
v -0.06897500 -0.01109300 0.07969900
v -0.06920600 -0.01112800 0.07969900
v -0.06920600 -0.01112800 0.07969900
v -0.06920600 -0.01112800 0.07969900
v -0.06920600 -0.01112800 0.07969900
v -0.06943000 -0.01118600 0.07969900
v -0.06943000 -0.01118600 0.07969900
v -0.06943000 -0.01118600 0.07969900
v -0.06964400 -0.01126400 0.07969900
v -0.06964400 -0.01126400 0.07969900
v -0.06964400 -0.01126400 0.07969900
v -0.06964400 -0.01126400 0.07969900
v -0.06984800 -0.01136200 0.07969900
v -0.06984800 -0.01136200 0.07969900
v -0.06984800 -0.01136200 0.07969900
v -0.07004100 -0.01147900 0.07969900
v -0.07004100 -0.01147900 0.07969900
v -0.07004100 -0.01147900 0.07969900
v -0.07022000 -0.01161400 0.07969900
v -0.07022000 -0.01161400 0.07969900
v -0.07022000 -0.01161400 0.07969900
v -0.07038600 -0.01176400 0.07969900
v -0.07038600 -0.01176400 0.07969900
v -0.07038600 -0.01176400 0.07969900
v -0.07053700 -0.01193000 0.07969900
v -0.07053700 -0.01193000 0.07969900
v -0.07053700 -0.01193000 0.07969900
v -0.07053700 -0.01193000 0.07969900
v -0.07067100 -0.01211000 0.07969900
v -0.07067100 -0.01211000 0.07969900
v -0.07067100 -0.01211000 0.07969900
v -0.07067100 -0.01211000 0.07969900
v -0.07078800 -0.01230200 0.07969900
v -0.07078800 -0.01230200 0.07969900
v -0.07078800 -0.01230200 0.07969900
v -0.07078800 -0.01230200 0.07969900
v -0.07078800 -0.01230200 0.07969900
v -0.07088700 -0.01250600 0.07969900
v -0.07088700 -0.01250600 0.07969900
v -0.07088700 -0.01250600 0.07969900
v -0.07088700 -0.01250600 0.07969900
v -0.07096500 -0.01272000 0.07969900
v -0.07096500 -0.01272000 0.07969900
v -0.07096500 -0.01272000 0.07969900
v -0.07102300 -0.01294400 0.07969900
v -0.07102300 -0.01294400 0.07969900
v -0.07102300 -0.01294400 0.07969900
v -0.07102300 -0.01294400 0.07969900
v -0.07102300 -0.01294400 0.07969900
v -0.07105800 -0.01317600 0.07969900
v -0.07105800 -0.01317600 0.07969900
v -0.07105800 -0.01317600 0.07969900
v -0.07105800 -0.01317600 0.07969900
v -0.07105800 -0.01317600 0.07969900
v -0.07107000 -0.01341500 0.07969900
v -0.07107000 -0.01341500 0.07969900
v -0.07107000 -0.01341500 0.07969900
v -0.07107000 -0.01341500 0.07969900
v -0.07107000 -0.01341500 0.07969900
v -0.07105800 -0.01365300 0.07969900
v -0.07105800 -0.01365300 0.07969900
v -0.07105800 -0.01365300 0.07969900
v -0.07105800 -0.01365300 0.07969900
v -0.07105800 -0.01365300 0.07969900
v -0.07102300 -0.01388400 0.07969900
v -0.07102300 -0.01388400 0.07969900
v -0.07102300 -0.01388400 0.07969900
v -0.07102300 -0.01388400 0.07969900
v -0.07102300 -0.01388400 0.07969900
v -0.07096500 -0.01410800 0.07969900
v -0.07096500 -0.01410800 0.07969900
v -0.07096500 -0.01410800 0.07969900
v -0.07088700 -0.01432200 0.07969900
v -0.07088700 -0.01432200 0.07969900
v -0.07088700 -0.01432200 0.07969900
v -0.07088700 -0.01432200 0.07969900
v -0.07078800 -0.01452600 0.07969900
v -0.07078800 -0.01452600 0.07969900
v -0.07078800 -0.01452600 0.07969900
v -0.07078800 -0.01452600 0.07969900
v -0.07067100 -0.01471800 0.07969900
v -0.07067100 -0.01471800 0.07969900
v -0.07067100 -0.01471800 0.07969900
v -0.07067100 -0.01471800 0.07969900
v -0.07067100 -0.01471800 0.07969900
v -0.07053700 -0.01489800 0.07969900
v -0.07053700 -0.01489800 0.07969900
v -0.07053700 -0.01489800 0.07969900
v -0.07053700 -0.01489800 0.07969900
v -0.07038600 -0.01506300 0.07969900
v -0.07038600 -0.01506300 0.07969900
v -0.07038600 -0.01506300 0.07969900
v -0.07022000 -0.01521400 0.07969900
v -0.07022000 -0.01521400 0.07969900
v -0.07022000 -0.01521400 0.07969900
v -0.07004100 -0.01534800 0.07969900
v -0.07004100 -0.01534800 0.07969900
v -0.07004100 -0.01534800 0.07969900
v -0.07004100 -0.01534800 0.07969900
v -0.06984800 -0.01546500 0.07969900
v -0.06984800 -0.01546500 0.07969900
v -0.06984800 -0.01546500 0.07969900
v -0.06984800 -0.01546500 0.07969900
v -0.06984800 -0.01546500 0.07969900
v -0.06964400 -0.01556300 0.07969900
v -0.06964400 -0.01556300 0.07969900
v -0.06964400 -0.01556300 0.07969900
v -0.06964400 -0.01556300 0.07969900
v -0.06943000 -0.01564200 0.07969900
v -0.06943000 -0.01564200 0.07969900
v -0.06943000 -0.01564200 0.07969900
v -0.06920600 -0.01569900 0.07969900
v -0.06920600 -0.01569900 0.07969900
v -0.06920600 -0.01569900 0.07969900
v -0.06920600 -0.01569900 0.07969900
v -0.06920600 -0.01569900 0.07969900
v -0.06897500 -0.01573400 0.07969900
v -0.06897500 -0.01573400 0.07969900
v -0.06897500 -0.01573400 0.07969900
v -0.06897500 -0.01573400 0.07969900
vn -0.48740000 -0.63000000 -0.60460000
vn -0.57460000 -0.63370000 0.51790000
vn 0.07250000 -0.71450000 -0.69590000
vn 0.07260000 -0.71450000 0.69590000
vn 0.14310000 -0.70360000 -0.69610000
vn 0.14450000 -0.70340000 0.69590000
vn 0.21240000 -0.68570000 -0.69620000
vn 0.21370000 -0.68550000 0.69600000
vn 0.28090000 -0.66120000 -0.69560000
vn 0.27950000 -0.66120000 0.69620000
vn 0.34370000 -0.63040000 -0.69600000
vn 0.34130000 -0.63100000 0.69670000
vn 0.40280000 -0.59430000 -0.69610000
vn 0.39930000 -0.59530000 0.69720000
vn 0.45670000 -0.55340000 -0.69650000
vn 0.45560000 -0.55380000 0.69700000
vn 0.50630000 -0.50770000 -0.69700000
vn 0.50740000 -0.50740000 0.69650000
vn 0.55250000 -0.45710000 -0.69700000
vn 0.55350000 -0.45670000 0.69650000
vn 0.59470000 -0.40170000 -0.69650000
vn 0.59280000 -0.40230000 0.69760000
vn 0.63160000 -0.34220000 -0.69570000
vn 0.62900000 -0.34310000 0.69760000
vn 0.66120000 -0.27950000 -0.69620000
vn 0.66130000 -0.27980000 0.69600000
vn 0.68560000 -0.21310000 -0.69610000
vn 0.68560000 -0.21310000 0.69610000
vn 0.70350000 -0.14380000 -0.69600000
vn 0.70350000 -0.14380000 0.69600000
vn 0.71450000 -0.07240000 -0.69590000
vn 0.71450000 -0.07240000 0.69590000
vn 0.71810000 -0.00000000 -0.69590000
vn 0.71810000 -0.00000000 0.69590000
vn 0.71450000 0.07230000 -0.69590000
vn 0.71310000 0.07250000 0.69730000
vn 0.70210000 0.14390000 -0.69740000
vn 0.70250000 0.14380000 0.69710000
vn 0.68450000 0.21340000 -0.69710000
vn 0.68560000 0.21290000 0.69610000
vn 0.66280000 0.27880000 -0.69500000
vn 0.66120000 0.27930000 0.69620000
vn 0.63330000 0.34140000 -0.69450000
vn 0.63080000 0.34230000 0.69640000
vn 0.59480000 0.40150000 -0.69650000
vn 0.59480000 0.40150000 0.69650000
vn 0.55260000 0.45690000 -0.69700000
vn 0.55360000 0.45650000 0.69650000
vn 0.50640000 0.50760000 -0.69700000
vn 0.50860000 0.50690000 0.69600000
vn 0.45680000 0.55340000 -0.69650000
vn 0.45680000 0.55330000 0.69650000
vn 0.40180000 0.59460000 -0.69640000
vn 0.40060000 0.59490000 0.69680000
vn 0.34260000 0.63070000 -0.69630000
vn 0.34260000 0.63070000 0.69640000
vn 0.28080000 0.66090000 -0.69600000
vn 0.27960000 0.66110000 0.69620000
vn 0.21250000 0.68600000 -0.69590000
vn 0.21240000 0.68570000 0.69620000
vn 0.14280000 0.70360000 -0.69610000
vn 0.14300000 0.70380000 0.69580000
vn 0.07210000 0.71450000 -0.69590000
vn 0.07210000 0.71450000 0.69590000
vn 0.00010000 0.71810000 -0.69590000
vn 0.00000000 0.71810000 0.69590000
vn -0.07200000 0.71480000 -0.69560000
vn -0.07180000 0.71490000 0.69550000
vn -0.14280000 0.70360000 -0.69610000
vn -0.14280000 0.70360000 0.69610000
vn -0.21240000 0.68570000 -0.69620000
vn -0.21170000 0.68580000 0.69630000
vn -0.27940000 0.66120000 -0.69620000
vn -0.28010000 0.66110000 0.69610000
vn -0.34110000 0.63110000 -0.69670000
vn -0.34360000 0.63040000 0.69600000
vn -0.40150000 0.59480000 -0.69640000
vn -0.40040000 0.59510000 0.69680000
vn -0.45660000 0.55360000 -0.69650000
vn -0.45660000 0.55360000 0.69650000
vn -0.50620000 0.50790000 -0.69700000
vn -0.50830000 0.50710000 0.69600000
vn -0.55230000 0.45720000 -0.69700000
vn -0.55330000 0.45680000 0.69650000
vn -0.59390000 0.40230000 -0.69670000
vn -0.59460000 0.40180000 0.69650000
vn -0.63060000 0.34260000 -0.69640000
vn -0.62920000 0.34370000 0.69720000
vn -0.66110000 0.27960000 -0.69620000
vn -0.65950000 0.28010000 0.69750000
vn -0.68450000 0.21370000 -0.69700000
vn -0.68560000 0.21320000 0.69610000
vn -0.70210000 0.14410000 -0.69730000
vn -0.70210000 0.14410000 0.69730000
vn -0.71480000 0.07250000 -0.69560000
vn -0.71310000 0.07260000 0.69730000
vn -0.71810000 -0.00000000 -0.69590000
vn -0.71810000 -0.00000000 0.69590000
vn -0.71450000 -0.07250000 -0.69590000
vn -0.71450000 -0.07250000 0.69590000
vn -0.70380000 -0.14400000 -0.69570000
vn -0.70390000 -0.14380000 0.69560000
vn -0.68550000 -0.21340000 -0.69610000
vn -0.68550000 -0.21340000 0.69610000
vn -0.66100000 -0.27980000 -0.69620000
vn -0.65940000 -0.28040000 0.69750000
vn -0.63050000 -0.34280000 -0.69640000
vn -0.62880000 -0.34340000 0.69760000
vn -0.59350000 -0.40230000 -0.69700000
vn -0.59480000 -0.40200000 0.69620000
vn -0.55220000 -0.45740000 -0.69710000
vn -0.55320000 -0.45700000 0.69650000
vn -0.50600000 -0.50800000 -0.69700000
vn -0.50710000 -0.50760000 0.69650000
vn -0.45640000 -0.55370000 -0.69650000
vn -0.45530000 -0.55400000 0.69700000
vn -0.40260000 -0.59450000 -0.69610000
vn -0.39900000 -0.59550000 0.69720000
vn -0.34230000 -0.63080000 -0.69640000
vn -0.34230000 -0.63080000 0.69640000
vn -0.27930000 -0.66120000 -0.69620000
vn -0.28060000 -0.66100000 0.69600000
vn -0.21230000 -0.68570000 -0.69620000
vn -0.21360000 -0.68550000 0.69600000
vn -0.14310000 -0.70360000 -0.69610000
vn -0.14440000 -0.70340000 0.69590000
vn -0.07250000 -0.71450000 -0.69590000
vn -0.07240000 -0.71450000 0.69590000
vn 0.57470000 -0.63370000 -0.51790000
vn 0.55590000 -0.64860000 0.51980000
vn 0.00000000 0.00000000 -1.00000000
vn 0.05040000 -0.99870000 0.00000000
vn -0.05040000 -0.99870000 0.00000000
vn -0.00010000 0.00000000 -1.00000000
vn 0.05040000 -0.99870000 0.00000000
vn 0.15060000 -0.98860000 0.00000000
vn 0.00000000 0.00000000 -1.00000000
vn -0.00020000 0.00000000 -1.00000000
vn 0.00000000 0.00000000 -1.00000000
vn 0.15060000 -0.98860000 0.00000000
vn 0.00050000 -0.00000000 -1.00000000
vn 0.24890000 -0.96850000 0.00000000
vn -0.00020000 0.00000000 -1.00000000
vn 0.34470000 -0.93870000 0.00000000
vn 0.24890000 -0.96850000 0.00000000
vn 0.00050000 -0.00000000 -1.00000000
vn -0.00020000 0.00000000 -1.00000000
vn 0.43510000 -0.90040000 0.00030000
vn 0.34470000 -0.93870000 0.00000000
vn 0.00000000 0.00000000 -1.00000000
vn 0.00050000 -0.00000000 -1.00000000
vn 0.52160000 -0.85320000 0.00000000
vn 0.43560000 -0.90020000 -0.00020000
vn 0.52160000 -0.85320000 0.00000000
vn 0.00000000 0.00000000 -1.00000000
vn 0.60020000 -0.79980000 0.00000000
vn 0.60020000 -0.79980000 0.00000000
vn 0.00000000 0.00000000 -1.00000000
vn -0.00010000 0.00000000 -1.00000000
vn 0.67380000 -0.73890000 0.00000000
vn 0.67380000 -0.73890000 0.00000000
vn 0.00000000 0.00000000 -1.00000000
vn -0.00020000 0.00000000 -1.00000000
vn 0.73980000 -0.67290000 0.00000000
vn -0.00010000 0.00000000 -1.00000000
vn -0.00020000 0.00000000 -1.00000000
vn 0.00000000 0.00000000 -1.00000000
vn 0.80150000 -0.59800000 0.00000000
vn 0.73980000 -0.67290000 0.00000000
vn 0.80150000 -0.59800000 0.00000000
vn 0.85390000 -0.52040000 0.00000000
vn 0.00000000 0.00000000 -1.00000000
vn -0.00020000 0.00000000 -1.00000000
vn 0.00050000 -0.00000000 -1.00000000
vn 0.90120000 -0.43350000 0.00030000
vn 0.00020000 0.00000000 -1.00000000
vn 0.85390000 -0.52040000 0.00000000
vn 0.00000000 0.00000000 -1.00000000
vn 0.90140000 -0.43300000 -0.00050000
vn 0.93870000 -0.34490000 -0.00070000
vn 0.00000000 0.00000000 -1.00000000
vn 0.00050000 -0.00000000 -1.00000000
vn 0.96880000 -0.24780000 0.00040000
vn 0.93850000 -0.34530000 0.00050000
vn 0.00000000 0.00000000 -1.00000000
vn 0.00020000 0.00000000 -1.00000000
vn 0.96860000 -0.24860000 -0.00050000
vn 0.00000000 0.00000000 -1.00000000
vn 0.00050000 -0.00000000 -1.00000000
vn 0.98850000 -0.15090000 0.00000000
vn 0.00020000 0.00000000 -1.00000000
vn -0.00020000 0.00000000 -1.00000000
vn 0.98850000 -0.15090000 0.00000000
vn 0.99870000 -0.05040000 0.00000000
vn 0.00000000 0.00000000 -1.00000000
vn -0.00020000 0.00000000 -1.00000000
vn -0.00010000 0.00000000 -1.00000000
vn 0.00000000 0.00000000 -1.00000000
vn 0.99870000 0.05040000 0.00000000
vn 0.99870000 -0.05040000 0.00000000
vn -0.00010000 0.00000000 -1.00000000
vn 0.98850000 0.15090000 0.00000000
vn 0.99870000 0.05040000 0.00000000
vn 0.00000000 0.00000000 -1.00000000
vn 0.96890000 0.24760000 0.00010000
vn 0.98850000 0.15090000 0.00000000
vn 0.00000000 0.00000000 -1.00000000
vn 0.00050000 -0.00000000 -1.00000000
vn 0.00000000 0.00000000 -1.00000000
vn 0.93960000 0.34220000 -0.00060000
vn 0.96850000 0.24890000 -0.00020000
vn 0.90130000 0.43310000 0.00000000
vn 0.00000000 0.00000000 -1.00000000
vn 0.00050000 -0.00000000 -1.00000000
vn 0.93940000 0.34290000 0.00040000
vn 0.90130000 0.43310000 0.00000000
vn 0.85390000 0.52040000 0.00000000
vn 0.00000000 0.00000000 -1.00000000
vn 0.00050000 -0.00000000 -1.00000000
vn 0.80150000 0.59800000 0.00000000
vn 0.00000000 0.00000000 -1.00000000
vn 0.85390000 0.52040000 0.00000000
vn -0.00010000 0.00000000 -1.00000000
vn 0.00000000 0.00000000 -1.00000000
vn 0.80150000 0.59800000 0.00000000
vn 0.74160000 0.67090000 0.00000000
vn -0.00010000 0.00000000 -1.00000000
vn -0.00010000 0.00000000 -1.00000000
vn 0.67380000 0.73890000 0.00000000
vn 0.00000000 0.00000000 -1.00000000
vn 0.74160000 0.67090000 0.00000000
vn 0.60020000 0.79980000 0.00000000
vn 0.67380000 0.73890000 0.00000000
vn 0.00000000 0.00000000 -1.00000000
vn 0.60020000 0.79980000 0.00000000
vn -0.00010000 0.00000000 -1.00000000
vn 0.51870000 0.85500000 0.00000000
vn 0.00000000 0.00000000 -1.00000000
vn 0.51870000 0.85500000 0.00000000
vn 0.43530000 0.90030000 0.00000000
vn 0.00000000 0.00000000 -1.00000000
vn -0.00010000 0.00000000 -1.00000000
vn -0.00010000 0.00000000 -1.00000000
vn 0.00000000 0.00000000 -1.00000000
vn 0.43530000 0.90030000 0.00000000
vn 0.34300000 0.93940000 0.00000000
vn 0.34300000 0.93940000 0.00000000
vn 0.00000000 0.00000000 -1.00000000
vn 0.24890000 0.96850000 0.00000000
vn 0.15150000 0.98850000 0.00000000
vn -0.00010000 0.00000000 -1.00000000
vn 0.24890000 0.96850000 0.00000000
vn 0.00000000 0.00000000 -1.00000000
vn 0.05040000 0.99870000 0.00000000
vn 0.00000000 0.00000000 -1.00000000
vn -0.00010000 0.00000000 -1.00000000
vn 0.15150000 0.98850000 0.00000000
vn 0.05040000 0.99870000 0.00000000
vn -0.05040000 0.99870000 0.00000000
vn 0.00000000 0.00000000 -1.00000000
vn -0.15150000 0.98850000 0.00000000
vn 0.00010000 0.00000000 -1.00000000
vn 0.00000000 0.00000000 -1.00000000
vn -0.05040000 0.99870000 0.00000000
vn 0.00010000 0.00000000 -1.00000000
vn -0.15150000 0.98850000 0.00000000
vn -0.24880000 0.96860000 0.00000000
vn 0.00000000 0.00000000 -1.00000000
vn -0.34280000 0.93940000 0.00000000
vn -0.24880000 0.96860000 0.00000000
vn 0.00000000 0.00000000 -1.00000000
vn -0.34280000 0.93940000 0.00000000
vn 0.00000000 0.00000000 -1.00000000
vn -0.43510000 0.90040000 0.00000000
vn 0.00010000 0.00000000 -1.00000000
vn -0.51840000 0.85510000 0.00000000
vn -0.43510000 0.90040000 0.00000000
vn 0.00010000 0.00000000 -1.00000000
vn 0.00000000 0.00000000 -1.00000000
vn 0.00000000 0.00000000 -1.00000000
vn -0.51840000 0.85510000 0.00000000
vn -0.59990000 0.80010000 0.00000000
vn 0.00010000 0.00000000 -1.00000000
vn -0.59990000 0.80010000 0.00000000
vn 0.00000000 0.00000000 -1.00000000
vn -0.67340000 0.73930000 0.00000000
vn -0.74120000 0.67130000 0.00000000
vn 0.00000000 0.00000000 -1.00000000
vn -0.67340000 0.73930000 0.00000000
vn -0.74120000 0.67130000 0.00000000
vn 0.00000000 0.00000000 -1.00000000
vn -0.80120000 0.59840000 0.00000000
vn 0.00000000 0.00000000 -1.00000000
vn -0.80120000 0.59840000 0.00000000
vn -0.85360000 0.52090000 0.00000000
vn -0.85360000 0.52090000 0.00000000
vn -0.90110000 0.43360000 0.00000000
vn 0.00000000 0.00000000 -1.00000000
vn -0.00050000 -0.00000000 -1.00000000
vn -0.93920000 0.34330000 0.00040000
vn -0.00050000 -0.00000000 -1.00000000
vn 0.00000000 0.00000000 -1.00000000
vn -0.90110000 0.43360000 0.00000000
vn -0.93950000 0.34260000 -0.00060000
vn -0.96840000 0.24920000 -0.00020000
vn 0.00000000 0.00000000 -1.00000000
vn -0.98850000 0.15110000 0.00000000
vn 0.00000000 0.00000000 -1.00000000
vn -0.00050000 -0.00000000 -1.00000000
vn -0.96880000 0.24800000 0.00010000
vn -0.99870000 0.05050000 0.00000000
vn 0.00000000 0.00000000 -1.00000000
vn -0.98850000 0.15110000 0.00000000
vn -0.00010000 0.00000000 -1.00000000
vn -0.99870000 -0.05050000 0.00000000
vn -0.99870000 0.05050000 0.00000000
vn 0.00000000 0.00000000 -1.00000000
vn 0.00010000 0.00000000 -1.00000000
vn 0.00000000 0.00000000 -1.00000000
vn -0.98850000 -0.15110000 0.00000000
vn -0.99870000 -0.05050000 0.00000000
vn 0.00010000 0.00000000 -1.00000000
vn -0.96850000 -0.24900000 -0.00050000
vn -0.98850000 -0.15110000 0.00000000
vn -0.00050000 -0.00000000 -1.00000000
vn 0.00000000 0.00000000 -1.00000000
vn 0.00000000 0.00000000 -1.00000000
vn -0.96870000 -0.24810000 0.00040000
vn -0.93830000 -0.34580000 0.00050000
vn 0.00000000 0.00000000 -1.00000000
vn -0.90110000 -0.43350000 -0.00050000
vn -0.00050000 -0.00000000 -1.00000000
vn -0.93850000 -0.34530000 -0.00070000
vn -0.00050000 -0.00000000 -1.00000000
vn -0.85360000 -0.52090000 0.00000000
vn 0.00000000 0.00000000 -1.00000000
vn -0.90090000 -0.43400000 0.00030000
vn -0.00010000 0.00000000 -1.00000000
vn 0.00000000 0.00000000 -1.00000000
vn 0.00010000 0.00000000 -1.00000000
vn -0.85360000 -0.52090000 0.00000000
vn -0.80120000 -0.59840000 0.00000000
vn -0.80120000 -0.59840000 0.00000000
vn -0.73940000 -0.67330000 0.00000000
vn -0.00010000 0.00000000 -1.00000000
vn 0.00010000 0.00000000 -1.00000000
vn 0.00010000 0.00000000 -1.00000000
vn 0.00000000 0.00000000 -1.00000000
vn -0.67340000 -0.73930000 0.00000000
vn -0.73940000 -0.67330000 0.00000000
vn -0.59990000 -0.80010000 0.00000000
vn 0.00000000 0.00000000 -1.00000000
vn -0.67340000 -0.73930000 0.00000000
vn -0.59990000 -0.80010000 0.00000000
vn -0.52130000 -0.85340000 0.00000000
vn 0.00000000 0.00000000 -1.00000000
vn -0.52130000 -0.85340000 0.00000000
vn 0.00000000 0.00000000 -1.00000000
vn -0.00050000 -0.00000000 -1.00000000
vn -0.43540000 -0.90030000 -0.00020000
vn -0.34450000 -0.93880000 0.00000000
vn -0.00050000 -0.00000000 -1.00000000
vn 0.00020000 0.00000000 -1.00000000
vn -0.43490000 -0.90050000 0.00030000
vn -0.34450000 -0.93880000 0.00000000
vn 0.00020000 0.00000000 -1.00000000
vn -0.24880000 -0.96860000 0.00000000
vn 0.00020000 0.00000000 -1.00000000
vn -0.15060000 -0.98860000 0.00000000
vn 0.00000000 0.00000000 -1.00000000
vn -0.00050000 -0.00000000 -1.00000000
vn -0.24880000 -0.96860000 0.00000000
vn -0.05040000 -0.99870000 0.00000000
vn 0.00000000 0.00000000 -1.00000000
vn -0.15060000 -0.98860000 0.00000000
vn -0.05020000 -0.99870000 0.00000000
vn 0.05020000 -0.99870000 0.00000000
vn 0.00000000 0.00000000 1.00000000
vn 0.05020000 -0.99870000 0.00000000
vn 0.15060000 -0.98860000 0.00000000
vn 0.00000000 0.00000000 1.00000000
vn 0.00010000 0.00000000 1.00000000
vn -0.00010000 0.00000000 1.00000000
vn 0.24890000 -0.96850000 0.00000000
vn -0.00020000 0.00000000 1.00000000
vn -0.00010000 0.00000000 1.00000000
vn 0.00000000 0.00000000 1.00000000
vn 0.15060000 -0.98860000 0.00000000
vn 0.00000000 0.00000000 1.00000000
vn 0.34470000 -0.93870000 0.00000000
vn 0.24890000 -0.96850000 0.00000000
vn 0.43240000 -0.90170000 -0.00010000
vn 0.34470000 -0.93870000 0.00000000
vn 0.00000000 0.00000000 1.00000000
vn -0.00020000 0.00000000 1.00000000
vn -0.00020000 0.00000000 1.00000000
vn 0.43180000 -0.90200000 0.00010000
vn -0.00010000 0.00000000 1.00000000
vn 0.00000000 0.00000000 1.00000000
vn 0.51870000 -0.85500000 0.00000000
vn 0.00010000 0.00000000 1.00000000
vn 0.60020000 -0.79980000 0.00000000
vn 0.00000000 0.00000000 1.00000000
vn 0.51870000 -0.85500000 0.00000000
vn 0.00010000 0.00000000 1.00000000
vn 0.00000000 0.00000000 1.00000000
vn 0.60020000 -0.79980000 0.00000000
vn 0.67160000 -0.74090000 0.00000000
vn 0.00000000 0.00000000 1.00000000
vn 0.67160000 -0.74090000 0.00000000
vn 0.73980000 -0.67290000 0.00000000
vn 0.80000000 -0.59990000 0.00000000
vn 0.00000000 0.00000000 1.00000000
vn 0.73980000 -0.67290000 0.00000000
vn 0.85390000 -0.52040000 0.00000000
vn 0.00000000 0.00000000 1.00000000
vn 0.80000000 -0.59990000 0.00000000
vn 0.00000000 0.00000000 1.00000000
vn 0.90130000 -0.43310000 0.00000000
vn 0.85390000 -0.52040000 0.00000000
vn 0.00000000 0.00000000 1.00000000
vn 0.90130000 -0.43310000 0.00000000
vn -0.00070000 -0.00000000 1.00000000
vn 0.93870000 -0.34490000 0.00070000
vn -0.00070000 -0.00000000 1.00000000
vn 0.93850000 -0.34530000 -0.00050000
vn 0.96880000 -0.24780000 -0.00040000
vn 0.00000000 0.00000000 1.00000000
vn 0.98850000 -0.15090000 0.00000000
vn 0.96860000 -0.24860000 0.00050000
vn -0.00070000 -0.00000000 1.00000000
vn 0.98850000 -0.15090000 0.00000000
vn 0.99870000 -0.05040000 0.00000000
vn 0.00000000 0.00000000 1.00000000
vn 0.00000000 0.00000000 1.00000000
vn 0.99870000 0.05040000 0.00000000
vn -0.00010000 0.00000000 1.00000000
vn 0.99870000 -0.05040000 0.00000000
vn 0.00010000 0.00000000 1.00000000
vn 0.00000000 0.00000000 1.00000000
vn 0.99870000 0.05040000 0.00000000
vn 0.00050000 0.00000000 1.00000000
vn 0.98850000 0.15090000 0.00000000
vn -0.00060000 0.00000000 1.00000000
vn 0.98850000 0.15090000 0.00000000
vn 0.96890000 0.24760000 -0.00010000
vn -0.00050000 0.00000000 1.00000000
vn 0.00070000 0.00000000 1.00000000
vn 0.00050000 0.00000000 1.00000000
vn 0.00070000 0.00000000 1.00000000
vn 0.96850000 0.24890000 0.00020000
vn 0.93960000 0.34220000 0.00060000
vn -0.00050000 0.00000000 1.00000000
vn 0.93940000 0.34290000 -0.00040000
vn 0.00070000 0.00000000 1.00000000
vn 0.90130000 0.43310000 0.00000000
vn 0.00050000 0.00000000 1.00000000
vn -0.00060000 0.00000000 1.00000000
vn 0.85600000 0.51700000 -0.00030000
vn 0.90130000 0.43310000 0.00000000
vn -0.00050000 0.00000000 1.00000000
vn 0.85610000 0.51680000 0.00030000
vn 0.80150000 0.59800000 0.00000000
vn -0.00060000 0.00000000 1.00000000
vn 0.00010000 0.00000000 1.00000000
vn -0.00010000 0.00000000 1.00000000
vn 0.74160000 0.67090000 0.00000000
vn 0.00010000 0.00000000 1.00000000
vn 0.80150000 0.59800000 0.00000000
vn 0.00000000 0.00000000 1.00000000
vn 0.00000000 0.00000000 1.00000000
vn -0.00010000 0.00000000 1.00000000
vn 0.74160000 0.67090000 0.00000000
vn 0.67160000 0.74090000 0.00000000
vn 0.59770000 0.80170000 0.00000000
vn -0.00010000 0.00000000 1.00000000
vn 0.67160000 0.74090000 0.00000000
vn 0.00000000 0.00000000 1.00000000
vn 0.00000000 0.00000000 1.00000000
vn 0.59770000 0.80170000 0.00000000
vn 0.52160000 0.85320000 0.00000000
vn 0.00000000 0.00000000 1.00000000
vn 0.52160000 0.85320000 0.00000000
vn 0.43210000 0.90180000 0.00000000
vn 0.00000000 0.00000000 1.00000000
vn 0.34470000 0.93870000 0.00000000
vn 0.43210000 0.90180000 0.00000000
vn 0.24890000 0.96850000 0.00000000
vn 0.00000000 0.00000000 1.00000000
vn 0.34470000 0.93870000 0.00000000
vn 0.00000000 0.00000000 1.00000000
vn 0.15060000 0.98860000 0.00000000
vn 0.24890000 0.96850000 0.00000000
vn 0.15060000 0.98860000 0.00000000
vn 0.05020000 0.99870000 0.00000000
vn 0.00000000 0.00000000 1.00000000
vn 0.00000000 0.00000000 1.00000000
vn -0.05020000 0.99870000 0.00000000
vn 0.00010000 0.00000000 1.00000000
vn 0.05020000 0.99870000 0.00000000
vn -0.00010000 0.00000000 1.00000000
vn -0.15060000 0.98860000 0.00000000
vn 0.00000000 0.00000000 1.00000000
vn -0.05020000 0.99870000 0.00000000
vn 0.00010000 0.00000000 1.00000000
vn 0.00000000 0.00000000 1.00000000
vn -0.24880000 0.96860000 0.00000000
vn -0.15060000 0.98860000 0.00000000
vn 0.00000000 0.00000000 1.00000000
vn -0.24880000 0.96860000 0.00000000
vn -0.34450000 0.93880000 0.00000000
vn -0.34450000 0.93880000 0.00000000
vn -0.43180000 0.90190000 0.00000000
vn 0.00000000 0.00000000 1.00000000
vn 0.00000000 0.00000000 1.00000000
vn -0.43180000 0.90190000 0.00000000
vn -0.52130000 0.85340000 0.00000000
vn 0.00000000 0.00000000 1.00000000
vn -0.00010000 0.00000000 1.00000000
vn -0.59730000 0.80200000 0.00000000
vn -0.52130000 0.85340000 0.00000000
vn 0.00010000 0.00000000 1.00000000
vn 0.00000000 0.00000000 1.00000000
vn -0.00010000 0.00000000 1.00000000
vn -0.67120000 0.74130000 0.00000000
vn -0.59730000 0.80200000 0.00000000
vn 0.00010000 0.00000000 1.00000000
vn 0.00000000 0.00000000 1.00000000
vn -0.74120000 0.67130000 0.00000000
vn -0.67120000 0.74130000 0.00000000
vn -0.80120000 0.59840000 0.00000000
vn 0.00000000 0.00000000 1.00000000
vn 0.00010000 0.00000000 1.00000000
vn -0.74120000 0.67130000 0.00000000
vn -0.80120000 0.59840000 0.00000000
vn 0.00050000 0.00000000 1.00000000
vn 0.00000000 0.00000000 1.00000000
vn -0.85580000 0.51730000 0.00030000
vn 0.00050000 0.00000000 1.00000000
vn -0.90110000 0.43360000 0.00000000
vn -0.00020000 0.00000000 1.00000000
vn -0.85570000 0.51740000 -0.00030000
vn -0.00070000 -0.00000000 1.00000000
vn -0.90110000 0.43360000 0.00000000
vn 0.00050000 0.00000000 1.00000000
vn -0.93920000 0.34330000 -0.00040000
vn -0.93950000 0.34260000 0.00060000
vn -0.00070000 -0.00000000 1.00000000
vn -0.96840000 0.24920000 0.00020000
vn -0.96880000 0.24800000 -0.00010000
vn -0.00020000 0.00000000 1.00000000
vn -0.98850000 0.15110000 0.00000000
vn -0.00070000 -0.00000000 1.00000000
vn 0.00050000 0.00000000 1.00000000
vn 0.00050000 0.00000000 1.00000000
vn -0.99870000 0.05050000 0.00000000
vn 0.00000000 0.00000000 1.00000000
vn -0.00020000 0.00000000 1.00000000
vn -0.98850000 0.15110000 0.00000000
vn 0.00000000 0.00000000 1.00000000
vn -0.99870000 -0.05050000 0.00000000
vn -0.99870000 0.05050000 0.00000000
vn 0.00010000 0.00000000 1.00000000
vn 0.00010000 0.00000000 1.00000000
vn -0.98850000 -0.15110000 0.00000000
vn 0.00000000 0.00000000 1.00000000
vn -0.99870000 -0.05050000 0.00000000
vn -0.96850000 -0.24900000 0.00050000
vn -0.98850000 -0.15110000 0.00000000
vn 0.00000000 0.00000000 1.00000000
vn 0.00070000 0.00000000 1.00000000
vn 0.00070000 0.00000000 1.00000000
vn -0.93830000 -0.34580000 -0.00050000
vn -0.96870000 -0.24810000 -0.00040000
vn -0.93850000 -0.34530000 0.00070000
vn 0.00000000 0.00000000 1.00000000
vn -0.90110000 -0.43360000 0.00000000
vn 0.00070000 0.00000000 1.00000000
vn -0.90110000 -0.43360000 0.00000000
vn 0.00000000 0.00000000 1.00000000
vn -0.85360000 -0.52090000 0.00000000
vn 0.00010000 0.00000000 1.00000000
vn -0.85360000 -0.52090000 0.00000000
vn -0.79970000 -0.60040000 0.00000000
vn 0.00000000 0.00000000 1.00000000
vn 0.00000000 0.00000000 1.00000000
vn -0.73940000 -0.67330000 0.00000000
vn -0.79970000 -0.60040000 0.00000000
vn 0.00000000 0.00000000 1.00000000
vn -0.67120000 -0.74130000 0.00000000
vn -0.73940000 -0.67330000 0.00000000
vn 0.00010000 0.00000000 1.00000000
vn 0.00000000 0.00000000 1.00000000
vn -0.59990000 -0.80010000 0.00000000
vn -0.67120000 -0.74130000 0.00000000
vn -0.51840000 -0.85510000 0.00000000
vn 0.00000000 0.00000000 1.00000000
vn -0.59990000 -0.80010000 0.00000000
vn -0.43150000 -0.90210000 0.00010000
vn 0.00020000 -0.00000000 1.00000000
vn -0.51840000 -0.85510000 0.00000000
vn 0.00000000 0.00000000 1.00000000
vn 0.00010000 0.00000000 1.00000000
vn 0.00020000 -0.00000000 1.00000000
vn -0.43210000 -0.90180000 -0.00010000
vn -0.34450000 -0.93880000 0.00000000
vn 0.00000000 0.00000000 1.00000000
vn -0.34450000 -0.93880000 0.00000000
vn 0.00000000 0.00000000 1.00000000
vn -0.24880000 -0.96860000 0.00000000
vn -0.24880000 -0.96860000 0.00000000
vn 0.00010000 0.00000000 1.00000000
vn 0.00020000 -0.00000000 1.00000000
vn 0.00000000 0.00000000 1.00000000
vn -0.15060000 -0.98860000 0.00000000
vn 0.00010000 0.00000000 1.00000000
vn 0.00000000 0.00000000 1.00000000
vn -0.15060000 -0.98860000 0.00000000
vn -0.05020000 -0.99870000 0.00000000
vn -0.61550000 0.59110000 -0.52140000
vn -0.54690000 0.57840000 0.60530000
vn -0.07000000 0.69180000 -0.71870000
vn -0.06990000 0.69180000 0.71870000
vn -0.14000000 0.68130000 -0.71850000
vn -0.13860000 0.68140000 0.71860000
vn -0.20710000 0.66420000 -0.71830000
vn -0.20580000 0.66430000 0.71850000
vn -0.27000000 0.64090000 -0.71860000
vn -0.27090000 0.64080000 0.71830000
vn -0.33080000 0.61180000 -0.71850000
vn -0.33340000 0.61120000 0.71780000
vn -0.38830000 0.57710000 -0.71850000
vn -0.39200000 0.57610000 0.71730000
vn -0.44300000 0.53680000 -0.71800000
vn -0.44420000 0.53650000 0.71760000
vn -0.49330000 0.49180000 -0.71750000
vn -0.49220000 0.49220000 0.71800000
vn -0.53790000 0.44270000 -0.71750000
vn -0.53680000 0.44300000 0.71800000
vn -0.57670000 0.38950000 -0.71810000
vn -0.57870000 0.38890000 0.71690000
vn -0.61060000 0.33240000 -0.71880000
vn -0.61330000 0.33150000 0.71690000
vn -0.64080000 0.27090000 -0.71830000
vn -0.64110000 0.27100000 0.71800000
vn -0.66430000 0.20640000 -0.71840000
vn -0.66430000 0.20640000 0.71840000
vn -0.68140000 0.13930000 -0.71860000
vn -0.68140000 0.13930000 0.71860000
vn -0.69180000 0.07010000 -0.71870000
vn -0.69180000 0.07010000 0.71870000
vn -0.69540000 0.00000000 -0.71860000
vn -0.69540000 0.00000000 0.71860000
vn -0.69180000 -0.07000000 -0.71860000
vn -0.69330000 -0.06990000 0.71720000
vn -0.68290000 -0.13890000 -0.71720000
vn -0.68320000 -0.13890000 0.71690000
vn -0.66580000 -0.20630000 -0.71710000
vn -0.66430000 -0.20630000 0.71840000
vn -0.63920000 -0.27120000 -0.71960000
vn -0.64090000 -0.27070000 0.71830000
vn -0.60890000 -0.33280000 -0.72010000
vn -0.61160000 -0.33190000 0.71820000
vn -0.57690000 -0.38940000 -0.71810000
vn -0.57680000 -0.38940000 0.71810000
vn -0.53800000 -0.44250000 -0.71750000
vn -0.53700000 -0.44280000 0.71800000
vn -0.49340000 -0.49170000 -0.71750000
vn -0.49120000 -0.49240000 0.71850000
vn -0.44310000 -0.53680000 -0.71800000
vn -0.44310000 -0.53680000 0.71800000
vn -0.38970000 -0.57670000 -0.71810000
vn -0.39090000 -0.57630000 0.71770000
vn -0.33220000 -0.61150000 -0.71820000
vn -0.33210000 -0.61150000 0.71820000
vn -0.26960000 -0.64110000 -0.71860000
vn -0.27100000 -0.64080000 0.71830000
vn -0.20670000 -0.66430000 -0.71830000
vn -0.20720000 -0.66410000 0.71830000
vn -0.14030000 -0.68130000 -0.71850000
vn -0.14040000 -0.68160000 0.71820000
vn -0.07040000 -0.69180000 -0.71860000
vn -0.07040000 -0.69180000 0.71860000
vn 0.00010000 -0.69540000 -0.71860000
vn -0.00000000 -0.69540000 0.71860000
vn 0.07100000 -0.69180000 -0.71860000
vn 0.07050000 -0.69230000 0.71820000
vn 0.14030000 -0.68130000 -0.71840000
vn 0.14030000 -0.68130000 0.71840000
vn 0.20710000 -0.66420000 -0.71830000
vn 0.20780000 -0.66410000 0.71820000
vn 0.27080000 -0.64090000 -0.71830000
vn 0.27010000 -0.64100000 0.71840000
vn 0.33330000 -0.61130000 -0.71780000
vn 0.33070000 -0.61190000 0.71850000
vn 0.38940000 -0.57680000 -0.71810000
vn 0.39070000 -0.57650000 0.71770000
vn 0.44290000 -0.53700000 -0.71800000
vn 0.44290000 -0.53700000 0.71800000
vn 0.49320000 -0.49190000 -0.71750000
vn 0.49090000 -0.49270000 0.71850000
vn 0.53780000 -0.44280000 -0.71750000
vn 0.53670000 -0.44320000 0.71800000
vn 0.57790000 -0.38900000 -0.71750000
vn 0.57660000 -0.38970000 0.71810000
vn 0.61140000 -0.33220000 -0.71820000
vn 0.61360000 -0.33180000 0.71650000
vn 0.64080000 -0.27100000 -0.71830000
vn 0.64250000 -0.27050000 0.71700000
vn 0.66600000 -0.20560000 -0.71710000
vn 0.66420000 -0.20650000 0.71840000
vn 0.68290000 -0.13910000 -0.71720000
vn 0.68290000 -0.13900000 0.71720000
vn 0.69190000 -0.06970000 -0.71860000
vn 0.69330000 -0.07000000 0.71730000
vn 0.69540000 0.00000000 -0.71860000
vn 0.69540000 0.00000000 0.71860000
vn 0.69180000 0.07020000 -0.71870000
vn 0.69180000 0.07020000 0.71870000
vn 0.68120000 0.13990000 -0.71860000
vn 0.68170000 0.13960000 0.71820000
vn 0.66420000 0.20670000 -0.71840000
vn 0.66410000 0.20670000 0.71840000
vn 0.64070000 0.27120000 -0.71830000
vn 0.64240000 0.27070000 0.71700000
vn 0.61130000 0.33240000 -0.71820000
vn 0.61310000 0.33180000 0.71690000
vn 0.57750000 0.38950000 -0.71750000
vn 0.57680000 0.39000000 0.71780000
vn 0.53760000 0.44300000 -0.71750000
vn 0.53660000 0.44330000 0.71800000
vn 0.49300000 0.49210000 -0.71750000
vn 0.49190000 0.49240000 0.71800000
vn 0.44280000 0.53710000 -0.71800000
vn 0.44390000 0.53670000 0.71750000
vn 0.38810000 0.57720000 -0.71850000
vn 0.39180000 0.57620000 0.71730000
vn 0.33190000 0.61160000 -0.71820000
vn 0.33190000 0.61160000 0.71820000
vn 0.27080000 0.64090000 -0.71830000
vn 0.26940000 0.64110000 0.71860000
vn 0.20700000 0.66420000 -0.71830000
vn 0.20570000 0.66440000 0.71850000
vn 0.13990000 0.68130000 -0.71850000
vn 0.13850000 0.68150000 0.71860000
vn 0.07000000 0.69180000 -0.71870000
vn 0.07010000 0.69180000 0.71860000
vn 0.54700000 0.57840000 -0.60520000
vn 0.63360000 0.57470000 0.51790000
vn -0.05040000 -0.99870000 0.00000000
vn 0.00000000 0.00000000 1.00000000
vn 0.05040000 -0.99870000 0.00000000
vn 0.05040000 -0.99870000 0.00000000
vn 0.00000000 0.00000000 1.00000000
vn 0.15060000 -0.98860000 0.00000000
vn 0.24890000 -0.96850000 0.00000000
vn 0.00030000 0.00020000 1.00000000
vn 0.15060000 -0.98860000 0.00000000
vn 0.00000000 0.00000000 1.00000000
vn 0.34470000 -0.93870000 0.00000000
vn 0.00000000 0.00000000 1.00000000
vn 0.24890000 -0.96850000 0.00000000
vn 0.34470000 -0.93870000 0.00000000
vn 0.00000000 0.00000000 1.00000000
vn 0.43550000 -0.90020000 0.00020000
vn -0.00020000 -0.00020000 1.00000000
vn 0.00000000 0.00000000 1.00000000
vn 0.00020000 0.00020000 1.00000000
vn 0.52160000 -0.85320000 0.00000000
vn 0.43540000 -0.90020000 0.00030000
vn 0.52160000 -0.85320000 0.00000000
vn 0.00000000 0.00000000 1.00000000
vn 0.60020000 -0.79980000 0.00000000
vn 0.00000000 0.00000000 1.00000000
vn 0.67380000 -0.73890000 0.00000000
vn 0.60020000 -0.79980000 0.00000000
vn 0.67380000 -0.73890000 0.00000000
vn 0.00020000 -0.00000000 1.00000000
vn 0.73980000 -0.67290000 0.00000000
vn 0.00000000 0.00000000 1.00000000
vn 0.73980000 -0.67290000 0.00000000
vn 0.00000000 0.00000000 1.00000000
vn 0.00020000 -0.00000000 1.00000000
vn 0.80150000 -0.59800000 0.00000000
vn 0.85390000 -0.52040000 0.00000000
vn 0.00000000 0.00000000 1.00000000
vn 0.00030000 0.00000000 1.00000000
vn 0.80150000 -0.59800000 0.00000000
vn 0.00000000 0.00000000 1.00000000
vn 0.90150000 -0.43280000 0.00040000
vn 0.85390000 -0.52040000 0.00000000
vn 0.00030000 0.00000000 1.00000000
vn -0.00030000 0.00030000 1.00000000
vn 0.00040000 -0.00030000 1.00000000
vn 0.93840000 -0.34560000 -0.00010000
vn 0.90150000 -0.43270000 0.00010000
vn -0.00020000 -0.00040000 1.00000000
vn 0.96880000 -0.24790000 -0.00050000
vn -0.00130000 0.00040000 1.00000000
vn 0.93840000 -0.34550000 -0.00040000
vn -0.00040000 0.00030000 1.00000000
vn 0.00000000 0.00000000 1.00000000
vn -0.00010000 -0.00040000 1.00000000
vn 0.98850000 -0.15090000 0.00000000
vn 0.96880000 -0.24770000 -0.00040000
vn 0.00030000 0.00000000 1.00000000
vn 0.00000000 0.00000000 1.00000000
vn 0.98850000 -0.15090000 0.00000000
vn 0.99870000 -0.05040000 0.00000000
vn 0.00010000 0.00000000 1.00000000
vn 0.00020000 -0.00000000 1.00000000
vn 0.00000000 0.00000000 1.00000000
vn 0.99870000 -0.05040000 0.00000000
vn 0.99870000 0.05040000 0.00000000
vn 0.00000000 0.00000000 1.00000000
vn 0.99870000 0.05040000 0.00000000
vn 0.98850000 0.15090000 0.00000000
vn -0.00010000 0.00000000 1.00000000
vn 0.96870000 0.24840000 0.00070000
vn -0.00050000 0.00000000 1.00000000
vn 0.98850000 0.15090000 0.00000000
vn -0.00060000 -0.00040000 1.00000000
vn 0.00000000 0.00000000 1.00000000
vn 0.00060000 0.00040000 1.00000000
vn 0.96860000 0.24850000 0.00060000
vn 0.93980000 0.34180000 0.00020000
vn -0.00050000 -0.00040000 1.00000000
vn -0.00050000 0.00000000 1.00000000
vn 0.93970000 0.34200000 0.00050000
vn 0.90130000 0.43310000 0.00000000
vn 0.00000000 0.00000000 1.00000000
vn 0.90130000 0.43310000 0.00000000
vn 0.85390000 0.52040000 0.00000000
vn -0.00050000 0.00000000 1.00000000
vn 0.85390000 0.52040000 0.00000000
vn -0.00010000 0.00000000 1.00000000
vn 0.80150000 0.59800000 0.00000000
vn 0.00000000 0.00000000 1.00000000
vn 0.00010000 0.00000000 1.00000000
vn 0.00000000 0.00000000 1.00000000
vn 0.80150000 0.59800000 0.00000000
vn 0.74160000 0.67090000 0.00000000
vn -0.00010000 0.00000000 1.00000000
vn 0.74160000 0.67090000 0.00000000
vn 0.00010000 0.00000000 1.00000000
vn 0.67380000 0.73890000 0.00000000
vn 0.00000000 0.00000000 1.00000000
vn 0.00000000 0.00000000 1.00000000
vn 0.67380000 0.73890000 0.00000000
vn -0.00010000 0.00000000 1.00000000
vn 0.00010000 0.00000000 1.00000000
vn 0.60020000 0.79980000 0.00000000
vn 0.51870000 0.85500000 0.00000000
vn 0.60020000 0.79980000 0.00000000
vn 0.00000000 0.00000000 1.00000000
vn 0.00010000 0.00000000 1.00000000
vn 0.00000000 0.00000000 1.00000000
vn 0.43530000 0.90030000 0.00000000
vn 0.51870000 0.85500000 0.00000000
vn 0.34300000 0.93940000 0.00000000
vn 0.00000000 0.00000000 1.00000000
vn 0.43530000 0.90030000 0.00000000
vn 0.00000000 0.00000000 1.00000000
vn 0.34300000 0.93940000 0.00000000
vn 0.24890000 0.96850000 0.00000000
vn 0.00000000 0.00000000 1.00000000
vn 0.15150000 0.98850000 0.00000000
vn 0.24890000 0.96850000 0.00000000
vn 0.15150000 0.98850000 0.00000000
vn 0.05040000 0.99870000 0.00000000
vn 0.00000000 0.00000000 1.00000000
vn -0.00010000 0.00000000 1.00000000
vn 0.00010000 0.00000000 1.00000000
vn 0.00000000 0.00000000 1.00000000
vn -0.05040000 0.99870000 0.00000000
vn -0.00010000 0.00000000 1.00000000
vn 0.05040000 0.99870000 0.00000000
vn -0.15150000 0.98850000 0.00000000
vn 0.00000000 0.00000000 1.00000000
vn -0.05040000 0.99870000 0.00000000
vn -0.15150000 0.98850000 0.00000000
vn 0.00000000 0.00000000 1.00000000
vn -0.24880000 0.96860000 0.00000000
vn 0.00000000 0.00000000 1.00000000
vn -0.34280000 0.93940000 0.00000000
vn -0.24880000 0.96860000 0.00000000
vn -0.34280000 0.93940000 0.00000000
vn -0.43510000 0.90040000 0.00000000
vn 0.00000000 0.00000000 1.00000000
vn -0.43510000 0.90040000 0.00000000
vn 0.00000000 0.00000000 1.00000000
vn -0.51840000 0.85510000 0.00000000
vn 0.00000000 0.00000000 1.00000000
vn -0.51840000 0.85510000 0.00000000
vn -0.59990000 0.80010000 0.00000000
vn 0.00000000 0.00000000 1.00000000
vn -0.59990000 0.80010000 0.00000000
vn -0.67340000 0.73930000 0.00000000
vn 0.00000000 0.00000000 1.00000000
vn 0.00010000 0.00000000 1.00000000
vn -0.67340000 0.73930000 0.00000000
vn -0.74120000 0.67130000 0.00000000
vn -0.00010000 0.00000000 1.00000000
vn 0.00000000 0.00000000 1.00000000
vn -0.74120000 0.67130000 0.00000000
vn -0.80120000 0.59840000 0.00000000
vn -0.00010000 0.00000000 1.00000000
vn -0.00010000 0.00000000 1.00000000
vn 0.00000000 0.00000000 1.00000000
vn -0.80120000 0.59840000 0.00000000
vn -0.85360000 0.52090000 0.00000000
vn -0.90110000 0.43360000 0.00000000
vn 0.00000000 0.00000000 1.00000000
vn 0.00050000 0.00000000 1.00000000
vn -0.00010000 0.00000000 1.00000000
vn -0.85360000 0.52090000 0.00000000
vn -0.90110000 0.43360000 0.00000000
vn -0.93950000 0.34250000 0.00050000
vn 0.00050000 0.00000000 1.00000000
vn 0.00050000 -0.00040000 1.00000000
vn -0.93960000 0.34220000 0.00020000
vn -0.00060000 0.00040000 1.00000000
vn -0.96850000 0.24880000 0.00060000
vn -0.96860000 0.24870000 0.00070000
vn 0.00050000 0.00000000 1.00000000
vn 0.00000000 0.00000000 1.00000000
vn 0.00060000 -0.00040000 1.00000000
vn -0.98850000 0.15110000 0.00000000
vn -0.00010000 0.00000000 1.00000000
vn -0.98850000 0.15110000 0.00000000
vn 0.00000000 0.00000000 1.00000000
vn -0.99870000 0.05050000 0.00000000
vn -0.00010000 0.00000000 1.00000000
vn -0.99870000 -0.05050000 0.00000000
vn 0.00000000 0.00000000 1.00000000
vn -0.99870000 0.05050000 0.00000000
vn -0.98850000 -0.15110000 0.00000000
vn -0.00030000 0.00000000 1.00000000
vn 0.00000000 0.00000000 1.00000000
vn -0.99870000 -0.05050000 0.00000000
vn 0.00040000 0.00030000 1.00000000
vn -0.96870000 -0.24810000 -0.00040000
vn -0.98850000 -0.15110000 0.00000000
vn 0.00000000 0.00000000 1.00000000
vn 0.00010000 -0.00040000 1.00000000
vn 0.00120000 0.00040000 1.00000000
vn -0.96870000 -0.24820000 -0.00050000
vn -0.93830000 -0.34590000 -0.00040000
vn -0.00040000 -0.00030000 1.00000000
vn -0.93820000 -0.34600000 -0.00010000
vn -0.90130000 -0.43320000 0.00010000
vn 0.00020000 -0.00040000 1.00000000
vn 0.00000000 0.00000000 1.00000000
vn -0.00030000 0.00000000 1.00000000
vn -0.90120000 -0.43330000 0.00040000
vn -0.85360000 -0.52090000 0.00000000
vn 0.00030000 0.00030000 1.00000000
vn -0.00030000 0.00000000 1.00000000
vn 0.00000000 0.00000000 1.00000000
vn -0.80120000 -0.59840000 0.00000000
vn -0.85360000 -0.52090000 0.00000000
vn 0.00000000 0.00000000 1.00000000
vn -0.00010000 0.00000000 1.00000000
vn -0.80120000 -0.59840000 0.00000000
vn -0.73940000 -0.67330000 0.00000000
vn -0.67340000 -0.73930000 0.00000000
vn 0.00000000 0.00000000 1.00000000
vn -0.00010000 0.00000000 1.00000000
vn -0.73940000 -0.67330000 0.00000000
vn 0.00010000 0.00000000 1.00000000
vn 0.00010000 0.00000000 1.00000000
vn -0.67340000 -0.73930000 0.00000000
vn -0.59990000 -0.80010000 0.00000000
vn 0.00000000 0.00000000 1.00000000
vn 0.00000000 0.00000000 1.00000000
vn -0.59990000 -0.80010000 0.00000000
vn -0.52130000 -0.85340000 0.00000000
vn 0.00000000 0.00000000 1.00000000
vn -0.52130000 -0.85340000 0.00000000
vn -0.00020000 0.00020000 1.00000000
vn -0.43520000 -0.90030000 0.00030000
vn -0.34450000 -0.93880000 0.00000000
vn 0.00020000 -0.00020000 1.00000000
vn 0.00000000 0.00000000 1.00000000
vn -0.43530000 -0.90030000 0.00020000
vn -0.24880000 -0.96860000 0.00000000
vn -0.34450000 -0.93880000 0.00000000
vn 0.00000000 0.00000000 1.00000000
vn -0.24880000 -0.96860000 0.00000000
vn -0.15060000 -0.98860000 0.00000000
vn -0.00030000 0.00020000 1.00000000
vn 0.00000000 0.00000000 1.00000000
vn -0.05040000 -0.99870000 0.00000000
vn 0.00000000 0.00000000 1.00000000
vn -0.15060000 -0.98860000 0.00000000
vn 0.05020000 -0.99870000 0.00000000
vn 0.00000000 0.00000000 -1.00000000
vn -0.05020000 -0.99870000 0.00000000
vn 0.05020000 -0.99870000 0.00000000
vn 0.15060000 -0.98860000 0.00000000
vn 0.00000000 0.00000000 -1.00000000
vn -0.00010000 0.00000000 -1.00000000
vn 0.24890000 -0.96850000 0.00000000
vn -0.00020000 0.00000000 -1.00000000
vn -0.00010000 -0.00020000 -1.00000000
vn 0.00000000 0.00000000 -1.00000000
vn 0.15060000 -0.98860000 0.00000000
vn 0.24890000 -0.96850000 0.00000000
vn -0.00020000 0.00000000 -1.00000000
vn 0.34470000 -0.93870000 0.00000000
vn 0.43210000 -0.90180000 0.00030000
vn 0.00040000 0.00020000 -1.00000000
vn -0.00020000 0.00000000 -1.00000000
vn 0.34470000 -0.93870000 0.00000000
vn 0.00000000 0.00000000 -1.00000000
vn -0.00010000 0.00000000 -1.00000000
vn -0.00010000 -0.00020000 -1.00000000
vn 0.43210000 -0.90180000 0.00030000
vn 0.51870000 -0.85500000 0.00000000
vn 0.60020000 -0.79980000 0.00000000
vn 0.00000000 0.00000000 -1.00000000
vn -0.00010000 0.00000000 -1.00000000
vn 0.51870000 -0.85500000 0.00000000
vn 0.60020000 -0.79980000 0.00000000
vn 0.67160000 -0.74090000 0.00000000
vn 0.00000000 0.00000000 -1.00000000
vn 0.00000000 0.00000000 -1.00000000
vn 0.73980000 -0.67290000 0.00000000
vn 0.67160000 -0.74090000 0.00000000
vn 0.80000000 -0.59990000 0.00000000
vn 0.73980000 -0.67290000 0.00000000
vn 0.00000000 0.00000000 -1.00000000
vn 0.85390000 -0.52040000 0.00000000
vn 0.00000000 0.00000000 -1.00000000
vn 0.80000000 -0.59990000 0.00000000
vn 0.90130000 -0.43310000 0.00000000
vn 0.00020000 0.00000000 -1.00000000
vn 0.85390000 -0.52040000 0.00000000
vn 0.00000000 0.00000000 -1.00000000
vn 0.00000000 0.00000000 -1.00000000
vn 0.00050000 -0.00040000 -1.00000000
vn 0.93840000 -0.34560000 0.00010000
vn 0.90130000 -0.43310000 0.00000000
vn -0.00060000 0.00040000 -1.00000000
vn 0.93840000 -0.34550000 0.00040000
vn 0.96880000 -0.24790000 0.00050000
vn 0.00000000 0.00000000 -1.00000000
vn 0.00060000 -0.00040000 -1.00000000
vn 0.96880000 -0.24770000 0.00040000
vn 0.00020000 0.00000000 -1.00000000
vn 0.98850000 -0.15090000 0.00000000
vn 0.00020000 0.00000000 -1.00000000
vn 0.98850000 -0.15090000 0.00000000
vn 0.99870000 -0.05040000 0.00000000
vn 0.00000000 0.00000000 -1.00000000
vn 0.99870000 -0.05040000 0.00000000
vn 0.00000000 0.00000000 -1.00000000
vn 0.99870000 0.05040000 0.00000000
vn 0.99870000 0.05040000 0.00000000
vn 0.00010000 0.00000000 -1.00000000
vn 0.98850000 0.15090000 0.00000000
vn 0.00030000 0.00020000 -1.00000000
vn 0.00000000 0.00000000 -1.00000000
vn 0.00000000 0.00000000 -1.00000000
vn -0.00050000 -0.00000000 -1.00000000
vn 0.98850000 0.15090000 0.00000000
vn 0.00010000 -0.00040000 -1.00000000
vn 0.96870000 0.24840000 -0.00070000
vn 0.00130000 0.00040000 -1.00000000
vn 0.96860000 0.24850000 -0.00060000
vn 0.93980000 0.34180000 -0.00020000
vn -0.00050000 -0.00000000 -1.00000000
vn 0.00020000 -0.00040000 -1.00000000
vn 0.90130000 0.43310000 0.00000000
vn 0.93970000 0.34200000 -0.00050000
vn -0.00050000 -0.00000000 -1.00000000
vn 0.90130000 0.43310000 0.00000000
vn 0.85600000 0.51710000 0.00020000
vn -0.00020000 -0.00030000 -1.00000000
vn 0.00000000 0.00000000 -1.00000000
vn 0.00020000 0.00030000 -1.00000000
vn 0.85590000 0.51710000 0.00000000
vn 0.80150000 0.59800000 0.00000000
vn 0.00010000 0.00000000 -1.00000000
vn 0.00000000 0.00000000 -1.00000000
vn 0.00010000 0.00000000 -1.00000000
vn 0.80150000 0.59800000 0.00000000
vn 0.74160000 0.67090000 0.00000000
vn 0.67160000 0.74090000 0.00000000
vn 0.74160000 0.67090000 0.00000000
vn 0.00000000 0.00000000 -1.00000000
vn -0.00010000 0.00000000 -1.00000000
vn 0.59770000 0.80170000 0.00000000
vn 0.67160000 0.74090000 0.00000000
vn 0.00000000 0.00000000 -1.00000000
vn 0.52160000 0.85320000 0.00000000
vn 0.59770000 0.80170000 0.00000000
vn 0.00000000 0.00000000 -1.00000000
vn 0.00000000 0.00000000 -1.00000000
vn 0.52160000 0.85320000 0.00000000
vn 0.43210000 0.90180000 0.00000000
vn 0.43210000 0.90180000 0.00000000
vn -0.00020000 0.00000000 -1.00000000
vn 0.34470000 0.93870000 0.00000000
vn 0.00000000 0.00000000 -1.00000000
vn 0.34470000 0.93870000 0.00000000
vn 0.24890000 0.96850000 0.00000000
vn -0.00020000 0.00000000 -1.00000000
vn -0.00020000 0.00000000 -1.00000000
vn 0.24890000 0.96850000 0.00000000
vn 0.00000000 0.00000000 -1.00000000
vn 0.15060000 0.98860000 0.00000000
vn 0.00000000 0.00000000 -1.00000000
vn 0.05020000 0.99870000 0.00000000
vn 0.15060000 0.98860000 0.00000000
vn -0.00010000 0.00000000 -1.00000000
vn 0.00000000 0.00000000 -1.00000000
vn -0.00010000 0.00000000 -1.00000000
vn -0.05020000 0.99870000 0.00000000
vn 0.05020000 0.99870000 0.00000000
vn -0.05020000 0.99870000 0.00000000
vn -0.15060000 0.98860000 0.00000000
vn 0.00000000 0.00000000 -1.00000000
vn 0.00000000 0.00000000 -1.00000000
vn -0.24880000 0.96860000 0.00000000
vn 0.00020000 0.00000000 -1.00000000
vn -0.15060000 0.98860000 0.00000000
vn -0.24880000 0.96860000 0.00000000
vn 0.00020000 0.00000000 -1.00000000
vn -0.34450000 0.93880000 0.00000000
vn 0.00000000 0.00000000 -1.00000000
vn 0.00020000 0.00000000 -1.00000000
vn -0.43180000 0.90190000 0.00000000
vn -0.34450000 0.93880000 0.00000000
vn 0.00000000 0.00000000 -1.00000000
vn -0.52130000 0.85340000 0.00000000
vn -0.43180000 0.90190000 0.00000000
vn 0.00000000 0.00000000 -1.00000000
vn -0.52130000 0.85340000 0.00000000
vn -0.59730000 0.80200000 0.00000000
vn -0.67120000 0.74130000 0.00000000
vn -0.59730000 0.80200000 0.00000000
vn 0.00000000 0.00000000 -1.00000000
vn -0.67120000 0.74130000 0.00000000
vn -0.74120000 0.67130000 0.00000000
vn 0.00000000 0.00000000 -1.00000000
vn -0.00020000 0.00000000 -1.00000000
vn 0.00000000 0.00000000 -1.00000000
vn -0.74120000 0.67130000 0.00000000
vn -0.80120000 0.59840000 0.00000000
vn -0.00020000 0.00000000 -1.00000000
vn -0.85560000 0.51760000 0.00000000
vn -0.00010000 0.00030000 -1.00000000
vn -0.80120000 0.59840000 0.00000000
vn -0.90110000 0.43360000 0.00000000
vn 0.00000000 0.00000000 -1.00000000
vn 0.00050000 -0.00000000 -1.00000000
vn 0.00030000 -0.00030000 -1.00000000
vn -0.85570000 0.51750000 0.00020000
vn -0.90110000 0.43360000 0.00000000
vn -0.00020000 -0.00040000 -1.00000000
vn 0.00050000 -0.00000000 -1.00000000
vn -0.93950000 0.34250000 -0.00050000
vn -0.00120000 0.00040000 -1.00000000
vn -0.93960000 0.34220000 -0.00020000
vn -0.96850000 0.24880000 -0.00060000
vn -0.98850000 0.15110000 0.00000000
vn -0.00010000 -0.00040000 -1.00000000
vn 0.00050000 -0.00000000 -1.00000000
vn 0.00000000 0.00000000 -1.00000000
vn -0.96860000 0.24870000 -0.00070000
vn -0.98850000 0.15110000 0.00000000
vn -0.00020000 0.00000000 -1.00000000
vn -0.99870000 0.05050000 0.00000000
vn 0.00000000 0.00000000 -1.00000000
vn -0.00020000 0.00020000 -1.00000000
vn -0.99870000 0.05050000 0.00000000
vn 0.00010000 0.00000000 -1.00000000
vn 0.00000000 0.00000000 -1.00000000
vn -0.99870000 -0.05050000 0.00000000
vn -0.00010000 0.00000000 -1.00000000
vn 0.00000000 0.00000000 -1.00000000
vn -0.00050000 -0.00000000 -1.00000000
vn -0.99870000 -0.05050000 0.00000000
vn 0.00010000 0.00000000 -1.00000000
vn -0.98850000 -0.15110000 0.00000000
vn -0.98850000 -0.15110000 0.00000000
vn -0.00050000 -0.00000000 -1.00000000
vn -0.96870000 -0.24810000 0.00040000
vn 0.00000000 0.00000000 -1.00000000
vn -0.00060000 -0.00040000 -1.00000000
vn -0.96870000 -0.24820000 0.00050000
vn 0.00060000 0.00040000 -1.00000000
vn -0.93830000 -0.34590000 0.00040000
vn 0.00000000 0.00000000 -1.00000000
vn -0.90110000 -0.43360000 0.00000000
vn -0.93820000 -0.34600000 0.00010000
vn -0.00050000 -0.00040000 -1.00000000
vn 0.00000000 0.00000000 -1.00000000
vn -0.85360000 -0.52090000 0.00000000
vn -0.90110000 -0.43360000 0.00000000
vn -0.00050000 -0.00000000 -1.00000000
vn -0.00010000 0.00000000 -1.00000000
vn -0.79970000 -0.60040000 0.00000000
vn 0.00010000 0.00000000 -1.00000000
vn -0.85360000 -0.52090000 0.00000000
vn 0.00000000 0.00000000 -1.00000000
vn -0.00010000 0.00000000 -1.00000000
vn 0.00000000 0.00000000 -1.00000000
vn -0.73940000 -0.67330000 0.00000000
vn -0.79970000 -0.60040000 0.00000000
vn -0.73940000 -0.67330000 0.00000000
vn -0.67120000 -0.74130000 0.00000000
vn 0.00000000 0.00000000 -1.00000000
vn 0.00000000 0.00000000 -1.00000000
vn -0.59990000 -0.80010000 0.00000000
vn -0.67120000 -0.74130000 0.00000000
vn 0.00010000 0.00000000 -1.00000000
vn 0.00000000 0.00000000 -1.00000000
vn -0.51840000 -0.85510000 0.00000000
vn -0.59990000 -0.80010000 0.00000000
vn 0.00010000 0.00000000 -1.00000000
vn -0.43190000 -0.90190000 0.00030000
vn 0.00000000 0.00000000 -1.00000000
vn -0.51840000 -0.85510000 0.00000000
vn 0.00010000 -0.00020000 -1.00000000
vn 0.00020000 0.00000000 -1.00000000
vn -0.34450000 -0.93880000 0.00000000
vn -0.00040000 0.00020000 -1.00000000
vn -0.43190000 -0.90190000 0.00030000
vn 0.00020000 0.00000000 -1.00000000
vn -0.24880000 -0.96860000 0.00000000
vn -0.34450000 -0.93880000 0.00000000
vn 0.00000000 0.00000000 -1.00000000
vn 0.00010000 -0.00020000 -1.00000000
vn -0.24880000 -0.96860000 0.00000000
vn -0.15060000 -0.98860000 0.00000000
vn 0.00020000 0.00000000 -1.00000000
vn 0.00000000 0.00000000 -1.00000000
vn -0.15060000 -0.98860000 0.00000000
vn 0.00010000 0.00000000 -1.00000000
vn -0.05020000 -0.99870000 0.00000000
vt 0.00000000 0.00000000
vt 0.00000000 0.53489200
vt 0.01562500 0.00000000
vt 0.01562500 0.53489200
vt 0.03125000 0.00000000
vt 0.03125000 0.53489200
vt 0.04687500 0.00000000
vt 0.04687500 0.53489200
vt 0.06250000 0.00000000
vt 0.06250000 0.53489200
vt 0.07812500 0.00000000
vt 0.07812500 0.53489200
vt 0.09375000 0.00000000
vt 0.09375000 0.53489200
vt 0.10937500 0.00000000
vt 0.10937500 0.53489200
vt 0.12500000 0.00000000
vt 0.12500000 0.53489200
vt 0.14062500 0.00000000
vt 0.14062500 0.53489200
vt 0.15625000 0.00000000
vt 0.15625000 0.53489200
vt 0.17187500 0.00000000
vt 0.17187500 0.53489200
vt 0.18750000 0.00000000
vt 0.18750000 0.53489200
vt 0.20312500 0.00000000
vt 0.20312500 0.53489200
vt 0.21875000 0.00000000
vt 0.21875000 0.53489200
vt 0.23437500 0.00000000
vt 0.23437500 0.53489200
vt 0.25000000 0.00000000
vt 0.25000000 0.53489200
vt 0.26562500 0.00000000
vt 0.26562500 0.53489200
vt 0.28125000 0.00000000
vt 0.28125000 0.53489200
vt 0.29687500 0.00000000
vt 0.29687500 0.53489200
vt 0.31250000 0.00000000
vt 0.31250000 0.53489200
vt 0.32812500 0.00000000
vt 0.32812500 0.53489200
vt 0.34375000 0.00000000
vt 0.34375000 0.53489200
vt 0.35937500 0.00000000
vt 0.35937500 0.53489200
vt 0.37500000 0.00000000
vt 0.37500000 0.53489200
vt 0.39062500 0.00000000
vt 0.39062500 0.53489200
vt 0.40625000 0.00000000
vt 0.40625000 0.53489200
vt 0.42187500 0.00000000
vt 0.42187500 0.53489200
vt 0.43750000 0.00000000
vt 0.43750000 0.53489200
vt 0.45312500 0.00000000
vt 0.45312500 0.53489200
vt 0.46875000 0.00000000
vt 0.46875000 0.53489200
vt 0.48437500 0.00000000
vt 0.48437500 0.53489200
vt 0.50000000 0.00000000
vt 0.50000000 0.53489200
vt 0.51562500 0.00000000
vt 0.51562500 0.53489200
vt 0.53125000 0.00000000
vt 0.53125000 0.53489200
vt 0.54687500 0.00000000
vt 0.54687500 0.53489200
vt 0.56250000 0.00000000
vt 0.56250000 0.53489200
vt 0.57812500 0.00000000
vt 0.57812500 0.53489200
vt 0.59375000 0.00000000
vt 0.59375000 0.53489200
vt 0.60937500 0.00000000
vt 0.60937500 0.53489200
vt 0.62500000 0.00000000
vt 0.62500000 0.53489200
vt 0.64062500 0.00000000
vt 0.64062500 0.53489200
vt 0.65625000 0.00000000
vt 0.65625000 0.53489200
vt 0.67187500 0.00000000
vt 0.67187500 0.53489200
vt 0.68750000 0.00000000
vt 0.68750000 0.53489200
vt 0.70312500 0.00000000
vt 0.70312500 0.53489200
vt 0.71875000 0.00000000
vt 0.71875000 0.53489200
vt 0.73437500 0.00000000
vt 0.73437500 0.53489200
vt 0.75000000 0.00000000
vt 0.75000000 0.53489200
vt 0.76562500 0.00000000
vt 0.76562500 0.53489200
vt 0.78125000 0.00000000
vt 0.78125000 0.53489200
vt 0.79687500 0.00000000
vt 0.79687500 0.53489200
vt 0.81250000 0.00000000
vt 0.81250000 0.53489200
vt 0.82812500 0.00000000
vt 0.82812500 0.53489200
vt 0.84375000 0.00000000
vt 0.84375000 0.53489200
vt 0.85937500 0.00000000
vt 0.85937500 0.53489200
vt 0.87500000 0.00000000
vt 0.87500000 0.53489200
vt 0.89062500 0.00000000
vt 0.89062500 0.53489200
vt 0.90625000 0.00000000
vt 0.90625000 0.53489200
vt 0.92187500 0.00000000
vt 0.92187500 0.53489200
vt 0.93750000 0.00000000
vt 0.93750000 0.53489200
vt 0.95312500 0.00000000
vt 0.95312500 0.53489200
vt 0.96875000 0.00000000
vt 0.96875000 0.53489200
vt 0.98437500 0.00000000
vt 0.98437500 0.53489200
vt 1.00000000 0.00000000
vt 1.00000000 0.53489200
vt 0.00000000 0.76753400
vt 0.00000000 0.76753400
vt 0.00000000 0.76753400
vt 0.00000000 0.76753400
vt 0.00082200 0.79129900
vt 0.00082200 0.79129900
vt 0.00082200 0.79129900
vt 0.00323400 0.81437800
vt 0.00323400 0.81437800
vt 0.00323400 0.81437800
vt 0.00323400 0.81437800
vt 0.00323400 0.81437800
vt 0.00715600 0.83665400
vt 0.00715600 0.83665400
vt 0.00715600 0.83665400
vt 0.01250800 0.85801100
vt 0.01250800 0.85801100
vt 0.01250800 0.85801100
vt 0.01250800 0.85801100
vt 0.01921000 0.87833200
vt 0.01921000 0.87833200
vt 0.01921000 0.87833200
vt 0.01921000 0.87833200
vt 0.02718300 0.89749900
vt 0.02718300 0.89749900
vt 0.02718300 0.89749900
vt 0.03634500 0.91539500
vt 0.03634500 0.91539500
vt 0.03634500 0.91539500
vt 0.03634500 0.91539500
vt 0.04661700 0.93190400
vt 0.04661700 0.93190400
vt 0.04661700 0.93190400
vt 0.04661700 0.93190400
vt 0.04661700 0.93190400
vt 0.05791900 0.94690900
vt 0.05791900 0.94690900
vt 0.05791900 0.94690900
vt 0.05791900 0.94690900
vt 0.07017000 0.96029300
vt 0.07017000 0.96029300
vt 0.07017000 0.96029300
vt 0.07017000 0.96029300
vt 0.08329200 0.97193800
vt 0.08329200 0.97193800
vt 0.08329200 0.97193800
vt 0.08329200 0.97193800
vt 0.08329200 0.97193800
vt 0.09720200 0.98172900
vt 0.09720200 0.98172900
vt 0.09720200 0.98172900
vt 0.09720200 0.98172900
vt 0.11182300 0.98954700
vt 0.11182300 0.98954700
vt 0.11182300 0.98954700
vt 0.12707300 0.99527600
vt 0.12707300 0.99527600
vt 0.12707300 0.99527600
vt 0.12707300 0.99527600
vt 0.12707300 0.99527600
vt 0.14287200 0.99880000
vt 0.14287200 0.99880000
vt 0.14287200 0.99880000
vt 0.14287200 0.99880000
vt 0.14287200 0.99880000
vt 0.15914100 1.00000000
vt 0.15914100 1.00000000
vt 0.15914100 1.00000000
vt 0.15914100 1.00000000
vt 0.15914100 1.00000000
vt 0.17543100 0.99880000
vt 0.17543100 0.99880000
vt 0.17543100 0.99880000
vt 0.17543100 0.99880000
vt 0.19124900 0.99527600
vt 0.19124900 0.99527600
vt 0.19124900 0.99527600
vt 0.19124900 0.99527600
vt 0.20651600 0.98954700
vt 0.20651600 0.98954700
vt 0.20651600 0.98954700
vt 0.22115000 0.98172900
vt 0.22115000 0.98172900
vt 0.22115000 0.98172900
vt 0.22115000 0.98172900
vt 0.23507200 0.97193800
vt 0.23507200 0.97193800
vt 0.23507200 0.97193800
vt 0.23507200 0.97193800
vt 0.24820300 0.96029300
vt 0.24820300 0.96029300
vt 0.24820300 0.96029300
vt 0.24820300 0.96029300
vt 0.26046300 0.94690900
vt 0.26046300 0.94690900
vt 0.26046300 0.94690900
vt 0.26046300 0.94690900
vt 0.27177100 0.93190400
vt 0.27177100 0.93190400
vt 0.27177100 0.93190400
vt 0.27177100 0.93190400
vt 0.28204800 0.91539500
vt 0.28204800 0.91539500
vt 0.28204800 0.91539500
vt 0.29121400 0.89749900
vt 0.29121400 0.89749900
vt 0.29121400 0.89749900
vt 0.29121400 0.89749900
vt 0.29918900 0.87833200
vt 0.29918900 0.87833200
vt 0.29918900 0.87833200
vt 0.29918900 0.87833200
vt 0.30589300 0.85801100
vt 0.30589300 0.85801100
vt 0.30589300 0.85801100
vt 0.30589300 0.85801100
vt 0.31124600 0.83665400
vt 0.31124600 0.83665400
vt 0.31124600 0.83665400
vt 0.31516900 0.81437800
vt 0.31516900 0.81437800
vt 0.31516900 0.81437800
vt 0.31516900 0.81437800
vt 0.31758100 0.79129900
vt 0.31758100 0.79129900
vt 0.31758100 0.79129900
vt 0.31758100 0.79129900
vt 0.31840300 0.76753400
vt 0.31840300 0.76753400
vt 0.31840300 0.76753400
vt 0.31758100 0.74376700
vt 0.31758100 0.74376700
vt 0.31758100 0.74376700
vt 0.31758100 0.74376700
vt 0.31516900 0.72068300
vt 0.31516900 0.72068300
vt 0.31516900 0.72068300
vt 0.31516900 0.72068300
vt 0.31124600 0.69839700
vt 0.31124600 0.69839700
vt 0.31124600 0.69839700
vt 0.30589300 0.67702900
vt 0.30589300 0.67702900
vt 0.30589300 0.67702900
vt 0.30589300 0.67702900
vt 0.29918900 0.65669600
vt 0.29918900 0.65669600
vt 0.29918900 0.65669600
vt 0.29918900 0.65669600
vt 0.29121400 0.63751400
vt 0.29121400 0.63751400
vt 0.29121400 0.63751400
vt 0.29121400 0.63751400
vt 0.28204800 0.61960100
vt 0.28204800 0.61960100
vt 0.28204800 0.61960100
vt 0.27177100 0.60307600
vt 0.27177100 0.60307600
vt 0.27177100 0.60307600
vt 0.26046300 0.58805400
vt 0.26046300 0.58805400
vt 0.26046300 0.58805400
vt 0.24820300 0.57465500
vt 0.24820300 0.57465500
vt 0.24820300 0.57465500
vt 0.23507200 0.56299500
vt 0.23507200 0.56299500
vt 0.23507200 0.56299500
vt 0.23507200 0.56299500
vt 0.22115000 0.55319100
vt 0.22115000 0.55319100
vt 0.22115000 0.55319100
vt 0.22115000 0.55319100
vt 0.20651600 0.54536100
vt 0.20651600 0.54536100
vt 0.20651600 0.54536100
vt 0.19124900 0.53962300
vt 0.19124900 0.53962300
vt 0.19124900 0.53962300
vt 0.19124900 0.53962300
vt 0.17543100 0.53609500
vt 0.17543100 0.53609500
vt 0.17543100 0.53609500
vt 0.15914100 0.53489200
vt 0.15914100 0.53489200
vt 0.15914100 0.53489200
vt 0.15914100 0.53489200
vt 0.15914100 0.53489200
vt 0.14287200 0.53609500
vt 0.14287200 0.53609500
vt 0.14287200 0.53609500
vt 0.14287200 0.53609500
vt 0.12707300 0.53962300
vt 0.12707300 0.53962300
vt 0.12707300 0.53962300
vt 0.12707300 0.53962300
vt 0.11182300 0.54536100
vt 0.11182300 0.54536100
vt 0.11182300 0.54536100
vt 0.09720200 0.55319100
vt 0.09720200 0.55319100
vt 0.09720200 0.55319100
vt 0.09720200 0.55319100
vt 0.08329200 0.56299500
vt 0.08329200 0.56299500
vt 0.08329200 0.56299500
vt 0.08329200 0.56299500
vt 0.07017000 0.57465500
vt 0.07017000 0.57465500
vt 0.07017000 0.57465500
vt 0.07017000 0.57465500
vt 0.07017000 0.57465500
vt 0.05791900 0.58805400
vt 0.05791900 0.58805400
vt 0.05791900 0.58805400
vt 0.05791900 0.58805400
vt 0.04661700 0.60307600
vt 0.04661700 0.60307600
vt 0.04661700 0.60307600
vt 0.04661700 0.60307600
vt 0.03634500 0.61960100
vt 0.03634500 0.61960100
vt 0.03634500 0.61960100
vt 0.02718300 0.63751400
vt 0.02718300 0.63751400
vt 0.02718300 0.63751400
vt 0.01921000 0.65669600
vt 0.01921000 0.65669600
vt 0.01921000 0.65669600
vt 0.01921000 0.65669600
vt 0.01250800 0.67702900
vt 0.01250800 0.67702900
vt 0.01250800 0.67702900
vt 0.01250800 0.67702900
vt 0.00715600 0.69839700
vt 0.00715600 0.69839700
vt 0.00715600 0.69839700
vt 0.00323400 0.72068300
vt 0.00323400 0.72068300
vt 0.00323400 0.72068300
vt 0.00323400 0.72068300
vt 0.00323400 0.72068300
vt 0.00082200 0.74376700
vt 0.00082200 0.74376700
vt 0.00082200 0.74376700
vt 0.00000000 0.76735800
vt 0.00000000 0.76735800
vt 0.00000000 0.76735800
vt 0.00082200 0.74359300
vt 0.00082200 0.74359300
vt 0.00082200 0.74359300
vt 0.00082200 0.74359300
vt 0.00082200 0.74359300
vt 0.00323400 0.72051400
vt 0.00323400 0.72051400
vt 0.00323400 0.72051400
vt 0.00323400 0.72051400
vt 0.00323400 0.72051400
vt 0.00715600 0.69823800
vt 0.00715600 0.69823800
vt 0.00715600 0.69823800
vt 0.01250800 0.67688100
vt 0.01250800 0.67688100
vt 0.01250800 0.67688100
vt 0.01250800 0.67688100
vt 0.01921000 0.65656000
vt 0.01921000 0.65656000
vt 0.01921000 0.65656000
vt 0.01921000 0.65656000
vt 0.01921000 0.65656000
vt 0.02718300 0.63739400
vt 0.02718300 0.63739400
vt 0.02718300 0.63739400
vt 0.02718300 0.63739400
vt 0.03634500 0.61949700
vt 0.03634500 0.61949700
vt 0.03634500 0.61949700
vt 0.03634500 0.61949700
vt 0.04661700 0.60298800
vt 0.04661700 0.60298800
vt 0.04661700 0.60298800
vt 0.05791900 0.58798300
vt 0.05791900 0.58798300
vt 0.05791900 0.58798300
vt 0.07017000 0.57459900
vt 0.07017000 0.57459900
vt 0.07017000 0.57459900
vt 0.08329200 0.56295400
vt 0.08329200 0.56295400
vt 0.08329200 0.56295400
vt 0.09720200 0.55316400
vt 0.09720200 0.55316400
vt 0.09720200 0.55316400
vt 0.09720200 0.55316400
vt 0.11182300 0.54534500
vt 0.11182300 0.54534500
vt 0.11182300 0.54534500
vt 0.12707300 0.53961600
vt 0.12707300 0.53961600
vt 0.12707300 0.53961600
vt 0.12707300 0.53961600
vt 0.14287200 0.53609300
vt 0.14287200 0.53609300
vt 0.14287200 0.53609300
vt 0.15914100 0.53489200
vt 0.15914100 0.53489200
vt 0.15914100 0.53489200
vt 0.15914100 0.53489200
vt 0.17543100 0.53609300
vt 0.17543100 0.53609300
vt 0.17543100 0.53609300
vt 0.17543100 0.53609300
vt 0.17543100 0.53609300
vt 0.17543100 0.53609300
vt 0.19124900 0.53961600
vt 0.19124900 0.53961600
vt 0.19124900 0.53961600
vt 0.19124900 0.53961600
vt 0.19124900 0.53961600
vt 0.20651600 0.54534500
vt 0.20651600 0.54534500
vt 0.20651600 0.54534500
vt 0.22115000 0.55316400
vt 0.22115000 0.55316400
vt 0.22115000 0.55316400
vt 0.22115000 0.55316400
vt 0.23507200 0.56295400
vt 0.23507200 0.56295400
vt 0.23507200 0.56295400
vt 0.23507200 0.56295400
vt 0.23507200 0.56295400
vt 0.24820300 0.57459900
vt 0.24820300 0.57459900
vt 0.24820300 0.57459900
vt 0.24820300 0.57459900
vt 0.26046300 0.58798300
vt 0.26046300 0.58798300
vt 0.26046300 0.58798300
vt 0.26046300 0.58798300
vt 0.26046300 0.58798300
vt 0.27177100 0.60298800
vt 0.27177100 0.60298800
vt 0.27177100 0.60298800
vt 0.27177100 0.60298800
vt 0.28204800 0.61949700
vt 0.28204800 0.61949700
vt 0.28204800 0.61949700
vt 0.28204800 0.61949700
vt 0.29121400 0.63739400
vt 0.29121400 0.63739400
vt 0.29121400 0.63739400
vt 0.29918900 0.65656000
vt 0.29918900 0.65656000
vt 0.29918900 0.65656000
vt 0.30589300 0.67688100
vt 0.30589300 0.67688100
vt 0.30589300 0.67688100
vt 0.31124600 0.69823800
vt 0.31124600 0.69823800
vt 0.31124600 0.69823800
vt 0.31516900 0.72051400
vt 0.31516900 0.72051400
vt 0.31516900 0.72051400
vt 0.31758100 0.74359300
vt 0.31758100 0.74359300
vt 0.31758100 0.74359300
vt 0.31840300 0.76735800
vt 0.31840300 0.76735800
vt 0.31840300 0.76735800
vt 0.31840300 0.76735800
vt 0.31840300 0.76735800
vt 0.31758100 0.79112500
vt 0.31758100 0.79112500
vt 0.31758100 0.79112500
vt 0.31758100 0.79112500
vt 0.31516900 0.81421000
vt 0.31516900 0.81421000
vt 0.31516900 0.81421000
vt 0.31124600 0.83649500
vt 0.31124600 0.83649500
vt 0.31124600 0.83649500
vt 0.30589300 0.85786300
vt 0.30589300 0.85786300
vt 0.30589300 0.85786300
vt 0.29918900 0.87819700
vt 0.29918900 0.87819700
vt 0.29918900 0.87819700
vt 0.29121400 0.89737800
vt 0.29121400 0.89737800
vt 0.29121400 0.89737800
vt 0.29121400 0.89737800
vt 0.29121400 0.89737800
vt 0.28204800 0.91529100
vt 0.28204800 0.91529100
vt 0.28204800 0.91529100
vt 0.28204800 0.91529100
vt 0.27177100 0.93181600
vt 0.27177100 0.93181600
vt 0.27177100 0.93181600
vt 0.27177100 0.93181600
vt 0.26046300 0.94683800
vt 0.26046300 0.94683800
vt 0.26046300 0.94683800
vt 0.26046300 0.94683800
vt 0.24820300 0.96023700
vt 0.24820300 0.96023700
vt 0.24820300 0.96023700
vt 0.24820300 0.96023700
vt 0.23507200 0.97189800
vt 0.23507200 0.97189800
vt 0.23507200 0.97189800
vt 0.23507200 0.97189800
vt 0.22115000 0.98170100
vt 0.22115000 0.98170100
vt 0.22115000 0.98170100
vt 0.22115000 0.98170100
vt 0.20651600 0.98953100
vt 0.20651600 0.98953100
vt 0.20651600 0.98953100
vt 0.19124900 0.99526900
vt 0.19124900 0.99526900
vt 0.19124900 0.99526900
vt 0.19124900 0.99526900
vt 0.19124900 0.99526900
vt 0.17543100 0.99879800
vt 0.17543100 0.99879800
vt 0.17543100 0.99879800
vt 0.17543100 0.99879800
vt 0.17543100 0.99879800
vt 0.15914100 1.00000000
vt 0.15914100 1.00000000
vt 0.15914100 1.00000000
vt 0.15914100 1.00000000
vt 0.14287200 0.99879800
vt 0.14287200 0.99879800
vt 0.14287200 0.99879800
vt 0.14287200 0.99879800
vt 0.12707300 0.99526900
vt 0.12707300 0.99526900
vt 0.12707300 0.99526900
vt 0.12707300 0.99526900
vt 0.11182300 0.98953100
vt 0.11182300 0.98953100
vt 0.11182300 0.98953100
vt 0.09720200 0.98170100
vt 0.09720200 0.98170100
vt 0.09720200 0.98170100
vt 0.09720200 0.98170100
vt 0.08329200 0.97189800
vt 0.08329200 0.97189800
vt 0.08329200 0.97189800
vt 0.07017000 0.96023700
vt 0.07017000 0.96023700
vt 0.07017000 0.96023700
vt 0.07017000 0.96023700
vt 0.05791900 0.94683800
vt 0.05791900 0.94683800
vt 0.05791900 0.94683800
vt 0.04661700 0.93181600
vt 0.04661700 0.93181600
vt 0.04661700 0.93181600
vt 0.04661700 0.93181600
vt 0.03634500 0.91529100
vt 0.03634500 0.91529100
vt 0.03634500 0.91529100
vt 0.02718300 0.89737800
vt 0.02718300 0.89737800
vt 0.02718300 0.89737800
vt 0.01921000 0.87819700
vt 0.01921000 0.87819700
vt 0.01921000 0.87819700
vt 0.01921000 0.87819700
vt 0.01921000 0.87819700
vt 0.01250800 0.85786300
vt 0.01250800 0.85786300
vt 0.01250800 0.85786300
vt 0.01250800 0.85786300
vt 0.00715600 0.83649500
vt 0.00715600 0.83649500
vt 0.00715600 0.83649500
vt 0.00323400 0.81421000
vt 0.00323400 0.81421000
vt 0.00323400 0.81421000
vt 0.00323400 0.81421000
vt 0.00323400 0.81421000
vt 0.00082200 0.79112500
vt 0.00082200 0.79112500
vt 0.00082200 0.79112500
vt 0.00082200 0.79112500
vt 0.00000000 0.00000000
vt 0.00000000 0.53489200
vt 0.01562500 0.00000000
vt 0.01562500 0.53489200
vt 0.03125000 0.00000000
vt 0.03125000 0.53489200
vt 0.04687500 0.00000000
vt 0.04687500 0.53489200
vt 0.06250000 0.00000000
vt 0.06250000 0.53489200
vt 0.07812500 0.00000000
vt 0.07812500 0.53489200
vt 0.09375000 0.00000000
vt 0.09375000 0.53489200
vt 0.10937500 0.00000000
vt 0.10937500 0.53489200
vt 0.12500000 0.00000000
vt 0.12500000 0.53489200
vt 0.14062500 0.00000000
vt 0.14062500 0.53489200
vt 0.15625000 0.00000000
vt 0.15625000 0.53489200
vt 0.17187500 0.00000000
vt 0.17187500 0.53489200
vt 0.18750000 0.00000000
vt 0.18750000 0.53489200
vt 0.20312500 0.00000000
vt 0.20312500 0.53489200
vt 0.21875000 0.00000000
vt 0.21875000 0.53489200
vt 0.23437500 0.00000000
vt 0.23437500 0.53489200
vt 0.25000000 0.00000000
vt 0.25000000 0.53489200
vt 0.26562500 0.00000000
vt 0.26562500 0.53489200
vt 0.28125000 0.00000000
vt 0.28125000 0.53489200
vt 0.29687500 0.00000000
vt 0.29687500 0.53489200
vt 0.31250000 0.00000000
vt 0.31250000 0.53489200
vt 0.32812500 0.00000000
vt 0.32812500 0.53489200
vt 0.34375000 0.00000000
vt 0.34375000 0.53489200
vt 0.35937500 0.00000000
vt 0.35937500 0.53489200
vt 0.37500000 0.00000000
vt 0.37500000 0.53489200
vt 0.39062500 0.00000000
vt 0.39062500 0.53489200
vt 0.40625000 0.00000000
vt 0.40625000 0.53489200
vt 0.42187500 0.00000000
vt 0.42187500 0.53489200
vt 0.43750000 0.00000000
vt 0.43750000 0.53489200
vt 0.45312500 0.00000000
vt 0.45312500 0.53489200
vt 0.46875000 0.00000000
vt 0.46875000 0.53489200
vt 0.48437500 0.00000000
vt 0.48437500 0.53489200
vt 0.50000000 0.00000000
vt 0.50000000 0.53489200
vt 0.51562500 0.00000000
vt 0.51562500 0.53489200
vt 0.53125000 0.00000000
vt 0.53125000 0.53489200
vt 0.54687500 0.00000000
vt 0.54687500 0.53489200
vt 0.56250000 0.00000000
vt 0.56250000 0.53489200
vt 0.57812500 0.00000000
vt 0.57812500 0.53489200
vt 0.59375000 0.00000000
vt 0.59375000 0.53489200
vt 0.60937500 0.00000000
vt 0.60937500 0.53489200
vt 0.62500000 0.00000000
vt 0.62500000 0.53489200
vt 0.64062500 0.00000000
vt 0.64062500 0.53489200
vt 0.65625000 0.00000000
vt 0.65625000 0.53489200
vt 0.67187500 0.00000000
vt 0.67187500 0.53489200
vt 0.68750000 0.00000000
vt 0.68750000 0.53489200
vt 0.70312500 0.00000000
vt 0.70312500 0.53489200
vt 0.71875000 0.00000000
vt 0.71875000 0.53489200
vt 0.73437500 0.00000000
vt 0.73437500 0.53489200
vt 0.75000000 0.00000000
vt 0.75000000 0.53489200
vt 0.76562500 0.00000000
vt 0.76562500 0.53489200
vt 0.78125000 0.00000000
vt 0.78125000 0.53489200
vt 0.79687500 0.00000000
vt 0.79687500 0.53489200
vt 0.81250000 0.00000000
vt 0.81250000 0.53489200
vt 0.82812500 0.00000000
vt 0.82812500 0.53489200
vt 0.84375000 0.00000000
vt 0.84375000 0.53489200
vt 0.85937500 0.00000000
vt 0.85937500 0.53489200
vt 0.87500000 0.00000000
vt 0.87500000 0.53489200
vt 0.89062500 0.00000000
vt 0.89062500 0.53489200
vt 0.90625000 0.00000000
vt 0.90625000 0.53489200
vt 0.92187500 0.00000000
vt 0.92187500 0.53489200
vt 0.93750000 0.00000000
vt 0.93750000 0.53489200
vt 0.95312500 0.00000000
vt 0.95312500 0.53489200
vt 0.96875000 0.00000000
vt 0.96875000 0.53489200
vt 0.98437500 0.00000000
vt 0.98437500 0.53489200
vt 1.00000000 0.00000000
vt 1.00000000 0.53489200
vt 0.00000000 0.76753400
vt 0.00000000 0.76753400
vt 0.00000000 0.76753400
vt 0.00082200 0.79129900
vt 0.00082200 0.79129900
vt 0.00082200 0.79129900
vt 0.00323400 0.81437800
vt 0.00323400 0.81437800
vt 0.00323400 0.81437800
vt 0.00323400 0.81437800
vt 0.00715600 0.83665400
vt 0.00715600 0.83665400
vt 0.00715600 0.83665400
vt 0.01250800 0.85801100
vt 0.01250800 0.85801100
vt 0.01250800 0.85801100
vt 0.01250800 0.85801100
vt 0.01921000 0.87833200
vt 0.01921000 0.87833200
vt 0.01921000 0.87833200
vt 0.01921000 0.87833200
vt 0.02718300 0.89749900
vt 0.02718300 0.89749900
vt 0.02718300 0.89749900
vt 0.03634500 0.91539500
vt 0.03634500 0.91539500
vt 0.03634500 0.91539500
vt 0.04661700 0.93190400
vt 0.04661700 0.93190400
vt 0.04661700 0.93190400
vt 0.04661700 0.93190400
vt 0.05791900 0.94690900
vt 0.05791900 0.94690900
vt 0.05791900 0.94690900
vt 0.05791900 0.94690900
vt 0.07017000 0.96029300
vt 0.07017000 0.96029300
vt 0.07017000 0.96029300
vt 0.07017000 0.96029300
vt 0.08329200 0.97193800
vt 0.08329200 0.97193800
vt 0.08329200 0.97193800
vt 0.08329200 0.97193800
vt 0.08329200 0.97193800
vt 0.09720200 0.98172900
vt 0.09720200 0.98172900
vt 0.09720200 0.98172900
vt 0.09720200 0.98172900
vt 0.11182300 0.98954700
vt 0.11182300 0.98954700
vt 0.11182300 0.98954700
vt 0.12707300 0.99527600
vt 0.12707300 0.99527600
vt 0.12707300 0.99527600
vt 0.12707300 0.99527600
vt 0.12707300 0.99527600
vt 0.14287200 0.99880000
vt 0.14287200 0.99880000
vt 0.14287200 0.99880000
vt 0.14287200 0.99880000
vt 0.15914100 1.00000000
vt 0.15914100 1.00000000
vt 0.15914100 1.00000000
vt 0.15914100 1.00000000
vt 0.15914100 1.00000000
vt 0.17543100 0.99880000
vt 0.17543100 0.99880000
vt 0.17543100 0.99880000
vt 0.17543100 0.99880000
vt 0.19124900 0.99527600
vt 0.19124900 0.99527600
vt 0.19124900 0.99527600
vt 0.19124900 0.99527600
vt 0.19124900 0.99527600
vt 0.20651600 0.98954700
vt 0.20651600 0.98954700
vt 0.20651600 0.98954700
vt 0.22115000 0.98172900
vt 0.22115000 0.98172900
vt 0.22115000 0.98172900
vt 0.22115000 0.98172900
vt 0.23507200 0.97193800
vt 0.23507200 0.97193800
vt 0.23507200 0.97193800
vt 0.23507200 0.97193800
vt 0.24820300 0.96029300
vt 0.24820300 0.96029300
vt 0.24820300 0.96029300
vt 0.24820300 0.96029300
vt 0.26046300 0.94690900
vt 0.26046300 0.94690900
vt 0.26046300 0.94690900
vt 0.26046300 0.94690900
vt 0.26046300 0.94690900
vt 0.27177100 0.93190400
vt 0.27177100 0.93190400
vt 0.27177100 0.93190400
vt 0.27177100 0.93190400
vt 0.28204800 0.91539500
vt 0.28204800 0.91539500
vt 0.28204800 0.91539500
vt 0.28204800 0.91539500
vt 0.28204800 0.91539500
vt 0.29121400 0.89749900
vt 0.29121400 0.89749900
vt 0.29121400 0.89749900
vt 0.29121400 0.89749900
vt 0.29918900 0.87833200
vt 0.29918900 0.87833200
vt 0.29918900 0.87833200
vt 0.30589300 0.85801100
vt 0.30589300 0.85801100
vt 0.30589300 0.85801100
vt 0.31124600 0.83665400
vt 0.31124600 0.83665400
vt 0.31124600 0.83665400
vt 0.31516900 0.81437800
vt 0.31516900 0.81437800
vt 0.31516900 0.81437800
vt 0.31758100 0.79129900
vt 0.31758100 0.79129900
vt 0.31758100 0.79129900
vt 0.31758100 0.79129900
vt 0.31758100 0.79129900
vt 0.31840300 0.76753400
vt 0.31840300 0.76753400
vt 0.31840300 0.76753400
vt 0.31840300 0.76753400
vt 0.31758100 0.74376700
vt 0.31758100 0.74376700
vt 0.31758100 0.74376700
vt 0.31516900 0.72068300
vt 0.31516900 0.72068300
vt 0.31516900 0.72068300
vt 0.31124600 0.69839700
vt 0.31124600 0.69839700
vt 0.31124600 0.69839700
vt 0.30589300 0.67702900
vt 0.30589300 0.67702900
vt 0.30589300 0.67702900
vt 0.29918900 0.65669600
vt 0.29918900 0.65669600
vt 0.29918900 0.65669600
vt 0.29121400 0.63751400
vt 0.29121400 0.63751400
vt 0.29121400 0.63751400
vt 0.28204800 0.61960100
vt 0.28204800 0.61960100
vt 0.28204800 0.61960100
vt 0.27177100 0.60307600
vt 0.27177100 0.60307600
vt 0.27177100 0.60307600
vt 0.27177100 0.60307600
vt 0.27177100 0.60307600
vt 0.26046300 0.58805400
vt 0.26046300 0.58805400
vt 0.26046300 0.58805400
vt 0.26046300 0.58805400
vt 0.24820300 0.57465500
vt 0.24820300 0.57465500
vt 0.24820300 0.57465500
vt 0.24820300 0.57465500
vt 0.23507200 0.56299500
vt 0.23507200 0.56299500
vt 0.23507200 0.56299500
vt 0.23507200 0.56299500
vt 0.23507200 0.56299500
vt 0.22115000 0.55319100
vt 0.22115000 0.55319100
vt 0.22115000 0.55319100
vt 0.22115000 0.55319100
vt 0.20651600 0.54536100
vt 0.20651600 0.54536100
vt 0.20651600 0.54536100
vt 0.19124900 0.53962300
vt 0.19124900 0.53962300
vt 0.19124900 0.53962300
vt 0.19124900 0.53962300
vt 0.19124900 0.53962300
vt 0.17543100 0.53609500
vt 0.17543100 0.53609500
vt 0.17543100 0.53609500
vt 0.17543100 0.53609500
vt 0.15914100 0.53489200
vt 0.15914100 0.53489200
vt 0.15914100 0.53489200
vt 0.15914100 0.53489200
vt 0.14287200 0.53609500
vt 0.14287200 0.53609500
vt 0.14287200 0.53609500
vt 0.14287200 0.53609500
vt 0.12707300 0.53962300
vt 0.12707300 0.53962300
vt 0.12707300 0.53962300
vt 0.12707300 0.53962300
vt 0.12707300 0.53962300
vt 0.11182300 0.54536100
vt 0.11182300 0.54536100
vt 0.11182300 0.54536100
vt 0.09720200 0.55319100
vt 0.09720200 0.55319100
vt 0.09720200 0.55319100
vt 0.09720200 0.55319100
vt 0.08329200 0.56299500
vt 0.08329200 0.56299500
vt 0.08329200 0.56299500
vt 0.08329200 0.56299500
vt 0.08329200 0.56299500
vt 0.07017000 0.57465500
vt 0.07017000 0.57465500
vt 0.07017000 0.57465500
vt 0.07017000 0.57465500
vt 0.05791900 0.58805400
vt 0.05791900 0.58805400
vt 0.05791900 0.58805400
vt 0.05791900 0.58805400
vt 0.04661700 0.60307600
vt 0.04661700 0.60307600
vt 0.04661700 0.60307600
vt 0.04661700 0.60307600
vt 0.04661700 0.60307600
vt 0.03634500 0.61960100
vt 0.03634500 0.61960100
vt 0.03634500 0.61960100
vt 0.03634500 0.61960100
vt 0.02718300 0.63751400
vt 0.02718300 0.63751400
vt 0.02718300 0.63751400
vt 0.01921000 0.65669600
vt 0.01921000 0.65669600
vt 0.01921000 0.65669600
vt 0.01921000 0.65669600
vt 0.01250800 0.67702900
vt 0.01250800 0.67702900
vt 0.01250800 0.67702900
vt 0.01250800 0.67702900
vt 0.00715600 0.69839700
vt 0.00715600 0.69839700
vt 0.00715600 0.69839700
vt 0.00323400 0.72068300
vt 0.00323400 0.72068300
vt 0.00323400 0.72068300
vt 0.00323400 0.72068300
vt 0.00082200 0.74376700
vt 0.00082200 0.74376700
vt 0.00082200 0.74376700
vt 0.00000000 0.76735800
vt 0.00000000 0.76735800
vt 0.00000000 0.76735800
vt 0.00082200 0.74359300
vt 0.00082200 0.74359300
vt 0.00082200 0.74359300
vt 0.00082200 0.74359300
vt 0.00323400 0.72051400
vt 0.00323400 0.72051400
vt 0.00323400 0.72051400
vt 0.00323400 0.72051400
vt 0.00323400 0.72051400
vt 0.00715600 0.69823800
vt 0.00715600 0.69823800
vt 0.00715600 0.69823800
vt 0.01250800 0.67688100
vt 0.01250800 0.67688100
vt 0.01250800 0.67688100
vt 0.01250800 0.67688100
vt 0.01921000 0.65656000
vt 0.01921000 0.65656000
vt 0.01921000 0.65656000
vt 0.01921000 0.65656000
vt 0.01921000 0.65656000
vt 0.02718300 0.63739400
vt 0.02718300 0.63739400
vt 0.02718300 0.63739400
vt 0.02718300 0.63739400
vt 0.03634500 0.61949700
vt 0.03634500 0.61949700
vt 0.03634500 0.61949700
vt 0.04661700 0.60298800
vt 0.04661700 0.60298800
vt 0.04661700 0.60298800
vt 0.05791900 0.58798300
vt 0.05791900 0.58798300
vt 0.05791900 0.58798300
vt 0.07017000 0.57459900
vt 0.07017000 0.57459900
vt 0.07017000 0.57459900
vt 0.08329200 0.56295400
vt 0.08329200 0.56295400
vt 0.08329200 0.56295400
vt 0.08329200 0.56295400
vt 0.09720200 0.55316400
vt 0.09720200 0.55316400
vt 0.09720200 0.55316400
vt 0.09720200 0.55316400
vt 0.11182300 0.54534500
vt 0.11182300 0.54534500
vt 0.11182300 0.54534500
vt 0.12707300 0.53961600
vt 0.12707300 0.53961600
vt 0.12707300 0.53961600
vt 0.12707300 0.53961600
vt 0.12707300 0.53961600
vt 0.14287200 0.53609300
vt 0.14287200 0.53609300
vt 0.14287200 0.53609300
vt 0.14287200 0.53609300
vt 0.15914100 0.53489200
vt 0.15914100 0.53489200
vt 0.15914100 0.53489200
vt 0.17543100 0.53609300
vt 0.17543100 0.53609300
vt 0.17543100 0.53609300
vt 0.17543100 0.53609300
vt 0.17543100 0.53609300
vt 0.19124900 0.53961600
vt 0.19124900 0.53961600
vt 0.19124900 0.53961600
vt 0.19124900 0.53961600
vt 0.19124900 0.53961600
vt 0.20651600 0.54534500
vt 0.20651600 0.54534500
vt 0.20651600 0.54534500
vt 0.22115000 0.55316400
vt 0.22115000 0.55316400
vt 0.22115000 0.55316400
vt 0.22115000 0.55316400
vt 0.23507200 0.56295400
vt 0.23507200 0.56295400
vt 0.23507200 0.56295400
vt 0.23507200 0.56295400
vt 0.23507200 0.56295400
vt 0.24820300 0.57459900
vt 0.24820300 0.57459900
vt 0.24820300 0.57459900
vt 0.24820300 0.57459900
vt 0.26046300 0.58798300
vt 0.26046300 0.58798300
vt 0.26046300 0.58798300
vt 0.26046300 0.58798300
vt 0.27177100 0.60298800
vt 0.27177100 0.60298800
vt 0.27177100 0.60298800
vt 0.28204800 0.61949700
vt 0.28204800 0.61949700
vt 0.28204800 0.61949700
vt 0.28204800 0.61949700
vt 0.29121400 0.63739400
vt 0.29121400 0.63739400
vt 0.29121400 0.63739400
vt 0.29918900 0.65656000
vt 0.29918900 0.65656000
vt 0.29918900 0.65656000
vt 0.30589300 0.67688100
vt 0.30589300 0.67688100
vt 0.30589300 0.67688100
vt 0.30589300 0.67688100
vt 0.31124600 0.69823800
vt 0.31124600 0.69823800
vt 0.31124600 0.69823800
vt 0.31516900 0.72051400
vt 0.31516900 0.72051400
vt 0.31516900 0.72051400
vt 0.31516900 0.72051400
vt 0.31758100 0.74359300
vt 0.31758100 0.74359300
vt 0.31758100 0.74359300
vt 0.31758100 0.74359300
vt 0.31840300 0.76735800
vt 0.31840300 0.76735800
vt 0.31840300 0.76735800
vt 0.31840300 0.76735800
vt 0.31758100 0.79112500
vt 0.31758100 0.79112500
vt 0.31758100 0.79112500
vt 0.31516900 0.81421000
vt 0.31516900 0.81421000
vt 0.31516900 0.81421000
vt 0.31516900 0.81421000
vt 0.31124600 0.83649500
vt 0.31124600 0.83649500
vt 0.31124600 0.83649500
vt 0.30589300 0.85786300
vt 0.30589300 0.85786300
vt 0.30589300 0.85786300
vt 0.30589300 0.85786300
vt 0.29918900 0.87819700
vt 0.29918900 0.87819700
vt 0.29918900 0.87819700
vt 0.29121400 0.89737800
vt 0.29121400 0.89737800
vt 0.29121400 0.89737800
vt 0.28204800 0.91529100
vt 0.28204800 0.91529100
vt 0.28204800 0.91529100
vt 0.27177100 0.93181600
vt 0.27177100 0.93181600
vt 0.27177100 0.93181600
vt 0.26046300 0.94683800
vt 0.26046300 0.94683800
vt 0.26046300 0.94683800
vt 0.26046300 0.94683800
vt 0.24820300 0.96023700
vt 0.24820300 0.96023700
vt 0.24820300 0.96023700
vt 0.24820300 0.96023700
vt 0.23507200 0.97189800
vt 0.23507200 0.97189800
vt 0.23507200 0.97189800
vt 0.23507200 0.97189800
vt 0.23507200 0.97189800
vt 0.22115000 0.98170100
vt 0.22115000 0.98170100
vt 0.22115000 0.98170100
vt 0.22115000 0.98170100
vt 0.20651600 0.98953100
vt 0.20651600 0.98953100
vt 0.20651600 0.98953100
vt 0.19124900 0.99526900
vt 0.19124900 0.99526900
vt 0.19124900 0.99526900
vt 0.19124900 0.99526900
vt 0.19124900 0.99526900
vt 0.17543100 0.99879800
vt 0.17543100 0.99879800
vt 0.17543100 0.99879800
vt 0.17543100 0.99879800
vt 0.17543100 0.99879800
vt 0.15914100 1.00000000
vt 0.15914100 1.00000000
vt 0.15914100 1.00000000
vt 0.15914100 1.00000000
vt 0.15914100 1.00000000
vt 0.14287200 0.99879800
vt 0.14287200 0.99879800
vt 0.14287200 0.99879800
vt 0.14287200 0.99879800
vt 0.14287200 0.99879800
vt 0.12707300 0.99526900
vt 0.12707300 0.99526900
vt 0.12707300 0.99526900
vt 0.12707300 0.99526900
vt 0.12707300 0.99526900
vt 0.11182300 0.98953100
vt 0.11182300 0.98953100
vt 0.11182300 0.98953100
vt 0.09720200 0.98170100
vt 0.09720200 0.98170100
vt 0.09720200 0.98170100
vt 0.09720200 0.98170100
vt 0.08329200 0.97189800
vt 0.08329200 0.97189800
vt 0.08329200 0.97189800
vt 0.08329200 0.97189800
vt 0.07017000 0.96023700
vt 0.07017000 0.96023700
vt 0.07017000 0.96023700
vt 0.07017000 0.96023700
vt 0.07017000 0.96023700
vt 0.05791900 0.94683800
vt 0.05791900 0.94683800
vt 0.05791900 0.94683800
vt 0.05791900 0.94683800
vt 0.04661700 0.93181600
vt 0.04661700 0.93181600
vt 0.04661700 0.93181600
vt 0.03634500 0.91529100
vt 0.03634500 0.91529100
vt 0.03634500 0.91529100
vt 0.02718300 0.89737800
vt 0.02718300 0.89737800
vt 0.02718300 0.89737800
vt 0.02718300 0.89737800
vt 0.01921000 0.87819700
vt 0.01921000 0.87819700
vt 0.01921000 0.87819700
vt 0.01921000 0.87819700
vt 0.01921000 0.87819700
vt 0.01250800 0.85786300
vt 0.01250800 0.85786300
vt 0.01250800 0.85786300
vt 0.01250800 0.85786300
vt 0.00715600 0.83649500
vt 0.00715600 0.83649500
vt 0.00715600 0.83649500
vt 0.00323400 0.81421000
vt 0.00323400 0.81421000
vt 0.00323400 0.81421000
vt 0.00323400 0.81421000
vt 0.00323400 0.81421000
vt 0.00082200 0.79112500
vt 0.00082200 0.79112500
vt 0.00082200 0.79112500
vt 0.00082200 0.79112500
f 1/1/1 3/3/3 4/4/4
f 3/3/3 5/5/5 6/6/6
f 5/5/5 7/7/7 8/8/8
f 7/7/7 9/9/9 10/10/10
f 9/9/9 11/11/11 12/12/12
f 11/11/11 13/13/13 14/14/14
f 13/13/13 15/15/15 16/16/16
f 15/15/15 17/17/17 18/18/18
f 17/17/17 19/19/19 20/20/20
f 19/19/19 21/21/21 22/22/22
f 21/21/21 23/23/23 24/24/24
f 23/23/23 25/25/25 26/26/26
f 25/25/25 27/27/27 28/28/28
f 27/27/27 29/29/29 30/30/30
f 29/29/29 31/31/31 32/32/32
f 31/31/31 33/33/33 34/34/34
f 33/33/33 35/35/35 36/36/36
f 35/35/35 37/37/37 38/38/38
f 37/37/37 39/39/39 40/40/40
f 39/39/39 41/41/41 42/42/42
f 41/41/41 43/43/43 44/44/44
f 43/43/43 45/45/45 46/46/46
f 45/45/45 47/47/47 48/48/48
f 47/47/47 49/49/49 50/50/50
f 49/49/49 51/51/51 52/52/52
f 51/51/51 53/53/53 54/54/54
f 53/53/53 55/55/55 56/56/56
f 55/55/55 57/57/57 58/58/58
f 57/57/57 59/59/59 60/60/60
f 59/59/59 61/61/61 62/62/62
f 61/61/61 63/63/63 64/64/64
f 63/63/63 65/65/65 66/66/66
f 65/65/65 67/67/67 68/68/68
f 67/67/67 69/69/69 70/70/70
f 69/69/69 71/71/71 72/72/72
f 71/71/71 73/73/73 74/74/74
f 73/73/73 75/75/75 76/76/76
f 75/75/75 77/77/77 78/78/78
f 77/77/77 79/79/79 80/80/80
f 79/79/79 81/81/81 82/82/82
f 81/81/81 83/83/83 84/84/84
f 83/83/83 85/85/85 86/86/86
f 85/85/85 87/87/87 88/88/88
f 87/87/87 89/89/89 90/90/90
f 89/89/89 91/91/91 92/92/92
f 91/91/91 93/93/93 94/94/94
f 93/93/93 95/95/95 96/96/96
f 95/95/95 97/97/97 98/98/98
f 97/97/97 99/99/99 100/100/100
f 99/99/99 101/101/101 102/102/102
f 101/101/101 103/103/103 104/104/104
f 103/103/103 105/105/105 106/106/106
f 105/105/105 107/107/107 108/108/108
f 107/107/107 109/109/109 110/110/110
f 109/109/109 111/111/111 112/112/112
f 111/111/111 113/113/113 114/114/114
f 113/113/113 115/115/115 116/116/116
f 115/115/115 117/117/117 118/118/118
f 117/117/117 119/119/119 120/120/120
f 119/119/119 121/121/121 122/122/122
f 121/121/121 123/123/123 124/124/124
f 123/123/123 125/125/125 126/126/126
f 125/125/125 127/127/127 128/128/128
f 127/127/127 129/129/129 130/130/130
f 155/155/155 150/150/150 137/137/137
f 158/158/158 155/155/155 137/137/137
f 158/158/158 137/137/137 131/131/131
f 151/151/151 146/146/146 141/141/141
f 138/138/138 147/147/147 143/143/143
f 137/137/137 150/150/150 139/139/139
f 165/165/165 159/159/159 134/134/134
f 188/188/188 185/185/185 181/181/181
f 191/191/191 186/186/186 176/176/176
f 198/198/198 195/195/195 167/167/167
f 172/172/172 195/195/195 178/178/178
f 174/174/174 189/189/189 182/182/182
f 166/166/166 192/192/192 173/173/173
f 166/166/166 163/163/163 196/196/196
f 198/198/198 162/162/162 131/131/131
f 374/374/374 370/370/370 358/358/358
f 368/368/368 366/366/366 363/363/363
f 356/356/356 131/131/131 374/374/374
f 359/359/359 371/371/371 362/362/362
f 356/356/356 374/374/374 358/358/358
f 356/356/356 352/352/352 131/131/131
f 131/131/131 352/352/352 198/198/198
f 340/340/340 322/322/322 318/318/318
f 339/339/339 336/336/336 319/319/319
f 345/345/345 338/338/338 314/314/314
f 326/326/326 330/330/330 327/327/327
f 334/334/334 332/332/332 325/325/325
f 326/326/326 319/319/319 336/336/336
f 348/348/348 288/288/288 352/352/352
f 318/318/318 347/347/347 346/346/346
f 198/198/198 352/352/352 288/288/288
f 207/207/207 204/204/204 218/218/218
f 207/207/207 213/213/213 209/209/209
f 214/214/214 208/208/208 219/219/219
f 201/201/201 227/227/227 223/223/223
f 228/228/228 227/227/227 197/197/197
f 221/221/221 218/218/218 204/204/204
f 288/288/288 230/230/230 198/198/198
f 238/238/238 234/234/234 255/255/255
f 256/256/256 242/242/242 236/236/236
f 242/242/242 251/251/251 243/243/243
f 241/241/241 255/255/255 253/253/253
f 255/255/255 234/234/234 260/260/260
f 253/253/253 248/248/248 244/244/244
f 230/230/230 260/260/260 234/234/234
f 260/260/260 230/230/230 285/285/285
f 312/312/312 298/298/298 293/293/293
f 293/293/293 291/291/291 312/312/312
f 301/301/301 299/299/299 309/309/309
f 312/312/312 291/291/291 317/317/317
f 298/298/298 312/312/312 308/308/308
f 302/302/302 308/308/308 306/306/306
f 291/291/291 348/348/348 317/317/317
f 268/268/268 273/273/273 271/271/271
f 268/268/268 263/263/263 279/279/279
f 278/278/278 275/275/275 265/265/265
f 288/288/288 285/285/285 230/230/230
f 280/280/280 260/260/260 285/285/285
f 262/262/262 283/283/283 278/278/278
f 291/291/291 288/288/288 348/348/348
f 263/263/263 260/260/260 280/280/280
f 198/198/198 224/224/224 204/204/204
f 403/403/403 381/381/381 399/399/399
f 405/405/405 382/382/382 401/401/401
f 406/406/406 378/378/378 381/381/381
f 396/396/396 385/385/385 395/395/395
f 387/387/387 389/389/389 394/394/394
f 383/383/383 386/386/386 398/398/398
f 409/409/409 378/378/378 406/406/406
f 431/431/431 423/423/423 425/425/425
f 434/434/434 418/418/418 428/428/428
f 435/435/435 413/413/413 434/434/434
f 416/416/416 418/418/418 434/434/434
f 418/418/418 421/421/421 428/428/428
f 413/413/413 416/416/416 434/434/434
f 413/413/413 435/435/435 409/409/409
f 435/435/435 378/378/378 409/409/409
f 616/616/616 603/603/603 612/612/612
f 614/614/614 607/607/607 609/609/609
f 597/597/597 617/617/617 378/378/378
f 600/600/600 604/604/604 613/613/613
f 597/597/597 602/602/602 617/617/617
f 597/597/597 378/378/378 593/593/593
f 378/378/378 435/435/435 593/593/593
f 582/582/582 563/563/563 564/564/564
f 585/585/585 566/566/566 580/580/580
f 586/586/586 560/560/560 585/585/585
f 571/571/571 572/572/572 578/578/578
f 580/580/580 570/570/570 576/576/576
f 570/570/570 580/580/580 566/566/566
f 589/589/589 593/593/593 528/528/528
f 560/560/560 586/586/586 589/589/589
f 435/435/435 528/528/528 593/593/593
f 449/449/449 457/457/457 442/442/442
f 448/448/448 450/450/450 455/455/455
f 453/453/453 461/461/461 447/447/447
f 439/439/439 465/465/465 468/468/468
f 472/472/472 437/437/437 466/466/466
f 464/464/464 444/444/444 458/458/458
f 528/528/528 435/435/435 471/471/471
f 479/479/479 496/496/496 478/478/478
f 496/496/496 479/479/479 482/482/482
f 482/482/482 485/485/485 491/491/491
f 482/482/482 491/491/491 496/496/496
f 496/496/496 497/497/497 478/478/478
f 491/491/491 485/485/485 489/489/489
f 472/472/472 476/476/476 501/501/501
f 497/497/497 523/523/523 471/471/471
f 555/555/555 536/536/536 539/539/539
f 537/537/537 557/557/557 532/532/532
f 545/545/545 554/554/554 539/539/539
f 557/557/557 560/560/560 532/532/532
f 541/541/541 551/551/551 558/558/558
f 543/543/543 548/548/548 553/553/553
f 532/532/532 560/560/560 589/589/589
f 506/506/506 509/509/509 514/514/514
f 506/506/506 515/515/515 503/503/503
f 515/515/515 506/506/506 514/514/514
f 528/528/528 471/471/471 523/523/523
f 519/519/519 524/524/524 501/501/501
f 503/503/503 515/515/515 518/518/518
f 533/533/533 592/592/592 527/527/527
f 505/505/505 522/522/522 499/499/499
f 435/435/435 440/440/440 470/470/470
f 1/1/1 4/4/4 2/2/2
f 3/3/3 6/6/6 4/4/4
f 5/5/5 8/8/8 6/6/6
f 7/7/7 10/10/10 8/8/8
f 9/9/9 12/12/12 10/10/10
f 11/11/11 14/14/14 12/12/12
f 13/13/13 16/16/16 14/14/14
f 15/15/15 18/18/18 16/16/16
f 17/17/17 20/20/20 18/18/18
f 19/19/19 22/22/22 20/20/20
f 21/21/21 24/24/24 22/22/22
f 23/23/23 26/26/26 24/24/24
f 25/25/25 28/28/28 26/26/26
f 27/27/27 30/30/30 28/28/28
f 29/29/29 32/32/32 30/30/30
f 31/31/31 34/34/34 32/32/32
f 33/33/33 36/36/36 34/34/34
f 35/35/35 38/38/38 36/36/36
f 37/37/37 40/40/40 38/38/38
f 39/39/39 42/42/42 40/40/40
f 41/41/41 44/44/44 42/42/42
f 43/43/43 46/46/46 44/44/44
f 45/45/45 48/48/48 46/46/46
f 47/47/47 50/50/50 48/48/48
f 49/49/49 52/52/52 50/50/50
f 51/51/51 54/54/54 52/52/52
f 53/53/53 56/56/56 54/54/54
f 55/55/55 58/58/58 56/56/56
f 57/57/57 60/60/60 58/58/58
f 59/59/59 62/62/62 60/60/60
f 61/61/61 64/64/64 62/62/62
f 63/63/63 66/66/66 64/64/64
f 65/65/65 68/68/68 66/66/66
f 67/67/67 70/70/70 68/68/68
f 69/69/69 72/72/72 70/70/70
f 71/71/71 74/74/74 72/72/72
f 73/73/73 76/76/76 74/74/74
f 75/75/75 78/78/78 76/76/76
f 77/77/77 80/80/80 78/78/78
f 79/79/79 82/82/82 80/80/80
f 81/81/81 84/84/84 82/82/82
f 83/83/83 86/86/86 84/84/84
f 85/85/85 88/88/88 86/86/86
f 87/87/87 90/90/90 88/88/88
f 89/89/89 92/92/92 90/90/90
f 91/91/91 94/94/94 92/92/92
f 93/93/93 96/96/96 94/94/94
f 95/95/95 98/98/98 96/96/96
f 97/97/97 100/100/100 98/98/98
f 99/99/99 102/102/102 100/100/100
f 101/101/101 104/104/104 102/102/102
f 103/103/103 106/106/106 104/104/104
f 105/105/105 108/108/108 106/106/106
f 107/107/107 110/110/110 108/108/108
f 109/109/109 112/112/112 110/110/110
f 111/111/111 114/114/114 112/112/112
f 113/113/113 116/116/116 114/114/114
f 115/115/115 118/118/118 116/116/116
f 117/117/117 120/120/120 118/118/118
f 119/119/119 122/122/122 120/120/120
f 121/121/121 124/124/124 122/122/122
f 123/123/123 126/126/126 124/124/124
f 125/125/125 128/128/128 126/126/126
f 127/127/127 130/130/130 128/128/128
f 620/620/620 623/623/623 622/622/622
f 622/622/622 625/625/625 624/624/624
f 624/624/624 627/627/627 626/626/626
f 626/626/626 629/629/629 628/628/628
f 628/628/628 631/631/631 630/630/630
f 630/630/630 633/633/633 632/632/632
f 632/632/632 635/635/635 634/634/634
f 634/634/634 637/637/637 636/636/636
f 636/636/636 639/639/639 638/638/638
f 638/638/638 641/641/641 640/640/640
f 640/640/640 643/643/643 642/642/642
f 642/642/642 645/645/645 644/644/644
f 644/644/644 647/647/647 646/646/646
f 646/646/646 649/649/649 648/648/648
f 648/648/648 651/651/651 650/650/650
f 650/650/650 653/653/653 652/652/652
f 652/652/652 655/655/655 654/654/654
f 654/654/654 657/657/657 656/656/656
f 656/656/656 659/659/659 658/658/658
f 658/658/658 661/661/661 660/660/660
f 660/660/660 663/663/663 662/662/662
f 662/662/662 665/665/665 664/664/664
f 664/664/664 667/667/667 666/666/666
f 666/666/666 669/669/669 668/668/668
f 668/668/668 671/671/671 670/670/670
f 670/670/670 673/673/673 672/672/672
f 672/672/672 675/675/675 674/674/674
f 674/674/674 677/677/677 676/676/676
f 676/676/676 679/679/679 678/678/678
f 678/678/678 681/681/681 680/680/680
f 680/680/680 683/683/683 682/682/682
f 682/682/682 685/685/685 684/684/684
f 684/684/684 687/687/687 686/686/686
f 686/686/686 689/689/689 688/688/688
f 688/688/688 691/691/691 690/690/690
f 690/690/690 693/693/693 692/692/692
f 692/692/692 695/695/695 694/694/694
f 694/694/694 697/697/697 696/696/696
f 696/696/696 699/699/699 698/698/698
f 698/698/698 701/701/701 700/700/700
f 700/700/700 703/703/703 702/702/702
f 702/702/702 705/705/705 704/704/704
f 704/704/704 707/707/707 706/706/706
f 706/706/706 709/709/709 708/708/708
f 708/708/708 711/711/711 710/710/710
f 710/710/710 713/713/713 712/712/712
f 712/712/712 715/715/715 714/714/714
f 714/714/714 717/717/717 716/716/716
f 716/716/716 719/719/719 718/718/718
f 718/718/718 721/721/721 720/720/720
f 720/720/720 723/723/723 722/722/722
f 722/722/722 725/725/725 724/724/724
f 724/724/724 727/727/727 726/726/726
f 726/726/726 729/729/729 728/728/728
f 728/728/728 731/731/731 730/730/730
f 730/730/730 733/733/733 732/732/732
f 732/732/732 735/735/735 734/734/734
f 734/734/734 737/737/737 736/736/736
f 736/736/736 739/739/739 738/738/738
f 738/738/738 741/741/741 740/740/740
f 740/740/740 743/743/743 742/742/742
f 742/742/742 745/745/745 744/744/744
f 744/744/744 747/747/747 746/746/746
f 746/746/746 749/749/749 748/748/748
f 772/772/772 754/754/754 767/767/767
f 774/774/774 754/754/754 772/772/772
f 774/774/774 751/751/751 754/754/754
f 768/768/768 757/757/757 766/766/766
f 759/759/759 761/761/761 764/764/764
f 754/754/754 759/759/759 767/767/767
f 780/780/780 751/751/751 774/774/774
f 803/803/803 797/797/797 799/799/799
f 807/807/807 789/789/789 802/802/802
f 812/812/812 782/782/782 807/807/807
f 787/787/787 792/792/792 806/806/806
f 793/793/793 794/794/794 801/801/801
f 782/782/782 786/786/786 807/807/807
f 783/783/783 811/811/811 778/778/778
f 812/812/812 751/751/751 780/780/780
f 994/994/994 978/978/978 992/992/992
f 992/992/992 984/984/984 988/988/988
f 975/975/975 994/994/994 751/751/751
f 980/980/980 983/983/983 991/991/991
f 975/975/975 978/978/978 994/994/994
f 975/975/975 751/751/751 974/974/974
f 751/751/751 812/812/812 974/974/974
f 959/959/959 935/935/935 939/939/939
f 958/958/958 938/938/938 954/954/954
f 962/962/962 935/935/935 959/959/959
f 945/945/945 946/946/946 952/952/952
f 957/957/957 941/941/941 949/949/949
f 944/944/944 953/953/953 939/939/939
f 970/970/970 971/971/971 900/900/900
f 933/933/933 963/963/963 968/968/968
f 812/812/812 899/899/899 974/974/974
f 823/823/823 831/831/831 815/815/815
f 822/822/822 824/824/824 827/827/827
f 828/828/828 834/834/834 820/820/820
f 818/818/818 836/836/836 843/843/843
f 845/845/845 810/810/810 839/839/839
f 838/838/838 815/815/815 831/831/831
f 899/899/899 812/812/812 847/847/847
f 856/856/856 873/873/873 851/851/851
f 871/871/871 855/855/855 857/857/857
f 857/857/857 861/861/861 866/866/866
f 857/857/857 866/866/866 871/871/871
f 872/872/872 876/876/876 850/850/850
f 866/866/866 861/861/861 863/863/863
f 847/847/847 848/848/848 874/874/874
f 874/874/874 896/896/896 847/847/847
f 929/929/929 908/908/908 915/915/915
f 909/909/909 931/931/931 904/904/904
f 919/919/919 925/925/925 914/914/914
f 931/931/931 935/935/935 904/904/904
f 913/913/913 926/926/926 931/931/931
f 920/920/920 922/922/922 927/927/927
f 904/904/904 935/935/935 967/967/967
f 882/882/882 884/884/884 889/889/889
f 882/882/882 891/891/891 879/879/879
f 891/891/891 882/882/882 889/889/889
f 899/899/899 847/847/847 896/896/896
f 893/893/893 896/896/896 874/874/874
f 879/879/879 891/891/891 893/893/893
f 907/907/907 968/968/968 903/903/903
f 879/879/879 893/893/893 874/874/874
f 812/812/812 815/815/815 840/840/840
f 1022/1022/1022 1016/1016/1016 1002/1002/1002
f 1026/1026/1026 1021/1021/1021 1001/1001/1001
f 1026/1026/1026 1001/1001/1001 997/997/997
f 1017/1017/1017 1012/1012/1012 1005/1005/1005
f 1004/1004/1004 1013/1013/1013 1009/1009/1009
f 1001/1001/1001 1015/1015/1015 1006/1006/1006
f 1027/1027/1027 1026/1026/1026 997/997/997
f 1048/1048/1048 1044/1044/1044 1041/1041/1041
f 1052/1052/1052 1050/1050/1050 1037/1037/1037
f 1057/1057/1057 1055/1055/1055 1032/1032/1032
f 1034/1034/1034 1055/1055/1055 1039/1039/1039
f 1039/1039/1039 1047/1047/1047 1040/1040/1040
f 1032/1032/1032 1055/1055/1055 1034/1034/1034
f 1032/1032/1032 1027/1027/1027 1057/1057/1057
f 1057/1057/1057 1027/1027/1027 997/997/997
f 1239/1239/1239 1234/1234/1234 1224/1224/1224
f 1238/1238/1238 1231/1231/1231 1227/1227/1227
f 1219/1219/1219 997/997/997 1239/1239/1239
f 1226/1226/1226 1235/1235/1235 1229/1229/1229
f 1218/1218/1218 1241/1241/1241 1222/1222/1222
f 1219/1219/1219 1215/1215/1215 997/997/997
f 997/997/997 1215/1215/1215 1057/1057/1057
f 1205/1205/1205 1185/1185/1185 1178/1178/1178
f 1207/1207/1207 1199/1199/1199 1182/1182/1182
f 1208/1208/1208 1203/1203/1203 1181/1181/1181
f 1191/1191/1191 1198/1198/1198 1193/1193/1193
f 1199/1199/1199 1195/1195/1195 1190/1190/1190
f 1188/1188/1188 1183/1183/1183 1202/1202/1202
f 1214/1214/1214 1146/1146/1146 1215/1215/1215
f 1179/1179/1179 1214/1214/1214 1209/1209/1209
f 1057/1057/1057 1215/1215/1215 1146/1146/1146
f 1064/1064/1064 1063/1063/1063 1080/1080/1080
f 1067/1067/1067 1073/1073/1073 1069/1069/1069
f 1072/1072/1072 1065/1065/1065 1076/1076/1076
f 1060/1060/1060 1086/1086/1086 1084/1084/1084
f 1091/1091/1091 1085/1085/1085 1057/1057/1057
f 1081/1081/1081 1079/1079/1079 1062/1062/1062
f 1146/1146/1146 1091/1091/1091 1057/1057/1057
f 1098/1098/1098 1095/1095/1095 1113/1113/1113
f 1113/1113/1113 1099/1099/1099 1098/1098/1098
f 1099/1099/1099 1111/1111/1111 1105/1105/1105
f 1099/1099/1099 1113/1113/1113 1111/1111/1111
f 1116/1116/1116 1092/1092/1092 1118/1118/1118
f 1109/1109/1109 1108/1108/1108 1103/1103/1103
f 1091/1091/1091 1117/1117/1117 1095/1095/1095
f 1117/1117/1117 1091/1091/1091 1143/1143/1143
f 1176/1176/1176 1158/1158/1158 1153/1153/1153
f 1151/1151/1151 1147/1147/1147 1173/1173/1173
f 1162/1162/1162 1157/1157/1157 1169/1169/1169
f 1175/1175/1175 1148/1148/1148 1179/1179/1179
f 1156/1156/1156 1175/1175/1175 1170/1170/1170
f 1161/1161/1161 1168/1168/1168 1164/1164/1164
f 1148/1148/1148 1214/1214/1214 1179/1179/1179
f 1126/1126/1126 1132/1132/1132 1129/1129/1129
f 1124/1124/1124 1123/1123/1123 1135/1135/1135
f 1135/1135/1135 1131/1131/1131 1124/1124/1124
f 1146/1146/1146 1143/1143/1143 1091/1091/1091
f 1138/1138/1138 1117/1117/1117 1143/1143/1143
f 1123/1123/1123 1138/1138/1138 1135/1135/1135
f 1148/1148/1148 1146/1146/1146 1214/1214/1214
f 1123/1123/1123 1117/1117/1117 1138/1138/1138
f 1057/1057/1057 1085/1085/1085 1063/1063/1063
f 620/620/620 621/621/621 623/623/623
f 622/622/622 623/623/623 625/625/625
f 624/624/624 625/625/625 627/627/627
f 626/626/626 627/627/627 629/629/629
f 628/628/628 629/629/629 631/631/631
f 630/630/630 631/631/631 633/633/633
f 632/632/632 633/633/633 635/635/635
f 634/634/634 635/635/635 637/637/637
f 636/636/636 637/637/637 639/639/639
f 638/638/638 639/639/639 641/641/641
f 640/640/640 641/641/641 643/643/643
f 642/642/642 643/643/643 645/645/645
f 644/644/644 645/645/645 647/647/647
f 646/646/646 647/647/647 649/649/649
f 648/648/648 649/649/649 651/651/651
f 650/650/650 651/651/651 653/653/653
f 652/652/652 653/653/653 655/655/655
f 654/654/654 655/655/655 657/657/657
f 656/656/656 657/657/657 659/659/659
f 658/658/658 659/659/659 661/661/661
f 660/660/660 661/661/661 663/663/663
f 662/662/662 663/663/663 665/665/665
f 664/664/664 665/665/665 667/667/667
f 666/666/666 667/667/667 669/669/669
f 668/668/668 669/669/669 671/671/671
f 670/670/670 671/671/671 673/673/673
f 672/672/672 673/673/673 675/675/675
f 674/674/674 675/675/675 677/677/677
f 676/676/676 677/677/677 679/679/679
f 678/678/678 679/679/679 681/681/681
f 680/680/680 681/681/681 683/683/683
f 682/682/682 683/683/683 685/685/685
f 684/684/684 685/685/685 687/687/687
f 686/686/686 687/687/687 689/689/689
f 688/688/688 689/689/689 691/691/691
f 690/690/690 691/691/691 693/693/693
f 692/692/692 693/693/693 695/695/695
f 694/694/694 695/695/695 697/697/697
f 696/696/696 697/697/697 699/699/699
f 698/698/698 699/699/699 701/701/701
f 700/700/700 701/701/701 703/703/703
f 702/702/702 703/703/703 705/705/705
f 704/704/704 705/705/705 707/707/707
f 706/706/706 707/707/707 709/709/709
f 708/708/708 709/709/709 711/711/711
f 710/710/710 711/711/711 713/713/713
f 712/712/712 713/713/713 715/715/715
f 714/714/714 715/715/715 717/717/717
f 716/716/716 717/717/717 719/719/719
f 718/718/718 719/719/719 721/721/721
f 720/720/720 721/721/721 723/723/723
f 722/722/722 723/723/723 725/725/725
f 724/724/724 725/725/725 727/727/727
f 726/726/726 727/727/727 729/729/729
f 728/728/728 729/729/729 731/731/731
f 730/730/730 731/731/731 733/733/733
f 732/732/732 733/733/733 735/735/735
f 734/734/734 735/735/735 737/737/737
f 736/736/736 737/737/737 739/739/739
f 738/738/738 739/739/739 741/741/741
f 740/740/740 741/741/741 743/743/743
f 742/742/742 743/743/743 745/745/745
f 744/744/744 745/745/745 747/747/747
f 746/746/746 747/747/747 749/749/749
f 3/3/3 1/1/1 620/620/620
f 620/620/620 622/622/622 3/3/3
f 7/7/7 5/5/5 624/624/624
f 624/624/624 626/626/626 7/7/7
f 11/11/11 9/9/9 628/628/628
f 628/628/628 630/630/630 11/11/11
f 15/15/15 13/13/13 632/632/632
f 632/632/632 634/634/634 15/15/15
f 19/19/19 17/17/17 636/636/636
f 636/636/636 638/638/638 19/19/19
f 23/23/23 21/21/21 640/640/640
f 640/640/640 642/642/642 23/23/23
f 27/27/27 25/25/25 644/644/644
f 644/644/644 646/646/646 27/27/27
f 31/31/31 29/29/29 648/648/648
f 648/648/648 650/650/650 31/31/31
f 35/35/35 33/33/33 652/652/652
f 652/652/652 654/654/654 35/35/35
f 39/39/39 37/37/37 656/656/656
f 656/656/656 658/658/658 39/39/39
f 43/43/43 41/41/41 660/660/660
f 660/660/660 662/662/662 43/43/43
f 47/47/47 45/45/45 664/664/664
f 664/664/664 666/666/666 47/47/47
f 51/51/51 49/49/49 668/668/668
f 668/668/668 670/670/670 51/51/51
f 55/55/55 53/53/53 672/672/672
f 672/672/672 674/674/674 55/55/55
f 59/59/59 57/57/57 676/676/676
f 676/676/676 678/678/678 59/59/59
f 63/63/63 61/61/61 680/680/680
f 680/680/680 682/682/682 63/63/63
f 67/67/67 65/65/65 684/684/684
f 684/684/684 686/686/686 67/67/67
f 71/71/71 69/69/69 688/688/688
f 688/688/688 690/690/690 71/71/71
f 75/75/75 73/73/73 692/692/692
f 692/692/692 694/694/694 75/75/75
f 79/79/79 77/77/77 696/696/696
f 696/696/696 698/698/698 79/79/79
f 83/83/83 81/81/81 700/700/700
f 700/700/700 702/702/702 83/83/83
f 87/87/87 85/85/85 704/704/704
f 704/704/704 706/706/706 87/87/87
f 91/91/91 89/89/89 708/708/708
f 708/708/708 710/710/710 91/91/91
f 95/95/95 93/93/93 712/712/712
f 712/712/712 714/714/714 95/95/95
f 99/99/99 97/97/97 716/716/716
f 716/716/716 718/718/718 99/99/99
f 103/103/103 101/101/101 720/720/720
f 720/720/720 722/722/722 103/103/103
f 107/107/107 105/105/105 724/724/724
f 724/724/724 726/726/726 107/107/107
f 111/111/111 109/109/109 728/728/728
f 728/728/728 730/730/730 111/111/111
f 115/115/115 113/113/113 732/732/732
f 732/732/732 734/734/734 115/115/115
f 119/119/119 117/117/117 736/736/736
f 736/736/736 738/738/738 119/119/119
f 123/123/123 121/121/121 740/740/740
f 740/740/740 742/742/742 123/123/123
f 127/127/127 125/125/125 744/744/744
f 744/744/744 746/746/746 127/127/127
f 130/130/130 129/129/129 748/748/748
f 748/748/748 749/749/749 130/130/130
f 142/142/142 145/145/145 762/762/762
f 762/762/762 756/756/756 142/142/142
f 156/156/156 157/157/157 776/776/776
f 776/776/776 773/773/773 156/156/156
f 171/171/171 177/177/177 791/791/791
f 791/791/791 785/785/785 171/171/171
f 190/190/190 193/193/193 808/808/808
f 808/808/808 804/804/804 190/190/190
f 205/205/205 211/211/211 825/825/825
f 825/825/825 819/819/819 205/205/205
f 220/220/220 225/225/225 841/841/841
f 841/841/841 837/837/837 220/220/220
f 1/1/1 2/2/2 621/621/621
f 621/621/621 620/620/620 1/1/1
f 237/237/237 239/239/239 859/859/859
f 859/859/859 853/853/853 237/237/237
f 267/267/267 270/270/270 886/886/886
f 886/886/886 883/883/883 267/267/267
f 282/282/282 284/284/284 897/897/897
f 897/897/897 895/895/895 282/282/282
f 295/295/295 296/296/296 916/916/916
f 916/916/916 911/911/911 295/295/295
f 323/323/323 328/328/328 947/947/947
f 947/947/947 942/942/942 323/323/323
f 342/342/342 343/343/343 964/964/964
f 964/964/964 960/960/960 342/342/342
f 355/355/355 357/357/357 979/979/979
f 979/979/979 977/977/977 355/355/355
f 369/369/369 375/375/375 995/995/995
f 995/995/995 990/990/990 369/369/369
f 391/391/391 384/384/384 1003/1003/1003
f 1003/1003/1003 1008/1008/1008 391/391/391
f 407/407/407 402/402/402 1020/1020/1020
f 1020/1020/1020 1024/1024/1024 407/407/407
f 420/420/420 415/415/415 1033/1033/1033
f 1033/1033/1033 1038/1038/1038 420/420/420
f 432/432/432 429/429/429 1051/1051/1051
f 1051/1051/1051 1053/1053/1053 432/432/432
f 451/451/451 446/446/446 1068/1068/1068
f 1068/1068/1068 1070/1070/1070 451/451/451
f 469/469/469 463/463/463 1083/1083/1083
f 1083/1083/1083 1087/1087/1087 469/469/469
f 483/483/483 481/481/481 1096/1096/1096
f 1096/1096/1096 1100/1100/1100 483/483/483
f 510/510/510 507/507/507 1125/1125/1125
f 1125/1125/1125 1128/1128/1128 510/510/510
f 526/526/526 520/520/520 1140/1140/1140
f 1140/1140/1140 1142/1142/1142 526/526/526
f 542/542/542 538/538/538 1152/1152/1152
f 1152/1152/1152 1159/1159/1159 542/542/542
f 574/574/574 568/568/568 1189/1189/1189
f 1189/1189/1189 1192/1192/1192 574/574/574
f 588/588/588 584/584/584 1204/1204/1204
f 1204/1204/1204 1211/1211/1211 588/588/588
f 307/307/307 313/313/313 930/930/930
f 930/930/930 928/928/928 307/307/307
f 601/601/601 596/596/596 1220/1220/1220
f 1220/1220/1220 1225/1225/1225 601/601/601
f 250/250/250 257/257/257 869/869/869
f 869/869/869 867/867/867 250/250/250
f 618/618/618 615/615/615 1237/1237/1237
f 1237/1237/1237 1240/1240/1240 618/618/618
f 2/2/2 4/4/4 623/623/623
f 623/623/623 621/621/621 2/2/2
f 10/10/10 12/12/12 631/631/631
f 631/631/631 629/629/629 10/10/10
f 14/14/14 16/16/16 635/635/635
f 635/635/635 633/633/633 14/14/14
f 18/18/18 20/20/20 639/639/639
f 639/639/639 637/637/637 18/18/18
f 22/22/22 24/24/24 643/643/643
f 643/643/643 641/641/641 22/22/22
f 26/26/26 28/28/28 647/647/647
f 647/647/647 645/645/645 26/26/26
f 30/30/30 32/32/32 651/651/651
f 651/651/651 649/649/649 30/30/30
f 34/34/34 36/36/36 655/655/655
f 655/655/655 653/653/653 34/34/34
f 38/38/38 40/40/40 659/659/659
f 659/659/659 657/657/657 38/38/38
f 42/42/42 44/44/44 663/663/663
f 663/663/663 661/661/661 42/42/42
f 46/46/46 48/48/48 667/667/667
f 667/667/667 665/665/665 46/46/46
f 50/50/50 52/52/52 671/671/671
f 671/671/671 669/669/669 50/50/50
f 54/54/54 56/56/56 675/675/675
f 675/675/675 673/673/673 54/54/54
f 58/58/58 60/60/60 679/679/679
f 679/679/679 677/677/677 58/58/58
f 62/62/62 64/64/64 683/683/683
f 683/683/683 681/681/681 62/62/62
f 66/66/66 68/68/68 687/687/687
f 687/687/687 685/685/685 66/66/66
f 70/70/70 72/72/72 691/691/691
f 691/691/691 689/689/689 70/70/70
f 74/74/74 76/76/76 695/695/695
f 695/695/695 693/693/693 74/74/74
f 6/6/6 8/8/8 627/627/627
f 627/627/627 625/625/625 6/6/6
f 124/124/124 126/126/126 745/745/745
f 745/745/745 743/743/743 124/124/124
f 78/78/78 80/80/80 699/699/699
f 699/699/699 697/697/697 78/78/78
f 82/82/82 84/84/84 703/703/703
f 703/703/703 701/701/701 82/82/82
f 86/86/86 88/88/88 707/707/707
f 707/707/707 705/705/705 86/86/86
f 90/90/90 92/92/92 711/711/711
f 711/711/711 709/709/709 90/90/90
f 94/94/94 96/96/96 715/715/715
f 715/715/715 713/713/713 94/94/94
f 98/98/98 100/100/100 719/719/719
f 719/719/719 717/717/717 98/98/98
f 102/102/102 104/104/104 723/723/723
f 723/723/723 721/721/721 102/102/102
f 106/106/106 108/108/108 727/727/727
f 727/727/727 725/725/725 106/106/106
f 559/559/559 552/552/552 1167/1167/1167
f 1167/1167/1167 1172/1172/1172 559/559/559
f 110/110/110 112/112/112 731/731/731
f 731/731/731 729/729/729 110/110/110
f 114/114/114 116/116/116 735/735/735
f 735/735/735 733/733/733 114/114/114
f 118/118/118 120/120/120 739/739/739
f 739/739/739 737/737/737 118/118/118
f 122/122/122 124/124/124 743/743/743
f 743/743/743 741/741/741 122/122/122
f 144/144/144 149/149/149 763/763/763
f 763/763/763 760/760/760 144/144/144
f 160/160/160 161/161/161 777/777/777
f 777/777/777 775/775/775 160/160/160
f 175/175/175 179/179/179 796/796/796
f 796/796/796 790/790/790 175/175/175
f 194/194/194 200/200/200 813/813/813
f 813/813/813 809/809/809 194/194/194
f 210/210/210 215/215/215 829/829/829
f 829/829/829 826/826/826 210/210/210
f 226/226/226 231/231/231 844/844/844
f 844/844/844 842/842/842 226/226/226
f 240/240/240 245/245/245 862/862/862
f 862/862/862 858/858/858 240/240/240
f 254/254/254 258/258/258 877/877/877
f 877/877/877 870/870/870 254/254/254
f 269/269/269 272/272/272 887/887/887
f 887/887/887 885/885/885 269/269/269
f 286/286/286 289/289/289 901/901/901
f 901/901/901 898/898/898 286/286/286
f 297/297/297 303/303/303 917/917/917
f 917/917/917 912/912/912 297/297/297
f 311/311/311 316/316/316 936/936/936
f 936/936/936 932/932/932 311/311/311
f 329/329/329 333/333/333 950/950/950
f 950/950/950 948/948/948 329/329/329
f 344/344/344 350/350/350 969/969/969
f 969/969/969 965/965/965 344/344/344
f 360/360/360 364/364/364 985/985/985
f 985/985/985 981/981/981 360/360/360
f 393/393/393 390/390/390 1010/1010/1010
f 1010/1010/1010 1014/1014/1014 393/393/393
f 410/410/410 408/408/408 1025/1025/1025
f 1025/1025/1025 1029/1029/1029 410/410/410
f 422/422/422 419/419/419 1036/1036/1036
f 1036/1036/1036 1043/1043/1043 422/422/422
f 438/438/438 433/433/433 1054/1054/1054
f 1054/1054/1054 1056/1056/1056 438/438/438
f 454/454/454 452/452/452 1071/1071/1071
f 1071/1071/1071 1075/1075/1075 454/454/454
f 473/473/473 467/467/467 1088/1088/1088
f 1088/1088/1088 1090/1090/1090 473/473/473
f 335/335/335 341/341/341 961/961/961
f 961/961/961 956/956/956 335/335/335
f 487/487/487 484/484/484 1101/1101/1101
f 1101/1101/1101 1102/1102/1102 487/487/487
f 500/500/500 495/495/495 1114/1114/1114
f 1114/1114/1114 1120/1120/1120 500/500/500
f 152/152/152 154/154/154 771/771/771
f 771/771/771 769/769/769 152/152/152
f 512/512/512 511/511/511 1130/1130/1130
f 1130/1130/1130 1134/1134/1134 512/512/512
f 530/530/530 525/525/525 1141/1141/1141
f 1141/1141/1141 1144/1144/1144 530/530/530
f 544/544/544 540/540/540 1155/1155/1155
f 1155/1155/1155 1160/1160/1160 544/544/544
f 534/534/534 529/529/529 1145/1145/1145
f 1145/1145/1145 1149/1149/1149 534/534/534
f 562/562/562 556/556/556 1174/1174/1174
f 1174/1174/1174 1177/1177/1177 562/562/562
f 575/575/575 573/573/573 1194/1194/1194
f 1194/1194/1194 1197/1197/1197 575/575/575
f 462/462/462 459/459/459 1078/1078/1078
f 1078/1078/1078 1082/1082/1082 462/462/462
f 595/595/595 590/590/590 1213/1213/1213
f 1213/1213/1213 1217/1217/1217 595/595/595
f 605/605/605 599/599/599 1223/1223/1223
f 1223/1223/1223 1230/1230/1230 605/605/605
f 611/611/611 610/610/610 1232/1232/1232
f 1232/1232/1232 1236/1236/1236 611/611/611
f 5/5/5 3/3/3 622/622/622
f 622/622/622 624/624/624 5/5/5
f 9/9/9 7/7/7 626/626/626
f 626/626/626 628/628/628 9/9/9
f 13/13/13 11/11/11 630/630/630
f 630/630/630 632/632/632 13/13/13
f 17/17/17 15/15/15 634/634/634
f 634/634/634 636/636/636 17/17/17
f 21/21/21 19/19/19 638/638/638
f 638/638/638 640/640/640 21/21/21
f 25/25/25 23/23/23 642/642/642
f 642/642/642 644/644/644 25/25/25
f 29/29/29 27/27/27 646/646/646
f 646/646/646 648/648/648 29/29/29
f 33/33/33 31/31/31 650/650/650
f 650/650/650 652/652/652 33/33/33
f 37/37/37 35/35/35 654/654/654
f 654/654/654 656/656/656 37/37/37
f 41/41/41 39/39/39 658/658/658
f 658/658/658 660/660/660 41/41/41
f 45/45/45 43/43/43 662/662/662
f 662/662/662 664/664/664 45/45/45
f 49/49/49 47/47/47 666/666/666
f 666/666/666 668/668/668 49/49/49
f 53/53/53 51/51/51 670/670/670
f 670/670/670 672/672/672 53/53/53
f 583/583/583 581/581/581 1200/1200/1200
f 1200/1200/1200 1206/1206/1206 583/583/583
f 57/57/57 55/55/55 674/674/674
f 674/674/674 676/676/676 57/57/57
f 61/61/61 59/59/59 678/678/678
f 678/678/678 680/680/680 61/61/61
f 65/65/65 63/63/63 682/682/682
f 682/682/682 684/684/684 65/65/65
f 69/69/69 67/67/67 686/686/686
f 686/686/686 688/688/688 69/69/69
f 73/73/73 71/71/71 690/690/690
f 690/690/690 692/692/692 73/73/73
f 77/77/77 75/75/75 694/694/694
f 694/694/694 696/696/696 77/77/77
f 81/81/81 79/79/79 698/698/698
f 698/698/698 700/700/700 81/81/81
f 85/85/85 83/83/83 702/702/702
f 702/702/702 704/704/704 85/85/85
f 89/89/89 87/87/87 706/706/706
f 706/706/706 708/708/708 89/89/89
f 93/93/93 91/91/91 710/710/710
f 710/710/710 712/712/712 93/93/93
f 97/97/97 95/95/95 714/714/714
f 714/714/714 716/716/716 97/97/97
f 101/101/101 99/99/99 718/718/718
f 718/718/718 720/720/720 101/101/101
f 105/105/105 103/103/103 722/722/722
f 722/722/722 724/724/724 105/105/105
f 109/109/109 107/107/107 726/726/726
f 726/726/726 728/728/728 109/109/109
f 113/113/113 111/111/111 730/730/730
f 730/730/730 732/732/732 113/113/113
f 117/117/117 115/115/115 734/734/734
f 734/734/734 736/736/736 117/117/117
f 121/121/121 119/119/119 738/738/738
f 738/738/738 740/740/740 121/121/121
f 125/125/125 123/123/123 742/742/742
f 742/742/742 744/744/744 125/125/125
f 129/129/129 127/127/127 746/746/746
f 746/746/746 748/748/748 129/129/129
f 132/132/132 135/135/135 753/753/753
f 753/753/753 752/752/752 132/132/132
f 148/148/148 153/153/153 770/770/770
f 770/770/770 765/765/765 148/148/148
f 164/164/164 169/169/169 781/781/781
f 781/781/781 779/779/779 164/164/164
f 108/108/108 110/110/110 729/729/729
f 729/729/729 727/727/727 108/108/108
f 180/180/180 184/184/184 800/800/800
f 800/800/800 795/795/795 180/180/180
f 199/199/199 203/203/203 816/816/816
f 816/816/816 814/814/814 199/199/199
f 212/212/212 216/216/216 832/832/832
f 832/832/832 830/830/830 212/212/212
f 229/229/229 233/233/233 849/849/849
f 849/849/849 846/846/846 229/229/229
f 246/246/246 247/247/247 864/864/864
f 864/864/864 860/860/860 246/246/246
f 259/259/259 264/264/264 880/880/880
f 880/880/880 875/875/875 259/259/259
f 274/274/274 277/277/277 890/890/890
f 890/890/890 888/888/888 274/274/274
f 287/287/287 290/290/290 905/905/905
f 905/905/905 902/902/902 287/287/287
f 300/300/300 304/304/304 921/921/921
f 921/921/921 918/918/918 300/300/300
f 315/315/315 321/321/321 940/940/940
f 940/940/940 934/934/934 315/315/315
f 217/217/217 222/222/222 835/835/835
f 835/835/835 833/833/833 217/217/217
f 331/331/331 337/337/337 955/955/955
f 955/955/955 951/951/951 331/331/331
f 361/361/361 365/365/365 987/987/987
f 987/987/987 982/982/982 361/361/361
f 373/373/373 133/133/133 750/750/750
f 750/750/750 993/993/993 373/373/373
f 379/379/379 377/377/377 996/996/996
f 996/996/996 999/999/999 379/379/379
f 397/397/397 392/392/392 1011/1011/1011
f 1011/1011/1011 1018/1018/1018 397/397/397
f 521/521/521 517/517/517 1136/1136/1136
f 1136/1136/1136 1139/1139/1139 521/521/521
f 414/414/414 411/411/411 1028/1028/1028
f 1028/1028/1028 1031/1031/1031 414/414/414
f 426/426/426 424/424/424 1042/1042/1042
f 1042/1042/1042 1045/1045/1045 426/426/426
f 441/441/441 436/436/436 1058/1058/1058
f 1058/1058/1058 1059/1059/1059 441/441/441
f 460/460/460 456/456/456 1074/1074/1074
f 1074/1074/1074 1077/1077/1077 460/460/460
f 477/477/477 474/474/474 1089/1089/1089
f 1089/1089/1089 1094/1094/1094 477/477/477
f 490/490/490 486/486/486 1104/1104/1104
f 1104/1104/1104 1106/1106/1106 490/490/490
f 504/504/504 498/498/498 1119/1119/1119
f 1119/1119/1119 1121/1121/1121 504/504/504
f 516/516/516 513/513/513 1133/1133/1133
f 1133/1133/1133 1137/1137/1137 516/516/516
f 547/547/547 546/546/546 1163/1163/1163
f 1163/1163/1163 1165/1165/1165 547/547/547
f 567/567/567 561/561/561 1180/1180/1180
f 1180/1180/1180 1184/1184/1184 567/567/567
f 579/579/579 577/577/577 1196/1196/1196
f 1196/1196/1196 1201/1201/1201 579/579/579
f 608/608/608 606/606/606 1228/1228/1228
f 1228/1228/1228 1233/1233/1233 608/608/608
f 376/376/376 619/619/619 1242/1242/1242
f 1242/1242/1242 998/998/998 376/376/376
f 4/4/4 6/6/6 625/625/625
f 625/625/625 623/623/623 4/4/4
f 8/8/8 10/10/10 629/629/629
f 629/629/629 627/627/627 8/8/8
f 12/12/12 14/14/14 633/633/633
f 633/633/633 631/631/631 12/12/12
f 16/16/16 18/18/18 637/637/637
f 637/637/637 635/635/635 16/16/16
f 20/20/20 22/22/22 641/641/641
f 641/641/641 639/639/639 20/20/20
f 24/24/24 26/26/26 645/645/645
f 645/645/645 643/643/643 24/24/24
f 28/28/28 30/30/30 649/649/649
f 649/649/649 647/647/647 28/28/28
f 32/32/32 34/34/34 653/653/653
f 653/653/653 651/651/651 32/32/32
f 36/36/36 38/38/38 657/657/657
f 657/657/657 655/655/655 36/36/36
f 40/40/40 42/42/42 661/661/661
f 661/661/661 659/659/659 40/40/40
f 44/44/44 46/46/46 665/665/665
f 665/665/665 663/663/663 44/44/44
f 48/48/48 50/50/50 669/669/669
f 669/669/669 667/667/667 48/48/48
f 52/52/52 54/54/54 673/673/673
f 673/673/673 671/671/671 52/52/52
f 56/56/56 58/58/58 677/677/677
f 677/677/677 675/675/675 56/56/56
f 60/60/60 62/62/62 681/681/681
f 681/681/681 679/679/679 60/60/60
f 64/64/64 66/66/66 685/685/685
f 685/685/685 683/683/683 64/64/64
f 68/68/68 70/70/70 689/689/689
f 689/689/689 687/687/687 68/68/68
f 72/72/72 74/74/74 693/693/693
f 693/693/693 691/691/691 72/72/72
f 76/76/76 78/78/78 697/697/697
f 697/697/697 695/695/695 76/76/76
f 80/80/80 82/82/82 701/701/701
f 701/701/701 699/699/699 80/80/80
f 84/84/84 86/86/86 705/705/705
f 705/705/705 703/703/703 84/84/84
f 88/88/88 90/90/90 709/709/709
f 709/709/709 707/707/707 88/88/88
f 92/92/92 94/94/94 713/713/713
f 713/713/713 711/711/711 92/92/92
f 96/96/96 98/98/98 717/717/717
f 717/717/717 715/715/715 96/96/96
f 100/100/100 102/102/102 721/721/721
f 721/721/721 719/719/719 100/100/100
f 126/126/126 128/128/128 747/747/747
f 747/747/747 745/745/745 126/126/126
f 104/104/104 106/106/106 725/725/725
f 725/725/725 723/723/723 104/104/104
f 494/494/494 492/492/492 1112/1112/1112
f 1112/1112/1112 1115/1115/1115 494/494/494
f 112/112/112 114/114/114 733/733/733
f 733/733/733 731/731/731 112/112/112
f 116/116/116 118/118/118 737/737/737
f 737/737/737 735/735/735 116/116/116
f 120/120/120 122/122/122 741/741/741
f 741/741/741 739/739/739 120/120/120
f 349/349/349 353/353/353 972/972/972
f 972/972/972 966/966/966 349/349/349
f 128/128/128 130/130/130 749/749/749
f 749/749/749 747/747/747 128/128/128
f 136/136/136 140/140/140 758/758/758
f 758/758/758 755/755/755 136/136/136
f 276/276/276 281/281/281 894/894/894
f 894/894/894 892/892/892 276/276/276
f 168/168/168 170/170/170 788/788/788
f 788/788/788 784/784/784 168/168/168
f 183/183/183 187/187/187 805/805/805
f 805/805/805 798/798/798 183/183/183
f 202/202/202 206/206/206 821/821/821
f 821/821/821 817/817/817 202/202/202
f 232/232/232 235/235/235 854/854/854
f 854/854/854 852/852/852 232/232/232
f 591/591/591 587/587/587 1210/1210/1210
f 1210/1210/1210 1212/1212/1212 591/591/591
f 249/249/249 252/252/252 868/868/868
f 868/868/868 865/865/865 249/249/249
f 261/261/261 266/266/266 881/881/881
f 881/881/881 878/878/878 261/261/261
f 292/292/292 294/294/294 910/910/910
f 910/910/910 906/906/906 292/292/292
f 305/305/305 310/310/310 924/924/924
f 924/924/924 923/923/923 305/305/305
f 320/320/320 324/324/324 943/943/943
f 943/943/943 937/937/937 320/320/320
f 351/351/351 354/354/354 976/976/976
f 976/976/976 973/973/973 351/351/351
f 367/367/367 372/372/372 989/989/989
f 989/989/989 986/986/986 367/367/367
f 388/388/388 380/380/380 1000/1000/1000
f 1000/1000/1000 1007/1007/1007 388/388/388
f 404/404/404 400/400/400 1019/1019/1019
f 1019/1019/1019 1023/1023/1023 404/404/404
f 417/417/417 412/412/412 1030/1030/1030
f 1030/1030/1030 1035/1035/1035 417/417/417
f 430/430/430 427/427/427 1046/1046/1046
f 1046/1046/1046 1049/1049/1049 430/430/430
f 445/445/445 443/443/443 1061/1061/1061
f 1061/1061/1061 1066/1066/1066 445/445/445
f 480/480/480 475/475/475 1093/1093/1093
f 1093/1093/1093 1097/1097/1097 480/480/480
f 493/493/493 488/488/488 1107/1107/1107
f 1107/1107/1107 1110/1110/1110 493/493/493
f 508/508/508 502/502/502 1122/1122/1122
f 1122/1122/1122 1127/1127/1127 508/508/508
f 535/535/535 531/531/531 1150/1150/1150
f 1150/1150/1150 1154/1154/1154 535/535/535
f 550/550/550 549/549/549 1166/1166/1166
f 1166/1166/1166 1171/1171/1171 550/550/550
f 569/569/569 565/565/565 1186/1186/1186
f 1186/1186/1186 1187/1187/1187 569/569/569
f 598/598/598 594/594/594 1216/1216/1216
f 1216/1216/1216 1221/1221/1221 598/598/598

