mtllib material.mtl
usemtl Material-塑胶__3_.002
v -0.10642100 -0.10366900 0.04645000
v -0.10642100 -0.10366900 0.04645000
v -0.10642100 -0.10366900 0.04645000
v -0.10642100 -0.10366900 0.04645000
v -0.10642600 -0.10305200 0.04775700
v -0.10642600 -0.10305200 0.04775700
v -0.10642600 -0.10305200 0.04775700
v -0.10642600 -0.10305200 0.04775700
v -0.10642600 -0.10305200 0.04775700
v -0.10648200 -0.10358300 0.04661600
v -0.10648200 -0.10358300 0.04661600
v -0.10601100 -0.10211400 0.04978600
v -0.10601100 -0.10211400 0.04978600
v -0.10601100 -0.10211400 0.04978600
v -0.10601100 -0.10211400 0.04978600
v -0.10611400 -0.10217500 0.04963000
v -0.10611400 -0.10217500 0.04963000
v 0.10639500 -0.10332100 0.04719700
v 0.10639500 -0.10332100 0.04719700
v 0.10367300 -0.10364900 0.04649200
v 0.10367300 -0.10364900 0.04649200
v 0.10646500 -0.10357300 0.04665600
v 0.10646500 -0.10357300 0.04665600
v 0.10633400 -0.10295600 0.04797900
v 0.10633400 -0.10295600 0.04797900
v 0.10379400 -0.10293600 0.04802300
v 0.10379400 -0.10293600 0.04802300
v 0.10601400 -0.10208600 0.04984500
v 0.10601400 -0.10208600 0.04984500
v 0.10601400 -0.10208600 0.04984500
v 0.10589100 -0.10178800 0.05045600
v 0.10568100 -0.10149200 0.05111600
v 0.10568100 -0.10149200 0.05111600
v 0.10568100 -0.10149200 0.05111600
v 0.10568100 -0.10149200 0.05111600
v 0.10272100 -0.10085100 0.05249300
v 0.10272100 -0.10085100 0.05249300
v 0.10272100 -0.10085100 0.05249300
v 0.10331300 -0.10152200 0.05105400
v 0.10331300 -0.10152200 0.05105400
v 0.10331300 -0.10152200 0.05105400
v 0.10530900 -0.10105500 0.05205600
v 0.10530900 -0.10105500 0.05205600
v 0.10530900 -0.10105500 0.05205600
v 0.10530900 -0.10105500 0.05205600
v 0.10530900 -0.10105500 0.05205600
v 0.10530900 -0.10105500 0.05205600
v 0.09834100 -0.09871500 0.05707400
v 0.09969700 -0.09914400 0.05615400
v 0.09969700 -0.09914400 0.05615400
v 0.10264400 -0.09912600 0.05619100
v 0.10264400 -0.09912600 0.05619100
v 0.10264400 -0.09912600 0.05619100
v 0.10264400 -0.09912600 0.05619100
v 0.10264400 -0.09912600 0.05619100
v -0.09189800 -0.09695600 0.06084700
v -0.09189800 -0.09695600 0.06084700
v -0.09189800 -0.09695600 0.06084700
v -0.09189800 -0.09695600 0.06084700
v -0.09189800 -0.09695600 0.06084700
v -0.09189800 -0.09695600 0.06084700
v 0.08857900 -0.09812200 0.05834600
v 0.08857900 -0.09812200 0.05834600
v 0.09023400 -0.09797000 0.05867200
v 0.09023400 -0.09797000 0.05867200
v 0.09192300 -0.09791900 0.05878200
v 0.09192300 -0.09791900 0.05878200
v 0.09192300 -0.09791900 0.05878200
v 0.09935600 -0.09788700 0.05884900
v 0.09935600 -0.09788700 0.05884900
v 0.09935600 -0.09788700 0.05884900
v 0.09935600 -0.09788700 0.05884900
v 0.09687400 -0.09734000 0.06002300
v 0.09687400 -0.09734000 0.06002300
v 0.09647200 -0.09722100 0.06020400
v 0.09602800 -0.09721100 0.06030000
v 0.09602800 -0.09721100 0.06030000
v 0.09602800 -0.09721100 0.06030000
v 0.09602800 -0.09721100 0.06030000
v 0.09216500 -0.09695600 0.06084700
v 0.09216500 -0.09695600 0.06084700
v 0.09330300 -0.09696300 0.06082500
v 0.09330300 -0.09696300 0.06082500
v 0.09330300 -0.09696300 0.06082500
v -0.10433200 -0.10017000 0.05395400
v -0.10433200 -0.10017000 0.05395400
v -0.10433200 -0.10017000 0.05395400
v -0.10433200 -0.10017000 0.05395400
v -0.10433200 -0.10017000 0.05395400
v -0.10433200 -0.10017000 0.05395400
v -0.10433200 -0.10017000 0.05395400
v -0.10555700 -0.10132500 0.05146700
v -0.10555700 -0.10132500 0.05146700
v -0.10555700 -0.10132500 0.05146700
v -0.10334200 -0.09950100 0.05537500
v -0.10334200 -0.09950100 0.05537500
v -0.10334200 -0.09950100 0.05537500
v -0.10342900 -0.09947900 0.05534900
v -0.10342900 -0.09947900 0.05534900
v -0.10342900 -0.09947900 0.05534900
v -0.10154100 -0.09863000 0.05725700
v -0.10154100 -0.09863000 0.05725700
v -0.10154100 -0.09863000 0.05725700
v -0.10154100 -0.09863000 0.05725700
v -0.10189200 -0.09870700 0.05701400
v -0.10189200 -0.09870700 0.05701400
v -0.10277300 -0.09919000 0.05604900
v -0.10277300 -0.09919000 0.05604900
v -0.10277300 -0.09919000 0.05604900
v -0.10277300 -0.09919000 0.05604900
v -0.10277300 -0.09919000 0.05604900
v -0.10277300 -0.09919000 0.05604900
v -0.10051300 -0.09818200 0.05814700
v -0.10051300 -0.09818200 0.05814700
v -0.10051300 -0.09818200 0.05814700
v -0.10121400 -0.09843200 0.05760600
v -0.10121400 -0.09843200 0.05760600
v -0.09816300 -0.09758900 0.05948900
v -0.09816300 -0.09758900 0.05948900
v -0.09816300 -0.09758900 0.05948900
v -0.09816300 -0.09758900 0.05948900
v -0.09816300 -0.09758900 0.05948900
v -0.09816300 -0.09758900 0.05948900
v -0.10010800 -0.09810400 0.05837600
v -0.10010800 -0.09810400 0.05837600
v -0.09646400 -0.09727400 0.06016300
v -0.09646400 -0.09727400 0.06016300
v -0.09646400 -0.09727400 0.06016300
v -0.09646400 -0.09727400 0.06016300
v -0.09646400 -0.09727400 0.06016300
v -0.09646400 -0.09727400 0.06016300
v -0.09423900 -0.09701900 0.06070600
v -0.09423900 -0.09701900 0.06070600
v -0.09423900 -0.09701900 0.06070600
v -0.09469800 -0.09701400 0.06066600
v -0.09469800 -0.09701400 0.06066600
v -0.09274600 -0.11247400 0.02756800
v -0.09274600 -0.11247400 0.02756800
v -0.09274600 -0.11247400 0.02756800
v -0.09274600 -0.11247400 0.02756800
v -0.09274600 -0.11247400 0.02756800
v -0.09274600 -0.11247400 0.02756800
v -0.07630400 -0.11263200 0.02723000
v -0.07630400 -0.11263200 0.02723000
v -0.07630400 -0.11263200 0.02723000
v -0.06905200 -0.11263200 0.02723000
v -0.06905200 -0.11263200 0.02723000
v 0.02948800 -0.11025400 0.03232800
v 0.02948800 -0.11025400 0.03232800
v 0.02948800 -0.11025400 0.03232800
v 0.09192300 -0.10795200 0.03726500
v 0.09192300 -0.10795200 0.03726500
v 0.09361300 -0.10790100 0.03737400
v 0.09361300 -0.10790100 0.03737400
v 0.08112600 -0.10502000 0.04355400
v 0.09975600 -0.09794100 0.05865500
v 0.10010300 -0.09810800 0.05837500
v 0.10010300 -0.09810800 0.05837500
v 0.10010300 -0.09810800 0.05837500
v 0.10010300 -0.09810800 0.05837500
v 0.09795900 -0.09742600 0.05966500
v 0.09736900 -0.09738400 0.05987900
v 0.09736900 -0.09738400 0.05987900
v 0.09736900 -0.09738400 0.05987900
v 0.09857700 -0.09763400 0.05932600
v 0.09857700 -0.09763400 0.05932600
v 0.10083800 -0.09834600 0.05784600
v 0.10050300 -0.09817600 0.05814900
v 0.10184400 -0.09875500 0.05698700
v 0.10184400 -0.09875500 0.05698700
v 0.10184400 -0.09875500 0.05698700
v 0.10184400 -0.09875500 0.05698700
v 0.10184400 -0.09875500 0.05698700
v 0.10184400 -0.09875500 0.05698700
v 0.10118600 -0.09847500 0.05756800
v 0.10118600 -0.09847500 0.05756800
v 0.10156200 -0.09856700 0.05730700
v 0.09685500 -0.09837200 0.05781000
v 0.09685500 -0.09837200 0.05781000
v 0.09685500 -0.09837200 0.05781000
v 0.09465400 -0.09696600 0.06070800
v 0.09465400 -0.09696600 0.06070800
v 0.09423700 -0.09697700 0.06074600
v 0.09423700 -0.09697700 0.06074600
v 0.09378700 -0.09694800 0.06081200
v 0.09378700 -0.09694800 0.06081200
v 0.09512500 -0.09705400 0.06057200
v 0.09279000 -0.09694400 0.06086400
v 0.09361300 -0.09797000 0.05867200
v 0.09361300 -0.09797000 0.05867200
v 0.09526800 -0.09812200 0.05834600
v 0.10371900 -0.09974000 0.05487500
v 0.10371900 -0.09974000 0.05487500
v 0.10371900 -0.09974000 0.05487500
v 0.10371900 -0.09974000 0.05487500
v 0.10371900 -0.09974000 0.05487500
v 0.10442700 -0.10024100 0.05380100
v 0.10442700 -0.10024100 0.05380100
v 0.10442700 -0.10024100 0.05380100
v 0.10442700 -0.10024100 0.05380100
v 0.10402500 -0.09985600 0.05452500
v 0.10324700 -0.09937400 0.05557100
v 0.10089500 -0.09965000 0.05506900
v 0.10089500 -0.09965000 0.05506900
v 0.10089500 -0.09965000 0.05506900
v 0.10553200 -0.10118200 0.05167400
v 0.10468500 -0.10035400 0.05346000
v 0.10468500 -0.10035400 0.05346000
v 0.10501800 -0.10065100 0.05282400
v 0.10220600 -0.09884500 0.05670800
v 0.10191000 -0.10022300 0.05384000
v 0.10191000 -0.10022300 0.05384000
v 0.10191000 -0.10022300 0.05384000
v 0.08550600 -0.09871500 0.05707400
v 0.08699200 -0.09837200 0.05781000
v 0.08699200 -0.09837200 0.05781000
v 0.08415000 -0.09914400 0.05615400
v 0.08295200 -0.09965000 0.05506900
v 0.08193700 -0.10022300 0.05384000
v 0.08112600 -0.10085100 0.05249300
v 0.08053400 -0.10152200 0.05105400
v 0.10643700 -0.10314100 0.04755100
v 0.10631500 -0.10265500 0.04860000
v 0.10191000 -0.10564800 0.04220700
v 0.10633200 -0.11345700 0.02546000
v 0.10633200 -0.11345700 0.02546000
v 0.10641600 -0.10376800 0.04623700
v 0.10641600 -0.10376800 0.04623700
v 0.10272100 -0.10502000 0.04355400
v 0.10089500 -0.10622100 0.04097800
v 0.09969700 -0.10672700 0.03989300
v 0.09834100 -0.10715600 0.03897300
v 0.09685500 -0.10749900 0.03823700
v 0.09526800 -0.10774900 0.03770100
v 0.10367300 -0.10222200 0.04955400
v 0.10367300 -0.10222200 0.04955400
v 0.10331300 -0.10434900 0.04499200
v 0.08017400 -0.10222200 0.04955400
v 0.08017400 -0.10364900 0.04649200
v 0.08053400 -0.10434900 0.04499200
v 0.08005300 -0.10293600 0.04802300
v 0.08193700 -0.10564800 0.04220700
v 0.08415000 -0.10672700 0.03989300
v 0.08295200 -0.10622100 0.04097800
v 0.08550600 -0.10715600 0.03897300
v 0.08699200 -0.10749900 0.03823700
v 0.09023400 -0.10790100 0.03737400
v 0.08857900 -0.10774900 0.03770100
v 0.02194300 -0.11348800 0.02539300
v 0.02194300 -0.11348800 0.02539300
v -0.09284900 -0.09690300 0.06089800
v -0.09331700 -0.09692200 0.06086300
v -0.09331700 -0.09692200 0.06086300
v -0.09227400 -0.09692600 0.06089300
v -0.09227400 -0.09692600 0.06089300
v -0.09227400 -0.09692600 0.06089300
v -0.09379600 -0.09694000 0.06080900
v -0.09510500 -0.09701000 0.06061500
v -0.09510500 -0.09701000 0.06061500
v -0.09559300 -0.09710600 0.06046000
v -0.09734900 -0.09733000 0.05992600
v -0.09691300 -0.09729100 0.06005500
v -0.09734900 -0.09733000 0.05992600
v -0.09734900 -0.09733000 0.05992600
v -0.09777100 -0.09744900 0.05971400
v -0.09975800 -0.09794600 0.05865800
v -0.09975800 -0.09794600 0.05865800
v -0.09975800 -0.09794600 0.05865800
v -0.09938900 -0.09777500 0.05891800
v -0.09900500 -0.09774100 0.05909900
v -0.09900500 -0.09774100 0.05909900
v -0.10089100 -0.09823500 0.05791300
v -0.10232900 -0.09882500 0.05665000
v -0.10232900 -0.09882500 0.05665000
v -0.10252400 -0.09899200 0.05639000
v -0.10310800 -0.09929500 0.05573900
v -0.10415100 -0.09994400 0.05434300
v -0.10415100 -0.09994400 0.05434300
v -0.10382600 -0.09964400 0.05487400
v -0.10485900 -0.10058700 0.05303100
v -0.10449300 -0.10019600 0.05379900
v -0.10514800 -0.10086200 0.05244500
v -0.10514800 -0.10086200 0.05244500
v -0.10485900 -0.10058700 0.05303100
v -0.10577200 -0.10160100 0.05085900
v -0.10595600 -0.10175100 0.05045900
v -0.10595600 -0.10175100 0.05045900
v -0.07023200 -0.11263200 0.02723000
v -0.06702800 -0.11263200 0.02723000
v -0.06702800 -0.11263200 0.02723000
v -0.07832800 -0.11263200 0.02723000
v -0.07832800 -0.11263200 0.02723000
v -0.07832800 -0.11263200 0.02723000
v -0.07185100 -0.11263200 0.02723000
v -0.07185100 -0.11348800 0.02539300
v -0.07934600 -0.11263200 0.02723000
v -0.07934600 -0.11263200 0.02723000
v -0.07934600 -0.11263200 0.02723000
v -0.07934600 -0.11263200 0.02723000
v -0.08137000 -0.11263200 0.02723000
v -0.08137000 -0.11263200 0.02723000
v -0.08137000 -0.11263200 0.02723000
v -0.08339400 -0.11379200 0.02474100
v -0.08541800 -0.11263200 0.02723000
v -0.08541800 -0.11263200 0.02723000
v -0.08541800 -0.11263200 0.02723000
v -0.09429000 -0.11263200 0.02723000
v -0.09429000 -0.11263200 0.02723000
v -0.09429000 -0.11263200 0.02723000
v -0.09267000 -0.11263200 0.02723000
v -0.09267000 -0.11263200 0.02723000
v -0.09267000 -0.11263200 0.02723000
v -0.08744200 -0.11263200 0.02723000
v -0.08744200 -0.11263200 0.02723000
v -0.08744200 -0.11263200 0.02723000
v -0.06298000 -0.11263200 0.02723000
v -0.06298000 -0.11263200 0.02723000
v -0.06500400 -0.11379200 0.02474200
v -0.07023200 -0.11348800 0.02539300
v -0.07023200 -0.11348800 0.02539300
v -0.06244600 -0.11348800 0.02539300
v -0.02025100 -0.11348800 0.02539300
v -0.06095600 -0.11263200 0.02723000
v -0.06095600 -0.11263200 0.02723000
v -0.07333100 -0.11348800 0.02539300
v -0.07333100 -0.11348800 0.02539300
v -0.06730200 -0.11363800 0.02507100
v -0.07436100 -0.11374500 0.02483900
v -0.09267000 -0.11366800 0.02500600
v -0.09267000 -0.11366800 0.02500600
v -0.07832800 -0.11348800 0.02539300
v -0.07832800 -0.11348800 0.02539300
v -0.08116400 -0.11367400 0.02499300
v -0.08565900 -0.11365300 0.02503700
v -0.10633800 -0.11345300 0.02546800
v -0.10633800 -0.11345300 0.02546800
v -0.10633800 -0.11345300 0.02546800
v -0.10633800 -0.11345300 0.02546800
v -0.09429000 -0.11365800 0.02502800
v -0.10647200 -0.10333600 0.04713300
v -0.10601200 -0.10198000 0.05004400
v -0.10630100 -0.10239800 0.04905800
v -0.10630100 -0.10239800 0.04905800
v -0.10641100 -0.10270900 0.04838500
v -0.10642200 -0.10374100 0.04629500
v -0.10642000 -0.10403200 0.04567100
v -0.10642000 -0.10403200 0.04567100
v 0.09192300 -0.10382500 0.03907900
v 0.09192300 -0.10199600 0.03820700
v 0.08952900 -0.10185100 0.03851900
v 0.08733800 -0.10325600 0.04029900
v 0.08732800 -0.10142600 0.03943000
v 0.08550000 -0.10075600 0.04086500
v 0.08551300 -0.10258800 0.04173200
v 0.08420800 -0.10172900 0.04357300
v 0.08953400 -0.10368000 0.03939000
v 0.08352700 -0.10075000 0.04567200
v 0.08351000 -0.09891500 0.04481400
v 0.08351000 -0.09789300 0.04700700
v 0.08352700 -0.09973000 0.04786100
v 0.08419200 -0.09691200 0.04911000
v 0.08551300 -0.09789300 0.05180100
v 0.08550000 -0.09605200 0.05095500
v 0.08733800 -0.09722400 0.05323400
v 0.08732800 -0.09538200 0.05239100
v 0.08952900 -0.09495700 0.05330200
v 0.08420800 -0.09875100 0.04996000
v 0.08419200 -0.09989600 0.04271000
v 0.08953400 -0.09680100 0.05414300
v 0.09192300 -0.09665500 0.05445400
v 0.09431300 -0.09680100 0.05414300
v 0.09431800 -0.09495700 0.05330200
v 0.09651900 -0.09538200 0.05239100
v 0.09833400 -0.09789300 0.05180100
v 0.09834700 -0.09605200 0.05095500
v 0.09965500 -0.09691200 0.04911000
v 0.09963900 -0.09875100 0.04996000
v 0.10031900 -0.09973000 0.04786100
v 0.09650900 -0.09722400 0.05323400
v 0.10031900 -0.10075000 0.04567200
v 0.10033700 -0.09891500 0.04481400
v 0.09965500 -0.09989600 0.04271000
v 0.09963900 -0.10172900 0.04357300
v 0.09834700 -0.10075600 0.04086500
v 0.09650900 -0.10325600 0.04029900
v 0.09651900 -0.10142600 0.03943000
v 0.09431300 -0.10368000 0.03939000
v 0.09431800 -0.10185100 0.03851900
v 0.09192300 -0.10382500 0.03907900
v 0.09833400 -0.10258800 0.04173200
v 0.10033700 -0.09789300 0.04700700
v 0.09192300 -0.09665500 0.05445400
v 0.09192300 -0.09795200 0.05801700
v 0.09026000 -0.09800500 0.05790400
v 0.08563500 -0.09877200 0.05625900
v 0.08733800 -0.09722400 0.05323400
v 0.08708000 -0.09841900 0.05701500
v 0.08953400 -0.09680100 0.05414300
v 0.08863300 -0.09816200 0.05756800
v 0.08433000 -0.09921200 0.05531600
v 0.08551300 -0.09789300 0.05180100
v 0.08319500 -0.09972800 0.05420800
v 0.08225600 -0.10031100 0.05295800
v 0.08352700 -0.09973000 0.04786100
v 0.08079100 -0.10231700 0.04865600
v 0.08352700 -0.10075000 0.04567200
v 0.08420800 -0.09875100 0.04996000
v 0.08153200 -0.10094600 0.05159600
v 0.08104000 -0.10162000 0.05015100
v 0.08420800 -0.10172900 0.04357300
v 0.08225600 -0.10502900 0.04284100
v 0.08551300 -0.10258800 0.04173200
v 0.08733800 -0.10325600 0.04029900
v 0.08708000 -0.10692100 0.03878400
v 0.08953400 -0.10368000 0.03939000
v 0.08433000 -0.10612900 0.04048300
v 0.08104000 -0.10372000 0.04564800
v 0.09026000 -0.10733500 0.03789500
v 0.09192300 -0.10382500 0.03907900
v 0.08153200 -0.10439400 0.04420300
v 0.08863300 -0.10717800 0.03823100
v 0.08563500 -0.10656800 0.03954000
v 0.08319500 -0.10561200 0.04159100
v 0.08079100 -0.10302300 0.04714300
v 0.09358700 -0.10733500 0.03789500
v 0.09192300 -0.10738800 0.03778200
v 0.09431300 -0.10368000 0.03939000
v 0.09521400 -0.10717800 0.03823100
v 0.09676700 -0.10692100 0.03878400
v 0.09650900 -0.10325600 0.04029900
v 0.09821200 -0.10656800 0.03954000
v 0.09951700 -0.10612900 0.04048300
v 0.09833400 -0.10258800 0.04173200
v 0.10065100 -0.10561200 0.04159100
v 0.10159100 -0.10502900 0.04284100
v 0.10031900 -0.10075000 0.04567200
v 0.10305600 -0.10302300 0.04714300
v 0.10305600 -0.10231700 0.04865600
v 0.09963900 -0.10172900 0.04357300
v 0.10231500 -0.10439400 0.04420300
v 0.10280700 -0.10372000 0.04564800
v 0.09963900 -0.09875100 0.04996000
v 0.10159100 -0.10031100 0.05295800
v 0.09833400 -0.09789300 0.05180100
v 0.09650900 -0.09722400 0.05323400
v 0.09676700 -0.09841900 0.05701500
v 0.09431300 -0.09680100 0.05414300
v 0.09951700 -0.09921200 0.05531600
v 0.10031900 -0.09973000 0.04786100
v 0.10280700 -0.10162000 0.05015100
v 0.09358700 -0.09800500 0.05790400
v 0.09192300 -0.09665500 0.05445400
v 0.10231500 -0.10094600 0.05159600
v 0.10065100 -0.09972800 0.05420800
v 0.09821200 -0.09877200 0.05625900
v 0.09521400 -0.09816200 0.05756800
v -0.09629600 -0.11544500 -0.00988500
v -0.09486500 -0.11544500 -0.01025500
v -0.09558300 -0.11662600 -0.01007700
v -0.09768100 -0.11544500 -0.00937200
v -0.09699000 -0.11662900 -0.00963600
v -0.09340500 -0.11544500 -0.01047900
v -0.09340300 -0.11717800 -0.01046400
v -0.09413700 -0.11662100 -0.01037500
v -0.09317000 -0.11801500 -0.01048000
v -0.09389800 -0.11803000 -0.01039900
v -0.09452600 -0.11804300 -0.01029800
v -0.09492600 -0.11806500 -0.01022100
v -0.09266600 -0.11664900 -0.01052400
v -0.09246100 -0.11806200 -0.01052100
v -0.09622400 -0.11812300 -0.00988500
v -0.09663800 -0.11813100 -0.00974900
v -0.09720000 -0.11816900 -0.00954500
v -0.09767000 -0.11819200 -0.00935200
v -0.09557900 -0.11808500 -0.01006600
v -0.10130300 -0.11544500 -0.00714400
v -0.10017000 -0.11544500 -0.00800300
v -0.10129600 -0.11660100 -0.00713600
v -0.10234700 -0.11544500 -0.00617800
v -0.09832300 -0.11661500 -0.00906600
v -0.09897800 -0.11828500 -0.00871200
v -0.09895900 -0.11544500 -0.00874800
v -0.09958000 -0.11661000 -0.00837400
v -0.10016800 -0.11726100 -0.00798500
v -0.09811800 -0.11822600 -0.00915100
v -0.09862900 -0.11826300 -0.00889700
v -0.10182300 -0.11775600 -0.00665900
v -0.10233200 -0.11775600 -0.00616400
v -0.10233900 -0.11660100 -0.00617100
v -0.10136600 -0.11850800 -0.00705800
v -0.10073500 -0.11775600 -0.00757100
v -0.10082600 -0.11845200 -0.00749700
v -0.10209500 -0.11857600 -0.00639400
v -0.10483800 -0.11544500 -0.00276200
v -0.10411900 -0.11544500 -0.00398000
v -0.10411100 -0.11663700 -0.00397200
v -0.10542800 -0.11511200 -0.00150600
v -0.10482900 -0.11662100 -0.00275500
v -0.10328600 -0.11544500 -0.00512200
v -0.10327800 -0.11660100 -0.00511500
v -0.10327100 -0.11775600 -0.00510900
v -0.10370000 -0.11775600 -0.00454900
v -0.10281400 -0.11775600 -0.00564800
v -0.10304200 -0.11867400 -0.00537400
v -0.10350500 -0.11872600 -0.00480100
v -0.10267200 -0.11863800 -0.00579600
v -0.10397600 -0.11877200 -0.00414500
v -0.10542300 -0.11665700 -0.00148200
v -0.10513400 -0.11775600 -0.00212000
v -0.10447600 -0.11775600 -0.00336900
v -0.10435900 -0.11881000 -0.00355100
v -0.10470500 -0.11884000 -0.00295000
v -0.10496700 -0.11886000 -0.00244700
v -0.10519000 -0.11888300 -0.00197500
v -0.10645000 -0.11544500 0.00262400
v -0.10624500 -0.11544500 0.00122500
v -0.10623500 -0.11660100 0.00122700
v -0.10590600 -0.11544500 -0.00014800
v -0.10589600 -0.11660600 -0.00014400
v -0.10606500 -0.11782500 0.00050800
v -0.10621000 -0.11889000 0.00119200
v -0.10566800 -0.11775600 -0.00081300
v -0.10573300 -0.11890900 -0.00059800
v -0.10548400 -0.11890000 -0.00128500
v -0.10606200 -0.11891000 0.00053900
v -0.10591000 -0.11891400 -0.00003000
v -0.10634400 -0.11775600 0.00192500
v -0.10643900 -0.11662800 0.00262400
v -0.10631400 -0.11888900 0.00178600
v -0.10640200 -0.11886200 0.00243000
v -0.10646300 -0.11882500 0.00313700
v -0.10648100 -0.11775600 0.00333000
v -0.10648400 -0.11885800 0.00368600
v -0.10017300 -0.11839100 -0.00797400
v -0.09192000 -0.11800600 -0.01053100
v -0.09192900 -0.11429000 -0.01056400
v -0.09265000 -0.11429300 -0.01054600
v -0.09336400 -0.11430100 -0.01049300
v -0.09477500 -0.11433500 -0.01028300
v -0.09953000 -0.11833700 -0.00838900
v -0.09616300 -0.11438800 -0.00993500
v -0.09684600 -0.11442200 -0.00970900
v -0.09751700 -0.11446000 -0.00945000
v -0.09880700 -0.11454500 -0.00884000
v -0.10002900 -0.11463900 -0.00810700
v -0.10224300 -0.11483600 -0.00629100
v -0.10061600 -0.11468900 -0.00769400
v -0.10118300 -0.11473900 -0.00725100
v -0.10319900 -0.11492600 -0.00523600
v -0.10405200 -0.11500500 -0.00408700
v -0.10443800 -0.11503800 -0.00347900
v -0.10479300 -0.11506600 -0.00285400
v -0.10608000 -0.11511400 0.00047300
v -0.10588700 -0.11511900 -0.00022000
v -0.10623900 -0.11510300 0.00117700
v -0.10636200 -0.11508300 0.00188600
v -0.10645100 -0.11505500 0.00259900
v -0.10652200 -0.11497600 0.00403600
v -0.10650400 -0.11502000 0.00331500
v -0.10648900 -0.11877800 0.00403600
v 0.10584400 -0.11544500 -0.00033100
v 0.10622200 -0.11511300 0.00112200
v 0.10583300 -0.11662200 -0.00032900
v 0.10533100 -0.11544500 -0.00171700
v 0.10644200 -0.11506500 0.00256700
v 0.10620400 -0.11662600 0.00110100
v 0.10642700 -0.11662800 0.00256000
v 0.10632400 -0.11775600 0.00183000
v 0.10645400 -0.11882600 0.00308600
v 0.10638900 -0.11887200 0.00236200
v 0.10647400 -0.11775600 0.00329800
v 0.10628800 -0.11889100 0.00166000
v 0.10618400 -0.11890200 0.00110100
v 0.10532000 -0.11660100 -0.00171500
v 0.10558600 -0.11775600 -0.00102300
v 0.10602700 -0.11775600 0.00038500
v 0.10605300 -0.11890900 0.00052300
v 0.10587000 -0.11891200 -0.00015000
v 0.10544300 -0.11889400 -0.00136900
v 0.10524700 -0.11888400 -0.00183700
v 0.10563900 -0.11890300 -0.00085400
v 0.10310300 -0.11544500 -0.00533800
v 0.10396200 -0.11544500 -0.00420500
v 0.10309500 -0.11665100 -0.00533000
v 0.10213700 -0.11544500 -0.00638200
v 0.10213000 -0.11660100 -0.00637500
v 0.10470700 -0.11544500 -0.00299400
v 0.10469800 -0.11660100 -0.00298900
v 0.10433200 -0.11775600 -0.00359800
v 0.10394500 -0.11775600 -0.00419400
v 0.10395400 -0.11660100 -0.00420000
v 0.10469500 -0.11883100 -0.00295900
v 0.10502700 -0.11780200 -0.00233300
v 0.10496800 -0.11886500 -0.00243300
v 0.10413800 -0.11878400 -0.00389000
v 0.10371500 -0.11875000 -0.00451000
v 0.10444500 -0.11881800 -0.00339700
v 0.10261800 -0.11775600 -0.00585800
v 0.10217100 -0.11858400 -0.00631300
v 0.10353000 -0.11775600 -0.00477000
v 0.10322000 -0.11869500 -0.00515400
v 0.10274900 -0.11865000 -0.00570600
v 0.09933300 -0.11661200 -0.00851900
v 0.09871400 -0.11717800 -0.00886000
v 0.09872100 -0.11544500 -0.00887300
v 0.09993900 -0.11544500 -0.00815400
v 0.09993000 -0.11717800 -0.00814200
v 0.09808300 -0.11661600 -0.00917700
v 0.09735500 -0.11818100 -0.00948100
v 0.09744000 -0.11544500 -0.00947000
v 0.10108100 -0.11544500 -0.00732100
v 0.10107500 -0.11660100 -0.00731400
v 0.10050800 -0.11775600 -0.00773500
v 0.09998400 -0.11844700 -0.00809000
v 0.10102000 -0.11847900 -0.00733900
v 0.10160700 -0.11775600 -0.00684900
v 0.10162900 -0.11852600 -0.00682500
v 0.10047900 -0.11849300 -0.00774200
v 0.09838900 -0.11824400 -0.00901700
v 0.09786400 -0.11821400 -0.00926500
v 0.09891400 -0.11828900 -0.00874300
v 0.09949000 -0.11833400 -0.00841000
v 0.09403500 -0.11663400 -0.01038900
v 0.09327100 -0.11801100 -0.01047100
v 0.09333500 -0.11544500 -0.01048500
v 0.09473400 -0.11544500 -0.01028000
v 0.09479000 -0.11804400 -0.01024800
v 0.09677500 -0.11661900 -0.00971200
v 0.09605000 -0.11809100 -0.00993500
v 0.09610700 -0.11544500 -0.00994100
v 0.09542200 -0.11661600 -0.01011700
v 0.09543900 -0.11808000 -0.01010100
v 0.09658700 -0.11813300 -0.00976500
v 0.09247000 -0.11806100 -0.01052100
v 0.09262700 -0.11664500 -0.01052600
v 0.09423000 -0.11803700 -0.01034900
v 0.09368700 -0.11802500 -0.01042500
v 0.10647800 -0.11885600 0.00366500
v 0.10651700 -0.11497600 0.00403600
v 0.10649900 -0.11502000 0.00331600
v 0.10648300 -0.11877800 0.00403600
v 0.10588800 -0.11511900 -0.00019600
v 0.10566200 -0.11511600 -0.00088100
v 0.10540300 -0.11510600 -0.00155300
v 0.10479200 -0.11506700 -0.00284400
v 0.10405900 -0.11500600 -0.00406900
v 0.10364600 -0.11496900 -0.00465600
v 0.10224300 -0.11483700 -0.00628400
v 0.10320300 -0.11492700 -0.00522400
v 0.10118900 -0.11474000 -0.00724200
v 0.10062600 -0.11469000 -0.00768200
v 0.10004000 -0.11464100 -0.00809600
v 0.09943300 -0.11459200 -0.00848100
v 0.09752300 -0.11446100 -0.00944500
v 0.09881000 -0.11454600 -0.00883500
v 0.09618000 -0.11438900 -0.00992800
v 0.09548600 -0.11436000 -0.01012100
v 0.09478300 -0.11433500 -0.01028000
v 0.09191300 -0.11800600 -0.01053100
v 0.09407400 -0.11431500 -0.01040400
v 0.09336200 -0.11430100 -0.01049300
v 0.09264500 -0.11429300 -0.01054600
v 0.09192300 -0.11429000 -0.01056400
v 0.09520100 -0.09699700 0.06059300
v 0.09562900 -0.09704700 0.06048700
v 0.09565700 -0.09315500 0.06051500
v 0.09490600 -0.09307700 0.06069000
v 0.09465400 -0.09696600 0.06070800
v 0.09634300 -0.09552300 0.06029700
v 0.09738600 -0.09731200 0.05990900
v 0.09795900 -0.09742600 0.05966500
v 0.09774400 -0.09560100 0.05977700
v 0.09703100 -0.09724400 0.06004700
v 0.09611100 -0.09710600 0.06035200
v 0.09657600 -0.09717500 0.06020500
v 0.09343800 -0.09297800 0.06091700
v 0.09336400 -0.09685900 0.06089100
v 0.09379000 -0.09687900 0.06084300
v 0.09417100 -0.09301700 0.06082300
v 0.09288900 -0.09684200 0.06093200
v 0.09268000 -0.09295300 0.06097600
v 0.09417200 -0.09690800 0.06078900
v 0.10117100 -0.09834000 0.05768800
v 0.10151900 -0.09847500 0.05739400
v 0.10146900 -0.09448000 0.05748500
v 0.10088200 -0.09426600 0.05795800
v 0.10084200 -0.09822200 0.05794400
v 0.10050400 -0.09810400 0.05819600
v 0.10030800 -0.09408800 0.05837600
v 0.10002300 -0.09795000 0.05852900
v 0.10193500 -0.09603300 0.05705300
v 0.10187900 -0.09862400 0.05707300
v 0.10219400 -0.09876100 0.05677600
v 0.10257100 -0.09893700 0.05639400
v 0.10246300 -0.09593300 0.05654200
v 0.09857600 -0.09756300 0.05937100
v 0.09901900 -0.09767100 0.05913400
v 0.09908300 -0.09375400 0.05913900
v 0.09844200 -0.09360700 0.05947400
v 0.09971900 -0.09391300 0.05876300
v 0.09944800 -0.09778500 0.05889000
v 0.10289200 -0.09909900 0.05604300
v 0.10294400 -0.09692800 0.05601500
v 0.10327800 -0.09924600 0.05559800
v 0.10340600 -0.09692800 0.05547000
v 0.10369400 -0.09948500 0.05506700
v 0.10384100 -0.09692800 0.05490200
v 0.10402400 -0.09969400 0.05460600
v 0.10425000 -0.09985600 0.05426600
v 0.10428000 -0.09586500 0.05428300
v 0.10544900 -0.10089100 0.05201300
v 0.10565100 -0.10120000 0.05149800
v 0.10560200 -0.09698000 0.05173000
v 0.10528200 -0.09825500 0.05243800
v 0.10517800 -0.10061100 0.05261500
v 0.10496500 -0.09825500 0.05307800
v 0.10485700 -0.10032300 0.05324500
v 0.10457400 -0.10008700 0.05374500
v 0.10607200 -0.10170600 0.05023900
v 0.10624800 -0.10202400 0.04955000
v 0.10624300 -0.09785000 0.04971200
v 0.10605700 -0.09754500 0.05041000
v 0.10636100 -0.10228200 0.04899800
v 0.10639500 -0.09815700 0.04900500
v 0.10579400 -0.10130200 0.05111900
v 0.10583700 -0.09724800 0.05109900
v 0.10591500 -0.10146900 0.05075700
v 0.10657000 -0.10090800 0.04763500
v 0.10647200 -0.10258000 0.04833300
v 0.10653200 -0.10280600 0.04785300
v 0.10659100 -0.10311500 0.04716600
v 0.10663800 -0.09896500 0.04692200
v 0.09190000 -0.09677600 0.06096300
v 0.09229500 -0.09683900 0.06095800
v 0.09192300 -0.09294800 0.06099600
v 0.09779100 -0.09347800 0.05977700
v 0.09709200 -0.09335500 0.06005900
v 0.09637800 -0.09324800 0.06030600
v 0.10206700 -0.09470800 0.05694700
v 0.10258000 -0.09493100 0.05643500
v 0.10661300 -0.10346500 0.04655700
v 0.10665300 -0.09937600 0.04621100
v 0.10659100 -0.09876800 0.04761000
v 0.10661600 -0.10359100 0.04614900
v 0.10306300 -0.09516200 0.05590400
v 0.10351700 -0.09540200 0.05535300
v 0.10394200 -0.09565000 0.05478200
v 0.10651100 -0.09846500 0.04830700
v 0.10470700 -0.09617100 0.05358400
v 0.10535200 -0.09672100 0.05231900
v 0.10504600 -0.09644300 0.05295700
v -0.10650600 -0.09844900 0.04838400
v -0.10646600 -0.10254600 0.04840800
v -0.10637200 -0.10229700 0.04898300
v -0.10635500 -0.09958200 0.04917500
v -0.10664300 -0.09895700 0.04694000
v -0.10660800 -0.10323900 0.04692000
v -0.10657300 -0.10297100 0.04749600
v -0.10657400 -0.10038100 0.04769700
v -0.10650800 -0.10268700 0.04810300
v -0.10547400 -0.09825500 0.05202200
v -0.10574700 -0.09868500 0.05132900
v -0.10545900 -0.10090000 0.05200000
v -0.10590300 -0.10144300 0.05081400
v -0.10568400 -0.10115200 0.05144000
v -0.10599200 -0.09841700 0.05061600
v -0.10622300 -0.10196900 0.04968100
v -0.10618700 -0.09958200 0.04990100
v -0.10606600 -0.10168800 0.05027600
v -0.10368100 -0.09692800 0.05512600
v -0.10410100 -0.09692800 0.05454300
v -0.10380400 -0.09956200 0.05492600
v -0.10335500 -0.09927600 0.05551100
v -0.10323200 -0.09692800 0.05568800
v -0.10296900 -0.09907100 0.05596700
v -0.10271500 -0.09900600 0.05624500
v -0.10276300 -0.09592500 0.05623300
v -0.10232900 -0.09882500 0.05665000
v -0.10226200 -0.09593000 0.05674900
v -0.10448300 -0.09825500 0.05393400
v -0.10445600 -0.10000700 0.05394800
v -0.10472800 -0.10021000 0.05348900
v -0.10484400 -0.09825500 0.05331300
v -0.10499300 -0.10043400 0.05299700
v -0.10517500 -0.09825500 0.05267500
v -0.10525200 -0.10068500 0.05246900
v -0.09907400 -0.09768200 0.05910800
v -0.09867400 -0.09758500 0.05932100
v -0.09880800 -0.09560100 0.05927300
v -0.09943200 -0.09560100 0.05892400
v -0.09959800 -0.09776200 0.05880400
v -0.10004000 -0.09560100 0.05854500
v -0.09782300 -0.09739700 0.05972800
v -0.09734900 -0.09733000 0.05992600
v -0.09751100 -0.09560100 0.05987700
v -0.09816700 -0.09560100 0.05959000
v -0.09828600 -0.09749300 0.05951700
v -0.10196200 -0.09865600 0.05700300
v -0.10164200 -0.09852300 0.05729200
v -0.10173100 -0.09586200 0.05724500
v -0.10125200 -0.09836800 0.05762400
v -0.10062800 -0.09560100 0.05813800
v -0.10046600 -0.09809100 0.05822900
v -0.10089100 -0.09823500 0.05791300
v -0.10119500 -0.09560100 0.05770300
v -0.10001700 -0.09794900 0.05853400
v -0.09341600 -0.09297800 0.06092000
v -0.09334200 -0.09686000 0.06089300
v -0.09288500 -0.09684300 0.06093300
v -0.09267300 -0.09295300 0.06097600
v -0.09415700 -0.09301700 0.06082600
v -0.09486800 -0.09307900 0.06070000
v -0.09433200 -0.09691700 0.06076500
v -0.09382000 -0.09688100 0.06084100
v -0.09559800 -0.09315100 0.06053200
v -0.09552500 -0.09703400 0.06051500
v -0.09510500 -0.09701000 0.06061500
v -0.09617200 -0.09446400 0.06036000
v -0.09684200 -0.09560100 0.06013100
v -0.09685100 -0.09722000 0.06011300
v -0.09470500 -0.09695100 0.06069600
v -0.10661900 -0.10346300 0.04656200
v -0.10665900 -0.09937600 0.04621100
v -0.10662200 -0.10359100 0.04614800
v -0.10626000 -0.09787200 0.04967000
v -0.10640600 -0.09817000 0.04898600
v -0.10659800 -0.09877000 0.04760400
v -0.10608200 -0.09757800 0.05034600
v -0.10587400 -0.09728900 0.05101100
v -0.10563300 -0.09700500 0.05166600
v -0.10505800 -0.09644900 0.05294500
v -0.10536200 -0.09672400 0.05231000
v -0.10472100 -0.09617700 0.05356900
v -0.10435300 -0.09591200 0.05417900
v -0.10415000 -0.09978400 0.05442700
v -0.10395600 -0.09565500 0.05477100
v -0.10353000 -0.09540600 0.05534300
v -0.10307600 -0.09516600 0.05589500
v -0.10259400 -0.09493500 0.05642700
v -0.09600400 -0.09709100 0.06038600
v -0.09648200 -0.09716200 0.06023800
v -0.10208200 -0.09471200 0.05693800
v -0.10097400 -0.09429700 0.05789200
v -0.10154000 -0.09449900 0.05742800
v -0.09977400 -0.09393200 0.05873300
v -0.09848600 -0.09361700 0.05945600
v -0.09914200 -0.09376800 0.05911000
v -0.10038500 -0.09410800 0.05832700
v -0.09711200 -0.09335700 0.06005400
v -0.09780800 -0.09348000 0.05977200
v -0.09640400 -0.09325000 0.06030000
v -0.09192900 -0.09294800 0.06099600
v -0.09229800 -0.09681500 0.06095800
v -0.09190200 -0.09677600 0.06096300
v -0.10656700 -0.10987200 0.02370200
v -0.10656200 -0.11039600 0.02254400
v -0.10653700 -0.11328000 0.02537000
v -0.10655800 -0.11089400 0.02137200
v -0.10655000 -0.11181300 0.01899100
v -0.10653300 -0.11379100 0.02425700
v -0.10655400 -0.11136700 0.02018800
v -0.10657700 -0.10876700 0.02607200
v -0.10664900 -0.10048100 0.04384100
v -0.10662200 -0.10359100 0.04614800
v -0.10665900 -0.09937600 0.04621100
v -0.10652800 -0.11438100 0.00909600
v -0.10650000 -0.11754000 0.01276700
v -0.10653000 -0.11416000 0.01035500
v -0.10650400 -0.11707700 0.01474700
v -0.10653200 -0.11390900 0.01161000
v -0.10652600 -0.11457300 0.00783400
v -0.10649800 -0.11780100 0.01150700
v -0.10652300 -0.11487000 0.00530200
v -0.10649200 -0.11842600 0.00764100
v -0.10652500 -0.11473600 0.00656900
v -0.10649100 -0.11854900 0.00660700
v -0.10652200 -0.11497600 0.00403600
v -0.10649400 -0.11818200 0.00934200
v -0.10653400 -0.11363100 0.01285900
v -0.10651000 -0.11644300 0.01704300
v -0.10653700 -0.11332300 0.01410200
v -0.10650700 -0.11676900 0.01590400
v -0.10650200 -0.11731800 0.01374800
v -0.10649000 -0.11869300 0.00518900
v -0.10649600 -0.11801200 0.01037100
v -0.10649300 -0.11833600 0.00831400
v -0.10648900 -0.11877800 0.00403600
v -0.10652800 -0.11434800 0.02294500
v -0.10654300 -0.11262300 0.01656500
v -0.10652200 -0.11498500 0.02134800
v -0.10654600 -0.11223200 0.01778300
v -0.10652500 -0.11474000 0.02198100
v -0.10651900 -0.11534600 0.02037400
v -0.10654000 -0.11298700 0.01533800
v -0.10651300 -0.11605000 0.01833000
v -0.10651600 -0.11569400 0.01938900
v 0.10651700 -0.11497600 0.00403600
v 0.10648500 -0.11854900 0.00660700
v 0.10648400 -0.11869300 0.00518900
v 0.10648600 -0.11842600 0.00764100
v 0.10651700 -0.11487000 0.00530200
v 0.10651900 -0.11473600 0.00656900
v 0.10648700 -0.11833600 0.00831400
v 0.10648900 -0.11818200 0.00933900
v 0.10652000 -0.11457300 0.00783400
v 0.10649100 -0.11795100 0.01067400
v 0.10648300 -0.11877800 0.00403600
v 0.10649300 -0.11770400 0.01198900
v 0.10652200 -0.11438100 0.00909600
v 0.10652400 -0.11416000 0.01035500
v 0.10649500 -0.11747100 0.01308300
v 0.10652600 -0.11390900 0.01161000
v 0.10649700 -0.11722300 0.01415200
v 0.10652800 -0.11363100 0.01285900
v 0.10650100 -0.11677100 0.01589300
v 0.10649900 -0.11698500 0.01509100
v 0.10650400 -0.11642900 0.01707800
v 0.10653100 -0.11332300 0.01410200
v 0.10650700 -0.11604800 0.01833500
v 0.10653400 -0.11298700 0.01533800
v 0.10651000 -0.11569400 0.01938900
v 0.10651300 -0.11534500 0.02037500
v 0.10653700 -0.11262300 0.01656500
v 0.10651600 -0.11498500 0.02134900
v 0.10651900 -0.11474000 0.02198100
v 0.10654100 -0.11223200 0.01778300
v 0.10652200 -0.11434800 0.02294500
v 0.10654400 -0.11181300 0.01899100
v 0.10652700 -0.11378800 0.02426300
v 0.10653100 -0.11327900 0.02537000
v 0.10654800 -0.11136700 0.02018800
v 0.10655200 -0.11089400 0.02137200
v 0.10656100 -0.10987200 0.02370200
v 0.10655700 -0.11039600 0.02254400
v 0.10657100 -0.10876700 0.02607200
v 0.10661600 -0.10359100 0.04614900
v 0.10664300 -0.10048100 0.04384100
v 0.10665300 -0.09937600 0.04621100
v -0.10639100 -0.11894600 0.00409300
v -0.10634700 -0.11894200 0.00451800
v -0.10636500 -0.11888300 0.00508400
v -0.10643200 -0.11883300 0.00513700
v -0.10643200 -0.11890000 0.00428400
v -0.10646100 -0.11887500 0.00410300
v -0.10647500 -0.11876400 0.00517200
v -0.10648200 -0.11881100 0.00437600
v -0.10643300 -0.11874400 0.00609600
v -0.10636600 -0.11879000 0.00608400
v -0.10647600 -0.11867400 0.00612100
v -0.10643400 -0.11862400 0.00718600
v -0.10636700 -0.11867300 0.00715200
v -0.10647600 -0.11855100 0.00722900
v -0.10643500 -0.11844100 0.00857900
v -0.10636900 -0.11849500 0.00851100
v -0.10647900 -0.11842900 0.00816500
v -0.10648000 -0.11829100 0.00912400
v -0.10643800 -0.11821000 0.01004800
v -0.10637100 -0.11830000 0.00977600
v -0.10648200 -0.11811300 0.01021400
v -0.10644000 -0.11800200 0.01120000
v -0.10637300 -0.11808600 0.01099900
v -0.10648300 -0.11791900 0.01128600
v -0.10644100 -0.11778100 0.01231600
v -0.10648600 -0.11768000 0.01246700
v -0.10644400 -0.11753600 0.01342600
v -0.10637700 -0.11762200 0.01325600
v -0.10648700 -0.11748300 0.01336100
v -0.10644500 -0.11729800 0.01442700
v -0.10648800 -0.11722600 0.01444100
v -0.10644800 -0.11704600 0.01540600
v -0.10637900 -0.11726600 0.01474500
v -0.10649100 -0.11698200 0.01538900
v -0.10645000 -0.11679900 0.01631200
v -0.10638300 -0.11686900 0.01623200
v -0.10649200 -0.11672000 0.01634900
v -0.10645300 -0.11648500 0.01738500
v -0.10638600 -0.11654300 0.01734700
v -0.10649600 -0.11640900 0.01740600
v -0.10645500 -0.11621600 0.01825300
v -0.10638900 -0.11621700 0.01839600
v -0.10649800 -0.11614500 0.01825400
v -0.10645800 -0.11592700 0.01913200
v -0.10650200 -0.11579200 0.01932900
v -0.10646100 -0.11555300 0.02021600
v -0.10639300 -0.11575500 0.01977600
v -0.10650500 -0.11547600 0.02022700
v -0.10650700 -0.11513400 0.02116100
v -0.10646500 -0.11513100 0.02135800
v -0.10639800 -0.11516900 0.02138800
v -0.10646800 -0.11479500 0.02221900
v -0.10651100 -0.11474900 0.02215400
v -0.10647000 -0.11445600 0.02305000
v -0.10640300 -0.11455300 0.02293700
v -0.10651400 -0.11432700 0.02318900
v -0.10647300 -0.11397800 0.02417000
v -0.10651900 -0.11383800 0.02432100
v -0.10643600 -0.11347100 0.02537100
v -0.10647800 -0.11353600 0.02515000
v -0.10640800 -0.11398200 0.02427200
v -0.10650900 -0.11340600 0.02534100
v -0.10652800 -0.11350200 0.02502700
v -0.10629000 -0.11887800 0.00530400
v -0.10629400 -0.11880600 0.00607800
v -0.10629100 -0.11863200 0.00759500
v -0.10630100 -0.11851500 0.00846700
v -0.10629200 -0.11870500 0.00699500
v -0.10629400 -0.11839000 0.00930300
v -0.10628900 -0.11896900 0.00415300
v -0.10629800 -0.11829200 0.00990900
v -0.10629500 -0.11819900 0.01045200
v -0.10629600 -0.11810000 0.01100200
v -0.10629600 -0.11796300 0.01171700
v -0.10637400 -0.11786900 0.01210600
v -0.10630000 -0.11777500 0.01262400
v -0.10630100 -0.11764400 0.01321800
v -0.10630200 -0.11749400 0.01386700
v -0.10630300 -0.11736600 0.01439600
v -0.10630700 -0.11717400 0.01515400
v -0.10649000 -0.11869300 0.00518900
v -0.10649100 -0.11854900 0.00660700
v -0.10649300 -0.11833600 0.00831400
v -0.10649200 -0.11842600 0.00764100
v -0.10648900 -0.11877800 0.00403600
v -0.10649400 -0.11818200 0.00934200
v -0.10649600 -0.11801200 0.01037100
v -0.10649800 -0.11780100 0.01150700
v -0.10650000 -0.11754000 0.01276700
v -0.10650200 -0.11731800 0.01374800
v -0.10650400 -0.11707700 0.01474700
v -0.10630900 -0.11694700 0.01600400
v -0.10630800 -0.11667500 0.01695900
v -0.10630700 -0.11641700 0.01781200
v -0.10631400 -0.11612600 0.01872600
v -0.10631300 -0.11584700 0.01955600
v -0.10631800 -0.11562100 0.02019800
v -0.10631700 -0.11541000 0.02078100
v -0.10632400 -0.11509600 0.02161400
v -0.10632400 -0.11473300 0.02253400
v -0.10633000 -0.11440400 0.02332800
v -0.10633300 -0.11409700 0.02404500
v -0.10637700 -0.11368800 0.02496200
v -0.10633800 -0.11345300 0.02546800
v -0.10650700 -0.11676900 0.01590400
v -0.10651000 -0.11644300 0.01704300
v -0.10651300 -0.11605000 0.01833000
v -0.10651900 -0.11534600 0.02037400
v -0.10651600 -0.11569400 0.01938900
v -0.10652200 -0.11498500 0.02134800
v -0.10652800 -0.11434800 0.02294500
v -0.10652500 -0.11474000 0.02198100
v -0.10653300 -0.11379100 0.02425700
v -0.10653700 -0.11328000 0.02537000
v -0.10647800 -0.11332200 0.02561600
v -0.10652400 -0.11299000 0.02617700
v -0.10650900 -0.11340600 0.02534100
v -0.10660200 -0.10402300 0.04540800
v -0.10656100 -0.10380700 0.04602000
v -0.10659500 -0.10367600 0.04620200
v -0.10641600 -0.11308500 0.02622200
v -0.10643600 -0.11347100 0.02537100
v -0.10649400 -0.10411800 0.04545300
v -0.10652100 -0.10374200 0.04623400
v -0.10653700 -0.11328000 0.02537000
v -0.10653400 -0.11322700 0.02557700
v -0.10662200 -0.10359100 0.04614800
v -0.10661700 -0.10371500 0.04597500
v -0.10637600 -0.11337000 0.02563900
v -0.10633800 -0.11345300 0.02546800
v -0.10642000 -0.10403200 0.04567100
v -0.10645900 -0.10385400 0.04604600
v -0.10642200 -0.10374100 0.04629500
v -0.10644300 -0.11892300 0.00372800
v -0.10648400 -0.11885800 0.00368600
v -0.10644500 -0.11890700 0.00312600
v -0.10640000 -0.11897300 0.00313300
v -0.10639300 -0.11897000 0.00364100
v -0.10633300 -0.11901600 0.00313900
v -0.10633900 -0.11900200 0.00364600
v -0.10636400 -0.11899500 0.00267600
v -0.10629700 -0.11903800 0.00268500
v -0.10628100 -0.11902300 0.00196600
v -0.10638200 -0.11894100 0.00238800
v -0.10624700 -0.11905600 0.00223200
v -0.10618300 -0.11907100 0.00178200
v -0.10617100 -0.11903900 0.00132100
v -0.10625200 -0.11896900 0.00150000
v -0.10610500 -0.11908200 0.00133400
v -0.10607800 -0.11904700 0.00087300
v -0.10601300 -0.11909000 0.00088800
v -0.10590900 -0.11905300 0.00018500
v -0.10612200 -0.11898100 0.00086200
v -0.10590700 -0.11909500 0.00044600
v -0.10578700 -0.11909600 0.00000700
v -0.10571700 -0.11905200 -0.00044900
v -0.10594800 -0.11898700 0.00016000
v -0.10565300 -0.11909500 -0.00042900
v -0.10548300 -0.11904300 -0.00111900
v -0.10575900 -0.11898500 -0.00046300
v -0.10550500 -0.11909000 -0.00086000
v -0.10534500 -0.11908200 -0.00128600
v -0.10523200 -0.11902800 -0.00173200
v -0.10552000 -0.11897700 -0.00114600
v -0.10517100 -0.11907100 -0.00170600
v -0.10493300 -0.11900700 -0.00238200
v -0.10517400 -0.11895500 -0.00197900
v -0.10498400 -0.11905800 -0.00212100
v -0.10478400 -0.11904200 -0.00253000
v -0.10463000 -0.11898000 -0.00296100
v -0.10478000 -0.11892400 -0.00277900
v -0.10457200 -0.11902300 -0.00293100
v -0.10427100 -0.11894600 -0.00358200
v -0.10432500 -0.11888300 -0.00357900
v -0.10423500 -0.11899100 -0.00351600
v -0.10391500 -0.11891100 -0.00412800
v -0.10386100 -0.11895500 -0.00409400
v -0.10347900 -0.11886700 -0.00474000
v -0.10380100 -0.11883100 -0.00437100
v -0.10347100 -0.11891400 -0.00464500
v -0.10293600 -0.11880900 -0.00541300
v -0.10341600 -0.11879100 -0.00488900
v -0.10304400 -0.11887000 -0.00518400
v -0.10275000 -0.11883900 -0.00553000
v -0.10249200 -0.11876300 -0.00590600
v -0.10296300 -0.11874400 -0.00544600
v -0.10244500 -0.11880600 -0.00586600
v -0.10199300 -0.11871200 -0.00641500
v -0.10235400 -0.11868100 -0.00611500
v -0.10213300 -0.11877400 -0.00618800
v -0.10180500 -0.11874000 -0.00650700
v -0.10151300 -0.11866200 -0.00685600
v -0.10171400 -0.11861500 -0.00673200
v -0.10147000 -0.11870600 -0.00681300
v -0.10116800 -0.11862700 -0.00715100
v -0.10119800 -0.11856400 -0.00717900
v -0.10112700 -0.11867100 -0.00710600
v -0.10060400 -0.11857200 -0.00759700
v -0.10068600 -0.11851500 -0.00758500
v -0.10077500 -0.11863700 -0.00739000
v -0.10041300 -0.11860200 -0.00766200
v -0.10007700 -0.11852400 -0.00797200
v -0.10010300 -0.11846100 -0.00800200
v -0.10004100 -0.11856800 -0.00792500
v -0.09949900 -0.11847100 -0.00834600
v -0.09954900 -0.11841200 -0.00836200
v -0.09966200 -0.11853400 -0.00817400
v -0.09912100 -0.11848800 -0.00850600
v -0.09891300 -0.11842400 -0.00868600
v -0.09893500 -0.11836200 -0.00871800
v -0.09829000 -0.11837700 -0.00901200
v -0.09835600 -0.11831700 -0.00902200
v -0.09848400 -0.11845000 -0.00884200
v -0.09747000 -0.11832100 -0.00938300
v -0.09770600 -0.11827200 -0.00932000
v -0.09685500 -0.11828500 -0.00961900
v -0.09710300 -0.11823300 -0.00956800
v -0.09618100 -0.11824400 -0.00984600
v -0.09627200 -0.11818600 -0.00985600
v -0.09553700 -0.11821400 -0.01002600
v -0.09554800 -0.11815300 -0.01006000
v -0.09488500 -0.11818600 -0.01017800
v -0.09491700 -0.11823200 -0.01011500
v -0.09552100 -0.11825800 -0.00997200
v -0.09421000 -0.11817100 -0.01030100
v -0.09484500 -0.11812500 -0.01022400
v -0.09355600 -0.11814900 -0.01039200
v -0.09420600 -0.11810500 -0.01033900
v -0.09282000 -0.11814600 -0.01045200
v -0.09284500 -0.11807900 -0.01049000
v -0.09233300 -0.11810800 -0.01049800
v -0.09229400 -0.11815000 -0.01046700
v -0.09246100 -0.11806200 -0.01052100
v -0.09226800 -0.11818700 -0.01041600
v -0.10646300 -0.11882500 0.00313700
v -0.10640200 -0.11886200 0.00243000
v -0.10631400 -0.11888900 0.00178600
v -0.10621000 -0.11889000 0.00119200
v -0.10606200 -0.11891000 0.00053900
v -0.10591000 -0.11891400 -0.00003000
v -0.10646100 -0.11887500 0.00410300
v -0.10648900 -0.11877800 0.00403600
v -0.10573300 -0.11890900 -0.00059800
v -0.10548400 -0.11890000 -0.00128500
v -0.10519000 -0.11888300 -0.00197500
v -0.10496700 -0.11886000 -0.00244700
v -0.10470500 -0.11884000 -0.00295000
v -0.10435900 -0.11881000 -0.00355100
v -0.10397600 -0.11877200 -0.00414500
v -0.10350500 -0.11872600 -0.00480100
v -0.10304200 -0.11867400 -0.00537400
v -0.10267200 -0.11863800 -0.00579600
v -0.10209500 -0.11857600 -0.00639400
v -0.10639100 -0.11894600 0.00409300
v -0.10628900 -0.11896900 0.00415300
v -0.10624600 -0.11904100 0.00291500
v -0.10612200 -0.11908300 0.00183200
v -0.10619400 -0.11906300 0.00241500
v -0.10591500 -0.11910700 0.00077200
v -0.10573300 -0.11911000 0.00005400
v -0.10543700 -0.11910500 -0.00083100
v -0.10513300 -0.11908800 -0.00160300
v -0.10485000 -0.11906700 -0.00223400
v -0.10458700 -0.11904400 -0.00278500
v -0.10408700 -0.11899900 -0.00361800
v -0.10383800 -0.11897400 -0.00401200
v -0.10337100 -0.11892600 -0.00466300
v -0.10275500 -0.11886200 -0.00542200
v -0.10193600 -0.11877700 -0.00628200
v -0.10136600 -0.11850800 -0.00705800
v -0.10082600 -0.11845200 -0.00749700
v -0.10017300 -0.11839100 -0.00797400
v -0.09953000 -0.11833700 -0.00838900
v -0.09897800 -0.11828500 -0.00871200
v -0.09862900 -0.11826300 -0.00889700
v -0.09811800 -0.11822600 -0.00915100
v -0.09767000 -0.11819200 -0.00935200
v -0.09720000 -0.11816900 -0.00954500
v -0.09663800 -0.11813100 -0.00974900
v -0.09622400 -0.11812300 -0.00988500
v -0.09557900 -0.11808500 -0.01006600
v -0.09492600 -0.11806500 -0.01022100
v -0.09452600 -0.11804300 -0.01029800
v -0.09352800 -0.11809000 -0.01043200
v -0.09389800 -0.11803000 -0.01039900
v -0.09317000 -0.11801500 -0.01048000
v -0.09187500 -0.11809500 -0.01051000
v -0.09192000 -0.11800600 -0.01053100
v -0.10193600 -0.11877700 -0.00628200
v -0.10131700 -0.11871300 -0.00686100
v -0.10131700 -0.11871300 -0.00686100
v -0.10003500 -0.11858900 -0.00786100
v -0.10003500 -0.11858900 -0.00786100
v -0.10003500 -0.11858900 -0.00786100
v -0.10003500 -0.11858900 -0.00786100
v -0.10131700 -0.11871300 -0.00686100
v -0.09636400 -0.11831100 -0.00972300
v -0.09187700 -0.11816600 -0.01045000
v -0.09185800 -0.11820100 -0.01036600
v -0.09284900 -0.09690300 0.06089800
v -0.09227400 -0.09692600 0.06089300
v -0.09229700 -0.09686600 0.06093800
v -0.09288500 -0.09684300 0.06093300
v -0.09331700 -0.09692200 0.06086300
v -0.09334200 -0.09686000 0.06089300
v -0.09379600 -0.09694000 0.06080900
v -0.09424000 -0.09696900 0.06074600
v -0.09382000 -0.09688100 0.06084100
v -0.09423900 -0.09701900 0.06070600
v -0.09469800 -0.09701400 0.06066600
v -0.09433200 -0.09691700 0.06076500
v -0.09510500 -0.09701000 0.06061500
v -0.09510500 -0.09701000 0.06061500
v -0.09470500 -0.09695100 0.06069600
v -0.09604300 -0.09716300 0.06033500
v -0.09559300 -0.09710600 0.06046000
v -0.09552500 -0.09703400 0.06051500
v -0.09648100 -0.09722100 0.06020400
v -0.09600400 -0.09709100 0.06038600
v -0.09691300 -0.09729100 0.06005500
v -0.09648200 -0.09716200 0.06023800
v -0.09646400 -0.09727400 0.06016300
v -0.09734900 -0.09733000 0.05992600
v -0.09685100 -0.09722000 0.06011300
v -0.09818800 -0.09753700 0.05952400
v -0.09777100 -0.09744900 0.05971400
v -0.09782300 -0.09739700 0.05972800
v -0.09858300 -0.09763300 0.05932500
v -0.09828600 -0.09749300 0.05951700
v -0.09816300 -0.09758900 0.05948900
v -0.09900500 -0.09774100 0.05909900
v -0.09867400 -0.09758500 0.05932100
v -0.09938900 -0.09777500 0.05891800
v -0.09907400 -0.09768200 0.05910800
v -0.10014500 -0.09805700 0.05840500
v -0.09975800 -0.09794600 0.05865800
v -0.10001700 -0.09794900 0.05853400
v -0.10051300 -0.09818200 0.05814700
v -0.10010800 -0.09810400 0.05837600
v -0.10089100 -0.09823500 0.05791300
v -0.10089100 -0.09823500 0.05791300
v -0.10046600 -0.09809100 0.05822900
v -0.10156300 -0.09856400 0.05731100
v -0.10121400 -0.09843200 0.05760600
v -0.10125200 -0.09836800 0.05762400
v -0.10189200 -0.09870700 0.05701400
v -0.10164200 -0.09852300 0.05729200
v -0.10154100 -0.09863000 0.05725700
v -0.10232900 -0.09882500 0.05665000
v -0.10232900 -0.09882500 0.05665000
v -0.10196200 -0.09865600 0.05700300
v -0.10282700 -0.09914400 0.05606200
v -0.10252400 -0.09899200 0.05639000
v -0.10271500 -0.09900600 0.05624500
v -0.10310800 -0.09929500 0.05573900
v -0.10277300 -0.09919000 0.05604900
v -0.10342900 -0.09947900 0.05534900
v -0.10315100 -0.09924400 0.05573600
v -0.10449300 -0.10019600 0.05379900
v -0.10415100 -0.09994400 0.05434300
v -0.10419300 -0.09989000 0.05433900
v -0.10481800 -0.10046200 0.05322500
v -0.10455700 -0.10015700 0.05376000
v -0.10501700 -0.10064000 0.05284200
v -0.10485900 -0.10040600 0.05322200
v -0.10520500 -0.10082100 0.05245200
v -0.10516800 -0.10068500 0.05261700
v -0.10514800 -0.10086200 0.05244500
v -0.10485900 -0.10058700 0.05303100
v -0.10537700 -0.10100700 0.05205800
v -0.10562300 -0.10128100 0.05146100
v -0.10542400 -0.10094800 0.05204900
v -0.10583300 -0.10156100 0.05085800
v -0.10567300 -0.10123300 0.05143200
v -0.10577200 -0.10160100 0.05085900
v -0.10555700 -0.10132500 0.05146700
v -0.10595600 -0.10175100 0.05045900
v -0.10587700 -0.10150400 0.05084500
v -0.10607400 -0.10194000 0.05004100
v -0.10606900 -0.10179600 0.05021400
v -0.10617700 -0.10213100 0.04963000
v -0.10611400 -0.10217500 0.04963000
v -0.10601200 -0.10198000 0.05004400
v -0.10630100 -0.10239800 0.04905800
v -0.10622200 -0.10207300 0.04961400
v -0.10641100 -0.10270900 0.04838500
v -0.10636000 -0.10237500 0.04896000
v -0.10649100 -0.10300700 0.04774400
v -0.10645700 -0.10265100 0.04836100
v -0.10653900 -0.10329700 0.04711800
v -0.10653800 -0.10295700 0.04769900
v -0.10647200 -0.10333600 0.04713300
v -0.10642600 -0.10305200 0.04775700
v -0.10658400 -0.10323700 0.04709200
v -0.10661900 -0.10346300 0.04656200
v -0.10657700 -0.10353100 0.04657600
v -0.10652800 -0.10353800 0.04665600
v -0.10648200 -0.10358300 0.04661600
v -0.09184900 -0.09683500 0.06095300
v -0.09190200 -0.09677600 0.06096300
v -0.09229800 -0.09681500 0.06095800
v -0.09959800 -0.09776200 0.05880400
v -0.09646400 -0.09727400 0.06016300
v -0.09816300 -0.09758900 0.05948900
v -0.10380400 -0.09956200 0.05492600
v -0.10343000 -0.09940200 0.05539500
v -0.10335500 -0.09927600 0.05551100
v -0.10296900 -0.09907100 0.05596700
v -0.10382600 -0.09964400 0.05487400
v -0.10415000 -0.09978400 0.05442700
v -0.10445600 -0.10000700 0.05394800
v -0.10472800 -0.10021000 0.05348900
v -0.10499300 -0.10043400 0.05299700
v -0.10525200 -0.10068500 0.05246900
v -0.10545900 -0.10090000 0.05200000
v -0.10568400 -0.10115200 0.05144000
v -0.10622300 -0.10196900 0.04968100
v -0.10606600 -0.10168800 0.05027600
v -0.10590300 -0.10144300 0.05081400
v -0.10637200 -0.10229700 0.04898300
v -0.10646600 -0.10254600 0.04840800
v -0.10650800 -0.10268700 0.04810300
v -0.10657300 -0.10297100 0.04749600
v -0.10660800 -0.10323900 0.04692000
v -0.10659500 -0.10367600 0.04620200
v -0.10662200 -0.10359100 0.04614800
v -0.10555700 -0.10132500 0.05146700
v -0.10601100 -0.10211400 0.04978600
v -0.10652100 -0.10374200 0.04623400
v -0.10642200 -0.10374100 0.04629500
v -0.10642100 -0.10366900 0.04645000
v -0.09167700 -0.11813400 -0.01048400
v -0.09147800 -0.11817800 -0.01043100
v -0.09187700 -0.11816600 -0.01045000
v 0.09146300 -0.11817800 -0.01043100
v 0.09167100 -0.11813400 -0.01048400
v 0.09189900 -0.11816900 -0.01045000
v -0.09141800 -0.11807400 -0.01051900
v -0.09187500 -0.11809500 -0.01051000
v 0.09141400 -0.11807400 -0.01051900
v 0.09186900 -0.11809500 -0.01051000
v 0.09185300 -0.11820100 -0.01036600
v -0.09185800 -0.11820100 -0.01036600
v -0.09192000 -0.11800600 -0.01053100
v 0.09191300 -0.11800600 -0.01053100
v -0.09172300 -0.09688500 0.06092900
v 0.09184300 -0.09683500 0.06095300
v -0.09184900 -0.09683500 0.06095300
v -0.09227400 -0.09692600 0.06089300
v 0.09171700 -0.09688500 0.06092900
v 0.09190000 -0.09677600 0.06096300
v -0.09190200 -0.09677600 0.06096300
v 0.09197800 -0.09692600 0.06089300
v -0.09189800 -0.09695600 0.06084700
v 0.09232700 -0.11810800 -0.01049800
v 0.09247000 -0.11806100 -0.01052100
v 0.09311900 -0.11808300 -0.01047100
v 0.09283500 -0.11814000 -0.01045400
v 0.09226100 -0.11815100 -0.01047100
v 0.09286300 -0.11818900 -0.01039300
v 0.09350100 -0.11815200 -0.01039800
v 0.09352300 -0.11819700 -0.01033900
v 0.09420300 -0.11817100 -0.01030100
v 0.09397600 -0.11809900 -0.01037400
v 0.09487000 -0.11819200 -0.01018000
v 0.09487600 -0.11812700 -0.01021900
v 0.09572600 -0.11822500 -0.00997500
v 0.09640500 -0.11825600 -0.00977100
v 0.09579300 -0.11816400 -0.00999500
v 0.09638600 -0.11830000 -0.00971900
v 0.09599600 -0.11829300 -0.00983400
v 0.09703300 -0.11829500 -0.00955200
v 0.09665300 -0.11820700 -0.00973000
v 0.09706900 -0.11833900 -0.00948000
v 0.09768200 -0.11833400 -0.00928700
v 0.09751900 -0.11826000 -0.00940000
v 0.09784000 -0.11840200 -0.00915400
v 0.09809700 -0.11836200 -0.00910000
v 0.09869000 -0.11840600 -0.00880500
v 0.09811700 -0.11830000 -0.00913200
v 0.09930200 -0.11845600 -0.00846100
v 0.09875600 -0.11834800 -0.00881400
v 0.09968900 -0.11849000 -0.00822300
v 0.09932500 -0.11839400 -0.00849200
v 0.09965500 -0.11853400 -0.00817500
v 0.09917800 -0.11850400 -0.00846600
v 0.10007000 -0.11852400 -0.00797200
v 0.09998400 -0.11844700 -0.00809000
v 0.10003400 -0.11856800 -0.00792500
v 0.10060200 -0.11857300 -0.00759400
v 0.10047900 -0.11849300 -0.00774200
v 0.10040400 -0.11860200 -0.00766400
v 0.10076600 -0.11863600 -0.00739200
v 0.10116100 -0.11862700 -0.00715200
v 0.10106500 -0.11855100 -0.00728500
v 0.10112000 -0.11867100 -0.00710800
v 0.10164600 -0.11867500 -0.00673400
v 0.10146400 -0.11870500 -0.00681300
v 0.10179900 -0.11874000 -0.00650700
v 0.10216700 -0.11872900 -0.00623600
v 0.10173200 -0.11861700 -0.00671100
v 0.10212100 -0.11877300 -0.00619400
v 0.10261600 -0.11877600 -0.00576800
v 0.10219900 -0.11866500 -0.00626200
v 0.10243900 -0.11880700 -0.00586500
v 0.10274400 -0.11883900 -0.00553000
v 0.10308800 -0.11882600 -0.00522300
v 0.10269400 -0.11871700 -0.00574500
v 0.10303800 -0.11887000 -0.00518500
v 0.10349600 -0.11886800 -0.00470900
v 0.10312300 -0.11876200 -0.00524700
v 0.10346700 -0.11891400 -0.00464300
v 0.10390900 -0.11891100 -0.00412900
v 0.10394700 -0.11884600 -0.00415000
v 0.10385400 -0.11895500 -0.00409500
v 0.10427000 -0.11894600 -0.00357300
v 0.10430100 -0.11888100 -0.00360600
v 0.10423100 -0.11899100 -0.00351500
v 0.10462400 -0.11898000 -0.00296100
v 0.10466400 -0.11891500 -0.00298000
v 0.10456600 -0.11902300 -0.00293100
v 0.10483800 -0.11899900 -0.00255800
v 0.10496700 -0.11894000 -0.00240300
v 0.10477800 -0.11904200 -0.00253000
v 0.10512300 -0.11902200 -0.00196900
v 0.10497800 -0.11905800 -0.00212100
v 0.10516500 -0.11907100 -0.00170600
v 0.10540100 -0.11903900 -0.00130900
v 0.10535200 -0.11896800 -0.00155700
v 0.10533900 -0.11908200 -0.00128600
v 0.10556200 -0.11904700 -0.00088200
v 0.10567000 -0.11898300 -0.00071600
v 0.10550000 -0.11909000 -0.00086000
v 0.10577200 -0.11905400 -0.00026200
v 0.10572100 -0.11909500 -0.00020300
v 0.10596500 -0.11905200 0.00042800
v 0.10594500 -0.11898700 0.00016700
v 0.10590100 -0.11909500 0.00044500
v 0.10611700 -0.11904400 0.00107300
v 0.10615900 -0.11897800 0.00105400
v 0.10606000 -0.11908600 0.00112500
v 0.10624400 -0.11902800 0.00177100
v 0.10628800 -0.11896200 0.00176200
v 0.10617700 -0.11907100 0.00178300
v 0.10633400 -0.11900500 0.00242700
v 0.10637900 -0.11893900 0.00242000
v 0.10624100 -0.11905600 0.00223300
v 0.10629100 -0.11903800 0.00268500
v 0.10639400 -0.11897300 0.00313100
v 0.10643900 -0.11890700 0.00312500
v 0.10632700 -0.11901600 0.00313800
v 0.10644300 -0.11891500 0.00364000
v 0.10640400 -0.11895700 0.00370500
v 0.10647800 -0.11885600 0.00366500
v 0.10633600 -0.11900100 0.00365500
v 0.09327100 -0.11801100 -0.01047100
v 0.09368700 -0.11802500 -0.01042500
v 0.09423000 -0.11803700 -0.01034900
v 0.09479000 -0.11804400 -0.01024800
v 0.09543900 -0.11808000 -0.01010100
v 0.09605000 -0.11809100 -0.00993500
v 0.09186900 -0.11809500 -0.01051000
v 0.09191300 -0.11800600 -0.01053100
v 0.09658700 -0.11813300 -0.00976500
v 0.09735500 -0.11818100 -0.00948100
v 0.09786400 -0.11821400 -0.00926500
v 0.09838900 -0.11824400 -0.00901700
v 0.09891400 -0.11828900 -0.00874300
v 0.09949000 -0.11833400 -0.00841000
v 0.10102000 -0.11847900 -0.00733900
v 0.10162900 -0.11852600 -0.00682500
v 0.10217100 -0.11858400 -0.00631300
v 0.09189900 -0.11816900 -0.01045000
v 0.09599600 -0.11829300 -0.00983400
v 0.10004700 -0.11859000 -0.00784900
v 0.10004700 -0.11859000 -0.00784900
v 0.10004700 -0.11859000 -0.00784900
v 0.10004700 -0.11859000 -0.00784900
v 0.10131000 -0.11871300 -0.00686400
v 0.10131000 -0.11871300 -0.00686400
v 0.10131000 -0.11871300 -0.00686400
v 0.10194400 -0.11877900 -0.00626800
v 0.10274900 -0.11865000 -0.00570600
v 0.10322000 -0.11869500 -0.00515400
v 0.10354700 -0.11880500 -0.00471100
v 0.10371500 -0.11875000 -0.00451000
v 0.10413800 -0.11878400 -0.00389000
v 0.10444500 -0.11881800 -0.00339700
v 0.10469500 -0.11883100 -0.00295900
v 0.10496800 -0.11886500 -0.00243300
v 0.10524700 -0.11888400 -0.00183700
v 0.10544300 -0.11889400 -0.00136900
v 0.10563900 -0.11890300 -0.00085400
v 0.10587000 -0.11891200 -0.00015000
v 0.10605300 -0.11890900 0.00052300
v 0.10618400 -0.11890200 0.00110100
v 0.10628800 -0.11889100 0.00166000
v 0.10638900 -0.11887200 0.00236200
v 0.10645400 -0.11882600 0.00308600
v 0.10645500 -0.11887500 0.00409900
v 0.10648300 -0.11877800 0.00403600
v 0.10274100 -0.11886100 -0.00543200
v 0.10194400 -0.11877900 -0.00626800
v 0.10402700 -0.11899500 -0.00370000
v 0.10342400 -0.11893200 -0.00459200
v 0.10451700 -0.11903900 -0.00289000
v 0.10490200 -0.11907100 -0.00212900
v 0.10512500 -0.11908800 -0.00162800
v 0.10342400 -0.11893200 -0.00459200
v 0.10545700 -0.11910600 -0.00077900
v 0.10572800 -0.11911000 0.00004700
v 0.10593600 -0.11910500 0.00087300
v 0.10611500 -0.11908400 0.00182900
v 0.10638300 -0.11894600 0.00412100
v 0.10623500 -0.11904200 0.00289900
v 0.10618600 -0.11906400 0.00240000
v 0.10627800 -0.11897100 0.00412900
v 0.10657100 -0.10353100 0.04657500
v 0.10661300 -0.10346500 0.04655700
v 0.10657800 -0.10323800 0.04709100
v 0.10653300 -0.10329800 0.04711600
v 0.10652200 -0.10353900 0.04665500
v 0.10646600 -0.10333700 0.04713100
v 0.10646500 -0.10357300 0.04665600
v 0.10650300 -0.10310200 0.04753800
v 0.10653400 -0.10296000 0.04769300
v 0.10643700 -0.10314100 0.04755100
v 0.10646100 -0.10290600 0.04795900
v 0.10639500 -0.10294600 0.04797000
v 0.10637400 -0.10260800 0.04860400
v 0.10642500 -0.10256500 0.04854800
v 0.10631500 -0.10265500 0.04860000
v 0.10626100 -0.10232200 0.04921800
v 0.10627000 -0.10218100 0.04938000
v 0.10619700 -0.10236200 0.04922400
v 0.10617000 -0.10212900 0.04963400
v 0.10610700 -0.10216900 0.04963800
v 0.10606700 -0.10193800 0.05004600
v 0.10611200 -0.10188000 0.05003100
v 0.10600500 -0.10197800 0.05004900
v 0.10588900 -0.10164800 0.05066600
v 0.10594300 -0.10160600 0.05062400
v 0.10589100 -0.10178800 0.05045600
v 0.10568100 -0.10149200 0.05111600
v 0.10568800 -0.10137300 0.05126300
v 0.10565100 -0.10120000 0.05149800
v 0.10553200 -0.10118200 0.05167400
v 0.10528100 -0.10090600 0.05227100
v 0.10534800 -0.10087000 0.05221600
v 0.10530900 -0.10105500 0.05205600
v 0.10501800 -0.10065100 0.05282400
v 0.10505600 -0.10058700 0.05283000
v 0.10468500 -0.10035400 0.05346000
v 0.10476600 -0.10033100 0.05338400
v 0.10438200 -0.10011600 0.05397000
v 0.10442200 -0.10006100 0.05396900
v 0.10402500 -0.09985600 0.05452500
v 0.10407500 -0.09981100 0.05451000
v 0.10364600 -0.09961300 0.05505400
v 0.10368400 -0.09955800 0.05505700
v 0.10324700 -0.09937400 0.05557100
v 0.10332200 -0.09934200 0.05552300
v 0.10371900 -0.09974000 0.05487500
v 0.10281700 -0.09914200 0.05606700
v 0.10289200 -0.09909900 0.05604300
v 0.10264400 -0.09912600 0.05619100
v 0.10252100 -0.09899300 0.05638800
v 0.10257100 -0.09893700 0.05639400
v 0.10220600 -0.09884500 0.05670800
v 0.10219400 -0.09876100 0.05677600
v 0.10189400 -0.09870500 0.05700800
v 0.10187900 -0.09862400 0.05707300
v 0.10184400 -0.09875500 0.05698700
v 0.10156200 -0.09856700 0.05730700
v 0.10151900 -0.09847500 0.05739400
v 0.10122400 -0.09843300 0.05759400
v 0.10117100 -0.09834000 0.05768800
v 0.10118600 -0.09847500 0.05756800
v 0.10087400 -0.09830400 0.05787300
v 0.10084200 -0.09822200 0.05794400
v 0.10083800 -0.09834600 0.05784600
v 0.10050300 -0.09817600 0.05814900
v 0.10050400 -0.09810400 0.05819600
v 0.10014100 -0.09805700 0.05840400
v 0.10002300 -0.09795000 0.05852900
v 0.10010300 -0.09810800 0.05837500
v 0.09975600 -0.09794100 0.05865500
v 0.09937600 -0.09783200 0.05888900
v 0.09944800 -0.09778500 0.05889000
v 0.09935600 -0.09788700 0.05884900
v 0.09899400 -0.09773600 0.05910200
v 0.09901900 -0.09767100 0.05913400
v 0.09857700 -0.09763400 0.05932600
v 0.09857600 -0.09756300 0.05937100
v 0.09691500 -0.09729100 0.06005200
v 0.09736900 -0.09738400 0.05987900
v 0.09703100 -0.09724400 0.06004700
v 0.09687400 -0.09734000 0.06002300
v 0.09647200 -0.09722100 0.06020400
v 0.09657600 -0.09717500 0.06020500
v 0.09604000 -0.09715800 0.06033800
v 0.09611100 -0.09710600 0.06035200
v 0.09602800 -0.09721100 0.06030000
v 0.09559300 -0.09710700 0.06045800
v 0.09562900 -0.09704700 0.06048700
v 0.09512500 -0.09705400 0.06057200
v 0.09520100 -0.09699700 0.06059300
v 0.09423700 -0.09697700 0.06074600
v 0.09465400 -0.09696600 0.06070800
v 0.09465400 -0.09696600 0.06070800
v 0.09417200 -0.09690800 0.06078900
v 0.09378700 -0.09694800 0.06081200
v 0.09379000 -0.09687900 0.06084300
v 0.09331300 -0.09691500 0.06086300
v 0.09336400 -0.09685900 0.06089100
v 0.09285100 -0.09689700 0.06090000
v 0.09288900 -0.09684200 0.06093200
v 0.09279000 -0.09694400 0.06086400
v 0.09330300 -0.09696300 0.06082500
v 0.09229500 -0.09683900 0.06095800
v 0.09230800 -0.09690000 0.06091600
v 0.09229700 -0.09693900 0.06087500
v 0.10647200 -0.10258000 0.04833300
v 0.10636100 -0.10228200 0.04899800
v 0.10653200 -0.10280600 0.04785300
v 0.10659100 -0.10311500 0.04716600
v 0.10624800 -0.10202400 0.04955000
v 0.10607200 -0.10170600 0.05023900
v 0.10591500 -0.10146900 0.05075700
v 0.10579400 -0.10130200 0.05111900
v 0.10661600 -0.10359100 0.04614900
v 0.10658900 -0.10367600 0.04620100
v 0.10457400 -0.10008700 0.05374500
v 0.10425000 -0.09985600 0.05426600
v 0.10485700 -0.10032300 0.05324500
v 0.10517800 -0.10061100 0.05261500
v 0.10402400 -0.09969400 0.05460600
v 0.10369400 -0.09948500 0.05506700
v 0.10327800 -0.09924600 0.05559800
v 0.10544900 -0.10089100 0.05201300
v 0.10651500 -0.10374100 0.04623400
v 0.10639500 -0.10332100 0.04719700
v 0.10633400 -0.10295600 0.04797900
v 0.10641600 -0.10376800 0.04623700
v 0.10601400 -0.10208600 0.04984500
v 0.10601400 -0.10208600 0.04984500
v 0.10530900 -0.10105500 0.05205600
v 0.09190000 -0.09677600 0.06096300
v 0.09184300 -0.09683500 0.06095300
v 0.10010300 -0.09810800 0.05837500
v 0.09935600 -0.09788700 0.05884900
v 0.09197800 -0.09692600 0.06089300
v 0.09216500 -0.09695600 0.06084700
v 0.09602800 -0.09721100 0.06030000
v 0.10646900 -0.11388900 0.02437100
v 0.10647300 -0.11353600 0.02515000
v 0.10643000 -0.11347100 0.02537300
v 0.10640300 -0.11390600 0.02444200
v 0.10650300 -0.11340500 0.02534500
v 0.10651200 -0.11384400 0.02430600
v 0.10652300 -0.11350200 0.02502700
v 0.10646600 -0.11427300 0.02348700
v 0.10639900 -0.11430700 0.02352100
v 0.10650900 -0.11422400 0.02343200
v 0.10646200 -0.11471000 0.02243400
v 0.10639600 -0.11472500 0.02251400
v 0.10650400 -0.11465900 0.02238100
v 0.10645800 -0.11518400 0.02121700
v 0.10639200 -0.11515800 0.02141100
v 0.10650300 -0.11499500 0.02152300
v 0.10650000 -0.11533700 0.02061400
v 0.10645500 -0.11553900 0.02025000
v 0.10638900 -0.11555700 0.02033600
v 0.10645200 -0.11587900 0.01927900
v 0.10649600 -0.11570200 0.01958800
v 0.10649500 -0.11606300 0.01851100
v 0.10644900 -0.11621600 0.01825200
v 0.10638300 -0.11621500 0.01840400
v 0.10644700 -0.11648800 0.01737500
v 0.10649000 -0.11641100 0.01740200
v 0.10644500 -0.11674800 0.01649000
v 0.10637900 -0.11659700 0.01717000
v 0.10648800 -0.11667200 0.01651600
v 0.10644300 -0.11699300 0.01560800
v 0.10637700 -0.11692600 0.01602300
v 0.10648600 -0.11690700 0.01567200
v 0.10644000 -0.11729200 0.01445400
v 0.10637300 -0.11727900 0.01469300
v 0.10648200 -0.11721000 0.01450900
v 0.10643800 -0.11754200 0.01340000
v 0.10637100 -0.11762400 0.01324600
v 0.10648100 -0.11748400 0.01335700
v 0.10643500 -0.11779100 0.01226700
v 0.10647900 -0.11773600 0.01220400
v 0.10643300 -0.11801900 0.01111100
v 0.10636700 -0.11805200 0.01117500
v 0.10647700 -0.11795900 0.01106700
v 0.10643100 -0.11821500 0.01001800
v 0.10636500 -0.11827100 0.00995800
v 0.10647500 -0.11811500 0.01019900
v 0.10647400 -0.11829200 0.00912100
v 0.10642900 -0.11844400 0.00855600
v 0.10647300 -0.11842900 0.00816500
v 0.10642800 -0.11862400 0.00718500
v 0.10636300 -0.11849800 0.00848900
v 0.10647100 -0.11855100 0.00722900
v 0.10642700 -0.11874400 0.00609600
v 0.10636100 -0.11867300 0.00714500
v 0.10647100 -0.11867400 0.00612100
v 0.10642600 -0.11883400 0.00513600
v 0.10636000 -0.11879000 0.00608300
v 0.10646900 -0.11876400 0.00517200
v 0.10638300 -0.11894600 0.00412100
v 0.10642600 -0.11890000 0.00428400
v 0.10636000 -0.11888300 0.00508100
v 0.10645500 -0.11887500 0.00409900
v 0.10647600 -0.11881100 0.00437600
v 0.10637400 -0.11369800 0.02493900
v 0.10632200 -0.11414600 0.02393400
v 0.10631700 -0.11455500 0.02296900
v 0.10632000 -0.11487600 0.02217600
v 0.10631200 -0.11511700 0.02156000
v 0.10631200 -0.11546400 0.02063600
v 0.10633200 -0.11345700 0.02546000
v 0.10630700 -0.11581300 0.01965500
v 0.10638600 -0.11588600 0.01939300
v 0.10630600 -0.11610700 0.01878100
v 0.10630700 -0.11632300 0.01811200
v 0.10630100 -0.11653900 0.01741300
v 0.10629800 -0.11682100 0.01645400
v 0.10629500 -0.11710600 0.01541700
v 0.10652700 -0.11378800 0.02426300
v 0.10652200 -0.11434800 0.02294500
v 0.10651600 -0.11498500 0.02134900
v 0.10651900 -0.11474000 0.02198100
v 0.10653100 -0.11327900 0.02537000
v 0.10651300 -0.11534500 0.02037500
v 0.10651000 -0.11569400 0.01938900
v 0.10650700 -0.11604800 0.01833500
v 0.10650400 -0.11642900 0.01707800
v 0.10650100 -0.11677100 0.01589300
v 0.10649900 -0.11698500 0.01509100
v 0.10629300 -0.11734300 0.01449400
v 0.10629500 -0.11750100 0.01383700
v 0.10629100 -0.11767400 0.01308800
v 0.10629200 -0.11787600 0.01215000
v 0.10636800 -0.11787700 0.01206700
v 0.10629100 -0.11809800 0.01102000
v 0.10629300 -0.11830500 0.00984000
v 0.10628200 -0.11861200 0.00775700
v 0.10628200 -0.11875000 0.00660900
v 0.10628500 -0.11847000 0.00878500
v 0.10627900 -0.11886200 0.00550000
v 0.10632200 -0.11895000 0.00442500
v 0.10627800 -0.11897100 0.00412900
v 0.10649700 -0.11722300 0.01415200
v 0.10649500 -0.11747100 0.01308300
v 0.10649100 -0.11795100 0.01067400
v 0.10648900 -0.11818200 0.00933900
v 0.10648700 -0.11833600 0.00831400
v 0.10649300 -0.11770400 0.01198900
v 0.10648500 -0.11854900 0.00660700
v 0.10648400 -0.11869300 0.00518900
v 0.10648600 -0.11842600 0.00764100
v 0.10648300 -0.11877800 0.00403600
v 0.10655500 -0.10380700 0.04602000
v 0.10659600 -0.10402300 0.04540800
v 0.10658900 -0.10367600 0.04620100
v 0.10651800 -0.11299000 0.02617700
v 0.10647200 -0.11332200 0.02561500
v 0.10650300 -0.11340500 0.02534500
v 0.10648800 -0.10411800 0.04545300
v 0.10651500 -0.10374100 0.04623400
v 0.10641000 -0.11308500 0.02622200
v 0.10643000 -0.11347100 0.02537300
v 0.10653100 -0.11327900 0.02537000
v 0.10661600 -0.10359100 0.04614900
v 0.10661100 -0.10371500 0.04597500
v 0.10652800 -0.11322700 0.02557700
v 0.10645300 -0.10385400 0.04604600
v 0.10641600 -0.10376800 0.04623700
v 0.10633200 -0.11345700 0.02546000
v 0.10637000 -0.11337000 0.02563900
v 0.09192300 -0.10772800 0.03757400
v 0.09192300 -0.10795200 0.03726500
v 0.09361300 -0.10790100 0.03737400
v 0.09645600 -0.10733400 0.03841800
v 0.09526800 -0.10774900 0.03770100
v 0.09685500 -0.10749900 0.03823700
v 0.09834100 -0.10715600 0.03897300
v 0.10013200 -0.10627100 0.04069800
v 0.09969700 -0.10672700 0.03989300
v 0.10089500 -0.10622100 0.04097800
v 0.09842800 -0.10687600 0.03940200
v 0.09358700 -0.10733500 0.03789500
v 0.09951700 -0.10612900 0.04048300
v 0.09676700 -0.10692100 0.03878400
v 0.10191000 -0.10564800 0.04220700
v 0.10272100 -0.10502000 0.04355400
v 0.10152900 -0.10553900 0.04226800
v 0.10256600 -0.10470700 0.04405300
v 0.10159100 -0.10502900 0.04284100
v 0.10331300 -0.10434900 0.04499200
v 0.10065100 -0.10561200 0.04159100
v 0.10320400 -0.10380600 0.04598500
v 0.10367300 -0.10364900 0.04649200
v 0.10342000 -0.10287000 0.04799300
v 0.10379400 -0.10293600 0.04802300
v 0.10367300 -0.10222200 0.04955400
v 0.10272100 -0.10085100 0.05249300
v 0.10248800 -0.10095400 0.05210100
v 0.10331300 -0.10152200 0.05105400
v 0.10317700 -0.10187600 0.05012300
v 0.10089500 -0.09965000 0.05506900
v 0.10140300 -0.10012100 0.05388800
v 0.10191000 -0.10022300 0.05384000
v 0.09969700 -0.09914400 0.05615400
v 0.09834100 -0.09871500 0.05707400
v 0.09823900 -0.09881000 0.05669800
v 0.09997200 -0.09940000 0.05543200
v 0.09685500 -0.09837200 0.05781000
v 0.09361300 -0.09797000 0.05867200
v 0.09413800 -0.09810200 0.05821600
v 0.09526800 -0.09812200 0.05834600
v 0.09627000 -0.09837200 0.05763800
v 0.09192300 -0.09801100 0.05841200
v 0.10280700 -0.10372000 0.04564800
v 0.09192300 -0.10738800 0.03778200
v 0.10305600 -0.10231700 0.04865600
v 0.09521400 -0.10717800 0.03823100
v 0.10305600 -0.10302300 0.04714300
v 0.10231500 -0.10094600 0.05159600
v 0.10280700 -0.10162000 0.05015100
v 0.10159100 -0.10031100 0.05295800
v 0.10065100 -0.09972800 0.05420800
v 0.09676700 -0.09841900 0.05701500
v 0.09951700 -0.09921200 0.05531600
v 0.09521400 -0.09816200 0.05756800
v 0.09192300 -0.09795200 0.05801700
v 0.09358700 -0.09800500 0.05790400
v 0.08957300 -0.09811400 0.05819100
v 0.09023400 -0.09797000 0.05867200
v 0.08857900 -0.09812200 0.05834600
v 0.08739100 -0.09840500 0.05756800
v 0.08699200 -0.09837200 0.05781000
v 0.08541900 -0.09886400 0.05658400
v 0.08550600 -0.09871500 0.05707400
v 0.08415000 -0.09914400 0.05615400
v 0.08295200 -0.09965000 0.05506900
v 0.08193700 -0.10022300 0.05384000
v 0.08231800 -0.10020000 0.05371700
v 0.08371500 -0.09946800 0.05528700
v 0.09026000 -0.09800500 0.05790400
v 0.08708000 -0.09841900 0.05701500
v 0.08863300 -0.09816200 0.05756800
v 0.08128100 -0.10103200 0.05193200
v 0.08225600 -0.10031100 0.05295800
v 0.08112600 -0.10085100 0.05249300
v 0.08053400 -0.10152200 0.05105400
v 0.08319500 -0.09972800 0.05420800
v 0.08433000 -0.09921200 0.05531600
v 0.08064300 -0.10193300 0.05000000
v 0.08017400 -0.10222200 0.04955400
v 0.08042700 -0.10287000 0.04799300
v 0.08005300 -0.10293600 0.04802300
v 0.08017400 -0.10364900 0.04649200
v 0.08112600 -0.10502000 0.04355400
v 0.08135900 -0.10478500 0.04388500
v 0.08053400 -0.10434900 0.04499200
v 0.08067000 -0.10386300 0.04586200
v 0.08295200 -0.10622100 0.04097800
v 0.08244400 -0.10561800 0.04209800
v 0.08193700 -0.10564800 0.04220700
v 0.08415000 -0.10672700 0.03989300
v 0.08550600 -0.10715600 0.03897300
v 0.08560800 -0.10692900 0.03928700
v 0.08387500 -0.10633900 0.04055300
v 0.08699200 -0.10749900 0.03823700
v 0.09023400 -0.10790100 0.03737400
v 0.08970900 -0.10763700 0.03776900
v 0.08857900 -0.10774900 0.03770100
v 0.08757700 -0.10736700 0.03834700
v 0.09192300 -0.10795200 0.03726500
v 0.09192300 -0.10772800 0.03757400
v 0.08104000 -0.10162000 0.05015100
v 0.08079100 -0.10302300 0.04714300
v 0.08079100 -0.10231700 0.04865600
v 0.08153200 -0.10439400 0.04420300
v 0.08104000 -0.10372000 0.04564800
v 0.08225600 -0.10502900 0.04284100
v 0.08319500 -0.10561200 0.04159100
v 0.08708000 -0.10692100 0.03878400
v 0.09026000 -0.10733500 0.03789500
v 0.08863300 -0.10717800 0.03823100
v 0.08433000 -0.10612900 0.04048300
v 0.10634400 -0.11476600 0.00212400
v 0.10643800 -0.11472400 0.00306400
v 0.10638000 -0.11492200 0.00212500
v 0.10619800 -0.11447800 0.00213200
v 0.10629200 -0.11443600 0.00305800
v 0.10628400 -0.11461800 0.00212600
v 0.10637700 -0.11457600 0.00306000
v 0.10598100 -0.11425900 0.00215200
v 0.10607200 -0.11421700 0.00306000
v 0.10609800 -0.11436000 0.00214000
v 0.10619000 -0.11431800 0.00305800
v 0.10569300 -0.11411300 0.00218400
v 0.10578300 -0.11407100 0.00307100
v 0.10584100 -0.11417300 0.00216700
v 0.10593200 -0.11413100 0.00306400
v 0.10554400 -0.11407800 0.00220200
v 0.10563300 -0.11403600 0.00307900
v 0.10597300 -0.11480800 0.00026700
v 0.10583100 -0.11451900 0.00030300
v 0.10561900 -0.11430000 0.00035800
v 0.10533900 -0.11415400 0.00043200
v 0.10522800 -0.11450500 -0.00146800
v 0.10536200 -0.11479500 -0.00153000
v 0.10502400 -0.11428500 -0.00137900
v 0.10475500 -0.11414000 -0.00126400
v 0.10440000 -0.11444300 -0.00314300
v 0.10452400 -0.11473500 -0.00322900
v 0.10420900 -0.11422300 -0.00302200
v 0.10395400 -0.11408000 -0.00286700
v 0.10335900 -0.11434300 -0.00470000
v 0.10318300 -0.11412200 -0.00454800
v 0.10294700 -0.11398200 -0.00435600
v 0.10212600 -0.11421800 -0.00610600
v 0.10347000 -0.11463800 -0.00480800
v 0.10196800 -0.11399600 -0.00592600
v 0.10175500 -0.11386000 -0.00569900
v 0.10071500 -0.11407900 -0.00734500
v 0.10222300 -0.11451600 -0.00623300
v 0.10057800 -0.11385700 -0.00713900
v 0.10039200 -0.11372400 -0.00688100
v 0.09914900 -0.11394200 -0.00839200
v 0.10079700 -0.11438100 -0.00748800
v 0.09903600 -0.11371900 -0.00816600
v 0.09888100 -0.11359000 -0.00787900
v 0.09747100 -0.11382000 -0.00922200
v 0.09921500 -0.11424800 -0.00854900
v 0.09738400 -0.11359700 -0.00897800
v 0.09726400 -0.11347100 -0.00866800
v 0.09571800 -0.11372400 -0.00982200
v 0.09752100 -0.11412900 -0.00938800
v 0.09565900 -0.11350000 -0.00956600
v 0.09557500 -0.11337700 -0.00923900
v 0.09389800 -0.11381200 -0.01030000
v 0.09388700 -0.11366100 -0.01019600
v 0.09575100 -0.11403500 -0.00999500
v 0.09390400 -0.11397500 -0.01037300
v 0.09387400 -0.11353800 -0.01007300
v 0.09385600 -0.11343800 -0.00993100
v 0.09383600 -0.11336000 -0.00976500
v 0.09381300 -0.11331600 -0.00959400
v 0.09291800 -0.11395800 -0.01047400
v 0.09390600 -0.11414600 -0.01041600
v 0.09291000 -0.11364400 -0.01029600
v 0.09291500 -0.11379500 -0.01040100
v 0.09289400 -0.11342000 -0.01003000
v 0.09290300 -0.11352000 -0.01017300
v 0.09287200 -0.11329900 -0.00968900
v 0.09288400 -0.11334300 -0.00986200
v 0.09286100 -0.11328700 -0.00952000
v 0.09379000 -0.11330300 -0.00942600
v 0.10647400 -0.11488000 0.00307000
v 0.10651700 -0.11497600 0.00403600
v 0.10649900 -0.11502000 0.00331600
v 0.10644200 -0.11506500 0.00256700
v 0.10622200 -0.11511300 0.00112200
v 0.10644300 -0.11459100 0.00400800
v 0.10588800 -0.11511900 -0.00019600
v 0.10566200 -0.11511600 -0.00088100
v 0.10540300 -0.11510600 -0.00155300
v 0.10479200 -0.11506700 -0.00284400
v 0.10405900 -0.11500600 -0.00406900
v 0.10364600 -0.11496900 -0.00465600
v 0.10320300 -0.11492700 -0.00522400
v 0.10224300 -0.11483700 -0.00628400
v 0.10118900 -0.11474000 -0.00724200
v 0.10622700 -0.11426500 0.00398500
v 0.10590100 -0.11404600 0.00396900
v 0.10551700 -0.11396900 0.00396400
v 0.10544900 -0.11404800 0.00264200
v 0.10525000 -0.11409400 0.00134000
v 0.10492100 -0.11411000 0.00006000
v 0.10389000 -0.11405800 -0.00236000
v 0.10319600 -0.11399600 -0.00349600
v 0.10239200 -0.11391800 -0.00455300
v 0.10446600 -0.11409700 -0.00117500
v 0.10149300 -0.11382900 -0.00551900
v 0.10062600 -0.11469000 -0.00768200
v 0.10004000 -0.11464100 -0.00809600
v 0.09943300 -0.11459200 -0.00848100
v 0.09881000 -0.11454600 -0.00883500
v 0.09618000 -0.11438900 -0.00992800
v 0.09548600 -0.11436000 -0.01012100
v 0.09478300 -0.11433500 -0.01028000
v 0.09407400 -0.11431500 -0.01040400
v 0.09291900 -0.11412900 -0.01051700
v 0.09336200 -0.11430100 -0.01049300
v 0.09264500 -0.11429300 -0.01054600
v 0.09192300 -0.11429000 -0.01056400
v 0.09192400 -0.11386500 -0.01047300
v 0.09943700 -0.11363700 -0.00716500
v 0.09710100 -0.11346200 -0.00838200
v 0.09829500 -0.11354400 -0.00783300
v 0.09585600 -0.11339200 -0.00882100
v 0.10050800 -0.11373300 -0.00639000
v 0.09456400 -0.11334000 -0.00913700
v 0.09192300 -0.11351900 -0.01021100
v 0.09192400 -0.11331600 -0.00982600
v 0.09325200 -0.11330700 -0.00932800
v 0.09192300 -0.11329600 -0.00939200
v 0.10648000 -0.11043600 0.02147900
v 0.10648400 -0.10999100 0.02251400
v 0.10653700 -0.11061500 0.02155300
v 0.10625600 -0.11012500 0.02134900
v 0.10626000 -0.10968200 0.02237900
v 0.10638600 -0.11027200 0.02141000
v 0.10639000 -0.10982800 0.02244300
v 0.10591800 -0.10992200 0.02126600
v 0.10592200 -0.10948100 0.02229100
v 0.10609600 -0.11000600 0.02130000
v 0.10610000 -0.10956500 0.02232800
v 0.10573400 -0.10987300 0.02124600
v 0.10573700 -0.10943300 0.02227100
v 0.10647300 -0.11126300 0.01938100
v 0.10624800 -0.11094600 0.01926500
v 0.10591100 -0.11074000 0.01918900
v 0.10624200 -0.11168300 0.01714800
v 0.10646700 -0.11200400 0.01725200
v 0.10590400 -0.11147400 0.01708100
v 0.10623600 -0.11233400 0.01500400
v 0.10589900 -0.11212200 0.01494500
v 0.10623100 -0.11289600 0.01283500
v 0.10645600 -0.11322500 0.01291200
v 0.10589400 -0.11268300 0.01278500
v 0.10622700 -0.11337100 0.01064500
v 0.10645200 -0.11370200 0.01070900
v 0.10589000 -0.11315500 0.01060300
v 0.10622400 -0.11375600 0.00843700
v 0.10644900 -0.11409000 0.00848800
v 0.10588600 -0.11353900 0.00840400
v 0.10635200 -0.11421000 0.00623300
v 0.10622100 -0.11405200 0.00621600
v 0.10644600 -0.11438700 0.00625300
v 0.10606200 -0.11392500 0.00620200
v 0.10588400 -0.11383400 0.00619200
v 0.10644500 -0.11450200 0.00513200
v 0.10650200 -0.11458000 0.00627500
v 0.10622000 -0.11416600 0.00510100
v 0.10635100 -0.11432400 0.00511600
v 0.10588300 -0.11394700 0.00508100
v 0.10606100 -0.11403800 0.00509000
v 0.10569800 -0.11389500 0.00507700
v 0.10569900 -0.11378100 0.00618600
v 0.10649000 -0.10952100 0.02355500
v 0.10656100 -0.10987200 0.02370200
v 0.10654100 -0.11016800 0.02259200
v 0.10655700 -0.11039600 0.02254400
v 0.10655200 -0.11089400 0.02137200
v 0.10627100 -0.10922600 0.02340200
v 0.10654400 -0.11181300 0.01899100
v 0.10654800 -0.11136700 0.02018800
v 0.10654100 -0.11223200 0.01778300
v 0.10653700 -0.11262300 0.01656500
v 0.10646100 -0.11265900 0.01509500
v 0.10653400 -0.11298700 0.01533800
v 0.10594600 -0.10902700 0.02331100
v 0.10555700 -0.10947200 0.02214200
v 0.10556100 -0.10895700 0.02328000
v 0.10554800 -0.11042500 0.01982800
v 0.10555200 -0.10996100 0.02099100
v 0.10554400 -0.11086300 0.01865300
v 0.10553700 -0.11165900 0.01627000
v 0.10553100 -0.11234600 0.01385100
v 0.10553400 -0.11201700 0.01506500
v 0.10554000 -0.11127100 0.01747800
v 0.10653100 -0.11332300 0.01410200
v 0.10652400 -0.11416000 0.01035500
v 0.10652600 -0.11390900 0.01161000
v 0.10652200 -0.11438100 0.00909600
v 0.10652000 -0.11457300 0.00783400
v 0.10652800 -0.11363100 0.01285900
v 0.10651700 -0.11487000 0.00530200
v 0.10651900 -0.11473600 0.00656900
v 0.10650100 -0.11469500 0.00515000
v 0.10651700 -0.11497600 0.00403600
v 0.10644300 -0.11459100 0.00400800
v 0.10622700 -0.11426500 0.00398500
v 0.10552800 -0.11264800 0.01263000
v 0.10552600 -0.11292200 0.01140500
v 0.10552200 -0.11338500 0.00893400
v 0.10552400 -0.11316800 0.01017100
v 0.10552000 -0.11357400 0.00769400
v 0.10551900 -0.11373400 0.00645200
v 0.10590100 -0.11404600 0.00396900
v 0.10551700 -0.11386900 0.00518100
v 0.10551700 -0.11396900 0.00396400
v 0.10645100 -0.10887900 0.02470800
v 0.10636900 -0.10895100 0.02425200
v 0.10637900 -0.10782700 0.02666400
v 0.10652400 -0.10808000 0.02678200
v 0.10649000 -0.10952100 0.02355500
v 0.10644400 -0.10033000 0.04274100
v 0.10658900 -0.10058300 0.04285900
v 0.10653300 -0.09950800 0.04480400
v 0.10658100 -0.09904900 0.04601100
v 0.10645400 -0.09920500 0.04515300
v 0.10626900 -0.10847300 0.02499700
v 0.10614800 -0.10875300 0.02416100
v 0.10615800 -0.10762900 0.02657300
v 0.10622300 -0.10013200 0.04265000
v 0.10634800 -0.09946800 0.04430800
v 0.10623300 -0.09900700 0.04506200
v 0.10602400 -0.10845200 0.02462300
v 0.10587100 -0.10862600 0.02410300
v 0.10588100 -0.10750100 0.02651400
v 0.10594600 -0.10000500 0.04259200
v 0.10610500 -0.09916700 0.04453500
v 0.10595600 -0.09888000 0.04500400
v 0.10580200 -0.09892700 0.04481200
v 0.10655600 -0.10925800 0.02463900
v 0.10657100 -0.10876700 0.02607200
v 0.10656100 -0.10987200 0.02370200
v 0.10627100 -0.10922600 0.02340200
v 0.10664300 -0.10048100 0.04384100
v 0.10663900 -0.09969900 0.04513800
v 0.10665300 -0.09937600 0.04621100
v 0.10636300 -0.09873000 0.04591100
v 0.10594600 -0.10902700 0.02331100
v 0.10571900 -0.10850900 0.02426300
v 0.10556100 -0.10895700 0.02328000
v 0.10557100 -0.10785200 0.02564900
v 0.10603700 -0.09853100 0.04581900
v 0.10564300 -0.09956600 0.04341900
v 0.10565300 -0.09846100 0.04578800
v 0.09569600 -0.09254100 0.06028700
v 0.09379200 -0.09237400 0.06066200
v 0.09570300 -0.09284300 0.06045200
v 0.09566000 -0.09231800 0.06004400
v 0.09377400 -0.09215000 0.06041600
v 0.09559700 -0.09218700 0.05974600
v 0.09374300 -0.09201900 0.06011000
v 0.09551600 -0.09216200 0.05942400
v 0.09370200 -0.09199700 0.05977900
v 0.09738500 -0.09279100 0.05972300
v 0.09739600 -0.09308900 0.05989000
v 0.09733100 -0.09257100 0.05948600
v 0.09724200 -0.09243800 0.05919900
v 0.09712500 -0.09240900 0.05889200
v 0.09904000 -0.09314300 0.05893100
v 0.09905800 -0.09343500 0.05909900
v 0.09897000 -0.09292500 0.05870200
v 0.09885500 -0.09279200 0.05843000
v 0.09870600 -0.09275700 0.05814300
v 0.10057000 -0.09357900 0.05794800
v 0.10059500 -0.09386400 0.05811600
v 0.10048400 -0.09336500 0.05772900
v 0.10034600 -0.09323100 0.05747500
v 0.10016900 -0.09319000 0.05721200
v 0.10194700 -0.09409000 0.05679900
v 0.10198100 -0.09436700 0.05696600
v 0.10184600 -0.09388000 0.05659300
v 0.10168800 -0.09374400 0.05636000
v 0.10148800 -0.09369700 0.05612200
v 0.10316000 -0.09466500 0.05550500
v 0.10320500 -0.09493500 0.05566900
v 0.10304500 -0.09445900 0.05531300
v 0.10287200 -0.09432300 0.05510300
v 0.10265400 -0.09426800 0.05489300
v 0.10419100 -0.09529200 0.05409700
v 0.10424700 -0.09555500 0.05425700
v 0.10406500 -0.09509100 0.05392000
v 0.10388000 -0.09495300 0.05373400
v 0.10364800 -0.09489100 0.05355300
v 0.10504300 -0.09596600 0.05258800
v 0.10511000 -0.09622000 0.05274000
v 0.10490700 -0.09576800 0.05242700
v 0.10471200 -0.09562900 0.05226500
v 0.10447100 -0.09556000 0.05211300
v 0.10570500 -0.09667600 0.05099600
v 0.10578300 -0.09692200 0.05114000
v 0.10556100 -0.09648200 0.05085400
v 0.10536100 -0.09634200 0.05071700
v 0.10511500 -0.09626700 0.05059300
v 0.10617000 -0.09740700 0.04935800
v 0.10625800 -0.09764700 0.04949000
v 0.10602100 -0.09721800 0.04923400
v 0.10581700 -0.09707700 0.04912100
v 0.10557000 -0.09699600 0.04902600
v 0.10649900 -0.09827000 0.04774500
v 0.10644100 -0.09815500 0.04768500
v 0.10653800 -0.09838800 0.04780500
v 0.10637200 -0.09805700 0.04763200
v 0.10628800 -0.09796900 0.04758100
v 0.10608400 -0.09782800 0.04749200
v 0.10596300 -0.09777600 0.04745500
v 0.10583900 -0.09774000 0.04742400
v 0.10660400 -0.09876200 0.04695400
v 0.10663800 -0.09896500 0.04692200
v 0.10646700 -0.09845900 0.04686100
v 0.10656300 -0.09864600 0.04689700
v 0.10634900 -0.09834800 0.04674700
v 0.10595500 -0.09813500 0.04660700
v 0.10614600 -0.09820700 0.04667000
v 0.10573000 -0.09807500 0.04661600
v 0.10566100 -0.09770400 0.04741400
v 0.09565700 -0.09315500 0.06051500
v 0.09490600 -0.09307700 0.06069000
v 0.09709200 -0.09335500 0.06005900
v 0.09637800 -0.09324800 0.06030600
v 0.09779100 -0.09347800 0.05977700
v 0.09268000 -0.09295300 0.06097600
v 0.09379500 -0.09268000 0.06082700
v 0.09192200 -0.09246300 0.06087600
v 0.09192300 -0.09294800 0.06099600
v 0.09343800 -0.09297800 0.06091700
v 0.09417100 -0.09301700 0.06082300
v 0.09844200 -0.09360700 0.05947400
v 0.10030800 -0.09408800 0.05837600
v 0.09971900 -0.09391300 0.05876300
v 0.10146900 -0.09448000 0.05748500
v 0.10206700 -0.09470800 0.05694700
v 0.10088200 -0.09426600 0.05795800
v 0.10258000 -0.09493100 0.05643500
v 0.09908300 -0.09375400 0.05913900
v 0.10306300 -0.09516200 0.05590400
v 0.10351700 -0.09540200 0.05535300
v 0.09192600 -0.09194100 0.06006300
v 0.09192300 -0.09209800 0.06053700
v 0.09192300 -0.09203300 0.05957300
v 0.09316000 -0.09205900 0.05951800
v 0.09442700 -0.09214000 0.05934300
v 0.09571000 -0.09228100 0.05904100
v 0.09698900 -0.09248400 0.05860500
v 0.09762000 -0.09261000 0.05833600
v 0.09945300 -0.09308100 0.05732500
v 0.10059600 -0.09347200 0.05648800
v 0.10003400 -0.09326900 0.05692200
v 0.10165100 -0.09391700 0.05553200
v 0.10260200 -0.09441100 0.05447300
v 0.10214100 -0.09415900 0.05501500
v 0.10303400 -0.09467400 0.05390900
v 0.10113500 -0.09368800 0.05602400
v 0.09824300 -0.09275100 0.05803200
v 0.09885500 -0.09290900 0.05769500
v 0.10504600 -0.09644300 0.05295700
v 0.10535200 -0.09672100 0.05231900
v 0.10560200 -0.09698000 0.05173000
v 0.10605700 -0.09754500 0.05041000
v 0.10583700 -0.09724800 0.05109900
v 0.10624300 -0.09785000 0.04971200
v 0.10394200 -0.09565000 0.05478200
v 0.10428000 -0.09586500 0.05428300
v 0.10470700 -0.09617100 0.05358400
v 0.10639500 -0.09815700 0.04900500
v 0.10655800 -0.09851200 0.04786500
v 0.10651100 -0.09846500 0.04830700
v 0.10659100 -0.09876800 0.04761000
v 0.10665300 -0.09937600 0.04621100
v 0.10658100 -0.09904900 0.04601100
v 0.10636300 -0.09873000 0.04591100
v 0.10380300 -0.09522500 0.05272800
v 0.10343500 -0.09494600 0.05332700
v 0.10513600 -0.09669400 0.04957600
v 0.10543300 -0.09729300 0.04829300
v 0.10530100 -0.09699400 0.04893400
v 0.10443800 -0.09580200 0.05149000
v 0.10413700 -0.09551100 0.05211400
v 0.10470500 -0.09609700 0.05085700
v 0.10493700 -0.09639500 0.05021800
v 0.10603700 -0.09853100 0.04581900
v 0.10565300 -0.09846100 0.04578800
v -0.10654400 -0.09838900 0.04780200
v -0.10660900 -0.09876300 0.04695200
v -0.10664300 -0.09895700 0.04694000
v -0.10644700 -0.09815600 0.04768300
v -0.10647300 -0.09846000 0.04686000
v -0.10656900 -0.09864600 0.04689600
v -0.10650500 -0.09827100 0.04774300
v -0.10629400 -0.09797000 0.04757800
v -0.10635500 -0.09834900 0.04674500
v -0.10584500 -0.09774200 0.04742200
v -0.10590900 -0.09811700 0.04661300
v -0.10603200 -0.09815400 0.04663700
v -0.10596900 -0.09777700 0.04745200
v -0.10615200 -0.09820700 0.04666800
v -0.10566500 -0.09770400 0.04741200
v -0.10573000 -0.09805700 0.04665500
v -0.10626300 -0.09764600 0.04949300
v -0.10617500 -0.09740600 0.04936100
v -0.10637800 -0.09805900 0.04762900
v -0.10602600 -0.09721600 0.04923700
v -0.10582200 -0.09707600 0.04912400
v -0.10609000 -0.09782900 0.04749000
v -0.10557500 -0.09699400 0.04902900
v -0.10571000 -0.09667400 0.05099900
v -0.10556600 -0.09648100 0.05085700
v -0.10536600 -0.09634100 0.05071900
v -0.10512000 -0.09626600 0.05059600
v -0.10505100 -0.09596800 0.05258200
v -0.10578800 -0.09692100 0.05114200
v -0.10491500 -0.09577000 0.05242200
v -0.10472100 -0.09563100 0.05226000
v -0.10448000 -0.09556300 0.05210800
v -0.10419700 -0.09529200 0.05409800
v -0.10511900 -0.09622200 0.05273400
v -0.10407100 -0.09509100 0.05392000
v -0.10388600 -0.09495300 0.05373400
v -0.10365300 -0.09489100 0.05355300
v -0.10316000 -0.09466300 0.05551100
v -0.10425300 -0.09555400 0.05425700
v -0.10304600 -0.09445700 0.05531900
v -0.10287300 -0.09432000 0.05510900
v -0.10265500 -0.09426600 0.05489900
v -0.10195400 -0.09409000 0.05679800
v -0.10320600 -0.09493300 0.05567600
v -0.10185300 -0.09388000 0.05659100
v -0.10169600 -0.09374500 0.05635900
v -0.10149500 -0.09369700 0.05612100
v -0.10057400 -0.09357900 0.05794900
v -0.10198900 -0.09436800 0.05696500
v -0.10048800 -0.09336500 0.05773000
v -0.10035000 -0.09323000 0.05747700
v -0.10017300 -0.09319000 0.05721300
v -0.09904700 -0.09314300 0.05893100
v -0.10060000 -0.09386400 0.05811700
v -0.09897700 -0.09292500 0.05870200
v -0.09886100 -0.09279200 0.05843000
v -0.09871200 -0.09275800 0.05814300
v -0.09743800 -0.09280000 0.05970400
v -0.09906400 -0.09343500 0.05909800
v -0.09738500 -0.09257900 0.05946700
v -0.09729400 -0.09244700 0.05918000
v -0.09717700 -0.09241800 0.05887400
v -0.09563000 -0.09253200 0.06030600
v -0.09745000 -0.09309700 0.05987000
v -0.09559400 -0.09231000 0.06006300
v -0.09553200 -0.09217800 0.05976400
v -0.09545200 -0.09215300 0.05944300
v -0.09379900 -0.09237400 0.06066200
v -0.09563600 -0.09283500 0.06047100
v -0.09378100 -0.09215000 0.06041600
v -0.09374900 -0.09201900 0.06011000
v -0.09370900 -0.09199700 0.05977900
v -0.10658700 -0.09904900 0.04601100
v -0.10665900 -0.09937600 0.04621100
v -0.10656400 -0.09851300 0.04786200
v -0.10659800 -0.09877000 0.04760400
v -0.10650600 -0.09844900 0.04838400
v -0.10636900 -0.09873000 0.04591100
v -0.10640600 -0.09817000 0.04898600
v -0.10608200 -0.09757800 0.05034600
v -0.10626000 -0.09787200 0.04967000
v -0.10587400 -0.09728900 0.05101100
v -0.10563300 -0.09700500 0.05166600
v -0.10536200 -0.09672400 0.05231000
v -0.10505800 -0.09644900 0.05294500
v -0.10472100 -0.09617700 0.05356900
v -0.10435300 -0.09591200 0.05417900
v -0.10395600 -0.09565500 0.05477100
v -0.10604300 -0.09853100 0.04581900
v -0.10565900 -0.09846100 0.04578800
v -0.10530700 -0.09699400 0.04893400
v -0.10543900 -0.09729300 0.04829300
v -0.10514200 -0.09669400 0.04957600
v -0.10444400 -0.09580200 0.05149000
v -0.10304000 -0.09467400 0.05390900
v -0.10344000 -0.09494600 0.05332700
v -0.10380800 -0.09522500 0.05272800
v -0.10494300 -0.09639500 0.05021800
v -0.10471100 -0.09609700 0.05085700
v -0.10414300 -0.09551100 0.05211400
v -0.10353000 -0.09540600 0.05534300
v -0.10208200 -0.09471200 0.05693800
v -0.10259400 -0.09493500 0.05642700
v -0.10154000 -0.09449900 0.05742800
v -0.10038500 -0.09410800 0.05832700
v -0.10097400 -0.09429700 0.05789200
v -0.09977400 -0.09393200 0.05873300
v -0.10307600 -0.09516600 0.05589500
v -0.09914200 -0.09376800 0.05911000
v -0.09848600 -0.09361700 0.05945600
v -0.09780800 -0.09348000 0.05977200
v -0.09711200 -0.09335700 0.06005400
v -0.09415700 -0.09301700 0.06082600
v -0.09341600 -0.09297800 0.06092000
v -0.09380100 -0.09268000 0.06082700
v -0.09267300 -0.09295300 0.06097600
v -0.09192900 -0.09294800 0.06099600
v -0.09192800 -0.09246300 0.06087600
v -0.09486800 -0.09307900 0.06070000
v -0.09640400 -0.09325000 0.06030000
v -0.09559800 -0.09315100 0.06053200
v -0.10214700 -0.09415900 0.05501500
v -0.10260800 -0.09441100 0.05447300
v -0.10165700 -0.09391700 0.05553200
v -0.10060100 -0.09347200 0.05648800
v -0.09945900 -0.09308100 0.05732500
v -0.10114100 -0.09368800 0.05602400
v -0.10004000 -0.09326900 0.05692200
v -0.09886100 -0.09290900 0.05769500
v -0.09824900 -0.09275100 0.05803200
v -0.09762600 -0.09261000 0.05833600
v -0.09571600 -0.09228100 0.05904100
v -0.09192900 -0.09209800 0.06053700
v -0.09193200 -0.09194100 0.06006300
v -0.09699400 -0.09248400 0.05860500
v -0.09443300 -0.09214000 0.05934300
v -0.09316600 -0.09205900 0.05951800
v -0.09192900 -0.09203300 0.05957300
v -0.10653900 -0.09950800 0.04480400
v -0.10646000 -0.09920500 0.04515300
v -0.10645000 -0.10033000 0.04274200
v -0.10659500 -0.10058300 0.04285900
v -0.10658700 -0.09904900 0.04601100
v -0.10645700 -0.10887900 0.02470800
v -0.10649500 -0.10952100 0.02355500
v -0.10652900 -0.10808000 0.02678200
v -0.10638500 -0.10782700 0.02666400
v -0.10637500 -0.10895100 0.02425200
v -0.10635400 -0.09946800 0.04430800
v -0.10623900 -0.09900700 0.04506200
v -0.10622900 -0.10013200 0.04265000
v -0.10616400 -0.10762900 0.02657300
v -0.10627500 -0.10847300 0.02499700
v -0.10615400 -0.10875300 0.02416100
v -0.10611100 -0.09916700 0.04453400
v -0.10596200 -0.09888000 0.04500400
v -0.10595200 -0.10000500 0.04259200
v -0.10588700 -0.10750100 0.02651400
v -0.10603000 -0.10845200 0.02462300
v -0.10587700 -0.10862600 0.02410300
v -0.10664500 -0.09969900 0.04513800
v -0.10664900 -0.10048100 0.04384100
v -0.10665900 -0.09937600 0.04621100
v -0.10657700 -0.10876700 0.02607200
v -0.10636900 -0.09873000 0.04591100
v -0.10656100 -0.10925700 0.02463900
v -0.10656700 -0.10987200 0.02370200
v -0.10627700 -0.10922600 0.02340200
v -0.10604300 -0.09853100 0.04581900
v -0.10580800 -0.09892700 0.04481200
v -0.10565900 -0.09846100 0.04578800
v -0.10564900 -0.09956600 0.04341900
v -0.10595200 -0.10902700 0.02331100
v -0.10572500 -0.10850900 0.02426300
v -0.10557700 -0.10785200 0.02564900
v -0.10556700 -0.10895700 0.02328000
v -0.10645200 -0.11438700 0.00625300
v -0.10645100 -0.11450200 0.00513200
v -0.10650800 -0.11458000 0.00627500
v -0.10622700 -0.11405200 0.00621600
v -0.10622600 -0.11416600 0.00510100
v -0.10635800 -0.11421000 0.00623300
v -0.10635700 -0.11432400 0.00511600
v -0.10588900 -0.11383400 0.00619200
v -0.10588800 -0.11394700 0.00508100
v -0.10606800 -0.11392500 0.00620200
v -0.10606700 -0.11403800 0.00509000
v -0.10570500 -0.11378100 0.00618600
v -0.10570400 -0.11389500 0.00507700
v -0.10645400 -0.11409000 0.00848800
v -0.10623000 -0.11375600 0.00843700
v -0.10589200 -0.11353900 0.00840400
v -0.10623300 -0.11337100 0.01064500
v -0.10589500 -0.11315500 0.01060300
v -0.10623700 -0.11289600 0.01283500
v -0.10645800 -0.11370200 0.01070900
v -0.10590000 -0.11268300 0.01278500
v -0.10624200 -0.11233400 0.01500400
v -0.10646200 -0.11322500 0.01291200
v -0.10590500 -0.11212200 0.01494500
v -0.10624800 -0.11168300 0.01714800
v -0.10647300 -0.11200400 0.01725200
v -0.10591000 -0.11147400 0.01708100
v -0.10625400 -0.11094600 0.01926500
v -0.10591700 -0.11074000 0.01918900
v -0.10639200 -0.11027200 0.02141000
v -0.10626200 -0.11012500 0.02134900
v -0.10647900 -0.11126300 0.01938100
v -0.10648600 -0.11043600 0.02147900
v -0.10610200 -0.11000600 0.02130000
v -0.10592400 -0.10992200 0.02126600
v -0.10649000 -0.10999100 0.02251400
v -0.10654300 -0.11061500 0.02155300
v -0.10626500 -0.10968200 0.02237900
v -0.10639600 -0.10982800 0.02244300
v -0.10592800 -0.10948100 0.02229100
v -0.10610600 -0.10956500 0.02232800
v -0.10574300 -0.10943300 0.02227100
v -0.10573900 -0.10987300 0.02124600
v -0.10644900 -0.11459100 0.00400800
v -0.10652200 -0.11497600 0.00403600
v -0.10650700 -0.11469500 0.00515000
v -0.10652300 -0.11487000 0.00530200
v -0.10652500 -0.11473600 0.00656900
v -0.10623300 -0.11426500 0.00398500
v -0.10652600 -0.11457300 0.00783400
v -0.10652800 -0.11438100 0.00909600
v -0.10653000 -0.11416000 0.01035500
v -0.10653200 -0.11390900 0.01161000
v -0.10653400 -0.11363100 0.01285900
v -0.10653700 -0.11332300 0.01410200
v -0.10590700 -0.11404600 0.00396900
v -0.10552200 -0.11396900 0.00396400
v -0.10552300 -0.11386900 0.00518300
v -0.10552600 -0.11357400 0.00769400
v -0.10552500 -0.11373400 0.00645200
v -0.10552800 -0.11338500 0.00893400
v -0.10553200 -0.11292200 0.01140500
v -0.10553000 -0.11316800 0.01017100
v -0.10553700 -0.11234600 0.01385100
v -0.10553400 -0.11264800 0.01263000
v -0.10646700 -0.11265900 0.01509500
v -0.10654600 -0.11223200 0.01778300
v -0.10654300 -0.11262300 0.01656500
v -0.10655000 -0.11181300 0.01899100
v -0.10655400 -0.11136700 0.02018800
v -0.10654000 -0.11298700 0.01533800
v -0.10655800 -0.11089400 0.02137200
v -0.10654600 -0.11016800 0.02259200
v -0.10656200 -0.11039600 0.02254400
v -0.10656700 -0.10987200 0.02370200
v -0.10649500 -0.10952100 0.02355500
v -0.10627700 -0.10922600 0.02340200
v -0.10554000 -0.11201700 0.01506500
v -0.10554300 -0.11165900 0.01627000
v -0.10555000 -0.11086300 0.01865300
v -0.10555400 -0.11042500 0.01982800
v -0.10554600 -0.11127100 0.01747700
v -0.10595200 -0.10902700 0.02331100
v -0.10556200 -0.10947200 0.02214200
v -0.10555800 -0.10996100 0.02099100
v -0.10556700 -0.10895700 0.02328000
v -0.09383800 -0.11397300 -0.01038200
v -0.09288900 -0.11395700 -0.01047600
v -0.09384000 -0.11414400 -0.01042500
v -0.09382200 -0.11366000 -0.01020500
v -0.09288100 -0.11364400 -0.01029800
v -0.09383200 -0.11381100 -0.01030900
v -0.09288600 -0.11379500 -0.01040300
v -0.09379200 -0.11343600 -0.00994100
v -0.09286600 -0.11342000 -0.01003200
v -0.09287400 -0.11352000 -0.01017500
v -0.09380800 -0.11353600 -0.01008300
v -0.09375000 -0.11331400 -0.00960300
v -0.09284500 -0.11329900 -0.00969200
v -0.09285600 -0.11334300 -0.00986400
v -0.09377200 -0.11335900 -0.00977500
v -0.09570900 -0.11403300 -0.01000800
v -0.09567600 -0.11372200 -0.00983500
v -0.09561700 -0.11349800 -0.00957900
v -0.09553500 -0.11337500 -0.00925200
v -0.09746600 -0.11381900 -0.00922600
v -0.09751500 -0.11412800 -0.00939300
v -0.09737900 -0.11359600 -0.00898300
v -0.09725900 -0.11347000 -0.00867300
v -0.09915500 -0.11394200 -0.00839200
v -0.09922100 -0.11424800 -0.00854900
v -0.09904200 -0.11371900 -0.00816600
v -0.09888700 -0.11359000 -0.00787900
v -0.10071800 -0.11407900 -0.00734600
v -0.10080000 -0.11438100 -0.00749000
v -0.10058200 -0.11385700 -0.00714100
v -0.10039500 -0.11372400 -0.00688200
v -0.10212600 -0.11421700 -0.00611200
v -0.10222300 -0.11451600 -0.00623900
v -0.10196800 -0.11399500 -0.00593200
v -0.10175500 -0.11385900 -0.00570500
v -0.10336300 -0.11434300 -0.00470200
v -0.10347500 -0.11463800 -0.00481000
v -0.10318700 -0.11412200 -0.00455000
v -0.10295100 -0.11398200 -0.00435800
v -0.10440600 -0.11444300 -0.00314300
v -0.10453000 -0.11473500 -0.00322900
v -0.10421400 -0.11422300 -0.00302200
v -0.10396000 -0.11408000 -0.00286700
v -0.10522900 -0.11450500 -0.00147900
v -0.10502600 -0.11428500 -0.00139000
v -0.10475600 -0.11414000 -0.00127500
v -0.10582400 -0.11451900 0.00025400
v -0.10536300 -0.11479500 -0.00154100
v -0.10561200 -0.11430000 0.00031000
v -0.10533200 -0.11415400 0.00038500
v -0.10628000 -0.11462100 0.00205400
v -0.10619500 -0.11448100 0.00206000
v -0.10596500 -0.11480800 0.00021700
v -0.10634000 -0.11476900 0.00205100
v -0.10609400 -0.11436300 0.00206900
v -0.10597700 -0.11426200 0.00208200
v -0.10583700 -0.11417600 0.00209700
v -0.10569000 -0.11411600 0.00211500
v -0.10644100 -0.11472600 0.00302900
v -0.10637600 -0.11492500 0.00205200
v -0.10629500 -0.11443800 0.00302300
v -0.10638100 -0.11457800 0.00302500
v -0.10607600 -0.11421900 0.00302600
v -0.10619400 -0.11432000 0.00302400
v -0.10578700 -0.11407300 0.00303800
v -0.10593500 -0.11413300 0.00303100
v -0.10563700 -0.11403800 0.00304600
v -0.10554100 -0.11408100 0.00213400
v -0.09289000 -0.11412900 -0.01052000
v -0.09192900 -0.11429000 -0.01056400
v -0.09265000 -0.11429300 -0.01054600
v -0.09336400 -0.11430100 -0.01049300
v -0.09477500 -0.11433500 -0.01028300
v -0.09192900 -0.11386500 -0.01047300
v -0.09616300 -0.11438800 -0.00993500
v -0.09684600 -0.11442200 -0.00970900
v -0.09751700 -0.11446000 -0.00945000
v -0.09880700 -0.11454500 -0.00884000
v -0.10002900 -0.11463900 -0.00810700
v -0.10061600 -0.11468900 -0.00769400
v -0.10118300 -0.11473900 -0.00725100
v -0.09192900 -0.11351900 -0.01021100
v -0.09193000 -0.11331600 -0.00982600
v -0.09192900 -0.11329600 -0.00939200
v -0.09325400 -0.11330700 -0.00932900
v -0.09455800 -0.11333900 -0.00914000
v -0.09584100 -0.11339100 -0.00882700
v -0.09942800 -0.11363500 -0.00717500
v -0.10050200 -0.11373200 -0.00639900
v -0.09829200 -0.11354300 -0.00783800
v -0.09710000 -0.11346200 -0.00838100
v -0.10149300 -0.11382800 -0.00552500
v -0.10238900 -0.11391700 -0.00456300
v -0.10319900 -0.11492600 -0.00523600
v -0.10405200 -0.11500500 -0.00408700
v -0.10443800 -0.11503800 -0.00347900
v -0.10479300 -0.11506600 -0.00285400
v -0.10588700 -0.11511900 -0.00022000
v -0.10608000 -0.11511400 0.00047300
v -0.10623900 -0.11510300 0.00117700
v -0.10636200 -0.11508300 0.00188600
v -0.10645100 -0.11505500 0.00259900
v -0.10647700 -0.11488200 0.00303500
v -0.10650400 -0.11502000 0.00331500
v -0.10644900 -0.11459100 0.00400800
v -0.10652200 -0.11497600 0.00403600
v -0.10319000 -0.11399500 -0.00351400
v -0.10491700 -0.11411000 0.00002900
v -0.10525300 -0.11409500 0.00132600
v -0.10389100 -0.11405700 -0.00236800
v -0.10446800 -0.11409600 -0.00118300
v -0.10623300 -0.11426500 0.00398500
v -0.10590700 -0.11404600 0.00396900
v -0.10545500 -0.11404800 0.00263800
v -0.10552200 -0.11396900 0.00396400
v 0.09192200 -0.09246300 0.06087600
v 0.08895800 -0.09270100 0.06096700
v 0.09044100 -0.09270100 0.06096700
v -0.09192800 -0.09246300 0.06087600
v -0.09044700 -0.09270100 0.06096700
v -0.08896400 -0.09270100 0.06096700
v 0.08599300 -0.09209800 0.06053700
v 0.08599300 -0.09246100 0.06087500
v -0.08599900 -0.09209800 0.06053700
v -0.08599900 -0.09246100 0.06087500
v 0.09192600 -0.09194100 0.06006300
v 0.08895800 -0.09199100 0.06031300
v 0.09044100 -0.09199100 0.06031300
v 0.08599300 -0.09194100 0.06006100
v -0.08599900 -0.09194100 0.06006100
v -0.08896400 -0.09199100 0.06031300
v -0.09193200 -0.09194100 0.06006300
v -0.09044700 -0.09199100 0.06031300
v -0.09044700 -0.09195700 0.05980800
v 0.08599300 -0.09294800 0.06099600
v 0.09192300 -0.09294800 0.06099600
v -0.08599900 -0.09294800 0.06099600
v 0.09192300 -0.09209800 0.06053700
v -0.09192900 -0.09294800 0.06099600
v 0.08895800 -0.09195700 0.05980800
v 0.08599300 -0.09203300 0.05957300
v 0.09192300 -0.09203300 0.05957300
v 0.09044100 -0.09195700 0.05980800
v -0.08599800 -0.09203300 0.05957300
v -0.09192900 -0.09209800 0.06053700
v -0.08896400 -0.09195700 0.05980800
v -0.09192900 -0.09203300 0.05957300
v -0.08599900 -0.09294800 0.06099600
v 0.09190000 -0.09677600 0.06096300
v 0.08599300 -0.09294800 0.06099600
v 0.09192300 -0.09294800 0.06099600
v -0.09190200 -0.09677600 0.06096300
v -0.09192900 -0.09294800 0.06099600
v -0.08675000 -0.11386300 -0.01047200
v -0.08934000 -0.11407400 -0.01054200
v -0.09063500 -0.11407400 -0.01054200
v 0.09192400 -0.11386500 -0.01047300
v 0.09062900 -0.11407400 -0.01054200
v 0.08933400 -0.11407400 -0.01054200
v -0.09192900 -0.11351900 -0.01021100
v -0.08934000 -0.11367500 -0.01035900
v -0.09063500 -0.11367500 -0.01035900
v -0.09192900 -0.11386500 -0.01047300
v -0.08675000 -0.11351900 -0.01021100
v 0.08674400 -0.11351900 -0.01021100
v 0.08674400 -0.11386300 -0.01047200
v 0.08933400 -0.11367500 -0.01035900
v 0.09192300 -0.11351900 -0.01021100
v 0.09062900 -0.11367500 -0.01035900
v -0.08675000 -0.11331600 -0.00982400
v -0.08934000 -0.11339700 -0.01003100
v -0.09063500 -0.11339700 -0.01003100
v 0.08674400 -0.11331600 -0.00982400
v 0.08933400 -0.11339700 -0.01003100
v 0.09192400 -0.11331600 -0.00982600
v 0.09062900 -0.11339700 -0.01003100
v -0.08934000 -0.11328200 -0.00960700
v -0.09193000 -0.11331600 -0.00982600
v -0.08675000 -0.11429000 -0.01056400
v -0.09192900 -0.11429000 -0.01056400
v 0.08674500 -0.11429000 -0.01056400
v 0.09192300 -0.11429000 -0.01056400
v -0.08808100 -0.11329600 -0.00939200
v -0.09063500 -0.11328200 -0.00960700
v -0.09192900 -0.11329600 -0.00939200
v 0.08840000 -0.11329600 -0.00939200
v 0.08933400 -0.11328200 -0.00960700
v 0.09192300 -0.11329600 -0.00939200
v 0.09062900 -0.11328200 -0.00960700
v 0.08674500 -0.11429000 -0.01056400
v 0.09192300 -0.11429000 -0.01056400
v 0.09191300 -0.11800600 -0.01053100
v -0.09192000 -0.11800600 -0.01053100
v -0.09192900 -0.11429000 -0.01056400
v -0.08675000 -0.11429000 -0.01056400
v 0.09885500 -0.09290900 0.05769500
v 0.09885500 -0.09290900 0.05769500
v 0.09945300 -0.09308100 0.05732500
v 0.09945300 -0.09308100 0.05732500
v 0.08599300 -0.09203300 0.05957300
v 0.08599300 -0.09203300 0.05957300
v 0.09192300 -0.09481200 0.05361400
v 0.09192300 -0.09481200 0.05361400
v 0.10003400 -0.09326900 0.05692200
v 0.10003400 -0.09326900 0.05692200
v 0.10059600 -0.09347200 0.05648800
v 0.10113500 -0.09368800 0.05602400
v 0.09824300 -0.09275100 0.05803200
v 0.09824300 -0.09275100 0.05803200
v 0.09192300 -0.09203300 0.05957300
v 0.09192300 -0.09203300 0.05957300
v 0.09192300 -0.09203300 0.05957300
v 0.09316000 -0.09205900 0.05951800
v 0.09442700 -0.09214000 0.05934300
v 0.09442700 -0.09214000 0.05934300
v 0.09571000 -0.09228100 0.05904100
v 0.09698900 -0.09248400 0.05860500
v 0.09698900 -0.09248400 0.05860500
v 0.09762000 -0.09261000 0.05833600
v 0.09762000 -0.09261000 0.05833600
v 0.09762000 -0.09261000 0.05833600
v 0.09651900 -0.09538200 0.05239100
v 0.10343500 -0.09494600 0.05332700
v 0.10380300 -0.09522500 0.05272800
v 0.10413700 -0.09551100 0.05211400
v 0.10443800 -0.09580200 0.05149000
v 0.09834700 -0.09605200 0.05095500
v 0.09431800 -0.09495700 0.05330200
v 0.10303400 -0.09467400 0.05390900
v 0.10260200 -0.09441100 0.05447300
v 0.10214100 -0.09415900 0.05501500
v 0.10165100 -0.09391700 0.05553200
v -0.08599800 -0.09203300 0.05957300
v -0.08599800 -0.09203300 0.05957300
v -0.08599800 -0.09203300 0.05957300
v -0.08599800 -0.09203300 0.05957300
v -0.08599800 -0.09203300 0.05957300
v -0.08599800 -0.09203300 0.05957300
v 0.08732800 -0.09538200 0.05239100
v 0.08550000 -0.09605200 0.05095500
v 0.08952900 -0.09495700 0.05330200
v 0.10564300 -0.09956600 0.04341900
v 0.10033700 -0.09891500 0.04481400
v 0.10565300 -0.09846100 0.04578800
v 0.10565300 -0.09846100 0.04578800
v 0.09834700 -0.10075600 0.04086500
v 0.10557100 -0.10785200 0.02564900
v 0.10033700 -0.09789300 0.04700700
v 0.10033700 -0.09789300 0.04700700
v 0.10033700 -0.09789300 0.04700700
v 0.10573000 -0.09807500 0.04661600
v 0.10573000 -0.09807500 0.04661600
v 0.10556100 -0.10895700 0.02328000
v 0.03518500 -0.10895700 0.02328000
v 0.10566100 -0.09770400 0.04741400
v 0.10566100 -0.09770400 0.04741400
v 0.09965500 -0.09691200 0.04911000
v 0.10493700 -0.09639500 0.05021800
v 0.10513600 -0.09669400 0.04957600
v 0.10530100 -0.09699400 0.04893400
v 0.10543300 -0.09729300 0.04829300
v 0.10470500 -0.09609700 0.05085700
v 0.08419200 -0.09691200 0.04911000
v 0.08351000 -0.09789300 0.04700700
v 0.09965500 -0.09989600 0.04271000
v 0.09192300 -0.10199600 0.03820700
v 0.08952900 -0.10185100 0.03851900
v 0.09431800 -0.10185100 0.03851900
v 0.09651900 -0.10142600 0.03943000
v -0.10564900 -0.09956600 0.04341900
v 0.08351000 -0.09891500 0.04481400
v 0.08419200 -0.09989600 0.04271000
v -0.03519100 -0.10895700 0.02328000
v 0.08550000 -0.10075600 0.04086500
v 0.08732800 -0.10142600 0.03943000
v -0.09192900 -0.09203300 0.05957300
v -0.09192900 -0.09203300 0.05957300
v -0.09571600 -0.09228100 0.05904100
v -0.09571600 -0.09228100 0.05904100
v -0.09443300 -0.09214000 0.05934300
v -0.09443300 -0.09214000 0.05934300
v -0.09316600 -0.09205900 0.05951800
v -0.09762600 -0.09261000 0.05833600
v -0.09762600 -0.09261000 0.05833600
v -0.09699400 -0.09248400 0.05860500
v -0.09699400 -0.09248400 0.05860500
v -0.09824900 -0.09275100 0.05803200
v -0.09824900 -0.09275100 0.05803200
v -0.09886100 -0.09290900 0.05769500
v -0.09945900 -0.09308100 0.05732500
v -0.10004000 -0.09326900 0.05692200
v -0.10060100 -0.09347200 0.05648800
v -0.10114100 -0.09368800 0.05602400
v -0.10214700 -0.09415900 0.05501500
v -0.10214700 -0.09415900 0.05501500
v -0.10165700 -0.09391700 0.05553200
v -0.10165700 -0.09391700 0.05553200
v -0.10260800 -0.09441100 0.05447300
v -0.10344000 -0.09494600 0.05332700
v -0.10344000 -0.09494600 0.05332700
v -0.10304000 -0.09467400 0.05390900
v -0.10304000 -0.09467400 0.05390900
v -0.10380800 -0.09522500 0.05272800
v -0.10380800 -0.09522500 0.05272800
v -0.10414300 -0.09551100 0.05211400
v -0.10414300 -0.09551100 0.05211400
v -0.10444400 -0.09580200 0.05149000
v -0.10471100 -0.09609700 0.05085700
v -0.10494300 -0.09639500 0.05021800
v -0.10514200 -0.09669400 0.04957600
v -0.10543900 -0.09729300 0.04829300
v -0.10543900 -0.09729300 0.04829300
v -0.10530700 -0.09699400 0.04893400
v -0.10566500 -0.09770400 0.04741200
v -0.10566500 -0.09770400 0.04741200
v -0.10573000 -0.09805700 0.04665500
v -0.10573000 -0.09805700 0.04665500
v -0.10565900 -0.09846100 0.04578800
v -0.10565900 -0.09846100 0.04578800
v -0.10557700 -0.10785200 0.02564900
v -0.10556700 -0.10895700 0.02328000
v -0.07037900 -0.11292200 0.01140600
v -0.03519100 -0.11363500 0.00724600
v -0.07037900 -0.11363500 0.00724600
v -0.03519100 -0.11189500 0.01548800
v -0.07037900 -0.11189500 0.01548800
v -0.08797300 -0.11126700 0.01748900
v -0.08797300 -0.11189500 0.01548800
v -0.07037900 -0.11056700 0.01945700
v -0.08797300 -0.11056700 0.01945700
v -0.09677000 -0.11019000 0.02042700
v -0.10116900 -0.11056700 0.01945700
v -0.08797300 -0.10979600 0.02138800
v -0.10116900 -0.10979600 0.02138800
v -0.10116900 -0.11019000 0.02042700
v -0.09720700 -0.11158200 0.01651800
v -0.10116900 -0.11189500 0.01548800
v -0.09707700 -0.11093400 0.01845400
v -0.10554600 -0.11127100 0.01747700
v -0.08797300 -0.11331800 0.00933400
v -0.08797300 -0.11363500 0.00724600
v -0.08797300 -0.11292200 0.01140600
v -0.08797300 -0.11244700 0.01345900
v -0.09710600 -0.11270000 0.01241200
v -0.10553200 -0.11292200 0.01140500
v -0.10116900 -0.11244700 0.01345900
v -0.09677000 -0.11218000 0.01447700
v -0.10116900 -0.11218000 0.01447700
v -0.09677000 -0.11348700 0.00829100
v -0.10116900 -0.11363500 0.00724600
v -0.09711900 -0.11312500 0.01039700
v -0.10116900 -0.11331800 0.00933400
v -0.10116900 -0.11348700 0.00829100
v 0.10116300 -0.11348700 0.00829100
v 0.09676400 -0.11348700 0.00829100
v 0.10116300 -0.11331800 0.00933400
v 0.10116300 -0.11363500 0.00724600
v 0.08796700 -0.11363500 0.00724600
v 0.09711300 -0.11312500 0.01039700
v 0.08796700 -0.11292200 0.01140600
v 0.10552600 -0.11292200 0.01140500
v 0.08796700 -0.11331800 0.00933400
v 0.10116300 -0.11218000 0.01447700
v 0.09676400 -0.11218000 0.01447700
v 0.08796700 -0.11189500 0.01548800
v 0.08796700 -0.11244700 0.01345900
v 0.10116300 -0.11244700 0.01345900
v 0.09710000 -0.11270000 0.01241200
v 0.07037300 -0.11189500 0.01548800
v 0.07037300 -0.11292200 0.01140600
v 0.07037300 -0.11363500 0.00724600
v 0.10116300 -0.11189500 0.01548800
v 0.09720200 -0.11158200 0.01651800
v 0.09706500 -0.11093400 0.01845500
v 0.08796700 -0.11056700 0.01945700
v 0.10116300 -0.11056700 0.01945700
v 0.08796700 -0.11126700 0.01748900
v 0.10554000 -0.11127100 0.01747800
v 0.10116300 -0.11019000 0.02042700
v 0.09676400 -0.11019000 0.02042700
v 0.10116300 -0.10979600 0.02138800
v 0.08796700 -0.10979600 0.02138800
v 0.07037300 -0.11056700 0.01945700
v 0.03518500 -0.11189500 0.01548800
v 0.03518500 -0.11363500 0.00724600
v -0.07917600 -0.11385100 -0.00529600
v 0.09236600 -0.11361100 -0.00735500
v -0.09237200 -0.11361100 -0.00735500
v -0.05278500 -0.11409700 -0.00113500
v -0.07037900 -0.11409700 -0.00113500
v -0.07037900 -0.11402700 0.00305800
v -0.08797300 -0.11410200 0.00096000
v -0.08797300 -0.11409700 -0.00113500
v -0.08797300 -0.11402700 0.00305800
v -0.08797300 -0.11387100 0.00515500
v -0.09695300 -0.11395800 0.00412600
v -0.09725500 -0.11376600 0.00617500
v -0.10552300 -0.11386900 0.00518300
v -0.10116900 -0.11402700 0.00305800
v -0.09677000 -0.11411000 -0.00008800
v -0.10446800 -0.11409600 -0.00118300
v -0.10116900 -0.11410200 0.00096000
v -0.09677000 -0.11407400 0.00200900
v -0.10116900 -0.11407400 0.00200900
v -0.10491700 -0.11411000 0.00002900
v -0.08797300 -0.11385100 -0.00529600
v -0.08797300 -0.11401300 -0.00322200
v -0.09677000 -0.11394200 -0.00426100
v -0.09677000 -0.11385100 -0.00529600
v -0.10116900 -0.11401300 -0.00322200
v -0.09677000 -0.11406500 -0.00217900
v -0.10389100 -0.11405700 -0.00236800
v -0.10116900 -0.11394200 -0.00426100
v -0.09677000 -0.11374100 -0.00632800
v -0.09677000 -0.11361100 -0.00735500
v 0.05277900 -0.11409700 -0.00113500
v 0.09676400 -0.11374100 -0.00632800
v 0.09676400 -0.11361100 -0.00735500
v 0.08796700 -0.11385100 -0.00529600
v 0.09676400 -0.11385100 -0.00529600
v 0.09710100 -0.11346200 -0.00838200
v -0.09710000 -0.11346200 -0.00838100
v 0.10116300 -0.11394200 -0.00426100
v 0.09676400 -0.11394200 -0.00426100
v 0.08796700 -0.11401300 -0.00322200
v 0.10389000 -0.11405800 -0.00236000
v 0.09676400 -0.11406500 -0.00217900
v 0.10446600 -0.11409700 -0.00117500
v 0.10116300 -0.11401300 -0.00322200
v 0.08796700 -0.11409700 -0.00113500
v 0.07917000 -0.11385100 -0.00529600
v 0.07037300 -0.11409700 -0.00113500
v 0.10116300 -0.11407400 0.00200900
v 0.09676400 -0.11407400 0.00200900
v 0.10116300 -0.11402700 0.00305800
v 0.08796700 -0.11402700 0.00305800
v 0.08796700 -0.11410200 0.00096000
v 0.10116300 -0.11410200 0.00096000
v 0.09700100 -0.11411000 -0.00010900
v 0.08796700 -0.11387100 0.00515500
v 0.09726100 -0.11376700 0.00617300
v 0.10551700 -0.11386900 0.00518100
v 0.09694700 -0.11395800 0.00412600
v 0.07037300 -0.11402700 0.00305800
v -0.09885600 -0.10939200 0.02232400
v -0.10556200 -0.10947200 0.02214200
v -0.10556700 -0.10895700 0.02328000
v -0.10555400 -0.11042500 0.01982800
v -0.10555800 -0.10996100 0.02099100
v -0.10555000 -0.11086300 0.01865300
v -0.10554000 -0.11201700 0.01506500
v -0.10554300 -0.11165900 0.01627000
v -0.10553400 -0.11264800 0.01263000
v -0.10553700 -0.11234600 0.01385100
v -0.10552800 -0.11338500 0.00893400
v -0.10553000 -0.11316800 0.01017100
v -0.10552600 -0.11357400 0.00769400
v -0.03519100 -0.10895700 0.02328000
v -0.10552500 -0.11373400 0.00645200
v -0.10552200 -0.11396900 0.00396400
v -0.10545500 -0.11404800 0.00263800
v -0.10525300 -0.11409500 0.00132600
v -0.10238900 -0.11391700 -0.00456300
v -0.10319000 -0.11399500 -0.00351400
v -0.10149300 -0.11382800 -0.00552500
v -0.09942800 -0.11363500 -0.00717500
v -0.10050200 -0.11373200 -0.00639900
v -0.09829200 -0.11354300 -0.00783800
v 0.09885000 -0.10939200 0.02232400
v 0.03518500 -0.10895700 0.02328000
v 0.10556100 -0.10895700 0.02328000
v 0.10555200 -0.10996100 0.02099100
v 0.10555700 -0.10947200 0.02214200
v 0.10553700 -0.11165900 0.01627000
v 0.10553400 -0.11201700 0.01506500
v 0.10554400 -0.11086300 0.01865300
v 0.10554800 -0.11042500 0.01982800
v 0.10553100 -0.11234600 0.01385100
v 0.10552800 -0.11264800 0.01263000
v 0.10552200 -0.11338500 0.00893400
v 0.10552400 -0.11316800 0.01017100
v 0.10551900 -0.11373400 0.00645200
v 0.10551700 -0.11396900 0.00396400
v 0.10552000 -0.11357400 0.00769400
v 0.10149300 -0.11382900 -0.00551900
v 0.10050800 -0.11373300 -0.00639000
v 0.09829500 -0.11354400 -0.00783300
v 0.09943700 -0.11363700 -0.00716500
v 0.10544900 -0.11404800 0.00264200
v 0.10492100 -0.11411000 0.00006000
v 0.10525000 -0.11409400 0.00134000
v 0.10319600 -0.11399600 -0.00349600
v 0.10239200 -0.11391800 -0.00455300
v -0.09584100 -0.11339100 -0.00882700
v -0.09455800 -0.11333900 -0.00914000
v -0.09325400 -0.11330700 -0.00932900
v -0.09192900 -0.11329600 -0.00939200
v 0.09585600 -0.11339200 -0.00882100
v 0.09456400 -0.11334000 -0.00913700
v 0.09325200 -0.11330700 -0.00932800
v 0.09192300 -0.11329600 -0.00939200
v 0.08840000 -0.11329600 -0.00939200
v -0.07185100 -0.11348800 0.02539300
v -0.07333100 -0.11348800 0.02539300
v -0.07356900 -0.11417900 0.02386000
v -0.07436100 -0.11374500 0.02483900
v -0.07185100 -0.11430200 0.02356900
v -0.07259400 -0.11468700 0.02264800
v -0.07185100 -0.11505500 0.02171800
v -0.04983200 -0.11947500 0.00407400
v -0.04704400 -0.11947700 0.00404500
v -0.04834000 -0.11940500 0.00500500
v -0.05619800 -0.11791900 0.01423700
v -0.05537500 -0.11768800 0.01516500
v -0.05663900 -0.11768300 0.01518300
v -0.05631800 -0.11947700 0.00404500
v -0.05352700 -0.11947500 0.00407400
v -0.05503800 -0.11940600 0.00500300
v -0.05700100 -0.11736300 0.01637000
v -0.05611400 -0.11724400 0.01678700
v -0.05538500 -0.11719100 0.01697100
v -0.05777100 -0.11752700 0.01577200
v -0.05838700 -0.11772500 0.01502100
v -0.05881600 -0.11794000 0.01415200
v -0.05389700 -0.11717300 0.01703300
v -0.05463600 -0.11717300 0.01703300
v -0.04946200 -0.11717300 0.01703300
v -0.04946200 -0.11794000 0.01415200
v -0.05389700 -0.11794000 0.01415200
v -0.05463600 -0.11794000 0.01415200
v -0.05492500 -0.11794600 0.01412700
v -0.05722200 -0.11813800 0.01329800
v -0.05900600 -0.11810700 0.01343700
v -0.05907000 -0.11827000 0.01269900
v -0.05600500 -0.11814800 0.01325800
v -0.05611400 -0.11827000 0.01269900
v -0.05568100 -0.11804000 0.01372800
v -0.05907000 -0.11842200 0.01196700
v -0.05611400 -0.11842200 0.01196700
v -0.05907000 -0.11856500 0.01123300
v -0.05907000 -0.11869900 0.01049700
v -0.05611400 -0.11869900 0.01049700
v -0.05907000 -0.11882300 0.00975900
v -0.05611400 -0.11882300 0.00975900
v -0.05611400 -0.11856500 0.01123300
v -0.05907000 -0.11893900 0.00902000
v -0.05611400 -0.11893900 0.00902000
v -0.05520300 -0.11796500 0.01404600
v -0.04795400 -0.11769900 0.01512300
v -0.04872300 -0.11717300 0.01703300
v -0.04724500 -0.11724400 0.01678800
v -0.04797300 -0.11719100 0.01697200
v -0.04608400 -0.11741200 0.01619300
v -0.04515500 -0.11765600 0.01528800
v -0.04712100 -0.11791400 0.01425800
v -0.04843400 -0.11794600 0.01412700
v -0.04454300 -0.11794000 0.01415200
v -0.04872300 -0.11794000 0.01415200
v -0.04815600 -0.11796500 0.01404600
v -0.04735400 -0.11814800 0.01325800
v -0.04767800 -0.11804000 0.01372800
v -0.04724500 -0.11882300 0.00975900
v -0.04428900 -0.11869900 0.01049700
v -0.04724500 -0.11869900 0.01049700
v -0.04428900 -0.11882300 0.00975900
v -0.04724500 -0.11893900 0.00902000
v -0.04613700 -0.11813800 0.01329800
v -0.04724500 -0.11827000 0.01269900
v -0.04724500 -0.11842200 0.01196700
v -0.04428900 -0.11842200 0.01196700
v -0.04428900 -0.11827000 0.01269900
v -0.04435200 -0.11810700 0.01343700
v -0.04428900 -0.11856500 0.01123300
v -0.04724500 -0.11856500 0.01123300
v -0.04428900 -0.11893900 0.00902000
v -0.05611400 -0.11904600 0.00827900
v -0.05907000 -0.11904600 0.00827900
v -0.05722200 -0.11922900 0.00681100
v -0.05907000 -0.11914300 0.00753700
v -0.05611400 -0.11923100 0.00679400
v -0.05611400 -0.11914300 0.00753700
v -0.05907000 -0.11923100 0.00679400
v -0.05900600 -0.11931200 0.00603500
v -0.05644200 -0.11932500 0.00589400
v -0.05568100 -0.11934100 0.00573500
v -0.05881600 -0.11938100 0.00529600
v -0.05600600 -0.11929300 0.00622000
v -0.05520400 -0.11937100 0.00540600
v -0.05492500 -0.11937800 0.00532200
v -0.05462700 -0.11938100 0.00529500
v -0.05167900 -0.11938100 0.00529500
v -0.05838800 -0.11945300 0.00439100
v -0.05777100 -0.11950500 0.00360400
v -0.05700300 -0.11953900 0.00297300
v -0.05611400 -0.11955800 0.00253100
v -0.05538600 -0.11956600 0.00233600
v -0.05463600 -0.11956900 0.00227000
v -0.05167900 -0.11956900 0.00227000
v -0.04691700 -0.11932500 0.00589500
v -0.04767800 -0.11934100 0.00573500
v -0.04724500 -0.11923100 0.00679400
v -0.04735300 -0.11929300 0.00622000
v -0.04613700 -0.11922900 0.00681100
v -0.04724500 -0.11914300 0.00753700
v -0.04872300 -0.11938100 0.00529600
v -0.04843400 -0.11937800 0.00532200
v -0.04815500 -0.11937100 0.00540600
v -0.04428900 -0.11904600 0.00827900
v -0.04724500 -0.11904600 0.00827900
v -0.04428900 -0.11914300 0.00753700
v -0.04428900 -0.11923100 0.00679400
v -0.04435300 -0.11931200 0.00603500
v -0.04454300 -0.11938100 0.00529600
v -0.04872200 -0.11956900 0.00227100
v -0.04497100 -0.11945300 0.00439100
v -0.04724500 -0.11955800 0.00253100
v -0.04635600 -0.11953900 0.00297300
v -0.04558800 -0.11950500 0.00360400
v -0.04797300 -0.11956600 0.00233600
v -0.04515500 -0.11717200 0.01516200
v -0.04515500 -0.11765600 0.01528800
v -0.04454300 -0.11794000 0.01415200
v -0.04724500 -0.11676500 0.01664900
v -0.04724500 -0.11724400 0.01678800
v -0.04608400 -0.11741200 0.01619300
v -0.04608100 -0.11693200 0.01605800
v -0.04797500 -0.11671200 0.01683200
v -0.04872300 -0.11669300 0.01689300
v -0.04872300 -0.11669300 0.01689300
v -0.04872300 -0.11717300 0.01703300
v -0.04872300 -0.11717300 0.01703300
v -0.05463600 -0.11669300 0.01689300
v -0.05463600 -0.11669300 0.01689300
v -0.05463600 -0.11717300 0.01703300
v -0.05463600 -0.11717300 0.01703300
v -0.05389700 -0.11717300 0.01703300
v -0.05389700 -0.11717300 0.01703300
v -0.05538600 -0.11671100 0.01683200
v -0.05611400 -0.11676400 0.01664900
v -0.05538500 -0.11719100 0.01697100
v -0.05777100 -0.11704500 0.01564200
v -0.05777100 -0.11752700 0.01577200
v -0.05700100 -0.11736300 0.01637000
v -0.05838800 -0.11724000 0.01489700
v -0.05881600 -0.11745400 0.01403500
v -0.05881600 -0.11794000 0.01415200
v -0.05838700 -0.11772500 0.01502100
v -0.05900600 -0.11761900 0.01332600
v -0.05907000 -0.11778100 0.01259400
v -0.05907000 -0.11827000 0.01269900
v -0.05907000 -0.11793200 0.01186800
v -0.05907000 -0.11807300 0.01114000
v -0.05907000 -0.11842200 0.01196700
v -0.05907000 -0.11832200 0.00972800
v -0.05907000 -0.11882300 0.00975900
v -0.05907000 -0.11820600 0.01041100
v -0.05907000 -0.11855000 0.00821200
v -0.05907000 -0.11904600 0.00827900
v -0.05907000 -0.11893900 0.00902000
v -0.05907000 -0.11843900 0.00898600
v -0.05907000 -0.11873500 0.00673800
v -0.05907000 -0.11873500 0.00673800
v -0.05907000 -0.11923100 0.00679400
v -0.05907000 -0.11923100 0.00679400
v -0.05907000 -0.11863800 0.00754700
v -0.05907000 -0.11863800 0.00754700
v -0.05900600 -0.11881500 0.00598100
v -0.05881700 -0.11888300 0.00525300
v -0.05881600 -0.11938100 0.00529600
v -0.05900600 -0.11931200 0.00603500
v -0.05907000 -0.11914300 0.00753700
v -0.05907000 -0.11914300 0.00753700
v -0.05907000 -0.11914300 0.00753700
v -0.05907000 -0.11869900 0.01049700
v -0.05700100 -0.11688100 0.01623600
v -0.05838800 -0.11895400 0.00435500
v -0.05777100 -0.11900500 0.00357400
v -0.05777100 -0.11950500 0.00360400
v -0.05611400 -0.11905900 0.00251000
v -0.05611400 -0.11955800 0.00253100
v -0.05700300 -0.11903900 0.00294900
v -0.05700300 -0.11953900 0.00297300
v -0.05463600 -0.11906900 0.00225200
v -0.05463600 -0.11906900 0.00225200
v -0.05463600 -0.11956900 0.00227000
v -0.05538600 -0.11906700 0.00231700
v -0.05538600 -0.11956600 0.00233600
v -0.04872300 -0.11906900 0.00225200
v -0.04872300 -0.11906900 0.00225200
v -0.04872300 -0.11906900 0.00225200
v -0.05167900 -0.11956900 0.00227000
v -0.05167900 -0.11956900 0.00227000
v -0.05167900 -0.11956900 0.00227000
v -0.04797300 -0.11906700 0.00231700
v -0.04724600 -0.11905900 0.00251000
v -0.04724500 -0.11955800 0.00253100
v -0.04872200 -0.11956900 0.00227100
v -0.04872200 -0.11956900 0.00227100
v -0.04635600 -0.11904000 0.00294900
v -0.04558800 -0.11900500 0.00357400
v -0.04558800 -0.11950500 0.00360400
v -0.04497100 -0.11895400 0.00435500
v -0.04454300 -0.11888300 0.00525200
v -0.04454300 -0.11938100 0.00529600
v -0.04435300 -0.11881500 0.00598100
v -0.04429000 -0.11873600 0.00673000
v -0.04429000 -0.11873600 0.00673000
v -0.04428900 -0.11923100 0.00679400
v -0.04428900 -0.11923100 0.00679400
v -0.04428900 -0.11864000 0.00753500
v -0.04428900 -0.11864000 0.00753500
v -0.04428900 -0.11854900 0.00821800
v -0.04428900 -0.11904600 0.00827900
v -0.04428900 -0.11845800 0.00885600
v -0.04428900 -0.11833600 0.00964800
v -0.04428900 -0.11882300 0.00975900
v -0.04428900 -0.11820400 0.01042000
v -0.04428900 -0.11809200 0.01104500
v -0.04428900 -0.11856500 0.01123300
v -0.04428900 -0.11869900 0.01049700
v -0.04428900 -0.11793600 0.01185200
v -0.04428900 -0.11793600 0.01185200
v -0.04428900 -0.11778200 0.01259300
v -0.04428900 -0.11778200 0.01259300
v -0.04428900 -0.11827000 0.01269900
v -0.04428900 -0.11827000 0.01269900
v -0.04435300 -0.11761900 0.01332600
v -0.04454300 -0.11745400 0.01403500
v -0.04454300 -0.11794000 0.01415200
v -0.05463600 -0.11913200 0.00527400
v -0.05462000 -0.11888300 0.00525200
v -0.05492500 -0.11888000 0.00527800
v -0.05520400 -0.11887300 0.00536100
v -0.05568100 -0.11884300 0.00568800
v -0.05520400 -0.11937100 0.00540600
v -0.05600600 -0.11879600 0.00617000
v -0.05568100 -0.11934100 0.00573500
v -0.05611400 -0.11873400 0.00673800
v -0.05611400 -0.11873400 0.00673800
v -0.05611400 -0.11860900 0.00778500
v -0.05611400 -0.11923100 0.00679400
v -0.05611400 -0.11923100 0.00679400
v -0.05611400 -0.11844500 0.00894600
v -0.05611400 -0.11904600 0.00827900
v -0.05611400 -0.11833000 0.00967900
v -0.05611400 -0.11820600 0.01041100
v -0.05611400 -0.11882300 0.00975900
v -0.05611400 -0.11799300 0.01156200
v -0.05611400 -0.11799300 0.01156200
v -0.05611400 -0.11856500 0.01123300
v -0.05611400 -0.11778100 0.01259400
v -0.05611400 -0.11778100 0.01259400
v -0.05611400 -0.11778100 0.01259400
v -0.05611400 -0.11827000 0.01269900
v -0.05611400 -0.11827000 0.01269900
v -0.05568100 -0.11755300 0.01361400
v -0.05568100 -0.11804000 0.01372800
v -0.05600600 -0.11766100 0.01314700
v -0.05492500 -0.11746000 0.01401000
v -0.05492500 -0.11794600 0.01412700
v -0.05520300 -0.11747900 0.01393000
v -0.05520300 -0.11796500 0.01404600
v -0.05600500 -0.11814800 0.01325800
v -0.05463600 -0.11745400 0.01403600
v -0.04872300 -0.11745400 0.01403500
v -0.04872300 -0.11745400 0.01403500
v -0.04946200 -0.11794000 0.01415200
v -0.05463600 -0.11794000 0.01415200
v -0.05492500 -0.11937800 0.00532200
v -0.05462700 -0.11938100 0.00529500
v -0.04872300 -0.11794000 0.01415200
v -0.04843400 -0.11746000 0.01401000
v -0.04843400 -0.11794600 0.01412700
v -0.04815600 -0.11747900 0.01393000
v -0.04815600 -0.11796500 0.01404600
v -0.04767800 -0.11755300 0.01361400
v -0.04735300 -0.11766100 0.01314800
v -0.04767800 -0.11804000 0.01372800
v -0.04724500 -0.11778100 0.01259400
v -0.04724500 -0.11827000 0.01269900
v -0.04724500 -0.11827000 0.01269900
v -0.04724500 -0.11820600 0.01041100
v -0.04724500 -0.11869900 0.01049700
v -0.04724500 -0.11856500 0.01123300
v -0.04724500 -0.11833000 0.00967900
v -0.04724500 -0.11844500 0.00894600
v -0.04724500 -0.11882300 0.00975900
v -0.04724500 -0.11860900 0.00778500
v -0.04724500 -0.11904600 0.00827900
v -0.04724500 -0.11799300 0.01156200
v -0.04724500 -0.11842200 0.01196700
v -0.04724500 -0.11873400 0.00673800
v -0.04724500 -0.11873400 0.00673800
v -0.04735300 -0.11879600 0.00617100
v -0.04724500 -0.11923100 0.00679400
v -0.04767800 -0.11884300 0.00568800
v -0.04767800 -0.11934100 0.00573500
v -0.04843400 -0.11888000 0.00527800
v -0.04843400 -0.11937800 0.00532200
v -0.04815500 -0.11937100 0.00540600
v -0.04872300 -0.11888300 0.00525200
v -0.04872300 -0.11888300 0.00525200
v -0.04872300 -0.11938100 0.00529600
v -0.04872300 -0.11938100 0.00529600
v -0.04815500 -0.11887300 0.00536200
v -0.05463600 -0.11913200 0.00527400
v -0.05462700 -0.11938100 0.00529500
v -0.05462000 -0.11888300 0.00525200
v -0.05462000 -0.11888300 0.00525200
v -0.05462000 -0.11888300 0.00525200
v -0.04835400 -0.11864800 0.00746600
v -0.05245000 -0.11877800 0.00634000
v -0.04735300 -0.11879600 0.00617100
v -0.04946200 -0.11833100 0.00967000
v -0.05389700 -0.11833100 0.00967000
v -0.04735300 -0.11766100 0.01314800
v -0.04767800 -0.11755300 0.01361400
v -0.05091400 -0.11770000 0.01296700
v -0.04835400 -0.11793300 0.01186100
v -0.05500500 -0.11793300 0.01186100
v -0.05600600 -0.11766100 0.01314700
v -0.05568100 -0.11755300 0.01361400
v -0.05500500 -0.11864800 0.00746600
v -0.05600600 -0.11879600 0.00617000
v -0.05492500 -0.11746000 0.01401000
v -0.05520300 -0.11747900 0.01393000
v -0.05463600 -0.11745400 0.01403600
v -0.05611400 -0.11778100 0.01259400
v -0.05611400 -0.11799300 0.01156200
v -0.05611400 -0.11820600 0.01041100
v -0.04872300 -0.11745400 0.01403500
v -0.04815600 -0.11747900 0.01393000
v -0.04843400 -0.11746000 0.01401000
v -0.04724500 -0.11820600 0.01041100
v -0.04724500 -0.11778100 0.01259400
v -0.04724500 -0.11799300 0.01156200
v -0.04724500 -0.11833000 0.00967900
v -0.05611400 -0.11833000 0.00967900
v -0.05611400 -0.11860900 0.00778500
v -0.05611400 -0.11844500 0.00894600
v -0.05611400 -0.11873400 0.00673800
v -0.05568100 -0.11884300 0.00568800
v -0.05492500 -0.11888000 0.00527800
v -0.05462000 -0.11888300 0.00525200
v -0.05520400 -0.11887300 0.00536100
v -0.04724500 -0.11844500 0.00894600
v -0.04724500 -0.11860900 0.00778500
v -0.04724500 -0.11873400 0.00673800
v -0.04872300 -0.11888300 0.00525200
v -0.04815500 -0.11887300 0.00536200
v -0.04767800 -0.11884300 0.00568800
v -0.04843400 -0.11888000 0.00527800
v -0.06619700 -0.11860300 0.01102700
v -0.06183400 -0.11845100 0.01182000
v -0.06548000 -0.11853000 0.01142000
v -0.06544600 -0.11852800 0.01142500
v -0.06481800 -0.11838700 0.01214000
v -0.06515000 -0.11848000 0.01167700
v -0.06529400 -0.11850700 0.01153300
v -0.06245200 -0.11771900 0.01504200
v -0.06544600 -0.11743500 0.01611100
v -0.06914100 -0.11743500 0.01611100
v -0.06338200 -0.11889900 0.00928600
v -0.06305400 -0.11884900 0.00960300
v -0.06845800 -0.11882000 0.00978400
v -0.06794100 -0.11898000 0.00874100
v -0.06380900 -0.11894700 0.00897200
v -0.07394300 -0.11717300 0.01703300
v -0.07653200 -0.11717300 0.01703300
v -0.07653200 -0.11757600 0.01559200
v -0.07135600 -0.11717300 0.01703300
v -0.07135900 -0.11794000 0.01415200
v -0.06618500 -0.11717300 0.01703300
v -0.06914100 -0.11768200 0.01518800
v -0.07394500 -0.11794000 0.01415200
v -0.06618500 -0.11794000 0.01415200
v -0.06201000 -0.11793600 0.01416700
v -0.06201000 -0.11793600 0.01416700
v -0.06201000 -0.11793600 0.01416700
v -0.06531900 -0.11719500 0.01695700
v -0.06247300 -0.11873400 0.01029400
v -0.06732600 -0.11871400 0.01040700
v -0.06589600 -0.11794600 0.01412700
v -0.06561800 -0.11796500 0.01404600
v -0.06561800 -0.11796500 0.01404600
v -0.06514000 -0.11804000 0.01372800
v -0.07653200 -0.11794000 0.01415200
v -0.06306000 -0.11753000 0.01576200
v -0.06448600 -0.11726500 0.01671600
v -0.06470700 -0.11827000 0.01269900
v -0.06175200 -0.11827200 0.01268700
v -0.06481600 -0.11814700 0.01325700
v -0.06181500 -0.11810700 0.01343700
v -0.06207800 -0.11860500 0.01101600
v -0.07283900 -0.11916500 0.00735800
v -0.06884200 -0.11929800 0.00617400
v -0.07166200 -0.11908300 0.00801200
v -0.07442200 -0.11926700 0.00647700
v -0.07283700 -0.11932100 0.00594000
v -0.07653200 -0.11938200 0.00529600
v -0.07449600 -0.11940800 0.00497800
v -0.07040800 -0.11938100 0.00529500
v -0.06824000 -0.11938100 0.00529500
v -0.07019700 -0.11956900 0.00227000
v -0.06975900 -0.11893300 0.00906600
v -0.06906100 -0.11911100 0.00778700
v -0.06770100 -0.11923000 0.00681100
v -0.07281300 -0.11947300 0.00410100
v -0.07653200 -0.11944200 0.00453500
v -0.07653200 -0.11949400 0.00377700
v -0.07286400 -0.11952800 0.00318100
v -0.07653200 -0.11953600 0.00302200
v -0.07653200 -0.11956900 0.00227000
v -0.06808600 -0.11956900 0.00227000
v -0.06546700 -0.11947300 0.00409800
v -0.06604800 -0.11912000 0.00773200
v -0.06541900 -0.11952800 0.00318100
v -0.06175100 -0.11956900 0.00227000
v -0.06175100 -0.11944200 0.00453500
v -0.06175100 -0.11949400 0.00377700
v -0.06175100 -0.11953600 0.00302200
v -0.06884200 -0.11929800 0.00617400
v -0.07040800 -0.11938100 0.00529500
v -0.06906500 -0.11881200 0.00599800
v -0.06718600 -0.11869900 0.00704000
v -0.06770100 -0.11923000 0.00681100
v -0.06604800 -0.11912000 0.00773200
v -0.06553500 -0.11858600 0.00795100
v -0.06380900 -0.11894700 0.00897200
v -0.06381700 -0.11845400 0.00889500
v -0.07040800 -0.11888300 0.00525200
v -0.06824000 -0.11938100 0.00529500
v -0.06175100 -0.11938100 0.00529500
v -0.07040800 -0.11938100 0.00529500
v -0.06175100 -0.11906900 0.00225200
v -0.06175100 -0.11903700 0.00299600
v -0.06175100 -0.11953600 0.00302200
v -0.06175100 -0.11949400 0.00377700
v -0.06175100 -0.11899500 0.00375300
v -0.06175100 -0.11894300 0.00450300
v -0.06175100 -0.11944200 0.00453500
v -0.06175100 -0.11938100 0.00529500
v -0.07653200 -0.11956900 0.00227000
v -0.07653200 -0.11906900 0.00225200
v -0.06175100 -0.11906900 0.00225200
v -0.07019700 -0.11956900 0.00227000
v -0.06808600 -0.11956900 0.00227000
v -0.06175100 -0.11956900 0.00227000
v -0.07653200 -0.11888300 0.00525200
v -0.07653200 -0.11894300 0.00450300
v -0.07653200 -0.11894300 0.00450300
v -0.07653200 -0.11894300 0.00450300
v -0.07653200 -0.11938200 0.00529600
v -0.07653200 -0.11938200 0.00529600
v -0.07653200 -0.11899500 0.00375300
v -0.07653200 -0.11944200 0.00453500
v -0.07653200 -0.11944200 0.00453500
v -0.07653200 -0.11903600 0.00300300
v -0.07653200 -0.11906900 0.00225200
v -0.07653200 -0.11953600 0.00302200
v -0.07653200 -0.11949400 0.00377700
v -0.06548000 -0.11853000 0.01142000
v -0.06546200 -0.11803800 0.01133000
v -0.06649200 -0.11814200 0.01077700
v -0.06619700 -0.11860300 0.01102700
v -0.06732600 -0.11871400 0.01040700
v -0.06825700 -0.11830900 0.00981200
v -0.06845800 -0.11882000 0.00978400
v -0.06959900 -0.11842500 0.00907800
v -0.07139600 -0.11856700 0.00809200
v -0.06975900 -0.11893300 0.00906600
v -0.07333400 -0.11870200 0.00702500
v -0.07283900 -0.11916500 0.00735800
v -0.07502700 -0.11880500 0.00608900
v -0.07653200 -0.11888300 0.00525200
v -0.07653200 -0.11938200 0.00529600
v -0.07442200 -0.11926700 0.00647700
v -0.06546300 -0.11844700 0.01140700
v -0.06544600 -0.11852800 0.01142500
v -0.06546200 -0.11803800 0.01133000
v -0.06548000 -0.11853000 0.01142000
v -0.06515000 -0.11848000 0.01167700
v -0.06515200 -0.11799000 0.01157800
v -0.06528000 -0.11801400 0.01145000
v -0.06529400 -0.11850700 0.01153300
v -0.06546200 -0.11803800 0.01133000
v -0.06544600 -0.11852800 0.01142500
v -0.06488300 -0.11828900 0.01198700
v -0.06473700 -0.11821100 0.01237400
v -0.06473700 -0.11796600 0.01232300
v -0.07653200 -0.11745400 0.01403500
v -0.06618500 -0.11745400 0.01403500
v -0.06618500 -0.11745400 0.01403500
v -0.07135900 -0.11794000 0.01415200
v -0.06589600 -0.11746000 0.01401000
v -0.06589600 -0.11794600 0.01412700
v -0.06618500 -0.11794000 0.01415200
v -0.06561800 -0.11747900 0.01393000
v -0.06514000 -0.11755300 0.01361500
v -0.06561800 -0.11796500 0.01404600
v -0.06481600 -0.11766000 0.01314900
v -0.06470700 -0.11777800 0.01261200
v -0.06481800 -0.11789700 0.01204200
v -0.06481600 -0.11814700 0.01325700
v -0.06488300 -0.11804500 0.01193800
v -0.06515200 -0.11799000 0.01157800
v -0.06515000 -0.11848000 0.01167700
v -0.06470700 -0.11827000 0.01269900
v -0.06481800 -0.11838700 0.01214000
v -0.07653200 -0.11669300 0.01689300
v -0.07653200 -0.11709100 0.01546900
v -0.07653200 -0.11717300 0.01703300
v -0.07653200 -0.11794000 0.01415200
v -0.07653200 -0.11757600 0.01559200
v -0.07653200 -0.11745400 0.01403500
v -0.06306300 -0.11704900 0.01563400
v -0.06448600 -0.11678400 0.01657800
v -0.06306000 -0.11753000 0.01576200
v -0.06531900 -0.11671500 0.01681700
v -0.06448600 -0.11726500 0.01671600
v -0.06618500 -0.11669300 0.01689300
v -0.06618500 -0.11669300 0.01689300
v -0.07164900 -0.11669300 0.01689300
v -0.06618500 -0.11717300 0.01703300
v -0.06531900 -0.11719500 0.01695700
v -0.06222900 -0.11841700 0.01065400
v -0.06253000 -0.11825500 0.01012800
v -0.06222900 -0.11829400 0.01063200
v -0.06222900 -0.11854000 0.01067600
v -0.06259300 -0.11863900 0.01010500
v -0.06207800 -0.11811400 0.01092500
v -0.06183300 -0.11796000 0.01172700
v -0.06305400 -0.11884900 0.00960300
v -0.06305500 -0.11835500 0.00952200
v -0.06247300 -0.11873400 0.01029400
v -0.06183400 -0.11845100 0.01182000
v -0.06207800 -0.11860500 0.01101600
v -0.06180500 -0.11787700 0.01332100
v -0.06175100 -0.11778100 0.01259400
v -0.06181500 -0.11761900 0.01332600
v -0.06200500 -0.11745400 0.01403500
v -0.06243600 -0.11724100 0.01489400
v -0.06225000 -0.11756200 0.01464300
v -0.06306300 -0.11704900 0.01563400
v -0.06181500 -0.11810700 0.01343700
v -0.06175200 -0.11827200 0.01268700
v -0.06245200 -0.11771900 0.01504200
v -0.06201000 -0.11793600 0.01416700
v -0.06306000 -0.11753000 0.01576200
v -0.06338200 -0.11889900 0.00928600
v -0.06380900 -0.11894700 0.00897200
v -0.06340700 -0.11840700 0.00919000
v -0.06305400 -0.11884900 0.00960300
v -0.06305500 -0.11835500 0.00952200
v -0.08320400 -0.11768800 0.01516500
v -0.08320400 -0.11813800 0.01329800
v -0.08246500 -0.11816600 0.01318000
v -0.07950900 -0.11768800 0.01516500
v -0.09428900 -0.11743800 0.01609900
v -0.09305800 -0.11717300 0.01703300
v -0.09428900 -0.11717300 0.01703300
v -0.09428900 -0.11768800 0.01516500
v -0.09182600 -0.11717300 0.01703300
v -0.09133300 -0.11816500 0.01317700
v -0.09013200 -0.11734400 0.01643700
v -0.08943900 -0.11759000 0.01554000
v -0.09059400 -0.11717300 0.01703300
v -0.08874700 -0.11782100 0.01463800
v -0.09068900 -0.11834800 0.01232900
v -0.08828500 -0.11796800 0.01403600
v -0.08782300 -0.11810800 0.01343200
v -0.09428900 -0.11792100 0.01423100
v -0.09133300 -0.11840100 0.01207400
v -0.09428900 -0.11834000 0.01236500
v -0.09428900 -0.11813800 0.01329800
v -0.09428900 -0.11852600 0.01143400
v -0.09428900 -0.11869700 0.01050500
v -0.09133300 -0.11865300 0.01075700
v -0.09004500 -0.11851800 0.01147700
v -0.08736100 -0.11824200 0.01282600
v -0.08940100 -0.11867600 0.01062200
v -0.08875700 -0.11882200 0.00976500
v -0.08689900 -0.11837000 0.01221900
v -0.09133300 -0.11882900 0.00972700
v -0.08412700 -0.11750900 0.01583900
v -0.08483800 -0.11775300 0.01491700
v -0.08320400 -0.11717300 0.01703300
v -0.08551300 -0.11796800 0.01403600
v -0.08597500 -0.11810800 0.01343200
v -0.07950900 -0.11717300 0.01703300
v -0.07950900 -0.11813800 0.01329800
v -0.08364700 -0.11848700 0.01163900
v -0.08312100 -0.11834600 0.01234100
v -0.08411200 -0.11860500 0.01101600
v -0.08480800 -0.11877200 0.01007700
v -0.07950900 -0.11852600 0.01143400
v -0.08246500 -0.11842100 0.01197100
v -0.08246500 -0.11871300 0.01041500
v -0.08246500 -0.11858900 0.01110400
v -0.09133300 -0.11893600 0.00904000
v -0.09428900 -0.11885300 0.00957800
v -0.09428900 -0.11899300 0.00865300
v -0.09133300 -0.11908200 0.00801200
v -0.09428900 -0.11911900 0.00773000
v -0.09428900 -0.11922900 0.00681100
v -0.09133300 -0.11920900 0.00698900
v -0.08618000 -0.11905100 0.00824700
v -0.08829200 -0.11892000 0.00914500
v -0.08762300 -0.11904900 0.00825400
v -0.08550600 -0.11892000 0.00914600
v -0.09133300 -0.11932100 0.00595000
v -0.09428900 -0.11932500 0.00589500
v -0.09428900 -0.11940700 0.00498300
v -0.09428900 -0.11947500 0.00407400
v -0.09133300 -0.11943500 0.00464900
v -0.09133300 -0.11956800 0.00227000
v -0.09428900 -0.11952900 0.00317000
v -0.09428900 -0.11956900 0.00227000
v -0.09133300 -0.11951300 0.00345800
v -0.07950900 -0.11885300 0.00957800
v -0.08246500 -0.11888400 0.00938400
v -0.07950900 -0.11911900 0.00773000
v -0.08246500 -0.11903500 0.00835500
v -0.08246500 -0.11917300 0.00730100
v -0.08689900 -0.11917400 0.00728500
v -0.08246500 -0.11946100 0.00427900
v -0.08246500 -0.11951000 0.00350200
v -0.07950900 -0.11947500 0.00407400
v -0.08246500 -0.11938100 0.00530100
v -0.08246500 -0.11928400 0.00630800
v -0.07950900 -0.11932500 0.00589500
v -0.08246500 -0.11957100 0.00227000
v -0.07950900 -0.11956900 0.00227000
v -0.08320400 -0.11669300 0.01689200
v -0.08412700 -0.11702700 0.01570800
v -0.08412700 -0.11750900 0.01583900
v -0.08505100 -0.11733600 0.01451800
v -0.08483800 -0.11775300 0.01491700
v -0.08551300 -0.11796800 0.01403600
v -0.08597500 -0.11762100 0.01332100
v -0.08689900 -0.11788100 0.01211800
v -0.08597500 -0.11810800 0.01343200
v -0.07950900 -0.11717300 0.01703300
v -0.07950900 -0.11669300 0.01689200
v -0.08320400 -0.11669300 0.01689200
v -0.08320400 -0.11717300 0.01703300
v -0.07950900 -0.11906900 0.00225200
v -0.07950900 -0.11897200 0.00410500
v -0.07950900 -0.11947500 0.00407400
v -0.07950900 -0.11881700 0.00595700
v -0.07950900 -0.11860500 0.00780500
v -0.07950900 -0.11911900 0.00773000
v -0.07950900 -0.11932500 0.00589500
v -0.07950900 -0.11885300 0.00957800
v -0.07950900 -0.11833500 0.00964600
v -0.07950900 -0.11800600 0.01148900
v -0.07950900 -0.11852600 0.01143400
v -0.07950900 -0.11762600 0.01329800
v -0.07950900 -0.11718700 0.01510400
v -0.07950900 -0.11768800 0.01516500
v -0.07950900 -0.11813800 0.01329800
v -0.07950900 -0.11717300 0.01703300
v -0.07950900 -0.11956900 0.00227000
v -0.08246500 -0.11957100 0.00227000
v -0.08246500 -0.11906900 0.00225200
v -0.08246500 -0.11820400 0.01178200
v -0.08246500 -0.11820400 0.01178200
v -0.08246500 -0.11767800 0.01307000
v -0.08246500 -0.11767800 0.01307000
v -0.08246500 -0.11789800 0.01203900
v -0.08246500 -0.11789800 0.01203900
v -0.08246500 -0.11814200 0.01077400
v -0.08246500 -0.11816600 0.01318000
v -0.08246500 -0.11867700 0.00908100
v -0.08246500 -0.11867700 0.00908100
v -0.08246500 -0.11843000 0.00904500
v -0.08246500 -0.11832300 0.00971900
v -0.08246500 -0.11857600 0.00802700
v -0.08246500 -0.11857600 0.00802700
v -0.08246500 -0.11842100 0.01197100
v -0.08246500 -0.11842100 0.01197100
v -0.08246500 -0.11858900 0.01110400
v -0.08246500 -0.11858900 0.01110400
v -0.08246500 -0.11871300 0.01041500
v -0.08246500 -0.11871300 0.01041500
v -0.08246500 -0.11886700 0.00772300
v -0.08246500 -0.11886700 0.00772300
v -0.08246500 -0.11903500 0.00835500
v -0.08246500 -0.11917300 0.00730100
v -0.08246500 -0.11888400 0.00938400
v -0.08246500 -0.11888400 0.00938400
v -0.08246500 -0.11869900 0.00704900
v -0.08246500 -0.11869900 0.00704900
v -0.08246500 -0.11902700 0.00636100
v -0.08246500 -0.11877000 0.00641100
v -0.08246500 -0.11915500 0.00499600
v -0.08246500 -0.11915500 0.00499600
v -0.08246500 -0.11915500 0.00499600
v -0.08246500 -0.11883300 0.00579800
v -0.08246500 -0.11883300 0.00579800
v -0.08246500 -0.11883300 0.00579800
v -0.08246500 -0.11925300 0.00362900
v -0.08246500 -0.11925300 0.00362900
v -0.08246500 -0.11896300 0.00423300
v -0.08246500 -0.11896300 0.00423300
v -0.08246500 -0.11900400 0.00360000
v -0.08246500 -0.11903800 0.00297000
v -0.08246500 -0.11906900 0.00225200
v -0.08246500 -0.11906900 0.00225200
v -0.08246500 -0.11906900 0.00225200
v -0.08246500 -0.11890600 0.00498100
v -0.08246500 -0.11938100 0.00530100
v -0.08246500 -0.11938100 0.00530100
v -0.08246500 -0.11928400 0.00630800
v -0.08246500 -0.11951000 0.00350200
v -0.08246500 -0.11951000 0.00350200
v -0.08246500 -0.11946100 0.00427900
v -0.08246500 -0.11946100 0.00427900
v -0.08246500 -0.11957100 0.00227000
v -0.08615300 -0.11879700 0.00824900
v -0.08689900 -0.11867800 0.00722500
v -0.08643500 -0.11860000 0.00784100
v -0.08466300 -0.11849100 0.01023200
v -0.08572700 -0.11847000 0.00877800
v -0.08618000 -0.11905100 0.00824700
v -0.08689900 -0.11917400 0.00728500
v -0.08550600 -0.11892000 0.00914600
v -0.08485000 -0.11828800 0.00993800
v -0.08393600 -0.11807100 0.01115800
v -0.08411200 -0.11860500 0.01101600
v -0.08480800 -0.11877200 0.01007700
v -0.08364700 -0.11848700 0.01163900
v -0.08312100 -0.11834600 0.01234100
v -0.08318300 -0.11787200 0.01216000
v -0.09044600 -0.11816800 0.01195800
v -0.09133300 -0.11767700 0.01306900
v -0.09068900 -0.11785800 0.01222700
v -0.08940100 -0.11818400 0.01053500
v -0.09004500 -0.11802700 0.01138300
v -0.08864500 -0.11860000 0.00957600
v -0.09133300 -0.11816500 0.01317700
v -0.09068900 -0.11834800 0.01232900
v -0.08940100 -0.11867600 0.01062200
v -0.09004500 -0.11851800 0.01147700
v -0.08875700 -0.11882200 0.00976500
v -0.08778500 -0.11877100 0.00843600
v -0.08760600 -0.11855800 0.00816400
v -0.08689900 -0.11867800 0.00722500
v -0.08849100 -0.11838600 0.00933300
v -0.08762300 -0.11904900 0.00825400
v -0.08829200 -0.11892000 0.00914500
v -0.08689900 -0.11917400 0.00728500
v -0.09133300 -0.11925300 0.00363000
v -0.09133300 -0.11925300 0.00363000
v -0.09133300 -0.11906900 0.00225200
v -0.09133300 -0.11906900 0.00225200
v -0.09133300 -0.11903800 0.00297400
v -0.09133300 -0.11903800 0.00297400
v -0.09133300 -0.11900400 0.00359900
v -0.09133300 -0.11896400 0.00421300
v -0.09133300 -0.11891700 0.00484100
v -0.09133300 -0.11891700 0.00484100
v -0.09133300 -0.11956800 0.00227000
v -0.09133300 -0.11902700 0.00636300
v -0.09133300 -0.11902700 0.00636300
v -0.09133300 -0.11902700 0.00636300
v -0.09133300 -0.11876600 0.00644700
v -0.09133300 -0.11876600 0.00644700
v -0.09133300 -0.11884600 0.00565600
v -0.09133300 -0.11884600 0.00565600
v -0.09133300 -0.11866700 0.00731800
v -0.09133300 -0.11886700 0.00772500
v -0.09133300 -0.11951300 0.00345800
v -0.09133300 -0.11951300 0.00345800
v -0.09133300 -0.11943500 0.00464900
v -0.09133300 -0.11943500 0.00464900
v -0.09133300 -0.11932100 0.00595000
v -0.09133300 -0.11932100 0.00595000
v -0.09133300 -0.11920900 0.00698900
v -0.09133300 -0.11920900 0.00698900
v -0.09133300 -0.11908200 0.00801200
v -0.09133300 -0.11867700 0.00908300
v -0.09133300 -0.11853500 0.00832300
v -0.09133300 -0.11843000 0.00904500
v -0.09133300 -0.11827200 0.01003100
v -0.09133300 -0.11845500 0.01043600
v -0.09133300 -0.11789600 0.01205000
v -0.09133300 -0.11820400 0.01178300
v -0.09133300 -0.11808800 0.01106400
v -0.09133300 -0.11767700 0.01306900
v -0.09133300 -0.11882900 0.00972700
v -0.09133300 -0.11893600 0.00904000
v -0.09133300 -0.11840100 0.01207400
v -0.09133300 -0.11865300 0.01075700
v -0.09133300 -0.11816500 0.01317700
v -0.09133300 -0.11956800 0.00227000
v -0.09428900 -0.11906900 0.00225200
v -0.09133300 -0.11906900 0.00225200
v -0.09428900 -0.11733500 0.01552500
v -0.09428900 -0.11733500 0.01552500
v -0.09428900 -0.11733500 0.01552500
v -0.09428900 -0.11733500 0.01552500
v -0.09428900 -0.11669300 0.01689300
v -0.09428900 -0.11669300 0.01689300
v -0.09428900 -0.11691900 0.01610500
v -0.09428900 -0.11691900 0.01610500
v -0.09428900 -0.11740400 0.01424200
v -0.09428900 -0.11740400 0.01424200
v -0.09428900 -0.11740400 0.01424200
v -0.09428900 -0.11718200 0.01512600
v -0.09428900 -0.11718200 0.01512600
v -0.09428900 -0.11803100 0.01262100
v -0.09428900 -0.11803100 0.01262100
v -0.09428900 -0.11803100 0.01262100
v -0.09428900 -0.11717300 0.01703300
v -0.09428900 -0.11781600 0.01243100
v -0.09428900 -0.11781600 0.01243100
v -0.09428900 -0.11800300 0.01150900
v -0.09428900 -0.11800300 0.01150900
v -0.09428900 -0.11818700 0.01052000
v -0.09428900 -0.11818700 0.01052000
v -0.09428900 -0.11832500 0.01115600
v -0.09428900 -0.11763400 0.01326100
v -0.09428900 -0.11833100 0.00967500
v -0.09428900 -0.11833100 0.00967500
v -0.09428900 -0.11858200 0.00968500
v -0.09428900 -0.11858200 0.00968500
v -0.09428900 -0.11858200 0.00968500
v -0.09428900 -0.11743800 0.01609900
v -0.09428900 -0.11792100 0.01423100
v -0.09428900 -0.11768800 0.01516500
v -0.09428900 -0.11813800 0.01329800
v -0.09428900 -0.11834000 0.01236500
v -0.09428900 -0.11869700 0.01050500
v -0.09428900 -0.11852600 0.01143400
v -0.09428900 -0.11847300 0.00875700
v -0.09428900 -0.11847300 0.00875700
v -0.09428900 -0.11880300 0.00820700
v -0.09428900 -0.11880300 0.00820700
v -0.09428900 -0.11859400 0.00788900
v -0.09428900 -0.11859400 0.00788900
v -0.09428900 -0.11898800 0.00672400
v -0.09428900 -0.11898800 0.00672400
v -0.09428900 -0.11898800 0.00672400
v -0.09428900 -0.11881900 0.00593400
v -0.09428900 -0.11881900 0.00593400
v -0.09428900 -0.11872300 0.00684600
v -0.09428900 -0.11872300 0.00684600
v -0.09428900 -0.11911900 0.00773000
v -0.09428900 -0.11899300 0.00865300
v -0.09428900 -0.11913500 0.00523800
v -0.09428900 -0.11913500 0.00523800
v -0.09428900 -0.11913500 0.00523800
v -0.09428900 -0.11889700 0.00509800
v -0.09428900 -0.11889700 0.00509800
v -0.09428900 -0.11897000 0.00413200
v -0.09428900 -0.11897000 0.00413200
v -0.09428900 -0.11903200 0.00308300
v -0.09428900 -0.11903200 0.00308300
v -0.09428900 -0.11924500 0.00375000
v -0.09428900 -0.11924500 0.00375000
v -0.09428900 -0.11924500 0.00375000
v -0.09428900 -0.11906900 0.00225200
v -0.09428900 -0.11906900 0.00225200
v -0.09428900 -0.11932500 0.00589500
v -0.09428900 -0.11922900 0.00681100
v -0.09428900 -0.11947500 0.00407400
v -0.09428900 -0.11947500 0.00407400
v -0.09428900 -0.11940700 0.00498300
v -0.09428900 -0.11952900 0.00317000
v -0.09428900 -0.11952900 0.00317000
v -0.09428900 -0.11956900 0.00227000
v -0.09182600 -0.11717300 0.01703300
v -0.09182600 -0.11717300 0.01703300
v -0.09182600 -0.11717300 0.01703300
v -0.09059400 -0.11669300 0.01689300
v -0.09059400 -0.11669300 0.01689300
v -0.09428900 -0.11669300 0.01689300
v -0.09428900 -0.11669300 0.01689300
v -0.09428900 -0.11717300 0.01703300
v -0.09305800 -0.11717300 0.01703300
v -0.08763800 -0.11791900 0.01313500
v -0.08689900 -0.11788100 0.01211800
v -0.08759100 -0.11768900 0.01302100
v -0.08828500 -0.11748100 0.01392000
v -0.08911600 -0.11745700 0.01505700
v -0.08736100 -0.11824200 0.01282600
v -0.08689900 -0.11837000 0.01221900
v -0.08782300 -0.11810800 0.01343200
v -0.08828500 -0.11796800 0.01403600
v -0.08898800 -0.11725800 0.01483000
v -0.08984700 -0.11696600 0.01593500
v -0.08943900 -0.11759000 0.01554000
v -0.08874700 -0.11782100 0.01463800
v -0.09013200 -0.11734400 0.01643700
v -0.09059400 -0.11717300 0.01703300
v -0.09059400 -0.11669300 0.01689300
v -0.09267000 -0.11308500 0.02744100
v -0.09429000 -0.11394400 0.02559800
v -0.09267000 -0.11394200 0.02560400
v -0.09429000 -0.11308500 0.02744100
v -0.09267000 -0.11443500 0.02452300
v -0.09429000 -0.11394400 0.02559800
v -0.09429000 -0.11440600 0.02458600
v -0.09428400 -0.11457300 0.02420300
v -0.09265600 -0.11460300 0.02413500
v -0.09419500 -0.11487300 0.02350300
v -0.09366700 -0.11541300 0.02217500
v -0.09213300 -0.11518500 0.02274800
v -0.09399000 -0.11515600 0.02282000
v -0.09249100 -0.11491100 0.02341200
v -0.09323600 -0.11564200 0.02158600
v -0.09161200 -0.11541000 0.02218300
v -0.09267000 -0.11394200 0.02560400
v -0.09096700 -0.11558200 0.02174100
v -0.09271700 -0.11583900 0.02106000
v -0.09022300 -0.11568600 0.02147000
v -0.08619300 -0.11595200 0.02075700
v -0.08862200 -0.11571800 0.02138400
v -0.08943200 -0.11571800 0.02138400
v -0.08619300 -0.11571800 0.02138400
v -0.09212400 -0.11600500 0.02060800
v -0.09146300 -0.11613300 0.02025000
v -0.09074900 -0.11622000 0.02000200
v -0.08619300 -0.11627700 0.01984100
v -0.08619300 -0.11627700 0.01984100
v -0.09000300 -0.11626700 0.01986900
v -0.09000300 -0.11626700 0.01986900
v -0.08924000 -0.11627600 0.01984000
v -0.09429000 -0.11395900 0.02435700
v -0.09429000 -0.11395900 0.02435700
v -0.09428300 -0.11411900 0.02399500
v -0.09428400 -0.11457300 0.02420300
v -0.09429000 -0.11365800 0.02502800
v -0.09429000 -0.11440600 0.02458600
v -0.09429000 -0.11440600 0.02458600
v -0.09419600 -0.11441200 0.02331000
v -0.09399500 -0.11468800 0.02264300
v -0.09399000 -0.11515600 0.02282000
v -0.09366400 -0.11495000 0.02198800
v -0.09323600 -0.11517500 0.02140700
v -0.09323600 -0.11564200 0.02158600
v -0.09271700 -0.11537000 0.02088600
v -0.09271700 -0.11583900 0.02106000
v -0.09366700 -0.11541300 0.02217500
v -0.09419500 -0.11487300 0.02350300
v -0.09212400 -0.11553500 0.02043800
v -0.09146300 -0.11566200 0.02008300
v -0.09146300 -0.11613300 0.02025000
v -0.09074800 -0.11574900 0.01983700
v -0.09000300 -0.11579400 0.01970500
v -0.09000300 -0.11626700 0.01986900
v -0.09074900 -0.11622000 0.02000200
v -0.08924000 -0.11580400 0.01967700
v -0.08619300 -0.11580500 0.01967700
v -0.08619300 -0.11580500 0.01967700
v -0.08619300 -0.11627700 0.01984100
v -0.08924000 -0.11627600 0.01984000
v -0.08924000 -0.11627600 0.01984000
v -0.09429000 -0.11365800 0.02502800
v -0.09429000 -0.11394400 0.02559800
v -0.09429000 -0.11308500 0.02744100
v -0.09267000 -0.11394200 0.02560400
v -0.09267000 -0.11366800 0.02500600
v -0.09267000 -0.11308500 0.02744100
v -0.08619300 -0.11525000 0.02120800
v -0.08862200 -0.11525000 0.02120800
v -0.08740100 -0.11548400 0.02129600
v -0.08619300 -0.11571800 0.02138400
v -0.08981700 -0.11547700 0.02131500
v -0.09022300 -0.11521800 0.02129300
v -0.08943200 -0.11525000 0.02120800
v -0.09096700 -0.11511500 0.02156200
v -0.09096700 -0.11534900 0.02165200
v -0.08862200 -0.11571800 0.02138400
v -0.08862200 -0.11571800 0.02138400
v -0.09022300 -0.11568600 0.02147000
v -0.08943200 -0.11571800 0.02138400
v -0.09161200 -0.11541000 0.02218300
v -0.09096700 -0.11558200 0.02174100
v -0.09161400 -0.11494500 0.02200100
v -0.09189200 -0.11507100 0.02236100
v -0.09213400 -0.11472000 0.02256300
v -0.09249200 -0.11444800 0.02322400
v -0.09249000 -0.11468100 0.02331400
v -0.09265600 -0.11414400 0.02393700
v -0.09267000 -0.11366800 0.02500600
v -0.09267000 -0.11366800 0.02500600
v -0.09267000 -0.11366800 0.02500600
v -0.09267000 -0.11421300 0.02440200
v -0.09267000 -0.11398400 0.02430100
v -0.09267000 -0.11398400 0.02430100
v -0.09213300 -0.11518500 0.02274800
v -0.09249100 -0.11491100 0.02341200
v -0.09265600 -0.11460300 0.02413500
v -0.09267000 -0.11443500 0.02452300
v -0.09267000 -0.11443500 0.02452300
v -0.09267000 -0.11443500 0.02452300
v -0.09267000 -0.11394200 0.02560400
v -0.08619300 -0.11595200 0.02075700
v -0.08619300 -0.11627700 0.01984100
v -0.08619300 -0.11580500 0.01967700
v -0.08619300 -0.11571800 0.02138400
v -0.08619300 -0.11545600 0.02065400
v -0.06728900 -0.11409900 0.02526500
v -0.06728900 -0.11409900 0.02526500
v -0.06500400 -0.11424400 0.02495100
v -0.06702800 -0.11308500 0.02744100
v -0.06702800 -0.11308500 0.02744100
v -0.06905200 -0.11308500 0.02744100
v -0.06298000 -0.11308500 0.02744100
v -0.06298000 -0.11308500 0.02744100
v -0.06272900 -0.11410500 0.02525200
v -0.06272900 -0.11410500 0.02525200
v -0.06095600 -0.11308500 0.02744100
v -0.06500400 -0.11424400 0.02495100
v -0.06659200 -0.11449100 0.02439300
v -0.06342500 -0.11449600 0.02438200
v -0.06500400 -0.11424400 0.02495100
v -0.06728900 -0.11409900 0.02526500
v -0.06272900 -0.11410500 0.02525200
v -0.06698500 -0.11529900 0.02246600
v -0.06500400 -0.11532300 0.02240300
v -0.06640000 -0.11499800 0.02320400
v -0.06602200 -0.11479900 0.02367900
v -0.06398600 -0.11479900 0.02367900
v -0.06550900 -0.11557300 0.02176600
v -0.06753500 -0.11557100 0.02177100
v -0.06905300 -0.11627800 0.01984100
v -0.06623600 -0.11591900 0.02084800
v -0.06811300 -0.11584900 0.02103700
v -0.06702800 -0.11627600 0.01984000
v -0.06323000 -0.11519300 0.02272800
v -0.06247300 -0.11557100 0.02177100
v -0.06449900 -0.11557300 0.02176600
v -0.06377700 -0.11591600 0.02085400
v -0.06171500 -0.11593200 0.02080800
v -0.06298000 -0.11627700 0.01984100
v -0.06095600 -0.11627600 0.01984000
v -0.06730200 -0.11363800 0.02507100
v -0.06664100 -0.11400700 0.02425200
v -0.06728900 -0.11409900 0.02526500
v -0.06602200 -0.11433800 0.02348300
v -0.06659200 -0.11449100 0.02439300
v -0.06905200 -0.11308500 0.02744100
v -0.06905200 -0.11308500 0.02744100
v -0.06905200 -0.11263200 0.02723000
v -0.06730200 -0.11363800 0.02507100
v -0.06730200 -0.11363800 0.02507100
v -0.06702800 -0.11308500 0.02744100
v -0.06702800 -0.11263200 0.02723000
v -0.06905200 -0.11263200 0.02723000
v -0.06702800 -0.11263200 0.02723000
v -0.06500400 -0.11424400 0.02495100
v -0.06500400 -0.11379200 0.02474200
v -0.06702800 -0.11308500 0.02744100
v -0.06298000 -0.11308500 0.02744100
v -0.06298000 -0.11308500 0.02744100
v -0.06298000 -0.11263200 0.02723000
v -0.06500400 -0.11379200 0.02474200
v -0.06500400 -0.11379200 0.02474200
v -0.06095600 -0.11308500 0.02744100
v -0.06095600 -0.11263200 0.02723000
v -0.06298000 -0.11263200 0.02723000
v -0.06095600 -0.11263200 0.02723000
v -0.06095600 -0.11308500 0.02744100
v -0.06244600 -0.11348800 0.02539300
v -0.06398600 -0.11433900 0.02348300
v -0.06366500 -0.11416700 0.02388400
v -0.06342500 -0.11449600 0.02438200
v -0.06095600 -0.11580500 0.01967700
v -0.06171500 -0.11546200 0.02063700
v -0.06171500 -0.11593200 0.02080800
v -0.06247300 -0.11510400 0.02159100
v -0.06247300 -0.11557100 0.02177100
v -0.06323500 -0.11472800 0.02254600
v -0.06398600 -0.11433900 0.02348300
v -0.06398600 -0.11479900 0.02367900
v -0.06323000 -0.11519300 0.02272800
v -0.06298000 -0.11580400 0.01967700
v -0.06095600 -0.11580500 0.01967700
v -0.06095600 -0.11627600 0.01984000
v -0.06500400 -0.11485900 0.02221800
v -0.06449900 -0.11510600 0.02158700
v -0.06500400 -0.11532300 0.02240300
v -0.06377700 -0.11591600 0.02085400
v -0.06449900 -0.11557300 0.02176600
v -0.06298000 -0.11627700 0.01984100
v -0.06370600 -0.11547900 0.02059300
v -0.06702800 -0.11580400 0.01967700
v -0.06652200 -0.11557900 0.02031600
v -0.06702800 -0.11627600 0.01984000
v -0.06574600 -0.11522000 0.02129000
v -0.06623600 -0.11591900 0.02084800
v -0.06500400 -0.11485900 0.02221800
v -0.06500400 -0.11532300 0.02240300
v -0.06550900 -0.11557300 0.02176600
v -0.06702800 -0.11627600 0.01984000
v -0.06702800 -0.11627600 0.01984000
v -0.06905300 -0.11627800 0.01984100
v -0.06905200 -0.11580400 0.01967700
v -0.06905200 -0.11580400 0.01967700
v -0.06602200 -0.11433800 0.02348300
v -0.06657700 -0.11462800 0.02279100
v -0.06602200 -0.11479900 0.02367900
v -0.06715600 -0.11491900 0.02206600
v -0.06698500 -0.11529900 0.02246600
v -0.06753500 -0.11557100 0.02177100
v -0.06774800 -0.11520700 0.02132300
v -0.06849500 -0.11555500 0.02038200
v -0.06811300 -0.11584900 0.02103700
v -0.07453400 -0.11410000 0.02526200
v -0.07630400 -0.11308500 0.02744100
v -0.07630400 -0.11308500 0.02744100
v -0.07832800 -0.11394200 0.02560400
v -0.07832800 -0.11394200 0.02560400
v -0.07832800 -0.11308500 0.02744100
v -0.07185100 -0.11394200 0.02560400
v -0.07023200 -0.11394200 0.02560400
v -0.07185100 -0.11308500 0.02744100
v -0.07023200 -0.11308500 0.02744100
v -0.07453400 -0.11410000 0.02526200
v -0.07832800 -0.11394200 0.02560400
v -0.07670900 -0.11401600 0.02544300
v -0.07670900 -0.11433200 0.02474900
v -0.07670900 -0.11463800 0.02405300
v -0.07832800 -0.11518500 0.02274600
v -0.07670900 -0.11493500 0.02335600
v -0.07388800 -0.11446300 0.02445700
v -0.07560000 -0.11463500 0.02406100
v -0.07504400 -0.11493100 0.02336500
v -0.07333300 -0.11476300 0.02376300
v -0.07185100 -0.11476500 0.02375900
v -0.07023200 -0.11394200 0.02560400
v -0.07185100 -0.11394200 0.02560400
v -0.07023200 -0.11518500 0.02274600
v -0.07251900 -0.11518900 0.02274000
v -0.07448800 -0.11521800 0.02266600
v -0.07393000 -0.11549600 0.02196400
v -0.07670900 -0.11576800 0.02125100
v -0.07670900 -0.11522200 0.02265600
v -0.07832800 -0.11627600 0.01984000
v -0.07670900 -0.11627600 0.01984000
v -0.07185100 -0.11552100 0.02190000
v -0.07337300 -0.11576500 0.02125900
v -0.07023200 -0.11627600 0.01984000
v -0.07225600 -0.11627600 0.01984000
v -0.07630400 -0.11308500 0.02744100
v -0.07630400 -0.11263200 0.02723000
v -0.07832800 -0.11263200 0.02723000
v -0.07453400 -0.11410000 0.02526200
v -0.07453400 -0.11410000 0.02526200
v -0.07436100 -0.11374500 0.02483900
v -0.07630400 -0.11308500 0.02744100
v -0.07259400 -0.11468700 0.02264800
v -0.07259400 -0.11468700 0.02264800
v -0.07251900 -0.11518900 0.02274000
v -0.07251900 -0.11518900 0.02274000
v -0.07185100 -0.11505500 0.02171800
v -0.07185100 -0.11552100 0.02190000
v -0.07259300 -0.11491800 0.02274000
v -0.07259300 -0.11491800 0.02274000
v -0.07333300 -0.11476300 0.02376300
v -0.07356900 -0.11417900 0.02386000
v -0.07407300 -0.11413200 0.02458500
v -0.07436100 -0.11374500 0.02483900
v -0.07388800 -0.11446300 0.02445700
v -0.07453400 -0.11410000 0.02526200
v -0.07023200 -0.11308500 0.02744100
v -0.07023200 -0.11263200 0.02723000
v -0.07185100 -0.11263200 0.02723000
v -0.07023200 -0.11627600 0.01984000
v -0.07023200 -0.11627600 0.01984000
v -0.07225600 -0.11627600 0.01984000
v -0.07225600 -0.11580400 0.01967700
v -0.07225600 -0.11580400 0.01967700
v -0.07670900 -0.11356300 0.02523300
v -0.07560000 -0.11417600 0.02386300
v -0.07670900 -0.11401600 0.02544300
v -0.07448800 -0.11475400 0.02247900
v -0.07504400 -0.11493100 0.02336500
v -0.07560000 -0.11463500 0.02406100
v -0.07393000 -0.11549600 0.02196400
v -0.07448800 -0.11521800 0.02266600
v -0.07337300 -0.11529700 0.02108400
v -0.07225600 -0.11580400 0.01967700
v -0.07337300 -0.11576500 0.02125900
v -0.07670900 -0.11580400 0.01967700
v -0.07670900 -0.11529600 0.02108600
v -0.07670900 -0.11576800 0.02125100
v -0.07670900 -0.11475300 0.02248300
v -0.07670900 -0.11522200 0.02265600
v -0.07670900 -0.11493500 0.02335600
v -0.07670900 -0.11417500 0.02386600
v -0.07670900 -0.11463800 0.02405300
v -0.07670900 -0.11356300 0.02523300
v -0.07670900 -0.11433200 0.02474900
v -0.07832800 -0.11627600 0.01984000
v -0.07832800 -0.11348800 0.02539300
v -0.07832800 -0.11472100 0.02256000
v -0.07832800 -0.11308500 0.02744100
v -0.07832800 -0.11263200 0.02723000
v -0.07832800 -0.11394200 0.02560400
v -0.07832800 -0.11580400 0.01967700
v -0.07832800 -0.11518500 0.02274600
v -0.07185100 -0.11394200 0.02560400
v -0.07185100 -0.11348800 0.02539300
v -0.07185100 -0.11430200 0.02356900
v -0.07185100 -0.11308500 0.02744100
v -0.07185100 -0.11263200 0.02723000
v -0.07185100 -0.11505500 0.02171800
v -0.07185100 -0.11476500 0.02375900
v -0.07185100 -0.11552100 0.02190000
v -0.07023200 -0.11348800 0.02539300
v -0.07023200 -0.11518500 0.02274600
v -0.07023200 -0.11627600 0.01984000
v -0.07023200 -0.11580400 0.01967700
v -0.07023200 -0.11394200 0.02560400
v -0.07023200 -0.11263200 0.02723000
v -0.07023200 -0.11308500 0.02744100
v -0.08541800 -0.11308500 0.02744100
v -0.08541800 -0.11308500 0.02744100
v -0.08744200 -0.11308500 0.02744100
v -0.08339300 -0.11424400 0.02495100
v -0.08546300 -0.11421900 0.02500400
v -0.08546300 -0.11421900 0.02500400
v -0.08137000 -0.11308500 0.02744100
v -0.08137000 -0.11308500 0.02744100
v -0.08131400 -0.11421300 0.02501800
v -0.08131400 -0.11421300 0.02501800
v -0.07934600 -0.11308500 0.02744100
v -0.08339300 -0.11424400 0.02495100
v -0.08131400 -0.11421300 0.02501800
v -0.08339300 -0.11424400 0.02495100
v -0.08473100 -0.11462300 0.02408900
v -0.08546300 -0.11421900 0.02500400
v -0.08258500 -0.11527000 0.02253500
v -0.08420300 -0.11527000 0.02253500
v -0.08420300 -0.11562100 0.02163900
v -0.08420300 -0.11595700 0.02074100
v -0.08258500 -0.11562100 0.02163900
v -0.08420300 -0.11627600 0.01984000
v -0.08258500 -0.11627600 0.01984000
v -0.08420300 -0.11490400 0.02342900
v -0.08258500 -0.11595700 0.02074100
v -0.08214800 -0.11467200 0.02397600
v -0.08258500 -0.11490400 0.02342900
v -0.08565900 -0.11365300 0.02503700
v -0.08509900 -0.11396400 0.02434600
v -0.08546300 -0.11421900 0.02500400
v -0.08465900 -0.11420300 0.02380000
v -0.08420300 -0.11444400 0.02323500
v -0.08473100 -0.11462300 0.02408900
v -0.08565900 -0.11365300 0.02503700
v -0.08546300 -0.11421900 0.02500400
v -0.08744200 -0.11308500 0.02744100
v -0.08541800 -0.11308500 0.02744100
v -0.08541800 -0.11263200 0.02723000
v -0.08744200 -0.11263200 0.02723000
v -0.08339400 -0.11379200 0.02474100
v -0.08137000 -0.11308500 0.02744100
v -0.08137000 -0.11263200 0.02723000
v -0.08339300 -0.11424400 0.02495100
v -0.07934600 -0.11308500 0.02744100
v -0.07934600 -0.11263200 0.02723000
v -0.08137000 -0.11263200 0.02723000
v -0.08131400 -0.11421300 0.02501800
v -0.08116400 -0.11367400 0.02499300
v -0.07934600 -0.11308500 0.02744100
v -0.08258500 -0.11444400 0.02323500
v -0.08188500 -0.11407200 0.02410200
v -0.08214800 -0.11467200 0.02397600
v -0.08131400 -0.11421300 0.02501800
v -0.08116400 -0.11367400 0.02499300
v -0.08258500 -0.11580400 0.01967700
v -0.08258500 -0.11547700 0.02059600
v -0.08258500 -0.11595700 0.02074100
v -0.08258500 -0.11562100 0.02163900
v -0.08258500 -0.11515400 0.02146400
v -0.08258500 -0.11480800 0.02234600
v -0.08258500 -0.11480800 0.02234600
v -0.08258500 -0.11527000 0.02253500
v -0.08258500 -0.11527000 0.02253500
v -0.08258500 -0.11527000 0.02253500
v -0.08258500 -0.11490400 0.02342900
v -0.08420300 -0.11444400 0.02323500
v -0.08420300 -0.11444400 0.02323500
v -0.08420300 -0.11480900 0.02234300
v -0.08420300 -0.11480900 0.02234300
v -0.08420300 -0.11490400 0.02342900
v -0.08420300 -0.11512800 0.02153000
v -0.08420300 -0.11527000 0.02253500
v -0.08420300 -0.11527000 0.02253500
v -0.08420300 -0.11548500 0.02057400
v -0.08420300 -0.11580400 0.01967700
v -0.08420300 -0.11595700 0.02074100
v -0.08420300 -0.11562100 0.02163900
v -0.04428900 -0.11845800 0.00885600
v -0.04428900 -0.11854900 0.00821800
v -0.03544800 -0.11854800 0.00822700
v -0.03544800 -0.11838400 0.00933800
v -0.04428900 -0.11833600 0.00964800
v -0.03544800 -0.11820000 0.01044500
v -0.04428900 -0.11820400 0.01042000
v -0.03544800 -0.11799500 0.01154900
v -0.04428900 -0.11793600 0.01185200
v -0.04428900 -0.11809200 0.01104500
v -0.04428900 -0.11778200 0.01259300
v -0.03987800 -0.11725600 0.01483500
v -0.03544800 -0.11696900 0.01592000
v -0.04608100 -0.11693200 0.01605800
v -0.03987800 -0.11666200 0.01700000
v -0.04797500 -0.11671200 0.01683200
v -0.04724500 -0.11676500 0.01664900
v -0.06514000 -0.11755300 0.01361500
v -0.06470700 -0.11777800 0.01261200
v -0.06481600 -0.11766000 0.01314900
v -0.06305500 -0.11835500 0.00952200
v -0.06340700 -0.11840700 0.00919000
v -0.06340700 -0.11840700 0.00919000
v -0.05907000 -0.11843900 0.00898600
v -0.05907000 -0.11843900 0.00898600
v -0.05907000 -0.11843900 0.00898600
v -0.05907000 -0.11832200 0.00972800
v -0.06253000 -0.11825500 0.01012800
v -0.05907000 -0.11855000 0.00821200
v -0.06381700 -0.11845400 0.00889500
v -0.06381700 -0.11845400 0.00889500
v -0.06515200 -0.11799000 0.01157800
v -0.06515200 -0.11799000 0.01157800
v -0.06649200 -0.11814200 0.01077700
v -0.06546200 -0.11803800 0.01133000
v -0.06546200 -0.11803800 0.01133000
v -0.04444600 -0.11633700 0.01806600
v -0.03544800 -0.11598700 0.01914100
v -0.04883100 -0.11598800 0.01913700
v -0.04430900 -0.11523200 0.02125600
v -0.05760100 -0.11523200 0.02125600
v -0.05317000 -0.11561900 0.02020200
v -0.03544800 -0.11439900 0.02334000
v -0.04430900 -0.11439900 0.02334000
v -0.05345600 -0.11482900 0.02229300
v -0.05760100 -0.11439900 0.02334000
v -0.06398600 -0.11433900 0.02348300
v -0.06323500 -0.11472800 0.02254600
v -0.06366500 -0.11416700 0.02388400
v -0.05468000 -0.11395800 0.02436000
v -0.06305400 -0.11383300 0.02464100
v -0.05981600 -0.11561900 0.02020200
v -0.06095600 -0.11580500 0.01967700
v -0.06298000 -0.11580400 0.01967700
v -0.06702800 -0.11580400 0.01967700
v -0.09768300 -0.11598700 0.01913900
v -0.06280600 -0.11633400 0.01807300
v -0.07225600 -0.11580400 0.01967700
v -0.07670900 -0.11580400 0.01967700
v -0.07832800 -0.11580400 0.01967700
v -0.08258500 -0.11580400 0.01967700
v -0.07981000 -0.11551100 0.02050700
v -0.07971100 -0.11511400 0.02156700
v -0.08258500 -0.11515400 0.02146400
v -0.09777000 -0.11633500 0.01807100
v -0.08509900 -0.11396400 0.02434600
v -0.08565900 -0.11365300 0.02503700
v -0.09267000 -0.11366800 0.02500600
v -0.07832800 -0.11472100 0.02256000
v -0.08258500 -0.11480800 0.02234600
v -0.08420300 -0.11512800 0.02153000
v -0.08420300 -0.11480900 0.02234300
v -0.09161400 -0.11494500 0.02200100
v -0.08420300 -0.11444400 0.02323500
v -0.09213400 -0.11472000 0.02256300
v -0.09249200 -0.11444800 0.02322400
v -0.08465900 -0.11420300 0.02380000
v -0.09265600 -0.11414400 0.02393700
v -0.09267000 -0.11398400 0.02430100
v -0.10633300 -0.11409700 0.02404500
v -0.10633000 -0.11440400 0.02332800
v -0.09419600 -0.11441200 0.02331000
v -0.10637700 -0.11368800 0.02496200
v -0.09429000 -0.11395900 0.02435700
v -0.09399500 -0.11468800 0.02264300
v -0.09000300 -0.11579400 0.01970500
v -0.09074800 -0.11574900 0.01983700
v -0.09074800 -0.11574900 0.01983700
v -0.09533400 -0.11562900 0.02017400
v -0.10631800 -0.11562100 0.02019800
v -0.10631300 -0.11584700 0.01955600
v -0.10631700 -0.11541000 0.02078100
v -0.09615100 -0.11522700 0.02126800
v -0.10632400 -0.11509600 0.02161400
v -0.10631400 -0.11612600 0.01872600
v -0.09428900 -0.11669300 0.01689300
v -0.10630700 -0.11641700 0.01781200
v -0.10630800 -0.11667500 0.01695900
v -0.07139600 -0.11856700 0.00809200
v -0.06959900 -0.11842500 0.00907800
v -0.07532300 -0.11846900 0.00878300
v -0.07404700 -0.11839100 0.00929700
v -0.06825700 -0.11830900 0.00981200
v -0.07532300 -0.11820000 0.01044500
v -0.07950900 -0.11800600 0.01148900
v -0.06481800 -0.11789700 0.01204200
v -0.07532300 -0.11776900 0.01264900
v -0.07532300 -0.11752300 0.01374400
v -0.09428900 -0.11781600 0.01243100
v -0.09428900 -0.11763400 0.01326100
v -0.10630100 -0.11764400 0.01321800
v -0.09428900 -0.11718200 0.01512600
v -0.09428900 -0.11691900 0.01610500
v -0.10630900 -0.11694700 0.01600400
v -0.09526100 -0.11752300 0.01374400
v -0.10630200 -0.11749400 0.01386700
v -0.10630000 -0.11777500 0.01262400
v -0.10630300 -0.11736600 0.01439600
v -0.10630700 -0.11717400 0.01515400
v -0.09428900 -0.11833100 0.00967500
v -0.09428900 -0.11818700 0.01052000
v -0.10629500 -0.11819900 0.01045200
v -0.09428900 -0.11847300 0.00875700
v -0.10629400 -0.11839000 0.00930300
v -0.09526100 -0.11810000 0.01099800
v -0.09428900 -0.11800300 0.01150900
v -0.10629600 -0.11796300 0.01171700
v -0.00000300 -0.11776900 0.01264900
v -0.00000300 -0.11854800 0.00822700
v 0.03544200 -0.11854800 0.00822700
v 0.03544200 -0.11666200 0.01700000
v -0.00000300 -0.11666200 0.01700000
v -0.00000300 -0.11523200 0.02125600
v -0.01772500 -0.11523200 0.02125600
v -0.02658600 -0.11666200 0.01700000
v -0.02658600 -0.11776900 0.01264900
v -0.01772500 -0.11820000 0.01044500
v -0.01772500 -0.11725600 0.01483500
v -0.02658600 -0.11725600 0.01483500
v -0.03589000 -0.11752100 0.01375300
v -0.02658600 -0.11820000 0.01044500
v -0.02658600 -0.11854800 0.00822700
v 0.10628500 -0.11847000 0.00878500
v 0.10629300 -0.11830500 0.00984000
v 0.09743700 -0.11838400 0.00933700
v 0.10629100 -0.11809800 0.01102000
v 0.09769200 -0.11820000 0.01044500
v 0.09757100 -0.11854800 0.00822800
v 0.09742300 -0.11799500 0.01155000
v 0.10629200 -0.11787600 0.01215000
v 0.09763000 -0.11776900 0.01264900
v 0.08860900 -0.11776900 0.01264900
v 0.08860900 -0.11820000 0.01044500
v 0.08860900 -0.11854800 0.00822700
v 0.09747000 -0.11752300 0.01374400
v 0.10629500 -0.11750100 0.01383700
v 0.10629300 -0.11734300 0.01449400
v 0.09768500 -0.11725600 0.01483600
v 0.10629100 -0.11767400 0.01308800
v 0.10629500 -0.11710600 0.01541700
v 0.10629800 -0.11682100 0.01645400
v 0.09742900 -0.11696900 0.01592000
v 0.09770500 -0.11666200 0.01700000
v 0.08860900 -0.11666200 0.01700000
v 0.08860900 -0.11725600 0.01483500
v 0.07088600 -0.11666200 0.01700000
v 0.07088600 -0.11776900 0.01264900
v 0.07088600 -0.11854800 0.00822700
v 0.10630100 -0.11653900 0.01741300
v 0.09747000 -0.11633400 0.01807400
v 0.10630700 -0.11632300 0.01811200
v 0.10630600 -0.11610700 0.01878100
v 0.09766500 -0.11598700 0.01914100
v 0.10630700 -0.11581300 0.01965500
v 0.10631200 -0.11546400 0.02063600
v 0.09742000 -0.11561900 0.02020200
v 0.09760600 -0.11523200 0.02125500
v 0.08860900 -0.11523200 0.02125600
v 0.08860900 -0.11598700 0.01914100
v 0.09747000 -0.11482500 0.02230200
v 0.10632000 -0.11487600 0.02217600
v 0.10631700 -0.11455500 0.02296900
v 0.09755700 -0.11439900 0.02334100
v 0.10631200 -0.11511700 0.02156000
v 0.09747000 -0.11395300 0.02437100
v 0.10632200 -0.11414600 0.02393400
v 0.08860900 -0.11439900 0.02334000
v 0.07088600 -0.11523200 0.02125600
v -0.03544800 -0.11909900 -0.00108300
v -0.02658600 -0.11909800 0.00125100
v -0.03987800 -0.11909800 0.00125100
v -0.04430900 -0.11911000 0.00008400
v -0.04635600 -0.11904000 0.00294900
v -0.04724600 -0.11905900 0.00251000
v -0.03569900 -0.11906300 0.00241300
v -0.03987800 -0.11900500 0.00358300
v -0.04558800 -0.11900500 0.00357400
v -0.04441600 -0.11908300 0.00182700
v -0.03544800 -0.11892500 0.00474700
v -0.03987800 -0.11892500 0.00474700
v -0.04435300 -0.11881500 0.00598100
v -0.03562200 -0.11869600 0.00707100
v -0.04429000 -0.11873600 0.00673000
v -0.04428900 -0.11864000 0.00753500
v -0.06906500 -0.11881200 0.00599800
v -0.05900600 -0.11881500 0.00598100
v -0.05907000 -0.11873500 0.00673800
v -0.06718600 -0.11869900 0.00704000
v -0.05907000 -0.11863800 0.00754700
v -0.06553500 -0.11858600 0.00795100
v -0.09808500 -0.11909800 0.00124900
v -0.09747600 -0.11911000 0.00008400
v -0.05863700 -0.11908300 0.00182800
v -0.05611400 -0.11905900 0.00251000
v -0.05700300 -0.11903900 0.00294900
v -0.06175100 -0.11903700 0.00299600
v -0.10612200 -0.11908300 0.00183200
v -0.08246500 -0.11903800 0.00297000
v -0.08246500 -0.11900400 0.00360000
v -0.09133300 -0.11900400 0.00359900
v -0.09133300 -0.11903800 0.00297400
v -0.09133300 -0.11906900 0.00225200
v -0.08246500 -0.11906900 0.00225200
v -0.09133300 -0.11876600 0.00644700
v -0.08246500 -0.11877000 0.00641100
v -0.08246500 -0.11869900 0.00704900
v -0.09133300 -0.11866700 0.00731800
v -0.08246500 -0.11896300 0.00423300
v -0.08246500 -0.11890600 0.00498100
v -0.09133300 -0.11891700 0.00484100
v -0.09133300 -0.11896400 0.00421300
v -0.09428900 -0.11889700 0.00509800
v -0.09428900 -0.11881900 0.00593400
v -0.10629400 -0.11880600 0.00607800
v -0.08760600 -0.11855800 0.00816400
v -0.09133300 -0.11853500 0.00832300
v -0.09428900 -0.11872300 0.00684600
v -0.09428900 -0.11859400 0.00788900
v -0.10629100 -0.11863200 0.00759500
v -0.09428900 -0.11897000 0.00413200
v -0.10634700 -0.11894200 0.00451800
v -0.10628900 -0.11896900 0.00415300
v -0.10633900 -0.11900200 0.00364600
v -0.09526100 -0.11900500 0.00358300
v -0.10629000 -0.11887800 0.00530400
v -0.09428900 -0.11906900 0.00225200
v -0.10619400 -0.11906300 0.00241500
v -0.09428900 -0.11903200 0.00308300
v -0.10624600 -0.11904100 0.00291500
v -0.10633300 -0.11901600 0.00313900
v -0.10591500 -0.11910700 0.00077200
v -0.10610500 -0.11908200 0.00133400
v -0.10573300 -0.11911000 0.00005400
v -0.10543700 -0.11910500 -0.00083100
v -0.09649000 -0.11909900 -0.00112200
v -0.10565300 -0.11909500 -0.00042900
v -0.08861500 -0.11870700 -0.00690200
v -0.08449500 -0.11856100 -0.00805900
v -0.07975300 -0.11883100 -0.00574200
v -0.03544800 -0.11901100 -0.00341500
v -0.07975300 -0.11901100 -0.00341500
v -0.08418400 -0.11909900 -0.00108300
v -0.08861500 -0.11906600 -0.00224900
v -0.09304500 -0.11901100 -0.00341500
v -0.08877300 -0.11893200 -0.00457400
v -0.10408700 -0.11899900 -0.00361800
v -0.10383800 -0.11897400 -0.00401200
v -0.09313900 -0.11883100 -0.00574300
v -0.10275500 -0.11886200 -0.00542200
v -0.09304500 -0.11906600 -0.00224900
v -0.09755500 -0.11908600 -0.00166400
v -0.10485000 -0.11906700 -0.00223400
v -0.09756200 -0.11904100 -0.00283000
v -0.10458700 -0.11904400 -0.00278500
v -0.10513300 -0.11908800 -0.00160300
v -0.10337100 -0.11892600 -0.00466300
v -0.10347100 -0.11891400 -0.00464500
v -0.09478200 -0.11825100 -0.01007900
v -0.09478200 -0.11825100 -0.01007900
v -0.09478200 -0.11825100 -0.01007900
v 0.09599600 -0.11829300 -0.00983400
v 0.09599600 -0.11829300 -0.00983400
v -0.09636400 -0.11831100 -0.00972300
v -0.09636400 -0.11831100 -0.00972300
v -0.09083000 -0.11839300 -0.00921500
v -0.09848400 -0.11845000 -0.00884200
v -0.09848400 -0.11845000 -0.00884200
v -0.10003500 -0.11858900 -0.00786100
v -0.09685500 -0.11828500 -0.00961900
v -0.09314800 -0.11863800 -0.00747800
v -0.10131700 -0.11871300 -0.00686100
v -0.10193600 -0.11877700 -0.00628200
v -0.10244500 -0.11880600 -0.00586600
v -0.10180500 -0.11874000 -0.00650700
v 0.01771900 -0.11909900 -0.00108300
v -0.00000300 -0.11909900 -0.00108300
v 0.06202500 -0.11883100 -0.00574200
v -0.00000300 -0.11900500 0.00358300
v -0.02658600 -0.11900500 0.00358300
v -0.01772500 -0.11909800 0.00125100
v -0.01772500 -0.11882200 0.00591000
v -0.02658600 -0.11882200 0.00591000
v -0.02658600 -0.11883100 -0.00574200
v 0.08417800 -0.11856100 -0.00806000
v -0.02658600 -0.11909900 -0.00108300
v 0.10274100 -0.11886100 -0.00543200
v 0.10194400 -0.11877900 -0.00626800
v 0.10243900 -0.11880700 -0.00586500
v 0.09314100 -0.11883100 -0.00574200
v 0.09315200 -0.11863800 -0.00747700
v 0.10004700 -0.11859000 -0.00784900
v 0.10131000 -0.11871300 -0.00686400
v 0.08860900 -0.11870700 -0.00690200
v 0.07974800 -0.11883100 -0.00574200
v 0.08860900 -0.11856100 -0.00806000
v 0.09706900 -0.11833900 -0.00948000
v 0.09784000 -0.11840200 -0.00915400
v 0.09082400 -0.11839300 -0.00921500
v 0.09917800 -0.11850400 -0.00846600
v 0.09303900 -0.11848000 -0.00863800
v 0.10402700 -0.11899500 -0.00370000
v 0.10342400 -0.11893200 -0.00459200
v 0.10385400 -0.11895500 -0.00409500
v 0.08872600 -0.11893200 -0.00457700
v 0.10490200 -0.11907100 -0.00212900
v 0.10451700 -0.11903900 -0.00289000
v 0.10477800 -0.11904200 -0.00253000
v 0.10512500 -0.11908800 -0.00162800
v 0.10545700 -0.11910600 -0.00077900
v 0.09968500 -0.11909900 -0.00108300
v 0.08888500 -0.11906600 -0.00225200
v 0.09303900 -0.11901100 -0.00341500
v 0.09303900 -0.11909900 -0.00108300
v 0.07974800 -0.11901100 -0.00341500
v 0.07974800 -0.11909900 -0.00108300
v 0.07088600 -0.11901100 -0.00341500
v 0.10572800 -0.11911000 0.00004700
v 0.10572100 -0.11909500 -0.00020300
v 0.10593600 -0.11910500 0.00087300
v 0.10590100 -0.11909500 0.00044500
v 0.09747000 -0.11911000 0.00008400
v 0.09771000 -0.11909800 0.00125200
v 0.10611500 -0.11908400 0.00182900
v 0.10606000 -0.11908600 0.00112500
v 0.10633600 -0.11900100 0.00365500
v 0.10623500 -0.11904200 0.00289900
v 0.10632700 -0.11901600 0.00313800
v 0.09747000 -0.11900500 0.00358300
v 0.09747000 -0.11906300 0.00241800
v 0.10618600 -0.11906400 0.00240000
v 0.08860900 -0.11900500 0.00358300
v 0.08860900 -0.11909800 0.00125100
v 0.09747000 -0.11892500 0.00474700
v 0.10632200 -0.11895000 0.00442500
v 0.10627900 -0.11886200 0.00550000
v 0.09754800 -0.11882200 0.00591000
v 0.10627800 -0.11897100 0.00412900
v 0.10628200 -0.11875000 0.00660900
v 0.09742700 -0.11869600 0.00707100
v 0.10628200 -0.11861200 0.00775700
v 0.08860900 -0.11882200 0.00591000
v 0.07088600 -0.11900500 0.00358300
v 0.05316400 -0.11909900 -0.00108300
v -0.09429000 -0.11365800 0.02502800
v -0.10633800 -0.11345300 0.02546800
v -0.09323600 -0.11517500 0.02140700
v -0.09366400 -0.11495000 0.02198800
v -0.09096700 -0.11511500 0.02156200
v -0.09096700 -0.11511500 0.02156200
v -0.08943200 -0.11525000 0.02120800
v -0.08862200 -0.11525000 0.02120800
v -0.09022300 -0.11521800 0.02129300
v -0.08619300 -0.11525000 0.02120800
v -0.08116400 -0.11367400 0.02499300
v -0.08188500 -0.11407200 0.02410200
v -0.07832800 -0.11348800 0.02539300
v -0.08258500 -0.11444400 0.02323500
v -0.07975300 -0.11439900 0.02334000
v -0.07670900 -0.11475300 0.02248300
v -0.07560000 -0.11417600 0.02386300
v -0.07670900 -0.11417500 0.02386600
v -0.07670900 -0.11356300 0.02523300
v -0.07448800 -0.11475400 0.02247900
v -0.07670900 -0.11529600 0.02108600
v -0.07337300 -0.11529700 0.02108400
v -0.08420300 -0.11548500 0.02057400
v -0.09212400 -0.11553500 0.02043800
v -0.09271700 -0.11537000 0.02088600
v -0.09146300 -0.11566200 0.02008300
v -0.09146300 -0.11566200 0.02008300
v -0.08924000 -0.11580400 0.01967700
v -0.08420300 -0.11580400 0.01967700
v -0.08619300 -0.11580500 0.01967700
v -0.09059400 -0.11669300 0.01689300
v -0.08898800 -0.11725800 0.01483000
v -0.08828500 -0.11748100 0.01392000
v -0.08505100 -0.11733600 0.01451800
v -0.08412700 -0.11702700 0.01570800
v -0.08984700 -0.11696600 0.01593500
v -0.08258500 -0.11547700 0.02059600
v -0.07367100 -0.11560100 0.02025500
v -0.08320400 -0.11669300 0.01689200
v -0.07950900 -0.11669300 0.01689200
v -0.07164900 -0.11669300 0.01689300
v -0.07653200 -0.11669300 0.01689300
v -0.07950900 -0.11718700 0.01510400
v -0.07653200 -0.11709100 0.01546900
v -0.07653200 -0.11745400 0.01403500
v -0.09428900 -0.11740400 0.01424200
v -0.09133300 -0.11767700 0.01306900
v -0.09133300 -0.11789600 0.01205000
v -0.09068900 -0.11785800 0.01222700
v -0.09004500 -0.11802700 0.01138300
v -0.09133300 -0.11808800 0.01106400
v -0.08597500 -0.11762100 0.01332100
v -0.08759100 -0.11768900 0.01302100
v -0.08849100 -0.11838600 0.00933300
v -0.08940100 -0.11818400 0.01053500
v -0.09133300 -0.11827200 0.01003100
v -0.09133300 -0.11843000 0.00904500
v -0.08643500 -0.11860000 0.00784100
v -0.08689900 -0.11867800 0.00722500
v -0.08318300 -0.11787200 0.01216000
v -0.08246500 -0.11789800 0.01203900
v -0.08246500 -0.11767800 0.01307000
v -0.08689900 -0.11788100 0.01211800
v -0.08393600 -0.11807100 0.01115800
v -0.08246500 -0.11814200 0.01077400
v -0.07950900 -0.11762600 0.01329800
v -0.08485000 -0.11828800 0.00993800
v -0.08246500 -0.11832300 0.00971900
v -0.08246500 -0.11843000 0.00904500
v -0.08572700 -0.11847000 0.00877800
v -0.08246500 -0.11857600 0.00802700
v -0.07950900 -0.11833500 0.00964600
v -0.07950900 -0.11860500 0.00780500
v -0.07333400 -0.11870200 0.00702500
v -0.07532300 -0.11862500 0.00764900
v -0.07502700 -0.11880500 0.00608900
v -0.07950900 -0.11881700 0.00595700
v -0.08246500 -0.11883300 0.00579800
v -0.09133300 -0.11884600 0.00565600
v -0.07653200 -0.11888300 0.00525200
v -0.07653200 -0.11899500 0.00375300
v -0.07653200 -0.11894300 0.00450300
v -0.07950900 -0.11897200 0.00410500
v -0.07653200 -0.11903600 0.00300300
v -0.07950900 -0.11906900 0.00225200
v -0.07653200 -0.11906900 0.00225200
v -0.06175100 -0.11906900 0.00225200
v -0.07023200 -0.11348800 0.02539300
v -0.06664100 -0.11400700 0.02425200
v -0.06730200 -0.11363800 0.02507100
v -0.06715600 -0.11491900 0.02206600
v -0.06774800 -0.11520700 0.02132300
v -0.06602200 -0.11433800 0.02348300
v -0.06657700 -0.11462800 0.02279100
v -0.07023200 -0.11580400 0.01967700
v -0.06574600 -0.11522000 0.02129000
v -0.06449900 -0.11510600 0.02158700
v -0.06500400 -0.11485900 0.02221800
v -0.06370600 -0.11547900 0.02059300
v -0.06849500 -0.11555500 0.02038200
v -0.06905200 -0.11580400 0.01967700
v -0.06652200 -0.11557900 0.02031600
v -0.06244600 -0.11348800 0.02539300
v -0.02025100 -0.11348800 0.02539300
v 0.06413700 -0.11348800 0.02539300
v 0.10637400 -0.11369800 0.02493900
v 0.02194300 -0.11348800 0.02539300
v -0.06247300 -0.11510400 0.02159100
v -0.06171500 -0.11546200 0.02063700
v -0.06618500 -0.11669300 0.01689300
v -0.06531900 -0.11671500 0.01681700
v -0.05993400 -0.11664300 0.01706400
v -0.05993400 -0.11664300 0.01706400
v -0.06448600 -0.11678400 0.01657800
v -0.06306300 -0.11704900 0.01563400
v -0.05838800 -0.11724000 0.01489700
v -0.06243600 -0.11724100 0.01489400
v -0.06200500 -0.11745400 0.01403500
v -0.05777100 -0.11704500 0.01564200
v -0.06618500 -0.11745400 0.01403500
v -0.06589600 -0.11746000 0.01401000
v -0.05900600 -0.11761900 0.01332600
v -0.05881600 -0.11745400 0.01403500
v -0.06561800 -0.11747900 0.01393000
v -0.06181500 -0.11761900 0.01332600
v -0.05907000 -0.11778100 0.01259400
v -0.05463600 -0.11669300 0.01689300
v -0.05463600 -0.11669300 0.01689300
v -0.05538600 -0.11671100 0.01683200
v -0.05538600 -0.11671100 0.01683200
v -0.04872300 -0.11669300 0.01689300
v -0.05700100 -0.11688100 0.01623600
v -0.05611400 -0.11676400 0.01664900
v -0.04515500 -0.11717200 0.01516200
v -0.04454300 -0.11745400 0.01403500
v -0.04435300 -0.11761900 0.01332600
v 0.10633200 -0.11345700 0.02546000
v -0.05907000 -0.11820600 0.01041100
v -0.06207800 -0.11811400 0.01092500
v -0.05907000 -0.11793200 0.01186800
v -0.06175100 -0.11778100 0.01259400
v -0.06183300 -0.11796000 0.01172700
v -0.05907000 -0.11807300 0.01114000
v -0.07040800 -0.11888300 0.00525200
v -0.06175100 -0.11888300 0.00525200
v -0.05881700 -0.11888300 0.00525300
v -0.06175100 -0.11894300 0.00450300
v -0.05838800 -0.11895400 0.00435500
v -0.06175100 -0.11899500 0.00375300
v -0.05777100 -0.11900500 0.00357400
v -0.05538600 -0.11906700 0.00231700
v -0.05463600 -0.11906900 0.00225200
v -0.04872300 -0.11906900 0.00225200
v -0.04797300 -0.11906700 0.00231700
v -0.04454300 -0.11888300 0.00525200
v -0.04497100 -0.11895400 0.00435500
v -0.10423500 -0.11899100 -0.00351600
v -0.10304400 -0.11887000 -0.00518400
v -0.10077500 -0.11863700 -0.00739000
v -0.09747000 -0.11832100 -0.00938300
v -0.09829000 -0.11837700 -0.00901200
v -0.09747000 -0.11832100 -0.00938300
v -0.09618100 -0.11824400 -0.00984600
v -0.09552100 -0.11825800 -0.00997200
v -0.09491700 -0.11823200 -0.01011500
v 0.09483200 -0.11825300 -0.01006700
v 0.09483200 -0.11825300 -0.01006700
v -0.09185800 -0.11820100 -0.01036600
v -0.09421000 -0.11817100 -0.01030100
v -0.09421000 -0.11817100 -0.01030100
v -0.09491700 -0.11823200 -0.01011500
v -0.09375500 -0.11820500 -0.01031000
v -0.09375500 -0.11820500 -0.01031000
v -0.09375500 -0.11820500 -0.01031000
v -0.09282000 -0.11814600 -0.01045200
v -0.09282000 -0.11814600 -0.01045200
v -0.09226800 -0.11818700 -0.01041600
v -0.09226800 -0.11818700 -0.01041600
v -0.09355600 -0.11814900 -0.01039200
v 0.09572600 -0.11822500 -0.00997500
v 0.09572600 -0.11822500 -0.00997500
v 0.09487000 -0.11819200 -0.01018000
v 0.09869000 -0.11840600 -0.00880500
v 0.09185300 -0.11820100 -0.01036600
v 0.09185300 -0.11820100 -0.01036600
v 0.09286300 -0.11818900 -0.01039300
v 0.09286300 -0.11818900 -0.01039300
v 0.09189900 -0.11816900 -0.01045000
v 0.09189900 -0.11816900 -0.01045000
v 0.09226100 -0.11815100 -0.01047100
v 0.09420300 -0.11817100 -0.01030100
v 0.09420300 -0.11817100 -0.01030100
v 0.09352300 -0.11819700 -0.01033900
v 0.09352300 -0.11819700 -0.01033900
v 0.09487000 -0.11819200 -0.01018000
v 0.10533900 -0.11908200 -0.00128600
v 0.10423100 -0.11899100 -0.00351500
v 0.10179900 -0.11874000 -0.00650700
v 0.10076600 -0.11863600 -0.00739200
v 0.10303800 -0.11887000 -0.00518500
v 0.06413700 -0.11348800 0.02539300
v 0.09192300 -0.09481200 0.05361400
v 0.09192300 -0.10199600 0.03820700
v 0.09192300 -0.09795200 0.05801700
v -0.09636400 -0.11831100 -0.00972300
v -0.09375500 -0.11820500 -0.01031000
v -0.10624600 -0.11904100 0.00291500
v -0.10334200 -0.09950100 0.05537500
v -0.10433200 -0.10017000 0.05395400
v 0.09216500 -0.09695600 0.06084700
v 0.10623500 -0.11904200 0.00289900
v 0.10442700 -0.10024100 0.05380100
v 0.09795900 -0.09742600 0.05966500
v 0.09795900 -0.09742600 0.05966500
v 0.09738600 -0.09731200 0.05990900
v 0.09821200 -0.10656800 0.03954000
v 0.10231500 -0.10439400 0.04420300
v 0.09192300 -0.09791900 0.05878200
v 0.09821200 -0.09877200 0.05625900
v 0.08563500 -0.09877200 0.05625900
v 0.08153200 -0.10094600 0.05159600
v 0.08563500 -0.10656800 0.03954000
v 0.09192300 -0.10738800 0.03778200
v 0.09752300 -0.11446100 -0.00944500
v -0.10224300 -0.11483600 -0.00629100
v -0.10542800 -0.11511200 -0.00150600
v -0.08808100 -0.11329600 -0.00939200
v -0.04454300 -0.11745400 0.01403500
v -0.04797300 -0.11719100 0.01697200
v -0.04946200 -0.11717300 0.01703300
v -0.05611400 -0.11724400 0.01678700
v -0.05900600 -0.11810700 0.01343700
v -0.05907000 -0.11856500 0.01123300
v -0.05838800 -0.11945300 0.00439100
v -0.04797300 -0.11956600 0.00233600
v -0.04635600 -0.11953900 0.00297300
v -0.04497100 -0.11945300 0.00439100
v -0.04435300 -0.11931200 0.00603500
v -0.04428900 -0.11914300 0.00753700
v -0.04428900 -0.11914300 0.00753700
v -0.04428900 -0.11914300 0.00753700
v -0.04428900 -0.11893900 0.00902000
v -0.04428900 -0.11842200 0.01196700
v -0.04428900 -0.11842200 0.01196700
v -0.04428900 -0.11842200 0.01196700
v -0.04435200 -0.11810700 0.01343700
v -0.05600600 -0.11929300 0.00622000
v -0.05611400 -0.11914300 0.00753700
v -0.05611400 -0.11914300 0.00753700
v -0.05611400 -0.11893900 0.00902000
v -0.05611400 -0.11869900 0.01049700
v -0.05611400 -0.11842200 0.01196700
v -0.05611400 -0.11842200 0.01196700
v -0.05611400 -0.11842200 0.01196700
v -0.05389700 -0.11794000 0.01415200
v -0.04735400 -0.11814800 0.01325800
v -0.04724500 -0.11893900 0.00902000
v -0.04724500 -0.11914300 0.00753700
v -0.04735300 -0.11929300 0.00622000
v -0.05167900 -0.11938100 0.00529500
v -0.05167900 -0.11938100 0.00529500
v -0.06175100 -0.11938100 0.00529500
v -0.07040800 -0.11888300 0.00525200
v -0.06175100 -0.11888300 0.00525200
v -0.06175100 -0.11956900 0.00227000
v -0.06175100 -0.11888300 0.00525200
v -0.07653200 -0.11956900 0.00227000
v -0.07166200 -0.11908300 0.00801200
v -0.07394500 -0.11794000 0.01415200
v -0.07653200 -0.11794000 0.01415200
v -0.06514000 -0.11804000 0.01372800
v -0.07135600 -0.11717300 0.01703300
v -0.07135600 -0.11717300 0.01703300
v -0.07394300 -0.11717300 0.01703300
v -0.07653200 -0.11717300 0.01703300
v -0.07653200 -0.11669300 0.01689300
v -0.06381700 -0.11845400 0.00889500
v -0.08320400 -0.11717300 0.01703300
v -0.08689900 -0.11837000 0.01221900
v -0.07950900 -0.11956900 0.00227000
v -0.07950900 -0.11669300 0.01689200
v -0.07950900 -0.11906900 0.00225200
v -0.08312100 -0.11834600 0.01234100
v -0.08318300 -0.11787200 0.01216000
v -0.08246500 -0.11767800 0.01307000
v -0.08246500 -0.11816600 0.01318000
v -0.09428900 -0.11956900 0.00227000
v -0.09428900 -0.11885300 0.00957800
v -0.09059400 -0.11717300 0.01703300
v -0.09429000 -0.11394400 0.02559800
v -0.09212400 -0.11600500 0.02060800
v -0.09429000 -0.11263200 0.02723000
v -0.09267000 -0.11308500 0.02744100
v -0.09267000 -0.11263200 0.02723000
v -0.09429000 -0.11308500 0.02744100
v -0.09429000 -0.11263200 0.02723000
v -0.09267000 -0.11263200 0.02723000
v -0.08619300 -0.11525000 0.02120800
v -0.06602200 -0.11479900 0.02367900
v -0.06728900 -0.11409900 0.02526500
v -0.06905200 -0.11308500 0.02744100
v -0.06500400 -0.11424400 0.02495100
v -0.06298000 -0.11308500 0.02744100
v -0.06272900 -0.11410500 0.02525200
v -0.06398600 -0.11479900 0.02367900
v -0.06305400 -0.11383300 0.02464100
v -0.06272900 -0.11410500 0.02525200
v -0.06244600 -0.11348800 0.02539300
v -0.06095600 -0.11627600 0.01984000
v -0.06298000 -0.11627700 0.01984100
v -0.06298000 -0.11580400 0.01967700
v -0.06702800 -0.11580400 0.01967700
v -0.06640000 -0.11499800 0.02320400
v -0.06905300 -0.11627800 0.01984100
v -0.06905200 -0.11580400 0.01967700
v -0.07832800 -0.11308500 0.02744100
v -0.07630400 -0.11263200 0.02723000
v -0.07630400 -0.11263200 0.02723000
v -0.07185100 -0.11308500 0.02744100
v -0.07023200 -0.11580400 0.01967700
v -0.07225600 -0.11627600 0.01984000
v -0.07670900 -0.11627600 0.01984000
v -0.07670900 -0.11401600 0.02544300
v -0.07832800 -0.11627600 0.01984000
v -0.07832800 -0.11627600 0.01984000
v -0.07832800 -0.11580400 0.01967700
v -0.07670900 -0.11580400 0.01967700
v -0.07670900 -0.11580400 0.01967700
v -0.07670900 -0.11627600 0.01984000
v -0.08420300 -0.11490400 0.02342900
v -0.08744200 -0.11263200 0.02723000
v -0.08744200 -0.11308500 0.02744100
v -0.08339400 -0.11379200 0.02474100
v -0.08339400 -0.11379200 0.02474100
v -0.08541800 -0.11263200 0.02723000
v -0.08339300 -0.11424400 0.02495100
v -0.08541800 -0.11308500 0.02744100
v -0.08541800 -0.11308500 0.02744100
v -0.08137000 -0.11308500 0.02744100
v -0.07934600 -0.11263200 0.02723000
v -0.08258500 -0.11490400 0.02342900
v -0.08258500 -0.11627600 0.01984000
v -0.08258500 -0.11444400 0.02323500
v -0.08258500 -0.11444400 0.02323500
v -0.08420300 -0.11627600 0.01984000
v -0.08420300 -0.11580400 0.01967700
v -0.08420300 -0.11580400 0.01967700
v -0.08258500 -0.11627600 0.01984000
v -0.08258500 -0.11627600 0.01984000
v -0.08258500 -0.11580400 0.01967700
v -0.08420300 -0.11627600 0.01984000
v -0.06528000 -0.11801400 0.01145000
v -0.10632400 -0.11473300 0.02253400
v -0.09428300 -0.11411900 0.02399500
v -0.10630100 -0.11851500 0.00846700
v -0.10629600 -0.11810000 0.01100200
v -0.10629800 -0.11829200 0.00990900
v -0.10629200 -0.11870500 0.00699500
v -0.09912100 -0.11848800 -0.00850600
v -0.08619300 -0.11545600 0.02065400
vn 0.00010000 -0.90640000 0.42250000
vn 0.00320000 -0.90710000 0.42080000
vn 0.00000000 -0.90630000 0.42260000
vn 0.00180000 -0.90490000 0.42570000
vn 0.00010000 -0.90640000 0.42250000
vn -0.00010000 -0.90630000 0.42260000
vn 0.00000000 -0.90630000 0.42260000
vn 0.00000000 -0.90630000 0.42270000
vn 0.00040000 -0.90640000 0.42250000
vn 0.00010000 -0.90640000 0.42250000
vn 0.00040000 -0.90630000 0.42250000
vn 0.00000000 -0.90630000 0.42250000
vn 0.00000000 -0.90630000 0.42270000
vn 0.00000000 -0.90630000 0.42260000
vn -0.00010000 -0.90630000 0.42270000
vn 0.00000000 -0.90630000 0.42270000
vn 0.00000000 -0.90630000 0.42260000
vn 0.00000000 -0.90630000 0.42260000
vn 0.00000000 -0.90630000 0.42270000
vn 0.00000000 -0.90630000 0.42260000
vn -0.00000000 -0.90640000 0.42250000
vn -0.00000000 -0.90640000 0.42250000
vn 0.00000000 -0.90630000 0.42260000
vn 0.00000000 -0.90630000 0.42260000
vn 0.00000000 -0.90630000 0.42270000
vn 0.00000000 -0.90630000 0.42270000
vn 0.00000000 -0.90630000 0.42260000
vn 0.00000000 -0.90630000 0.42260000
vn 0.00000000 -0.90630000 0.42270000
vn 0.00000000 -0.90620000 0.42290000
vn 0.00000000 -0.90620000 0.42290000
vn 0.00000000 -0.90630000 0.42270000
vn -0.00010000 -0.90620000 0.42290000
vn -0.00010000 -0.90630000 0.42260000
vn 0.00000000 -0.90630000 0.42260000
vn 0.00020000 -0.90630000 0.42270000
vn -0.00020000 -0.90630000 0.42260000
vn -0.00010000 -0.90640000 0.42250000
vn -0.00020000 -0.90630000 0.42260000
vn -0.00010000 -0.90630000 0.42260000
vn 0.00000000 -0.90630000 0.42270000
vn 0.00000000 -0.90630000 0.42260000
vn 0.00000000 -0.90630000 0.42270000
vn 0.00010000 -0.90630000 0.42260000
vn -0.00010000 -0.90630000 0.42270000
vn -0.00020000 -0.90630000 0.42260000
vn -0.00010000 -0.90640000 0.42250000
vn -0.00010000 -0.90640000 0.42250000
vn -0.00030000 -0.90630000 0.42250000
vn -0.00010000 -0.90640000 0.42250000
vn 0.00030000 -0.90630000 0.42260000
vn -0.00010000 -0.90630000 0.42250000
vn -0.00030000 -0.90630000 0.42250000
vn 0.00000000 -0.90630000 0.42270000
vn -0.00010000 -0.90640000 0.42250000
vn 0.00000000 -0.90630000 0.42250000
vn 0.00000000 -0.90620000 0.42280000
vn -0.00000000 -0.90650000 0.42220000
vn 0.00000000 -0.90630000 0.42260000
vn -0.00010000 -0.90620000 0.42280000
vn 0.00000000 -0.90630000 0.42270000
vn 0.00000000 -0.90630000 0.42270000
vn 0.00000000 -0.90630000 0.42250000
vn 0.00000000 -0.90630000 0.42250000
vn 0.00000000 -0.90620000 0.42280000
vn 0.00000000 -0.90630000 0.42260000
vn 0.00000000 -0.90620000 0.42280000
vn -0.00000000 -0.90640000 0.42250000
vn 0.00000000 -0.90630000 0.42270000
vn 0.00000000 -0.90650000 0.42230000
vn -0.00000000 -0.90640000 0.42250000
vn 0.00000000 -0.90630000 0.42260000
vn -0.00000000 -0.90650000 0.42220000
vn 0.00000000 -0.90630000 0.42260000
vn 0.00000000 -0.90630000 0.42260000
vn 0.00000000 -0.90620000 0.42280000
vn -0.00000000 -0.90650000 0.42220000
vn 0.00000000 -0.90630000 0.42260000
vn 0.00030000 -0.90560000 0.42420000
vn 0.00000000 -0.90630000 0.42260000
vn 0.00000000 -0.90650000 0.42230000
vn 0.00000000 -0.90630000 0.42260000
vn 0.00000000 -0.90620000 0.42280000
vn 0.00000000 -0.90650000 0.42230000
vn 0.00010000 -0.90630000 0.42260000
vn 0.00010000 -0.90630000 0.42270000
vn -0.00010000 -0.90620000 0.42280000
vn -0.00010000 -0.90630000 0.42270000
vn 0.00010000 -0.90640000 0.42250000
vn 0.00000000 -0.90630000 0.42260000
vn 0.00000000 -0.90630000 0.42250000
vn 0.00000000 -0.90630000 0.42270000
vn 0.00000000 -0.90630000 0.42260000
vn 0.00000000 -0.90630000 0.42250000
vn -0.00010000 -0.90620000 0.42280000
vn -0.00010000 -0.90630000 0.42270000
vn 0.00010000 -0.90630000 0.42260000
vn 0.00000000 -0.90630000 0.42260000
vn 0.00000000 -0.90630000 0.42270000
vn 0.00010000 -0.90630000 0.42260000
vn 0.00000000 -0.90630000 0.42250000
vn -0.00010000 -0.90620000 0.42280000
vn 0.00000000 -0.90630000 0.42260000
vn 0.00000000 -0.90620000 0.42280000
vn -0.00010000 -0.90630000 0.42270000
vn 0.00000000 -0.90630000 0.42260000
vn 0.00000000 -0.90620000 0.42280000
vn 0.00000000 -0.90630000 0.42250000
vn 0.00000000 -0.90630000 0.42260000
vn -0.00240000 -0.90580000 0.42380000
vn -0.00010000 -0.90630000 0.42270000
vn 0.00000000 -0.90630000 0.42270000
vn -0.00000000 -0.90640000 0.42250000
vn 0.00000000 -0.90630000 0.42270000
vn 0.00000000 -0.90630000 0.42260000
vn -0.00000000 -0.90640000 0.42240000
vn 0.00000000 -0.90620000 0.42280000
vn 0.00000000 -0.90650000 0.42210000
vn -0.00010000 -0.90620000 0.42280000
vn 0.00000000 -0.90630000 0.42270000
vn 0.00000000 -0.90630000 0.42260000
vn 0.00000000 -0.90630000 0.42250000
vn -0.00010000 -0.90630000 0.42270000
vn 0.00000000 -0.90630000 0.42270000
vn 0.00000000 -0.90630000 0.42260000
vn 0.00000000 -0.90620000 0.42280000
vn 0.00050000 -0.90560000 0.42420000
vn -0.00010000 -0.90650000 0.42230000
vn 0.00000000 -0.90630000 0.42270000
vn 0.00000000 -0.90630000 0.42260000
vn 0.00010000 -0.90620000 0.42290000
vn 0.00000000 -0.90620000 0.42280000
vn 0.00000000 -0.90630000 0.42270000
vn 0.00000000 -0.90630000 0.42260000
vn -0.00010000 -0.90640000 0.42230000
vn 0.00000000 -0.90620000 0.42280000
vn 0.00000000 -0.90620000 0.42290000
vn 0.00000000 -0.90620000 0.42300000
vn 0.00000000 -0.90620000 0.42280000
vn 0.00000000 -0.90630000 0.42270000
vn -0.00000000 -0.90650000 0.42220000
vn 0.00000000 -0.90630000 0.42260000
vn 0.00000000 -0.90630000 0.42270000
vn 0.00000000 -0.90630000 0.42260000
vn 0.00000000 -0.90620000 0.42280000
vn 0.00000000 -0.90630000 0.42260000
vn -0.00030000 -0.90620000 0.42280000
vn 0.00000000 -0.90630000 0.42260000
vn 0.00000000 -0.90620000 0.42280000
vn -0.00000000 -0.90660000 0.42190000
vn 0.00000000 -0.90630000 0.42260000
vn -0.00000000 -0.90660000 0.42190000
vn -0.00000000 -0.90660000 0.42190000
vn 0.00000000 -0.90630000 0.42260000
vn 0.00000000 -0.90630000 0.42260000
vn -0.00000000 -0.90650000 0.42220000
vn 0.00000000 -0.90630000 0.42270000
vn -0.00010000 -0.90630000 0.42260000
vn 0.00010000 -0.90630000 0.42260000
vn -0.00000000 -0.90650000 0.42220000
vn 0.00000000 -0.90630000 0.42260000
vn 0.00000000 -0.90630000 0.42260000
vn -0.00010000 -0.90630000 0.42260000
vn 0.00000000 -0.90630000 0.42270000
vn 0.00000000 -0.90630000 0.42250000
vn 0.00000000 -0.90630000 0.42270000
vn -0.00000000 -0.90640000 0.42250000
vn -0.00010000 -0.90630000 0.42250000
vn -0.00010000 -0.90640000 0.42250000
vn 0.00010000 -0.90620000 0.42280000
vn 0.00000000 -0.90630000 0.42250000
vn -0.00010000 -0.90630000 0.42260000
vn -0.00030000 -0.90630000 0.42250000
vn 0.00010000 -0.90630000 0.42260000
vn 0.00000000 -0.90620000 0.42280000
vn -0.00010000 -0.90630000 0.42260000
vn 0.00010000 -0.90620000 0.42280000
vn -0.00010000 -0.90640000 0.42250000
vn 0.00000000 -0.90630000 0.42270000
vn 0.00010000 -0.90630000 0.42260000
vn 0.00060000 -0.90520000 0.42500000
vn 0.00000000 -0.90630000 0.42260000
vn -0.00000000 -0.90650000 0.42220000
vn 0.00000000 -0.90630000 0.42260000
vn -0.00000000 -0.90650000 0.42220000
vn 0.00000000 -0.90620000 0.42280000
vn 0.00050000 -0.90540000 0.42460000
vn 0.00000000 -0.90650000 0.42230000
vn -0.00000000 -0.90640000 0.42250000
vn 0.00000000 -0.90630000 0.42270000
vn 0.00000000 -0.90630000 0.42270000
vn 0.00000000 -0.90630000 0.42260000
vn -0.00020000 -0.90640000 0.42240000
vn -0.00010000 -0.90640000 0.42250000
vn 0.00030000 -0.90630000 0.42260000
vn 0.00010000 -0.90620000 0.42280000
vn -0.00010000 -0.90630000 0.42270000
vn -0.00010000 -0.90640000 0.42250000
vn 0.00000000 -0.90630000 0.42260000
vn 0.00020000 -0.90630000 0.42270000
vn 0.00000000 -0.90630000 0.42260000
vn 0.00010000 -0.90630000 0.42270000
vn 0.00030000 -0.90630000 0.42260000
vn -0.00020000 -0.90640000 0.42240000
vn -0.00010000 -0.90640000 0.42250000
vn 0.00000000 -0.90630000 0.42260000
vn -0.00010000 -0.90630000 0.42270000
vn 0.00010000 -0.90630000 0.42260000
vn 0.00010000 -0.90630000 0.42260000
vn 0.00000000 -0.90630000 0.42250000
vn -0.00020000 -0.90640000 0.42240000
vn -0.00010000 -0.90640000 0.42250000
vn 0.00020000 -0.90630000 0.42270000
vn 0.00000000 -0.90630000 0.42260000
vn 0.00000000 -0.90630000 0.42260000
vn 0.00000000 -0.90630000 0.42270000
vn 0.00000000 -0.90630000 0.42260000
vn 0.00000000 -0.90630000 0.42260000
vn 0.00000000 -0.90630000 0.42260000
vn 0.00000000 -0.90630000 0.42260000
vn 0.00000000 -0.90630000 0.42260000
vn 0.00000000 -0.90630000 0.42260000
vn 0.00000000 -0.90630000 0.42270000
vn 0.00000000 -0.90630000 0.42260000
vn 0.00000000 -0.90630000 0.42260000
vn -0.00000000 -0.90650000 0.42220000
vn -0.00000000 -0.90640000 0.42250000
vn 0.00000000 -0.90630000 0.42260000
vn 0.00000000 -0.90630000 0.42260000
vn 0.00000000 -0.90630000 0.42260000
vn 0.00000000 -0.90630000 0.42260000
vn 0.00000000 -0.90630000 0.42260000
vn 0.00000000 -0.90630000 0.42260000
vn 0.00000000 -0.90630000 0.42260000
vn -0.00010000 -0.90630000 0.42260000
vn 0.00000000 -0.90630000 0.42260000
vn 0.00000000 -0.90630000 0.42260000
vn 0.00000000 -0.90630000 0.42260000
vn 0.00000000 -0.90630000 0.42260000
vn 0.00000000 -0.90630000 0.42260000
vn 0.00000000 -0.90630000 0.42260000
vn 0.00000000 -0.90630000 0.42260000
vn 0.00000000 -0.90630000 0.42260000
vn 0.00000000 -0.90630000 0.42260000
vn 0.00000000 -0.90630000 0.42260000
vn 0.00000000 -0.90630000 0.42260000
vn 0.00000000 -0.90630000 0.42260000
vn 0.00000000 -0.90630000 0.42260000
vn -0.00000000 -0.90650000 0.42220000
vn 0.00000000 -0.90630000 0.42260000
vn 0.00000000 -0.90620000 0.42290000
vn 0.00000000 -0.90620000 0.42290000
vn 0.00000000 -0.90630000 0.42270000
vn 0.00000000 -0.90620000 0.42290000
vn 0.00000000 -0.90630000 0.42260000
vn 0.00000000 -0.90630000 0.42270000
vn 0.00000000 -0.90630000 0.42270000
vn -0.00000000 -0.90640000 0.42230000
vn 0.00010000 -0.90530000 0.42480000
vn 0.00030000 -0.90540000 0.42450000
vn 0.00010000 -0.90620000 0.42290000
vn 0.00010000 -0.90620000 0.42290000
vn 0.00000000 -0.90630000 0.42270000
vn -0.00010000 -0.90650000 0.42220000
vn -0.00010000 -0.90650000 0.42210000
vn 0.00000000 -0.90630000 0.42270000
vn 0.00000000 -0.90620000 0.42280000
vn -0.00010000 -0.90630000 0.42270000
vn 0.00000000 -0.90630000 0.42270000
vn 0.00000000 -0.90630000 0.42270000
vn -0.00010000 -0.90630000 0.42270000
vn -0.00000000 -0.90640000 0.42240000
vn 0.00090000 -0.90660000 0.42190000
vn 0.00000000 -0.90630000 0.42270000
vn -0.00070000 -0.90620000 0.42290000
vn 0.00000000 -0.90620000 0.42280000
vn -0.00000000 -0.90620000 0.42270000
vn 0.00010000 -0.90630000 0.42260000
vn 0.00000000 -0.90630000 0.42260000
vn 0.00010000 -0.90640000 0.42250000
vn 0.00010000 -0.90640000 0.42250000
vn 0.00010000 -0.90630000 0.42270000
vn 0.00010000 -0.90630000 0.42260000
vn 0.00010000 -0.90630000 0.42260000
vn 0.00000000 -0.90630000 0.42260000
vn 0.00000000 -0.90630000 0.42260000
vn -0.00010000 -0.90630000 0.42270000
vn 0.00000000 -0.90630000 0.42260000
vn 0.00000000 -0.90630000 0.42260000
vn 0.00000000 -0.90620000 0.42280000
vn 0.00000000 -0.90620000 0.42280000
vn 0.00000000 -0.90630000 0.42260000
vn 0.00000000 -0.90630000 0.42270000
vn 0.00000000 -0.90630000 0.42260000
vn 0.00000000 -0.90630000 0.42260000
vn 0.00020000 -0.90630000 0.42270000
vn 0.00000000 -0.90620000 0.42300000
vn 0.00000000 -0.90630000 0.42260000
vn 0.00000000 -0.90630000 0.42270000
vn 0.00000000 -0.90620000 0.42300000
vn -0.00000000 -0.90640000 0.42250000
vn 0.00000000 -0.90630000 0.42260000
vn -0.00000000 -0.90640000 0.42250000
vn -0.00000000 -0.90640000 0.42250000
vn 0.00000000 -0.90620000 0.42290000
vn 0.00000000 -0.90630000 0.42260000
vn -0.00000000 -0.90650000 0.42220000
vn 0.00000000 -0.90630000 0.42260000
vn 0.00000000 -0.90620000 0.42280000
vn 0.00000000 -0.90630000 0.42260000
vn 0.00000000 -0.90630000 0.42270000
vn 0.00000000 -0.90620000 0.42290000
vn 0.00000000 -0.90630000 0.42270000
vn 0.00000000 -0.90630000 0.42260000
vn 0.00000000 -0.90620000 0.42290000
vn 0.00000000 -0.90630000 0.42260000
vn 0.00000000 -0.90620000 0.42280000
vn 0.00000000 -0.90620000 0.42280000
vn 0.00000000 -0.90630000 0.42260000
vn -0.00030000 -0.90620000 0.42280000
vn 0.00000000 -0.90630000 0.42260000
vn 0.00000000 -0.90630000 0.42260000
vn 0.00000000 -0.90620000 0.42280000
vn 0.00000000 -0.90630000 0.42260000
vn 0.00000000 -0.90630000 0.42270000
vn 0.00000000 -0.90630000 0.42260000
vn -0.00030000 -0.90620000 0.42280000
vn 0.00000000 -0.90630000 0.42270000
vn 0.00000000 -0.90620000 0.42290000
vn 0.00000000 -0.90630000 0.42260000
vn 0.00020000 -0.90630000 0.42270000
vn 0.00000000 -0.90630000 0.42260000
vn 0.00020000 -0.90630000 0.42270000
vn 0.00000000 -0.90630000 0.42260000
vn 0.00000000 -0.90620000 0.42280000
vn 0.00000000 -0.90630000 0.42260000
vn -0.00000000 -0.90650000 0.42220000
vn 0.00180000 -0.90490000 0.42570000
vn 0.00000000 -0.90620000 0.42280000
vn 0.00040000 -0.90640000 0.42250000
vn -0.00010000 -0.90630000 0.42270000
vn 0.00000000 -0.90630000 0.42260000
vn -0.00010000 -0.90630000 0.42270000
vn -0.00010000 -0.90630000 0.42260000
vn 0.00320000 -0.90710000 0.42080000
vn 0.00320000 -0.90710000 0.42080000
vn 0.00180000 -0.90490000 0.42570000
vn -0.00000000 0.43050000 0.90260000
vn -0.00000000 0.43030000 0.90270000
vn 0.28170000 0.41340000 0.86590000
vn 0.54060000 0.36340000 0.75870000
vn 0.54060000 0.36340000 0.75870000
vn 0.75570000 0.28470000 0.58980000
vn 0.75570000 0.28470000 0.58980000
vn 0.90960000 0.18350000 0.37280000
vn 0.28170000 0.41340000 0.86590000
vn 0.98980000 0.06810000 0.12530000
vn 0.98980000 0.06800000 0.12530000
vn 0.98980000 -0.05220000 -0.13270000
vn 0.98980000 -0.05220000 -0.13270000
vn 0.90960000 -0.16760000 -0.38020000
vn 0.75570000 -0.26880000 -0.59720000
vn 0.75570000 -0.26880000 -0.59720000
vn 0.54060000 -0.34760000 -0.76610000
vn 0.54060000 -0.34760000 -0.76610000
vn 0.28170000 -0.39760000 -0.87330000
vn 0.90960000 -0.16760000 -0.38020000
vn 0.90960000 0.18350000 0.37280000
vn 0.28170000 -0.39760000 -0.87330000
vn -0.00000000 -0.41470000 -0.91000000
vn -0.28170000 -0.39760000 -0.87330000
vn -0.28170000 -0.39760000 -0.87330000
vn -0.54060000 -0.34760000 -0.76610000
vn -0.75570000 -0.26880000 -0.59720000
vn -0.75570000 -0.26880000 -0.59720000
vn -0.90960000 -0.16760000 -0.38020000
vn -0.90960000 -0.16760000 -0.38020000
vn -0.98980000 -0.05220000 -0.13270000
vn -0.54060000 -0.34760000 -0.76610000
vn -0.98980000 0.06810000 0.12530000
vn -0.98980000 0.06810000 0.12530000
vn -0.90960000 0.18350000 0.37280000
vn -0.90960000 0.18350000 0.37280000
vn -0.75570000 0.28470000 0.58980000
vn -0.54060000 0.36340000 0.75870000
vn -0.54060000 0.36340000 0.75870000
vn -0.28170000 0.41340000 0.86590000
vn -0.28170000 0.41340000 0.86590000
vn 0.00000000 0.43040000 0.90270000
vn -0.75570000 0.28470000 0.58980000
vn -0.98980000 -0.05220000 -0.13270000
vn 0.00000000 -0.93970000 -0.34200000
vn 0.00000000 -0.93970000 -0.34200000
vn 0.10540000 -0.93640000 -0.33480000
vn 0.39830000 -0.88780000 -0.23070000
vn 0.38230000 -0.89230000 -0.24030000
vn 0.30680000 -0.91010000 -0.27850000
vn 0.19920000 -0.92760000 -0.31610000
vn 0.20860000 -0.92640000 -0.31350000
vn 0.48090000 -0.85990000 -0.17090000
vn 0.53440000 -0.83650000 -0.12080000
vn 0.55280000 -0.82720000 -0.10070000
vn 0.61240000 -0.79030000 -0.02160000
vn 0.69990000 -0.68340000 0.20760000
vn 0.70510000 -0.66320000 0.25100000
vn 0.69990000 -0.59830000 0.39000000
vn 0.64320000 -0.76500000 0.03260000
vn 0.65820000 -0.75000000 0.06470000
vn 0.68940000 -0.70730000 0.15620000
vn 0.64320000 -0.51670000 0.56510000
vn 0.61230000 -0.49140000 0.61930000
vn 0.53440000 -0.44520000 0.71850000
vn 0.38230000 -0.38950000 0.83800000
vn 0.30680000 -0.37160000 0.87620000
vn 0.19920000 -0.35410000 0.91370000
vn 0.48090000 -0.42180000 0.76860000
vn 0.68940000 -0.57440000 0.44140000
vn 0.10540000 -0.34540000 0.93250000
vn -0.00000000 -0.34200000 0.93970000
vn 0.65820000 -0.53170000 0.53300000
vn 0.20840000 -0.35530000 0.91120000
vn 0.39830000 -0.39390000 0.82830000
vn 0.55280000 -0.45460000 0.69840000
vn 0.70510000 -0.61850000 0.34670000
vn -0.10540000 -0.34540000 0.93250000
vn -0.00000000 -0.34200000 0.93970000
vn -0.19920000 -0.35410000 0.91370000
vn -0.20850000 -0.35530000 0.91120000
vn -0.30680000 -0.37160000 0.87620000
vn -0.38230000 -0.38950000 0.83800000
vn -0.39830000 -0.39390000 0.82830000
vn -0.48100000 -0.42180000 0.76860000
vn -0.53440000 -0.44520000 0.71850000
vn -0.55280000 -0.45460000 0.69840000
vn -0.61230000 -0.49150000 0.61930000
vn -0.69990000 -0.59830000 0.39000000
vn -0.70510000 -0.61850000 0.34670000
vn -0.70510000 -0.66320000 0.25100000
vn -0.64320000 -0.51670000 0.56510000
vn -0.65820000 -0.53170000 0.53300000
vn -0.68940000 -0.57440000 0.44140000
vn -0.64320000 -0.76500000 0.03260000
vn -0.61240000 -0.79030000 -0.02160000
vn -0.53440000 -0.83650000 -0.12080000
vn -0.38230000 -0.89230000 -0.24030000
vn -0.30680000 -0.91010000 -0.27850000
vn -0.19920000 -0.92760000 -0.31610000
vn -0.48090000 -0.85990000 -0.17090000
vn -0.69990000 -0.68340000 0.20760000
vn -0.68940000 -0.70730000 0.15620000
vn -0.10540000 -0.93640000 -0.33480000
vn 0.00000000 -0.93970000 -0.34200000
vn -0.65820000 -0.75000000 0.06470000
vn -0.55280000 -0.82720000 -0.10070000
vn -0.39830000 -0.88780000 -0.23070000
vn -0.20860000 -0.92640000 -0.31350000
vn -0.29930000 -0.00870000 -0.95410000
vn -0.20130000 -0.00870000 -0.97950000
vn -0.25060000 -0.00870000 -0.96810000
vn -0.39440000 -0.00880000 -0.91890000
vn -0.34710000 -0.00880000 -0.93780000
vn -0.10110000 -0.00870000 -0.99480000
vn -0.10110000 -0.00870000 -0.99480000
vn -0.15140000 -0.00870000 -0.98840000
vn -0.08510000 -0.00870000 -0.99630000
vn -0.13520000 -0.00870000 -0.99080000
vn -0.17820000 -0.00870000 -0.98390000
vn -0.20570000 -0.00870000 -0.97860000
vn -0.05050000 -0.00870000 -0.99870000
vn -0.03650000 -0.00870000 -0.99930000
vn -0.29480000 -0.00870000 -0.95550000
vn -0.32320000 -0.00870000 -0.94630000
vn -0.36180000 -0.00870000 -0.93220000
vn -0.39410000 -0.00870000 -0.91900000
vn -0.25060000 -0.00870000 -0.96800000
vn -0.64250000 -0.00870000 -0.76630000
vn -0.56490000 -0.00880000 -0.82510000
vn -0.64250000 -0.00870000 -0.76630000
vn -0.71410000 -0.00880000 -0.70000000
vn -0.43860000 -0.00870000 -0.89860000
vn -0.48390000 -0.00870000 -0.87510000
vn -0.48180000 -0.00870000 -0.87620000
vn -0.52470000 -0.00870000 -0.85120000
vn -0.56540000 -0.00870000 -0.82480000
vn -0.42480000 -0.00870000 -0.90520000
vn -0.46000000 -0.00870000 -0.88790000
vn -0.67910000 -0.00870000 -0.73400000
vn -0.71400000 -0.00870000 -0.70010000
vn -0.71400000 -0.00870000 -0.70010000
vn -0.64790000 -0.00870000 -0.76170000
vn -0.60440000 -0.00870000 -0.79660000
vn -0.61080000 -0.00870000 -0.79180000
vn -0.69800000 -0.00870000 -0.71610000
vn -0.88480000 -0.00870000 -0.46590000
vn -0.83550000 -0.00870000 -0.54940000
vn -0.83560000 -0.00870000 -0.54930000
vn -0.92500000 -0.00870000 -0.37980000
vn -0.88490000 -0.00870000 -0.46580000
vn -0.77840000 -0.00870000 -0.62770000
vn -0.77840000 -0.00870000 -0.62770000
vn -0.77840000 -0.00870000 -0.62770000
vn -0.80790000 -0.00870000 -0.58920000
vn -0.74710000 -0.00870000 -0.66460000
vn -0.76320000 -0.00880000 -0.64610000
vn -0.79490000 -0.00880000 -0.60670000
vn -0.73760000 -0.00870000 -0.67520000
vn -0.82730000 -0.00870000 -0.56180000
vn -0.92560000 -0.00870000 -0.37850000
vn -0.90630000 -0.00880000 -0.42250000
vn -0.86120000 -0.00870000 -0.50820000
vn -0.85350000 -0.00870000 -0.52100000
vn -0.87740000 -0.00870000 -0.47970000
vn -0.89540000 -0.00870000 -0.44520000
vn -0.91080000 -0.00870000 -0.41280000
vn -0.99530000 -0.00870000 -0.09680000
vn -0.98120000 -0.00870000 -0.19270000
vn -0.98120000 -0.00870000 -0.19270000
vn -0.95800000 -0.00880000 -0.28670000
vn -0.95800000 -0.00870000 -0.28670000
vn -0.97020000 -0.00870000 -0.24210000
vn -0.98070000 -0.00870000 -0.19530000
vn -0.94300000 -0.00870000 -0.33280000
vn -0.94800000 -0.00870000 -0.31820000
vn -0.93080000 -0.00870000 -0.36540000
vn -0.97070000 -0.00870000 -0.24020000
vn -0.96020000 -0.00870000 -0.27920000
vn -0.98940000 -0.00870000 -0.14490000
vn -0.99530000 -0.00870000 -0.09680000
vn -0.98800000 -0.00870000 -0.15450000
vn -0.99390000 -0.00870000 -0.11020000
vn -0.99810000 -0.00870000 -0.06170000
vn -0.99880000 -0.00870000 -0.04840000
vn -0.99970000 -0.00870000 -0.02410000
vn -0.56600000 -0.00870000 -0.82440000
vn 0.00060000 -0.00870000 -1.00000000
vn -0.00000000 -0.00870000 -1.00000000
vn -0.04940000 -0.00870000 -0.99870000
vn -0.09830000 -0.00870000 -0.99510000
vn -0.19500000 -0.00870000 -0.98080000
vn -0.52180000 -0.00870000 -0.85300000
vn -0.29000000 -0.00870000 -0.95700000
vn -0.33680000 -0.00870000 -0.94150000
vn -0.38280000 -0.00870000 -0.92380000
vn -0.47120000 -0.00870000 -0.88200000
vn -0.55490000 -0.00870000 -0.83180000
vn -0.70660000 -0.00870000 -0.70750000
vn -0.59510000 -0.00870000 -0.80360000
vn -0.63400000 -0.00870000 -0.77330000
vn -0.77220000 -0.00870000 -0.63530000
vn -0.83070000 -0.00870000 -0.55660000
vn -0.85720000 -0.00870000 -0.51490000
vn -0.88150000 -0.00870000 -0.47210000
vn -0.96970000 -0.00870000 -0.24420000
vn -0.95650000 -0.00880000 -0.29160000
vn -0.98060000 -0.00870000 -0.19590000
vn -0.98910000 -0.00870000 -0.14730000
vn -0.99510000 -0.00880000 -0.09850000
vn -1.00000000 -0.00870000 -0.00000000
vn -0.99870000 -0.00870000 -0.04940000
vn -1.00000000 -0.00870000 -0.00000000
vn 0.95410000 -0.00870000 -0.29930000
vn 0.97980000 -0.00870000 -0.19970000
vn 0.95410000 -0.00870000 -0.29940000
vn 0.91890000 -0.00870000 -0.39430000
vn 0.99490000 -0.00860000 -0.10070000
vn 0.97950000 -0.00870000 -0.20130000
vn 0.99480000 -0.00870000 -0.10120000
vn 0.98840000 -0.00870000 -0.15140000
vn 0.99780000 -0.00870000 -0.06520000
vn 0.99330000 -0.00870000 -0.11490000
vn 0.99870000 -0.00870000 -0.05060000
vn 0.98660000 -0.00870000 -0.16310000
vn 0.97940000 -0.00870000 -0.20160000
vn 0.91890000 -0.00870000 -0.39450000
vn 0.93770000 -0.00870000 -0.34720000
vn 0.96810000 -0.00870000 -0.25060000
vn 0.97040000 -0.00870000 -0.24120000
vn 0.95770000 -0.00870000 -0.28750000
vn 0.92850000 -0.00870000 -0.37120000
vn 0.91500000 -0.00870000 -0.40330000
vn 0.94190000 -0.00870000 -0.33580000
vn 0.76620000 -0.00870000 -0.64250000
vn 0.82510000 -0.00870000 -0.56490000
vn 0.76630000 -0.00870000 -0.64240000
vn 0.70000000 -0.00880000 -0.71410000
vn 0.70010000 -0.00870000 -0.71400000
vn 0.87620000 -0.00870000 -0.48190000
vn 0.87620000 -0.00870000 -0.48180000
vn 0.85170000 -0.00870000 -0.52400000
vn 0.82510000 -0.00870000 -0.56480000
vn 0.82510000 -0.00870000 -0.56490000
vn 0.87710000 -0.00870000 -0.48030000
vn 0.89940000 -0.00870000 -0.43710000
vn 0.89590000 -0.00870000 -0.44420000
vn 0.83880000 -0.00870000 -0.54430000
vn 0.80970000 -0.00870000 -0.58680000
vn 0.85990000 -0.00880000 -0.51040000
vn 0.73400000 -0.00870000 -0.67910000
vn 0.70360000 -0.00870000 -0.71050000
vn 0.79660000 -0.00870000 -0.60440000
vn 0.77570000 -0.00870000 -0.63100000
vn 0.74330000 -0.00870000 -0.66890000
vn 0.50820000 -0.00870000 -0.86120000
vn 0.46590000 -0.00870000 -0.88480000
vn 0.46590000 -0.00870000 -0.88480000
vn 0.54940000 -0.00880000 -0.83550000
vn 0.54940000 -0.00870000 -0.83550000
vn 0.42250000 -0.00870000 -0.90630000
vn 0.37280000 -0.00870000 -0.92790000
vn 0.37810000 -0.00880000 -0.92570000
vn 0.62770000 -0.00870000 -0.77840000
vn 0.62770000 -0.00870000 -0.77840000
vn 0.58920000 -0.00870000 -0.80790000
vn 0.55360000 -0.00870000 -0.83280000
vn 0.62450000 -0.00870000 -0.78090000
vn 0.66460000 -0.00870000 -0.74710000
vn 0.66630000 -0.00870000 -0.74560000
vn 0.58770000 -0.00870000 -0.80910000
vn 0.44380000 -0.00870000 -0.89610000
vn 0.40780000 -0.00870000 -0.91300000
vn 0.47990000 -0.00870000 -0.87730000
vn 0.51950000 -0.00870000 -0.85440000
vn 0.14480000 -0.00870000 -0.98940000
vn 0.09250000 -0.00870000 -0.99570000
vn 0.09680000 -0.00880000 -0.99530000
vn 0.19270000 -0.00870000 -0.98120000
vn 0.19680000 -0.00870000 -0.98040000
vn 0.33280000 -0.00870000 -0.94300000
vn 0.28330000 -0.00870000 -0.95900000
vn 0.28680000 -0.00880000 -0.95800000
vn 0.24000000 -0.00870000 -0.97070000
vn 0.24130000 -0.00870000 -0.97040000
vn 0.32010000 -0.00870000 -0.94730000
vn 0.03760000 -0.00870000 -0.99930000
vn 0.04830000 -0.00870000 -0.99880000
vn 0.15830000 -0.00870000 -0.98740000
vn 0.12110000 -0.00870000 -0.99260000
vn 0.99960000 -0.00870000 -0.02550000
vn 1.00000000 -0.00870000 -0.00000000
vn 0.99870000 -0.00870000 -0.04930000
vn 1.00000000 -0.00870000 -0.00000000
vn 0.95700000 -0.00870000 -0.29000000
vn 0.94150000 -0.00870000 -0.33690000
vn 0.92370000 -0.00870000 -0.38300000
vn 0.88190000 -0.00870000 -0.47140000
vn 0.83160000 -0.00870000 -0.55530000
vn 0.80320000 -0.00870000 -0.59560000
vn 0.70710000 -0.00870000 -0.70710000
vn 0.77290000 -0.00860000 -0.63450000
vn 0.63480000 -0.00870000 -0.77260000
vn 0.59620000 -0.00870000 -0.80280000
vn 0.55610000 -0.00880000 -0.83110000
vn 0.51440000 -0.00870000 -0.85750000
vn 0.38350000 -0.00870000 -0.92350000
vn 0.47180000 -0.00860000 -0.88170000
vn 0.29150000 -0.00870000 -0.95650000
vn 0.24400000 -0.00870000 -0.96970000
vn 0.19580000 -0.00870000 -0.98060000
vn -0.00070000 -0.00870000 -1.00000000
vn 0.14730000 -0.00870000 -0.98900000
vn 0.09860000 -0.00890000 -0.99510000
vn 0.04940000 -0.00870000 -0.99870000
vn -0.00000000 -0.00870000 -1.00000000
vn 0.22250000 -0.00860000 0.97490000
vn 0.25130000 -0.00870000 0.96790000
vn 0.25250000 -0.00870000 0.96760000
vn 0.20170000 -0.00870000 0.97940000
vn 0.18510000 -0.00870000 0.98270000
vn 0.29930000 -0.00870000 0.95410000
vn 0.37040000 -0.00870000 0.92880000
vn 0.40930000 -0.00870000 0.91230000
vn 0.39420000 -0.00870000 0.91900000
vn 0.34630000 -0.00870000 0.93810000
vn 0.28390000 -0.00880000 0.95880000
vn 0.31550000 -0.00870000 0.94890000
vn 0.10240000 -0.00870000 0.99470000
vn 0.09780000 -0.00870000 0.99520000
vn 0.12670000 -0.00870000 0.99190000
vn 0.15190000 -0.00850000 0.98840000
vn 0.06540000 -0.00870000 0.99780000
vn 0.05110000 -0.00870000 0.99870000
vn 0.15250000 -0.00870000 0.98830000
vn 0.62740000 -0.00870000 0.77870000
vn 0.65120000 -0.00870000 0.75890000
vn 0.64610000 -0.00870000 0.76320000
vn 0.60640000 -0.00870000 0.79510000
vn 0.60520000 -0.00870000 0.79610000
vn 0.58210000 -0.00870000 0.81310000
vn 0.56750000 -0.00870000 0.82330000
vn 0.54940000 -0.00870000 0.83550000
vn 0.67830000 -0.00870000 0.73470000
vn 0.67570000 -0.00870000 0.73710000
vn 0.69700000 -0.00870000 0.71700000
vn 0.72270000 -0.00870000 0.69110000
vn 0.71410000 -0.00870000 0.70000000
vn 0.45110000 -0.00870000 0.89240000
vn 0.48130000 -0.00870000 0.87650000
vn 0.48440000 -0.00870000 0.87480000
vn 0.44100000 -0.00870000 0.89740000
vn 0.52750000 -0.00870000 0.84950000
vn 0.51030000 -0.00870000 0.85990000
vn 0.74460000 -0.00870000 0.66740000
vn 0.74710000 -0.00870000 0.66470000
vn 0.77070000 -0.00870000 0.63720000
vn 0.77840000 -0.00880000 0.62770000
vn 0.79900000 -0.00870000 0.60120000
vn 0.80790000 -0.00870000 0.58930000
vn 0.82160000 -0.00870000 0.57000000
vn 0.83710000 -0.00870000 0.54700000
vn 0.83720000 -0.00870000 0.54690000
vn 0.91900000 -0.00870000 0.39420000
vn 0.93310000 -0.00880000 0.35940000
vn 0.92730000 -0.00870000 0.37420000
vn 0.90630000 -0.00880000 0.42250000
vn 0.90040000 -0.00870000 0.43500000
vn 0.88480000 -0.00870000 0.46590000
vn 0.87840000 -0.00870000 0.47780000
vn 0.85910000 -0.00870000 0.51170000
vn 0.96170000 -0.00870000 0.27380000
vn 0.97380000 -0.00870000 0.22700000
vn 0.97130000 -0.00870000 0.23750000
vn 0.95850000 -0.00870000 0.28480000
vn 0.98180000 -0.00870000 0.18950000
vn 0.98180000 -0.00870000 0.18960000
vn 0.94270000 -0.00870000 0.33360000
vn 0.94340000 -0.00870000 0.33150000
vn 0.95100000 -0.00870000 0.30900000
vn 0.99530000 -0.00870000 0.09680000
vn 0.98950000 -0.00870000 0.14430000
vn 0.99370000 -0.00870000 0.11170000
vn 0.99780000 -0.00870000 0.06500000
vn 0.99880000 -0.00870000 0.04840000
vn -0.00160000 -0.00870000 1.00000000
vn 0.02520000 -0.00870000 0.99960000
vn -0.00000000 -0.00870000 1.00000000
vn 0.39690000 -0.00870000 0.91780000
vn 0.34970000 -0.00870000 0.93680000
vn 0.30130000 -0.00870000 0.95350000
vn 0.68670000 -0.00870000 0.72690000
vn 0.72150000 -0.00870000 0.69230000
vn 0.99970000 -0.00870000 0.02360000
vn 1.00000000 -0.00870000 -0.00000000
vn 0.99540000 -0.00870000 0.09500000
vn 1.00000000 -0.00870000 -0.00420000
vn 0.75440000 -0.00870000 0.65640000
vn 0.78520000 -0.00870000 0.61920000
vn 0.81410000 -0.00870000 0.58060000
vn 0.98980000 -0.00870000 0.14220000
vn 0.86620000 -0.00870000 0.49960000
vn 0.91020000 -0.00870000 0.41400000
vn 0.88930000 -0.00870000 0.45720000
vn -0.98900000 -0.00870000 0.14740000
vn -0.98870000 -0.00870000 0.14940000
vn -0.98200000 -0.00870000 0.18850000
vn -0.97950000 -0.00860000 0.20130000
vn -0.99870000 -0.00870000 0.04950000
vn -0.99880000 -0.00870000 0.04820000
vn -0.99610000 -0.00870000 0.08740000
vn -0.99490000 -0.00870000 0.10100000
vn -0.99160000 -0.00870000 0.12870000
vn -0.91900000 -0.00870000 0.39420000
vn -0.93770000 -0.00870000 0.34740000
vn -0.91930000 -0.00870000 0.39340000
vn -0.94980000 -0.00870000 0.31290000
vn -0.93470000 -0.00870000 0.35530000
vn -0.95420000 -0.00870000 0.29890000
vn -0.97170000 -0.00870000 0.23590000
vn -0.96800000 -0.00870000 0.25060000
vn -0.96100000 -0.00870000 0.27640000
vn -0.79660000 -0.00870000 0.60440000
vn -0.82510000 -0.00870000 0.56490000
vn -0.80620000 -0.00870000 0.59160000
vn -0.77550000 -0.00870000 0.63120000
vn -0.76620000 -0.00870000 0.64250000
vn -0.74930000 -0.00870000 0.66220000
vn -0.73210000 -0.00870000 0.68110000
vn -0.73410000 -0.00870000 0.67900000
vn -0.70570000 -0.00870000 0.70840000
vn -0.70010000 -0.00870000 0.71400000
vn -0.85170000 -0.00870000 0.52400000
vn -0.85080000 -0.00870000 0.52550000
vn -0.86920000 -0.00870000 0.49430000
vn -0.87600000 -0.00890000 0.48220000
vn -0.88740000 -0.00870000 0.46100000
vn -0.89860000 -0.00860000 0.43860000
vn -0.90510000 -0.00870000 0.42510000
vn -0.48470000 -0.00880000 0.87470000
vn -0.45750000 -0.00870000 0.88920000
vn -0.46590000 -0.00880000 0.88480000
vn -0.50820000 -0.00870000 0.86120000
vn -0.52010000 -0.00870000 0.85400000
vn -0.54930000 -0.00870000 0.83560000
vn -0.39980000 -0.00880000 0.91660000
vn -0.36750000 -0.00870000 0.93000000
vn -0.37820000 -0.00870000 0.92570000
vn -0.42250000 -0.00860000 0.90630000
vn -0.43100000 -0.00870000 0.90230000
vn -0.68090000 -0.00870000 0.73240000
vn -0.65910000 -0.00870000 0.75200000
vn -0.66410000 -0.00870000 0.74760000
vn -0.63260000 -0.00870000 0.77440000
vn -0.58920000 -0.00880000 0.80800000
vn -0.57910000 -0.00870000 0.81520000
vn -0.60800000 -0.00870000 0.79390000
vn -0.62770000 -0.00870000 0.77840000
vn -0.54870000 -0.00870000 0.83600000
vn -0.10060000 -0.00870000 0.99490000
vn -0.09570000 -0.00870000 0.99540000
vn -0.06480000 -0.00870000 0.99790000
vn -0.05030000 -0.00870000 0.99870000
vn -0.15070000 -0.00870000 0.98850000
vn -0.19860000 -0.00880000 0.98000000
vn -0.16290000 -0.00870000 0.98660000
vn -0.12810000 -0.00880000 0.99170000
vn -0.24810000 -0.00870000 0.96870000
vn -0.24380000 -0.00870000 0.96980000
vn -0.21530000 -0.00870000 0.97650000
vn -0.28720000 -0.00870000 0.95780000
vn -0.33290000 -0.00860000 0.94290000
vn -0.33370000 -0.00870000 0.94260000
vn -0.18820000 -0.00870000 0.98210000
vn -0.99970000 -0.00870000 0.02390000
vn -1.00000000 -0.00870000 -0.00000000
vn -1.00000000 -0.00870000 -0.00420000
vn -0.97200000 -0.00870000 0.23470000
vn -0.98210000 -0.00870000 0.18820000
vn -0.99550000 -0.00870000 0.09460000
vn -0.95980000 -0.00870000 0.28050000
vn -0.94550000 -0.00870000 0.32550000
vn -0.92910000 -0.00870000 0.36980000
vn -0.88980000 -0.00870000 0.45640000
vn -0.91050000 -0.00870000 0.41340000
vn -0.86680000 -0.00870000 0.49860000
vn -0.84170000 -0.00870000 0.53990000
vn -0.82990000 -0.00870000 0.55790000
vn -0.81460000 -0.00870000 0.57990000
vn -0.78570000 -0.00870000 0.61850000
vn -0.75490000 -0.00870000 0.65580000
vn -0.72210000 -0.00870000 0.69180000
vn -0.27620000 -0.00870000 0.96110000
vn -0.30870000 -0.00870000 0.95110000
vn -0.68730000 -0.00870000 0.72630000
vn -0.61210000 -0.00870000 0.79070000
vn -0.65060000 -0.00870000 0.75930000
vn -0.53090000 -0.00870000 0.84740000
vn -0.44360000 -0.00870000 0.89620000
vn -0.48800000 -0.00870000 0.87280000
vn -0.57230000 -0.00870000 0.82000000
vn -0.35060000 -0.00870000 0.93650000
vn -0.39770000 -0.00870000 0.91750000
vn -0.30270000 -0.00870000 0.95310000
vn -0.00000000 -0.00870000 1.00000000
vn -0.02510000 -0.00870000 0.99960000
vn 0.00180000 -0.00870000 1.00000000
vn -1.00000000 -0.00870000 -0.00000000
vn -1.00000000 -0.00870000 -0.00000000
vn -1.00000000 -0.00870000 -0.00000000
vn -1.00000000 -0.00870000 -0.00000000
vn -1.00000000 -0.00870000 -0.00000000
vn -1.00000000 -0.00870000 -0.00000000
vn -1.00000000 -0.00870000 -0.00000000
vn -1.00000000 -0.00870000 -0.00000000
vn -1.00000000 -0.00870000 -0.00000000
vn -1.00000000 -0.00870000 -0.00000000
vn -1.00000000 -0.00870000 -0.00000000
vn -1.00000000 -0.00870000 -0.00000000
vn -1.00000000 -0.00870000 -0.00000000
vn -1.00000000 -0.00870000 -0.00000000
vn -1.00000000 -0.00870000 -0.00000000
vn -1.00000000 -0.00870000 -0.00000000
vn -1.00000000 -0.00870000 -0.00000000
vn -1.00000000 -0.00870000 -0.00000000
vn -1.00000000 -0.00870000 -0.00000000
vn -1.00000000 -0.00870000 -0.00000000
vn -1.00000000 -0.00870000 -0.00000000
vn -1.00000000 -0.00870000 -0.00000000
vn -1.00000000 -0.00870000 -0.00000000
vn -1.00000000 -0.00870000 -0.00000000
vn -1.00000000 -0.00870000 -0.00000000
vn -1.00000000 -0.00870000 -0.00000000
vn -1.00000000 -0.00870000 -0.00000000
vn -1.00000000 -0.00870000 -0.00000000
vn -1.00000000 -0.00870000 -0.00000000
vn -1.00000000 -0.00870000 -0.00000000
vn -1.00000000 -0.00870000 -0.00000000
vn -1.00000000 -0.00870000 -0.00000000
vn -1.00000000 -0.00870000 -0.00000000
vn -1.00000000 -0.00870000 -0.00000000
vn -1.00000000 -0.00870000 -0.00000000
vn -1.00000000 -0.00870000 -0.00000000
vn -1.00000000 -0.00870000 -0.00000000
vn -1.00000000 -0.00870000 -0.00000000
vn -1.00000000 -0.00870000 -0.00000000
vn -1.00000000 -0.00870000 -0.00000000
vn -1.00000000 -0.00870000 -0.00000000
vn -1.00000000 -0.00870000 -0.00000000
vn 1.00000000 -0.00870000 -0.00000000
vn 1.00000000 -0.00870000 -0.00000000
vn 1.00000000 -0.00870000 -0.00000000
vn 1.00000000 -0.00870000 -0.00000000
vn 1.00000000 -0.00870000 -0.00000000
vn 1.00000000 -0.00870000 -0.00000000
vn 1.00000000 -0.00870000 -0.00000000
vn 1.00000000 -0.00870000 -0.00000000
vn 1.00000000 -0.00870000 -0.00000000
vn 1.00000000 -0.00870000 -0.00000000
vn 1.00000000 -0.00870000 -0.00000000
vn 1.00000000 -0.00870000 -0.00000000
vn 1.00000000 -0.00870000 -0.00000000
vn 1.00000000 -0.00870000 -0.00000000
vn 1.00000000 -0.00870000 -0.00000000
vn 1.00000000 -0.00870000 -0.00000000
vn 1.00000000 -0.00870000 -0.00000000
vn 1.00000000 -0.00870000 -0.00000000
vn 1.00000000 -0.00870000 -0.00000000
vn 1.00000000 -0.00870000 -0.00000000
vn 1.00000000 -0.00870000 -0.00000000
vn 1.00000000 -0.00870000 -0.00000000
vn 1.00000000 -0.00870000 -0.00000000
vn 1.00000000 -0.00870000 -0.00000000
vn 1.00000000 -0.00870000 -0.00000000
vn 1.00000000 -0.00870000 -0.00000000
vn 1.00000000 -0.00870000 -0.00000000
vn 1.00000000 -0.00870000 -0.00000000
vn 1.00000000 -0.00870000 -0.00000000
vn 1.00000000 -0.00870000 -0.00000000
vn 1.00000000 -0.00870000 -0.00000000
vn 1.00000000 -0.00870000 -0.00000000
vn 1.00000000 -0.00870000 -0.00000000
vn 1.00000000 -0.00870000 -0.00000000
vn 1.00000000 -0.00870000 -0.00000000
vn 1.00000000 -0.00870000 -0.00000000
vn 1.00000000 -0.00870000 -0.00000000
vn 1.00000000 -0.00870000 -0.00000000
vn 1.00000000 -0.00870000 -0.00000000
vn 1.00000000 -0.00870000 -0.00000000
vn 1.00000000 -0.00870000 -0.00000000
vn 1.00000000 -0.00870000 -0.00000000
vn -0.50770000 -0.85960000 0.05820000
vn -0.27640000 -0.95840000 0.07140000
vn -0.37760000 -0.92270000 0.07780000
vn -0.71060000 -0.70110000 0.05940000
vn -0.71110000 -0.70140000 0.04940000
vn -0.85940000 -0.51020000 0.03410000
vn -0.92910000 -0.36850000 0.03110000
vn -0.95700000 -0.28940000 0.02050000
vn -0.71080000 -0.69980000 0.07050000
vn -0.37780000 -0.92120000 0.09310000
vn -0.92900000 -0.36830000 0.03650000
vn -0.71060000 -0.69870000 0.08300000
vn -0.37810000 -0.91930000 0.10950000
vn -0.92780000 -0.37050000 0.04360000
vn -0.71010000 -0.69700000 0.09930000
vn -0.37740000 -0.91680000 0.13040000
vn -0.92910000 -0.36650000 0.04910000
vn -0.92950000 -0.36470000 0.05450000
vn -0.71140000 -0.69310000 0.11600000
vn -0.37810000 -0.91360000 0.14970000
vn -0.92920000 -0.36430000 0.06150000
vn -0.71120000 -0.69090000 0.12960000
vn -0.37850000 -0.91010000 0.16860000
vn -0.92890000 -0.36400000 0.06760000
vn -0.71160000 -0.68800000 0.14280000
vn -0.92920000 -0.36180000 0.07490000
vn -0.71150000 -0.68530000 0.15550000
vn -0.37800000 -0.90320000 0.20320000
vn -0.92900000 -0.36110000 0.08100000
vn -0.71100000 -0.68300000 0.16720000
vn -0.92870000 -0.36030000 0.08720000
vn -0.71130000 -0.67980000 0.17870000
vn -0.37770000 -0.89780000 0.22640000
vn -0.92920000 -0.35780000 0.09280000
vn -0.71130000 -0.67700000 0.18920000
vn -0.37750000 -0.89190000 0.24920000
vn -0.92780000 -0.35960000 0.09890000
vn -0.71120000 -0.67340000 0.20170000
vn -0.37790000 -0.88670000 0.26630000
vn -0.92910000 -0.35460000 0.10490000
vn -0.71160000 -0.66990000 0.21180000
vn -0.37860000 -0.88140000 0.28240000
vn -0.92910000 -0.35310000 0.11020000
vn -0.71150000 -0.66660000 0.22220000
vn -0.92900000 -0.35120000 0.11670000
vn -0.71140000 -0.66260000 0.23430000
vn -0.37830000 -0.87450000 0.30350000
vn -0.92920000 -0.34880000 0.12200000
vn -0.92910000 -0.34700000 0.12830000
vn -0.71150000 -0.65750000 0.24780000
vn -0.37660000 -0.86620000 0.32860000
vn -0.71160000 -0.65360000 0.25770000
vn -0.92910000 -0.34460000 0.13410000
vn -0.71130000 -0.65000000 0.26750000
vn -0.37830000 -0.85600000 0.35230000
vn -0.92930000 -0.34170000 0.14010000
vn -0.70970000 -0.64590000 0.28130000
vn -0.92980000 -0.33790000 0.14600000
vn -0.49570000 -0.78810000 0.36500000
vn -0.71130000 -0.63930000 0.29210000
vn -0.37820000 -0.84740000 0.37270000
vn -0.85940000 -0.46460000 0.21330000
vn -0.95710000 -0.26490000 0.11780000
vn 0.00130000 -0.99610000 0.08780000
vn -0.01630000 -0.99480000 0.10070000
vn 0.00400000 -0.99200000 0.12600000
vn -0.03790000 -0.98940000 0.14020000
vn -0.00140000 -0.99320000 0.11610000
vn 0.00230000 -0.98800000 0.15450000
vn -0.00340000 -0.99760000 0.06860000
vn -0.01430000 -0.98630000 0.16460000
vn 0.00450000 -0.98480000 0.17360000
vn 0.00260000 -0.98310000 0.18280000
vn 0.00830000 -0.98080000 0.19460000
vn -0.37800000 -0.90700000 0.18560000
vn 0.00070000 -0.97780000 0.20970000
vn -0.00030000 -0.97560000 0.21970000
vn -0.00140000 -0.97310000 0.23050000
vn -0.00040000 -0.97100000 0.23910000
vn -0.00980000 -0.96770000 0.25180000
vn -0.99990000 -0.01730000 0.00040000
vn -1.00000000 0.00020000 -0.00110000
vn -1.00000000 -0.00820000 -0.00030000
vn -1.00000000 -0.00760000 -0.00010000
vn -1.00000000 -0.00870000 -0.00000000
vn -1.00000000 -0.00100000 -0.00130000
vn -1.00000000 -0.00760000 -0.00010000
vn -1.00000000 -0.00060000 -0.00160000
vn -1.00000000 -0.00160000 -0.00220000
vn -1.00000000 -0.00760000 -0.00060000
vn -0.99990000 -0.01460000 0.00140000
vn -0.00970000 -0.96390000 0.26600000
vn 0.00840000 -0.95940000 0.28210000
vn 0.02350000 -0.95480000 0.29620000
vn 0.00230000 -0.95020000 0.31170000
vn 0.01750000 -0.94540000 0.32540000
vn 0.00310000 -0.94180000 0.33620000
vn 0.01500000 -0.93830000 0.34550000
vn -0.00560000 -0.93310000 0.35960000
vn 0.01090000 -0.92700000 0.37480000
vn -0.00500000 -0.92160000 0.38810000
vn -0.00800000 -0.91650000 0.40000000
vn -0.20370000 -0.89080000 0.40620000
vn -0.00010000 -0.90570000 0.42380000
vn -1.00000000 -0.00900000 0.00070000
vn -1.00000000 -0.00330000 -0.00100000
vn -0.99960000 -0.02860000 0.00640000
vn -1.00000000 0.00000000 -0.00320000
vn -1.00000000 -0.00810000 -0.00030000
vn -1.00000000 -0.00810000 0.00010000
vn -1.00000000 -0.00050000 -0.00330000
vn -1.00000000 -0.00820000 -0.00040000
vn -0.99990000 -0.01380000 0.00280000
vn -1.00000000 -0.00540000 -0.00130000
vn -0.69760000 -0.65040000 0.30050000
vn -0.91690000 -0.36310000 0.16560000
vn -0.85590000 -0.47000000 0.21570000
vn -0.91680000 -0.36340000 0.16560000
vn -0.69770000 -0.65030000 0.30050000
vn -0.86360000 -0.45820000 0.21010000
vn -0.37650000 -0.84020000 0.39020000
vn -0.49290000 -0.78930000 0.36610000
vn -0.37660000 -0.84010000 0.39040000
vn -0.49560000 -0.78790000 0.36540000
vn -1.00000000 -0.00770000 -0.00060000
vn -0.97850000 -0.18850000 0.08390000
vn -1.00000000 -0.00980000 0.00050000
vn -0.97840000 -0.18880000 0.08390000
vn -0.19100000 -0.88990000 0.41420000
vn -0.00240000 -0.90630000 0.42260000
vn 0.00000000 -0.90630000 0.42270000
vn -0.19090000 -0.89000000 0.41410000
vn -0.00010000 -0.90630000 0.42260000
vn -0.77650000 -0.62980000 0.02220000
vn -0.95780000 -0.28740000 -0.00600000
vn -0.92170000 -0.38590000 -0.03820000
vn -0.69650000 -0.71750000 -0.00680000
vn -0.54340000 -0.83870000 0.03530000
vn -0.36150000 -0.93200000 0.02560000
vn -0.26190000 -0.96370000 0.05080000
vn -0.69510000 -0.71810000 -0.03420000
vn -0.36080000 -0.93260000 0.00710000
vn -0.69040000 -0.71940000 -0.07630000
vn -0.91850000 -0.38510000 -0.08990000
vn -0.35970000 -0.93300000 -0.01130000
vn -0.35810000 -0.93320000 -0.02960000
vn -0.68580000 -0.71860000 -0.11540000
vn -0.91000000 -0.38590000 -0.15190000
vn -0.35600000 -0.93330000 -0.04770000
vn -0.68100000 -0.71840000 -0.14190000
vn -0.35370000 -0.93310000 -0.06560000
vn -0.67260000 -0.71690000 -0.18340000
vn -0.90110000 -0.38670000 -0.19600000
vn -0.35070000 -0.93280000 -0.08350000
vn -0.34730000 -0.93230000 -0.10110000
vn -0.66170000 -0.71650000 -0.22060000
vn -0.88940000 -0.38620000 -0.24470000
vn -0.34340000 -0.93160000 -0.11870000
vn -0.64990000 -0.71410000 -0.26030000
vn -0.87660000 -0.38540000 -0.28800000
vn -0.33940000 -0.93080000 -0.13570000
vn -0.33480000 -0.92980000 -0.15270000
vn -0.63570000 -0.71310000 -0.29550000
vn -0.85940000 -0.38680000 -0.33440000
vn -0.32990000 -0.92870000 -0.16930000
vn -0.61870000 -0.71200000 -0.33220000
vn -0.83730000 -0.38110000 -0.39200000
vn -0.32450000 -0.92750000 -0.18560000
vn -0.31890000 -0.92610000 -0.20170000
vn -0.60330000 -0.70840000 -0.36630000
vn -0.81010000 -0.38030000 -0.44620000
vn -0.31280000 -0.92460000 -0.21730000
vn -0.58470000 -0.70470000 -0.40190000
vn -0.77900000 -0.37760000 -0.50050000
vn -0.30330000 -0.92200000 -0.24090000
vn -0.56530000 -0.70250000 -0.43230000
vn -0.29290000 -0.91950000 -0.26200000
vn -0.54240000 -0.69940000 -0.46540000
vn -0.74340000 -0.37680000 -0.55260000
vn -0.28370000 -0.91560000 -0.28490000
vn -0.51490000 -0.69370000 -0.50370000
vn -0.71780000 -0.37480000 -0.58680000
vn -0.27050000 -0.91390000 -0.30280000
vn -0.26260000 -0.91180000 -0.31560000
vn -0.49160000 -0.69150000 -0.52930000
vn -0.68720000 -0.37350000 -0.62310000
vn -0.25430000 -0.90980000 -0.32800000
vn -0.46540000 -0.68980000 -0.55460000
vn -0.64760000 -0.36920000 -0.66660000
vn -0.24600000 -0.90780000 -0.33970000
vn -0.23740000 -0.90580000 -0.35110000
vn -0.44240000 -0.68470000 -0.57930000
vn -0.60590000 -0.36700000 -0.70580000
vn -0.22870000 -0.90360000 -0.36210000
vn -0.42520000 -0.68230000 -0.59470000
vn -0.57200000 -0.36550000 -0.73430000
vn -0.21970000 -0.90150000 -0.37280000
vn -0.39850000 -0.67770000 -0.61790000
vn -0.53860000 -0.36470000 -0.75950000
vn -0.21070000 -0.89950000 -0.38270000
vn -0.20140000 -0.89750000 -0.39230000
vn -0.37180000 -0.67590000 -0.63640000
vn -0.50190000 -0.36180000 -0.78560000
vn -0.19200000 -0.89560000 -0.40140000
vn -0.34730000 -0.66850000 -0.65760000
vn -0.46720000 -0.35790000 -0.80840000
vn -0.18250000 -0.89360000 -0.41010000
vn -0.17170000 -0.88870000 -0.42500000
vn -0.31640000 -0.66970000 -0.67190000
vn -0.42810000 -0.35830000 -0.82970000
vn -0.28670000 -0.67010000 -0.68460000
vn -0.39170000 -0.35680000 -0.84810000
vn -0.12770000 -0.91340000 -0.38650000
vn -0.24610000 -0.66810000 -0.70220000
vn -0.35160000 -0.35510000 -0.86620000
vn -0.21740000 -0.67130000 -0.70860000
vn -0.31440000 -0.35300000 -0.88120000
vn -0.19090000 -0.66010000 -0.72650000
vn -0.26300000 -0.35040000 -0.89890000
vn -0.16100000 -0.65750000 -0.73610000
vn -0.21910000 -0.35110000 -0.91030000
vn -0.13240000 -0.65170000 -0.74680000
vn -0.06950000 -0.87670000 -0.47590000
vn -0.08290000 -0.87900000 -0.46960000
vn -0.10060000 -0.66660000 -0.73860000
vn -0.17660000 -0.35090000 -0.91960000
vn -0.07350000 -0.64980000 -0.75650000
vn -0.13770000 -0.34970000 -0.92670000
vn -0.03680000 -0.67600000 -0.73590000
vn -0.05510000 -0.34890000 -0.93550000
vn -0.02120000 -0.51440000 -0.85730000
vn -0.01490000 -0.72180000 -0.69200000
vn -0.03240000 -0.27160000 -0.96190000
vn -0.00610000 -0.90090000 -0.43390000
vn -0.99770000 0.02290000 -0.06320000
vn -0.99390000 -0.00230000 -0.11050000
vn -0.98770000 -0.02590000 -0.15410000
vn -0.97980000 0.03870000 -0.19600000
vn -0.97060000 -0.01390000 -0.24010000
vn -0.96000000 -0.02120000 -0.27920000
vn -0.85650000 -0.51470000 0.03790000
vn -1.00000000 -0.00850000 0.00000000
vn -0.94790000 -0.00600000 -0.31840000
vn -0.93080000 -0.01210000 -0.36540000
vn -0.91060000 -0.01770000 -0.41280000
vn -0.89580000 0.01240000 -0.44440000
vn -0.87750000 0.00090000 -0.47950000
vn -0.85340000 -0.00830000 -0.52120000
vn -0.82740000 -0.00360000 -0.56160000
vn -0.79480000 -0.00850000 -0.60680000
vn -0.76390000 0.01250000 -0.64520000
vn -0.73820000 0.00150000 -0.67460000
vn -0.69910000 0.01540000 -0.71480000
vn -0.50260000 -0.86250000 0.05950000
vn 0.00670000 -0.99750000 0.06990000
vn -0.00920000 -0.99890000 0.04550000
vn -0.01690000 -0.99950000 0.02790000
vn 0.01360000 -0.99910000 0.04060000
vn -0.00310000 -0.99990000 0.01080000
vn -0.03180000 -0.99950000 -0.00860000
vn 0.01700000 -0.99980000 -0.00860000
vn 0.02940000 -0.99950000 -0.01360000
vn 0.00540000 -0.99940000 -0.03490000
vn -0.05620000 -0.99550000 -0.07590000
vn 0.00460000 -0.99830000 -0.05760000
vn -0.02310000 -0.99650000 -0.08050000
vn 0.00020000 -0.99770000 -0.06770000
vn -0.00590000 -0.99560000 -0.09330000
vn 0.04240000 -0.99620000 -0.07670000
vn -0.64810000 -0.00970000 -0.76150000
vn -0.61170000 0.00970000 -0.79110000
vn -0.56690000 0.01060000 -0.82370000
vn -0.52240000 0.00150000 -0.85270000
vn -0.48680000 0.03690000 -0.87270000
vn -0.46160000 0.01260000 -0.88700000
vn -0.42590000 0.00790000 -0.90470000
vn -0.39530000 0.02500000 -0.91820000
vn -0.36160000 -0.00600000 -0.93230000
vn -0.32480000 0.02140000 -0.94550000
vn -0.29200000 -0.05000000 -0.95510000
vn -0.25050000 -0.00860000 -0.96810000
vn -0.20530000 -0.03650000 -0.97800000
vn -0.17850000 0.00560000 -0.98390000
vn -0.09710000 -0.35030000 -0.93160000
vn -0.13480000 -0.01250000 -0.99080000
vn -0.08480000 -0.00960000 -0.99640000
vn 0.00300000 -0.45370000 -0.89110000
vn 0.00060000 -0.00860000 -1.00000000
vn 0.01450000 -0.99570000 -0.09140000
vn 0.01040000 -0.99320000 -0.11550000
vn -0.01380000 -0.99210000 -0.12500000
vn 0.02150000 -0.99180000 -0.12570000
vn -0.02870000 -0.98640000 -0.16200000
vn 0.00460000 -0.99530000 -0.09650000
vn -0.02280000 -0.98490000 -0.17190000
vn 0.00970000 -0.99640000 -0.08430000
vn -0.04540000 -0.96940000 -0.24140000
vn 0.00170000 -0.80540000 -0.59270000
vn 0.00140000 -0.98550000 -0.16960000
vn -0.03510000 -0.57160000 0.81980000
vn -0.00910000 -0.73970000 0.67290000
vn -0.01730000 -0.44770000 0.89400000
vn -0.05560000 -0.25820000 0.96450000
vn -0.05280000 -0.57360000 0.81740000
vn -0.08160000 -0.26280000 0.96140000
vn -0.07540000 -0.55140000 0.83090000
vn -0.09260000 -0.54710000 0.83190000
vn -0.11000000 -0.24490000 0.96330000
vn -0.04300000 -0.77570000 0.62960000
vn -0.10670000 -0.56810000 0.81600000
vn -0.14030000 -0.24880000 0.95840000
vn -0.16700000 -0.34680000 0.92290000
vn -0.16710000 -0.34690000 0.92290000
vn -0.16010000 -0.26240000 0.95160000
vn -0.15550000 -0.57550000 0.80290000
vn -0.14110000 -0.57100000 0.80870000
vn -0.20770000 -0.26000000 0.94300000
vn -0.18270000 -0.55010000 0.81490000
vn -0.23900000 -0.24640000 0.93930000
vn -0.19670000 -0.55750000 0.80650000
vn -0.26250000 -0.26350000 0.92830000
vn -0.07640000 -0.79450000 0.60250000
vn -0.28770000 -0.35100000 0.89110000
vn -0.28400000 -0.26410000 0.92170000
vn -0.25370000 -0.55410000 0.79280000
vn -0.23460000 -0.55430000 0.79860000
vn -0.34330000 -0.25800000 0.90310000
vn -0.25680000 -0.58160000 0.77190000
vn -0.37500000 -0.24630000 0.89370000
vn -0.11220000 -0.78940000 0.60360000
vn -0.26570000 -0.59440000 0.75900000
vn -0.39310000 -0.26270000 0.88120000
vn -0.42180000 -0.30190000 0.85500000
vn -0.42040000 -0.25230000 0.87150000
vn -0.33670000 -0.56050000 0.75660000
vn -0.30590000 -0.58230000 0.75320000
vn -0.47060000 -0.27260000 0.83920000
vn -0.33960000 -0.58000000 0.74040000
vn -0.15690000 -0.78670000 0.59700000
vn -0.52940000 -0.25880000 0.80790000
vn -0.52940000 -0.25900000 0.80790000
vn -0.50190000 -0.26190000 0.82430000
vn -0.39940000 -0.56690000 0.72050000
vn -0.37420000 -0.57830000 0.72490000
vn -0.55050000 -0.26290000 0.79240000
vn -0.40100000 -0.58500000 0.70500000
vn -0.57230000 -0.26920000 0.77460000
vn -0.15010000 -0.81900000 0.55380000
vn -0.60730000 -0.28900000 0.74000000
vn -0.60730000 -0.28880000 0.74010000
vn -0.59460000 -0.26480000 0.75910000
vn -0.45860000 -0.57500000 0.67760000
vn -0.44220000 -0.57430000 0.68900000
vn -0.63870000 -0.27710000 0.71780000
vn -0.46880000 -0.58000000 0.66620000
vn -0.21340000 -0.79840000 0.56300000
vn -0.48440000 -0.58250000 0.65270000
vn -0.65360000 -0.30660000 0.69200000
vn -0.53910000 -0.59340000 0.59770000
vn -0.52280000 -0.58800000 0.61730000
vn -0.72080000 -0.31290000 0.61850000
vn -0.56050000 -0.59370000 0.57740000
vn -0.74620000 -0.31290000 0.58750000
vn -0.57170000 -0.59650000 0.56330000
vn -0.76660000 -0.31660000 0.55860000
vn -0.58290000 -0.59930000 0.54870000
vn -0.78900000 -0.31840000 0.52540000
vn -0.30010000 -0.80400000 0.51340000
vn -0.28610000 -0.80310000 0.52270000
vn -0.57660000 -0.61750000 0.53500000
vn -0.60860000 -0.60780000 0.51010000
vn -0.80810000 -0.32070000 0.49400000
vn -0.62310000 -0.61140000 0.48780000
vn -0.82690000 -0.32400000 0.45960000
vn -0.31810000 -0.81500000 0.48430000
vn -0.28800000 -0.82220000 0.49100000
vn -0.61840000 -0.62620000 0.47480000
vn -0.84350000 -0.32650000 0.42660000
vn -0.64060000 -0.61780000 0.45600000
vn -0.85870000 -0.33070000 0.39140000
vn -0.64870000 -0.62100000 0.43980000
vn -0.32930000 -0.82430000 0.46060000
vn -0.33110000 -0.81900000 0.46870000
vn -0.65690000 -0.62820000 0.41700000
vn -0.87280000 -0.33250000 0.35720000
vn -0.66930000 -0.63180000 0.39100000
vn -0.88520000 -0.33730000 0.32050000
vn -0.67770000 -0.63940000 0.36320000
vn -0.89670000 -0.33830000 0.28530000
vn -0.68860000 -0.64210000 0.33700000
vn -0.90650000 -0.34260000 0.24690000
vn -0.35680000 -0.83900000 0.41080000
vn -0.34120000 -0.83880000 0.42420000
vn -0.91490000 -0.34440000 0.21050000
vn -0.95620000 -0.25810000 0.13790000
vn -0.77320000 -0.56970000 0.27870000
vn -0.54120000 -0.75740000 0.36520000
vn -0.30360000 -0.86150000 0.40710000
vn 0.00370000 -0.30820000 0.95130000
vn 0.00160000 -0.00920000 1.00000000
vn -0.02250000 -0.18980000 0.98160000
vn -0.52590000 0.02000000 0.85030000
vn -0.05630000 -0.83940000 0.54060000
vn -0.07260000 -0.82970000 0.55340000
vn -0.79590000 -0.04910000 0.60340000
vn -0.67130000 -0.30830000 0.67400000
vn -0.78260000 0.02320000 0.62210000
vn -0.75310000 0.00570000 0.65790000
vn -0.69380000 -0.31540000 0.64740000
vn -0.82760000 -0.01900000 0.56100000
vn -0.84530000 -0.03160000 0.53340000
vn -0.87220000 0.00680000 0.48900000
vn -0.89160000 0.01660000 0.45250000
vn -0.90380000 -0.01450000 0.42770000
vn -0.91870000 -0.01350000 0.39470000
vn -0.93770000 0.01060000 0.34740000
vn -0.96980000 -0.02420000 0.24270000
vn -0.96320000 0.00740000 0.26880000
vn -0.95090000 -0.00130000 0.30940000
vn -0.97660000 -0.05300000 0.20850000
vn -0.99000000 0.01120000 0.14090000
vn -0.99250000 0.00610000 0.12250000
vn -0.99600000 -0.00970000 0.08830000
vn -0.99820000 -0.02360000 0.05550000
vn -0.86320000 -0.46000000 0.20810000
vn -0.99990000 -0.01090000 -0.00300000
vn -0.19800000 -0.86150000 0.46760000
vn -0.00760000 -0.90550000 0.42420000
vn -0.49420000 -0.78930000 0.36430000
vn 0.00000000 -0.90630000 0.42260000
vn 0.00450000 -0.90640000 0.42240000
vn 0.00000000 -0.64570000 -0.76360000
vn 0.00000000 -0.86670000 -0.49880000
vn 0.00000000 -0.80410000 -0.59450000
vn 0.00000000 -0.86640000 -0.49930000
vn 0.00000000 -0.64570000 -0.76360000
vn 0.00000000 -0.80980000 -0.58670000
vn 0.00010000 -0.34760000 -0.93760000
vn -0.00000000 -0.45220000 -0.89190000
vn -0.00010000 -0.34760000 -0.93760000
vn -0.00000000 -0.45220000 -0.89190000
vn -0.00000000 -0.98480000 -0.17370000
vn -0.00000000 -0.98480000 -0.17340000
vn -0.00000000 -0.00850000 -1.00000000
vn -0.00000000 -0.00830000 -1.00000000
vn 0.00000000 -0.55290000 0.83330000
vn -0.00000000 -0.30300000 0.95300000
vn -0.00000000 -0.30340000 0.95290000
vn -0.00000000 -0.75730000 0.65310000
vn 0.00000000 -0.55260000 0.83350000
vn -0.00000000 -0.00840000 1.00000000
vn -0.00000000 -0.00870000 1.00000000
vn -0.00000000 -0.75770000 0.65260000
vn -0.00000000 -0.90610000 0.42310000
vn 0.02120000 -0.51450000 -0.85720000
vn 0.03330000 -0.26900000 -0.96260000
vn 0.07170000 -0.35050000 -0.93380000
vn 0.04030000 -0.65330000 -0.75600000
vn 0.01410000 -0.71480000 -0.69910000
vn 0.01980000 -0.88850000 -0.45850000
vn 0.06810000 -0.66090000 -0.74740000
vn 0.03580000 -0.87980000 -0.47390000
vn 0.10030000 -0.66810000 -0.73720000
vn 0.12460000 -0.34990000 -0.92850000
vn 0.12780000 -0.66930000 -0.73190000
vn 0.17790000 -0.35440000 -0.91800000
vn 0.16870000 -0.66700000 -0.72570000
vn 0.20070000 -0.65990000 -0.72410000
vn 0.23430000 -0.35260000 -0.90600000
vn 0.10340000 -0.88110000 -0.46140000
vn 0.07980000 -0.90390000 -0.42030000
vn 0.22520000 -0.66980000 -0.70750000
vn 0.28720000 -0.35140000 -0.89110000
vn 0.12180000 -0.88020000 -0.45880000
vn 0.25910000 -0.66440000 -0.70100000
vn 0.33980000 -0.35570000 -0.87060000
vn 0.11830000 -0.90680000 -0.40470000
vn 0.27840000 -0.66610000 -0.69200000
vn 0.30670000 -0.66950000 -0.67650000
vn 0.37730000 -0.35610000 -0.85490000
vn 0.33520000 -0.67170000 -0.66060000
vn 0.41760000 -0.35670000 -0.83570000
vn 0.35370000 -0.67370000 -0.64890000
vn 0.45310000 -0.35930000 -0.81580000
vn 0.18260000 -0.89350000 -0.41020000
vn 0.15630000 -0.90560000 -0.39430000
vn 0.37190000 -0.67590000 -0.63630000
vn 0.50110000 -0.33540000 -0.79780000
vn 0.19200000 -0.89560000 -0.40120000
vn 0.39680000 -0.67960000 -0.61690000
vn 0.53210000 -0.34200000 -0.77450000
vn 0.20140000 -0.89760000 -0.39210000
vn 0.21060000 -0.89950000 -0.38280000
vn 0.42510000 -0.68240000 -0.59460000
vn 0.56390000 -0.36410000 -0.74120000
vn 0.21970000 -0.90160000 -0.37260000
vn 0.45040000 -0.68440000 -0.57330000
vn 0.22870000 -0.90360000 -0.36230000
vn 0.23750000 -0.90570000 -0.35110000
vn 0.47530000 -0.68920000 -0.54690000
vn 0.60720000 -0.36710000 -0.70470000
vn 0.24580000 -0.90780000 -0.33990000
vn 0.49900000 -0.69160000 -0.52210000
vn 0.63760000 -0.36950000 -0.67600000
vn 0.25430000 -0.90980000 -0.32800000
vn 0.26250000 -0.91180000 -0.31580000
vn 0.52240000 -0.69620000 -0.49240000
vn 0.67030000 -0.37090000 -0.64280000
vn 0.27050000 -0.91390000 -0.30270000
vn 0.54450000 -0.69830000 -0.46470000
vn 0.69850000 -0.37360000 -0.61030000
vn 0.28530000 -0.91490000 -0.28560000
vn 0.56540000 -0.70240000 -0.43230000
vn 0.75380000 -0.37720000 -0.53810000
vn 0.29290000 -0.91960000 -0.26190000
vn 0.58490000 -0.70470000 -0.40170000
vn 0.77780000 -0.37840000 -0.50180000
vn 0.30550000 -0.92100000 -0.24190000
vn 0.60340000 -0.70830000 -0.36650000
vn 0.80230000 -0.38070000 -0.45980000
vn 0.31290000 -0.92460000 -0.21740000
vn 0.61470000 -0.71010000 -0.34330000
vn 0.82300000 -0.38150000 -0.42080000
vn 0.31880000 -0.92620000 -0.20160000
vn 0.62920000 -0.71340000 -0.30850000
vn 0.32460000 -0.92740000 -0.18570000
vn 0.32980000 -0.92870000 -0.16940000
vn 0.64510000 -0.71440000 -0.27100000
vn 0.84920000 -0.38340000 -0.36310000
vn 0.33470000 -0.92990000 -0.15270000
vn 0.65380000 -0.71560000 -0.24580000
vn 0.87090000 -0.38510000 -0.30520000
vn 0.33930000 -0.93080000 -0.13580000
vn 0.66410000 -0.71800000 -0.20860000
vn 0.35080000 -0.92980000 -0.11170000
vn 0.67550000 -0.71790000 -0.16840000
vn 0.88950000 -0.38620000 -0.24410000
vn 0.35060000 -0.93280000 -0.08340000
vn 0.68360000 -0.71810000 -0.13060000
vn 0.90380000 -0.38690000 -0.18280000
vn 0.35940000 -0.93140000 -0.05790000
vn 0.68980000 -0.71860000 -0.08850000
vn 0.91250000 -0.38660000 -0.13360000
vn 0.35820000 -0.93320000 -0.02960000
vn 0.69430000 -0.71790000 -0.04950000
vn 0.91950000 -0.38320000 -0.08790000
vn 0.35970000 -0.93300000 -0.01130000
vn 0.36070000 -0.93260000 0.00710000
vn 0.69650000 -0.71750000 -0.00690000
vn 0.92170000 -0.38590000 -0.03830000
vn 0.36150000 -0.93200000 0.02550000
vn 0.82330000 -0.56750000 0.01120000
vn 0.61210000 -0.79010000 0.03340000
vn 0.96300000 -0.26950000 -0.00860000
vn 0.26970000 -0.96160000 0.05110000
vn 0.09220000 0.02090000 -0.99550000
vn 0.12070000 -0.01070000 -0.99260000
vn 0.15860000 -0.00680000 -0.98730000
vn 0.19860000 0.04280000 -0.97910000
vn 0.24080000 -0.01330000 -0.97050000
vn 0.28590000 0.06490000 -0.95610000
vn -0.00300000 -0.45360000 -0.89120000
vn -0.00060000 -0.00830000 -1.00000000
vn 0.32060000 -0.00430000 -0.94720000
vn 0.37200000 -0.01860000 -0.92800000
vn 0.40740000 -0.01590000 -0.91310000
vn 0.44510000 0.01880000 -0.89530000
vn 0.48000000 -0.00820000 -0.87720000
vn 0.52050000 0.00490000 -0.85380000
vn 0.62250000 -0.03220000 -0.78200000
vn 0.66780000 0.02870000 -0.74380000
vn 0.70500000 0.01600000 -0.70910000
vn -0.00100000 -0.81040000 -0.58590000
vn 0.05940000 -0.92590000 -0.37320000
vn -0.00560000 -0.99560000 -0.09320000
vn 0.02940000 -0.98640000 -0.16140000
vn -0.01620000 -0.99130000 -0.13100000
vn 0.02530000 -0.98440000 -0.17390000
vn -0.00480000 -0.99600000 -0.08950000
vn 0.01590000 -0.99100000 -0.13320000
vn -0.00540000 -0.99260000 -0.12110000
vn -0.01470000 -0.99580000 -0.09030000
vn 0.74290000 -0.01640000 -0.66920000
vn 0.77620000 0.00060000 -0.63050000
vn 0.72770000 -0.37390000 -0.57500000
vn 0.80960000 -0.01730000 -0.58680000
vn 0.83950000 0.01920000 -0.54300000
vn 0.86010000 -0.00170000 -0.51020000
vn 0.87740000 0.04140000 -0.47800000
vn 0.89580000 -0.01190000 -0.44420000
vn 0.91510000 -0.00520000 -0.40310000
vn 0.92860000 0.00400000 -0.37100000
vn 0.94200000 0.00710000 -0.33570000
vn 0.95770000 -0.00870000 -0.28750000
vn 0.97040000 -0.00830000 -0.24130000
vn 0.97940000 -0.00970000 -0.20160000
vn 0.98640000 -0.02110000 -0.16290000
vn 0.99280000 -0.03860000 -0.11360000
vn 0.99740000 0.02750000 -0.06690000
vn 0.85660000 -0.51450000 0.03770000
vn 1.00000000 -0.00910000 0.00000000
vn 0.00550000 -0.99570000 -0.09290000
vn -0.04000000 -0.99620000 -0.07800000
vn -0.01720000 -0.99880000 -0.04670000
vn 0.00110000 -0.99600000 -0.08940000
vn 0.03370000 -0.99720000 -0.06700000
vn 0.02160000 -0.99870000 -0.04630000
vn 0.01380000 -0.99930000 -0.03550000
vn 0.00690000 -0.99760000 -0.06860000
vn 0.01720000 -0.99970000 -0.01820000
vn 0.04320000 -0.99900000 -0.01180000
vn 0.02810000 -0.99960000 0.00720000
vn 0.00940000 -0.99960000 0.02820000
vn 0.49140000 -0.86880000 0.06140000
vn -0.01020000 -0.99890000 0.04640000
vn -0.01210000 -0.99910000 0.04020000
vn -0.03140000 -0.99710000 0.06950000
vn 0.77340000 -0.56940000 0.27860000
vn 0.95670000 -0.25690000 0.13710000
vn 0.91490000 -0.34460000 0.21050000
vn 0.68840000 -0.64230000 0.33690000
vn 0.54120000 -0.75750000 0.36520000
vn 0.35730000 -0.83890000 0.41060000
vn 0.25060000 -0.87500000 0.41420000
vn 0.68290000 -0.63850000 0.35480000
vn 0.90780000 -0.33980000 0.24560000
vn 0.35420000 -0.83590000 0.41930000
vn 0.67710000 -0.63480000 0.37230000
vn 0.35110000 -0.83280000 0.42790000
vn 0.66370000 -0.63260000 0.39900000
vn 0.89250000 -0.33950000 0.29680000
vn 0.35430000 -0.82470000 0.44080000
vn 0.65640000 -0.62430000 0.42350000
vn 0.87750000 -0.33400000 0.34410000
vn 0.33990000 -0.82430000 0.45280000
vn 0.64870000 -0.62100000 0.44000000
vn 0.33570000 -0.82150000 0.46090000
vn 0.64050000 -0.61780000 0.45620000
vn 0.86360000 -0.33050000 0.38080000
vn 0.33110000 -0.81900000 0.46860000
vn 0.62950000 -0.61090000 0.48020000
vn 0.84930000 -0.32740000 0.41420000
vn 0.32620000 -0.81640000 0.47640000
vn 0.29560000 -0.82240000 0.48610000
vn 0.61350000 -0.60840000 0.50350000
vn 0.83650000 -0.30210000 0.45720000
vn 0.59870000 -0.60910000 0.52020000
vn 0.57720000 -0.61070000 0.54210000
vn 0.80360000 -0.31810000 0.50310000
vn 0.25610000 -0.82980000 0.49580000
vn 0.55830000 -0.61070000 0.56150000
vn 0.78120000 -0.31800000 0.53730000
vn 0.55080000 -0.59450000 0.58590000
vn 0.75970000 -0.31760000 0.56750000
vn 0.53700000 -0.58860000 0.60430000
vn 0.73660000 -0.31420000 0.59890000
vn 0.52330000 -0.57930000 0.62500000
vn 0.71280000 -0.31320000 0.62760000
vn 0.49910000 -0.58150000 0.64250000
vn 0.68790000 -0.30990000 0.65630000
vn 0.47840000 -0.57970000 0.65960000
vn 0.66460000 -0.30760000 0.68090000
vn 0.24070000 -0.80180000 0.54690000
vn 0.45840000 -0.57510000 0.67760000
vn 0.65390000 -0.27030000 0.70670000
vn 0.21190000 -0.79620000 0.56670000
vn 0.44420000 -0.57290000 0.68880000
vn 0.63660000 -0.26190000 0.72540000
vn 0.42470000 -0.57540000 0.69890000
vn 0.60800000 -0.27040000 0.74650000
vn 0.41470000 -0.56890000 0.71020000
vn 0.58730000 -0.27210000 0.76220000
vn 0.18040000 -0.80310000 0.56790000
vn 0.39770000 -0.56830000 0.72030000
vn 0.56640000 -0.26750000 0.77950000
vn 0.38420000 -0.56520000 0.73000000
vn 0.54520000 -0.26490000 0.79540000
vn 0.19650000 -0.77540000 0.60010000
vn 0.36880000 -0.56360000 0.73910000
vn 0.52300000 -0.26920000 0.80870000
vn 0.18910000 -0.77350000 0.60500000
vn 0.34850000 -0.56660000 0.74670000
vn 0.50760000 -0.25660000 0.82250000
vn 0.33680000 -0.56040000 0.75660000
vn 0.47710000 -0.25700000 0.84040000
vn 0.14880000 -0.79440000 0.58890000
vn 0.31650000 -0.56370000 0.76290000
vn 0.30410000 -0.55780000 0.77230000
vn 0.44210000 -0.25810000 0.85900000
vn 0.13190000 -0.79530000 0.59170000
vn 0.27220000 -0.58490000 0.76410000
vn 0.41520000 -0.25920000 0.87200000
vn 0.25700000 -0.58430000 0.76980000
vn 0.38920000 -0.25870000 0.88410000
vn 0.20070000 -0.55100000 0.81000000
vn 0.20060000 -0.59150000 0.78090000
vn 0.30360000 -0.22710000 0.92530000
vn 0.08710000 -0.78830000 0.60910000
vn 0.18000000 -0.55420000 0.81270000
vn 0.27120000 -0.25170000 0.92900000
vn 0.16500000 -0.54940000 0.81910000
vn 0.24440000 -0.24460000 0.93830000
vn 0.07410000 -0.78420000 0.61610000
vn 0.13810000 -0.57550000 0.80600000
vn 0.21460000 -0.25700000 0.94230000
vn 0.12360000 -0.56930000 0.81280000
vn 0.19120000 -0.24750000 0.94980000
vn 0.08920000 -0.56770000 0.81840000
vn 0.14540000 -0.33570000 0.93070000
vn 0.14550000 -0.33580000 0.93060000
vn 0.12980000 -0.26190000 0.95630000
vn 0.07120000 -0.57230000 0.81690000
vn 0.10990000 -0.24110000 0.96430000
vn 0.05590000 -0.54660000 0.83550000
vn 0.08420000 -0.25250000 0.96390000
vn 0.03740000 -0.54640000 0.83670000
vn 0.05620000 -0.25030000 0.96650000
vn 0.01500000 -0.78000000 0.62560000
vn 0.02540000 -0.77600000 0.63020000
vn 0.02190000 -0.29900000 0.95400000
vn 0.01430000 -0.61500000 0.78840000
vn 0.00510000 -0.81410000 0.58070000
vn 0.99070000 0.01190000 0.13580000
vn 0.98060000 -0.02080000 0.19490000
vn 0.99360000 -0.00880000 0.11230000
vn 0.99840000 0.02160000 0.05150000
vn 0.97430000 -0.00490000 0.22520000
vn 0.96320000 0.00220000 0.26890000
vn 0.95210000 -0.00310000 0.30590000
vn 0.94420000 0.00050000 0.32920000
vn 0.99990000 -0.01040000 -0.00330000
vn 0.86300000 -0.46040000 0.20810000
vn 0.86540000 0.02520000 0.50050000
vn 0.83700000 -0.00980000 0.54710000
vn 0.88040000 0.00210000 0.47430000
vn 0.90400000 0.01200000 0.42730000
vn 0.82640000 0.01300000 0.56290000
vn 0.80230000 0.00400000 0.59700000
vn 0.76860000 -0.01890000 0.63950000
vn 0.92040000 -0.00100000 0.39090000
vn 0.49400000 -0.78940000 0.36440000
vn 0.01270000 -0.90620000 0.42270000
vn 0.04250000 -0.90330000 0.42690000
vn -0.00440000 -0.90650000 0.42210000
vn -0.00420000 -0.89800000 0.44000000
vn 0.10860000 -0.89050000 0.44180000
vn 0.20470000 -0.85330000 0.47960000
vn -0.00140000 -0.00910000 1.00000000
vn -0.00360000 -0.30850000 0.95120000
vn 0.00220000 -0.89050000 0.45500000
vn 0.09560000 -0.83730000 0.53840000
vn 0.00080000 -0.75200000 0.65920000
vn 0.00170000 -0.90050000 0.43490000
vn 0.05540000 -0.83220000 0.55180000
vn 0.71080000 -0.64380000 0.28320000
vn 0.71140000 -0.63920000 0.29210000
vn 0.49520000 -0.78830000 0.36510000
vn 0.37780000 -0.84640000 0.37540000
vn 0.85940000 -0.46470000 0.21330000
vn 0.92930000 -0.33890000 0.14660000
vn 0.95710000 -0.26470000 0.11770000
vn 0.71110000 -0.64800000 0.27290000
vn 0.37780000 -0.85250000 0.36130000
vn 0.92920000 -0.34120000 0.14180000
vn 0.71100000 -0.65300000 0.26080000
vn 0.37820000 -0.85880000 0.34570000
vn 0.92780000 -0.34710000 0.13660000
vn 0.71140000 -0.65820000 0.24640000
vn 0.37800000 -0.86540000 0.32880000
vn 0.92920000 -0.34590000 0.12990000
vn 0.92970000 -0.34680000 0.12430000
vn 0.71150000 -0.66220000 0.23500000
vn 0.37810000 -0.87160000 0.31220000
vn 0.71130000 -0.66630000 0.22380000
vn 0.92910000 -0.35030000 0.11820000
vn 0.93030000 -0.34950000 0.11130000
vn 0.71140000 -0.67000000 0.21190000
vn 0.37830000 -0.88160000 0.28240000
vn 0.71130000 -0.67340000 0.20160000
vn 0.92910000 -0.35470000 0.10490000
vn 0.71140000 -0.67620000 0.19150000
vn 0.37780000 -0.88760000 0.26360000
vn 0.92890000 -0.35670000 0.09940000
vn 0.71150000 -0.67890000 0.18120000
vn 0.37770000 -0.89270000 0.24600000
vn 0.92900000 -0.35800000 0.09430000
vn 0.71140000 -0.68250000 0.16760000
vn 0.37660000 -0.89850000 0.22570000
vn 0.92860000 -0.36060000 0.08780000
vn 0.71150000 -0.68530000 0.15520000
vn 0.37790000 -0.90330000 0.20310000
vn 0.92880000 -0.36150000 0.08100000
vn 0.71130000 -0.68830000 0.14210000
vn 0.92900000 -0.36270000 0.07420000
vn 0.71120000 -0.69100000 0.12890000
vn 0.37790000 -0.90990000 0.17130000
vn 0.92900000 -0.36390000 0.06690000
vn 0.71020000 -0.69430000 0.11610000
vn 0.37790000 -0.91320000 0.15240000
vn 0.92900000 -0.36500000 0.06150000
vn 0.92930000 -0.36520000 0.05450000
vn 0.71020000 -0.69700000 0.09910000
vn 0.92910000 -0.36670000 0.04910000
vn 0.71060000 -0.69860000 0.08300000
vn 0.37850000 -0.91640000 0.13000000
vn 0.92790000 -0.37030000 0.04360000
vn 0.71120000 -0.69950000 0.07040000
vn 0.37800000 -0.91930000 0.10940000
vn 0.92900000 -0.36830000 0.03640000
vn 0.71050000 -0.70120000 0.05940000
vn 0.37780000 -0.92120000 0.09310000
vn 0.92900000 -0.36870000 0.03110000
vn 0.49610000 -0.86630000 0.05900000
vn 0.71110000 -0.70130000 0.04940000
vn 0.37760000 -0.92270000 0.07770000
vn 0.85970000 -0.50970000 0.03400000
vn 0.95690000 -0.28970000 0.02050000
vn 0.21970000 -0.88780000 0.40440000
vn -0.01890000 -0.91710000 0.39820000
vn -0.02400000 -0.92380000 0.38220000
vn 0.00540000 -0.92950000 0.36870000
vn -0.02250000 -0.93320000 0.35870000
vn -0.00790000 -0.93920000 0.34340000
vn -0.00110000 -0.90580000 0.42370000
vn -0.01810000 -0.94480000 0.32710000
vn 0.37810000 -0.87660000 0.29780000
vn -0.01010000 -0.94980000 0.31260000
vn 0.00200000 -0.95350000 0.30140000
vn -0.01840000 -0.95700000 0.28960000
vn -0.02190000 -0.96160000 0.27360000
vn -0.02190000 -0.96630000 0.25640000
vn 0.99990000 -0.01510000 0.00320000
vn 1.00000000 0.00000000 -0.00360000
vn 1.00000000 -0.00840000 0.00010000
vn 1.00000000 -0.00790000 -0.00040000
vn 1.00000000 -0.00480000 -0.00150000
vn 1.00000000 0.00170000 -0.00370000
vn 1.00000000 -0.00810000 -0.00030000
vn 0.99970000 -0.02530000 0.00530000
vn 0.99990000 0.01020000 -0.00500000
vn 1.00000000 -0.00420000 -0.00100000
vn 1.00000000 -0.00740000 -0.00070000
vn -0.02210000 -0.97030000 0.24090000
vn -0.00780000 -0.97320000 0.23000000
vn -0.01600000 -0.97590000 0.21760000
vn -0.00350000 -0.97940000 0.20200000
vn 0.37810000 -0.90710000 0.18500000
vn 0.00150000 -0.98310000 0.18300000
vn 0.02020000 -0.98640000 0.16320000
vn -0.02350000 -0.99140000 0.12880000
vn -0.01830000 -0.99380000 0.10950000
vn -0.01500000 -0.98920000 0.14570000
vn -0.02710000 -0.99550000 0.09120000
vn 0.19000000 -0.97920000 0.07160000
vn -0.02400000 -0.99740000 0.06820000
vn 0.99990000 -0.01050000 0.00050000
vn 1.00000000 -0.00770000 -0.00020000
vn 0.99960000 0.02900000 -0.00650000
vn 1.00000000 0.00210000 -0.00180000
vn 1.00000000 -0.00860000 -0.00030000
vn 1.00000000 0.00040000 -0.00140000
vn 1.00000000 0.00070000 -0.00110000
vn 0.99980000 -0.01800000 0.00040000
vn 1.00000000 -0.00800000 -0.00010000
vn 1.00000000 -0.00850000 0.00000000
vn 0.69710000 -0.65100000 0.30060000
vn 0.91680000 -0.36330000 0.16560000
vn 0.86350000 -0.45840000 0.21020000
vn 0.91700000 -0.36290000 0.16560000
vn 0.69810000 -0.65000000 0.30030000
vn 0.85630000 -0.46940000 0.21540000
vn 0.37640000 -0.84020000 0.39030000
vn 0.49550000 -0.78800000 0.36540000
vn 0.37660000 -0.84010000 0.39040000
vn 0.49210000 -0.78970000 0.36630000
vn 1.00000000 -0.00700000 -0.00080000
vn 1.00000000 -0.00920000 0.00020000
vn 0.97850000 -0.18870000 0.08390000
vn 0.97860000 -0.18820000 0.08390000
vn 0.19080000 -0.88990000 0.41430000
vn -0.00040000 -0.90630000 0.42270000
vn 0.00080000 -0.90630000 0.42260000
vn 0.19090000 -0.88990000 0.41430000
vn -0.00000000 -0.68210000 0.73130000
vn 0.00000000 -0.90630000 0.42260000
vn 0.00000000 -0.90630000 0.42260000
vn -0.14760000 -0.69490000 0.70380000
vn 0.00000000 -0.90630000 0.42270000
vn 0.00000000 -0.90630000 0.42260000
vn 0.00000000 -0.90630000 0.42260000
vn -0.26740000 -0.72960000 0.62950000
vn 0.00000000 -0.90630000 0.42260000
vn 0.00000000 -0.90630000 0.42260000
vn -0.21190000 -0.70990000 0.67170000
vn -0.10540000 -0.34540000 0.93250000
vn -0.48100000 -0.42180000 0.76860000
vn -0.30680000 -0.37160000 0.87620000
vn 0.00000000 -0.90630000 0.42270000
vn 0.00000000 -0.90630000 0.42260000
vn -0.31290000 -0.75340000 0.57830000
vn -0.34670000 -0.78050000 0.52020000
vn -0.61240000 -0.49150000 0.61930000
vn 0.00000000 -0.90630000 0.42260000
vn -0.55280000 -0.45450000 0.69840000
vn -0.36750000 -0.80990000 0.45730000
vn 0.00000000 -0.90630000 0.42260000
vn -0.37450000 -0.84030000 0.39190000
vn 0.00000000 -0.90630000 0.42260000
vn 0.00000000 -0.90630000 0.42260000
vn 0.00000000 -0.90630000 0.42260000
vn -0.34410000 -0.90280000 0.25800000
vn 0.00000000 -0.90630000 0.42260000
vn -0.36660000 -0.87270000 0.32250000
vn 0.00000000 -0.90630000 0.42260000
vn -0.30880000 -0.92990000 0.19980000
vn 0.00000000 -0.90630000 0.42260000
vn 0.00000000 -0.90630000 0.42260000
vn 0.00000000 -0.90630000 0.42260000
vn -0.20570000 -0.97260000 0.10830000
vn -0.26220000 -0.95340000 0.14960000
vn 0.00000000 -0.90630000 0.42270000
vn 0.00000000 -0.90630000 0.42260000
vn -0.07220000 -0.99570000 0.05880000
vn 0.00000000 -0.90630000 0.42260000
vn -0.14160000 -0.98690000 0.07760000
vn 0.00000000 -0.99860000 0.05250000
vn -0.68940000 -0.57440000 0.44140000
vn -0.00000000 -0.34200000 0.93970000
vn -0.70510000 -0.66320000 0.25090000
vn -0.20840000 -0.35530000 0.91120000
vn -0.70510000 -0.61850000 0.34670000
vn -0.65820000 -0.75000000 0.06470000
vn -0.68940000 -0.70730000 0.15620000
vn -0.61240000 -0.79030000 -0.02160000
vn -0.55280000 -0.82720000 -0.10070000
vn -0.30680000 -0.91010000 -0.27860000
vn -0.48100000 -0.85990000 -0.17090000
vn -0.20840000 -0.92640000 -0.31360000
vn 0.00000000 -0.93970000 -0.34210000
vn -0.10540000 -0.93630000 -0.33490000
vn 0.07660000 -0.99530000 0.05960000
vn 0.00000000 -0.90630000 0.42270000
vn 0.00000000 -0.90630000 0.42260000
vn 0.14770000 -0.98580000 0.07990000
vn 0.00000000 -0.90630000 0.42260000
vn 0.21190000 -0.97090000 0.11200000
vn 0.00000000 -0.90630000 0.42260000
vn 0.00000000 -0.90630000 0.42260000
vn 0.00000000 -0.90630000 0.42260000
vn 0.00000000 -0.90630000 0.42260000
vn 0.31290000 -0.92730000 0.20540000
vn 0.26740000 -0.95120000 0.15430000
vn 0.10540000 -0.93630000 -0.33490000
vn 0.30680000 -0.91010000 -0.27860000
vn 0.20840000 -0.92640000 -0.31360000
vn 0.34670000 -0.90020000 0.26350000
vn 0.61240000 -0.79030000 -0.02160000
vn 0.00000000 -0.90630000 0.42260000
vn 0.00000000 -0.90630000 0.42260000
vn 0.55280000 -0.82720000 -0.10070000
vn 0.48100000 -0.85990000 -0.17090000
vn 0.36750000 -0.87080000 0.32650000
vn 0.00000000 -0.90630000 0.42260000
vn 0.37450000 -0.84030000 0.39190000
vn 0.00000000 -0.90630000 0.42260000
vn 0.00000000 -0.90630000 0.42260000
vn 0.00000000 -0.90630000 0.42260000
vn 0.34410000 -0.77800000 0.52570000
vn 0.00000000 -0.90630000 0.42260000
vn 0.36660000 -0.80800000 0.46130000
vn 0.00000000 -0.90630000 0.42260000
vn 0.30880000 -0.75080000 0.58390000
vn 0.00000000 -0.90630000 0.42260000
vn 0.00000000 -0.90630000 0.42260000
vn 0.00000000 -0.90630000 0.42260000
vn 0.20580000 -0.70810000 0.67550000
vn 0.26220000 -0.72740000 0.63420000
vn 0.00000000 -0.90630000 0.42260000
vn 0.00000000 -0.90630000 0.42260000
vn 0.07220000 -0.68510000 0.72490000
vn 0.00000000 -0.90630000 0.42260000
vn 0.14160000 -0.69380000 0.70610000
vn 0.00000000 -0.90630000 0.42260000
vn -0.00000000 -0.68210000 0.73130000
vn 0.68940000 -0.70730000 0.15620000
vn 0.70510000 -0.61850000 0.34670000
vn 0.70510000 -0.66320000 0.25090000
vn 0.65820000 -0.53170000 0.53300000
vn 0.68940000 -0.57440000 0.44140000
vn 0.61240000 -0.49150000 0.61930000
vn 0.55280000 -0.45460000 0.69840000
vn 0.30680000 -0.37160000 0.87620000
vn 0.10540000 -0.34540000 0.93250000
vn 0.20840000 -0.35530000 0.91120000
vn 0.48100000 -0.42180000 0.76860000
vn 0.94420000 0.29950000 -0.13680000
vn 0.95080000 0.29950000 -0.07950000
vn 0.98040000 0.14320000 -0.13530000
vn 0.79900000 0.58740000 -0.12900000
vn 0.80470000 0.58740000 -0.08590000
vn 0.88410000 0.44750000 -0.13470000
vn 0.89030000 0.44750000 -0.08370000
vn 0.58110000 0.80650000 -0.10890000
vn 0.58530000 0.80650000 -0.08350000
vn 0.69850000 0.70540000 -0.12040000
vn 0.70350000 0.70550000 -0.08570000
vn 0.29400000 0.95270000 -0.07670000
vn 0.29620000 0.95240000 -0.07250000
vn 0.44150000 0.89230000 -0.09380000
vn 0.44470000 0.89220000 -0.07900000
vn 0.14500000 0.98770000 -0.05840000
vn 0.14610000 0.98720000 -0.06450000
vn 0.92070000 0.30020000 -0.24940000
vn 0.77950000 0.58870000 -0.21410000
vn 0.56700000 0.80820000 -0.15900000
vn 0.28690000 0.95420000 -0.08510000
vn 0.74900000 0.59190000 -0.29770000
vn 0.88300000 0.30190000 -0.35940000
vn 0.54540000 0.81180000 -0.20860000
vn 0.27600000 0.95660000 -0.09380000
vn 0.70740000 0.59680000 -0.37860000
vn 0.83140000 0.30450000 -0.46490000
vn 0.51590000 0.81720000 -0.25700000
vn 0.26110000 0.95980000 -0.10270000
vn 0.65460000 0.60300000 -0.45590000
vn 0.47830000 0.82400000 -0.30380000
vn 0.24220000 0.96370000 -0.11200000
vn 0.59040000 0.61020000 -0.52830000
vn 0.76620000 0.30780000 -0.56410000
vn 0.43240000 0.83170000 -0.34810000
vn 0.21900000 0.96820000 -0.12130000
vn 0.51460000 0.61790000 -0.59450000
vn 0.68780000 0.31170000 -0.65560000
vn 0.37790000 0.84000000 -0.38940000
vn 0.19150000 0.97280000 -0.13050000
vn 0.42790000 0.62550000 -0.65250000
vn 0.59650000 0.31570000 -0.73790000
vn 0.31490000 0.84820000 -0.42580000
vn 0.15960000 0.97730000 -0.13910000
vn 0.33190000 0.63230000 -0.70000000
vn 0.49350000 0.31980000 -0.80880000
vn 0.24480000 0.85550000 -0.45620000
vn 0.12410000 0.98140000 -0.14660000
vn 0.22870000 0.63780000 -0.73540000
vn 0.38110000 0.32350000 -0.86610000
vn 0.16900000 0.86140000 -0.47900000
vn 0.08570000 0.98460000 -0.15240000
vn 0.12990000 0.49030000 -0.86180000
vn 0.11920000 0.64130000 -0.75800000
vn 0.26180000 0.32640000 -0.90830000
vn 0.13610000 0.32830000 -0.93470000
vn 0.10530000 0.76500000 -0.63540000
vn 0.08810000 0.86520000 -0.49360000
vn 0.06720000 0.94250000 -0.32750000
vn 0.04470000 0.98670000 -0.15630000
vn 0.06820000 0.32880000 -0.94190000
vn 0.13800000 0.15680000 -0.97790000
vn 0.05970000 0.64230000 -0.76410000
vn 0.06510000 0.49110000 -0.86870000
vn 0.04420000 0.86630000 -0.49750000
vn 0.05280000 0.76610000 -0.64060000
vn 0.02250000 0.98730000 -0.15730000
vn 0.03370000 0.94340000 -0.33000000
vn 0.01110000 0.99990000 0.01190000
vn 0.02190000 0.99970000 0.01160000
vn 0.98700000 0.14320000 -0.07330000
vn 1.00000000 -0.00870000 -0.00000000
vn 0.99880000 -0.00870000 -0.04910000
vn 0.99480000 -0.01690000 -0.10030000
vn 0.97980000 -0.01760000 -0.19940000
vn 0.92640000 0.37560000 -0.02750000
vn 0.95700000 -0.00880000 -0.29000000
vn 0.94150000 -0.00870000 -0.33700000
vn 0.92370000 -0.00880000 -0.38300000
vn 0.88180000 -0.00870000 -0.47150000
vn 0.83160000 -0.00870000 -0.55540000
vn 0.80320000 -0.00880000 -0.59560000
vn 0.77290000 -0.00880000 -0.63450000
vn 0.70710000 -0.00870000 -0.70710000
vn 0.63480000 -0.00870000 -0.77260000
vn 0.71020000 0.70220000 -0.05070000
vn 0.38470000 0.92070000 -0.06620000
vn 0.00000000 0.99740000 -0.07140000
vn -0.00000000 0.99890000 -0.04740000
vn -0.00000000 0.99970000 -0.02370000
vn 0.00000000 1.00000000 -0.00040000
vn -0.00260000 0.99900000 0.04500000
vn -0.00000000 0.99790000 0.06420000
vn -0.00000000 0.99650000 0.08340000
vn -0.00130000 0.99970000 0.02260000
vn -0.00000000 0.99490000 0.10100000
vn 0.59610000 -0.00870000 -0.80280000
vn 0.55610000 -0.00870000 -0.83110000
vn 0.51440000 -0.00870000 -0.85750000
vn 0.47170000 -0.00870000 -0.88170000
vn 0.29150000 -0.00870000 -0.95650000
vn 0.24400000 -0.00870000 -0.96970000
vn 0.19590000 -0.00870000 -0.98060000
vn 0.14750000 -0.00870000 -0.98900000
vn 0.06910000 0.15710000 -0.98520000
vn 0.09850000 -0.00880000 -0.99510000
vn 0.04920000 -0.00880000 -0.99870000
vn -0.00000000 -0.00870000 -1.00000000
vn 0.00000000 0.41650000 -0.90920000
vn 0.00000000 0.99140000 0.13090000
vn -0.00090000 0.98790000 0.15520000
vn 0.00000000 0.98970000 0.14300000
vn -0.00000000 0.98700000 0.16100000
vn 0.00000000 0.99310000 0.11680000
vn -0.00000000 0.98600000 0.16680000
vn 0.00000000 0.76250000 -0.64700000
vn 0.00000000 0.96500000 -0.26230000
vn -0.00000000 0.98540000 0.17020000
vn 0.00000000 0.98520000 0.17140000
vn 0.92730000 0.34410000 -0.14710000
vn 0.92730000 0.34100000 -0.15420000
vn 0.98350000 0.16560000 -0.07270000
vn 0.70250000 0.65580000 -0.27650000
vn 0.70260000 0.64990000 -0.28980000
vn 0.83340000 0.50890000 -0.21570000
vn 0.83330000 0.50450000 -0.22600000
vn 0.36510000 0.85860000 -0.36000000
vn 0.36500000 0.85110000 -0.37740000
vn 0.54310000 0.77410000 -0.32540000
vn 0.54310000 0.76730000 -0.34110000
vn 0.18040000 0.90730000 -0.37970000
vn 0.18040000 0.89940000 -0.39810000
vn 0.92740000 0.34970000 -0.13280000
vn 0.70250000 0.66650000 -0.24950000
vn 0.36510000 0.87250000 -0.32490000
vn 0.70260000 0.67600000 -0.22210000
vn 0.92740000 0.35490000 -0.11820000
vn 0.36510000 0.88490000 -0.28920000
vn 0.70260000 0.68450000 -0.19430000
vn 0.36510000 0.89590000 -0.25290000
vn 0.70270000 0.69180000 -0.16610000
vn 0.92750000 0.36330000 -0.08840000
vn 0.36520000 0.90550000 -0.21620000
vn 0.70270000 0.69800000 -0.13770000
vn 0.92750000 0.36660000 -0.07330000
vn 0.36520000 0.91350000 -0.17920000
vn 0.70270000 0.70310000 -0.10900000
vn 0.92750000 0.36930000 -0.05800000
vn 0.36520000 0.92010000 -0.14200000
vn 0.83360000 0.54890000 -0.06270000
vn 0.70270000 0.70690000 -0.08030000
vn 0.92760000 0.37120000 -0.04280000
vn 0.54330000 0.83420000 -0.09440000
vn 0.36520000 0.92510000 -0.10450000
vn 0.92760000 0.37200000 -0.03500000
vn 0.98360000 0.17890000 -0.02110000
vn 0.70270000 0.70840000 -0.06580000
vn 0.83350000 0.55010000 -0.05140000
vn 0.36530000 0.92700000 -0.08560000
vn 0.54330000 0.83600000 -0.07740000
vn 0.18040000 0.97940000 -0.09030000
vn 0.18050000 0.97740000 -0.11020000
vn 0.92790000 0.33640000 -0.16080000
vn 1.00000000 -0.00870000 -0.00000000
vn 0.98350000 0.16400000 -0.07620000
vn 1.00000000 -0.00870000 -0.00000000
vn 1.00000000 -0.00870000 -0.00000000
vn 0.70990000 0.63720000 -0.30000000
vn 1.00000000 -0.00890000 0.00010000
vn 1.00000000 -0.00890000 0.00010000
vn 1.00000000 -0.00890000 0.00010000
vn 1.00000000 -0.00880000 0.00000000
vn 0.92740000 0.35950000 -0.10340000
vn 1.00000000 -0.00880000 0.00000000
vn 0.38450000 0.83600000 -0.39140000
vn 0.00000000 0.91570000 -0.40190000
vn 0.00000000 0.90630000 -0.42260000
vn 0.00000000 0.93300000 -0.35980000
vn -0.00000000 0.92460000 -0.38100000
vn 0.00000000 0.94100000 -0.33850000
vn 0.00000000 0.95540000 -0.29520000
vn -0.00000000 0.96790000 -0.25120000
vn 0.00000000 0.96190000 -0.27330000
vn -0.00010000 0.94840000 -0.31710000
vn 1.00000000 -0.00880000 0.00000000
vn 1.00000000 -0.00890000 0.00000000
vn 1.00000000 -0.00880000 0.00000000
vn 1.00000000 -0.00890000 0.00000000
vn 1.00000000 -0.00880000 0.00000000
vn 1.00000000 -0.00870000 -0.00000000
vn 1.00000000 -0.00870000 -0.00000000
vn 1.00000000 -0.00890000 0.00000000
vn 0.98360000 0.17930000 -0.01730000
vn 1.00000000 -0.00860000 0.00000000
vn 0.92630000 0.37570000 -0.02750000
vn 0.71020000 0.70220000 -0.05070000
vn 0.00000000 0.97340000 -0.22890000
vn 0.00010000 0.97840000 -0.20670000
vn -0.00000000 0.98680000 -0.16180000
vn -0.00000000 0.98290000 -0.18420000
vn 0.00000000 0.99030000 -0.13930000
vn -0.00000000 0.99320000 -0.11670000
vn 0.38470000 0.92070000 -0.06620000
vn -0.00080000 0.99560000 -0.09360000
vn 0.00000000 0.99740000 -0.07140000
vn 0.88440000 0.42160000 -0.20010000
vn 0.80450000 0.53710000 -0.25370000
vn 0.80450000 0.53700000 -0.25370000
vn 0.94930000 0.28340000 -0.13600000
vn 0.92800000 0.33610000 -0.16050000
vn 0.80450000 0.53700000 -0.25370000
vn 0.94930000 0.28340000 -0.13600000
vn 0.88440000 0.42150000 -0.20010000
vn 0.92820000 0.33580000 -0.16040000
vn 0.80450000 0.53700000 -0.25370000
vn 0.70140000 0.64490000 -0.30360000
vn 0.58370000 0.73500000 -0.34510000
vn 0.58370000 0.73500000 -0.34510000
vn 0.58370000 0.73500000 -0.34510000
vn 0.70140000 0.64490000 -0.30360000
vn 0.58360000 0.73500000 -0.34510000
vn 0.45720000 0.80530000 -0.37740000
vn 0.30660000 0.86220000 -0.40330000
vn 0.30660000 0.86220000 -0.40330000
vn 0.30660000 0.86220000 -0.40330000
vn 0.45720000 0.80530000 -0.37740000
vn 0.30660000 0.86220000 -0.40330000
vn 0.15340000 0.89540000 -0.41810000
vn 0.98830000 0.13670000 -0.06780000
vn 1.00000000 -0.00870000 -0.00000000
vn 1.00000000 -0.00870000 -0.00000000
vn 0.70990000 0.63720000 -0.30010000
vn 1.00000000 -0.00870000 -0.00000000
vn 0.98830000 0.13680000 -0.06780000
vn 1.00000000 -0.00870000 -0.00000000
vn 0.70990000 0.63720000 -0.30000000
vn 0.38450000 0.83600000 -0.39140000
vn 0.15340000 0.89530000 -0.41820000
vn 0.00000000 0.90630000 -0.42260000
vn 0.00000000 0.90630000 -0.42260000
vn 0.38450000 0.83600000 -0.39140000
vn 0.00000000 0.90630000 -0.42260000
vn 0.00000000 0.90630000 -0.42260000
vn 0.27140000 0.60970000 0.74470000
vn 0.13530000 0.61580000 0.77620000
vn 0.27790000 0.30750000 0.91010000
vn 0.23480000 0.83240000 0.50200000
vn 0.11730000 0.84000000 0.52980000
vn 0.17230000 0.96380000 0.20370000
vn 0.08610000 0.97080000 0.22390000
vn 0.09060000 0.98890000 -0.11760000
vn 0.04530000 0.99320000 -0.10730000
vn 0.38900000 0.60090000 0.69830000
vn 0.40000000 0.30300000 0.86500000
vn 0.33560000 0.82140000 0.46120000
vn 0.24600000 0.95350000 0.17410000
vn 0.12940000 0.98270000 -0.13270000
vn 0.50020000 0.58900000 0.63470000
vn 0.51750000 0.29700000 0.80250000
vn 0.43000000 0.80650000 0.40570000
vn 0.31460000 0.93970000 0.13380000
vn 0.16550000 0.97420000 -0.15330000
vn 0.59800000 0.57520000 0.55810000
vn 0.62340000 0.29000000 0.72620000
vn 0.51190000 0.78920000 0.33940000
vn 0.37390000 0.92350000 0.08600000
vn 0.19670000 0.96420000 -0.17780000
vn 0.68080000 0.56000000 0.47210000
vn 0.71550000 0.28230000 0.63900000
vn 0.58000000 0.77010000 0.26560000
vn 0.42270000 0.90570000 0.03290000
vn 0.22240000 0.95320000 -0.20490000
vn 0.74890000 0.54400000 0.37850000
vn 0.79410000 0.27400000 0.54250000
vn 0.63470000 0.75010000 0.18600000
vn 0.46140000 0.88690000 -0.02400000
vn 0.24290000 0.94140000 -0.23400000
vn 0.80120000 0.52810000 0.28140000
vn 0.85740000 0.26580000 0.44060000
vn 0.67540000 0.73010000 0.10430000
vn 0.48970000 0.86800000 -0.08230000
vn 0.25780000 0.92950000 -0.26370000
vn 0.83940000 0.51250000 0.18110000
vn 0.90670000 0.25810000 0.33350000
vn 0.70360000 0.71030000 0.02090000
vn 0.50900000 0.84910000 -0.14120000
vn 0.26800000 0.91760000 -0.29370000
vn 0.86420000 0.49690000 0.07900000
vn 0.94240000 0.25020000 0.22220000
vn 0.72040000 0.69070000 -0.06300000
vn 0.51980000 0.83050000 -0.20030000
vn 0.27380000 0.90560000 -0.32390000
vn 0.87570000 0.48240000 -0.02130000
vn 0.96370000 0.24280000 0.11090000
vn 0.72610000 0.67220000 -0.14460000
vn 0.52260000 0.81280000 -0.25750000
vn 0.27520000 0.89420000 -0.35300000
vn 0.93330000 0.35410000 -0.05950000
vn 0.87520000 0.46880000 -0.11960000
vn 0.97180000 0.23590000 0.00000000
vn 0.80580000 0.56640000 -0.17290000
vn 0.72180000 0.65500000 -0.22370000
vn 0.51820000 0.79610000 -0.31260000
vn 0.39750000 0.84800000 -0.35050000
vn 0.27300000 0.88340000 -0.38100000
vn 0.97100000 0.23260000 -0.05540000
vn 0.99710000 0.07560000 0.01210000
vn 0.83570000 0.51450000 -0.19210000
vn 0.93040000 0.34910000 -0.11200000
vn 0.71620000 0.64670000 -0.26240000
vn 0.32040000 0.86500000 -0.38620000
vn 0.51350000 0.78810000 -0.33940000
vn 0.09900000 0.90420000 -0.41550000
vn 0.09590000 0.90610000 -0.41210000
vn 0.25270000 -0.00720000 0.96750000
vn 0.20200000 -0.00570000 0.97940000
vn 0.34960000 -0.00880000 0.93680000
vn 0.30130000 -0.00870000 0.95350000
vn 0.39690000 -0.00880000 0.91780000
vn 0.05130000 -0.00510000 0.99870000
vn 0.13810000 0.31060000 0.94050000
vn -0.00010000 0.47620000 0.87930000
vn -0.00000000 -0.00870000 1.00000000
vn 0.10270000 -0.00460000 0.99470000
vn 0.15230000 -0.00320000 0.98830000
vn 0.44140000 -0.00650000 0.89730000
vn 0.56730000 -0.00970000 0.82340000
vn 0.52850000 -0.00350000 0.84890000
vn 0.64500000 -0.01310000 0.76400000
vn 0.68660000 -0.00880000 0.72690000
vn 0.60710000 -0.00580000 0.79460000
vn 0.72170000 -0.00890000 0.69220000
vn 0.48460000 -0.00780000 0.87470000
vn 0.75460000 -0.00880000 0.65610000
vn 0.78540000 -0.00890000 0.61890000
vn 0.00000000 0.99770000 0.06720000
vn -0.00000000 0.84100000 0.54100000
vn 0.00000000 0.90630000 -0.42260000
vn 0.00000000 0.90630000 -0.42260000
vn 0.00000000 0.90630000 -0.42260000
vn 0.00000000 0.90630000 -0.42260000
vn 0.00000000 0.90630000 -0.42260000
vn 0.00000000 0.90630000 -0.42260000
vn 0.00000000 0.90630000 -0.42260000
vn 0.00000000 0.90630000 -0.42260000
vn 0.00000000 0.90630000 -0.42260000
vn 0.00000000 0.90630000 -0.42260000
vn 0.00040000 0.90640000 -0.42230000
vn 0.00020000 0.90630000 -0.42250000
vn 0.00070000 0.90650000 -0.42220000
vn 0.00000000 0.90630000 -0.42260000
vn 0.00000000 0.90630000 -0.42260000
vn 0.00000000 0.90630000 -0.42260000
vn 0.88910000 -0.00870000 0.45760000
vn 0.91010000 -0.00860000 0.41430000
vn 0.92680000 -0.01200000 0.37530000
vn 0.95920000 -0.00420000 0.28260000
vn 0.94390000 -0.00600000 0.33010000
vn 0.97180000 -0.00510000 0.23570000
vn 0.81420000 -0.00890000 0.58050000
vn 0.83740000 -0.00750000 0.54660000
vn 0.86600000 -0.00880000 0.50000000
vn 0.98210000 -0.00520000 0.18810000
vn 0.99190000 0.11170000 0.06020000
vn 0.98980000 -0.00840000 0.14250000
vn 0.99540000 -0.00860000 0.09540000
vn 1.00000000 -0.00870000 -0.00000000
vn 0.92790000 0.33540000 -0.16260000
vn 0.70990000 0.63720000 -0.30000000
vn 0.00060000 0.90640000 -0.42240000
vn 0.00070000 0.90650000 -0.42230000
vn 0.00050000 0.90640000 -0.42250000
vn 0.00080000 0.90640000 -0.42250000
vn 0.00080000 0.90640000 -0.42250000
vn 0.00010000 0.90630000 -0.42260000
vn 0.00040000 0.90640000 -0.42250000
vn 0.00000000 0.90630000 -0.42270000
vn 0.00020000 0.90630000 -0.42250000
vn 0.38450000 0.83600000 -0.39140000
vn 0.00000000 0.90630000 -0.42260000
vn -0.97180000 0.23600000 -0.00020000
vn -0.97100000 0.23250000 -0.05550000
vn -0.99700000 0.07570000 0.01320000
vn -0.87520000 0.46880000 -0.11970000
vn -0.83570000 0.51450000 -0.19210000
vn -0.93030000 0.34910000 -0.11210000
vn -0.93330000 0.35420000 -0.05970000
vn -0.72180000 0.65490000 -0.22380000
vn -0.71620000 0.64670000 -0.26250000
vn -0.27290000 0.88340000 -0.38100000
vn -0.27050000 0.87810000 -0.39470000
vn -0.39390000 0.84110000 -0.37070000
vn -0.39750000 0.84800000 -0.35050000
vn -0.51350000 0.78810000 -0.33950000
vn -0.09400000 0.90620000 -0.41230000
vn -0.09580000 0.90410000 -0.41640000
vn -0.96370000 0.24280000 0.11110000
vn -0.87570000 0.48240000 -0.02110000
vn -0.80580000 0.56640000 -0.17300000
vn -0.72610000 0.67230000 -0.14450000
vn -0.52260000 0.81280000 -0.25740000
vn -0.51820000 0.79610000 -0.31270000
vn -0.27520000 0.89420000 -0.35300000
vn -0.86420000 0.49690000 0.07910000
vn -0.72040000 0.69070000 -0.06290000
vn -0.51980000 0.83050000 -0.20020000
vn -0.27370000 0.90570000 -0.32380000
vn -0.83950000 0.51240000 0.18080000
vn -0.94230000 0.25010000 0.22240000
vn -0.70370000 0.71020000 0.02060000
vn -0.50900000 0.84910000 -0.14150000
vn -0.26800000 0.91750000 -0.29380000
vn -0.80120000 0.52810000 0.28130000
vn -0.90690000 0.25810000 0.33310000
vn -0.67530000 0.73010000 0.10420000
vn -0.48980000 0.86800000 -0.08220000
vn -0.25780000 0.92950000 -0.26370000
vn -0.74860000 0.54410000 0.37890000
vn -0.85740000 0.26590000 0.44060000
vn -0.63450000 0.75010000 0.18640000
vn -0.46120000 0.88700000 -0.02380000
vn -0.24280000 0.94150000 -0.23380000
vn -0.68090000 0.56000000 0.47200000
vn -0.79380000 0.27410000 0.54290000
vn -0.58010000 0.77010000 0.26540000
vn -0.42270000 0.90570000 0.03280000
vn -0.22250000 0.95320000 -0.20490000
vn -0.59790000 0.57520000 0.55830000
vn -0.71560000 0.28230000 0.63890000
vn -0.51180000 0.78920000 0.33950000
vn -0.37380000 0.92350000 0.08600000
vn -0.19670000 0.96420000 -0.17780000
vn -0.50020000 0.58900000 0.63470000
vn -0.62330000 0.29000000 0.72620000
vn -0.43000000 0.80650000 0.40570000
vn -0.31470000 0.93970000 0.13380000
vn -0.16560000 0.97420000 -0.15330000
vn -0.39230000 0.60060000 0.69670000
vn -0.51760000 0.29700000 0.80240000
vn -0.33840000 0.82100000 0.45980000
vn -0.24800000 0.95320000 0.17300000
vn -0.13050000 0.98250000 -0.13330000
vn -0.26630000 0.61000000 0.74630000
vn -0.40350000 0.30290000 0.86340000
vn -0.23040000 0.83280000 0.50340000
vn -0.16900000 0.96410000 0.20470000
vn -0.08890000 0.98910000 -0.11710000
vn -0.13540000 0.61580000 0.77620000
vn -0.27260000 0.30770000 0.91160000
vn -0.11730000 0.84000000 0.52970000
vn -0.08610000 0.97080000 0.22390000
vn -0.04530000 0.99320000 -0.10730000
vn -0.92790000 0.33540000 -0.16260000
vn -1.00000000 -0.00870000 -0.00000000
vn -0.99190000 0.11170000 0.06000000
vn -0.99540000 -0.00860000 0.09490000
vn -0.98780000 -0.02300000 0.15370000
vn -0.70990000 0.63720000 -0.30000000
vn -0.98210000 -0.00860000 0.18830000
vn -0.96000000 -0.00870000 0.28000000
vn -0.97210000 -0.00870000 0.23440000
vn -0.94560000 -0.00890000 0.32510000
vn -0.92910000 -0.00870000 0.36970000
vn -0.91040000 -0.00870000 0.41370000
vn -0.88950000 -0.00870000 0.45680000
vn -0.86660000 -0.00880000 0.49890000
vn -0.84160000 -0.00890000 0.54000000
vn -0.81470000 -0.00890000 0.57970000
vn -0.38450000 0.83600000 -0.39140000
vn 0.00000000 0.90630000 -0.42260000
vn -0.00080000 0.90640000 -0.42250000
vn -0.00080000 0.90640000 -0.42250000
vn -0.00060000 0.90640000 -0.42250000
vn -0.00010000 0.90630000 -0.42260000
vn -0.00070000 0.90650000 -0.42220000
vn -0.00080000 0.90650000 -0.42220000
vn -0.00060000 0.90650000 -0.42230000
vn -0.00020000 0.90630000 -0.42260000
vn 0.00000000 0.90630000 -0.42260000
vn -0.00030000 0.90640000 -0.42250000
vn -0.78600000 -0.00890000 0.61820000
vn -0.68730000 -0.00870000 0.72630000
vn -0.72230000 -0.00880000 0.69160000
vn -0.65060000 -0.00870000 0.75940000
vn -0.57230000 -0.00870000 0.82000000
vn -0.61220000 -0.00880000 0.79070000
vn -0.53080000 -0.00870000 0.84740000
vn -0.75520000 -0.00880000 0.65550000
vn -0.48800000 -0.00870000 0.87280000
vn -0.44370000 -0.00870000 0.89610000
vn -0.39780000 -0.00870000 0.91740000
vn -0.35050000 -0.00870000 0.93650000
vn -0.15090000 -0.00400000 0.98850000
vn -0.10070000 -0.00660000 0.99490000
vn -0.13810000 0.31060000 0.94050000
vn -0.05040000 -0.00590000 0.99870000
vn -0.00000000 -0.00870000 1.00000000
vn 0.00010000 0.47620000 0.87930000
vn -0.19830000 -0.01110000 0.98010000
vn -0.30270000 -0.00870000 0.95310000
vn -0.24800000 -0.00990000 0.96870000
vn -0.00010000 0.90630000 -0.42250000
vn -0.00040000 0.90650000 -0.42230000
vn 0.00000000 0.90630000 -0.42260000
vn 0.00000000 0.90630000 -0.42260000
vn 0.00000000 0.90630000 -0.42260000
vn 0.00000000 0.90630000 -0.42260000
vn 0.00000000 0.90630000 -0.42270000
vn -0.00000000 0.90630000 -0.42250000
vn 0.00000000 0.90630000 -0.42260000
vn 0.00000000 0.90630000 -0.42260000
vn -0.00000000 0.90640000 -0.42250000
vn -0.00000000 0.84100000 0.54100000
vn -0.00010000 0.99770000 0.06730000
vn 0.00000000 0.90630000 -0.42260000
vn 0.00000000 0.90630000 -0.42260000
vn 0.00000000 0.90630000 -0.42260000
vn 0.00000000 0.90630000 -0.42260000
vn -0.88450000 0.42150000 -0.20010000
vn -0.80450000 0.53700000 -0.25370000
vn -0.80450000 0.53700000 -0.25370000
vn -0.94930000 0.28340000 -0.13600000
vn -0.92820000 0.33590000 -0.16040000
vn -0.88450000 0.42150000 -0.20010000
vn -0.92800000 0.33610000 -0.16050000
vn -0.94930000 0.28340000 -0.13600000
vn -0.80450000 0.53700000 -0.25370000
vn -0.80450000 0.53700000 -0.25370000
vn -0.70150000 0.64480000 -0.30360000
vn -0.58360000 0.73500000 -0.34510000
vn -0.58370000 0.73500000 -0.34510000
vn -0.58370000 0.73500000 -0.34520000
vn -0.70150000 0.64480000 -0.30350000
vn -0.58370000 0.73500000 -0.34510000
vn -0.45720000 0.80530000 -0.37740000
vn -0.30660000 0.86220000 -0.40330000
vn -0.30660000 0.86220000 -0.40340000
vn -0.30660000 0.86220000 -0.40320000
vn -0.45720000 0.80530000 -0.37740000
vn -0.30660000 0.86220000 -0.40330000
vn -0.98830000 0.13680000 -0.06780000
vn -1.00000000 -0.00870000 -0.00000000
vn -1.00000000 -0.00870000 -0.00000000
vn -1.00000000 -0.00880000 -0.00000000
vn -0.70990000 0.63720000 -0.30010000
vn -0.98830000 0.13670000 -0.06780000
vn -1.00000000 -0.00870000 -0.00000000
vn -0.70990000 0.63720000 -0.30010000
vn -0.38450000 0.83600000 -0.39140000
vn -0.15340000 0.89540000 -0.41810000
vn 0.00000000 0.90630000 -0.42260000
vn 0.00000000 0.90630000 -0.42260000
vn -0.38450000 0.83600000 -0.39140000
vn -0.15340000 0.89540000 -0.41810000
vn 0.00000000 0.90630000 -0.42260000
vn 0.00000000 0.90630000 -0.42260000
vn -0.92760000 0.37120000 -0.04280000
vn -0.92750000 0.37210000 -0.03500000
vn -0.98360000 0.17900000 -0.02110000
vn -0.70270000 0.70690000 -0.08030000
vn -0.70310000 0.70800000 -0.06580000
vn -0.83360000 0.54890000 -0.06270000
vn -0.83350000 0.55010000 -0.05150000
vn -0.36520000 0.92510000 -0.10450000
vn -0.36530000 0.92690000 -0.08560000
vn -0.54330000 0.83420000 -0.09440000
vn -0.54330000 0.83600000 -0.07740000
vn -0.18050000 0.97740000 -0.11020000
vn -0.18040000 0.97940000 -0.09030000
vn -0.92750000 0.36920000 -0.05810000
vn -0.70270000 0.70310000 -0.10910000
vn -0.36520000 0.92000000 -0.14200000
vn -0.70270000 0.69800000 -0.13770000
vn -0.36520000 0.91350000 -0.17920000
vn -0.70270000 0.69180000 -0.16610000
vn -0.92750000 0.36670000 -0.07330000
vn -0.36510000 0.90550000 -0.21620000
vn -0.70270000 0.68450000 -0.19430000
vn -0.92750000 0.36330000 -0.08840000
vn -0.36510000 0.89590000 -0.25290000
vn -0.70260000 0.67600000 -0.22210000
vn -0.92740000 0.35490000 -0.11820000
vn -0.36510000 0.88490000 -0.28910000
vn -0.70260000 0.66640000 -0.24950000
vn -0.36510000 0.87250000 -0.32490000
vn -0.83330000 0.50900000 -0.21570000
vn -0.70250000 0.65570000 -0.27650000
vn -0.92740000 0.34970000 -0.13270000
vn -0.92730000 0.34410000 -0.14710000
vn -0.54310000 0.77410000 -0.32540000
vn -0.36500000 0.85860000 -0.36000000
vn -0.92750000 0.34050000 -0.15420000
vn -0.98350000 0.16550000 -0.07270000
vn -0.70280000 0.64970000 -0.28970000
vn -0.83330000 0.50460000 -0.22600000
vn -0.36500000 0.85110000 -0.37740000
vn -0.54300000 0.76730000 -0.34110000
vn -0.18040000 0.89940000 -0.39810000
vn -0.18040000 0.90730000 -0.37970000
vn -0.92640000 0.37560000 -0.02750000
vn -1.00000000 -0.00880000 -0.00000000
vn -0.98360000 0.17940000 -0.01730000
vn -1.00000000 -0.00870000 -0.00000000
vn -1.00000000 -0.00880000 -0.00000000
vn -0.71020000 0.70220000 -0.05070000
vn -1.00000000 -0.00890000 0.00000000
vn -1.00000000 -0.00890000 0.00000000
vn -1.00000000 -0.00890000 0.00000000
vn -1.00000000 -0.00870000 -0.00000000
vn -1.00000000 -0.00870000 -0.00000000
vn -1.00000000 -0.00870000 -0.00000000
vn -0.38470000 0.92070000 -0.06620000
vn 0.00000000 0.99740000 -0.07140000
vn 0.00050000 0.99560000 -0.09360000
vn 0.00000000 0.99030000 -0.13930000
vn -0.00000000 0.99320000 -0.11670000
vn -0.00000000 0.98680000 -0.16180000
vn -0.00000000 0.97840000 -0.20670000
vn -0.00000000 0.98290000 -0.18430000
vn -0.00000000 0.96790000 -0.25120000
vn 0.00000000 0.97340000 -0.22890000
vn -0.92740000 0.35950000 -0.10340000
vn -1.00000000 -0.00890000 0.00000000
vn -1.00000000 -0.00880000 -0.00000000
vn -1.00000000 -0.00880000 0.00010000
vn -1.00000000 -0.00890000 0.00010000
vn -1.00000000 -0.00880000 -0.00000000
vn -1.00000000 -0.00870000 -0.00000000
vn -0.98350000 0.16400000 -0.07620000
vn -1.00000000 -0.00880000 -0.00000000
vn -1.00000000 -0.00870000 -0.00000000
vn -0.92790000 0.33640000 -0.16080000
vn -0.70990000 0.63720000 -0.30000000
vn 0.00000000 0.96190000 -0.27330000
vn 0.00000000 0.95540000 -0.29520000
vn 0.00000000 0.94100000 -0.33850000
vn 0.00000000 0.93300000 -0.35980000
vn 0.00010000 0.94840000 -0.31710000
vn -0.38450000 0.83600000 -0.39140000
vn 0.00000000 0.91570000 -0.40190000
vn -0.00000000 0.92460000 -0.38100000
vn 0.00000000 0.90630000 -0.42260000
vn -0.13110000 0.32830000 -0.93540000
vn -0.06580000 0.32880000 -0.94210000
vn -0.13290000 0.15680000 -0.97860000
vn -0.11480000 0.64140000 -0.75850000
vn -0.05760000 0.64240000 -0.76420000
vn -0.12520000 0.49040000 -0.86250000
vn -0.06280000 0.49120000 -0.86880000
vn -0.08490000 0.86540000 -0.49390000
vn -0.04260000 0.86630000 -0.49760000
vn -0.05090000 0.76610000 -0.64070000
vn -0.10140000 0.76510000 -0.63590000
vn -0.04310000 0.98680000 -0.15630000
vn -0.02170000 0.98730000 -0.15740000
vn -0.03250000 0.94340000 -0.33010000
vn -0.06470000 0.94260000 -0.32770000
vn -0.25860000 0.32640000 -0.90920000
vn -0.22600000 0.63790000 -0.73620000
vn -0.16700000 0.86150000 -0.47950000
vn -0.08470000 0.98470000 -0.15260000
vn -0.33120000 0.63230000 -0.70030000
vn -0.38030000 0.32350000 -0.86640000
vn -0.24430000 0.85560000 -0.45640000
vn -0.12390000 0.98140000 -0.14660000
vn -0.42800000 0.62550000 -0.65240000
vn -0.49360000 0.31980000 -0.80880000
vn -0.31500000 0.84820000 -0.42590000
vn -0.15960000 0.97730000 -0.13910000
vn -0.51450000 0.61790000 -0.59450000
vn -0.59640000 0.31580000 -0.73800000
vn -0.37780000 0.84000000 -0.38940000
vn -0.19140000 0.97280000 -0.13050000
vn -0.59010000 0.61030000 -0.52860000
vn -0.68740000 0.31170000 -0.65600000
vn -0.43220000 0.83180000 -0.34830000
vn -0.21890000 0.96820000 -0.12130000
vn -0.65450000 0.60310000 -0.45590000
vn -0.76610000 0.30780000 -0.56420000
vn -0.47830000 0.82400000 -0.30380000
vn -0.24220000 0.96380000 -0.11190000
vn -0.70740000 0.59690000 -0.37860000
vn -0.83140000 0.30450000 -0.46480000
vn -0.51590000 0.81720000 -0.25700000
vn -0.26110000 0.95980000 -0.10270000
vn -0.74870000 0.59200000 -0.29820000
vn -0.54520000 0.81180000 -0.20890000
vn -0.27590000 0.95660000 -0.09380000
vn -0.77880000 0.58880000 -0.21630000
vn -0.88270000 0.30200000 -0.36010000
vn -0.56660000 0.80830000 -0.16030000
vn -0.28670000 0.95420000 -0.08540000
vn -0.88350000 0.44750000 -0.13860000
vn -0.79840000 0.58740000 -0.13230000
vn -0.91990000 0.30030000 -0.25240000
vn -0.94360000 0.29950000 -0.14110000
vn -0.69790000 0.70550000 -0.12300000
vn -0.58070000 0.80660000 -0.11090000
vn -0.44120000 0.89240000 -0.09500000
vn -0.29380000 0.95270000 -0.07710000
vn -0.95060000 0.29950000 -0.08170000
vn -0.97970000 0.14320000 -0.14010000
vn -0.80460000 0.58740000 -0.08740000
vn -0.89010000 0.44760000 -0.08560000
vn -0.58520000 0.80650000 -0.08440000
vn -0.70340000 0.70550000 -0.08700000
vn -0.29610000 0.95240000 -0.07260000
vn -0.44460000 0.89220000 -0.07960000
vn -0.14600000 0.98720000 -0.06430000
vn -0.14490000 0.98770000 -0.05800000
vn -0.06670000 0.15700000 -0.98530000
vn -0.00000000 -0.00870000 -1.00000000
vn -0.04920000 -0.00880000 -0.99880000
vn -0.09830000 -0.00880000 -0.99510000
vn -0.19500000 -0.00870000 -0.98080000
vn 0.00000000 0.41640000 -0.90920000
vn -0.29000000 -0.00870000 -0.95700000
vn -0.33680000 -0.00870000 -0.94150000
vn -0.38280000 -0.00870000 -0.92380000
vn -0.47110000 -0.00880000 -0.88200000
vn -0.55490000 -0.00870000 -0.83190000
vn -0.59510000 -0.00870000 -0.80360000
vn -0.63400000 -0.00870000 -0.77330000
vn 0.00000000 0.76250000 -0.64700000
vn 0.00000000 0.96500000 -0.26230000
vn 0.00000000 0.98520000 0.17140000
vn -0.00000000 0.98540000 0.17020000
vn -0.00000000 0.98600000 0.16680000
vn -0.00000000 0.98690000 0.16110000
vn 0.00000000 0.99140000 0.13110000
vn 0.00000000 0.99310000 0.11700000
vn 0.00000000 0.98970000 0.14320000
vn 0.00250000 0.98730000 0.15900000
vn 0.00000000 0.99490000 0.10120000
vn -0.00000000 0.99650000 0.08360000
vn -0.77220000 -0.00880000 -0.63530000
vn -0.83070000 -0.00880000 -0.55660000
vn -0.85720000 -0.00870000 -0.51490000
vn -0.88150000 -0.00870000 -0.47210000
vn -0.95650000 -0.00870000 -0.29160000
vn -0.96970000 -0.00880000 -0.24420000
vn -0.98060000 -0.00870000 -0.19590000
vn -0.98900000 -0.00860000 -0.14750000
vn -0.99510000 -0.00870000 -0.09850000
vn -0.98680000 0.14320000 -0.07550000
vn -0.99880000 -0.00890000 -0.04920000
vn -0.92640000 0.37570000 -0.02750000
vn -1.00000000 -0.00870000 -0.00000000
vn 0.00000000 0.99790000 0.06460000
vn 0.00040000 1.00000000 0.00020000
vn 0.00000000 0.99970000 -0.02350000
vn 0.00250000 0.99900000 0.04520000
vn 0.00160000 0.99970000 0.02280000
vn -0.71020000 0.70220000 -0.05070000
vn -0.38470000 0.92070000 -0.06620000
vn 0.00000000 0.99890000 -0.04730000
vn 0.00000000 0.99740000 -0.07140000
vn -0.00000000 0.47630000 0.87930000
vn -0.00000000 0.23830000 0.97120000
vn 0.00010000 0.23820000 0.97120000
vn -0.00000000 0.47630000 0.87930000
vn -0.00000000 0.23820000 0.97120000
vn -0.00000000 0.23810000 0.97120000
vn -0.00000000 0.84100000 0.54100000
vn -0.00000000 0.47750000 0.87860000
vn -0.00000000 0.84100000 0.54100000
vn -0.00000000 0.47750000 0.87860000
vn 0.00000000 0.99770000 0.06710000
vn -0.00000000 0.94850000 0.31690000
vn 0.00000000 0.94850000 0.31680000
vn -0.00000000 0.99790000 0.06500000
vn -0.00000000 0.99790000 0.06500000
vn 0.00000000 0.94840000 0.31690000
vn 0.00000000 0.99770000 0.06710000
vn 0.00000000 0.94850000 0.31680000
vn 0.00000000 0.98200000 -0.18860000
vn -0.00000000 -0.00870000 1.00000000
vn -0.00000000 -0.00870000 1.00000000
vn -0.00000000 -0.00870000 1.00000000
vn -0.00000000 0.84100000 0.54100000
vn -0.00000000 -0.00870000 1.00000000
vn 0.00000000 0.98200000 -0.18870000
vn 0.00000000 0.90630000 -0.42260000
vn 0.00000000 0.90630000 -0.42260000
vn -0.00000000 0.98210000 -0.18850000
vn 0.00000000 0.90630000 -0.42260000
vn -0.00000000 0.84100000 0.54100000
vn -0.00000000 0.98210000 -0.18850000
vn -0.00000000 0.90630000 -0.42250000
vn -0.00000000 -0.00870000 1.00000000
vn -0.00000000 -0.00870000 1.00000000
vn -0.00000000 -0.00870000 1.00000000
vn -0.00000000 -0.00870000 1.00000000
vn -0.00000000 -0.00870000 1.00000000
vn -0.00000000 -0.00870000 1.00000000
vn 0.00000000 0.41770000 -0.90860000
vn 0.00000000 0.20700000 -0.97840000
vn -0.00000000 0.20690000 -0.97840000
vn 0.00000000 0.41640000 -0.90920000
vn -0.00000000 0.20690000 -0.97840000
vn -0.00000000 0.20700000 -0.97830000
vn 0.00000000 0.76250000 -0.64700000
vn 0.00000000 0.60650000 -0.79510000
vn 0.00000000 0.60650000 -0.79510000
vn 0.00000000 0.41640000 -0.90920000
vn 0.00000000 0.76250000 -0.64700000
vn 0.00000000 0.76250000 -0.64700000
vn 0.00000000 0.41770000 -0.90860000
vn 0.00000000 0.60650000 -0.79510000
vn 0.00000000 0.76250000 -0.64700000
vn 0.00000000 0.60650000 -0.79510000
vn 0.00000000 0.96540000 -0.26090000
vn 0.00000000 0.88410000 -0.46730000
vn -0.00000000 0.88400000 -0.46750000
vn 0.00000000 0.96540000 -0.26090000
vn -0.00000000 0.88400000 -0.46750000
vn 0.00000000 0.96500000 -0.26220000
vn 0.00000000 0.88400000 -0.46740000
vn 0.00000000 0.99910000 -0.04330000
vn 0.00000000 0.96500000 -0.26230000
vn -0.00000000 -0.00870000 -1.00000000
vn -0.00000000 -0.00870000 -1.00000000
vn -0.00000000 -0.00870000 -1.00000000
vn -0.00000000 -0.00870000 -1.00000000
vn 0.00000000 0.98520000 0.17150000
vn 0.00000000 0.99910000 -0.04320000
vn 0.00000000 0.98520000 0.17150000
vn 0.00000000 0.98520000 0.17150000
vn 0.00000000 0.99910000 -0.04310000
vn 0.00000000 0.98520000 0.17140000
vn 0.00000000 0.99910000 -0.04320000
vn -0.00000000 -0.00870000 -1.00000000
vn -0.00000000 -0.00870000 -1.00000000
vn -0.00000000 -0.00870000 -1.00000000
vn -0.00000000 -0.00870000 -1.00000000
vn -0.00000000 -0.00870000 -1.00000000
vn -0.00000000 -0.00870000 -1.00000000
vn 0.00000000 0.90630000 -0.42260000
vn 0.00000000 0.90630000 -0.42270000
vn 0.00000000 0.90630000 -0.42260000
vn 0.00000000 0.90630000 -0.42270000
vn 0.00000000 0.90630000 -0.42260000
vn 0.00000000 0.90630000 -0.42270000
vn 0.00000000 0.90630000 -0.42270000
vn 0.00000000 0.90630000 -0.42260000
vn 0.00000000 0.90630000 -0.42270000
vn 0.00000000 0.90630000 -0.42260000
vn 0.00000000 0.90630000 -0.42260000
vn 0.00000000 0.90630000 -0.42260000
vn 0.00000000 0.90630000 -0.42260000
vn 0.00000000 0.90630000 -0.42270000
vn 0.00000000 0.90630000 -0.42260000
vn 0.00000000 0.90650000 -0.42210000
vn -0.00000000 0.90620000 -0.42290000
vn 0.00000000 0.90650000 -0.42210000
vn 0.00000000 0.90630000 -0.42260000
vn 0.00000000 0.90650000 -0.42210000
vn 0.00000000 0.90630000 -0.42260000
vn -0.00000000 0.90620000 -0.42290000
vn 0.00000000 0.90630000 -0.42260000
vn -0.00000000 0.90620000 -0.42290000
vn 0.00000000 0.90630000 -0.42260000
vn 0.00000000 0.90630000 -0.42270000
vn 0.00000000 0.90630000 -0.42260000
vn 0.00000000 0.90630000 -0.42260000
vn 0.00000000 0.90630000 -0.42260000
vn 0.00000000 0.90630000 -0.42260000
vn 0.00000000 0.90630000 -0.42260000
vn 0.00000000 0.90630000 -0.42260000
vn 0.00000000 0.90630000 -0.42260000
vn 0.00000000 0.90630000 -0.42260000
vn 0.00000000 0.90630000 -0.42260000
vn 0.00000000 0.90630000 -0.42260000
vn 0.00000000 0.90630000 -0.42260000
vn 0.00010000 0.90630000 -0.42270000
vn 0.00000000 0.90630000 -0.42260000
vn 0.00000000 0.90630000 -0.42270000
vn -0.00000000 0.90640000 -0.42250000
vn -0.00010000 0.90640000 -0.42250000
vn -0.00010000 0.90630000 -0.42260000
vn 0.00000000 0.90630000 -0.42260000
vn 0.00000000 0.90630000 -0.42260000
vn 0.00000000 0.90630000 -0.42260000
vn 0.00000000 0.90630000 -0.42260000
vn 0.00000000 0.90630000 -0.42260000
vn 0.00000000 0.90630000 -0.42270000
vn 0.00000000 0.90630000 -0.42260000
vn 0.00000000 0.90630000 -0.42260000
vn 0.00000000 0.90630000 -0.42260000
vn 0.00000000 0.90630000 -0.42270000
vn -0.00010000 0.90630000 -0.42270000
vn 0.00000000 0.90630000 -0.42260000
vn 0.00000000 0.90630000 -0.42270000
vn -0.00010000 0.90630000 -0.42270000
vn 0.00000000 0.90630000 -0.42260000
vn 0.00000000 0.90630000 -0.42260000
vn 0.00000000 0.90630000 -0.42260000
vn -0.00010000 0.90630000 -0.42270000
vn 0.00000000 0.90630000 -0.42260000
vn 0.00000000 0.90630000 -0.42260000
vn 0.00000000 0.90630000 -0.42260000
vn 0.00000000 0.90630000 -0.42260000
vn 0.00000000 0.90630000 -0.42260000
vn 0.00000000 0.90630000 -0.42260000
vn 0.00000000 0.90630000 -0.42260000
vn 0.00000000 0.90630000 -0.42260000
vn 0.00000000 0.90630000 -0.42260000
vn 0.00000000 0.90630000 -0.42260000
vn 0.00000000 0.90630000 -0.42260000
vn 0.00000000 0.90630000 -0.42260000
vn 0.00000000 0.90630000 -0.42260000
vn 0.00000000 0.90630000 -0.42260000
vn 0.00000000 0.90630000 -0.42260000
vn 0.00000000 0.90630000 -0.42260000
vn 0.00000000 0.90630000 -0.42260000
vn 0.00000000 0.90630000 -0.42260000
vn 0.00000000 0.90630000 -0.42260000
vn -0.00000000 0.90640000 -0.42250000
vn 0.00000000 0.90630000 -0.42260000
vn 0.00000000 0.90630000 -0.42260000
vn 0.00000000 0.90630000 -0.42270000
vn -0.00000000 0.90640000 -0.42250000
vn 0.00000000 0.90630000 -0.42260000
vn -0.00000000 0.90640000 -0.42250000
vn 0.00000000 0.90630000 -0.42270000
vn -0.00000000 0.90640000 -0.42250000
vn -0.00000000 0.90640000 -0.42250000
vn 0.00000000 0.90630000 -0.42270000
vn 0.00000000 0.90630000 -0.42270000
vn 0.00000000 0.90630000 -0.42260000
vn 0.00000000 0.90630000 -0.42260000
vn 0.00000000 0.90630000 -0.42260000
vn 0.00000000 0.90630000 -0.42260000
vn 0.00000000 0.90630000 -0.42260000
vn 0.00000000 0.90630000 -0.42260000
vn 0.00000000 0.90630000 -0.42260000
vn 0.00000000 0.90630000 -0.42270000
vn 0.00000000 0.90630000 -0.42260000
vn 0.00000000 0.90630000 -0.42270000
vn 0.00000000 0.90630000 -0.42260000
vn 0.00000000 0.90630000 -0.42260000
vn 0.00000000 0.90630000 -0.42270000
vn 0.00000000 0.90630000 -0.42260000
vn 0.00000000 0.90630000 -0.42270000
vn 0.00000000 0.90630000 -0.42270000
vn 0.00000000 0.90630000 -0.42260000
vn 0.00000000 0.90630000 -0.42270000
vn 0.00000000 0.90630000 -0.42260000
vn 0.00000000 0.90630000 -0.42260000
vn 0.00000000 0.90630000 -0.42260000
vn 0.00000000 0.90630000 -0.42260000
vn 0.00000000 0.90630000 -0.42260000
vn -0.00010000 0.90640000 -0.42250000
vn 0.00000000 0.90630000 -0.42260000
vn 0.00000000 0.90630000 -0.42260000
vn -0.00010000 0.90640000 -0.42250000
vn 0.00010000 0.90630000 -0.42270000
vn -0.00010000 0.90630000 -0.42260000
vn 0.00010000 0.90630000 -0.42270000
vn 0.00000000 0.90630000 -0.42260000
vn -0.00010000 0.90630000 -0.42260000
vn 0.00000000 0.90630000 -0.42260000
vn 0.00000000 0.90630000 -0.42260000
vn -0.00000000 0.97840000 -0.20670000
vn -0.00010000 0.99140000 -0.13110000
vn 0.00000000 0.99140000 -0.13110000
vn -0.00000000 0.95970000 -0.28100000
vn -0.00000000 0.95970000 -0.28100000
vn -0.00010000 0.94830000 -0.31730000
vn -0.00020000 0.95970000 -0.28090000
vn -0.00000000 0.93560000 -0.35310000
vn -0.00000000 0.93560000 -0.35310000
vn -0.00000000 0.92870000 -0.37070000
vn -0.00000000 0.93560000 -0.35310000
vn -0.00000000 0.92160000 -0.38820000
vn -0.00020000 0.92170000 -0.38790000
vn -0.00020000 0.92870000 -0.37070000
vn -0.00000000 0.95410000 -0.29940000
vn -0.00020000 0.95980000 -0.28070000
vn -0.00000000 0.94220000 -0.33500000
vn -0.00010000 0.94840000 -0.31710000
vn -0.00030000 0.98560000 -0.16910000
vn 0.00000000 0.99140000 -0.13110000
vn -0.00050000 0.97840000 -0.20670000
vn 0.00010000 0.96980000 -0.24410000
vn -0.00000000 0.97430000 -0.22520000
vn 0.00020000 0.97840000 -0.20670000
vn 0.00000000 0.96980000 -0.24410000
vn -0.00000000 0.96490000 -0.26260000
vn -0.00020000 0.96490000 -0.26260000
vn -0.00000000 0.98870000 -0.15010000
vn 0.00000000 0.99140000 -0.13100000
vn -0.00000000 0.98210000 -0.18820000
vn -0.00020000 0.98570000 -0.16880000
vn -0.00020000 0.98870000 -0.15010000
vn 0.00020000 0.98870000 -0.15010000
vn -0.00000000 0.98870000 -0.15010000
vn 0.00020000 0.98570000 -0.16880000
vn 0.00000000 0.99140000 -0.13100000
vn 0.00000000 0.99140000 -0.13110000
vn -0.00000000 0.98210000 -0.18820000
vn 0.00050000 0.97840000 -0.20670000
vn 0.00010000 0.97840000 -0.20670000
vn 0.00030000 0.98560000 -0.16910000
vn 0.00020000 0.96490000 -0.26260000
vn 0.00000000 0.96490000 -0.26250000
vn -0.00010000 0.95970000 -0.28100000
vn -0.00010000 0.96980000 -0.24410000
vn 0.00000000 0.96980000 -0.24410000
vn -0.00000000 0.97440000 -0.22490000
vn 0.00010000 0.95970000 -0.28100000
vn -0.00000000 0.97840000 -0.20670000
vn 0.00000000 0.99140000 -0.13110000
vn 0.00020000 0.95980000 -0.28070000
vn -0.00000000 0.95410000 -0.29940000
vn 0.00000000 0.94220000 -0.33510000
vn -0.00000000 0.93560000 -0.35310000
vn -0.00000000 0.93560000 -0.35310000
vn 0.00010000 0.94830000 -0.31730000
vn 0.00020000 0.94840000 -0.31720000
vn 0.00020000 0.92870000 -0.37070000
vn -0.00000000 0.92870000 -0.37070000
vn 0.00020000 0.92170000 -0.38790000
vn -0.00000000 0.92160000 -0.38820000
vn -0.00000000 0.93560000 -0.35310000
vn -0.00000000 0.95970000 -0.28100000
vn 0.00010000 0.99140000 -0.13110000
vn 0.00000000 0.99530000 0.09690000
vn 0.00000000 0.99090000 0.13430000
vn -0.00000000 0.99090000 0.13440000
vn 0.00000000 0.99980000 0.02130000
vn -0.00010000 0.99980000 0.02130000
vn -0.00000000 0.99850000 -0.05500000
vn -0.00060000 0.99990000 -0.01680000
vn 0.00000000 0.99980000 0.02130000
vn -0.00050000 0.99850000 -0.05500000
vn -0.00030000 0.99570000 -0.09310000
vn -0.00000000 0.99720000 -0.07430000
vn -0.00000000 0.99370000 -0.11190000
vn 0.00020000 0.99560000 -0.09380000
vn -0.00020000 0.99850000 -0.05480000
vn -0.00000000 1.00000000 0.00240000
vn 0.00000000 0.99980000 0.02210000
vn -0.00010000 0.99990000 -0.01700000
vn -0.00000000 0.99940000 -0.03590000
vn -0.00020000 0.99940000 -0.03590000
vn -0.00000000 1.00000000 0.00010000
vn -0.00030000 0.99530000 0.09710000
vn -0.00000000 0.99820000 0.05920000
vn -0.00000000 0.99690000 0.07810000
vn -0.00010000 0.99530000 0.09700000
vn 0.00000000 0.99820000 0.05940000
vn -0.00010000 0.99920000 0.04040000
vn 0.00000000 0.99900000 0.04370000
vn -0.00000000 0.99690000 0.07810000
vn -0.00000000 0.99330000 0.11570000
vn -0.00040000 0.99090000 0.13430000
vn 0.00000000 0.99980000 0.02130000
vn -0.00000000 0.99330000 0.11570000
vn 0.00040000 0.99090000 0.13430000
vn 0.00000000 0.99530000 0.09690000
vn 0.00010000 0.99530000 0.09710000
vn 0.00000000 0.98820000 0.15300000
vn 0.00000000 0.98820000 0.15300000
vn -0.00010000 0.99690000 0.07820000
vn -0.00000000 0.99690000 0.07810000
vn -0.00000000 0.99820000 0.05920000
vn -0.00000000 0.99910000 0.04350000
vn 0.00010000 0.99920000 0.04040000
vn -0.00000000 0.99980000 0.02200000
vn -0.00000000 0.99820000 0.05930000
vn 0.00000000 0.99980000 0.02130000
vn 0.00000000 0.99530000 0.09690000
vn 0.00010000 0.99980000 0.02130000
vn 0.00020000 0.99940000 -0.03590000
vn -0.00000000 0.99940000 -0.03590000
vn 0.00020000 0.99850000 -0.05480000
vn 0.00050000 0.99850000 -0.05500000
vn 0.00030000 0.99990000 -0.01680000
vn 0.00020000 0.99990000 -0.01700000
vn 0.00000000 1.00000000 0.00250000
vn 0.00060000 0.99570000 -0.09310000
vn -0.00000000 0.99370000 -0.11190000
vn 0.00010000 0.99560000 -0.09340000
vn -0.00000000 0.99720000 -0.07430000
vn -0.00000000 0.99850000 -0.05500000
vn -0.00000000 0.91420000 -0.40540000
vn 0.00050000 0.91560000 -0.40210000
vn 0.00000000 0.90630000 -0.42260000
vn 0.00000000 0.93300000 -0.35990000
vn 0.00010000 0.92460000 -0.38100000
vn 0.00010000 0.94100000 -0.33850000
vn 0.00020000 0.96190000 -0.27330000
vn 0.00020000 0.95540000 -0.29520000
vn 0.00040000 0.97350000 -0.22890000
vn 0.00030000 0.96790000 -0.25120000
vn -0.00000000 0.98680000 -0.16180000
vn 0.00040000 0.98280000 -0.18440000
vn 0.00010000 0.99030000 -0.13920000
vn 0.00000000 0.90630000 -0.42260000
vn 0.00050000 0.99320000 -0.11640000
vn 0.00040000 0.99750000 -0.07130000
vn -0.00000000 0.99890000 -0.04740000
vn 0.00000000 0.99970000 -0.02350000
vn -0.00000000 0.99650000 0.08360000
vn 0.00000000 0.99790000 0.06460000
vn -0.00000000 0.99490000 0.10110000
vn 0.00000000 0.99140000 0.13110000
vn 0.00000000 0.99310000 0.11700000
vn -0.00000000 0.98970000 0.14310000
vn -0.00000000 0.91420000 -0.40540000
vn 0.00000000 0.90630000 -0.42260000
vn 0.00000000 0.90630000 -0.42260000
vn -0.00010000 0.92460000 -0.38100000
vn -0.00010000 0.91560000 -0.40200000
vn -0.00050000 0.95540000 -0.29540000
vn -0.00010000 0.96190000 -0.27320000
vn -0.00010000 0.94100000 -0.33850000
vn 0.00010000 0.93300000 -0.35980000
vn -0.00020000 0.96790000 -0.25120000
vn -0.00010000 0.97340000 -0.22900000
vn -0.00000000 0.98680000 -0.16180000
vn -0.00010000 0.98290000 -0.18430000
vn -0.00050000 0.99320000 -0.11640000
vn -0.00040000 0.99750000 -0.07130000
vn -0.00010000 0.99030000 -0.13930000
vn -0.00000000 0.99490000 0.10100000
vn 0.00000000 0.99320000 0.11680000
vn -0.00000000 0.98970000 0.14310000
vn 0.00000000 0.99140000 0.13090000
vn -0.00000000 0.99890000 -0.04740000
vn 0.00000000 1.00000000 -0.00050000
vn -0.00000000 0.99970000 -0.02370000
vn -0.00000000 0.99790000 0.06420000
vn -0.00000000 0.99650000 0.08340000
vn 0.00000000 0.98690000 0.16100000
vn -0.00000000 0.98600000 0.16680000
vn 0.00000000 0.98540000 0.17040000
vn 0.00000000 0.98520000 0.17140000
vn 0.00000000 0.98700000 0.16080000
vn 0.00000000 0.98600000 0.16670000
vn -0.00000000 0.98540000 0.17030000
vn 0.00000000 0.98520000 0.17140000
vn 0.00000000 0.98510000 0.17200000
vn 0.00000000 -0.90630000 0.42260000
vn 0.00000000 -0.90630000 0.42260000
vn -0.00000000 -0.91780000 0.39710000
vn 0.00000000 -0.91060000 0.41340000
vn -0.00000000 -0.91990000 0.39220000
vn -0.00000000 -0.92630000 0.37690000
vn 0.00000000 -0.93240000 0.36140000
vn 0.00000000 -0.99780000 0.06670000
vn -0.00000000 -0.99780000 0.06620000
vn -0.00000000 -0.99660000 0.08210000
vn 0.00010000 -0.97210000 0.23470000
vn 0.00000000 -0.96820000 0.25010000
vn 0.00000000 -0.96810000 0.25040000
vn 0.00000000 -0.99780000 0.06630000
vn 0.00000000 -0.99780000 0.06680000
vn -0.00000000 -0.99660000 0.08210000
vn 0.00000000 -0.96290000 0.27000000
vn -0.00000000 -0.96090000 0.27690000
vn 0.00000000 -0.96000000 0.27990000
vn 0.00000000 -0.96560000 0.26010000
vn 0.00000000 -0.96880000 0.24770000
vn -0.00000000 -0.97240000 0.23330000
vn -0.00000000 -0.95970000 0.28100000
vn 0.00000000 -0.95970000 0.28090000
vn -0.00000000 -0.95970000 0.28100000
vn -0.00000000 -0.97240000 0.23330000
vn -0.00000000 -0.97240000 0.23330000
vn -0.00000000 -0.97240000 0.23330000
vn -0.00000000 -0.97250000 0.23290000
vn -0.00010000 -0.97570000 0.21920000
vn -0.00000000 -0.97510000 0.22160000
vn 0.00000000 -0.97790000 0.20930000
vn -0.00000000 -0.97580000 0.21860000
vn 0.00000000 -0.97790000 0.20930000
vn -0.00000000 -0.97400000 0.22630000
vn 0.00000000 -0.98040000 0.19720000
vn -0.00010000 -0.98030000 0.19730000
vn 0.00000000 -0.98270000 0.18510000
vn 0.00000000 -0.98490000 0.17290000
vn 0.00000000 -0.98490000 0.17290000
vn -0.00000000 -0.98700000 0.16070000
vn -0.00000000 -0.98700000 0.16070000
vn 0.00000000 -0.98270000 0.18510000
vn -0.00000000 -0.98890000 0.14850000
vn -0.00000000 -0.98890000 0.14850000
vn -0.00000000 -0.97280000 0.23160000
vn -0.00000000 -0.96840000 0.24940000
vn 0.00000000 -0.95970000 0.28090000
vn -0.00000000 -0.96090000 0.27690000
vn -0.00000000 -0.96000000 0.28000000
vn -0.00000000 -0.96370000 0.26700000
vn -0.00000000 -0.96770000 0.25210000
vn -0.00000000 -0.97200000 0.23510000
vn -0.00000000 -0.97250000 0.23290000
vn -0.00000000 -0.97240000 0.23330000
vn -0.00000000 -0.97240000 0.23330000
vn -0.00000000 -0.97280000 0.23160000
vn -0.00000000 -0.97580000 0.21860000
vn 0.00000000 -0.97410000 0.22630000
vn -0.00000000 -0.98700000 0.16070000
vn 0.00000000 -0.98490000 0.17290000
vn 0.00000000 -0.98490000 0.17290000
vn -0.00000000 -0.98700000 0.16070000
vn -0.00000000 -0.98890000 0.14850000
vn -0.00000000 -0.97570000 0.21920000
vn 0.00000000 -0.97790000 0.20930000
vn 0.00010000 -0.98030000 0.19730000
vn -0.00010000 -0.98040000 0.19730000
vn 0.00000000 -0.97790000 0.20930000
vn -0.00010000 -0.97530000 0.22100000
vn 0.00000000 -0.98270000 0.18510000
vn 0.00000000 -0.98270000 0.18510000
vn -0.00000000 -0.98890000 0.14850000
vn -0.00010000 -0.99070000 0.13620000
vn 0.00000000 -0.99070000 0.13620000
vn -0.00000000 -0.99370000 0.11200000
vn -0.00000000 -0.99230000 0.12400000
vn -0.00010000 -0.99370000 0.11160000
vn -0.00000000 -0.99230000 0.12400000
vn -0.00000000 -0.99370000 0.11180000
vn 0.00000000 -0.99510000 0.09910000
vn -0.00000000 -0.99530000 0.09680000
vn 0.00000000 -0.99560000 0.09420000
vn 0.00000000 -0.99620000 0.08700000
vn -0.00000000 -0.99480000 0.10220000
vn -0.00000000 -0.99610000 0.08870000
vn -0.00000000 -0.99620000 0.08730000
vn 0.00000000 -0.99620000 0.08690000
vn 0.00000000 -0.99620000 0.08690000
vn 0.00000000 -0.99740000 0.07200000
vn 0.00000000 -0.99830000 0.05900000
vn -0.00000000 -0.99880000 0.04850000
vn 0.00000000 -0.99910000 0.04130000
vn -0.00000000 -0.99930000 0.03800000
vn 0.00000000 -0.99930000 0.03700000
vn -0.00000000 -0.99930000 0.03690000
vn -0.00000000 -0.99530000 0.09690000
vn 0.00000000 -0.99560000 0.09420000
vn 0.00000000 -0.99370000 0.11170000
vn 0.00010000 -0.99480000 0.10220000
vn -0.00000000 -0.99370000 0.11200000
vn -0.00000000 -0.99230000 0.12400000
vn 0.00000000 -0.99620000 0.08690000
vn -0.00000000 -0.99620000 0.08740000
vn -0.00000000 -0.99610000 0.08870000
vn 0.00000000 -0.99070000 0.13620000
vn 0.00000000 -0.99070000 0.13630000
vn -0.00000000 -0.99230000 0.12400000
vn -0.00000000 -0.99370000 0.11180000
vn -0.00000000 -0.99510000 0.09920000
vn 0.00000000 -0.99620000 0.08700000
vn 0.00000000 -0.99930000 0.03700000
vn 0.00000000 -0.99740000 0.07200000
vn 0.00000000 -0.99910000 0.04130000
vn -0.00000000 -0.99880000 0.04850000
vn -0.00000000 -0.99830000 0.05910000
vn -0.00000000 -0.99930000 0.03800000
vn 0.79610000 0.15270000 0.58560000
vn 0.79740000 0.15220000 0.58390000
vn 0.94980000 0.07300000 0.30420000
vn 0.33240000 0.26130000 0.90620000
vn 0.33440000 0.26110000 0.90550000
vn 0.60820000 0.21200000 0.76500000
vn 0.60650000 0.21230000 0.76620000
vn 0.16900000 0.27770000 0.94570000
vn 0.00000000 0.28090000 0.95970000
vn 0.00000000 0.28100000 0.95970000
vn 0.00010000 0.28090000 0.95970000
vn 0.00000000 0.28090000 0.95970000
vn 0.00000000 0.28090000 0.95970000
vn 0.00000000 0.28100000 0.95970000
vn -0.00010000 0.28100000 0.95970000
vn 0.00000000 0.28100000 0.95970000
vn 0.00000000 0.28100000 0.95970000
vn 0.00000000 0.28090000 0.95970000
vn -0.16940000 0.27530000 0.94630000
vn -0.33560000 0.26050000 0.90530000
vn -0.17060000 0.27520000 0.94610000
vn -0.70720000 0.18390000 0.68270000
vn -0.71010000 0.18310000 0.67990000
vn -0.53650000 0.22620000 0.81300000
vn -0.84620000 0.13200000 0.51630000
vn -0.94300000 0.07760000 0.32370000
vn -0.94330000 0.07730000 0.32290000
vn -0.84810000 0.13130000 0.51340000
vn -0.98560000 0.03740000 0.16470000
vn -1.00000000 0.00000000 -0.00000000
vn -1.00000000 0.00000000 -0.00000000
vn -1.00000000 0.00000000 -0.00000000
vn -1.00000000 0.00000000 -0.00000000
vn -1.00000000 0.00000000 -0.00000000
vn -1.00000000 0.00000000 -0.00000000
vn -1.00000000 0.00000000 -0.00000000
vn -1.00000000 0.00000000 -0.00000000
vn -1.00000000 0.00000000 -0.00000000
vn -1.00000000 0.00000000 -0.00000000
vn -1.00000000 0.00000000 -0.00000000
vn -1.00000000 0.00000000 -0.00000000
vn -1.00000000 0.00010000 -0.00000000
vn -1.00000000 0.00000000 -0.00010000
vn -1.00000000 0.00010000 -0.00000000
vn -1.00000000 0.00000000 -0.00030000
vn -1.00000000 0.00000000 -0.00000000
vn -1.00000000 0.00000000 -0.00010000
vn -0.98580000 -0.01670000 -0.16730000
vn -0.94360000 -0.02890000 -0.32970000
vn -0.94450000 -0.02870000 -0.32730000
vn -0.98610000 -0.01660000 -0.16510000
vn -1.00000000 0.00000000 -0.00010000
vn -1.00000000 0.00000000 -0.00000000
vn -1.00000000 0.00010000 -0.00000000
vn -1.00000000 0.00000000 -0.00000000
vn -0.53370000 0.22670000 0.81470000
vn -0.84980000 -0.03790000 -0.52580000
vn -0.71310000 -0.04130000 -0.69980000
vn -0.71600000 -0.04110000 -0.69690000
vn -0.34110000 -0.03900000 -0.93920000
vn -0.34320000 -0.03890000 -0.93850000
vn -0.54060000 -0.04090000 -0.84030000
vn -0.54400000 -0.04080000 -0.83810000
vn 0.00000000 -0.03700000 -0.99930000
vn 0.00000000 -0.03690000 -0.99930000
vn 0.00000000 -0.03700000 -0.99930000
vn -0.17260000 -0.03730000 -0.98430000
vn -0.17360000 -0.03760000 -0.98410000
vn 0.00000000 -0.03690000 -0.99930000
vn 0.00000000 -0.03730000 -0.99930000
vn 0.00000000 -0.03710000 -0.99930000
vn 0.00000000 -0.03720000 -0.99930000
vn 0.00000000 -0.03690000 -0.99930000
vn 0.00000000 -0.03700000 -0.99930000
vn 0.17260000 -0.03730000 -0.98430000
vn 0.33860000 -0.03900000 -0.94010000
vn 0.34230000 -0.03890000 -0.93880000
vn -0.00020000 -0.03710000 -0.99930000
vn 0.00000000 -0.03720000 -0.99930000
vn 0.54070000 -0.04080000 -0.84020000
vn 0.71320000 -0.04130000 -0.69980000
vn 0.71610000 -0.04120000 -0.69680000
vn 0.84980000 -0.03810000 -0.52560000
vn 0.94340000 -0.02900000 -0.33050000
vn 0.94480000 -0.02870000 -0.32630000
vn 0.98580000 -0.01670000 -0.16720000
vn 1.00000000 -0.00010000 -0.00090000
vn 1.00000000 -0.00010000 -0.00070000
vn 1.00000000 -0.00010000 0.00000000
vn 1.00000000 -0.00000000 -0.00000000
vn 1.00000000 -0.00000000 -0.00000000
vn 1.00000000 -0.00000000 -0.00010000
vn 1.00000000 -0.00000000 -0.00000000
vn 1.00000000 -0.00000000 -0.00000000
vn 1.00000000 -0.00000000 -0.00000000
vn 1.00000000 -0.00000000 -0.00000000
vn 1.00000000 -0.00000000 -0.00000000
vn 1.00000000 -0.00000000 -0.00000000
vn 1.00000000 -0.00000000 -0.00000000
vn 1.00000000 -0.00000000 -0.00000000
vn 1.00000000 -0.00000000 -0.00000000
vn 1.00000000 -0.00000000 -0.00010000
vn 1.00000000 -0.00000000 -0.00000000
vn 1.00000000 -0.00010000 0.00000000
vn 1.00000000 -0.00000000 -0.00010000
vn 1.00000000 -0.00000000 -0.00000000
vn 1.00000000 -0.00010000 0.00000000
vn 0.98570000 0.03880000 0.16420000
vn 0.94850000 0.07390000 0.30820000
vn 0.94320000 0.07750000 0.32310000
vn -0.00000000 0.08690000 0.99620000
vn -0.01010000 0.08690000 0.99620000
vn 0.18570000 0.08580000 0.97890000
vn 0.38700000 0.08180000 0.91840000
vn 0.71070000 0.06620000 0.70040000
vn 0.39010000 0.08170000 0.91710000
vn 0.92580000 0.03860000 0.37610000
vn 0.71360000 0.06590000 0.69750000
vn 1.00000000 0.00010000 0.00000000
vn 1.00000000 -0.00000000 -0.00000000
vn 1.00000000 -0.00000000 -0.00000000
vn 1.00000000 0.00010000 0.00000000
vn 1.00000000 0.00030000 -0.00000000
vn 1.00000000 -0.00000000 -0.00000000
vn 1.00000000 -0.00000000 -0.00000000
vn 1.00000000 -0.00000000 -0.00000000
vn 1.00000000 -0.00000000 -0.00000000
vn 1.00000000 -0.00000000 -0.00000000
vn 1.00000000 -0.00000000 -0.00000000
vn 1.00000000 0.00010000 0.00000000
vn 1.00000000 -0.00000000 -0.00000000
vn 1.00000000 0.00010000 -0.00010000
vn 1.00000000 0.00060000 -0.00010000
vn 1.00000000 0.00010000 0.00000000
vn 1.00000000 0.00010000 -0.00010000
vn 1.00000000 0.00020000 0.00020000
vn 0.70720000 -0.16000000 -0.68870000
vn 0.71040000 -0.15930000 -0.68550000
vn 0.92430000 -0.08340000 -0.37250000
vn 0.18300000 -0.22890000 -0.95610000
vn 0.18460000 -0.22890000 -0.95580000
vn 0.38210000 -0.21400000 -0.89900000
vn 0.38470000 -0.21380000 -0.89790000
vn 0.92500000 -0.08300000 -0.37070000
vn 0.00000000 -0.23330000 -0.97240000
vn 0.00000000 -0.23290000 -0.97250000
vn 0.00000000 -0.23330000 -0.97240000
vn 0.00000000 -0.23330000 -0.97240000
vn 0.00000000 -0.23330000 -0.97240000
vn 0.18710000 0.08570000 0.97860000
vn -0.00580000 0.08690000 0.99620000
vn 0.00000000 -0.23330000 -0.97240000
vn -0.18330000 -0.22890000 -0.95600000
vn -0.18480000 -0.22880000 -0.95580000
vn -0.38250000 -0.21390000 -0.89890000
vn -0.38480000 -0.21370000 -0.89790000
vn -0.70760000 -0.16010000 -0.68820000
vn -0.92400000 -0.08360000 -0.37310000
vn -0.71060000 -0.15930000 -0.68530000
vn -1.00000000 0.00000000 -0.00000000
vn -1.00000000 0.00000000 -0.00000000
vn -1.00000000 0.00010000 -0.00000000
vn -1.00000000 0.00000000 -0.00000000
vn -1.00000000 0.00000000 -0.00000000
vn -1.00000000 0.00000000 -0.00000000
vn -1.00000000 0.00000000 -0.00000000
vn -1.00000000 0.00000000 -0.00000000
vn -1.00000000 0.00000000 -0.00000000
vn -1.00000000 0.00000000 -0.00000000
vn -1.00000000 0.00000000 -0.00000000
vn -1.00000000 0.00000000 -0.00000000
vn -1.00000000 0.00000000 -0.00000000
vn -1.00000000 0.00050000 -0.00000000
vn -1.00000000 0.00000000 -0.00000000
vn -0.92570000 0.03860000 0.37640000
vn -1.00000000 0.00000000 -0.00000000
vn -0.71110000 0.06620000 0.69990000
vn -0.71350000 0.06600000 0.69750000
vn -0.18600000 0.08580000 0.97880000
vn -0.18730000 0.08580000 0.97850000
vn -0.39020000 0.08240000 0.91710000
vn -0.00000000 0.08690000 0.99620000
vn -0.00000000 0.08700000 0.99620000
vn 0.00000000 0.08710000 0.99620000
vn -0.00000000 0.08690000 0.99620000
vn -0.38740000 0.08180000 0.91830000
vn -0.00000000 0.08690000 0.99620000
vn -0.00000000 0.08690000 0.99620000
vn -0.00000000 0.08690000 0.99620000
vn -0.00000000 0.08700000 0.99620000
vn 0.00010000 0.08690000 0.99620000
vn -0.00000000 -0.99230000 0.12390000
vn 0.00000000 -0.99450000 0.10510000
vn -0.00000000 -0.99480000 0.10230000
vn 0.00000000 -0.98700000 0.16060000
vn 0.00010000 -0.98700000 0.16060000
vn -0.00000000 -0.97580000 0.21850000
vn 0.00000000 -0.97410000 0.22630000
vn 0.00000000 -0.97650000 0.21550000
vn -0.00000000 -0.98040000 0.19710000
vn -0.00000000 -0.98040000 0.19710000
vn -0.00000000 -0.97580000 0.21850000
vn 0.00000000 -0.97410000 0.22630000
vn -0.00000000 -0.99230000 0.12390000
vn -0.00000000 -0.99480000 0.10230000
vn -0.00010000 -0.97250000 0.23310000
vn -0.00000000 -0.97280000 0.23150000
vn -0.00000000 -0.97240000 0.23330000
vn -0.00000000 -0.97780000 0.20930000
vn 0.00000000 -0.98140000 0.19210000
vn 0.00000000 -0.98490000 0.17290000
vn -0.00000000 -0.97240000 0.23330000
vn 0.00000000 -0.97290000 0.23140000
vn 0.00010000 -0.97260000 0.23260000
vn 0.00000000 -0.98490000 0.17290000
vn -0.00000000 -0.97780000 0.20930000
vn 0.00000000 -0.98140000 0.19210000
vn -0.00000000 -0.98700000 0.16070000
vn -0.00000000 -0.98700000 0.16070000
vn 0.00000000 -0.99160000 0.12920000
vn -0.00000000 -0.98890000 0.14850000
vn 0.00000000 -0.99370000 0.11170000
vn 0.00000000 -0.99560000 0.09420000
vn -0.00000000 -0.99620000 0.08760000
vn 0.00000000 -0.99620000 0.08700000
vn -0.00000000 -0.99610000 0.08870000
vn -0.00000000 -0.98890000 0.14850000
vn 0.00000000 -0.99160000 0.12920000
vn 0.00000000 -0.99370000 0.11170000
vn 0.00000000 -0.99620000 0.08690000
vn -0.00000000 -0.99610000 0.08840000
vn -0.00000000 -0.99550000 0.09420000
vn -0.00000000 -0.99620000 0.08740000
vn -0.00000000 -0.98340000 0.18170000
vn -0.00000000 -0.98080000 0.19480000
vn -0.00000000 -0.98210000 0.18810000
vn 0.00050000 -0.98130000 0.19230000
vn -0.00000000 -0.97980000 0.20010000
vn 0.00000000 -0.98140000 0.19180000
vn 0.00000000 -0.98180000 0.19010000
vn -0.00000000 -0.96880000 0.24800000
vn -0.00010000 -0.96410000 0.26540000
vn -0.00000000 -0.96410000 0.26570000
vn -0.00000000 -0.98820000 0.15300000
vn -0.00000000 -0.98740000 0.15820000
vn -0.00000000 -0.98690000 0.16110000
vn -0.00000000 -0.98960000 0.14390000
vn 0.00000000 -0.98900000 0.14770000
vn -0.00000000 -0.95970000 0.28100000
vn -0.00000000 -0.95970000 0.28100000
vn 0.00000000 -0.96640000 0.25710000
vn 0.00000000 -0.95970000 0.28090000
vn -0.00000000 -0.97240000 0.23340000
vn 0.00000000 -0.95970000 0.28090000
vn 0.00000000 -0.96810000 0.25040000
vn -0.00000000 -0.97240000 0.23330000
vn -0.00000000 -0.97240000 0.23330000
vn -0.00000000 -0.97240000 0.23350000
vn -0.00000000 -0.97230000 0.23360000
vn -0.00000000 -0.97240000 0.23330000
vn -0.00000000 -0.96010000 0.27970000
vn -0.00000000 -0.98550000 0.16960000
vn 0.00000000 -0.98520000 0.17140000
vn 0.00000000 -0.97250000 0.23280000
vn -0.00000000 -0.97280000 0.23160000
vn 0.00000000 -0.97290000 0.23140000
vn -0.00000000 -0.97400000 0.22630000
vn -0.00000000 -0.97240000 0.23330000
vn -0.00000000 -0.96560000 0.25990000
vn -0.00000000 -0.96120000 0.27570000
vn 0.00010000 -0.97780000 0.20930000
vn -0.00000000 -0.97790000 0.20910000
vn -0.00000000 -0.97580000 0.21860000
vn -0.00000000 -0.97520000 0.22150000
vn 0.00000000 -0.98340000 0.18160000
vn 0.00000000 -0.99270000 0.12100000
vn 0.00000000 -0.99480000 0.10140000
vn 0.00000000 -0.99130000 0.13180000
vn -0.00000000 -0.99430000 0.10650000
vn 0.00000000 -0.99520000 0.09770000
vn 0.00000000 -0.99620000 0.08690000
vn 0.00000000 -0.99670000 0.08170000
vn 0.00000000 -0.99620000 0.08690000
vn 0.00000000 -0.99620000 0.08700000
vn -0.00000000 -0.99930000 0.03690000
vn -0.00000000 -0.98880000 0.14920000
vn 0.00000000 -0.99180000 0.12810000
vn -0.00000000 -0.99370000 0.11200000
vn 0.00000000 -0.99770000 0.06720000
vn 0.00000000 -0.99720000 0.07430000
vn 0.00010000 -0.99810000 0.06190000
vn 0.00000000 -0.99860000 0.05200000
vn 0.00010000 -0.99880000 0.04930000
vn 0.00000000 -0.99930000 0.03700000
vn 0.00000000 -0.99930000 0.03700000
vn 0.00000000 -0.99770000 0.06720000
vn 0.00000000 -0.99190000 0.12720000
vn 0.00000000 -0.99860000 0.05200000
vn 0.00000000 -0.99930000 0.03700000
vn -0.00000000 -0.99720000 0.07440000
vn 0.00020000 -0.99810000 0.06180000
vn -0.00010000 -0.99880000 0.04930000
vn 0.49030000 -0.08840000 -0.86710000
vn 0.49110000 -0.07570000 -0.86780000
vn 0.48730000 -0.08680000 -0.86890000
vn 0.48640000 -0.10200000 -0.86780000
vn 0.48970000 -0.09770000 -0.86640000
vn 0.48900000 -0.11100000 -0.86520000
vn 0.48580000 -0.11530000 -0.86650000
vn 0.48810000 -0.12890000 -0.86320000
vn 0.48510000 -0.12920000 -0.86490000
vn -0.00000000 0.08690000 0.99620000
vn -0.00000000 0.08690000 0.99620000
vn -0.00000000 0.08690000 0.99620000
vn -0.00000000 0.08690000 0.99620000
vn 1.00000000 -0.00000000 -0.00000000
vn 1.00000000 -0.00000000 -0.00000000
vn 1.00000000 -0.00000000 -0.00000000
vn 1.00000000 -0.00000000 -0.00000000
vn 1.00000000 -0.00000000 -0.00000000
vn 1.00000000 -0.00000000 -0.00000000
vn 1.00000000 -0.00000000 -0.00000000
vn 1.00000000 -0.00000000 -0.00000000
vn 0.00000000 -0.03690000 -0.99930000
vn 0.00000000 -0.03690000 -0.99930000
vn 0.00000000 -0.03690000 -0.99930000
vn 0.00000000 -0.03690000 -0.99930000
vn 0.00000000 -0.03690000 -0.99930000
vn 0.00000000 -0.03690000 -0.99930000
vn -1.00000000 -0.00020000 0.00000000
vn -1.00000000 0.00000000 -0.00000000
vn -1.00000000 -0.00020000 0.00000000
vn -1.00000000 0.00000000 0.00010000
vn -1.00000000 0.00000000 0.00010000
vn -1.00000000 -0.00020000 0.00000000
vn -1.00000000 0.00000000 -0.00000000
vn -1.00000000 0.00000000 -0.00000000
vn -1.00000000 0.00000000 0.00010000
vn -1.00000000 0.00000000 -0.00000000
vn -1.00000000 0.00000000 -0.00000000
vn -1.00000000 0.00000000 -0.00000000
vn -1.00000000 0.00000000 -0.00000000
vn -0.48710000 0.16440000 0.85780000
vn -0.48400000 0.16480000 0.85940000
vn -0.48430000 0.15660000 0.86080000
vn -0.48720000 0.15870000 0.85870000
vn -0.48750000 0.14980000 0.86020000
vn -0.48470000 0.14290000 0.86290000
vn -0.48760000 0.14110000 0.86160000
vn -0.48440000 0.13260000 0.86470000
vn -0.48510000 0.11730000 0.86650000
vn -0.48790000 0.13080000 0.86310000
vn -0.48600000 0.10170000 0.86800000
vn -0.48880000 0.10550000 0.86600000
vn -0.48670000 0.08820000 0.86910000
vn -0.48750000 0.07570000 0.86990000
vn -0.49060000 0.07580000 0.86810000
vn -0.48950000 0.09290000 0.86710000
vn -0.25210000 0.18240000 0.95040000
vn 0.02870000 0.18820000 0.98170000
vn -0.24250000 0.18280000 0.95280000
vn -0.36090000 0.17570000 0.91590000
vn -0.76380000 0.12420000 0.63330000
vn -0.75850000 0.12540000 0.63950000
vn -0.65670000 0.14320000 0.74050000
vn -0.64840000 0.14440000 0.74750000
vn -0.52250000 0.16040000 0.83740000
vn -0.53290000 0.15930000 0.83100000
vn -0.87170000 0.09710000 0.48040000
vn -0.98010000 0.04050000 0.19430000
vn -0.98010000 0.04050000 0.19430000
vn 0.00000000 -0.23330000 -0.97240000
vn -0.00000000 -0.23310000 -0.97250000
vn 0.00000000 -0.23330000 -0.97240000
vn 0.00000000 -0.23330000 -0.97240000
vn -0.18320000 -0.22900000 -0.95600000
vn -0.18470000 -0.22890000 -0.95580000
vn 0.00000000 -0.23330000 -0.97240000
vn -0.38230000 -0.21430000 -0.89880000
vn -0.70790000 -0.16050000 -0.68790000
vn -0.38510000 -0.21370000 -0.89780000
vn -0.92380000 -0.08290000 -0.37370000
vn -0.99990000 -0.00320000 -0.01150000
vn -0.91950000 0.07870000 0.38500000
vn -0.92500000 -0.08230000 -0.37100000
vn -0.87100000 0.09730000 0.48160000
vn -0.68890000 0.13940000 0.71130000
vn -0.69320000 0.13870000 0.70720000
vn -1.00000000 -0.00030000 0.00180000
vn -0.92030000 0.07820000 0.38340000
vn -1.00000000 0.00000000 -0.00000000
vn -1.00000000 0.00000000 -0.00000000
vn -1.00000000 0.00000000 -0.00000000
vn -1.00000000 0.00000000 -0.00000000
vn -1.00000000 0.00000000 -0.00000000
vn -1.00000000 0.00000000 -0.00000000
vn 0.71250000 0.18240000 0.67760000
vn 0.38660000 0.25430000 0.88650000
vn 0.71580000 0.18150000 0.67430000
vn 0.18510000 0.27490000 0.94350000
vn 0.38940000 0.25390000 0.88540000
vn 0.00000000 0.28090000 0.95970000
vn 0.00000000 0.28100000 0.95970000
vn 0.00000000 0.28100000 0.95970000
vn 0.00000000 0.28090000 0.95970000
vn 0.18650000 0.27480000 0.94320000
vn 0.88650000 -0.08150000 -0.45540000
vn 0.81450000 -0.09760000 -0.57190000
vn 0.88610000 -0.08170000 -0.45620000
vn 0.88690000 -0.08140000 -0.45470000
vn 0.80200000 -0.09960000 -0.58900000
vn 0.92270000 -0.06990000 -0.37920000
vn 0.98200000 -0.03680000 -0.18510000
vn 0.70710000 -0.11180000 -0.69830000
vn 0.70400000 -0.11230000 -0.70130000
vn 0.82980000 -0.09470000 -0.55000000
vn 0.98210000 -0.03670000 -0.18490000
vn 0.92380000 -0.06940000 -0.37660000
vn 0.98810000 0.03390000 0.15030000
vn 1.00000000 -0.00000000 -0.00000000
vn 0.98560000 0.03740000 0.16470000
vn 0.94210000 0.07810000 0.32600000
vn 0.84220000 0.13360000 0.52240000
vn 0.88720000 0.11190000 0.44770000
vn 0.69630000 0.18660000 0.69310000
vn 0.98590000 0.03700000 0.16310000
vn 1.00000000 -0.00050000 -0.00250000
vn 0.84060000 0.13440000 0.52470000
vn 0.94230000 0.07800000 0.32540000
vn 0.69980000 0.18570000 0.68980000
vn 0.65070000 -0.11540000 -0.75050000
vn 0.54610000 -0.12340000 -0.82860000
vn 0.64130000 -0.11640000 -0.75850000
vn 0.73170000 -0.10780000 -0.67300000
vn 0.72780000 -0.10840000 -0.67720000
vn 0.00000000 -0.96820000 0.25010000
vn -0.00000000 -0.97570000 0.21920000
vn -0.00000000 -0.97610000 0.21720000
vn -0.00010000 -0.96820000 0.25000000
vn -0.00000000 -0.96410000 0.26550000
vn 0.00000000 -0.95970000 0.28090000
vn 0.00000000 -0.95970000 0.28090000
vn 0.00000000 -0.96820000 0.25010000
vn -0.00000000 -0.95970000 0.28100000
vn -0.00000000 -0.97610000 0.21720000
vn 0.00000000 -0.96260000 0.27110000
vn -0.00000000 -0.96660000 0.25630000
vn -0.00000000 -0.95970000 0.28100000
vn -0.00000000 -0.97040000 0.24140000
vn 0.00000000 -0.97910000 0.20320000
vn 0.00000000 -0.97290000 0.23140000
vn 0.00000000 -0.97520000 0.22140000
vn 0.00000000 -0.97210000 0.23470000
vn -0.00010000 -0.98000000 0.19910000
vn 0.00010000 -0.97900000 0.20370000
vn 0.00010000 -0.97560000 0.21940000
vn -0.00000000 -0.98210000 0.18840000
vn -0.00050000 -0.98490000 0.17290000
vn 0.00000000 -0.98420000 0.17730000
vn 0.00000000 -0.98190000 0.18910000
vn -0.00000000 -0.97740000 0.21140000
vn -0.00000000 -0.98460000 0.17500000
vn -0.00000000 -0.98700000 0.16080000
vn -0.00000000 -0.97950000 0.20140000
vn -0.00000000 -0.98710000 0.16020000
vn 0.00000000 -0.96530000 0.26120000
vn 0.00000000 -0.96930000 0.24590000
vn -0.00000000 -0.95970000 0.28100000
vn 0.00000000 -0.97290000 0.23140000
vn 0.00000000 -0.97520000 0.22140000
vn 0.00000000 -0.95970000 0.28090000
vn 0.00010000 -0.97570000 0.21930000
vn 0.00000000 -0.98140000 0.19180000
vn -0.00000000 -0.97910000 0.20340000
vn -0.00000000 -0.98340000 0.18150000
vn 0.00000000 -0.98610000 0.16600000
vn -0.00000000 -0.98210000 0.18840000
vn 0.00000000 -0.98030000 0.19740000
vn -0.00010000 -0.98520000 0.17160000
vn -0.00000000 -0.98310000 0.18290000
vn 0.00000000 -0.98890000 0.14880000
vn -0.00040000 -0.98750000 0.15780000
vn -0.00020000 -0.98980000 0.14240000
vn 0.00040000 -0.99130000 0.13180000
vn -0.00050000 -0.99190000 0.12710000
vn -0.00040000 -0.99370000 0.11210000
vn 0.00030000 -0.99340000 0.11510000
vn -0.00000000 -0.99070000 0.13570000
vn -0.00000000 -0.98860000 0.15060000
vn 0.00000000 -0.99070000 0.13590000
vn -0.00000000 -0.98860000 0.15060000
vn 0.00000000 -0.99520000 0.09770000
vn -0.00010000 -0.99530000 0.09680000
vn -0.00010000 -0.99660000 0.08180000
vn -0.00020000 -0.99780000 0.06670000
vn 0.00020000 -0.99710000 0.07630000
vn -0.00000000 -0.99930000 0.03690000
vn -0.00000000 -0.99870000 0.05160000
vn -0.00000000 -0.99930000 0.03690000
vn 0.00000000 -0.99840000 0.05650000
vn 0.00000000 -0.98750000 0.15770000
vn 0.00020000 -0.98800000 0.15430000
vn 0.00010000 -0.99190000 0.12720000
vn 0.00010000 -0.99050000 0.13760000
vn 0.00010000 -0.99280000 0.12000000
vn -0.00000000 -0.99280000 0.11990000
vn 0.00000000 -0.99750000 0.07020000
vn 0.00000000 -0.99840000 0.05730000
vn 0.00000000 -0.99780000 0.06680000
vn 0.00010000 -0.99620000 0.08690000
vn 0.00010000 -0.99460000 0.10380000
vn -0.00000000 -0.99530000 0.09680000
vn -0.00000000 -0.99930000 0.03690000
vn 0.00000000 -0.99930000 0.03700000
vn -0.79970000 0.16870000 0.57620000
vn -0.79960000 0.15680000 0.57960000
vn -0.80220000 0.15600000 0.57640000
vn -0.79960000 0.14490000 0.58280000
vn -0.80190000 0.14700000 0.57910000
vn -0.80200000 0.13820000 0.58120000
vn -0.79970000 0.13300000 0.58550000
vn -0.79980000 0.12090000 0.58790000
vn -0.80200000 0.13230000 0.58250000
vn 0.00000000 0.28090000 0.95970000
vn 0.00000000 0.28090000 0.95970000
vn 0.00000000 0.28090000 0.95970000
vn 0.00000000 0.28090000 0.95970000
vn 1.00000000 -0.00000000 -0.00000000
vn 1.00000000 -0.00000000 -0.00000000
vn 1.00000000 -0.00000000 -0.00000000
vn 1.00000000 -0.00000000 -0.00000000
vn 1.00000000 -0.00000000 -0.00000000
vn 1.00000000 -0.00000000 -0.00000000
vn 1.00000000 -0.00000000 -0.00000000
vn 1.00000000 -0.00000000 -0.00000000
vn 1.00000000 -0.00000000 -0.00000000
vn 1.00000000 -0.00000000 -0.00000000
vn 1.00000000 -0.00000000 -0.00000000
vn 1.00000000 -0.00000000 -0.00000000
vn 1.00000000 -0.00000000 -0.00000000
vn 1.00000000 -0.00000000 -0.00000000
vn 1.00000000 -0.00000000 -0.00000000
vn 1.00000000 -0.00000000 -0.00000000
vn 0.00000000 -0.03690000 -0.99930000
vn 0.00000000 -0.03690000 -0.99930000
vn 0.00000000 -0.03690000 -0.99930000
vn -1.00000000 0.00010000 -0.00010000
vn -1.00000000 0.00000000 -0.00000000
vn -1.00000000 0.00010000 -0.00010000
vn -1.00000000 0.00000000 -0.00000000
vn -1.00000000 0.00010000 -0.00010000
vn -1.00000000 0.00000000 -0.00000000
vn -1.00000000 0.00000000 -0.00000000
vn -1.00000000 0.00000000 -0.00000000
vn -1.00000000 -0.00010000 -0.00000000
vn -1.00000000 0.00000000 -0.00000000
vn -1.00000000 0.00000000 -0.00000000
vn -1.00000000 0.00000000 -0.00000000
vn -1.00000000 -0.00010000 -0.00000000
vn -1.00000000 0.00000000 -0.00000000
vn -1.00000000 0.00010000 -0.00010000
vn -1.00000000 0.00000000 -0.00000000
vn -1.00000000 0.00000000 -0.00000000
vn -1.00000000 0.00010000 -0.00010000
vn -1.00000000 0.00000000 -0.00000000
vn -1.00000000 -0.00010000 -0.00000000
vn -1.00000000 -0.00010000 -0.00000000
vn -1.00000000 0.00000000 -0.00000000
vn -1.00000000 0.00000000 -0.00000000
vn -1.00000000 0.00000000 -0.00000000
vn -1.00000000 0.00000000 -0.00000000
vn -1.00000000 -0.00010000 -0.00000000
vn -1.00000000 0.00000000 -0.00000000
vn -1.00000000 -0.00010000 -0.00000000
vn -1.00000000 0.00000000 -0.00000000
vn -1.00000000 0.00000000 -0.00000000
vn -1.00000000 0.00000000 -0.00000000
vn -1.00000000 -0.00010000 -0.00000000
vn -1.00000000 0.00010000 -0.00000000
vn -1.00000000 -0.00010000 -0.00000000
vn -1.00000000 0.00010000 -0.00000000
vn -1.00000000 0.00000000 -0.00000000
vn -1.00000000 0.00000000 -0.00000000
vn -1.00000000 0.00010000 -0.00000000
vn -1.00000000 -0.00010000 -0.00000000
vn -1.00000000 0.00000000 -0.00000000
vn -1.00000000 0.00000000 -0.00000000
vn -1.00000000 0.00000000 -0.00000000
vn -1.00000000 0.00000000 -0.00000000
vn -1.00000000 0.00010000 -0.00000000
vn -1.00000000 -0.00010000 -0.00000000
vn -1.00000000 -0.00010000 -0.00000000
vn -1.00000000 0.00000000 -0.00000000
vn -1.00000000 0.00010000 -0.00000000
vn -1.00000000 0.00000000 -0.00000000
vn -1.00000000 -0.00010000 -0.00000000
vn -1.00000000 0.00010000 -0.00000000
vn -1.00000000 0.00010000 -0.00000000
vn -1.00000000 0.00000000 -0.00000000
vn -1.00000000 -0.00010000 -0.00000000
vn 0.80200000 -0.08160000 -0.59170000
vn 0.80140000 -0.07160000 -0.59380000
vn 0.80110000 -0.07790000 -0.59350000
vn 0.80600000 -0.10020000 -0.58340000
vn 0.80030000 -0.08740000 -0.59320000
vn 0.80320000 -0.08090000 -0.59020000
vn 0.80380000 -0.07130000 -0.59060000
vn 0.80280000 -0.08970000 -0.58950000
vn 0.80230000 -0.09850000 -0.58870000
vn 0.80450000 -0.11010000 -0.58370000
vn 0.80690000 -0.10720000 -0.58090000
vn 0.80480000 -0.09850000 -0.58530000
vn 0.80670000 -0.11330000 -0.58000000
vn 0.80660000 -0.12020000 -0.57880000
vn 0.80430000 -0.12000000 -0.58200000
vn -0.80190000 -0.11820000 -0.58560000
vn -0.80070000 -0.13010000 -0.58480000
vn -0.80080000 -0.12170000 -0.58640000
vn -0.80120000 -0.10470000 -0.58910000
vn -0.80090000 -0.11320000 -0.58790000
vn -0.80180000 -0.09480000 -0.59010000
vn -0.80310000 -0.12940000 -0.58170000
vn -0.80320000 -0.12110000 -0.58330000
vn -0.80350000 -0.10430000 -0.58610000
vn -0.80340000 -0.11260000 -0.58470000
vn -0.80330000 -0.09630000 -0.58770000
vn -0.80160000 -0.08300000 -0.59200000
vn -0.80080000 -0.08060000 -0.59340000
vn -0.80140000 -0.07170000 -0.59380000
vn -0.80020000 -0.09290000 -0.59250000
vn -0.80300000 -0.08040000 -0.59050000
vn -0.80300000 -0.08910000 -0.58920000
vn -0.80370000 -0.07130000 -0.59070000
vn 1.00000000 -0.00000000 -0.00000000
vn 1.00000000 -0.00010000 0.00000000
vn 1.00000000 -0.00000000 -0.00000000
vn 1.00000000 -0.00010000 0.00000000
vn 1.00000000 -0.00000000 -0.00000000
vn 1.00000000 -0.00010000 0.00000000
vn 1.00000000 -0.00000000 -0.00000000
vn 1.00000000 -0.00000000 -0.00000000
vn 1.00000000 -0.00000000 -0.00000000
vn 1.00000000 0.00010000 0.00000000
vn 1.00000000 -0.00000000 -0.00000000
vn 1.00000000 -0.00000000 -0.00000000
vn 1.00000000 0.00010000 0.00000000
vn 1.00000000 -0.00010000 0.00000000
vn 1.00000000 -0.00010000 0.00000000
vn 1.00000000 -0.00000000 -0.00000000
vn 1.00000000 -0.00010000 0.00000000
vn 1.00000000 0.00010000 0.00000000
vn 1.00000000 -0.00000000 -0.00000000
vn 1.00000000 -0.00000000 -0.00000000
vn 1.00000000 -0.00010000 0.00000000
vn 1.00000000 -0.00000000 -0.00000000
vn 1.00000000 -0.00000000 -0.00000000
vn 1.00000000 -0.00010000 0.00000000
vn 1.00000000 -0.00010000 0.00000000
vn 1.00000000 -0.00000000 -0.00000000
vn 1.00000000 -0.00000000 -0.00000000
vn 1.00000000 -0.00010000 0.00000000
vn 1.00000000 -0.00000000 -0.00000000
vn 1.00000000 -0.00000000 -0.00000000
vn 1.00000000 -0.00000000 -0.00000000
vn 1.00000000 -0.00000000 -0.00000000
vn 1.00000000 -0.00000000 -0.00000000
vn 1.00000000 -0.00000000 -0.00000000
vn 1.00000000 -0.00000000 -0.00000000
vn 1.00000000 -0.00000000 -0.00000000
vn 1.00000000 -0.00000000 -0.00000000
vn 1.00000000 -0.00000000 -0.00000000
vn 1.00000000 -0.00000000 -0.00000000
vn 1.00000000 -0.00000000 -0.00000000
vn 1.00000000 -0.00000000 -0.00000000
vn 1.00000000 -0.00000000 -0.00000000
vn 1.00000000 -0.00000000 -0.00000000
vn 0.00000000 -0.03690000 -0.99930000
vn 0.00000000 -0.03690000 -0.99930000
vn 0.00000000 -0.03690000 -0.99930000
vn -1.00000000 -0.00010000 0.00010000
vn -1.00000000 -0.00020000 0.00000000
vn -1.00000000 0.00000000 -0.00000000
vn -1.00000000 -0.00010000 -0.00000000
vn -1.00000000 -0.00010000 0.00010000
vn -1.00000000 0.00000000 -0.00000000
vn -1.00000000 -0.00010000 -0.00000000
vn -1.00000000 -0.00010000 0.00010000
vn -1.00000000 0.00000000 -0.00000000
vn -1.00000000 -0.00010000 -0.00000000
vn -1.00000000 -0.00020000 0.00000000
vn -1.00000000 -0.00020000 0.00000000
vn -1.00000000 -0.00010000 -0.00000000
vn -1.00000000 0.00000000 -0.00000000
vn -1.00000000 0.00040000 0.00000000
vn -1.00000000 -0.00010000 -0.00000000
vn -1.00000000 0.00000000 -0.00000000
vn -1.00000000 0.00040000 0.00000000
vn -1.00000000 -0.00010000 -0.00000000
vn -1.00000000 0.00040000 0.00000000
vn -1.00000000 0.00000000 -0.00000000
vn -1.00000000 -0.00010000 0.00010000
vn -1.00000000 0.00000000 -0.00000000
vn -1.00000000 0.00000000 -0.00000000
vn -1.00000000 -0.00010000 -0.00000000
vn -1.00000000 -0.00010000 0.00010000
vn -1.00000000 -0.00010000 -0.00000000
vn -1.00000000 -0.00010000 0.00010000
vn -1.00000000 -0.00010000 -0.00000000
vn -1.00000000 0.00000000 -0.00000000
vn -1.00000000 0.00000000 -0.00000000
vn -1.00000000 0.00000000 -0.00000000
vn -1.00000000 0.00000000 -0.00000000
vn -1.00000000 0.00000000 -0.00000000
vn -1.00000000 0.00000000 -0.00000000
vn -1.00000000 0.00000000 -0.00000000
vn -1.00000000 0.00000000 -0.00000000
vn -1.00000000 0.00000000 -0.00000000
vn -1.00000000 -0.00010000 -0.00000000
vn -1.00000000 -0.00010000 -0.00000000
vn -1.00000000 0.00000000 -0.00000000
vn -1.00000000 -0.00010000 -0.00000000
vn -1.00000000 -0.00020000 0.00000000
vn -1.00000000 -0.00010000 -0.00000000
vn -1.00000000 0.00000000 -0.00000000
vn -1.00000000 -0.00020000 0.00000000
vn -1.00000000 -0.00010000 -0.00000000
vn -1.00000000 0.00000000 -0.00000000
vn -1.00000000 0.00000000 -0.00000000
vn -1.00000000 -0.00020000 0.00000000
vn -1.00000000 0.00000000 -0.00000000
vn -1.00000000 0.00000000 -0.00000000
vn -1.00000000 -0.00020000 0.00000000
vn -1.00000000 0.00000000 -0.00000000
vn -1.00000000 -0.00010000 -0.00000000
vn -1.00000000 -0.00020000 0.00000000
vn -1.00000000 -0.00010000 -0.00000000
vn -1.00000000 0.00000000 -0.00000000
vn -1.00000000 -0.00020000 0.00000000
vn -1.00000000 0.00000000 -0.00000000
vn -1.00000000 -0.00010000 -0.00000000
vn -1.00000000 0.00000000 -0.00000000
vn -1.00000000 0.00010000 -0.00000000
vn -1.00000000 -0.00010000 -0.00000000
vn -1.00000000 -0.00010000 -0.00000000
vn -1.00000000 0.00000000 -0.00000000
vn -1.00000000 0.00000000 -0.00000000
vn -1.00000000 0.00000000 -0.00000000
vn -1.00000000 0.00010000 -0.00000000
vn -1.00000000 0.00000000 -0.00000000
vn -1.00000000 0.00000000 -0.00000000
vn -1.00000000 0.00010000 -0.00000000
vn -1.00000000 0.00000000 -0.00000000
vn -1.00000000 0.00000000 -0.00000000
vn 0.00000000 0.28090000 0.95970000
vn 0.00000000 0.28110000 0.95970000
vn -0.00000000 0.28080000 0.95980000
vn 0.00000000 0.28110000 0.95970000
vn -0.00000000 0.28080000 0.95980000
vn -0.00000000 0.28080000 0.95980000
vn 0.00000000 0.28090000 0.95970000
vn 0.00000000 0.28090000 0.95970000
vn 0.00000000 0.28090000 0.95970000
vn 0.80070000 0.13020000 0.58470000
vn 0.79980000 0.12090000 0.58790000
vn 0.79960000 0.13010000 0.58620000
vn 0.79960000 0.13890000 0.58420000
vn 0.80070000 0.14970000 0.58010000
vn 0.80210000 0.12630000 0.58370000
vn 0.80210000 0.12020000 0.58490000
vn 0.80200000 0.13240000 0.58250000
vn 0.80190000 0.13830000 0.58130000
vn 0.79960000 0.14810000 0.58200000
vn 0.79960000 0.15910000 0.57900000
vn 0.80200000 0.15300000 0.57740000
vn 0.80190000 0.14420000 0.57980000
vn 0.80210000 0.16190000 0.57490000
vn 0.80210000 0.16770000 0.57310000
vn 0.79980000 0.16860000 0.57610000
vn 0.00000000 -0.90630000 0.42260000
vn 0.00000000 -0.90630000 0.42260000
vn 0.00000000 -0.90630000 0.42260000
vn 0.00000000 -0.90630000 0.42260000
vn 0.00000000 -0.91440000 0.40470000
vn -0.00000000 -0.90640000 0.42250000
vn 0.00000000 -0.91400000 0.40580000
vn -0.00000000 -0.91680000 0.39940000
vn 0.00000000 -0.91730000 0.39830000
vn -0.00000000 -0.92170000 0.38790000
vn 0.00000000 -0.93060000 0.36600000
vn 0.00000000 -0.92690000 0.37540000
vn 0.00000000 -0.92640000 0.37660000
vn -0.00000000 -0.92240000 0.38640000
vn 0.00000000 -0.93440000 0.35620000
vn 0.00000000 -0.93060000 0.36600000
vn 0.00000000 -0.90630000 0.42260000
vn -0.00000000 -0.93340000 0.35880000
vn 0.00000000 -0.93770000 0.34750000
vn -0.00000000 -0.93510000 0.35430000
vn 0.00000000 -0.93950000 0.34260000
vn -0.00000000 -0.93560000 0.35290000
vn 0.00000000 -0.93570000 0.35290000
vn 0.00000000 -0.93570000 0.35290000
vn 0.00000000 -0.94040000 0.34010000
vn 0.00000000 -0.94250000 0.33410000
vn -0.00000000 -0.94400000 0.33000000
vn -0.00000000 -0.94490000 0.32730000
vn -0.00000000 -0.94500000 0.32720000
vn -0.00000000 -0.94480000 0.32770000
vn 0.00000000 -0.94470000 0.32790000
vn -0.00000000 -0.94500000 0.32720000
vn -1.00000000 0.00010000 -0.00000000
vn -1.00000000 0.00010000 0.00020000
vn -0.99890000 -0.01840000 -0.04240000
vn -0.99900000 -0.01780000 -0.04060000
vn -1.00000000 0.00010000 -0.00000000
vn -1.00000000 0.00030000 0.00070000
vn -1.00000000 0.00030000 0.00060000
vn -0.98170000 -0.07390000 -0.17570000
vn -0.93860000 -0.13010000 -0.31950000
vn -0.93850000 -0.13000000 -0.31980000
vn -0.86630000 -0.18290000 -0.46490000
vn -0.77800000 -0.22410000 -0.58700000
vn -0.78030000 -0.22310000 -0.58430000
vn -0.68190000 -0.25340000 -0.68620000
vn -0.68580000 -0.25210000 -0.68280000
vn -0.86860000 -0.18140000 -0.46110000
vn -0.98190000 -0.07340000 -0.17450000
vn -0.56520000 -0.27950000 -0.77620000
vn -0.42130000 -0.30310000 -0.85470000
vn -0.42390000 -0.30280000 -0.85360000
vn -0.26250000 -0.31870000 -0.91080000
vn -0.10680000 -0.32600000 -0.93930000
vn -0.10780000 -0.32590000 -0.93920000
vn -0.26460000 -0.31850000 -0.91030000
vn -0.00000000 -0.32740000 -0.94490000
vn 0.00000000 -0.32730000 -0.94490000
vn -0.00000000 -0.32740000 -0.94490000
vn 0.00000000 -0.32730000 -0.94490000
vn -0.00000000 -0.32740000 -0.94490000
vn 0.00000000 -0.32730000 -0.94490000
vn -1.00000000 0.00000000 -0.00000000
vn -1.00000000 0.00000000 -0.00000000
vn -1.00000000 0.00000000 -0.00000000
vn 1.00000000 -0.00000000 -0.00000000
vn 1.00000000 -0.00000000 -0.00000000
vn 1.00000000 -0.00000000 -0.00000000
vn 0.00000000 0.35290000 0.93570000
vn 0.00000000 0.35290000 0.93570000
vn 0.00000000 0.35290000 0.93570000
vn 0.00000000 0.35290000 0.93570000
vn 0.10890000 0.35090000 0.93010000
vn 0.23490000 0.34420000 0.90900000
vn 0.00000000 0.35290000 0.93570000
vn 0.48230000 0.31430000 0.81770000
vn 0.48390000 0.31400000 0.81690000
vn -0.00000000 0.35280000 0.93570000
vn 0.00000000 0.35290000 0.93570000
vn 0.23680000 0.34400000 0.90860000
vn -0.00030000 0.35280000 0.93570000
vn 0.68170000 0.26740000 0.68110000
vn 0.48550000 0.31360000 0.81600000
vn 0.67950000 0.26810000 0.68300000
vn 0.75850000 0.24070000 0.60560000
vn 0.82880000 0.20960000 0.51880000
vn 0.94490000 0.12680000 0.30190000
vn 0.94460000 0.12700000 0.30260000
vn 0.99610000 0.03590000 0.08070000
vn 1.00000000 0.00010000 0.00020000
vn 1.00000000 0.00020000 -0.00010000
vn 1.00000000 -0.00010000 0.00000000
vn 1.00000000 0.00070000 0.00090000
vn 1.00000000 0.00020000 -0.00010000
vn 1.00000000 0.00030000 -0.00010000
vn 0.83100000 0.20830000 0.51580000
vn 0.94520000 0.12630000 0.30090000
vn 0.99620000 0.03540000 0.07960000
vn 1.00000000 0.00040000 0.00040000
vn 1.00000000 0.00030000 0.00040000
vn 1.00000000 0.00030000 0.00030000
vn 1.00000000 -0.00010000 0.00000000
vn 1.00000000 -0.00000000 -0.00000000
vn 1.00000000 -0.00000000 -0.00000000
vn 1.00000000 -0.00000000 -0.00000000
vn 1.00000000 -0.00000000 -0.00000000
vn 1.00000000 -0.00000000 -0.00000000
vn 0.00010000 -0.90630000 0.42260000
vn -0.00000000 -0.90640000 0.42250000
vn 0.00010000 -0.90630000 0.42260000
vn 0.00010000 -0.90630000 0.42260000
vn -0.00000000 -0.90640000 0.42250000
vn -0.00000000 -0.90640000 0.42250000
vn -0.00000000 -0.90640000 0.42250000
vn 0.00000000 -0.90630000 0.42260000
vn -0.00000000 -0.90640000 0.42250000
vn 0.00000000 -0.90630000 0.42260000
vn -0.00000000 -0.90640000 0.42250000
vn 0.00000000 -0.90630000 0.42260000
vn 0.00000000 -0.91540000 0.40260000
vn 0.00000000 -0.91540000 0.40240000
vn -0.00000000 -0.91130000 0.41180000
vn -0.00000000 -0.90890000 0.41700000
vn -0.00000000 -0.90900000 0.41680000
vn 0.00000000 -0.92870000 0.37070000
vn 0.00000000 -0.92920000 0.36970000
vn 0.00000000 -0.92380000 0.38290000
vn 0.00000000 -0.92050000 0.39080000
vn 0.00000000 -0.92050000 0.39080000
vn -0.00000000 -0.93330000 0.35920000
vn -0.00000000 -0.93320000 0.35930000
vn 0.00000000 -0.94490000 0.32740000
vn -0.00000000 -0.93900000 0.34400000
vn 0.00000000 -0.93780000 0.34710000
vn 0.00000000 -0.94490000 0.32740000
vn -0.00000000 -0.92700000 0.37500000
vn -0.00000000 -0.93330000 0.35920000
vn -0.00000000 -0.93330000 0.35920000
vn -0.00000000 -0.93890000 0.34410000
vn 0.00000000 -0.93920000 0.34330000
vn 0.00000000 -0.94490000 0.32740000
vn 0.00000000 -0.94490000 0.32740000
vn -0.80550000 -0.24730000 -0.53850000
vn -0.80480000 -0.23960000 -0.54310000
vn -0.80790000 -0.24580000 -0.53570000
vn -0.80410000 -0.23230000 -0.54720000
vn -0.80700000 -0.23780000 -0.54050000
vn -0.80590000 -0.25020000 -0.53660000
vn -0.80580000 -0.25020000 -0.53670000
vn -0.80590000 -0.25020000 -0.53660000
vn -0.80580000 -0.25020000 -0.53670000
vn -0.80590000 -0.25020000 -0.53660000
vn 0.00000000 0.42260000 0.90630000
vn 0.00000000 0.42260000 0.90630000
vn 0.00000000 0.42260000 0.90630000
vn 0.80490000 0.25080000 0.53790000
vn 0.80490000 0.25080000 0.53790000
vn 0.80490000 0.25080000 0.53790000
vn 0.80490000 0.25080000 0.53790000
vn -0.80490000 0.25080000 0.53780000
vn -0.80490000 0.25080000 0.53790000
vn -0.80490000 0.25080000 0.53780000
vn -0.80490000 0.25080000 0.53780000
vn -0.80490000 0.25080000 0.53790000
vn 0.00000000 0.42260000 0.90630000
vn 0.00000000 0.42260000 0.90630000
vn 0.00000000 0.42260000 0.90630000
vn 0.80580000 -0.25020000 -0.53670000
vn 0.80580000 -0.25020000 -0.53670000
vn 0.80580000 -0.25020000 -0.53670000
vn 0.80430000 -0.23230000 -0.54700000
vn 0.80440000 -0.23610000 -0.54510000
vn 0.80700000 -0.23760000 -0.54070000
vn 0.80170000 0.19570000 0.56480000
vn 0.80220000 0.20500000 0.56080000
vn 0.80450000 0.20390000 0.55780000
vn 0.80280000 0.21430000 0.55650000
vn 0.80510000 0.21310000 0.55360000
vn 0.80340000 0.22340000 0.55190000
vn 0.80400000 0.23240000 0.54730000
vn 0.80640000 0.23110000 0.54430000
vn 0.80570000 0.22220000 0.54900000
vn -0.00000000 -0.32740000 -0.94490000
vn -0.00000000 -0.32740000 -0.94490000
vn -0.00000000 -0.32740000 -0.94490000
vn -0.80210000 -0.22080000 -0.55480000
vn -0.80170000 -0.21470000 -0.55780000
vn -0.80450000 -0.21960000 -0.55180000
vn -0.80350000 -0.20480000 -0.55890000
vn -0.80410000 -0.21350000 -0.55480000
vn -0.80300000 -0.19510000 -0.56310000
vn -0.80120000 -0.20500000 -0.56220000
vn 0.80090000 -0.19600000 -0.56590000
vn 0.80100000 -0.20230000 -0.56340000
vn 0.80310000 -0.19510000 -0.56300000
vn 0.80160000 -0.21180000 -0.55910000
vn 0.80360000 -0.20480000 -0.55890000
vn 0.80220000 -0.22070000 -0.55480000
vn 0.80450000 -0.21960000 -0.55190000
vn 0.80410000 -0.21350000 -0.55480000
vn 0.00000000 -0.32730000 -0.94490000
vn -0.00010000 -0.32760000 -0.94480000
vn -0.00010000 -0.32760000 -0.94480000
vn -0.00010000 -0.32760000 -0.94480000
vn 0.00000000 -0.32730000 -0.94490000
vn -0.80410000 0.23230000 0.54720000
vn -0.80360000 0.22570000 0.55080000
vn -0.80640000 0.23110000 0.54430000
vn -0.80300000 0.21880000 0.55430000
vn -0.80550000 0.21970000 0.55030000
vn -0.80510000 0.21310000 0.55360000
vn -0.80260000 0.21160000 0.55780000
vn -0.80200000 0.20250000 0.56190000
vn -0.80470000 0.20610000 0.55680000
vn 0.00010000 -0.90630000 0.42260000
vn 0.00010000 -0.90630000 0.42260000
vn 0.00000000 -0.90630000 0.42260000
vn 0.00010000 -0.90630000 0.42260000
vn 0.00000000 -0.90630000 0.42260000
vn 0.00000000 -0.90630000 0.42260000
vn 0.00000000 -0.90630000 0.42260000
vn 0.00000000 -0.90630000 0.42260000
vn 0.00000000 -0.90630000 0.42260000
vn 0.00000000 -0.90630000 0.42260000
vn -0.00000000 -0.90890000 0.41690000
vn 0.00000000 -0.90630000 0.42260000
vn -0.00000000 -0.90740000 0.42030000
vn 0.00000000 -0.91280000 0.40850000
vn -0.00000000 -0.91780000 0.39700000
vn 0.00000000 -0.92690000 0.37540000
vn 0.00000000 -0.92270000 0.38540000
vn -0.00000000 -0.91490000 0.40360000
vn -0.00000000 -0.91780000 0.39710000
vn 0.00000000 -0.92260000 0.38560000
vn -0.00000000 -0.91990000 0.39220000
vn -0.00000000 -0.91990000 0.39220000
vn 0.00000000 -0.90630000 0.42260000
vn 0.00000000 -0.90630000 0.42260000
vn 0.00000000 -0.92690000 0.37540000
vn -0.00000000 -0.92690000 0.37530000
vn 0.00000000 -0.92740000 0.37410000
vn 0.00000000 -0.93200000 0.36250000
vn -0.00000000 -0.93650000 0.35070000
vn 0.00000000 -0.92750000 0.37390000
vn 0.00000000 -0.94490000 0.32740000
vn 0.00000000 -0.94490000 0.32740000
vn 0.00000000 -0.93240000 0.36140000
vn -0.00000000 -0.93650000 0.35080000
vn 0.00000000 -0.94490000 0.32740000
vn -0.00000000 -0.94490000 0.32730000
vn 0.00000000 0.42260000 0.90630000
vn 0.00000000 0.42260000 0.90630000
vn 0.00000000 0.42260000 0.90630000
vn 0.80520000 0.25060000 0.53740000
vn 0.80510000 0.25070000 0.53750000
vn 0.80510000 0.25070000 0.53750000
vn 0.80520000 0.25060000 0.53740000
vn 0.80270000 0.22480000 0.55230000
vn 0.80270000 0.22480000 0.55240000
vn 0.80500000 0.22270000 0.54990000
vn 0.80500000 0.22250000 0.54990000
vn 0.80210000 0.21590000 0.55680000
vn 0.80440000 0.21470000 0.55390000
vn 0.80390000 0.22420000 0.55100000
vn 0.80390000 0.22410000 0.55090000
vn 0.80580000 0.23220000 0.54480000
vn 0.80370000 0.23640000 0.54610000
vn 0.80540000 0.24150000 0.54130000
vn 0.80460000 0.24550000 0.54070000
vn 0.80640000 0.23880000 0.54100000
vn 0.80720000 0.24610000 0.53660000
vn 0.00000000 0.42260000 0.90630000
vn 0.00000000 0.42260000 0.90630000
vn 0.00000000 0.42260000 0.90630000
vn 0.00000000 -0.32730000 -0.94490000
vn -0.00000000 -0.32740000 -0.94490000
vn -0.00000000 -0.32740000 -0.94490000
vn 0.00000000 -0.32730000 -0.94490000
vn -0.00000000 -0.32740000 -0.94490000
vn -0.80500000 -0.24920000 -0.53850000
vn -0.80370000 -0.23630000 -0.54620000
vn -0.80730000 -0.24780000 -0.53560000
vn -0.80260000 -0.22310000 -0.55320000
vn -0.80550000 -0.22850000 -0.54680000
vn -0.80620000 -0.23490000 -0.54300000
vn -0.80450000 -0.21530000 -0.55360000
vn -0.80500000 -0.22190000 -0.55020000
vn -0.80170000 -0.20970000 -0.55980000
vn -0.80100000 -0.19600000 -0.56570000
vn -0.80410000 -0.20860000 -0.55680000
vn 1.00000000 -0.00000000 -0.00000000
vn 1.00000000 -0.00000000 -0.00000000
vn 1.00000000 -0.00000000 -0.00000000
vn 1.00000000 -0.00000000 -0.00000000
vn 1.00000000 -0.00000000 -0.00000000
vn 1.00000000 -0.00000000 -0.00000000
vn 1.00000000 -0.00000000 -0.00000000
vn 1.00000000 -0.00000000 -0.00000000
vn 1.00000000 -0.00000000 -0.00000000
vn 1.00000000 -0.00000000 -0.00000000
vn -1.00000000 0.00000000 -0.00000000
vn -1.00000000 0.00000000 -0.00000000
vn -1.00000000 0.00000000 -0.00000000
vn -1.00000000 0.00000000 -0.00000000
vn -1.00000000 0.00000000 -0.00000000
vn -1.00000000 0.00000000 -0.00000000
vn -1.00000000 0.00000000 -0.00000000
vn -1.00000000 0.00000000 -0.00000000
vn -1.00000000 0.00000000 -0.00000000
vn -1.00000000 0.00000000 -0.00000000
vn -1.00000000 0.00000000 -0.00000000
vn -1.00000000 0.00000000 -0.00000000
vn -1.00000000 0.00000000 -0.00000000
vn -1.00000000 0.00000000 -0.00000000
vn -1.00000000 0.00000000 -0.00000000
vn -1.00000000 0.00000000 -0.00000000
vn 1.00000000 -0.00000000 -0.00000000
vn 1.00000000 -0.00000000 -0.00000000
vn 1.00000000 -0.00000000 -0.00000000
vn 1.00000000 -0.00000000 -0.00000000
vn 1.00000000 -0.00000000 -0.00000000
vn 1.00000000 -0.00000000 -0.00000000
vn 1.00000000 -0.00000000 -0.00000000
vn 0.00000000 -0.90630000 0.42270000
vn 0.00000000 -0.90630000 0.42260000
vn 0.00000000 -0.90630000 0.42270000
vn 0.00000000 -0.90630000 0.42260000
vn 0.00000000 -0.90630000 0.42260000
vn 0.00000000 -0.90630000 0.42270000
vn 0.00000000 -0.90620000 0.42280000
vn 0.00000000 -0.90630000 0.42260000
vn 0.00000000 -0.90620000 0.42280000
vn 0.00000000 -0.90630000 0.42260000
vn 0.00000000 -0.90620000 0.42280000
vn 0.00000000 -0.90630000 0.42260000
vn -0.00000000 -0.91080000 0.41290000
vn -0.00000000 -0.91130000 0.41180000
vn 0.00000000 -0.91760000 0.39760000
vn -0.00000000 -0.91090000 0.41270000
vn 0.00000000 -0.92830000 0.37190000
vn 0.00000000 -0.92830000 0.37190000
vn 0.00000000 -0.93410000 0.35710000
vn 0.00000000 -0.93960000 0.34220000
vn 0.00000000 -0.93410000 0.35710000
vn -0.00000000 -0.94490000 0.32730000
vn -0.00000000 -0.94490000 0.32730000
vn 0.00000000 -0.92220000 0.38670000
vn 0.00000000 -0.93960000 0.34230000
vn -0.00000000 -0.91840000 0.39570000
vn -0.00010000 -0.92230000 0.38640000
vn -0.80470000 -0.24740000 -0.53970000
vn -0.80400000 -0.24090000 -0.54360000
vn -0.80680000 -0.24380000 -0.53820000
vn -0.80360000 -0.23570000 -0.54650000
vn -0.80310000 -0.23040000 -0.54940000
vn -0.80590000 -0.23540000 -0.54320000
vn -0.80500000 -0.25070000 -0.53770000
vn -0.80500000 -0.25070000 -0.53770000
vn -0.80500000 -0.25070000 -0.53770000
vn 0.00000000 0.42260000 0.90630000
vn 0.00000000 0.42260000 0.90630000
vn 0.00000000 0.42260000 0.90630000
vn -0.80490000 0.25080000 0.53780000
vn -0.80490000 0.25080000 0.53780000
vn -0.80490000 0.25080000 0.53780000
vn -0.80490000 0.25080000 0.53780000
vn 0.00000000 0.42260000 0.90630000
vn 0.00000000 0.42260000 0.90630000
vn 0.00000000 0.42260000 0.90630000
vn 0.80500000 -0.25070000 -0.53770000
vn 0.80500000 -0.25070000 -0.53770000
vn 0.80500000 -0.25070000 -0.53770000
vn 0.80310000 -0.23040000 -0.54950000
vn 0.80380000 -0.23860000 -0.54490000
vn 0.80590000 -0.23430000 -0.54380000
vn 0.80680000 -0.24390000 -0.53810000
vn 0.80440000 -0.24710000 -0.54030000
vn 1.00000000 -0.00000000 -0.00000000
vn 1.00000000 -0.00000000 -0.00000000
vn 1.00000000 -0.00000000 -0.00000000
vn 1.00000000 -0.00000000 -0.00000000
vn 1.00000000 -0.00000000 -0.00000000
vn 1.00000000 0.00000000 0.00010000
vn 1.00000000 -0.00000000 -0.00000000
vn 1.00000000 0.00020000 -0.00010000
vn 1.00000000 -0.00000000 -0.00000000
vn 1.00000000 0.00000000 0.00010000
vn 1.00000000 0.00020000 -0.00010000
vn -1.00000000 0.00000000 -0.00010000
vn -1.00000000 0.00000000 -0.00000000
vn -1.00000000 0.00000000 -0.00000000
vn -1.00000000 0.00000000 -0.00010000
vn -1.00000000 0.00000000 -0.00000000
vn -1.00000000 0.00000000 -0.00000000
vn -1.00000000 0.00000000 -0.00010000
vn -1.00000000 0.00000000 -0.00000000
vn -1.00000000 0.00000000 -0.00000000
vn -1.00000000 0.00000000 -0.00000000
vn -1.00000000 0.00000000 -0.00000000
vn -1.00000000 0.00000000 -0.00000000
vn -0.00000000 -0.98910000 0.14700000
vn 0.00030000 -0.99070000 0.13620000
vn 0.00010000 -0.99070000 0.13630000
vn 0.00020000 -0.98790000 0.15500000
vn 0.00000000 -0.98710000 0.16010000
vn 0.00020000 -0.98480000 0.17350000
vn -0.00000000 -0.98500000 0.17270000
vn -0.00000000 -0.98140000 0.19190000
vn 0.00020000 -0.98050000 0.19670000
vn -0.00000000 -0.98300000 0.18360000
vn -0.00000000 -0.97790000 0.20920000
vn -0.00000000 -0.96910000 0.24650000
vn 0.00010000 -0.96430000 0.26470000
vn -0.00000000 -0.96370000 0.26700000
vn 0.00000000 -0.95920000 0.28280000
vn 0.00000000 -0.96000000 0.27990000
vn -0.00000000 -0.96090000 0.27690000
vn 0.00000000 -0.97410000 0.22630000
vn -0.00000000 -0.97780000 0.20960000
vn -0.00000000 -0.97580000 0.21860000
vn 0.00000000 -0.98740000 0.15800000
vn 0.00000000 -0.98830000 0.15250000
vn 0.00000000 -0.98830000 0.15280000
vn 0.00000000 -0.98880000 0.14930000
vn -0.00000000 -0.98880000 0.14920000
vn -0.00000000 -0.98880000 0.14910000
vn -0.00010000 -0.98690000 0.16150000
vn -0.00000000 -0.98580000 0.16810000
vn 0.00020000 -0.99060000 0.13660000
vn 0.00000000 -0.98900000 0.14780000
vn -0.00000000 -0.98900000 0.14760000
vn -0.00010000 -0.98130000 0.19240000
vn -0.00000000 -0.98130000 0.19230000
vn -0.00000000 -0.98380000 0.17900000
vn -0.00000000 -0.98220000 0.18780000
vn -0.00010000 -0.98210000 0.18830000
vn 0.00000000 -0.95380000 0.30040000
vn 0.00030000 -0.94790000 0.31840000
vn 0.00000000 -0.94800000 0.31840000
vn 0.00030000 -0.93540000 0.35350000
vn 0.00000000 -0.93540000 0.35360000
vn -0.00000000 -0.94180000 0.33610000
vn 0.00000000 -0.92150000 0.38840000
vn 0.00000000 -0.92150000 0.38840000
vn -0.00000000 -0.92860000 0.37100000
vn 0.00000000 -0.92150000 0.38840000
vn -0.00000000 -0.92050000 0.39070000
vn -0.00000000 -0.92700000 0.37510000
vn -0.00000000 -0.91760000 0.39750000
vn -0.00000000 -0.91410000 0.40550000
vn 0.00000000 -0.91200000 0.41010000
vn -0.00000000 -0.94180000 0.33610000
vn 0.00000000 -0.94490000 0.32740000
vn -0.00000000 -0.94490000 0.32730000
vn 0.00000000 -0.94490000 0.32740000
vn 0.00010000 -0.94790000 0.31840000
vn -0.00010000 -0.95390000 0.30030000
vn -0.00000000 -0.94480000 0.32770000
vn 0.00000000 -0.94490000 0.32740000
vn 0.00000000 -0.94510000 0.32690000
vn -0.00010000 -0.94490000 0.32730000
vn 0.00000000 -0.94000000 0.34120000
vn -0.00000000 -0.93340000 0.35890000
vn 0.00010000 -0.93410000 0.35710000
vn -0.00010000 -0.95370000 0.30070000
vn -0.00000000 -0.91420000 0.40520000
vn 0.00000000 -0.90910000 0.41670000
vn 0.00000000 -0.90930000 0.41620000
vn 0.00000000 -0.92690000 0.37540000
vn 0.00010000 -0.92820000 0.37210000
vn 0.00000000 -0.93360000 0.35820000
vn 0.00010000 -0.92830000 0.37170000
vn -0.00000000 -0.93060000 0.36610000
vn 0.00000000 -0.92220000 0.38670000
vn 0.00000000 -0.92680000 0.37550000
vn 0.00000000 -0.92230000 0.38650000
vn 0.00000000 -0.91820000 0.39610000
vn -0.00000000 -0.91720000 0.39840000
vn -0.00000000 -0.91460000 0.40440000
vn 0.00000000 -0.91640000 0.40030000
vn -0.00000000 -0.92170000 0.38790000
vn -0.00000000 -0.92170000 0.38800000
vn 0.00000000 -0.90960000 0.41540000
vn 0.00000000 -0.91420000 0.40530000
vn 0.00000000 -0.92630000 0.37680000
vn -0.00000000 -0.94480000 0.32770000
vn -0.00000000 -0.94390000 0.33010000
vn -0.00000000 -0.94400000 0.32990000
vn 0.00000000 -0.94200000 0.33560000
vn 0.00020000 -0.94190000 0.33600000
vn 0.00030000 -0.94560000 0.32530000
vn -0.00000000 -0.93830000 0.34570000
vn 0.00000000 -0.93530000 0.35380000
vn -0.00000000 -0.93310000 0.35960000
vn -0.00000000 -0.95030000 0.31130000
vn 0.00000000 -0.95970000 0.28090000
vn -0.00010000 -0.95510000 0.29630000
vn 0.00000000 -0.95940000 0.28200000
vn -0.00000000 -0.99090000 0.13430000
vn 0.00000000 -0.98860000 0.15070000
vn -0.00000000 -0.98930000 0.14580000
vn 0.00000000 -0.98800000 0.15450000
vn 0.00000000 -0.98660000 0.16300000
vn 0.00000000 -0.98480000 0.17350000
vn -0.00010000 -0.98160000 0.19090000
vn 0.00000000 -0.97980000 0.20000000
vn -0.00000000 -0.97770000 0.21020000
vn 0.00000000 -0.97360000 0.22850000
vn 0.00010000 -0.97850000 0.20630000
vn -0.00000000 -0.97540000 0.22040000
vn 0.00000000 -0.97550000 0.22000000
vn 0.00010000 -0.96780000 0.25160000
vn 0.00010000 -0.96360000 0.26740000
vn -0.00000000 -0.96390000 0.26630000
vn 0.00030000 -0.97350000 0.22850000
vn 0.00000000 -0.97310000 0.23050000
vn -0.00000000 -0.97780000 0.20980000
vn 0.00000000 -0.97090000 0.23940000
vn -0.00000000 -0.96770000 0.25210000
vn 0.00010000 -0.98710000 0.16040000
vn -0.00010000 -0.98460000 0.17470000
vn 0.00000000 -0.98480000 0.17360000
vn 0.00010000 -0.98940000 0.14550000
vn -0.00000000 -0.98800000 0.15430000
vn 0.00030000 -0.98310000 0.18290000
vn 0.00000000 -0.98150000 0.19120000
vn -0.00000000 -0.98080000 0.19490000
vn 0.00010000 -0.97770000 0.21020000
vn 0.00000000 -0.99060000 0.13650000
vn 0.00000000 -0.99060000 0.13650000
vn -0.00000000 -0.95920000 0.28290000
vn -0.00000000 -0.95920000 0.28270000
vn 0.00000000 -0.93540000 0.35370000
vn 0.00010000 -0.93540000 0.35360000
vn 0.00000000 -0.95920000 0.28280000
vn 0.00010000 -0.97770000 0.21020000
vn 0.00010000 -0.98480000 0.17350000
vn 0.00010000 -0.96910000 0.24670000
vn 0.00010000 -0.96910000 0.24660000
vn 0.00000000 -0.97350000 0.22860000
vn 0.00010000 -0.98480000 0.17350000
vn 0.00000000 -0.99060000 0.13650000
vn -0.00010000 -0.98930000 0.14590000
vn 0.00000000 -0.98660000 0.16340000
vn 0.00000000 -0.98790000 0.15520000
vn -0.00040000 -0.98310000 0.18320000
vn 0.00000000 -0.98490000 0.17320000
vn 0.00000000 -0.99060000 0.13650000
vn 0.00000000 -0.98140000 0.19200000
vn -0.00000000 -0.97940000 0.20190000
vn 0.00010000 -0.97770000 0.21010000
vn -0.00020000 -0.97770000 0.21020000
vn -0.00020000 -0.98480000 0.17350000
vn -0.00010000 -0.99060000 0.13650000
vn -0.00010000 -0.97360000 0.22850000
vn -0.00020000 -0.97320000 0.22990000
vn -0.00000000 -0.97050000 0.24100000
vn -0.00020000 -0.96910000 0.24660000
vn -0.00030000 -0.97600000 0.21760000
vn -0.00010000 -0.96660000 0.25640000
vn -0.00010000 -0.96190000 0.27360000
vn -0.00000000 -0.96430000 0.26480000
vn 0.00010000 -0.95930000 0.28260000
vn -0.00020000 -0.95920000 0.28270000
vn -0.00020000 -0.96910000 0.24670000
vn -0.00010000 -0.95920000 0.28270000
vn -0.00010000 -0.97770000 0.21020000
vn 0.00000000 -0.99060000 0.13650000
vn 0.00000000 -0.95710000 0.28960000
vn -0.00010000 -0.95370000 0.30060000
vn -0.00010000 -0.95350000 0.30130000
vn -0.00000000 -0.94990000 0.31240000
vn 0.00010000 -0.94790000 0.31860000
vn -0.00000000 -0.94500000 0.32700000
vn -0.00040000 -0.93930000 0.34300000
vn -0.00000000 -0.94190000 0.33600000
vn -0.00020000 -0.93540000 0.35370000
vn -0.00010000 -0.93540000 0.35370000
vn -0.00030000 -0.94790000 0.31840000
vn -0.00010000 -0.92860000 0.37110000
vn -0.00000000 -0.92940000 0.36910000
vn -0.00030000 -0.92400000 0.38230000
vn -0.00010000 -0.92150000 0.38830000
vn -0.00010000 -0.93350000 0.35860000
vn -0.00000000 -0.91410000 0.40550000
vn 0.00000000 -0.91720000 0.39830000
vn 0.00000000 -0.92150000 0.38840000
vn 0.00000000 -0.93540000 0.35370000
vn 0.00010000 -0.99980000 -0.01870000
vn 0.00030000 -0.99980000 0.02010000
vn 0.00000000 -0.99980000 0.02020000
vn -0.00020000 -1.00000000 0.00080000
vn 0.00000000 -0.99880000 0.04860000
vn 0.00000000 -0.99920000 0.04120000
vn 0.00010000 -0.99920000 0.03970000
vn 0.00010000 -0.99820000 0.05930000
vn 0.00000000 -0.99830000 0.05890000
vn 0.00000000 -0.99950000 0.03020000
vn 0.00010000 -0.99690000 0.07850000
vn 0.00010000 -0.99690000 0.07860000
vn 0.00000000 -0.99510000 0.09910000
vn 0.00010000 -0.99310000 0.11760000
vn 0.00020000 -0.99380000 0.11150000
vn 0.00030000 -0.99210000 0.12530000
vn 0.00000000 -0.99500000 0.09940000
vn 0.00000000 -0.99510000 0.09910000
vn 0.00000000 -0.99370000 0.11170000
vn 0.00000000 -0.99320000 0.11670000
vn -0.00020000 -0.99220000 0.12500000
vn 0.00000000 -0.99130000 0.13190000
vn 0.00000000 -0.99980000 0.02020000
vn -0.00010000 -1.00000000 0.00070000
vn 0.00010000 -0.99960000 0.02990000
vn -0.00000000 -0.99910000 0.04120000
vn -0.00000000 -0.99880000 0.04850000
vn -0.00010000 -0.99880000 0.04940000
vn -0.00000000 -0.99960000 0.02990000
vn -0.00000000 -0.99880000 0.04880000
vn 0.00000000 -0.99820000 0.05950000
vn -0.00000000 -0.99820000 0.05960000
vn -0.00000000 -0.99880000 0.04880000
vn -0.00000000 -0.99930000 0.03690000
vn 0.00010000 -0.99930000 0.03690000
vn -0.00010000 -0.99430000 0.10670000
vn 0.00000000 -0.99430000 0.10660000
vn -0.00000000 -0.99320000 0.11680000
vn -0.00020000 -0.99260000 0.12170000
vn -0.00000000 -0.99760000 0.06980000
vn 0.00010000 -0.99660000 0.08250000
vn -0.00000000 -0.99680000 0.08010000
vn 0.00000000 -0.99760000 0.06950000
vn -0.00000000 -0.99650000 0.08420000
vn 0.00010000 -0.99510000 0.09860000
vn -0.00000000 -0.99490000 0.10100000
vn 0.00000000 -0.99080000 0.13550000
vn -0.00000000 -0.99040000 0.13800000
vn 0.00010000 -0.99350000 0.11380000
vn 0.00000000 -0.99140000 0.13090000
vn -0.00000000 -0.99200000 0.12600000
vn 0.00000000 -0.99770000 0.06830000
vn 0.00000000 -0.99720000 0.07470000
vn 0.00000000 -0.99760000 0.06850000
vn 0.00000000 -0.99820000 0.06020000
vn 0.00030000 -0.99820000 0.05910000
vn 0.00000000 -0.99610000 0.08780000
vn -0.00000000 -0.99930000 0.03690000
vn 0.00000000 -0.99920000 0.03990000
vn 0.00000000 -0.99870000 0.05080000
vn 0.00000000 -0.99880000 0.04800000
vn -0.00000000 -0.99870000 0.05170000
vn -0.00000000 -0.99990000 0.01230000
vn -0.00000000 -0.99980000 0.02160000
vn 0.00000000 -1.00000000 0.00030000
vn -0.00000000 -0.99990000 -0.01440000
vn 0.00000000 -0.99980000 -0.01930000
vn 0.00000000 -1.00000000 -0.00780000
vn 0.00000000 -0.99330000 -0.11560000
vn -0.00000000 -0.99090000 -0.13490000
vn 0.00040000 -0.99530000 -0.09650000
vn 0.00010000 -0.99830000 -0.05750000
vn 0.00040000 -0.99840000 -0.05730000
vn 0.00000000 -0.99980000 -0.01870000
vn 0.00010000 -0.99930000 -0.03810000
vn 0.00010000 -0.99830000 -0.05770000
vn 0.00010000 -0.99700000 -0.07690000
vn 0.00000000 -0.99810000 -0.06090000
vn 0.00000000 -0.99770000 -0.06740000
vn 0.00020000 -0.99530000 -0.09660000
vn 0.00000000 -0.99590000 -0.09100000
vn 0.00020000 -0.99930000 -0.03810000
vn 0.00020000 -0.99960000 -0.02850000
vn 0.00000000 -0.99930000 -0.03770000
vn 0.00000000 -0.99890000 -0.04770000
vn -0.00000000 -0.99890000 -0.04700000
vn 0.00000000 -0.99960000 -0.02730000
vn -0.00000000 -0.99690000 -0.07830000
vn -0.00000000 -0.99700000 -0.07790000
vn -0.00000000 -0.98570000 -0.16820000
vn -0.00000000 -0.98570000 -0.16850000
vn 0.00000000 -0.98570000 -0.16860000
vn 0.00000000 -0.98640000 -0.16440000
vn -0.00000000 -0.98640000 -0.16450000
vn 0.00000000 -0.98670000 -0.16270000
vn -0.00000000 -0.98670000 -0.16250000
vn 0.00000000 -0.98810000 -0.15410000
vn -0.00000000 -0.98900000 -0.14770000
vn -0.00000000 -0.98900000 -0.14800000
vn 0.00000000 -0.99130000 -0.13160000
vn 0.00000000 -0.98700000 -0.16100000
vn 0.00000000 -0.99210000 -0.12510000
vn -0.00000000 -0.99340000 -0.11490000
vn 0.00000000 -0.99440000 -0.10530000
vn -0.00000000 -0.99510000 -0.09860000
vn 0.00000000 -0.99400000 -0.10930000
vn 0.00000000 -0.99980000 -0.01860000
vn 0.00030000 -0.99980000 -0.01890000
vn -0.00000000 -0.99540000 -0.09630000
vn -0.00000000 -0.99830000 0.05910000
vn -0.00000000 -0.99830000 0.05910000
vn 0.00010000 -0.99980000 0.02030000
vn 0.00010000 -0.99520000 0.09790000
vn 0.00010000 -0.99520000 0.09790000
vn -0.00000000 -0.99540000 -0.09630000
vn -0.00000000 -0.99080000 -0.13520000
vn 0.00000000 -0.99980000 -0.01860000
vn 0.00000000 -0.99580000 -0.09110000
vn -0.00000000 -0.99450000 -0.10500000
vn -0.00000000 -0.99520000 -0.09830000
vn -0.00020000 -0.99530000 -0.09650000
vn -0.00000000 -0.99210000 -0.12520000
vn 0.00000000 -0.99130000 -0.13140000
vn 0.00000000 -0.99340000 -0.11500000
vn -0.00020000 -0.99330000 -0.11550000
vn -0.00040000 -0.99530000 -0.09650000
vn -0.00020000 -0.99080000 -0.13500000
vn 0.00000000 -0.98730000 -0.15890000
vn -0.00000000 -0.98820000 -0.15310000
vn 0.00000000 -0.98800000 -0.15420000
vn -0.00000000 -0.98990000 -0.14170000
vn -0.00010000 -0.98950000 -0.14450000
vn -0.00000000 -0.99810000 -0.06230000
vn -0.00000000 -0.99700000 -0.07710000
vn -0.00010000 -0.99760000 -0.06890000
vn -0.00010000 -0.99700000 -0.07690000
vn 0.00000000 -0.99930000 -0.03610000
vn 0.00000000 -0.99880000 -0.04880000
vn -0.00000000 -0.99910000 -0.04280000
vn -0.00000000 -0.99960000 -0.02770000
vn -0.00000000 -0.99990000 -0.01360000
vn 0.00000000 -0.99980000 -0.01860000
vn -0.00010000 -0.99930000 -0.03810000
vn -0.00020000 -0.99830000 -0.05790000
vn 0.00000000 -0.99980000 -0.01860000
vn -0.00060000 -0.99830000 -0.05750000
vn 0.00000000 -0.99980000 -0.01860000
vn -0.00020000 -0.99830000 -0.05750000
vn 0.00000000 -1.00000000 0.00020000
vn 0.00000000 -1.00000000 -0.00400000
vn -0.00000000 -0.99990000 0.01400000
vn -0.00010000 -1.00000000 0.00680000
vn 0.00020000 -1.00000000 0.00080000
vn -0.00010000 -0.99980000 0.02020000
vn -0.00000000 -0.99960000 0.02990000
vn -0.00000000 -0.99980000 0.01810000
vn 0.00000000 -0.99820000 0.06030000
vn -0.00000000 -0.99890000 0.04770000
vn -0.00010000 -0.99870000 0.05170000
vn -0.00020000 -0.99830000 0.05910000
vn -0.00020000 -0.99920000 0.03970000
vn 0.00000000 -0.99920000 0.03930000
vn -0.00000000 -0.99830000 0.05910000
vn -0.00000000 -0.99980000 0.02030000
vn -0.00030000 -0.99690000 0.07860000
vn -0.00000000 -0.99730000 0.07310000
vn 0.00010000 -0.99590000 0.09100000
vn -0.00020000 -0.99520000 0.09790000
vn -0.00000000 -0.99770000 0.06810000
vn -0.00010000 -0.99400000 0.10970000
vn -0.00000000 -0.99310000 0.11740000
vn 0.00010000 -0.99170000 0.12880000
vn -0.00070000 -0.99520000 0.09790000
vn -0.00000000 -0.99820000 0.05910000
vn 0.00000000 -0.99980000 -0.01870000
vn 0.00000000 -0.90910000 0.41650000
vn -0.00000000 -0.90570000 0.42390000
vn 0.00000000 -0.93440000 0.35620000
vn 0.00000000 -0.93070000 0.36590000
vn -0.00000000 -0.93340000 0.35870000
vn -0.00000000 -0.93340000 0.35880000
vn 0.00000000 -0.93570000 0.35290000
vn -0.00000000 -0.93560000 0.35300000
vn -0.00000000 -0.93510000 0.35430000
vn -0.00000000 -0.93570000 0.35280000
vn -0.00000000 -0.90940000 0.41600000
vn 0.00000000 -0.91600000 0.40110000
vn 0.00000000 -0.90630000 0.42260000
vn 0.00000000 -0.92220000 0.38660000
vn 0.00000000 -0.92150000 0.38840000
vn 0.00000000 -0.92740000 0.37410000
vn -0.00000000 -0.91780000 0.39710000
vn -0.00000000 -0.91770000 0.39720000
vn -0.00000000 -0.90760000 0.41990000
vn -0.00000000 -0.92740000 0.37400000
vn 0.00000000 -0.93640000 0.35090000
vn -0.00000000 -0.93640000 0.35080000
vn 0.00000000 -0.93960000 0.34230000
vn -0.00000000 -0.94040000 0.34000000
vn 0.00000000 -0.93770000 0.34750000
vn 0.00030000 -0.94260000 0.33380000
vn 0.00000000 -0.94250000 0.33410000
vn 0.00000000 -0.94490000 0.32740000
vn 0.00020000 -0.94510000 0.32680000
vn -0.00000000 -0.94490000 0.32730000
vn 0.00000000 -0.95970000 0.28090000
vn -0.00000000 -0.96910000 0.24660000
vn 0.00000000 -0.97290000 0.23140000
vn -0.00000000 -0.97040000 0.24140000
vn 0.00000000 -0.96530000 0.26120000
vn -0.00000000 -0.96430000 0.26490000
vn 0.00010000 -0.93940000 0.34270000
vn -0.00000000 -0.94150000 0.33700000
vn -0.00000000 -0.95970000 0.28100000
vn 0.00000000 -0.95970000 0.28090000
vn -0.00000000 -0.95970000 0.28100000
vn 0.00000000 -0.95970000 0.28090000
vn -0.00010000 -0.96790000 0.25120000
vn -0.00010000 -0.96640000 0.25700000
vn -0.00000000 -0.97240000 0.23340000
vn 0.00000000 -0.97160000 0.23680000
vn -0.00000000 -0.97610000 0.21720000
vn 0.00000000 -0.97980000 0.20020000
vn 0.00000000 -0.97910000 0.20320000
vn -0.00000000 -0.98200000 0.18910000
vn 0.00000000 -0.98300000 0.18380000
vn -0.00000000 -0.97520000 0.22150000
vn 0.00000000 -0.97630000 0.21640000
vn -0.00000000 -0.98790000 0.15490000
vn -0.00000000 -0.98460000 0.17500000
vn 0.00000000 -0.98600000 0.16660000
vn 0.00000000 -0.98870000 0.15020000
vn 0.00000000 -0.99150000 0.13010000
vn 0.00000000 -0.99290000 0.11940000
vn 0.00000000 -0.97940000 0.20210000
vn 0.00000000 -0.97980000 0.20000000
vn -0.00000000 -0.97610000 0.21720000
vn -0.00000000 -0.97950000 0.20140000
vn 0.00000000 -0.98270000 0.18540000
vn -0.00000000 -0.98390000 0.17900000
vn -0.00010000 -0.97530000 0.22100000
vn 0.00000000 -0.98630000 0.16500000
vn -0.00000000 -0.98690000 0.16150000
vn 0.00000000 -0.98870000 0.15010000
vn -0.00000000 -0.98930000 0.14570000
vn 0.00030000 -0.99110000 0.13320000
vn -0.00010000 -0.98710000 0.16020000
vn 0.00010000 -0.99160000 0.12950000
vn -0.00000000 -0.99320000 0.11650000
vn 0.00000000 -0.99190000 0.12690000
vn -0.00000000 -0.99490000 0.10090000
vn -0.00000000 -0.99510000 0.09870000
vn 0.00000000 -0.99540000 0.09600000
vn -0.00010000 -0.99560000 0.09370000
vn 0.00000000 -0.99620000 0.08690000
vn -0.00000000 -0.99810000 0.06190000
vn -0.00010000 -0.99720000 0.07450000
vn -0.00010000 -0.99770000 0.06780000
vn -0.00010000 -0.99880000 0.04950000
vn -0.00000000 -0.99930000 0.03690000
vn -0.00000000 -0.99930000 0.03690000
vn -0.00000000 -0.99930000 0.03690000
vn 0.00000000 -0.90630000 0.42260000
vn -0.00000000 -0.91490000 0.40360000
vn -0.00000000 -0.90880000 0.41720000
vn 0.00000000 -0.93020000 0.36720000
vn 0.00000000 -0.93490000 0.35480000
vn 0.00000000 -0.92050000 0.39080000
vn 0.00000000 -0.92530000 0.37920000
vn 0.00000000 -0.94490000 0.32740000
vn -0.00000000 -0.93510000 0.35430000
vn -0.00000000 -0.93330000 0.35920000
vn -0.00000000 -0.92910000 0.36970000
vn 0.00000000 -0.93950000 0.34250000
vn 0.00000000 -0.94070000 0.33910000
vn 0.00000000 -0.94510000 0.32690000
vn 0.00000000 -0.94110000 0.33800000
vn 0.00000000 -0.90630000 0.42260000
vn 0.00000000 -0.90630000 0.42260000
vn 0.00000000 -0.90630000 0.42260000
vn 0.00000000 -0.90980000 0.41500000
vn 0.00000000 -0.90630000 0.42260000
vn -0.00000000 -0.93320000 0.35930000
vn -0.00000000 -0.93920000 0.34340000
vn 0.00000000 -0.95970000 0.28090000
vn -0.00000000 -0.96010000 0.27970000
vn -0.00000000 -0.95880000 0.28410000
vn -0.00010000 -0.95890000 0.28380000
vn -0.00000000 -0.96130000 0.27570000
vn 0.00000000 -0.96560000 0.26000000
vn 0.00000000 -0.96880000 0.24770000
vn 0.00000000 -0.96890000 0.24760000
vn -0.00000000 -0.97240000 0.23330000
vn 0.00000000 -0.96560000 0.26020000
vn -0.00000000 -0.97240000 0.23330000
vn -0.00000000 -0.97250000 0.23290000
vn -0.00000000 -0.97510000 0.22170000
vn -0.00000000 -0.97240000 0.23330000
vn -0.00000000 -0.97280000 0.23150000
vn -0.00000000 -0.97520000 0.22150000
vn 0.00000000 -0.97780000 0.20950000
vn -0.00000000 -0.95970000 0.28100000
vn -0.00010000 -0.95960000 0.28150000
vn -0.00000000 -0.95990000 0.28040000
vn -0.00000000 -0.96010000 0.27960000
vn 0.00000000 -0.95970000 0.28090000
vn -0.00000000 -0.96280000 0.27000000
vn 0.00000000 -0.96100000 0.27660000
vn 0.00000000 -0.96770000 0.25220000
vn -0.00000000 -0.97240000 0.23330000
vn -0.00000000 -0.97520000 0.22150000
vn -0.00000000 -0.90580000 0.42380000
vn 0.00000000 -0.98490000 0.17290000
vn -0.00000000 -0.98340000 0.18150000
vn 0.00010000 -0.98030000 0.19730000
vn -0.00010000 -0.97790000 0.20890000
vn -0.00030000 -0.98090000 0.19450000
vn -0.00010000 -0.98270000 0.18510000
vn 0.00000000 -0.99620000 0.08700000
vn 0.00000000 -0.99620000 0.08700000
vn 0.00000000 -0.99620000 0.08700000
vn -0.00010000 -0.99720000 0.07450000
vn 0.00000000 -0.99740000 0.07190000
vn -0.00020000 -0.99810000 0.06190000
vn 0.00000000 -0.99830000 0.05900000
vn 0.00000000 -0.99930000 0.03810000
vn -0.00000000 -0.99930000 0.03690000
vn -0.00000000 -0.99930000 0.03710000
vn -0.00000000 -0.99930000 0.03790000
vn 0.00000000 -0.99620000 0.08690000
vn 0.00000000 -0.99740000 0.07200000
vn -0.00000000 -0.99820000 -0.05920000
vn 0.00000000 -0.99620000 -0.08690000
vn -0.00000000 -0.99230000 -0.12360000
vn -0.00000000 -0.98760000 -0.15700000
vn -0.00000000 -0.98860000 -0.15080000
vn -0.00000000 -0.98750000 -0.15740000
vn 0.00000000 -0.98630000 -0.16470000
vn -0.00000000 -0.98600000 -0.16670000
vn -0.00000000 -0.98560000 -0.16900000
vn -0.00000000 -0.98570000 -0.16840000
vn -0.00000000 -0.98570000 -0.16830000
vn -0.00000000 -0.98480000 -0.17340000
vn -0.00000000 -0.98510000 -0.17220000
vn -0.00000000 -0.98500000 -0.17230000
vn -0.00000000 -0.98560000 -0.16890000
vn -0.00000000 -0.98500000 -0.17260000
vn -0.00000000 -0.98500000 -0.17250000
vn -0.00000000 -0.98500000 -0.17230000
vn 0.00000000 -0.98460000 -0.17490000
vn 0.00010000 -0.98450000 -0.17510000
vn -0.00000000 -0.98470000 -0.17410000
vn 0.00000000 -0.98470000 -0.17430000
vn 0.00000000 -0.98470000 -0.17420000
vn -0.00000000 -0.98590000 -0.16710000
vn -0.00000000 -0.98600000 -0.16700000
vn -0.00000000 -0.98540000 -0.17020000
vn -0.00000000 -0.98910000 -0.14750000
vn 0.00020000 -0.98490000 -0.17320000
vn -0.00000000 -0.98490000 -0.17340000
vn -0.00000000 -0.98480000 -0.17390000
vn -0.00000000 -0.98480000 -0.17360000
vn -0.00000000 -0.98460000 -0.17460000
vn -0.00000000 -0.98460000 -0.17480000
vn 0.00000000 -0.98460000 -0.17500000
vn 0.00000000 -0.98500000 -0.17240000
vn -0.00000000 -0.98500000 -0.17250000
vn -0.00000000 -0.98490000 -0.17290000
vn -0.00000000 -0.98500000 -0.17270000
vn -0.00000000 -0.98540000 -0.17030000
vn -0.00000000 -0.99980000 -0.02200000
vn -0.00000000 -0.99820000 -0.05920000
vn -0.00000000 -0.99410000 -0.10870000
vn 0.00000000 -0.99230000 -0.12390000
vn -0.00000000 -0.99620000 -0.08670000
vn -0.00000000 -0.90650000 0.42220000
vn -0.00000000 -0.41470000 -0.91000000
vn -0.00000000 0.43050000 0.90260000
vn 0.00000000 -0.93970000 -0.34200000
vn -0.08860000 -0.90160000 -0.42330000
vn -0.03940000 -0.88590000 -0.46210000
vn 0.01180000 -0.99870000 0.04970000
vn -0.23460000 -0.79680000 0.55680000
vn -0.23320000 -0.81900000 0.52430000
vn -0.00000000 -0.90670000 0.42190000
vn -0.02940000 -0.99830000 0.05100000
vn 0.25580000 -0.80870000 0.52970000
vn 0.34900000 -0.26660000 0.89840000
vn 0.34890000 -0.26660000 0.89840000
vn 0.31880000 -0.25250000 0.91360000
vn -0.39830000 -0.39400000 0.82830000
vn -0.65820000 -0.53170000 0.53300000
vn 0.00000000 -0.90630000 0.42270000
vn -0.39830000 -0.88780000 -0.23060000
vn 0.39830000 -0.88780000 -0.23070000
vn 0.65820000 -0.75010000 0.06470000
vn 0.39830000 -0.39390000 0.82830000
vn -0.00000000 -0.34200000 0.93970000
vn 0.38360000 -0.00870000 -0.92350000
vn -0.70660000 -0.00870000 -0.70750000
vn -0.92500000 -0.01380000 -0.37980000
vn 0.00000000 0.98520000 0.17140000
vn 0.94840000 0.07390000 0.30820000
vn 0.17030000 0.27750000 0.94550000
vn 0.00000000 0.28090000 0.95970000
vn -0.33590000 0.26050000 0.90520000
vn -0.98580000 0.03710000 0.16350000
vn -1.00000000 0.00000000 -0.00000000
vn -0.85170000 -0.03770000 -0.52270000
vn 0.17360000 -0.03740000 -0.98410000
vn 0.54390000 -0.04080000 -0.83820000
vn 0.85170000 -0.03770000 -0.52260000
vn 0.98620000 -0.01650000 -0.16500000
vn 1.00000000 -0.00000000 -0.00010000
vn 1.00000000 -0.00010000 0.00000000
vn 1.00000000 -0.00000000 -0.00000000
vn 1.00000000 -0.00000000 -0.00000000
vn 1.00000000 -0.00010000 0.00000000
vn 1.00000000 -0.00000000 -0.00010000
vn 1.00000000 -0.00000000 -0.00000000
vn 0.98590000 0.03860000 0.16310000
vn 0.92660000 0.03840000 0.37410000
vn 1.00000000 -0.00000000 -0.00000000
vn 1.00000000 0.00010000 0.00000000
vn 1.00000000 -0.00000000 -0.00000000
vn 1.00000000 -0.00000000 -0.00000000
vn 1.00000000 0.00010000 -0.00010000
vn 1.00000000 -0.00000000 -0.00000000
vn 1.00000000 0.00010000 0.00000000
vn 0.00000000 -0.23330000 -0.97240000
vn -0.92480000 -0.08320000 -0.37110000
vn -1.00000000 0.00000000 -0.00000000
vn -1.00000000 0.00000000 -0.00000000
vn -0.92640000 0.03850000 0.37450000
vn -0.00000000 0.08690000 0.99620000
vn -0.00000000 0.08700000 0.99620000
vn 0.00000000 -0.99620000 0.08690000
vn 0.48800000 -0.07590000 -0.86950000
vn -0.00000000 0.08690000 0.99620000
vn 1.00000000 -0.00000000 -0.00000000
vn 1.00000000 -0.00000000 -0.00000000
vn -1.00000000 0.00000000 -0.00000000
vn -0.48830000 0.11490000 0.86510000
vn 0.00000000 -0.23330000 -0.97240000
vn 0.00000000 -0.23330000 -0.97240000
vn -0.71260000 -0.15940000 -0.68330000
vn 0.00000000 0.28090000 0.95970000
vn 0.00000000 0.28100000 0.95970000
vn 0.00000000 0.28100000 0.95970000
vn 0.00000000 0.28100000 0.95970000
vn 0.00000000 0.28100000 0.95970000
vn 0.54200000 -0.12370000 -0.83120000
vn -0.80220000 0.16770000 0.57300000
vn -0.80210000 0.12030000 0.58500000
vn 1.00000000 -0.00000000 -0.00000000
vn 1.00000000 -0.00000000 -0.00000000
vn 0.00000000 -0.03690000 -0.99930000
vn 0.79420000 -0.12360000 -0.59500000
vn 0.79170000 -0.12340000 -0.59830000
vn 0.79160000 -0.13270000 -0.59650000
vn 0.79400000 -0.13210000 -0.59330000
vn 0.00000000 -0.03690000 -0.99930000
vn -1.00000000 0.00000000 -0.00000000
vn 0.00000000 0.28110000 0.95970000
vn -1.00000000 0.00010000 -0.00000000
vn -0.56710000 -0.27900000 -0.77490000
vn -1.00000000 0.00000000 -0.00000000
vn 0.00000000 0.42260000 0.90630000
vn 0.00000000 0.42260000 0.90630000
vn 0.00000000 0.42260000 0.90630000
vn 0.00000000 0.42260000 0.90630000
vn 1.00000000 -0.00000000 -0.00000000
vn 1.00000000 -0.00000000 -0.00000000
vn -0.80640000 -0.23110000 -0.54430000
vn -0.80580000 -0.25020000 -0.53670000
vn 0.00000000 0.42260000 0.90630000
vn -0.80490000 0.25080000 0.53790000
vn 0.00000000 0.42260000 0.90630000
vn 0.80580000 -0.25020000 -0.53670000
vn 0.80640000 -0.23110000 -0.54430000
vn 0.80510000 -0.24320000 -0.54090000
vn 0.80780000 -0.24570000 -0.53580000
vn 0.80580000 -0.25030000 -0.53670000
vn 0.80400000 0.19470000 0.56190000
vn -0.00000000 -0.32740000 -0.94490000
vn -0.80110000 -0.19590000 -0.56560000
vn 0.00000000 -0.32730000 -0.94490000
vn -0.80610000 0.22660000 0.54670000
vn -0.80400000 0.19470000 0.56180000
vn -0.80170000 0.19570000 0.56480000
vn 0.00000000 0.42260000 0.90630000
vn 0.80510000 0.25070000 0.53750000
vn 0.80520000 0.25060000 0.53740000
vn 0.00000000 0.42260000 0.90630000
vn 0.00000000 -0.32730000 -0.94490000
vn -0.80340000 -0.19490000 -0.56270000
vn 1.00000000 -0.00000000 -0.00000000
vn 1.00000000 -0.00000000 -0.00000000
vn -0.00000000 -0.32740000 -0.94490000
vn 0.00000000 -0.32730000 -0.94490000
vn 0.00000000 -0.32730000 -0.94490000
vn -0.00000000 -0.32740000 -0.94490000
vn 0.00000000 -0.32730000 -0.94490000
vn -0.00000000 -0.32740000 -0.94490000
vn -0.80540000 -0.22920000 -0.54660000
vn -0.80500000 -0.25070000 -0.53770000
vn 0.00000000 0.42260000 0.90630000
vn 0.80490000 0.25070000 0.53790000
vn 0.80490000 0.25080000 0.53780000
vn 0.80490000 0.25080000 0.53780000
vn 0.80490000 0.25070000 0.53790000
vn 0.80490000 0.25080000 0.53780000
vn 0.80490000 0.25070000 0.53790000
vn 0.00000000 0.42260000 0.90630000
vn 0.80500000 -0.25070000 -0.53770000
vn 0.80540000 -0.22920000 -0.54660000
vn 1.00000000 -0.00000000 -0.00000000
vn 1.00000000 0.00020000 -0.00010000
vn 1.00000000 0.00000000 0.00010000
vn -0.00000000 -0.32740000 -0.94490000
vn -0.00000000 -0.32740000 -0.94490000
vn 0.00000000 -0.32730000 -0.94490000
vn 0.00000000 -0.32730000 -0.94490000
vn -0.00000000 -0.32740000 -0.94490000
vn 0.00000000 -0.32730000 -0.94490000
vn -1.00000000 0.00000000 -0.00000000
vn -0.00010000 -0.98170000 0.19030000
vn -0.00000000 -0.92700000 0.37510000
vn 0.00000000 -0.91680000 0.39920000
vn -0.00010000 -0.99010000 0.14040000
vn 0.00000000 -0.98310000 0.18280000
vn -0.00000000 -0.98640000 0.16440000
vn -0.00000000 -0.99330000 0.11600000
vn -0.00000000 -0.98980000 -0.14260000
vn 0.00000000 -0.93910000 0.34360000
vt 0.46314400 0.05803000
vt 0.46314400 0.05803000
vt 0.46314400 0.05803000
vt 0.46314400 0.05803000
vt 0.46315600 0.05721200
vt 0.46315600 0.05721200
vt 0.46315600 0.05721200
vt 0.46315600 0.05721200
vt 0.46315600 0.05721200
vt 0.46327600 0.05792500
vt 0.46327600 0.05792500
vt 0.46225200 0.05594700
vt 0.46225200 0.05594700
vt 0.46225200 0.05594700
vt 0.46225200 0.05594700
vt 0.46247900 0.05604100
vt 0.46247900 0.05604100
vt 0.00004700 0.05756400
vt 0.00004700 0.05756400
vt 0.00596900 0.05800400
vt 0.00596900 0.05800400
vt -0.00010700 0.05790200
vt -0.00010700 0.05790200
vt 0.00017900 0.05707600
vt 0.00017900 0.05707600
vt 0.00570600 0.05704800
vt 0.00570600 0.05704800
vt 0.00087600 0.05591000
vt 0.00087600 0.05591000
vt 0.00087600 0.05591000
vt 0.00114200 0.05552500
vt 0.00159900 0.05511600
vt 0.00159900 0.05511600
vt 0.00159900 0.05511600
vt 0.00159900 0.05511600
vt 0.00804000 0.05425600
vt 0.00804000 0.05425600
vt 0.00804000 0.05425600
vt 0.00675200 0.05515400
vt 0.00675200 0.05515400
vt 0.00675200 0.05515400
vt 0.00241000 0.05452800
vt 0.00241000 0.05452800
vt 0.00241000 0.05452800
vt 0.00241000 0.05452800
vt 0.00241000 0.05452800
vt 0.00241000 0.05452800
vt 0.01757200 0.05139400
vt 0.01462100 0.05196900
vt 0.01462100 0.05196900
vt 0.00820900 0.05194500
vt 0.00820900 0.05194500
vt 0.00820900 0.05194500
vt 0.00820900 0.05194500
vt 0.00820900 0.05194500
vt 0.43154200 0.04903700
vt 0.43154200 0.04903700
vt 0.43154200 0.04903700
vt 0.43154200 0.04903700
vt 0.43154200 0.04903700
vt 0.43154200 0.04903700
vt 0.03881400 0.05060000
vt 0.03881400 0.05060000
vt 0.03521300 0.05039600
vt 0.03521300 0.05039600
vt 0.03153700 0.05032700
vt 0.03153700 0.05032700
vt 0.03153700 0.05032700
vt 0.01536400 0.05028500
vt 0.01536400 0.05028500
vt 0.01536400 0.05028500
vt 0.01536400 0.05028500
vt 0.02076500 0.04955200
vt 0.02076500 0.04955200
vt 0.02164000 0.04943200
vt 0.02260400 0.04937900
vt 0.02260400 0.04937900
vt 0.02260400 0.04937900
vt 0.02260400 0.04937900
vt 0.03101100 0.04903700
vt 0.03101100 0.04903700
vt 0.02853400 0.04905100
vt 0.02853400 0.04905100
vt 0.02853400 0.04905100
vt 0.45859900 0.05334300
vt 0.45859900 0.05334300
vt 0.45859900 0.05334300
vt 0.45859900 0.05334300
vt 0.45859900 0.05334300
vt 0.45859900 0.05334300
vt 0.45859900 0.05334300
vt 0.46126500 0.05489600
vt 0.46126500 0.05489600
vt 0.46126500 0.05489600
vt 0.45644400 0.05245400
vt 0.45644400 0.05245400
vt 0.45644400 0.05245400
vt 0.45664200 0.05246100
vt 0.45664200 0.05246100
vt 0.45664200 0.05246100
vt 0.45252600 0.05128000
vt 0.45252600 0.05128000
vt 0.45252600 0.05128000
vt 0.45252600 0.05128000
vt 0.45329200 0.05142200
vt 0.45329200 0.05142200
vt 0.45520600 0.05203300
vt 0.45520600 0.05203300
vt 0.45520600 0.05203300
vt 0.45520600 0.05203300
vt 0.45520600 0.05203300
vt 0.45520600 0.05203300
vt 0.45029100 0.05071600
vt 0.45029100 0.05071600
vt 0.45029100 0.05071600
vt 0.45181600 0.05105300
vt 0.45181600 0.05105300
vt 0.44517600 0.04988600
vt 0.44517600 0.04988600
vt 0.44517600 0.04988600
vt 0.44517600 0.04988600
vt 0.44517600 0.04988600
vt 0.44517600 0.04988600
vt 0.44940700 0.05058000
vt 0.44940700 0.05058000
vt 0.44147800 0.04946400
vt 0.44147800 0.04946400
vt 0.44147800 0.04946400
vt 0.44147800 0.04946400
vt 0.44147800 0.04946400
vt 0.44147800 0.04946400
vt 0.43663500 0.04912500
vt 0.43663500 0.04912500
vt 0.43663500 0.04912500
vt 0.43763700 0.04914300
vt 0.43763700 0.04914300
vt 0.43338800 0.06982500
vt 0.43338800 0.06982500
vt 0.43338800 0.06982500
vt 0.43338800 0.06982500
vt 0.43338800 0.06982500
vt 0.43338800 0.06982500
vt 0.39760800 0.07003600
vt 0.39760800 0.07003600
vt 0.39760800 0.07003600
vt 0.38182800 0.07003600
vt 0.38182800 0.07003600
vt 0.16739900 0.06685200
vt 0.16739900 0.06685200
vt 0.16739900 0.06685200
vt 0.03153700 0.06376800
vt 0.03153700 0.06376800
vt 0.02786100 0.06369900
vt 0.02786100 0.06369900
vt 0.05503400 0.05983900
vt 0.01449500 0.05039900
vt 0.01373700 0.05058200
vt 0.01373700 0.05058200
vt 0.01373700 0.05058200
vt 0.01373700 0.05058200
vt 0.01840200 0.04975600
vt 0.01968400 0.04963500
vt 0.01968400 0.04963500
vt 0.01968400 0.04963500
vt 0.01705800 0.04998000
vt 0.01705800 0.04998000
vt 0.01213800 0.05091000
vt 0.01286300 0.05071300
vt 0.00994900 0.05144800
vt 0.00994900 0.05144800
vt 0.00994900 0.05144800
vt 0.00994900 0.05144800
vt 0.00994900 0.05144800
vt 0.00994900 0.05144800
vt 0.01138100 0.05108300
vt 0.01138100 0.05108300
vt 0.01056100 0.05123900
vt 0.02080600 0.05093500
vt 0.02080600 0.05093500
vt 0.02080600 0.05093500
vt 0.02559400 0.04910900
vt 0.02559400 0.04910900
vt 0.02650100 0.04909400
vt 0.02650100 0.04909400
vt 0.02748200 0.04905300
vt 0.02748200 0.04905300
vt 0.02457000 0.04920100
vt 0.02965100 0.04902900
vt 0.02786100 0.05039600
vt 0.02786100 0.05039600
vt 0.02425900 0.05060000
vt 0.00586900 0.05276800
vt 0.00586900 0.05276800
vt 0.00586900 0.05276800
vt 0.00586900 0.05276800
vt 0.00586900 0.05276800
vt 0.00432900 0.05343900
vt 0.00432900 0.05343900
vt 0.00432900 0.05343900
vt 0.00432900 0.05343900
vt 0.00521100 0.05297600
vt 0.00689500 0.05232300
vt 0.01201500 0.05264700
vt 0.01201500 0.05264700
vt 0.01201500 0.05264700
vt 0.00193900 0.05475600
vt 0.00375800 0.05364000
vt 0.00375800 0.05364000
vt 0.00303700 0.05403800
vt 0.00917000 0.05161500
vt 0.00980700 0.05341400
vt 0.00980700 0.05341400
vt 0.00980700 0.05341400
vt 0.04550200 0.05139400
vt 0.04226800 0.05093500
vt 0.04226800 0.05093500
vt 0.04845300 0.05196900
vt 0.05105900 0.05264700
vt 0.05326700 0.05341400
vt 0.05503400 0.05425600
vt 0.05632200 0.05515400
vt -0.00004500 0.05733900
vt 0.00022000 0.05668500
vt 0.00980700 0.06068100
vt 0.00018400 0.07114200
vt 0.00018400 0.07114200
vt 0.00000100 0.05816300
vt 0.00000100 0.05816300
vt 0.00804000 0.05983900
vt 0.01201500 0.06144800
vt 0.01462100 0.06212600
vt 0.01757200 0.06270100
vt 0.02080600 0.06316100
vt 0.02426000 0.06349600
vt 0.00596900 0.05609100
vt 0.00596900 0.05609100
vt 0.00675200 0.05894100
vt 0.05710500 0.05609100
vt 0.05710500 0.05800400
vt 0.05632200 0.05894100
vt 0.05736800 0.05704800
vt 0.05326700 0.06068100
vt 0.04845300 0.06212600
vt 0.05105900 0.06144800
vt 0.04550200 0.06270100
vt 0.04226800 0.06316100
vt 0.03521300 0.06369900
vt 0.03881400 0.06349600
vt 0.18381800 0.07118400
vt 0.18381800 0.07118400
vt 0.43361000 0.04899800
vt 0.43463000 0.04902100
vt 0.43463000 0.04902100
vt 0.43236000 0.04900600
vt 0.43236000 0.04900600
vt 0.43236000 0.04900600
vt 0.43567200 0.04905200
vt 0.43852400 0.04916700
vt 0.43852400 0.04916700
vt 0.43958400 0.04927100
vt 0.44340900 0.04959700
vt 0.44245700 0.04952300
vt 0.44340800 0.04959700
vt 0.44340800 0.04959700
vt 0.44432300 0.04973600
vt 0.44864700 0.05039700
vt 0.44864700 0.05039700
vt 0.44864700 0.05039700
vt 0.44787100 0.05021000
vt 0.44699500 0.05012800
vt 0.44699500 0.05012800
vt 0.45110700 0.05085100
vt 0.45425100 0.05163500
vt 0.45425100 0.05163500
vt 0.45466700 0.05181000
vt 0.45593400 0.05221800
vt 0.45820700 0.05308900
vt 0.45820700 0.05308900
vt 0.45748400 0.05274700
vt 0.45974800 0.05391600
vt 0.45895300 0.05342800
vt 0.46037400 0.05428300
vt 0.46037400 0.05428300
vt 0.45974300 0.05391700
vt 0.46173200 0.05527300
vt 0.46214000 0.05551400
vt 0.46214000 0.05551400
vt 0.38439500 0.07003600
vt 0.37742400 0.07003600
vt 0.37742400 0.07003600
vt 0.40201300 0.07003600
vt 0.40201300 0.07003600
vt 0.40201300 0.07003600
vt 0.38791900 0.07003600
vt 0.38791900 0.07118400
vt 0.40422800 0.07003600
vt 0.40422800 0.07003600
vt 0.40422800 0.07003600
vt 0.40422800 0.07003600
vt 0.40863200 0.07003600
vt 0.40863200 0.07003600
vt 0.40863200 0.07003600
vt 0.41303600 0.07159100
vt 0.41744100 0.07003600
vt 0.41744100 0.07003600
vt 0.41744100 0.07003600
vt 0.43674600 0.07003600
vt 0.43674600 0.07003600
vt 0.43674600 0.07003600
vt 0.43322200 0.07003600
vt 0.43322200 0.07003600
vt 0.43322200 0.07003600
vt 0.42184500 0.07003600
vt 0.42184500 0.07003600
vt 0.42184500 0.07003600
vt 0.36861400 0.07003600
vt 0.36861400 0.07003600
vt 0.37301900 0.07159000
vt 0.38439500 0.07118400
vt 0.38439500 0.07118400
vt 0.36745200 0.07118400
vt 0.27563500 0.07118400
vt 0.36421000 0.07003600
vt 0.36421000 0.07003600
vt 0.39113900 0.07118400
vt 0.39113900 0.07118400
vt 0.37801900 0.07138500
vt 0.39338100 0.07152900
vt 0.43322200 0.07142500
vt 0.43322200 0.07142500
vt 0.40201300 0.07118400
vt 0.40201300 0.07118400
vt 0.40818500 0.07143300
vt 0.41796500 0.07140600
vt 0.46296300 0.07113700
vt 0.46296300 0.07113700
vt 0.46296300 0.07113700
vt 0.46296300 0.07113700
vt 0.43674600 0.07141200
vt 0.46325700 0.05760000
vt 0.46225500 0.05578200
vt 0.46289300 0.05638800
vt 0.46289300 0.05638800
vt 0.46313200 0.05680800
vt 0.46314700 0.05812700
vt 0.46314100 0.05851700
vt 0.46314100 0.05851700
vt 0.56538000 0.04535100
vt 0.56538000 0.04649800
vt 0.56600200 0.04649800
vt 0.56662300 0.04535100
vt 0.56662300 0.04649800
vt 0.56724500 0.04649800
vt 0.56724500 0.04535100
vt 0.56786600 0.04535100
vt 0.56600200 0.04535100
vt 0.56848800 0.04535100
vt 0.56848800 0.04649800
vt 0.56910900 0.04649800
vt 0.56910900 0.04535100
vt 0.56973100 0.04649800
vt 0.57035200 0.04535100
vt 0.57035200 0.04649800
vt 0.57097400 0.04535100
vt 0.57097400 0.04649800
vt 0.57159500 0.04649800
vt 0.56973100 0.04535100
vt 0.56786600 0.04649800
vt 0.57159500 0.04535100
vt 0.57221700 0.04535100
vt 0.57283800 0.04535100
vt 0.57283800 0.04649800
vt 0.57346000 0.04649800
vt 0.57408100 0.04535100
vt 0.57408100 0.04649800
vt 0.57470200 0.04649800
vt 0.57470200 0.04535100
vt 0.57532400 0.04535100
vt 0.57346000 0.04535100
vt 0.57594500 0.04535100
vt 0.57594500 0.04649800
vt 0.57656700 0.04649800
vt 0.57656700 0.04535100
vt 0.57718800 0.04649800
vt 0.57781000 0.04535100
vt 0.57781000 0.04649800
vt 0.57843100 0.04535100
vt 0.57843100 0.04649800
vt 0.57905300 0.04535100
vt 0.57718800 0.04535100
vt 0.57532400 0.04649800
vt 0.56538000 0.04761300
vt 0.56538000 0.04975900
vt 0.57251400 0.04975900
vt 0.59391700 0.04975900
vt 0.59262000 0.04761300
vt 0.58678300 0.04975900
vt 0.57900000 0.04761300
vt 0.57964900 0.04975900
vt 0.60105100 0.04975900
vt 0.60623900 0.04761300
vt 0.60818500 0.04975900
vt 0.61531900 0.04975900
vt 0.63347900 0.04761300
vt 0.63672200 0.04975900
vt 0.64709900 0.04761300
vt 0.61985900 0.04761300
vt 0.62245400 0.04975900
vt 0.62958800 0.04975900
vt 0.66071900 0.04761300
vt 0.66525800 0.04975900
vt 0.67433800 0.04761300
vt 0.68795800 0.04761300
vt 0.69379500 0.04975900
vt 0.70157800 0.04761300
vt 0.67952700 0.04975900
vt 0.65099000 0.04975900
vt 0.70806300 0.04975900
vt 0.71519800 0.04761300
vt 0.65812400 0.04975900
vt 0.70092900 0.04975900
vt 0.68666100 0.04975900
vt 0.67239300 0.04975900
vt 0.64385600 0.04975900
vt 0.72233200 0.04975900
vt 0.71519800 0.04975900
vt 0.72881700 0.04761300
vt 0.72946600 0.04975900
vt 0.73660000 0.04975900
vt 0.74243700 0.04761300
vt 0.74373400 0.04975900
vt 0.75086800 0.04975900
vt 0.75605700 0.04761300
vt 0.75800200 0.04975900
vt 0.76513700 0.04975900
vt 0.78329600 0.04761300
vt 0.78653900 0.04975900
vt 0.79367300 0.04975900
vt 0.76967600 0.04761300
vt 0.77227100 0.04975900
vt 0.77940500 0.04975900
vt 0.81053600 0.04761300
vt 0.81507600 0.04975900
vt 0.82415500 0.04761300
vt 0.83777500 0.04761300
vt 0.84361200 0.04975900
vt 0.85139500 0.04761300
vt 0.82934400 0.04975900
vt 0.79691600 0.04761300
vt 0.80080700 0.04975900
vt 0.85788100 0.04975900
vt 0.86501500 0.04761300
vt 0.80794100 0.04975900
vt 0.82221000 0.04975900
vt 0.83647800 0.04975900
vt 0.85074600 0.04975900
vt 0.57287800 0.98726300
vt 0.57265700 0.98726300
vt 0.57276800 0.98659500
vt 0.57309800 0.98726300
vt 0.57298800 0.98659300
vt 0.57243700 0.98726300
vt 0.57243700 0.98628200
vt 0.57254700 0.98659700
vt 0.57240200 0.98580800
vt 0.57251200 0.98580000
vt 0.57260700 0.98579200
vt 0.57266700 0.98578000
vt 0.57232700 0.98658200
vt 0.57229600 0.98578200
vt 0.57286800 0.98574700
vt 0.57293300 0.98574300
vt 0.57302200 0.98572100
vt 0.57309800 0.98570800
vt 0.57276800 0.98576900
vt 0.57373500 0.98726300
vt 0.57352300 0.98726300
vt 0.57373500 0.98660900
vt 0.57394700 0.98726300
vt 0.57320500 0.98660100
vt 0.57331600 0.98565600
vt 0.57331100 0.98726300
vt 0.57341900 0.98660400
vt 0.57352400 0.98623500
vt 0.57317100 0.98568900
vt 0.57325700 0.98566800
vt 0.57384100 0.98595500
vt 0.57394700 0.98595500
vt 0.57394700 0.98660900
vt 0.57375000 0.98552900
vt 0.57362900 0.98595500
vt 0.57364600 0.98556100
vt 0.57389800 0.98549100
vt 0.57458000 0.98726300
vt 0.57436900 0.98726300
vt 0.57436900 0.98658800
vt 0.57478700 0.98745200
vt 0.57458000 0.98659800
vt 0.57415800 0.98726300
vt 0.57415800 0.98660900
vt 0.57415800 0.98595500
vt 0.57426400 0.98595500
vt 0.57405300 0.98595500
vt 0.57410600 0.98543500
vt 0.57421600 0.98540600
vt 0.57402200 0.98545600
vt 0.57433700 0.98538000
vt 0.57479000 0.98657700
vt 0.57468500 0.98595500
vt 0.57447400 0.98595500
vt 0.57444200 0.98535800
vt 0.57454600 0.98534100
vt 0.57463100 0.98533000
vt 0.57470900 0.98531700
vt 0.57542400 0.98726300
vt 0.57521300 0.98726300
vt 0.57521300 0.98660900
vt 0.57500200 0.98726300
vt 0.57500200 0.98660600
vt 0.57510300 0.98591600
vt 0.57520700 0.98531300
vt 0.57489600 0.98595500
vt 0.57493000 0.98530200
vt 0.57482100 0.98530700
vt 0.57510700 0.98530100
vt 0.57501900 0.98529900
vt 0.57531800 0.98595500
vt 0.57542400 0.98659300
vt 0.57529700 0.98531400
vt 0.57539400 0.98532900
vt 0.57550000 0.98535000
vt 0.57552900 0.98595500
vt 0.57558300 0.98533100
vt 0.57352600 0.98559500
vt 0.57221500 0.98581300
vt 0.57221700 0.98791700
vt 0.57232400 0.98791600
vt 0.57243100 0.98791100
vt 0.57264400 0.98789200
vt 0.57341100 0.98562600
vt 0.57285700 0.98786200
vt 0.57296400 0.98784200
vt 0.57307100 0.98782100
vt 0.57328400 0.98777300
vt 0.57349700 0.98771900
vt 0.57392400 0.98760800
vt 0.57360400 0.98769200
vt 0.57371100 0.98766300
vt 0.57413700 0.98755700
vt 0.57435000 0.98751200
vt 0.57445800 0.98749400
vt 0.57456500 0.98747800
vt 0.57509800 0.98745000
vt 0.57499100 0.98744800
vt 0.57520600 0.98745700
vt 0.57531300 0.98746800
vt 0.57542000 0.98748400
vt 0.57563500 0.98752900
vt 0.57552700 0.98750400
vt 0.57563500 0.98537700
vt 0.56946000 0.04304600
vt 0.56923600 0.04323500
vt 0.56946000 0.04238000
vt 0.56968000 0.04304600
vt 0.56901800 0.04326200
vt 0.56923900 0.04237800
vt 0.56901900 0.04237700
vt 0.56912900 0.04173800
vt 0.56894000 0.04113200
vt 0.56904900 0.04110600
vt 0.56890900 0.04173800
vt 0.56915500 0.04109500
vt 0.56924000 0.04109000
vt 0.56968100 0.04239200
vt 0.56957000 0.04173800
vt 0.56935000 0.04173800
vt 0.56932900 0.04108500
vt 0.56943300 0.04108400
vt 0.56962600 0.04109400
vt 0.56970200 0.04109900
vt 0.56954400 0.04108900
vt 0.57031700 0.04304600
vt 0.57010500 0.04304600
vt 0.57031700 0.04236400
vt 0.57052900 0.04304600
vt 0.57052900 0.04239200
vt 0.56989200 0.04304600
vt 0.56989200 0.04239200
vt 0.56999900 0.04173800
vt 0.57010500 0.04173800
vt 0.57010500 0.04239200
vt 0.56988900 0.04112900
vt 0.56978300 0.04171200
vt 0.56980000 0.04111000
vt 0.57005100 0.04115600
vt 0.57016300 0.04117600
vt 0.56996400 0.04113700
vt 0.57042300 0.04173800
vt 0.57051800 0.04126900
vt 0.57021100 0.04173800
vt 0.57028400 0.04120600
vt 0.57039300 0.04123200
vt 0.57105600 0.04238600
vt 0.57116200 0.04206500
vt 0.57116200 0.04304600
vt 0.57095100 0.04304600
vt 0.57095100 0.04206500
vt 0.57126700 0.04238400
vt 0.57138500 0.04149800
vt 0.57137300 0.04304600
vt 0.57074000 0.04304600
vt 0.57074000 0.04239200
vt 0.57084500 0.04173800
vt 0.57094000 0.04134700
vt 0.57074900 0.04132900
vt 0.57063400 0.04173800
vt 0.57063000 0.04130200
vt 0.57085000 0.04132100
vt 0.57121600 0.04146200
vt 0.57130200 0.04147900
vt 0.57112700 0.04143600
vt 0.57102800 0.04141100
vt 0.57190000 0.04237300
vt 0.57201500 0.04159400
vt 0.57200600 0.04304600
vt 0.57179500 0.04304600
vt 0.57178600 0.04157500
vt 0.57147800 0.04238200
vt 0.57159200 0.04154800
vt 0.57158400 0.04304600
vt 0.57168900 0.04238400
vt 0.57168600 0.04155500
vt 0.57150700 0.04152400
vt 0.57213500 0.04156500
vt 0.57211100 0.04236700
vt 0.57187100 0.04157900
vt 0.57195200 0.04158600
vt 0.56885400 0.04111600
vt 0.56879800 0.04331200
vt 0.56890600 0.04328700
vt 0.56879800 0.04116000
vt 0.56943900 0.04323100
vt 0.56954600 0.04323300
vt 0.56965400 0.04323900
vt 0.56986700 0.04326100
vt 0.57008000 0.04329500
vt 0.57018700 0.04331600
vt 0.57050800 0.04339100
vt 0.57029400 0.04334000
vt 0.57072000 0.04344600
vt 0.57082600 0.04347400
vt 0.57093300 0.04350200
vt 0.57104100 0.04352900
vt 0.57136000 0.04360400
vt 0.57114700 0.04355600
vt 0.57157300 0.04364400
vt 0.57168000 0.04366100
vt 0.57178800 0.04367500
vt 0.57221800 0.04159700
vt 0.57189500 0.04368600
vt 0.57200200 0.04369400
vt 0.57210900 0.04369900
vt 0.57221700 0.04370100
vt 0.57270400 0.04513900
vt 0.57276900 0.04511100
vt 0.57277200 0.04731400
vt 0.57265900 0.04735800
vt 0.57262200 0.04515600
vt 0.57287800 0.04597400
vt 0.57304200 0.04496100
vt 0.57313400 0.04489600
vt 0.57309800 0.04592900
vt 0.57298600 0.04499900
vt 0.57284300 0.04507700
vt 0.57291500 0.04503800
vt 0.57244000 0.04741500
vt 0.57242900 0.04521700
vt 0.57249300 0.04520600
vt 0.57254900 0.04739200
vt 0.57235900 0.04522700
vt 0.57232800 0.04742900
vt 0.57255000 0.04518900
vt 0.57369200 0.04437800
vt 0.57376000 0.04430200
vt 0.57374500 0.04656400
vt 0.57363400 0.04668500
vt 0.57363100 0.04444600
vt 0.57356900 0.04451300
vt 0.57353000 0.04678600
vt 0.57348200 0.04460000
vt 0.57383900 0.04568500
vt 0.57383100 0.04421800
vt 0.57389500 0.04414000
vt 0.57397400 0.04404100
vt 0.57394700 0.04574100
vt 0.57323500 0.04481900
vt 0.57330900 0.04475800
vt 0.57331700 0.04697500
vt 0.57321100 0.04705800
vt 0.57342600 0.04688500
vt 0.57338200 0.04469300
vt 0.57404400 0.04394900
vt 0.57405300 0.04517800
vt 0.57413100 0.04386600
vt 0.57415800 0.04517800
vt 0.57423100 0.04373100
vt 0.57426400 0.04517800
vt 0.57431500 0.04361200
vt 0.57437500 0.04352000
vt 0.57437500 0.04578000
vt 0.57475300 0.04293400
vt 0.57483500 0.04276000
vt 0.57480000 0.04514800
vt 0.57468500 0.04442700
vt 0.57465500 0.04309300
vt 0.57458000 0.04442700
vt 0.57455100 0.04325600
vt 0.57446600 0.04338900
vt 0.57503100 0.04247300
vt 0.57513600 0.04229300
vt 0.57511300 0.04465600
vt 0.57500600 0.04482900
vt 0.57522000 0.04214700
vt 0.57522000 0.04448200
vt 0.57489400 0.04270200
vt 0.57489900 0.04499700
vt 0.57495100 0.04260700
vt 0.57542400 0.04292500
vt 0.57531900 0.04197800
vt 0.57539100 0.04185000
vt 0.57549300 0.04167600
vt 0.57553000 0.04402500
vt 0.57221300 0.04526400
vt 0.57227100 0.04522900
vt 0.57221700 0.04743200
vt 0.57310500 0.04713100
vt 0.57299400 0.04720100
vt 0.57288300 0.04726200
vt 0.57386400 0.04643500
vt 0.57397100 0.04630900
vt 0.57558300 0.04147700
vt 0.57563500 0.04379200
vt 0.57542800 0.04413700
vt 0.57564400 0.04140600
vt 0.57407600 0.04617800
vt 0.57418200 0.04604200
vt 0.57428700 0.04590200
vt 0.57532400 0.04430800
vt 0.57449600 0.04560700
vt 0.57470600 0.04529500
vt 0.57460100 0.04545300
vt 0.56912000 0.99688600
vt 0.56912500 0.99456600
vt 0.56921100 0.99470700
vt 0.56923900 0.99624400
vt 0.56890600 0.99659800
vt 0.56890400 0.99417400
vt 0.56898900 0.99432600
vt 0.56901800 0.99579200
vt 0.56907900 0.99448600
vt 0.56968000 0.99699500
vt 0.56957000 0.99675200
vt 0.56967800 0.99549800
vt 0.56949100 0.99519100
vt 0.56958900 0.99535500
vt 0.56945900 0.99690300
vt 0.56931700 0.99489200
vt 0.56935000 0.99624400
vt 0.56940800 0.99505200
vt 0.57021100 0.99774700
vt 0.57010500 0.99774700
vt 0.57017600 0.99625500
vt 0.57028500 0.99641700
vt 0.57031700 0.99774700
vt 0.57037300 0.99653300
vt 0.57042900 0.99657000
vt 0.57042300 0.99831400
vt 0.57051200 0.99667200
vt 0.57052900 0.99831100
vt 0.56999900 0.99699500
vt 0.57000200 0.99600300
vt 0.56992400 0.99588900
vt 0.56989200 0.99699500
vt 0.56984100 0.99576200
vt 0.56978600 0.99699500
vt 0.56975400 0.99562000
vt 0.57111600 0.99732000
vt 0.57118300 0.99737500
vt 0.57116200 0.99849800
vt 0.57105600 0.99849800
vt 0.57102600 0.99727400
vt 0.57095100 0.99849800
vt 0.57132200 0.99748100
vt 0.57139800 0.99751900
vt 0.57137300 0.99849800
vt 0.57126700 0.99849800
vt 0.57124700 0.99742700
vt 0.57058700 0.99676800
vt 0.57065100 0.99684400
vt 0.57063600 0.99835000
vt 0.57072600 0.99693100
vt 0.57084500 0.99849800
vt 0.57087300 0.99708800
vt 0.57079400 0.99700700
vt 0.57074000 0.99849800
vt 0.57095300 0.99716800
vt 0.57199700 0.99998300
vt 0.57200800 0.99778500
vt 0.57207500 0.99779500
vt 0.57210700 0.99999700
vt 0.57188700 0.99996100
vt 0.57178100 0.99992600
vt 0.57186100 0.99775300
vt 0.57193700 0.99777300
vt 0.57167100 0.99988500
vt 0.57168100 0.99768700
vt 0.57174400 0.99770000
vt 0.57158300 0.99914100
vt 0.57147800 0.99849800
vt 0.57147600 0.99758100
vt 0.57180500 0.99773400
vt 0.56885000 0.99404700
vt 0.56879800 0.99636100
vt 0.56878900 0.99397400
vt 0.56931400 0.99721200
vt 0.56921100 0.99704400
vt 0.56900400 0.99670400
vt 0.56941700 0.99737800
vt 0.56952000 0.99754200
vt 0.56962300 0.99770300
vt 0.56983000 0.99801800
vt 0.56972600 0.99786200
vt 0.56993400 0.99817200
vt 0.57003900 0.99832200
vt 0.57008600 0.99613000
vt 0.57014400 0.99846700
vt 0.57025000 0.99860800
vt 0.57035500 0.99874400
vt 0.57046100 0.99887500
vt 0.57160700 0.99765400
vt 0.57153400 0.99761400
vt 0.57056700 0.99900100
vt 0.57078300 0.99923600
vt 0.57067500 0.99912200
vt 0.57099900 0.99944300
vt 0.57121600 0.99962100
vt 0.57110700 0.99953600
vt 0.57089100 0.99934300
vt 0.57143700 0.99976800
vt 0.57132600 0.99969900
vt 0.57154700 0.99982900
vt 0.57221700 1.00000000
vt 0.57216200 0.99781100
vt 0.57222100 0.99783300
vt 0.60586200 0.01958700
vt 0.60700200 0.01893100
vt 0.61327800 0.02053100
vt 0.60808700 0.01826800
vt 0.61008600 0.01692000
vt 0.61439000 0.01990100
vt 0.60911600 0.01759700
vt 0.60345800 0.02092800
vt 0.58542600 0.03098800
vt 0.59219400 0.03229400
vt 0.58302200 0.03233000
vt 0.61567400 0.01131800
vt 0.62254900 0.01339600
vt 0.61519300 0.01203100
vt 0.62154100 0.01451700
vt 0.61464800 0.01274100
vt 0.61609200 0.01060400
vt 0.62311600 0.01268300
vt 0.61674000 0.00917100
vt 0.62447700 0.01049400
vt 0.61644800 0.00988700
vt 0.62474400 0.00990900
vt 0.61696800 0.00845300
vt 0.62394700 0.01145700
vt 0.61404100 0.01344900
vt 0.62016100 0.01581700
vt 0.61337200 0.01415200
vt 0.62087000 0.01517200
vt 0.62206600 0.01395200
vt 0.62505800 0.00910600
vt 0.62357600 0.01204000
vt 0.62428100 0.01087600
vt 0.62524200 0.00845300
vt 0.61560300 0.01915900
vt 0.61185000 0.01554700
vt 0.61698800 0.01825400
vt 0.61099800 0.01623600
vt 0.61645500 0.01861200
vt 0.61777400 0.01770300
vt 0.61264200 0.01485200
vt 0.61930700 0.01654600
vt 0.61853100 0.01714500
vt 0.51379200 0.00845300
vt 0.50601700 0.00990900
vt 0.50570200 0.00910600
vt 0.50628300 0.01049400
vt 0.51402100 0.00917100
vt 0.51431300 0.00988700
vt 0.50648000 0.01087600
vt 0.50681400 0.01145600
vt 0.51466800 0.01060400
vt 0.50731700 0.01221200
vt 0.50551800 0.00845300
vt 0.50785500 0.01295600
vt 0.51508600 0.01131800
vt 0.51556800 0.01203100
vt 0.50836200 0.01357500
vt 0.51611200 0.01274100
vt 0.50890000 0.01418100
vt 0.51671900 0.01344900
vt 0.50988600 0.01516600
vt 0.50941900 0.01471200
vt 0.51062900 0.01583700
vt 0.51738800 0.01415200
vt 0.51145800 0.01654900
vt 0.51811900 0.01485200
vt 0.51223000 0.01714500
vt 0.51298800 0.01770400
vt 0.51891100 0.01554700
vt 0.51377200 0.01825500
vt 0.51430600 0.01861300
vt 0.51976300 0.01623600
vt 0.51515700 0.01915900
vt 0.52067400 0.01692000
vt 0.51637600 0.01990400
vt 0.51748300 0.02053100
vt 0.52164500 0.01759700
vt 0.52267300 0.01826800
vt 0.52489900 0.01958700
vt 0.52375800 0.01893100
vt 0.52730300 0.02092900
vt 0.53856700 0.03229500
vt 0.54533500 0.03098800
vt 0.54773900 0.03233000
vt 0.56548100 0.04090000
vt 0.56640400 0.04086400
vt 0.56764400 0.04087900
vt 0.56777000 0.04093500
vt 0.56590300 0.04093500
vt 0.56551200 0.04096900
vt 0.56785800 0.04099100
vt 0.56611700 0.04100300
vt 0.56987000 0.04093500
vt 0.56983300 0.04087900
vt 0.56994000 0.04099100
vt 0.57226200 0.04093500
vt 0.57217600 0.04087900
vt 0.57237600 0.04099000
vt 0.57532700 0.04093500
vt 0.57516300 0.04087900
vt 0.57443600 0.04099100
vt 0.57655200 0.04099100
vt 0.57857200 0.04093500
vt 0.57795300 0.04087900
vt 0.57896400 0.04099100
vt 0.58112500 0.04093500
vt 0.58065900 0.04088000
vt 0.58134400 0.04099100
vt 0.58360600 0.04093500
vt 0.58397400 0.04099100
vt 0.58608600 0.04093500
vt 0.58568200 0.04087900
vt 0.58597200 0.04099100
vt 0.58833100 0.04093500
vt 0.58839800 0.04099100
vt 0.59053500 0.04093500
vt 0.58901900 0.04087900
vt 0.59053500 0.04099100
vt 0.59258300 0.04093500
vt 0.59237400 0.04087900
vt 0.59270900 0.04099000
vt 0.59502300 0.04093500
vt 0.59490600 0.04087900
vt 0.59511400 0.04099100
vt 0.59700500 0.04093500
vt 0.59730000 0.04088000
vt 0.59705400 0.04099100
vt 0.59902300 0.04093500
vt 0.59952400 0.04099100
vt 0.60152400 0.04093500
vt 0.60047300 0.04087900
vt 0.60160400 0.04099100
vt 0.60377700 0.04099100
vt 0.60418000 0.04093500
vt 0.60421100 0.04087900
vt 0.60619600 0.04093500
vt 0.60610100 0.04099100
vt 0.60815400 0.04093500
vt 0.60784500 0.04087900
vt 0.60854300 0.04099100
vt 0.61081000 0.04093500
vt 0.61123600 0.04099100
vt 0.61365200 0.04089800
vt 0.61315500 0.04093500
vt 0.61101100 0.04087900
vt 0.61365200 0.04096900
vt 0.61294400 0.04100300
vt 0.56812400 0.04082100
vt 0.56981800 0.04082400
vt 0.57314600 0.04082100
vt 0.57506200 0.04082700
vt 0.57182800 0.04082200
vt 0.57690400 0.04082100
vt 0.56560800 0.04082200
vt 0.57824200 0.04082400
vt 0.57944200 0.04082100
vt 0.58065900 0.04082100
vt 0.58224600 0.04082000
vt 0.58311800 0.04087900
vt 0.58426500 0.04082100
vt 0.58559100 0.04082100
vt 0.58704200 0.04082200
vt 0.58822700 0.04082200
vt 0.58993200 0.04082300
vt 0.56790900 0.04104500
vt 0.57102500 0.04104800
vt 0.57478700 0.04104600
vt 0.57330100 0.04104600
vt 0.56538000 0.04104600
vt 0.57705800 0.04104700
vt 0.57933900 0.04104600
vt 0.58186500 0.04104800
vt 0.58468000 0.04104700
vt 0.58687800 0.04104600
vt 0.58912500 0.04104500
vt 0.59185000 0.04082300
vt 0.59401200 0.04082000
vt 0.59595600 0.04081800
vt 0.59804500 0.04082100
vt 0.59995300 0.04081900
vt 0.60143600 0.04082100
vt 0.60278800 0.04081900
vt 0.60472900 0.04082200
vt 0.60688400 0.04082000
vt 0.60875500 0.04082200
vt 0.61045600 0.04082300
vt 0.61264400 0.04085300
vt 0.61385900 0.04082100
vt 0.59174300 0.04104600
vt 0.59433300 0.04104700
vt 0.59727600 0.04104300
vt 0.60200200 0.04104800
vt 0.59971800 0.04104600
vt 0.60427400 0.04104600
vt 0.60803400 0.04104800
vt 0.60575700 0.04104600
vt 0.61114900 0.04104500
vt 0.61382700 0.04104700
vt 0.57053600 0.04233400
vt 0.56969200 0.04270200
vt 0.56998100 0.04217300
vt 0.56969200 0.05471400
vt 0.57053700 0.05508000
vt 0.56994800 0.05520400
vt 0.57137700 0.04270200
vt 0.57109500 0.04217300
vt 0.57137700 0.05471400
vt 0.57108800 0.05520500
vt 0.56881200 0.04221800
vt 0.56925000 0.04233700
vt 0.56881800 0.05519700
vt 0.56925000 0.05507900
vt 0.57179900 0.04233400
vt 0.57221200 0.04222600
vt 0.57221700 0.05484600
vt 0.57179900 0.05508200
vt 0.57221700 0.05523600
vt 0.56606700 0.04092000
vt 0.56614500 0.04086500
vt 0.56736900 0.04088000
vt 0.56736900 0.04093600
vt 0.56626400 0.04096300
vt 0.56736900 0.04099200
vt 0.56626000 0.04100700
vt 0.56837100 0.04093600
vt 0.56837100 0.04099200
vt 0.56994000 0.04093600
vt 0.56899000 0.04088000
vt 0.56937400 0.04099200
vt 0.57037600 0.04099200
vt 0.57137800 0.04093600
vt 0.57095700 0.04088000
vt 0.57137800 0.04099200
vt 0.57238100 0.04093600
vt 0.57238100 0.04099200
vt 0.57393200 0.04093600
vt 0.57238100 0.04088000
vt 0.57338100 0.04099200
vt 0.57438000 0.04099200
vt 0.57537500 0.04093600
vt 0.57396200 0.04088000
vt 0.57537500 0.04099200
vt 0.57691500 0.04093600
vt 0.57537500 0.04088000
vt 0.57636800 0.04099200
vt 0.57736200 0.04099200
vt 0.57835800 0.04093600
vt 0.57694300 0.04088000
vt 0.57835800 0.04099200
vt 0.57992900 0.04093600
vt 0.57890800 0.04087900
vt 0.57936000 0.04099200
vt 0.58036200 0.04099200
vt 0.58136400 0.04093600
vt 0.58086200 0.04088000
vt 0.58136400 0.04099200
vt 0.58294100 0.04093600
vt 0.58288000 0.04088000
vt 0.58285300 0.04099200
vt 0.58437000 0.04093600
vt 0.58437000 0.04099200
vt 0.58600800 0.04093600
vt 0.58495700 0.04088000
vt 0.58584700 0.04099100
vt 0.58789300 0.04093600
vt 0.58635800 0.04088000
vt 0.58735100 0.04099200
vt 0.58834800 0.04099200
vt 0.58934900 0.04093600
vt 0.58791900 0.04088000
vt 0.58934800 0.04099200
vt 0.59091800 0.04093600
vt 0.58989900 0.04088000
vt 0.59034000 0.04099200
vt 0.59135200 0.04099200
vt 0.59235600 0.04093600
vt 0.59185400 0.04088000
vt 0.59235600 0.04099200
vt 0.59335500 0.04093600
vt 0.59335500 0.04088000
vt 0.59335500 0.04099200
vt 0.59493800 0.04093600
vt 0.59478800 0.04088000
vt 0.59435400 0.04099200
vt 0.59535300 0.04099200
vt 0.59635200 0.04093600
vt 0.59635200 0.04088000
vt 0.59635200 0.04099200
vt 0.59785300 0.04093500
vt 0.59778900 0.04087900
vt 0.59734600 0.04099200
vt 0.59873800 0.04099100
vt 0.59933800 0.04093600
vt 0.59933800 0.04088000
vt 0.60088500 0.04093700
vt 0.60077300 0.04088000
vt 0.60032500 0.04100100
vt 0.60286800 0.04093700
vt 0.60234500 0.04088000
vt 0.60432100 0.04093800
vt 0.60377800 0.04088000
vt 0.60588500 0.04093600
vt 0.60570800 0.04087900
vt 0.60734400 0.04093600
vt 0.60734400 0.04088000
vt 0.60880100 0.04093500
vt 0.60870200 0.04099100
vt 0.60734400 0.04099200
vt 0.61030000 0.04093800
vt 0.60891100 0.04088000
vt 0.61174300 0.04093500
vt 0.61032500 0.04088000
vt 0.61335800 0.04094100
vt 0.61331000 0.04088000
vt 0.61442200 0.04090900
vt 0.61450600 0.04095100
vt 0.61414600 0.04086700
vt 0.61455800 0.04100100
vt 0.56733500 0.04081700
vt 0.56888600 0.04082100
vt 0.57031100 0.04082400
vt 0.57163300 0.04081400
vt 0.57309800 0.04082200
vt 0.57438200 0.04082300
vt 0.56525000 0.04090000
vt 0.56538000 0.04082100
vt 0.57567400 0.04082100
vt 0.57725700 0.04082200
vt 0.57889100 0.04082300
vt 0.58003500 0.04081800
vt 0.58127700 0.04082000
vt 0.58279800 0.04082100
vt 0.58434300 0.04082100
vt 0.58609800 0.04082100
vt 0.58770000 0.04081800
vt 0.58892600 0.04082000
vt 0.59074700 0.04081800
vt 0.56528000 0.04097000
vt 0.56515200 0.04104900
vt 0.56787600 0.04104600
vt 0.57028900 0.04104500
vt 0.56898700 0.04105000
vt 0.57268000 0.04104700
vt 0.57431300 0.04104200
vt 0.57635700 0.04105000
vt 0.57818100 0.04105300
vt 0.57971000 0.04104800
vt 0.58106400 0.04103800
vt 0.58321500 0.04104800
vt 0.58424700 0.04104300
vt 0.58601200 0.04104900
vt 0.58815900 0.04104700
vt 0.59078900 0.04105500
vt 0.59291300 0.04082200
vt 0.59444000 0.04081800
vt 0.59620300 0.04081800
vt 0.59786800 0.04082000
vt 0.59926200 0.04081400
vt 0.60012600 0.04081800
vt 0.60137700 0.04081900
vt 0.60245700 0.04081600
vt 0.60357100 0.04082100
vt 0.60488200 0.04081600
vt 0.60583200 0.04082800
vt 0.60728900 0.04082100
vt 0.60874400 0.04082600
vt 0.60962800 0.04081900
vt 0.61181700 0.04088000
vt 0.61101000 0.04082200
vt 0.61260600 0.04082200
vt 0.61541700 0.04089800
vt 0.61532000 0.04082100
vt 0.59079400 0.04105100
vt 0.59267500 0.04104800
vt 0.59268000 0.04104500
vt 0.59627800 0.04105000
vt 0.59628200 0.04104100
vt 0.59628400 0.04105300
vt 0.59627800 0.04104000
vt 0.59268500 0.04105300
vt 0.60542300 0.04103300
vt 0.61541300 0.04097100
vt 0.61545500 0.04104800
vt 0.56551700 0.04112200
vt 0.56543200 0.04123400
vt 0.56543500 0.04105200
vt 0.56552200 0.04095000
vt 0.56558700 0.04112400
vt 0.56559000 0.04095300
vt 0.56565900 0.04111000
vt 0.56572600 0.04110800
vt 0.56566200 0.04094300
vt 0.56572700 0.04126100
vt 0.56579500 0.04112000
vt 0.56573800 0.04094400
vt 0.56585600 0.04099500
vt 0.56585600 0.04099500
vt 0.56579500 0.04095100
vt 0.56600200 0.04112300
vt 0.56593200 0.04112000
vt 0.56591900 0.04095000
vt 0.56607000 0.04110800
vt 0.56599300 0.04094300
vt 0.56613800 0.04111100
vt 0.56606700 0.04095200
vt 0.56607000 0.04127400
vt 0.56620400 0.04099700
vt 0.56612500 0.04095300
vt 0.56634400 0.04110800
vt 0.56627500 0.04110800
vt 0.56628000 0.04094900
vt 0.56641000 0.04112300
vt 0.56635500 0.04094200
vt 0.56634400 0.04126700
vt 0.56648100 0.04113000
vt 0.56642000 0.04095000
vt 0.56654200 0.04097000
vt 0.56648700 0.04094400
vt 0.56668000 0.04110800
vt 0.56661100 0.04112200
vt 0.56665100 0.04095300
vt 0.56674700 0.04111800
vt 0.56667900 0.04126100
vt 0.56681000 0.04094500
vt 0.56681000 0.04094500
vt 0.56673100 0.04094800
vt 0.56694700 0.04110800
vt 0.56687900 0.04111500
vt 0.56687900 0.04094800
vt 0.56701300 0.04111700
vt 0.56695500 0.04095000
vt 0.56695200 0.04128500
vt 0.56709400 0.04095900
vt 0.56709400 0.04095900
vt 0.56701900 0.04094800
vt 0.56721100 0.04110800
vt 0.56714500 0.04110800
vt 0.56717700 0.04095300
vt 0.56727500 0.04110900
vt 0.56721000 0.04126100
vt 0.56735100 0.04110900
vt 0.56727700 0.04096700
vt 0.56763100 0.04111000
vt 0.56753500 0.04110900
vt 0.56753600 0.04096700
vt 0.56772900 0.04110800
vt 0.56763700 0.04096600
vt 0.56779300 0.04110800
vt 0.56772900 0.04096700
vt 0.56785800 0.04110800
vt 0.56783000 0.04096700
vt 0.56785800 0.04124800
vt 0.56776000 0.04125000
vt 0.56792200 0.04111600
vt 0.56801800 0.04110800
vt 0.56792200 0.04096700
vt 0.56811300 0.04110800
vt 0.56802100 0.04096700
vt 0.56811300 0.04124900
vt 0.56801700 0.04125900
vt 0.56817500 0.04111500
vt 0.56811300 0.04096700
vt 0.56824000 0.04110800
vt 0.56821100 0.04096700
vt 0.56830300 0.04110800
vt 0.56830400 0.04125000
vt 0.56824000 0.04124800
vt 0.56839000 0.04110900
vt 0.56830300 0.04096700
vt 0.56849200 0.04110800
vt 0.56840200 0.04096700
vt 0.56858800 0.04110900
vt 0.56849200 0.04096700
vt 0.56868100 0.04110800
vt 0.56859100 0.04096700
vt 0.56868100 0.04124800
vt 0.56858800 0.04125200
vt 0.56868100 0.04096700
vt 0.56875900 0.04092900
vt 0.56876100 0.04106800
vt 0.56875100 0.04117500
vt 0.56875900 0.04126900
vt 0.56536800 0.04097600
vt 0.56537600 0.04082200
vt 0.56543500 0.04091600
vt 0.56657500 0.04080400
vt 0.56607000 0.04131500
vt 0.56634400 0.04130400
vt 0.56742800 0.04083900
vt 0.56734200 0.04096700
vt 0.56731800 0.04080500
vt 0.56723000 0.04081400
vt 0.56743900 0.04096900
vt 0.56751800 0.04082500
vt 0.56760200 0.04083100
vt 0.56768100 0.04081300
vt 0.56776300 0.04080900
vt 0.56785100 0.04082400
vt 0.56792700 0.04082400
vt 0.56801600 0.04081200
vt 0.56828900 0.04082800
vt 0.56819700 0.04081400
vt 0.56811400 0.04081800
vt 0.56839500 0.04084000
vt 0.56848000 0.04081200
vt 0.56852600 0.04081400
vt 0.56861700 0.04082100
vt 0.56870200 0.04082800
vt 0.56881500 0.04101500
vt 0.56881700 0.04082200
vt 0.56801700 0.04130300
vt 0.56827800 0.04138400
vt 0.56881500 0.04119600
vt 0.56880700 0.04138800
vt 0.56878400 0.04138900
vt 0.57410700 0.05137200
vt 0.57335300 0.05148500
vt 0.57360200 0.05125900
vt 0.57335400 0.15505200
vt 0.57410700 0.15517000
vt 0.57358000 0.15529900
vt 0.57486200 0.05151900
vt 0.57461400 0.05126100
vt 0.57486200 0.15502400
vt 0.57461400 0.15528200
vt 0.57259600 0.15527300
vt 0.57259600 0.05127000
vt 0.57561600 0.05123500
vt 0.57561700 0.15530700
vt 0.57349100 0.05134700
vt 0.57288700 0.15526700
vt 0.57288700 0.05127500
vt 0.57408600 0.05103500
vt 0.57349100 0.15519600
vt 0.57223500 0.15529900
vt 0.57223500 0.05124500
vt 0.57408600 0.15534400
vt 0.57468500 0.05124700
vt 0.56625600 0.04090900
vt 0.56656600 0.04086600
vt 0.56798600 0.04088000
vt 0.56736900 0.04093600
vt 0.56611500 0.04094900
vt 0.56744000 0.04099600
vt 0.56883800 0.04093700
vt 0.56890200 0.04099300
vt 0.57039700 0.04093900
vt 0.56987600 0.04088000
vt 0.57189000 0.04093900
vt 0.57188100 0.04088000
vt 0.57382500 0.04093800
vt 0.57537600 0.04093600
vt 0.57394900 0.04088000
vt 0.57537600 0.04099200
vt 0.57448600 0.04100000
vt 0.57682500 0.04093800
vt 0.57590900 0.04088000
vt 0.57696000 0.04099100
vt 0.57835900 0.04093600
vt 0.57792500 0.04088000
vt 0.57880300 0.04099900
vt 0.57936000 0.04093600
vt 0.58081900 0.04093600
vt 0.57936000 0.04088000
vt 0.58236700 0.04093600
vt 0.58092800 0.04088000
vt 0.58337000 0.04093600
vt 0.58236700 0.04088000
vt 0.58337000 0.04099200
vt 0.58213300 0.04099700
vt 0.58437100 0.04093600
vt 0.58405900 0.04087500
vt 0.58437100 0.04099200
vt 0.58580000 0.04093600
vt 0.58537900 0.04087600
vt 0.58536700 0.04099200
vt 0.58636000 0.04099200
vt 0.58735300 0.04093600
vt 0.58699700 0.04088000
vt 0.58735300 0.04099200
vt 0.58875400 0.04093600
vt 0.58834900 0.04099200
vt 0.58934900 0.04099200
vt 0.59034000 0.04093600
vt 0.58891700 0.04088000
vt 0.59034000 0.04099200
vt 0.59176700 0.04093600
vt 0.59034000 0.04088000
vt 0.59135300 0.04099200
vt 0.59235600 0.04099200
vt 0.59335600 0.04093600
vt 0.59191200 0.04088000
vt 0.59335600 0.04099200
vt 0.59480100 0.04093600
vt 0.59335600 0.04088000
vt 0.59488400 0.04099100
vt 0.59635700 0.04093600
vt 0.59635700 0.04088000
vt 0.59635700 0.04099200
vt 0.59779900 0.04093600
vt 0.59776600 0.04088000
vt 0.59786700 0.04099100
vt 0.59934100 0.04093600
vt 0.59934100 0.04088000
vt 0.59934100 0.04099200
vt 0.60033900 0.04093600
vt 0.60076300 0.04088000
vt 0.60033900 0.04099200
vt 0.60177500 0.04093600
vt 0.60134200 0.04099200
vt 0.60234600 0.04099200
vt 0.60334900 0.04093600
vt 0.60280100 0.04088000
vt 0.60335000 0.04099200
vt 0.60435200 0.04093600
vt 0.60477200 0.04088000
vt 0.60435200 0.04099200
vt 0.60578600 0.04093600
vt 0.60587700 0.04099100
vt 0.60734800 0.04093600
vt 0.60679100 0.04088000
vt 0.60734800 0.04099200
vt 0.60878500 0.04093600
vt 0.60876500 0.04088000
vt 0.60886800 0.04099100
vt 0.61032700 0.04093600
vt 0.61032700 0.04088000
vt 0.61032700 0.04099200
vt 0.61177100 0.04093600
vt 0.61177200 0.04087900
vt 0.61132200 0.04099200
vt 0.61231600 0.04099200
vt 0.61331000 0.04093600
vt 0.61331000 0.04088000
vt 0.61331000 0.04099200
vt 0.61442500 0.04090900
vt 0.61455800 0.04095100
vt 0.61448800 0.04086200
vt 0.61443900 0.04100600
vt 0.56831400 0.04081600
vt 0.56923100 0.04082200
vt 0.57043000 0.04082100
vt 0.57167800 0.04081300
vt 0.57313500 0.04082200
vt 0.57451600 0.04080900
vt 0.56526300 0.04089800
vt 0.56535700 0.04082100
vt 0.57574000 0.04082100
vt 0.57751700 0.04082300
vt 0.57872500 0.04082300
vt 0.57999600 0.04081700
vt 0.58129700 0.04082100
vt 0.58275800 0.04081900
vt 0.58683700 0.04082500
vt 0.58857000 0.04081500
vt 0.59020500 0.04081700
vt 0.56532700 0.04097300
vt 0.57449000 0.04101000
vt 0.58448900 0.04105400
vt 0.58449000 0.04104100
vt 0.58450000 0.04104900
vt 0.58449400 0.04103900
vt 0.58801500 0.04105200
vt 0.58802200 0.04104400
vt 0.58802400 0.04104700
vt 0.58994900 0.04105100
vt 0.59204400 0.04082300
vt 0.59363700 0.04082000
vt 0.59485400 0.04088000
vt 0.59541600 0.04082300
vt 0.59704800 0.04081700
vt 0.59830800 0.04082000
vt 0.59940600 0.04081400
vt 0.60070100 0.04082200
vt 0.60214300 0.04082100
vt 0.60325400 0.04081900
vt 0.60446300 0.04081900
vt 0.60608200 0.04082100
vt 0.60759700 0.04082100
vt 0.60887900 0.04082200
vt 0.61011300 0.04082300
vt 0.61165400 0.04082600
vt 0.61323800 0.04081600
vt 0.61542100 0.04090000
vt 0.61529900 0.04082100
vt 0.59251600 0.04104700
vt 0.58995300 0.04105500
vt 0.59728900 0.04105100
vt 0.59492400 0.04104600
vt 0.59936900 0.04104200
vt 0.60125500 0.04104400
vt 0.60247000 0.04104500
vt 0.59491500 0.04104800
vt 0.60448900 0.04104500
vt 0.60640800 0.04104100
vt 0.60827400 0.04104300
vt 0.61040500 0.04104600
vt 0.61545900 0.04097200
vt 0.61277400 0.04104900
vt 0.61167000 0.04104900
vt 0.61547300 0.04105200
vt 0.57567200 0.04106800
vt 0.57567400 0.04092900
vt 0.57575200 0.04096700
vt 0.57575200 0.04110800
vt 0.57568200 0.04117500
vt 0.57575200 0.04124800
vt 0.57568000 0.04128900
vt 0.57581500 0.04110800
vt 0.57584100 0.04096600
vt 0.57581500 0.04124800
vt 0.57587800 0.04110800
vt 0.57587800 0.04124800
vt 0.57597400 0.04110900
vt 0.57596900 0.04096700
vt 0.57597200 0.04124400
vt 0.57606700 0.04110800
vt 0.57609500 0.04096700
vt 0.57606700 0.04124800
vt 0.57613100 0.04110800
vt 0.57613100 0.04124800
vt 0.57619400 0.04110800
vt 0.57619400 0.04096700
vt 0.57619400 0.04124800
vt 0.57629000 0.04110600
vt 0.57628600 0.04096700
vt 0.57625700 0.04124800
vt 0.57636000 0.04125800
vt 0.57638400 0.04110800
vt 0.57642300 0.04095700
vt 0.57644900 0.04111000
vt 0.57654600 0.04111300
vt 0.57653800 0.04096600
vt 0.57651200 0.04127100
vt 0.57663700 0.04111500
vt 0.57663900 0.04096700
vt 0.57674400 0.04110900
vt 0.57673200 0.04096800
vt 0.57683200 0.04110800
vt 0.57683200 0.04096700
vt 0.57693100 0.04110400
vt 0.57692800 0.04096700
vt 0.57702700 0.04110800
vt 0.57702700 0.04096700
vt 0.57712500 0.04110800
vt 0.57711500 0.04096700
vt 0.57699700 0.04125900
vt 0.57722300 0.04110800
vt 0.57721600 0.04094900
vt 0.57725100 0.04126000
vt 0.57728800 0.04110800
vt 0.57728600 0.04094600
vt 0.57735400 0.04111000
vt 0.57736600 0.04095100
vt 0.57741900 0.04110800
vt 0.57743000 0.04095200
vt 0.57742000 0.04126900
vt 0.57748600 0.04110800
vt 0.57750200 0.04095000
vt 0.57755200 0.04110800
vt 0.57756900 0.04094900
vt 0.57755200 0.04124800
vt 0.57761800 0.04110800
vt 0.57763100 0.04095100
vt 0.57761800 0.04124800
vt 0.57768700 0.04111000
vt 0.57769400 0.04094500
vt 0.57775300 0.04110800
vt 0.57778000 0.04094500
vt 0.57775300 0.04126700
vt 0.57782100 0.04111000
vt 0.57788800 0.04110800
vt 0.57788100 0.04094700
vt 0.57788600 0.04127000
vt 0.57795300 0.04112400
vt 0.57795400 0.04094800
vt 0.57802400 0.04112400
vt 0.57802900 0.04094800
vt 0.57829400 0.04110800
vt 0.57822100 0.04113100
vt 0.57827900 0.04093300
vt 0.57829700 0.04126800
vt 0.57836400 0.04111000
vt 0.57835000 0.04094600
vt 0.57843100 0.04110800
vt 0.57842300 0.04094200
vt 0.57843000 0.04126600
vt 0.57850000 0.04112300
vt 0.57849700 0.04094800
vt 0.57857200 0.04112000
vt 0.57856200 0.04094300
vt 0.57870700 0.04112000
vt 0.57864500 0.04099000
vt 0.57864500 0.04099000
vt 0.57871800 0.04095100
vt 0.57877400 0.04112300
vt 0.57877500 0.04094100
vt 0.57884600 0.04110800
vt 0.57883900 0.04094700
vt 0.57891500 0.04110800
vt 0.57891000 0.04094600
vt 0.57892300 0.04126400
vt 0.57884600 0.04126100
vt 0.57899800 0.04097200
vt 0.57899500 0.04114900
vt 0.57899700 0.04129200
vt 0.57594100 0.04081200
vt 0.57604100 0.04082600
vt 0.57586900 0.04082100
vt 0.57576800 0.04080800
vt 0.57612500 0.04081900
vt 0.57623000 0.04081600
vt 0.57631000 0.04081900
vt 0.57636700 0.04081700
vt 0.57561700 0.04082200
vt 0.57561800 0.04101500
vt 0.57679600 0.04080400
vt 0.57688700 0.04082000
vt 0.57671100 0.04081500
vt 0.57660600 0.04081100
vt 0.57694800 0.04080900
vt 0.57703100 0.04081400
vt 0.57713100 0.04082500
vt 0.57650800 0.04081800
vt 0.57561800 0.04119600
vt 0.57576100 0.04138300
vt 0.57587900 0.04137100
vt 0.57561700 0.04138900
vt 0.57616300 0.04138600
vt 0.57616300 0.04134300
vt 0.57651200 0.04129600
vt 0.57905600 0.04082200
vt 0.57906500 0.04097700
vt 0.57775200 0.04137200
vt 0.57788600 0.04130800
vt 0.57904500 0.04124400
vt 0.57901700 0.04138000
vt 0.57843000 0.04130800
vt 0.56776900 0.04093500
vt 0.56590300 0.04093500
vt 0.56540200 0.04089800
vt 0.56764100 0.04087900
vt 0.56539700 0.04096800
vt 0.56785700 0.04099100
vt 0.56611500 0.04100300
vt 0.56987100 0.04093500
vt 0.56983300 0.04087900
vt 0.56994000 0.04099100
vt 0.57235700 0.04093500
vt 0.57220800 0.04087900
vt 0.57242300 0.04099000
vt 0.57520800 0.04093500
vt 0.57479200 0.04087900
vt 0.57443600 0.04099100
vt 0.57655600 0.04099100
vt 0.57745500 0.04093500
vt 0.57729200 0.04087900
vt 0.57969800 0.04093500
vt 0.57893500 0.04099100
vt 0.58141600 0.04099100
vt 0.58205600 0.04093500
vt 0.58174000 0.04087900
vt 0.58405900 0.04093500
vt 0.58395200 0.04099100
vt 0.58607000 0.04093500
vt 0.58455400 0.04087900
vt 0.58597100 0.04099100
vt 0.58806700 0.04093500
vt 0.58715700 0.04087900
vt 0.58788300 0.04099100
vt 0.59066700 0.04093500
vt 0.59015500 0.04087900
vt 0.59050900 0.04099100
vt 0.59303000 0.04093500
vt 0.59339900 0.04087900
vt 0.59309300 0.04099100
vt 0.59556200 0.04093500
vt 0.59567100 0.04099100
vt 0.59813100 0.04093500
vt 0.59800800 0.04087900
vt 0.59820200 0.04099100
vt 0.60055400 0.04093500
vt 0.60070400 0.04087900
vt 0.60012700 0.04099100
vt 0.60251400 0.04099100
vt 0.60378200 0.04093500
vt 0.60462200 0.04099100
vt 0.60679900 0.04093500
vt 0.60394400 0.04088000
vt 0.60668300 0.04099000
vt 0.60918900 0.04093500
vt 0.60689800 0.04087900
vt 0.60911900 0.04099100
vt 0.61129100 0.04093500
vt 0.60922500 0.04087900
vt 0.61120100 0.04099100
vt 0.61351700 0.04089800
vt 0.61315500 0.04093500
vt 0.61142100 0.04087900
vt 0.61355500 0.04096900
vt 0.61294100 0.04100300
vt 0.56646900 0.04085500
vt 0.56886700 0.04081900
vt 0.57115200 0.04081800
vt 0.57301600 0.04082200
vt 0.57445600 0.04081800
vt 0.57660900 0.04082000
vt 0.56521800 0.04082100
vt 0.57887700 0.04081900
vt 0.57946700 0.04087900
vt 0.58088600 0.04082000
vt 0.58241700 0.04082200
vt 0.58401300 0.04081900
vt 0.58619000 0.04081800
vt 0.58853500 0.04081800
vt 0.56789500 0.04104500
vt 0.57102500 0.04104800
vt 0.57478300 0.04104600
vt 0.57330100 0.04104600
vt 0.56523000 0.04104700
vt 0.57705200 0.04104800
vt 0.57934000 0.04104600
vt 0.58177100 0.04104400
vt 0.58464300 0.04104900
vt 0.58733900 0.04104700
vt 0.58915500 0.04104700
vt 0.59061100 0.04081800
vt 0.59208300 0.04082000
vt 0.59375900 0.04081900
vt 0.59584900 0.04082100
vt 0.59602600 0.04087900
vt 0.59835800 0.04082200
vt 0.60096900 0.04082500
vt 0.60555700 0.04081800
vt 0.60807800 0.04081900
vt 0.60329700 0.04081900
vt 0.61050600 0.04081700
vt 0.61285700 0.04085100
vt 0.61350400 0.04081800
vt 0.59127200 0.04104600
vt 0.59367200 0.04104600
vt 0.59904200 0.04105200
vt 0.60200500 0.04104800
vt 0.60427100 0.04104600
vt 0.59611700 0.04104800
vt 0.60803300 0.04104800
vt 0.61115000 0.04104500
vt 0.60575700 0.04104600
vt 0.61367800 0.04104600
vt 0.57053800 0.04233600
vt 0.56969200 0.04270200
vt 0.56994800 0.04221200
vt 0.56969200 0.05471400
vt 0.57053500 0.05508200
vt 0.56998000 0.05524000
vt 0.57137700 0.04270200
vt 0.57108800 0.04221000
vt 0.57137700 0.05471400
vt 0.57109700 0.05524200
vt 0.56881100 0.05519700
vt 0.56881600 0.04221800
vt 0.56925000 0.04233700
vt 0.56925000 0.05507900
vt 0.57179900 0.04233400
vt 0.57221800 0.04221500
vt 0.57221500 0.05519400
vt 0.57179900 0.05508200
vt 0.56538000 0.04415100
vt 0.56538000 0.04393400
vt 0.56906900 0.04393400
vt 0.57584900 0.04415100
vt 0.57275800 0.04393400
vt 0.57644600 0.04393400
vt 0.58013500 0.04393400
vt 0.58592300 0.04415100
vt 0.58382400 0.04393400
vt 0.58751200 0.04393400
vt 0.58091500 0.04415100
vt 0.56924500 0.04437900
vt 0.58470200 0.04437900
vt 0.57697300 0.04437900
vt 0.59120100 0.04393400
vt 0.59489000 0.04393400
vt 0.59093100 0.04415100
vt 0.59593900 0.04415100
vt 0.59243000 0.04437900
vt 0.59857800 0.04393400
vt 0.58856600 0.04437900
vt 0.60094700 0.04415100
vt 0.60226700 0.04393400
vt 0.60595500 0.04415100
vt 0.60595500 0.04393400
vt 0.60964400 0.04393400
vt 0.61702100 0.04393400
vt 0.61642400 0.04415100
vt 0.61333300 0.04393400
vt 0.61127500 0.04415100
vt 0.62439900 0.04393400
vt 0.62149000 0.04415100
vt 0.62071000 0.04393400
vt 0.62808700 0.04393400
vt 0.63177600 0.04393400
vt 0.63150600 0.04415100
vt 0.62649800 0.04415100
vt 0.63546500 0.04393400
vt 0.64284200 0.04393400
vt 0.64152300 0.04415100
vt 0.63915300 0.04393400
vt 0.63651400 0.04415100
vt 0.64653100 0.04415100
vt 0.60015900 0.04437900
vt 0.56538000 0.04437900
vt 0.60788800 0.04437900
vt 0.57310900 0.04437900
vt 0.60402300 0.04437900
vt 0.61561600 0.04437900
vt 0.61175200 0.04437900
vt 0.61948100 0.04437900
vt 0.62334500 0.04437900
vt 0.63493800 0.04437900
vt 0.62720900 0.04437900
vt 0.63880200 0.04437900
vt 0.64653100 0.04437900
vt 0.64266600 0.04437900
vt 0.65185100 0.04415100
vt 0.65021900 0.04393400
vt 0.65390800 0.04393400
vt 0.65699900 0.04415100
vt 0.65759700 0.04393400
vt 0.66206500 0.04415100
vt 0.66128500 0.04393400
vt 0.66497400 0.04393400
vt 0.66866300 0.04393400
vt 0.67235100 0.04393400
vt 0.67208200 0.04415100
vt 0.66707300 0.04415100
vt 0.65039500 0.04437900
vt 0.65812400 0.04437900
vt 0.65425900 0.04437900
vt 0.67709000 0.04415100
vt 0.67358100 0.04437900
vt 0.67604000 0.04393400
vt 0.67972900 0.04393400
vt 0.66971700 0.04437900
vt 0.66585200 0.04437900
vt 0.68209800 0.04415100
vt 0.68341700 0.04393400
vt 0.68710600 0.04415100
vt 0.68710600 0.04393400
vt 0.69079500 0.04393400
vt 0.69817200 0.04393400
vt 0.69757500 0.04415100
vt 0.69448300 0.04393400
vt 0.69242600 0.04415100
vt 0.70554900 0.04393400
vt 0.70264000 0.04415100
vt 0.70186100 0.04393400
vt 0.70923800 0.04393400
vt 0.71292700 0.04393400
vt 0.71265700 0.04415100
vt 0.70764900 0.04415100
vt 0.71661500 0.04393400
vt 0.72399200 0.04393400
vt 0.72267300 0.04415100
vt 0.72030400 0.04393400
vt 0.71766500 0.04415100
vt 0.72768100 0.04393400
vt 0.72768100 0.04415100
vt 0.68130900 0.04437900
vt 0.68903800 0.04437900
vt 0.68517400 0.04437900
vt 0.69676700 0.04437900
vt 0.69290200 0.04437900
vt 0.70063100 0.04437900
vt 0.70449500 0.04437900
vt 0.71608800 0.04437900
vt 0.72381700 0.04437900
vt 0.71995300 0.04437900
vt 0.70836000 0.04437900
vt 0.56954700 0.04110600
vt 0.56746400 0.04110600
vt 0.56954700 0.04096400
vt 0.56954700 0.04137800
vt 0.56746400 0.04137800
vt 0.56954700 0.04124200
vt 0.56746400 0.04124200
vt 0.56954700 0.04163300
vt 0.56746400 0.04163300
vt 0.56954700 0.04150600
vt 0.56746400 0.04150600
vt 0.56954700 0.04190700
vt 0.56746400 0.04190700
vt 0.56954700 0.04177000
vt 0.56746400 0.04177000
vt 0.56954700 0.04204400
vt 0.56746400 0.04204400
vt 0.57372600 0.04110600
vt 0.57372600 0.04137800
vt 0.57372600 0.04163300
vt 0.57372600 0.04190700
vt 0.57787900 0.04137800
vt 0.57787900 0.04110600
vt 0.57787900 0.04163300
vt 0.57787900 0.04190700
vt 0.58205600 0.04137800
vt 0.58205600 0.04110600
vt 0.58205600 0.04163300
vt 0.58205600 0.04190700
vt 0.58622300 0.04137800
vt 0.58622300 0.04163300
vt 0.58622300 0.04190700
vt 0.59037800 0.04137800
vt 0.58622300 0.04110600
vt 0.59037800 0.04163300
vt 0.59037800 0.04190700
vt 0.59456400 0.04137800
vt 0.59037800 0.04110600
vt 0.59456400 0.04163300
vt 0.59456400 0.04190700
vt 0.59872500 0.04137800
vt 0.59456400 0.04110600
vt 0.59872500 0.04163300
vt 0.59872500 0.04190700
vt 0.60287600 0.04137800
vt 0.59872500 0.04110600
vt 0.60287600 0.04163300
vt 0.60287600 0.04190700
vt 0.60697000 0.04137800
vt 0.60287600 0.04110600
vt 0.60697000 0.04163300
vt 0.60697000 0.04190700
vt 0.61106300 0.04124200
vt 0.61106300 0.04137800
vt 0.60697000 0.04110600
vt 0.61106300 0.04110600
vt 0.61106300 0.04150600
vt 0.61106300 0.04163300
vt 0.61106300 0.04177000
vt 0.61106300 0.04190700
vt 0.61321900 0.04110600
vt 0.61106300 0.04096400
vt 0.61321900 0.04137800
vt 0.61321900 0.04124200
vt 0.61321900 0.04163300
vt 0.61321900 0.04150600
vt 0.61321900 0.04190700
vt 0.61321900 0.04177000
vt 0.61321900 0.04204400
vt 0.61106300 0.04204400
vt 0.56746400 0.04096400
vt 0.56538000 0.04082100
vt 0.56694300 0.04082100
vt 0.56858500 0.04081400
vt 0.57178700 0.04081300
vt 0.56538000 0.04117500
vt 0.57475400 0.04082100
vt 0.57631600 0.04082100
vt 0.57787800 0.04082100
vt 0.58100200 0.04082100
vt 0.58412700 0.04082100
vt 0.58568900 0.04082100
vt 0.58725200 0.04082100
vt 0.59037700 0.04082100
vt 0.59350200 0.04082100
vt 0.56538000 0.04150100
vt 0.56538000 0.04182800
vt 0.56538000 0.04218100
vt 0.56853300 0.04218100
vt 0.57168400 0.04218100
vt 0.57483400 0.04218100
vt 0.58108700 0.04218400
vt 0.58426000 0.04218100
vt 0.58739300 0.04218100
vt 0.57794900 0.04218300
vt 0.59052000 0.04218100
vt 0.59506500 0.04082100
vt 0.59662700 0.04082100
vt 0.59819000 0.04082100
vt 0.59975200 0.04082100
vt 0.60600200 0.04082100
vt 0.60756400 0.04082100
vt 0.60912700 0.04082100
vt 0.61068900 0.04082100
vt 0.61321900 0.04096400
vt 0.61225100 0.04082100
vt 0.61381300 0.04082100
vt 0.61537500 0.04082100
vt 0.61537500 0.04117800
vt 0.59675800 0.04218100
vt 0.60297200 0.04218300
vt 0.59986800 0.04218100
vt 0.60608100 0.04218100
vt 0.59364200 0.04218100
vt 0.60918000 0.04218100
vt 0.61537500 0.04150100
vt 0.61537300 0.04182500
vt 0.61227800 0.04218100
vt 0.61537500 0.04218100
vt 0.57032700 0.04111600
vt 0.56785400 0.04111600
vt 0.57032700 0.04096900
vt 0.57032700 0.04140000
vt 0.56785400 0.04140000
vt 0.57032700 0.04125800
vt 0.56785400 0.04125800
vt 0.57032700 0.04168200
vt 0.56785400 0.04168200
vt 0.57032700 0.04154100
vt 0.56785400 0.04154100
vt 0.57032700 0.04182400
vt 0.56785400 0.04182400
vt 0.57527400 0.04111600
vt 0.57527400 0.04140000
vt 0.57527400 0.04168200
vt 0.58022100 0.04140000
vt 0.58022100 0.04111600
vt 0.58022100 0.04168200
vt 0.58516700 0.04140000
vt 0.58516700 0.04168200
vt 0.59011400 0.04140000
vt 0.59011400 0.04111600
vt 0.59011400 0.04168200
vt 0.59506100 0.04140000
vt 0.59506100 0.04111600
vt 0.59506100 0.04168200
vt 0.60000800 0.04140000
vt 0.60000800 0.04111600
vt 0.60000800 0.04168200
vt 0.60495500 0.04125800
vt 0.60495500 0.04140000
vt 0.60495500 0.04111600
vt 0.60495500 0.04154100
vt 0.60495500 0.04168200
vt 0.60742800 0.04111600
vt 0.60495500 0.04096900
vt 0.60742800 0.04140000
vt 0.60742800 0.04125800
vt 0.60742800 0.04168200
vt 0.60742800 0.04154100
vt 0.60742800 0.04182400
vt 0.60495500 0.04182400
vt 0.56534800 0.04111500
vt 0.56538000 0.04082100
vt 0.56785400 0.04096900
vt 0.56815000 0.04082100
vt 0.57092500 0.04082100
vt 0.56538000 0.04139300
vt 0.57648700 0.04082100
vt 0.57370400 0.04082100
vt 0.57927300 0.04082100
vt 0.58206100 0.04082100
vt 0.58516700 0.04111600
vt 0.58485100 0.04082100
vt 0.56538000 0.04166700
vt 0.56815000 0.04196500
vt 0.56538000 0.04196500
vt 0.57370400 0.04196500
vt 0.57092500 0.04196500
vt 0.57648700 0.04196500
vt 0.58206100 0.04196500
vt 0.58764100 0.04196500
vt 0.58485100 0.04196500
vt 0.57924700 0.04196500
vt 0.58764100 0.04082100
vt 0.59600800 0.04082100
vt 0.59322000 0.04082100
vt 0.59879400 0.04082100
vt 0.60157700 0.04082100
vt 0.59043100 0.04082100
vt 0.60713100 0.04082100
vt 0.60435600 0.04082100
vt 0.60742800 0.04096900
vt 0.60990100 0.04082100
vt 0.60990100 0.04111900
vt 0.60990100 0.04139300
vt 0.59043100 0.04196500
vt 0.59321700 0.04196500
vt 0.59879400 0.04196500
vt 0.59600800 0.04196500
vt 0.60157700 0.04196500
vt 0.60435600 0.04196500
vt 0.60990100 0.04166700
vt 0.60719300 0.04196500
vt 0.60990100 0.04196500
vt 0.56985500 0.04324500
vt 0.57018200 0.04299300
vt 0.57018200 0.04449900
vt 0.56949400 0.04450000
vt 0.56962900 0.04249900
vt 0.57018200 0.05454200
vt 0.56949400 0.05454200
vt 0.56985500 0.05579800
vt 0.56962800 0.05652700
vt 0.57018200 0.05604900
vt 0.57052500 0.04349000
vt 0.57086000 0.04299300
vt 0.57086000 0.04450000
vt 0.57086000 0.05454200
vt 0.57052500 0.05555200
vt 0.57086000 0.05604900
vt 0.57118300 0.04330200
vt 0.57153800 0.04299300
vt 0.57153800 0.04450000
vt 0.57153800 0.05454200
vt 0.57118300 0.05574000
vt 0.57153800 0.05604900
vt 0.57188200 0.05593900
vt 0.56913200 0.04311900
vt 0.56878100 0.04397100
vt 0.56878100 0.04249100
vt 0.57049900 0.04249100
vt 0.56878100 0.05507100
vt 0.56913200 0.05592300
vt 0.56878100 0.05655100
vt 0.57049900 0.05655100
vt 0.57135800 0.04249100
vt 0.57188200 0.04310300
vt 0.57221700 0.04249100
vt 0.57221700 0.04397100
vt 0.57135800 0.05655100
vt 0.57221700 0.05507100
vt 0.57221700 0.05655100
vt 0.56594100 0.04101800
vt 0.56565600 0.04101800
vt 0.56594100 0.04092200
vt 0.56594100 0.04110500
vt 0.56565600 0.04110500
vt 0.56594100 0.04119200
vt 0.56565600 0.04119200
vt 0.56594100 0.04128500
vt 0.56565600 0.04128500
vt 0.56620400 0.04101800
vt 0.56620400 0.04092200
vt 0.56620400 0.04110500
vt 0.56620400 0.04119200
vt 0.56620400 0.04128500
vt 0.56647400 0.04101800
vt 0.56647400 0.04092200
vt 0.56647400 0.04110500
vt 0.56647400 0.04119200
vt 0.56647400 0.04128500
vt 0.56674300 0.04101800
vt 0.56674300 0.04092200
vt 0.56674300 0.04110500
vt 0.56674300 0.04119200
vt 0.56674300 0.04128500
vt 0.56700900 0.04101800
vt 0.56700900 0.04092200
vt 0.56700900 0.04110500
vt 0.56700900 0.04119200
vt 0.56700900 0.04128500
vt 0.56727200 0.04101800
vt 0.56727200 0.04092200
vt 0.56727200 0.04110500
vt 0.56727200 0.04119200
vt 0.56727200 0.04128500
vt 0.56753100 0.04101800
vt 0.56753100 0.04092200
vt 0.56753100 0.04110500
vt 0.56753100 0.04119200
vt 0.56753100 0.04128500
vt 0.56778900 0.04101800
vt 0.56778900 0.04092200
vt 0.56778900 0.04110500
vt 0.56778900 0.04119200
vt 0.56778900 0.04128500
vt 0.56804600 0.04101800
vt 0.56804600 0.04092200
vt 0.56804600 0.04110500
vt 0.56804600 0.04119200
vt 0.56804600 0.04128500
vt 0.56830100 0.04101800
vt 0.56830100 0.04092200
vt 0.56830100 0.04110500
vt 0.56830100 0.04119200
vt 0.56830100 0.04128500
vt 0.56855400 0.04097000
vt 0.56855400 0.04101800
vt 0.56855400 0.04092200
vt 0.56855400 0.04106200
vt 0.56855400 0.04110500
vt 0.56855400 0.04119200
vt 0.56855400 0.04123900
vt 0.56855400 0.04128500
vt 0.56868100 0.04092200
vt 0.56869600 0.04085700
vt 0.56867400 0.04104100
vt 0.56868100 0.04097000
vt 0.56868100 0.04110500
vt 0.56868300 0.04126600
vt 0.56868100 0.04119200
vt 0.56867700 0.04134900
vt 0.56855000 0.04135100
vt 0.56593800 0.04082200
vt 0.56582400 0.04082200
vt 0.56616100 0.04082100
vt 0.56604900 0.04082100
vt 0.56627200 0.04082100
vt 0.56549200 0.04082300
vt 0.56565600 0.04092200
vt 0.56538000 0.04097300
vt 0.56538000 0.04082100
vt 0.56560500 0.04082300
vt 0.56571400 0.04082300
vt 0.56637800 0.04082200
vt 0.56669900 0.04082100
vt 0.56659400 0.04082300
vt 0.56691500 0.04082000
vt 0.56703400 0.04082100
vt 0.56680300 0.04082200
vt 0.56714100 0.04082100
vt 0.56648500 0.04082200
vt 0.56724700 0.04082100
vt 0.56735200 0.04082200
vt 0.56538100 0.04123700
vt 0.56538000 0.04110500
vt 0.56538000 0.04138800
vt 0.56557600 0.04138800
vt 0.56577900 0.04138800
vt 0.56598800 0.04138800
vt 0.56620300 0.04138800
vt 0.56631100 0.04138800
vt 0.56664300 0.04138800
vt 0.56686800 0.04138800
vt 0.56675500 0.04138800
vt 0.56709400 0.04138800
vt 0.56732000 0.04138700
vt 0.56720700 0.04138800
vt 0.56743200 0.04138700
vt 0.56698100 0.04138800
vt 0.56642100 0.04138800
vt 0.56653200 0.04138800
vt 0.56777300 0.04082100
vt 0.56787800 0.04082100
vt 0.56797200 0.04082000
vt 0.56817800 0.04082300
vt 0.56807100 0.04082300
vt 0.56828500 0.04082300
vt 0.56745700 0.04082200
vt 0.56754600 0.04082200
vt 0.56766800 0.04082200
vt 0.56839200 0.04082300
vt 0.56855400 0.04087200
vt 0.56849700 0.04082100
vt 0.56860000 0.04082100
vt 0.56880700 0.04082100
vt 0.56881300 0.04096700
vt 0.56880700 0.04110500
vt 0.56765600 0.04138700
vt 0.56754400 0.04138700
vt 0.56819900 0.04138700
vt 0.56840800 0.04138700
vt 0.56830400 0.04138700
vt 0.56787600 0.04138800
vt 0.56776600 0.04138700
vt 0.56798500 0.04138800
vt 0.56809300 0.04138700
vt 0.56880700 0.04124000
vt 0.56880700 0.04138800
vt 0.57587900 0.04092200
vt 0.57575200 0.04092200
vt 0.57573900 0.04085700
vt 0.57587900 0.04101800
vt 0.57575900 0.04104100
vt 0.57575200 0.04097000
vt 0.57587900 0.04097000
vt 0.57587900 0.04110500
vt 0.57575200 0.04110500
vt 0.57587900 0.04128500
vt 0.57575200 0.04128500
vt 0.57575200 0.04123900
vt 0.57587900 0.04123900
vt 0.57575200 0.04119200
vt 0.57588200 0.04135100
vt 0.57576300 0.04135100
vt 0.57613300 0.04092200
vt 0.57613300 0.04101800
vt 0.57587900 0.04106200
vt 0.57613300 0.04110500
vt 0.57613300 0.04119200
vt 0.57587900 0.04119200
vt 0.57613300 0.04128500
vt 0.57638700 0.04101800
vt 0.57638700 0.04110500
vt 0.57638700 0.04119200
vt 0.57638700 0.04128500
vt 0.57664300 0.04101800
vt 0.57638700 0.04092200
vt 0.57664300 0.04110500
vt 0.57664300 0.04119200
vt 0.57664300 0.04128500
vt 0.57690200 0.04101800
vt 0.57664300 0.04092200
vt 0.57690200 0.04110500
vt 0.57690200 0.04119200
vt 0.57690200 0.04128500
vt 0.57716200 0.04101800
vt 0.57690200 0.04092200
vt 0.57716200 0.04110500
vt 0.57716200 0.04119200
vt 0.57716200 0.04128500
vt 0.57742400 0.04101800
vt 0.57716200 0.04092200
vt 0.57742400 0.04110500
vt 0.57742400 0.04119200
vt 0.57742400 0.04128500
vt 0.57769000 0.04101800
vt 0.57742400 0.04092200
vt 0.57769000 0.04110500
vt 0.57769000 0.04119200
vt 0.57769000 0.04128500
vt 0.57795800 0.04101800
vt 0.57769000 0.04092200
vt 0.57795800 0.04110500
vt 0.57795800 0.04119200
vt 0.57795800 0.04128500
vt 0.57822200 0.04101800
vt 0.57795800 0.04092200
vt 0.57822200 0.04110500
vt 0.57822200 0.04119200
vt 0.57822200 0.04128500
vt 0.57850300 0.04101800
vt 0.57822200 0.04092200
vt 0.57850300 0.04110500
vt 0.57850300 0.04119200
vt 0.57850300 0.04128500
vt 0.57877700 0.04101800
vt 0.57850300 0.04092200
vt 0.57877700 0.04110500
vt 0.57877700 0.04119200
vt 0.57877700 0.04128500
vt 0.57562000 0.04096700
vt 0.57562600 0.04082100
vt 0.57587900 0.04087200
vt 0.57583200 0.04082100
vt 0.57594700 0.04081500
vt 0.57562600 0.04110500
vt 0.57603800 0.04082100
vt 0.57624500 0.04082100
vt 0.57614200 0.04082100
vt 0.57634800 0.04082100
vt 0.57645100 0.04082100
vt 0.57655400 0.04082100
vt 0.57665800 0.04082100
vt 0.57676300 0.04082200
vt 0.57686800 0.04082200
vt 0.57697300 0.04082200
vt 0.57562600 0.04124000
vt 0.57562600 0.04138800
vt 0.57612900 0.04138700
vt 0.57602500 0.04138700
vt 0.57623400 0.04138700
vt 0.57655700 0.04138800
vt 0.57700100 0.04138700
vt 0.57688900 0.04138700
vt 0.57677800 0.04138700
vt 0.57634000 0.04138700
vt 0.57644800 0.04138800
vt 0.57666700 0.04138700
vt 0.57707900 0.04082200
vt 0.57739800 0.04082100
vt 0.57729100 0.04082100
vt 0.57750500 0.04082100
vt 0.57772200 0.04082100
vt 0.57761400 0.04082100
vt 0.57783000 0.04082100
vt 0.57718400 0.04082200
vt 0.57793900 0.04082100
vt 0.57804900 0.04082100
vt 0.57815900 0.04082100
vt 0.57827000 0.04082100
vt 0.57872200 0.04082300
vt 0.57883300 0.04082200
vt 0.57877700 0.04092200
vt 0.57894300 0.04082200
vt 0.57905300 0.04082100
vt 0.57905300 0.04097300
vt 0.57861600 0.04082100
vt 0.57838100 0.04082100
vt 0.57850500 0.04082100
vt 0.57722600 0.04138800
vt 0.57711400 0.04138700
vt 0.57733900 0.04138800
vt 0.57756500 0.04138800
vt 0.57779000 0.04138800
vt 0.57745200 0.04138800
vt 0.57767800 0.04138800
vt 0.57790100 0.04138800
vt 0.57801200 0.04138800
vt 0.57812200 0.04138800
vt 0.57844500 0.04138800
vt 0.57905300 0.04110500
vt 0.57905200 0.04123700
vt 0.57823100 0.04138800
vt 0.57865400 0.04138800
vt 0.57885700 0.04138800
vt 0.57905300 0.04138800
vt 0.56985500 0.04324400
vt 0.57018200 0.04299200
vt 0.57018200 0.04449900
vt 0.56949400 0.04449900
vt 0.56962800 0.04251500
vt 0.56985500 0.05579700
vt 0.56962900 0.05654200
vt 0.56949400 0.05454200
vt 0.57018200 0.05454200
vt 0.57018200 0.05604800
vt 0.57052500 0.04348900
vt 0.57086000 0.04299200
vt 0.57086000 0.04449900
vt 0.57086000 0.05454200
vt 0.57052500 0.05555200
vt 0.57086000 0.05604800
vt 0.57118300 0.04330200
vt 0.57153800 0.04299200
vt 0.57153800 0.04449900
vt 0.57153800 0.05454200
vt 0.57118300 0.05573900
vt 0.57153800 0.05604800
vt 0.56913200 0.04311800
vt 0.56878100 0.04397000
vt 0.56878100 0.04249000
vt 0.56878100 0.05507000
vt 0.57049900 0.04249000
vt 0.56913200 0.05592300
vt 0.56878100 0.05655000
vt 0.57049900 0.05655000
vt 0.57135800 0.04249000
vt 0.57188200 0.04310200
vt 0.57221700 0.04249000
vt 0.57221700 0.04397000
vt 0.57135800 0.05655000
vt 0.57188200 0.05593800
vt 0.57221700 0.05507000
vt 0.57221700 0.05655000
vt 0.57032700 0.04111600
vt 0.56785400 0.04111600
vt 0.57032700 0.04096900
vt 0.57032700 0.04140000
vt 0.56785400 0.04140000
vt 0.57032700 0.04125800
vt 0.56785400 0.04125800
vt 0.57032700 0.04168200
vt 0.56785400 0.04168200
vt 0.57032700 0.04154100
vt 0.56785400 0.04154100
vt 0.57032700 0.04182400
vt 0.56785400 0.04182400
vt 0.57527400 0.04111600
vt 0.57527400 0.04140000
vt 0.57527400 0.04168200
vt 0.58022100 0.04140000
vt 0.58022100 0.04168200
vt 0.58516700 0.04140000
vt 0.58022100 0.04111600
vt 0.58516700 0.04168200
vt 0.59011400 0.04140000
vt 0.58516700 0.04111600
vt 0.59011400 0.04168200
vt 0.59506100 0.04140000
vt 0.59506100 0.04111600
vt 0.59506100 0.04168200
vt 0.60000800 0.04140000
vt 0.60000800 0.04168200
vt 0.60495500 0.04125800
vt 0.60495500 0.04140000
vt 0.60000800 0.04111600
vt 0.60495500 0.04111600
vt 0.60495500 0.04154100
vt 0.60495500 0.04168200
vt 0.60742800 0.04111600
vt 0.60495500 0.04096900
vt 0.60742800 0.04140000
vt 0.60742800 0.04125800
vt 0.60742800 0.04168200
vt 0.60742800 0.04154100
vt 0.60742800 0.04182400
vt 0.60495500 0.04182400
vt 0.56538000 0.04111900
vt 0.56538000 0.04082100
vt 0.56785400 0.04096900
vt 0.56815000 0.04082100
vt 0.57092500 0.04082100
vt 0.56538000 0.04139300
vt 0.57370400 0.04082100
vt 0.57648700 0.04082100
vt 0.57927300 0.04082100
vt 0.58206100 0.04082100
vt 0.58485100 0.04082100
vt 0.58764100 0.04082100
vt 0.56538000 0.04166700
vt 0.56538000 0.04196500
vt 0.56809300 0.04196500
vt 0.57370400 0.04196500
vt 0.57092500 0.04196500
vt 0.57648700 0.04196500
vt 0.58206500 0.04196500
vt 0.57927300 0.04196500
vt 0.58764100 0.04196500
vt 0.58485100 0.04196500
vt 0.59011400 0.04111600
vt 0.59600800 0.04082100
vt 0.59322000 0.04082100
vt 0.59879400 0.04082100
vt 0.60157700 0.04082100
vt 0.59043100 0.04082100
vt 0.60435600 0.04082100
vt 0.60742800 0.04096900
vt 0.60713100 0.04082100
vt 0.60990100 0.04082100
vt 0.60993400 0.04111500
vt 0.60990100 0.04139300
vt 0.59043100 0.04196500
vt 0.59322000 0.04196500
vt 0.59879400 0.04196500
vt 0.60157700 0.04196500
vt 0.59603300 0.04196500
vt 0.60990100 0.04166700
vt 0.60713100 0.04196500
vt 0.60435600 0.04196500
vt 0.60990100 0.04196500
vt 0.56954700 0.04110600
vt 0.56746300 0.04110600
vt 0.56954700 0.04096400
vt 0.56954700 0.04137800
vt 0.56746300 0.04137800
vt 0.56954700 0.04124200
vt 0.56746300 0.04124200
vt 0.56954700 0.04163300
vt 0.56746300 0.04163300
vt 0.56746300 0.04150600
vt 0.56954700 0.04150600
vt 0.56954700 0.04190700
vt 0.56746300 0.04190700
vt 0.56746300 0.04177000
vt 0.56954700 0.04177000
vt 0.57372600 0.04110600
vt 0.57372600 0.04137800
vt 0.57372600 0.04163300
vt 0.57372600 0.04190700
vt 0.57787900 0.04137800
vt 0.57787900 0.04110600
vt 0.57787900 0.04163300
vt 0.57787900 0.04190700
vt 0.58205800 0.04137800
vt 0.58205800 0.04110600
vt 0.58205800 0.04163300
vt 0.58205800 0.04190700
vt 0.58622700 0.04137800
vt 0.58622700 0.04110600
vt 0.58622700 0.04163300
vt 0.58622700 0.04190700
vt 0.59037800 0.04137800
vt 0.59037800 0.04110600
vt 0.59037800 0.04163300
vt 0.59037800 0.04190700
vt 0.59456900 0.04137800
vt 0.59456900 0.04110600
vt 0.59456900 0.04163300
vt 0.59456900 0.04190700
vt 0.59872900 0.04137800
vt 0.59872900 0.04110600
vt 0.59872900 0.04163300
vt 0.59872900 0.04190700
vt 0.60287600 0.04137800
vt 0.60287600 0.04163300
vt 0.60287600 0.04190700
vt 0.60697000 0.04137800
vt 0.60287600 0.04110600
vt 0.60697000 0.04163300
vt 0.60697000 0.04190700
vt 0.61106300 0.04124200
vt 0.61106300 0.04137800
vt 0.60697000 0.04110600
vt 0.61106300 0.04110600
vt 0.61106300 0.04150600
vt 0.61106300 0.04163300
vt 0.61106300 0.04177000
vt 0.61106300 0.04190700
vt 0.61321900 0.04110600
vt 0.61106300 0.04096400
vt 0.61321900 0.04137800
vt 0.61321900 0.04124200
vt 0.61321900 0.04163300
vt 0.61321900 0.04150600
vt 0.61321900 0.04190700
vt 0.61321900 0.04177000
vt 0.61321900 0.04204400
vt 0.61106300 0.04204400
vt 0.56746300 0.04096400
vt 0.56538000 0.04082100
vt 0.56694200 0.04082100
vt 0.56850500 0.04082100
vt 0.57162900 0.04082100
vt 0.56537900 0.04117800
vt 0.57475300 0.04082100
vt 0.57631600 0.04082100
vt 0.57787800 0.04082100
vt 0.58100300 0.04082100
vt 0.58412800 0.04082100
vt 0.58569100 0.04082100
vt 0.58725400 0.04082100
vt 0.56538000 0.04150100
vt 0.56538100 0.04182500
vt 0.56538000 0.04218100
vt 0.56847700 0.04218100
vt 0.57157600 0.04218100
vt 0.57467600 0.04218100
vt 0.58399800 0.04218100
vt 0.58711400 0.04218100
vt 0.58088600 0.04218100
vt 0.57779600 0.04218700
vt 0.59023500 0.04218100
vt 0.59336300 0.04218100
vt 0.59350400 0.04082100
vt 0.59662900 0.04082100
vt 0.59819100 0.04082100
vt 0.59975300 0.04082100
vt 0.60600200 0.04082100
vt 0.60756400 0.04082100
vt 0.60912600 0.04082100
vt 0.61068800 0.04082100
vt 0.61225000 0.04082100
vt 0.61321900 0.04096400
vt 0.61381300 0.04082100
vt 0.61537500 0.04117500
vt 0.61537500 0.04082100
vt 0.59649500 0.04218100
vt 0.60589700 0.04218200
vt 0.60907000 0.04218100
vt 0.59966800 0.04218400
vt 0.60281300 0.04218300
vt 0.61537500 0.04150100
vt 0.61537500 0.04182800
vt 0.61222200 0.04218100
vt 0.61537500 0.04218100
vt 0.57329700 0.00000100
vt 0.57274900 0.00104900
vt 0.57274900 0.00052500
vt 0.57329700 0.06506200
vt 0.57274900 0.06453800
vt 0.57274900 0.06401300
vt 0.57439100 0.00209900
vt 0.57330000 0.00209900
vt 0.57439100 0.06296400
vt 0.57330000 0.06296400
vt 0.57548900 -0.00000100
vt 0.57494200 0.00104900
vt 0.57494200 0.00052500
vt 0.57549300 0.00209900
vt 0.57549300 0.06296400
vt 0.57494200 0.06401300
vt 0.57548900 0.06506300
vt 0.57494200 0.06453800
vt 0.57603900 0.06453800
vt 0.57219800 0.00209900
vt 0.57219800 -0.00000000
vt 0.57219800 0.06296400
vt 0.57439100 0.00000000
vt 0.57219800 0.06506200
vt 0.57603900 0.00104900
vt 0.57658400 0.00209900
vt 0.57658400 0.00000000
vt 0.57603900 0.00052500
vt 0.57658400 0.06296300
vt 0.57439100 0.06506200
vt 0.57603900 0.06401300
vt 0.57658400 0.06506200
vt 0.56538000 0.14154700
vt 0.55704900 0.04083500
vt 0.56538000 0.04417900
vt 0.56538000 0.04082100
vt 0.55704900 0.14488900
vt 0.56538000 0.14490400
vt 0.56973600 0.03021400
vt 0.56925800 0.03001100
vt 0.56925800 0.02991000
vt 0.56973300 0.04422400
vt 0.56925800 0.04412200
vt 0.56925800 0.04402100
vt 0.57068500 0.02980800
vt 0.57021100 0.03001100
vt 0.57021100 0.02991000
vt 0.56973300 0.02980800
vt 0.57068500 0.03021400
vt 0.57068500 0.04381800
vt 0.56973600 0.04381800
vt 0.57021100 0.04402100
vt 0.57068500 0.04422400
vt 0.57021100 0.04412200
vt 0.57164200 0.03021400
vt 0.57116400 0.03001100
vt 0.57116400 0.02991000
vt 0.57164200 0.04381800
vt 0.57116400 0.04402100
vt 0.57163900 0.04422400
vt 0.57116400 0.04412200
vt 0.57211700 0.03001100
vt 0.57163900 0.02980800
vt 0.56877900 0.03021400
vt 0.56877900 0.02980800
vt 0.56877900 0.04381800
vt 0.56877900 0.04422400
vt 0.57259100 0.03011000
vt 0.57211700 0.02991000
vt 0.57259100 0.02980800
vt 0.57259100 0.04394700
vt 0.57211700 0.04402100
vt 0.57259100 0.04422400
vt 0.57211700 0.04412200
vt 0.57427700 0.05416200
vt 0.57427700 0.05123000
vt 0.56618900 0.05123600
vt 0.56618900 0.15530700
vt 0.57427700 0.15531300
vt 0.57427700 0.15238100
vt 0.55029600 0.02864800
vt 0.55029600 0.02864800
vt 0.54899600 0.02887900
vt 0.54899600 0.02887900
vt 0.57828600 0.02747500
vt 0.57828600 0.02747500
vt 0.56538000 0.03119700
vt 0.56538000 0.03119700
vt 0.54773200 0.02913100
vt 0.54773200 0.02913100
vt 0.54650900 0.02940200
vt 0.54533400 0.02969200
vt 0.55162800 0.02843700
vt 0.55162800 0.02843700
vt 0.56538000 0.02747500
vt 0.56538000 0.02747500
vt 0.56538000 0.02747500
vt 0.56269000 0.02751000
vt 0.55993200 0.02761900
vt 0.55993200 0.02761900
vt 0.55714100 0.02780700
vt 0.55435800 0.02808000
vt 0.55435800 0.02808000
vt 0.55298400 0.02824800
vt 0.55298400 0.02824800
vt 0.55298400 0.02824800
vt 0.55538000 0.03196100
vt 0.54033100 0.03137700
vt 0.53953100 0.03175100
vt 0.53880200 0.03213400
vt 0.53814800 0.03252400
vt 0.55140200 0.03285800
vt 0.56016900 0.03139200
vt 0.54120300 0.03101300
vt 0.54214200 0.03066100
vt 0.54314600 0.03032200
vt 0.54421200 0.02999900
vt 0.95254700 0.02747500
vt 0.95254700 0.02747500
vt 0.95254700 0.02747500
vt 0.95254700 0.02747500
vt 0.95254700 0.02747500
vt 0.95254700 0.02747500
vt 0.57538000 0.03196100
vt 0.57935900 0.03285800
vt 0.57059100 0.03139200
vt 0.53552600 0.03756600
vt 0.54707200 0.03669400
vt 0.53550500 0.03608600
vt 0.53550500 0.03608600
vt 0.55140200 0.03916100
vt 0.53568300 0.04866500
vt 0.54707200 0.03532500
vt 0.54707200 0.03532500
vt 0.54707200 0.03532500
vt 0.53533700 0.03556800
vt 0.53533700 0.03556800
vt 0.53570400 0.05014600
vt 0.68884600 0.05014600
vt 0.53548800 0.03507000
vt 0.53548800 0.03507000
vt 0.54855500 0.03401000
vt 0.53706100 0.03331800
vt 0.53663000 0.03371900
vt 0.53627100 0.03412100
vt 0.53598300 0.03452100
vt 0.53756700 0.03291900
vt 0.58220500 0.03401000
vt 0.58368800 0.03532500
vt 0.54855500 0.03800800
vt 0.56538000 0.04082100
vt 0.57059100 0.04062700
vt 0.56016900 0.04062700
vt 0.55538000 0.04005800
vt 0.99530800 0.03756600
vt 0.58368800 0.03669400
vt 0.58220500 0.03800800
vt 0.84198800 0.05014600
vt 0.57935900 0.03916100
vt 0.57538000 0.04005800
vt 0.96545300 0.02747500
vt 0.96545300 0.02747500
vt 0.97369200 0.02780700
vt 0.97369200 0.02780700
vt 0.97090100 0.02761900
vt 0.97090100 0.02761900
vt 0.96814300 0.02751000
vt 0.97785000 0.02824800
vt 0.97785000 0.02824800
vt 0.97647500 0.02808000
vt 0.97647500 0.02808000
vt 0.97920600 0.02843700
vt 0.97920600 0.02843700
vt 0.98053700 0.02864800
vt 0.98183800 0.02887900
vt 0.98310200 0.02913100
vt 0.98432400 0.02940200
vt 0.98549900 0.02969200
vt 0.98768700 0.03032200
vt 0.98768700 0.03032200
vt 0.98662200 0.02999900
vt 0.98662200 0.02999900
vt 0.98869100 0.03066100
vt 0.99050200 0.03137700
vt 0.99050200 0.03137700
vt 0.98963100 0.03101300
vt 0.98963100 0.03101300
vt 0.99130300 0.03175100
vt 0.99130300 0.03175100
vt 0.99203100 0.03213400
vt 0.99203100 0.03213400
vt 0.99268600 0.03252400
vt 0.99326600 0.03291900
vt 0.99377200 0.03331800
vt 0.99420400 0.03371900
vt 0.99485000 0.03452100
vt 0.99485000 0.03452100
vt 0.99456300 0.03412100
vt 0.99534200 0.03507100
vt 0.99534200 0.03507100
vt 0.99548300 0.03554400
vt 0.99548300 0.03554400
vt 0.99532900 0.03608600
vt 0.99532900 0.03608600
vt 0.99515100 0.04866600
vt 0.99513000 0.05014600
vt 0.91651800 0.04429600
vt 0.92563900 0.04580300
vt 0.92563900 0.04429600
vt 0.90739600 0.04580300
vt 0.90739600 0.04429600
vt 0.90283600 0.04354300
vt 0.90739600 0.04354300
vt 0.89827500 0.04429600
vt 0.89827500 0.04354300
vt 0.89599400 0.04316600
vt 0.89827500 0.04297800
vt 0.89371400 0.04354300
vt 0.89371400 0.04297800
vt 0.89599400 0.04297800
vt 0.90505600 0.04314700
vt 0.90739600 0.04297800
vt 0.90060900 0.04315300
vt 0.90286300 0.04279000
vt 0.92107900 0.04354300
vt 0.92563900 0.04354300
vt 0.91651800 0.04354300
vt 0.91195700 0.04354300
vt 0.91429100 0.04315200
vt 0.91652100 0.04279100
vt 0.91195700 0.04297800
vt 0.90967700 0.04316600
vt 0.90967700 0.04297800
vt 0.92335900 0.04316600
vt 0.92563900 0.04297800
vt 0.91874400 0.04315100
vt 0.92107900 0.04297800
vt 0.92335900 0.04297800
vt 0.92335900 0.05164100
vt 0.92335900 0.05145300
vt 0.92107900 0.05164100
vt 0.92563900 0.05164100
vt 0.92563900 0.05107600
vt 0.91874400 0.05146800
vt 0.91651800 0.05107600
vt 0.91652100 0.05182800
vt 0.92107900 0.05107600
vt 0.90967700 0.05164100
vt 0.90967700 0.05145300
vt 0.90739600 0.05107600
vt 0.91195700 0.05107600
vt 0.91195700 0.05164100
vt 0.91429100 0.05146700
vt 0.90739600 0.05032300
vt 0.91651800 0.05032300
vt 0.92563900 0.05032300
vt 0.90739600 0.05164100
vt 0.90505600 0.05147200
vt 0.90060700 0.05146600
vt 0.89827500 0.05107600
vt 0.89827500 0.05164100
vt 0.90283600 0.05107600
vt 0.90286100 0.05182900
vt 0.89599400 0.05164100
vt 0.89599400 0.05145300
vt 0.89371400 0.05164100
vt 0.89371400 0.05107600
vt 0.89827500 0.05032300
vt 0.90739600 0.04881600
vt 0.92563900 0.04881600
vt 0.95290400 0.04391900
vt 0.95744800 0.05126500
vt 0.95744800 0.04335400
vt 0.94381600 0.04504900
vt 0.94381600 0.04429600
vt 0.93472700 0.04429600
vt 0.93927200 0.04354300
vt 0.94381600 0.04354300
vt 0.93472700 0.04354300
vt 0.93018300 0.04354300
vt 0.93241400 0.04315800
vt 0.92796800 0.04314500
vt 0.93012400 0.04279100
vt 0.93472700 0.04297800
vt 0.94154400 0.04316600
vt 0.94392100 0.04283600
vt 0.93927200 0.04297800
vt 0.93699900 0.04316600
vt 0.93699900 0.04297800
vt 0.94129100 0.04281700
vt 0.95290400 0.04354300
vt 0.94836000 0.04354300
vt 0.95063200 0.04316600
vt 0.95290400 0.04316600
vt 0.94836000 0.04297800
vt 0.94608800 0.04316600
vt 0.94649900 0.04286100
vt 0.95063200 0.04297800
vt 0.95517600 0.04316600
vt 0.95744800 0.04316600
vt 0.94381600 0.04956900
vt 0.95517600 0.05145300
vt 0.95744800 0.05145300
vt 0.95290400 0.05107600
vt 0.95290400 0.05145300
vt 0.95973300 0.05146700
vt 0.95972900 0.04315200
vt 0.95063200 0.05164100
vt 0.95063200 0.05145300
vt 0.94836000 0.05107600
vt 0.94648000 0.05175800
vt 0.94608800 0.05145300
vt 0.94390400 0.05178300
vt 0.94836000 0.05164100
vt 0.94381600 0.05107600
vt 0.95290400 0.05070000
vt 0.94381600 0.05032300
vt 0.93699900 0.05164100
vt 0.93699900 0.05145300
vt 0.93472700 0.05164100
vt 0.93472700 0.05107600
vt 0.93927200 0.05107600
vt 0.93927200 0.05164100
vt 0.94158800 0.05146300
vt 0.93018300 0.05107600
vt 0.92797300 0.05147400
vt 0.93012800 0.05182800
vt 0.93241400 0.05146100
vt 0.93472700 0.05032300
vt 0.89147000 0.04307700
vt 0.89190800 0.04279000
vt 0.88915300 0.04278900
vt 0.89740500 0.04279000
vt 0.89465800 0.04279000
vt 0.90014800 0.04279000
vt 0.90835300 0.04279100
vt 0.90562200 0.04279000
vt 0.91380500 0.04279100
vt 0.91108100 0.04279100
vt 0.92195300 0.04279100
vt 0.91924100 0.04279100
vt 0.92466200 0.04279100
vt 0.88915300 0.04580300
vt 0.92736700 0.04279100
vt 0.93276500 0.04279100
vt 0.93563800 0.04279400
vt 0.93847900 0.04280300
vt 0.95129500 0.04292500
vt 0.94899700 0.04289100
vt 0.95340600 0.04296400
vt 0.95704800 0.04305200
vt 0.95533300 0.04300600
vt 0.95852100 0.04310100
vt 0.89147000 0.05154200
vt 0.88915300 0.04881600
vt 0.88915300 0.05183000
vt 0.89465800 0.05182900
vt 0.89190800 0.05182900
vt 0.90562200 0.05182800
vt 0.90835300 0.05182800
vt 0.90014800 0.05182900
vt 0.89740500 0.05182900
vt 0.91108100 0.05182800
vt 0.91380500 0.05182800
vt 0.92195300 0.05182800
vt 0.91924100 0.05182800
vt 0.92736700 0.05182800
vt 0.93276500 0.05182800
vt 0.92466200 0.05182800
vt 0.95339400 0.05165500
vt 0.95531200 0.05161300
vt 0.95851100 0.05151800
vt 0.95702700 0.05156700
vt 0.93563000 0.05182500
vt 0.94122200 0.05180200
vt 0.93844800 0.05181600
vt 0.94896000 0.05172800
vt 0.95127200 0.05169400
vt 0.96072600 0.04320600
vt 0.96142600 0.04326100
vt 0.96184900 0.04331700
vt 0.96199200 0.04337300
vt 0.96071200 0.05141400
vt 0.96142100 0.05135900
vt 0.96184900 0.05130200
vt 0.96199200 0.05124600
vt 0.96199200 0.05109500
vt 0.91858700 0.07238400
vt 0.91858700 0.07154700
vt 0.92224400 0.07141200
vt 0.91991500 0.07096300
vt 0.92293300 0.07238400
vt 0.92510500 0.07196400
vt 0.92728100 0.07238400
vt 0.96599700 0.08485000
vt 0.96606600 0.08642800
vt 0.96382400 0.08569400
vt 0.94265500 0.08124600
vt 0.94054800 0.08171200
vt 0.94050700 0.08099600
vt 0.96606600 0.08117800
vt 0.96599700 0.08275800
vt 0.96382900 0.08190300
vt 0.93781100 0.08079100
vt 0.93686400 0.08129400
vt 0.93644700 0.08170600
vt 0.93917000 0.08035500
vt 0.94087500 0.08000600
vt 0.94284800 0.07976400
vt 0.93630600 0.08254900
vt 0.93630600 0.08213000
vt 0.93630600 0.08505900
vt 0.94284800 0.08505900
vt 0.94284800 0.08254900
vt 0.94284800 0.08213000
vt 0.94290600 0.08196700
vt 0.94478900 0.08066600
vt 0.94447300 0.07965600
vt 0.94615200 0.07962000
vt 0.94488000 0.08135500
vt 0.94615200 0.08129400
vt 0.94381200 0.08153900
vt 0.94781800 0.07962000
vt 0.94781800 0.08129400
vt 0.94949000 0.07962000
vt 0.95117000 0.07962000
vt 0.95117000 0.08129400
vt 0.95285600 0.07962000
vt 0.95285600 0.08129400
vt 0.94949000 0.08129400
vt 0.95455000 0.07962000
vt 0.95455000 0.08129400
vt 0.94308900 0.08180900
vt 0.94064400 0.08591300
vt 0.93630600 0.08547700
vt 0.93686400 0.08631400
vt 0.93644400 0.08590200
vt 0.93821400 0.08697200
vt 0.94026800 0.08749800
vt 0.94260700 0.08638400
vt 0.94290600 0.08564100
vt 0.94284800 0.08784400
vt 0.94284800 0.08547700
vt 0.94308900 0.08579900
vt 0.94488000 0.08625300
vt 0.94381200 0.08606900
vt 0.95285600 0.08631400
vt 0.95117000 0.08798800
vt 0.95117000 0.08631400
vt 0.95285600 0.08798800
vt 0.95455000 0.08631400
vt 0.94478900 0.08694200
vt 0.94615200 0.08631400
vt 0.94781800 0.08631400
vt 0.94781800 0.08798800
vt 0.94615200 0.08798800
vt 0.94447200 0.08795200
vt 0.94949000 0.08798800
vt 0.94949000 0.08631400
vt 0.95455000 0.08798800
vt 0.95625000 0.08129400
vt 0.95625000 0.07962000
vt 0.95963400 0.08066600
vt 0.95795800 0.07962000
vt 0.95967300 0.08129400
vt 0.95795800 0.08129400
vt 0.95967300 0.07962000
vt 0.96143200 0.07965600
vt 0.96175700 0.08110800
vt 0.96212600 0.08153900
vt 0.96314800 0.07976400
vt 0.96100100 0.08135500
vt 0.96289200 0.08180900
vt 0.96308700 0.08196600
vt 0.96314800 0.08213600
vt 0.96314800 0.08380400
vt 0.96525600 0.08000600
vt 0.96709900 0.08035500
vt 0.96858100 0.08079000
vt 0.96962200 0.08129400
vt 0.97008400 0.08170600
vt 0.97023800 0.08213000
vt 0.97023800 0.08380400
vt 0.96175500 0.08650000
vt 0.96212600 0.08606900
vt 0.95967300 0.08631400
vt 0.96100100 0.08625300
vt 0.95963400 0.08694200
vt 0.95795800 0.08631400
vt 0.96314800 0.08547700
vt 0.96308700 0.08564100
vt 0.96289100 0.08579900
vt 0.95625000 0.08798800
vt 0.95625000 0.08631400
vt 0.95795800 0.08798800
vt 0.95967300 0.08798800
vt 0.96143200 0.08795200
vt 0.96314800 0.08784400
vt 0.97023800 0.08547800
vt 0.96525500 0.08760100
vt 0.96962200 0.08631400
vt 0.96858200 0.08681800
vt 0.96709900 0.08725300
vt 0.97008400 0.08590200
vt 0.45559200 0.04082100
vt 0.45559200 0.04138800
vt 0.45270900 0.04138800
vt 0.46135000 0.04082300
vt 0.46135200 0.04138800
vt 0.45846900 0.04138800
vt 0.45846100 0.04082200
vt 0.46299700 0.04082300
vt 0.46463500 0.04082100
vt 0.46463500 0.04082100
vt 0.46463500 0.04138800
vt 0.46463500 0.04138800
vt 0.47750000 0.04082100
vt 0.47750000 0.04082100
vt 0.47750000 0.04138800
vt 0.47750000 0.04138800
vt 0.47589200 0.04138800
vt 0.47589200 0.04138800
vt 0.47914200 0.04082100
vt 0.48078400 0.04082100
vt 0.47914200 0.04138800
vt 0.48509300 0.04082100
vt 0.48509300 0.04138800
vt 0.48293800 0.04138800
vt 0.48726200 0.04082200
vt 0.48942900 0.04082100
vt 0.48942900 0.04138800
vt 0.48726100 0.04138800
vt 0.49107600 0.04082100
vt 0.49272400 0.04082100
vt 0.49272400 0.04138800
vt 0.49433900 0.04082100
vt 0.49595400 0.04082100
vt 0.49433900 0.04138800
vt 0.49907700 0.04082100
vt 0.49918400 0.04138800
vt 0.49756900 0.04082100
vt 0.50241300 0.04082100
vt 0.50241400 0.04138800
vt 0.50079900 0.04138800
vt 0.50071200 0.04082200
vt 0.50564600 0.04082300
vt 0.50564600 0.04082300
vt 0.50564400 0.04138800
vt 0.50564400 0.04138800
vt 0.50387300 0.04082200
vt 0.50387300 0.04082200
vt 0.50731700 0.04082200
vt 0.50897000 0.04082100
vt 0.50897300 0.04138800
vt 0.50730800 0.04138800
vt 0.50402900 0.04138800
vt 0.50402900 0.04138800
vt 0.50402900 0.04138800
vt 0.49756900 0.04138800
vt 0.48293800 0.04082100
vt 0.51116300 0.04082100
vt 0.51335400 0.04082100
vt 0.51335400 0.04138800
vt 0.51768600 0.04082200
vt 0.51768600 0.04138800
vt 0.51552000 0.04082100
vt 0.51552000 0.04138800
vt 0.52097200 0.04082100
vt 0.52097200 0.04082100
vt 0.52097200 0.04138800
vt 0.51932900 0.04082100
vt 0.51932900 0.04138800
vt 0.53383700 0.04082100
vt 0.53383700 0.04082100
vt 0.53383700 0.04082100
vt 0.52740500 0.04138800
vt 0.52740500 0.04138800
vt 0.52740500 0.04138800
vt 0.53548000 0.04082100
vt 0.53712100 0.04082200
vt 0.53712300 0.04138800
vt 0.53384100 0.04138800
vt 0.53384100 0.04138800
vt 0.53929000 0.04082200
vt 0.54145600 0.04082100
vt 0.54145600 0.04138800
vt 0.54364600 0.04082100
vt 0.54583600 0.04082100
vt 0.54583600 0.04138800
vt 0.54749300 0.04082200
vt 0.54914600 0.04082200
vt 0.54914600 0.04082200
vt 0.54916500 0.04138800
vt 0.54916500 0.04138800
vt 0.55091100 0.04082200
vt 0.55091100 0.04082200
vt 0.55240900 0.04082100
vt 0.55239500 0.04138800
vt 0.55381300 0.04082200
vt 0.55555600 0.04082200
vt 0.55562500 0.04138800
vt 0.55726100 0.04082100
vt 0.55864300 0.04082200
vt 0.55885500 0.04138800
vt 0.55724000 0.04138800
vt 0.56043500 0.04082200
vt 0.56043500 0.04082200
vt 0.56208200 0.04082200
vt 0.56208200 0.04082200
vt 0.56208500 0.04138800
vt 0.56208500 0.04138800
vt 0.56373300 0.04082100
vt 0.56538000 0.04082100
vt 0.56538000 0.04138800
vt 0.56538000 0.04110500
vt 0.56534600 0.04082200
vt 0.56601300 0.04082100
vt 0.56664800 0.04082100
vt 0.56792700 0.04082200
vt 0.56664800 0.04138800
vt 0.56923800 0.04082300
vt 0.56792700 0.04138800
vt 0.57054500 0.04082100
vt 0.57054500 0.04082100
vt 0.57283600 0.04082200
vt 0.57054500 0.04138800
vt 0.57054500 0.04138800
vt 0.57539000 0.04082100
vt 0.57377500 0.04138800
vt 0.57700500 0.04082100
vt 0.57862000 0.04082100
vt 0.57700500 0.04138800
vt 0.58117200 0.04082200
vt 0.58117200 0.04082200
vt 0.58023500 0.04138800
vt 0.58346500 0.04082100
vt 0.58346500 0.04082100
vt 0.58346500 0.04082100
vt 0.58346500 0.04138800
vt 0.58346500 0.04138800
vt 0.58606200 0.04082200
vt 0.58606200 0.04138800
vt 0.58476100 0.04082300
vt 0.58797100 0.04082100
vt 0.58797100 0.04138800
vt 0.58733900 0.04082100
vt 0.58733900 0.04138800
vt 0.58476400 0.04138800
vt 0.58860300 0.04082200
vt 0.60146800 0.04082200
vt 0.60146800 0.04082200
vt 0.59986000 0.04138800
vt 0.58860300 0.04138800
vt 0.56601300 0.04138800
vt 0.56536100 0.04138800
vt 0.60146800 0.04138800
vt 0.60210000 0.04082100
vt 0.60210000 0.04138800
vt 0.60273200 0.04082100
vt 0.60273200 0.04138800
vt 0.60400800 0.04082200
vt 0.60530900 0.04082300
vt 0.60400800 0.04138800
vt 0.60660600 0.04082100
vt 0.60660600 0.04138800
vt 0.60660600 0.04138800
vt 0.61145100 0.04082100
vt 0.61145100 0.04138800
vt 0.60983600 0.04138800
vt 0.61306600 0.04082100
vt 0.61468100 0.04082100
vt 0.61306600 0.04138800
vt 0.61723500 0.04082200
vt 0.61629600 0.04138800
vt 0.60889900 0.04082200
vt 0.60822100 0.04138800
vt 0.61952600 0.04082100
vt 0.61952600 0.04082100
vt 0.62083200 0.04082300
vt 0.61952600 0.04138800
vt 0.62214400 0.04082200
vt 0.62214400 0.04138800
vt 0.62405700 0.04082100
vt 0.62405700 0.04138800
vt 0.62342300 0.04138800
vt 0.62469000 0.04082200
vt 0.62469000 0.04082200
vt 0.62469000 0.04138800
vt 0.62469000 0.04138800
vt 0.62342300 0.04082100
vt 0.63755500 0.04110500
vt 0.63753600 0.04138800
vt 0.63752100 0.04082200
vt 0.63752100 0.04082200
vt 0.63752100 0.04082200
vt 0.95934500 0.08568700
vt 0.96181200 0.08336800
vt 0.96218300 0.08625300
vt 0.95450000 0.08505900
vt 0.95450000 0.08254900
vt 0.94679200 0.08625300
vt 0.94575000 0.08606900
vt 0.94719400 0.08423700
vt 0.94965400 0.08568700
vt 0.94965400 0.08192100
vt 0.94679300 0.08135500
vt 0.94575000 0.08153900
vt 0.95934500 0.08192100
vt 0.96218300 0.08135400
vt 0.94486500 0.08196700
vt 0.94504400 0.08180900
vt 0.94480800 0.08213000
vt 0.94802500 0.08129400
vt 0.95031700 0.08129400
vt 0.95286600 0.08129400
vt 0.94480800 0.08547700
vt 0.94504400 0.08579900
vt 0.94486500 0.08564100
vt 0.95286600 0.08631400
vt 0.94802500 0.08631400
vt 0.95031700 0.08631400
vt 0.95448000 0.08631400
vt 0.95448000 0.08129400
vt 0.95864600 0.08129400
vt 0.95609500 0.08129400
vt 0.96094000 0.08129400
vt 0.96323700 0.08153900
vt 0.96413300 0.08196600
vt 0.96419100 0.08213900
vt 0.96395200 0.08180900
vt 0.95609500 0.08631400
vt 0.95864600 0.08631400
vt 0.96094000 0.08631400
vt 0.96419100 0.08547700
vt 0.96395100 0.08579900
vt 0.96323700 0.08606900
vt 0.96413300 0.08564100
vt 0.94996000 0.07558500
vt 0.94815300 0.07805500
vt 0.94906500 0.07599100
vt 0.94905300 0.07601000
vt 0.94742300 0.07636600
vt 0.94847900 0.07617800
vt 0.94880600 0.07609600
vt 0.94082700 0.07770500
vt 0.93840100 0.07601000
vt 0.93840100 0.07391800
vt 0.95393900 0.07717900
vt 0.95321400 0.07736500
vt 0.95280000 0.07430500
vt 0.95519000 0.07459800
vt 0.95466000 0.07693700
vt 0.93630700 0.07120000
vt 0.93630700 0.06973500
vt 0.93957700 0.06973500
vt 0.93630700 0.07266500
vt 0.94284800 0.07266300
vt 0.93630700 0.07559200
vt 0.94049600 0.07391800
vt 0.94284800 0.07119900
vt 0.94284800 0.07559200
vt 0.94281400 0.07795500
vt 0.94281400 0.07795500
vt 0.94281400 0.07795500
vt 0.93647900 0.07608200
vt 0.95163300 0.07769300
vt 0.95137600 0.07494600
vt 0.94290600 0.07575500
vt 0.94308900 0.07591300
vt 0.94308900 0.07591300
vt 0.94381200 0.07618400
vt 0.94284800 0.06973500
vt 0.93919300 0.07736100
vt 0.93702700 0.07655400
vt 0.94615200 0.07642900
vt 0.94617900 0.07810200
vt 0.94488100 0.07636700
vt 0.94447300 0.07806600
vt 0.94998500 0.07791700
vt 0.95837200 0.07182500
vt 0.96110900 0.07408800
vt 0.95686500 0.07249100
vt 0.96040700 0.07092900
vt 0.96165000 0.07182600
vt 0.96314700 0.06973500
vt 0.96388700 0.07088700
vt 0.96314800 0.07320100
vt 0.96314800 0.07442900
vt 0.97023800 0.07332100
vt 0.95444500 0.07356900
vt 0.95738400 0.07396400
vt 0.95963500 0.07473400
vt 0.96593500 0.07184000
vt 0.96492100 0.06973500
vt 0.96669300 0.06973500
vt 0.96809100 0.07181100
vt 0.96846600 0.06973500
vt 0.97023800 0.06973500
vt 0.97023800 0.07451600
vt 0.96594100 0.07599800
vt 0.95751000 0.07567000
vt 0.96809100 0.07602500
vt 0.97023800 0.07810200
vt 0.96492100 0.07810200
vt 0.96669300 0.07810200
vt 0.96846600 0.07810200
vt 0.55366600 0.04138800
vt 0.54976100 0.04138800
vt 0.55310900 0.04082100
vt 0.55778800 0.04082100
vt 0.55650700 0.04138800
vt 0.56062300 0.04138800
vt 0.56190100 0.04082100
vt 0.56619500 0.04138800
vt 0.56617600 0.04082200
vt 0.54976100 0.04082100
vt 0.54504300 0.04138800
vt 0.53092300 0.04138800
vt 0.54976100 0.04138800
vt 0.52438100 0.04082100
vt 0.52600200 0.04082100
vt 0.52600500 0.04138800
vt 0.52763700 0.04138800
vt 0.52765200 0.04082100
vt 0.52928800 0.04082100
vt 0.52927600 0.04138800
vt 0.53092300 0.04138800
vt 0.49221800 0.04138800
vt 0.49221800 0.04082100
vt 0.52438100 0.04082100
vt 0.50600200 0.04138800
vt 0.51059700 0.04138800
vt 0.52438100 0.04138800
vt 0.48567600 0.04082100
vt 0.48731100 0.04082100
vt 0.48731100 0.04082100
vt 0.48731100 0.04082100
vt 0.48567500 0.04138900
vt 0.48567500 0.04138900
vt 0.48894600 0.04082100
vt 0.48732300 0.04138800
vt 0.48732300 0.04138800
vt 0.49058200 0.04082100
vt 0.49221800 0.04082100
vt 0.49059300 0.04138800
vt 0.48896200 0.04138800
vt 0.45816800 0.04138800
vt 0.45813000 0.04082200
vt 0.46068500 0.04082200
vt 0.45995100 0.04138800
vt 0.46276000 0.04138800
vt 0.46507600 0.04082200
vt 0.46557500 0.04138800
vt 0.46841400 0.04082100
vt 0.47288600 0.04082100
vt 0.46881100 0.04138800
vt 0.47770900 0.04082200
vt 0.47647600 0.04138800
vt 0.48192700 0.04082200
vt 0.48567600 0.04082100
vt 0.48567500 0.04138800
vt 0.48041800 0.04138800
vt 0.45813100 0.04129400
vt 0.45809600 0.04138800
vt 0.45813100 0.04082200
vt 0.45816600 0.04138800
vt 0.45723900 0.04138800
vt 0.45724700 0.04082200
vt 0.45764500 0.04082100
vt 0.45768600 0.04138800
vt 0.45812300 0.04082200
vt 0.45809600 0.04138800
vt 0.45627900 0.04124500
vt 0.45531600 0.04124600
vt 0.45531600 0.04096300
vt 0.42699400 0.04082100
vt 0.44950800 0.04082100
vt 0.44950800 0.04082100
vt 0.43825100 0.04138800
vt 0.45014000 0.04082100
vt 0.45014000 0.04138800
vt 0.44950800 0.04138800
vt 0.45077300 0.04082100
vt 0.45204800 0.04082200
vt 0.45077300 0.04138800
vt 0.45334700 0.04082200
vt 0.45460600 0.04082100
vt 0.45594200 0.04082200
vt 0.45334800 0.04138800
vt 0.45627900 0.04096300
vt 0.45724700 0.04082200
vt 0.45724000 0.04138800
vt 0.45464600 0.04138800
vt 0.45594500 0.04138800
vt 0.42055900 0.04082100
vt 0.42377800 0.04082100
vt 0.42055900 0.04138800
vt 0.42699400 0.04138800
vt 0.42378800 0.04138800
vt 0.42699400 0.04082100
vt 0.39043600 0.04082300
vt 0.39425600 0.04082100
vt 0.39043000 0.04138800
vt 0.39615200 0.04082100
vt 0.39425600 0.04138800
vt 0.39804500 0.04082100
vt 0.39804500 0.04082100
vt 0.40994100 0.04082100
vt 0.39804600 0.04138800
vt 0.39615200 0.04138800
vt 0.37808900 0.04110500
vt 0.37678500 0.04082200
vt 0.37808900 0.04096300
vt 0.37808900 0.04124600
vt 0.37654600 0.04124600
vt 0.37890200 0.04082100
vt 0.38085100 0.04082100
vt 0.37502400 0.04138800
vt 0.37502100 0.04082200
vt 0.37701100 0.04138700
vt 0.38083900 0.04138800
vt 0.37890200 0.04138800
vt 0.38431100 0.04110500
vt 0.38280100 0.04082100
vt 0.38444900 0.04082100
vt 0.38609600 0.04082100
vt 0.38826300 0.04082100
vt 0.38744000 0.04110500
vt 0.39043600 0.04082300
vt 0.38444900 0.04138800
vt 0.38277500 0.04138700
vt 0.38832700 0.04138800
vt 0.38613200 0.04138700
vt 0.39043000 0.04138800
vt 0.37402800 0.04138800
vt 0.37286600 0.04138900
vt 0.37395900 0.04082100
vt 0.37502400 0.04138800
vt 0.37502000 0.04082200
vt 0.94054800 0.06595700
vt 0.94479000 0.06595700
vt 0.94505600 0.06637600
vt 0.94054800 0.06804900
vt 0.93842800 0.05968200
vt 0.93630700 0.06037900
vt 0.93630700 0.05968200
vt 0.94054800 0.05968200
vt 0.93630700 0.06107600
vt 0.94506300 0.06135500
vt 0.93766100 0.06203500
vt 0.93969800 0.06242700
vt 0.93630700 0.06177300
vt 0.94174400 0.06281900
vt 0.94699300 0.06172000
vt 0.94311200 0.06308100
vt 0.94448500 0.06334300
vt 0.94266900 0.05968200
vt 0.94757400 0.06135500
vt 0.94691000 0.05968200
vt 0.94479000 0.05968200
vt 0.94903100 0.05968200
vt 0.95115200 0.05968200
vt 0.95057500 0.06135500
vt 0.94893300 0.06208400
vt 0.94586200 0.06360400
vt 0.95088400 0.06244900
vt 0.95284400 0.06281400
vt 0.94724300 0.06386500
vt 0.95293100 0.06135500
vt 0.93901800 0.06543400
vt 0.94111000 0.06503200
vt 0.93630700 0.06595700
vt 0.94311200 0.06465000
vt 0.94448500 0.06438800
vt 0.93630700 0.06804900
vt 0.94479000 0.06804900
vt 0.94856400 0.06570600
vt 0.94696500 0.06600400
vt 0.94998500 0.06544300
vt 0.95212900 0.06504900
vt 0.94903100 0.06804900
vt 0.94780800 0.06637500
vt 0.95135700 0.06637500
vt 0.94978400 0.06637500
vt 0.95450400 0.06135500
vt 0.95327300 0.05968200
vt 0.95539300 0.05968200
vt 0.95686500 0.06135500
vt 0.95751400 0.05968200
vt 0.95963500 0.05968200
vt 0.95922400 0.06135500
vt 0.95632300 0.06427200
vt 0.95426200 0.06307700
vt 0.95630800 0.06345500
vt 0.95426200 0.06465400
vt 0.96162700 0.06135500
vt 0.96175600 0.05968200
vt 0.96387600 0.05968200
vt 0.96599700 0.05968200
vt 0.96465300 0.06135500
vt 0.97023900 0.06135500
vt 0.96811800 0.05968200
vt 0.97023800 0.05968200
vt 0.96744200 0.06135500
vt 0.95327300 0.06804900
vt 0.95371400 0.06637600
vt 0.95751400 0.06804900
vt 0.95607700 0.06637500
vt 0.95850200 0.06637600
vt 0.95854100 0.06386500
vt 0.96551800 0.06637500
vt 0.96733700 0.06637500
vt 0.96599700 0.06804900
vt 0.96313500 0.06637500
vt 0.96079800 0.06637500
vt 0.96175600 0.06804900
vt 0.97023600 0.06637600
vt 0.97023800 0.06804900
vt 0.36493900 0.04082100
vt 0.36828700 0.04082100
vt 0.36828700 0.04138800
vt 0.37163500 0.04082100
vt 0.37086200 0.04138800
vt 0.37330900 0.04138800
vt 0.37498400 0.04082100
vt 0.37833200 0.04082100
vt 0.37498400 0.04138800
vt 0.55734000 0.04138800
vt 0.55734000 0.04082100
vt 0.56538000 0.04082100
vt 0.56538000 0.04138800
vt 0.52489900 0.04082100
vt 0.52895200 0.04082100
vt 0.52881200 0.04138800
vt 0.53300500 0.04082100
vt 0.53705900 0.04082100
vt 0.53675600 0.04138800
vt 0.53276400 0.04138800
vt 0.54078900 0.04138800
vt 0.54111400 0.04082100
vt 0.54519500 0.04082100
vt 0.54486400 0.04138800
vt 0.54922600 0.04082100
vt 0.55328200 0.04082100
vt 0.55313800 0.04138800
vt 0.54898000 0.04138800
vt 0.55734000 0.04138800
vt 0.52489900 0.04138800
vt 0.51846600 0.04139000
vt 0.51846600 0.04082200
vt 0.49764500 0.04110500
vt 0.49764500 0.04110500
vt 0.49466600 0.04082300
vt 0.49466600 0.04082300
vt 0.49696500 0.04082100
vt 0.49696500 0.04082100
vt 0.49977500 0.04082100
vt 0.49466200 0.04138900
vt 0.50359500 0.04110500
vt 0.50359500 0.04110500
vt 0.50359200 0.04082100
vt 0.50210500 0.04082100
vt 0.50583000 0.04082100
vt 0.50583000 0.04082100
vt 0.49733600 0.04138600
vt 0.49733600 0.04138600
vt 0.49924400 0.04138800
vt 0.49924400 0.04138800
vt 0.50075700 0.04138800
vt 0.50075700 0.04138800
vt 0.50656900 0.04110500
vt 0.50656900 0.04110500
vt 0.50526200 0.04138800
vt 0.50755500 0.04138800
vt 0.50301400 0.04138800
vt 0.50301400 0.04138800
vt 0.50797800 0.04082100
vt 0.50797800 0.04082100
vt 0.50954300 0.04110500
vt 0.50937500 0.04082100
vt 0.51251700 0.04110500
vt 0.51251700 0.04110500
vt 0.51251700 0.04110500
vt 0.51071900 0.04082200
vt 0.51071900 0.04082200
vt 0.51071900 0.04082200
vt 0.51549100 0.04110500
vt 0.51549100 0.04110500
vt 0.51414000 0.04082100
vt 0.51414000 0.04082100
vt 0.51552100 0.04082100
vt 0.51689900 0.04082200
vt 0.51846600 0.04082200
vt 0.51846600 0.04082200
vt 0.51846600 0.04082200
vt 0.51250500 0.04082200
vt 0.51190200 0.04138700
vt 0.51190200 0.04138700
vt 0.50971400 0.04138800
vt 0.51579700 0.04138600
vt 0.51579700 0.04138600
vt 0.51411500 0.04138800
vt 0.51411500 0.04138800
vt 0.51846600 0.04139000
vt 0.48126700 0.04110500
vt 0.47855300 0.04082100
vt 0.48024100 0.04082100
vt 0.48668800 0.04110500
vt 0.48281400 0.04082100
vt 0.48117000 0.04138800
vt 0.47855300 0.04138800
vt 0.48361600 0.04138800
vt 0.48600000 0.04082100
vt 0.48935100 0.04082200
vt 0.48870800 0.04138800
vt 0.48615400 0.04138800
vt 0.49041000 0.04138800
vt 0.49233600 0.04138800
vt 0.49211300 0.04082100
vt 0.46566300 0.04110500
vt 0.46243700 0.04082100
vt 0.46477800 0.04082100
vt 0.46946100 0.04082100
vt 0.46712000 0.04082100
vt 0.47220800 0.04110500
vt 0.46243700 0.04138800
vt 0.46477800 0.04138800
vt 0.46946100 0.04138800
vt 0.46712000 0.04138800
vt 0.47180200 0.04138800
vt 0.47532900 0.04110500
vt 0.47598000 0.04082100
vt 0.47855300 0.04082100
vt 0.47276900 0.04082100
vt 0.47591700 0.04138700
vt 0.47349000 0.04138800
vt 0.47855300 0.04138800
vt 0.44161600 0.04110500
vt 0.44161600 0.04110500
vt 0.43863900 0.04082100
vt 0.43863900 0.04082100
vt 0.44021700 0.04082100
vt 0.44021700 0.04082100
vt 0.44158100 0.04082100
vt 0.44292200 0.04082100
vt 0.44429600 0.04082200
vt 0.44429600 0.04082200
vt 0.43863900 0.04138700
vt 0.44756600 0.04110500
vt 0.44756600 0.04110500
vt 0.44756600 0.04110500
vt 0.44780900 0.04082100
vt 0.44780900 0.04082100
vt 0.44607600 0.04082100
vt 0.44607600 0.04082100
vt 0.44971700 0.04082100
vt 0.45054000 0.04110500
vt 0.44121100 0.04138600
vt 0.44121100 0.04138600
vt 0.44379100 0.04138700
vt 0.44379100 0.04138700
vt 0.44661300 0.04138800
vt 0.44661300 0.04138800
vt 0.44886900 0.04138800
vt 0.44886900 0.04138800
vt 0.45109600 0.04138700
vt 0.45351400 0.04110500
vt 0.45192400 0.04082200
vt 0.45351300 0.04082100
vt 0.45568700 0.04082100
vt 0.45648800 0.04110500
vt 0.46016600 0.04082100
vt 0.45946300 0.04110500
vt 0.45797500 0.04082100
vt 0.46243700 0.04082100
vt 0.45484100 0.04138800
vt 0.45333900 0.04138800
vt 0.45999600 0.04138700
vt 0.45709800 0.04138700
vt 0.46243700 0.04138800
vt 0.43863900 0.04138700
vt 0.43220700 0.04082200
vt 0.43863900 0.04082100
vt 0.40301600 0.04110500
vt 0.40301600 0.04110500
vt 0.40301600 0.04110500
vt 0.40301600 0.04110500
vt 0.39976600 0.04082200
vt 0.39976600 0.04082200
vt 0.40155900 0.04082200
vt 0.40155900 0.04082200
vt 0.40576400 0.04082100
vt 0.40576400 0.04082100
vt 0.40576400 0.04082100
vt 0.40377300 0.04082200
vt 0.40377300 0.04082200
vt 0.40950900 0.04110500
vt 0.40950900 0.04110500
vt 0.40950900 0.04110500
vt 0.39976600 0.04138800
vt 0.40981700 0.04082200
vt 0.40981700 0.04082200
vt 0.41186700 0.04082200
vt 0.41186700 0.04082200
vt 0.41405900 0.04082200
vt 0.41405900 0.04082200
vt 0.41275200 0.04110500
vt 0.40796300 0.04082100
vt 0.41592700 0.04082200
vt 0.41592700 0.04082200
vt 0.41599500 0.04110500
vt 0.41599500 0.04110500
vt 0.41599500 0.04110500
vt 0.40187200 0.04138800
vt 0.40605200 0.04138800
vt 0.40396800 0.04138800
vt 0.40812600 0.04138800
vt 0.41019000 0.04138800
vt 0.41428500 0.04138800
vt 0.41224200 0.04138800
vt 0.41795200 0.04082100
vt 0.41795200 0.04082100
vt 0.41923700 0.04110500
vt 0.41923700 0.04110500
vt 0.41986200 0.04082200
vt 0.41986200 0.04082200
vt 0.42248000 0.04110500
vt 0.42248000 0.04110500
vt 0.42248000 0.04110500
vt 0.42414900 0.04082100
vt 0.42414900 0.04082100
vt 0.42215100 0.04082200
vt 0.42215100 0.04082200
vt 0.42034900 0.04138800
vt 0.41833800 0.04138800
vt 0.42572200 0.04110500
vt 0.42572200 0.04110500
vt 0.42572200 0.04110500
vt 0.42598100 0.04082200
vt 0.42598100 0.04082200
vt 0.42809400 0.04082200
vt 0.42809400 0.04082200
vt 0.43039000 0.04082100
vt 0.43039000 0.04082100
vt 0.42896500 0.04110500
vt 0.42896500 0.04110500
vt 0.42896500 0.04110500
vt 0.43220700 0.04082200
vt 0.43220700 0.04082200
vt 0.42434200 0.04138800
vt 0.42235100 0.04138800
vt 0.42829400 0.04138800
vt 0.42829400 0.04138800
vt 0.42632300 0.04138800
vt 0.43025600 0.04138800
vt 0.43025600 0.04138800
vt 0.43220700 0.04138800
vt 0.39440600 0.04138800
vt 0.39440600 0.04138800
vt 0.39440600 0.04138800
vt 0.39172600 0.04082200
vt 0.39172600 0.04082200
vt 0.39976600 0.04082200
vt 0.39976600 0.04082200
vt 0.39976600 0.04138800
vt 0.39708600 0.04138800
vt 0.38101100 0.04110500
vt 0.37833200 0.04082100
vt 0.38084200 0.04082100
vt 0.38335500 0.04082100
vt 0.38636800 0.04110500
vt 0.38000600 0.04138800
vt 0.37833200 0.04138800
vt 0.38168000 0.04138800
vt 0.38335500 0.04138800
vt 0.38590400 0.04082100
vt 0.38901600 0.04082200
vt 0.38753900 0.04138800
vt 0.38502900 0.04138800
vt 0.39005100 0.04138800
vt 0.39172600 0.04138800
vt 0.39172600 0.04082200
vt 0.43322200 0.07003600
vt 0.43674600 0.07118800
vt 0.43322200 0.07118400
vt 0.43674600 0.07003600
vt 0.91917500 0.06059800
vt 0.91667900 0.05968100
vt 0.91902900 0.05968100
vt 0.91991300 0.05968500
vt 0.92007200 0.06060600
vt 0.92153000 0.05973500
vt 0.92458300 0.06003400
vt 0.92326800 0.06090200
vt 0.92310200 0.05985100
vt 0.92173900 0.06070000
vt 0.92593400 0.06027800
vt 0.92456500 0.06119700
vt 0.91666400 0.06059800
vt 0.92557700 0.06156300
vt 0.92713700 0.06057100
vt 0.92619900 0.06198400
vt 0.92783000 0.06426500
vt 0.92639500 0.06289000
vt 0.92639500 0.06243200
vt 0.92639500 0.06426500
vt 0.92817000 0.06090700
vt 0.92898600 0.06128100
vt 0.92955200 0.06168600
vt 0.92992000 0.06426500
vt 0.92992000 0.06426500
vt 0.92985500 0.06210800
vt 0.92985500 0.06210800
vt 0.92992100 0.06254000
vt 0.53049200 0.04082100
vt 0.53049200 0.04082100
vt 0.53135300 0.04082200
vt 0.53133300 0.04138800
vt 0.52889300 0.04082300
vt 0.53043300 0.04138700
vt 0.53043300 0.04138700
vt 0.53299700 0.04082200
vt 0.53463700 0.04082200
vt 0.53466600 0.04138800
vt 0.53634700 0.04082200
vt 0.53800200 0.04082100
vt 0.53800200 0.04138800
vt 0.53962800 0.04082100
vt 0.53962800 0.04138800
vt 0.53633400 0.04138800
vt 0.53300000 0.04138800
vt 0.54125400 0.04082100
vt 0.54292100 0.04082100
vt 0.54292100 0.04138800
vt 0.54459000 0.04082200
vt 0.54624600 0.04082200
vt 0.54624600 0.04138800
vt 0.54458900 0.04138800
vt 0.54815900 0.04082100
vt 0.55479100 0.04082300
vt 0.55479100 0.04082300
vt 0.55479100 0.04138900
vt 0.54815900 0.04138800
vt 0.54815900 0.04138800
vt 0.55735900 0.04082100
vt 0.55649800 0.04138800
vt 0.55207200 0.04138800
vt 0.54413700 0.04138800
vt 0.54320900 0.04082100
vt 0.54854800 0.04138800
vt 0.54345400 0.04082100
vt 0.54874000 0.04082100
vt 0.54608300 0.04110500
vt 0.54345400 0.04138800
vt 0.55135300 0.04110500
vt 0.55227300 0.04082100
vt 0.55050100 0.04082100
vt 0.55404400 0.04082100
vt 0.55404400 0.04110500
vt 0.54874000 0.04138800
vt 0.54874000 0.04138800
vt 0.55227300 0.04138800
vt 0.55050100 0.04138800
vt 0.55573700 0.04138800
vt 0.55404400 0.04138800
vt 0.55574200 0.04082200
vt 0.55658300 0.04110500
vt 0.55743700 0.04082100
vt 0.55921900 0.04082200
vt 0.55920400 0.04110500
vt 0.56098600 0.04082200
vt 0.56365300 0.04082500
vt 0.56365300 0.04082500
vt 0.56365300 0.04082500
vt 0.56196200 0.04110500
vt 0.56196300 0.04082200
vt 0.56196300 0.04082200
vt 0.55743100 0.04138800
vt 0.55920700 0.04138800
vt 0.56098400 0.04138800
vt 0.56201000 0.04138800
vt 0.56201000 0.04138800
vt 0.56201000 0.04138800
vt 0.56458300 0.04138800
vt 0.55688900 0.04138800
vt 0.55478900 0.04138800
vt 0.55479300 0.04082100
vt 0.55833300 0.04138800
vt 0.55704700 0.04082100
vt 0.37799200 0.07139500
vt 0.37799200 0.07139500
vt 0.37301800 0.07159100
vt 0.37742400 0.07003600
vt 0.37742400 0.07003600
vt 0.38182800 0.07003600
vt 0.36861400 0.07003600
vt 0.36861400 0.07003600
vt 0.36807000 0.07140400
vt 0.36807000 0.07140400
vt 0.36421000 0.07003600
vt 0.37301800 0.07159100
vt 0.91947500 0.07536200
vt 0.91950100 0.07715500
vt 0.91818400 0.07626100
vt 0.91745300 0.07496700
vt 0.91748400 0.07754800
vt 0.92391500 0.07513900
vt 0.92405900 0.07626100
vt 0.92221900 0.07547100
vt 0.92112400 0.07568400
vt 0.92112400 0.07683700
vt 0.92552000 0.07597400
vt 0.92551000 0.07482800
vt 0.92991900 0.07396800
vt 0.92762100 0.07556300
vt 0.92719000 0.07450000
vt 0.92992100 0.07511500
vt 0.92331400 0.07726500
vt 0.92551000 0.07769300
vt 0.92552000 0.07654700
vt 0.92760800 0.07695500
vt 0.92771200 0.07812300
vt 0.92992000 0.07740700
vt 0.92992100 0.07855200
vt 0.50838900 0.04082200
vt 0.51081600 0.04082100
vt 0.50843300 0.04138800
vt 0.51308200 0.04082100
vt 0.51099400 0.04138700
vt 0.54934200 0.04138800
vt 0.54934200 0.04138800
vt 0.54934200 0.04082100
vt 0.55577400 0.04082100
vt 0.55577400 0.04082100
vt 0.54493800 0.04138800
vt 0.54493800 0.04082100
vt 0.54934200 0.04082100
vt 0.54493800 0.04082100
vt 0.53751200 0.04138500
vt 0.53751500 0.04082100
vt 0.54493800 0.04138800
vt 0.53009300 0.04138800
vt 0.53009300 0.04138800
vt 0.53009300 0.04082100
vt 0.53751600 0.04082100
vt 0.53751600 0.04082100
vt 0.52568900 0.04138800
vt 0.52568900 0.04082100
vt 0.53009300 0.04082100
vt 0.56538000 0.04082100
vt 0.56538000 0.04138800
vt 0.55990600 0.04082100
vt 0.55874000 0.04082200
vt 0.55991900 0.04082200
vt 0.56079600 0.04138800
vt 0.54768000 0.04082200
vt 0.55044500 0.04082100
vt 0.55044500 0.04138800
vt 0.55321000 0.04082100
vt 0.55321000 0.04138800
vt 0.55599200 0.04082300
vt 0.55874000 0.04082200
vt 0.55874100 0.04138800
vt 0.55597500 0.04138800
vt 0.54327600 0.04082100
vt 0.54768000 0.04082200
vt 0.54768000 0.04138800
vt 0.53591100 0.04082100
vt 0.53775300 0.04082100
vt 0.53591100 0.04138800
vt 0.54037800 0.04138800
vt 0.53775300 0.04138800
vt 0.54327600 0.04138800
vt 0.54063600 0.04082100
vt 0.52854700 0.04082100
vt 0.53038800 0.04082100
vt 0.52854700 0.04138800
vt 0.53320700 0.04082100
vt 0.53142700 0.04138800
vt 0.53591100 0.04082100
vt 0.53591100 0.04138800
vt 0.53407000 0.04138800
vt 0.52854700 0.04138800
vt 0.52854700 0.04138800
vt 0.52414100 0.04139000
vt 0.52414300 0.04082100
vt 0.52414300 0.04082100
vt 0.51308200 0.04082100
vt 0.51511500 0.04082100
vt 0.51308200 0.04138800
vt 0.51723000 0.04082100
vt 0.51660400 0.04138800
vt 0.51861300 0.04138800
vt 0.51939200 0.04082100
vt 0.52211300 0.04082200
vt 0.52072200 0.04138800
vt 0.39375600 0.07139700
vt 0.39760800 0.07003600
vt 0.39760800 0.07003600
vt 0.40201300 0.07118400
vt 0.40201300 0.07118400
vt 0.40201300 0.07003600
vt 0.38791900 0.07118400
vt 0.38439500 0.07118400
vt 0.38791900 0.07003600
vt 0.38439500 0.07003600
vt 0.91745900 0.07086600
vt 0.91666400 0.06871800
vt 0.91703900 0.06963400
vt 0.91864900 0.06963400
vt 0.92025900 0.06963400
vt 0.92327100 0.06871800
vt 0.92187000 0.06963400
vt 0.91932700 0.07123100
vt 0.92024200 0.07026200
vt 0.92184700 0.07057700
vt 0.92093000 0.07154500
vt 0.92093900 0.07238400
vt 0.91666400 0.07330100
vt 0.91666400 0.07238400
vt 0.92327100 0.07330100
vt 0.92328600 0.07200600
vt 0.92345500 0.07089200
vt 0.92506600 0.07120700
vt 0.92670000 0.06963400
vt 0.92348000 0.06963400
vt 0.92992100 0.06871800
vt 0.92992100 0.06963400
vt 0.92521400 0.07238400
vt 0.92668100 0.07152300
vt 0.92992100 0.07330100
vt 0.92992100 0.07215500
vt 0.54805100 0.04138800
vt 0.54805100 0.04082100
vt 0.55245600 0.04082100
vt 0.54155500 0.04138700
vt 0.54155500 0.04138700
vt 0.54092300 0.04082000
vt 0.54805100 0.04138800
vt 0.55627900 0.04082200
vt 0.55627900 0.04082200
vt 0.55600500 0.04138700
vt 0.55600500 0.04138700
vt 0.55357100 0.04082100
vt 0.55357100 0.04138800
vt 0.55627600 0.04110500
vt 0.55627600 0.04110500
vt 0.55898100 0.04138800
vt 0.55984200 0.04082200
vt 0.56168500 0.04110500
vt 0.56274200 0.04082400
vt 0.56101000 0.04138800
vt 0.56337600 0.04139000
vt 0.56185700 0.04138800
vt 0.56185700 0.04082100
vt 0.56538000 0.04082100
vt 0.55115000 0.04138800
vt 0.55115000 0.04138800
vt 0.54674500 0.04138800
vt 0.54674500 0.04082100
vt 0.54674500 0.04082100
vt 0.53049300 0.04082100
vt 0.53455600 0.04082100
vt 0.53049300 0.04138800
vt 0.53861900 0.04082100
vt 0.53658700 0.04138800
vt 0.53455600 0.04138800
vt 0.54065000 0.04138800
vt 0.53861900 0.04138800
vt 0.54268200 0.04082100
vt 0.54674500 0.04082100
vt 0.54268200 0.04138800
vt 0.51744400 0.04082100
vt 0.52070100 0.04082100
vt 0.52067700 0.04138800
vt 0.52396200 0.04082100
vt 0.52392800 0.04138800
vt 0.52556200 0.04138800
vt 0.52722500 0.04082100
vt 0.52720000 0.04138800
vt 0.53049300 0.04082100
vt 0.52884400 0.04138800
vt 0.58368800 0.04276900
vt 0.57021200 0.04248600
vt 0.57693200 0.04253100
vt 0.56575100 0.04271000
vt 0.56580600 0.04242700
vt 0.57015600 0.04276900
vt 0.58363200 0.04248600
vt 0.57693600 0.04281400
vt 0.57017600 0.04236600
vt 0.57021200 0.04208300
vt 0.57455700 0.04210200
vt 0.56576700 0.04232800
vt 0.56580300 0.04204500
vt 0.57890400 0.04208300
vt 0.57457100 0.04238500
vt 0.57893900 0.04236600
vt 0.57921700 0.04262900
vt 0.57243800 0.04286600
vt 0.56570300 0.04273100
vt 0.56581500 0.04244900
vt 0.57921700 0.04291200
vt 0.58362800 0.04262900
vt 0.58362800 0.04291200
vt 0.41744100 0.07003600
vt 0.41744100 0.07003600
vt 0.42184500 0.07003600
vt 0.41303500 0.07159100
vt 0.41753900 0.07155800
vt 0.41753900 0.07155800
vt 0.40863200 0.07003600
vt 0.40863200 0.07003600
vt 0.40850900 0.07154900
vt 0.40850900 0.07154900
vt 0.40422800 0.07003600
vt 0.41303500 0.07159100
vt 0.91802800 0.06702700
vt 0.91818400 0.06585000
vt 0.92017900 0.06509300
vt 0.91806000 0.06467800
vt 0.92375600 0.06630800
vt 0.92375600 0.06539100
vt 0.92581100 0.06539100
vt 0.92786600 0.06539100
vt 0.92581100 0.06630800
vt 0.92992100 0.06539100
vt 0.92992100 0.06630800
vt 0.92170100 0.06539100
vt 0.92786600 0.06630800
vt 0.92043900 0.06655500
vt 0.92170100 0.06630800
vt 0.53257000 0.04082200
vt 0.53461900 0.04082100
vt 0.53328400 0.04138900
vt 0.53623200 0.04082100
vt 0.53789600 0.04082200
vt 0.53596700 0.04138800
vt 0.55667900 0.04082100
vt 0.55740400 0.04138500
vt 0.55014000 0.04138800
vt 0.54573600 0.04138800
vt 0.54573600 0.04082100
vt 0.55014000 0.04082100
vt 0.53831400 0.04082100
vt 0.53089200 0.04138800
vt 0.53089200 0.04082100
vt 0.53831600 0.04138500
vt 0.56097600 0.04138800
vt 0.56097600 0.04082100
vt 0.56538000 0.04082100
vt 0.55375400 0.04138600
vt 0.55430600 0.04082100
vt 0.56097600 0.04138800
vt 0.55800400 0.04082200
vt 0.56056000 0.04082200
vt 0.55960100 0.04138800
vt 0.56265600 0.04138900
vt 0.56319900 0.04082300
vt 0.54971100 0.04082100
vt 0.55183200 0.04082100
vt 0.55177200 0.04138800
vt 0.55384100 0.04138800
vt 0.55384800 0.04082200
vt 0.55591100 0.04082100
vt 0.55591100 0.04082100
vt 0.55591900 0.04138800
vt 0.55591900 0.04138800
vt 0.55591900 0.04138800
vt 0.55800400 0.04138800
vt 0.53789600 0.04082200
vt 0.53789600 0.04082200
vt 0.53999500 0.04082100
vt 0.53999500 0.04082100
vt 0.53789500 0.04138800
vt 0.54189700 0.04082200
vt 0.53998100 0.04138800
vt 0.53998100 0.04138800
vt 0.54411700 0.04082100
vt 0.54618800 0.04082100
vt 0.54412700 0.04138800
vt 0.54205800 0.04138800
vt 0.95629300 0.08798800
vt 0.95769600 0.08798800
vt 0.95767500 0.09299300
vt 0.95523200 0.09299300
vt 0.95454900 0.08798800
vt 0.95278900 0.09299300
vt 0.95284400 0.08798800
vt 0.95034600 0.09299300
vt 0.94967300 0.08798800
vt 0.95146400 0.08798800
vt 0.94802900 0.08798800
vt 0.94301700 0.09048500
vt 0.94057400 0.09299300
vt 0.94026400 0.08697300
vt 0.93813100 0.09048500
vt 0.93851200 0.08590100
vt 0.93892600 0.08631500
vt 0.94574900 0.07618300
vt 0.94798600 0.07642900
vt 0.94679000 0.07636700
vt 0.95482500 0.07736400
vt 0.95555700 0.07716500
vt 0.95555700 0.07716500
vt 0.95600800 0.07962000
vt 0.95600800 0.07962000
vt 0.95600800 0.07962000
vt 0.95437300 0.07962000
vt 0.95349000 0.07766100
vt 0.95770900 0.07962000
vt 0.95620800 0.07693300
vt 0.95620800 0.07693300
vt 0.95028300 0.07617700
vt 0.95028300 0.07617700
vt 0.95205600 0.07541800
vt 0.95083100 0.07600100
vt 0.95083100 0.07600100
vt 0.93570600 0.08789900
vt 0.93324500 0.09299300
vt 0.93325400 0.08541700
vt 0.92835900 0.08797700
vt 0.92835900 0.08045200
vt 0.93080200 0.08296000
vt 0.92347300 0.09299300
vt 0.92347300 0.08797700
vt 0.92593600 0.08279800
vt 0.92347300 0.08045200
vt 0.92313600 0.07683700
vt 0.92534400 0.07726200
vt 0.92218800 0.07701900
vt 0.92105700 0.08210500
vt 0.92038600 0.07736400
vt 0.93080200 0.07919800
vt 0.93201300 0.07855200
vt 0.93201300 0.07740700
vt 0.93201300 0.07511500
vt 0.93324900 0.05776000
vt 0.93568900 0.07750500
vt 0.93201300 0.07215500
vt 0.93201300 0.06963400
vt 0.93201300 0.06871800
vt 0.93201300 0.06630800
vt 0.93009900 0.06787800
vt 0.92763500 0.06793500
vt 0.92787400 0.06630800
vt 0.93569500 0.05771100
vt 0.92108900 0.06488400
vt 0.91944000 0.06456700
vt 0.91951500 0.06059800
vt 0.92531000 0.06871800
vt 0.92581200 0.06630800
vt 0.92772000 0.06539100
vt 0.92582000 0.06539100
vt 0.92662000 0.06119600
vt 0.92372300 0.06539200
vt 0.92530500 0.06090200
vt 0.92374900 0.06069900
vt 0.92238600 0.06513400
vt 0.92206300 0.06060600
vt 0.92119700 0.06059800
vt 0.92180500 0.05286300
vt 0.92350300 0.05286500
vt 0.92354500 0.05973500
vt 0.91962000 0.05283900
vt 0.92106300 0.05968100
vt 0.92511500 0.05984800
vt 0.93194800 0.06210800
vt 0.93164400 0.06168600
vt 0.93164400 0.06168600
vt 0.93086600 0.05909000
vt 0.93081200 0.05287200
vt 0.93229300 0.05287500
vt 0.92946200 0.05287200
vt 0.92833100 0.05862800
vt 0.92752400 0.05286800
vt 0.93419800 0.05287400
vt 0.93837400 0.05968200
vt 0.93628400 0.05287800
vt 0.93822500 0.05287800
vt 0.95797200 0.07264200
vt 0.95580500 0.07365900
vt 0.95645300 0.07041900
vt 0.95532200 0.07114100
vt 0.95418600 0.07441900
vt 0.95278900 0.07041900
vt 0.95047800 0.06804900
vt 0.94925300 0.07636600
vt 0.94790300 0.07041900
vt 0.94546000 0.07041900
vt 0.94838800 0.05968200
vt 0.94653900 0.05968200
vt 0.94663400 0.05288200
vt 0.94236200 0.05968200
vt 0.94015800 0.05968200
vt 0.94038400 0.05287700
vt 0.94546000 0.05913200
vt 0.94518600 0.05288100
vt 0.94795900 0.05288200
vt 0.94400200 0.05288000
vt 0.94229900 0.05287800
vt 0.95448900 0.05968200
vt 0.95262300 0.05968200
vt 0.95277400 0.05288500
vt 0.95651100 0.05968200
vt 0.95530900 0.05288600
vt 0.95156700 0.05913200
vt 0.95043500 0.05968200
vt 0.94997500 0.05288400
vt 0.94790300 0.11305900
vt 0.95767500 0.11305900
vt 0.95767500 0.13312500
vt 0.93813100 0.13312500
vt 0.93813100 0.11305900
vt 0.92835900 0.11305900
vt 0.92835900 0.10302600
vt 0.93813100 0.09801000
vt 0.94790300 0.09801000
vt 0.95278900 0.10302600
vt 0.94301700 0.10302600
vt 0.94301700 0.09801000
vt 0.94544100 0.09274300
vt 0.95278900 0.09801000
vt 0.95767500 0.09801000
vt 0.95645000 0.17323100
vt 0.95412500 0.17323600
vt 0.95523500 0.16822200
vt 0.95151800 0.17323500
vt 0.95279000 0.16836600
vt 0.95767300 0.16829800
vt 0.95034500 0.16821400
vt 0.94901300 0.17323500
vt 0.94790200 0.16833100
vt 0.94790300 0.16322400
vt 0.95278900 0.16322400
vt 0.95767500 0.16322400
vt 0.94546000 0.16824100
vt 0.94525200 0.17323600
vt 0.94378200 0.17323600
vt 0.94301500 0.16836200
vt 0.94692600 0.17323500
vt 0.94170900 0.17323700
vt 0.93936700 0.17323800
vt 0.94057500 0.16821700
vt 0.93813000 0.16837400
vt 0.93813100 0.16322400
vt 0.94301700 0.16322400
vt 0.93813100 0.15319100
vt 0.94790300 0.15319100
vt 0.95767500 0.15319100
vt 0.93719300 0.17324000
vt 0.93568800 0.16824100
vt 0.93560000 0.17324300
vt 0.93407100 0.17324300
vt 0.93324400 0.16835100
vt 0.93206500 0.17324400
vt 0.92980000 0.17324600
vt 0.93080100 0.16821200
vt 0.92836000 0.16831700
vt 0.92835900 0.16322400
vt 0.93324500 0.16322400
vt 0.92591600 0.16824100
vt 0.92621300 0.17325100
vt 0.92435000 0.17324900
vt 0.92347300 0.16829000
vt 0.92765000 0.17324600
vt 0.92103000 0.16824100
vt 0.92207000 0.17325200
vt 0.92347300 0.16322400
vt 0.92835900 0.15319100
vt 0.97799000 0.09299300
vt 0.97291100 0.09801000
vt 0.97291100 0.09048500
vt 0.97545000 0.08797700
vt 0.96921500 0.08681800
vt 0.97017000 0.08631400
vt 0.97038100 0.09285100
vt 0.96783200 0.09048500
vt 0.96785200 0.08725300
vt 0.97165600 0.08791600
vt 0.96529300 0.09299300
vt 0.96529300 0.09048500
vt 0.96259700 0.08795100
vt 0.96021200 0.09289400
vt 0.96095900 0.08798700
vt 0.95919400 0.08798800
vt 0.96255900 0.07396200
vt 0.96259800 0.07965600
vt 0.96094200 0.07962000
vt 0.96028000 0.07502500
vt 0.95916900 0.07962000
vt 0.95828200 0.07596000
vt 0.97291600 0.05753300
vt 0.97545000 0.05787800
vt 0.97165500 0.07986500
vt 0.97016900 0.08129400
vt 0.96921500 0.08079000
vt 0.96911200 0.07810200
vt 0.97164700 0.05298300
vt 0.96916900 0.06637500
vt 0.96779400 0.06637500
vt 0.96779800 0.06135500
vt 0.96915900 0.06135500
vt 0.97073200 0.06135500
vt 0.97073200 0.06637500
vt 0.96157800 0.06135500
vt 0.96165600 0.06637500
vt 0.96026000 0.06637500
vt 0.95966900 0.06135500
vt 0.96641600 0.06637500
vt 0.96478300 0.06637500
vt 0.96508800 0.06135500
vt 0.96645900 0.06135500
vt 0.96452700 0.05968200
vt 0.96269900 0.05968200
vt 0.96238500 0.05288500
vt 0.95781500 0.06346500
vt 0.95746500 0.06135500
vt 0.96070400 0.05968200
vt 0.95841800 0.05968200
vt 0.95906200 0.05288700
vt 0.96663500 0.05968200
vt 0.96579400 0.05285600
vt 0.96658900 0.05288800
vt 0.96769400 0.05286000
vt 0.96783200 0.05913200
vt 0.96407700 0.05288800
vt 0.97073200 0.05968200
vt 0.97037600 0.05294200
vt 0.96892200 0.05968200
vt 0.96928900 0.05291300
vt 0.96879800 0.05286500
vt 0.97395400 0.05310000
vt 0.97272900 0.05299300
vt 0.97551600 0.05320300
vt 0.97744100 0.05337100
vt 0.97807600 0.05843500
vt 0.97656600 0.05324900
vt 0.99068700 0.06289400
vt 0.99322500 0.06522600
vt 0.98814700 0.06791100
vt 0.98306900 0.09299300
vt 0.98306900 0.06791100
vt 0.97799000 0.06540200
vt 0.98052900 0.06289400
vt 0.98306900 0.06038600
vt 0.98559700 0.06280400
vt 0.98351100 0.05413500
vt 0.98437100 0.05427600
vt 0.98815000 0.06033300
vt 0.98744800 0.05488900
vt 0.98052900 0.06038600
vt 0.97925500 0.05783300
vt 0.98049500 0.05370300
vt 0.98179300 0.05782900
vt 0.98169600 0.05385200
vt 0.97912200 0.05354300
vt 0.98579200 0.05454000
vt 0.98575300 0.05448400
vt 0.99767200 0.05940300
vt 0.99767200 0.05940300
vt 0.99767200 0.05940300
vt 0.99713000 0.16740600
vt 0.99713000 0.16740600
vt 0.99688700 0.05850700
vt 0.99688700 0.05850700
vt 0.99576600 0.06164000
vt 0.99494400 0.05730700
vt 0.99494400 0.05730700
vt 0.99279000 0.05642900
vt 0.99668200 0.05822800
vt 0.99194900 0.06032800
vt 0.99059800 0.05570300
vt 0.98932900 0.05535300
vt 0.98841900 0.05506500
vt 0.98982500 0.05542700
vt 0.97799000 0.12309200
vt 0.97799000 0.11305900
vt 0.98814700 0.14817500
vt 0.96783200 0.11305900
vt 0.96783200 0.09801000
vt 0.97291100 0.10302600
vt 0.96275300 0.10302600
vt 0.96275300 0.09801000
vt 0.98814700 0.09801000
vt 0.99322600 0.16071600
vt 0.97799000 0.09801000
vt 0.98747000 0.17122500
vt 0.98929800 0.17077300
vt 0.98841800 0.17105300
vt 0.98814800 0.16579000
vt 0.99194800 0.16579600
vt 0.99276400 0.16970000
vt 0.99060400 0.17041500
vt 0.99068700 0.16322400
vt 0.98814700 0.15820800
vt 0.99322600 0.16322400
vt 0.99635500 0.16801400
vt 0.99563300 0.16845000
vt 0.99576600 0.16447800
vt 0.99411800 0.16920700
vt 0.99449600 0.16573200
vt 0.98368900 0.17195300
vt 0.98563600 0.17161200
vt 0.98455100 0.17185400
vt 0.98560300 0.16329100
vt 0.98026800 0.17244800
vt 0.98192500 0.17223000
vt 0.98113900 0.17237700
vt 0.97917700 0.17257400
vt 0.97732900 0.17276200
vt 0.97799000 0.16949500
vt 0.98053500 0.16338000
vt 0.98306900 0.16573200
vt 0.97799000 0.16573200
vt 0.98306900 0.15820800
vt 0.97799000 0.15820800
vt 0.98306900 0.15319100
vt 0.97553100 0.17291500
vt 0.97607600 0.17291100
vt 0.97373300 0.17303300
vt 0.97466300 0.17301200
vt 0.97545000 0.16824100
vt 0.97290900 0.16837700
vt 0.97165300 0.17313500
vt 0.97318500 0.17310300
vt 0.96767600 0.17326000
vt 0.96932200 0.17320300
vt 0.96880100 0.17325400
vt 0.96783200 0.16824100
vt 0.97037200 0.16824100
vt 0.97041000 0.17317500
vt 0.96783200 0.16322400
vt 0.97291100 0.16322400
vt 0.96529300 0.16824100
vt 0.96599700 0.17325200
vt 0.96364900 0.17322800
vt 0.96275300 0.16828500
vt 0.96664200 0.17322700
vt 0.96122400 0.17322900
vt 0.96021100 0.16821600
vt 0.95870700 0.17322900
vt 0.96275300 0.16322400
vt 0.96783200 0.15319100
vt 0.97799000 0.14315800
vt 0.91946300 0.05968100
vt 0.91840600 0.05286100
vt 0.92800600 0.06027800
vt 0.92665200 0.06003500
vt 0.92764500 0.06156300
vt 0.92764500 0.06156300
vt 0.92847100 0.06243200
vt 0.92847100 0.06289000
vt 0.92827300 0.06198400
vt 0.92847100 0.06426500
vt 0.91954500 0.06711200
vt 0.92167000 0.06670400
vt 0.91858700 0.06871800
vt 0.92372200 0.06630800
vt 0.92347300 0.06791100
vt 0.92549200 0.06963400
vt 0.92223800 0.07026200
vt 0.92223100 0.06963400
vt 0.91897100 0.06963400
vt 0.92550000 0.07089200
vt 0.92875300 0.06963400
vt 0.92875900 0.07152300
vt 0.92994100 0.06539100
vt 0.93025600 0.06090800
vt 0.92921800 0.06057200
vt 0.93107700 0.06128100
vt 0.93107700 0.06128100
vt 0.93201300 0.06254000
vt 0.93201300 0.06539100
vt 0.93201300 0.06426500
vt 0.93837400 0.06177300
vt 0.94302900 0.06268300
vt 0.94506700 0.06308100
vt 0.94372800 0.06491100
vt 0.94105100 0.06543400
vt 0.94054200 0.06219700
vt 0.92989000 0.06630800
vt 0.93068100 0.07135400
vt 0.93837400 0.06595700
vt 0.93837400 0.06804900
vt 0.93837400 0.07249900
vt 0.93837400 0.06973500
vt 0.94241200 0.06804900
vt 0.94159100 0.06973500
vt 0.94480900 0.06973500
vt 0.94434600 0.05968200
vt 0.94696800 0.06135500
vt 0.94923400 0.06135500
vt 0.94884100 0.06172000
vt 0.95071500 0.06208400
vt 0.95142100 0.06135500
vt 0.94640500 0.06438800
vt 0.94707500 0.06347300
vt 0.95524300 0.06296400
vt 0.95259100 0.06244900
vt 0.95370500 0.06135500
vt 0.95587800 0.06135500
vt 0.95852400 0.06412800
vt 0.95987500 0.06386500
vt 0.94899100 0.06596900
vt 0.94925900 0.06637500
vt 0.94696500 0.06637500
vt 0.94908200 0.06386500
vt 0.95121200 0.06554300
vt 0.95206300 0.06637500
vt 0.94645600 0.06804900
vt 0.95390900 0.06502500
vt 0.95439200 0.06637500
vt 0.95587800 0.06637500
vt 0.95646500 0.06452900
vt 0.95811500 0.06637500
vt 0.95455300 0.06804900
vt 0.95860300 0.06804900
vt 0.96031300 0.07154500
vt 0.95894400 0.07041900
vt 0.96236300 0.07058600
vt 0.96265100 0.06804900
vt 0.96299800 0.06637500
vt 0.96330900 0.06135500
vt 0.96419100 0.06973500
vt 0.96746100 0.06973500
vt 0.96582600 0.06973500
vt 0.96669400 0.06804900
vt 0.96909700 0.06973500
vt 0.97073200 0.06804900
vt 0.97073200 0.06973500
vt 0.97073200 0.07810200
vt 0.91858700 0.07330100
vt 0.92131400 0.07533400
vt 0.91936000 0.07496000
vt 0.92646800 0.07504200
vt 0.92820200 0.07470700
vt 0.92313500 0.07568400
vt 0.92476900 0.07537000
vt 0.93201300 0.07330100
vt 0.92828000 0.07584000
vt 0.92758800 0.07654700
vt 0.92611200 0.07626100
vt 0.92989800 0.07699500
vt 0.93038500 0.07428400
vt 0.93201300 0.07396900
vt 0.93053900 0.07540100
vt 0.91858700 0.07770900
vt 0.91858700 0.10159600
vt 0.91858700 0.14937000
vt 0.91967500 0.17328100
vt 0.91858700 0.12548300
vt 0.92757800 0.07769300
vt 0.92979600 0.07812300
vt 0.93837400 0.07559200
vt 0.93854500 0.07608200
vt 0.93798600 0.07913100
vt 0.93798600 0.07913100
vt 0.93908700 0.07655400
vt 0.94122000 0.07736000
vt 0.94287800 0.08000600
vt 0.94288300 0.07771400
vt 0.94480900 0.07795900
vt 0.94120100 0.08035500
vt 0.94480900 0.07559200
vt 0.94486500 0.07575500
vt 0.94639300 0.07965600
vt 0.94480900 0.07976400
vt 0.94504400 0.07591300
vt 0.94639300 0.07806600
vt 0.94802500 0.07962000
vt 0.93837400 0.08213000
vt 0.93837400 0.08213000
vt 0.93851200 0.08170600
vt 0.93851200 0.08170600
vt 0.93837400 0.08547700
vt 0.93986000 0.08079100
vt 0.93892600 0.08129400
vt 0.94228100 0.08749800
vt 0.94480800 0.08784400
vt 0.94639300 0.08795200
vt 0.91842500 0.17325700
vt 0.95286600 0.07962000
vt 0.95172800 0.07791700
vt 0.94963800 0.07962000
vt 0.94802500 0.07810200
vt 0.94995000 0.07805600
vt 0.95125200 0.07962000
vt 0.96419100 0.07320100
vt 0.96419100 0.07810200
vt 0.96418800 0.07976300
vt 0.96582600 0.07810200
vt 0.96614800 0.08000600
vt 0.96746100 0.07810200
vt 0.96785200 0.08035500
vt 0.97059100 0.08170600
vt 0.97073200 0.08213000
vt 0.97073200 0.08547700
vt 0.97059100 0.08590200
vt 0.96419100 0.08784400
vt 0.96614800 0.08760100
vt 0.98328900 0.05405200
vt 0.98692900 0.05472600
vt 0.99175800 0.05601000
vt 0.99615300 0.05788100
vt 0.99534000 0.05741600
vt 0.99616000 0.05788000
vt 0.99717300 0.05861100
vt 0.99744000 0.05898400
vt 0.99775700 0.05932600
vt 0.99764500 0.16674700
vt 0.99764500 0.16674700
vt 0.99830500 0.06105800
vt 0.99818600 0.05972600
vt 0.99818600 0.05972600
vt 0.99775000 0.05932800
vt 0.99818400 0.05998400
vt 0.99818400 0.05998400
vt 0.99818400 0.05998400
vt 0.99851900 0.06051400
vt 0.99851900 0.06051400
vt 0.99841800 0.06082600
vt 0.99841800 0.06082600
vt 0.99839200 0.06009700
vt 0.99747200 0.16725400
vt 0.99747200 0.16725400
vt 0.99789600 0.16677000
vt 0.99486600 0.16892900
vt 0.99830500 0.16506100
vt 0.99830500 0.16506100
vt 0.99836800 0.16563200
vt 0.99836800 0.16563200
vt 0.99850100 0.16508700
vt 0.99850100 0.16508700
vt 0.99855600 0.16529200
vt 0.99818400 0.16639200
vt 0.99818400 0.16639200
vt 0.99825100 0.16600600
vt 0.99825100 0.16600600
vt 0.99790100 0.16676600
vt 0.97843100 0.17269500
vt 0.98328700 0.17206700
vt 0.98982300 0.17069100
vt 0.99176200 0.17010700
vt 0.98692900 0.17139100
vt 0.09200200 0.07118400
vt 0.57221700 0.04649800
vt 0.57905300 0.04649800
vt 0.86501500 0.04975900
vt 0.60541300 0.04099900
vt 0.61128700 0.04099500
vt 0.56787700 0.04104900
vt 0.56734200 0.04125600
vt 0.56760100 0.04127000
vt 0.57468500 0.15545000
vt 0.61277300 0.04105200
vt 0.57680400 0.04126000
vt 0.57813000 0.04095300
vt 0.57813000 0.04095300
vt 0.57822200 0.04094600
vt 0.58083700 0.04437900
vt 0.59629500 0.04437900
vt 0.64653100 0.04393400
vt 0.63107300 0.04437900
vt 0.66198800 0.04437900
vt 0.67744500 0.04437900
vt 0.71222400 0.04437900
vt 0.72768100 0.04437900
vt 0.60287700 0.04082100
vt 0.59037900 0.04082100
vt 0.60301600 0.04081700
vt 0.96199200 0.04353800
vt 0.45270900 0.04082100
vt 0.46299300 0.04138800
vt 0.46624300 0.04138800
vt 0.48078400 0.04138800
vt 0.49107600 0.04138800
vt 0.49595400 0.04138800
vt 0.51116300 0.04138800
vt 0.53548000 0.04138800
vt 0.53929000 0.04138800
vt 0.54364600 0.04138800
vt 0.54750100 0.04138800
vt 0.55078000 0.04138800
vt 0.55078000 0.04138800
vt 0.55078000 0.04138800
vt 0.55401000 0.04138800
vt 0.56047000 0.04138800
vt 0.56047000 0.04138800
vt 0.56047000 0.04138800
vt 0.56373300 0.04138800
vt 0.56923600 0.04138800
vt 0.57216000 0.04138800
vt 0.57216000 0.04138800
vt 0.57539000 0.04138800
vt 0.57862000 0.04138800
vt 0.58185000 0.04138800
vt 0.58185000 0.04138800
vt 0.58185000 0.04138800
vt 0.59021100 0.04138800
vt 0.60530700 0.04138800
vt 0.61468100 0.04138800
vt 0.61791100 0.04138800
vt 0.62083500 0.04138800
vt 0.63112300 0.04138800
vt 0.63112300 0.04138800
vt 0.96314800 0.07810200
vt 0.54976100 0.04082100
vt 0.53092300 0.04082100
vt 0.52438100 0.04138800
vt 0.53092300 0.04082100
vt 0.49221800 0.04138800
vt 0.47354900 0.04138800
vt 0.43262300 0.04138800
vt 0.42699400 0.04138800
vt 0.45204900 0.04138800
vt 0.40930200 0.04138800
vt 0.40930200 0.04138800
vt 0.41493000 0.04138800
vt 0.42055900 0.04138800
vt 0.42055900 0.04082100
vt 0.37284800 0.04082300
vt 0.36493900 0.04138800
vt 0.37833200 0.04138800
vt 0.52489900 0.04138800
vt 0.55734000 0.04082100
vt 0.52489900 0.04082100
vt 0.49233500 0.04138800
vt 0.49211300 0.04082100
vt 0.49466800 0.04082100
vt 0.49467400 0.04138900
vt 0.43220700 0.04138800
vt 0.41631600 0.04138800
vt 0.39172600 0.04138800
vt 0.52802900 0.04138800
vt 0.54125400 0.04138800
vt 0.55207200 0.04082100
vt 0.54854800 0.04138800
vt 0.54854800 0.04082100
vt 0.55207200 0.04138800
vt 0.55207200 0.04082100
vt 0.54854800 0.04082100
vt 0.55833300 0.04082100
vt 0.51308200 0.04138800
vt 0.55582300 0.04138700
vt 0.54934200 0.04138800
vt 0.53751800 0.04138500
vt 0.53009300 0.04138800
vt 0.55885900 0.04138700
vt 0.55874100 0.04138800
vt 0.56215700 0.04082200
vt 0.56335100 0.04138800
vt 0.56439100 0.04082100
vt 0.54768000 0.04138800
vt 0.54327600 0.04138800
vt 0.54327600 0.04082100
vt 0.52854700 0.04082100
vt 0.51446500 0.04138800
vt 0.52414600 0.04138800
vt 0.52414300 0.04082100
vt 0.55245600 0.04138800
vt 0.54805100 0.04082100
vt 0.54805100 0.04082100
vt 0.56538000 0.04138800
vt 0.55115000 0.04082100
vt 0.54674500 0.04138800
vt 0.51744400 0.04138800
vt 0.53049300 0.04138800
vt 0.51392100 0.04138800
vt 0.51392100 0.04138800
vt 0.51392100 0.04082100
vt 0.51744400 0.04082100
vt 0.51744400 0.04082100
vt 0.51744400 0.04138800
vt 0.53789500 0.04138800
vt 0.55014000 0.04082100
vt 0.55014000 0.04138800
vt 0.53831300 0.04082100
vt 0.53831300 0.04082100
vt 0.54573600 0.04082100
vt 0.53831100 0.04138500
vt 0.54573600 0.04138800
vt 0.54573600 0.04138800
vt 0.56538000 0.04138800
vt 0.56097600 0.04082100
vt 0.55800400 0.04138800
vt 0.54971100 0.04138800
vt 0.55800400 0.04082300
vt 0.55800400 0.04082300
vt 0.54618800 0.04138800
vt 0.54618800 0.04082100
vt 0.54618800 0.04082100
vt 0.54971100 0.04138800
vt 0.54971100 0.04138800
vt 0.54971100 0.04082100
vt 0.54618800 0.04138800
vt 0.95056500 0.07610400
vt 0.92537200 0.05286800
vt 0.92192300 0.05968500
vt 0.95714800 0.05288200
vt 0.95155900 0.05288400
vt 0.95397300 0.05288300
vt 0.96037700 0.05288700
vt 0.99420900 0.05694600
vt 0.92975700 0.06426500
f 1/1/1 5/5/5 10/10/10
f 3/3/3 14/14/14 8/8/8
f 16/16/16 8/8/8 13/13/13
f 18/18/18 27/27/27 20/20/20
f 19/19/19 25/25/25 26/26/26
f 30/30/30 31/31/31 33/33/33
f 37/37/37 39/39/39 46/46/46
f 53/53/53 173/173/173 49/49/49
f 56/56/56 63/63/63 64/64/64
f 65/65/65 67/67/67 57/57/57
f 72/72/72 74/74/74 59/59/59
f 74/74/74 75/75/75 78/78/78
f 58/58/58 73/73/73 77/77/77
f 78/78/78 80/80/80 59/59/59
f 80/80/80 78/78/78 82/82/82
f 91/91/91 94/94/94 12/12/12
f 90/90/90 97/97/97 100/100/100
f 103/103/103 90/90/90 59/59/59
f 103/103/103 106/106/106 108/108/108
f 109/109/109 90/90/90 103/103/103
f 104/104/104 114/114/114 117/117/117
f 101/101/101 122/122/122 125/125/125
f 102/102/102 60/60/60 119/119/119
f 59/59/59 130/130/130 121/121/121
f 130/130/130 59/59/59 134/134/134
f 136/136/136 126/126/126 132/132/132
f 142/142/142 144/144/144 3/3/3
f 3/3/3 146/146/146 148/148/148
f 152/152/152 150/150/150 153/153/153
f 148/148/148 155/155/155 3/3/3
f 156/156/156 70/70/70 160/160/160
f 161/161/161 163/163/163 165/165/165
f 164/164/164 69/69/69 166/166/166
f 72/72/72 162/162/162 74/74/74
f 158/158/158 167/167/167 168/168/168
f 172/172/172 176/176/176 158/158/158
f 177/177/177 175/175/175 170/170/170
f 159/159/159 180/180/180 174/174/174
f 78/78/78 182/182/182 184/184/184
f 185/185/185 77/77/77 183/183/183
f 79/79/79 187/187/187 181/181/181
f 186/186/186 83/83/83 76/76/76
f 188/188/188 81/81/81 84/84/84
f 190/190/190 191/191/191 69/69/69
f 157/157/157 191/191/191 179/179/179
f 189/189/189 71/71/71 68/68/68
f 48/48/48 169/169/169 178/178/178
f 192/192/192 199/199/199 201/201/201
f 54/54/54 196/196/196 202/202/202
f 204/204/204 211/211/211 193/193/193
f 35/35/35 206/206/206 42/42/42
f 208/208/208 44/44/44 209/209/209
f 197/197/197 45/45/45 207/207/207
f 43/43/43 41/41/41 32/32/32
f 210/210/210 171/171/171 52/52/52
f 47/47/47 198/198/198 38/38/38
f 195/195/195 51/51/51 203/203/203
f 50/50/50 205/205/205 55/55/55
f 59/59/59 214/214/214 215/215/215
f 216/216/216 62/62/62 61/61/61
f 217/217/217 214/214/214 59/59/59
f 218/218/218 59/59/59 219/219/219
f 217/217/217 59/59/59 218/218/218
f 3/3/3 221/221/221 59/59/59
f 219/219/219 59/59/59 220/220/220
f 222/222/222 24/24/24 18/18/18
f 223/223/223 29/29/29 25/25/25
f 224/224/224 225/225/225 228/228/228
f 228/228/228 229/229/229 224/224/224
f 225/225/225 230/230/230 231/231/231
f 224/224/224 230/230/230 225/225/225
f 225/225/225 231/231/231 232/232/232
f 225/225/225 232/232/232 233/233/233
f 225/225/225 233/233/233 234/234/234
f 225/225/225 234/234/234 154/154/154
f 225/225/225 154/154/154 148/148/148
f 40/40/40 235/235/235 34/34/34
f 27/27/27 24/24/24 28/28/28
f 237/237/237 229/229/229 228/228/228
f 227/227/227 22/22/22 21/21/21
f 3/3/3 238/238/238 221/221/221
f 239/239/239 3/3/3 240/240/240
f 238/238/238 3/3/3 241/241/241
f 239/239/239 241/241/241 3/3/3
f 155/155/155 240/240/240 3/3/3
f 242/242/242 155/155/155 148/148/148
f 148/148/148 243/243/243 244/244/244
f 148/148/148 244/244/244 242/242/242
f 245/245/245 148/148/148 246/246/246
f 245/245/245 243/243/243 148/148/148
f 148/148/148 247/247/247 248/248/248
f 246/246/246 148/148/148 248/248/248
f 151/151/151 247/247/247 148/148/148
f 225/225/225 148/148/148 250/250/250
f 251/251/251 252/252/252 254/254/254
f 133/133/133 256/256/256 253/253/253
f 255/255/255 134/134/134 59/59/59
f 257/257/257 133/133/133 253/253/253
f 135/135/135 258/258/258 128/128/128
f 259/259/259 260/260/260 127/127/127
f 261/261/261 131/131/131 262/262/262
f 129/129/129 263/263/263 120/120/120
f 264/264/264 265/265/265 118/118/118
f 124/124/124 121/121/121 266/266/266
f 269/269/269 267/267/267 270/270/270
f 272/272/272 116/116/116 113/113/113
f 274/274/274 112/112/112 105/105/105
f 110/110/110 273/273/273 275/275/275
f 95/95/95 107/107/107 276/276/276
f 99/99/99 277/277/277 87/87/87
f 98/98/98 279/279/279 278/278/278
f 280/280/280 89/89/89 281/281/281
f 92/92/92 86/86/86 282/282/282
f 284/284/284 283/283/283 85/85/85
f 14/14/14 285/285/285 286/286/286
f 3/3/3 288/288/288 146/146/146
f 146/146/146 289/289/289 148/148/148
f 145/145/145 139/139/139 291/291/291
f 3/3/3 144/144/144 294/294/294
f 144/144/144 326/326/326 294/294/294
f 294/294/294 288/288/288 3/3/3
f 299/299/299 293/293/293 140/140/140
f 300/300/300 297/297/297 138/138/138
f 303/303/303 301/301/301 304/304/304
f 308/308/308 310/310/310 142/142/142
f 140/140/140 311/311/311 313/313/313
f 142/142/142 306/306/306 302/302/302
f 137/137/137 315/315/315 305/305/305
f 316/316/316 148/148/148 289/289/289
f 318/318/318 317/317/317 290/290/290
f 319/319/319 146/146/146 288/288/288
f 148/148/148 321/321/321 322/322/322
f 321/321/321 148/148/148 324/324/324
f 320/320/320 327/327/327 147/147/147
f 325/325/325 143/143/143 328/328/328
f 315/315/315 312/312/312 329/329/329
f 331/331/331 296/296/296 333/333/333
f 292/292/292 298/298/298 332/332/332
f 314/314/314 330/330/330 334/334/334
f 250/250/250 148/148/148 322/322/322
f 335/335/335 339/339/339 309/309/309
f 340/340/340 11/11/11 9/9/9
f 15/15/15 287/287/287 341/341/341
f 285/285/285 14/14/14 93/93/93
f 342/342/342 7/7/7 17/17/17
f 6/6/6 343/343/343 344/344/344
f 345/345/345 346/346/346 2/2/2
f 338/338/338 4/4/4 347/347/347
f 336/336/336 142/142/142 3/3/3
f 337/337/337 307/307/307 141/141/141
f 350/350/350 356/356/356 348/348/348
f 353/353/353 354/354/354 351/351/351
f 353/353/353 368/368/368 355/355/355
f 350/350/350 352/352/352 351/351/351
f 359/359/359 360/360/360 357/357/357
f 361/361/361 367/367/367 360/360/360
f 363/363/363 365/365/365 364/364/364
f 366/366/366 369/369/369 364/364/364
f 361/361/361 363/363/363 362/362/362
f 368/368/368 358/358/358 357/357/357
f 366/366/366 4937/4937/4937 370/370/370
f 373/373/373 379/379/379 371/371/371
f 376/376/376 377/377/377 374/374/374
f 376/376/376 391/391/391 378/378/378
f 375/375/375 374/374/374 379/379/379
f 382/382/382 383/383/383 380/380/380
f 384/384/384 390/390/390 383/383/383
f 386/386/386 388/388/388 387/387/387
f 388/388/388 4938/4938/4938 389/389/389
f 384/384/384 386/386/386 385/385/385
f 391/391/391 381/381/381 380/380/380
f 370/370/370 4937/4937/4937 372/372/372
f 394/394/394 398/398/398 392/392/392
f 395/395/395 396/396/396 397/397/397
f 397/397/397 396/396/396 398/398/398
f 399/399/399 398/398/398 394/394/394
f 400/400/400 401/401/401 396/396/396
f 403/403/403 407/407/407 401/401/401
f 405/405/405 424/424/424 406/406/406
f 409/409/409 404/404/404 407/407/407
f 411/411/411 423/423/423 412/412/412
f 414/414/414 421/421/421 415/415/415
f 416/416/416 422/422/422 413/413/413
f 417/417/417 420/420/420 410/410/410
f 418/418/418 426/426/426 419/419/419
f 402/402/402 401/401/401 400/400/400
f 405/405/405 404/404/404 409/409/409
f 408/408/408 407/407/407 403/403/403
f 411/411/411 410/410/410 420/420/420
f 415/415/415 421/421/421 418/418/418
f 414/414/414 413/413/413 422/422/422
f 416/416/416 412/412/412 423/423/423
f 417/417/417 406/406/406 424/424/424
f 425/425/425 427/427/427 419/419/419
f 429/429/429 430/430/430 427/427/427
f 432/432/432 433/433/433 430/430/430
f 427/427/427 425/425/425 428/428/428
f 430/430/430 429/429/429 431/431/431
f 435/435/435 439/439/439 433/433/433
f 438/438/438 449/449/449 436/436/436
f 441/441/441 436/436/436 439/439/439
f 443/443/443 454/454/454 444/444/444
f 446/446/446 456/456/456 447/447/447
f 448/448/448 455/455/455 445/445/445
f 450/450/450 453/453/453 442/442/442
f 451/451/451 4939/4939/4939 452/452/452
f 433/433/433 432/432/432 434/434/434
f 439/439/439 435/435/435 440/440/440
f 436/436/436 441/441/441 437/437/437
f 449/449/449 438/438/438 450/450/450
f 442/442/442 453/453/453 443/443/443
f 444/444/444 454/454/454 448/448/448
f 445/445/445 455/455/455 446/446/446
f 447/447/447 456/456/456 451/451/451
f 457/457/457 458/458/458 459/459/459
f 460/460/460 542/542/542 457/457/457
f 462/462/462 469/469/469 464/464/464
f 458/458/458 462/462/462 464/464/464
f 463/463/463 465/465/465 466/466/466
f 464/464/464 463/463/463 466/466/466
f 464/464/464 466/466/466 467/467/467
f 468/468/468 464/464/464 467/467/467
f 465/465/465 463/463/463 470/470/470
f 457/457/457 459/459/459 461/461/461
f 472/472/472 473/473/473 461/461/461
f 461/461/461 471/471/471 472/472/472
f 474/474/474 461/461/461 473/473/473
f 458/458/458 464/464/464 459/459/459
f 468/468/468 475/475/475 459/459/459
f 459/459/459 475/475/475 471/471/471
f 477/477/477 484/484/484 478/478/478
f 478/478/478 489/489/489 479/479/479
f 481/481/481 483/483/483 480/480/480
f 482/482/482 460/460/460 480/480/480
f 483/483/483 484/484/484 477/477/477
f 477/477/477 482/482/482 483/483/483
f 460/460/460 461/461/461 480/480/480
f 480/480/480 474/474/474 485/485/485
f 481/481/481 480/480/480 486/486/486
f 486/486/486 480/480/480 485/485/485
f 487/487/487 488/488/488 489/489/489
f 478/478/478 491/491/491 487/487/487
f 489/489/489 478/478/478 487/487/487
f 484/484/484 491/491/491 478/478/478
f 490/490/490 491/491/491 492/492/492
f 484/484/484 534/534/534 491/491/491
f 488/488/488 487/487/487 493/493/493
f 490/490/490 493/493/493 487/487/487
f 496/496/496 498/498/498 495/495/495
f 498/498/498 508/508/508 494/494/494
f 479/479/479 489/489/489 500/500/500
f 500/500/500 496/496/496 495/495/495
f 500/500/500 501/501/501 502/502/502
f 496/496/496 500/500/500 502/502/502
f 503/503/503 501/501/501 500/500/500
f 489/489/489 488/488/488 503/503/503
f 500/500/500 489/489/489 503/503/503
f 505/505/505 502/502/502 501/501/501
f 504/504/504 501/501/501 503/503/503
f 506/506/506 503/503/503 488/488/488
f 496/496/496 502/502/502 507/507/507
f 508/508/508 498/498/498 509/509/509
f 498/498/498 496/496/496 510/510/510
f 510/510/510 511/511/511 512/512/512
f 498/498/498 510/510/510 512/512/512
f 511/511/511 510/510/510 507/507/507
f 513/513/513 509/509/509 512/512/512
f 509/509/509 513/513/513 514/514/514
f 514/514/514 524/524/524 509/509/509
f 517/517/517 528/528/528 515/515/515
f 497/497/497 508/508/508 518/518/518
f 518/518/518 519/519/519 517/517/517
f 521/521/521 527/527/527 520/520/520
f 517/517/517 519/519/519 520/520/520
f 519/519/519 508/508/508 522/522/522
f 523/523/523 526/526/526 522/522/522
f 524/524/524 523/523/523 522/522/522
f 522/522/522 508/508/508 524/524/524
f 520/520/520 525/525/525 521/521/521
f 520/520/520 519/519/519 526/526/526
f 528/528/528 517/517/517 527/527/527
f 527/527/527 529/529/529 530/530/530
f 528/528/528 527/527/527 530/530/530
f 521/521/521 529/529/529 527/527/527
f 531/531/531 532/532/532 530/530/530
f 533/533/533 532/532/532 531/531/531
f 469/469/469 535/535/535 470/470/470
f 536/536/536 462/462/462 537/537/537
f 538/538/538 537/537/537 462/462/462
f 462/462/462 536/536/536 469/469/469
f 536/536/536 535/535/535 469/469/469
f 539/539/539 538/538/538 462/462/462
f 540/540/540 484/484/484 483/483/483
f 484/484/484 540/540/540 534/534/534
f 541/541/541 539/539/539 458/458/458
f 542/542/542 541/541/541 457/457/457
f 543/543/543 542/542/542 460/460/460
f 460/460/460 482/482/482 544/544/544
f 545/545/545 544/544/544 482/482/482
f 546/546/546 476/476/476 479/479/479
f 547/547/547 477/477/477 476/476/476
f 547/547/547 545/545/545 477/477/477
f 476/476/476 546/546/546 548/548/548
f 547/547/547 476/476/476 548/548/548
f 546/546/546 479/479/479 549/549/549
f 520/520/520 526/526/526 525/525/525
f 479/479/479 499/499/499 549/549/549
f 550/550/550 499/499/499 495/495/495
f 551/551/551 495/495/495 494/494/494
f 495/495/495 551/551/551 550/550/550
f 494/494/494 497/497/497 552/552/552
f 552/552/552 551/551/551 494/494/494
f 549/549/549 499/499/499 550/550/550
f 518/518/518 553/553/553 554/554/554
f 518/518/518 554/554/554 497/497/497
f 516/516/516 553/553/553 518/518/518
f 516/516/516 555/555/555 553/553/553
f 556/556/556 515/515/515 557/557/557
f 556/556/556 555/555/555 516/516/516
f 515/515/515 556/556/556 516/516/516
f 558/558/558 532/532/532 533/533/533
f 559/559/559 515/515/515 528/528/528
f 528/528/528 558/558/558 559/559/559
f 558/558/558 528/528/528 532/532/532
f 557/557/557 515/515/515 559/559/559
f 533/533/533 560/560/560 558/558/558
f 562/562/562 566/566/566 561/561/561
f 563/563/563 574/574/574 561/561/561
f 565/565/565 567/567/567 562/562/562
f 566/566/566 567/567/567 568/568/568
f 567/567/567 571/571/571 570/570/570
f 572/572/572 573/573/573 568/568/568
f 570/570/570 572/572/572 568/568/568
f 568/568/568 567/567/567 570/570/570
f 574/574/574 563/563/563 575/575/575
f 563/563/563 566/566/566 576/576/576
f 576/576/576 577/577/577 578/578/578
f 563/563/563 576/576/576 578/578/578
f 566/566/566 573/573/573 576/576/576
f 574/574/574 575/575/575 580/580/580
f 581/581/581 575/575/575 578/578/578
f 579/579/579 575/575/575 581/581/581
f 583/583/583 591/591/591 582/582/582
f 582/582/582 584/584/584 586/586/586
f 574/574/574 588/588/588 587/587/587
f 588/588/588 591/591/591 583/583/583
f 589/589/589 590/590/590 591/591/591
f 588/588/588 593/593/593 589/589/589
f 591/591/591 588/588/588 589/589/589
f 588/588/588 574/574/574 593/593/593
f 593/593/593 594/594/594 592/592/592
f 574/574/574 580/580/580 593/593/593
f 590/590/590 589/589/589 595/595/595
f 589/589/589 597/597/597 595/595/595
f 589/589/589 592/592/592 597/597/597
f 599/599/599 616/616/616 598/598/598
f 586/586/586 584/584/584 598/598/598
f 591/591/591 590/590/590 600/600/600
f 584/584/584 591/591/591 600/600/600
f 600/600/600 596/596/596 601/601/601
f 584/584/584 600/600/600 601/601/601
f 600/600/600 590/590/590 596/596/596
f 598/598/598 602/602/602 599/599/599
f 602/602/602 598/598/598 601/601/601
f 604/604/604 608/608/608 603/603/603
f 606/606/606 607/607/607 603/603/603
f 605/605/605 653/653/653 606/606/606
f 609/609/609 628/628/628 608/608/608
f 610/610/610 605/605/605 608/608/608
f 585/585/585 586/586/586 612/612/612
f 612/612/612 607/607/607 606/606/606
f 614/614/614 622/622/622 607/607/607
f 612/612/612 616/616/616 613/613/613
f 613/613/613 607/607/607 612/612/612
f 612/612/612 586/586/586 616/616/616
f 615/615/615 616/616/616 617/617/617
f 616/616/616 599/599/599 617/617/617
f 614/614/614 613/613/613 618/618/618
f 615/615/615 618/618/618 613/613/613
f 608/608/608 604/604/604 620/620/620
f 604/604/604 621/621/621 619/619/619
f 609/609/609 608/608/608 620/620/620
f 603/603/603 607/607/607 622/622/622
f 603/603/603 622/622/622 604/604/604
f 624/624/624 635/635/635 623/623/623
f 626/626/626 631/631/631 623/623/623
f 625/625/625 660/660/660 626/626/626
f 629/629/629 631/631/631 628/628/628
f 630/630/630 610/610/610 628/628/628
f 626/626/626 657/657/657 630/630/630
f 629/629/629 632/632/632 631/631/631
f 631/631/631 632/632/632 627/627/627
f 609/609/609 633/633/633 628/628/628
f 629/629/629 628/628/628 633/633/633
f 624/624/624 634/634/634 635/635/635
f 623/623/623 627/627/627 636/636/636
f 623/623/623 636/636/636 637/637/637
f 624/624/624 623/623/623 637/637/637
f 594/594/594 593/593/593 580/580/580
f 571/571/571 638/638/638 569/569/569
f 639/639/639 638/638/638 571/571/571
f 567/567/567 640/640/640 639/639/639
f 571/571/571 567/567/567 639/639/639
f 638/638/638 639/639/639 641/641/641
f 640/640/640 567/567/567 565/565/565
f 642/642/642 562/562/562 561/561/561
f 643/643/643 564/564/564 644/644/644
f 643/643/643 642/642/642 561/561/561
f 643/643/643 561/561/561 564/564/564
f 645/645/645 564/564/564 587/587/587
f 646/646/646 645/645/645 587/587/587
f 646/646/646 583/583/583 647/647/647
f 583/583/583 582/582/582 647/647/647
f 646/646/646 587/587/587 583/583/583
f 644/644/644 564/564/564 645/645/645
f 648/648/648 649/649/649 582/582/582
f 582/582/582 649/649/649 647/647/647
f 648/648/648 582/582/582 585/585/585
f 650/650/650 648/648/648 585/585/585
f 651/651/651 611/611/611 606/606/606
f 651/651/651 650/650/650 611/611/611
f 606/606/606 652/652/652 651/651/651
f 606/606/606 653/653/653 652/652/652
f 605/605/605 610/610/610 654/654/654
f 653/653/653 605/605/605 655/655/655
f 656/656/656 654/654/654 610/610/610
f 630/630/630 657/657/657 656/656/656
f 657/657/657 626/626/626 658/658/658
f 635/635/635 634/634/634 659/659/659
f 658/658/658 626/626/626 660/660/660
f 625/625/625 661/661/661 660/660/660
f 661/661/661 625/625/625 662/662/662
f 663/663/663 662/662/662 625/625/625
f 625/625/625 635/635/635 663/663/663
f 659/659/659 663/663/663 635/635/635
f 664/664/664 665/665/665 666/666/666
f 664/664/664 666/666/666 667/667/667
f 669/669/669 666/666/666 665/665/665
f 670/670/670 671/671/671 672/672/672
f 672/672/672 673/673/673 670/670/670
f 669/669/669 674/674/674 675/675/675
f 673/673/673 669/669/669 675/675/675
f 678/678/678 679/679/679 676/676/676
f 679/679/679 682/682/682 667/667/667
f 676/676/676 681/681/681 680/680/680
f 679/679/679 678/678/678 682/682/682
f 684/684/684 691/691/691 683/683/683
f 683/683/683 685/685/685 687/687/687
f 688/688/688 687/687/687 686/686/686
f 688/688/688 686/686/686 690/690/690
f 692/692/692 691/691/691 684/684/684
f 694/694/694 703/703/703 693/693/693
f 691/691/691 692/692/692 693/693/693
f 695/695/695 691/691/691 693/693/693
f 696/696/696 697/697/697 698/698/698
f 699/699/699 671/671/671 698/698/698
f 699/699/699 672/672/672 671/671/671
f 690/690/690 689/689/689 701/701/701
f 701/701/701 700/700/700 697/697/697
f 694/694/694 702/702/702 703/703/703
f 704/704/704 705/705/705 702/702/702
f 706/706/706 707/707/707 704/704/704
f 708/708/708 709/709/709 710/710/710
f 707/707/707 706/706/706 708/708/708
f 710/710/710 707/707/707 708/708/708
f 712/712/712 726/726/726 711/711/711
f 714/714/714 715/715/715 711/711/711
f 713/713/713 714/714/714 711/711/711
f 715/715/715 714/714/714 717/717/717
f 716/716/716 718/718/718 717/717/717
f 720/720/720 724/724/724 719/719/719
f 722/722/722 727/727/727 721/721/721
f 720/720/720 723/723/723 724/724/724
f 725/725/725 726/726/726 712/712/712
f 727/727/727 722/722/722 725/725/725
f 728/728/728 729/729/729 730/730/730
f 728/728/728 730/730/730 731/731/731
f 732/732/732 728/728/728 731/731/731
f 734/734/734 681/681/681 733/733/733
f 680/680/680 681/681/681 734/734/734
f 674/674/674 669/669/669 665/665/665
f 736/736/736 673/673/673 672/672/672
f 737/737/737 669/669/669 736/736/736
f 738/738/738 666/666/666 669/669/669
f 738/738/738 669/669/669 737/737/737
f 739/739/739 685/685/685 691/691/691
f 739/739/739 691/691/691 695/695/695
f 672/672/672 699/699/699 736/736/736
f 729/729/729 748/748/748 723/723/723
f 741/741/741 742/742/742 731/731/731
f 728/728/728 743/743/743 729/729/729
f 741/741/741 744/744/744 742/742/742
f 703/703/703 745/745/745 695/695/695
f 695/695/695 745/745/745 740/740/740
f 705/705/705 746/746/746 703/703/703
f 707/707/707 747/747/747 705/705/705
f 747/747/747 707/707/707 710/710/710
f 718/718/718 749/749/749 709/709/709
f 728/728/728 732/732/732 743/743/743
f 729/729/729 743/743/743 748/748/748
f 749/749/749 718/718/718 716/716/716
f 750/750/750 714/714/714 713/713/713
f 714/714/714 750/750/750 716/716/716
f 751/751/751 749/749/749 716/716/716
f 752/752/752 759/759/759 754/754/754
f 755/755/755 752/752/752 754/754/754
f 756/756/756 757/757/757 758/758/758
f 759/759/759 756/756/756 758/758/758
f 759/759/759 758/758/758 760/760/760
f 760/760/760 753/753/753 759/759/759
f 763/763/763 786/786/786 762/762/762
f 764/764/764 765/765/765 762/762/762
f 762/762/762 766/766/766 764/764/764
f 755/755/755 754/754/754 767/767/767
f 768/768/768 755/755/755 767/767/767
f 766/766/766 768/768/768 764/764/764
f 768/768/768 767/767/767 769/769/769
f 770/770/770 771/771/771 772/772/772
f 770/770/770 772/772/772 773/773/773
f 774/774/774 770/770/770 773/773/773
f 777/777/777 774/774/774 776/776/776
f 774/774/774 773/773/773 775/775/775
f 777/777/777 776/776/776 778/778/778
f 779/779/779 777/777/777 778/778/778
f 781/781/781 835/835/835 780/780/780
f 780/780/780 783/783/783 781/781/781
f 784/784/784 782/782/782 783/783/783
f 785/785/785 786/786/786 784/784/784
f 783/783/783 785/785/785 784/784/784
f 785/785/785 761/761/761 786/786/786
f 787/787/787 788/788/788 789/789/789
f 790/790/790 791/791/791 787/787/787
f 789/789/789 790/790/790 787/787/787
f 790/790/790 792/792/792 791/791/791
f 793/793/793 794/794/794 795/795/795
f 796/796/796 797/797/797 793/793/793
f 795/795/795 796/796/796 793/793/793
f 789/789/789 788/788/788 797/797/797
f 796/796/796 789/789/789 797/797/797
f 800/800/800 779/779/779 799/799/799
f 779/779/779 778/778/778 798/798/798
f 801/801/801 800/800/800 799/799/799
f 803/803/803 806/806/806 802/802/802
f 804/804/804 803/803/803 802/802/802
f 805/805/805 800/800/800 804/804/804
f 802/802/802 805/805/805 804/804/804
f 809/809/809 810/810/810 807/807/807
f 813/813/813 814/814/814 811/811/811
f 807/807/807 811/811/811 814/814/814
f 815/815/815 816/816/816 817/817/817
f 817/817/817 821/821/821 815/815/815
f 820/820/820 841/841/841 819/819/819
f 819/819/819 795/795/795 820/820/820
f 756/756/756 823/823/823 757/757/757
f 823/823/823 824/824/824 822/822/822
f 762/762/762 765/765/765 763/763/763
f 825/825/825 826/826/826 768/768/768
f 826/826/826 752/752/752 755/755/755
f 827/827/827 756/756/756 759/759/759
f 759/759/759 752/752/752 827/827/827
f 768/768/768 766/766/766 825/825/825
f 766/766/766 828/828/828 825/825/825
f 766/766/766 829/829/829 828/828/828
f 829/829/829 766/766/766 762/762/762
f 830/830/830 829/829/829 761/761/761
f 831/831/831 785/785/785 783/783/783
f 832/832/832 761/761/761 785/785/785
f 832/832/832 830/830/830 761/761/761
f 831/831/831 783/783/783 833/833/833
f 785/785/785 831/831/831 832/832/832
f 780/780/780 771/771/771 833/833/833
f 780/780/780 833/833/833 783/783/783
f 836/836/836 834/834/834 771/771/771
f 837/837/837 836/836/836 770/770/770
f 771/771/771 770/770/770 836/836/836
f 774/774/774 777/777/777 837/837/837
f 774/774/774 837/837/837 770/770/770
f 839/839/839 838/838/838 777/777/777
f 840/840/840 818/818/818 841/841/841
f 842/842/842 839/839/839 779/779/779
f 843/843/843 805/805/805 802/802/802
f 844/844/844 842/842/842 800/800/800
f 845/845/845 792/792/792 790/790/790
f 846/846/846 847/847/847 789/789/789
f 847/847/847 790/790/790 789/789/789
f 848/848/848 802/802/802 792/792/792
f 816/816/816 818/818/818 840/840/840
f 849/849/849 850/850/850 795/795/795
f 850/850/850 846/846/846 796/796/796
f 844/844/844 805/805/805 843/843/843
f 843/843/843 802/802/802 848/848/848
f 790/790/790 847/847/847 845/845/845
f 792/792/792 845/845/845 848/848/848
f 819/819/819 818/818/818 849/849/849
f 851/851/851 818/818/818 815/815/815
f 818/818/818 851/851/851 849/849/849
f 779/779/779 839/839/839 777/777/777
f 853/853/853 854/854/854 852/852/852
f 810/810/810 809/809/809 853/853/853
f 855/855/855 856/856/856 857/857/857
f 858/858/858 857/857/857 856/856/856
f 859/859/859 888/888/888 861/861/861
f 861/861/861 860/860/860 858/858/858
f 862/862/862 855/855/855 857/857/857
f 863/863/863 862/862/862 864/864/864
f 865/865/865 863/863/863 864/864/864
f 857/857/857 864/864/864 862/862/862
f 866/866/866 872/872/872 868/868/868
f 868/868/868 883/883/883 870/870/870
f 871/871/871 885/885/885 866/866/866
f 873/873/873 876/876/876 875/875/875
f 877/877/877 884/884/884 873/873/873
f 875/875/875 886/886/886 871/871/871
f 879/879/879 882/882/882 881/881/881
f 870/870/870 869/869/869 879/879/879
f 867/867/867 883/883/883 868/868/868
f 885/885/885 871/871/871 878/878/878
f 875/875/875 874/874/874 886/886/886
f 887/887/887 884/884/884 877/877/877
f 889/889/889 893/893/893 891/891/891
f 888/888/888 859/859/859 892/892/892
f 894/894/894 896/896/896 889/889/889
f 895/895/895 894/894/894 880/880/880
f 890/890/890 892/892/892 891/891/891
f 894/894/894 895/895/895 896/896/896
f 897/897/897 901/901/901 899/899/899
f 901/901/901 902/902/902 898/898/898
f 900/900/900 902/902/902 903/903/903
f 902/902/902 905/905/905 903/903/903
f 905/905/905 909/909/909 904/904/904
f 897/897/897 899/899/899 907/907/907
f 908/908/908 906/906/906 909/909/909
f 911/911/911 908/908/908 910/910/910
f 913/913/913 911/911/911 912/912/912
f 915/915/915 916/916/916 914/914/914
f 913/913/913 912/912/912 916/916/916
f 917/917/917 915/915/915 918/918/918
f 918/918/918 920/920/920 917/917/917
f 919/919/919 920/920/920 921/921/921
f 920/920/920 923/923/923 921/921/921
f 923/923/923 926/926/926 922/922/922
f 925/925/925 924/924/924 926/926/926
f 926/926/926 928/928/928 925/925/925
f 928/928/928 931/931/931 927/927/927
f 931/931/931 932/932/932 929/929/929
f 933/933/933 930/930/930 934/934/934
f 934/934/934 930/930/930 932/932/932
f 930/930/930 933/933/933 935/935/935
f 930/930/930 935/935/935 936/936/936
f 937/937/937 936/936/936 935/935/935
f 938/938/938 936/936/936 937/937/937
f 939/939/939 940/940/940 941/941/941
f 939/939/939 941/941/941 943/943/943
f 944/944/944 943/943/943 942/942/942
f 945/945/945 946/946/946 944/944/944
f 942/942/942 945/945/945 944/944/944
f 947/947/947 942/942/942 948/948/948
f 949/949/949 945/945/945 947/947/947
f 950/950/950 947/947/947 951/951/951
f 952/952/952 949/949/949 950/950/950
f 953/953/953 950/950/950 954/954/954
f 955/955/955 952/952/952 953/953/953
f 956/956/956 955/955/955 953/953/953
f 957/957/957 953/953/953 958/958/958
f 959/959/959 956/956/956 957/957/957
f 960/960/960 957/957/957 961/961/961
f 957/957/957 960/960/960 959/959/959
f 961/961/961 1013/1013/1013 960/960/960
f 964/964/964 962/962/962 963/963/963
f 965/965/965 963/963/963 966/966/966
f 967/967/967 964/964/964 963/963/963
f 968/968/968 965/965/965 966/966/966
f 969/969/969 967/967/967 965/965/965
f 970/970/970 968/968/968 971/971/971
f 972/972/972 969/969/969 970/970/970
f 973/973/973 970/970/970 974/974/974
f 975/975/975 972/972/972 973/973/973
f 976/976/976 973/973/973 977/977/977
f 978/978/978 975/975/975 976/976/976
f 979/979/979 976/976/976 980/980/980
f 981/981/981 978/978/978 979/979/979
f 982/982/982 979/979/979 980/980/980
f 983/983/983 981/981/981 982/982/982
f 984/984/984 982/982/982 985/985/985
f 986/986/986 983/983/983 984/984/984
f 987/987/987 986/986/986 984/984/984
f 988/988/988 984/984/984 989/989/989
f 990/990/990 988/988/988 989/989/989
f 991/991/991 987/987/987 988/988/988
f 992/992/992 990/990/990 993/993/993
f 994/994/994 991/991/991 990/990/990
f 995/995/995 992/992/992 993/993/993
f 996/996/996 994/994/994 995/995/995
f 995/995/995 999/999/999 998/998/998
f 1000/1000/1000 1001/1001/1001 996/996/996
f 1000/1000/1000 996/996/996 998/998/998
f 941/941/941 940/940/940 1002/1002/1002
f 1002/1002/1002 1003/1003/1003 941/941/941
f 951/951/951 1004/1004/1004 1005/1005/1005
f 951/951/951 1006/1006/1006 1004/1004/1004
f 954/954/954 1005/1005/1005 1007/1007/1007
f 951/951/951 948/948/948 1006/1006/1006
f 939/939/939 1008/1008/1008 940/940/940
f 1009/1009/1009 958/958/958 1007/1007/1007
f 958/958/958 954/954/954 1007/1007/1007
f 961/961/961 1010/1010/1010 1011/1011/1011
f 961/961/961 1009/1009/1009 1010/1010/1010
f 961/961/961 1011/1011/1011 1012/1012/1012
f 1013/1013/1013 961/961/961 1012/1012/1012
f 1014/1014/1014 1013/1013/1013 1012/1012/1012
f 1015/1015/1015 966/966/966 1014/1014/1014
f 958/958/958 1009/1009/1009 961/961/961
f 1016/1016/1016 966/966/966 1015/1015/1015
f 1017/1017/1017 971/971/971 1016/1016/1016
f 1018/1018/1018 971/971/971 1017/1017/1017
f 944/944/944 939/939/939 943/943/943
f 1019/1019/1019 945/945/945 949/949/949
f 1020/1020/1020 949/949/949 952/952/952
f 1021/1021/1021 955/955/955 956/956/956
f 1022/1022/1022 952/952/952 955/955/955
f 949/949/949 1020/1020/1020 1019/1019/1019
f 1019/1019/1019 1023/1023/1023 946/946/946
f 946/946/946 945/945/945 1019/1019/1019
f 944/944/944 946/946/946 1023/1023/1023
f 1021/1021/1021 1022/1022/1022 955/955/955
f 1024/1024/1024 1021/1021/1021 956/956/956
f 1022/1022/1022 1020/1020/1020 952/952/952
f 1024/1024/1024 956/956/956 959/959/959
f 1025/1025/1025 959/959/959 962/962/962
f 1026/1026/1026 962/962/962 964/964/964
f 1016/1016/1016 971/971/971 966/966/966
f 1027/1027/1027 964/964/964 967/967/967
f 966/966/966 1013/1013/1013 1014/1014/1014
f 1024/1024/1024 959/959/959 1025/1025/1025
f 1027/1027/1027 1026/1026/1026 964/964/964
f 1025/1025/1025 962/962/962 1026/1026/1026
f 1027/1027/1027 967/967/967 1028/1028/1028
f 1028/1028/1028 969/969/969 1029/1029/1029
f 1028/1028/1028 967/967/967 969/969/969
f 971/971/971 1018/1018/1018 1030/1030/1030
f 974/974/974 1030/1030/1030 1031/1031/1031
f 977/977/977 1031/1031/1031 1032/1032/1032
f 974/974/974 971/971/971 1030/1030/1030
f 980/980/980 977/977/977 1032/1032/1032
f 974/974/974 1031/1031/1031 977/977/977
f 980/980/980 1032/1032/1032 1033/1033/1033
f 985/985/985 980/980/980 1033/1033/1033
f 985/985/985 1034/1034/1034 1035/1035/1035
f 985/985/985 1035/1035/1035 1036/1036/1036
f 989/989/989 1036/1036/1036 1037/1037/1037
f 989/989/989 1037/1037/1037 1038/1038/1038
f 1038/1038/1038 1039/1039/1039 993/993/993
f 989/989/989 985/985/985 1036/1036/1036
f 993/993/993 989/989/989 1038/1038/1038
f 999/999/999 1040/1040/1040 1041/1041/1041
f 1042/1042/1042 997/997/997 1041/1041/1041
f 993/993/993 1039/1039/1039 1040/1040/1040
f 972/972/972 1029/1029/1029 969/969/969
f 975/975/975 1043/1043/1043 972/972/972
f 978/978/978 1044/1044/1044 975/975/975
f 981/981/981 1045/1045/1045 978/978/978
f 983/983/983 1045/1045/1045 981/981/981
f 1046/1046/1046 1047/1047/1047 986/986/986
f 986/986/986 987/987/987 1046/1046/1046
f 1044/1044/1044 1043/1043/1043 975/975/975
f 972/972/972 1043/1043/1043 1029/1029/1029
f 1045/1045/1045 1044/1044/1044 978/978/978
f 1048/1048/1048 1046/1046/1046 987/987/987
f 983/983/983 1047/1047/1047 1045/1045/1045
f 999/999/999 993/993/993 1040/1040/1040
f 1049/1049/1049 991/991/991 994/994/994
f 1050/1050/1050 987/987/987 991/991/991
f 1041/1041/1041 997/997/997 999/999/999
f 998/998/998 997/997/997 1000/1000/1000
f 1051/1051/1051 994/994/994 996/996/996
f 1050/1050/1050 1048/1048/1048 987/987/987
f 1049/1049/1049 1050/1050/1050 991/991/991
f 1049/1049/1049 994/994/994 1051/1051/1051
f 1051/1051/1051 996/996/996 1001/1001/1001
f 1052/1052/1052 1051/1051/1051 1001/1001/1001
f 1001/1001/1001 1000/1000/1000 1052/1052/1052
f 1053/1053/1053 1054/1054/1054 1055/1055/1055
f 1056/1056/1056 1057/1057/1057 1058/1058/1058
f 1059/1059/1059 1053/1053/1053 1060/1060/1060
f 1061/1061/1061 1057/1057/1057 1059/1059/1059
f 1057/1057/1057 1061/1061/1061 1062/1062/1062
f 1063/1063/1063 1064/1064/1064 1054/1054/1054
f 1054/1054/1054 1064/1064/1064 1055/1055/1055
f 1053/1053/1053 1055/1055/1055 1060/1060/1060
f 1055/1055/1055 1064/1064/1064 1063/1063/1063
f 1065/1065/1065 1063/1063/1063 1056/1056/1056
f 1058/1058/1058 1065/1065/1065 1066/1066/1066
f 1056/1056/1056 1066/1066/1066 1065/1065/1065
f 1066/1066/1066 1056/1056/1056 1058/1058/1058
f 1059/1059/1059 1067/1067/1067 1068/1068/1068
f 1068/1068/1068 1067/1067/1067 1060/1060/1060
f 1058/1058/1058 1057/1057/1057 1062/1062/1062
f 1069/1069/1069 1070/1070/1070 1061/1061/1061
f 1070/1070/1070 1062/1062/1062 1061/1061/1061
f 1071/1071/1071 1062/1062/1062 1070/1070/1070
f 1070/1070/1070 1069/1069/1069 1071/1071/1071
f 1074/1074/1074 1075/1075/1075 1073/1073/1073
f 1076/1076/1076 1072/1072/1072 1075/1075/1075
f 1077/1077/1077 1078/1078/1078 1076/1076/1076
f 1075/1075/1075 1077/1077/1077 1076/1076/1076
f 1079/1079/1079 1075/1075/1075 1074/1074/1074
f 1075/1075/1075 1079/1079/1079 1080/1080/1080
f 1081/1081/1081 1079/1079/1079 1082/1082/1082
f 1083/1083/1083 1080/1080/1080 1079/1079/1079
f 1084/1084/1084 1083/1083/1083 1081/1081/1081
f 1085/1085/1085 1081/1081/1081 1086/1086/1086
f 1081/1081/1081 1085/1085/1085 1084/1084/1084
f 1086/1086/1086 1091/1091/1091 1085/1085/1085
f 1085/1085/1085 1088/1088/1088 1089/1089/1089
f 1090/1090/1090 1088/1088/1088 1091/1091/1091
f 1092/1092/1092 1089/1089/1089 1088/1088/1088
f 1093/1093/1093 1092/1092/1092 1090/1090/1090
f 1094/1094/1094 1090/1090/1090 1095/1095/1095
f 1090/1090/1090 1094/1094/1094 1093/1093/1093
f 1097/1097/1097 1094/1094/1094 1098/1098/1098
f 1099/1099/1099 1096/1096/1096 1094/1094/1094
f 1100/1100/1100 1099/1099/1099 1097/1097/1097
f 1101/1101/1101 1097/1097/1097 1102/1102/1102
f 1097/1097/1097 1101/1101/1101 1100/1100/1100
f 1104/1104/1104 1101/1101/1101 1105/1105/1105
f 1106/1106/1106 1103/1103/1103 1101/1101/1101
f 1107/1107/1107 1106/1106/1106 1104/1104/1104
f 1108/1108/1108 1104/1104/1104 1109/1109/1109
f 1104/1104/1104 1108/1108/1108 1107/1107/1107
f 1111/1111/1111 1108/1108/1108 1112/1112/1112
f 1113/1113/1113 1110/1110/1110 1108/1108/1108
f 1114/1114/1114 1111/1111/1111 1112/1112/1112
f 1115/1115/1115 1113/1113/1113 1111/1111/1111
f 1116/1116/1116 1114/1114/1114 1117/1117/1117
f 1118/1118/1118 1115/1115/1115 1114/1114/1114
f 1119/1119/1119 1116/1116/1116 1120/1120/1120
f 1121/1121/1121 1118/1118/1118 1116/1116/1116
f 1122/1122/1122 1121/1121/1121 1119/1119/1119
f 1123/1123/1123 1119/1119/1119 1124/1124/1124
f 1119/1119/1119 1123/1123/1123 1122/1122/1122
f 1126/1126/1126 1123/1123/1123 1127/1127/1127
f 1128/1128/1128 1125/1125/1125 1123/1123/1123
f 1129/1129/1129 1128/1128/1128 1126/1126/1126
f 1130/1130/1130 1126/1126/1126 1131/1131/1131
f 1126/1126/1126 1130/1130/1130 1129/1129/1129
f 1133/1133/1133 1130/1130/1130 1134/1134/1134
f 1130/1130/1130 1133/1133/1133 1135/1135/1135
f 1136/1136/1136 1133/1133/1133 1137/1137/1137
f 1138/1138/1138 1135/1135/1135 1133/1133/1133
f 1139/1139/1139 1138/1138/1138 1136/1136/1136
f 1140/1140/1140 1136/1136/1136 1141/1141/1141
f 1136/1136/1136 1140/1140/1140 1139/1139/1139
f 1143/1143/1143 1140/1140/1140 1144/1144/1144
f 1145/1145/1145 1142/1142/1142 1140/1140/1140
f 1146/1146/1146 1145/1145/1145 1143/1143/1143
f 1147/1147/1147 1143/1143/1143 1148/1148/1148
f 1149/1149/1149 1147/1147/1147 1150/1150/1150
f 1151/1151/1151 1146/1146/1146 1147/1147/1147
f 1152/1152/1152 1149/1149/1149 1153/1153/1153
f 1154/1154/1154 1152/1152/1152 1155/1155/1155
f 1156/1156/1156 1154/1154/1154 1157/1157/1157
f 1158/1158/1158 1156/1156/1156 1159/1159/1159
f 1160/1160/1160 1158/1158/1158 1159/1159/1159
f 1161/1161/1161 1162/1162/1162 1158/1158/1158
f 1163/1163/1163 1160/1160/1160 1164/1164/1164
f 1163/1163/1163 1161/1161/1161 1160/1160/1160
f 1165/1165/1165 1163/1163/1163 1166/1166/1166
f 1167/1167/1167 1165/1165/1165 1168/1168/1168
f 1169/1169/1169 1170/1170/1170 1167/1167/1167
f 1169/1169/1169 1167/1167/1167 1171/1171/1171
f 1170/1170/1170 1172/1172/1172 1167/1167/1167
f 1082/1082/1082 1074/1074/1074 1174/1174/1174
f 1082/1082/1082 1174/1174/1174 1175/1175/1175
f 1086/1086/1086 1175/1175/1175 1176/1176/1176
f 1091/1091/1091 1176/1176/1176 1177/1177/1177
f 1095/1095/1095 1177/1177/1177 1178/1178/1178
f 1173/1173/1173 1074/1074/1074 1073/1073/1073
f 1179/1179/1179 1073/1073/1073 1072/1072/1072
f 1176/1176/1176 1091/1091/1091 1086/1086/1086
f 1086/1086/1086 1082/1082/1082 1175/1175/1175
f 1180/1180/1180 1073/1073/1073 1179/1179/1179
f 1098/1098/1098 1178/1178/1178 1181/1181/1181
f 1098/1098/1098 1095/1095/1095 1178/1178/1178
f 1181/1181/1181 1102/1102/1102 1098/1098/1098
f 1182/1182/1182 1102/1102/1102 1181/1181/1181
f 1177/1177/1177 1095/1095/1095 1091/1091/1091
f 1105/1105/1105 1182/1182/1182 1183/1183/1183
f 1105/1105/1105 1183/1183/1183 1184/1184/1184
f 1109/1109/1109 1184/1184/1184 1185/1185/1185
f 1112/1112/1112 1185/1185/1185 1186/1186/1186
f 1112/1112/1112 1186/1186/1186 1187/1187/1187
f 1117/1117/1117 1187/1187/1187 1188/1188/1188
f 1105/1105/1105 1102/1102/1102 1182/1182/1182
f 1184/1184/1184 1109/1109/1109 1105/1105/1105
f 1112/1112/1112 1109/1109/1109 1185/1185/1185
f 1120/1120/1120 1117/1117/1117 1188/1188/1188
f 1112/1112/1112 1187/1187/1187 1117/1117/1117
f 1188/1188/1188 1189/1189/1189 1120/1120/1120
f 1124/1124/1124 1189/1189/1189 1190/1190/1190
f 1127/1127/1127 1124/1124/1124 1190/1190/1190
f 1127/1127/1127 1190/1190/1190 1191/1191/1191
f 1076/1076/1076 1192/1192/1192 1072/1072/1072
f 1179/1179/1179 1072/1072/1072 1192/1192/1192
f 1192/1192/1192 1076/1076/1076 1078/1078/1078
f 1192/1192/1192 1078/1078/1078 1193/1193/1193
f 1077/1077/1077 1080/1080/1080 1194/1194/1194
f 1083/1083/1083 1084/1084/1084 1195/1195/1195
f 1084/1084/1084 1087/1087/1087 1195/1195/1195
f 1080/1080/1080 1083/1083/1083 1196/1196/1196
f 1087/1087/1087 1089/1089/1089 1197/1197/1197
f 1089/1089/1089 1092/1092/1092 1197/1197/1197
f 1092/1092/1092 1093/1093/1093 1198/1198/1198
f 1093/1093/1093 1096/1096/1096 1198/1198/1198
f 1096/1096/1096 1099/1099/1099 1199/1199/1199
f 1083/1083/1083 1195/1195/1195 1196/1196/1196
f 1099/1099/1099 1100/1100/1100 1199/1199/1199
f 1200/1200/1200 1199/1199/1199 1100/1100/1100
f 1100/1100/1100 1103/1103/1103 1200/1200/1200
f 1103/1103/1103 1106/1106/1106 1200/1200/1200
f 1201/1201/1201 1107/1107/1107 1202/1202/1202
f 1201/1201/1201 1200/1200/1200 1106/1106/1106
f 1107/1107/1107 1201/1201/1201 1106/1106/1106
f 1107/1107/1107 1110/1110/1110 1202/1202/1202
f 1113/1113/1113 1115/1115/1115 1203/1203/1203
f 1110/1110/1110 1113/1113/1113 1202/1202/1202
f 1115/1115/1115 1118/1118/1118 1204/1204/1204
f 1118/1118/1118 1121/1121/1121 1205/1205/1205
f 1121/1121/1121 1122/1122/1122 1206/1206/1206
f 1122/1122/1122 1125/1125/1125 1206/1206/1206
f 1125/1125/1125 1128/1128/1128 1207/1207/1207
f 1131/1131/1131 1191/1191/1191 1208/1208/1208
f 1134/1134/1134 1208/1208/1208 1209/1209/1209
f 1137/1137/1137 1209/1209/1209 1210/1210/1210
f 1144/1144/1144 1211/1211/1211 1212/1212/1212
f 1144/1144/1144 1210/1210/1210 1211/1211/1211
f 1131/1131/1131 1127/1127/1127 1191/1191/1191
f 1137/1137/1137 1134/1134/1134 1209/1209/1209
f 1208/1208/1208 1134/1134/1134 1131/1131/1131
f 1150/1150/1150 1148/1148/1148 1213/1213/1213
f 1213/1213/1213 1148/1148/1148 1212/1212/1212
f 1141/1141/1141 1137/1137/1137 1210/1210/1210
f 1148/1148/1148 1144/1144/1144 1212/1212/1212
f 1141/1141/1141 1210/1210/1210 1144/1144/1144
f 1150/1150/1150 1213/1213/1213 1214/1214/1214
f 1153/1153/1153 1214/1214/1214 1215/1215/1215
f 1153/1153/1153 1150/1150/1150 1214/1214/1214
f 1155/1155/1155 1215/1215/1215 1216/1216/1216
f 1153/1153/1153 1215/1215/1215 1155/1155/1155
f 1155/1155/1155 1216/1216/1216 1217/1217/1217
f 1159/1159/1159 1218/1218/1218 1219/1219/1219
f 1157/1157/1157 1217/1217/1217 1218/1218/1218
f 1164/1164/1164 1220/1220/1220 1221/1221/1221
f 1222/1222/1222 1223/1223/1223 1224/1224/1224
f 1166/1166/1166 1221/1221/1221 1223/1223/1223
f 1159/1159/1159 1219/1219/1219 1220/1220/1220
f 1157/1157/1157 1155/1155/1155 1217/1217/1217
f 1164/1164/1164 1159/1159/1159 1220/1220/1220
f 1218/1218/1218 1159/1159/1159 1157/1157/1157
f 1166/1166/1166 1164/1164/1164 1221/1221/1221
f 1224/1224/1224 1168/1168/1168 1222/1222/1222
f 1166/1166/1166 1223/1223/1223 1222/1222/1222
f 1169/1169/1169 1171/1171/1171 1225/1225/1225
f 1170/1170/1170 1169/1169/1169 1225/1225/1225
f 1225/1225/1225 1171/1171/1171 1226/1226/1226
f 1224/1224/1224 1171/1171/1171 1168/1168/1168
f 1128/1128/1128 1129/1129/1129 1227/1227/1227
f 1129/1129/1129 1132/1132/1132 1228/1228/1228
f 1132/1132/1132 1135/1135/1135 1229/1229/1229
f 1138/1138/1138 1139/1139/1139 1230/1230/1230
f 1142/1142/1142 1145/1145/1145 1231/1231/1231
f 1145/1145/1145 1146/1146/1146 1232/1232/1232
f 1139/1139/1139 1142/1142/1142 1233/1233/1233
f 1138/1138/1138 1234/1234/1234 1135/1135/1135
f 1162/1162/1162 1161/1161/1161 1235/1235/1235
f 1225/1225/1225 1236/1236/1236 1170/1170/1170
f 1236/1236/1236 1172/1172/1172 1170/1170/1170
f 1172/1172/1172 1236/1236/1236 1237/1237/1237
f 1238/1238/1238 1239/1239/1239 1240/1240/1240
f 1241/1241/1241 1238/1238/1238 1240/1240/1240
f 1238/1238/1238 1241/1241/1241 1242/1242/1242
f 1244/1244/1244 1242/1242/1242 1243/1243/1243
f 1245/1245/1245 1244/1244/1244 1246/1246/1246
f 1247/1247/1247 1244/1244/1244 1245/1245/1245
f 1248/1248/1248 1245/1245/1245 1249/1249/1249
f 1250/1250/1250 1248/1248/1248 1252/1252/1252
f 1255/1255/1255 1257/1257/1257 1254/1254/1254
f 1257/1257/1257 1259/1259/1259 1253/1253/1253
f 1259/1259/1259 1262/1262/1262 1256/1256/1256
f 1258/1258/1258 1260/1260/1260 1256/1256/1256
f 1261/1261/1261 1258/1258/1258 1262/1262/1262
f 1263/1263/1263 1264/1264/1264 1265/1265/1265
f 1266/1266/1266 1263/1263/1263 1267/1267/1267
f 1266/1266/1266 1268/1268/1268 1263/1263/1263
f 1269/1269/1269 1266/1266/1266 1270/1270/1270
f 1271/1271/1271 1269/1269/1269 1272/1272/1272
f 1273/1273/1273 1274/1274/1274 1275/1275/1275
f 1275/1275/1275 1280/1280/1280 1273/1273/1273
f 1276/1276/1276 1277/1277/1277 1273/1273/1273
f 1278/1278/1278 1276/1276/1276 1280/1280/1280
f 1281/1281/1281 1282/1282/1282 1283/1283/1283
f 1284/1284/1284 1281/1281/1281 1285/1285/1285
f 1284/1284/1284 1286/1286/1286 1281/1281/1281
f 1288/1288/1288 1284/1284/1284 1289/1289/1289
f 1290/1290/1290 1291/1291/1291 1292/1292/1292
f 1293/1293/1293 1290/1290/1290 1292/1292/1292
f 1293/1293/1293 1294/1294/1294 1290/1290/1290
f 1295/1295/1295 1293/1293/1293 1296/1296/1296
f 1297/1297/1297 1298/1298/1298 1299/1299/1299
f 1300/1300/1300 1297/1297/1297 1301/1301/1301
f 1302/1302/1302 1300/1300/1300 1303/1303/1303
f 1304/1304/1304 1302/1302/1302 1305/1305/1305
f 1306/1306/1306 1307/1307/1307 1302/1302/1302
f 1305/1305/1305 1310/1310/1310 1304/1304/1304
f 1308/1308/1308 1306/1306/1306 1304/1304/1304
f 1309/1309/1309 1308/1308/1308 1310/1310/1310
f 1311/1311/1311 1309/1309/1309 1312/1312/1312
f 1313/1313/1313 1314/1314/1314 1309/1309/1309
f 1315/1315/1315 1311/1311/1311 1316/1316/1316
f 1315/1315/1315 1313/1313/1313 1311/1311/1311
f 1317/1317/1317 1315/1315/1315 1318/1318/1318
f 1318/1318/1318 1323/1323/1323 1317/1317/1317
f 1321/1321/1321 1317/1317/1317 1319/1319/1319
f 1322/1322/1322 1319/1319/1319 1323/1323/1323
f 1324/1324/1324 1322/1322/1322 1325/1325/1325
f 1326/1326/1326 1324/1324/1324 1327/1327/1327
f 1328/1328/1328 1326/1326/1326 1329/1329/1329
f 1326/1326/1326 1328/1328/1328 1331/1331/1331
f 1334/1334/1334 1328/1328/1328 1333/1333/1333
f 1335/1335/1335 1336/1336/1336 1330/1330/1330
f 1328/1328/1328 1334/1334/1334 1335/1335/1335
f 1330/1330/1330 1328/1328/1328 1335/1335/1335
f 1337/1337/1337 1338/1338/1338 1339/1339/1339
f 1339/1339/1339 1241/1241/1241 1240/1240/1240
f 1340/1340/1340 1271/1271/1271 1272/1272/1272
f 1275/1275/1275 1271/1271/1271 1340/1340/1340
f 1239/1239/1239 1337/1337/1337 1240/1240/1240
f 1337/1337/1337 1339/1339/1339 1240/1240/1240
f 1254/1254/1254 1253/1253/1253 1341/1341/1341
f 1269/1269/1269 1342/1342/1342 1266/1266/1266
f 1343/1343/1343 1344/1344/1344 1345/1345/1345
f 1345/1345/1345 1296/1296/1296 1346/1346/1346
f 1347/1347/1347 1343/1343/1343 1348/1348/1348
f 1299/1299/1299 1348/1348/1348 1349/1349/1349
f 1301/1301/1301 1349/1349/1349 1350/1350/1350
f 1351/1351/1351 1303/1303/1303 1350/1350/1350
f 1296/1296/1296 1292/1292/1292 1346/1346/1346
f 1344/1344/1344 1343/1343/1343 1347/1347/1347
f 1345/1345/1345 1344/1344/1344 1296/1296/1296
f 1352/1352/1352 1305/1305/1305 1351/1351/1351
f 1299/1299/1299 1347/1347/1347 1348/1348/1348
f 1301/1301/1301 1299/1299/1299 1349/1349/1349
f 1303/1303/1303 1301/1301/1301 1350/1350/1350
f 1305/1305/1305 1303/1303/1303 1351/1351/1351
f 1310/1310/1310 1352/1352/1352 1353/1353/1353
f 1305/1305/1305 1352/1352/1352 1310/1310/1310
f 1312/1312/1312 1353/1353/1353 1354/1354/1354
f 1310/1310/1310 1353/1353/1353 1312/1312/1312
f 1355/1355/1355 1318/1318/1318 1356/1356/1356
f 1357/1357/1357 1356/1356/1356 1318/1318/1318
f 1357/1357/1357 1312/1312/1312 1354/1354/1354
f 1358/1358/1358 1359/1359/1359 1325/1325/1325
f 1329/1329/1329 1360/1360/1360 1361/1361/1361
f 1360/1360/1360 1327/1327/1327 1359/1359/1359
f 1355/1355/1355 1358/1358/1358 1323/1323/1323
f 1316/1316/1316 1312/1312/1312 1357/1357/1357
f 1318/1318/1318 1316/1316/1316 1357/1357/1357
f 1323/1323/1323 1318/1318/1318 1355/1355/1355
f 1361/1361/1361 1332/1332/1332 1329/1329/1329
f 1325/1325/1325 1323/1323/1323 1358/1358/1358
f 1329/1329/1329 1327/1327/1327 1360/1360/1360
f 1325/1325/1325 1359/1359/1359 1327/1327/1327
f 1332/1332/1332 1361/1361/1361 1362/1362/1362
f 1332/1332/1332 1362/1362/1362 1333/1333/1333
f 1334/1334/1334 1333/1333/1333 1363/1363/1363
f 1363/1363/1363 1333/1333/1333 1364/1364/1364
f 1306/1306/1306 1308/1308/1308 1365/1365/1365
f 1320/1320/1320 1366/1366/1366 1321/1321/1321
f 1335/1335/1335 1334/1334/1334 1367/1367/1367
f 1363/1363/1363 1367/1367/1367 1334/1334/1334
f 1367/1367/1367 1336/1336/1336 1335/1335/1335
f 1336/1336/1336 1367/1367/1367 1368/1368/1368
f 1336/1336/1336 1368/1368/1368 1369/1369/1369
f 1370/1370/1370 1371/1371/1371 1372/1372/1372
f 1370/1370/1370 1373/1373/1373 1371/1371/1371
f 1373/1373/1373 1374/1374/1374 1375/1375/1375
f 1376/1376/1376 1370/1370/1370 1377/1377/1377
f 1376/1376/1376 1374/1374/1374 1370/1370/1370
f 1374/1374/1374 1378/1378/1378 1379/1379/1379
f 1373/1373/1373 1380/1380/1380 1381/1381/1381
f 1370/1370/1370 1372/1372/1372 1377/1377/1377
f 1372/1372/1372 1371/1371/1371 1381/1381/1381
f 1375/1375/1375 1380/1380/1380 1373/1373/1373
f 1377/1377/1377 1382/1382/1382 1376/1376/1376
f 1375/1375/1375 1374/1374/1374 1379/1379/1379
f 1378/1378/1378 1376/1376/1376 1382/1382/1382
f 1383/1383/1383 1379/1379/1379 1378/1378/1378
f 1384/1384/1384 1385/1385/1385 1386/1386/1386
f 1387/1387/1387 1388/1388/1388 1384/1384/1384
f 1389/1389/1389 1390/1390/1390 1385/1385/1385
f 1386/1386/1386 1385/1385/1385 1390/1390/1390
f 1384/1384/1384 1386/1386/1386 1387/1387/1387
f 1391/1391/1391 1387/1387/1387 1392/1392/1392
f 1385/1385/1385 1388/1388/1388 1391/1391/1391
f 1393/1393/1393 1394/1394/1394 1395/1395/1395
f 1396/1396/1396 1397/1397/1397 1393/1393/1393
f 1395/1395/1395 1396/1396/1396 1393/1393/1393
f 1396/1396/1396 1398/1398/1398 1397/1397/1397
f 1399/1399/1399 1396/1396/1396 1395/1395/1395
f 1400/1400/1400 1398/1398/1398 1399/1399/1399
f 1401/1401/1401 1399/1399/1399 1402/1402/1402
f 1403/1403/1403 1401/1401/1401 1404/1404/1404
f 1405/1405/1405 1403/1403/1403 1404/1404/1404
f 1406/1406/1406 1405/1405/1405 1407/1407/1407
f 1408/1408/1408 1409/1409/1409 1406/1406/1406
f 1410/1410/1410 1406/1406/1406 1411/1411/1411
f 1412/1412/1412 1408/1408/1408 1410/1410/1410
f 1413/1413/1413 1410/1410/1410 1414/1414/1414
f 1415/1415/1415 1412/1412/1412 1413/1413/1413
f 1414/1414/1414 1418/1418/1418 1413/1413/1413
f 1417/1417/1417 1416/1416/1416 1418/1418/1418
f 1419/1419/1419 1417/1417/1417 1420/1420/1420
f 1421/1421/1421 1419/1419/1419 1422/1422/1422
f 1423/1423/1423 1424/1424/1424 1421/1421/1421
f 1425/1425/1425 1421/1421/1421 1426/1426/1426
f 1423/1423/1423 1421/1421/1421 1425/1425/1425
f 1428/1428/1428 1425/1425/1425 1429/1429/1429
f 1427/1427/1427 1425/1425/1425 1430/1430/1430
f 1431/1431/1431 1430/1430/1430 1428/1428/1428
f 1432/1432/1432 1428/1428/1428 1433/1433/1433
f 1434/1434/1434 1431/1431/1431 1432/1432/1432
f 1435/1435/1435 1432/1432/1432 1433/1433/1433
f 1434/1434/1434 1432/1432/1432 1436/1436/1436
f 1437/1437/1437 1436/1436/1436 1435/1435/1435
f 1438/1438/1438 1435/1435/1435 1439/1439/1439
f 1440/1440/1440 1437/1437/1437 1438/1438/1438
f 1441/1441/1441 1438/1438/1438 1442/1442/1442
f 1440/1440/1440 1438/1438/1438 1443/1443/1443
f 1444/1444/1444 1443/1443/1443 1441/1441/1441
f 1445/1445/1445 1441/1441/1441 1446/1446/1446
f 1447/1447/1447 1444/1444/1444 1445/1445/1445
f 1448/1448/1448 1445/1445/1445 1449/1449/1449
f 1450/1450/1450 1447/1447/1447 1448/1448/1448
f 1448/1448/1448 1523/1523/1523 1451/1451/1451
f 1453/1453/1453 1450/1450/1450 1451/1451/1451
f 1454/1454/1454 1451/1451/1451 1455/1455/1455
f 1456/1456/1456 1453/1453/1453 1454/1454/1454
f 1457/1457/1457 1454/1454/1454 1458/1458/1458
f 1459/1459/1459 1456/1456/1456 1457/1457/1457
f 1457/1457/1457 1458/1458/1458 1460/1460/1460
f 1459/1459/1459 1457/1457/1457 1460/1460/1460
f 1463/1463/1463 1460/1460/1460 1461/1461/1461
f 1462/1462/1462 1460/1460/1460 1464/1464/1464
f 1465/1465/1465 1464/1464/1464 1463/1463/1463
f 1466/1466/1466 1463/1463/1463 1467/1467/1467
f 1468/1468/1468 1465/1465/1465 1466/1466/1466
f 1469/1469/1469 1466/1466/1466 1470/1470/1470
f 1468/1468/1468 1466/1466/1466 1469/1469/1469
f 1472/1472/1472 1469/1469/1469 1470/1470/1470
f 1473/1473/1473 1471/1471/1471 1472/1472/1472
f 1474/1474/1474 1472/1472/1472 1475/1475/1475
f 1476/1476/1476 1473/1473/1473 1474/1474/1474
f 1477/1477/1477 1474/1474/1474 1478/1478/1478
f 1479/1479/1479 1476/1476/1476 1477/1477/1477
f 1480/1480/1480 1477/1477/1477 1481/1481/1481
f 1482/1482/1482 1479/1479/1479 1480/1480/1480
f 1480/1480/1480 1481/1481/1481 1483/1483/1483
f 1482/1482/1482 1480/1480/1480 1485/1485/1485
f 1486/1486/1486 1485/1485/1485 1483/1483/1483
f 1483/1483/1483 1484/1484/1484 1487/1487/1487
f 1489/1489/1489 1486/1486/1486 1487/1487/1487
f 1490/1490/1490 1491/1491/1491 1487/1487/1487
f 1488/1488/1488 1492/1492/1492 1490/1490/1490
f 1487/1487/1487 1488/1488/1488 1490/1490/1490
f 1489/1489/1489 1487/1487/1487 1493/1493/1493
f 1395/1395/1395 1494/1494/1494 1495/1495/1495
f 1395/1395/1395 1394/1394/1394 1494/1494/1494
f 1402/1402/1402 1495/1495/1495 1496/1496/1496
f 1404/1404/1404 1496/1496/1496 1497/1497/1497
f 1404/1404/1404 1497/1497/1497 1498/1498/1498
f 1407/1407/1407 1498/1498/1498 1499/1499/1499
f 1500/1500/1500 1394/1394/1394 1393/1393/1393
f 1397/1397/1397 1500/1500/1500 1393/1393/1393
f 1496/1496/1496 1404/1404/1404 1402/1402/1402
f 1495/1495/1495 1402/1402/1402 1395/1395/1395
f 1501/1501/1501 1394/1394/1394 1500/1500/1500
f 1411/1411/1411 1499/1499/1499 1502/1502/1502
f 1411/1411/1411 1407/1407/1407 1499/1499/1499
f 1414/1414/1414 1411/1411/1411 1503/1503/1503
f 1503/1503/1503 1411/1411/1411 1502/1502/1502
f 1498/1498/1498 1407/1407/1407 1404/1404/1404
f 1414/1414/1414 1503/1503/1503 1504/1504/1504
f 1418/1418/1418 1504/1504/1504 1505/1505/1505
f 1420/1420/1420 1505/1505/1505 1506/1506/1506
f 1422/1422/1422 1506/1506/1506 1507/1507/1507
f 1418/1418/1418 1414/1414/1414 1504/1504/1504
f 1505/1505/1505 1420/1420/1420 1418/1418/1418
f 1422/1422/1422 1420/1420/1420 1506/1506/1506
f 1426/1426/1426 1422/1422/1422 1507/1507/1507
f 1433/1433/1433 1429/1429/1429 1508/1508/1508
f 1439/1439/1439 1433/1433/1433 1509/1509/1509
f 1442/1442/1442 1439/1439/1439 1510/1510/1510
f 1500/1500/1500 1397/1397/1397 1511/1511/1511
f 1408/1408/1408 1412/1412/1412 1512/1512/1512
f 1424/1424/1424 1423/1423/1423 1513/1513/1513
f 1423/1423/1423 1427/1427/1427 1514/1514/1514
f 1430/1430/1430 1431/1431/1431 1515/1515/1515
f 1427/1427/1427 1430/1430/1430 1516/1516/1516
f 1431/1431/1431 1434/1434/1434 1517/1517/1517
f 1434/1434/1434 1436/1436/1436 1518/1518/1518
f 1436/1436/1436 1437/1437/1437 1519/1519/1519
f 1437/1437/1437 1440/1440/1440 1520/1520/1520
f 1446/1446/1446 1442/1442/1442 1510/1510/1510
f 1449/1449/1449 1521/1521/1521 1522/1522/1522
f 1523/1523/1523 1522/1522/1522 1524/1524/1524
f 1455/1455/1455 1525/1525/1525 1526/1526/1526
f 1452/1452/1452 1524/1524/1524 1525/1525/1525
f 1449/1449/1449 1446/1446/1446 1521/1521/1521
f 1449/1449/1449 1522/1522/1522 1523/1523/1523
f 1526/1526/1526 1527/1527/1527 1458/1458/1458
f 1461/1461/1461 1458/1458/1458 1527/1527/1527
f 1452/1452/1452 1523/1523/1523 1524/1524/1524
f 1458/1458/1458 1455/1455/1455 1526/1526/1526
f 1452/1452/1452 1525/1525/1525 1455/1455/1455
f 1461/1461/1461 1528/1528/1528 1529/1529/1529
f 1467/1467/1467 1461/1461/1461 1529/1529/1529
f 1529/1529/1529 1530/1530/1530 1467/1467/1467
f 1470/1470/1470 1467/1467/1467 1531/1531/1531
f 1470/1470/1470 1531/1531/1531 1532/1532/1532
f 1475/1475/1475 1532/1532/1532 1533/1533/1533
f 1478/1478/1478 1533/1533/1533 1534/1534/1534
f 1478/1478/1478 1534/1534/1534 1535/1535/1535
f 1481/1481/1481 1535/1535/1535 1536/1536/1536
f 1475/1475/1475 1470/1470/1470 1532/1532/1532
f 1478/1478/1478 1475/1475/1475 1533/1533/1533
f 1537/1537/1537 1484/1484/1484 1536/1536/1536
f 1481/1481/1481 1478/1478/1478 1535/1535/1535
f 1537/1537/1537 1488/1488/1488 1484/1484/1484
f 1481/1481/1481 1536/1536/1536 1484/1484/1484
f 1537/1537/1537 1492/1492/1492 1488/1488/1488
f 1490/1490/1490 1492/1492/1492 1538/1538/1538
f 1491/1491/1491 1490/1490/1490 1538/1538/1538
f 1538/1538/1538 1492/1492/1492 1539/1539/1539
f 1443/1443/1443 1444/1444/1444 1540/1540/1540
f 1440/1440/1440 1443/1443/1443 1541/1541/1541
f 1444/1444/1444 1447/1447/1447 1540/1540/1540
f 1453/1453/1453 1456/1456/1456 1542/1542/1542
f 1450/1450/1450 1453/1453/1453 1543/1543/1543
f 1456/1456/1456 1459/1459/1459 1544/1544/1544
f 1459/1459/1459 1462/1462/1462 1544/1544/1544
f 1462/1462/1462 1464/1464/1464 1545/1545/1545
f 1464/1464/1464 1465/1465/1465 1545/1545/1545
f 1465/1465/1465 1468/1468/1468 1546/1546/1546
f 1450/1450/1450 1547/1547/1547 1447/1447/1447
f 1471/1471/1471 1548/1548/1548 1468/1468/1468
f 1471/1471/1471 1473/1473/1473 1548/1548/1548
f 1473/1473/1473 1476/1476/1476 1549/1549/1549
f 1476/1476/1476 1479/1479/1479 1550/1550/1550
f 1479/1479/1479 1482/1482/1482 1551/1551/1551
f 1482/1482/1482 1485/1485/1485 1551/1551/1551
f 1538/1538/1538 1552/1552/1552 1491/1491/1491
f 1552/1552/1552 1493/1493/1493 1491/1491/1491
f 1486/1486/1486 1489/1489/1489 1553/1553/1553
f 1485/1485/1485 1486/1486/1486 1554/1554/1554
f 1493/1493/1493 1552/1552/1552 1555/1555/1555
f 1485/1485/1485 1554/1554/1554 1551/1551/1551
f 1558/1558/1558 1559/1559/1559 1557/1557/1557
f 1560/1560/1560 1556/1556/1556 1559/1559/1559
f 1561/1561/1561 1562/1562/1562 1560/1560/1560
f 1559/1559/1559 1561/1561/1561 1560/1560/1560
f 1559/1559/1559 1558/1558/1558 1563/1563/1563
f 1561/1561/1561 1559/1559/1559 1563/1563/1563
f 1566/1566/1566 1563/1563/1563 1564/1564/1564
f 1565/1565/1565 1563/1563/1563 1566/1566/1566
f 1568/1568/1568 1566/1566/1566 1569/1569/1569
f 1567/1567/1567 1566/1566/1566 1570/1570/1570
f 1571/1571/1571 1568/1568/1568 1572/1572/1572
f 1573/1573/1573 1570/1570/1570 1568/1568/1568
f 1574/1574/1574 1571/1571/1571 1572/1572/1572
f 1571/1571/1571 1574/1574/1574 1575/1575/1575
f 1576/1576/1576 1574/1574/1574 1577/1577/1577
f 1574/1574/1574 1576/1576/1576 1578/1578/1578
f 1579/1579/1579 1576/1576/1576 1580/1580/1580
f 1581/1581/1581 1578/1578/1578 1576/1576/1576
f 1582/1582/1582 1581/1581/1581 1579/1579/1579
f 1583/1583/1583 1579/1579/1579 1584/1584/1584
f 1585/1585/1585 1583/1583/1583 1584/1584/1584
f 1586/1586/1586 1585/1585/1585 1587/1587/1587
f 1588/1588/1588 1585/1585/1585 1586/1586/1586
f 1589/1589/1589 1586/1586/1586 1590/1590/1590
f 1591/1591/1591 1589/1589/1589 1592/1592/1592
f 1593/1593/1593 1591/1591/1591 1594/1594/1594
f 1595/1595/1595 1593/1593/1593 1596/1596/1596
f 1597/1597/1597 1595/1595/1595 1598/1598/1598
f 1599/1599/1599 1597/1597/1597 1600/1600/1600
f 1599/1599/1599 1601/1601/1601 1597/1597/1597
f 1602/1602/1602 1599/1599/1599 1603/1603/1603
f 1604/1604/1604 1599/1599/1599 1602/1602/1602
f 1605/1605/1605 1602/1602/1602 1606/1606/1606
f 1607/1607/1607 1605/1605/1605 1608/1608/1608
f 1607/1607/1607 1608/1608/1608 1609/1609/1609
f 1611/1611/1611 1607/1607/1607 1609/1609/1609
f 1609/1609/1609 1610/1610/1610 1612/1612/1612
f 1612/1612/1612 1613/1613/1613 1614/1614/1614
f 1616/1616/1616 1612/1612/1612 1614/1614/1614
f 1614/1614/1614 1615/1615/1615 1617/1617/1617
f 1616/1616/1616 1614/1614/1614 1617/1617/1617
f 1617/1617/1617 1618/1618/1618 1620/1620/1620
f 1620/1620/1620 1621/1621/1621 1622/1622/1622
f 1624/1624/1624 1620/1620/1620 1622/1622/1622
f 1625/1625/1625 1622/1622/1622 1623/1623/1623
f 1626/1626/1626 1625/1625/1625 1627/1627/1627
f 1628/1628/1628 1625/1625/1625 1626/1626/1626
f 1629/1629/1629 1626/1626/1626 1630/1630/1630
f 1629/1629/1629 1628/1628/1628 1626/1626/1626
f 1629/1629/1629 1630/1630/1630 1631/1631/1631
f 1633/1633/1633 1634/1634/1634 1635/1635/1635
f 1636/1636/1636 1634/1634/1634 1633/1633/1633
f 1637/1637/1637 1633/1633/1633 1638/1638/1638
f 1639/1639/1639 1637/1637/1637 1640/1640/1640
f 1641/1641/1641 1637/1637/1637 1639/1639/1639
f 1642/1642/1642 1639/1639/1639 1643/1643/1643
f 1644/1644/1644 1642/1642/1642 1645/1645/1645
f 1646/1646/1646 1648/1648/1648 1649/1649/1649
f 1646/1646/1646 1649/1649/1649 1650/1650/1650
f 1652/1652/1652 1650/1650/1650 1653/1653/1653
f 1654/1654/1654 1652/1652/1652 1655/1655/1655
f 1652/1652/1652 1654/1654/1654 1657/1657/1657
f 1658/1658/1658 1659/1659/1659 1654/1654/1654
f 1654/1654/1654 1655/1655/1655 1658/1658/1658
f 1659/1659/1659 1660/1660/1660 1656/1656/1656
f 1656/1656/1656 1654/1654/1654 1659/1659/1659
f 1661/1661/1661 1662/1662/1662 1569/1569/1569
f 1663/1663/1663 1564/1564/1564 1664/1664/1664
f 1663/1663/1663 1661/1661/1661 1569/1569/1569
f 1665/1665/1665 1666/1666/1666 1577/1577/1577
f 1580/1580/1580 1666/1666/1666 1667/1667/1667
f 1667/1667/1667 1668/1668/1668 1580/1580/1580
f 1572/1572/1572 1662/1662/1662 1665/1665/1665
f 1584/1584/1584 1580/1580/1580 1668/1668/1668
f 1669/1669/1669 1557/1557/1557 1670/1670/1670
f 1556/1556/1556 1670/1670/1670 1557/1557/1557
f 1558/1558/1558 1557/1557/1557 1664/1664/1664
f 1564/1564/1564 1558/1558/1558 1664/1664/1664
f 1663/1663/1663 1569/1569/1569 1564/1564/1564
f 1572/1572/1572 1569/1569/1569 1662/1662/1662
f 1577/1577/1577 1572/1572/1572 1665/1665/1665
f 1580/1580/1580 1577/1577/1577 1666/1666/1666
f 1594/1594/1594 1671/1671/1671 1672/1672/1672
f 1592/1592/1592 1673/1673/1673 1671/1671/1671
f 1674/1674/1674 1673/1673/1673 1590/1590/1590
f 1596/1596/1596 1672/1672/1672 1675/1675/1675
f 1676/1676/1676 1598/1598/1598 1675/1675/1675
f 1676/1676/1676 1677/1677/1677 1600/1600/1600
f 1600/1600/1600 1677/1677/1677 1603/1603/1603
f 1587/1587/1587 1678/1678/1678 1674/1674/1674
f 1587/1587/1587 1584/1584/1584 1678/1678/1678
f 1587/1587/1587 1674/1674/1674 1590/1590/1590
f 1592/1592/1592 1590/1590/1590 1673/1673/1673
f 1671/1671/1671 1594/1594/1594 1592/1592/1592
f 1596/1596/1596 1594/1594/1594 1672/1672/1672
f 1600/1600/1600 1598/1598/1598 1676/1676/1676
f 1560/1560/1560 1679/1679/1679 1556/1556/1556
f 1670/1670/1670 1556/1556/1556 1679/1679/1679
f 1679/1679/1679 1560/1560/1560 1562/1562/1562
f 1561/1561/1561 1565/1565/1565 1680/1680/1680
f 1565/1565/1565 1567/1567/1567 1681/1681/1681
f 1567/1567/1567 1570/1570/1570 1681/1681/1681
f 1682/1682/1682 1679/1679/1679 1562/1562/1562
f 1683/1683/1683 1570/1570/1570 1573/1573/1573
f 1684/1684/1684 1573/1573/1573 1575/1575/1575
f 1578/1578/1578 1684/1684/1684 1575/1575/1575
f 1581/1581/1581 1684/1684/1684 1578/1578/1578
f 1561/1561/1561 1680/1680/1680 1562/1562/1562
f 1589/1589/1589 1685/1685/1685 1586/1586/1586
f 1686/1686/1686 1687/1687/1687 1658/1658/1658
f 1688/1688/1688 1616/1616/1616 1619/1619/1619
f 1631/1631/1631 1689/1689/1689 1629/1629/1629
f 1687/1687/1687 1690/1690/1690 1658/1658/1658
f 1660/1660/1660 1659/1659/1659 1690/1690/1690
f 1691/1691/1691 1660/1660/1660 1690/1690/1690
f 1644/1644/1644 1692/1692/1692 1642/1642/1642
f 1656/1656/1656 1660/1660/1660 1691/1691/1691
f 1695/1695/1695 1696/1696/1696 1694/1694/1694
f 1697/1697/1697 1694/1694/1694 1693/1693/1693
f 1698/1698/1698 1699/1699/1699 1697/1697/1697
f 1693/1693/1693 1698/1698/1698 1697/1697/1697
f 1700/1700/1700 1693/1693/1693 1701/1701/1701
f 1702/1702/1702 1698/1698/1698 1700/1700/1700
f 1703/1703/1703 1700/1700/1700 1704/1704/1704
f 1705/1705/1705 1702/1702/1702 1703/1703/1703
f 1706/1706/1706 1703/1703/1703 1707/1707/1707
f 1708/1708/1708 1705/1705/1705 1706/1706/1706
f 1709/1709/1709 1708/1708/1708 1706/1706/1706
f 1710/1710/1710 1706/1706/1706 1711/1711/1711
f 1711/1711/1711 1764/1764/1764 1710/1710/1710
f 1713/1713/1713 1709/1709/1709 1710/1710/1710
f 1714/1714/1714 1713/1713/1713 1712/1712/1712
f 1715/1715/1715 1712/1712/1712 1716/1716/1716
f 1717/1717/1717 1715/1715/1715 1716/1716/1716
f 1718/1718/1718 1714/1714/1714 1715/1715/1715
f 1719/1719/1719 1717/1717/1717 1720/1720/1720
f 1721/1721/1721 1718/1718/1718 1717/1717/1717
f 1722/1722/1722 1719/1719/1719 1723/1723/1723
f 1724/1724/1724 1721/1721/1721 1719/1719/1719
f 1725/1725/1725 1722/1722/1722 1726/1726/1726
f 1727/1727/1727 1724/1724/1724 1722/1722/1722
f 1728/1728/1728 1725/1725/1725 1729/1729/1729
f 1730/1730/1730 1727/1727/1727 1728/1728/1728
f 1731/1731/1731 1728/1728/1728 1729/1729/1729
f 1732/1732/1732 1730/1730/1730 1731/1731/1731
f 1733/1733/1733 1731/1731/1731 1734/1734/1734
f 1735/1735/1735 1732/1732/1732 1733/1733/1733
f 1736/1736/1736 1733/1733/1733 1737/1737/1737
f 1738/1738/1738 1735/1735/1735 1736/1736/1736
f 1739/1739/1739 1738/1738/1738 1736/1736/1736
f 1740/1740/1740 1736/1736/1736 1737/1737/1737
f 1741/1741/1741 1739/1739/1739 1740/1740/1740
f 1742/1742/1742 1740/1740/1740 1743/1743/1743
f 1744/1744/1744 1741/1741/1741 1740/1740/1740
f 1745/1745/1745 1742/1742/1742 1746/1746/1746
f 1747/1747/1747 1744/1744/1744 1742/1742/1742
f 1748/1748/1748 1745/1745/1745 1749/1749/1749
f 1750/1750/1750 1747/1747/1747 1745/1745/1745
f 1748/1748/1748 1753/1753/1753 1752/1752/1752
f 1754/1754/1754 1755/1755/1755 1750/1750/1750
f 1748/1748/1748 1752/1752/1752 1754/1754/1754
f 1750/1750/1750 1748/1748/1748 1754/1754/1754
f 1696/1696/1696 1756/1756/1756 1757/1757/1757
f 1701/1701/1701 1757/1757/1757 1758/1758/1758
f 1704/1704/1704 1758/1758/1758 1759/1759/1759
f 1707/1707/1707 1760/1760/1760 1761/1761/1761
f 1759/1759/1759 1760/1760/1760 1707/1707/1707
f 1695/1695/1695 1762/1762/1762 1756/1756/1756
f 1696/1696/1696 1695/1695/1695 1756/1756/1756
f 1763/1763/1763 1711/1711/1711 1761/1761/1761
f 1711/1711/1711 1707/1707/1707 1761/1761/1761
f 1764/1764/1764 1763/1763/1763 1765/1765/1765
f 1716/1716/1716 1765/1765/1765 1766/1766/1766
f 1767/1767/1767 1720/1720/1720 1766/1766/1766
f 1720/1720/1720 1716/1716/1716 1766/1766/1766
f 1768/1768/1768 1720/1720/1720 1767/1767/1767
f 1764/1764/1764 1711/1711/1711 1763/1763/1763
f 1764/1764/1764 1765/1765/1765 1716/1716/1716
f 1769/1769/1769 1723/1723/1723 1768/1768/1768
f 1697/1697/1697 1695/1695/1695 1694/1694/1694
f 1770/1770/1770 1698/1698/1698 1702/1702/1702
f 1771/1771/1771 1702/1702/1702 1705/1705/1705
f 1772/1772/1772 1708/1708/1708 1709/1709/1709
f 1773/1773/1773 1705/1705/1705 1708/1708/1708
f 1702/1702/1702 1771/1771/1771 1770/1770/1770
f 1770/1770/1770 1774/1774/1774 1699/1699/1699
f 1699/1699/1699 1698/1698/1698 1770/1770/1770
f 1697/1697/1697 1699/1699/1699 1774/1774/1774
f 1772/1772/1772 1773/1773/1773 1708/1708/1708
f 1775/1775/1775 1772/1772/1772 1709/1709/1709
f 1773/1773/1773 1771/1771/1771 1705/1705/1705
f 1775/1775/1775 1709/1709/1709 1713/1713/1713
f 1776/1776/1776 1713/1713/1713 1714/1714/1714
f 1777/1777/1777 1714/1714/1714 1718/1718/1718
f 1768/1768/1768 1723/1723/1723 1720/1720/1720
f 1769/1769/1769 1726/1726/1726 1723/1723/1723
f 1778/1778/1778 1718/1718/1718 1721/1721/1721
f 1779/1779/1779 1721/1721/1721 1724/1724/1724
f 1775/1775/1775 1713/1713/1713 1776/1776/1776
f 1778/1778/1778 1777/1777/1777 1718/1718/1718
f 1776/1776/1776 1714/1714/1714 1777/1777/1777
f 1778/1778/1778 1721/1721/1721 1779/1779/1779
f 1779/1779/1779 1724/1724/1724 1780/1780/1780
f 1724/1724/1724 1727/1727/1727 1780/1780/1780
f 1726/1726/1726 1781/1781/1781 1782/1782/1782
f 1729/1729/1729 1782/1782/1782 1783/1783/1783
f 1729/1729/1729 1783/1783/1783 1784/1784/1784
f 1726/1726/1726 1782/1782/1782 1729/1729/1729
f 1785/1785/1785 1729/1729/1729 1784/1784/1784
f 1734/1734/1734 1785/1785/1785 1786/1786/1786
f 1737/1737/1737 1734/1734/1734 1786/1786/1786
f 1737/1737/1737 1786/1786/1786 1787/1787/1787
f 1746/1746/1746 1788/1788/1788 1789/1789/1789
f 1790/1790/1790 1788/1788/1788 1743/1743/1743
f 1743/1743/1743 1787/1787/1787 1790/1790/1790
f 1737/1737/1737 1787/1787/1787 1743/1743/1743
f 1791/1791/1791 1749/1749/1749 1789/1789/1789
f 1753/1753/1753 1791/1791/1791 1792/1792/1792
f 1793/1793/1793 1751/1751/1751 1792/1792/1792
f 1730/1730/1730 1794/1794/1794 1727/1727/1727
f 1732/1732/1732 1795/1795/1795 1730/1730/1730
f 1738/1738/1738 1796/1796/1796 1735/1735/1735
f 1797/1797/1797 1738/1738/1738 1739/1739/1739
f 1741/1741/1741 1798/1798/1798 1739/1739/1739
f 1799/1799/1799 1732/1732/1732 1735/1735/1735
f 1795/1795/1795 1732/1732/1732 1799/1799/1799
f 1730/1730/1730 1795/1795/1795 1794/1794/1794
f 1738/1738/1738 1797/1797/1797 1796/1796/1796
f 1735/1735/1735 1796/1796/1796 1799/1799/1799
f 1798/1798/1798 1797/1797/1797 1739/1739/1739
f 1780/1780/1780 1727/1727/1727 1794/1794/1794
f 1800/1800/1800 1744/1744/1744 1747/1747/1747
f 1792/1792/1792 1751/1751/1751 1753/1753/1753
f 1752/1752/1752 1751/1751/1751 1754/1754/1754
f 1801/1801/1801 1747/1747/1747 1750/1750/1750
f 1798/1798/1798 1741/1741/1741 1802/1802/1802
f 1800/1800/1800 1802/1802/1802 1744/1744/1744
f 1800/1800/1800 1747/1747/1747 1801/1801/1801
f 1801/1801/1801 1750/1750/1750 1755/1755/1755
f 1803/1803/1803 1801/1801/1801 1755/1755/1755
f 1755/1755/1755 1754/1754/1754 1803/1803/1803
f 1744/1744/1744 1802/1802/1802 1741/1741/1741
f 1781/1781/1781 1726/1726/1726 1769/1769/1769
f 1804/1804/1804 1805/1805/1805 1806/1806/1806
f 1807/1807/1807 1808/1808/1808 1809/1809/1809
f 1810/1810/1810 1804/1804/1804 1811/1811/1811
f 1810/1810/1810 1808/1808/1808 1804/1804/1804
f 1808/1808/1808 1812/1812/1812 1813/1813/1813
f 1814/1814/1814 1815/1815/1815 1807/1807/1807
f 1815/1815/1815 1816/1816/1816 1805/1805/1805
f 1805/1805/1805 1816/1816/1816 1806/1806/1806
f 1804/1804/1804 1806/1806/1806 1811/1811/1811
f 1806/1806/1806 1816/1816/1816 1815/1815/1815
f 1805/1805/1805 1807/1807/1807 1815/1815/1815
f 1809/1809/1809 1814/1814/1814 1817/1817/1817
f 1807/1807/1807 1817/1817/1817 1814/1814/1814
f 1810/1810/1810 1811/1811/1811 1818/1818/1818
f 1810/1810/1810 1818/1818/1818 1819/1819/1819
f 1819/1819/1819 1818/1818/1818 1811/1811/1811
f 1810/1810/1810 1819/1819/1819 1820/1820/1820
f 1809/1809/1809 1808/1808/1808 1813/1813/1813
f 1812/1812/1812 1810/1810/1810 1820/1820/1820
f 1820/1820/1820 1821/1821/1821 1812/1812/1812
f 1821/1821/1821 1813/1813/1813 1812/1812/1812
f 1820/1820/1820 1813/1813/1813 1821/1821/1821
f 1822/1822/1822 1823/1823/1823 1824/1824/1824
f 1825/1825/1825 1824/1824/1824 1826/1826/1826
f 1827/1827/1827 1828/1828/1828 1825/1825/1825
f 1829/1829/1829 1830/1830/1830 1831/1831/1831
f 1832/1832/1832 1828/1828/1828 1830/1830/1830
f 1825/1825/1825 1826/1826/1826 1827/1827/1827
f 1822/1822/1822 1825/1825/1825 1833/1833/1833
f 1825/1825/1825 1822/1822/1822 1824/1824/1824
f 1832/1832/1832 1829/1829/1829 1834/1834/1834
f 1829/1829/1829 1832/1832/1832 1830/1830/1830
f 1825/1825/1825 1832/1832/1832 1835/1835/1835
f 1836/1836/1836 1837/1837/1837 1838/1838/1838
f 1838/1838/1838 1839/1839/1839 1840/1840/1840
f 1839/1839/1839 1837/1837/1837 1841/1841/1841
f 1838/1838/1838 1829/1829/1829 1831/1831/1831
f 1829/1829/1829 1838/1838/1838 1842/1842/1842
f 1843/1843/1843 1841/1841/1841 1844/1844/1844
f 1845/1845/1845 1843/1843/1843 1844/1844/1844
f 1846/1846/1846 1847/1847/1847 1845/1845/1845
f 1848/1848/1848 1849/1849/1849 1850/1850/1850
f 1850/1850/1850 1851/1851/1851 1847/1847/1847
f 1852/1852/1852 1853/1853/1853 1854/1854/1854
f 1855/1855/1855 1856/1856/1856 1857/1857/1857
f 1858/1858/1858 1852/1852/1852 1855/1855/1855
f 1848/1848/1848 1854/1854/1854 1849/1849/1849
f 1856/1856/1856 1859/1859/1859 1857/1857/1857
f 1860/1860/1860 1861/1861/1861 1862/1862/1862
f 1862/1862/1862 1863/1863/1863 1859/1859/1859
f 1864/1864/1864 1861/1861/1861 1860/1860/1860
f 1839/1839/1839 1841/1841/1841 1843/1843/1843
f 1839/1839/1839 1843/1843/1843 1865/1865/1865
f 1833/1833/1833 1866/1866/1866 1822/1822/1822
f 1845/1845/1845 1851/1851/1851 1867/1867/1867
f 1825/1825/1825 1835/1835/1835 1868/1868/1868
f 1843/1843/1843 1845/1845/1845 1869/1869/1869
f 1842/1842/1842 1838/1838/1838 1840/1840/1840
f 1867/1867/1867 1869/1869/1869 1845/1845/1845
f 1870/1870/1870 1871/1871/1871 1851/1851/1851
f 1849/1849/1849 1872/1872/1872 1870/1870/1870
f 1849/1849/1849 1853/1853/1853 1872/1872/1872
f 1853/1853/1853 1858/1858/1858 1873/1873/1873
f 1857/1857/1857 1863/1863/1863 1874/1874/1874
f 1862/1862/1862 1861/1861/1861 1863/1863/1863
f 1858/1858/1858 1857/1857/1857 1875/1875/1875
f 1858/1858/1858 1853/1853/1853 1852/1852/1852
f 1863/1863/1863 1861/1861/1861 1876/1876/1876
f 1853/1853/1853 1873/1873/1873 1872/1872/1872
f 1863/1863/1863 1876/1876/1876 1874/1874/1874
f 1877/1877/1877 1878/1878/1878 1864/1864/1864
f 1849/1849/1849 1851/1851/1851 1850/1850/1850
f 1879/1879/1879 1880/1880/1880 1881/1881/1881
f 1882/1882/1882 1881/1881/1881 1883/1883/1883
f 1884/1884/1884 1885/1885/1885 1886/1886/1886
f 1887/1887/1887 1888/1888/1888 1889/1889/1889
f 1890/1890/1890 1886/1886/1886 1887/1887/1887
f 1883/1883/1883 1885/1885/1885 1882/1882/1882
f 1864/1864/1864 1879/1879/1879 1891/1891/1891
f 1879/1879/1879 1864/1864/1864 1880/1880/1880
f 1882/1882/1882 1884/1884/1884 1892/1892/1892
f 1879/1879/1879 1881/1881/1881 1882/1882/1882
f 1879/1879/1879 1882/1882/1882 1893/1893/1893
f 1886/1886/1886 1890/1890/1890 1884/1884/1884
f 1889/1889/1889 1894/1894/1894 1895/1895/1895
f 1894/1894/1894 1889/1889/1889 1896/1896/1896
f 1894/1894/1894 1896/1896/1896 1897/1897/1897
f 1890/1890/1890 1889/1889/1889 1898/1898/1898
f 1884/1884/1884 1890/1890/1890 1899/1899/1899
f 1900/1900/1900 1897/1897/1897 1901/1901/1901
f 1902/1902/1902 1900/1900/1900 1901/1901/1901
f 1903/1903/1903 1904/1904/1904 1902/1902/1902
f 1905/1905/1905 1906/1906/1906 1907/1907/1907
f 1907/1907/1907 1908/1908/1908 1904/1904/1904
f 1909/1909/1909 1910/1910/1910 1911/1911/1911
f 1912/1912/1912 1913/1913/1913 1914/1914/1914
f 1915/1915/1915 1909/1909/1909 1912/1912/1912
f 1905/1905/1905 1911/1911/1911 1906/1906/1906
f 1913/1913/1913 1916/1916/1916 1914/1914/1914
f 1917/1917/1917 1918/1918/1918 1919/1919/1919
f 1919/1919/1919 1920/1920/1920 1916/1916/1916
f 1917/1917/1917 1921/1921/1921 1922/1922/1922
f 1894/1894/1894 1897/1897/1897 1900/1900/1900
f 1894/1894/1894 1900/1900/1900 1923/1923/1923
f 1893/1893/1893 1891/1891/1891 1879/1879/1879
f 1902/1902/1902 1908/1908/1908 1924/1924/1924
f 1900/1900/1900 1902/1902/1902 1925/1925/1925
f 1895/1895/1895 1898/1898/1898 1889/1889/1889
f 1902/1902/1902 1924/1924/1924 1925/1925/1925
f 1926/1926/1926 1927/1927/1927 1908/1908/1908
f 1906/1906/1906 1910/1910/1910 1928/1928/1928
f 1909/1909/1909 1915/1915/1915 1910/1910/1910
f 1910/1910/1910 1915/1915/1915 1929/1929/1929
f 1914/1914/1914 1920/1920/1920 1930/1930/1930
f 1918/1918/1918 1922/1922/1922 1931/1931/1931
f 1918/1918/1918 1920/1920/1920 1919/1919/1919
f 1920/1920/1920 1918/1918/1918 1932/1932/1932
f 1915/1915/1915 1914/1914/1914 1933/1933/1933
f 1910/1910/1910 1929/1929/1929 1928/1928/1928
f 1920/1920/1920 1932/1932/1932 1930/1930/1930
f 1906/1906/1906 1908/1908/1908 1907/1907/1907
f 1935/1935/1935 2004/2004/2004 1936/1936/1936
f 1938/1938/1938 1940/1940/1940 1939/1939/1939
f 1940/1940/1940 1935/1935/1935 1934/1934/1934
f 1942/1942/1942 1944/1944/1944 1943/1943/1943
f 1944/1944/1944 1938/1938/1938 1937/1937/1937
f 1946/1946/1946 1948/1948/1948 1947/1947/1947
f 1948/1948/1948 1942/1942/1942 1941/1941/1941
f 1950/1950/1950 1946/1946/1946 1945/1945/1945
f 1951/1951/1951 1952/1952/1952 1939/1939/1939
f 1952/1952/1952 1937/1937/1937 1939/1939/1939
f 1943/1943/1943 1937/1937/1937 1952/1952/1952
f 1953/1953/1953 1941/1941/1941 1943/1943/1943
f 1952/1952/1952 1953/1953/1953 1943/1943/1943
f 1947/1947/1947 1941/1941/1941 1953/1953/1953
f 1954/1954/1954 1945/1945/1945 1947/1947/1947
f 1953/1953/1953 1954/1954/1954 1947/1947/1947
f 1952/1952/1952 1951/1951/1951 1956/1956/1956
f 1953/1953/1953 1952/1952/1952 1955/1955/1955
f 1954/1954/1954 1953/1953/1953 1957/1957/1957
f 1955/1955/1955 1956/1956/1956 1960/1960/1960
f 1957/1957/1957 1955/1955/1955 1959/1959/1959
f 1958/1958/1958 1957/1957/1957 1961/1961/1961
f 1960/1960/1960 1967/1967/1967 1963/1963/1963
f 1961/1961/1961 1959/1959/1959 1963/1963/1963
f 1962/1962/1962 1961/1961/1961 1964/1964/1964
f 1967/1967/1967 1971/1971/1971 1966/1966/1966
f 1964/1964/1964 1963/1963/1963 1966/1966/1966
f 1965/1965/1965 1964/1964/1964 1968/1968/1968
f 1971/1971/1971 1975/1975/1975 1970/1970/1970
f 1968/1968/1968 1966/1966/1966 1970/1970/1970
f 1969/1969/1969 1968/1968/1968 1972/1972/1972
f 1975/1975/1975 1979/1979/1979 1974/1974/1974
f 1972/1972/1972 1970/1970/1970 1974/1974/1974
f 1973/1973/1973 1972/1972/1972 1976/1976/1976
f 1979/1979/1979 1983/1983/1983 1978/1978/1978
f 1976/1976/1976 1974/1974/1974 1978/1978/1978
f 1977/1977/1977 1976/1976/1976 1980/1980/1980
f 1983/1983/1983 1988/1988/1988 1982/1982/1982
f 1980/1980/1980 1978/1978/1978 1982/1982/1982
f 1981/1981/1981 1980/1980/1980 1984/1984/1984
f 1986/1986/1986 1987/1987/1987 1982/1982/1982
f 1988/1988/1988 1989/1989/1989 1986/1986/1986
f 1982/1982/1982 1988/1988/1988 1986/1986/1986
f 1990/1990/1990 1991/1991/1991 1984/1984/1984
f 1990/1990/1990 1984/1984/1984 1982/1982/1982
f 1992/1992/1992 1993/1993/1993 1985/1985/1985
f 1984/1984/1984 1991/1991/1991 1992/1992/1992
f 1985/1985/1985 1984/1984/1984 1992/1992/1992
f 1995/1995/1995 2038/2038/2038 1994/1994/1994
f 1986/1986/1986 1997/1997/1997 1996/1996/1996
f 1989/1989/1989 1994/1994/1994 1997/1997/1997
f 1991/1991/1991 1990/1990/1990 1999/1999/1999
f 1990/1990/1990 1987/1987/1987 1996/1996/1996
f 1993/1993/1993 1992/1992/1992 2001/2001/2001
f 1992/1992/1992 1991/1991/1991 1998/1998/1998
f 2003/2003/2003 1993/1993/1993 2000/2000/2000
f 2004/2004/2004 2005/2005/2005 2006/2006/2006
f 2007/2007/2007 1936/1936/1936 2004/2004/2004
f 2006/2006/2006 2007/2007/2007 2004/2004/2004
f 2008/2008/2008 1936/1936/1936 2007/2007/2007
f 2004/2004/2004 1935/1935/1935 2009/2009/2009
f 1940/1940/1940 2009/2009/2009 1935/1935/1935
f 1938/1938/1938 2019/2019/2019 2009/2009/2009
f 1936/1936/1936 2008/2008/2008 1934/1934/1934
f 1951/1951/1951 2008/2008/2008 2010/2010/2010
f 1956/1956/1956 1951/1951/1951 2011/2011/2011
f 1956/1956/1956 2011/2011/2011 2012/2012/2012
f 1960/1960/1960 2013/2013/2013 2014/2014/2014
f 1967/1967/1967 2014/2014/2014 2015/2015/2015
f 2012/2012/2012 2013/2013/2013 1956/1956/1956
f 1967/1967/1967 1960/1960/1960 2014/2014/2014
f 2016/2016/2016 2017/2017/2017 1971/1971/1971
f 2017/2017/2017 2018/2018/2018 1971/1971/1971
f 2015/2015/2015 2016/2016/2016 1967/1967/1967
f 1944/1944/1944 2019/2019/2019 1938/1938/1938
f 2019/2019/2019 1944/1944/1944 1942/1942/1942
f 1942/1942/1942 1948/1948/1948 2020/2020/2020
f 2020/2020/2020 1946/1946/1946 1950/1950/1950
f 1946/1946/1946 2020/2020/2020 1948/1948/1948
f 1949/1949/1949 2022/2022/2022 1950/1950/1950
f 2021/2021/2021 1950/1950/1950 2022/2022/2022
f 1954/1954/1954 2023/2023/2023 1949/1949/1949
f 1945/1945/1945 1954/1954/1954 1949/1949/1949
f 1954/1954/1954 1958/1958/1958 2024/2024/2024
f 1962/1962/1962 2025/2025/2025 1958/1958/1958
f 1965/1965/1965 2026/2026/2026 1962/1962/1962
f 1969/1969/1969 2027/2027/2027 1965/1965/1965
f 2024/2024/2024 2023/2023/2023 1954/1954/1954
f 2028/2028/2028 2024/2024/2024 1958/1958/1958
f 2025/2025/2025 1962/1962/1962 2026/2026/2026
f 2027/2027/2027 2026/2026/2026 1965/1965/1965
f 1958/1958/1958 2025/2025/2025 2028/2028/2028
f 2027/2027/2027 1969/1969/1969 2029/2029/2029
f 2022/2022/2022 1949/1949/1949 2023/2023/2023
f 1975/1975/1975 2018/2018/2018 2030/2030/2030
f 1979/1979/1979 2031/2031/2031 2032/2032/2032
f 1979/1979/1979 2032/2032/2032 2033/2033/2033
f 1975/1975/1975 2030/2030/2030 2031/2031/2031
f 1979/1979/1979 1975/1975/1975 2031/2031/2031
f 1983/1983/1983 1979/1979/1979 2033/2033/2033
f 1988/1988/1988 1983/1983/1983 2034/2034/2034
f 2035/2035/2035 1988/1988/1988 2034/2034/2034
f 1995/1995/1995 1989/1989/1989 2036/2036/2036
f 1995/1995/1995 2036/2036/2036 2037/2037/2037
f 2038/2038/2038 2039/2039/2039 2040/2040/2040
f 2038/2038/2038 2040/2040/2040 2041/2041/2041
f 1995/1995/1995 2037/2037/2037 2039/2039/2039
f 2039/2039/2039 2038/2038/2038 1995/1995/1995
f 1997/1997/1997 1994/1994/1994 2042/2042/2042
f 2038/2038/2038 2041/2041/2041 2042/2042/2042
f 2042/2042/2042 2049/2049/2049 1996/1996/1996
f 2036/2036/2036 1988/1988/1988 2035/2035/2035
f 1977/1977/1977 2043/2043/2043 1973/1973/1973
f 1981/1981/1981 2044/2044/2044 2045/2045/2045
f 1977/1977/1977 1981/1981/1981 2045/2045/2045
f 1985/1985/1985 2046/2046/2046 1981/1981/1981
f 2045/2045/2045 2043/2043/2043 1977/1977/1977
f 1969/1969/1969 2047/2047/2047 2029/2029/2029
f 2043/2043/2043 2047/2047/2047 1973/1973/1973
f 1985/1985/1985 2048/2048/2048 2046/2046/2046
f 2044/2044/2044 1981/1981/1981 2046/2046/2046
f 2048/2048/2048 1985/1985/1985 2003/2003/2003
f 2047/2047/2047 1969/1969/1969 1973/1973/1973
f 2049/2049/2049 1999/1999/1999 1996/1996/1996
f 2049/2049/2049 1998/1998/1998 1999/1999/1999
f 1998/1998/1998 2049/2049/2049 2050/2050/2050
f 2000/2000/2000 2001/2001/2001 2050/2050/2050
f 2051/2051/2051 2003/2003/2003 2002/2002/2002
f 2048/2048/2048 2003/2003/2003 2051/2051/2051
f 1985/1985/1985 1993/1993/1993 2003/2003/2003
f 2050/2050/2050 2052/2052/2052 2002/2002/2002
f 2051/2051/2051 2002/2002/2002 2052/2052/2052
f 2054/2054/2054 2098/2098/2098 2055/2055/2055
f 2057/2057/2057 2059/2059/2059 2058/2058/2058
f 2059/2059/2059 2054/2054/2054 2053/2053/2053
f 2061/2061/2061 2063/2063/2063 2062/2062/2062
f 2063/2063/2063 2057/2057/2057 2056/2056/2056
f 2065/2065/2065 2061/2061/2061 2060/2060/2060
f 2058/2058/2058 2053/2053/2053 2066/2066/2066
f 2067/2067/2067 2056/2056/2056 2058/2058/2058
f 2066/2066/2066 2067/2067/2067 2058/2058/2058
f 2062/2062/2062 2056/2056/2056 2067/2067/2067
f 2068/2068/2068 2060/2060/2060 2062/2062/2062
f 2067/2067/2067 2068/2068/2068 2062/2062/2062
f 2067/2067/2067 2066/2066/2066 2070/2070/2070
f 2068/2068/2068 2067/2067/2067 2069/2069/2069
f 2070/2070/2070 2106/2106/2106 2072/2072/2072
f 2071/2071/2071 2069/2069/2069 2072/2072/2072
f 2072/2072/2072 2106/2106/2106 2075/2075/2075
f 2073/2073/2073 2072/2072/2072 2074/2074/2074
f 2074/2074/2074 2075/2075/2075 2078/2078/2078
f 2076/2076/2076 2074/2074/2074 2077/2077/2077
f 2077/2077/2077 2078/2078/2078 2081/2081/2081
f 2079/2079/2079 2077/2077/2077 2080/2080/2080
f 2083/2083/2083 2084/2084/2084 2080/2080/2080
f 2081/2081/2081 2085/2085/2085 2083/2083/2083
f 2080/2080/2080 2081/2081/2081 2083/2083/2083
f 2086/2086/2086 2087/2087/2087 2082/2082/2082
f 2080/2080/2080 2084/2084/2084 2086/2086/2086
f 2082/2082/2082 2080/2080/2080 2086/2086/2086
f 2089/2089/2089 2126/2126/2126 2088/2088/2088
f 2083/2083/2083 2091/2091/2091 2090/2090/2090
f 2085/2085/2085 2088/2088/2088 2091/2091/2091
f 2086/2086/2086 2093/2093/2093 2092/2092/2092
f 2084/2084/2084 2090/2090/2090 2093/2093/2093
f 2087/2087/2087 2092/2092/2092 2094/2094/2094
f 2096/2096/2096 2097/2097/2097 2098/2098/2098
f 2099/2099/2099 2098/2098/2098 2097/2097/2097
f 2098/2098/2098 2099/2099/2099 2055/2055/2055
f 2100/2100/2100 2055/2055/2055 2099/2099/2099
f 2101/2101/2101 2096/2096/2096 2059/2059/2059
f 2059/2059/2059 2057/2057/2057 2101/2101/2101
f 2053/2053/2053 2055/2055/2055 2066/2066/2066
f 2102/2102/2102 2066/2066/2066 2103/2103/2103
f 2104/2104/2104 2070/2070/2070 2102/2102/2102
f 2105/2105/2105 2070/2070/2070 2104/2104/2104
f 2100/2100/2100 2103/2103/2103 2055/2055/2055
f 2055/2055/2055 2103/2103/2103 2066/2066/2066
f 2070/2070/2070 2105/2105/2105 2106/2106/2106
f 2070/2070/2070 2066/2066/2066 2102/2102/2102
f 2105/2105/2105 2107/2107/2107 2106/2106/2106
f 2101/2101/2101 2057/2057/2057 2063/2063/2063
f 2108/2108/2108 2063/2063/2063 2061/2061/2061
f 2065/2065/2065 2110/2110/2110 2108/2108/2108
f 2109/2109/2109 2110/2110/2110 2065/2065/2065
f 2065/2065/2065 2064/2064/2064 2109/2109/2109
f 2068/2068/2068 2064/2064/2064 2060/2060/2060
f 2111/2111/2111 2112/2112/2112 2064/2064/2064
f 2113/2113/2113 2111/2111/2111 2068/2068/2068
f 2068/2068/2068 2071/2071/2071 2113/2113/2113
f 2111/2111/2111 2064/2064/2064 2068/2068/2068
f 2071/2071/2071 2073/2073/2073 2114/2114/2114
f 2073/2073/2073 2115/2115/2115 2116/2116/2116
f 2114/2114/2114 2117/2117/2117 2071/2071/2071
f 2076/2076/2076 2115/2115/2115 2073/2073/2073
f 2118/2118/2118 2106/2106/2106 2107/2107/2107
f 2119/2119/2119 2078/2078/2078 2120/2120/2120
f 2078/2078/2078 2119/2119/2119 2121/2121/2121
f 2121/2121/2121 2122/2122/2122 2081/2081/2081
f 2123/2123/2123 2075/2075/2075 2118/2118/2118
f 2120/2120/2120 2078/2078/2078 2075/2075/2075
f 2081/2081/2081 2078/2078/2078 2121/2121/2121
f 2123/2123/2123 2120/2120/2120 2075/2075/2075
f 2081/2081/2081 2122/2122/2122 2089/2089/2089
f 2081/2081/2081 2089/2089/2089 2085/2085/2085
f 2124/2124/2124 2089/2089/2089 2125/2125/2125
f 2126/2126/2126 2089/2089/2089 2124/2124/2124
f 2127/2127/2127 2126/2126/2126 2124/2124/2124
f 2091/2091/2091 2088/2088/2088 2128/2128/2128
f 2126/2126/2126 2128/2128/2128 2088/2088/2088
f 2129/2129/2129 2091/2091/2091 2128/2128/2128
f 2128/2128/2128 2126/2126/2126 2127/2127/2127
f 2125/2125/2125 2089/2089/2089 2122/2122/2122
f 2076/2076/2076 2130/2130/2130 2115/2115/2115
f 2076/2076/2076 2131/2131/2131 2130/2130/2130
f 2079/2079/2079 2131/2131/2131 2076/2076/2076
f 2079/2079/2079 2082/2082/2082 2132/2132/2132
f 2079/2079/2079 2133/2133/2133 2131/2131/2131
f 2082/2082/2082 2134/2134/2134 2132/2132/2132
f 2134/2134/2134 2095/2095/2095 2135/2135/2135
f 2095/2095/2095 2134/2134/2134 2082/2082/2082
f 2093/2093/2093 2090/2090/2090 2129/2129/2129
f 2129/2129/2129 2090/2090/2090 2091/2091/2091
f 2136/2136/2136 2092/2092/2092 2093/2093/2093
f 2137/2137/2137 2135/2135/2135 2095/2095/2095
f 2136/2136/2136 2138/2138/2138 2094/2094/2094
f 2137/2137/2137 2094/2094/2094 2138/2138/2138
f 2082/2082/2082 2087/2087/2087 2095/2095/2095
f 2075/2075/2075 2106/2106/2106 2118/2118/2118
f 2139/2139/2139 2140/2140/2140 2141/2141/2141
f 2142/2142/2142 2143/2143/2143 2139/2139/2139
f 2141/2141/2141 2142/2142/2142 2139/2139/2139
f 2144/2144/2144 2145/2145/2145 2142/2142/2142
f 2146/2146/2146 2147/2147/2147 2145/2145/2145
f 2144/2144/2144 2148/2148/2148 2146/2146/2146
f 2145/2145/2145 2144/2144/2144 2146/2146/2146
f 2149/2149/2149 2150/2150/2150 2151/2151/2151
f 2141/2141/2141 2140/2140/2140 2149/2149/2149
f 2151/2151/2151 2141/2141/2141 2149/2149/2149
f 2152/2152/2152 2144/2144/2144 2151/2151/2151
f 2153/2153/2153 2148/2148/2148 2144/2144/2144
f 2152/2152/2152 2154/2154/2154 2153/2153/2153
f 2144/2144/2144 2152/2152/2152 2153/2153/2153
f 2155/2155/2155 2156/2156/2156 2157/2157/2157
f 2151/2151/2151 2150/2150/2150 2155/2155/2155
f 2157/2157/2157 2151/2151/2151 2155/2155/2155
f 2157/2157/2157 2158/2158/2158 2151/2151/2151
f 2159/2159/2159 2154/2154/2154 2152/2152/2152
f 2152/2152/2152 2158/2158/2158 2159/2159/2159
f 2160/2160/2160 2159/2159/2159 2158/2158/2158
f 2161/2161/2161 2160/2160/2160 2158/2158/2158
f 2162/2162/2162 2163/2163/2163 2164/2164/2164
f 2164/2164/2164 2143/2143/2143 2162/2162/2162
f 2139/2139/2139 2143/2143/2143 2140/2140/2140
f 2165/2165/2165 2140/2140/2140 2143/2143/2143
f 2162/2162/2162 2143/2143/2143 2142/2142/2142
f 2162/2162/2162 2142/2142/2142 2163/2163/2163
f 2166/2166/2166 2163/2163/2163 2142/2142/2142
f 2145/2145/2145 2167/2167/2167 2166/2166/2166
f 2167/2167/2167 2168/2168/2168 2166/2166/2166
f 2147/2147/2147 2168/2168/2168 2167/2167/2167
f 2169/2169/2169 2147/2147/2147 2148/2148/2148
f 2148/2148/2148 2153/2153/2153 2169/2169/2169
f 2167/2167/2167 2145/2145/2145 2147/2147/2147
f 2140/2140/2140 2165/2165/2165 2149/2149/2149
f 2150/2150/2150 2149/2149/2149 2165/2165/2165
f 2156/2156/2156 2155/2155/2155 2170/2170/2170
f 2150/2150/2150 2170/2170/2170 2155/2155/2155
f 2170/2170/2170 2172/2172/2172 2156/2156/2156
f 2150/2150/2150 2165/2165/2165 2170/2170/2170
f 2171/2171/2171 2157/2157/2157 2156/2156/2156
f 2172/2172/2172 2173/2173/2173 2171/2171/2171
f 2171/2171/2171 2173/2173/2173 2157/2157/2157
f 2158/2158/2158 2157/2157/2157 2173/2173/2173
f 2174/2174/2174 2169/2169/2169 2154/2154/2154
f 2174/2174/2174 2159/2159/2159 2160/2160/2160
f 2161/2161/2161 2176/2176/2176 2160/2160/2160
f 2153/2153/2153 2154/2154/2154 2169/2169/2169
f 2175/2175/2175 2161/2161/2161 2158/2158/2158
f 2161/2161/2161 2175/2175/2175 2176/2176/2176
f 2178/2178/2178 2254/2254/2254 2179/2179/2179
f 2181/2181/2181 2178/2178/2178 2177/2177/2177
f 2183/2183/2183 2181/2181/2181 2180/2180/2180
f 2185/2185/2185 2183/2183/2183 2182/2182/2182
f 2177/2177/2177 2179/2179/2179 2187/2187/2187
f 2180/2180/2180 2177/2177/2177 2186/2186/2186
f 2182/2182/2182 2180/2180/2180 2188/2188/2188
f 2184/2184/2184 2182/2182/2182 2189/2189/2189
f 2186/2186/2186 2187/2187/2187 2192/2192/2192
f 2188/2188/2188 2186/2186/2186 2191/2191/2191
f 2189/2189/2189 2188/2188/2188 2193/2193/2193
f 2190/2190/2190 2189/2189/2189 2194/2194/2194
f 2191/2191/2191 2192/2192/2192 2197/2197/2197
f 2193/2193/2193 2191/2191/2191 2196/2196/2196
f 2194/2194/2194 2193/2193/2193 2198/2198/2198
f 2195/2195/2195 2194/2194/2194 2199/2199/2199
f 2196/2196/2196 2197/2197/2197 2202/2202/2202
f 2198/2198/2198 2196/2196/2196 2201/2201/2201
f 2199/2199/2199 2198/2198/2198 2203/2203/2203
f 2200/2200/2200 2199/2199/2199 2204/2204/2204
f 2201/2201/2201 2202/2202/2202 2207/2207/2207
f 2203/2203/2203 2201/2201/2201 2206/2206/2206
f 2204/2204/2204 2203/2203/2203 2208/2208/2208
f 2205/2205/2205 2204/2204/2204 2209/2209/2209
f 2206/2206/2206 2207/2207/2207 2212/2212/2212
f 2208/2208/2208 2206/2206/2206 2211/2211/2211
f 2209/2209/2209 2208/2208/2208 2213/2213/2213
f 2210/2210/2210 2209/2209/2209 2214/2214/2214
f 2211/2211/2211 2212/2212/2212 2217/2217/2217
f 2213/2213/2213 2211/2211/2211 2216/2216/2216
f 2214/2214/2214 2213/2213/2213 2218/2218/2218
f 2215/2215/2215 2214/2214/2214 2219/2219/2219
f 2216/2216/2216 2217/2217/2217 2222/2222/2222
f 2218/2218/2218 2216/2216/2216 2221/2221/2221
f 2219/2219/2219 2218/2218/2218 2223/2223/2223
f 2220/2220/2220 2219/2219/2219 2224/2224/2224
f 2221/2221/2221 2222/2222/2222 2227/2227/2227
f 2223/2223/2223 2221/2221/2221 2226/2226/2226
f 2224/2224/2224 2223/2223/2223 2228/2228/2228
f 2225/2225/2225 2224/2224/2224 2229/2229/2229
f 2231/2231/2231 2232/2232/2232 2226/2226/2226
f 2231/2231/2231 2226/2226/2226 2227/2227/2227
f 2234/2234/2234 2235/2235/2235 2228/2228/2228
f 2234/2234/2234 2228/2228/2228 2226/2226/2226
f 2229/2229/2229 2228/2228/2228 2235/2235/2235
f 2237/2237/2237 2238/2238/2238 2230/2230/2230
f 2229/2229/2229 2236/2236/2236 2237/2237/2237
f 2230/2230/2230 2229/2229/2229 2237/2237/2237
f 2233/2233/2233 2297/2297/2297 2239/2239/2239
f 2232/2232/2232 2231/2231/2231 2241/2241/2241
f 2231/2231/2231 2233/2233/2233 2239/2239/2239
f 2243/2243/2243 2235/2235/2235 2241/2241/2241
f 2244/2244/2244 2237/2237/2237 2245/2245/2245
f 2247/2247/2247 2238/2238/2238 2246/2246/2246
f 2248/2248/2248 2179/2179/2179 2249/2249/2249
f 2250/2250/2250 2187/2187/2187 2251/2251/2251
f 2252/2252/2252 2187/2187/2187 2250/2250/2250
f 2179/2179/2179 2248/2248/2248 2251/2251/2251
f 2253/2253/2253 2254/2254/2254 2255/2255/2255
f 2256/2256/2256 2253/2253/2253 2255/2255/2255
f 2257/2257/2257 2254/2254/2254 2253/2253/2253
f 2254/2254/2254 2258/2258/2258 2249/2249/2249
f 2257/2257/2257 2258/2258/2258 2254/2254/2254
f 2179/2179/2179 2254/2254/2254 2249/2249/2249
f 2179/2179/2179 2251/2251/2251 2187/2187/2187
f 2178/2178/2178 2255/2255/2255 2254/2254/2254
f 2187/2187/2187 2252/2252/2252 2259/2259/2259
f 2260/2260/2260 2197/2197/2197 2261/2261/2261
f 2202/2202/2202 2262/2262/2262 2263/2263/2263
f 2262/2262/2262 2197/2197/2197 2264/2264/2264
f 2260/2260/2260 2264/2264/2264 2197/2197/2197
f 2202/2202/2202 2263/2263/2263 2265/2265/2265
f 2192/2192/2192 2266/2266/2266 2261/2261/2261
f 2259/2259/2259 2266/2266/2266 2192/2192/2192
f 2192/2192/2192 2261/2261/2261 2197/2197/2197
f 2207/2207/2207 2267/2267/2267 2268/2268/2268
f 2207/2207/2207 2202/2202/2202 2265/2265/2265
f 2262/2262/2262 2202/2202/2202 2197/2197/2197
f 2267/2267/2267 2207/2207/2207 2265/2265/2265
f 2187/2187/2187 2259/2259/2259 2192/2192/2192
f 2270/2270/2270 2181/2181/2181 2183/2183/2183
f 2270/2270/2270 2255/2255/2255 2178/2178/2178
f 2269/2269/2269 2183/2183/2183 2185/2185/2185
f 2271/2271/2271 2269/2269/2269 2185/2185/2185
f 2272/2272/2272 2271/2271/2271 2185/2185/2185
f 2273/2273/2273 2272/2272/2272 2185/2185/2185
f 2274/2274/2274 2184/2184/2184 2190/2190/2190
f 2190/2190/2190 2275/2275/2275 2274/2274/2274
f 2275/2275/2275 2190/2190/2190 2276/2276/2276
f 2273/2273/2273 2184/2184/2184 2274/2274/2274
f 2185/2185/2185 2184/2184/2184 2273/2273/2273
f 2200/2200/2200 2277/2277/2277 2195/2195/2195
f 2205/2205/2205 2278/2278/2278 2200/2200/2200
f 2278/2278/2278 2279/2279/2279 2200/2200/2200
f 2210/2210/2210 2280/2280/2280 2205/2205/2205
f 2210/2210/2210 2281/2281/2281 2282/2282/2282
f 2283/2283/2283 2281/2281/2281 2210/2210/2210
f 2284/2284/2284 2278/2278/2278 2205/2205/2205
f 2210/2210/2210 2282/2282/2282 2280/2280/2280
f 2195/2195/2195 2285/2285/2285 2276/2276/2276
f 2286/2286/2286 2285/2285/2285 2195/2195/2195
f 2277/2277/2277 2200/2200/2200 2279/2279/2279
f 2280/2280/2280 2284/2284/2284 2205/2205/2205
f 2195/2195/2195 2277/2277/2277 2286/2286/2286
f 2190/2190/2190 2195/2195/2195 2276/2276/2276
f 2268/2268/2268 2212/2212/2212 2207/2207/2207
f 2287/2287/2287 2288/2288/2288 2217/2217/2217
f 2288/2288/2288 2289/2289/2289 2222/2222/2222
f 2290/2290/2290 2222/2222/2222 2291/2291/2291
f 2289/2289/2289 2291/2291/2291 2222/2222/2222
f 2292/2292/2292 2227/2227/2227 2290/2290/2290
f 2212/2212/2212 2293/2293/2293 2294/2294/2294
f 2295/2295/2295 2212/2212/2212 2294/2294/2294
f 2212/2212/2212 2295/2295/2295 2217/2217/2217
f 2217/2217/2217 2295/2295/2295 2287/2287/2287
f 2222/2222/2222 2217/2217/2217 2288/2288/2288
f 2222/2222/2222 2290/2290/2290 2227/2227/2227
f 2227/2227/2227 2292/2292/2292 2296/2296/2296
f 2297/2297/2297 2296/2296/2296 2298/2298/2298
f 2299/2299/2299 2297/2297/2297 2298/2298/2298
f 2227/2227/2227 2296/2296/2296 2233/2233/2233
f 2297/2297/2297 2299/2299/2299 2240/2240/2240
f 2300/2300/2300 2301/2301/2301 2239/2239/2239
f 2301/2301/2301 2242/2242/2242 2239/2239/2239
f 2301/2301/2301 2302/2302/2302 2241/2241/2241
f 2242/2242/2242 2301/2301/2301 2241/2241/2241
f 2302/2302/2302 2243/2243/2243 2241/2241/2241
f 2303/2303/2303 2304/2304/2304 2215/2215/2215
f 2215/2215/2215 2220/2220/2220 2303/2303/2303
f 2283/2283/2283 2215/2215/2215 2304/2304/2304
f 2230/2230/2230 2305/2305/2305 2225/2225/2225
f 2306/2306/2306 2307/2307/2307 2230/2230/2230
f 2225/2225/2225 2308/2308/2308 2220/2220/2220
f 2230/2230/2230 2307/2307/2307 2305/2305/2305
f 2309/2309/2309 2303/2303/2303 2220/2220/2220
f 2220/2220/2220 2308/2308/2308 2309/2309/2309
f 2310/2310/2310 2308/2308/2308 2225/2225/2225
f 2225/2225/2225 2311/2311/2311 2310/2310/2310
f 2305/2305/2305 2311/2311/2311 2225/2225/2225
f 2215/2215/2215 2283/2283/2283 2210/2210/2210
f 2243/2243/2243 2245/2245/2245 2236/2236/2236
f 2238/2238/2238 2247/2247/2247 2230/2230/2230
f 2302/2302/2302 2312/2312/2312 2245/2245/2245
f 2245/2245/2245 2312/2312/2312 2244/2244/2244
f 2306/2306/2306 2230/2230/2230 2247/2247/2247
f 2312/2312/2312 2313/2313/2313 2244/2244/2244
f 2293/2293/2293 2212/2212/2212 2268/2268/2268
f 2316/2316/2316 2388/2388/2388 2315/2315/2315
f 2319/2319/2319 2320/2320/2320 2318/2318/2318
f 2315/2315/2315 2314/2314/2314 2320/2320/2320
f 2321/2321/2321 2322/2322/2322 2318/2318/2318
f 2325/2325/2325 2326/2326/2326 2323/2323/2323
f 2327/2327/2327 2335/2335/2335 2326/2326/2326
f 2324/2324/2324 2323/2323/2323 2329/2329/2329
f 2330/2330/2330 2331/2331/2331 2320/2320/2320
f 2331/2331/2331 2317/2317/2317 2320/2320/2320
f 2331/2331/2331 2333/2333/2333 2332/2332/2332
f 2333/2333/2333 2321/2321/2321 2332/2332/2332
f 2321/2321/2321 2333/2333/2333 2334/2334/2334
f 2326/2326/2326 2335/2335/2335 2334/2334/2334
f 2336/2336/2336 2323/2323/2323 2326/2326/2326
f 2334/2334/2334 2336/2336/2336 2326/2326/2326
f 2330/2330/2330 2342/2342/2342 2337/2337/2337
f 2331/2331/2331 2337/2337/2337 2338/2338/2338
f 2333/2333/2333 2338/2338/2338 2339/2339/2339
f 2334/2334/2334 2339/2339/2339 2340/2340/2340
f 2342/2342/2342 2347/2347/2347 2341/2341/2341
f 2337/2337/2337 2341/2341/2341 2343/2343/2343
f 2338/2338/2338 2343/2343/2343 2344/2344/2344
f 2339/2339/2339 2344/2344/2344 2345/2345/2345
f 2347/2347/2347 2352/2352/2352 2346/2346/2346
f 2341/2341/2341 2346/2346/2346 2348/2348/2348
f 2343/2343/2343 2348/2348/2348 2349/2349/2349
f 2344/2344/2344 2349/2349/2349 2350/2350/2350
f 2352/2352/2352 2357/2357/2357 2351/2351/2351
f 2346/2346/2346 2351/2351/2351 2353/2353/2353
f 2348/2348/2348 2353/2353/2353 2354/2354/2354
f 2349/2349/2349 2354/2354/2354 2355/2355/2355
f 2357/2357/2357 2362/2362/2362 2356/2356/2356
f 2351/2351/2351 2356/2356/2356 2358/2358/2358
f 2353/2353/2353 2358/2358/2358 2359/2359/2359
f 2354/2354/2354 2359/2359/2359 2360/2360/2360
f 2362/2362/2362 2367/2367/2367 2361/2361/2361
f 2356/2356/2356 2361/2361/2361 2363/2363/2363
f 2358/2358/2358 2363/2363/2363 2364/2364/2364
f 2359/2359/2359 2364/2364/2364 2365/2365/2365
f 2367/2367/2367 2372/2372/2372 2366/2366/2366
f 2361/2361/2361 2366/2366/2366 2368/2368/2368
f 2363/2363/2363 2368/2368/2368 2369/2369/2369
f 2364/2364/2364 2369/2369/2369 2370/2370/2370
f 2372/2372/2372 2377/2377/2377 2371/2371/2371
f 2366/2366/2366 2371/2371/2371 2373/2373/2373
f 2368/2368/2368 2373/2373/2373 2374/2374/2374
f 2369/2369/2369 2374/2374/2374 2375/2375/2375
f 2377/2377/2377 2382/2382/2382 2376/2376/2376
f 2371/2371/2371 2376/2376/2376 2378/2378/2378
f 2373/2373/2373 2378/2378/2378 2379/2379/2379
f 2374/2374/2374 2379/2379/2379 2380/2380/2380
f 2382/2382/2382 2428/2428/2428 2381/2381/2381
f 2376/2376/2376 2381/2381/2381 2383/2383/2383
f 2378/2378/2378 2383/2383/2383 2384/2384/2384
f 2379/2379/2379 2384/2384/2384 2385/2385/2385
f 2386/2386/2386 2387/2387/2387 2315/2315/2315
f 2388/2388/2388 2389/2389/2389 2390/2390/2390
f 2388/2388/2388 2392/2392/2392 2314/2314/2314
f 2316/2316/2316 2389/2389/2389 2388/2388/2388
f 2391/2391/2391 2386/2386/2386 2318/2318/2318
f 2315/2315/2315 2319/2319/2319 2386/2386/2386
f 2386/2386/2386 2319/2319/2319 2318/2318/2318
f 2318/2318/2318 2322/2322/2322 2391/2391/2391
f 2392/2392/2392 2388/2388/2388 2390/2390/2390
f 2393/2393/2393 2330/2330/2330 2394/2394/2394
f 2330/2330/2330 2392/2392/2392 2394/2394/2394
f 2342/2342/2342 2395/2395/2395 2396/2396/2396
f 2342/2342/2342 2393/2393/2393 2395/2395/2395
f 2342/2342/2342 2396/2396/2396 2397/2397/2397
f 2347/2347/2347 2397/2397/2397 2398/2398/2398
f 2342/2342/2342 2330/2330/2330 2393/2393/2393
f 2347/2347/2347 2342/2342/2342 2397/2397/2397
f 2352/2352/2352 2399/2399/2399 2400/2400/2400
f 2400/2400/2400 2401/2401/2401 2352/2352/2352
f 2347/2347/2347 2399/2399/2399 2352/2352/2352
f 2398/2398/2398 2399/2399/2399 2347/2347/2347
f 2391/2391/2391 2322/2322/2322 2327/2327/2327
f 2322/2322/2322 2321/2321/2321 2335/2335/2335
f 2325/2325/2325 2402/2402/2402 2327/2327/2327
f 2324/2324/2324 2402/2402/2402 2325/2325/2325
f 2403/2403/2403 2402/2402/2402 2324/2324/2324
f 2323/2323/2323 2336/2336/2336 2328/2328/2328
f 2404/2404/2404 2405/2405/2405 2336/2336/2336
f 2328/2328/2328 2336/2336/2336 2405/2405/2405
f 2336/2336/2336 2406/2406/2406 2404/2404/2404
f 2345/2345/2345 2407/2407/2407 2340/2340/2340
f 2408/2408/2408 2409/2409/2409 2350/2350/2350
f 2410/2410/2410 2345/2345/2345 2350/2350/2350
f 2340/2340/2340 2406/2406/2406 2336/2336/2336
f 2410/2410/2410 2350/2350/2350 2409/2409/2409
f 2411/2411/2411 2340/2340/2340 2412/2412/2412
f 2340/2340/2340 2411/2411/2411 2406/2406/2406
f 2410/2410/2410 2413/2413/2413 2345/2345/2345
f 2412/2412/2412 2340/2340/2340 2407/2407/2407
f 2345/2345/2345 2413/2413/2413 2407/2407/2407
f 2355/2355/2355 2408/2408/2408 2350/2350/2350
f 2414/2414/2414 2352/2352/2352 2401/2401/2401
f 2415/2415/2415 2362/2362/2362 2416/2416/2416
f 2415/2415/2415 2417/2417/2417 2362/2362/2362
f 2418/2418/2418 2367/2367/2367 2419/2419/2419
f 2367/2367/2367 2417/2417/2417 2419/2419/2419
f 2367/2367/2367 2418/2418/2418 2420/2420/2420
f 2357/2357/2357 2414/2414/2414 2421/2421/2421
f 2357/2357/2357 2421/2421/2421 2416/2416/2416
f 2416/2416/2416 2362/2362/2362 2357/2357/2357
f 2362/2362/2362 2417/2417/2417 2367/2367/2367
f 2372/2372/2372 2367/2367/2367 2420/2420/2420
f 2372/2372/2372 2422/2422/2422 2423/2423/2423
f 2420/2420/2420 2422/2422/2422 2372/2372/2372
f 2377/2377/2377 2424/2424/2424 2425/2425/2425
f 2426/2426/2426 2427/2427/2427 2428/2428/2428
f 2429/2429/2429 2430/2430/2430 2431/2431/2431
f 2428/2428/2428 2432/2432/2432 2426/2426/2426
f 2429/2429/2429 2428/2428/2428 2427/2427/2427
f 2423/2423/2423 2424/2424/2424 2377/2377/2377
f 2377/2377/2377 2425/2425/2425 2433/2433/2433
f 2382/2382/2382 2377/2377/2377 2433/2433/2433
f 2372/2372/2372 2423/2423/2423 2377/2377/2377
f 2433/2433/2433 2434/2434/2434 2382/2382/2382
f 2382/2382/2382 2434/2434/2434 2432/2432/2432
f 2428/2428/2428 2382/2382/2382 2432/2432/2432
f 2428/2428/2428 2429/2429/2429 2431/2431/2431
f 2381/2381/2381 2428/2428/2428 2431/2431/2431
f 2435/2435/2435 2436/2436/2436 2355/2355/2355
f 2355/2355/2355 2436/2436/2436 2408/2408/2408
f 2355/2355/2355 2437/2437/2437 2435/2435/2435
f 2360/2360/2360 2437/2437/2437 2355/2355/2355
f 2365/2365/2365 2438/2438/2438 2360/2360/2360
f 2370/2370/2370 2439/2439/2439 2365/2365/2365
f 2360/2360/2360 2440/2440/2440 2437/2437/2437
f 2360/2360/2360 2438/2438/2438 2440/2440/2440
f 2365/2365/2365 2441/2441/2441 2438/2438/2438
f 2439/2439/2439 2441/2441/2441 2365/2365/2365
f 2370/2370/2370 2442/2442/2442 2439/2439/2439
f 2442/2442/2442 2370/2370/2370 2443/2443/2443
f 2443/2443/2443 2370/2370/2370 2444/2444/2444
f 2445/2445/2445 2375/2375/2375 2380/2380/2380
f 2446/2446/2446 2447/2447/2447 2384/2384/2384
f 2381/2381/2381 2446/2446/2446 2383/2383/2383
f 2446/2446/2446 2381/2381/2381 2431/2431/2431
f 2447/2447/2447 2385/2385/2385 2384/2384/2384
f 2448/2448/2448 2375/2375/2375 2445/2445/2445
f 2375/2375/2375 2448/2448/2448 2444/2444/2444
f 2449/2449/2449 2385/2385/2385 2450/2450/2450
f 2451/2451/2451 2450/2450/2450 2385/2385/2385
f 2451/2451/2451 2385/2385/2385 2447/2447/2447
f 2380/2380/2380 2449/2449/2449 2445/2445/2445
f 2385/2385/2385 2449/2449/2449 2380/2380/2380
f 2370/2370/2370 2375/2375/2375 2444/2444/2444
f 2357/2357/2357 2352/2352/2352 2414/2414/2414
f 2452/2452/2452 2453/2453/2453 2454/2454/2454
f 2455/2455/2455 2456/2456/2456 2452/2452/2452
f 2454/2454/2454 2455/2455/2455 2452/2452/2452
f 2457/2457/2457 2458/2458/2458 2459/2459/2459
f 2460/2460/2460 2461/2461/2461 2457/2457/2457
f 2459/2459/2459 2460/2460/2460 2457/2457/2457
f 2462/2462/2462 2463/2463/2463 2464/2464/2464
f 2454/2454/2454 2453/2453/2453 2462/2462/2462
f 2464/2464/2464 2454/2454/2454 2462/2462/2462
f 2460/2460/2460 2454/2454/2454 2465/2465/2465
f 2466/2466/2466 2461/2461/2461 2460/2460/2460
f 2465/2465/2465 2467/2467/2467 2466/2466/2466
f 2460/2460/2460 2465/2465/2465 2466/2466/2466
f 2468/2468/2468 2469/2469/2469 2470/2470/2470
f 2464/2464/2464 2463/2463/2463 2468/2468/2468
f 2470/2470/2470 2464/2464/2464 2468/2468/2468
f 2464/2464/2464 2470/2470/2470 2465/2465/2465
f 2472/2472/2472 2467/2467/2467 2465/2465/2465
f 2471/2471/2471 2473/2473/2473 2472/2472/2472
f 2465/2465/2465 2471/2471/2471 2472/2472/2472
f 2474/2474/2474 2475/2475/2475 2476/2476/2476
f 2476/2476/2476 2456/2456/2456 2474/2474/2474
f 2477/2477/2477 2475/2475/2475 2455/2455/2455
f 2452/2452/2452 2456/2456/2456 2453/2453/2453
f 2478/2478/2478 2453/2453/2453 2456/2456/2456
f 2474/2474/2474 2456/2456/2456 2455/2455/2455
f 2474/2474/2474 2455/2455/2455 2475/2475/2475
f 2459/2459/2459 2479/2479/2479 2477/2477/2477
f 2480/2480/2480 2477/2477/2477 2479/2479/2479
f 2458/2458/2458 2480/2480/2480 2479/2479/2479
f 2481/2481/2481 2458/2458/2458 2461/2461/2461
f 2461/2461/2461 2466/2466/2466 2481/2481/2481
f 2479/2479/2479 2459/2459/2459 2458/2458/2458
f 2453/2453/2453 2478/2478/2478 2462/2462/2462
f 2463/2463/2463 2462/2462/2462 2478/2478/2478
f 2469/2469/2469 2468/2468/2468 2482/2482/2482
f 2463/2463/2463 2482/2482/2482 2468/2468/2468
f 2482/2482/2482 2484/2484/2484 2469/2469/2469
f 2463/2463/2463 2478/2478/2478 2482/2482/2482
f 2483/2483/2483 2470/2470/2470 2469/2469/2469
f 2483/2483/2483 2484/2484/2484 2485/2485/2485
f 2483/2483/2483 2485/2485/2485 2470/2470/2470
f 2486/2486/2486 2481/2481/2481 2467/2467/2467
f 2486/2486/2486 2472/2472/2472 2473/2473/2473
f 2487/2487/2487 2489/2489/2489 2473/2473/2473
f 2466/2466/2466 2467/2467/2467 2481/2481/2481
f 2473/2473/2473 2471/2471/2471 2487/2487/2487
f 2488/2488/2488 2487/2487/2487 2471/2471/2471
f 2487/2487/2487 2488/2488/2488 2489/2489/2489
f 2491/2491/2491 2535/2535/2535 2492/2492/2492
f 2494/2494/2494 2496/2496/2496 2495/2495/2495
f 2496/2496/2496 2491/2491/2491 2490/2490/2490
f 2498/2498/2498 2500/2500/2500 2499/2499/2499
f 2500/2500/2500 2494/2494/2494 2493/2493/2493
f 2502/2502/2502 2498/2498/2498 2497/2497/2497
f 2495/2495/2495 2490/2490/2490 2503/2503/2503
f 2504/2504/2504 2493/2493/2493 2495/2495/2495
f 2503/2503/2503 2504/2504/2504 2495/2495/2495
f 2499/2499/2499 2493/2493/2493 2504/2504/2504
f 2505/2505/2505 2497/2497/2497 2499/2499/2499
f 2504/2504/2504 2505/2505/2505 2499/2499/2499
f 2503/2503/2503 2509/2509/2509 2506/2506/2506
f 2504/2504/2504 2506/2506/2506 2507/2507/2507
f 2509/2509/2509 2512/2512/2512 2508/2508/2508
f 2506/2506/2506 2508/2508/2508 2510/2510/2510
f 2512/2512/2512 2555/2555/2555 2511/2511/2511
f 2508/2508/2508 2511/2511/2511 2513/2513/2513
f 2511/2511/2511 2555/2555/2555 2515/2515/2515
f 2511/2511/2511 2514/2514/2514 2516/2516/2516
f 2515/2515/2515 2521/2521/2521 2517/2517/2517
f 2514/2514/2514 2517/2517/2517 2518/2518/2518
f 2519/2519/2519 2520/2520/2520 2517/2517/2517
f 2521/2521/2521 2522/2522/2522 2519/2519/2519
f 2517/2517/2517 2521/2521/2521 2519/2519/2519
f 2523/2523/2523 2524/2524/2524 2518/2518/2518
f 2517/2517/2517 2520/2520/2520 2523/2523/2523
f 2518/2518/2518 2517/2517/2517 2523/2523/2523
f 2526/2526/2526 2562/2562/2562 2525/2525/2525
f 2519/2519/2519 2528/2528/2528 2527/2527/2527
f 2522/2522/2522 2525/2525/2525 2528/2528/2528
f 2523/2523/2523 2530/2530/2530 2529/2529/2529
f 2520/2520/2520 2527/2527/2527 2530/2530/2530
f 2524/2524/2524 2529/2529/2529 2531/2531/2531
f 2533/2533/2533 2534/2534/2534 2535/2535/2535
f 2536/2536/2536 2535/2535/2535 2534/2534/2534
f 2492/2492/2492 2535/2535/2535 2536/2536/2536
f 2537/2537/2537 2492/2492/2492 2536/2536/2536
f 2496/2496/2496 2533/2533/2533 2491/2491/2491
f 2492/2492/2492 2503/2503/2503 2490/2490/2490
f 2538/2538/2538 2533/2533/2533 2496/2496/2496
f 2539/2539/2539 2492/2492/2492 2537/2537/2537
f 2540/2540/2540 2503/2503/2503 2539/2539/2539
f 2541/2541/2541 2509/2509/2509 2540/2540/2540
f 2542/2542/2542 2509/2509/2509 2541/2541/2541
f 2509/2509/2509 2503/2503/2503 2540/2540/2540
f 2512/2512/2512 2543/2543/2543 2544/2544/2544
f 2542/2542/2542 2512/2512/2512 2509/2509/2509
f 2542/2542/2542 2543/2543/2543 2512/2512/2512
f 2492/2492/2492 2539/2539/2539 2503/2503/2503
f 2538/2538/2538 2494/2494/2494 2500/2500/2500
f 2494/2494/2494 2538/2538/2538 2496/2496/2496
f 2498/2498/2498 2545/2545/2545 2500/2500/2500
f 2545/2545/2545 2498/2498/2498 2502/2502/2502
f 2502/2502/2502 2501/2501/2501 2547/2547/2547
f 2546/2546/2546 2502/2502/2502 2547/2547/2547
f 2501/2501/2501 2548/2548/2548 2549/2549/2549
f 2505/2505/2505 2548/2548/2548 2501/2501/2501
f 2505/2505/2505 2507/2507/2507 2550/2550/2550
f 2505/2505/2505 2501/2501/2501 2497/2497/2497
f 2507/2507/2507 2510/2510/2510 2551/2551/2551
f 2505/2505/2505 2550/2550/2550 2548/2548/2548
f 2507/2507/2507 2551/2551/2551 2552/2552/2552
f 2553/2553/2553 2554/2554/2554 2510/2510/2510
f 2544/2544/2544 2555/2555/2555 2512/2512/2512
f 2556/2556/2556 2515/2515/2515 2557/2557/2557
f 2515/2515/2515 2556/2556/2556 2558/2558/2558
f 2558/2558/2558 2559/2559/2559 2521/2521/2521
f 2555/2555/2555 2560/2560/2560 2557/2557/2557
f 2515/2515/2515 2558/2558/2558 2521/2521/2521
f 2515/2515/2515 2555/2555/2555 2557/2557/2557
f 2561/2561/2561 2526/2526/2526 2559/2559/2559
f 2521/2521/2521 2559/2559/2559 2526/2526/2526
f 2562/2562/2562 2526/2526/2526 2563/2563/2563
f 2561/2561/2561 2563/2563/2563 2526/2526/2526
f 2564/2564/2564 2565/2565/2565 2562/2562/2562
f 2563/2563/2563 2564/2564/2564 2562/2562/2562
f 2565/2565/2565 2566/2566/2566 2528/2528/2528
f 2521/2521/2521 2526/2526/2526 2522/2522/2522
f 2527/2527/2527 2528/2528/2528 2566/2566/2566
f 2513/2513/2513 2567/2567/2567 2553/2553/2553
f 2513/2513/2513 2553/2553/2553 2510/2510/2510
f 2513/2513/2513 2516/2516/2516 2568/2568/2568
f 2516/2516/2516 2518/2518/2518 2569/2569/2569
f 2518/2518/2518 2570/2570/2570 2569/2569/2569
f 2571/2571/2571 2568/2568/2568 2516/2516/2516
f 2570/2570/2570 2518/2518/2518 2532/2532/2532
f 2529/2529/2529 2530/2530/2530 2572/2572/2572
f 2566/2566/2566 2572/2572/2572 2530/2530/2530
f 2572/2572/2572 2575/2575/2575 2531/2531/2531
f 2573/2573/2573 2574/2574/2574 2532/2532/2532
f 2532/2532/2532 2574/2574/2574 2570/2570/2570
f 2575/2575/2575 2573/2573/2573 2531/2531/2531
f 2524/2524/2524 2532/2532/2532 2518/2518/2518
f 2560/2560/2560 2555/2555/2555 2544/2544/2544
f 2577/2577/2577 2644/2644/2644 2578/2578/2578
f 2580/2580/2580 2582/2582/2582 2581/2581/2581
f 2582/2582/2582 2577/2577/2577 2576/2576/2576
f 2585/2585/2585 2586/2586/2586 2583/2583/2583
f 2580/2580/2580 2579/2579/2579 2586/2586/2586
f 2589/2589/2589 2590/2590/2590 2587/2587/2587
f 2584/2584/2584 2583/2583/2583 2590/2590/2590
f 2581/2581/2581 2576/2576/2576 2591/2591/2591
f 2592/2592/2592 2579/2579/2579 2581/2581/2581
f 2591/2591/2591 2592/2592/2592 2581/2581/2581
f 2592/2592/2592 2593/2593/2593 2586/2586/2586
f 2593/2593/2593 2583/2583/2583 2586/2586/2586
f 2590/2590/2590 2583/2583/2583 2593/2593/2593
f 2594/2594/2594 2587/2587/2587 2590/2590/2590
f 2593/2593/2593 2594/2594/2594 2590/2590/2590
f 2592/2592/2592 2591/2591/2591 2596/2596/2596
f 2592/2592/2592 2595/2595/2595 2597/2597/2597
f 2593/2593/2593 2597/2597/2597 2598/2598/2598
f 2595/2595/2595 2596/2596/2596 2600/2600/2600
f 2595/2595/2595 2599/2599/2599 2601/2601/2601
f 2597/2597/2597 2601/2601/2601 2602/2602/2602
f 2599/2599/2599 2600/2600/2600 2604/2604/2604
f 2599/2599/2599 2603/2603/2603 2605/2605/2605
f 2601/2601/2601 2605/2605/2605 2606/2606/2606
f 2603/2603/2603 2604/2604/2604 2608/2608/2608
f 2603/2603/2603 2607/2607/2607 2609/2609/2609
f 2605/2605/2605 2609/2609/2609 2610/2610/2610
f 2607/2607/2607 2608/2608/2608 2612/2612/2612
f 2607/2607/2607 2611/2611/2611 2613/2613/2613
f 2609/2609/2609 2613/2613/2613 2614/2614/2614
f 2611/2611/2611 2612/2612/2612 2616/2616/2616
f 2611/2611/2611 2615/2615/2615 2617/2617/2617
f 2613/2613/2613 2617/2617/2617 2618/2618/2618
f 2616/2616/2616 2623/2623/2623 2619/2619/2619
f 2615/2615/2615 2619/2619/2619 2620/2620/2620
f 2617/2617/2617 2620/2620/2620 2621/2621/2621
f 2623/2623/2623 2628/2628/2628 2622/2622/2622
f 2619/2619/2619 2622/2622/2622 2624/2624/2624
f 2620/2620/2620 2624/2624/2624 2625/2625/2625
f 2626/2626/2626 2627/2627/2627 2622/2622/2622
f 2626/2626/2626 2622/2622/2622 2628/2628/2628
f 2630/2630/2630 2631/2631/2631 2624/2624/2624
f 2622/2622/2622 2627/2627/2627 2630/2630/2630
f 2624/2624/2624 2622/2622/2622 2630/2630/2630
f 2632/2632/2632 2633/2633/2633 2625/2625/2625
f 2624/2624/2624 2631/2631/2631 2632/2632/2632
f 2625/2625/2625 2624/2624/2624 2632/2632/2632
f 2635/2635/2635 2678/2678/2678 2634/2634/2634
f 2626/2626/2626 2637/2637/2637 2636/2636/2636
f 2629/2629/2629 2634/2634/2634 2637/2637/2637
f 2630/2630/2630 2639/2639/2639 2638/2638/2638
f 2627/2627/2627 2636/2636/2636 2639/2639/2639
f 2632/2632/2632 2641/2641/2641 2640/2640/2640
f 2631/2631/2631 2638/2638/2638 2641/2641/2641
f 2633/2633/2633 2640/2640/2640 2642/2642/2642
f 2644/2644/2644 2645/2645/2645 2646/2646/2646
f 2647/2647/2647 2578/2578/2578 2644/2644/2644
f 2646/2646/2646 2647/2647/2647 2644/2644/2644
f 2648/2648/2648 2578/2578/2578 2647/2647/2647
f 2644/2644/2644 2577/2577/2577 2649/2649/2649
f 2582/2582/2582 2649/2649/2649 2577/2577/2577
f 2580/2580/2580 2657/2657/2657 2649/2649/2649
f 2578/2578/2578 2648/2648/2648 2576/2576/2576
f 2591/2591/2591 2648/2648/2648 2650/2650/2650
f 2596/2596/2596 2591/2591/2591 2651/2651/2651
f 2652/2652/2652 2653/2653/2653 2596/2596/2596
f 2600/2600/2600 2653/2653/2653 2654/2654/2654
f 2596/2596/2596 2651/2651/2651 2652/2652/2652
f 2604/2604/2604 2654/2654/2654 2655/2655/2655
f 2600/2600/2600 2654/2654/2654 2604/2604/2604
f 2608/2608/2608 2604/2604/2604 2656/2656/2656
f 2655/2655/2655 2656/2656/2656 2604/2604/2604
f 2585/2585/2585 2657/2657/2657 2580/2580/2580
f 2657/2657/2657 2585/2585/2585 2584/2584/2584
f 2584/2584/2584 2589/2589/2589 2658/2658/2658
f 2659/2659/2659 2658/2658/2658 2588/2588/2588
f 2588/2588/2588 2658/2658/2658 2589/2589/2589
f 2660/2660/2660 2659/2659/2659 2588/2588/2588
f 2661/2661/2661 2660/2660/2660 2587/2587/2587
f 2588/2588/2588 2587/2587/2587 2660/2660/2660
f 2587/2587/2587 2594/2594/2594 2661/2661/2661
f 2662/2662/2662 2594/2594/2594 2598/2598/2598
f 2663/2663/2663 2602/2602/2602 2606/2606/2606
f 2664/2664/2664 2606/2606/2606 2610/2610/2610
f 2665/2665/2665 2598/2598/2598 2602/2602/2602
f 2598/2598/2598 2666/2666/2666 2662/2662/2662
f 2665/2665/2665 2666/2666/2666 2598/2598/2598
f 2663/2663/2663 2665/2665/2665 2602/2602/2602
f 2610/2610/2610 2667/2667/2667 2664/2664/2664
f 2663/2663/2663 2606/2606/2606 2664/2664/2664
f 2667/2667/2667 2610/2610/2610 2668/2668/2668
f 2661/2661/2661 2594/2594/2594 2662/2662/2662
f 2612/2612/2612 2608/2608/2608 2669/2669/2669
f 2616/2616/2616 2670/2670/2670 2671/2671/2671
f 2616/2616/2616 2671/2671/2671 2672/2672/2672
f 2612/2612/2612 2669/2669/2669 2670/2670/2670
f 2616/2616/2616 2612/2612/2612 2670/2670/2670
f 2623/2623/2623 2616/2616/2616 2672/2672/2672
f 2628/2628/2628 2623/2623/2623 2673/2673/2673
f 2674/2674/2674 2628/2628/2628 2673/2673/2673
f 2628/2628/2628 2675/2675/2675 2635/2635/2635
f 2635/2635/2635 2676/2676/2676 2677/2677/2677
f 2678/2678/2678 2677/2677/2677 2679/2679/2679
f 2635/2635/2635 2675/2675/2675 2676/2676/2676
f 2678/2678/2678 2635/2635/2635 2677/2677/2677
f 2635/2635/2635 2629/2629/2629 2628/2628/2628
f 2678/2678/2678 2681/2681/2681 2680/2680/2680
f 2678/2678/2678 2679/2679/2679 2681/2681/2681
f 2675/2675/2675 2628/2628/2628 2674/2674/2674
f 2634/2634/2634 2680/2680/2680 2637/2637/2637
f 2682/2682/2682 2614/2614/2614 2618/2618/2618
f 2683/2683/2683 2621/2621/2621 2625/2625/2625
f 2643/2643/2643 2684/2684/2684 2625/2625/2625
f 2685/2685/2685 2618/2618/2618 2621/2621/2621
f 2668/2668/2668 2614/2614/2614 2682/2682/2682
f 2682/2682/2682 2618/2618/2618 2685/2685/2685
f 2685/2685/2685 2621/2621/2621 2686/2686/2686
f 2686/2686/2686 2621/2621/2621 2683/2683/2683
f 2625/2625/2625 2684/2684/2684 2683/2683/2683
f 2643/2643/2643 2625/2625/2625 2633/2633/2633
f 2614/2614/2614 2668/2668/2668 2610/2610/2610
f 2680/2680/2680 2687/2687/2687 2636/2636/2636
f 2687/2687/2687 2639/2639/2639 2636/2636/2636
f 2638/2638/2638 2687/2687/2687 2688/2688/2688
f 2639/2639/2639 2687/2687/2687 2638/2638/2638
f 2642/2642/2642 2689/2689/2689 2643/2643/2643
f 2684/2684/2684 2643/2643/2643 2689/2689/2689
f 2642/2642/2642 2640/2640/2640 2688/2688/2688
f 2689/2689/2689 2642/2642/2642 2690/2690/2690
f 2688/2688/2688 2640/2640/2640 2641/2641/2641
f 2691/2691/2691 2692/2692/2692 2693/2693/2693
f 2694/2694/2694 2695/2695/2695 2696/2696/2696
f 2691/2691/2691 2713/2713/2713 2697/2697/2697
f 2698/2698/2698 2697/2697/2697 2699/2699/2699
f 2701/2701/2701 2702/2702/2702 2703/2703/2703
f 2702/2702/2702 2701/2701/2701 2704/2704/2704
f 2704/2704/2704 2697/2697/2697 2702/2702/2702
f 2704/2704/2704 2705/2705/2705 2699/2699/2699
f 2699/2699/2699 2705/2705/2705 2706/2706/2706
f 2707/2707/2707 2708/2708/2708 2706/2706/2706
f 2709/2709/2709 2707/2707/2707 2705/2705/2705
f 2710/2710/2710 2711/2711/2711 2692/2692/2692
f 2710/2710/2710 2698/2698/2698 2700/2700/2700
f 2692/2692/2692 2711/2711/2711 2693/2693/2693
f 2693/2693/2693 2711/2711/2711 2691/2691/2691
f 2692/2692/2692 2698/2698/2698 2710/2710/2710
f 2691/2691/2691 2698/2698/2698 2692/2692/2692
f 2700/2700/2700 2696/2696/2696 2712/2712/2712
f 2695/2695/2695 2714/2714/2714 2712/2712/2712
f 2714/2714/2714 2695/2695/2695 2694/2694/2694
f 2712/2712/2712 2696/2696/2696 2695/2695/2695
f 2713/2713/2713 2701/2701/2701 2703/2703/2703
f 2715/2715/2715 2704/2704/2704 2701/2701/2701
f 2716/2716/2716 2704/2704/2704 2715/2715/2715
f 2717/2717/2717 2715/2715/2715 2718/2718/2718
f 2717/2717/2717 2718/2718/2718 2701/2701/2701
f 2704/2704/2704 2716/2716/2716 2719/2719/2719
f 2707/2707/2707 2720/2720/2720 2708/2708/2708
f 2721/2721/2721 2719/2719/2719 2709/2709/2709
f 2709/2709/2709 2719/2719/2719 2722/2722/2722
f 2705/2705/2705 2719/2719/2719 2721/2721/2721
f 2707/2707/2707 2709/2709/2709 2722/2722/2722
f 2723/2723/2723 2724/2724/2724 2725/2725/2725
f 2725/2725/2725 2724/2724/2724 2726/2726/2726
f 2724/2724/2724 2723/2723/2723 2727/2727/2727
f 2723/2723/2723 2728/2728/2728 2727/2727/2727
f 2729/2729/2729 2730/2730/2730 2731/2731/2731
f 2732/2732/2732 2733/2733/2733 2734/2734/2734
f 2735/2735/2735 2736/2736/2736 2737/2737/2737
f 2736/2736/2736 2729/2729/2729 2738/2738/2738
f 2736/2736/2736 2735/2735/2735 2739/2739/2739
f 2739/2739/2739 2729/2729/2729 2736/2736/2736
f 2729/2729/2729 2739/2739/2739 2741/2741/2741
f 2742/2742/2742 2732/2732/2732 2741/2741/2741
f 2740/2740/2740 2743/2743/2743 2742/2742/2742
f 2741/2741/2741 2740/2740/2740 2742/2742/2742
f 2743/2743/2743 2744/2744/2744 2742/2742/2742
f 2745/2745/2745 2746/2746/2746 2747/2747/2747
f 2739/2739/2739 2735/2735/2735 2746/2746/2746
f 2745/2745/2745 2739/2739/2739 2746/2746/2746
f 2739/2739/2739 2745/2745/2745 2748/2748/2748
f 2749/2749/2749 2743/2743/2743 2740/2740/2740
f 2748/2748/2748 2750/2750/2750 2749/2749/2749
f 2740/2740/2740 2748/2748/2748 2749/2749/2749
f 2750/2750/2750 2751/2751/2751 2749/2749/2749
f 2752/2752/2752 2745/2745/2745 2753/2753/2753
f 2731/2731/2731 2754/2754/2754 2755/2755/2755
f 2729/2729/2729 2754/2754/2754 2730/2730/2730
f 2738/2738/2738 2731/2731/2731 2755/2755/2755
f 2731/2731/2731 2730/2730/2730 2754/2754/2754
f 2729/2729/2729 2741/2741/2741 2754/2754/2754
f 2735/2735/2735 2753/2753/2753 2747/2747/2747
f 2735/2735/2735 2737/2737/2737 2738/2738/2738
f 2733/2733/2733 2757/2757/2757 2756/2756/2756
f 2757/2757/2757 2733/2733/2733 2732/2732/2732
f 2756/2756/2756 2734/2734/2734 2733/2733/2733
f 2741/2741/2741 2734/2734/2734 2756/2756/2756
f 2734/2734/2734 2741/2741/2741 2732/2732/2732
f 2743/2743/2743 2732/2732/2732 2744/2744/2744
f 2750/2750/2750 2743/2743/2743 2751/2751/2751
f 2752/2752/2752 2758/2758/2758 2745/2745/2745
f 2758/2758/2758 2752/2752/2752 2759/2759/2759
f 2759/2759/2759 2760/2760/2760 2758/2758/2758
f 2760/2760/2760 2759/2759/2759 2753/2753/2753
f 2761/2761/2761 2762/2762/2762 2748/2748/2748
f 2762/2762/2762 2750/2750/2750 2748/2748/2748
f 2762/2762/2762 2763/2763/2763 2764/2764/2764
f 2763/2763/2763 2750/2750/2750 2764/2764/2764
f 2762/2762/2762 2761/2761/2761 2763/2763/2763
f 2765/2765/2765 2766/2766/2766 2767/2767/2767
f 2768/2768/2768 2769/2769/2769 2770/2770/2770
f 2772/2772/2772 2774/2774/2774 2776/2776/2776
f 2778/2778/2778 2780/2780/2780 2781/2781/2781
f 2782/2782/2782 2778/2778/2778 2781/2781/2781
f 2775/2775/2775 2783/2783/2783 2771/2771/2771
f 2786/2786/2786 2788/2788/2788 2790/2790/2790
f 2791/2791/2791 2785/2785/2785 2789/2789/2789
f 2791/2791/2791 2793/2793/2793 2785/2785/2785
f 2787/2787/2787 2792/2792/2792 2794/2794/2794
f 2784/2784/2784 2776/2776/2776 2796/2796/2796
f 2779/2779/2779 2777/2777/2777 2774/2774/2774
f 2797/2797/2797 2798/2798/2798 2799/2799/2799
f 2800/2800/2800 2802/2802/2802 2799/2799/2799
f 2800/2800/2800 2801/2801/2801 2802/2802/2802
f 2798/2798/2798 2797/2797/2797 2804/2804/2804
f 2805/2805/2805 2803/2803/2803 2806/2806/2806
f 2806/2806/2806 2778/2778/2778 2807/2807/2807
f 2805/2805/2805 2804/2804/2804 2803/2803/2803
f 2782/2782/2782 2807/2807/2807 2778/2778/2778
f 2809/2809/2809 2814/2814/2814 2815/2815/2815
f 2778/2778/2778 2816/2816/2816 2775/2775/2775
f 2785/2785/2785 2795/2795/2795 2775/2775/2775
f 2816/2816/2816 2809/2809/2809 2775/2775/2775
f 2814/2814/2814 2809/2809/2809 2816/2816/2816
f 2817/2817/2817 2818/2818/2818 2820/2820/2820
f 2821/2821/2821 2817/2817/2817 2822/2822/2822
f 2820/2820/2820 2818/2818/2818 2825/2825/2825
f 2822/2822/2822 2828/2828/2828 2829/2829/2829
f 2831/2831/2831 2827/2827/2827 2824/2824/2824
f 2832/2832/2832 2833/2833/2833 2834/2834/2834
f 2834/2834/2834 2835/2835/2835 2832/2832/2832
f 2836/2836/2836 2825/2825/2825 2835/2835/2835
f 2833/2833/2833 2832/2832/2832 2837/2837/2837
f 2838/2838/2838 2809/2809/2809 2815/2815/2815
f 2839/2839/2839 2809/2809/2809 2838/2838/2838
f 2802/2802/2802 2801/2801/2801 2837/2837/2837
f 2840/2840/2840 2817/2817/2817 2821/2821/2821
f 2818/2818/2818 2817/2817/2817 2840/2840/2840
f 2841/2841/2841 2822/2822/2822 2842/2842/2842
f 2822/2822/2822 2843/2843/2843 2844/2844/2844
f 2822/2822/2822 2844/2844/2844 2821/2821/2821
f 2845/2845/2845 2846/2846/2846 2847/2847/2847
f 2848/2848/2848 2849/2849/2849 2829/2829/2829
f 2829/2829/2829 2850/2850/2850 2842/2842/2842
f 2849/2849/2849 2850/2850/2850 2829/2829/2829
f 2842/2842/2842 2822/2822/2822 2829/2829/2829
f 2809/2809/2809 2839/2839/2839 2846/2846/2846
f 2843/2843/2843 2822/2822/2822 2841/2841/2841
f 2849/2849/2849 2848/2848/2848 2847/2847/2847
f 2830/2830/2830 2825/2825/2825 2836/2836/2836
f 2809/2809/2809 2846/2846/2846 2845/2845/2845
f 2852/2852/2852 2809/2809/2809 2853/2853/2853
f 2855/2855/2855 2857/2857/2857 2851/2851/2851
f 2853/2853/2853 2856/2856/2856 2852/2852/2852
f 2811/2811/2811 2859/2859/2859 2860/2860/2860
f 2863/2863/2863 2809/2809/2809 2864/2864/2864
f 2862/2862/2862 2858/2858/2858 2810/2810/2810
f 2809/2809/2809 2865/2865/2865 2864/2864/2864
f 2866/2866/2866 2809/2809/2809 2867/2867/2867
f 2867/2867/2867 2809/2809/2809 2868/2868/2868
f 2870/2870/2870 2872/2872/2872 2810/2810/2810
f 2809/2809/2809 2871/2871/2871 2868/2868/2868
f 2866/2866/2866 2865/2865/2865 2809/2809/2809
f 2809/2809/2809 2873/2873/2873 2869/2869/2869
f 2875/2875/2875 2877/2877/2877 2810/2810/2810
f 2878/2878/2878 2810/2810/2810 2880/2880/2880
f 2809/2809/2809 2879/2879/2879 2874/2874/2874
f 2881/2881/2881 2809/2809/2809 2882/2882/2882
f 2876/2876/2876 2873/2873/2873 2809/2809/2809
f 2883/2883/2883 2809/2809/2809 2884/2884/2884
f 2884/2884/2884 2809/2809/2809 2885/2885/2885
f 2887/2887/2887 2888/2888/2888 2809/2809/2809
f 2809/2809/2809 2888/2888/2888 2885/2885/2885
f 2809/2809/2809 2883/2883/2883 2882/2882/2882
f 2812/2812/2812 2889/2889/2889 2886/2886/2886
f 2854/2854/2854 2810/2810/2810 2861/2861/2861
f 2891/2891/2891 2813/2813/2813 2894/2894/2894
f 2848/2848/2848 2895/2895/2895 2845/2845/2845
f 2809/2809/2809 2845/2845/2845 2893/2893/2893
f 2896/2896/2896 2895/2895/2895 2848/2848/2848
f 2890/2890/2890 2808/2808/2808 2892/2892/2892
f 2897/2897/2897 2900/2900/2900 2898/2898/2898
f 2900/2900/2900 2897/2897/2897 2901/2901/2901
f 2902/2902/2902 2904/2904/2904 2901/2901/2901
f 2904/2904/2904 2902/2902/2902 2905/2905/2905
f 2906/2906/2906 2905/2905/2905 2907/2907/2907
f 2908/2908/2908 2906/2906/2906 2909/2909/2909
f 2905/2905/2905 2906/2906/2906 2908/2908/2908
f 2906/2906/2906 2910/2910/2910 2909/2909/2909
f 2911/2911/2911 2903/2903/2903 2912/2912/2912
f 2903/2903/2903 2911/2911/2911 2902/2902/2902
f 2905/2905/2905 2913/2913/2913 2907/2907/2907
f 2902/2902/2902 2913/2913/2913 2905/2905/2905
f 2902/2902/2902 2914/2914/2914 2913/2913/2913
f 2915/2915/2915 2897/2897/2897 2899/2899/2899
f 2897/2897/2897 2915/2915/2915 2917/2917/2917
f 2918/2918/2918 2901/2901/2901 2897/2897/2897
f 2901/2901/2901 2918/2918/2918 2903/2903/2903
f 2919/2919/2919 2917/2917/2917 2920/2920/2920
f 2918/2918/2918 2919/2919/2919 2921/2921/2921
f 2917/2917/2917 2919/2919/2919 2918/2918/2918
f 2922/2922/2922 2918/2918/2918 2921/2921/2921
f 2903/2903/2903 2922/2922/2922 2912/2912/2912
f 2918/2918/2918 2922/2922/2922 2903/2903/2903
f 2922/2922/2922 2923/2923/2923 2912/2912/2912
f 2924/2924/2924 2916/2916/2916 2925/2925/2925
f 2916/2916/2916 2924/2924/2924 2915/2915/2915
f 2917/2917/2917 2926/2926/2926 2920/2920/2920
f 2915/2915/2915 2926/2926/2926 2917/2917/2917
f 2915/2915/2915 2927/2927/2927 2926/2926/2926
f 2924/2924/2924 2928/2928/2928 2927/2927/2927
f 2929/2929/2929 2930/2930/2930 2931/2931/2931
f 2932/2932/2932 2933/2933/2933 2930/2930/2930
f 2934/2934/2934 2935/2935/2935 2936/2936/2936
f 2937/2937/2937 2934/2934/2934 2931/2931/2931
f 2935/2935/2935 2934/2934/2934 2937/2937/2937
f 2930/2930/2930 2937/2937/2937 2931/2931/2931
f 2937/2937/2937 2930/2930/2930 2933/2933/2933
f 2938/2938/2938 2939/2939/2939 2940/2940/2940
f 2941/2941/2941 2939/2939/2939 2942/2942/2942
f 2940/2940/2940 2939/2939/2939 2941/2941/2941
f 2943/2943/2943 2941/2941/2941 2942/2942/2942
f 2935/2935/2935 2943/2943/2943 2936/2936/2936
f 2941/2941/2941 2943/2943/2943 2935/2935/2935
f 2941/2941/2941 2944/2944/2944 2940/2940/2940
f 2945/2945/2945 2944/2944/2944 2941/2941/2941
f 2937/2937/2937 2945/2945/2945 2935/2935/2935
f 2946/2946/2946 2945/2945/2945 2937/2937/2937
f 2947/2947/2947 2940/2940/2940 2948/2948/2948
f 2949/2949/2949 2950/2950/2950 2951/2951/2951
f 2952/2952/2952 2949/2949/2949 2953/2953/2953
f 2950/2950/2950 2949/2949/2949 2952/2952/2952
f 2948/2948/2948 2952/2952/2952 2953/2953/2953
f 2952/2952/2952 2948/2948/2948 2940/2940/2940
f 2954/2954/2954 2955/2955/2955 2956/2956/2956
f 2955/2955/2955 2957/2957/2957 2956/2956/2956
f 2950/2950/2950 2955/2955/2955 2951/2951/2951
f 2957/2957/2957 2955/2955/2955 2950/2950/2950
f 2952/2952/2952 2958/2958/2958 2950/2950/2950
f 2944/2944/2944 2958/2958/2958 2952/2952/2952
f 2945/2945/2945 2959/2959/2959 2944/2944/2944
f 2960/2960/2960 2959/2959/2959 2945/2945/2945
f 2961/2961/2961 2962/2962/2962 2963/2963/2963
f 2964/2964/2964 2961/2961/2961 2965/2965/2965
f 2966/2966/2966 2964/2964/2964 2965/2965/2965
f 2898/2898/2898 2964/2964/2964 2899/2899/2899
f 2967/2967/2967 2965/2965/2965 2968/2968/2968
f 2966/2966/2966 2965/2965/2965 2967/2967/2967
f 2970/2970/2970 2966/2966/2966 2969/2969/2969
f 2899/2899/2899 2966/2966/2966 2970/2970/2970
f 2969/2969/2969 2971/2971/2971 2970/2970/2970
f 2916/2916/2916 2972/2972/2972 2925/2925/2925
f 2970/2970/2970 2972/2972/2972 2916/2916/2916
f 2970/2970/2970 2973/2973/2973 2972/2972/2972
f 2969/2969/2969 2974/2974/2974 2971/2971/2971
f 2975/2975/2975 2968/2968/2968 2976/2976/2976
f 2967/2967/2967 2975/2975/2975 2977/2977/2977
f 2968/2968/2968 2975/2975/2975 2967/2967/2967
f 2978/2978/2978 2967/2967/2967 2977/2977/2977
f 2967/2967/2967 2978/2978/2978 2969/2969/2969
f 2978/2978/2978 2979/2979/2979 2974/2974/2974
f 2975/2975/2975 2980/2980/2980 2977/2977/2977
f 2961/2961/2961 2963/2963/2963 2981/2981/2981
f 2982/2982/2982 2961/2961/2961 2981/2981/2981
f 2965/2965/2965 2961/2961/2961 2968/2968/2968
f 2983/2983/2983 2981/2981/2981 2984/2984/2984
f 2982/2982/2982 2983/2983/2983 2985/2985/2985
f 2981/2981/2981 2983/2983/2983 2982/2982/2982
f 2986/2986/2986 2982/2982/2982 2985/2985/2985
f 2968/2968/2968 2986/2986/2986 2976/2976/2976
f 2982/2982/2982 2986/2986/2986 2968/2968/2968
f 2986/2986/2986 2987/2987/2987 2976/2976/2976
f 2984/2984/2984 2988/2988/2988 2983/2983/2983
f 2983/2983/2983 2988/2988/2988 2985/2985/2985
f 2989/2989/2989 2963/2963/2963 2990/2990/2990
f 2981/2981/2981 2963/2963/2963 2984/2984/2984
f 2991/2991/2991 2961/2961/2961 2964/2964/2964
f 2898/2898/2898 2991/2991/2991 2964/2964/2964
f 2960/2960/2960 2991/2991/2991 2898/2898/2898
f 2962/2962/2962 2992/2992/2992 2993/2993/2993
f 2992/2992/2992 2962/2962/2962 2995/2995/2995
f 2996/2996/2996 2997/2997/2997 2962/2962/2962
f 2998/2998/2998 2999/2999/2999 3000/3000/3000
f 3001/3001/3001 3002/3002/3002 3003/3003/3003
f 3004/3004/3004 3000/3000/3000 3002/3002/3002
f 3002/3002/3002 3005/3005/3005 3003/3003/3003
f 3005/3005/3005 3002/3002/3002 3000/3000/3000
f 2994/2994/2994 2999/2999/2999 2995/2995/2995
f 3000/3000/3000 2999/2999/2999 2994/2994/2994
f 3006/3006/3006 3000/3000/3000 2994/2994/2994
f 3000/3000/3000 3006/3006/3006 3005/3005/3005
f 2994/2994/2994 2962/2962/2962 3006/3006/3006
f 3008/3008/3008 3009/3009/3009 3010/3010/3010
f 3009/3009/3009 3011/3011/3011 3010/3010/3010
f 3012/3012/3012 3009/3009/3009 3013/3013/3013
f 3011/3011/3011 3009/3009/3009 3012/3012/3012
f 3014/3014/3014 3012/3012/3012 3013/3013/3013
f 3005/3005/3005 3014/3014/3014 3003/3003/3003
f 3012/3012/3012 3014/3014/3014 3005/3005/3005
f 3015/3015/3015 3016/3016/3016 3017/3017/3017
f 2933/2933/2933 3016/3016/3016 3015/3015/3015
f 3018/3018/3018 3015/3015/3015 3017/3017/3017
f 3011/3011/3011 3018/3018/3018 3010/3010/3010
f 3015/3015/3015 3018/3018/3018 3011/3011/3011
f 3015/3015/3015 3019/3019/3019 2946/2946/2946
f 3019/3019/3019 3015/3015/3015 3011/3011/3011
f 3012/3012/3012 3007/3007/3007 3019/3019/3019
f 3007/3007/3007 3012/3012/3012 3005/3005/3005
f 2991/2991/2991 3019/3019/3019 3007/3007/3007
f 3019/3019/3019 2991/2991/2991 2946/2946/2946
f 3006/3006/3006 2962/2962/2962 2961/2961/2961
f 2961/2961/2961 3007/3007/3007 3006/3006/3006
f 3007/3007/3007 2961/2961/2961 2991/2991/2991
f 3020/3020/3020 3021/3021/3021 3022/3022/3022
f 2910/2910/2910 2907/2907/2907 3023/3023/3023
f 2909/2909/2909 3024/3024/3024 3021/3021/3021
f 2909/2909/2909 3021/3021/3021 3020/3020/3020
f 3024/3024/3024 2909/2909/2909 2910/2910/2910
f 3025/3025/3025 2907/2907/2907 2913/2913/2913
f 3025/3025/3025 3023/3023/3023 2907/2907/2907
f 2914/2914/2914 3025/3025/3025 2913/2913/2913
f 3026/3026/3026 3027/3027/3027 2912/2912/2912
f 3027/3027/3027 2914/2914/2914 2911/2911/2911
f 3028/3028/3028 3029/3029/3029 2921/2921/2921
f 3030/3030/3030 3031/3031/3031 2927/2927/2927
f 3031/3031/3031 2920/2920/2920 2926/2926/2926
f 2920/2920/2920 3028/3028/3028 2919/2919/2919
f 2923/2923/2923 2921/2921/2921 3029/3029/3029
f 3030/3030/3030 2927/2927/2927 2928/2928/2928
f 3033/3033/3033 2908/2908/2908 3020/3020/3020
f 2909/2909/2909 3020/3020/3020 2908/2908/2908
f 2904/2904/2904 2905/2905/2905 2908/2908/2908
f 3033/3033/3033 2904/2904/2904 2908/2908/2908
f 2900/2900/2900 2901/2901/2901 2904/2904/2904
f 3022/3022/3022 3033/3033/3033 3020/3020/3020
f 3026/3026/3026 2912/2912/2912 2923/2923/2923
f 3028/3028/3028 2921/2921/2921 2919/2919/2919
f 3031/3031/3031 2926/2926/2926 2927/2927/2927
f 2912/2912/2912 3027/3027/3027 2911/2911/2911
f 2928/2928/2928 2925/2925/2925 3032/3032/3032
f 2973/2973/2973 3034/3034/3034 2972/2972/2972
f 2971/2971/2971 3035/3035/3035 2973/2973/2973
f 3035/3035/3035 2974/2974/2974 3036/3036/3036
f 3034/3034/3034 2925/2925/2925 2972/2972/2972
f 3035/3035/3035 2971/2971/2971 2974/2974/2974
f 2979/2979/2979 3037/3037/3037 3036/3036/3036
f 3032/3032/3032 2925/2925/2925 3034/3034/3034
f 2980/2980/2980 3037/3037/3037 2977/2977/2977
f 2977/2977/2977 3037/3037/3037 2979/2979/2979
f 3039/3039/3039 2985/2985/2985 3038/3038/3038
f 2985/2985/2985 3039/3039/3039 2987/2987/2987
f 3040/3040/3040 3038/3038/3038 2984/2984/2984
f 2984/2984/2984 3038/3038/3038 2988/2988/2988
f 3041/3041/3041 3042/3042/3042 2989/2989/2989
f 2989/2989/2989 3042/3042/3042 2984/2984/2984
f 2990/2990/2990 3041/3041/3041 2989/2989/2989
f 2997/2997/2997 2990/2990/2990 2963/2963/2963
f 3043/3043/3043 2990/2990/2990 2997/2997/2997
f 3043/3043/3043 3041/3041/3041 2990/2990/2990
f 3044/3044/3044 2957/2957/2957 3045/3045/3045
f 2958/2958/2958 3045/3045/3045 2957/2957/2957
f 2957/2957/2957 2950/2950/2950 2958/2958/2958
f 2958/2958/2958 2944/2944/2944 2959/2959/2959
f 3046/3046/3046 3044/3044/3044 3045/3045/3045
f 3047/3047/3047 2954/2954/2954 2956/2956/2956
f 2956/2956/2956 2957/2957/2957 3044/3044/3044
f 3048/3048/3048 2956/2956/2956 3044/3044/3044
f 3045/3045/3045 2959/2959/2959 2900/2900/2900
f 3049/3049/3049 2947/2947/2947 2948/2948/2948
f 3050/3050/3050 2938/2938/2938 2947/2947/2947
f 3051/3051/3051 2949/2949/2949 2951/2951/2951
f 2954/2954/2954 3047/3047/3047 3052/3052/3052
f 3049/3049/3049 2948/2948/2948 2953/2953/2953
f 3053/3053/3053 2942/2942/2942 2938/2938/2938
f 3049/3049/3049 3050/3050/3050 2947/2947/2947
f 3048/3048/3048 3044/3044/3044 3046/3046/3046
f 3051/3051/3051 2951/2951/2951 3052/3052/3052
f 3048/3048/3048 3047/3047/3047 2956/2956/2956
f 2953/2953/2953 2949/2949/2949 3051/3051/3051
f 3054/3054/3054 2943/2943/2943 2942/2942/2942
f 2936/2936/2936 2943/2943/2943 3054/3054/3054
f 3055/3055/3055 2931/2931/2931 3056/3056/3056
f 2934/2934/2934 2936/2936/2936 3056/3056/3056
f 3055/3055/3055 3059/3059/3059 2929/2929/2929
f 2934/2934/2934 3056/3056/3056 2931/2931/2931
f 3053/3053/3053 3054/3054/3054 2942/2942/2942
f 2959/2959/2959 2960/2960/2960 2898/2898/2898
f 3057/3057/3057 3016/3016/3016 2932/2932/2932
f 3058/3058/3058 3010/3010/3010 3018/3018/3018
f 3059/3059/3059 2932/2932/2932 2929/2929/2929
f 2995/2995/2995 2999/2999/2999 2998/2998/2998
f 3060/3060/3060 3061/3061/3061 2995/2995/2995
f 3062/3062/3062 2993/2993/2993 3063/3063/3063
f 2992/2992/2992 3061/3061/3061 3063/3063/3063
f 2993/2993/2993 3062/3062/3062 2996/2996/2996
f 2992/2992/2992 3063/3063/3063 2993/2993/2993
f 2962/2962/2962 2993/2993/2993 2996/2996/2996
f 3064/3064/3064 3066/3066/3066 3008/3008/3008
f 3065/3065/3065 3013/3013/3013 3066/3066/3066
f 3003/3003/3003 3014/3014/3014 3065/3065/3065
f 3013/3013/3013 3065/3065/3065 3014/3014/3014
f 3059/3059/3059 3057/3057/3057 2932/2932/2932
f 3018/3018/3018 3017/3017/3017 3058/3058/3058
f 3017/3017/3017 3016/3016/3016 3057/3057/3057
f 3058/3058/3058 3064/3064/3064 3010/3010/3010
f 3066/3066/3066 3013/3013/3013 3008/3008/3008
f 3067/3067/3067 3068/3068/3068 3004/3004/3004
f 3004/3004/3004 3001/3001/3001 3067/3067/3067
f 3060/3060/3060 2998/2998/2998 3068/3068/3068
f 3060/3060/3060 2995/2995/2995 2998/2998/2998
f 3069/3069/3069 2997/2997/2997 3070/3070/3070
f 3070/3070/3070 2997/2997/2997 3071/3071/3071
f 3071/3071/3071 2997/2997/2997 3072/3072/3072
f 3073/3073/3073 3074/3074/3074 2996/2996/2996
f 3075/3075/3075 2996/2996/2996 3074/3074/3074
f 3076/3076/3076 2996/2996/2996 3075/3075/3075
f 2997/2997/2997 3076/3076/3076 3077/3077/3077
f 3080/3080/3080 3082/3082/3082 3078/3078/3078
f 3081/3081/3081 3080/3080/3080 3079/3079/3079
f 3083/3083/3083 3082/3082/3082 3080/3080/3080
f 3084/3084/3084 3082/3082/3082 3083/3083/3083
f 3085/3085/3085 3189/3189/3189 3087/3087/3087
f 3088/3088/3088 3089/3089/3089 3090/3090/3090
f 3091/3091/3091 3172/3172/3172 3093/3093/3093
f 3094/3094/3094 3090/3090/3090 3095/3095/3095
f 3096/3096/3096 3095/3095/3095 3089/3089/3089
f 3090/3090/3090 3094/3094/3094 3097/3097/3097
f 3088/3088/3088 3090/3090/3090 3098/3098/3098
f 3097/3097/3097 3098/3098/3098 3090/3090/3090
f 3090/3090/3090 3089/3089/3089 3095/3095/3095
f 3099/3099/3099 3107/3107/3107 3098/3098/3098
f 3100/3100/3100 3101/3101/3101 3089/3089/3089
f 3096/3096/3096 3089/3089/3089 3101/3101/3101
f 3100/3100/3100 3104/3104/3104 3102/3102/3102
f 3089/3089/3089 3104/3104/3104 3100/3100/3100
f 3089/3089/3089 3105/3105/3105 3104/3104/3104
f 3088/3088/3088 3123/3123/3123 3089/3089/3089
f 3105/3105/3105 3089/3089/3089 3106/3106/3106
f 3107/3107/3107 3108/3108/3108 3109/3109/3109
f 3108/3108/3108 3107/3107/3107 3099/3099/3099
f 3110/3110/3110 3107/3107/3107 3111/3111/3111
f 3112/3112/3112 3088/3088/3088 3110/3110/3110
f 3113/3113/3113 3107/3107/3107 3109/3109/3109
f 3114/3114/3114 3107/3107/3107 3113/3113/3113
f 3117/3117/3117 3120/3120/3120 3115/3115/3115
f 3119/3119/3119 3117/3117/3117 3116/3116/3116
f 3120/3120/3120 3114/3114/3114 3113/3113/3113
f 3122/3122/3122 3119/3119/3119 3121/3121/3121
f 3112/3112/3112 3123/3123/3123 3088/3088/3088
f 3107/3107/3107 3114/3114/3114 3111/3111/3111
f 3124/3124/3124 3125/3125/3125 3102/3102/3102
f 3103/3103/3103 3124/3124/3124 3102/3102/3102
f 3126/3126/3126 3127/3127/3127 3124/3124/3124
f 3125/3125/3125 3124/3124/3124 3127/3127/3127
f 3128/3128/3128 3126/3126/3126 3124/3124/3124
f 3124/3124/3124 3130/3130/3130 3128/3128/3128
f 3131/3131/3131 3134/3134/3134 3124/3124/3124
f 3130/3130/3130 3142/3142/3142 3129/3129/3129
f 3124/3124/3124 3103/3103/3103 3133/3133/3133
f 3135/3135/3135 3130/3130/3130 3136/3136/3136
f 3134/3134/3134 3136/3136/3136 3130/3130/3130
f 3137/3137/3137 3140/3140/3140 3139/3139/3139
f 3141/3141/3141 3150/3150/3150 3140/3140/3140
f 3142/3142/3142 3143/3143/3143 3144/3144/3144
f 3145/3145/3145 3146/3146/3146 3142/3142/3142
f 3132/3132/3132 3142/3142/3142 3147/3147/3147
f 3146/3146/3146 3147/3147/3147 3142/3142/3142
f 3142/3142/3142 3135/3135/3135 3143/3143/3143
f 3144/3144/3144 3149/3149/3149 3148/3148/3148
f 3144/3144/3144 3145/3145/3145 3142/3142/3142
f 3149/3149/3149 3139/3139/3139 3148/3148/3148
f 3133/3133/3133 3131/3131/3131 3124/3124/3124
f 3122/3122/3122 3121/3121/3121 3152/3152/3152
f 3153/3153/3153 3152/3152/3152 3154/3154/3154
f 3153/3153/3153 3155/3155/3155 3156/3156/3156
f 3151/3151/3151 3152/3152/3152 3153/3153/3153
f 3153/3153/3153 3154/3154/3154 3157/3157/3157
f 3156/3156/3156 3151/3151/3151 3153/3153/3153
f 3158/3158/3158 3161/3161/3161 3153/3153/3153
f 3159/3159/3159 3093/3093/3093 3160/3160/3160
f 3158/3158/3158 3153/3153/3153 3157/3157/3157
f 3159/3159/3159 3155/3155/3155 3153/3153/3153
f 3159/3159/3159 3160/3160/3160 3162/3162/3162
f 3160/3160/3160 3093/3093/3093 3163/3163/3163
f 3162/3162/3162 3155/3155/3155 3159/3159/3159
f 3164/3164/3164 3093/3093/3093 3165/3165/3165
f 3165/3165/3165 3092/3092/3092 3166/3166/3166
f 3093/3093/3093 3164/3164/3164 3163/3163/3163
f 3161/3161/3161 3167/3167/3167 3159/3159/3159
f 3091/3091/3091 3093/3093/3093 3167/3167/3167
f 3091/3091/3091 3167/3167/3167 3168/3168/3168
f 3169/3169/3169 3170/3170/3170 3091/3091/3091
f 3168/3168/3168 3169/3169/3169 3091/3091/3091
f 3170/3170/3170 3171/3171/3171 3091/3091/3091
f 3092/3092/3092 3165/3165/3165 3093/3093/3093
f 3172/3172/3172 3173/3173/3173 3092/3092/3092
f 3173/3173/3173 3085/3085/3085 3166/3166/3166
f 3172/3172/3172 3091/3091/3091 3171/3171/3171
f 3087/3087/3087 3174/3174/3174 3175/3175/3175
f 3174/3174/3174 3176/3176/3176 3177/3177/3177
f 3178/3178/3178 3179/3179/3179 3176/3176/3176
f 3177/3177/3177 3175/3175/3175 3174/3174/3174
f 3085/3085/3085 3180/3180/3180 3166/3166/3166
f 3181/3181/3181 3087/3087/3087 3182/3182/3182
f 3087/3087/3087 3175/3175/3175 3182/3182/3182
f 3183/3183/3183 3184/3184/3184 3178/3178/3178
f 3178/3178/3178 3184/3184/3184 3179/3179/3179
f 3141/3141/3141 3184/3184/3184 3183/3183/3183
f 3178/3178/3178 3185/3185/3185 3183/3183/3183
f 3185/3185/3185 3178/3178/3178 3186/3186/3186
f 3174/3174/3174 3188/3188/3188 3178/3178/3178
f 3178/3178/3178 3187/3187/3187 3186/3186/3186
f 3087/3087/3087 3190/3190/3190 3174/3174/3174
f 3178/3178/3178 3176/3176/3176 3174/3174/3174
f 3087/3087/3087 3181/3181/3181 3180/3180/3180
f 3180/3180/3180 3085/3085/3085 3087/3087/3087
f 3085/3085/3085 3173/3173/3173 3189/3189/3189
f 3086/3086/3086 3190/3190/3190 3087/3087/3087
f 3191/3191/3191 3192/3192/3192 3086/3086/3086
f 3193/3193/3193 3086/3086/3086 3192/3192/3192
f 3190/3190/3190 3086/3086/3086 3193/3193/3193
f 3194/3194/3194 3191/3191/3191 3086/3086/3086
f 3194/3194/3194 3086/3086/3086 3189/3189/3189
f 3197/3197/3197 4963/4963/4963 3195/3195/3195
f 3200/3200/3200 3201/3201/3201 3198/3198/3198
f 3200/3200/3200 3196/3196/3196 3201/3201/3201
f 3205/3205/3205 4964/4964/4964 3202/3202/3202
f 3202/3202/3202 4964/4964/4964 3198/3198/3198
f 3208/3208/3208 3210/3210/3210 3211/3211/3211
f 3214/3214/3214 4966/4966/4966 3215/3215/3215
f 3215/3215/3215 3209/3209/3209 3207/3207/3207
f 3218/3218/3218 3250/3250/3250 3216/3216/3216
f 3221/3221/3221 3222/3222/3222 3219/3219/3219
f 3217/3217/3217 3216/3216/3216 3222/3222/3222
f 3225/3225/3225 4967/4967/4967 3223/3223/3223
f 3227/3227/3227 4968/4968/4968 3228/3228/3228
f 3226/3226/3226 3228/3228/3228 3225/3225/3225
f 3223/3223/3223 4967/4967/4967 3221/3221/3221
f 3230/3230/3230 3249/3249/3249 3229/3229/3229
f 3234/3234/3234 3235/3235/3235 3232/3232/3232
f 3234/3234/3234 3230/3230/3230 3235/3235/3235
f 3238/3238/3238 3248/3248/3248 3236/3236/3236
f 3244/3244/3244 3245/3245/3245 3242/3242/3242
f 3245/3245/3245 3239/3239/3239 3237/3237/3237
f 3233/3233/3233 3232/3232/3232 3240/3240/3240
f 3249/3249/3249 4968/4968/4968 3227/3227/3227
f 3218/3218/3218 4966/4966/4966 3214/3214/3214
f 3251/3251/3251 4969/4969/4969 3244/3244/3244
f 3253/3253/3253 4969/4969/4969 3251/3251/3251
f 3255/3255/3255 3257/3257/3257 3256/3256/3256
f 3253/3253/3253 3252/3252/3252 3256/3256/3256
f 3260/3260/3260 3262/3262/3262 3261/3261/3261
f 3255/3255/3255 3254/3254/3254 3262/3262/3262
f 3259/3259/3259 3264/3264/3264 3267/3267/3267
f 3271/3271/3271 4970/4970/4970 3270/3270/3270
f 3269/3269/3269 4970/4970/4970 3272/3272/3272
f 3276/3276/3276 4971/4971/4971 3274/3274/3274
f 3279/3279/3279 4972/4972/4972 3277/3277/3277
f 3277/3277/3277 4972/4972/4972 3275/3275/3275
f 3284/3284/3284 4973/4973/4973 3281/3281/3281
f 3288/3288/3288 4976/4976/4976 3285/3285/3285
f 3286/3286/3286 4974/4974/4974 3282/3282/3282
f 3280/3280/3280 4973/4973/4973 3279/3279/3279
f 3291/3291/3291 4977/4977/4977 3290/3290/3290
f 3294/3294/3294 3295/3295/3295 3293/3293/3293
f 3291/3291/3291 3290/3290/3290 3292/3292/3292
f 3301/3301/3301 4978/4978/4978 3298/3298/3298
f 3304/3304/3304 4981/4981/4981 3302/3302/3302
f 3302/3302/3302 4981/4981/4981 3300/3300/3300
f 3297/3297/3297 4980/4980/4980 3294/3294/3294
f 3289/3289/3289 4977/4977/4977 3288/3288/3288
f 3274/3274/3274 4971/4971/4971 3271/3271/3271
f 3305/3305/3305 3306/3306/3306 3307/3307/3307
f 3305/3305/3305 3307/3307/3307 3308/3308/3308
f 3309/3309/3309 3312/3312/3312 3310/3310/3310
f 3311/3311/3311 4982/4982/4982 3309/3309/3309
f 3310/3310/3310 3305/3305/3305 3308/3308/3308
f 3315/3315/3315 4983/4983/4983 3314/3314/3314
f 3317/3317/3317 4982/4982/4982 3311/3311/3311
f 3315/3315/3315 3318/3318/3318 3319/3319/3319
f 3321/3321/3321 4986/4986/4986 3322/3322/3322
f 3322/3322/3322 4985/4985/4985 3318/3318/3318
f 3321/3321/3321 3323/3323/3323 3325/3325/3325
f 3329/3329/3329 4987/4987/4987 3326/3326/3326
f 3332/3332/3332 3338/3338/3338 3331/3331/3331
f 3335/3335/3335 3337/3337/3337 3336/3336/3336
f 3337/3337/3337 3332/3332/3332 3331/3331/3331
f 3330/3330/3330 3327/3327/3327 3333/3333/3333
f 3339/3339/3339 3341/3341/3341 3342/3342/3342
f 3335/3335/3335 3334/3334/3334 3339/3339/3339
f 3305/3305/3305 3344/3344/3344 3345/3345/3345
f 3305/3305/3305 3310/3310/3310 3344/3344/3344
f 3346/3346/3346 3342/3342/3342 3341/3341/3341
f 3348/3348/3348 3346/3346/3346 3340/3340/3340
f 3350/3350/3350 3348/3348/3348 3347/3347/3347
f 3352/3352/3352 4991/4991/4991 3353/3353/3353
f 3356/3356/3356 4991/4991/4991 3352/3352/3352
f 3350/3350/3350 3349/3349/3349 3351/3351/3351
f 3357/3357/3357 3358/3358/3358 3359/3359/3359
f 3361/3361/3361 4992/4992/4992 3362/3362/3362
f 3361/3361/3361 3363/3363/3363 3364/3364/3364
f 3362/3362/3362 3358/3358/3358 3357/3357/3357
f 3355/3355/3355 3354/3354/3354 3366/3366/3366
f 3369/3369/3369 4994/4994/4994 3370/3370/3370
f 3372/3372/3372 4994/4994/4994 3371/3371/3371
f 3375/3375/3375 3380/3380/3380 3373/3373/3373
f 3374/3374/3374 3373/3373/3373 3376/3376/3376
f 3375/3375/3375 3372/3372/3372 3371/3371/3371
f 3370/3370/3370 4993/4993/4993 3368/3368/3368
f 3381/3381/3381 3382/3382/3382 3385/3385/3385
f 3386/3386/3386 3387/3387/3387 3388/3388/3388
f 3389/3389/3389 3390/3390/3390 3386/3386/3386
f 3393/3393/3393 3394/3394/3394 3392/3392/3392
f 3394/3394/3394 3393/3393/3393 3390/3390/3390
f 3390/3390/3390 3389/3389/3389 3394/3394/3394
f 3395/3395/3395 3393/3393/3393 3396/3396/3396
f 3396/3396/3396 3393/3393/3393 3397/3397/3397
f 3386/3386/3386 3390/3390/3390 3387/3387/3387
f 3399/3399/3399 3417/3417/3417 3398/3398/3398
f 3397/3397/3397 3400/3400/3400 3401/3401/3401
f 3402/3402/3402 3400/3400/3400 3397/3397/3397
f 3393/3393/3393 3402/3402/3402 3397/3397/3397
f 3403/3403/3403 3395/3395/3395 3396/3396/3396
f 3403/3403/3403 3404/3404/3404 3395/3395/3395
f 3405/3405/3405 3395/3395/3395 3404/3404/3404
f 3395/3395/3395 3405/3405/3405 3390/3390/3390
f 3393/3393/3393 3392/3392/3392 3406/3406/3406
f 3406/3406/3406 3402/3402/3402 3393/3393/3393
f 3407/3407/3407 3408/3408/3408 3392/3392/3392
f 3406/3406/3406 3392/3392/3392 3408/3408/3408
f 3389/3389/3389 3409/3409/3409 3394/3394/3394
f 3410/3410/3410 3391/3391/3391 3394/3394/3394
f 3410/3410/3410 3394/3394/3394 3411/3411/3411
f 3409/3409/3409 3411/3411/3411 3394/3394/3394
f 3412/3412/3412 3409/3409/3409 3389/3389/3389
f 3405/3405/3405 3413/3413/3413 3390/3390/3390
f 3414/3414/3414 3398/3398/3398 3415/3415/3415
f 3416/3416/3416 3398/3398/3398 3414/3414/3414
f 3398/3398/3398 3416/3416/3416 3399/3399/3399
f 3415/3415/3415 3398/3398/3398 3390/3390/3390
f 3413/3413/3413 3415/3415/3415 3390/3390/3390
f 3417/3417/3417 3418/3418/3418 3419/3419/3419
f 3420/3420/3420 3418/3418/3418 3417/3417/3417
f 3387/3387/3387 3417/3417/3417 3419/3419/3419
f 3421/3421/3421 3389/3389/3389 3386/3386/3386
f 3422/3422/3422 3421/3421/3421 3386/3386/3386
f 3422/3422/3422 3386/3386/3386 3423/3423/3423
f 3423/3423/3423 3386/3386/3386 3388/3388/3388
f 3412/3412/3412 3389/3389/3389 3421/3421/3421
f 3424/3424/3424 3387/3387/3387 3419/3419/3419
f 3425/3425/3425 3426/3426/3426 3427/3427/3427
f 3424/3424/3424 3427/3427/3427 3426/3426/3426
f 3424/3424/3424 3426/3426/3426 3387/3387/3387
f 3428/3428/3428 3469/3469/3469 3430/3430/3430
f 3430/3430/3430 3429/3429/3429 3431/3431/3431
f 3429/3429/3429 3432/3432/3432 3433/3433/3433
f 3429/3429/3429 3433/3433/3433 3434/3434/3434
f 3437/3437/3437 3449/3449/3449 3436/3436/3436
f 3439/3439/3439 3457/3457/3457 3438/3438/3438
f 3441/3441/3441 3442/3442/3442 3438/3438/3438
f 3440/3440/3440 3441/3441/3441 3438/3438/3438
f 3445/3445/3445 3450/3450/3450 3443/3443/3443
f 3443/3443/3443 3450/3450/3450 3447/3447/3447
f 3448/3448/3448 3446/3446/3446 3437/3437/3437
f 3449/3449/3449 3437/3437/3437 3446/3446/3446
f 3449/3449/3449 3446/3446/3446 3447/3447/3447
f 3451/3451/3451 3458/3458/3458 3435/3435/3435
f 3449/3449/3449 3447/3447/3447 3435/3435/3435
f 3455/3455/3455 3448/3448/3448 3436/3436/3436
f 3447/3447/3447 3451/3451/3451 3435/3435/3435
f 3457/3457/3457 3439/3439/3439 3428/3428/3428
f 3454/3454/3454 3458/3458/3458 3460/3460/3460
f 3461/3461/3461 3452/3452/3452 3459/3459/3459
f 3450/3450/3450 3445/3445/3445 3462/3462/3462
f 3435/3435/3435 3463/3463/3463 3436/3436/3436
f 3464/3464/3464 3436/3436/3436 3463/3463/3463
f 3436/3436/3436 3464/3464/3464 3455/3455/3455
f 3432/3432/3432 3429/3429/3429 3465/3465/3465
f 3466/3466/3466 3468/3468/3468 3465/3465/3465
f 3467/3467/3467 3452/3452/3452 3461/3461/3461
f 3467/3467/3467 3468/3468/3468 3452/3452/3452
f 3434/3434/3434 3431/3431/3431 3429/3429/3429
f 3428/3428/3428 3456/3456/3456 3469/3469/3469
f 3470/3470/3470 3474/3474/3474 3472/3472/3472
f 3473/3473/3473 3474/3474/3474 3470/3470/3470
f 3475/3475/3475 3476/3476/3476 3473/3473/3473
f 3474/3474/3474 3473/3473/3473 3476/3476/3476
f 3476/3476/3476 3477/3477/3477 3474/3474/3474
f 3479/3479/3479 3489/3489/3489 3478/3478/3478
f 3471/3471/3471 3474/3474/3474 3477/3477/3477
f 3480/3480/3480 3441/3441/3441 3440/3440/3440
f 3472/3472/3472 3441/3441/3441 3480/3480/3480
f 3481/3481/3481 3471/3471/3471 3482/3482/3482
f 3441/3441/3441 3472/3472/3472 3481/3481/3481
f 3481/3481/3481 3472/3472/3472 3471/3471/3471
f 3483/3483/3483 3476/3476/3476 3485/3485/3485
f 3486/3486/3486 3483/3483/3483 3485/3485/3485
f 3487/3487/3487 3488/3488/3488 3486/3486/3486
f 3479/3479/3479 3477/3477/3477 3483/3483/3483
f 3486/3486/3486 3488/3488/3488 3479/3479/3479
f 3476/3476/3476 3483/3483/3483 3477/3477/3477
f 3489/3489/3489 3492/3492/3492 3490/3490/3490
f 3481/3481/3481 3482/3482/3482 3441/3441/3441
f 3441/3441/3441 3491/3491/3491 3442/3442/3442
f 3493/3493/3493 3492/3492/3492 3489/3489/3489
f 3494/3494/3494 4997/4997/4997 3490/3490/3490
f 3490/3490/3490 3495/3495/3495 3494/3494/3494
f 3490/3490/3490 3492/3492/3492 3495/3495/3495
f 3492/3492/3492 3493/3493/3493 3496/3496/3496
f 3497/3497/3497 3498/3498/3498 3499/3499/3499
f 3499/3499/3499 3500/3500/3500 3501/3501/3501
f 3499/3499/3499 3501/3501/3501 3497/3497/3497
f 3500/3500/3500 3502/3502/3502 3501/3501/3501
f 3503/3503/3503 3502/3502/3502 3500/3500/3500
f 3504/3504/3504 3503/3503/3503 3505/3505/3505
f 3502/3502/3502 3503/3503/3503 3504/3504/3504
f 3508/3508/3508 4999/4999/4999 3507/3507/3507
f 3509/3509/3509 3507/3507/3507 3506/3506/3506
f 3512/3512/3512 5000/5000/5000 3511/3511/3511
f 3511/3511/3511 3514/3514/3514 3513/3513/3513
f 3516/3516/3516 3513/3513/3513 3514/3514/3514
f 3515/3515/3515 5001/5001/5001 3517/3517/3517
f 3518/3518/3518 3519/3519/3519 3520/3520/3520
f 3518/3518/3518 3520/3520/3520 3521/3521/3521
f 3522/3522/3522 3520/3520/3520 3523/3523/3523
f 3527/3527/3527 3532/3532/3532 3528/3528/3528
f 3530/3530/3530 3536/3536/3536 3531/3531/3531
f 3534/3534/3534 5002/5002/5002 3535/3535/3535
f 3536/3536/3536 3530/3530/3530 3533/3533/3533
f 3539/3539/3539 3540/3540/3540 3538/3538/3538
f 3540/3540/3540 3539/3539/3539 3541/3541/3541
f 3543/3543/3543 3541/3541/3541 3542/3542/3542
f 3544/3544/3544 3545/3545/3545 3546/3546/3546
f 3542/3542/3542 3544/3544/3544 3543/3543/3543
f 3545/3545/3545 3547/3547/3547 3548/3548/3548
f 3549/3549/3549 3550/3550/3550 3551/3551/3551
f 3547/3547/3547 3549/3549/3549 3552/3552/3552
f 3553/3553/3553 3554/3554/3554 3555/3555/3555
f 3556/3556/3556 3554/3554/3554 3553/3553/3553
f 3559/3559/3559 3560/3560/3560 3557/3557/3557
f 3560/3560/3560 3559/3559/3559 3561/3561/3561
f 3565/3565/3565 3580/3580/3580 3563/3563/3563
f 3566/3566/3566 3568/3568/3568 3569/3569/3569
f 3571/3571/3571 3572/3572/3572 3567/3567/3567
f 3568/3568/3568 3572/3572/3572 3569/3569/3569
f 3573/3573/3573 3575/3575/3575 3571/3571/3571
f 3574/3574/3574 5006/5006/5006 3575/3575/3575
f 3565/3565/3565 3576/3576/3576 3577/3577/3577
f 3578/3578/3578 3565/3565/3565 3577/3577/3577
f 3579/3579/3579 5006/5006/5006 3576/3576/3576
f 3564/3564/3564 3579/3579/3579 3576/3576/3576
f 3580/3580/3580 3578/3578/3578 3581/3581/3581
f 3582/3582/3582 3563/3563/3563 3580/3580/3580
f 3578/3578/3578 3580/3580/3580 3565/3565/3565
f 3564/3564/3564 3583/3583/3583 3579/3579/3579
f 3583/3583/3583 3564/3564/3564 3584/3584/3584
f 3582/3582/3582 3584/3584/3584 3563/3563/3563
f 3563/3563/3563 3584/3584/3584 3564/3564/3564
f 3586/3586/3586 3589/3589/3589 3587/3587/3587
f 3589/3589/3589 3586/3586/3586 3590/3590/3590
f 3592/3592/3592 3595/3595/3595 3591/3591/3591
f 3594/3594/3594 3600/3600/3600 3595/3595/3595
f 3598/3598/3598 5008/5008/5008 3597/3597/3597
f 3596/3596/3596 3599/3599/3599 3594/3594/3594
f 3601/3601/3601 3602/3602/3602 3603/3603/3603
f 3605/3605/3605 3602/3602/3602 3604/3604/3604
f 3602/3602/3602 3606/3606/3606 3603/3603/3603
f 3607/3607/3607 3601/3601/3601 3603/3603/3603
f 3608/3608/3608 3609/3609/3609 3605/3605/3605
f 3605/3605/3605 3609/3609/3609 3602/3602/3602
f 3610/3610/3610 3608/3608/3608 3605/3605/3605
f 3605/3605/3605 3604/3604/3604 3610/3610/3610
f 3611/3611/3611 3612/3612/3612 3604/3604/3604
f 3604/3604/3604 3612/3612/3612 3610/3610/3610
f 3601/3601/3601 3611/3611/3611 3604/3604/3604
f 3606/3606/3606 3607/3607/3607 3603/3603/3603
f 3613/3613/3613 3607/3607/3607 3614/3614/3614
f 3615/3615/3615 3613/3613/3613 3614/3614/3614
f 3601/3601/3601 3613/3613/3613 3611/3611/3611
f 3613/3613/3613 3615/3615/3615 3616/3616/3616
f 3617/3617/3617 3618/3618/3618 3616/3616/3616
f 3618/3618/3618 3613/3613/3613 3616/3616/3616
f 3619/3619/3619 3618/3618/3618 3617/3617/3617
f 3620/3620/3620 3621/3621/3621 3613/3613/3613
f 3622/3622/3622 3623/3623/3623 3618/3618/3618
f 3613/3613/3613 3623/3623/3623 3620/3620/3620
f 3618/3618/3618 3624/3624/3624 3622/3622/3622
f 3624/3624/3624 3618/3618/3618 3619/3619/3619
f 3618/3618/3618 3623/3623/3623 3613/3613/3613
f 3607/3607/3607 3613/3613/3613 3601/3601/3601
f 3626/3626/3626 5012/5012/5012 3627/3627/3627
f 3625/3625/3625 3627/3627/3627 3629/3629/3629
f 3630/3630/3630 3631/3631/3631 3632/3632/3632
f 3633/3633/3633 3630/3630/3630 3632/3632/3632
f 3634/3634/3634 3635/3635/3635 3636/3636/3636
f 3637/3637/3637 3638/3638/3638 3635/3635/3635
f 3635/3635/3635 3634/3634/3634 3637/3637/3637
f 3639/3639/3639 3640/3640/3640 3638/3638/3638
f 3641/3641/3641 3640/3640/3640 3639/3639/3639
f 3638/3638/3638 3640/3640/3640 3642/3642/3642
f 3639/3639/3639 3643/3643/3643 3641/3641/3641
f 3643/3643/3643 3639/3639/3639 3644/3644/3644
f 3644/3644/3644 3654/3654/3654 3646/3646/3646
f 3637/3637/3637 3647/3647/3647 3639/3639/3639
f 3639/3639/3639 3650/3650/3650 3649/3649/3649
f 3647/3647/3647 3650/3650/3650 3639/3639/3639
f 3651/3651/3651 3648/3648/3648 3649/3649/3649
f 3653/3653/3653 3648/3648/3648 3651/3651/3651
f 3654/3654/3654 3655/3655/3655 3646/3646/3646
f 3656/3656/3656 3658/3658/3658 3655/3655/3655
f 3657/3657/3657 3658/3658/3658 3656/3656/3656
f 3652/3652/3652 3676/3676/3676 3659/3659/3659
f 3630/3630/3630 3660/3660/3660 3661/3661/3661
f 3662/3662/3662 3660/3660/3660 3630/3630/3630
f 3663/3663/3663 3631/3631/3631 3661/3661/3661
f 3630/3630/3630 3661/3661/3661 3631/3631/3631
f 3664/3664/3664 3631/3631/3631 3663/3663/3663
f 3662/3662/3662 3630/3630/3630 3633/3633/3633
f 3633/3633/3633 3632/3632/3632 3666/3666/3666
f 3631/3631/3631 3664/3664/3664 3667/3667/3667
f 3668/3668/3668 3632/3632/3632 3631/3631/3631
f 3664/3664/3664 3658/3658/3658 3669/3669/3669
f 3658/3658/3658 3670/3670/3670 3669/3669/3669
f 3631/3631/3631 3667/3667/3667 3668/3668/3668
f 3632/3632/3632 3672/3672/3672 3666/3666/3666
f 3673/3673/3673 3695/3695/3695 3671/3671/3671
f 3672/3672/3672 3674/3674/3674 3671/3671/3671
f 3676/3676/3676 3677/3677/3677 3675/3675/3675
f 3677/3677/3677 3679/3679/3679 3678/3678/3678
f 3681/3681/3681 3678/3678/3678 3679/3679/3679
f 3682/3682/3682 3683/3683/3683 3684/3684/3684
f 3658/3658/3658 3657/3657/3657 3685/3685/3685
f 3680/3680/3680 3687/3687/3687 3686/3686/3686
f 3688/3688/3688 3690/3690/3690 3686/3686/3686
f 3689/3689/3689 3690/3690/3690 3688/3688/3688
f 3691/3691/3691 3694/3694/3694 3692/3692/3692
f 3694/3694/3694 3690/3690/3690 3689/3689/3689
f 3658/3658/3658 3685/3685/3685 3670/3670/3670
f 3683/3683/3683 3682/3682/3682 3685/3685/3685
f 3695/3695/3695 3673/3673/3673 3696/3696/3696
f 3695/3695/3695 3696/3696/3696 3698/3698/3698
f 3699/3699/3699 3697/3697/3697 3698/3698/3698
f 3700/3700/3700 3682/3682/3682 3684/3684/3684
f 3701/3701/3701 3702/3702/3702 3703/3703/3703
f 3703/3703/3703 3706/3706/3706 3704/3704/3704
f 3706/3706/3706 3697/3697/3697 3699/3699/3699
f 3704/3704/3704 3706/3706/3706 3705/3705/3705
f 3707/3707/3707 3708/3708/3708 3702/3702/3702
f 3711/3711/3711 5013/5013/5013 3710/3710/3710
f 3710/3710/3710 3712/3712/3712 3713/3713/3713
f 3714/3714/3714 3713/3713/3713 3712/3712/3712
f 3715/3715/3715 3714/3714/3714 3712/3712/3712
f 3716/3716/3716 5014/5014/5014 3717/3717/3717
f 3715/3715/3715 3717/3717/3717 3714/3714/3714
f 3720/3720/3720 3721/3721/3721 3718/3718/3718
f 3724/3724/3724 5015/5015/5015 3722/3722/3722
f 3725/3725/3725 3726/3726/3726 3727/3727/3727
f 3723/3723/3723 3725/3725/3725 3728/3728/3728
f 3729/3729/3729 3727/3727/3727 3726/3726/3726
f 3730/3730/3730 3731/3731/3731 3732/3732/3732
f 3733/3733/3733 3734/3734/3734 3735/3735/3735
f 3731/3731/3731 3733/3733/3733 3736/3736/3736
f 3737/3737/3737 3735/3735/3735 3734/3734/3734
f 3740/3740/3740 5017/5017/5017 3738/3738/3738
f 3741/3741/3741 3743/3743/3743 3745/3745/3745
f 3742/3742/3742 3746/3746/3746 3747/3747/3747
f 3741/3741/3741 3755/3755/3755 3743/3743/3743
f 3750/3750/3750 3742/3742/3742 3747/3747/3747
f 3751/3751/3751 3750/3750/3750 3752/3752/3752
f 3754/3754/3754 3750/3750/3750 3751/3751/3751
f 3758/3758/3758 3755/3755/3755 3741/3741/3741
f 3759/3759/3759 3757/3757/3757 3742/3742/3742
f 3750/3750/3750 3762/3762/3762 3763/3763/3763
f 3754/3754/3754 3762/3762/3762 3750/3750/3750
f 3763/3763/3763 3762/3762/3762 3764/3764/3764
f 3760/3760/3760 3749/3749/3749 3766/3766/3766
f 3759/3759/3759 3742/3742/3742 3750/3750/3750
f 3761/3761/3761 3753/3753/3753 3768/3768/3768
f 3769/3769/3769 3767/3767/3767 3770/3770/3770
f 3773/3773/3773 3788/3788/3788 3775/3775/3775
f 3770/3770/3770 3776/3776/3776 3769/3769/3769
f 3762/3762/3762 3769/3769/3769 3764/3764/3764
f 3777/3777/3777 3771/3771/3771 3780/3780/3780
f 3781/3781/3781 3782/3782/3782 3777/3777/3777
f 3783/3783/3783 3777/3777/3777 3782/3782/3782
f 3786/3786/3786 3779/3779/3779 3772/3772/3772
f 3764/3764/3764 3769/3769/3769 3789/3789/3789
f 3791/3791/3791 3792/3792/3792 3778/3778/3778
f 3771/3771/3771 3793/3793/3793 3787/3787/3787
f 3778/3778/3778 3784/3784/3784 3791/3791/3791
f 3771/3771/3771 3777/3777/3777 3793/3793/3793
f 3767/3767/3767 3769/3769/3769 3762/3762/3762
f 3795/3795/3795 3796/3796/3796 3797/3797/3797
f 3798/3798/3798 3795/3795/3795 3799/3799/3799
f 3795/3795/3795 3797/3797/3797 3799/3799/3799
f 3801/3801/3801 3796/3796/3796 3795/3795/3795
f 3800/3800/3800 3795/3795/3795 3802/3802/3802
f 3795/3795/3795 3798/3798/3798 3802/3802/3802
f 3803/3803/3803 3804/3804/3804 3798/3798/3798
f 3805/3805/3805 3806/3806/3806 3798/3798/3798
f 3804/3804/3804 3809/3809/3809 3807/3807/3807
f 3805/3805/3805 3804/3804/3804 3807/3807/3807
f 3810/3810/3810 3811/3811/3811 3812/3812/3812
f 3813/3813/3813 3810/3810/3810 3814/3814/3814
f 3812/3812/3812 3814/3814/3814 3810/3810/3810
f 3810/3810/3810 3813/3813/3813 3815/3815/3815
f 3810/3810/3810 3817/3817/3817 3811/3811/3811
f 3810/3810/3810 3818/3818/3818 3819/3819/3819
f 3818/3818/3818 3815/3815/3815 3820/3820/3820
f 3819/3819/3819 3817/3817/3817 3810/3810/3810
f 3818/3818/3818 3810/3810/3810 3815/3815/3815
f 3821/3821/3821 3822/3822/3822 3823/3823/3823
f 3821/3821/3821 3824/3824/3824 3822/3822/3822
f 3825/3825/3825 3826/3826/3826 3821/3821/3821
f 3815/3815/3815 3821/3821/3821 3826/3826/3826
f 3820/3820/3820 3815/3815/3815 3826/3826/3826
f 3821/3821/3821 3823/3823/3823 3825/3825/3825
f 3821/3821/3821 3815/3815/3815 3824/3824/3824
f 3813/3813/3813 3824/3824/3824 3815/3815/3815
f 3829/3829/3829 3831/3831/3831 3833/3833/3833
f 3828/3828/3828 3834/3834/3834 3835/3835/3835
f 3836/3836/3836 3828/3828/3828 3835/3835/3835
f 3832/3832/3832 3834/3834/3834 3828/3828/3828
f 3829/3829/3829 3848/3848/3848 3831/3831/3831
f 3839/3839/3839 3828/3828/3828 3836/3836/3836
f 3842/3842/3842 3841/3841/3841 3844/3844/3844
f 3846/3846/3846 3839/3839/3839 3843/3843/3843
f 3847/3847/3847 3839/3839/3839 3846/3846/3846
f 3851/3851/3851 3848/3848/3848 3829/3829/3829
f 3850/3850/3850 3839/3839/3839 3853/3853/3853
f 3841/3841/3841 3855/3855/3855 3852/3852/3852
f 3854/3854/3854 3847/3847/3847 3856/3856/3856
f 3839/3839/3839 3847/3847/3847 3854/3854/3854
f 3850/3850/3850 3828/3828/3828 3839/3839/3839
f 3857/3857/3857 3858/3858/3858 3859/3859/3859
f 3847/3847/3847 3858/3858/3858 3857/3857/3857
f 3860/3860/3860 3857/3857/3857 3859/3859/3859
f 3861/3861/3861 3857/3857/3857 3860/3860/3860
f 3847/3847/3847 3857/3857/3857 3856/3856/3856
f 3846/3846/3846 3858/3858/3858 3847/3847/3847
f 3862/3862/3862 3863/3863/3863 3864/3864/3864
f 3864/3864/3864 3861/3861/3861 3860/3860/3860
f 3865/3865/3865 3863/3863/3863 3862/3862/3862
f 3857/3857/3857 3861/3861/3861 3866/3866/3866
f 3866/3866/3866 3867/3867/3867 3857/3857/3857
f 3868/3868/3868 3869/3869/3869 3863/3863/3863
f 3861/3861/3861 3863/3863/3863 3869/3869/3869
f 3863/3863/3863 3865/3865/3865 3868/3868/3868
f 3863/3863/3863 3861/3861/3861 3864/3864/3864
f 3871/3871/3871 5022/5022/5022 3872/3872/3872
f 3874/3874/3874 3878/3878/3878 3881/3881/3881
f 3884/3884/3884 3875/3875/3875 3885/3885/3885
f 3880/3880/3880 3886/3886/3886 3877/3877/3877
f 3887/3887/3887 3876/3876/3876 3882/3882/3882
f 3876/3876/3876 3904/3904/3904 3879/3879/3879
f 3891/3891/3891 3893/3893/3893 3888/3888/3888
f 3896/3896/3896 3897/3897/3897 3894/3894/3894
f 3892/3892/3892 3889/3889/3889 3898/3898/3898
f 3899/3899/3899 3901/3901/3901 3895/3895/3895
f 3905/3905/3905 3906/3906/3906 3876/3876/3876
f 3887/3887/3887 3907/3907/3907 3905/3905/3905
f 3904/3904/3904 3876/3876/3876 3906/3906/3906
f 3887/3887/3887 3894/3894/3894 3908/3908/3908
f 3896/3896/3896 3903/3903/3903 3897/3897/3897
f 3897/3897/3897 3903/3903/3903 3909/3909/3909
f 3897/3897/3897 3909/3909/3909 3910/3910/3910
f 3907/3907/3907 3887/3887/3887 3908/3908/3908
f 3887/3887/3887 3905/3905/3905 3876/3876/3876
f 3902/3902/3902 3900/3900/3900 3912/3912/3912
f 3913/3913/3913 3912/3912/3912 3915/3915/3915
f 3917/3917/3917 3913/3913/3913 3915/3915/3915
f 3921/3921/3921 3918/3918/3918 3922/3922/3922
f 3914/3914/3914 3918/3918/3918 3924/3924/3924
f 3903/3903/3903 3914/3914/3914 3925/3925/3925
f 3927/3927/3927 3918/3918/3918 3921/3921/3921
f 3929/3929/3929 3932/3932/3932 3926/3926/3926
f 3933/3933/3933 3935/3935/3935 3931/3931/3931
f 3938/3938/3938 3937/3937/3937 3934/3934/3934
f 3940/3940/3940 3941/3941/3941 3918/3918/3918
f 3925/3925/3925 3914/3914/3914 3924/3924/3924
f 3943/3943/3943 3944/3944/3944 3927/3927/3927
f 3940/3940/3940 3927/3927/3927 3944/3944/3944
f 3936/3936/3936 3945/3945/3945 3942/3942/3942
f 3935/3935/3935 3939/3939/3939 3946/3946/3946
f 3940/3940/3940 3918/3918/3918 3927/3927/3927
f 3911/3911/3911 3914/3914/3914 3903/3903/3903
f 3950/3950/3950 3952/3952/3952 3953/3953/3953
f 3955/3955/3955 3956/3956/3956 3954/3954/3954
f 3948/3948/3948 3954/3954/3954 3956/3956/3956
f 3957/3957/3957 3958/3958/3958 3959/3959/3959
f 3957/3957/3957 3959/3959/3959 3960/3960/3960
f 3961/3961/3961 3957/3957/3957 3960/3960/3960
f 3963/3963/3963 3958/3958/3958 3962/3962/3962
f 3964/3964/3964 3957/3957/3957 3965/3965/3965
f 3957/3957/3957 3961/3961/3961 3965/3965/3965
f 3962/3962/3962 3957/3957/3957 3964/3964/3964
f 3966/3966/3966 3967/3967/3967 3961/3961/3961
f 3968/3968/3968 3969/3969/3969 3961/3961/3961
f 3967/3967/3967 3972/3972/3972 3970/3970/3970
f 3968/3968/3968 3967/3967/3967 3970/3970/3970
f 3973/3973/3973 3976/3976/3976 3975/3975/3975
f 3977/3977/3977 3989/3989/3989 3979/3979/3979
f 3980/3980/3980 3981/3981/3981 3977/3977/3977
f 3981/3981/3981 3980/3980/3980 3982/3982/3982
f 3984/3984/3984 3986/3986/3986 3983/3983/3983
f 3986/3986/3986 3981/3981/3981 3982/3982/3982
f 3988/3988/3988 3984/3984/3984 3987/3987/3987
f 3987/3987/3987 3991/3991/3991 3988/3988/3988
f 3991/3991/3991 3997/3997/3997 3990/3990/3990
f 3993/3993/3993 3994/3994/3994 3995/3995/3995
f 3993/3993/3993 3996/3996/3996 3994/3994/3994
f 3997/3997/3997 3998/3998/3998 3992/3992/3992
f 3993/3993/3993 3995/3995/3995 3998/3998/3998
f 3999/3999/3999 3993/3993/3993 3998/3998/3998
f 4001/4001/4001 4002/4002/4002 4004/4004/4004
f 3999/3999/3999 4003/4003/4003 3993/3993/3993
f 3993/3993/3993 4003/4003/4003 4000/4000/4000
f 4008/4008/4008 4011/4011/4011 4006/4006/4006
f 4009/4009/4009 4005/4005/4005 4010/4010/4010
f 4014/4014/4014 4021/4021/4021 4013/4013/4013
f 4017/4017/4017 4020/4020/4020 4015/4015/4015
f 4019/4019/4019 4017/4017/4017 4016/4016/4016
f 4020/4020/4020 4014/4014/4014 4015/4015/4015
f 4021/4021/4021 4008/4008/4008 4007/4007/4007
f 4022/4022/4022 5026/5026/5026 4019/4019/4019
f 4024/4024/4024 5026/5026/5026 4022/4022/4022
f 4027/4027/4027 4028/4028/4028 4025/4025/4025
f 4028/4028/4028 4024/4024/4024 4023/4023/4023
f 4032/4032/4032 4034/4034/4034 4030/4030/4030
f 4033/4033/4033 4027/4027/4027 4026/4026/4026
f 4037/4037/4037 5027/5027/5027 4036/4036/4036
f 4039/4039/4039 5032/5032/5032 4038/4038/4038
f 4041/4041/4041 4042/4042/4042 4043/4043/4043
f 4044/4044/4044 4041/4041/4041 4043/4043/4043
f 4045/4045/4045 4043/4043/4043 4042/4042/4042
f 4046/4046/4046 4045/4045/4045 4047/4047/4047
f 4047/4047/4047 4045/4045/4045 4042/4042/4042
f 4048/4048/4048 4049/4049/4049 4046/4046/4046
f 4051/4051/4051 4044/4044/4044 4043/4043/4043
f 4045/4045/4045 4049/4049/4049 4052/4052/4052
f 4046/4046/4046 4049/4049/4049 4045/4045/4045
f 4045/4045/4045 4052/4052/4052 4053/4053/4053
f 4054/4054/4054 4055/4055/4055 4049/4049/4049
f 4050/4050/4050 4045/4045/4045 4053/4053/4053
f 4045/4045/4045 4050/4050/4050 4043/4043/4043
f 4048/4048/4048 4056/4056/4056 4049/4049/4049
f 4057/4057/4057 4056/4056/4056 4058/4058/4058
f 4058/4058/4058 4059/4059/4059 4060/4060/4060
f 4061/4061/4061 4060/4060/4060 4059/4059/4059
f 4063/4063/4063 4065/4065/4065 4066/4066/4066
f 4067/4067/4067 4065/4065/4065 4061/4061/4061
f 4054/4054/4054 4057/4057/4057 4068/4068/4068
f 4057/4057/4057 4060/4060/4060 4068/4068/4068
f 4069/4069/4069 4060/4060/4060 4070/4070/4070
f 4071/4071/4071 4070/4070/4070 4065/4065/4065
f 4060/4060/4060 4065/4065/4065 4070/4070/4070
f 4065/4065/4065 4062/4062/4062 4072/4072/4072
f 4065/4065/4065 4060/4060/4060 4061/4061/4061
f 4077/4077/4077 4079/4079/4079 4075/4075/4075
f 4079/4079/4079 5033/5033/5033 4078/4078/4078
f 4080/4080/4080 4082/4082/4082 4083/4083/4083
f 4084/4084/4084 4085/4085/4085 4081/4081/4081
f 4086/4086/4086 4088/4088/4088 4090/4090/4090
f 4087/4087/4087 4091/4091/4091 4089/4089/4089
f 4092/4092/4092 4100/4100/4100 4094/4094/4094
f 4095/4095/4095 4092/4092/4092 4094/4094/4094
f 4096/4096/4096 4094/4094/4094 4093/4093/4093
f 4097/4097/4097 4102/4102/4102 4099/4099/4099
f 4100/4100/4100 4099/4099/4099 4101/4101/4101
f 4103/4103/4103 4105/4105/4105 4097/4097/4097
f 4104/4104/4104 4107/4107/4107 4106/4106/4106
f 4103/4103/4103 4106/4106/4106 4105/4105/4105
f 4108/4108/4108 4101/4101/4101 4098/4098/4098
f 4101/4101/4101 4093/4093/4093 4100/4100/4100
f 4110/4110/4110 4111/4111/4111 4109/4109/4109
f 4110/4110/4110 4108/4108/4108 4098/4098/4098
f 4111/4111/4111 4113/4113/4113 4112/4112/4112
f 4112/4112/4112 4113/4113/4113 4114/4114/4114
f 4116/4116/4116 4119/4119/4119 4117/4117/4117
f 4118/4118/4118 5034/5034/5034 4119/4119/4119
f 4123/4123/4123 5035/5035/5035 4121/4121/4121
f 4127/4127/4127 5036/5036/5036 4125/4125/4125
f 4128/4128/4128 4131/4131/4131 4130/4130/4130
f 4136/4136/4136 5037/5037/5037 4133/4133/4133
f 4139/4139/4139 5038/5038/5038 4137/4137/4137
f 4140/4140/4140 4141/4141/4141 4142/4142/4142
f 4145/4145/4145 5040/5040/5040 4144/4144/4144
f 4148/4148/4148 5044/5044/5044 4146/4146/4146
f 4150/4150/4150 4148/4148/4148 4147/4147/4147
f 4153/4153/4153 4154/4154/4154 4151/4151/4151
f 4150/4150/4150 4149/4149/4149 4154/4154/4154
f 4157/4157/4157 5045/5045/5045 4155/4155/4155
f 4159/4159/4159 4162/4162/4162 4160/4160/4160
f 4161/4161/4161 4162/4162/4162 4159/4159/4159
f 4163/4163/4163 4161/4161/4161 4164/4164/4164
f 4165/4165/4165 4166/4166/4166 4167/4167/4167
f 4166/4166/4166 4168/4168/4168 4169/4169/4169
f 4171/4171/4171 4172/4172/4172 4170/4170/4170
f 4172/4172/4172 4169/4169/4169 4168/4168/4168
f 4177/4177/4177 5047/5047/5047 4173/4173/4173
f 4179/4179/4179 5048/5048/5048 4178/4178/4178
f 4179/4179/4179 4181/4181/4181 4182/4182/4182
f 4183/4183/4183 4182/4182/4182 4181/4181/4181
f 4184/4184/4184 4185/4185/4185 4186/4186/4186
f 4187/4187/4187 4188/4188/4188 4190/4190/4190
f 4192/4192/4192 4191/4191/4191 4189/4189/4189
f 4194/4194/4194 4196/4196/4196 4195/4195/4195
f 4197/4197/4197 4198/4198/4198 4199/4199/4199
f 4200/4200/4200 4199/4199/4199 4198/4198/4198
f 4200/4200/4200 4198/4198/4198 4201/4201/4201
f 4201/4201/4201 4202/4202/4202 4203/4203/4203
f 4204/4204/4204 4197/4197/4197 4205/4205/4205
f 4202/4202/4202 4201/4201/4201 4198/4198/4198
f 4207/4207/4207 4204/4204/4204 4206/4206/4206
f 4199/4199/4199 4205/4205/4205 4197/4197/4197
f 4208/4208/4208 4209/4209/4209 4210/4210/4210
f 4211/4211/4211 4209/4209/4209 4208/4208/4208
f 4206/4206/4206 4213/4213/4213 4207/4207/4207
f 4212/4212/4212 4213/4213/4213 4214/4214/4214
f 4215/4215/4215 4216/4216/4216 4202/4202/4202
f 4217/4217/4217 4218/4218/4218 4215/4215/4215
f 4202/4202/4202 4217/4217/4217 4215/4215/4215
f 4211/4211/4211 4208/4208/4208 4219/4219/4219
f 4220/4220/4220 4222/4222/4222 4219/4219/4219
f 4211/4211/4211 4219/4219/4219 4221/4221/4221
f 4214/4214/4214 4220/4220/4220 4212/4212/4212
f 4202/4202/4202 4216/4216/4216 4203/4203/4203
f 4225/4225/4225 5051/5051/5051 4224/4224/4224
f 4228/4228/4228 5052/5052/5052 4227/4227/4227
f 4230/4230/4230 4232/4232/4232 4234/4234/4234
f 4232/4232/4232 4235/4235/4235 4234/4234/4234
f 4233/4233/4233 4237/4237/4237 4238/4238/4238
f 4237/4237/4237 4230/4230/4230 4239/4239/4239
f 4240/4240/4240 4237/4237/4237 4239/4239/4239
f 4240/4240/4240 4239/4239/4239 4241/4241/4241
f 4240/4240/4240 4242/4242/4242 4238/4238/4238
f 4243/4243/4243 4242/4242/4242 4240/4240/4240
f 4243/4243/4243 4240/4240/4240 4241/4241/4241
f 4237/4237/4237 4240/4240/4240 4238/4238/4238
f 4246/4246/4246 5054/5054/5054 4244/4244/4244
f 4250/4250/4250 5055/5055/5055 4247/4247/4247
f 4253/4253/4253 4257/4257/4257 4254/4254/4254
f 4253/4253/4253 4255/4255/4255 4256/4256/4256
f 4253/4253/4253 4256/4256/4256 4257/4257/4257
f 4258/4258/4258 4259/4259/4259 4255/4255/4255
f 4255/4255/4255 4260/4260/4260 4258/4258/4258
f 4261/4261/4261 5056/5056/5056 4262/4262/4262
f 4265/4265/4265 5057/5057/5057 4263/4263/4263
f 4267/4267/4267 4265/4265/4265 4264/4264/4264
f 4267/4267/4267 4266/4266/4266 4268/4268/4268
f 4269/4269/4269 4270/4270/4270 4268/4268/4268
f 4266/4266/4266 4269/4269/4269 4268/4268/4268
f 4269/4269/4269 4271/4271/4271 4272/4272/4272
f 4269/4269/4269 4272/4272/4272 4270/4270/4270
f 4273/4273/4273 4274/4274/4274 4275/4275/4275
f 4274/4274/4274 4278/4278/4278 4276/4276/4276
f 4273/4273/4273 4280/4280/4280 4274/4274/4274
f 4275/4275/4275 4279/4279/4279 4273/4273/4273
f 4281/4281/4281 4282/4282/4282 4283/4283/4283
f 4282/4282/4282 4281/4281/4281 4284/4284/4284
f 4281/4281/4281 4286/4286/4286 4287/4287/4287
f 4286/4286/4286 4281/4281/4281 4283/4283/4283
f 4286/4286/4286 4288/4288/4288 4287/4287/4287
f 4291/4291/4291 4292/4292/4292 4290/4290/4290
f 4294/4294/4294 4295/4295/4295 4289/4289/4289
f 4290/4290/4290 4289/4289/4289 4293/4293/4293
f 4298/4298/4298 4301/4301/4301 4296/4296/4296
f 4302/4302/4302 4304/4304/4304 4306/4306/4306
f 4305/4305/4305 4303/4303/4303 4307/4307/4307
f 4308/4308/4308 4309/4309/4309 4310/4310/4310
f 4310/4310/4310 4309/4309/4309 4311/4311/4311
f 4314/4314/4314 4316/4316/4316 4312/4312/4312
f 4315/4315/4315 4320/4320/4320 4316/4316/4316
f 4318/4318/4318 4320/4320/4320 4315/4315/4315
f 4312/4312/4312 4322/4322/4322 4319/4319/4319
f 4310/4310/4310 4321/4321/4321 4308/4308/4308
f 4322/4322/4322 4321/4321/4321 4310/4310/4310
f 4322/4322/4322 4310/4310/4310 4319/4319/4319
f 4323/4323/4323 4324/4324/4324 4325/4325/4325
f 4327/4327/4327 5065/5065/5065 4326/4326/4326
f 4328/4328/4328 4325/4325/4325 4324/4324/4324
f 4329/4329/4329 4330/4330/4330 4331/4331/4331
f 4334/4334/4334 5067/5067/5067 4333/4333/4333
f 4335/4335/4335 4338/4338/4338 4336/4336/4336
f 4341/4341/4341 5074/5074/5074 4339/4339/4339
f 4342/4342/4342 4343/4343/4343 4344/4344/4344
f 4345/4345/4345 4346/4346/4346 4347/4347/4347
f 4348/4348/4348 4347/4347/4347 4346/4346/4346
f 4346/4346/4346 4349/4349/4349 4348/4348/4348
f 4352/4352/4352 5077/5077/5077 4350/4350/4350
f 4351/4351/4351 4354/4354/4354 4353/4353/4353
f 4358/4358/4358 4353/4353/4353 4354/4354/4354
f 4355/4355/4355 5079/5079/5079 4359/4359/4359
f 4364/4364/4364 4367/4367/4367 4361/4361/4361
f 4366/4366/4366 4372/4372/4372 4368/4368/4368
f 4370/4370/4370 5086/5086/5086 4371/4371/4371
f 4372/4372/4372 4366/4366/4366 4369/4369/4369
f 4375/4375/4375 4376/4376/4376 4373/4373/4373
f 4376/4376/4376 4377/4377/4377 4373/4373/4373
f 4378/4378/4378 4379/4379/4379 4377/4377/4377
f 4380/4380/4380 4381/4381/4381 4382/4382/4382
f 4382/4382/4382 4379/4379/4379 4378/4378/4378
f 4380/4380/4380 4383/4383/4383 4381/4381/4381
f 4384/4384/4384 4385/4385/4385 4386/4386/4386
f 4387/4387/4387 4388/4388/4388 4389/4389/4389
f 4386/4386/4386 4387/4387/4387 4389/4389/4389
f 4390/4390/4390 4391/4391/4391 4392/4392/4392
f 4393/4393/4393 4394/4394/4394 4397/4397/4397
f 4399/4399/4399 4400/4400/4400 4393/4393/4393
f 4397/4397/4397 4399/4399/4399 4393/4393/4393
f 4401/4401/4401 4398/4398/4398 4403/4403/4403
f 4405/4405/4405 4406/4406/4406 4407/4407/4407
f 4396/4396/4396 4395/4395/4395 4402/4402/4402
f 4409/4409/4409 4388/4388/4388 4387/4387/4387
f 4410/4410/4410 4411/4411/4411 4409/4409/4409
f 4409/4409/4409 4387/4387/4387 4410/4410/4410
f 4412/4412/4412 4413/4413/4413 4414/4414/4414
f 4414/4414/4414 4411/4411/4411 4412/4412/4412
f 4412/4412/4412 4415/4415/4415 4416/4416/4416
f 4417/4417/4417 4413/4413/4413 4412/4412/4412
f 4416/4416/4416 4418/4418/4418 4417/4417/4417
f 4412/4412/4412 4416/4416/4416 4417/4417/4417
f 4418/4418/4418 4419/4419/4419 4420/4420/4420
f 4420/4420/4420 4843/4843/4843 4418/4418/4418
f 4421/4421/4421 4419/4419/4419 4418/4418/4418
f 4421/4421/4421 4418/4418/4418 4423/4423/4423
f 4414/4414/4414 4424/4424/4424 4425/4425/4425
f 4411/4411/4411 4414/4414/4414 4425/4425/4425
f 4411/4411/4411 4426/4426/4426 4427/4427/4427
f 4411/4411/4411 4428/4428/4428 4429/4429/4429
f 4428/4428/4428 4430/4430/4430 4431/4431/4431
f 4428/4428/4428 4432/4432/4432 4433/4433/4433
f 4436/4436/4436 4772/4772/4772 4434/4434/4434
f 4437/4437/4437 4429/4429/4429 4428/4428/4428
f 4440/4440/4440 4451/4451/4451 4439/4439/4439
f 4435/4435/4435 4441/4441/4441 4442/4442/4442
f 4445/4445/4445 4741/4741/4741 4444/4444/4444
f 4444/4444/4444 4446/4446/4446 4447/4447/4447
f 4449/4449/4449 4438/4438/4438 4448/4448/4448
f 4450/4450/4450 4438/4438/4438 4451/4451/4451
f 4454/4454/4454 5089/5089/5089 4453/4453/4453
f 4456/4456/4456 4736/4736/4736 4452/4452/4452
f 4453/4453/4453 5088/5088/5088 4454/4454/4454
f 4428/4428/4428 4458/4458/4458 4459/4459/4459
f 4461/4461/4461 4428/4428/4428 4459/4459/4459
f 4463/4463/4463 4428/4428/4428 4462/4462/4462
f 4461/4461/4461 4465/4465/4465 4462/4462/4462
f 4464/4464/4464 4465/4465/4465 4466/4466/4466
f 4467/4467/4467 4437/4437/4437 4428/4428/4428
f 4469/4469/4469 4470/4470/4470 4437/4437/4437
f 4437/4437/4437 4467/4467/4467 4469/4469/4469
f 4472/4472/4472 4474/4474/4474 4471/4471/4471
f 4474/4474/4474 4472/4472/4472 4475/4475/4475
f 4475/4475/4475 4406/4406/4406 4476/4476/4476
f 4474/4474/4474 4475/4475/4475 4476/4476/4476
f 4406/4406/4406 4405/4405/4405 4477/4477/4477
f 4477/4477/4477 4476/4476/4476 4406/4406/4406
f 4478/4478/4478 4391/4391/4391 4479/4479/4479
f 4478/4478/4478 4479/4479/4479 4405/4405/4405
f 4480/4480/4480 4479/4479/4479 4390/4390/4390
f 4483/4483/4483 4489/4489/4489 4482/4482/4482
f 4486/4486/4486 4491/4491/4491 4484/4484/4484
f 4470/4470/4470 4486/4486/4486 4485/4485/4485
f 4483/4483/4483 4487/4487/4487 4488/4488/4488
f 4490/4490/4490 4488/4488/4488 4487/4487/4487
f 4490/4490/4490 4781/4781/4781 4484/4484/4484
f 4494/4494/4494 5092/5092/5092 4493/4493/4493
f 4496/4496/4496 5090/5090/5090 4495/4495/4495
f 4497/4497/4497 4498/4498/4498 4499/4499/4499
f 4502/4502/4502 4503/4503/4503 4500/4500/4500
f 4503/4503/4503 4504/4504/4504 4500/4500/4500
f 4504/4504/4504 4505/4505/4505 4506/4506/4506
f 4410/4410/4410 4387/4387/4387 4507/4507/4507
f 4506/4506/4506 4412/4412/4412 4410/4410/4410
f 4410/4410/4410 4507/4507/4507 4506/4506/4506
f 4500/4500/4500 4508/4508/4508 4509/4509/4509
f 4501/4501/4501 4500/4500/4500 4509/4509/4509
f 4510/4510/4510 4508/4508/4508 4500/4500/4500
f 4504/4504/4504 4507/4507/4507 4510/4510/4510
f 4500/4500/4500 4504/4504/4504 4510/4510/4510
f 4508/4508/4508 4510/4510/4510 4511/4511/4511
f 4385/4385/4385 4384/4384/4384 4511/4511/4511
f 4507/4507/4507 4387/4387/4387 4385/4385/4385
f 4511/4511/4511 4507/4507/4507 4385/4385/4385
f 4512/4512/4512 4383/4383/4383 4508/4508/4508
f 4511/4511/4511 4384/4384/4384 4512/4512/4512
f 4508/4508/4508 4511/4511/4511 4512/4512/4512
f 4501/4501/4501 4509/4509/4509 4513/4513/4513
f 4380/4380/4380 4378/4378/4378 4513/4513/4513
f 4508/4508/4508 4383/4383/4383 4380/4380/4380
f 4513/4513/4513 4508/4508/4508 4380/4380/4380
f 4514/4514/4514 4513/4513/4513 4376/4376/4376
f 4513/4513/4513 4378/4378/4378 4376/4376/4376
f 4516/4516/4516 4519/4519/4519 4515/4515/4515
f 4516/4516/4516 4518/4518/4518 4519/4519/4519
f 4517/4517/4517 4520/4520/4520 4515/4515/4515
f 4522/4522/4522 4523/4523/4523 4518/4518/4518
f 4521/4521/4521 4519/4519/4519 4518/4518/4518
f 4521/4521/4521 4523/4523/4523 4524/4524/4524
f 4525/4525/4525 4519/4519/4519 4521/4521/4521
f 4524/4524/4524 4525/4525/4525 4521/4521/4521
f 4517/4517/4517 4519/4519/4519 4525/4525/4525
f 4526/4526/4526 4520/4520/4520 4517/4517/4517
f 4525/4525/4525 4526/4526/4526 4517/4517/4517
f 4529/4529/4529 4530/4530/4530 4528/4528/4528
f 4527/4527/4527 4523/4523/4523 4528/4528/4528
f 4533/4533/4533 4535/4535/4535 4532/4532/4532
f 4530/4530/4530 4529/4529/4529 4532/4532/4532
f 4534/4534/4534 4530/4530/4530 4532/4532/4532
f 4534/4534/4534 4535/4535/4535 4536/4536/4536
f 4537/4537/4537 4530/4530/4530 4534/4534/4534
f 4536/4536/4536 4537/4537/4537 4534/4534/4534
f 4527/4527/4527 4530/4530/4530 4537/4537/4537
f 4524/4524/4524 4523/4523/4523 4527/4527/4527
f 4537/4537/4537 4524/4524/4524 4527/4527/4527
f 4537/4537/4537 4536/4536/4536 4538/4538/4538
f 4537/4537/4537 4538/4538/4538 4539/4539/4539
f 4539/4539/4539 4540/4540/4540 4525/4525/4525
f 4540/4540/4540 4526/4526/4526 4525/4525/4525
f 4535/4535/4535 4533/4533/4533 4541/4541/4541
f 4544/4544/4544 4545/4545/4545 4543/4543/4543
f 4542/4542/4542 4535/4535/4535 4543/4543/4543
f 4545/4545/4545 4544/4544/4544 4546/4546/4546
f 4548/4548/4548 4545/4545/4545 4547/4547/4547
f 4549/4549/4549 4548/4548/4548 4547/4547/4547
f 4548/4548/4548 4549/4549/4549 4550/4550/4550
f 4551/4551/4551 4545/4545/4545 4548/4548/4548
f 4550/4550/4550 4551/4551/4551 4548/4548/4548
f 4542/4542/4542 4545/4545/4545 4551/4551/4551
f 4536/4536/4536 4535/4535/4535 4542/4542/4542
f 4551/4551/4551 4536/4536/4536 4542/4542/4542
f 4554/4554/4554 4555/4555/4555 4553/4553/4553
f 4552/4552/4552 4549/4549/4549 4553/4553/4553
f 4557/4557/4557 4555/4555/4555 4558/4558/4558
f 4552/4552/4552 4555/4555/4555 4559/4559/4559
f 4550/4550/4550 4549/4549/4549 4552/4552/4552
f 4559/4559/4559 4550/4550/4550 4552/4552/4552
f 4560/4560/4560 4538/4538/4538 4551/4551/4551
f 4538/4538/4538 4536/4536/4536 4551/4551/4551
f 4539/4539/4539 4538/4538/4538 4503/4503/4503
f 4539/4539/4539 4503/4503/4503 4502/4502/4502
f 4561/4561/4561 4562/4562/4562 4563/4563/4563
f 4563/4563/4563 4564/4564/4564 4561/4561/4561
f 4565/4565/4565 4566/4566/4566 4567/4567/4567
f 4568/4568/4568 4569/4569/4569 4565/4565/4565
f 4567/4567/4567 4568/4568/4568 4565/4565/4565
f 4567/4567/4567 4566/4566/4566 4570/4570/4570
f 4563/4563/4563 4567/4567/4567 4570/4570/4570
f 4568/4568/4568 4571/4571/4571 4572/4572/4572
f 4573/4573/4573 4574/4574/4574 4575/4575/4575
f 4576/4576/4576 4574/4574/4574 4374/4374/4374
f 4577/4577/4577 4578/4578/4578 4579/4579/4579
f 4579/4579/4579 4580/4580/4580 4577/4577/4577
f 4580/4580/4580 4579/4579/4579 4582/4582/4582
f 4581/4581/4581 4401/4401/4401 4582/4582/4582
f 4563/4563/4563 4583/4583/4583 4564/4564/4564
f 4584/4584/4584 4564/4564/4564 4583/4583/4583
f 4584/4584/4584 4634/4634/4634 4564/4564/4564
f 4563/4563/4563 4570/4570/4570 4585/4585/4585
f 4588/4588/4588 4822/4822/4822 4587/4587/4587
f 4585/4585/4585 4822/4822/4822 4583/4583/4583
f 4592/4592/4592 4593/4593/4593 4591/4591/4591
f 4595/4595/4595 4590/4590/4590 4594/4594/4594
f 4589/4589/4589 4595/4595/4595 4594/4594/4594
f 4598/4598/4598 4599/4599/4599 4596/4596/4596
f 4602/4602/4602 4603/4603/4603 4600/4600/4600
f 4591/4591/4591 4600/4600/4600 4603/4603/4603
f 4606/4606/4606 4617/4617/4617 4605/4605/4605
f 4599/4599/4599 4607/4607/4607 4608/4608/4608
f 4611/4611/4611 5093/5093/5093 4609/4609/4609
f 4609/4609/4609 5093/5093/5093 4606/4606/4606
f 4604/4604/4604 4617/4617/4617 4612/4612/4612
f 4614/4614/4614 4615/4615/4615 4616/4616/4616
f 4589/4589/4589 4618/4618/4618 4619/4619/4619
f 4615/4615/4615 4621/4621/4621 4616/4616/4616
f 4618/4618/4618 4620/4620/4620 4619/4619/4619
f 4621/4621/4621 4615/4615/4615 4622/4622/4622
f 4589/4589/4589 4623/4623/4623 4583/4583/4583
f 4623/4623/4623 4589/4589/4589 4624/4624/4624
f 4584/4584/4584 4625/4625/4625 4626/4626/4626
f 4626/4626/4626 4647/4647/4647 4584/4584/4584
f 4584/4584/4584 4583/4583/4583 4625/4625/4625
f 4626/4626/4626 4625/4625/4625 4628/4628/4628
f 4629/4629/4629 4630/4630/4630 4631/4631/4631
f 4631/4631/4631 4632/4632/4632 4633/4633/4633
f 4634/4634/4634 4633/4633/4633 4561/4561/4561
f 4635/4635/4635 4636/4636/4636 4633/4633/4633
f 4634/4634/4634 4635/4635/4635 4633/4633/4633
f 4633/4633/4633 4636/4636/4636 4637/4637/4637
f 4631/4631/4631 4633/4633/4633 4637/4637/4637
f 4636/4636/4636 4645/4645/4645 4639/4639/4639
f 4639/4639/4639 4648/4648/4648 4636/4636/4636
f 4640/4640/4640 4637/4637/4637 4641/4641/4641
f 4636/4636/4636 4635/4635/4635 4642/4642/4642
f 4635/4635/4635 4634/4634/4634 4627/4627/4627
f 4643/4643/4643 4644/4644/4644 4642/4642/4642
f 4642/4642/4642 4627/4627/4627 4643/4643/4643
f 4642/4642/4642 4644/4644/4644 4645/4645/4645
f 4636/4636/4636 4642/4642/4642 4645/4645/4645
f 4645/4645/4645 4644/4644/4644 4646/4646/4646
f 4638/4638/4638 4645/4645/4645 4646/4646/4646
f 4643/4643/4643 4627/4627/4627 4647/4647/4647
f 4644/4644/4644 4643/4643/4643 4647/4647/4647
f 4641/4641/4641 4637/4637/4637 4648/4648/4648
f 4648/4648/4648 4639/4639/4639 4649/4649/4649
f 4652/4652/4652 4653/4653/4653 4655/4655/4655
f 4655/4655/4655 4653/4653/4653 4657/4657/4657
f 4659/4659/4659 4657/4657/4657 4630/4630/4630
f 4659/4659/4659 4630/4630/4630 4660/4660/4660
f 4655/4655/4655 4657/4657/4657 4659/4659/4659
f 4661/4661/4661 4655/4655/4655 4659/4659/4659
f 4630/4630/4630 4629/4629/4629 4662/4662/4662
f 4629/4629/4629 4631/4631/4631 4640/4640/4640
f 4663/4663/4663 4629/4629/4629 4640/4640/4640
f 4664/4664/4664 4663/4663/4663 4640/4640/4640
f 4662/4662/4662 4629/4629/4629 4663/4663/4663
f 4664/4664/4664 4640/4640/4640 4641/4641/4641
f 4664/4664/4664 4641/4641/4641 4665/4665/4665
f 4663/4663/4663 4664/4664/4664 4666/4666/4666
f 4667/4667/4667 4668/4668/4668 4669/4669/4669
f 4670/4670/4670 4668/4668/4668 4667/4667/4667
f 4670/4670/4670 4667/4667/4667 4501/4501/4501
f 4670/4670/4670 4671/4671/4671 4672/4672/4672
f 4668/4668/4668 4670/4670/4670 4672/4672/4672
f 4673/4673/4673 4671/4671/4671 4670/4670/4670
f 4670/4670/4670 4501/4501/4501 4673/4673/4673
f 4671/4671/4671 4673/4673/4673 4674/4674/4674
f 4673/4673/4673 4501/4501/4501 4514/4514/4514
f 4574/4574/4574 4573/4573/4573 4674/4674/4674
f 4514/4514/4514 4375/4375/4375 4574/4574/4574
f 4674/4674/4674 4514/4514/4514 4574/4574/4574
f 4571/4571/4571 4568/4568/4568 4671/4671/4671
f 4674/4674/4674 4573/4573/4573 4571/4571/4571
f 4671/4671/4671 4674/4674/4674 4571/4571/4571
f 4668/4668/4668 4672/4672/4672 4562/4562/4562
f 4671/4671/4671 4568/4568/4568 4567/4567/4567
f 4562/4562/4562 4671/4671/4671 4567/4567/4567
f 4669/4669/4669 4675/4675/4675 4676/4676/4676
f 4668/4668/4668 4675/4675/4675 4669/4669/4669
f 4677/4677/4677 4561/4561/4561 4632/4632/4632
f 4632/4632/4632 4631/4631/4631 4675/4675/4675
f 4676/4676/4676 4630/4630/4630 4657/4657/4657
f 4675/4675/4675 4630/4630/4630 4676/4676/4676
f 4675/4675/4675 4631/4631/4631 4630/4630/4630
f 4678/4678/4678 4679/4679/4679 4680/4680/4680
f 4679/4679/4679 4678/4678/4678 4681/4681/4681
f 4682/4682/4682 4683/4683/4683 4684/4684/4684
f 4682/4682/4682 4684/4684/4684 4685/4685/4685
f 4681/4681/4681 4685/4685/4685 4684/4684/4684
f 4684/4684/4684 4679/4679/4679 4681/4681/4681
f 4685/4685/4685 4681/4681/4681 4686/4686/4686
f 4685/4685/4685 4687/4687/4687 4682/4682/4682
f 4653/4653/4653 4688/4688/4688 4689/4689/4689
f 4653/4653/4653 4689/4689/4689 4690/4690/4690
f 4683/4683/4683 4682/4682/4682 4691/4691/4691
f 4689/4689/4689 4691/4691/4691 4692/4692/4692
f 4692/4692/4692 4690/4690/4690 4689/4689/4689
f 4687/4687/4687 4657/4657/4657 4690/4690/4690
f 4690/4690/4690 4692/4692/4692 4687/4687/4687
f 4690/4690/4690 4657/4657/4657 4653/4653/4653
f 4693/4693/4693 4694/4694/4694 4695/4695/4695
f 4678/4678/4678 4694/4694/4694 4696/4696/4696
f 4697/4697/4697 4698/4698/4698 4699/4699/4699
f 4700/4700/4700 4701/4701/4701 4702/4702/4702
f 4698/4698/4698 4697/4697/4697 4703/4703/4703
f 4704/4704/4704 4693/4693/4693 4698/4698/4698
f 4703/4703/4703 4704/4704/4704 4698/4698/4698
f 4700/4700/4700 4702/4702/4702 4705/4705/4705
f 4703/4703/4703 4697/4697/4697 4705/4705/4705
f 4696/4696/4696 4681/4681/4681 4678/4678/4678
f 4696/4696/4696 4694/4694/4694 4704/4704/4704
f 4696/4696/4696 4704/4704/4704 4706/4706/4706
f 4706/4706/4706 4686/4686/4686 4696/4696/4696
f 4703/4703/4703 4705/4705/4705 4707/4707/4707
f 4706/4706/4706 4704/4704/4704 4703/4703/4703
f 4707/4707/4707 4706/4706/4706 4703/4703/4703
f 4686/4686/4686 4706/4706/4706 4708/4708/4708
f 4687/4687/4687 4676/4676/4676 4657/4657/4657
f 4676/4676/4676 4687/4687/4687 4685/4685/4685
f 4676/4676/4676 4685/4685/4685 4686/4686/4686
f 4686/4686/4686 4669/4669/4669 4676/4676/4676
f 4709/4709/4709 4701/4701/4701 4710/4710/4710
f 4711/4711/4711 4709/4709/4709 4712/4712/4712
f 4711/4711/4711 4714/4714/4714 4709/4709/4709
f 4701/4701/4701 4709/4709/4709 4713/4713/4713
f 4702/4702/4702 4701/4701/4701 4713/4713/4713
f 4715/4715/4715 4711/4711/4711 4716/4716/4716
f 4714/4714/4714 4711/4711/4711 4715/4715/4715
f 4717/4717/4717 4718/4718/4718 4719/4719/4719
f 4718/4718/4718 4717/4717/4717 4720/4720/4720
f 4721/4721/4721 4722/4722/4722 4718/4718/4718
f 4720/4720/4720 4721/4721/4721 4718/4718/4718
f 4715/4715/4715 4722/4722/4722 4721/4721/4721
f 4721/4721/4721 4714/4714/4714 4715/4715/4715
f 4721/4721/4721 4720/4720/4720 4723/4723/4723
f 4724/4724/4724 4714/4714/4714 4721/4721/4721
f 4723/4723/4723 4724/4724/4724 4721/4721/4721
f 4705/4705/4705 4702/4702/4702 4713/4713/4713
f 4713/4713/4713 4714/4714/4714 4724/4724/4724
f 4705/4705/4705 4713/4713/4713 4724/4724/4724
f 4725/4725/4725 4726/4726/4726 4727/4727/4727
f 4728/4728/4728 4725/4725/4725 4727/4727/4727
f 4729/4729/4729 4726/4726/4726 4725/4725/4725
f 4720/4720/4720 4717/4717/4717 4729/4729/4729
f 4725/4725/4725 4720/4720/4720 4729/4729/4729
f 4728/4728/4728 4727/4727/4727 4730/4730/4730
f 4732/4732/4732 4520/4520/4520 4730/4730/4730
f 4731/4731/4731 4728/4728/4728 4730/4730/4730
f 4731/4731/4731 4520/4520/4520 4526/4526/4526
f 4733/4733/4733 4728/4728/4728 4731/4731/4731
f 4526/4526/4526 4733/4733/4733 4731/4731/4731
f 4725/4725/4725 4728/4728/4728 4733/4733/4733
f 4725/4725/4725 4733/4733/4733 4723/4723/4723
f 4540/4540/4540 4734/4734/4734 4733/4733/4733
f 4734/4734/4734 4723/4723/4723 4733/4733/4733
f 4707/4707/4707 4705/4705/4705 4724/4724/4724
f 4734/4734/4734 4707/4707/4707 4723/4723/4723
f 4735/4735/4735 4707/4707/4707 4734/4734/4734
f 4502/4502/4502 4735/4735/4735 4540/4540/4540
f 4502/4502/4502 4667/4667/4667 4735/4735/4735
f 4708/4708/4708 4707/4707/4707 4735/4735/4735
f 4669/4669/4669 4708/4708/4708 4735/4735/4735
f 4735/4735/4735 4667/4667/4667 4669/4669/4669
f 4737/4737/4737 4455/4455/4455 4736/4736/4736
f 4738/4738/4738 4739/4739/4739 4465/4465/4465
f 4443/4443/4443 4742/4742/4742 4743/4743/4743
f 4443/4443/4443 4744/4744/4744 4742/4742/4742
f 4443/4443/4443 4740/4740/4740 4744/4744/4744
f 4743/4743/4743 4745/4745/4745 4443/4443/4443
f 4448/4448/4448 4447/4447/4447 4449/4449/4449
f 4747/4747/4747 4750/4750/4750 4746/4746/4746
f 4749/4749/4749 4750/4750/4750 4747/4747/4747
f 4751/4751/4751 4752/4752/4752 4753/4753/4753
f 4748/4748/4748 4750/4750/4750 4441/4441/4441
f 4753/4753/4753 4752/4752/4752 4754/4754/4754
f 4751/4751/4751 4755/4755/4755 4752/4752/4752
f 4751/4751/4751 4756/4756/4756 4755/4755/4755
f 4749/4749/4749 4442/4442/4442 4750/4750/4750
f 4432/4432/4432 4441/4441/4441 4435/4435/4435
f 4756/4756/4756 4773/4773/4773 4755/4755/4755
f 4745/4745/4745 5095/5095/5095 4758/4758/4758
f 4759/4759/4759 4760/4760/4760 4461/4461/4461
f 4465/4465/4465 4461/4461/4461 4738/4738/4738
f 4461/4461/4461 4762/4762/4762 4759/4759/4759
f 4761/4761/4761 4461/4461/4461 4460/4460/4460
f 4458/4458/4458 4428/4428/4428 4763/4763/4763
f 4758/4758/4758 5095/5095/5095 4765/4765/4765
f 4428/4428/4428 4765/4765/4765 4763/4763/4763
f 4428/4428/4428 4764/4764/4764 4765/4765/4765
f 4437/4437/4437 4468/4468/4468 4766/4766/4766
f 4767/4767/4767 4768/4768/4768 4769/4769/4769
f 4770/4770/4770 4771/4771/4771 4767/4767/4767
f 4766/4766/4766 4771/4771/4771 4770/4770/4770
f 4770/4770/4770 4767/4767/4767 4769/4769/4769
f 4428/4428/4428 4433/4433/4433 4764/4764/4764
f 4433/4433/4433 4434/4434/4434 4772/4772/4772
f 4757/4757/4757 4773/4773/4773 4430/4430/4430
f 4431/4431/4431 4432/4432/4432 4428/4428/4428
f 4756/4756/4756 4431/4431/4431 4773/4773/4773
f 4774/4774/4774 4429/4429/4429 4437/4437/4437
f 4429/4429/4429 4774/4774/4774 4775/4775/4775
f 4770/4770/4770 4774/4774/4774 4766/4766/4766
f 4776/4776/4776 4429/4429/4429 4777/4777/4777
f 4779/4779/4779 4777/4777/4777 4775/4775/4775
f 4778/4778/4778 4801/4801/4801 4780/4780/4780
f 4429/4429/4429 4775/4775/4775 4777/4777/4777
f 4482/4482/4482 4781/4781/4781 4487/4487/4487
f 4782/4782/4782 4783/4783/4783 4784/4784/4784
f 4498/4498/4498 4497/4497/4497 4493/4493/4493
f 4785/4785/4785 4784/4784/4784 4786/4786/4786
f 4787/4787/4787 4768/4768/4768 4788/4788/4788
f 4791/4791/4791 4792/4792/4792 4790/4790/4790
f 4786/4786/4786 4791/4791/4791 4785/4785/4785
f 4769/4769/4769 4768/4768/4768 4787/4787/4787
f 4608/4608/4608 4789/4789/4789 4792/4792/4792
f 4607/4607/4607 4789/4789/4789 4608/4608/4608
f 4598/4598/4598 4793/4793/4793 4794/4794/4794
f 4599/4599/4599 4794/4794/4794 4607/4607/4607
f 4599/4599/4599 4598/4598/4598 4794/4794/4794
f 4795/4795/4795 4796/4796/4796 4797/4797/4797
f 4787/4787/4787 4788/4788/4788 4798/4798/4798
f 4799/4799/4799 4800/4800/4800 4795/4795/4795
f 4801/4801/4801 4480/4480/4480 4780/4780/4780
f 4801/4801/4801 4477/4477/4477 4479/4479/4479
f 4480/4480/4480 4801/4801/4801 4479/4479/4479
f 4800/4800/4800 4799/4799/4799 4803/4803/4803
f 4803/4803/4803 4802/4802/4802 4804/4804/4804
f 4804/4804/4804 4805/4805/4805 4806/4806/4806
f 4793/4793/4793 4806/4806/4806 4805/4805/4805
f 4806/4806/4806 4793/4793/4793 4598/4598/4598
f 4802/4802/4802 4805/4805/4805 4804/4804/4804
f 4807/4807/4807 4474/4474/4474 4476/4476/4476
f 4473/4473/4473 4474/4474/4474 4807/4807/4807
f 4473/4473/4473 4808/4808/4808 4471/4471/4471
f 4808/4808/4808 4473/4473/4473 4807/4807/4807
f 4809/4809/4809 4810/4810/4810 4811/4811/4811
f 4812/4812/4812 4811/4811/4811 4810/4810/4810
f 4471/4471/4471 4808/4808/4808 4810/4810/4810
f 4807/4807/4807 4476/4476/4476 4477/4477/4477
f 4813/4813/4813 4597/4597/4597 4596/4596/4596
f 4814/4814/4814 4602/4602/4602 4601/4601/4601
f 4620/4620/4620 4612/4612/4612 4616/4616/4616
f 4594/4594/4594 4618/4618/4618 4589/4589/4589
f 4811/4811/4811 4812/4812/4812 4815/4815/4815
f 4816/4816/4816 4817/4817/4817 4818/4818/4818
f 4815/4815/4815 4812/4812/4812 4818/4818/4818
f 4818/4818/4818 4820/4820/4820 4819/4819/4819
f 4820/4820/4820 4821/4821/4821 4819/4819/4819
f 4821/4821/4821 4589/4589/4589 4822/4822/4822
f 4820/4820/4820 4595/4595/4595 4589/4589/4589
f 4820/4820/4820 4589/4589/4589 4821/4821/4821
f 4823/4823/4823 4824/4824/4824 4825/4825/4825
f 4826/4826/4826 4823/4823/4823 4827/4827/4827
f 4828/4828/4828 4824/4824/4824 4829/4829/4829
f 4823/4823/4823 4830/4830/4830 4827/4827/4827
f 4829/4829/4829 4823/4823/4823 4826/4826/4826
f 4824/4824/4824 4823/4823/4823 4829/4829/4829
f 4831/4831/4831 4832/4832/4832 4833/4833/4833
f 4832/4832/4832 4831/4831/4831 4834/4834/4834
f 4835/4835/4835 4827/4827/4827 4830/4830/4830
f 4836/4836/4836 4830/4830/4830 4411/4411/4411
f 4428/4428/4428 4411/4411/4411 4830/4830/4830
f 4835/4835/4835 4830/4830/4830 4836/4836/4836
f 4430/4430/4430 4428/4428/4428 4830/4830/4830
f 4411/4411/4411 4427/4427/4427 4836/4836/4836
f 4834/4834/4834 4831/4831/4831 4837/4837/4837
f 4837/4837/4837 4426/4426/4426 4834/4834/4834
f 4837/4837/4837 4427/4427/4427 4426/4426/4426
f 4838/4838/4838 4423/4423/4423 4422/4422/4422
f 4416/4416/4416 4422/4422/4422 4418/4418/4418
f 4839/4839/4839 4838/4838/4838 4422/4422/4422
f 4840/4840/4840 4560/4560/4560 4559/4559/4559
f 4840/4840/4840 4557/4557/4557 4841/4841/4841
f 4839/4839/4839 4505/4505/4505 4842/4842/4842
f 4560/4560/4560 4840/4840/4840 4503/4503/4503
f 4555/4555/4555 4557/4557/4557 4559/4559/4559
f 4559/4559/4559 4557/4557/4557 4840/4840/4840
f 4558/4558/4558 4841/4841/4841 4557/4557/4557
f 4415/4415/4415 4506/4506/4506 4839/4839/4839
f 4415/4415/4415 4839/4839/4839 4422/4422/4422
f 4415/4415/4415 4422/4422/4422 4416/4416/4416
f 4413/4413/4413 4843/4843/4843 4844/4844/4844
f 4424/4424/4424 4844/4844/4844 4425/4425/4425
f 4411/4411/4411 4425/4425/4425 4426/4426/4426
f 4413/4413/4413 4844/4844/4844 4424/4424/4424
f 4413/4413/4413 4417/4417/4417 4843/4843/4843
f 4506/4506/4506 4415/4415/4415 4412/4412/4412
f 4505/4505/4505 4839/4839/4839 4506/4506/4506
f 4840/4840/4840 4842/4842/4842 4503/4503/4503
f 4505/4505/4505 4504/4504/4504 4842/4842/4842
f 4550/4550/4550 4559/4559/4559 4560/4560/4560
f 4845/4845/4845 4846/4846/4846 4429/4429/4429
f 4776/4776/4776 4845/4845/4845 4429/4429/4429
f 4848/4848/4848 4846/4846/4846 4849/4849/4849
f 4848/4848/4848 4429/4429/4429 4846/4846/4846
f 4848/4848/4848 4849/4849/4849 4850/4850/4850
f 4851/4851/4851 4850/4850/4850 4852/4852/4852
f 4851/4851/4851 4852/4852/4852 4853/4853/4853
f 4850/4850/4850 4851/4851/4851 4854/4854/4854
f 4780/4780/4780 4480/4480/4480 4855/4855/4855
f 4856/4856/4856 4855/4855/4855 4390/4390/4390
f 4853/4853/4853 4857/4857/4857 4858/4858/4858
f 4853/4853/4853 4858/4858/4858 4851/4851/4851
f 4390/4390/4390 4859/4859/4859 4856/4856/4856
f 4860/4860/4860 4857/4857/4857 4853/4853/4853
f 4860/4860/4860 4876/4876/4876 4861/4861/4861
f 4862/4862/4862 4429/4429/4429 4848/4848/4848
f 4863/4863/4863 4847/4847/4847 4864/4864/4864
f 4429/4429/4429 4866/4866/4866 4409/4409/4409
f 4429/4429/4429 4862/4862/4862 4866/4866/4866
f 4866/4866/4866 4388/4388/4388 4409/4409/4409
f 4503/4503/4503 4538/4538/4538 4560/4560/4560
f 4850/4850/4850 4867/4867/4867 4848/4848/4848
f 4848/4848/4848 4867/4867/4867 4868/4868/4868
f 4868/4868/4868 4865/4865/4865 4848/4848/4848
f 4869/4869/4869 4384/4384/4384 4386/4386/4386
f 4384/4384/4384 4869/4869/4869 4870/4870/4870
f 4512/4512/4512 4384/4384/4384 4871/4871/4871
f 4871/4871/4871 4383/4383/4383 4512/4512/4512
f 4850/4850/4850 4854/4854/4854 4867/4867/4867
f 4556/4556/4556 4549/4549/4549 4547/4547/4547
f 4840/4840/4840 4841/4841/4841 4872/4872/4872
f 4873/4873/4873 4874/4874/4874 4400/4400/4400
f 4875/4875/4875 4861/4861/4861 4876/4876/4876
f 4875/4875/4875 4877/4877/4877 4878/4878/4878
f 4400/4400/4400 4399/4399/4399 4873/4873/4873
f 4873/4873/4873 4878/4878/4878 4874/4874/4874
f 4874/4874/4874 4878/4878/4878 4877/4877/4877
f 4809/4809/4809 4471/4471/4471 4810/4810/4810
f 4578/4578/4578 4577/4577/4577 4880/4880/4880
f 4881/4881/4881 4880/4880/4880 4882/4882/4882
f 4880/4880/4880 4881/4881/4881 4578/4578/4578
f 4883/4883/4883 4882/4882/4882 4884/4884/4884
f 4883/4883/4883 4881/4881/4881 4882/4882/4882
f 4588/4588/4588 4885/4885/4885 4884/4884/4884
f 4883/4883/4883 4884/4884/4884 4885/4885/4885
f 4885/4885/4885 4588/4588/4588 4587/4587/4587
f 4586/4586/4586 4585/4585/4585 4886/4886/4886
f 4886/4886/4886 4585/4585/4585 4887/4887/4887
f 4585/4585/4585 4570/4570/4570 4887/4887/4887
f 4585/4585/4585 4586/4586/4586 4822/4822/4822
f 4888/4888/4888 4887/4887/4887 4570/4570/4570
f 4889/4889/4889 4888/4888/4888 4570/4570/4570
f 4576/4576/4576 4575/4575/4575 4574/4574/4574
f 4890/4890/4890 4572/4572/4572 4573/4573/4573
f 4572/4572/4572 4890/4890/4890 4891/4891/4891
f 4568/4568/4568 4891/4891/4891 4569/4569/4569
f 4889/4889/4889 4570/4570/4570 4566/4566/4566
f 4891/4891/4891 4568/4568/4568 4572/4572/4572
f 4638/4638/4638 4646/4646/4646 4892/4892/4892
f 4641/4641/4641 4648/4648/4648 4893/4893/4893
f 4894/4894/4894 4660/4660/4660 4663/4663/4663
f 4895/4895/4895 4658/4658/4658 4896/4896/4896
f 4897/4897/4897 4661/4661/4661 4659/4659/4659
f 4898/4898/4898 4899/4899/4899 4656/4656/4656
f 4900/4900/4900 4652/4652/4652 4655/4655/4655
f 4902/4902/4902 4652/4652/4652 4903/4903/4903
f 4904/4904/4904 4650/4650/4650 4906/4906/4906
f 4651/4651/4651 4905/4905/4905 4909/4909/4909
f 4910/4910/4910 4912/4912/4912 4909/4909/4909
f 4911/4911/4911 4907/4907/4907 4914/4914/4914
f 4908/4908/4908 4913/4913/4913 4903/4903/4903
f 4916/4916/4916 4902/4902/4902 4917/4917/4917
f 4918/4918/4918 4691/4691/4691 4689/4689/4689
f 4919/4919/4919 4921/4921/4921 4902/4902/4902
f 4923/4923/4923 4925/4925/4925 4922/4922/4922
f 4926/4926/4926 4902/4902/4902 4928/4928/4928
f 4927/4927/4927 4930/4930/4930 4901/4901/4901
f 4921/4921/4921 4929/4929/4929 4902/4902/4902
f 4701/4701/4701 4700/4700/4700 4931/4931/4931
f 4932/4932/4932 4698/4698/4698 4693/4693/4693
f 4684/4684/4684 4933/4933/4933 4679/4679/4679
f 4684/4684/4684 4683/4683/4683 4934/4934/4934
f 4935/4935/4935 4694/4694/4694 4678/4678/4678
f 4920/4920/4920 4924/4924/4924 4921/4921/4921
f 3/3/3 59/59/59 14/14/14
f 237/237/237 228/228/228 20/20/20
f 66/66/66 72/72/72 59/59/59
f 96/96/96 88/88/88 111/111/111
f 14/14/14 59/59/59 90/90/90
f 115/115/115 103/103/103 125/125/125
f 123/123/123 271/271/271 268/268/268
f 226/226/226 249/249/249 4936/4936/4936
f 149/149/149 317/317/317 323/323/323
f 483/483/483 481/481/481 540/540/540
f 502/502/502 505/505/505 507/507/507
f 771/771/771 835/835/835 772/772/772
f 792/792/792 806/806/806 791/791/791
f 812/812/812 821/821/821 813/813/813
f 815/815/815 818/818/818 816/816/816
f 942/942/942 941/941/941 948/948/948
f 945/945/945 942/942/942 947/947/947
f 947/947/947 948/948/948 951/951/951
f 949/949/949 947/947/947 950/950/950
f 950/950/950 951/951/951 954/954/954
f 952/952/952 950/950/950 953/953/953
f 953/953/953 954/954/954 958/958/958
f 956/956/956 953/953/953 957/957/957
f 957/957/957 958/958/958 961/961/961
f 962/962/962 960/960/960 963/963/963
f 963/963/963 1013/1013/1013 966/966/966
f 967/967/967 963/963/963 965/965/965
f 968/968/968 966/966/966 971/971/971
f 969/969/969 965/965/965 968/968/968
f 969/969/969 968/968/968 970/970/970
f 970/970/970 971/971/971 974/974/974
f 972/972/972 970/970/970 973/973/973
f 973/973/973 974/974/974 977/977/977
f 975/975/975 973/973/973 976/976/976
f 976/976/976 977/977/977 980/980/980
f 978/978/978 976/976/976 979/979/979
f 981/981/981 979/979/979 982/982/982
f 982/982/982 980/980/980 985/985/985
f 983/983/983 982/982/982 984/984/984
f 984/984/984 985/985/985 989/989/989
f 987/987/987 984/984/984 988/988/988
f 991/991/991 988/988/988 990/990/990
f 990/990/990 989/989/989 993/993/993
f 994/994/994 990/990/990 992/992/992
f 995/995/995 993/993/993 999/999/999
f 994/994/994 992/992/992 995/995/995
f 1003/1003/1003 948/948/948 941/941/941
f 1005/1005/1005 954/954/954 951/951/951
f 985/985/985 1033/1033/1033 1034/1034/1034
f 1057/1057/1057 1054/1054/1054 1053/1053/1053
f 1056/1056/1056 1054/1054/1054 1057/1057/1057
f 1057/1057/1057 1053/1053/1053 1059/1059/1059
f 1059/1059/1059 1060/1060/1060 1067/1067/1067
f 1063/1063/1063 1054/1054/1054 1056/1056/1056
f 1059/1059/1059 1068/1068/1068 1069/1069/1069
f 1069/1069/1069 1061/1061/1061 1059/1059/1059
f 1079/1079/1079 1074/1074/1074 1082/1082/1082
f 1083/1083/1083 1079/1079/1079 1081/1081/1081
f 1081/1081/1081 1082/1082/1082 1086/1086/1086
f 1090/1090/1090 1091/1091/1091 1095/1095/1095
f 1092/1092/1092 1088/1088/1088 1090/1090/1090
f 1094/1094/1094 1095/1095/1095 1098/1098/1098
f 1097/1097/1097 1098/1098/1098 1102/1102/1102
f 1099/1099/1099 1094/1094/1094 1097/1097/1097
f 1101/1101/1101 1102/1102/1102 1105/1105/1105
f 1106/1106/1106 1101/1101/1101 1104/1104/1104
f 1104/1104/1104 1105/1105/1105 1109/1109/1109
f 1108/1108/1108 1109/1109/1109 1112/1112/1112
f 1113/1113/1113 1108/1108/1108 1111/1111/1111
f 1114/1114/1114 1112/1112/1112 1117/1117/1117
f 1115/1115/1115 1111/1111/1111 1114/1114/1114
f 1118/1118/1118 1114/1114/1114 1116/1116/1116
f 1116/1116/1116 1117/1117/1117 1120/1120/1120
f 1119/1119/1119 1120/1120/1120 1124/1124/1124
f 1121/1121/1121 1116/1116/1116 1119/1119/1119
f 1123/1123/1123 1124/1124/1124 1127/1127/1127
f 1128/1128/1128 1123/1123/1123 1126/1126/1126
f 1126/1126/1126 1127/1127/1127 1131/1131/1131
f 1130/1130/1130 1131/1131/1131 1134/1134/1134
f 1133/1133/1133 1134/1134/1134 1137/1137/1137
f 1138/1138/1138 1133/1133/1133 1136/1136/1136
f 1136/1136/1136 1137/1137/1137 1141/1141/1141
f 1140/1140/1140 1141/1141/1141 1144/1144/1144
f 1145/1145/1145 1140/1140/1140 1143/1143/1143
f 1143/1143/1143 1144/1144/1144 1148/1148/1148
f 1146/1146/1146 1143/1143/1143 1147/1147/1147
f 1147/1147/1147 1148/1148/1148 1150/1150/1150
f 1151/1151/1151 1147/1147/1147 1149/1149/1149
f 1149/1149/1149 1150/1150/1150 1153/1153/1153
f 1152/1152/1152 1153/1153/1153 1155/1155/1155
f 1154/1154/1154 1155/1155/1155 1157/1157/1157
f 4940/4940/4940 1154/1154/1154 1156/1156/1156
f 1156/1156/1156 1157/1157/1157 1159/1159/1159
f 1162/1162/1162 1156/1156/1156 1158/1158/1158
f 1160/1160/1160 1159/1159/1159 1164/1164/1164
f 1161/1161/1161 1158/1158/1158 1160/1160/1160
f 1163/1163/1163 1164/1164/1164 1166/1166/1166
f 1165/1165/1165 1166/1166/1166 1222/1222/1222
f 4941/4941/4941 1163/1163/1163 1165/1165/1165
f 1165/1165/1165 1222/1222/1222 1168/1168/1168
f 1080/1080/1080 1196/1196/1196 4942/4942/4942
f 1092/1092/1092 1198/1198/1198 1197/1197/1197
f 1115/1115/1115 1204/1204/1204 1203/1203/1203
f 1244/1244/1244 1243/1243/1243 1246/1246/1246
f 1245/1245/1245 1246/1246/1246 1249/1249/1249
f 1248/1248/1248 1249/1249/1249 1252/1252/1252
f 1247/1247/1247 1245/1245/1245 1248/1248/1248
f 1254/1254/1254 1251/1251/1251 1255/1255/1255
f 1260/1260/1260 1253/1253/1253 1256/1256/1256
f 1264/1264/1264 1261/1261/1261 1265/1265/1265
f 1263/1263/1263 1265/1265/1265 1267/1267/1267
f 1268/1268/1268 1264/1264/1264 1263/1263/1263
f 1266/1266/1266 1267/1267/1267 1270/1270/1270
f 1269/1269/1269 1270/1270/1270 1272/1272/1272
f 1274/1274/1274 1271/1271/1271 1275/1275/1275
f 1277/1277/1277 1274/1274/1274 1273/1273/1273
f 1282/1282/1282 1279/1279/1279 1283/1283/1283
f 1281/1281/1281 1283/1283/1283 1285/1285/1285
f 1286/1286/1286 1282/1282/1282 1281/1281/1281
f 1284/1284/1284 1285/1285/1285 1289/1289/1289
f 1291/1291/1291 1287/1287/1287 1292/1292/1292
f 1294/1294/1294 1291/1291/1291 1290/1290/1290
f 1293/1293/1293 1292/1292/1292 1296/1296/1296
f 1295/1295/1295 1296/1296/1296 1344/1344/1344
f 4943/4943/4943 1293/1293/1293 1295/1295/1295
f 1295/1295/1295 1344/1344/1344 1347/1347/1347
f 1298/1298/1298 1347/1347/1347 1299/1299/1299
f 1297/1297/1297 1299/1299/1299 1301/1301/1301
f 4944/4944/4944 1298/1298/1298 1297/1297/1297
f 1300/1300/1300 1301/1301/1301 1303/1303/1303
f 1307/1307/1307 1297/1297/1297 1300/1300/1300
f 1302/1302/1302 1303/1303/1303 1305/1305/1305
f 1307/1307/1307 1300/1300/1300 1302/1302/1302
f 1306/1306/1306 1302/1302/1302 1304/1304/1304
f 1309/1309/1309 1310/1310/1310 1312/1312/1312
f 1314/1314/1314 1308/1308/1308 1309/1309/1309
f 1311/1311/1311 1312/1312/1312 1316/1316/1316
f 1313/1313/1313 1309/1309/1309 1311/1311/1311
f 1315/1315/1315 1316/1316/1316 1318/1318/1318
f 1321/1321/1321 1315/1315/1315 1317/1317/1317
f 1322/1322/1322 1323/1323/1323 1325/1325/1325
f 1320/1320/1320 1319/1319/1319 1322/1322/1322
f 1324/1324/1324 1325/1325/1325 1327/1327/1327
f 1326/1326/1326 1327/1327/1327 1329/1329/1329
f 1331/1331/1331 1324/1324/1324 1326/1326/1326
f 1328/1328/1328 1329/1329/1329 1332/1332/1332
f 1374/1374/1374 1373/1373/1373 1370/1370/1370
f 1378/1378/1378 1374/1374/1374 1376/1376/1376
f 1381/1381/1381 1371/1371/1371 1373/1373/1373
f 1378/1378/1378 1382/1382/1382 1383/1383/1383
f 1388/1388/1388 1385/1385/1385 1384/1384/1384
f 1391/1391/1391 1388/1388/1388 1387/1387/1387
f 1391/1391/1391 1392/1392/1392 4945/4945/4945
f 1398/1398/1398 1396/1396/1396 1399/1399/1399
f 1399/1399/1399 1395/1395/1395 1402/1402/1402
f 1400/1400/1400 1399/1399/1399 1401/1401/1401
f 1401/1401/1401 1402/1402/1402 1404/1404/1404
f 1405/1405/1405 1404/1404/1404 1407/1407/1407
f 1406/1406/1406 1407/1407/1407 1411/1411/1411
f 1409/1409/1409 1405/1405/1405 1406/1406/1406
f 1408/1408/1408 1406/1406/1406 1410/1410/1410
f 1410/1410/1410 1411/1411/1411 1414/1414/1414
f 1412/1412/1412 1410/1410/1410 1413/1413/1413
f 1415/1415/1415 1413/1413/1413 1416/1416/1416
f 1417/1417/1417 1418/1418/1418 1420/1420/1420
f 1415/1415/1415 1416/1416/1416 1417/1417/1417
f 1419/1419/1419 1420/1420/1420 1422/1422/1422
f 1424/1424/1424 1417/1417/1417 1419/1419/1419
f 1421/1421/1421 1422/1422/1422 1426/1426/1426
f 1424/1424/1424 1419/1419/1419 1421/1421/1421
f 1425/1425/1425 1426/1426/1426 1429/1429/1429
f 1428/1428/1428 1429/1429/1429 1433/1433/1433
f 1431/1431/1431 1428/1428/1428 1432/1432/1432
f 1435/1435/1435 1433/1433/1433 1439/1439/1439
f 1438/1438/1438 1439/1439/1439 1442/1442/1442
f 1437/1437/1437 1435/1435/1435 1438/1438/1438
f 1441/1441/1441 1442/1442/1442 1446/1446/1446
f 1445/1445/1445 1446/1446/1446 1449/1449/1449
f 1444/1444/1444 1441/1441/1441 1445/1445/1445
f 1448/1448/1448 1449/1449/1449 1523/1523/1523
f 1447/1447/1447 1445/1445/1445 1448/1448/1448
f 1450/1450/1450 1448/1448/1448 1451/1451/1451
f 1451/1451/1451 1452/1452/1452 1455/1455/1455
f 1453/1453/1453 1451/1451/1451 1454/1454/1454
f 1454/1454/1454 1455/1455/1455 1458/1458/1458
f 1456/1456/1456 1454/1454/1454 1457/1457/1457
f 1463/1463/1463 1461/1461/1461 1467/1467/1467
f 1465/1465/1465 1463/1463/1463 1466/1466/1466
f 1466/1466/1466 1467/1467/1467 1470/1470/1470
f 1471/1471/1471 1469/1469/1469 1472/1472/1472
f 1472/1472/1472 1470/1470/1470 1475/1475/1475
f 1473/1473/1473 1472/1472/1472 1474/1474/1474
f 1474/1474/1474 1475/1475/1475 1478/1478/1478
f 1476/1476/1476 1474/1474/1474 1477/1477/1477
f 1477/1477/1477 1478/1478/1478 1481/1481/1481
f 1479/1479/1479 1477/1477/1477 1480/1480/1480
f 1486/1486/1486 1483/1483/1483 1487/1487/1487
f 1433/1433/1433 1508/1508/1508 1509/1509/1509
f 1439/1439/1439 1509/1509/1509 1510/1510/1510
f 1446/1446/1446 1510/1510/1510 1521/1521/1521
f 1461/1461/1461 1527/1527/1527 1528/1528/1528
f 1467/1467/1467 1530/1530/1530 1531/1531/1531
f 1465/1465/1465 1546/1546/1546 1545/1545/1545
f 1486/1486/1486 4946/4946/4946 1554/1554/1554
f 1566/1566/1566 1564/1564/1564 1569/1569/1569
f 1568/1568/1568 1569/1569/1569 1572/1572/1572
f 1573/1573/1573 1568/1568/1568 1571/1571/1571
f 1574/1574/1574 1572/1572/1572 1577/1577/1577
f 1576/1576/1576 1577/1577/1577 1580/1580/1580
f 1581/1581/1581 1576/1576/1576 1579/1579/1579
f 1579/1579/1579 1580/1580/1580 1584/1584/1584
f 1582/1582/1582 1579/1579/1579 1583/1583/1583
f 1582/1582/1582 1583/1583/1583 1585/1585/1585
f 1585/1585/1585 1584/1584/1584 1587/1587/1587
f 1586/1586/1586 1587/1587/1587 1590/1590/1590
f 1589/1589/1589 1590/1590/1590 1592/1592/1592
f 1591/1591/1591 1592/1592/1592 1594/1594/1594
f 4947/4947/4947 1591/1591/1591 1593/1593/1593
f 1593/1593/1593 1594/1594/1594 1596/1596/1596
f 4947/4947/4947 1593/1593/1593 1595/1595/1595
f 1595/1595/1595 1596/1596/1596 1598/1598/1598
f 1601/1601/1601 1595/1595/1595 1597/1597/1597
f 1597/1597/1597 1598/1598/1598 1600/1600/1600
f 1599/1599/1599 1600/1600/1600 1603/1603/1603
f 1602/1602/1602 1603/1603/1603 1606/1606/1606
f 1604/1604/1604 1602/1602/1602 1605/1605/1605
f 1605/1605/1605 1606/1606/1606 1608/1608/1608
f 1604/1604/1604 1605/1605/1605 1607/1607/1607
f 1611/1611/1611 1609/1609/1609 1612/1612/1612
f 1619/1619/1619 1617/1617/1617 1620/1620/1620
f 1624/1624/1624 1622/1622/1622 1625/1625/1625
f 1625/1625/1625 1623/1623/1623 1627/1627/1627
f 1626/1626/1626 1627/1627/1627 1630/1630/1630
f 1631/1631/1631 1632/1632/1632 4948/4948/4948
f 1634/1634/1634 4949/4949/4949 4950/4950/4950
f 1634/1634/1634 4950/4950/4950 1635/1635/1635
f 1633/1633/1633 1635/1635/1635 1638/1638/1638
f 1636/1636/1636 1633/1633/1633 1637/1637/1637
f 1637/1637/1637 1638/1638/1638 1640/1640/1640
f 1639/1639/1639 1640/1640/1640 1643/1643/1643
f 1641/1641/1641 1639/1639/1639 1642/1642/1642
f 1642/1642/1642 1643/1643/1643 1645/1645/1645
f 1644/1644/1644 1645/1645/1645 1647/1647/1647
f 1650/1650/1650 1651/1651/1651 1653/1653/1653
f 1657/1657/1657 1650/1650/1650 1652/1652/1652
f 1652/1652/1652 1653/1653/1653 1655/1655/1655
f 1693/1693/1693 1696/1696/1696 1701/1701/1701
f 1698/1698/1698 1693/1693/1693 1700/1700/1700
f 1700/1700/1700 1701/1701/1701 1704/1704/1704
f 1702/1702/1702 1700/1700/1700 1703/1703/1703
f 1703/1703/1703 1704/1704/1704 1707/1707/1707
f 1705/1705/1705 1703/1703/1703 1706/1706/1706
f 1706/1706/1706 1707/1707/1707 1711/1711/1711
f 1709/1709/1709 1706/1706/1706 1710/1710/1710
f 1713/1713/1713 1710/1710/1710 1712/1712/1712
f 1712/1712/1712 1764/1764/1764 1716/1716/1716
f 1714/1714/1714 1712/1712/1712 1715/1715/1715
f 1717/1717/1717 1716/1716/1716 1720/1720/1720
f 1718/1718/1718 1715/1715/1715 1717/1717/1717
f 1721/1721/1721 1717/1717/1717 1719/1719/1719
f 1719/1719/1719 1720/1720/1720 1723/1723/1723
f 1724/1724/1724 1719/1719/1719 1722/1722/1722
f 1722/1722/1722 1723/1723/1723 1726/1726/1726
f 1727/1727/1727 1722/1722/1722 1725/1725/1725
f 1725/1725/1725 1726/1726/1726 1729/1729/1729
f 1727/1727/1727 1725/1725/1725 1728/1728/1728
f 1730/1730/1730 1728/1728/1728 1731/1731/1731
f 1731/1731/1731 1729/1729/1729 1785/1785/1785
f 1731/1731/1731 1785/1785/1785 1734/1734/1734
f 1732/1732/1732 1731/1731/1731 1733/1733/1733
f 1733/1733/1733 1734/1734/1734 1737/1737/1737
f 1735/1735/1735 1733/1733/1733 1736/1736/1736
f 1740/1740/1740 1737/1737/1737 1743/1743/1743
f 1739/1739/1739 1736/1736/1736 1740/1740/1740
f 1742/1742/1742 1743/1743/1743 1746/1746/1746
f 1744/1744/1744 1740/1740/1740 1742/1742/1742
f 1745/1745/1745 1746/1746/1746 1749/1749/1749
f 1747/1747/1747 1742/1742/1742 1745/1745/1745
f 1748/1748/1748 1749/1749/1749 1753/1753/1753
f 1750/1750/1750 1745/1745/1745 1748/1748/1748
f 1757/1757/1757 1701/1701/1701 1696/1696/1696
f 1759/1759/1759 1707/1707/1707 1704/1704/1704
f 1758/1758/1758 1704/1704/1704 1701/1701/1701
f 1785/1785/1785 1784/1784/1784 1786/1786/1786
f 1788/1788/1788 1746/1746/1746 1743/1743/1743
f 1789/1789/1789 1749/1749/1749 1746/1746/1746
f 1791/1791/1791 1753/1753/1753 1749/1749/1749
f 1809/1809/1809 1817/1817/1817 1807/1807/1807
f 1807/1807/1807 1805/1805/1805 1804/1804/1804
f 1808/1808/1808 1807/1807/1807 1804/1804/1804
f 1812/1812/1812 1808/1808/1808 1810/1810/1810
f 1828/1828/1828 1832/1832/1832 1825/1825/1825
f 1825/1825/1825 1868/1868/1868 1833/1833/1833
f 1832/1832/1832 1834/1834/1834 4951/4951/4951
f 1832/1832/1832 4951/4951/4951 1835/1835/1835
f 1837/1837/1837 1839/1839/1839 1838/1838/1838
f 1839/1839/1839 4952/4952/4952 1840/1840/1840
f 1838/1838/1838 1831/1831/1831 1836/1836/1836
f 1829/1829/1829 1842/1842/1842 1834/1834/1834
f 1845/1845/1845 1844/1844/1844 1846/1846/1846
f 1847/1847/1847 1851/1851/1851 1845/1845/1845
f 1855/1855/1855 1857/1857/1857 1858/1858/1858
f 1854/1854/1854 1853/1853/1853 1849/1849/1849
f 1859/1859/1859 1863/1863/1863 1857/1857/1857
f 1864/1864/1864 1860/1860/1860 4953/4953/4953
f 1839/1839/1839 1865/1865/1865 4952/4952/4952
f 1851/1851/1851 1871/1871/1871 1867/1867/1867
f 1843/1843/1843 1869/1869/1869 1865/1865/1865
f 1870/1870/1870 1851/1851/1851 1849/1849/1849
f 1858/1858/1858 1875/1875/1875 1873/1873/1873
f 1857/1857/1857 1874/1874/1874 4954/4954/4954
f 1857/1857/1857 4954/4954/4954 1875/1875/1875
f 1861/1861/1861 1878/1878/1878 1876/1876/1876
f 1878/1878/1878 1861/1861/1861 1864/1864/1864
f 1887/1887/1887 1889/1889/1889 1890/1890/1890
f 1885/1885/1885 1884/1884/1884 1882/1882/1882
f 1864/1864/1864 1891/1891/1891 1877/1877/1877
f 1864/1864/1864 4953/4953/4953 1880/1880/1880
f 1884/1884/1884 4955/4955/4955 1892/1892/1892
f 1882/1882/1882 1892/1892/1892 1893/1893/1893
f 1894/1894/1894 4956/4956/4956 1895/1895/1895
f 1889/1889/1889 1888/1888/1888 1896/1896/1896
f 1890/1890/1890 1898/1898/1898 1899/1899/1899
f 1884/1884/1884 1899/1899/1899 4955/4955/4955
f 1902/1902/1902 1901/1901/1901 1903/1903/1903
f 1904/1904/1904 1908/1908/1908 1902/1902/1902
f 1912/1912/1912 1914/1914/1914 1915/1915/1915
f 1911/1911/1911 1910/1910/1910 1906/1906/1906
f 1916/1916/1916 1920/1920/1920 1914/1914/1914
f 1917/1917/1917 1922/1922/1922 1918/1918/1918
f 1894/1894/1894 1923/1923/1923 4956/4956/4956
f 1908/1908/1908 1927/1927/1927 1924/1924/1924
f 1900/1900/1900 1925/1925/1925 1923/1923/1923
f 1926/1926/1926 1908/1908/1908 1906/1906/1906
f 1906/1906/1906 1928/1928/1928 1926/1926/1926
f 1915/1915/1915 1933/1933/1933 1929/1929/1929
f 1914/1914/1914 1930/1930/1930 4957/4957/4957
f 1922/1922/1922 4958/4958/4958 1931/1931/1931
f 1918/1918/1918 1931/1931/1931 1932/1932/1932
f 1914/1914/1914 4957/4957/4957 1933/1933/1933
f 1951/1951/1951 2010/2010/2010 2011/2011/2011
f 2013/2013/2013 1960/1960/1960 1956/1956/1956
f 2016/2016/2016 1971/1971/1971 1967/1967/1967
f 2018/2018/2018 1975/1975/1975 1971/1971/1971
f 1983/1983/1983 2033/2033/2033 4959/4959/4959
f 1983/1983/1983 4959/4959/4959 2034/2034/2034
f 2096/2096/2096 2098/2098/2098 2054/2054/2054
f 2096/2096/2096 2054/2054/2054 2059/2059/2059
f 2064/2064/2064 2112/2112/2112 2109/2109/2109
f 2071/2071/2071 2117/2117/2117 2113/2113/2113
f 2073/2073/2073 2116/2116/2116 2114/2114/2114
f 2079/2079/2079 2132/2132/2132 2133/2133/2133
f 2137/2137/2137 2095/2095/2095 2094/2094/2094
f 2166/2166/2166 2142/2142/2142 2145/2145/2145
f 2147/2147/2147 2146/2146/2146 2148/2148/2148
f 2158/2158/2158 2173/2173/2173 2175/2175/2175
f 2174/2174/2174 2154/2154/2154 2159/2159/2159
f 2235/2235/2235 2234/2234/2234 2241/2241/2241
f 2234/2234/2234 2232/2232/2232 2241/2241/2241
f 2238/2238/2238 2237/2237/2237 2244/2244/2244
f 2237/2237/2237 2236/2236/2236 2245/2245/2245
f 2270/2270/2270 2178/2178/2178 2181/2181/2181
f 2300/2300/2300 2239/2239/2239 2240/2240/2240
f 2321/2321/2321 2318/2318/2318 2332/2332/2332
f 2332/2332/2332 2318/2318/2318 2317/2317/2317
f 2387/2387/2387 2316/2316/2316 2315/2315/2315
f 2403/2403/2403 2324/2324/2324 2329/2329/2329
f 2460/2460/2460 2459/2459/2459 2454/2454/2454
f 2477/2477/2477 2455/2455/2455 2459/2459/2459
f 2458/2458/2458 2457/2457/2457 2461/2461/2461
f 2470/2470/2470 2485/2485/2485 2488/2488/2488
f 2488/2488/2488 2471/2471/2471 2470/2470/2470
f 2486/2486/2486 2467/2467/2467 2472/2472/2472
f 2533/2533/2533 2535/2535/2535 2491/2491/2491
f 2501/2501/2501 2549/2549/2549 2547/2547/2547
f 2507/2507/2507 2552/2552/2552 2550/2550/2550
f 2510/2510/2510 2554/2554/2554 2551/2551/2551
f 2565/2565/2565 2525/2525/2525 2562/2562/2562
f 2565/2565/2565 2528/2528/2528 2525/2525/2525
f 2513/2513/2513 2568/2568/2568 2567/2567/2567
f 2516/2516/2516 2569/2569/2569 2571/2571/2571
f 2573/2573/2573 2532/2532/2532 2531/2531/2531
f 2591/2591/2591 2650/2650/2650 2651/2651/2651
f 2653/2653/2653 2600/2600/2600 2596/2596/2596
f 2608/2608/2608 2656/2656/2656 4960/4960/4960
f 2608/2608/2608 4960/4960/4960 2669/2669/2669
f 2623/2623/2623 2672/2672/2672 4961/4961/4961
f 2623/2623/2623 4961/4961/4961 2673/2673/2673
f 2694/2694/2694 2696/2696/2696 2700/2700/2700
f 2702/2702/2702 2697/2697/2697 2703/2703/2703
f 2708/2708/2708 2699/2699/2699 2706/2706/2706
f 2707/2707/2707 2706/2706/2706 2705/2705/2705
f 2715/2715/2715 2701/2701/2701 2718/2718/2718
f 2709/2709/2709 2705/2705/2705 2721/2721/2721
f 2699/2699/2699 2720/2720/2720 2694/2694/2694
f 2713/2713/2713 2703/2703/2703 2697/2697/2697
f 2716/2716/2716 2715/2715/2715 2717/2717/2717
f 2720/2720/2720 2699/2699/2699 2708/2708/2708
f 2729/2729/2729 2731/2731/2731 2738/2738/2738
f 2736/2736/2736 2738/2738/2738 2737/2737/2737
f 2744/2744/2744 2732/2732/2732 2742/2742/2742
f 2745/2745/2745 2747/2747/2747 2753/2753/2753
f 2746/2746/2746 2735/2735/2735 2747/2747/2747
f 2751/2751/2751 2743/2743/2743 2749/2749/2749
f 2752/2752/2752 2753/2753/2753 2759/2759/2759
f 2764/2764/2764 2750/2750/2750 2762/2762/2762
f 2758/2758/2758 2748/2748/2748 2745/2745/2745
f 2748/2748/2748 2758/2758/2758 2761/2761/2761
f 2765/2765/2765 2767/2767/2767 2768/2768/2768
f 2765/2765/2765 2768/2768/2768 2770/2770/2770
f 2907/2907/2907 2910/2910/2910 2906/2906/2906
f 2911/2911/2911 2914/2914/2914 2902/2902/2902
f 2921/2921/2921 2923/2923/2923 2922/2922/2922
f 2925/2925/2925 2928/2928/2928 2924/2924/2924
f 2924/2924/2924 2927/2927/2927 2915/2915/2915
f 2932/2932/2932 2930/2930/2930 2929/2929/2929
f 2938/2938/2938 2940/2940/2940 2947/2947/2947
f 2942/2942/2942 2939/2939/2939 2938/2938/2938
f 2951/2951/2951 2955/2955/2955 2954/2954/2954
f 2997/2997/2997 2963/2963/2963 2962/2962/2962
f 2971/2971/2971 2973/2973/2973 2970/2970/2970
f 2977/2977/2977 2979/2979/2979 2978/2978/2978
f 2978/2978/2978 2974/2974/2974 2969/2969/2969
f 2976/2976/2976 2980/2980/2980 2975/2975/2975
f 2985/2985/2985 2987/2987/2987 2986/2986/2986
f 2998/2998/2998 3000/3000/3000 3004/3004/3004
f 3004/3004/3004 3002/3002/3002 3001/3001/3001
f 3013/3013/3013 3009/3009/3009 3008/3008/3008
f 3016/3016/3016 2933/2933/2933 2932/2932/2932
f 4962/4962/4962 3072/3072/3072 2997/2997/2997
f 2996/2996/2996 3076/3076/3076 2997/2997/2997
f 3077/3077/3077 4962/4962/4962 2997/2997/2997
f 3142/3142/3142 3130/3130/3130 3135/3135/3135
f 3110/3110/3110 3088/3088/3088 3107/3107/3107
f 4965/4965/4965 3206/3206/3206 3203/3203/3203
f 3212/3212/3212 4965/4965/4965 3203/3203/3203
f 3208/3208/3208 3211/3211/3211 3204/3204/3204
f 3258/3258/3258 3268/3268/3268 3260/3260/3260
f 3263/3263/3263 3273/3273/3273 3266/3266/3266
f 3315/3315/3315 3319/3319/3319 4983/4983/4983
f 3318/3318/3318 4985/4985/4985 3319/3319/3319
f 3321/3321/3321 3325/3325/3325 4986/4986/4986
f 3323/3323/3323 4988/4988/4988 3325/3325/3325
f 3339/3339/3339 4990/4990/4990 3343/3343/3343
f 3339/3339/3339 3342/3342/3342 4990/4990/4990
f 3359/3359/3359 3366/3366/3366 3365/3365/3365
f 3357/3357/3357 3359/3359/3359 3365/3365/3365
f 3363/3363/3363 4993/4993/4993 3364/3364/3364
f 3361/3361/3361 3364/3364/3364 4992/4992/4992
f 3384/3384/3384 4996/4996/4996 3377/3377/3377
f 3382/3382/3382 4995/4995/4995 3383/3383/3383
f 3376/3376/3376 4995/4995/4995 3379/3379/3379
f 3426/3426/3426 3388/3388/3388 3387/3387/3387
f 3448/3448/3448 3437/3437/3437 3436/3436/3436
f 3476/3476/3476 3475/3475/3475 3484/3484/3484
f 3486/3486/3486 3485/3485/3485 3487/3487/3487
f 3492/3492/3492 3496/3496/3496 3495/3495/3495
f 3498/3498/3498 4998/4998/4998 3499/3499/3499
f 3520/3520/3520 3522/3522/3522 3521/3521/3521
f 3545/3545/3545 5003/5003/5003 3546/3546/3546
f 3544/3544/3544 3546/3546/3546 3543/3543/3543
f 3545/3545/3545 3548/3548/3548 5003/5003/5003
f 3547/3547/3547 3552/3552/3552 3548/3548/3548
f 3549/3549/3549 3551/3551/3551 3552/3552/3552
f 3556/3556/3556 3553/3553/3553 3555/3555/3555
f 3566/3566/3566 3569/3569/3569 5004/5004/5004
f 3566/3566/3566 5004/5004/5004 5005/5005/5005
f 3598/3598/3598 5009/5009/5009 5008/5008/5008
f 3598/3598/3598 5011/5011/5011 5009/5009/5009
f 3613/3613/3613 3621/3621/3621 3611/3611/3611
f 3710/3710/3710 3713/3713/3713 3711/3711/3711
f 3725/3725/3725 3727/3727/3727 3728/3728/3728
f 3723/3723/3723 3728/3728/3728 3724/3724/3724
f 3729/3729/3729 3726/3726/3726 3730/3730/3730
f 3730/3730/3730 3732/3732/3732 3729/3729/3729
f 3733/3733/3733 3735/3735/3735 3736/3736/3736
f 3731/3731/3731 3736/3736/3736 3732/3732/3732
f 3737/3737/3737 3734/3734/3734 5016/5016/5016
f 3750/3750/3750 3747/3747/3747 3752/3752/3752
f 3750/3750/3750 3763/3763/3763 3765/3765/3765
f 3772/3772/3772 3774/3774/3774 3786/3786/3786
f 3777/3777/3777 3780/3780/3780 3781/3781/3781
f 3769/3769/3769 3787/3787/3787 3789/3789/3789
f 5020/5020/5020 5021/5021/5021 5018/5018/5018
f 3798/3798/3798 3799/3799/3799 3803/3803/3803
f 3798/3798/3798 3806/3806/3806 3802/3802/3802
f 3805/3805/3805 3798/3798/3798 3804/3804/3804
f 3840/3840/3840 3837/3837/3837 3845/3845/3845
f 3857/3857/3857 3867/3867/3867 3856/3856/3856
f 3861/3861/3861 3869/3869/3869 3866/3866/3866
f 3889/3889/3889 3883/3883/3883 3898/3898/3898
f 3897/3897/3897 3910/3910/3910 3908/3908/3908
f 3903/3903/3903 5023/5023/5023 3909/3909/3909
f 3919/3919/3919 3916/3916/3916 3923/3923/3923
f 3918/3918/3918 3941/3941/3941 3924/3924/3924
f 3903/3903/3903 3925/3925/3925 5023/5023/5023
f 3928/3928/3928 3920/3920/3920 3930/3930/3930
f 3931/3931/3931 3935/3935/3935 3927/3927/3927
f 3943/3943/3943 3927/3927/3927 3935/3935/3935
f 3951/3951/3951 3949/3949/3949 5024/5024/5024
f 3961/3961/3961 3960/3960/3960 3966/3966/3966
f 3961/3961/3961 3969/3969/3969 3965/3965/3965
f 3968/3968/3968 3961/3961/3961 3967/3967/3967
f 4009/4009/4009 4010/4010/4010 5025/5025/5025
f 5029/5029/5029 5031/5031/5031 5030/5030/5030
f 4049/4049/4049 4055/4055/4055 4052/4052/4052
f 4054/4054/4054 4049/4049/4049 4057/4057/4057
f 4056/4056/4056 4057/4057/4057 4049/4049/4049
f 4058/4058/4058 4060/4060/4060 4057/4057/4057
f 4060/4060/4060 4069/4069/4069 4068/4068/4068
f 4141/4141/4141 5039/5039/5039 4142/4142/4142
f 4145/4145/4145 4144/4144/4144 5041/5041/5041
f 5041/5041/5041 5042/5042/5042 4145/4145/4145
f 5042/5042/5042 5041/5041/5041 5043/5043/5043
f 4161/4161/4161 4159/4159/4159 4164/4164/4164
f 4163/4163/4163 4164/4164/4164 5046/5046/5046
f 4166/4166/4166 4169/4169/4169 4167/4167/4167
f 4179/4179/4179 4182/4182/4182 5048/5048/5048
f 4183/4183/4183 4181/4181/4181 4184/4184/4184
f 4184/4184/4184 4186/4186/4186 4183/4183/4183
f 4185/4185/4185 5049/5049/5049 4186/4186/4186
f 5049/5049/5049 4185/4185/4185 5050/5050/5050
f 4232/4232/4232 4231/4231/4231 4236/4236/4236
f 4255/4255/4255 4259/4259/4259 4256/4256/4256
f 4260/4260/4260 4262/4262/4262 4258/4258/4258
f 4271/4271/4271 5058/5058/5058 4272/4272/4272
f 5062/5062/5062 5064/5064/5064 5059/5059/5059
f 4328/4328/4328 4324/4324/4324 4326/4326/4326
f 4329/4329/4329 4331/4331/4331 5066/5066/5066
f 5070/5070/5070 5072/5072/5072 5069/5069/5069
f 4343/4343/4343 5075/5075/5075 4344/4344/4344
f 4345/4345/4345 4347/4347/4347 5076/5076/5076
f 5082/5082/5082 5085/5085/5085 5083/5083/5083
f 4385/4385/4385 4387/4387/4387 4386/4386/4386
f 5087/5087/5087 4404/4404/4404 4408/4408/4408
f 4401/4401/4401 4403/4403/4403 4582/4582/4582
f 4410/4410/4410 4412/4412/4412 4411/4411/4411
f 4409/4409/4409 4411/4411/4411 4429/4429/4429
f 4414/4414/4414 4413/4413/4413 4424/4424/4424
f 4430/4430/4430 4773/4773/4773 4431/4431/4431
f 4432/4432/4432 4434/4434/4434 4433/4433/4433
f 4774/4774/4774 4437/4437/4437 4766/4766/4766
f 4435/4435/4435 4442/4442/4442 4436/4436/4436
f 4444/4444/4444 4447/4447/4447 4445/4445/4445
f 5088/5088/5088 4466/4466/4466 4457/4457/4457
f 5089/5089/5089 4456/4456/4456 4452/4452/4452
f 4466/4466/4466 4465/4465/4465 4739/4739/4739
f 4482/4482/4482 4487/4487/4487 4483/4483/4483
f 4490/4490/4490 4487/4487/4487 4781/4781/4781
f 5090/5090/5090 4611/4611/4611 4610/4610/4610
f 4493/4493/4493 4497/4497/4497 4494/4494/4494
f 4497/4497/4497 4499/4499/4499 5091/5091/5091
f 5091/5091/5091 4494/4494/4494 4497/4497/4497
f 4499/4499/4499 4498/4498/4498 4481/4481/4481
f 5092/5092/5092 4496/4496/4496 4492/4492/4492
f 4504/4504/4504 4506/4506/4506 4507/4507/4507
f 4510/4510/4510 4507/4507/4507 4511/4511/4511
f 4501/4501/4501 4513/4513/4513 4514/4514/4514
f 4509/4509/4509 4508/4508/4508 4513/4513/4513
f 4732/4732/4732 4515/4515/4515 4520/4520/4520
f 4522/4522/4522 4531/4531/4531 4523/4523/4523
f 4554/4554/4554 4558/4558/4558 4555/4555/4555
f 4562/4562/4562 4567/4567/4567 4563/4563/4563
f 4571/4571/4571 4573/4573/4573 4572/4572/4572
f 4563/4563/4563 4585/4585/4585 4583/4583/4583
f 4612/4612/4612 4613/4613/4613 4614/4614/4614
f 4614/4614/4614 4616/4616/4616 4612/4612/4612
f 4634/4634/4634 4584/4584/4584 4627/4627/4627
f 4901/4901/4901 4654/4654/4654 4652/4652/4652
f 4631/4631/4631 4637/4637/4637 4640/4640/4640
f 4635/4635/4635 4627/4627/4627 4642/4642/4642
f 4903/4903/4903 4652/4652/4652 4908/4908/4908
f 4630/4630/4630 4662/4662/4662 4660/4660/4660
f 4662/4662/4662 4663/4663/4663 4660/4660/4660
f 4659/4659/4659 4660/4660/4660 5094/5094/5094
f 4673/4673/4673 4514/4514/4514 4674/4674/4674
f 4668/4668/4668 4562/4562/4562 4677/4677/4677
f 4672/4672/4672 4671/4671/4671 4562/4562/4562
f 4677/4677/4677 4562/4562/4562 4561/4561/4561
f 4675/4675/4675 4668/4668/4668 4677/4677/4677
f 4915/4915/4915 4654/4654/4654 4901/4901/4901
f 4691/4691/4691 4687/4687/4687 4692/4692/4692
f 4681/4681/4681 4696/4696/4696 4686/4686/4686
f 4706/4706/4706 4707/4707/4707 4708/4708/4708
f 4686/4686/4686 4708/4708/4708 4669/4669/4669
f 4432/4432/4432 4435/4435/4435 4434/4434/4434
f 4902/4902/4902 4903/4903/4903 4919/4919/4919
f 18/18/18 20/20/20 23/23/23
f 169/169/169 48/48/48 50/50/50
f 191/191/191 157/157/157 69/69/69
f 212/212/212 198/198/198 194/194/194
f 200/200/200 213/213/213 36/36/36
f 221/221/221 220/220/220 59/59/59
f 236/236/236 28/28/28 35/35/35
f 27/27/27 28/28/28 236/236/236
f 326/326/326 295/295/295 294/294/294
f 350/350/350 348/348/348 349/349/349
f 353/353/353 351/351/351 352/352/352
f 353/353/353 355/355/355 354/354/354
f 350/350/350 351/351/351 356/356/356
f 359/359/359 357/357/357 358/358/358
f 361/361/361 360/360/360 359/359/359
f 363/363/363 364/364/364 362/362/362
f 366/366/366 364/364/364 365/365/365
f 361/361/361 362/362/362 367/367/367
f 368/368/368 357/357/357 355/355/355
f 366/366/366 370/370/370 369/369/369
f 373/373/373 371/371/371 372/372/372
f 376/376/376 374/374/374 375/375/375
f 376/376/376 378/378/378 377/377/377
f 375/375/375 379/379/379 373/373/373
f 382/382/382 380/380/380 381/381/381
f 384/384/384 383/383/383 382/382/382
f 386/386/386 387/387/387 385/385/385
f 388/388/388 389/389/389 387/387/387
f 384/384/384 385/385/385 390/390/390
f 391/391/391 380/380/380 378/378/378
f 370/370/370 372/372/372 371/371/371
f 394/394/394 392/392/392 393/393/393
f 397/397/397 398/398/398 399/399/399
f 400/400/400 396/396/396 395/395/395
f 403/403/403 401/401/401 402/402/402
f 405/405/405 406/406/406 404/404/404
f 409/409/409 407/407/407 408/408/408
f 411/411/411 412/412/412 410/410/410
f 414/414/414 415/415/415 413/413/413
f 416/416/416 413/413/413 412/412/412
f 417/417/417 410/410/410 406/406/406
f 418/418/418 419/419/419 415/415/415
f 425/425/425 419/419/419 426/426/426
f 429/429/429 427/427/427 428/428/428
f 432/432/432 430/430/430 431/431/431
f 435/435/435 433/433/433 434/434/434
f 438/438/438 436/436/436 437/437/437
f 441/441/441 439/439/439 440/440/440
f 443/443/443 444/444/444 442/442/442
f 446/446/446 447/447/447 445/445/445
f 448/448/448 445/445/445 444/444/444
f 450/450/450 442/442/442 449/449/449
f 451/451/451 452/452/452 447/447/447
f 460/460/460 457/457/457 461/461/461
f 469/469/469 463/463/463 464/464/464
f 463/463/463 469/469/469 470/470/470
f 459/459/459 471/471/471 461/461/461
f 464/464/464 468/468/468 459/459/459
f 477/477/477 478/478/478 476/476/476
f 478/478/478 479/479/479 476/476/476
f 483/483/483 482/482/482 480/480/480
f 461/461/461 474/474/474 480/480/480
f 491/491/491 490/490/490 487/487/487
f 534/534/534 492/492/492 491/491/491
f 498/498/498 494/494/494 495/495/495
f 508/508/508 497/497/497 494/494/494
f 479/479/479 500/500/500 499/499/499
f 500/500/500 495/495/495 499/499/499
f 505/505/505 501/501/501 504/504/504
f 504/504/504 503/503/503 506/506/506
f 506/506/506 488/488/488 493/493/493
f 510/510/510 496/496/496 507/507/507
f 509/509/509 498/498/498 512/512/512
f 524/524/524 508/508/508 509/509/509
f 517/517/517 515/515/515 516/516/516
f 508/508/508 519/519/519 518/518/518
f 518/518/518 517/517/517 516/516/516
f 527/527/527 517/517/517 520/520/520
f 526/526/526 519/519/519 522/522/522
f 532/532/532 528/528/528 530/530/530
f 539/539/539 462/462/462 458/458/458
f 541/541/541 458/458/458 457/457/457
f 460/460/460 544/544/544 543/543/543
f 545/545/545 482/482/482 477/477/477
f 566/566/566 563/563/563 561/561/561
f 574/574/574 564/564/564 561/561/561
f 567/567/567 566/566/566 562/562/562
f 571/571/571 569/569/569 570/570/570
f 573/573/573 566/566/566 568/568/568
f 573/573/573 577/577/577 576/576/576
f 575/575/575 579/579/579 580/580/580
f 575/575/575 563/563/563 578/578/578
f 591/591/591 584/584/584 582/582/582
f 582/582/582 586/586/586 585/585/585
f 574/574/574 587/587/587 564/564/564
f 588/588/588 583/583/583 587/587/587
f 593/593/593 592/592/592 589/589/589
f 590/590/590 595/595/595 596/596/596
f 616/616/616 586/586/586 598/598/598
f 598/598/598 584/584/584 601/601/601
f 608/608/608 605/605/605 603/603/603
f 605/605/605 606/606/606 603/603/603
f 628/628/628 610/610/610 608/608/608
f 585/585/585 612/612/612 611/611/611
f 612/612/612 606/606/606 611/611/611
f 614/614/614 607/607/607 613/613/613
f 616/616/616 615/615/615 613/613/613
f 604/604/604 619/619/619 620/620/620
f 622/622/622 621/621/621 604/604/604
f 635/635/635 625/625/625 623/623/623
f 631/631/631 627/627/627 623/623/623
f 625/625/625 626/626/626 623/623/623
f 631/631/631 630/630/630 628/628/628
f 626/626/626 630/630/630 631/631/631
f 650/650/650 585/585/585 611/611/611
f 605/605/605 654/654/654 655/655/655
f 656/656/656 610/610/610 630/630/630
f 664/664/664 667/667/667 668/668/668
f 678/678/678 676/676/676 677/677/677
f 682/682/682 668/668/668 667/667/667
f 676/676/676 680/680/680 677/677/677
f 691/691/691 685/685/685 683/683/683
f 685/685/685 686/686/686 687/687/687
f 686/686/686 689/689/689 690/690/690
f 703/703/703 695/695/695 693/693/693
f 671/671/671 696/696/696 698/698/698
f 689/689/689 700/700/700 701/701/701
f 700/700/700 698/698/698 697/697/697
f 705/705/705 703/703/703 702/702/702
f 707/707/707 705/705/705 704/704/704
f 726/726/726 713/713/713 711/711/711
f 714/714/714 716/716/716 717/717/717
f 724/724/724 721/721/721 719/719/719
f 727/727/727 719/719/719 721/721/721
f 722/722/722 726/726/726 725/725/725
f 681/681/681 735/735/735 733/733/733
f 669/669/669 673/673/673 736/736/736
f 739/739/739 695/695/695 740/740/740
f 748/748/748 724/724/724 723/723/723
f 742/742/742 732/732/732 731/731/731
f 746/746/746 745/745/745 703/703/703
f 747/747/747 746/746/746 705/705/705
f 749/749/749 710/710/710 709/709/709
f 750/750/750 751/751/751 716/716/716
f 759/759/759 753/753/753 754/754/754
f 786/786/786 761/761/761 762/762/762
f 768/768/768 769/769/769 764/764/764
f 774/774/774 775/775/775 776/776/776
f 835/835/835 771/771/771 780/780/780
f 783/783/783 782/782/782 781/781/781
f 779/779/779 798/798/798 799/799/799
f 806/806/806 792/792/792 802/802/802
f 800/800/800 801/801/801 804/804/804
f 809/809/809 807/807/807 808/808/808
f 813/813/813 811/811/811 812/812/812
f 807/807/807 814/814/814 808/808/808
f 821/821/821 812/812/812 815/815/815
f 841/841/841 818/818/818 819/819/819
f 795/795/795 794/794/794 820/820/820
f 823/823/823 822/822/822 757/757/757
f 826/826/826 755/755/755 768/768/768
f 829/829/829 762/762/762 761/761/761
f 771/771/771 834/834/834 833/833/833
f 777/777/777 838/838/838 837/837/837
f 842/842/842 779/779/779 800/800/800
f 844/844/844 800/800/800 805/805/805
f 846/846/846 789/789/789 796/796/796
f 849/849/849 795/795/795 819/819/819
f 850/850/850 796/796/796 795/795/795
f 853/853/853 852/852/852 810/810/810
f 888/888/888 860/860/860 861/861/861
f 860/860/860 857/857/857 858/858/858
f 872/872/872 867/867/867 868/868/868
f 883/883/883 869/869/869 870/870/870
f 885/885/885 872/872/872 866/866/866
f 876/876/876 874/874/874 875/875/875
f 884/884/884 876/876/876 873/873/873
f 886/886/886 878/878/878 871/871/871
f 882/882/882 880/880/880 881/881/881
f 869/869/869 882/882/882 879/879/879
f 893/893/893 890/890/890 891/891/891
f 859/859/859 891/891/891 892/892/892
f 896/896/896 893/893/893 889/889/889
f 894/894/894 881/881/881 880/880/880
f 901/901/901 898/898/898 899/899/899
f 902/902/902 900/900/900 898/898/898
f 905/905/905 904/904/904 903/903/903
f 909/909/909 906/906/906 904/904/904
f 908/908/908 909/909/909 910/910/910
f 911/911/911 910/910/910 912/912/912
f 916/916/916 912/912/912 914/914/914
f 915/915/915 914/914/914 918/918/918
f 920/920/920 919/919/919 917/917/917
f 923/923/923 922/922/922 921/921/921
f 926/926/926 924/924/924 922/922/922
f 928/928/928 927/927/927 925/925/925
f 931/931/931 929/929/929 927/927/927
f 932/932/932 930/930/930 929/929/929
f 941/941/941 942/942/942 943/943/943
f 960/960/960 962/962/962 959/959/959
f 1013/1013/1013 963/963/963 960/960/960
f 999/999/999 997/997/997 998/998/998
f 996/996/996 995/995/995 998/998/998
f 948/948/948 1003/1003/1003 1006/1006/1006
f 1047/1047/1047 983/983/983 986/986/986
f 1075/1075/1075 1072/1072/1072 1073/1073/1073
f 1075/1075/1075 1080/1080/1080 1077/1077/1077
f 1085/1085/1085 1087/1087/1087 1084/1084/1084
f 1091/1091/1091 1088/1088/1088 1085/1085/1085
f 1085/1085/1085 1089/1089/1089 1087/1087/1087
f 1094/1094/1094 1096/1096/1096 1093/1093/1093
f 1101/1101/1101 1103/1103/1103 1100/1100/1100
f 1108/1108/1108 1110/1110/1110 1107/1107/1107
f 1123/1123/1123 1125/1125/1125 1122/1122/1122
f 1130/1130/1130 1132/1132/1132 1129/1129/1129
f 1130/1130/1130 1135/1135/1135 1132/1132/1132
f 1140/1140/1140 1142/1142/1142 1139/1139/1139
f 1167/1167/1167 1168/1168/1168 1171/1171/1171
f 1074/1074/1074 1173/1173/1173 1174/1174/1174
f 1189/1189/1189 1124/1124/1124 1120/1120/1120
f 1241/1241/1241 1243/1243/1243 1242/1242/1242
f 1257/1257/1257 1253/1253/1253 1254/1254/1254
f 1259/1259/1259 1256/1256/1256 1253/1253/1253
f 1262/1262/1262 1258/1258/1258 1256/1256/1256
f 1280/1280/1280 1276/1276/1276 1273/1273/1273
f 1310/1310/1310 1308/1308/1308 1304/1304/1304
f 1323/1323/1323 1319/1319/1319 1317/1317/1317
f 1321/1321/1321 1319/1319/1319 1320/1320/1320
f 1328/1328/1328 1330/1330/1330 1331/1331/1331
f 1328/1328/1328 1332/1332/1332 1333/1333/1333
f 1418/1418/1418 1416/1416/1416 1413/1413/1413
f 1423/1423/1423 1425/1425/1425 1427/1427/1427
f 1425/1425/1425 1428/1428/1428 1430/1430/1430
f 1432/1432/1432 1435/1435/1435 1436/1436/1436
f 1438/1438/1438 1441/1441/1441 1443/1443/1443
f 1523/1523/1523 1452/1452/1452 1451/1451/1451
f 1458/1458/1458 1461/1461/1461 1460/1460/1460
f 1459/1459/1459 1460/1460/1460 1462/1462/1462
f 1460/1460/1460 1463/1463/1463 1464/1464/1464
f 1468/1468/1468 1469/1469/1469 1471/1471/1471
f 1481/1481/1481 1484/1484/1484 1483/1483/1483
f 1480/1480/1480 1483/1483/1483 1485/1485/1485
f 1484/1484/1484 1488/1488/1488 1487/1487/1487
f 1487/1487/1487 1491/1491/1491 1493/1493/1493
f 1559/1559/1559 1556/1556/1556 1557/1557/1557
f 1558/1558/1558 1564/1564/1564 1563/1563/1563
f 1561/1561/1561 1563/1563/1563 1565/1565/1565
f 1565/1565/1565 1566/1566/1566 1567/1567/1567
f 1566/1566/1566 1568/1568/1568 1570/1570/1570
f 1571/1571/1571 1575/1575/1575 1573/1573/1573
f 1574/1574/1574 1578/1578/1578 1575/1575/1575
f 1608/1608/1608 1610/1610/1610 1609/1609/1609
f 1610/1610/1610 1613/1613/1613 1612/1612/1612
f 1613/1613/1613 1615/1615/1615 1614/1614/1614
f 1615/1615/1615 1618/1618/1618 1617/1617/1617
f 1616/1616/1616 1617/1617/1617 1619/1619/1619
f 1618/1618/1618 1621/1621/1621 1620/1620/1620
f 1621/1621/1621 1623/1623/1623 1622/1622/1622
f 1630/1630/1630 1632/1632/1632 1631/1631/1631
f 1649/1649/1649 1651/1651/1651 1650/1650/1650
f 1654/1654/1654 1656/1656/1656 1657/1657/1657
f 1598/1598/1598 1596/1596/1596 1675/1675/1675
f 1690/1690/1690 1659/1659/1659 1658/1658/1658
f 1696/1696/1696 1693/1693/1693 1694/1694/1694
f 1764/1764/1764 1712/1712/1712 1710/1710/1710
f 1753/1753/1753 1751/1751/1751 1752/1752/1752
f 1935/1935/1935 1936/1936/1936 1934/1934/1934
f 1938/1938/1938 1939/1939/1939 1937/1937/1937
f 1940/1940/1940 1934/1934/1934 1939/1939/1939
f 1942/1942/1942 1943/1943/1943 1941/1941/1941
f 1944/1944/1944 1937/1937/1937 1943/1943/1943
f 1946/1946/1946 1947/1947/1947 1945/1945/1945
f 1948/1948/1948 1941/1941/1941 1947/1947/1947
f 1950/1950/1950 1945/1945/1945 1949/1949/1949
f 1951/1951/1951 1939/1939/1939 1934/1934/1934
f 1952/1952/1952 1956/1956/1956 1955/1955/1955
f 1953/1953/1953 1955/1955/1955 1957/1957/1957
f 1954/1954/1954 1957/1957/1957 1958/1958/1958
f 1955/1955/1955 1960/1960/1960 1959/1959/1959
f 1957/1957/1957 1959/1959/1959 1961/1961/1961
f 1958/1958/1958 1961/1961/1961 1962/1962/1962
f 1960/1960/1960 1963/1963/1963 1959/1959/1959
f 1961/1961/1961 1963/1963/1963 1964/1964/1964
f 1962/1962/1962 1964/1964/1964 1965/1965/1965
f 1967/1967/1967 1966/1966/1966 1963/1963/1963
f 1964/1964/1964 1966/1966/1966 1968/1968/1968
f 1965/1965/1965 1968/1968/1968 1969/1969/1969
f 1971/1971/1971 1970/1970/1970 1966/1966/1966
f 1968/1968/1968 1970/1970/1970 1972/1972/1972
f 1969/1969/1969 1972/1972/1972 1973/1973/1973
f 1975/1975/1975 1974/1974/1974 1970/1970/1970
f 1972/1972/1972 1974/1974/1974 1976/1976/1976
f 1973/1973/1973 1976/1976/1976 1977/1977/1977
f 1979/1979/1979 1978/1978/1978 1974/1974/1974
f 1976/1976/1976 1978/1978/1978 1980/1980/1980
f 1977/1977/1977 1980/1980/1980 1981/1981/1981
f 1983/1983/1983 1982/1982/1982 1978/1978/1978
f 1980/1980/1980 1982/1982/1982 1984/1984/1984
f 1981/1981/1981 1984/1984/1984 1985/1985/1985
f 1990/1990/1990 1982/1982/1982 1987/1987/1987
f 1995/1995/1995 1994/1994/1994 1989/1989/1989
f 1986/1986/1986 1996/1996/1996 1987/1987/1987
f 1989/1989/1989 1997/1997/1997 1986/1986/1986
f 1991/1991/1991 1999/1999/1999 1998/1998/1998
f 1990/1990/1990 1996/1996/1996 1999/1999/1999
f 1993/1993/1993 2001/2001/2001 2000/2000/2000
f 1992/1992/1992 1998/1998/1998 2001/2001/2001
f 2003/2003/2003 2000/2000/2000 2002/2002/2002
f 2004/2004/2004 2009/2009/2009 2005/2005/2005
f 1938/1938/1938 2009/2009/2009 1940/1940/1940
f 2008/2008/2008 1951/1951/1951 1934/1934/1934
f 1942/1942/1942 2020/2020/2020 2019/2019/2019
f 2020/2020/2020 1950/1950/1950 2021/2021/2021
f 1989/1989/1989 1988/1988/1988 2036/2036/2036
f 2038/2038/2038 2042/2042/2042 1994/1994/1994
f 2042/2042/2042 1996/1996/1996 1997/1997/1997
f 1998/1998/1998 2050/2050/2050 2001/2001/2001
f 2050/2050/2050 2002/2002/2002 2000/2000/2000
f 2054/2054/2054 2055/2055/2055 2053/2053/2053
f 2057/2057/2057 2058/2058/2058 2056/2056/2056
f 2059/2059/2059 2053/2053/2053 2058/2058/2058
f 2061/2061/2061 2062/2062/2062 2060/2060/2060
f 2063/2063/2063 2056/2056/2056 2062/2062/2062
f 2065/2065/2065 2060/2060/2060 2064/2064/2064
f 2067/2067/2067 2070/2070/2070 2069/2069/2069
f 2068/2068/2068 2069/2069/2069 2071/2071/2071
f 2070/2070/2070 2072/2072/2072 2069/2069/2069
f 2071/2071/2071 2072/2072/2072 2073/2073/2073
f 2072/2072/2072 2075/2075/2075 2074/2074/2074
f 2073/2073/2073 2074/2074/2074 2076/2076/2076
f 2074/2074/2074 2078/2078/2078 2077/2077/2077
f 2076/2076/2076 2077/2077/2077 2079/2079/2079
f 2077/2077/2077 2081/2081/2081 2080/2080/2080
f 2079/2079/2079 2080/2080/2080 2082/2082/2082
f 2089/2089/2089 2088/2088/2088 2085/2085/2085
f 2083/2083/2083 2090/2090/2090 2084/2084/2084
f 2085/2085/2085 2091/2091/2091 2083/2083/2083
f 2086/2086/2086 2092/2092/2092 2087/2087/2087
f 2084/2084/2084 2093/2093/2093 2086/2086/2086
f 2087/2087/2087 2094/2094/2094 2095/2095/2095
f 2101/2101/2101 2063/2063/2063 2108/2108/2108
f 2065/2065/2065 2108/2108/2108 2061/2061/2061
f 2093/2093/2093 2129/2129/2129 2136/2136/2136
f 2136/2136/2136 2094/2094/2094 2092/2092/2092
f 2144/2144/2144 2142/2142/2142 2141/2141/2141
f 2144/2144/2144 2141/2141/2141 2151/2151/2151
f 2158/2158/2158 2152/2152/2152 2151/2151/2151
f 2172/2172/2172 2171/2171/2171 2156/2156/2156
f 2176/2176/2176 2174/2174/2174 2160/2160/2160
f 2178/2178/2178 2179/2179/2179 2177/2177/2177
f 2181/2181/2181 2177/2177/2177 2180/2180/2180
f 2183/2183/2183 2180/2180/2180 2182/2182/2182
f 2185/2185/2185 2182/2182/2182 2184/2184/2184
f 2177/2177/2177 2187/2187/2187 2186/2186/2186
f 2180/2180/2180 2186/2186/2186 2188/2188/2188
f 2182/2182/2182 2188/2188/2188 2189/2189/2189
f 2184/2184/2184 2189/2189/2189 2190/2190/2190
f 2186/2186/2186 2192/2192/2192 2191/2191/2191
f 2188/2188/2188 2191/2191/2191 2193/2193/2193
f 2189/2189/2189 2193/2193/2193 2194/2194/2194
f 2190/2190/2190 2194/2194/2194 2195/2195/2195
f 2191/2191/2191 2197/2197/2197 2196/2196/2196
f 2193/2193/2193 2196/2196/2196 2198/2198/2198
f 2194/2194/2194 2198/2198/2198 2199/2199/2199
f 2195/2195/2195 2199/2199/2199 2200/2200/2200
f 2196/2196/2196 2202/2202/2202 2201/2201/2201
f 2198/2198/2198 2201/2201/2201 2203/2203/2203
f 2199/2199/2199 2203/2203/2203 2204/2204/2204
f 2200/2200/2200 2204/2204/2204 2205/2205/2205
f 2201/2201/2201 2207/2207/2207 2206/2206/2206
f 2203/2203/2203 2206/2206/2206 2208/2208/2208
f 2204/2204/2204 2208/2208/2208 2209/2209/2209
f 2205/2205/2205 2209/2209/2209 2210/2210/2210
f 2206/2206/2206 2212/2212/2212 2211/2211/2211
f 2208/2208/2208 2211/2211/2211 2213/2213/2213
f 2209/2209/2209 2213/2213/2213 2214/2214/2214
f 2210/2210/2210 2214/2214/2214 2215/2215/2215
f 2211/2211/2211 2217/2217/2217 2216/2216/2216
f 2213/2213/2213 2216/2216/2216 2218/2218/2218
f 2214/2214/2214 2218/2218/2218 2219/2219/2219
f 2215/2215/2215 2219/2219/2219 2220/2220/2220
f 2216/2216/2216 2222/2222/2222 2221/2221/2221
f 2218/2218/2218 2221/2221/2221 2223/2223/2223
f 2219/2219/2219 2223/2223/2223 2224/2224/2224
f 2220/2220/2220 2224/2224/2224 2225/2225/2225
f 2221/2221/2221 2227/2227/2227 2226/2226/2226
f 2223/2223/2223 2226/2226/2226 2228/2228/2228
f 2224/2224/2224 2228/2228/2228 2229/2229/2229
f 2225/2225/2225 2229/2229/2229 2230/2230/2230
f 2231/2231/2231 2227/2227/2227 2233/2233/2233
f 2234/2234/2234 2226/2226/2226 2232/2232/2232
f 2229/2229/2229 2235/2235/2235 2236/2236/2236
f 2297/2297/2297 2240/2240/2240 2239/2239/2239
f 2231/2231/2231 2242/2242/2242 2241/2241/2241
f 2231/2231/2231 2239/2239/2239 2242/2242/2242
f 2238/2238/2238 2244/2244/2244 2246/2246/2246
f 2270/2270/2270 2183/2183/2183 2269/2269/2269
f 2296/2296/2296 2297/2297/2297 2233/2233/2233
f 2243/2243/2243 2236/2236/2236 2235/2235/2235
f 2302/2302/2302 2245/2245/2245 2243/2243/2243
f 2313/2313/2313 2246/2246/2246 2244/2244/2244
f 2388/2388/2388 2314/2314/2314 2315/2315/2315
f 2320/2320/2320 2317/2317/2317 2318/2318/2318
f 2315/2315/2315 2320/2320/2320 2319/2319/2319
f 2325/2325/2325 2323/2323/2323 2324/2324/2324
f 2327/2327/2327 2326/2326/2326 2325/2325/2325
f 2323/2323/2323 2328/2328/2328 2329/2329/2329
f 2330/2330/2330 2320/2320/2320 2314/2314/2314
f 2331/2331/2331 2332/2332/2332 2317/2317/2317
f 2321/2321/2321 2334/2334/2334 2335/2335/2335
f 2330/2330/2330 2337/2337/2337 2331/2331/2331
f 2331/2331/2331 2338/2338/2338 2333/2333/2333
f 2333/2333/2333 2339/2339/2339 2334/2334/2334
f 2334/2334/2334 2340/2340/2340 2336/2336/2336
f 2342/2342/2342 2341/2341/2341 2337/2337/2337
f 2337/2337/2337 2343/2343/2343 2338/2338/2338
f 2338/2338/2338 2344/2344/2344 2339/2339/2339
f 2339/2339/2339 2345/2345/2345 2340/2340/2340
f 2347/2347/2347 2346/2346/2346 2341/2341/2341
f 2341/2341/2341 2348/2348/2348 2343/2343/2343
f 2343/2343/2343 2349/2349/2349 2344/2344/2344
f 2344/2344/2344 2350/2350/2350 2345/2345/2345
f 2352/2352/2352 2351/2351/2351 2346/2346/2346
f 2346/2346/2346 2353/2353/2353 2348/2348/2348
f 2348/2348/2348 2354/2354/2354 2349/2349/2349
f 2349/2349/2349 2355/2355/2355 2350/2350/2350
f 2357/2357/2357 2356/2356/2356 2351/2351/2351
f 2351/2351/2351 2358/2358/2358 2353/2353/2353
f 2353/2353/2353 2359/2359/2359 2354/2354/2354
f 2354/2354/2354 2360/2360/2360 2355/2355/2355
f 2362/2362/2362 2361/2361/2361 2356/2356/2356
f 2356/2356/2356 2363/2363/2363 2358/2358/2358
f 2358/2358/2358 2364/2364/2364 2359/2359/2359
f 2359/2359/2359 2365/2365/2365 2360/2360/2360
f 2367/2367/2367 2366/2366/2366 2361/2361/2361
f 2361/2361/2361 2368/2368/2368 2363/2363/2363
f 2363/2363/2363 2369/2369/2369 2364/2364/2364
f 2364/2364/2364 2370/2370/2370 2365/2365/2365
f 2372/2372/2372 2371/2371/2371 2366/2366/2366
f 2366/2366/2366 2373/2373/2373 2368/2368/2368
f 2368/2368/2368 2374/2374/2374 2369/2369/2369
f 2369/2369/2369 2375/2375/2375 2370/2370/2370
f 2377/2377/2377 2376/2376/2376 2371/2371/2371
f 2371/2371/2371 2378/2378/2378 2373/2373/2373
f 2373/2373/2373 2379/2379/2379 2374/2374/2374
f 2374/2374/2374 2380/2380/2380 2375/2375/2375
f 2382/2382/2382 2381/2381/2381 2376/2376/2376
f 2376/2376/2376 2383/2383/2383 2378/2378/2378
f 2378/2378/2378 2384/2384/2384 2379/2379/2379
f 2379/2379/2379 2385/2385/2385 2380/2380/2380
f 2392/2392/2392 2330/2330/2330 2314/2314/2314
f 2391/2391/2391 2327/2327/2327 2402/2402/2402
f 2322/2322/2322 2335/2335/2335 2327/2327/2327
f 2446/2446/2446 2384/2384/2384 2383/2383/2383
f 2454/2454/2454 2464/2464/2464 2465/2465/2465
f 2470/2470/2470 2471/2471/2471 2465/2465/2465
f 2484/2484/2484 2483/2483/2483 2469/2469/2469
f 2489/2489/2489 2486/2486/2486 2473/2473/2473
f 2491/2491/2491 2492/2492/2492 2490/2490/2490
f 2494/2494/2494 2495/2495/2495 2493/2493/2493
f 2496/2496/2496 2490/2490/2490 2495/2495/2495
f 2498/2498/2498 2499/2499/2499 2497/2497/2497
f 2500/2500/2500 2493/2493/2493 2499/2499/2499
f 2502/2502/2502 2497/2497/2497 2501/2501/2501
f 2503/2503/2503 2506/2506/2506 2504/2504/2504
f 2504/2504/2504 2507/2507/2507 2505/2505/2505
f 2509/2509/2509 2508/2508/2508 2506/2506/2506
f 2506/2506/2506 2510/2510/2510 2507/2507/2507
f 2512/2512/2512 2511/2511/2511 2508/2508/2508
f 2508/2508/2508 2513/2513/2513 2510/2510/2510
f 2511/2511/2511 2515/2515/2515 2514/2514/2514
f 2511/2511/2511 2516/2516/2516 2513/2513/2513
f 2515/2515/2515 2517/2517/2517 2514/2514/2514
f 2514/2514/2514 2518/2518/2518 2516/2516/2516
f 2526/2526/2526 2525/2525/2525 2522/2522/2522
f 2519/2519/2519 2527/2527/2527 2520/2520/2520
f 2522/2522/2522 2528/2528/2528 2519/2519/2519
f 2523/2523/2523 2529/2529/2529 2524/2524/2524
f 2520/2520/2520 2530/2530/2530 2523/2523/2523
f 2524/2524/2524 2531/2531/2531 2532/2532/2532
f 2538/2538/2538 2500/2500/2500 2545/2545/2545
f 2545/2545/2545 2502/2502/2502 2546/2546/2546
f 2566/2566/2566 2530/2530/2530 2527/2527/2527
f 2572/2572/2572 2531/2531/2531 2529/2529/2529
f 2577/2577/2577 2578/2578/2578 2576/2576/2576
f 2580/2580/2580 2581/2581/2581 2579/2579/2579
f 2582/2582/2582 2576/2576/2576 2581/2581/2581
f 2585/2585/2585 2583/2583/2583 2584/2584/2584
f 2580/2580/2580 2586/2586/2586 2585/2585/2585
f 2589/2589/2589 2587/2587/2587 2588/2588/2588
f 2584/2584/2584 2590/2590/2590 2589/2589/2589
f 2592/2592/2592 2586/2586/2586 2579/2579/2579
f 2592/2592/2592 2596/2596/2596 2595/2595/2595
f 2592/2592/2592 2597/2597/2597 2593/2593/2593
f 2593/2593/2593 2598/2598/2598 2594/2594/2594
f 2595/2595/2595 2600/2600/2600 2599/2599/2599
f 2595/2595/2595 2601/2601/2601 2597/2597/2597
f 2597/2597/2597 2602/2602/2602 2598/2598/2598
f 2599/2599/2599 2604/2604/2604 2603/2603/2603
f 2599/2599/2599 2605/2605/2605 2601/2601/2601
f 2601/2601/2601 2606/2606/2606 2602/2602/2602
f 2603/2603/2603 2608/2608/2608 2607/2607/2607
f 2603/2603/2603 2609/2609/2609 2605/2605/2605
f 2605/2605/2605 2610/2610/2610 2606/2606/2606
f 2607/2607/2607 2612/2612/2612 2611/2611/2611
f 2607/2607/2607 2613/2613/2613 2609/2609/2609
f 2609/2609/2609 2614/2614/2614 2610/2610/2610
f 2611/2611/2611 2616/2616/2616 2615/2615/2615
f 2611/2611/2611 2617/2617/2617 2613/2613/2613
f 2613/2613/2613 2618/2618/2618 2614/2614/2614
f 2616/2616/2616 2619/2619/2619 2615/2615/2615
f 2615/2615/2615 2620/2620/2620 2617/2617/2617
f 2617/2617/2617 2621/2621/2621 2618/2618/2618
f 2623/2623/2623 2622/2622/2622 2619/2619/2619
f 2619/2619/2619 2624/2624/2624 2620/2620/2620
f 2620/2620/2620 2625/2625/2625 2621/2621/2621
f 2626/2626/2626 2628/2628/2628 2629/2629/2629
f 2635/2635/2635 2634/2634/2634 2629/2629/2629
f 2626/2626/2626 2636/2636/2636 2627/2627/2627
f 2629/2629/2629 2637/2637/2637 2626/2626/2626
f 2630/2630/2630 2638/2638/2638 2631/2631/2631
f 2627/2627/2627 2639/2639/2639 2630/2630/2630
f 2632/2632/2632 2640/2640/2640 2633/2633/2633
f 2631/2631/2631 2641/2641/2641 2632/2632/2632
f 2633/2633/2633 2642/2642/2642 2643/2643/2643
f 2644/2644/2644 2649/2649/2649 2645/2645/2645
f 2580/2580/2580 2649/2649/2649 2582/2582/2582
f 2648/2648/2648 2591/2591/2591 2576/2576/2576
f 2584/2584/2584 2658/2658/2658 2657/2657/2657
f 2678/2678/2678 2680/2680/2680 2634/2634/2634
f 2680/2680/2680 2636/2636/2636 2637/2637/2637
f 2638/2638/2638 2688/2688/2688 2641/2641/2641
f 2642/2642/2642 2688/2688/2688 2690/2690/2690
f 2691/2691/2691 2697/2697/2697 2698/2698/2698
f 2698/2698/2698 2699/2699/2699 2700/2700/2700
f 2704/2704/2704 2699/2699/2699 2697/2697/2697
f 2710/2710/2710 2700/2700/2700 2712/2712/2712
f 2704/2704/2704 2719/2719/2719 2705/2705/2705
f 2739/2739/2739 2740/2740/2740 2741/2741/2741
f 2739/2739/2739 2748/2748/2748 2740/2740/2740
f 2741/2741/2741 2756/2756/2756 2754/2754/2754
f 2778/2778/2778 2775/2775/2775 2773/2773/2773
f 2802/2802/2802 2797/2797/2797 2799/2799/2799
f 2797/2797/2797 2803/2803/2803 2804/2804/2804
f 2803/2803/2803 2778/2778/2778 2806/2806/2806
f 2819/2819/2819 2823/2823/2823 2826/2826/2826
f 2825/2825/2825 2832/2832/2832 2835/2835/2835
f 2832/2832/2832 2802/2802/2802 2837/2837/2837
f 2848/2848/2848 2845/2845/2845 2847/2847/2847
f 2897/2897/2897 2898/2898/2898 2899/2899/2899
f 2902/2902/2902 2901/2901/2901 2903/2903/2903
f 2915/2915/2915 2899/2899/2899 2916/2916/2916
f 2918/2918/2918 2897/2897/2897 2917/2917/2917
f 2945/2945/2945 2941/2941/2941 2935/2935/2935
f 2946/2946/2946 2937/2937/2937 2933/2933/2933
f 2944/2944/2944 2952/2952/2952 2940/2940/2940
f 2960/2960/2960 2945/2945/2945 2946/2946/2946
f 2964/2964/2964 2966/2966/2966 2899/2899/2899
f 2966/2966/2966 2967/2967/2967 2969/2969/2969
f 2899/2899/2899 2970/2970/2970 2916/2916/2916
f 2961/2961/2961 2982/2982/2982 2968/2968/2968
f 2963/2963/2963 2989/2989/2989 2984/2984/2984
f 2962/2962/2962 2994/2994/2994 2995/2995/2995
f 3006/3006/3006 3007/3007/3007 3005/3005/3005
f 3015/3015/3015 2946/2946/2946 2933/2933/2933
f 3012/3012/3012 3019/3019/3019 3011/3011/3011
f 2991/2991/2991 2960/2960/2960 2946/2946/2946
f 2910/2910/2910 3023/3023/3023 3024/3024/3024
f 2923/2923/2923 3029/3029/3029 3026/3026/3026
f 3030/3030/3030 2928/2928/2928 3032/3032/3032
f 2900/2900/2900 2904/2904/2904 3033/3033/3033
f 2979/2979/2979 3036/3036/3036 2974/2974/2974
f 2985/2985/2985 2988/2988/2988 3038/3038/3038
f 3042/3042/3042 3040/3040/3040 2984/2984/2984
f 2958/2958/2958 2959/2959/2959 3045/3045/3045
f 3045/3045/3045 2900/2900/2900 3033/3033/3033
f 2954/2954/2954 3052/3052/3052 2951/2951/2951
f 3053/3053/3053 2938/2938/2938 3050/3050/3050
f 3055/3055/3055 2929/2929/2929 2931/2931/2931
f 2959/2959/2959 2898/2898/2898 2900/2900/2900
f 3061/3061/3061 2992/2992/2992 2995/2995/2995
f 3064/3064/3064 3008/3008/3008 3010/3010/3010
f 3068/3068/3068 2998/2998/2998 3004/3004/3004
f 3080/3080/3080 3078/3078/3078 3079/3079/3079
f 3189/3189/3189 3086/3086/3086 3087/3087/3087
f 3172/3172/3172 3092/3092/3092 3093/3093/3093
f 3107/3107/3107 3088/3088/3088 3098/3098/3098
f 3104/3104/3104 3103/3103/3103 3102/3102/3102
f 3123/3123/3123 3106/3106/3106 3089/3089/3089
f 3117/3117/3117 3115/3115/3115 3116/3116/3116
f 3119/3119/3119 3116/3116/3116 3118/3118/3118
f 3120/3120/3120 3113/3113/3113 3115/3115/3115
f 3119/3119/3119 3118/3118/3118 3121/3121/3121
f 3130/3130/3130 3129/3129/3129 3128/3128/3128
f 3134/3134/3134 3130/3130/3130 3124/3124/3124
f 3142/3142/3142 3132/3132/3132 3129/3129/3129
f 3140/3140/3140 3138/3138/3138 3139/3139/3139
f 3141/3141/3141 3140/3140/3140 3137/3137/3137
f 3144/3144/3144 3148/3148/3148 3145/3145/3145
f 3139/3139/3139 3138/3138/3138 3148/3148/3148
f 3122/3122/3122 3152/3152/3152 3151/3151/3151
f 3161/3161/3161 3159/3159/3159 3153/3153/3153
f 3167/3167/3167 3093/3093/3093 3159/3159/3159
f 3173/3173/3173 3166/3166/3166 3092/3092/3092
f 3141/3141/3141 3183/3183/3183 3150/3150/3150
f 3188/3188/3188 3187/3187/3187 3178/3178/3178
f 3190/3190/3190 3188/3188/3188 3174/3174/3174
f 3197/3197/3197 3195/3195/3195 3196/3196/3196
f 3200/3200/3200 3198/3198/3198 3199/3199/3199
f 3196/3196/3196 3195/3195/3195 3201/3201/3201
f 3205/3205/3205 3202/3202/3202 3203/3203/3203
f 4964/4964/4964 3199/3199/3199 3198/3198/3198
f 3214/3214/3214 3215/3215/3215 3213/3213/3213
f 3215/3215/3215 3207/3207/3207 3213/3213/3213
f 3218/3218/3218 3216/3216/3216 3217/3217/3217
f 3221/3221/3221 3219/3219/3219 3220/3220/3220
f 3216/3216/3216 3219/3219/3219 3222/3222/3222
f 3225/3225/3225 3223/3223/3223 3224/3224/3224
f 3227/3227/3227 3228/3228/3228 3226/3226/3226
f 3226/3226/3226 3225/3225/3225 3224/3224/3224
f 3223/3223/3223 3221/3221/3221 3220/3220/3220
f 3249/3249/3249 3231/3231/3231 3229/3229/3229
f 3234/3234/3234 3232/3232/3232 3233/3233/3233
f 3230/3230/3230 3229/3229/3229 3235/3235/3235
f 3246/3246/3246 3241/3241/3241 3237/3237/3237
f 3244/3244/3244 3242/3242/3242 3243/3243/3243
f 3245/3245/3245 3237/3237/3237 3242/3242/3242
f 3233/3233/3233 3240/3240/3240 3247/3247/3247
f 3249/3249/3249 3227/3227/3227 3231/3231/3231
f 3218/3218/3218 3214/3214/3214 3250/3250/3250
f 3251/3251/3251 3244/3244/3244 3243/3243/3243
f 3253/3253/3253 3251/3251/3251 3252/3252/3252
f 3255/3255/3255 3256/3256/3256 3254/3254/3254
f 3253/3253/3253 3256/3256/3256 3257/3257/3257
f 3260/3260/3260 3261/3261/3261 3258/3258/3258
f 3254/3254/3254 3261/3261/3261 3262/3262/3262
f 4970/4970/4970 3269/3269/3269 3270/3270/3270
f 3269/3269/3269 3272/3272/3272 3265/3265/3265
f 3276/3276/3276 3274/3274/3274 3275/3275/3275
f 3279/3279/3279 3277/3277/3277 3278/3278/3278
f 4972/4972/4972 3276/3276/3276 3275/3275/3275
f 4973/4973/4973 3280/3280/3280 3281/3281/3281
f 3288/3288/3288 3285/3285/3285 3287/3287/3287
f 4975/4975/4975 3283/3283/3283 3281/3281/3281
f 3280/3280/3280 3279/3279/3279 3278/3278/3278
f 4977/4977/4977 3289/3289/3289 3290/3290/3290
f 3295/3295/3295 3292/3292/3292 3293/3293/3293
f 3291/3291/3291 3292/3292/3292 3295/3295/3295
f 4979/4979/4979 3296/3296/3296 3299/3299/3299
f 3304/3304/3304 3302/3302/3302 3303/3303/3303
f 3302/3302/3302 3300/3300/3300 3299/3299/3299
f 3297/3297/3297 3294/3294/3294 3293/3293/3293
f 3289/3289/3289 3288/3288/3288 3287/3287/3287
f 3274/3274/3274 3271/3271/3271 3270/3270/3270
f 3309/3309/3309 3310/3310/3310 3308/3308/3308
f 4982/4982/4982 3312/3312/3312 3309/3309/3309
f 4984/4984/4984 3316/3316/3316 3313/3313/3313
f 3317/3317/3317 3311/3311/3311 3313/3313/3313
f 3321/3321/3321 3322/3322/3322 3320/3320/3320
f 3322/3322/3322 3318/3318/3318 3320/3320/3320
f 4989/4989/4989 3324/3324/3324 3328/3328/3328
f 3338/3338/3338 3333/3333/3333 3331/3331/3331
f 3335/3335/3335 3336/3336/3336 3334/3334/3334
f 3337/3337/3337 3331/3331/3331 3336/3336/3336
f 3330/3330/3330 3333/3333/3333 3338/3338/3338
f 3335/3335/3335 3339/3339/3339 3343/3343/3343
f 3348/3348/3348 3340/3340/3340 3347/3347/3347
f 3350/3350/3350 3347/3347/3347 3349/3349/3349
f 3352/3352/3352 3353/3353/3353 3351/3351/3351
f 3356/3356/3356 3352/3352/3352 3354/3354/3354
f 3350/3350/3350 3351/3351/3351 3353/3353/3353
f 3361/3361/3361 3362/3362/3362 3360/3360/3360
f 3362/3362/3362 3357/3357/3357 3360/3360/3360
f 3354/3354/3354 3365/3365/3365 3366/3366/3366
f 3369/3369/3369 3370/3370/3370 3367/3367/3367
f 4994/4994/4994 3369/3369/3369 3371/3371/3371
f 3375/3375/3375 3373/3373/3373 3374/3374/3374
f 3374/3374/3374 3376/3376/3376 3378/3378/3378
f 3375/3375/3375 3371/3371/3371 3380/3380/3380
f 4993/4993/4993 3363/3363/3363 3368/3368/3368
f 3394/3394/3394 3391/3391/3391 3392/3392/3392
f 3393/3393/3393 3395/3395/3395 3390/3390/3390
f 3390/3390/3390 3398/3398/3398 3387/3387/3387
f 3417/3417/3417 3387/3387/3387 3398/3398/3398
f 3469/3469/3469 3429/3429/3429 3430/3430/3430
f 3449/3449/3449 3435/3435/3435 3436/3436/3436
f 3457/3457/3457 3440/3440/3440 3438/3438/3438
f 3445/3445/3445 3443/3443/3443 3444/3444/3444
f 3443/3443/3443 3447/3447/3447 3446/3446/3446
f 3458/3458/3458 3453/3453/3453 3435/3435/3435
f 3439/3439/3439 3456/3456/3456 3428/3428/3428
f 3429/3429/3429 3466/3466/3466 3465/3465/3465
f 3468/3468/3468 3467/3467/3467 3465/3465/3465
f 3474/3474/3474 3471/3471/3471 3472/3472/3472
f 3479/3479/3479 3478/3478/3478 3477/3477/3477
f 3476/3476/3476 3484/3484/3484 3485/3485/3485
f 3479/3479/3479 3483/3483/3483 3486/3486/3486
f 3489/3489/3489 3490/3490/3490 3478/3478/3478
f 3482/3482/3482 3491/3491/3491 3441/3441/3441
f 4997/4997/4997 3478/3478/3478 3490/3490/3490
f 4999/4999/4999 3506/3506/3506 3507/3507/3507
f 5000/5000/5000 3510/3510/3510 3511/3511/3511
f 3511/3511/3511 3513/3513/3513 3512/3512/3512
f 3516/3516/3516 3514/3514/3514 3515/3515/3515
f 3515/3515/3515 3517/3517/3517 3516/3516/3516
f 3526/3526/3526 3529/3529/3529 3524/3524/3524
f 3530/3530/3530 3531/3531/3531 3525/3525/3525
f 3534/3534/3534 3535/3535/3535 3533/3533/3533
f 3536/3536/3536 3533/3533/3533 3535/3535/3535
f 3540/3540/3540 3537/3537/3537 3538/3538/3538
f 3541/3541/3541 3539/3539/3539 3542/3542/3542
f 3559/3559/3559 3557/3557/3557 3558/3558/3558
f 3560/3560/3560 3561/3561/3561 3562/3562/3562
f 3565/3565/3565 3563/3563/3563 3564/3564/3564
f 3571/3571/3571 3567/3567/3567 3570/3570/3570
f 3573/3573/3573 3571/3571/3571 3570/3570/3570
f 3574/3574/3574 3575/3575/3575 3573/3573/3573
f 5006/5006/5006 3574/3574/3574 3576/3576/3576
f 3564/3564/3564 3576/3576/3576 3565/3565/3565
f 3582/3582/3582 3580/3580/3580 3581/3581/3581
f 3586/3586/3586 3587/3587/3587 3585/3585/3585
f 3589/3589/3589 3590/3590/3590 3588/3588/3588
f 3595/3595/3595 3593/3593/3593 3591/3591/3591
f 3594/3594/3594 3595/3595/3595 3592/3592/3592
f 5007/5007/5007 3599/3599/3599 3596/3596/3596
f 3599/3599/3599 3600/3600/3600 3594/3594/3594
f 3602/3602/3602 3601/3601/3601 3604/3604/3604
f 3626/3626/3626 3627/3627/3627 3625/3625/3625
f 3625/3625/3625 3629/3629/3629 3628/3628/3628
f 3639/3639/3639 3638/3638/3638 3637/3637/3637
f 3643/3643/3643 3644/3644/3644 3645/3645/3645
f 3644/3644/3644 3646/3646/3646 3645/3645/3645
f 3639/3639/3639 3649/3649/3649 3648/3648/3648
f 3653/3653/3653 3651/3651/3651 3652/3652/3652
f 3656/3656/3656 3655/3655/3655 3654/3654/3654
f 3652/3652/3652 3659/3659/3659 3653/3653/3653
f 3662/3662/3662 3633/3633/3633 3665/3665/3665
f 3664/3664/3664 3669/3669/3669 3667/3667/3667
f 3672/3672/3672 3671/3671/3671 3666/3666/3666
f 3673/3673/3673 3671/3671/3671 3674/3674/3674
f 3676/3676/3676 3675/3675/3675 3659/3659/3659
f 3677/3677/3677 3678/3678/3678 3675/3675/3675
f 3681/3681/3681 3679/3679/3679 3680/3680/3680
f 3657/3657/3657 3683/3683/3683 3685/3685/3685
f 3680/3680/3680 3686/3686/3686 3681/3681/3681
f 3688/3688/3688 3686/3686/3686 3687/3687/3687
f 3691/3691/3691 3692/3692/3692 3693/3693/3693
f 3694/3694/3694 3689/3689/3689 3692/3692/3692
f 3695/3695/3695 3698/3698/3698 3697/3697/3697
f 3703/3703/3703 3704/3704/3704 3701/3701/3701
f 3706/3706/3706 3699/3699/3699 3705/3705/3705
f 3708/3708/3708 3703/3703/3703 3702/3702/3702
f 5013/5013/5013 3709/3709/3709 3710/3710/3710
f 3716/3716/3716 3717/3717/3717 3715/3715/3715
f 3720/3720/3720 3718/3718/3718 3719/3719/3719
f 3724/3724/3724 3722/3722/3722 3723/3723/3723
f 3740/3740/3740 3738/3738/3738 3739/3739/3739
f 3756/3756/3756 3748/3748/3748 3744/3744/3744
f 3787/3787/3787 3769/3769/3769 3776/3776/3776
f 3785/3785/3785 3794/3794/3794 3790/3790/3790
f 3801/3801/3801 3795/3795/3795 3800/3800/3800
f 3809/3809/3809 3808/3808/3808 3807/3807/3807
f 3817/3817/3817 3816/3816/3816 3811/3811/3811
f 3823/3823/3823 3827/3827/3827 3825/3825/3825
f 3849/3849/3849 3838/3838/3838 3830/3830/3830
f 3865/3865/3865 3870/3870/3870 3868/3868/3868
f 3871/3871/3871 3872/3872/3872 3873/3873/3873
f 3904/3904/3904 3890/3890/3890 3879/3879/3879
f 3894/3894/3894 3897/3897/3897 3908/3908/3908
f 3939/3939/3939 3947/3947/3947 3946/3946/3946
f 3958/3958/3958 3957/3957/3957 3962/3962/3962
f 3972/3972/3972 3971/3971/3971 3970/3970/3970
f 3976/3976/3976 3974/3974/3974 3975/3975/3975
f 3989/3989/3989 3978/3978/3978 3979/3979/3979
f 3980/3980/3980 3977/3977/3977 3979/3979/3979
f 3986/3986/3986 3985/3985/3985 3983/3983/3983
f 3986/3986/3986 3982/3982/3982 3985/3985/3985
f 3984/3984/3984 3983/3983/3983 3987/3987/3987
f 3991/3991/3991 3990/3990/3990 3988/3988/3988
f 3997/3997/3997 3992/3992/3992 3990/3990/3990
f 3998/3998/3998 3995/3995/3995 3992/3992/3992
f 4008/4008/4008 4006/4006/4006 4007/4007/4007
f 4021/4021/4021 4012/4012/4012 4013/4013/4013
f 4017/4017/4017 4015/4015/4015 4016/4016/4016
f 4019/4019/4019 4016/4016/4016 4018/4018/4018
f 4014/4014/4014 4013/4013/4013 4015/4015/4015
f 4021/4021/4021 4007/4007/4007 4012/4012/4012
f 4022/4022/4022 4019/4019/4019 4018/4018/4018
f 4024/4024/4024 4022/4022/4022 4023/4023/4023
f 4027/4027/4027 4025/4025/4025 4026/4026/4026
f 4028/4028/4028 4023/4023/4023 4025/4025/4025
f 4033/4033/4033 4029/4029/4029 4031/4031/4031
f 4033/4033/4033 4026/4026/4026 4029/4029/4029
f 5027/5027/5027 4035/4035/4035 4036/4036/4036
f 5032/5032/5032 4040/4040/4040 4038/4038/4038
f 4064/4064/4064 4074/4074/4074 4073/4073/4073
f 4077/4077/4077 4075/4075/4075 4076/4076/4076
f 4079/4079/4079 4078/4078/4078 4075/4075/4075
f 4100/4100/4100 4093/4093/4093 4094/4094/4094
f 4102/4102/4102 4098/4098/4098 4099/4099/4099
f 4105/4105/4105 4102/4102/4102 4097/4097/4097
f 4107/4107/4107 4105/4105/4105 4106/4106/4106
f 4101/4101/4101 4099/4099/4099 4098/4098/4098
f 4110/4110/4110 4109/4109/4109 4108/4108/4108
f 4111/4111/4111 4112/4112/4112 4109/4109/4109
f 4116/4116/4116 4117/4117/4117 4115/4115/4115
f 4118/4118/4118 4119/4119/4119 4116/4116/4116
f 4124/4124/4124 4120/4120/4120 4122/4122/4122
f 4127/4127/4127 4125/4125/4125 4126/4126/4126
f 4131/4131/4131 4129/4129/4129 4130/4130/4130
f 4135/4135/4135 4132/4132/4132 4134/4134/4134
f 4139/4139/4139 4137/4137/4137 4138/4138/4138
f 5040/5040/5040 4143/4143/4143 4144/4144/4144
f 4148/4148/4148 4146/4146/4146 4147/4147/4147
f 4150/4150/4150 4147/4147/4147 4149/4149/4149
f 4153/4153/4153 4151/4151/4151 4152/4152/4152
f 4149/4149/4149 4151/4151/4151 4154/4154/4154
f 4157/4157/4157 4155/4155/4155 4156/4156/4156
f 4159/4159/4159 4160/4160/4160 4158/4158/4158
f 4172/4172/4172 4168/4168/4168 4170/4170/4170
f 4176/4176/4176 4174/4174/4174 4175/4175/4175
f 5048/5048/5048 4180/4180/4180 4178/4178/4178
f 4194/4194/4194 4195/4195/4195 4193/4193/4193
f 4204/4204/4204 4205/4205/4205 4206/4206/4206
f 4213/4213/4213 4212/4212/4212 4207/4207/4207
f 4222/4222/4222 4221/4221/4221 4219/4219/4219
f 4220/4220/4220 4219/4219/4219 4212/4212/4212
f 5051/5051/5051 4223/4223/4223 4224/4224/4224
f 5053/5053/5053 4229/4229/4229 4226/4226/4226
f 4246/4246/4246 4244/4244/4244 4245/4245/4245
f 4251/4251/4251 4248/4248/4248 4249/4249/4249
f 4253/4253/4253 4254/4254/4254 4252/4252/4252
f 4261/4261/4261 4262/4262/4262 4260/4260/4260
f 4265/4265/4265 4263/4263/4263 4264/4264/4264
f 4267/4267/4267 4264/4264/4264 4266/4266/4266
f 4274/4274/4274 4276/4276/4276 4277/4277/4277
f 4280/4280/4280 4278/4278/4278 4274/4274/4274
f 4282/4282/4282 4284/4284/4284 4285/4285/4285
f 4292/4292/4292 4289/4289/4289 4290/4290/4290
f 4295/4295/4295 4293/4293/4293 4289/4289/4289
f 4300/4300/4300 4299/4299/4299 4297/4297/4297
f 4314/4314/4314 4312/4312/4312 4313/4313/4313
f 4315/4315/4315 4316/4316/4316 4314/4314/4314
f 4318/4318/4318 4315/4315/4315 4317/4317/4317
f 4312/4312/4312 4319/4319/4319 4313/4313/4313
f 5065/5065/5065 4328/4328/4328 4326/4326/4326
f 5067/5067/5067 4332/4332/4332 4333/4333/4333
f 4335/4335/4335 4336/4336/4336 4337/4337/4337
f 4341/4341/4341 4339/4339/4339 4340/4340/4340
f 4352/4352/4352 4350/4350/4350 4351/4351/4351
f 4351/4351/4351 4353/4353/4353 4352/4352/4352
f 4358/4358/4358 4354/4354/4354 4356/4356/4356
f 5078/5078/5078 4360/4360/4360 4357/4357/4357
f 4368/4368/4368 4365/4365/4365 4362/4362/4362
f 4366/4366/4366 4368/4368/4368 4363/4363/4363
f 4370/4370/4370 4371/4371/4371 4369/4369/4369
f 4372/4372/4372 4369/4369/4369 4371/4371/4371
f 4375/4375/4375 4373/4373/4373 4374/4374/4374
f 4378/4378/4378 4377/4377/4377 4376/4376/4376
f 4382/4382/4382 4378/4378/4378 4380/4380/4380
f 4843/4843/4843 4417/4417/4417 4418/4418/4418
f 4418/4418/4418 4422/4422/4422 4423/4423/4423
f 4436/4436/4436 4434/4434/4434 4435/4435/4435
f 4451/4451/4451 4438/4438/4438 4439/4439/4439
f 4741/4741/4741 4443/4443/4443 4444/4444/4444
f 4438/4438/4438 4450/4450/4450 4448/4448/4448
f 5089/5089/5089 4452/4452/4452 4453/4453/4453
f 4736/4736/4736 4455/4455/4455 4452/4452/4452
f 5088/5088/5088 4457/4457/4457 4454/4454/4454
f 4428/4428/4428 4461/4461/4461 4462/4462/4462
f 4465/4465/4465 4464/4464/4464 4462/4462/4462
f 4467/4467/4467 4428/4428/4428 4463/4463/4463
f 4470/4470/4470 4468/4468/4468 4437/4437/4437
f 4474/4474/4474 4473/4473/4473 4471/4471/4471
f 4479/4479/4479 4477/4477/4477 4405/4405/4405
f 4479/4479/4479 4391/4391/4391 4390/4390/4390
f 4489/4489/4489 4481/4481/4481 4482/4482/4482
f 4486/4486/4486 4484/4484/4484 4485/4485/4485
f 4470/4470/4470 4485/4485/4485 4468/4468/4468
f 4490/4490/4490 4484/4484/4484 4491/4491/4491
f 5092/5092/5092 4492/4492/4492 4493/4493/4493
f 4496/4496/4496 4495/4495/4495 4492/4492/4492
f 4502/4502/4502 4500/4500/4500 4501/4501/4501
f 4514/4514/4514 4376/4376/4376 4375/4375/4375
f 4519/4519/4519 4517/4517/4517 4515/4515/4515
f 4523/4523/4523 4521/4521/4521 4518/4518/4518
f 4530/4530/4530 4527/4527/4527 4528/4528/4528
f 4523/4523/4523 4531/4531/4531 4528/4528/4528
f 4535/4535/4535 4534/4534/4534 4532/4532/4532
f 4537/4537/4537 4539/4539/4539 4524/4524/4524
f 4539/4539/4539 4525/4525/4525 4524/4524/4524
f 4545/4545/4545 4542/4542/4542 4543/4543/4543
f 4535/4535/4535 4541/4541/4541 4543/4543/4543
f 4545/4545/4545 4546/4546/4546 4547/4547/4547
f 4555/4555/4555 4552/4552/4552 4553/4553/4553
f 4549/4549/4549 4556/4556/4556 4553/4553/4553
f 4560/4560/4560 4551/4551/4551 4550/4550/4550
f 4539/4539/4539 4502/4502/4502 4540/4540/4540
f 4574/4574/4574 4375/4375/4375 4374/4374/4374
f 4579/4579/4579 4581/4581/4581 4582/4582/4582
f 4634/4634/4634 4561/4561/4561 4564/4564/4564
f 4822/4822/4822 4586/4586/4586 4587/4587/4587
f 4822/4822/4822 4589/4589/4589 4583/4583/4583
f 4593/4593/4593 4590/4590/4590 4591/4591/4591
f 4590/4590/4590 4593/4593/4593 4594/4594/4594
f 4598/4598/4598 4596/4596/4596 4597/4597/4597
f 4602/4602/4602 4600/4600/4600 4601/4601/4601
f 4591/4591/4591 4603/4603/4603 4592/4592/4592
f 4617/4617/4617 4604/4604/4604 4605/4605/4605
f 4611/4611/4611 4609/4609/4609 4610/4610/4610
f 4609/4609/4609 4606/4606/4606 4605/4605/4605
f 4617/4617/4617 4613/4613/4613 4612/4612/4612
f 4621/4621/4621 4620/4620/4620 4616/4616/4616
f 4620/4620/4620 4621/4621/4621 4619/4619/4619
f 4647/4647/4647 4627/4627/4627 4584/4584/4584
f 4583/4583/4583 4623/4623/4623 4625/4625/4625
f 4633/4633/4633 4632/4632/4632 4561/4561/4561
f 4645/4645/4645 4638/4638/4638 4639/4639/4639
f 4648/4648/4648 4637/4637/4637 4636/4636/4636
f 4667/4667/4667 4502/4502/4502 4501/4501/4501
f 4677/4677/4677 4632/4632/4632 4675/4675/4675
f 4682/4682/4682 4687/4687/4687 4691/4691/4691
f 4697/4697/4697 4700/4700/4700 4705/4705/4705
f 4694/4694/4694 4693/4693/4693 4704/4704/4704
f 4714/4714/4714 4713/4713/4713 4709/4709/4709
f 4520/4520/4520 4731/4731/4731 4730/4730/4730
f 4725/4725/4725 4723/4723/4723 4720/4720/4720
f 4540/4540/4540 4733/4733/4733 4526/4526/4526
f 4707/4707/4707 4724/4724/4724 4723/4723/4723
f 4735/4735/4735 4734/4734/4734 4540/4540/4540
f 4447/4447/4447 4446/4446/4446 4449/4449/4449
f 4750/4750/4750 4748/4748/4748 4746/4746/4746
f 4442/4442/4442 4441/4441/4441 4750/4750/4750
f 4773/4773/4773 4757/4757/4757 4755/4755/4755
f 4745/4745/4745 4758/4758/4758 4443/4443/4443
f 4461/4461/4461 4760/4760/4760 4738/4738/4738
f 4758/4758/4758 4765/4765/4765 4764/4764/4764
f 4779/4779/4779 4775/4775/4775 4778/4778/4778
f 4778/4778/4778 4780/4780/4780 4779/4779/4779
f 4784/4784/4784 4783/4783/4783 4786/4786/4786
f 4792/4792/4792 4789/4789/4789 4790/4790/4790
f 4791/4791/4791 4790/4790/4790 4785/4785/4785
f 4800/4800/4800 4796/4796/4796 4795/4795/4795
f 4799/4799/4799 4802/4802/4802 4803/4803/4803
f 4812/4812/4812 4810/4810/4810 4808/4808/4808
f 4813/4813/4813 4596/4596/4596 4814/4814/4814
f 4814/4814/4814 4601/4601/4601 4813/4813/4813
f 4815/4815/4815 4818/4818/4818 4817/4817/4817
f 4818/4818/4818 4819/4819/4819 4816/4816/4816
f 4504/4504/4504 4503/4503/4503 4842/4842/4842
f 4480/4480/4480 4390/4390/4390 4855/4855/4855
f 4860/4860/4860 4861/4861/4861 4857/4857/4857
f 4384/4384/4384 4870/4870/4870 4871/4871/4871
f 4875/4875/4875 4876/4876/4876 4877/4877/4877
f 4577/4577/4577 4879/4879/4879 4880/4880/4880
f 2459/2459/2459 2455/2455/2455 2454/2454/2454
f 2699/2699/2699 2694/2694/2694 2700/2700/2700
f 5011/5011/5011 5010/5010/5010 5009/5009/5009
f 5020/5020/5020 5018/5018/5018 5019/5019/5019
f 5029/5029/5029 5030/5030/5030 5028/5028/5028
f 5063/5063/5063 5060/5060/5060 5061/5061/5061
f 5073/5073/5073 5071/5071/5071 5068/5068/5068
f 5081/5081/5081 5084/5084/5084 5080/5080/5080
f 4466/4466/4466 4739/4739/4739 4457/4457/4457
f 5090/5090/5090 4610/4610/4610 4495/4495/4495
f 4499/4499/4499 4481/4481/4481 4489/4489/4489

